# https://github.com/mikedh/trimesh
v 0.00179028 -0.61055547 1.81002378
v 0.00552065 -0.60888648 1.80855060
v 0.00595055 -0.61019695 1.80841374
v 0.00193447 -0.61184251 1.80945456
v 0.01650668 -0.61511135 1.81550264
v 0.01476910 -0.61633825 1.81039619
v 0.01418028 -0.61901426 1.80930483
v 0.01488156 -0.62017667 1.81216180
v -0.01736774 -0.61807555 1.89895809
v -0.03012951 -0.62125564 1.90670609
v -0.03194365 -0.61333084 1.90952587
v -0.02345643 -0.60895312 1.90458763
v -0.01394008 -0.58005571 1.89948750
v -0.01570660 -0.58777338 1.89816689
v -0.02101790 -0.58608365 1.90982866
v -0.01416600 -0.57545114 1.90383470
v -0.04550030 -0.62677562 1.71682370
v -0.03688688 -0.62695307 1.71984076
v -0.03893574 -0.62042117 1.72072637
v -0.11153208 -0.61970901 1.84337139
v -0.11578031 -0.61887753 1.84402585
v -0.11714600 -0.61952072 1.84405744
v -0.11218967 -0.62092477 1.84312224
v -0.12088721 -0.62691748 1.85496283
v -0.12180409 -0.62828785 1.84988129
v -0.12222318 -0.62992120 1.84853876
v -0.12085535 -0.63165331 1.85073781
v -0.04695940 -0.62015593 1.71874738
v 0.03587053 -0.63949788 1.81041884
v 0.03617574 -0.63756758 1.81265974
v 0.03586064 -0.63541663 1.81195450
v 0.03542536 -0.63710642 1.81001472
v 0.03232593 -0.62276661 1.81889212
v 0.03182828 -0.62982678 1.81708765
v 0.03318171 -0.63263369 1.81606531
v 0.03332114 -0.63022995 1.81650662
v 0.03219710 -0.61187065 1.82102573
v 0.03100639 -0.61220306 1.82057393
v 0.03266520 -0.61733270 1.81959081
v 0.03382824 -0.61740196 1.82008743
v 0.01460202 -0.58416843 1.81447756
v 0.01726205 -0.58689278 1.81447601
v 0.01820688 -0.58561045 1.81648350
v 0.01360492 -0.58420503 1.81717491
v 0.01081611 -0.58577776 1.81822300
v 0.01581931 -0.58687586 1.82166409
v 0.01514308 -0.58998305 1.82127595
v 0.01113744 -0.58880091 1.81873286
v 0.02678346 -0.64184880 1.79466558
v 0.02704721 -0.63857383 1.79570901
v 0.02476467 -0.63672066 1.79441786
v 0.02428439 -0.63990843 1.79325628
v 0.01849374 -0.61724609 1.82252693
v 0.01678286 -0.61108649 1.82441974
v 0.02288992 -0.61665922 1.82288516
v 0.02347223 -0.61867923 1.82161593
v 0.02673061 -0.63585204 1.80652928
v 0.02859705 -0.63883179 1.80834615
v 0.02934940 -0.63694292 1.81068897
v 0.02747787 -0.63417715 1.80944300
v 0.03235937 -0.64182764 1.81150317
v 0.03299351 -0.63969320 1.81390023
v 0.01156112 -0.59187365 1.80792153
v 0.00993155 -0.59489477 1.80592537
v 0.01044629 -0.59684479 1.80634010
v 0.01148061 -0.59644997 1.80775690
v 0.01424311 -0.61332601 1.81259894
v 0.01493620 -0.61628604 1.80874622
v 0.02778343 -0.60055935 1.82203972
v 0.02732400 -0.60176694 1.82047105
v 0.02995079 -0.60677344 1.82117748
v 0.03038998 -0.60618079 1.82252216
v 0.02406467 -0.60296047 1.81844616
v 0.02672337 -0.60675681 1.81992114
v 0.02809690 -0.60812795 1.82097077
v 0.02681526 -0.60534984 1.82043850
v 0.02970850 -0.63848758 1.80374551
v 0.02660717 -0.63828909 1.79896355
v 0.02741895 -0.63792139 1.79893756
v 0.03060348 -0.63801360 1.80379975
v 0.02390511 -0.62945914 1.81587136
v 0.02207373 -0.63370585 1.81196976
v 0.02137769 -0.63307989 1.81236744
v 0.02326379 -0.62984413 1.81541622
v 0.03168566 -0.63875222 1.81110358
v 0.03234319 -0.63685125 1.81315899
v 0.03017534 -0.63511515 1.81291842
v 0.01453603 -0.62882888 1.79979372
v 0.01570783 -0.63017768 1.80010295
v 0.01622566 -0.62893903 1.80124235
v 0.01554498 -0.62730658 1.80137265
v 0.01836584 -0.58657849 1.82026505
v 0.01328705 -0.60025597 1.82393456
v 0.01531110 -0.60142815 1.82396305
v 0.01863280 -0.60629994 1.82371986
v 0.01741287 -0.60754085 1.82386065
v 0.00990413 -0.58497941 1.81301880
v 0.01283118 -0.58484221 1.81193042
v 0.01392124 -0.58416706 1.81334543
v 0.01113321 -0.58424258 1.81505775
v 0.01766367 -0.63336909 1.79778183
v 0.02043299 -0.63385272 1.79967701
v 0.01850341 -0.63261086 1.79999828
v 0.01662390 -0.63206017 1.79848254
v 0.03021370 -0.62718809 1.81674790
v 0.02851684 -0.63230968 1.81195068
v 0.02969049 -0.61637771 1.81603754
v 0.03010244 -0.61826271 1.81867981
v 0.02963160 -0.61375421 1.81940842
v -0.07117820 -0.62457430 1.90390861
v -0.05622003 -0.62417305 1.90954471
v -0.05810972 -0.61673832 1.91093922
v -0.07603896 -0.61725509 1.90572810
v 0.02924914 -0.61223519 1.81692886
v 0.02807872 -0.62319481 1.81263685
v 0.02914418 -0.62503719 1.81556022
v 0.03295812 -0.63441885 1.81196880
v 0.03344239 -0.62910128 1.81544518
v 0.03276719 -0.63537776 1.81256127
v 0.01924954 -0.63549870 1.80916321
v 0.02027896 -0.63931376 1.81125259
v 0.02055253 -0.63428742 1.81515884
v 0.02012825 -0.63396472 1.81149268
v 0.01083456 -0.60039157 1.80371308
v 0.01225979 -0.60269558 1.80364180
v 0.01167558 -0.60133725 1.80609202
v 0.01112736 -0.59943658 1.80819929
v 0.01887068 -0.60394096 1.82302952
v 0.01579989 -0.60014665 1.82378221
v 0.01616898 -0.59932053 1.82320547
v 0.01907141 -0.60162103 1.82284820
v 0.02309195 -0.63557309 1.80088484
v 0.02368717 -0.63173711 1.80386353
v 0.02183379 -0.63102126 1.80292892
v 0.01862578 -0.60064340 1.81117344
v 0.01975451 -0.60252517 1.81200242
v 0.02138660 -0.60068965 1.81485164
v 0.02031514 -0.59832913 1.81452155
v 0.02311839 -0.59218717 1.82151484
v 0.02111707 -0.59231913 1.82299697
v 0.01844070 -0.58913994 1.82168794
v 0.02081492 -0.58874267 1.82073271
v 0.01123939 -0.59819907 1.80791700
v 0.01052115 -0.59816802 1.80596185
v 0.02591486 -0.63061440 1.81674027
v 0.02444629 -0.63534343 1.81188703
v 0.02638314 -0.63204986 1.80807900
v 0.02703373 -0.62977624 1.81050146
v 0.01391138 -0.61335135 1.80258739
v 0.01181656 -0.61454117 1.80393481
v 0.01179054 -0.61388290 1.80428934
v 0.01453122 -0.61190033 1.80310738
v 0.01411874 -0.61270511 1.80143082
v 0.01468677 -0.61124396 1.80200219
v 0.01407249 -0.61056340 1.80114150
v 0.01364348 -0.61132330 1.80063319
v 0.01108791 -0.61500418 1.80443645
v 0.01129931 -0.61464620 1.80426729
v 0.01170568 -0.61516047 1.80416763
v 0.01838685 -0.62294888 1.81236303
v 0.02011425 -0.61636150 1.81771898
v 0.01812879 -0.61552680 1.81734085
v 0.01616014 -0.62182242 1.81293488
v 0.03112438 -0.62006420 1.81940341
v 0.02036954 -0.63492858 1.79129505
v 0.01882071 -0.63702798 1.79086113
v 0.02235771 -0.64192086 1.79227424
v 0.01492470 -0.60490251 1.81471133
v 0.01666113 -0.60442150 1.81111705
v 0.01497088 -0.60341370 1.80924916
v 0.01399128 -0.60394907 1.81350207
v 0.01171063 -0.60609686 1.80658817
v 0.00983443 -0.60304773 1.80807900
v 0.01335643 -0.60398442 1.80553412
v 0.01337865 -0.61825114 1.79852295
v 0.01282803 -0.61607331 1.80267549
v 0.01354996 -0.61415684 1.80204391
v 0.01362659 -0.61392212 1.80071902
v 0.03233024 -0.61198610 1.82228553
v 0.03415472 -0.61776191 1.82151937
v 0.03279437 -0.61849093 1.82327604
v 0.03130151 -0.61229122 1.82381821
v 0.00995312 -0.58762318 1.80959308
v 0.00781375 -0.58699965 1.81441236
v 0.00852359 -0.59058702 1.80680513
v 0.03343129 -0.64300096 1.80291986
v 0.02985613 -0.64540505 1.80332553
v 0.03095646 -0.64460552 1.80628467
v 0.03448619 -0.64217824 1.80571938
v 0.01245121 -0.62350804 1.80617416
v 0.01270848 -0.62149167 1.80676508
v 0.01249347 -0.62210959 1.80494571
v 0.01218752 -0.62396395 1.80405116
v 0.00391343 -0.61576152 1.87048352
v 0.00898087 -0.60480165 1.85238051
v 0.01490219 -0.61982334 1.85043776
v 0.01268316 -0.62719297 1.86624610
v 0.02367042 -0.59423065 1.81945956
v 0.02242922 -0.59109563 1.81834304
v 0.01390193 -0.62452269 1.79374635
v 0.01302576 -0.62571585 1.79148722
v 0.01395647 -0.63139623 1.79018545
v 0.01485976 -0.62825716 1.79134297
v 0.03426967 -0.63308346 1.81875372
v 0.03670077 -0.63141787 1.81687212
v 0.01670800 -0.63306886 1.79641759
v 0.02064602 -0.63725954 1.79686165
v 0.01857011 -0.63502717 1.79744422
v 0.01654000 -0.63278699 1.79685271
v 0.01646559 -0.62452751 1.79903305
v 0.01690605 -0.62549770 1.79808068
v 0.01505050 -0.62663817 1.79833472
v 0.01425916 -0.62543982 1.79927838
v 0.01206468 -0.62972432 1.78862548
v 0.01405024 -0.63564122 1.78939104
v 0.01161451 -0.59941918 1.82416725
v 0.01603324 -0.62454033 1.79602981
v 0.01654973 -0.62681425 1.79434216
v 0.01753994 -0.62696719 1.79681659
v -0.10252795 -0.59319538 1.89884973
v -0.09516406 -0.59958279 1.90169668
v -0.09671322 -0.59685671 1.90674973
v -0.10634386 -0.58914769 1.90027595
v 0.00844681 -0.59498322 1.80393291
v 0.00963412 -0.59724617 1.80483246
v 0.01585008 -0.63189483 1.79739952
v 0.01526995 -0.63073075 1.79818630
v 0.01391096 -0.62696570 1.79994369
v 0.01491393 -0.62574589 1.80209160
v 0.02394716 -0.62308621 1.80941892
v 0.02679367 -0.61594558 1.81449902
v 0.01528705 -0.61299855 1.83411098
v 0.00780715 -0.59383041 1.83006299
v 0.01388605 -0.62712049 1.79865599
v 0.01384453 -0.62746686 1.79872644
v 0.01334832 -0.62676334 1.79944634
v 0.01320149 -0.62618929 1.79956627
v 0.02111192 -0.58852518 1.81717002
v 0.02125008 -0.62760377 1.80481756
v 0.01796206 -0.62496895 1.80458617
v 0.01822079 -0.62670118 1.80274665
v 0.03382401 -0.62169528 1.81793427
v 0.03444449 -0.62894195 1.81511891
v 0.03632046 -0.62987691 1.81579232
v 0.03540289 -0.62214458 1.81872773
v 0.00893740 -0.58639157 1.81650996
v 0.01296596 -0.62114960 1.80792880
v 0.01417800 -0.61926699 1.80756068
v 0.01281845 -0.62506974 1.80382085
v 0.01261070 -0.62560648 1.80111682
v 0.00948779 -0.59972942 1.80282474
v 0.02980555 -0.64103168 1.80682397
v 0.03083038 -0.64004821 1.80896711
v 0.02795392 -0.63922954 1.80672669
v 0.02727560 -0.63951123 1.80474544
v 0.02583347 -0.63974696 1.80125928
v 0.02578826 -0.64059764 1.80019331
v 0.02841612 -0.64155954 1.80438221
v 0.01620562 -0.62517565 1.80335712
v 0.01687429 -0.62661004 1.80194628
v 0.01763670 -0.59919083 1.81081796
v 0.01880470 -0.59417236 1.81462097
v 0.02815096 -0.60965770 1.81929481
v 0.02755920 -0.60893017 1.81635547
v 0.03043469 -0.62422138 1.82201004
v 0.02955807 -0.63228118 1.81882012
v 0.02743044 -0.63116544 1.81764317
v 0.02885528 -0.62387657 1.82107770
v 0.02313213 -0.62454629 1.81914020
v 0.02012284 -0.62518895 1.81978750
v 0.01304482 -0.61208189 1.79984200
v 0.01156981 -0.61503983 1.79646158
v 0.01256749 -0.62444377 1.80399394
v 0.01237656 -0.62507647 1.80151916
v 0.02337794 -0.60716999 1.82309806
v 0.01800309 -0.59741193 1.82169819
v 0.02298574 -0.60444343 1.82261825
v 0.01357431 -0.59610158 1.82118678
v 0.01277478 -0.59418279 1.81959212
v 0.01563225 -0.59472978 1.82041764
v 0.02415709 -0.60395348 1.81662858
v 0.02635374 -0.60629320 1.81813216
v 0.01092134 -0.61502266 1.80508208
v 0.00981117 -0.61446345 1.80692291
v 0.00975917 -0.61461258 1.80507958
v 0.02697701 -0.62289870 1.81015074
v 0.02875803 -0.61588824 1.81449175
v 0.01641284 -0.62777203 1.79745245
v 0.01566918 -0.61899656 1.80271506
v 0.01590381 -0.62120008 1.79929471
v 0.01951588 -0.63049358 1.79435349
v 0.01792828 -0.62942350 1.79613841
v 0.01725174 -0.62862837 1.79678404
v 0.01820324 -0.62866938 1.79565644
v 0.00472282 -0.60703343 1.81064272
v 0.00766866 -0.60460073 1.80939043
v 0.00895555 -0.60732579 1.80741346
v 0.02426575 -0.63959897 1.79913902
v 0.02499140 -0.63836181 1.80103445
v 0.02602386 -0.63600731 1.81277514
v 0.01670526 -0.63091588 1.80065060
v 0.01740990 -0.62998688 1.80203128
v 0.02037917 -0.64392447 1.80172420
v 0.01894967 -0.64108121 1.79961443
v 0.01861645 -0.64090800 1.79820287
v 0.01905758 -0.64417589 1.79668689
v 0.01160352 -0.59042525 1.81884527
v 0.01476977 -0.59186506 1.81964397
v 0.01449988 -0.59308261 1.81969559
v 0.01209014 -0.59210563 1.81923175
v 0.01405350 -0.60292888 1.80914617
v 0.01345966 -0.60334933 1.81281686
v 0.02973126 -0.61228466 1.82103193
v 0.02893823 -0.61098552 1.82057357
v 0.03020236 -0.61573470 1.82027853
v 0.03129466 -0.61731344 1.82030392
v 0.01392686 -0.62484539 1.80766416
v 0.01320415 -0.62402928 1.80810905
v 0.01964716 -0.63719332 1.80334771
v 0.02177481 -0.63941628 1.80306351
v 0.01973077 -0.64020973 1.79893613
v 0.01854661 -0.63861549 1.79953504
v 0.02764500 -0.63788968 1.81374979
v 0.01748819 -0.62836587 1.80235481
v 0.01838107 -0.62905920 1.80299473
v 0.01684914 -0.62855768 1.80191040
v 0.01375404 -0.62469667 1.80006719
v 0.01598952 -0.62374222 1.80019915
v 0.01898807 -0.63146424 1.79575396
v 0.02327446 -0.63587481 1.79603648
v 0.02222791 -0.63611597 1.79633927
v 0.01845504 -0.63220179 1.79571819
v 0.01438225 -0.62919003 1.79834962
v -0.02365763 -0.62969559 1.90549707
v -0.01702996 -0.63811904 1.90428579
v -0.11905326 -0.63305593 1.73821115
v -0.12495559 -0.63446569 1.74531400
v -0.12420799 -0.62746584 1.74483097
v -0.11829899 -0.62615311 1.73915172
v 0.01692989 -0.63711500 1.79132819
v 0.01867510 -0.64052582 1.79380751
v 0.01962335 -0.64140183 1.79337835
v 0.01763051 -0.63823527 1.79170632
v 0.02700470 -0.63808250 1.80507672
v 0.03226786 -0.63727313 1.81058145
v 0.01505766 -0.61706698 1.80638421
v 0.01237039 -0.61429071 1.80811214
v 0.00207268 -0.61363417 1.80996776
v 0.00234946 -0.61464924 1.80929613
v 0.00314547 -0.61477840 1.81031966
v 0.00291332 -0.61379999 1.81128120
v 0.00624232 -0.60972524 1.81312609
v 0.00875012 -0.60788107 1.81179237
v 0.00780190 -0.60547847 1.81157017
v 0.00563633 -0.60737664 1.81371760
v 0.00180180 -0.61113930 1.81191504
v 0.00190544 -0.61235905 1.81076956
v 0.00290660 -0.61243618 1.81226993
v 0.00279156 -0.61139554 1.81380582
v 0.02302728 -0.63836604 1.79759347
v 0.02556665 -0.63909984 1.79858530
v 0.03347279 -0.63585782 1.80982399
v 0.03395396 -0.63427460 1.81163526
v 0.03083445 -0.63948131 1.80616236
v 0.03159864 -0.63853800 1.80837417
v 0.01250332 -0.60483909 1.80227029
v 0.01398632 -0.60566461 1.80346012
v 0.01362566 -0.60426760 1.80416679
v 0.03463520 -0.63843346 1.80809152
v 0.03519085 -0.64095753 1.80815160
v 0.01267002 -0.58823675 1.80982637
v 0.01161511 -0.58646083 1.81018353
v -0.02627904 -0.52210402 1.85944927
v -0.01523975 -0.53378940 1.86393571
v -0.01859942 -0.52711898 1.87329471
v -0.02916724 -0.51600331 1.86907852
v 0.01877540 -0.63214839 1.79163229
v 0.01743343 -0.63445634 1.79066563
v 0.00177046 -0.60914332 1.81186497
v 0.00214093 -0.60905319 1.81333625
v 0.00472289 -0.60697055 1.81249523
v 0.00627301 -0.61151689 1.80765820
v 0.00233101 -0.61277497 1.80910444
v 0.00624515 -0.61126775 1.81246400
v 0.00650881 -0.61489183 1.80860221
v 0.00646732 -0.61502934 1.80719721
v 0.00945706 -0.60179424 1.81142902
v 0.01175156 -0.60204399 1.81304860
v 0.01235629 -0.60049129 1.80993295
v 0.00299965 -0.60978544 1.81485581
v 0.01327382 -0.62483263 1.80548763
v 0.00925299 -0.61144531 1.81102753
v 0.01290847 -0.60970104 1.81261778
v 0.01247757 -0.60757697 1.81290519
v 0.00910975 -0.60973978 1.81177628
v 0.02210925 -0.60106951 1.81673813
v 0.02238440 -0.60237390 1.81553626
v 0.01596883 -0.60619438 1.81539536
v 0.01860334 -0.60572243 1.81296563
v 0.01437647 -0.62017345 1.80596304
v 0.01525513 -0.62209463 1.80261636
v 0.01147563 -0.61521125 1.80505824
v 0.00945599 -0.61292946 1.80923927
v 0.01262308 -0.61181366 1.81150937
v 0.00650479 -0.61274850 1.80722976
v 0.00994248 -0.61213660 1.80556035
v 0.00969155 -0.61318099 1.80527174
v 0.00647173 -0.61371744 1.80695379
v 0.02009336 -0.63053370 1.80235851
v 0.01594343 -0.63177770 1.79056537
v 0.01761187 -0.62938380 1.79254580
v 0.02456893 -0.65258545 1.80975866
v 0.02443628 -0.64803094 1.81852257
v 0.02094771 -0.64331543 1.80671966
v 0.00626613 -0.61273360 1.81135452
v 0.00284427 -0.61530560 1.80864477
v 0.00318144 -0.61422825 1.80841684
v 0.02906809 -0.60767877 1.82067680
v 0.01308380 -0.60008383 1.80960822
v 0.01286059 -0.62341857 1.80187726
v 0.02974955 -0.61889929 1.82309318
v 0.02847865 -0.61300707 1.82408845
v 0.01221533 -0.62466693 1.80184722
v 0.01272963 -0.62536812 1.80062997
v 0.01281778 -0.60259092 1.81325376
v 0.01343219 -0.60172403 1.80892825
v 0.01285873 -0.62564152 1.80025542
v 0.01391975 -0.60577583 1.80484176
v 0.02590841 -0.63290060 1.80632329
v 0.01940964 -0.59477067 1.82280481
v 0.01718811 -0.59211230 1.82127476
v 0.00275924 -0.61361223 1.80855346
v 0.00689131 -0.60541922 1.81104004
v 0.00641758 -0.61389571 1.80993295
v 0.01255452 -0.60996091 1.80550861
v 0.01225502 -0.60783195 1.80554914
v 0.01427458 -0.60774374 1.80450952
v 0.02038823 -0.60656643 1.81410408
v 0.01713870 -0.60874104 1.81710255
v 0.01854547 -0.61000443 1.81855917
v 0.02248196 -0.60775495 1.81508017
v 0.02681876 -0.60747719 1.82452965
v 0.02459107 -0.60212529 1.82399178
v 0.02677683 -0.60052925 1.82412553
v 0.02950915 -0.60618722 1.82419848
v 0.02618304 -0.66916305 1.81059003
v 0.02339998 -0.65438175 1.80109489
v 0.02422197 -0.66990840 1.79730701
v 0.02541451 -0.64299828 1.80594456
v 0.02609497 -0.64164788 1.80857420
v 0.03178458 -0.64374834 1.80868232
v 0.01664401 -0.64048320 1.79238820
v 0.01821498 -0.64027292 1.79658639
v 0.01795558 -0.64004642 1.79390621
v 0.03402674 -0.62403560 1.82226980
v 0.01339382 -0.62128842 1.79596448
v 0.01572258 -0.62267530 1.79752457
v 0.02274938 -0.60863787 1.82371759
v 0.02259276 -0.60517973 1.81404507
v 0.02510844 -0.60661721 1.81502104
v 0.02919253 -0.63974178 1.79780006
v 0.02544073 -0.63716167 1.79717278
v -0.06631613 -0.49990430 1.84805942
v -0.06676352 -0.49870658 1.85605752
v -0.07781829 -0.57227659 1.73394561
v -0.07632649 -0.57236111 1.73521006
v -0.07708138 -0.57502121 1.73512137
v -0.07787041 -0.57475477 1.73468101
v -0.07711133 -0.56422758 1.73961043
v -0.07744420 -0.56625152 1.74003232
v -0.07621570 -0.56638134 1.74074364
v -0.07562335 -0.56445873 1.74015880
v -0.08005835 -0.57491660 1.73613477
v -0.08195310 -0.57156295 1.73570895
v -0.08094478 -0.57154471 1.73358345
v -0.07919155 -0.57502162 1.73495221
v 0.02912511 -0.64300996 1.79717684
v -0.07356611 -0.56382453 1.73891711
v -0.07441288 -0.56609273 1.73959374
v -0.07417357 -0.56566387 1.73752952
v -0.07277904 -0.56374741 1.73654878
v -0.08277535 -0.56177258 1.73326850
v -0.08185557 -0.56351256 1.73204195
v -0.08226004 -0.56397247 1.73469913
v -0.08208449 -0.56223869 1.73572171
v -0.07990396 -0.56414676 1.73185122
v -0.07857475 -0.56271195 1.72998643
v -0.07641958 -0.56325245 1.73104239
v -0.07810286 -0.56450093 1.73272991
v -0.08157064 -0.56819367 1.73817921
v -0.08068803 -0.56559622 1.73756075
v -0.08292466 -0.56697512 1.73496914
v -0.07360941 -0.56858134 1.73802662
v -0.07453865 -0.56843007 1.74012625
v -0.07532018 -0.57259953 1.73872018
v -0.07432221 -0.57275927 1.73719716
v -0.01912848 -0.53307980 1.84334660
v -0.01032111 -0.54342818 1.85224605
v -0.04745464 -0.58945334 1.73805201
v -0.04824280 -0.58650148 1.73821604
v -0.05234541 -0.58803701 1.73823512
v -0.05136861 -0.59064496 1.73792386
v 0.01471904 -0.60934716 1.80261981
v 0.01393081 -0.60954177 1.80131125
v 0.02674189 -0.64044762 1.81092775
v 0.02949546 -0.63971299 1.80370271
v 0.02469487 -0.64360625 1.80316484
v 0.02244466 -0.64330912 1.79751098
v 0.02078734 -0.64159650 1.79871404
v 0.02292913 -0.64139980 1.80307722
v 0.03282426 -0.63983548 1.80334997
v 0.01427038 -0.59877968 1.80960202
v 0.02389696 -0.62764424 1.80607319
v 0.02110487 -0.64248312 1.79529440
v 0.02437235 -0.64381027 1.79417312
v 0.03296294 -0.62178880 1.81820440
v 0.03382314 -0.63935328 1.80574036
v 0.03170989 -0.63775343 1.80591655
v 0.02098532 -0.63265866 1.79329038
v 0.01996962 -0.61304522 1.81904149
v 0.02563168 -0.61175144 1.81553698
v 0.02452962 -0.60940027 1.81564438
v -0.13687614 -0.65395874 1.85941887
v -0.13587651 -0.65201461 1.86127627
v -0.13649639 -0.64983690 1.86058569
v -0.13682942 -0.65147597 1.85855317
v -0.13198315 -0.63625479 1.86534095
v -0.13197084 -0.64368749 1.86316490
v -0.13326100 -0.64658678 1.86340106
v -0.13352810 -0.64423645 1.86325526
v 0.01906012 -0.61086041 1.81905007
v 0.01291559 -0.62298876 1.80823064
v 0.00882688 -0.59937763 1.80022752
v 0.02140982 -0.59593821 1.81697202
v -0.13264853 -0.62545013 1.86740458
v -0.13190641 -0.62557274 1.86632204
v -0.13300258 -0.63070273 1.86632311
v -0.13361889 -0.63103187 1.86746740
v 0.02279931 -0.59798819 1.81850135
v -0.00966722 -0.62652940 1.89616597
v -0.00200589 -0.63539755 1.89413428
v 0.03549866 -0.62305832 1.82027125
v 0.02330102 -0.63878059 1.79851937
v 0.01643051 -0.59888804 1.81038594
v 0.01615981 -0.59337735 1.81249166
v 0.01423733 -0.59293461 1.81068373
v 0.01797531 -0.62937498 1.80264091
v 0.02222956 -0.60965419 1.82351708
v 0.02263930 -0.61215144 1.82348645
v 0.00336226 -0.61515433 1.80959082
v 0.02351236 -0.60331261 1.82311749
v 0.01879353 -0.59610152 1.82217872
v -0.00438370 -0.55522919 1.86140180
v -0.00339918 -0.56755370 1.87352598
v -0.12714599 -0.59465003 1.85320616
v -0.12905820 -0.59789336 1.85409617
v -0.12890217 -0.59646666 1.85660946
v -0.12517262 -0.59399533 1.85513008
v -0.00569775 -0.55957472 1.88088560
v -0.00822686 -0.54664743 1.87145877
v 0.01006020 -0.61193657 1.79438663
v 0.01123817 -0.60640913 1.80010450
v 0.01015876 -0.60491437 1.79923058
v -0.05015047 -0.50770044 1.84410691
v -0.05434333 -0.50270158 1.85644317
v 0.00880946 -0.59814817 1.79629350
v 0.00611256 -0.59278464 1.78738713
v 0.00543986 -0.60694593 1.77959716
v 0.00876553 -0.60649800 1.79099202
v -0.01725424 -0.61930919 1.73837388
v -0.01392494 -0.62140167 1.74133825
v -0.01308506 -0.61277020 1.74577796
v -0.01662948 -0.61298120 1.74306726
v -0.06280787 -0.66665584 1.71045864
v -0.07296014 -0.66708040 1.71103096
v -0.07109100 -0.67665589 1.71281767
v -0.06069353 -0.67598033 1.71205091
v 0.00150018 -0.64378667 1.89357805
v 0.00386923 -0.65444601 1.89211929
v -0.01199460 -0.65691411 1.90413976
v -0.01497709 -0.64601839 1.90480566
v -0.05574243 -0.70110983 1.72340429
v -0.06653363 -0.70216590 1.72303307
v -0.06411264 -0.71091348 1.72962785
v -0.12228929 -0.59516346 1.85444355
v -0.12474036 -0.59864151 1.85857284
v -0.12391591 -0.60170865 1.85752606
v -0.12193660 -0.59824401 1.85469162
v -0.05345297 -0.70910686 1.73024189
v -0.02676186 -0.58921230 1.74160600
v -0.02405445 -0.58369482 1.74400640
v -0.02907619 -0.58181143 1.74183226
v -0.03074848 -0.58816087 1.73998356
v 0.01607896 -0.58757591 1.81296551
v 0.01471305 -0.58787996 1.81159580
v -0.13694833 -0.65516919 1.84071589
v -0.13737640 -0.65190423 1.84197783
v -0.13661958 -0.64988691 1.83978057
v -0.13643877 -0.65303093 1.83810568
v -0.12018818 -0.62894118 1.86118627
v -0.11942787 -0.62190646 1.86263692
v -0.12425071 -0.62821472 1.86400914
v -0.12443809 -0.63112378 1.86295557
v -0.06102651 -0.71953005 1.73814023
v -0.05014436 -0.71735710 1.73841822
v -0.07114956 -0.59512460 1.73556483
v -0.13291331 -0.64915955 1.85135090
v -0.13244291 -0.65174586 1.85409236
v -0.13217001 -0.65046930 1.85648990
v -0.13186722 -0.64753801 1.85470176
v -0.13337767 -0.65570062 1.85845351
v -0.13282874 -0.65367770 1.86110282
v -0.12664469 -0.60106468 1.84703100
v -0.12580863 -0.60390019 1.84417856
v -0.12560710 -0.60621691 1.84463358
v -0.12586339 -0.60606146 1.84646595
v -0.12030900 -0.62494075 1.85174882
v -0.12347402 -0.62738156 1.84866428
v -0.13044278 -0.61335975 1.86677647
v -0.13050744 -0.61458278 1.86507750
v -0.13155085 -0.61999851 1.86683583
v -0.13136207 -0.61946625 1.86828315
v -0.07010722 -0.59793639 1.73675609
v -0.06620254 -0.59517539 1.73855400
v -0.06700880 -0.59246701 1.73739481
v -0.07786745 -0.63817054 1.71371722
v -0.07651395 -0.64628935 1.71243095
v -0.06736179 -0.64658093 1.71144783
v -0.06921807 -0.63828623 1.71230090
v -0.06145996 -0.59301096 1.73904085
v -0.06262706 -0.59057373 1.73887658
v -0.06998626 -0.68529558 1.71516621
v -0.05924175 -0.68485451 1.71495676
v -0.03672026 -0.74635869 1.77780509
v -0.12857932 -0.61527634 1.86142647
v -0.12944865 -0.61950481 1.86381030
v -0.12984797 -0.62107956 1.86545897
v -0.12950511 -0.61808300 1.86432815
v -0.03872410 -0.74235833 1.77032101
v -0.04936065 -0.74568969 1.77244508
v -0.13560864 -0.65205252 1.85034895
v -0.13544014 -0.65141302 1.84478068
v -0.13616964 -0.65115654 1.84509838
v -0.13624056 -0.65164620 1.85083938
v -0.04486329 -0.75102532 1.78325081
v 0.02232751 -0.63801759 1.84616184
v 0.02097185 -0.63017190 1.83051896
v 0.02286318 -0.64148438 1.82579803
v 0.02566713 -0.65323377 1.83804238
v -0.03591797 -0.51745009 1.84376681
v -0.04036047 -0.51080525 1.85784101
v -0.12617317 -0.64216858 1.85773146
v -0.12599857 -0.64568532 1.85342634
v -0.12540086 -0.64484042 1.85328567
v -0.12593295 -0.64190674 1.85718644
v -0.13360479 -0.65261722 1.85788894
v -0.13334529 -0.65079558 1.86028647
v -0.13194999 -0.64874905 1.85909677
v -0.12634106 -0.64023417 1.83994257
v -0.12682801 -0.64181745 1.84093952
v -0.12689079 -0.64047074 1.84181201
v -0.12669758 -0.63894123 1.84166908
v -0.12737353 -0.59741575 1.85987294
v -0.11904760 -0.61070418 1.86020029
v -0.11997505 -0.61213219 1.86193013
v -0.12173249 -0.61743736 1.86355734
v -0.12048064 -0.61842525 1.86298025
v -0.02735357 -0.63644856 1.72574520
v -0.02469398 -0.64304930 1.72726882
v -0.01999151 -0.63798898 1.73225760
v -0.02294368 -0.63197321 1.73000479
v -0.07949109 -0.62613785 1.71756625
v -0.07221657 -0.62569273 1.71590090
v -0.07405764 -0.62027240 1.71880865
v -0.08006529 -0.62050331 1.72021997
v -0.12440501 -0.59406304 1.84925461
v -0.12710947 -0.59494102 1.84996402
v -0.12722701 -0.59453976 1.85174358
v -0.12424900 -0.59403288 1.85199714
v -0.01690485 -0.60565758 1.74621749
v -0.01316457 -0.60426342 1.74835563
v -0.01523962 -0.59487331 1.74840069
v -0.01871425 -0.59781754 1.74612236
v -0.02344664 -0.59166235 1.74329352
v -0.12921475 -0.64517379 1.83992016
v -0.13090451 -0.64609015 1.84271061
v -0.12921169 -0.64440852 1.84209657
v -0.12810028 -0.64377362 1.84007621
v -0.02062855 -0.58685195 1.74529874
v -0.13107480 -0.64090347 1.86222625
v -0.13114956 -0.64588559 1.85755491
v -0.06524000 -0.65600669 1.70984364
v -0.07495320 -0.65602714 1.71086407
v -0.01615711 -0.63042855 1.73741114
v -0.01939071 -0.62615079 1.73444557
v -0.07486463 -0.59690654 1.73313248
v -0.07316649 -0.59976757 1.73500204
v -0.07660721 -0.60292399 1.73227191
v -0.13229294 -0.62989354 1.86183572
v -0.13107850 -0.63149077 1.86430097
v -0.13090497 -0.62709117 1.86476886
v -0.13234395 -0.62559688 1.86255229
v -0.08162668 -0.60026276 1.72887301
v -0.08144858 -0.60457742 1.72837901
v -0.07733738 -0.60593528 1.73056936
v -0.05061286 -0.63928241 1.71370530
v -0.04855793 -0.64697999 1.71352196
v -0.03969592 -0.64732575 1.71712804
v -0.04202501 -0.63997984 1.71712232
v -0.05766371 -0.69290566 1.71882510
v -0.13205430 -0.63700020 1.85770011
v -0.13122541 -0.63877726 1.86071765
v -0.06843024 -0.69374901 1.71837914
v -0.08072002 -0.61347926 1.72500765
v -0.07627879 -0.61385155 1.72510958
v -0.07687034 -0.61119723 1.72786379
v -0.13458584 -0.64836782 1.85943520
v -0.13433075 -0.64313269 1.86231995
v -0.13408329 -0.64933175 1.85998499
v -0.12513940 -0.64713192 1.84920061
v -0.12437843 -0.65135056 1.85080302
v -0.12325777 -0.64636880 1.85574841
v -0.12498510 -0.64559823 1.85159874
v -0.08071124 -0.61064172 1.72674811
v -0.05739631 -0.58916116 1.73848820
v -0.05637315 -0.59161735 1.73830056
v 0.00849235 -0.58997989 1.81891537
v 0.00981193 -0.58911884 1.81803131
v 0.00943176 -0.62655622 1.78357100
v 0.00874288 -0.61614609 1.78675652
v 0.00587509 -0.61882418 1.77406120
v 0.00484509 -0.63134855 1.77101505
v 0.00698568 -0.64313638 1.76855612
v 0.01070460 -0.65337610 1.76936316
v 0.01353772 -0.64291680 1.78249478
v 0.01064856 -0.63547939 1.78193390
v -0.00828150 -0.57064855 1.88962889
v -0.00840915 -0.57852137 1.88540769
v -0.08233190 -0.59618706 1.72799397
v -0.08297816 -0.59241807 1.72692072
v -0.01018283 -0.69878608 1.89416182
v -0.12510517 -0.61061668 1.84276235
v -0.12556902 -0.61355293 1.84311342
v -0.12450342 -0.61186093 1.84519875
v -0.12430237 -0.60915607 1.84581792
v -0.00925547 -0.68428600 1.89812660
v 0.00688365 -0.68343812 1.88437104
v 0.00479175 -0.69499373 1.87920463
v 0.01832856 -0.62766421 1.84766126
v -0.12256944 -0.61511016 1.86340177
v -0.12090477 -0.61086577 1.86158073
v -0.12149231 -0.61015970 1.86106002
v -0.12345813 -0.61311209 1.86239982
v 0.01823075 -0.62138557 1.83336139
v -0.07584906 -0.56851733 1.73487091
v -0.07769187 -0.57541835 1.73740065
v -0.07729224 -0.57259423 1.73938835
v -0.07774482 -0.57474488 1.73807645
v -0.07610138 -0.56500757 1.73441780
v -0.07416382 -0.56358564 1.73295450
v -0.07667677 -0.56861877 1.74110591
v -0.07771365 -0.56860000 1.74078155
v -0.07813853 -0.57280231 1.73922312
v -0.07676682 -0.57535303 1.73623681
v -0.08583026 -0.55927122 1.73282862
v -0.08609787 -0.55917752 1.72966397
v -0.08225302 -0.56063938 1.72906685
v -0.08308934 -0.56045461 1.73176193
v -0.07995068 -0.57445979 1.73717237
v -0.08108551 -0.57219708 1.73778820
v -0.08220047 -0.56667358 1.73240495
v -0.07946108 -0.57185578 1.73341238
v -0.07852867 -0.57491601 1.73463488
v -0.08029954 -0.56739604 1.73229671
v -0.08030239 -0.56333858 1.73758090
v -0.07825221 -0.56793779 1.73337436
v -0.13283384 -0.64838827 1.84458303
v -0.13221070 -0.64423037 1.84805202
v -0.13104801 -0.64330781 1.84631360
v -0.12859537 -0.61167216 1.85296881
v -0.12868570 -0.61370838 1.85406613
v -0.12856202 -0.61255544 1.85699248
v -0.12824190 -0.61001211 1.85646951
v 0.02084277 -0.60397756 1.81302834
v -0.00419668 -0.55434096 1.82909799
v 0.00258418 -0.56967300 1.82602358
v 0.00321874 -0.57213295 1.83198810
v -0.12879741 -0.60448778 1.86347723
v -0.12625733 -0.60424346 1.86365867
v -0.12529401 -0.60061336 1.86164975
v -0.12774906 -0.60065544 1.86194551
v -0.12501904 -0.60790759 1.84576714
v -0.12531953 -0.60766912 1.84418464
v -0.12710591 -0.64352244 1.85960913
v -0.12732665 -0.64758939 1.85414386
v -0.00189488 -0.55806524 1.83925533
v 0.02065439 -0.62927473 1.80351472
v -0.00756871 -0.65064901 1.74266982
v -0.00365638 -0.66515929 1.74515307
v 0.00539183 -0.65977395 1.75751710
v -0.13191718 -0.64495116 1.85331595
v -0.13129158 -0.64338607 1.85581326
v 0.00268309 -0.64795983 1.75771606
v -0.00188598 -0.67680550 1.74794769
v 0.00714235 -0.67193437 1.75953281
v 0.01437902 -0.66553384 1.77152276
v 0.02071024 -0.65370661 1.79250526
v -0.03955709 -0.60292023 1.73534238
v -0.03900459 -0.60281974 1.73511982
v -0.04102980 -0.60192311 1.73461306
v -0.12649184 -0.62418890 1.84268737
v -0.12376899 -0.62497389 1.84287572
v -0.12360671 -0.62429911 1.84311295
v -0.12693316 -0.62275648 1.84334803
v -0.04097477 -0.60217959 1.73469985
v -0.03997556 -0.60332888 1.73598576
v -0.04134522 -0.60260308 1.73552155
v -0.12743653 -0.62352163 1.84181929
v -0.12766808 -0.62207794 1.84252059
v -0.12774344 -0.62130672 1.84156752
v -0.12758279 -0.62197006 1.84096074
v -0.03885998 -0.60411584 1.73636127
v -0.03842423 -0.60363847 1.73586655
v -0.03812478 -0.60328984 1.73580194
v -0.05732291 -0.60329127 1.73695052
v -0.05639656 -0.60391957 1.73699284
v -0.05412813 -0.60274363 1.73670363
v -0.05514850 -0.60228264 1.73608649
v -0.05762536 -0.60287535 1.73666060
v -0.05526334 -0.60179627 1.73582006
v -0.12272170 -0.62528539 1.84292591
v -0.12307419 -0.62498367 1.84286690
v -0.12341401 -0.62556934 1.84299195
v -0.12374997 -0.63511080 1.85313058
v -0.12366422 -0.62936187 1.85903955
v -0.12218100 -0.62818104 1.85746133
v -0.12173447 -0.63369292 1.85219264
v -0.05211231 -0.60786611 1.74021578
v -0.05258472 -0.60821736 1.74032724
v -0.13101111 -0.63342655 1.86530638
v -0.05117643 -0.60722721 1.73982024
v -0.05819995 -0.60684651 1.73817658
v -0.05826724 -0.60760611 1.73755229
v -0.13456431 -0.64722890 1.83536053
v -0.13317014 -0.64909792 1.83392024
v -0.13447647 -0.65444022 1.83653355
v -0.05267337 -0.60910606 1.73958874
v -0.05261374 -0.60877371 1.73994803
v -0.05817472 -0.60596406 1.73855078
v -0.12248492 -0.61515117 1.85388494
v -0.12619416 -0.61506832 1.85172009
v -0.12506840 -0.61449182 1.84965074
v -0.12272108 -0.61414057 1.85232031
v -0.12285283 -0.61707014 1.84508979
v -0.12118275 -0.61359495 1.84574807
v -0.12526852 -0.61514974 1.84519839
v -0.12796246 -0.62895268 1.83909523
v -0.12520674 -0.62656891 1.84254825
v -0.12644044 -0.62494957 1.84204149
v -0.12749414 -0.62476939 1.84099388
v -0.13231191 -0.62554896 1.86863410
v -0.13314620 -0.63147116 1.86874175
v -0.13120888 -0.63193524 1.86952925
v -0.13053012 -0.62569237 1.86942732
v -0.05976773 -0.60584414 1.73898745
v -0.06029558 -0.60678291 1.73896790
v -0.12571259 -0.59661549 1.84587896
v -0.12216736 -0.59544384 1.84926105
v -0.12519929 -0.59909177 1.84458148
v -0.13794629 -0.65719241 1.85108650
v -0.13484491 -0.65896887 1.84943962
v -0.13438876 -0.65834868 1.85250616
v -0.13772772 -0.65655404 1.85406530
v -0.12177059 -0.63476276 1.84522855
v -0.12218694 -0.63216817 1.84557414
v -0.12292811 -0.63286507 1.84390092
v -0.12254630 -0.63522875 1.84331226
v -0.06042481 -0.60779750 1.73809302
v -0.05012845 -0.60018480 1.73483610
v -0.04984887 -0.59932506 1.73512208
v -0.05458600 -0.60015196 1.73590183
v -0.05503457 -0.60112011 1.73570609
v -0.05035098 -0.60073578 1.73482180
v -0.04667537 -0.60094595 1.73469079
v -0.04661317 -0.60035557 1.73475385
v -0.04632629 -0.59959757 1.73511255
v -0.09402885 -0.62659991 1.88813758
v -0.10613614 -0.61799526 1.87480116
v -0.10740553 -0.63197815 1.87778258
v -0.09652589 -0.63773108 1.89041924
v -0.12986347 -0.60666722 1.86183608
v -0.12983625 -0.60330915 1.86050808
v -0.12971841 -0.63581544 1.83474302
v -0.13011068 -0.63740945 1.83318019
v -0.13044868 -0.64320964 1.83214152
v -0.13095559 -0.64019948 1.83374250
v -0.05744008 -0.60207212 1.73578143
v -0.05763052 -0.60263634 1.73606408
v -0.04596863 -0.59921855 1.73506796
v -0.04944364 -0.59868324 1.73548841
v -0.13208425 -0.64717752 1.86572647
v -0.13515632 -0.64602208 1.86547577
v -0.05427797 -0.59946251 1.73626256
v -0.05765026 -0.60093492 1.73659229
v -0.06023911 -0.60282260 1.73750663
v -0.05913670 -0.60281676 1.73689413
v -0.04874140 -0.59842348 1.73567307
v -0.04883272 -0.59766817 1.73623466
v -0.05372296 -0.59832853 1.73657012
v -0.05380858 -0.59906399 1.73625016
v -0.12918526 -0.64473307 1.83837652
v -0.13202889 -0.64973015 1.84013021
v -0.13026941 -0.64684534 1.83987987
v -0.12888575 -0.64446533 1.83863235
v -0.12869203 -0.63644660 1.84036422
v -0.12951727 -0.63744909 1.83972144
v -0.12772237 -0.63816500 1.83899975
v -0.12662855 -0.63696277 1.83953643
v -0.04553244 -0.59878612 1.73566222
v -0.04548644 -0.59804696 1.73622549
v -0.13065916 -0.64142710 1.83010674
v -0.13060156 -0.64740413 1.83096743
v -0.03640131 -0.60399771 1.73695982
v -0.03568245 -0.60478711 1.73745751
v -0.03562791 -0.60421842 1.73758757
v -0.11845605 -0.61002588 1.85874200
v -0.03596936 -0.60355580 1.73739982
v -0.03188656 -0.60254401 1.74015296
v -0.03088574 -0.60424292 1.74041045
v -0.02882956 -0.60389674 1.74132192
v -0.13016932 -0.63614535 1.83763278
v -0.13106820 -0.63855112 1.83636093
v -0.13066173 -0.63876975 1.83898091
v -0.12570208 -0.60359788 1.84176517
v -0.12552132 -0.60636139 1.84289372
v -0.12807614 -0.64345592 1.83887374
v -0.12731601 -0.64228916 1.83928657
v -0.12590434 -0.63836873 1.83982813
v -0.12582693 -0.63739312 1.84227371
v -0.03024022 -0.60224462 1.74076200
v -0.12942515 -0.63566077 1.85298824
v -0.13053590 -0.62939811 1.85929036
v -0.02071179 -0.59445345 1.74488950
v -0.02775284 -0.59905165 1.74188459
v -0.02584319 -0.60096574 1.74279118
v -0.03714320 -0.60347450 1.73644161
v -0.03808139 -0.60283428 1.73597288
v -0.03728552 -0.60386670 1.73635817
v -0.03656327 -0.60454190 1.73696339
v -0.03666332 -0.60275245 1.73703802
v -0.03783217 -0.60225385 1.73638189
v -0.03912027 -0.60229909 1.73522973
v -0.03876659 -0.60170650 1.73560631
v -0.04090453 -0.60074532 1.73509550
v -0.04102002 -0.60146368 1.73474061
v -0.04347398 -0.60048151 1.73486471
v -0.11300693 -0.62485689 1.86815751
v -0.11452833 -0.60520506 1.85977435
v -0.04308916 -0.60108703 1.73471427
v -0.04322927 -0.59971327 1.73524630
v -0.04059387 -0.60026878 1.73554325
v -0.04298810 -0.59915030 1.73560894
v -0.03849607 -0.60123682 1.73620129
v -0.03744150 -0.60185081 1.73688698
v -0.03625846 -0.60250300 1.73755848
v -0.03544134 -0.60330057 1.73791361
v -0.03498809 -0.60419405 1.73807025
v -0.03567896 -0.60219634 1.73814583
v -0.03469865 -0.60170460 1.73891759
v -0.03631827 -0.60080713 1.73824751
v -0.03703475 -0.60147560 1.73744643
v -0.03468556 -0.60314059 1.73852897
v -0.03357560 -0.60288334 1.73935556
v -0.12655786 -0.63840508 1.83874226
v -0.12651432 -0.63872260 1.83878660
v -0.12569273 -0.63801450 1.83917093
v -0.12553182 -0.63748181 1.83921695
v -0.03846692 -0.60070038 1.73683882
v -0.03814718 -0.60013402 1.73745048
v -0.03988982 -0.59938610 1.73670638
v -0.04012420 -0.59991825 1.73606062
v -0.12965226 -0.60044348 1.85916495
v -0.12949625 -0.64006507 1.84772074
v -0.12703580 -0.63688123 1.84632039
v -0.12793334 -0.63868850 1.84422469
v -0.04260202 -0.59909433 1.73573589
v -0.04206708 -0.59853101 1.73636496
v -0.13382943 -0.63546133 1.86519790
v -0.13519143 -0.64312029 1.86242235
v -0.13616566 -0.64439529 1.86392534
v -0.13465264 -0.63613188 1.86669397
v -0.05029270 -0.60098380 1.73505843
v -0.05022540 -0.60161042 1.73608327
v -0.04661185 -0.60136366 1.73584580
v -0.04640659 -0.60114276 1.73497522
v -0.04298421 -0.60130787 1.73486269
v -0.12177762 -0.59521031 1.85184419
v -0.12175319 -0.63184845 1.84666014
v -0.12324363 -0.63020396 1.84713626
v -0.04341136 -0.60149825 1.73581564
v -0.04635255 -0.60188353 1.73690104
v -0.04689980 -0.60619897 1.73922002
v -0.04531604 -0.60640103 1.73920810
v -0.04358746 -0.60208094 1.73678505
v -0.12308171 -0.63634676 1.84279263
v -0.12432092 -0.63681740 1.84031701
v -0.04953765 -0.60228425 1.73697221
v -0.04823782 -0.60651326 1.73935425
v -0.05276842 -0.60367501 1.73710644
v -0.12550037 -0.60906637 1.84121633
v -0.05006750 -0.60691863 1.73951507
v -0.05535410 -0.60426545 1.73740363
v -0.04923824 -0.61161691 1.72953296
v -0.04916155 -0.61176705 1.72938132
v -0.04430423 -0.61134887 1.72855783
v -0.04470605 -0.61131340 1.72898734
v 0.01271163 -0.65150726 1.87728727
v 0.01461485 -0.66635561 1.87423873
v 0.00665614 -0.66730011 1.88893664
v -0.04126762 -0.60941023 1.73009682
v -0.04121498 -0.61028296 1.73013687
v -0.03831710 -0.60947526 1.73131263
v -0.03848282 -0.60876477 1.73155594
v -0.04129032 -0.60842294 1.73011899
v -0.13400485 -0.65446180 1.85312796
v -0.13382138 -0.65373087 1.85548759
v -0.13294566 -0.65239584 1.85219026
v -0.13320550 -0.65260786 1.85010648
v -0.13353771 -0.65258849 1.84644628
v -0.13385621 -0.65355158 1.84537935
v -0.13398708 -0.65478772 1.85030532
v -0.12624039 -0.63722235 1.84445739
v -0.12740164 -0.63846982 1.84287047
v -0.03882208 -0.60808527 1.73177636
v -0.04448219 -0.60887372 1.72874272
v -0.12843157 -0.60995209 1.85222673
v -0.12831666 -0.60559344 1.85553730
v -0.13058829 -0.62278199 1.86407459
v -0.13182791 -0.62184346 1.86145818
v -0.12859578 -0.63726366 1.86677122
v -0.12862952 -0.64563543 1.86292052
v -0.12802428 -0.64427930 1.86082447
v -0.12811661 -0.63666469 1.86510098
v -0.04448428 -0.61006105 1.72875977
v -0.04453504 -0.61095887 1.72897112
v -0.03842467 -0.60864401 1.73631454
v -0.03935711 -0.60915613 1.73546958
v -0.12442724 -0.63648552 1.86012161
v -0.12183969 -0.63668972 1.85866034
v -0.12772362 -0.62271845 1.84002721
v -0.12860414 -0.62526441 1.83668995
v -0.12292568 -0.63581550 1.84296465
v -0.12381165 -0.63634551 1.84055924
v -0.12570438 -0.61929440 1.86503732
v -0.12385839 -0.60894048 1.86048079
v -0.12595108 -0.61649716 1.86450863
v -0.12086275 -0.60673809 1.85807598
v -0.12128021 -0.60473120 1.85636890
v -0.12299249 -0.60586655 1.85846114
v -0.03912164 -0.60834652 1.73402596
v -0.03772685 -0.60818321 1.73533893
v -0.03773850 -0.60843420 1.73691702
v -0.03687853 -0.60790211 1.73627651
v -0.04229467 -0.60953146 1.73944616
v -0.04271416 -0.60970283 1.73911190
v -0.04329303 -0.60976183 1.73875654
v -0.12943548 -0.61646587 1.85957730
v -0.13022643 -0.61902481 1.86205864
v -0.04205455 -0.60933518 1.73970711
v -0.12220192 -0.62531048 1.84352577
v -0.12021978 -0.62476611 1.84473324
v -0.12132505 -0.62459469 1.84295845
v -0.13163880 -0.63613343 1.85539675
v -0.13231839 -0.62937784 1.86012971
v -0.12930995 -0.63944262 1.83887744
v -0.04192948 -0.60912883 1.73988688
v -0.12730835 -0.63014805 1.84376132
v -0.12886202 -0.63248014 1.84070539
v -0.13308588 -0.64266038 1.83791196
v -0.13101283 -0.64132744 1.83882093
v -0.13037071 -0.64034152 1.83878434
v -0.13185875 -0.64048785 1.83820939
v -0.11446340 -0.61675870 1.84549880
v -0.11810912 -0.61495256 1.84596527
v -0.11979869 -0.61785781 1.84457445
v -0.04193659 -0.60889399 1.73997343
v -0.04230357 -0.60850000 1.73996377
v -0.01729523 -0.58038628 1.75076008
v -0.01777400 -0.59039831 1.74687576
v -0.13347840 -0.65247881 1.84365833
v -0.13341366 -0.65133172 1.84580171
v -0.12808754 -0.64908832 1.85592604
v -0.01392578 -0.58450752 1.75224972
v -0.03759449 -0.60429525 1.73647261
v -0.12737626 -0.64259183 1.84176505
v -0.12742038 -0.64153540 1.84301376
v -0.03682445 -0.60498309 1.73702610
v -0.12812491 -0.65588176 1.84277844
v -0.12863211 -0.65271974 1.84060943
v -0.12914225 -0.65246266 1.83940077
v -0.12985285 -0.65608710 1.83801651
v -0.03809277 -0.60478592 1.73688495
v -0.12209807 -0.60013258 1.85480523
v -0.12302536 -0.60287559 1.85786605
v -0.12272279 -0.60398316 1.85737789
v -0.12217483 -0.60207444 1.85509801
v -0.12442866 -0.61392170 1.84898007
v -0.12287052 -0.61351013 1.85140109
v -0.03741949 -0.60545754 1.73732126
v -0.13054992 -0.62548470 1.86612332
v -0.13021666 -0.62416422 1.86547458
v -0.13072753 -0.62883925 1.86588430
v -0.13151705 -0.63044679 1.86623883
v -0.03608532 -0.60578358 1.73743987
v -0.03566562 -0.60548705 1.73743916
v -0.04039287 -0.60376477 1.73687661
v -0.04390689 -0.60694146 1.73951411
v -0.04328969 -0.60739070 1.73965597
v -0.12193285 -0.63627195 1.84710896
v -0.12142116 -0.63529825 1.84718287
v -0.12807336 -0.64887351 1.84446168
v -0.12976640 -0.65167063 1.84502864
v -0.13013604 -0.65235561 1.84043813
v -0.12850285 -0.65004271 1.84072697
v -0.12868774 -0.65096349 1.85770440
v -0.03943807 -0.60465509 1.73713827
v -0.04167887 -0.60309374 1.73653650
v -0.04453270 -0.60665882 1.73925829
v -0.04300785 -0.60775703 1.73985386
v -0.04260478 -0.60794002 1.74005961
v -0.12747735 -0.64015287 1.84339786
v -0.12777524 -0.64086163 1.84434104
v -0.03896211 -0.60530466 1.73755789
v -0.12724993 -0.64024842 1.84266555
v -0.03831776 -0.60594976 1.73789167
v -0.03691569 -0.60619199 1.73749840
v -0.12580653 -0.63622993 1.83999324
v -0.12770867 -0.63563693 1.84116673
v -0.13186787 -0.64335006 1.83901072
v -0.13471228 -0.64840740 1.84095502
v -0.13363098 -0.64856851 1.84068847
v -0.13118047 -0.64409584 1.83871055
v -0.03719912 -0.60730505 1.73793769
v -0.03715975 -0.60772932 1.73773265
v -0.03631372 -0.60683370 1.73725176
v -0.12690856 -0.64065909 1.83874035
v -0.03622797 -0.60730076 1.73712373
v -0.03767953 -0.60664189 1.73798347
v -0.05285795 -0.63299972 1.91149330
v -0.05025296 -0.64207590 1.91170371
v -0.03734768 -0.60813713 1.73739088
v -0.03643720 -0.60765237 1.73676836
v -0.03525900 -0.60503209 1.73772681
v -0.03524103 -0.60588151 1.73761559
v -0.03430105 -0.60700798 1.73745823
v -0.03461060 -0.60508734 1.73814738
v -0.13139260 -0.64887440 1.83341169
v -0.13107115 -0.65229970 1.83604681
v -0.13182800 -0.65335971 1.83613420
v -0.13156734 -0.65005606 1.83388400
v -0.13323034 -0.65138698 1.85004544
v -0.03365972 -0.60516506 1.73874032
v -0.03407660 -0.60407507 1.73880386
v -0.03343733 -0.60741413 1.73744678
v -0.03175906 -0.60801768 1.73772740
v -0.13445531 -0.65114379 1.85777247
v -0.12491319 -0.62817585 1.84670663
v -0.12116840 -0.62555486 1.84690261
v -0.03209290 -0.60545695 1.73939431
v -0.03272193 -0.60401183 1.73956561
v -0.03568223 -0.60636353 1.73753095
v -0.11171477 -0.62268066 1.84353459
v -0.11214060 -0.62377679 1.84304762
v -0.11228228 -0.62400222 1.84441030
v -0.11177947 -0.62291491 1.84515333
v -0.03515867 -0.60712755 1.73727155
v -0.03440173 -0.60775232 1.73603725
v -0.11405762 -0.61944914 1.84865808
v -0.11711793 -0.61828101 1.84843266
v -0.11686698 -0.61570513 1.84784508
v -0.11356321 -0.61708081 1.84856224
v -0.03367612 -0.60846645 1.73580337
v -0.03477794 -0.60730183 1.73634136
v -0.03564456 -0.60744226 1.73513103
v -0.03547095 -0.60796046 1.73475766
v -0.11101262 -0.62001979 1.84533238
v -0.11137821 -0.62134868 1.84428227
v -0.11145528 -0.62151778 1.84617686
v -0.11099239 -0.62001348 1.84721851
v -0.03511669 -0.60838902 1.73474240
v -0.03665445 -0.60841447 1.73305094
v -0.13352329 -0.65118903 1.84173167
v -0.13476670 -0.65228015 1.84380853
v -0.03631847 -0.60895884 1.73273516
v -0.03694607 -0.60767090 1.73362684
v -0.03543897 -0.60733014 1.73657036
v -0.13579240 -0.64982909 1.85757995
v -0.13548858 -0.64829791 1.85944438
v -0.13519545 -0.65303952 1.85311949
v -0.13488081 -0.65229970 1.85544991
v -0.03621106 -0.60756463 1.73559570
v -0.03730727 -0.60767102 1.73439670
v -0.03889187 -0.60758698 1.73276865
v -0.12617446 -0.61582804 1.84190261
v -0.12682983 -0.61682737 1.84347665
v -0.12604071 -0.61551982 1.84409666
v -0.13715720 -0.65267467 1.85620213
v -0.13742186 -0.65535223 1.85698879
v -0.12743254 -0.59810722 1.84765422
v -0.12681799 -0.59616399 1.84756517
v -0.11554554 -0.53655231 1.85780573
v -0.12049985 -0.55019343 1.86371672
v -0.12310719 -0.54381573 1.86906934
v -0.11655305 -0.53117144 1.86387908
v -0.13355157 -0.64422268 1.83514082
v -0.13259135 -0.64635879 1.83342230
v -0.04139243 -0.60798907 1.73090839
v -0.04159357 -0.60860884 1.73200822
v -0.04453171 -0.60839331 1.72957444
v -0.11106580 -0.61817342 1.84498644
v -0.11067794 -0.61805904 1.84648275
v -0.11350273 -0.61655986 1.84712970
v -0.11753191 -0.62099338 1.84359288
v -0.11314654 -0.62144738 1.84281373
v -0.04476908 -0.60912031 1.73162007
v -0.04879696 -0.61174393 1.72787476
v -0.04365675 -0.61135095 1.72691298
v -0.04467934 -0.60955346 1.73232591
v -0.04604420 -0.60988939 1.73693180
v -0.04790546 -0.60984445 1.73751724
v -0.04836944 -0.60915756 1.73341560
v -0.11443111 -0.62102669 1.84784412
v -0.05780959 -0.60787439 1.73672271
v -0.05707621 -0.60824859 1.73580885
v -0.11603074 -0.62493789 1.84462488
v -0.11738087 -0.62438023 1.84321642
v -0.12080295 -0.61137879 1.84770095
v -0.12182610 -0.61200070 1.85010588
v -0.12427358 -0.61056310 1.84785891
v -0.11093469 -0.61828220 1.84815490
v -0.12268575 -0.63630140 1.84502864
v -0.05210586 -0.60948753 1.73886609
v -0.05246149 -0.60926694 1.73927188
v -0.05945842 -0.60775197 1.73654163
v -0.05830111 -0.60794079 1.73531699
v -0.11757904 -0.62194312 1.84793305
v -0.11940594 -0.62098122 1.85142136
v -0.11955312 -0.61854208 1.85163820
v -0.11735049 -0.62014461 1.84869730
v -0.12823874 -0.61300969 1.85888696
v -0.12881152 -0.61448681 1.85791874
v -0.12168027 -0.61740255 1.85559022
v -0.12618934 -0.61674428 1.85449481
v -0.12437010 -0.63114887 1.84588063
v -0.12646885 -0.63324058 1.84324098
v -0.12264338 -0.62561303 1.84370065
v -0.11849633 -0.62345612 1.84655035
v -0.11999412 -0.62295038 1.84996498
v -0.11774519 -0.62223524 1.84325957
v -0.12165059 -0.62227851 1.84347224
v -0.12140648 -0.62327206 1.84310246
v -0.11768197 -0.62317419 1.84307706
v -0.12946838 -0.64244139 1.84467864
v -0.13182268 -0.64374560 1.83339751
v -0.13256653 -0.64156848 1.83586979
v -0.12616329 -0.66510683 1.85160303
v -0.12300129 -0.66030300 1.85985458
v -0.12620054 -0.65520257 1.84723473
v -0.11472531 -0.62266374 1.84690428
v -0.11285658 -0.62452132 1.84267879
v -0.11399266 -0.62307942 1.84266007
v -0.13091838 -0.62072122 1.86568213
v -0.12530029 -0.61019832 1.84802210
v -0.12447937 -0.63465643 1.84120536
v -0.12855361 -0.63175297 1.86771190
v -0.12789752 -0.62586290 1.86809623
v -0.12362188 -0.63594741 1.84077406
v -0.12450998 -0.63676935 1.83995676
v -0.12241338 -0.61268675 1.85087371
v -0.12457052 -0.61246604 1.84845257
v -0.12483636 -0.63700092 1.83969069
v -0.12610680 -0.61691052 1.84456813
v -0.13268474 -0.64570457 1.85141039
v -0.05417261 -0.60910124 1.73432708
v -0.05088107 -0.60969472 1.73823583
v -0.12455142 -0.60642707 1.86258578
v -0.12398764 -0.60353714 1.86054385
v -0.05155634 -0.60976994 1.73840070
v -0.11365873 -0.62237900 1.84256077
v -0.05557791 -0.60883093 1.73503470
v -0.11638682 -0.61552382 1.84698164
v -0.11544429 -0.62381792 1.84574282
v -0.05532242 -0.60861027 1.73279572
v -0.05729399 -0.60805631 1.73467040
v -0.04880813 -0.60891140 1.73175859
v -0.12436232 -0.62038440 1.84425366
v -0.12375186 -0.61872172 1.84419084
v -0.12675273 -0.61848253 1.84433961
v -0.01134481 -0.72954196 1.87592816
v -0.00987587 -0.71582472 1.88623595
v -0.12652786 -0.61842203 1.85606599
v -0.12154917 -0.61999393 1.85692310
v -0.12231825 -0.62201333 1.85854304
v -0.12779856 -0.62017882 1.85755765
v -0.12711248 -0.62011486 1.86811042
v -0.12641540 -0.61438471 1.86682689
v -0.12875487 -0.61343122 1.86720252
v -0.12976936 -0.61934853 1.86906469
v 0.00374876 -0.71104121 1.87080073
v 0.00162582 -0.72265708 1.86197615
v -0.12487756 -0.68213743 1.85266554
v -0.12938944 -0.66687554 1.84394288
v -0.12995720 -0.68303776 1.84022629
v -0.13027683 -0.65552449 1.84941053
v -0.12972263 -0.65422118 1.85208511
v -0.13378340 -0.65726131 1.85529208
v -0.13069038 -0.65216106 1.83376193
v -0.12972195 -0.65183878 1.83799005
v -0.13069475 -0.65174139 1.83585572
v -0.13137442 -0.63780010 1.86871755
v -0.04179070 -0.60939354 1.73412192
v -0.04447378 -0.60987765 1.73825324
v 0.00909438 -0.71954924 1.85164118
v 0.00702889 -0.72642618 1.84550095
v 0.00057200 -0.73145765 1.85220206
v -0.01536915 -0.60082978 1.89620805
v -0.02771369 -0.60062438 1.90871191
v -0.12876448 -0.63217890 1.83676410
v -0.12903361 -0.63452244 1.83881366
v -0.06179419 -0.60729611 1.73633969
v -0.12473194 -0.62061918 1.86520851
v -0.06022510 -0.60800642 1.73492897
v -0.12908971 -0.61755395 1.85658181
v -0.13050339 -0.61918974 1.85912168
v -0.13752885 -0.65345955 1.84478939
v -0.13574302 -0.65017718 1.84259212
v -0.06278090 -0.60658604 1.73743510
v -0.06346935 -0.60637927 1.73762155
v -0.06252944 -0.60736501 1.73652983
v -0.06127993 -0.60820204 1.73518920
v -0.05847828 -0.60834038 1.73369288
v -0.05942114 -0.60853517 1.73353016
v -0.05638568 -0.60897315 1.73109925
v -0.05618121 -0.60849392 1.73165882
v -0.04901956 -0.60849649 1.72978806
v -0.04913044 -0.60890508 1.72917604
v -0.05685749 -0.60997236 1.73135543
v -0.05992563 -0.60917974 1.73403406
v -0.05718869 -0.61100084 1.73195839
v -0.05987222 -0.61025953 1.73402202
v -0.04906173 -0.61120915 1.72921467
v -0.04895783 -0.61015105 1.72903681
v -0.06036276 -0.60379404 1.73772562
v -0.06241488 -0.60442281 1.73816109
v -0.05983644 -0.60414100 1.73778439
v -0.06195794 -0.60481375 1.73832214
v -0.05840933 -0.60486197 1.73806965
v -0.06258444 -0.60562497 1.73800564
v -0.06357295 -0.60511363 1.73832011
v -0.08597189 -0.50474751 1.84678745
v -0.08642846 -0.50331795 1.85541415
v -0.05733407 -0.60524285 1.73807621
v -0.06313716 -0.60760987 1.73703313
v -0.06429884 -0.60631740 1.73797798
v -0.06401672 -0.60848874 1.73788750
v -0.06486981 -0.60672635 1.73849773
v -0.06198468 -0.60997462 1.73591650
v -0.06187505 -0.60871077 1.73582768
v -0.06449738 -0.60498559 1.73871827
v -0.06393348 -0.60441852 1.73867011
v -0.06507970 -0.60500848 1.73889148
v -0.06454192 -0.60426098 1.73890185
v -0.05781549 -0.60025716 1.73699939
v -0.05789639 -0.59931278 1.73752642
v -0.06091798 -0.60233241 1.73781705
v -0.06143353 -0.60188407 1.73818398
v -0.04898627 -0.59681761 1.73678529
v -0.04559007 -0.59720904 1.73687518
v -0.04929395 -0.59608847 1.73721838
v -0.09344931 -0.57296216 1.73826063
v -0.09439489 -0.57363343 1.73989904
v -0.09296739 -0.57560515 1.73947823
v -0.09259987 -0.57529318 1.73876345
v -0.04576154 -0.59636271 1.73715329
v -0.05438077 -0.59682453 1.73764098
v -0.05395583 -0.59759730 1.73703003
v -0.04213629 -0.50679958 1.86639488
v -0.03336095 -0.60125923 1.73949850
v -0.03218207 -0.60061884 1.73996282
v -0.03421649 -0.59919214 1.73931122
v -0.03516636 -0.60027111 1.73879457
v -0.03750106 -0.59933299 1.73802090
v -0.09317899 -0.56520736 1.74373424
v -0.09225465 -0.56721294 1.74377966
v -0.09296256 -0.56757545 1.74498463
v -0.09405407 -0.56586504 1.74495316
v -0.03671677 -0.59818113 1.73854041
v -0.03955084 -0.59727073 1.73795378
v -0.03975008 -0.59851867 1.73736894
v -0.04203836 -0.59773791 1.73702383
v -0.04227753 -0.59657788 1.73764777
v -0.02988348 -0.60584980 1.74035788
v -0.02863278 -0.60859895 1.73903179
v -0.02758608 -0.60579062 1.74153686
v -0.02582917 -0.60906577 1.74032736
v -0.06564087 -0.60938609 1.73792911
v -0.09013975 -0.57510662 1.73887396
v -0.08933206 -0.57154256 1.73779285
v -0.09120356 -0.57175207 1.73641169
v -0.09145480 -0.57541198 1.73828447
v -0.06597279 -0.60726285 1.73899615
v -0.06761862 -0.60965967 1.73728836
v -0.06787422 -0.60702181 1.73900664
v -0.06665903 -0.61161292 1.73495317
v -0.06441666 -0.61123806 1.73572409
v -0.06588717 -0.60496128 1.73941970
v -0.06515834 -0.60405856 1.73933685
v -0.06719868 -0.60487783 1.73964715
v -0.06614324 -0.60346293 1.73982644
v -0.05837772 -0.59899271 1.73780227
v -0.05874633 -0.59857553 1.73819852
v -0.06192629 -0.60148060 1.73857033
v -0.06273104 -0.60081464 1.73912263
v 0.01075117 -0.64071333 1.87904692
v 0.01489016 -0.68160528 1.86946046
v -0.03578031 -0.61553502 1.72509491
v -0.03804439 -0.61287558 1.72651291
v -0.04224477 -0.61313426 1.72486281
v -0.04050574 -0.61610138 1.72263598
v -0.03255416 -0.61946112 1.72405887
v -0.02937164 -0.61721933 1.72688448
v -0.03218753 -0.61412102 1.72719884
v -0.03475399 -0.61204082 1.72786689
v -0.02840431 -0.61060524 1.73670697
v -0.03092487 -0.60986602 1.73596740
v -0.03136031 -0.61082149 1.73386168
v -0.02919734 -0.61185884 1.73339307
v -0.02557352 -0.61126173 1.73767591
v -0.02620554 -0.61306536 1.73378730
v -0.03039676 -0.61272836 1.73015428
v -0.03263532 -0.61115098 1.73030519
v -0.02744726 -0.61470866 1.73012900
v -0.05970004 -0.61349946 1.72906578
v -0.05858494 -0.61256504 1.73070455
v -0.06134943 -0.61180139 1.73333383
v -0.06278259 -0.61273766 1.73279345
v -0.06150055 -0.61459374 1.72768235
v -0.06522925 -0.61331177 1.73204589
v -0.04767092 -0.61605620 1.72198176
v -0.04819375 -0.61356437 1.72456825
v -0.05729470 -0.61156100 1.73211133
v -0.05924379 -0.61099988 1.73336935
v -0.05746749 -0.61179394 1.73220825
v -0.05978350 -0.61103046 1.73390639
v 0.00960441 -0.72774774 1.82208252
v 0.00893041 -0.72777647 1.80794358
v -0.00424452 -0.74377322 1.81287050
v -0.00209968 -0.74173999 1.82744825
v -0.04127746 -0.61068946 1.73003280
v -0.04075214 -0.61082238 1.72937644
v -0.03770767 -0.60996038 1.73061311
v -0.03827814 -0.60977018 1.73109400
v -0.03607273 -0.60931492 1.73242593
v -0.03532353 -0.60962474 1.73200274
v -0.03386014 -0.60940623 1.73387444
v -0.03468405 -0.60893148 1.73413563
v -0.03361049 -0.60894537 1.73509562
v -0.03284033 -0.60904175 1.73544347
v -0.05955286 -0.61160028 1.73307025
v -0.05752176 -0.61196637 1.73177886
v 0.01208792 -0.70897710 1.85793293
v -0.03631048 -0.65528756 1.71812320
v -0.02825659 -0.65439409 1.72365773
v -0.03151691 -0.64687699 1.72194386
v -0.03984107 -0.61107433 1.72805762
v -0.03661764 -0.61051881 1.72971082
v -0.03426661 -0.61028719 1.73160040
v -0.03294742 -0.61011267 1.73371446
v -0.03218612 -0.60974032 1.73503923
v 0.00961120 -0.60246909 1.80048978
v 0.01052218 -0.60310560 1.80211401
v 0.02463367 -0.62391180 1.81903088
v 0.02246715 -0.62951779 1.81551981
v 0.02098934 -0.63232601 1.81347394
v 0.01716248 -0.63281083 1.79598475
v 0.02089281 -0.63653666 1.79657578
v 0.02677741 -0.60355121 1.81993866
v 0.02286407 -0.60029680 1.81812739
v -0.13739473 -0.65668100 1.84384000
v 0.02674216 -0.60450435 1.82008076
v 0.03090962 -0.63815731 1.80613208
v 0.03162895 -0.63729256 1.80818784
v 0.03259293 -0.63690585 1.80787337
v -0.00117886 -0.62149864 1.88281083
v 0.00712189 -0.63195455 1.88036180
v 0.03244452 -0.63612121 1.81019282
v 0.01314666 -0.60790884 1.80161929
v 0.02560223 -0.62347889 1.81920624
v 0.02750535 -0.62370092 1.82041478
v 0.02850510 -0.61896729 1.82235074
v 0.02766151 -0.61908448 1.82170582
v 0.02748289 -0.61326325 1.82321358
v 0.02688530 -0.61375970 1.82253432
v 0.02864113 -0.60798728 1.82089400
v 0.03045964 -0.61234349 1.82080054
v 0.02245454 -0.63751978 1.79709709
v 0.02156235 -0.63655096 1.79620194
v 0.02360375 -0.63749343 1.79708314
v 0.01420812 -0.60742712 1.80319846
v 0.01546977 -0.63108289 1.79710555
v 0.01479774 -0.62867081 1.79767263
v 0.01454772 -0.62924558 1.79795253
v 0.01104201 -0.61348253 1.80459058
v 0.01106962 -0.61435521 1.80441165
v 0.01248620 -0.61205989 1.80494034
v 0.01468847 -0.60994160 1.80383563
v 0.00908251 -0.60370445 1.80853844
v 0.00914378 -0.60347897 1.81071854
v 0.00955949 -0.60237598 1.81048131
v 0.02626048 -0.64508903 1.79740739
v 0.01497812 -0.62762618 1.79779387
v 0.01619854 -0.62868261 1.79701507
v 0.01665674 -0.62977946 1.79632151
v 0.02462072 -0.63718253 1.79738081
v 0.01695317 -0.63080990 1.79600453
v 0.01613597 -0.63070524 1.79633021
v 0.01783694 -0.63258296 1.79579055
v 0.01566070 -0.63084799 1.79673183
v 0.01797939 -0.61228657 1.81844687
v 0.01642096 -0.61185515 1.81665921
v 0.01053007 -0.62128305 1.79091549
v 0.01164431 -0.62022972 1.79413569
v 0.02156125 -0.59878057 1.81650615
v 0.01870007 -0.63656503 1.80697525
v 0.01905574 -0.63891751 1.80744576
v 0.03200461 -0.61737663 1.81979060
v 0.02389089 -0.60734427 1.81457186
v 0.02135430 -0.60624510 1.81355703
v 0.02617541 -0.60908484 1.81531763
v 0.02738258 -0.61154974 1.81556213
v 0.01285116 -0.62433642 1.80582368
v 0.02433185 -0.63008571 1.80557811
v 0.02551557 -0.62831593 1.80745184
v 0.02247631 -0.62956846 1.80459511
v 0.01941055 -0.64140892 1.80273867
v 0.01858903 -0.64050007 1.80072749
v 0.01870055 -0.63680404 1.80414557
v 0.01809169 -0.63887256 1.80108011
v 0.01076315 -0.60672462 1.80664134
v 0.01175709 -0.60312438 1.81349695
v 0.01174299 -0.60506141 1.81225729
v 0.01307936 -0.60352600 1.81364858
v 0.01368095 -0.60477030 1.81352949
v 0.01446952 -0.60669518 1.81422114
v 0.01501926 -0.60898948 1.81477880
v 0.01490654 -0.61147463 1.81452465
v 0.01000176 -0.61064374 1.80609465
v 0.01577521 -0.63549072 1.79091656
v 0.00959901 -0.60903490 1.80697846
v 0.01140044 -0.61216986 1.80503535
v 0.01157401 -0.61045921 1.80561113
v 0.01123455 -0.60862553 1.80625677
v 0.01708918 -0.60139608 1.81015754
v 0.01835627 -0.60373282 1.81123829
v 0.01548297 -0.60162890 1.80869865
v 0.01958106 -0.60514092 1.81251526
v 0.01419061 -0.60172212 1.80862999
v 0.01860129 -0.63707513 1.80510521
v 0.01860793 -0.63955444 1.80295932
v 0.00948237 -0.60467666 1.79703307
v -0.01111751 -0.59037262 1.75394106
v -0.00856631 -0.60125840 1.75381029
v -0.04955984 -0.54272795 1.76944876
v -0.04988782 -0.53983241 1.77082753
v -0.02148373 -0.57617128 1.74895060
v -0.02699273 -0.57171863 1.74665380
v -0.05452957 -0.54182339 1.75721109
v -0.05520511 -0.54111469 1.75746882
v -0.05614692 -0.54176211 1.75742579
v -0.05534387 -0.54203975 1.75728273
v -0.05687208 -0.54317749 1.75933599
v -0.05591388 -0.54336846 1.75967503
v -0.05605798 -0.54295039 1.75875068
v -0.05695515 -0.54277301 1.75841749
v -0.05312726 -0.55424511 1.74760377
v -0.04942655 -0.55770338 1.74517930
v -0.04574802 -0.55398941 1.74770117
v -0.04951258 -0.55103707 1.74934423
v -0.05216900 -0.54562515 1.76583362
v -0.05286382 -0.54675055 1.76485753
v -0.05484033 -0.54556167 1.76167417
v -0.05420656 -0.54508770 1.76225734
v -0.05170320 -0.54367745 1.76680911
v -0.05398061 -0.54403186 1.76321077
v -0.04996010 -0.54620147 1.76768577
v -0.05098451 -0.54804361 1.76654696
v -0.04408929 -0.53670847 1.76015365
v -0.04850524 -0.53813666 1.75920868
v -0.04817078 -0.54050291 1.75730193
v -0.04369759 -0.54095614 1.75730908
v -0.05719331 -0.56488478 1.74333453
v -0.05311150 -0.56114775 1.74403203
v -0.05613152 -0.55772305 1.74647808
v -0.06029680 -0.56184530 1.74578166
v -0.06477538 -0.56624782 1.74454427
v -0.06159840 -0.56863832 1.74295509
v -0.06816727 -0.57152402 1.73906302
v -0.06801336 -0.56787550 1.73990285
v -0.06929855 -0.56594551 1.73752332
v -0.06888722 -0.56800985 1.73772848
v -0.07010335 -0.56348646 1.74092472
v -0.06747676 -0.56663656 1.74203467
v -0.07355660 -0.56286967 1.74188113
v -0.09632549 -0.56554341 1.74511600
v -0.09504400 -0.56769395 1.74496198
v -0.09625205 -0.56738317 1.74337089
v -0.09807371 -0.56558686 1.74348283
v -0.07422638 -0.56290984 1.74111891
v -0.06953055 -0.56354386 1.74233472
v -0.09159002 -0.56198335 1.73542106
v -0.09277320 -0.56392813 1.73464870
v -0.09101427 -0.56420255 1.73668909
v -0.09093075 -0.56242990 1.73780298
v -0.06873837 -0.56336284 1.74434114
v -0.07281904 -0.56263119 1.74295366
v -0.07502518 -0.56350851 1.74014044
v -0.07244781 -0.56310153 1.73927677
v -0.09427229 -0.56476933 1.73547518
v -0.09654974 -0.56363308 1.73472917
v -0.09772927 -0.56454813 1.73679519
v -0.09515280 -0.56540334 1.73738766
v -0.08939761 -0.56856298 1.73999286
v -0.09094056 -0.56625438 1.74003196
v -0.08970584 -0.56695813 1.73641503
v -0.09595954 -0.57032514 1.74388695
v -0.09427218 -0.56991684 1.74520171
v -0.09314117 -0.57337379 1.74353540
v -0.09460104 -0.57378721 1.74272394
v -0.07153919 -0.56392151 1.73672855
v -0.08309767 -0.56083608 1.73411417
v -0.08252493 -0.56110013 1.73155618
v -0.07574171 -0.59364480 1.73183179
v -0.07193564 -0.59161270 1.73473322
v -0.07631188 -0.59021258 1.73113108
v -0.07264027 -0.58867371 1.73388338
v -0.07305950 -0.56430346 1.73278248
v -0.07210733 -0.56621647 1.73353064
v -0.07639234 -0.56392080 1.72977841
v -0.07577308 -0.56609511 1.72892809
v -0.08109354 -0.60775715 1.72785842
v -0.08371697 -0.55970275 1.73958683
v -0.08326858 -0.55918574 1.74028742
v -0.08461840 -0.55985534 1.73764324
v -0.01571250 -0.74579018 1.85333979
v -0.01859022 -0.75283819 1.83713794
v -0.02638203 -0.75560325 1.80945456
v -0.03207935 -0.75381297 1.79680145
v -0.07911879 -0.54399443 1.74599588
v -0.07973732 -0.54617894 1.74528766
v -0.06677450 -0.54824877 1.75981247
v -0.07281664 -0.54775625 1.75942934
v -0.07447731 -0.54410791 1.75698054
v -0.06880133 -0.54436803 1.75672793
v -0.06400202 -0.54484856 1.75756788
v -0.06184166 -0.54828125 1.76017821
v -0.06566370 -0.55053127 1.76065111
v -0.07188377 -0.55019760 1.76083469
v -0.07044405 -0.54115754 1.75379729
v -0.07622416 -0.54075885 1.75318170
v -0.07723701 -0.54086357 1.75022805
v -0.07120065 -0.54127616 1.75135660
v -0.06514896 -0.55954087 1.74636710
v -0.06999768 -0.55958933 1.74533570
v -0.07484201 -0.55877596 1.74343312
v -0.07841049 -0.55793226 1.74201155
v -0.07925644 -0.55963594 1.74094343
v -0.07627146 -0.56113249 1.74181557
v -0.07969418 -0.56024522 1.74031687
v -0.07677903 -0.56159627 1.74110925
v -0.07707618 -0.56208026 1.74029553
v -0.07686931 -0.56340843 1.73943448
v -0.07902583 -0.56276846 1.73890138
v -0.07857092 -0.56408942 1.73861885
v -0.07993619 -0.56095350 1.73973227
v -0.08432846 -0.58057290 1.72452903
v -0.08403571 -0.58493364 1.72545218
v -0.07472499 -0.54804337 1.74486661
v -0.07988241 -0.54840946 1.74477816
v -0.08085221 -0.55224550 1.74401128
v -0.07616231 -0.55252862 1.74398029
v -0.07111572 -0.55243075 1.74517024
v -0.06904623 -0.54742932 1.74620247
v -0.08272130 -0.55855340 1.74080122
v -0.07450484 -0.54593849 1.74572825
v -0.07369664 -0.54406112 1.74673212
v -0.06836265 -0.54546779 1.74742889
v -0.06776747 -0.54370153 1.74877393
v -0.06331962 -0.54654962 1.74901259
v -0.06504086 -0.55146974 1.74702704
v -0.05813451 -0.55103463 1.74866009
v -0.05833105 -0.54529357 1.75222850
v -0.04899186 -0.54307091 1.75517881
v -0.05353410 -0.54096943 1.75735855
v -0.05345577 -0.54295802 1.75603926
v -0.05422588 -0.54368311 1.75503874
v -0.05028429 -0.54596221 1.75310349
v -0.04486953 -0.54452097 1.75450706
v -0.04681308 -0.54786152 1.75191748
v -0.05303085 -0.54816115 1.75117779
v -0.05557204 -0.54443997 1.75386643
v -0.05468852 -0.54235482 1.75658309
v -0.05545238 -0.54228926 1.75702691
v -0.05531136 -0.54266763 1.75580442
v -0.05603576 -0.54236722 1.75653064
v -0.05635088 -0.54282081 1.75487483
v -0.05690745 -0.54233402 1.75591111
v -0.05844595 -0.54234421 1.75484705
v -0.05823195 -0.54320163 1.75347042
v -0.05711989 -0.54333305 1.75900757
v -0.05850538 -0.54305249 1.75839782
v -0.05887679 -0.54239726 1.75735664
v -0.05747706 -0.54270017 1.75802040
v -0.05615791 -0.54349834 1.75940895
v -0.05663837 -0.54286528 1.75835109
v -0.05580628 -0.54576385 1.76096547
v -0.05710060 -0.54561150 1.76054740
v -0.11719930 -0.54634202 1.84781158
v -0.11867794 -0.55865145 1.85856164
v -0.05536304 -0.54375052 1.75986373
v -0.05566287 -0.54315722 1.75894511
v -0.05609680 -0.54243696 1.75762010
v -0.05649382 -0.54246283 1.75740385
v -0.05733604 -0.54235864 1.75698006
v -0.05871077 -0.54217947 1.75629556
v -0.06718612 -0.54246688 1.75050938
v -0.06291237 -0.54321373 1.75153208
v -0.06264675 -0.54253101 1.75339484
v -0.06653552 -0.54173905 1.75308514
v -0.06247169 -0.54231083 1.75519919
v -0.06060581 -0.55034709 1.76122451
v -0.06609899 -0.54187936 1.75494707
v -0.05745754 -0.54836035 1.76200604
v -0.05582374 -0.55044442 1.76317334
v -0.05952415 -0.54498643 1.75942230
v -0.05394809 -0.54735231 1.76377165
v -0.05498926 -0.54814970 1.76318681
v -0.05239030 -0.54914999 1.76510167
v -0.05381899 -0.54961509 1.76420248
v -0.06188804 -0.54251444 1.75695729
v -0.06300037 -0.54457718 1.75035429
v -0.07266110 -0.54259795 1.74881232
v -0.07830778 -0.54229367 1.74788940
v -0.11382887 -0.59488308 1.75750160
v -0.11362672 -0.59184378 1.75733054
v -0.10971302 -0.59238231 1.75518322
v -0.11019042 -0.59507799 1.75530541
v -0.08493812 -0.57086575 1.72211814
v -0.08460023 -0.57605392 1.72342706
v -0.05682607 -0.54227257 1.75760233
v -0.06689285 -0.49760938 1.86286855
v -0.12781183 -0.62018645 1.84306931
v -0.12783599 -0.62023157 1.84170628
v -0.12897716 -0.65277159 1.85468948
v -0.05369646 -0.54044783 1.75756478
v -0.05198281 -0.54161203 1.76814473
v -0.05459432 -0.54275954 1.76383591
v -0.04616321 -0.53297186 1.76267791
v -0.05048269 -0.52862883 1.76374209
v -0.05364750 -0.53172070 1.76132083
v -0.04992064 -0.53542739 1.76074553
v -0.05785037 -0.53639311 1.75782824
v -0.05517092 -0.53886670 1.75789070
v -0.13533625 -0.65323836 1.85037434
v -0.05664913 -0.53993428 1.75718212
v -0.05932886 -0.53808725 1.75671530
v -0.06038379 -0.53934848 1.75592494
v -0.05769551 -0.54095232 1.75695372
v -0.06221424 -0.54208452 1.75726759
v -0.06728431 -0.54097939 1.75639212
v -0.06562872 -0.53992891 1.76216686
v -0.06041234 -0.54070699 1.76267028
v -0.05601128 -0.54185057 1.76354551
v -0.05808594 -0.54290193 1.75886142
v -0.13097724 -0.65606904 1.84669626
v -0.13152970 -0.65559763 1.84096789
v -0.13067724 -0.65387923 1.84077406
v -0.13023522 -0.65385336 1.84563518
v -0.06182428 -0.54168606 1.75618327
v -0.05822432 -0.54243976 1.75783408
v -0.06696574 -0.54026204 1.75510097
v -0.05515271 -0.50056267 1.86430025
v -0.05811359 -0.54178160 1.75711942
v -0.06135905 -0.54109216 1.75583434
v -0.06619250 -0.53898531 1.75449455
v -0.06511454 -0.53701138 1.75449514
v -0.06411221 -0.53504252 1.75522053
v -0.06284811 -0.53294605 1.75692749
v -0.05910393 -0.52715576 1.76082909
v -0.05676015 -0.52300906 1.76376987
v -0.06541140 -0.52404869 1.76096487
v -0.06343581 -0.51909637 1.76304865
v -0.06868027 -0.53002429 1.75639129
v -0.07012047 -0.53231335 1.75405324
v -0.07058685 -0.53508794 1.75311232
v -0.07130338 -0.53744245 1.75319707
v -0.08196697 -0.55721259 1.74182081
v -0.08057156 -0.56213313 1.73814213
v -0.08230090 -0.56129146 1.73647666
v -0.08073924 -0.56178075 1.72968435
v -0.08532611 -0.55960226 1.73546481
v -0.07827096 -0.56313717 1.72865057
v -0.08020608 -0.56216526 1.72815835
v -0.07990088 -0.56302500 1.72654438
v -0.07853645 -0.56401038 1.72720993
v -0.08189753 -0.56116891 1.72781849
v -0.08104542 -0.56247920 1.72602701
v -0.08614431 -0.55963892 1.72790766
v -0.08611052 -0.56184697 1.72460115
v -0.08547308 -0.56671929 1.72206879
v -0.08603741 -0.56352532 1.72329319
v -0.07981558 -0.56419820 1.72547460
v -0.07813393 -0.56644690 1.72574019
v -0.13755994 -0.65389413 1.85121882
v -0.07745439 -0.57015824 1.72610140
v -0.07480463 -0.56947184 1.72978139
v -0.05330433 -0.73740941 1.75929403
v -0.07202590 -0.53891927 1.75394392
v -0.07248152 -0.53979063 1.75597692
v -0.12666035 -0.60904217 1.84893394
v -0.13091102 -0.64043474 1.85017610
v -0.06229697 -0.53405893 1.77190566
v -0.06363544 -0.53711784 1.76832271
v -0.06868395 -0.53621161 1.76872659
v -0.13176790 -0.65464759 1.83843493
v -0.13468914 -0.65666592 1.83911431
v -0.06737705 -0.53339624 1.77224195
v -0.07662085 -0.53946817 1.75637460
v -0.13311911 -0.63522607 1.86472929
v -0.13739178 -0.65354145 1.85374498
v -0.13605510 -0.65152174 1.85312915
v -0.13434492 -0.64496899 1.83770061
v -0.12343244 -0.62584090 1.85989976
v -0.13026646 -0.62558520 1.85986805
v -0.12924378 -0.62229204 1.85881364
v -0.12300986 -0.62361526 1.85949218
v -0.12104471 -0.63429195 1.84721601
v -0.07490560 -0.53861618 1.76246595
v -0.07077546 -0.53926557 1.76196027
v -0.07693546 -0.53854311 1.75422585
v -0.07656303 -0.53688169 1.75320876
v -0.07594185 -0.53426087 1.75294685
v -0.07279836 -0.53555012 1.76927829
v -0.07140066 -0.53252101 1.77287662
v -0.12621932 -0.60853028 1.83882666
v -0.05367515 -0.53981304 1.76859224
v -0.12871622 -0.60796922 1.85841703
v -0.12880124 -0.61022210 1.86012399
v -0.06923577 -0.63321352 1.90564871
v -0.06830625 -0.64168090 1.90827334
v -0.13385439 -0.63704962 1.86808836
v -0.05188788 -0.53737193 1.77166891
v -0.05854307 -0.53783202 1.76873350
v -0.05686883 -0.53527480 1.77179861
v -0.07111774 -0.51745343 1.76304841
v -0.07246495 -0.52264905 1.76156235
v -0.07543942 -0.53134382 1.75418377
v -0.07416748 -0.52859128 1.75712967
v -0.02224238 -0.75547010 1.82310462
v -0.01145564 -0.66857451 1.73758447
v -0.01504097 -0.65927058 1.73413885
v -0.13323259 -0.65142423 1.84276283
v -0.02390540 -0.66375536 1.72716069
v -0.02050186 -0.67139274 1.73060310
v -0.00931973 -0.67875731 1.74136508
v -0.01813636 -0.68044400 1.73426855
v -0.01962443 -0.73594648 1.77306080
v -0.02306711 -0.72867507 1.76098704
v -0.04220483 -0.73508084 1.75848269
v -0.02026974 -0.74405080 1.78604329
v -0.00608948 -0.73938555 1.79477048
v -0.00962986 -0.73170185 1.77668691
v -0.01400583 -0.72421837 1.76374531
v -0.12796724 -0.60947669 1.85077941
v -0.12751593 -0.60377294 1.85293555
v -0.12712549 -0.60301626 1.85085642
v -0.12764266 -0.64104694 1.84384370
v -0.03347234 -0.59652472 1.91728330
v 0.01471047 -0.69319797 1.86505413
v -0.01912140 -0.71749663 1.75243592
v -0.02760505 -0.72105753 1.75001216
v -0.03137728 -0.71289665 1.74090827
v -0.02345788 -0.71040934 1.74372387
v -0.04609927 -0.72595757 1.74803185
v -0.05718659 -0.72797966 1.74804723
v -0.01017116 -0.66821843 1.90232146
v -0.08357272 -0.58893466 1.72625875
v -0.00289350 -0.60148966 1.87645745
v 0.00343200 -0.58909786 1.85905170
v -0.01159968 -0.54045045 1.88047743
v 0.01276311 -0.59729820 1.82193744
v 0.01265098 -0.59825969 1.82258081
v 0.00161306 -0.56631809 1.84941757
v 0.00478434 -0.57728064 1.84083629
v -0.00916457 -0.60949564 1.88871610
v 0.02415779 -0.61192638 1.82336330
v 0.02480365 -0.61623347 1.82236373
v 0.02508442 -0.61089110 1.82294846
v 0.02585081 -0.61557734 1.82204628
v 0.02606752 -0.61959624 1.82094598
v 0.02534145 -0.60899043 1.82284653
v 0.01814781 -0.63955337 1.79810727
v 0.01906289 -0.64048380 1.79607666
v -0.12423351 -0.62159550 1.86486936
v -0.12419249 -0.62425578 1.86473072
v 0.01134662 -0.59371626 1.81948686
v 0.01156290 -0.59512997 1.82004809
v -0.11275738 -0.62452352 1.84390700
v 0.01083155 -0.59444416 1.82021105
v 0.01039016 -0.59341550 1.81931984
v 0.01087029 -0.59212154 1.81871462
v 0.01011620 -0.59225249 1.81870329
v 0.01728798 -0.64976710 1.78517520
v 0.00956355 -0.59428763 1.82168603
v 0.01172892 -0.59756142 1.82248259
v 0.01149001 -0.59614652 1.82134163
v 0.01043023 -0.59499806 1.82107282
v 0.00987964 -0.59276915 1.82043004
v 0.00956890 -0.59125066 1.81915903
v 0.01032243 -0.59067321 1.81838977
v -0.12604304 -0.61540163 1.86537659
v -0.12431665 -0.60773134 1.86154604
v -0.11902939 -0.57074511 1.86859429
v -0.11410369 -0.58104646 1.88146579
v -0.11878958 -0.57311404 1.88351774
v -0.12191926 -0.56310034 1.87272596
v -0.12883858 -0.62230009 1.83401966
v -0.12729594 -0.61658680 1.83963788
v -0.12714051 -0.61465192 1.83819699
v 0.02582422 -0.60822785 1.82345784
v 0.01645542 -0.59371018 1.82090330
v -0.09965653 -0.51623964 1.84331989
v -0.09662798 -0.51129389 1.85492766
v 0.02070576 -0.63581693 1.80754471
v 0.02124093 -0.63486898 1.80971527
v 0.02363349 -0.63633990 1.81004858
v 0.02292807 -0.63771278 1.80769432
v 0.01634492 -0.63550907 1.86540592
v 0.01905080 -0.64633375 1.86324584
v -0.04416341 -0.60186553 1.91983366
v -0.03803264 -0.60723627 1.91350532
v 0.02650526 -0.66723317 1.82935381
v 0.02006851 -0.63658464 1.80548072
v 0.02240033 -0.63858163 1.80545068
v 0.02512958 -0.62006134 1.82091713
v 0.01915949 -0.63598096 1.80607593
v 0.01989059 -0.63519001 1.80810046
v 0.02368427 -0.64075118 1.80557287
v 0.02438812 -0.63957101 1.80806625
v 0.02500842 -0.63855010 1.81017947
v 0.02052386 -0.63423985 1.81018865
v -0.12824339 -0.60729903 1.83525538
v -0.13258910 -0.60138637 1.82706177
v -0.13405448 -0.61688125 1.81955409
v -0.12989196 -0.61688435 1.83083653
v 0.01994057 -0.64104456 1.80496716
v 0.02235163 -0.68292582 1.79388380
v 0.02532701 -0.68412024 1.80922401
v 0.01844079 -0.69961965 1.79087758
v 0.02136111 -0.70164287 1.80658698
v 0.02110616 -0.70358479 1.82443500
v 0.02514197 -0.68463248 1.82790709
v 0.01819042 -0.63980800 1.79954088
v 0.01991941 -0.64137089 1.79568720
v -0.00725353 -0.68744051 1.74496853
v 0.00018806 -0.68550783 1.75221527
v -0.01647880 -0.68835467 1.73777330
v -0.01529871 -0.69561934 1.74126399
v -0.00679750 -0.69563156 1.74865651
v 0.00375981 -0.69420910 1.76066065
v 0.01988680 -0.66918367 1.78438878
v 0.01728768 -0.68193805 1.77963650
v 0.01087622 -0.68004751 1.76679683
v -0.13300988 -0.62920785 1.77231026
v -0.13367470 -0.63185877 1.77640426
v -0.13418782 -0.62295711 1.78065157
v -0.13282524 -0.62251282 1.77668285
v 0.01262214 -0.69758749 1.77587116
v 0.00067269 -0.70540762 1.76344109
v 0.00842908 -0.70833331 1.77639544
v -0.00508026 -0.71543688 1.76482046
v 0.00126157 -0.72032791 1.77742803
v 0.00562383 -0.72552836 1.79217899
v 0.01393891 -0.71152312 1.79064798
v -0.00738255 -0.70334393 1.75231981
v -0.01572825 -0.70227969 1.74425757
v -0.01147622 -0.71106845 1.75385904
v -0.01684060 -0.70807940 1.74693727
v 0.00741620 -0.67849571 1.76077831
v 0.00668315 -0.58596873 1.82151318
v 0.00684653 -0.58405554 1.81680787
v -0.10068376 -0.66963017 1.72116971
v -0.09148107 -0.66852599 1.71632469
v -0.09002823 -0.67809886 1.71810639
v -0.09996685 -0.67939502 1.72330785
v 0.00806532 -0.59120262 1.80206037
v -0.06901073 -0.64966792 1.90807641
v -0.06911816 -0.66077983 1.90695357
v -0.04864153 -0.65922838 1.91075289
v -0.04901295 -0.64922357 1.91057706
v -0.00378234 -0.59790736 1.76194286
v -0.00353273 -0.61043566 1.75791669
v 0.00194600 -0.60819936 1.76945996
v 0.00160703 -0.59406012 1.77463698
v -0.09521858 -0.70449317 1.73378599
v -0.08580443 -0.70387208 1.72813666
v -0.08340633 -0.71259046 1.73456001
v -0.09320123 -0.71309888 1.73987818
v -0.12943469 -0.59686720 1.77182174
v -0.13162749 -0.59089422 1.77529657
v -0.12902981 -0.58900136 1.77072549
v -0.12705158 -0.59519404 1.76821625
v -0.00481944 -0.62310135 1.75413179
v 0.00168457 -0.62098706 1.76405680
v 0.00047369 -0.63455176 1.76092052
v -0.00670818 -0.63683301 1.74937427
v 0.01816639 -0.70627552 1.84304190
v 0.02160696 -0.69020599 1.84863210
v -0.12872343 -0.59845126 1.85208619
v -0.12824848 -0.59835935 1.85020745
v 0.02244138 -0.67811924 1.85264218
v -0.03372973 -0.63995069 1.72117209
v -0.08048436 -0.72149247 1.74291301
v -0.09037016 -0.72157615 1.74813247
v -0.01372698 -0.73964339 1.86349845
v -0.03286287 -0.66511565 1.72037435
v 0.00946858 -0.72595912 1.83597672
v -0.04931143 -0.60933387 1.91499066
v 0.00006581 -0.73691106 1.84318697
v 0.01683865 -0.71364164 1.80603004
v 0.01727528 -0.71489537 1.82079816
v 0.01443334 -0.71662372 1.83909786
v 0.02142565 -0.66372824 1.85825241
v -0.02463460 -0.70364398 1.73856390
v -0.02225462 -0.61237538 1.73911345
v -0.02265687 -0.60884374 1.74205518
v -0.02285038 -0.61562425 1.73478210
v -0.02448199 -0.60373402 1.74326968
v -0.06780726 -0.58962470 1.73663926
v -0.06872050 -0.58706301 1.73611331
v -0.06948546 -0.58383191 1.73576403
v -0.06491403 -0.58507377 1.73817110
v -0.06579101 -0.58168030 1.73799634
v -0.07425237 -0.58223116 1.73239160
v -0.07324873 -0.58553541 1.73317730
v -0.07055044 -0.58091837 1.73549795
v -0.07148975 -0.57727158 1.73562098
v -0.07472374 -0.57846659 1.73200274
v -0.06598717 -0.56733733 1.74328578
v -0.06448412 -0.57186341 1.74166965
v -0.06789641 -0.57514495 1.73916531
v -0.06152487 -0.57930386 1.73885453
v -0.06296501 -0.57578766 1.73980093
v -0.06673384 -0.57886338 1.73810697
v -0.06018449 -0.58306897 1.73877561
v -0.07113402 -0.57299995 1.73515272
v -0.07121256 -0.56868482 1.73444533
v -0.07482257 -0.57399845 1.73091102
v -0.07735610 -0.57458055 1.72759438
v -0.07744725 -0.57916319 1.72871506
v -0.06378915 -0.58784068 1.73840201
v -0.05871544 -0.58601665 1.73866260
v -0.05915320 -0.57222980 1.74041092
v -0.05418133 -0.56883466 1.74029696
v -0.05671174 -0.57672721 1.73898816
v -0.05202724 -0.57387948 1.73879719
v -0.05525034 -0.58085793 1.73858106
v -0.05034627 -0.57826829 1.73834968
v -0.04974585 -0.56524336 1.74093890
v -0.04570359 -0.56172061 1.74256897
v -0.04163918 -0.55766344 1.74531221
v -0.04264603 -0.56668621 1.74095321
v -0.03821181 -0.56252503 1.74374628
v -0.04050992 -0.57207149 1.73991513
v -0.03551554 -0.56834185 1.74262476
v -0.09442580 -0.59656012 1.74250865
v -0.09429958 -0.59941018 1.74397910
v -0.09728462 -0.59730804 1.74715936
v -0.09751087 -0.59470403 1.74642158
v -0.09160319 -0.63926822 1.71806800
v -0.09195758 -0.64743418 1.71707296
v -0.10016260 -0.64871007 1.72049844
v -0.09910303 -0.64057016 1.72089982
v -0.04704246 -0.57027185 1.73931146
v -0.04526054 -0.57499760 1.73865581
v -0.04892048 -0.58264816 1.73818910
v -0.05370032 -0.58456361 1.73834014
v -0.03943296 -0.58382154 1.73847151
v -0.03964113 -0.57807100 1.73906851
v -0.04424949 -0.58033568 1.73833764
v -0.04371436 -0.58520412 1.73825336
v -0.03416118 -0.57531649 1.74154127
v -0.03455915 -0.58277881 1.73946142
v -0.03513635 -0.58818471 1.73878551
v -0.04990535 -0.59410882 1.73751485
v -0.05494511 -0.59505981 1.73790646
v -0.04621862 -0.59409016 1.73739827
v -0.03969583 -0.58824378 1.73846924
v -0.04346424 -0.58882934 1.73814607
v -0.03001165 -0.59773344 1.74063063
v -0.03271075 -0.59605408 1.73977995
v -0.03957034 -0.59424353 1.73812819
v -0.04258883 -0.59401035 1.73779881
v -0.03589328 -0.59508371 1.73878145
v -0.05968480 -0.59677231 1.73876214
v -0.06430416 -0.59885216 1.73919630
v 0.00086153 -0.57746530 1.86387300
v -0.07732914 -0.58320367 1.72923386
v -0.07688260 -0.58675176 1.73014605
v -0.06838724 -0.61292660 1.73101950
v -0.06991636 -0.61091679 1.73364210
v -0.07727595 -0.60855246 1.72927976
v -0.06529757 -0.61472833 1.72608542
v -0.06768662 -0.60119575 1.73906887
v -0.10105092 -0.59584856 1.75016689
v -0.10064180 -0.59340858 1.74964201
v -0.06933522 -0.60382688 1.73820639
v -0.07039943 -0.60612154 1.73736346
v -0.07065822 -0.60861611 1.73586297
v -0.08881431 -0.68676925 1.72050750
v -0.09837142 -0.68808609 1.72625744
v -0.07647386 -0.75003016 1.78861940
v -0.07916661 -0.74596059 1.78126955
v -0.06857532 -0.74756771 1.77755165
v -0.06619671 -0.75307757 1.78903425
v -0.05492127 -0.62583077 1.71513915
v -0.05855882 -0.61996126 1.71787369
v -0.02011421 -0.64986998 1.73004627
v -0.01529870 -0.64378637 1.73586607
v -0.03072568 -0.62531114 1.72360206
v -0.02688742 -0.62260044 1.72708035
v -0.02425938 -0.61936557 1.73108959
v -0.01204041 -0.63424987 1.74243069
v -0.00955060 -0.62276232 1.74651957
v -0.00815829 -0.61170602 1.75104332
v -0.10988225 -0.64962351 1.87887979
v -0.11699748 -0.64160830 1.86844993
v -0.11955374 -0.65297896 1.86521685
v -0.11280480 -0.66487896 1.87629735
v -0.02793078 -0.68144894 1.72705090
v -0.10884954 -0.52816284 1.84427238
v -0.10711969 -0.52236485 1.85559320
v -0.05542849 -0.60400426 1.92085087
v -0.02670599 -0.68922323 1.73075640
v -0.03012495 -0.67337531 1.72325706
v -0.03376571 -0.70517278 1.73453987
v -0.03566116 -0.69755632 1.72942996
v -0.02554102 -0.69650596 1.73452008
v -0.03675188 -0.69009387 1.72503495
v -0.03808216 -0.68266970 1.72121131
v -0.03970582 -0.67445171 1.71771479
v -0.04182799 -0.66595411 1.71498847
v -0.04548671 -0.65565288 1.71347773
v -0.00717574 -0.59080493 1.88161147
v -0.07759482 -0.57550794 1.73599815
v -0.07850119 -0.57541078 1.73545611
v -0.12846732 -0.64515442 1.75471783
v -0.12884520 -0.65214896 1.75678897
v -0.13131462 -0.64735371 1.76372695
v -0.13075283 -0.64125812 1.76075435
v -0.07851258 -0.57553267 1.73699892
v -0.07944651 -0.57539910 1.73648000
v -0.07933176 -0.57442105 1.73768711
v -0.07907641 -0.56609780 1.73903775
v -0.08016375 -0.56864822 1.73965895
v -0.07997093 -0.57266176 1.73862696
v 0.00816418 -0.58571881 1.80821848
v -0.09052601 -0.62686402 1.72047746
v -0.09730771 -0.62759137 1.72248542
v -0.09539317 -0.62184322 1.72449899
v -0.08983152 -0.62098312 1.72267067
v -0.13246787 -0.61531365 1.77958143
v -0.13442074 -0.61366051 1.78350461
v -0.13446328 -0.60414958 1.78324270
v -0.13205808 -0.60715145 1.77930117
v -0.13105644 -0.59950078 1.77486908
v -0.13339603 -0.59411055 1.77856719
v -0.10076591 -0.65869462 1.72024167
v -0.09192456 -0.65735346 1.71603525
v -0.13254453 -0.64038455 1.77066374
v -0.13221321 -0.63559449 1.76689923
v -0.09245791 -0.59797513 1.73821378
v -0.09238103 -0.60076416 1.74061263
v -0.09057407 -0.60382938 1.73609436
v -0.08871879 -0.60065424 1.73064363
v -0.08832320 -0.60503525 1.72997975
v -0.09036066 -0.60678232 1.73402297
v -0.11444785 -0.64450437 1.73197854
v -0.11540569 -0.65247887 1.73253858
v -0.12103608 -0.65412194 1.74036050
v -0.12047620 -0.64662927 1.73945653
v -0.09694853 -0.69608277 1.72946918
v -0.08754686 -0.69538742 1.72355616
v -0.08859906 -0.61392337 1.72658682
v -0.09211699 -0.61481643 1.72864246
v -0.09085603 -0.61197251 1.73079085
v -0.08832385 -0.61105943 1.72821057
v -0.10505401 -0.59259105 1.75231516
v -0.10547145 -0.59495902 1.75230980
v -0.12090757 -0.59978271 1.85191500
v -0.12145600 -0.59811652 1.85334182
v -0.13195264 -0.63749260 1.82450259
v -0.13090380 -0.62703860 1.82758570
v -0.13449097 -0.62951982 1.81490898
v -0.13360603 -0.64233738 1.81084836
v -0.13535775 -0.65399146 1.80946195
v -0.13638553 -0.66483557 1.81085825
v -0.13354270 -0.65443194 1.82356787
v -0.13228476 -0.64650863 1.82273936
v -0.11017716 -0.58476418 1.89267635
v -0.10502663 -0.59213698 1.89136636
v -0.08943664 -0.59675896 1.72975862
v -0.08993268 -0.59293687 1.72887278
v -0.04702460 -0.70097744 1.90462148
v -0.04701791 -0.68790179 1.90666699
v -0.06855858 -0.68959230 1.90364623
v -0.06846634 -0.70180297 1.90000606
v -0.10775691 -0.63875675 1.88009572
v -0.11465198 -0.63311619 1.86833382
v -0.09562638 -0.56999141 1.74008620
v -0.09133454 -0.57580853 1.74111891
v -0.09127833 -0.57298970 1.74315500
v -0.09121911 -0.57516432 1.74167705
v -0.09606783 -0.56639689 1.73983359
v -0.09861690 -0.56528139 1.73960447
v -0.09197368 -0.56966627 1.74496019
v -0.09133022 -0.56949234 1.74415576
v -0.09062555 -0.57307327 1.74256349
v -0.09262930 -0.57595026 1.74060142
v -0.08939661 -0.55939746 1.73365116
v -0.09079626 -0.55946851 1.73074758
v -0.09430603 -0.56122524 1.73209667
v -0.09222467 -0.56079042 1.73401606
v -0.08984725 -0.57460409 1.73990011
v -0.08895878 -0.57215387 1.73993754
v -0.09164448 -0.56689203 1.73464203
v -0.09243664 -0.57231963 1.73702824
v -0.09210715 -0.57540345 1.73841703
v -0.09316561 -0.56798828 1.73555124
v -0.09151874 -0.56353724 1.74074388
v -0.09443747 -0.56906831 1.73760092
v -0.12846757 -0.61585140 1.85497713
v -0.11831017 -0.56314588 1.84979212
v -0.11977944 -0.57871783 1.85225594
v -0.11731841 -0.58143961 1.85704398
v -0.11603861 -0.56883305 1.85768175
v -0.12944472 -0.64134765 1.84602892
v -0.13412514 -0.66159040 1.77786005
v -0.13402030 -0.67626649 1.78133440
v -0.13629350 -0.67132539 1.79733145
v -0.13647592 -0.65882492 1.79714644
v -0.13226034 -0.68792647 1.78407681
v -0.13468759 -0.68392903 1.79930842
v -0.13552302 -0.67786336 1.81393409
v -0.13225152 -0.66573179 1.83546817
v -0.11955266 -0.60969263 1.75820136
v -0.11993423 -0.60943514 1.75829196
v -0.11877069 -0.60848808 1.75691581
v -0.11871228 -0.60874212 1.75705063
v -0.11881121 -0.61010420 1.75858474
v -0.11786975 -0.60911858 1.75757289
v -0.11943685 -0.61093307 1.75946951
v -0.12016927 -0.61052883 1.75924218
v -0.12049340 -0.61024141 1.75928950
v -0.10363543 -0.60750747 1.75075281
v -0.10416688 -0.60814124 1.75141406
v -0.10682589 -0.60743678 1.75206804
v -0.10639392 -0.60682225 1.75096226
v -0.10366161 -0.60702300 1.75037289
v -0.10653456 -0.60632086 1.75078440
v -0.10577002 -0.61220086 1.75541973
v -0.10526411 -0.61244488 1.75524712
v -0.10664208 -0.61196476 1.75607073
v -0.10151793 -0.61011988 1.75125074
v -0.10160726 -0.61102706 1.75066113
v -0.10508566 -0.61336613 1.75514495
v -0.10506038 -0.61292970 1.75549209
v -0.10178049 -0.60934830 1.75100970
v -0.10025540 -0.60894287 1.75051749
v -0.09941164 -0.60963374 1.75082135
v -0.09954139 -0.61079216 1.75000274
v -0.11150843 -0.60581106 1.75249887
v -0.11170292 -0.60500646 1.75287437
v -0.10726139 -0.60481137 1.75128365
v -0.10686506 -0.60565054 1.75090134
v -0.11121482 -0.60632896 1.75237012
v -0.11423609 -0.60710907 1.75400293
v -0.11438075 -0.60652250 1.75408745
v -0.11468729 -0.60576487 1.75451446
v -0.10404931 -0.60539818 1.75023985
v -0.10388571 -0.60641110 1.75015104
v -0.11478440 -0.60496891 1.75505817
v -0.11205778 -0.60435879 1.75334394
v -0.10742974 -0.60413730 1.75165772
v -0.10400873 -0.60487080 1.75028694
v -0.10129039 -0.60590768 1.74939013
v -0.10243038 -0.60641181 1.74972463
v -0.11213669 -0.60372126 1.75405252
v -0.11198026 -0.60290790 1.75447822
v -0.10739969 -0.60250443 1.75259244
v -0.10748485 -0.60337377 1.75220621
v -0.11480971 -0.60435051 1.75574589
v -0.11471853 -0.60358238 1.75628066
v -0.12116030 -0.61111844 1.76103783
v -0.12135650 -0.61198425 1.76177001
v -0.12139644 -0.61141706 1.76192570
v -0.12125970 -0.61077976 1.76157153
v -0.12324780 -0.61006403 1.76637638
v -0.12370387 -0.61163068 1.76712716
v -0.12504944 -0.61133623 1.76931036
v -0.12445864 -0.60941607 1.76828432
v -0.13174757 -0.60285532 1.77758241
v -0.12666027 -0.60681909 1.77094114
v -0.12736170 -0.60909909 1.77256763
v -0.12091768 -0.61052346 1.76026618
v -0.12052462 -0.60983688 1.75949347
v -0.12081778 -0.61089754 1.76015854
v -0.12096514 -0.61163986 1.76097965
v -0.12096846 -0.61005116 1.76092100
v -0.12056683 -0.60928941 1.75998163
v -0.11997695 -0.60904282 1.75841260
v -0.12001978 -0.60835344 1.75883579
v -0.11881505 -0.60727477 1.75740826
v -0.11874360 -0.60806537 1.75697803
v -0.11688650 -0.60744810 1.75554109
v -0.11715367 -0.60796493 1.75563180
v -0.11705436 -0.60655153 1.75601935
v -0.11886866 -0.60678005 1.75799477
v -0.11715227 -0.60588992 1.75655293
v -0.12013373 -0.60788655 1.75950277
v -0.12059520 -0.60890031 1.76061821
v -0.12101696 -0.60980380 1.76158798
v -0.12142199 -0.61060393 1.76231396
v -0.12163140 -0.61147380 1.76270390
v -0.12119138 -0.60954356 1.76246727
v -0.12167700 -0.60922635 1.76373160
v -0.12088095 -0.60799015 1.76236176
v -0.12069522 -0.60852599 1.76134670
v -0.12168677 -0.61053234 1.76336873
v -0.12224300 -0.61036336 1.76477444
v -0.12013638 -0.60752773 1.76019061
v -0.12012435 -0.60692883 1.76092935
v -0.11890310 -0.60551113 1.75968933
v -0.11896080 -0.60607398 1.75895333
v -0.11709197 -0.60512561 1.75719619
v -0.11732323 -0.60450709 1.75798202
v -0.11106816 -0.60661846 1.75251412
v -0.11049439 -0.60721761 1.75335670
v -0.11359780 -0.60752982 1.75492454
v -0.11423394 -0.60735804 1.75428391
v -0.11717945 -0.60814196 1.75587964
v -0.11626352 -0.60831630 1.75646389
v -0.11333889 -0.60806668 1.75596368
v -0.11080970 -0.61171854 1.75784588
v -0.11182377 -0.61186445 1.75841045
v -0.11553861 -0.60874730 1.75726199
v -0.11040464 -0.60787618 1.75453758
v -0.10940912 -0.61171079 1.75720108
v -0.10733005 -0.60826308 1.75327921
v -0.10785307 -0.61180556 1.75658965
v -0.10479401 -0.60851973 1.75221252
v -0.11275417 -0.61702967 1.74745190
v -0.11294064 -0.61704254 1.74732053
v -0.11721189 -0.61709732 1.74933875
v -0.11664936 -0.61708808 1.74951422
v -0.08381096 -0.65986115 1.90097821
v -0.08315074 -0.67478204 1.89954686
v -0.06886770 -0.67394090 1.90644360
v -0.11925873 -0.61569518 1.75232852
v -0.11916010 -0.61668181 1.75226545
v -0.12111549 -0.61643219 1.75473762
v -0.12110774 -0.61562645 1.75490928
v -0.11937150 -0.61464369 1.75243258
v -0.12084523 -0.61459601 1.75531125
v -0.11724547 -0.61472321 1.74971306
v -0.11714989 -0.61587095 1.74955630
v -0.11682948 -0.61679256 1.74963284
v -0.11870138 -0.61554611 1.75909972
v -0.11809407 -0.61574924 1.75775123
v -0.11908600 -0.61493826 1.75680232
v -0.11978276 -0.61511362 1.75858617
v -0.11904871 -0.61521685 1.76011324
v -0.12014732 -0.61504108 1.75989294
v -0.11376445 -0.61534542 1.76002252
v -0.11354415 -0.61553097 1.75949144
v -0.11316745 -0.61572886 1.75873411
v -0.11387512 -0.61516416 1.76039064
v -0.11394462 -0.61494076 1.76065886
v -0.11388390 -0.61466926 1.76076627
v -0.11382213 -0.61445868 1.76072001
v -0.13456738 -0.58722842 1.78563213
v -0.13426553 -0.59853935 1.78111446
v -0.13576880 -0.59258389 1.78823340
v -0.12044738 -0.61127198 1.76016951
v -0.12065656 -0.61204112 1.76095307
v -0.11970437 -0.61166537 1.76027608
v -0.11994234 -0.61242747 1.76088953
v -0.12091565 -0.61291158 1.76160944
v -0.12131798 -0.61269361 1.76178479
v -0.11793575 -0.61048460 1.75913525
v -0.11316383 -0.61290413 1.75948691
v -0.11350961 -0.61334080 1.75985003
v -0.11843586 -0.61138785 1.75975418
v -0.11699477 -0.60954964 1.75826705
v -0.11266522 -0.61244106 1.75902367
v -0.11356752 -0.61375302 1.76011896
v -0.11369851 -0.61411512 1.76044834
v -0.11852750 -0.61207622 1.76030111
v -0.11877571 -0.61280209 1.76086807
v -0.12012249 -0.61323255 1.76118851
v -0.11911534 -0.61401105 1.76139915
v -0.11923611 -0.61445600 1.76119471
v -0.12028459 -0.61366498 1.76130879
v -0.12034664 -0.61416155 1.76114750
v -0.11895099 -0.61344683 1.76135135
v -0.11917487 -0.61486483 1.76075351
v -0.12031348 -0.61456120 1.76067448
v -0.12151147 -0.61227316 1.76219952
v -0.12141870 -0.61310506 1.76210761
v -0.12179717 -0.61409664 1.76235914
v -0.12175557 -0.61247361 1.76285338
v -0.12221253 -0.61275554 1.76377702
v -0.12194045 -0.61154747 1.76384687
v -0.12269324 -0.61474705 1.76281095
v -0.12393881 -0.61554891 1.76379800
v -0.12313573 -0.61316150 1.76526988
v -0.12263644 -0.61172545 1.76525760
v -0.12106325 -0.61355150 1.76178825
v -0.12118426 -0.61412466 1.76179183
v -0.12256049 -0.61516666 1.76101279
v -0.12335038 -0.61598462 1.76102853
v -0.12192464 -0.61474729 1.76097918
v -0.12172548 -0.61463612 1.75940394
v -0.12240742 -0.61533004 1.75927365
v -0.12285192 -0.61604887 1.75919855
v -0.12194860 -0.61537886 1.75731707
v -0.12222698 -0.61617100 1.75704956
v -0.12145746 -0.61450487 1.75753570
v -0.12127772 -0.61462456 1.76088536
v -0.12110057 -0.61475062 1.75963497
v -0.12067237 -0.61457813 1.75794947
v -0.12021102 -0.61412191 1.75577867
v -0.11908987 -0.61414957 1.75326395
v -0.11780986 -0.61487752 1.75457287
v -0.11700110 -0.61428607 1.75046349
v -0.11565281 -0.61488122 1.75213850
v -0.11400829 -0.61696744 1.74621105
v -0.11865285 -0.61727428 1.74830568
v -0.11467654 -0.61535287 1.75354624
v -0.11118171 -0.61530524 1.75666690
v -0.10987836 -0.61510587 1.75587559
v -0.11175090 -0.61471921 1.75182545
v -0.10236499 -0.61143816 1.75015748
v -0.10331903 -0.61197418 1.74968112
v -0.10584574 -0.61386371 1.75475454
v -0.10539521 -0.61358249 1.75495696
v -0.10108506 -0.61109132 1.74912071
v -0.10260189 -0.61158550 1.74862695
v -0.10653663 -0.61338520 1.74973702
v -0.10732730 -0.61436296 1.75476825
v -0.10651389 -0.61417443 1.75462019
v -0.10489661 -0.61281931 1.74970436
v -0.10636340 -0.61298192 1.74776435
v -0.10404727 -0.61218846 1.74826074
v -0.11258644 -0.61439657 1.74988008
v -0.05146848 -0.73426759 1.88786876
v -0.04915394 -0.72008443 1.89722168
v -0.06908914 -0.71836960 1.89123142
v -0.07015380 -0.72969460 1.88262928
v -0.11658137 -0.61561584 1.75551105
v -0.11231376 -0.61552000 1.75758898
v -0.08191881 -0.72773212 1.87685227
v -0.08247036 -0.73438972 1.87013602
v -0.07288653 -0.73868537 1.87291741
v -0.08784267 -0.61213052 1.89972448
v -0.08083001 -0.60918236 1.91004324
v -0.09939428 -0.61017311 1.74782073
v -0.10121220 -0.61134183 1.74734080
v -0.09818734 -0.60916781 1.74828184
v -0.09762704 -0.60881919 1.74802160
v -0.09876294 -0.61006975 1.74754691
v -0.10032363 -0.61132216 1.74701381
v -0.10334613 -0.61217076 1.74696577
v -0.10276261 -0.61219800 1.74635065
v -0.10635173 -0.61324614 1.74578297
v -0.10624708 -0.61283112 1.74639368
v -0.11348870 -0.61410147 1.74810588
v -0.11360571 -0.61458325 1.74739528
v -0.10572799 -0.61411977 1.74580610
v -0.10208168 -0.61273700 1.74643028
v -0.10503314 -0.61499035 1.74584234
v -0.10190593 -0.61362064 1.74624872
v -0.11303382 -0.61654842 1.74738753
v -0.11351463 -0.61565232 1.74731159
v -0.10094692 -0.60710704 1.74958837
v -0.09877101 -0.60692859 1.74847150
v -0.10129826 -0.60762835 1.74991739
v -0.09894459 -0.60754621 1.74887514
v -0.10208997 -0.60834157 1.75074327
v -0.09826182 -0.60820055 1.74894333
v -0.09758772 -0.60749733 1.74815392
v -0.10282177 -0.60878509 1.75109410
v -0.09804909 -0.61010492 1.74752975
v -0.09682369 -0.60856080 1.74783444
v -0.09688170 -0.61071360 1.74760818
v -0.09610254 -0.60881817 1.74787521
v -0.09921128 -0.61264014 1.74688888
v -0.09953313 -0.61164796 1.74718618
v -0.09672935 -0.60720223 1.74796259
v -0.09728773 -0.60665858 1.74817324
v -0.09615852 -0.60713458 1.74795175
v -0.09670995 -0.60646307 1.74817133
v -0.10379945 -0.60413796 1.75055254
v -0.10361897 -0.60334855 1.75079381
v -0.10050303 -0.60507286 1.74906445
v -0.09993610 -0.60464871 1.74925113
v -0.11162977 -0.60199511 1.75489891
v -0.11452235 -0.60267597 1.75676250
v -0.11145905 -0.60092998 1.75518274
v -0.11443467 -0.60163397 1.75719821
v -0.10675271 -0.60048997 1.75253677
v -0.10725269 -0.60163045 1.75285912
v -0.10731786 -0.51904690 1.86186135
v -0.12240732 -0.60862708 1.76516020
v -0.12351421 -0.60756898 1.76661932
v -0.12230940 -0.60615164 1.76484549
v -0.12137231 -0.60734981 1.76362205
v -0.12026128 -0.60592616 1.76185727
v -0.12072377 -0.60466093 1.76311934
v -0.11892171 -0.60339022 1.76108456
v -0.11884311 -0.60461175 1.76039839
v -0.11722936 -0.60365003 1.75860023
v -0.11699161 -0.60245949 1.75923598
v -0.12435606 -0.61338478 1.76748204
v -0.12566425 -0.61652434 1.76645994
v -0.12575863 -0.61353457 1.76979208
v -0.12727202 -0.61740255 1.76908588
v -0.09552392 -0.61129212 1.74664354
v -0.09501452 -0.60913604 1.74760151
v -0.09439106 -0.61121690 1.74488914
v -0.09386179 -0.60862994 1.74587548
v -0.09595050 -0.61357421 1.74306107
v -0.09730259 -0.61340845 1.74522543
v -0.09536748 -0.60694969 1.74771142
v -0.09609412 -0.60618484 1.74816096
v -0.09428665 -0.60663450 1.74709821
v -0.09526977 -0.60539299 1.74794590
v -0.10321857 -0.60265577 1.75083494
v -0.10275800 -0.60178578 1.75072634
v -0.09943223 -0.60416472 1.74938464
v -0.09882968 -0.60357225 1.74985242
v -0.08493422 -0.64924544 1.90061283
v -0.08357162 -0.69001585 1.89547455
v -0.12536520 -0.62292707 1.75057626
v -0.12329483 -0.61998975 1.75078678
v -0.12051582 -0.61946404 1.74713898
v -0.12232772 -0.62308395 1.74610245
v -0.12805162 -0.62731147 1.75121164
v -0.12952904 -0.62559223 1.75589395
v -0.12724049 -0.62233305 1.75478089
v -0.12511371 -0.61983699 1.75416839
v -0.12672263 -0.61872119 1.76434660
v -0.12528211 -0.61772776 1.76238513
v -0.12581089 -0.61875057 1.76027429
v -0.12729719 -0.61998546 1.76163316
v -0.12846181 -0.61984581 1.76670873
v -0.12933977 -0.62170202 1.76356530
v -0.12757093 -0.62103510 1.75827646
v -0.12562966 -0.61931378 1.75737393
v -0.12979016 -0.62334543 1.75979590
v -0.10414847 -0.61690682 1.74152231
v -0.10440110 -0.61603987 1.74364746
v -0.10091630 -0.61471355 1.74460268
v -0.09987348 -0.61527729 1.74331856
v -0.10326331 -0.61775434 1.73918593
v -0.09824616 -0.61564136 1.74120414
v -0.11681119 -0.62154281 1.74150729
v -0.11556698 -0.61895680 1.74385273
v -0.10472956 -0.61539692 1.74583006
v -0.10261078 -0.61447167 1.74600399
v -0.10453761 -0.61555427 1.74576223
v -0.10198923 -0.61426711 1.74601901
v -0.09685554 -0.73740870 1.85173464
v -0.10298596 -0.73795742 1.83834398
v -0.08662239 -0.75078154 1.83511770
v -0.08177185 -0.74937719 1.84951258
v -0.11917350 -0.61697364 1.75206828
v -0.11983725 -0.61709058 1.75184929
v -0.12188302 -0.61704719 1.75442696
v -0.12123697 -0.61675346 1.75449955
v -0.12254521 -0.61663705 1.75685394
v -0.12321933 -0.61708796 1.75689793
v -0.12384112 -0.61701417 1.75917494
v -0.12330703 -0.61660981 1.75891900
v -0.12360123 -0.61651313 1.76040792
v -0.12407769 -0.61669272 1.76107895
v -0.10243316 -0.61496806 1.74542069
v -0.10462680 -0.61573553 1.74534643
v -0.08250616 -0.71763068 1.88384378
v -0.12151176 -0.66315824 1.74202800
v -0.12567569 -0.66325873 1.75098622
v -0.12541093 -0.65505147 1.74870515
v -0.12121363 -0.61757326 1.75125647
v -0.12315513 -0.61788452 1.75427485
v -0.12419564 -0.61795437 1.75703418
v -0.12459642 -0.61787546 1.75937474
v -0.12468685 -0.61754310 1.76095128
v -0.12632374 -0.61200070 1.83925438
v -0.12591362 -0.61290622 1.84082592
v -0.12580863 -0.63620216 1.86095214
v -0.12510568 -0.64152032 1.85697591
v -0.12463467 -0.64390022 1.85385799
v -0.12979709 -0.64460182 1.83810663
v -0.13251062 -0.64916819 1.83993971
v -0.13003656 -0.61624110 1.86401176
v -0.12823698 -0.61233151 1.86057949
v -0.12980546 -0.61719620 1.86404181
v -0.13536528 -0.65180492 1.85301673
v -0.13503806 -0.65109545 1.85515690
v -0.13594756 -0.65078032 1.85522187
v -0.08246595 -0.63068509 1.89758492
v -0.08374822 -0.64051002 1.90058517
v -0.13480450 -0.64996278 1.85741353
v -0.12749022 -0.61843812 1.84165299
v -0.12657130 -0.63592261 1.86182761
v -0.12763593 -0.63632423 1.86388350
v -0.12810786 -0.63167083 1.86652827
v -0.12795849 -0.63173807 1.86539173
v -0.12772107 -0.62612182 1.86680973
v -0.12762290 -0.62657237 1.86591029
v -0.13043626 -0.62100399 1.86563611
v -0.13138315 -0.62555784 1.86623633
v -0.13336246 -0.65030569 1.84107578
v -0.13302867 -0.64887172 1.84018743
v -0.13414098 -0.65041524 1.84160149
v -0.12742098 -0.61816144 1.84344077
v -0.12806229 -0.64263618 1.83839118
v -0.12769336 -0.64003181 1.83826053
v -0.12728073 -0.64052439 1.83840394
v -0.12280418 -0.62380302 1.84309769
v -0.12279922 -0.62466025 1.84289873
v -0.12417878 -0.62253594 1.84385610
v -0.12698446 -0.62077761 1.84390020
v -0.11999503 -0.61424500 1.84575295
v -0.11888580 -0.61395228 1.84780443
v -0.11970371 -0.61281890 1.84772205
v -0.13474396 -0.65820640 1.84248376
v -0.12788473 -0.63908195 1.83850574
v -0.12925373 -0.64026725 1.83838964
v -0.12971517 -0.64151347 1.83830237
v -0.13487752 -0.65020341 1.84235573
v -0.12999336 -0.64247543 1.83815515
v -0.12909485 -0.64236432 1.83799088
v -0.13054326 -0.64442217 1.83826923
v -0.12846689 -0.64244848 1.83810484
v -0.12211999 -0.62492537 1.85849833
v -0.12097332 -0.62346584 1.85623229
v -0.12950175 -0.63254547 1.83189631
v -0.12913705 -0.63064623 1.83444655
v -0.12817736 -0.61062312 1.85869527
v -0.12569360 -0.64824557 1.84695339
v -0.12582983 -0.65129280 1.84667635
v -0.13245292 -0.63061118 1.86598110
v -0.12941295 -0.61989951 1.85797656
v -0.12788749 -0.61818874 1.85611510
v -0.13092512 -0.62201846 1.85962522
v -0.13191026 -0.62542915 1.86074996
v -0.12220824 -0.63563859 1.84505737
v -0.13170537 -0.64274871 1.84996057
v -0.13151868 -0.64138919 1.85237122
v -0.13082853 -0.64189470 1.84805679
v -0.12731232 -0.65324980 1.84346831
v -0.12783253 -0.65203613 1.84144366
v -0.12701994 -0.64836723 1.84461629
v -0.12739715 -0.65026093 1.84164882
v -0.12180294 -0.61757660 1.84461617
v -0.12120061 -0.61308247 1.85050678
v -0.12024932 -0.61566448 1.85073328
v -0.12197538 -0.61367929 1.85182977
v -0.12125635 -0.61554277 1.85290062
v -0.12060121 -0.61795479 1.85374784
v -0.12043262 -0.62036288 1.85430074
v -0.12032874 -0.62301499 1.85376704
v -0.12169966 -0.62082660 1.84403002
v -0.13102058 -0.64718443 1.83282399
v -0.12126999 -0.61908305 1.84461832
v -0.12312530 -0.62253344 1.84363031
v -0.12333292 -0.62081188 1.84414148
v -0.12310302 -0.61887801 1.84465694
v -0.12767339 -0.61214626 1.85127020
v -0.12754324 -0.61461258 1.85277140
v -0.12631971 -0.61273658 1.84949791
v -0.12710625 -0.61661863 1.85455716
v -0.12516008 -0.61267930 1.84864128
v -0.12659155 -0.64869535 1.84512305
v -0.12681261 -0.65110666 1.84336257
v -0.12752114 -0.61424994 1.83616304
v -0.13607068 -0.59979504 1.79011881
v -0.13610841 -0.61115760 1.79045916
v -0.09967016 -0.54401553 1.78580594
v -0.09865166 -0.54074311 1.78702652
v -0.13275528 -0.58272183 1.78189993
v -0.12987165 -0.57826096 1.77651167
v -0.10301153 -0.54326046 1.77330875
v -0.10191215 -0.54243076 1.77334666
v -0.10115796 -0.54282725 1.77264810
v -0.10214688 -0.54348820 1.77278268
v -0.09936363 -0.54364264 1.77391255
v -0.10007128 -0.54418850 1.77449727
v -0.10054612 -0.54388869 1.77360463
v -0.09982996 -0.54330134 1.77314901
v -0.10898776 -0.55772817 1.76476312
v -0.11308609 -0.56161988 1.76457250
v -0.11514628 -0.55804658 1.76846516
v -0.11139393 -0.55462044 1.76811635
v -0.09990758 -0.54709947 1.78139234
v -0.09993064 -0.54825771 1.77968395
v -0.09994769 -0.54602098 1.77618122
v -0.10002430 -0.54564297 1.77721477
v -0.09935129 -0.54472941 1.78284729
v -0.09967335 -0.54473835 1.77843332
v -0.10039656 -0.54768115 1.78386998
v -0.10044646 -0.54990900 1.78200746
v -0.11025000 -0.53887975 1.78172493
v -0.10712017 -0.54018819 1.77835429
v -0.10879716 -0.54313993 1.77659833
v -0.11204390 -0.54347271 1.77913380
v -0.10675912 -0.56822062 1.75824678
v -0.11026356 -0.56480467 1.76133490
v -0.10677442 -0.56097531 1.76199174
v -0.10336670 -0.56484663 1.75892758
v -0.10004236 -0.56896734 1.75505233
v -0.10305183 -0.57191187 1.75530875
v -0.09979808 -0.57424009 1.74798989
v -0.10020114 -0.57064718 1.74877787
v -0.10051006 -0.56844938 1.74626756
v -0.10053288 -0.57085013 1.74639988
v -0.09836560 -0.56558657 1.74879944
v -0.09981348 -0.56932461 1.75092018
v -0.09456883 -0.56427896 1.74789631
v -0.09473231 -0.56448859 1.74684572
v -0.09790795 -0.56569266 1.75043607
v -0.09756188 -0.56577468 1.75255990
v -0.09452086 -0.56410933 1.74926555
v -0.09453961 -0.56498450 1.74546218
v -0.09728406 -0.56497931 1.74609470
v -0.09915666 -0.56607592 1.74434447
v -0.09093081 -0.56114823 1.73600101
v -0.09271653 -0.56143045 1.73411357
v -0.09314254 -0.59493947 1.73669457
v -0.09492598 -0.59331787 1.74133015
v -0.09365650 -0.59164894 1.73585260
v -0.09535374 -0.59039593 1.74042702
v -0.09953348 -0.56620038 1.74000967
v -0.10019378 -0.56866145 1.74115777
v -0.09833016 -0.56538320 1.73570597
v -0.09919441 -0.56796491 1.73509920
v -0.08812895 -0.60818493 1.72920942
v -0.08778275 -0.55973679 1.74077618
v -0.08780873 -0.55924582 1.74163556
v -0.08795294 -0.55988157 1.73854434
v -0.05663883 -0.75000346 1.86528015
v -0.06109773 -0.75690067 1.84921765
v -0.06814496 -0.75979316 1.82073212
v -0.06989902 -0.75777209 1.80712712
v -0.08997467 -0.54488248 1.74899578
v -0.08978558 -0.54689229 1.74776125
v -0.09215182 -0.54948443 1.76644063
v -0.08731890 -0.54888928 1.76385772
v -0.08806488 -0.54491496 1.76037681
v -0.09273918 -0.54567933 1.76298642
v -0.09590575 -0.54641157 1.76639855
v -0.09573446 -0.55025589 1.77060211
v -0.09215485 -0.55224127 1.76879454
v -0.08693122 -0.55134058 1.76559758
v -0.09346105 -0.54265904 1.75998211
v -0.08905581 -0.54144120 1.75683451
v -0.08982328 -0.54183042 1.75373805
v -0.09417023 -0.54291618 1.75748646
v -0.09971535 -0.56240988 1.75670338
v -0.09641694 -0.56170499 1.75302863
v -0.09340240 -0.55991554 1.74889910
v -0.09093773 -0.55843198 1.74585295
v -0.09059311 -0.56009519 1.74441624
v -0.09239034 -0.56190062 1.74653602
v -0.09060189 -0.56071377 1.74364996
v -0.09245786 -0.56234193 1.74569321
v -0.09265681 -0.56288719 1.74483371
v -0.09330823 -0.56410050 1.74389887
v -0.09191377 -0.56310964 1.74258053
v -0.09222129 -0.56442899 1.74245191
v -0.09076724 -0.56137478 1.74291611
v -0.09217986 -0.58133161 1.72653210
v -0.09127030 -0.58557606 1.72735465
v -0.09386858 -0.54944497 1.75042701
v -0.08954586 -0.54931253 1.74741387
v -0.08870522 -0.55303591 1.74615192
v -0.09255926 -0.55392790 1.74868894
v -0.09617501 -0.55469024 1.75244093
v -0.09766666 -0.54976875 1.75497782
v -0.08788943 -0.55867356 1.74244392
v -0.09396943 -0.54756820 1.75119114
v -0.09417272 -0.54555619 1.75250125
v -0.09804764 -0.54754984 1.75571847
v -0.09793767 -0.54564595 1.75695658
v -0.10102461 -0.54910672 1.76061702
v -0.10049260 -0.55439478 1.75754702
v -0.10487904 -0.55409408 1.76350105
v -0.10348048 -0.54749411 1.76571310
v -0.10934222 -0.54590797 1.77413499
v -0.10429564 -0.54307604 1.77390790
v -0.10480492 -0.54429829 1.77268004
v -0.10499047 -0.54529816 1.77101970
v -0.10920076 -0.54854703 1.77126503
v -0.11270531 -0.54758358 1.77570057
v -0.11252485 -0.55125201 1.77200770
v -0.10801511 -0.55124784 1.76772928
v -0.10464354 -0.54616439 1.76879644
v -0.10353026 -0.54404581 1.77237439
v -0.10247743 -0.54379666 1.77233899
v -0.10370140 -0.54460311 1.77110314
v -0.10260808 -0.54408211 1.77133667
v -0.10359953 -0.54502118 1.76954556
v -0.10254464 -0.54432237 1.77009392
v -0.10213770 -0.54460073 1.76813388
v -0.10296217 -0.54569006 1.76706123
v -0.10014983 -0.54491234 1.77252865
v -0.09963268 -0.54477322 1.77105582
v -0.10014252 -0.54421711 1.76999545
v -0.10058381 -0.54435951 1.77153492
v -0.10041007 -0.54471409 1.77375746
v -0.10077497 -0.54431689 1.77248597
v -0.09981000 -0.54656279 1.77473450
v -0.09930466 -0.54680824 1.77363944
v -0.10055000 -0.54467463 1.77472353
v -0.10089789 -0.54427242 1.77384138
v -0.10137370 -0.54378676 1.77243018
v -0.10156138 -0.54400694 1.77185130
v -0.10145251 -0.54414630 1.77076912
v -0.10106190 -0.54416895 1.76919198
v -0.09770581 -0.54439926 1.75876260
v -0.10031575 -0.54531848 1.76205111
v -0.09965816 -0.54444563 1.76376617
v -0.09689420 -0.54336643 1.76127958
v -0.09876376 -0.54407632 1.76545215
v -0.09587406 -0.55242133 1.77246618
v -0.09618136 -0.54343402 1.76319981
v -0.09803115 -0.54960638 1.77403116
v -0.09845484 -0.55170149 1.77593219
v -0.09818920 -0.54680187 1.77097750
v -0.09983548 -0.54904306 1.77796638
v -0.09918919 -0.54921174 1.77675426
v -0.10019358 -0.55112982 1.77983344
v -0.09962582 -0.55160731 1.77811742
v -0.09811336 -0.54423946 1.76755321
v -0.10075777 -0.54677415 1.76096272
v -0.09409080 -0.54401326 1.75431597
v -0.08986182 -0.54327345 1.75114441
v -0.09426990 -0.57172650 1.72435260
v -0.09323892 -0.57688910 1.72554696
v -0.10042897 -0.54301131 1.77247834
v -0.08689865 -0.50244844 1.86134446
v -0.10313645 -0.54206622 1.77428019
v -0.09833800 -0.54248244 1.78403926
v -0.09872526 -0.54340649 1.77854288
v -0.10617653 -0.53427696 1.78297842
v -0.10158527 -0.52921462 1.78152823
v -0.10034096 -0.53218472 1.77766454
v -0.10400547 -0.53648603 1.77914619
v -0.09904567 -0.53691721 1.77203023
v -0.10152639 -0.53995961 1.77389979
v -0.10065551 -0.54072154 1.77251256
v -0.09865050 -0.53848743 1.77040720
v -0.09822498 -0.53965920 1.76912236
v -0.09995166 -0.54149663 1.77164340
v -0.09613083 -0.54160899 1.76884234
v -0.09286371 -0.54060650 1.76519716
v -0.09070447 -0.54015332 1.77090466
v -0.09435531 -0.54077768 1.77405286
v -0.09775473 -0.54233879 1.77738702
v -0.09854481 -0.54311693 1.77288163
v -0.09691544 -0.54131150 1.76828456
v -0.09890316 -0.54265994 1.77201986
v -0.09368410 -0.54011989 1.76434982
v -0.09695344 -0.50936431 1.86118758
v -0.09944420 -0.54211593 1.77154398
v -0.09741858 -0.54087937 1.76831400
v -0.09441409 -0.53909755 1.76431882
v -0.09527730 -0.53720820 1.76492429
v -0.09557095 -0.53508949 1.76588225
v -0.09563470 -0.53305423 1.76800346
v -0.09587443 -0.52746665 1.77412724
v -0.09618407 -0.52310550 1.77792943
v -0.09069344 -0.52431178 1.76999331
v -0.09097447 -0.51997286 1.77282095
v -0.09154905 -0.53024149 1.76452184
v -0.09220199 -0.53272808 1.76178586
v -0.09186867 -0.53493476 1.76053548
v -0.09129140 -0.53733170 1.76019752
v -0.08813682 -0.55736047 1.74372602
v -0.09104009 -0.56237501 1.74117541
v -0.09058923 -0.56148475 1.73887730
v -0.09512477 -0.56244606 1.73339558
v -0.08842473 -0.55969745 1.73619080
v -0.09746295 -0.56429493 1.73369586
v -0.09630556 -0.56300843 1.73231792
v -0.09728584 -0.56417513 1.73100686
v -0.09802821 -0.56546980 1.73215044
v -0.09520688 -0.56186038 1.73117304
v -0.09671135 -0.56351376 1.72996938
v -0.09164186 -0.55999482 1.72915947
v -0.09324457 -0.56227994 1.72621727
v -0.09446178 -0.56751037 1.72416711
v -0.09391209 -0.56403339 1.72521269
v -0.09790219 -0.56560135 1.72995079
v -0.09875363 -0.56812775 1.73098683
v -0.09840880 -0.57184482 1.73156381
v -0.09907514 -0.57148659 1.73634017
v -0.07331787 -0.73930705 1.76451588
v -0.09040892 -0.53874218 1.76043689
v -0.08894829 -0.53967613 1.76170492
v -0.08728512 -0.53386950 1.78064418
v -0.08861780 -0.53713691 1.77681088
v -0.08439957 -0.53642797 1.77425516
v -0.08320098 -0.53350902 1.77766681
v -0.08579285 -0.53949785 1.75958776
v -0.08395778 -0.53840721 1.76539826
v -0.08698601 -0.53905791 1.76760960
v -0.08671616 -0.53848994 1.75770330
v -0.08731434 -0.53665370 1.75717545
v -0.08768018 -0.53377610 1.75722635
v -0.08132856 -0.53529894 1.77210903
v -0.08012693 -0.53262234 1.77607584
v -0.09682306 -0.54043698 1.78330708
v -0.09620415 -0.53781509 1.78648901
v -0.09274887 -0.53787124 1.77987254
v -0.09212470 -0.53525507 1.78372836
v -0.08601598 -0.51779038 1.76832092
v -0.08591093 -0.52274436 1.76648808
v -0.08761355 -0.53129900 1.75859785
v -0.08670931 -0.52861702 1.76096606
v -0.06469794 -0.75975722 1.83514380
v -0.13123280 -0.67910224 1.77046108
v -0.13103305 -0.66956019 1.76631677
v -0.12659539 -0.67290306 1.75568151
v -0.12724575 -0.68096763 1.75929940
v -0.12965529 -0.68925911 1.77411354
v -0.12592265 -0.69002289 1.76287639
v -0.09508948 -0.74281353 1.79302180
v -0.09948747 -0.73551744 1.78125501
v -0.08335344 -0.73857677 1.76953042
v -0.08698188 -0.75053149 1.80356526
v -0.09527585 -0.74774545 1.81882274
v -0.10282291 -0.74043161 1.80144227
v -0.10659460 -0.73261029 1.78836691
v -0.08624387 -0.60384232 1.91614282
v -0.08331914 -0.70177245 1.89176655
v -0.10863894 -0.72509754 1.77621901
v -0.10221915 -0.72752780 1.76956820
v -0.10521567 -0.71942019 1.76002312
v -0.11069676 -0.71798223 1.76668477
v -0.08693637 -0.73009968 1.75827098
v -0.07698429 -0.73007727 1.75290966
v -0.04716261 -0.67191285 1.90947342
v -0.09048742 -0.58954006 1.72811377
v -0.09397067 -0.61376417 1.88939571
v -0.10765302 -0.60067332 1.87781751
v -0.12469994 -0.55808604 1.87584591
v -0.11982770 -0.60755849 1.85848308
v -0.11934082 -0.60853821 1.85900855
v -0.11437310 -0.57887793 1.86724663
v -0.11395462 -0.58877778 1.86375427
v -0.08300358 -0.61987233 1.89697289
v -0.12549800 -0.62422585 1.86532903
v -0.12584670 -0.62831736 1.86468232
v -0.12648740 -0.62341988 1.86558664
v -0.12694295 -0.62782216 1.86519659
v -0.12692554 -0.63206112 1.86380661
v -0.12700734 -0.62151480 1.86577749
v -0.12882869 -0.65086514 1.83917880
v -0.13039489 -0.65213096 1.83806932
v -0.12123972 -0.60339916 1.85533142
v -0.12024346 -0.60510468 1.85633016
v -0.12052210 -0.60391033 1.85558903
v -0.12071683 -0.60278797 1.85470080
v -0.12156834 -0.60169941 1.85398686
v -0.12110451 -0.60157412 1.85348177
v -0.13401030 -0.66196388 1.82686126
v -0.11832687 -0.60475224 1.85545707
v -0.11897703 -0.60769415 1.85832453
v -0.11934754 -0.60638922 1.85706782
v -0.11980003 -0.60439122 1.85603297
v -0.12029175 -0.60348189 1.85349870
v -0.12084228 -0.60168302 1.85249615
v -0.12144871 -0.59986186 1.85369456
v -0.12679884 -0.62079203 1.86663151
v -0.12342459 -0.60493964 1.85944390
v -0.12667361 -0.64759248 1.84874570
v -0.12612276 -0.64673549 1.85095668
v -0.12778446 -0.64922595 1.85151005
v -0.12825693 -0.65019786 1.84943461
v -0.09770784 -0.64601570 1.89116168
v -0.09741591 -0.65654910 1.89234841
v -0.07128602 -0.60521239 1.92042351
v -0.06465781 -0.61124337 1.91381955
v -0.11535569 -0.67944747 1.86867189
v -0.12720950 -0.64820993 1.84660828
v -0.12889709 -0.65095711 1.84724212
v -0.12590432 -0.63245451 1.86317325
v -0.12639774 -0.64755034 1.84673512
v -0.12596439 -0.64683956 1.84881854
v -0.12947239 -0.65318030 1.84799743
v -0.12885717 -0.65216446 1.85053992
v -0.12824845 -0.65077055 1.85275900
v -0.12553878 -0.64591634 1.85095930
v -0.12655723 -0.65297115 1.84564149
v -0.12833977 -0.69648027 1.83567166
v -0.12260276 -0.69696480 1.85014725
v -0.12398902 -0.71231508 1.83030343
v -0.11815938 -0.71428919 1.84528363
v -0.10895626 -0.71554554 1.86057425
v -0.11302994 -0.69699919 1.86600161
v -0.12812810 -0.65119261 1.84031057
v -0.13092448 -0.65323496 1.83811331
v -0.12771052 -0.69810992 1.77814603
v -0.13007934 -0.69693410 1.78775787
v -0.12406716 -0.69791895 1.76618993
v -0.12176359 -0.70525473 1.77014959
v -0.12479778 -0.70607966 1.78146863
v -0.12814839 -0.70586896 1.79645336
v -0.13335297 -0.68226480 1.82708454
v -0.13203350 -0.69525963 1.82096767
v -0.13337691 -0.69232559 1.80704045
v -0.12677117 -0.70962173 1.81445086
v -0.12219585 -0.71630502 1.79697895
v -0.12158000 -0.71991855 1.81202292
v -0.11531299 -0.72547483 1.79475510
v -0.11324404 -0.73082781 1.80866075
v -0.10866491 -0.73595095 1.82323384
v -0.11857201 -0.72349709 1.82687998
v -0.12123701 -0.71346152 1.78391278
v -0.11879565 -0.71162748 1.77239180
v -0.11600995 -0.72042149 1.78279448
v -0.11544076 -0.71686447 1.77403367
v -0.13294563 -0.69074756 1.79915452
v -0.11897258 -0.59698790 1.85300612
v -0.12278168 -0.59356987 1.84987938
v -0.12733790 -0.59980333 1.84010863
v -0.13633405 -0.60766172 1.79976785
v -0.13656427 -0.62013400 1.79633188
v -0.13598640 -0.61759746 1.80986428
v -0.13517465 -0.60221887 1.81495738
v -0.13549067 -0.63312161 1.79123259
v -0.13539542 -0.63175988 1.80383182
v -0.13492915 -0.64538872 1.79933500
v -0.13496503 -0.64678615 1.78503215
v -0.09589214 -0.71656412 1.87441766
v -0.09802165 -0.70101529 1.88124919
v -0.09855007 -0.68883771 1.88476825
v -0.12539639 -0.64772892 1.74735439
v -0.05409076 -0.74439394 1.87518072
v -0.12213290 -0.67314517 1.74559009
v -0.08997762 -0.73485059 1.86398542
v -0.07617986 -0.74378991 1.86439812
v -0.11312471 -0.72566581 1.84160912
v -0.10590222 -0.72602618 1.85524058
v -0.09363937 -0.72625583 1.86923933
v -0.09756051 -0.67380720 1.88932908
v -0.11374719 -0.71162766 1.76203811
v -0.13022500 -0.62101793 1.77003968
v -0.12902148 -0.61714411 1.77273571
v -0.13119352 -0.62476802 1.76624799
v -0.12776612 -0.61201090 1.77328038
v -0.09761742 -0.59181422 1.74544001
v -0.09758226 -0.58918130 1.74456263
v -0.09779210 -0.58589327 1.74406576
v -0.10017379 -0.58803761 1.74835837
v -0.10006881 -0.58437401 1.74802744
v -0.09600580 -0.58371228 1.73864114
v -0.09576647 -0.58699131 1.73972857
v -0.09757520 -0.58258843 1.74342465
v -0.09732105 -0.57898968 1.74320197
v -0.09638368 -0.58007765 1.73819041
v -0.09983531 -0.56991255 1.75307715
v -0.10097772 -0.57475114 1.75230944
v -0.09905541 -0.57756841 1.74820197
v -0.10349096 -0.58247018 1.75115681
v -0.10262613 -0.57871556 1.75131428
v -0.09964822 -0.58108300 1.74784756
v -0.10401770 -0.58659780 1.75150645
v -0.09859857 -0.57503808 1.74306321
v -0.10013465 -0.57123679 1.74229002
v -0.09752966 -0.57574809 1.73742509
v -0.09707645 -0.57614160 1.73308277
v -0.09582549 -0.58065808 1.73383141
v -0.10046111 -0.59082472 1.74911141
v -0.10474151 -0.58967197 1.75212526
v -0.10597305 -0.57581961 1.75414217
v -0.11020024 -0.57269478 1.75686288
v -0.10787125 -0.58067846 1.75390828
v -0.11210735 -0.57824111 1.75633717
v -0.10849130 -0.58504480 1.75407052
v -0.11295506 -0.58294284 1.75653446
v -0.11412972 -0.56941390 1.76004100
v -0.11717716 -0.56607342 1.76394749
v -0.11950019 -0.56219238 1.76891506
v -0.12002347 -0.57161808 1.76337552
v -0.12292953 -0.56762779 1.76897526
v -0.12148228 -0.57759058 1.76324868
v -0.12513353 -0.57404721 1.76881886
v -0.11648124 -0.57499784 1.75938916
v -0.11756106 -0.58026922 1.75959408
v -0.11342700 -0.58756417 1.75713742
v -0.10907650 -0.58882785 1.75468683
v -0.12138465 -0.59029531 1.76225972
v -0.12192437 -0.58416462 1.76290560
v -0.11782250 -0.58598655 1.75983560
v -0.11752470 -0.59117967 1.75981855
v -0.12602998 -0.58172888 1.76809037
v -0.12529674 -0.58949137 1.76568317
v -0.12377809 -0.59480333 1.76473939
v -0.11096084 -0.59885371 1.75521982
v -0.10629675 -0.59851468 1.75240564
v -0.11405699 -0.59924960 1.75731325
v -0.12029129 -0.59484935 1.76190078
v -0.11721405 -0.59485531 1.75967717
v -0.12547036 -0.60473275 1.76867259
v -0.12382516 -0.60306853 1.76625609
v -0.11947177 -0.60062802 1.76130486
v -0.11704759 -0.59984457 1.75929928
v -0.12180549 -0.60164475 1.76385176
v -0.10210372 -0.59975839 1.75060391
v -0.09780474 -0.60137248 1.74916720
v -0.10922241 -0.58845854 1.88110709
v -0.09511031 -0.58458936 1.73418355
v -0.09442583 -0.58815515 1.73492432
v -0.09609230 -0.61495739 1.73863602
v -0.09400339 -0.61267400 1.74016035
v -0.09031163 -0.60938513 1.73208249
v -0.10075879 -0.61727768 1.73550248
v -0.09468785 -0.60293156 1.74660623
v -0.09308848 -0.60512614 1.74537158
v -0.09244411 -0.60732460 1.74371791
v -0.09271242 -0.61000490 1.74181795
v -0.11193341 -0.63053918 1.73120832
v -0.10897669 -0.62374210 1.73149920
v -0.12950486 -0.65967631 1.76100004
v -0.13196775 -0.65395689 1.76885474
v -0.12845494 -0.63360345 1.75164962
v -0.13058224 -0.63113320 1.75690818
v -0.13154948 -0.62812126 1.76196265
v -0.13338898 -0.64415342 1.77708197
v -0.13438390 -0.63344401 1.78281593
v -0.13549145 -0.62239027 1.78761613
v -0.12102495 -0.69011629 1.75147867
v -0.11932483 -0.69791937 1.75450456
v -0.12221210 -0.68168819 1.74826360
v -0.10791311 -0.71211815 1.75333977
v -0.11082879 -0.70503962 1.74845886
v -0.11680326 -0.70493799 1.75842774
v -0.11313888 -0.69737571 1.74460816
v -0.11509348 -0.68950355 1.74169016
v -0.11609223 -0.68120086 1.73854542
v -0.11656682 -0.67252934 1.73589933
v -0.11613014 -0.66192549 1.73339272
v -0.09630796 -0.60219842 1.89343238
v -0.09211797 -0.57597011 1.73996067
v -0.09168591 -0.57579744 1.73905039
v -0.09087453 -0.57579064 1.74034536
v -0.09043694 -0.57557338 1.73945570
v -0.09011646 -0.57453632 1.74054682
v -0.09153219 -0.56685877 1.74212265
v -0.08989611 -0.56914759 1.74192095
v -0.08943084 -0.57265985 1.74113321
v -0.12588371 -0.59468424 1.84366477
v -0.12106866 -0.57051432 1.88421822
v -0.11381429 -0.58072996 1.89519548
v -0.00886973 -0.55401319 1.88919199
v -0.00975955 -0.56509864 1.89539087
v -0.05594668 -0.49810648 1.87059736
v -0.04342948 -0.50321817 1.87328029
v -0.04392535 -0.49929288 1.88105536
v -0.05637585 -0.49453518 1.87796021
v -0.01251108 -0.54655254 1.90739274
v -0.01169002 -0.54856515 1.89637733
v -0.01202935 -0.56209260 1.90494025
v -0.01150891 -0.56126416 1.91625035
v -0.01696708 -0.57425064 1.91348982
v -0.01785866 -0.57378602 1.92484868
v -0.02745617 -0.58386183 1.93233955
v -0.02572528 -0.58436191 1.92001212
v -0.03779595 -0.59293109 1.92539477
v -0.03995173 -0.59153849 1.93676949
v -0.03114063 -0.51140308 1.87658083
v -0.02118522 -0.52226740 1.88131320
v -0.02298302 -0.51783872 1.89038610
v -0.03223872 -0.50712675 1.88461661
v -0.01449551 -0.53524631 1.88820207
v -0.01624218 -0.53175259 1.89847779
v -0.05263736 -0.59604400 1.93722022
v -0.04877349 -0.59711099 1.92666674
v -0.05650367 -0.48459831 1.89204514
v -0.06864389 -0.48310500 1.89044762
v -0.06819527 -0.48927397 1.88405979
v -0.05661051 -0.49022490 1.88598347
v -0.02771974 -0.49533641 1.91083086
v -0.01196616 -0.50868827 1.91843176
v -0.00590628 -0.49941981 1.92064655
v -0.02281756 -0.48502490 1.91307545
v -0.01580504 -0.45522335 1.91283560
v 0.00749458 -0.47007656 1.92056704
v 0.00172160 -0.43830085 1.91795743
v -0.01612784 -0.43152633 1.91454268
v -0.00100683 -0.41216034 1.91602206
v -0.01717268 -0.40713111 1.91403770
v -0.00776519 -0.34441680 1.91227961
v -0.02468942 -0.34277713 1.90711248
v -0.02212239 -0.36366060 1.90876651
v -0.00566990 -0.36578390 1.91352308
v -0.00138522 -0.24775964 1.95295274
v -0.01490446 -0.24796683 1.94159555
v -0.00446301 -0.25821075 1.93068635
v 0.00786169 -0.25883976 1.93851161
v 0.04826928 -0.38266367 1.93365383
v 0.04917891 -0.40158588 1.92747927
v 0.05588978 -0.39224213 1.93447614
v 0.05489550 -0.37544215 1.94336617
v 0.03140080 -0.52758867 1.93835044
v 0.02124230 -0.50053382 1.92809844
v 0.01375973 -0.50812781 1.92923486
v 0.02329266 -0.53228569 1.93780601
v 0.04978138 -0.30303001 1.98337793
v 0.04512150 -0.28851137 1.98468447
v 0.04267797 -0.28924054 1.96887660
v 0.04586388 -0.30289972 1.96666038
v 0.00555467 -0.24827614 2.05164242
v -0.00597693 -0.23470569 2.03206396
v -0.00831692 -0.24704584 2.02284479
v 0.00308920 -0.26003712 2.04068851
v 0.02959747 -0.31623971 2.09369445
v 0.02636776 -0.33462918 2.11688018
v 0.01980200 -0.32922274 2.12949610
v 0.02306199 -0.31111014 2.10550451
v 0.01905422 -0.34788576 1.92490685
v 0.00679445 -0.34626627 1.91833842
v 0.00887856 -0.36731607 1.91827357
v 0.02086335 -0.36869711 1.92319560
v 0.12939541 -0.29733008 1.96697938
v 0.11645289 -0.28841305 1.97936273
v 0.10635714 -0.30787987 1.97167289
v 0.12021409 -0.31745052 1.95971131
v 0.03133763 -0.25253433 2.15097952
v 0.02491888 -0.26854551 2.17652822
v 0.02532312 -0.25459498 2.18096733
v 0.03073048 -0.24156922 2.15459561
v 0.09122901 -0.44217554 1.91774464
v 0.10562362 -0.46439457 1.92277634
v 0.11345145 -0.45028546 1.92335761
v 0.09712806 -0.42946032 1.91990232
v 0.04483701 -0.34930924 1.94529796
v 0.04650388 -0.36567289 1.93909144
v 0.05402925 -0.36113077 1.95059586
v 0.05160130 -0.34802955 1.95652473
v 0.04629270 -0.35104093 2.10213900
v 0.04981602 -0.33366066 2.08097124
v 0.05589459 -0.34810573 2.07267809
v 0.05316966 -0.36415702 2.09168196
v 0.04132451 -0.32248729 2.08789825
v 0.03667171 -0.34088725 2.11031723
v 0.03754006 -0.34959739 1.93784845
v 0.02913336 -0.34905541 1.93141258
v 0.03067144 -0.36935002 1.92770910
v 0.03888569 -0.36897361 1.93207169
v -0.01147446 -0.24459526 1.97034681
v -0.02737228 -0.24389014 1.95539367
v 0.03006000 -0.22759902 2.12761784
v 0.02379424 -0.21455717 2.10226488
v 0.02464024 -0.22056216 2.10052681
v 0.03090982 -0.23592746 2.12493634
v -0.02450937 -0.24798745 1.99891078
v -0.01997450 -0.24773031 1.98644757
v -0.00497428 -0.25293615 1.99945831
v -0.01140972 -0.25588146 2.01423955
v 0.01268670 -0.20299190 2.07813954
v -0.00114347 -0.19151983 2.05401683
v -0.00028482 -0.19386840 2.05467749
v 0.01337811 -0.20668703 2.07764125
v -0.00338069 -0.38819295 1.91419446
v -0.01932443 -0.38474739 1.91130602
v 0.02269224 -0.25821915 1.97259605
v 0.01183648 -0.25144041 1.96315169
v 0.01946327 -0.26272243 1.94752884
v 0.02832643 -0.26872611 1.95677066
v 0.06146578 -0.36891434 1.95986867
v 0.06279828 -0.38252535 1.94966364
v 0.06532653 -0.37725729 1.97718132
v 0.06365587 -0.36850518 1.98276460
v 0.02458010 -0.24158940 2.18329811
v 0.03027776 -0.23217261 2.15620375
v 0.01293175 -0.19976795 2.07681537
v -0.00032136 -0.18959147 2.05139589
v 0.06517091 -0.40241459 2.03630257
v 0.06574599 -0.40413085 2.03193069
v 0.07016034 -0.40977502 2.04437780
v 0.06956649 -0.40962878 2.04980707
v -0.04765205 -0.26308072 1.91895580
v -0.03019172 -0.26784068 1.91581643
v -0.02612403 -0.25435603 1.92800498
v -0.04182395 -0.24914557 1.93712199
v 0.01445332 -0.25620624 1.99197543
v 0.00794407 -0.26025277 2.01086259
v 0.00207387 -0.24916917 1.98190606
v -0.06602326 -0.26085308 1.92582715
v -0.05946143 -0.24820143 1.95075071
v -0.03772578 -0.38194200 1.90748751
v -0.04043700 -0.36194777 1.90469003
v -0.03568104 -0.40318528 1.90931964
v -0.05486634 -0.39880621 1.90434837
v -0.05399736 -0.41993809 1.90443993
v -0.03498372 -0.42438230 1.90943623
v -0.05450900 -0.43906957 1.90291262
v -0.03601998 -0.44501406 1.90768588
v -0.04322551 -0.48425046 1.90401673
v -0.04045511 -0.47433853 1.90573573
v 0.05924984 -0.35788319 1.96670067
v 0.05698247 -0.34672225 1.97271204
v 0.02323861 -0.20965168 2.10285807
v 0.03854741 -0.53067100 2.05810452
v 0.02984184 -0.52237689 2.07308149
v 0.05107852 -0.51491517 2.06410408
v 0.05776572 -0.52299446 2.04897428
v 0.04153694 -0.52378035 1.93830788
v 0.03396974 -0.49651113 1.92577577
v 0.07002181 -0.44819456 2.08320522
v 0.07992427 -0.44237494 2.07350969
v 0.08410288 -0.44759011 2.07027507
v 0.07358986 -0.45453903 2.07883644
v 0.08779368 -0.42387232 2.05733657
v 0.08081836 -0.42024374 2.05668378
v 0.09294468 -0.40810093 2.05488324
v 0.09926757 -0.41219133 2.05662036
v 0.01210098 -0.26382422 2.20474029
v 0.01136568 -0.28297451 2.19926000
v -0.00599201 -0.39393103 2.16035867
v -0.07168289 -0.59889585 1.94783044
v -0.06702009 -0.59783506 1.93715215
v 0.00685723 -0.37329468 2.15014029
v 0.02163829 -0.38104218 2.14107084
v 0.01129445 -0.40099779 2.14877510
v -0.09245528 -0.53534502 2.06610990
v -0.09730964 -0.52613115 2.07874179
v -0.07387155 -0.52771086 2.08235025
v -0.06812358 -0.53694296 2.06979465
v -0.00680466 -0.54765773 2.05689979
v 0.00006300 -0.55435497 2.04201555
v -0.03112732 -0.55380946 2.04624414
v -0.03607990 -0.54689407 2.05891871
v 0.01389841 -0.53603828 2.06534696
v 0.00459259 -0.52750021 2.07909894
v 0.04911582 -0.38143361 2.10641646
v 0.04059334 -0.37007678 2.11842489
v 0.06502643 -0.39392081 2.07113147
v 0.06438325 -0.40680823 2.08379555
v 0.06130856 -0.39985168 2.09106445
v 0.06290919 -0.38576144 2.07709455
v 0.01339556 -0.54033142 1.93726635
v 0.01229708 -0.56093830 1.95114493
v 0.02468201 -0.55357563 1.95266867
v -0.03024970 -0.57901698 1.99581063
v -0.03178895 -0.57598108 2.00352883
v -0.01283048 -0.57415283 1.99728596
v -0.01843475 -0.57744324 1.99044037
v -0.09264380 -0.48277527 2.13773465
v -0.11629088 -0.48293638 2.13518143
v -0.12129180 -0.46638781 2.14729190
v -0.09719710 -0.46431318 2.15306306
v 0.07335253 -0.43170905 2.07709241
v 0.06751095 -0.43256000 2.08698106
v 0.06705908 -0.42307621 2.08403850
v 0.07062009 -0.42399368 2.07507110
v 0.05898112 -0.41322312 2.10011888
v 0.06331831 -0.41903037 2.09207916
v 0.06154930 -0.43064362 2.09594154
v 0.05563672 -0.42667648 2.10519552
v 0.02586929 -0.40746319 2.13481116
v 0.03443263 -0.38905263 2.12877131
v 0.04492788 -0.39826432 2.11695433
v 0.03885258 -0.41524822 2.12403965
v -0.13991275 -0.39766091 2.18612576
v -0.12091614 -0.39642602 2.19335294
v -0.11509323 -0.41817275 2.18177700
v -0.13552754 -0.41988501 2.17712450
v 0.06832334 -0.39009887 1.99828088
v 0.06667645 -0.38543355 1.97875047
v 0.06750555 -0.37392053 1.98182428
v 0.07171477 -0.37671164 2.00165367
v 0.13758434 -0.41607502 2.04888201
v 0.12883665 -0.42408690 2.05023122
v 0.12390815 -0.41946858 2.05420971
v 0.13312481 -0.41234201 2.05281496
v 0.08180651 -0.35908943 2.02527547
v 0.07529782 -0.35818428 2.00713420
v 0.08086762 -0.33805490 2.01365209
v 0.08837669 -0.33845210 2.03277898
v 0.05656777 -0.54165411 1.96069217
v 0.05162520 -0.52043748 1.93867421
v 0.04770814 -0.54536879 1.95753574
v 0.09392472 -0.36701488 2.05346155
v 0.10210620 -0.37437761 2.06157374
v 0.09362446 -0.38940379 2.05485654
v 0.08731653 -0.38377658 2.04565239
v 0.13857780 -0.32906884 1.95485854
v 0.14732869 -0.30900079 1.96153688
v 0.10578652 -0.32290974 2.05430675
v 0.11712581 -0.32954231 2.06462836
v 0.10428263 -0.34863046 2.06011415
v 0.09548011 -0.34183967 2.04860950
v -0.01935011 -0.38635013 2.17007732
v -0.00317988 -0.36734551 2.16092968
v -0.02561071 -0.27626753 2.23936486
v -0.00530807 -0.26977116 2.22558236
v -0.00874386 -0.29090500 2.21877980
v -0.03041671 -0.29935789 2.23094392
v 0.01165603 -0.24580950 2.21002722
v -0.02283085 -0.25589001 2.24316001
v -0.00393688 -0.25159323 2.22889853
v -0.00638283 -0.56576031 1.93927324
v -0.01749571 -0.57893884 1.95036399
v -0.00903568 -0.57677686 1.95927346
v 0.00315235 -0.56535256 1.94680953
v 0.06279348 -0.14062971 2.22644877
v 0.06344283 -0.11592421 2.22735286
v 0.06749201 -0.12964928 2.20111418
v 0.06877552 -0.14508599 2.19661069
v -0.04305238 -0.58888441 1.97685313
v -0.02441398 -0.58375615 1.96907282
v -0.03023014 -0.58700484 1.95903373
v -0.04486888 -0.59231579 1.96477759
v 0.06418519 -0.16629124 2.19365311
v 0.05644658 -0.16752854 2.22346950
v 0.00583909 -0.54511273 1.93365502
v -0.00297727 -0.54598671 1.92678118
v -0.00142155 -0.52539456 1.92542911
v -0.01025860 -0.52799559 1.91915250
v -0.01927226 -0.51307458 1.91033638
v 0.06096540 -0.13963577 2.17267776
v 0.06377512 -0.14836740 2.17045093
v -0.01714912 -0.57469130 1.93784308
v -0.02888589 -0.58475530 1.94539177
v -0.04476938 -0.59247744 1.95155168
v -0.05918526 -0.59704936 1.95198810
v 0.02001278 -0.23496944 2.21283579
v 0.03028524 -0.22870147 2.18679452
v 0.03155154 -0.00979728 2.20760298
v 0.00498670 0.01100969 2.21084666
v 0.02084106 0.01250333 2.17690945
v 0.04877618 -0.01519918 2.17792153
v -0.07579827 0.04054445 2.21309328
v -0.06023778 0.04648942 2.17236519
v -0.01554726 0.03282696 2.17408371
v -0.02821336 0.02856368 2.20911956
v -0.09089944 -0.11209279 2.30583239
v -0.09044552 -0.13838416 2.30366230
v -0.12564275 -0.13544309 2.29910183
v -0.12528612 -0.10771066 2.30145335
v -0.01464181 -0.23835194 2.25176477
v 0.00397949 -0.23624134 2.23577261
v 0.03234437 -0.21918699 2.16005301
v 0.08423135 -0.13992703 2.12919450
v 0.09612440 -0.14613438 2.10137320
v 0.07763344 -0.18061909 2.08182001
v 0.06364058 -0.17516914 2.10954952
v 0.09580393 -0.06245559 2.12184334
v 0.08541100 -0.06307024 2.14596510
v 0.06664336 -0.02516568 2.14414454
v 0.08066975 -0.02761990 2.11650515
v -0.01591148 -0.17917559 2.02812028
v 0.00252342 -0.18586162 2.04802942
v -0.01229460 -0.17620009 2.02228165
v -0.07700101 -0.16332489 1.98164988
v -0.05302254 -0.16598263 1.99378443
v -0.05147159 -0.16201419 1.98575640
v -0.07471605 -0.15827820 1.97377944
v -0.06855273 -0.08497792 1.99648917
v -0.08211267 -0.07536006 1.99016237
v -0.07910722 -0.09342223 1.98549342
v -0.06501143 -0.09921771 1.99889600
v 0.04944870 -0.14967811 2.14245939
v 0.02590084 -0.15402341 2.11707067
v 0.03385889 -0.15653041 2.11078477
v 0.05222259 -0.16003141 2.13699746
v -0.04884986 0.04238945 2.13552284
v -0.00422354 0.03047878 2.13615584
v 0.04634004 -0.20492047 2.05814767
v 0.03158992 -0.19853520 2.08560753
v 0.01318954 -0.20982072 2.03320622
v -0.01514925 -0.19397536 2.01215911
v -0.03147737 -0.18881428 2.04004741
v -0.00337071 -0.20268625 2.06155777
v -0.09069298 -0.06679499 2.03143454
v -0.09370930 -0.04319477 2.02920985
v -0.09195861 -0.03481859 2.02765179
v -0.08781423 -0.05581683 2.02577353
v -0.09216508 0.02250594 2.24749923
v -0.04887498 0.01793963 2.24399900
v -0.06599876 -0.00323570 2.27082944
v -0.10448696 0.00025231 2.26978683
v -0.04430446 -0.26052123 2.25191474
v -0.03644193 -0.24010894 2.26289535
v -0.06785400 -0.26321858 2.25763321
v -0.04809342 -0.28606084 2.24666214
v -0.07223848 -0.28851318 2.25040388
v -0.05871721 -0.42119995 2.17560244
v -0.03811223 -0.40430990 2.17552590
v -0.02356390 -0.41418684 2.16602540
v -0.04254118 -0.43386179 2.16507149
v -0.04886316 -0.52984613 2.08484292
v -0.04279762 -0.53884220 2.07222033
v 0.04982778 0.00852305 2.10714054
v 0.00382736 0.02843809 2.09949350
v 0.04219310 0.01550925 2.06321192
v 0.07465583 -0.00689358 2.07707095
v 0.11601806 -0.11126351 2.08505964
v 0.10316058 -0.10738263 2.11282444
v 0.10952535 -0.07044733 2.08844948
v 0.11108081 -0.15499759 2.07022166
v 0.09156263 -0.19117713 2.05036545
v 0.03118524 -0.21392295 2.00328732
v 0.00375007 -0.19796965 1.98304093
v -0.05610349 -0.09047037 1.98639166
v -0.05065452 -0.12691006 1.98750794
v -0.02918068 -0.12904549 1.96580482
v -0.03355105 -0.09298253 1.96639633
v -0.05182920 -0.10960099 2.03931975
v -0.02492233 -0.13204071 2.07042718
v -0.03803151 -0.13749611 2.08017778
v -0.06162408 -0.11919272 2.05677056
v -0.07410753 -0.16286346 1.98868179
v -0.05439140 -0.16584235 1.99841440
v -0.03346011 -0.17203775 2.00820708
v -0.03536630 -0.17110881 2.01194382
v -0.01695640 -0.17959502 2.03103709
v -0.05532049 -0.19045800 1.98082733
v -0.03382488 -0.19733775 1.99777114
v -0.03347522 -0.18386024 2.00278807
v -0.05542376 -0.17664105 1.98598361
v -0.05607263 -0.20769963 1.97532988
v -0.03457770 -0.21352845 1.99199796
v -0.06087943 -0.24460948 1.96849859
v -0.03788589 -0.24496508 1.97049785
v -0.04063622 -0.24437344 1.98307133
v -0.05697675 -0.37854666 1.90324485
v -0.05927469 -0.35975087 1.90149570
v 0.04353466 -0.16220719 2.14493132
v -0.02312203 0.02732277 2.06521940
v -0.03590198 0.00549680 2.03346658
v -0.01063227 0.00438344 2.01443291
v 0.01086475 0.02020621 2.04087639
v 0.06444322 -0.16165721 2.16442204
v 0.02971361 -0.22033465 2.12869644
v 0.03022255 -0.21044368 2.13118577
v 0.02025035 -0.29248470 2.07984471
v 0.02712684 -0.29507887 2.06209064
v -0.01456614 -0.27214557 1.91657865
v -0.01463387 -0.26099223 1.92411637
v 0.08976068 -0.10101146 2.14350820
v 0.06371862 -0.21557304 1.94582367
v 0.03772117 -0.19723153 1.92571807
v 0.02062763 -0.19812435 1.95487761
v 0.04801735 -0.21480209 1.97432804
v -0.00589767 -0.06218588 1.95194387
v -0.01043029 -0.09409404 1.94384110
v 0.01309651 -0.09558523 1.91934621
v 0.02061377 -0.06689155 1.92838037
v 0.04445034 -0.07257968 1.90173435
v 0.03605693 -0.10098606 1.89214587
v 0.05785820 -0.10237980 1.86552954
v 0.06617691 -0.07687980 1.87625217
v 0.06225310 -0.21074513 2.02753615
v 0.11812820 -0.19885117 1.99088776
v 0.09231633 -0.21490538 1.96936989
v 0.07685629 -0.21333885 1.99861741
v 0.10479286 -0.19568807 2.02043796
v 0.09847474 -0.03877264 2.08158064
v -0.03124393 -0.05838329 1.97355425
v -0.05373989 -0.05682802 1.99021840
v 0.04939861 -0.02406776 1.95671213
v 0.07095118 -0.01540035 1.97664976
v 0.04360449 0.00203902 2.00548935
v 0.02056771 -0.01059955 1.98303461
v 0.14229389 -0.10104007 2.02377391
v 0.14588363 -0.13807639 2.01979470
v 0.13222484 -0.12787488 2.04995513
v 0.12780999 -0.08822840 2.05225253
v 0.13775186 -0.17230666 2.00872445
v 0.12475018 -0.16653377 2.03787279
v 0.14474283 -0.20473796 1.93121779
v 0.12136506 -0.21618402 1.90940380
v 0.10631520 -0.21590221 1.93974853
v 0.13138364 -0.20153642 1.96168077
v 0.16305883 -0.18240610 1.95081997
v 0.15079306 -0.17718270 1.98020697
v 0.15850307 -0.14584982 1.99102437
v 0.17027949 -0.15413716 1.96204448
v 0.16771375 -0.12405321 1.96627700
v 0.15550958 -0.11304465 1.99409592
v 0.14751913 -0.08290315 1.99043107
v 0.16000991 -0.09631282 1.96400368
v 0.13411792 -0.05672210 1.98144126
v 0.11506693 -0.03774709 1.96789241
v 0.13109662 -0.05413860 1.94250798
v 0.14730163 -0.07271028 1.95627546
v 0.09454110 -0.04519355 1.90751767
v 0.11312072 -0.04389292 1.92628872
v 0.09415409 -0.03039223 1.95029652
v 0.07409219 -0.03608167 1.93054378
v 0.13645412 -0.08649176 1.86025620
v 0.14704700 -0.10075063 1.87480819
v 0.14660941 -0.08903092 1.87713766
v 0.13473360 -0.07483637 1.86078393
v 0.15942778 -0.11309007 1.88815498
v 0.17167117 -0.12720928 1.89897716
v 0.17276849 -0.11928838 1.90151119
v 0.15923961 -0.10482150 1.88951540
v 0.19214444 -0.15334201 1.90191567
v 0.18507974 -0.13550368 1.90658391
v 0.18488450 -0.14054587 1.90146995
v 0.19560502 -0.15365246 1.89479673
v 0.20374508 -0.16584888 1.88331735
v 0.19701453 -0.17180982 1.89285302
v 0.20685592 -0.17311573 1.86379147
v 0.19732983 -0.18511873 1.87554824
v 0.18890126 -0.19334966 1.85038686
v 0.20262767 -0.17471224 1.83719623
v 0.12047127 -0.09354120 1.81273270
v 0.12072210 -0.08171064 1.82669544
v 0.11411338 -0.08261657 1.82749617
v 0.11244607 -0.09918666 1.81601322
v 0.12308364 -0.13653558 1.79455054
v 0.13509528 -0.16176671 1.79206264
v 0.15382238 -0.13896170 1.78830814
v 0.14015730 -0.11916643 1.79381824
v 0.17438705 -0.18670911 1.92101598
v 0.15955026 -0.20778069 1.90023971
v 0.17913754 -0.13554275 1.94006646
v 0.18066473 -0.16239858 1.93451905
v 0.11261053 -0.05218875 1.88629663
v 0.12966062 -0.05673867 1.90492499
v 0.07913397 -0.10317576 1.84212637
v 0.08505188 -0.07877260 1.85443866
v 0.11339383 -0.20784986 1.85551000
v 0.13799210 -0.21640766 1.87740624
v 0.15585889 -0.21037966 1.84718001
v 0.13334052 -0.20090252 1.82388413
v 0.18564735 -0.18943933 1.89500952
v 0.18925194 -0.16877714 1.91092920
v 0.18761681 -0.14601040 1.91871798
v 0.18146248 -0.12421417 1.91979825
v 0.16852768 -0.10554835 1.91356933
v 0.15434821 -0.08916855 1.90237737
v 0.14103480 -0.07213509 1.88878560
v 0.12640402 -0.06209177 1.87081647
v 0.10183215 -0.08078933 1.83790588
v 0.09796616 -0.10305333 1.82536137
v 0.15446605 -0.18449673 1.80123496
v 0.17520200 -0.19556668 1.82462049
v 0.19435395 -0.17347768 1.81390786
v 0.17304762 -0.15922815 1.79367208
v 0.18870671 -0.13076362 1.79600692
v 0.16920252 -0.11604124 1.79092050
v 0.15919881 -0.11246327 1.89412642
v 0.17255880 -0.12372544 1.90272903
v 0.18733181 -0.13475159 1.90445614
v 0.21250644 -0.15118849 1.88292611
v 0.21892610 -0.15198275 1.85791719
v 0.21752581 -0.14744052 1.83086193
v 0.20505880 -0.14643198 1.81070662
v 0.12909423 -0.06296957 1.84401095
v 0.12507585 -0.07788116 1.83349252
v 0.12733155 -0.08389193 1.81802952
v 0.13722102 -0.06499147 1.82594323
v 0.13573633 -0.07340306 1.88059151
v 0.14533357 -0.08517712 1.89875674
v 0.14827718 -0.10104620 1.87924004
v 0.13667642 -0.08999914 1.86539102
v 0.16022299 -0.09680051 1.91176152
v 0.17731409 -0.10881507 1.91783261
v 0.19471951 -0.11943841 1.91867542
v 0.20133574 -0.14547685 1.89914417
v 0.21141234 -0.12665489 1.90825224
v 0.22448626 -0.12774700 1.88695192
v 0.23230198 -0.12295872 1.85658693
v 0.23953375 -0.07919633 1.83683085
v 0.22567055 -0.11074516 1.82721961
v 0.24837634 -0.09190375 1.86453915
v 0.24625608 0.02948123 1.85993171
v 0.26798591 0.01522809 1.87064433
v 0.27352557 0.04908228 1.88230085
v 0.25541434 0.06282300 1.87334991
v 0.14501892 -0.03923291 1.83595598
v 0.13402717 -0.03861195 1.85758710
v 0.13625742 -0.04896116 1.89899826
v 0.14749320 -0.06171012 1.91775751
v 0.25231138 -0.07206064 1.91043746
v 0.23941168 -0.10061133 1.89586878
v 0.22422889 -0.10203815 1.92032993
v 0.23564586 -0.07345706 1.93535411
v 0.17160447 0.05347019 1.87094665
v 0.16040169 0.05348939 1.89228165
v 0.14880474 0.02273393 1.88178098
v 0.16054408 0.02293116 1.85888827
v 0.14105333 -0.01843095 1.91339159
v 0.14988072 0.01209968 1.92394900
v 0.16003247 0.00129837 1.94358611
v 0.15199949 -0.03000331 1.93294644
v 0.27089897 -0.00575155 1.92984641
v 0.26254132 -0.04024178 1.92197549
v 0.24631909 -0.04137617 1.94706213
v 0.25602719 -0.00621951 1.95397520
v 0.26051566 -0.06318897 1.87776935
v 0.26913300 -0.03259110 1.88956785
v 0.26165918 -0.01765203 1.86062956
v 0.25175217 -0.04787594 1.84797597
v 0.23791483 -0.00187927 1.84695804
v 0.22708806 -0.03158635 1.83360136
v -0.10141186 -0.01804197 2.01988578
v -0.10010293 -0.00638652 2.03263354
v -0.09888509 -0.00111693 2.04417562
v 0.19806476 0.11293977 1.91336763
v 0.17759915 0.08374697 1.90267706
v 0.18891780 0.08415157 1.88382912
v 0.20815060 0.11446452 1.89751232
v 0.17352720 0.03244442 1.95230365
v 0.16235198 0.04236597 1.93385482
v 0.18034486 0.07311410 1.94045937
v 0.19094320 0.06412393 1.95693076
v 0.28437695 0.07035500 1.94151044
v 0.27779558 0.03150004 1.93657112
v 0.26442567 0.03175157 1.95815587
v 0.27151039 0.07109588 1.96149981
v 0.28071347 0.08545130 1.89573741
v 0.28323510 0.03692222 1.90701056
v 0.28913614 0.07484591 1.91728449
v 0.28743652 0.12187308 1.90554130
v 0.27336434 0.13123840 1.89742804
v 0.26420906 0.09770900 1.88672316
v 0.22529075 0.14394134 1.90905702
v 0.21545216 0.14353341 1.92273307
v 0.22211751 0.12919503 1.96314621
v 0.20832476 0.09621304 1.95957398
v 0.19939907 0.10418123 1.94490075
v 0.21495888 0.13646263 1.94927478
v 0.24033406 0.08168888 1.97515666
v 0.22224268 0.09053451 1.97209263
v 0.23535189 0.12328941 1.97481239
v 0.25206378 0.11636883 1.97760057
v 0.27633628 0.11025184 1.96577859
v 0.25453010 0.07836062 1.97452354
v 0.26396325 0.11374396 1.97504723
v 0.28940734 0.10878199 1.94741368
v 0.29503736 0.11388326 1.92583871
v -0.05939309 0.01770782 2.06737351
v -0.06552663 -0.00678200 2.03895402
v -0.05270699 0.00015646 2.03937960
v -0.04584530 0.02311009 2.07023597
v -0.00797280 -0.13124338 1.93986440
v 0.01321096 -0.13218382 1.91288853
v 0.05528618 -0.13202333 1.85996962
v 0.03423665 -0.13434923 1.88620186
v 0.07773015 -0.12980288 1.83437431
v 0.09951212 -0.12563825 1.81353641
v 0.11497910 -0.11756736 1.80357814
v 0.12710431 -0.10606518 1.80332327
v 0.13855438 -0.09080034 1.80632198
v 0.15217860 -0.06885624 1.81290078
v 0.17235078 -0.01336378 1.83006752
v 0.15217002 -0.00851297 1.84735847
v 0.16320027 -0.04228002 1.82096601
v 0.19317757 0.04956752 1.85501909
v 0.18195890 0.01809740 1.84156132
v 0.20884845 0.08114028 1.87129676
v 0.22456697 0.11397195 1.88731074
v 0.24037370 0.14299184 1.90058577
v -0.06622806 -0.15116724 2.04272056
v -0.07713851 -0.12116131 2.02396274
v -0.08510141 -0.11528021 2.03632760
v -0.07367194 -0.13910580 2.06046104
v -0.09119372 -0.02848905 2.03338861
v -0.08789432 -0.01686186 2.04086399
v -0.09291831 -0.01317853 2.04174590
v -0.09344178 -0.02233791 2.03501177
v 0.17479672 -0.20513666 1.87213409
v 0.17232458 -0.11090523 1.93870223
v 0.15899242 -0.08889073 1.93340933
v 0.14523430 -0.07060462 1.91949832
v -0.09662105 0.00358516 2.05394864
v 0.08117093 -0.15916240 1.83135927
v 0.09272496 -0.18745556 1.83839524
v 0.11346216 -0.17901596 1.80968785
v 0.10288137 -0.15034258 1.80733323
v 0.21578190 -0.05636138 1.82223785
v 0.19883732 -0.01981586 1.82682312
v 0.18886544 -0.04782975 1.81587505
v 0.20703092 -0.08312452 1.81072497
v 0.18420006 -0.08735174 1.93685389
v 0.20430498 -0.09680265 1.93416464
v 0.19169296 -0.05867654 1.95329773
v 0.16465183 -0.07523692 1.93063104
v 0.16966240 -0.04568017 1.94645834
v 0.04150115 -0.16731617 1.88608861
v 0.05488480 -0.19548494 1.89707220
v 0.07291435 -0.19232813 1.86787069
v 0.06010237 -0.16397929 1.85887146
v -0.01513502 -0.31398243 2.20588899
v -0.03647510 -0.32492098 2.21658278
v 0.03657637 -0.27652532 2.00500059
v 0.03228820 -0.28362498 2.03006625
v 0.01879066 -0.27067989 2.02239609
v 0.02599375 -0.26536447 2.00071478
v 0.04479873 -0.28915870 2.00574875
v 0.04248365 -0.29502079 2.03135419
v 0.05121655 -0.30331162 2.00435543
v -0.09325126 -0.58029413 1.99928701
v -0.08994687 -0.58755767 1.98816717
v 0.05040505 -0.30788690 2.02947211
v 0.06132587 -0.37481338 2.00421619
v 0.06003931 -0.38464469 2.00204182
v -0.05749818 -0.22607067 1.97077084
v -0.08236465 -0.22362819 1.95942247
v -0.08443651 -0.24294341 1.95796275
v -0.02989281 -0.16849023 2.00083256
v -0.06232923 -0.09023029 2.01810360
v -0.05445915 -0.10883594 2.01980734
v -0.03937881 -0.11947054 2.04428005
v -0.09600332 -0.03661609 2.01726270
v -0.09364767 -0.41313037 2.18535757
v -0.09982580 -0.39227098 2.19799948
v -0.06342825 -0.54525357 2.05799484
v -0.08811060 -0.54428959 2.05399656
v -0.05647812 -0.55974531 2.03520560
v -0.05490028 -0.56682950 2.02493668
v -0.07878451 -0.56766868 2.02263355
v -0.10823937 -0.18666083 1.96139967
v -0.10806534 -0.17094347 1.96667099
v -0.08117193 -0.56007355 2.03214049
v -0.06426759 -0.59179831 1.97897363
v -0.11107700 -0.24134398 1.95060849
v -0.11019333 -0.22225606 1.95315766
v -0.06239425 -0.59624672 1.96439648
v -0.08208954 -0.01769453 2.03813887
v -0.07762668 0.00163907 2.05534148
v -0.08396700 -0.00312048 2.05167341
v -0.07050446 -0.09231585 1.99923825
v -0.06926996 -0.06059062 2.00068617
v -0.08009461 -0.06267446 2.00902224
v -0.08102345 -0.09188563 2.01029801
v 0.05186639 -0.16803011 2.13686252
v 0.07181999 -0.13294551 2.15753293
v 0.03641544 0.00871539 2.14120889
v 0.14497976 -0.29038909 2.06902194
v 0.15981923 -0.29809099 2.07048154
v 0.14519344 -0.31875795 2.07097125
v 0.13080747 -0.31100917 2.06723046
v -0.06561907 -0.48003590 2.14051723
v -0.06423010 -0.45636445 2.15714264
v 0.00658045 -0.51912737 1.92823315
v 0.06983684 -0.50991774 1.93499410
v 0.06087029 -0.48521313 1.92077851
v 0.05331146 -0.49091205 1.92282367
v 0.06098395 -0.51565182 1.93732429
v -0.09477417 0.01026875 2.06473446
v 0.07364871 -0.52588320 2.02835131
v 0.07709189 -0.53189600 2.00670743
v 0.06356026 -0.53794664 2.01503611
v 0.05994181 -0.53110534 2.03537273
v -0.12413673 -0.07973254 2.30035615
v -0.09013578 -0.08485818 2.30476594
v -0.12256478 -0.32168338 2.22836185
v -0.10027531 -0.31993490 2.23608994
v -0.10295367 -0.34624228 2.22338200
v -0.08784254 0.03930265 2.11659980
v -0.08808054 0.04160720 2.12725878
v -0.12391947 -0.34853357 2.21672440
v -0.03339433 -0.45976621 2.14763570
v -0.02014464 -0.43978336 2.15355325
v -0.06475981 -0.30092859 1.90344644
v -0.04692891 -0.30242473 1.90360570
v -0.04766357 -0.28200561 1.90830457
v -0.06595230 -0.28055975 1.91058838
v 0.15818976 -0.36670613 2.05790758
v 0.13797848 -0.38082564 2.06262636
v 0.12740180 -0.36818540 2.06684756
v 0.14347823 -0.34971133 2.06823468
v 0.07714398 -0.09647208 2.17387581
v 0.07161234 -0.05533022 2.17651105
v 0.00335298 -0.32758528 2.17402625
v -0.01518574 -0.34554267 2.19050503
v -0.01876611 -0.32929963 2.19699383
v 0.00059841 -0.31345850 2.18130994
v 0.01785692 -0.35360888 2.13566113
v 0.00872671 -0.34761858 2.14814782
v 0.02996018 -0.36057490 2.12835026
v 0.07356218 -0.41770619 2.05873966
v 0.07532150 -0.41520533 2.05313849
v 0.07885747 -0.42472988 2.06244063
v -0.06524818 -0.12521896 2.00806975
v -0.07944868 -0.09794211 2.03930211
v -0.07460131 -0.08684438 2.02942014
v -0.09011416 -0.00305074 2.05171514
v -0.01532019 -0.52931869 1.91001177
v -0.02213541 -0.51547015 1.90116727
v 0.08202833 -0.37987405 2.03341460
v 0.08798772 -0.36115342 2.04063249
v 0.06281139 -0.39702591 2.04293776
v 0.06536928 -0.40533873 2.05816031
v 0.06527315 -0.40065584 2.06476760
v 0.06320824 -0.39031392 2.04778671
v 0.06782185 -0.41472992 2.06891632
v 0.06652544 -0.41193864 2.07687736
v 0.03205371 -0.39101154 1.92348278
v 0.03399741 -0.41332039 1.92067873
v 0.04185819 -0.40858570 1.92372763
v 0.04014779 -0.38819945 1.92711890
v 0.02243499 -0.39131817 1.92107141
v 0.01067638 -0.39025906 1.91796708
v 0.01287850 -0.41503957 1.91844189
v 0.02449844 -0.41540501 1.92045569
v -0.01822656 -0.47120050 1.91182446
v 0.00014364 -0.48644030 1.92019033
v -0.03722436 -0.46057293 1.90540576
v -0.05423627 -0.45448440 1.90005183
v -0.06659797 -0.58677614 1.99114907
v -0.06978322 -0.58027112 2.00319409
v -0.04464658 -0.57884645 2.00330472
v -0.04030788 -0.58354813 1.99080598
v -0.03126467 -0.50173044 1.90151179
v -0.04380298 -0.49090198 1.89719248
v -0.05628240 -0.47700119 1.89667439
v 0.15596806 -0.34128743 1.95769000
v 0.16345094 -0.32111847 1.96389341
v -0.01015218 -0.56131554 1.92812598
v -0.01051285 -0.54470968 1.91887677
v 0.17185445 -0.35100484 1.96662736
v 0.17907794 -0.32988590 1.97355521
v 0.04432806 -0.49411866 1.92445707
v 0.04547147 -0.46326891 1.91999221
v 0.03667645 -0.46550107 1.92027855
v -0.03211151 -0.50449491 1.89268398
v -0.04388232 -0.49534401 1.88968277
v 0.06222976 -0.13996267 2.16835403
v 0.04199059 -0.16485301 2.14782429
v 0.02956259 -0.24569494 2.12012458
v 0.02814298 -0.26421630 2.14498425
v -0.08051035 -0.18715480 1.96893740
v -0.08108512 -0.17330122 1.97360146
v -0.06792682 -0.49333557 1.87568390
v -0.05610983 -0.16392580 1.99616730
v -0.08186576 -0.16063884 1.98543215
v -0.08125988 -0.16542318 1.97923005
v -0.05572327 -0.16767922 1.99091613
v -0.09084827 -0.15815863 1.98189318
v -0.09102217 -0.15657622 1.98584473
v -0.08590822 -0.06250167 1.99643159
v -0.07782884 -0.07160378 2.00327206
v 0.09364763 -0.38714606 1.93317425
v 0.10806476 -0.40170163 1.92698205
v 0.11513871 -0.38640767 1.93267822
v 0.09852301 -0.37252870 1.93869007
v -0.03465390 -0.17133054 2.01043749
v -0.01550894 -0.18126628 2.03102922
v 0.06232299 -0.36377776 2.00992060
v 0.06183327 -0.35779452 1.98793674
v -0.08429759 -0.25072300 1.94692910
v -0.02884063 -0.28413153 1.90870953
v -0.02791109 -0.30289489 1.90592074
v -0.01124326 -0.30510303 1.91021752
v -0.01246369 -0.28735092 1.91176546
v -0.08886173 0.00547338 2.06144023
v 0.14659514 -0.44446671 2.02514029
v 0.15485050 -0.43239194 2.02207494
v 0.15755253 -0.43854988 2.01167393
v 0.14991380 -0.45125017 2.01454043
v -0.06054026 -0.02945065 2.01261449
v -0.04304605 -0.02506989 2.00204825
v -0.04678990 0.03606433 2.10673642
v -0.06698124 0.03250664 2.09590816
v -0.01731082 -0.16677266 1.96840620
v -0.03786984 -0.16286266 1.99688649
v 0.00308263 -0.16741732 1.93989384
v 0.02277676 -0.16797769 1.91219175
v 0.15622590 -0.09871387 1.79797339
v 0.17744370 -0.07641649 1.80461240
v 0.20946196 0.01016051 1.84064245
v -0.08977617 0.04770517 2.14706802
v 0.21991983 0.04064381 1.85526776
v 0.23197594 0.07263666 1.86991024
v 0.24394736 0.10647142 1.88432765
v 0.25703725 0.13860333 1.89709485
v 0.19039406 -0.33497435 1.98837280
v 0.18375911 -0.35692137 1.98456228
v 0.18913336 -0.35760143 2.00619340
v 0.19717051 -0.33465841 2.00712895
v 0.09740372 -0.31928852 2.03902507
v 0.08985345 -0.31745055 2.02059221
v 0.09962504 -0.29875511 2.02719116
v 0.10797581 -0.30162850 2.04427385
v 0.11861999 -0.28261334 2.04991102
v 0.13076331 -0.28601617 2.06195784
v 0.11808346 -0.30590788 2.05810142
v 0.17438541 -0.30808306 2.06515312
v 0.18632428 -0.31759518 2.05474973
v 0.17404933 -0.34111679 2.05687284
v 0.15941943 -0.32923657 2.06787610
v 0.19818117 -0.33152229 2.02587342
v 0.18905674 -0.35408530 2.02605605
v 0.18380041 -0.34822878 2.04297900
v 0.19430657 -0.32517627 2.04238939
v 0.10809758 -0.28282982 1.99618626
v 0.10536909 -0.27923667 2.01480389
v 0.09559330 -0.29820389 2.00740004
v 0.09802142 -0.30162203 1.98846304
v 0.12649719 -0.41812441 1.92871726
v 0.13393320 -0.40004811 1.93538594
v 0.06499179 -0.38881484 1.97712958
v 0.06563236 -0.38674635 1.95555794
v 0.06584893 -0.38747841 1.95586944
v 0.06103162 -0.39200845 1.97945428
v 0.12955268 -0.35039598 1.94771385
v 0.12137271 -0.36954635 1.93985021
v 0.14013357 -0.38126868 1.94128048
v 0.14782302 -0.36076432 1.94963241
v 0.08806190 -0.32099792 1.98171079
v -0.08723785 0.03211403 2.10083675
v 0.08558050 -0.31728557 2.00039506
v 0.07644208 -0.33730650 1.99346256
v 0.07814403 -0.33913869 1.97414112
v 0.13068177 -0.33883679 2.06833959
v 0.11590162 -0.35784408 2.06556535
v 0.07876208 -0.37534839 1.94419754
v 0.08322412 -0.36107928 1.95083439
v 0.05926065 -0.34702295 1.99352813
v 0.06288987 -0.37225071 2.05846334
v 0.06351249 -0.38194162 2.05260038
v 0.03119064 -0.26652011 1.97920036
v 0.03498043 -0.27505833 1.96459270
v 0.05019454 -0.31893095 2.05564713
v 0.05593933 -0.33334085 2.04990315
v 0.03866449 -0.27639848 1.98349249
v 0.03898407 -0.27996206 1.97097623
v -0.02082833 -0.23657191 2.00469112
v -0.05553609 -0.46692285 1.89855456
v 0.10333318 -0.35530278 1.94658506
v 0.08799939 -0.34541747 1.95842993
v 0.10937643 -0.40142304 2.06080627
v 0.10112451 -0.39585197 2.05976844
v 0.11277194 -0.38253769 2.06435227
v -0.09834696 0.04613423 2.17304087
v -0.11221078 0.03759813 2.20617890
v 0.12284881 -0.39111620 2.06270146
v 0.01500240 -0.46357030 2.12273788
v -0.00720480 -0.46170062 2.13545823
v 0.00258512 -0.44405654 2.13901639
v 0.02264927 -0.44793755 2.12617588
v 0.16063203 -0.44146973 1.99185526
v 0.16239949 -0.43524200 1.97809112
v 0.15407459 -0.45410532 1.97505796
v 0.15335174 -0.45681342 1.99127340
v 0.15953980 -0.42691860 1.96149659
v 0.15011020 -0.41449580 1.94505525
v 0.14291386 -0.43412656 1.93975282
v 0.15174474 -0.44662651 1.95751953
v 0.06291890 -0.10011154 2.22148275
v 0.06534229 -0.12177080 2.19478941
v 0.02443023 -0.20194542 2.10324168
v 0.01492172 -0.19384149 2.07538390
v -0.01305582 -0.14431202 2.06196427
v -0.09402943 -0.07931656 2.02635407
v -0.09272365 -0.05236524 2.02143598
v -0.02332473 -0.02330869 1.99201095
v 0.06022723 -0.13586763 2.17204332
v 0.00527028 -0.03445959 1.96550632
v 0.03300471 -0.04282284 1.94118893
v 0.09587388 -0.02022982 1.99603140
v 0.11746576 -0.03901213 2.01053762
v 0.09839903 -0.02197933 2.04178405
v 0.07221811 -0.00163335 2.02726579
v 0.13334306 -0.06778526 2.01964164
v 0.11675607 -0.05269164 2.04972601
v 0.09544273 -0.21153799 1.88804901
v 0.17841591 -0.01261020 1.95778680
v 0.21267137 0.00934130 1.97161734
v 0.20088030 -0.02620345 1.96461546
v 0.19103356 0.02105743 1.96546888
v 0.22462299 -0.03626651 1.96120167
v 0.21389201 -0.06862390 1.94962752
v 0.27665541 0.00077158 1.89736402
v 0.20746198 0.05402106 1.96860361
v 0.22698429 0.04521382 1.97344875
v 0.24642184 0.03711313 1.97006297
v 0.23616716 -0.00121385 1.96735084
v -0.07182088 -0.03446525 2.01816940
v 0.01858852 -0.18950033 2.11139584
v 0.00787426 -0.18027896 2.12765026
v -0.04899670 -0.15293163 2.08504796
v -0.07119723 -0.12965342 2.06592679
v -0.00088758 -0.19908887 2.05267429
v 0.01247632 -0.21309507 2.07466364
v 0.00726260 -0.23608184 2.06139684
v 0.01800763 -0.25158900 2.08165431
v 0.02125069 -0.23909619 2.08996391
v 0.01032689 -0.22315764 2.06936073
v 0.02204935 -0.28899544 2.12838769
v 0.01586385 -0.30903587 2.15251660
v 0.01534389 -0.29576516 2.16081238
v 0.02369386 -0.27651209 2.13716221
v 0.02001540 -0.28296414 2.16884851
v 0.00523539 -0.29938996 2.19009066
v -0.08106500 -0.36339247 2.21274614
v -0.05971092 -0.35443795 2.21182179
v -0.05716587 -0.37510917 2.20242882
v -0.07834224 -0.38512051 2.20139980
v -0.07561310 -0.07886481 2.01689529
v -0.08699922 -0.03435349 2.02830362
v -0.05210691 -0.16036901 2.02074933
v -0.04600507 -0.17754579 2.06576347
v -0.01796779 -0.19178504 2.08854842
v 0.07690106 -0.37803954 2.01898813
v 0.05997288 -0.45126575 2.09362507
v 0.06133394 -0.46040082 2.08870649
v 0.16724141 -0.40559241 1.96856642
v 0.15802832 -0.39373401 1.95233798
v 0.07147305 -0.35608387 1.96722639
v 0.10239635 -0.41585770 1.92342484
v 0.08792353 -0.39949265 1.92834544
v 0.08361246 -0.41042596 1.92492557
v -0.00131490 -0.14545944 2.09796619
v 0.01484257 -0.15497410 2.12789226
v -0.01396536 -0.14728823 2.10956669
v -0.07284366 0.02467579 2.08237505
v -0.08687240 -0.10534269 2.04366422
v 0.05732967 -0.05014318 1.91398585
v 0.07799073 -0.05606502 1.89010859
v 0.09600063 -0.05985117 1.86905694
v 0.11242577 -0.06550014 1.85129404
v 0.12260321 -0.07226896 1.84228480
v 0.12894802 -0.07723582 1.84262371
v 0.13274975 -0.08045548 1.84642470
v 0.13086064 -0.06663531 1.86068726
v 0.14030243 -0.00804740 1.87015498
v 0.13744666 -0.01182467 1.89191687
v 0.13212831 -0.04149795 1.87805367
v 0.14629199 0.01918310 1.90334260
v 0.15800305 0.05028737 1.91474366
v 0.17584376 0.07986766 1.92290032
v 0.21249238 0.14238453 1.93884420
v 0.19597076 0.11131090 1.93264806
v -0.08335124 0.00852448 2.06546116
v -0.07868741 0.01680893 2.07428598
v 0.02498747 -0.46714774 1.92051435
v 0.06126102 -0.38242632 2.02681327
v 0.06019143 -0.39048016 2.02401686
v 0.06856279 -0.37112144 1.96080136
v 0.17938988 -0.37400532 2.02790880
v 0.18156211 -0.37864271 2.00733352
v 0.07028402 -0.35752651 1.98749030
v 0.05806797 -0.39630315 2.00019312
v 0.06174440 -0.39291477 1.99851501
v 0.11877501 -0.24817187 1.92451751
v 0.13273291 -0.24464953 1.91956532
v 0.11843030 -0.23646188 1.90786028
v 0.10580012 -0.23896599 1.91373897
v 0.10614480 -0.24614578 1.93255591
v 0.09469990 -0.23635036 1.92214680
v 0.09710853 -0.18653366 1.97091722
v 0.09115626 -0.20115894 1.96789825
v 0.08478151 -0.19269475 1.95296252
v 0.09121726 -0.17914912 1.95442092
v 0.07591398 -0.22016743 1.92061758
v 0.07287021 -0.20983550 1.92897534
v 0.08167236 -0.21921635 1.94111168
v 0.08624078 -0.22965086 1.93143165
v 0.12490189 -0.17181394 1.96197176
v 0.13918413 -0.17420000 1.95413911
v 0.14611329 -0.17894208 1.97232425
v 0.13043810 -0.17724621 1.98007214
v 0.12164478 -0.22738940 2.02245784
v 0.12699901 -0.21407747 2.02821422
v 0.12970187 -0.22207931 2.03505349
v 0.12655176 -0.23472986 2.02647924
v 0.14485271 -0.26654282 1.94625044
v 0.16023795 -0.26036263 1.94447172
v 0.14676790 -0.25278622 1.93191326
v 0.13169502 -0.25753105 1.93553746
v 0.10809335 -0.24929690 1.97532892
v 0.10364795 -0.23548406 1.98716772
v 0.11350448 -0.24543774 1.99678481
v 0.11973953 -0.25808790 1.98535645
v 0.15920101 -0.27392751 1.95682800
v 0.17327578 -0.26638329 1.95891058
v 0.09000759 -0.22882974 1.95278275
v 0.08904439 -0.21587640 1.96132874
v 0.09606290 -0.22600505 1.97460544
v 0.09869845 -0.23913926 1.96444499
v 0.11018141 -0.16379040 1.92775702
v 0.12130806 -0.16781098 1.92000747
v 0.13083716 -0.17058566 1.93688285
v 0.11797558 -0.16719633 1.94457603
v 0.07457040 -0.19784695 1.93420982
v 0.07860334 -0.18522531 1.93723869
v 0.08162369 -0.20657051 1.94825459
v 0.12610744 -0.21186566 1.89296174
v 0.11609407 -0.22179413 1.89308381
v 0.13102235 -0.22879350 1.90605426
v 0.14120062 -0.21755809 1.90717816
v 0.10917300 -0.20592311 2.00050926
v 0.10392515 -0.22067016 1.99549353
v 0.09766215 -0.21060774 1.98205900
v 0.10331164 -0.19569597 1.98588753
v 0.12920146 -0.26653358 1.95315289
v 0.11738063 -0.25632852 1.94306612
v 0.15565325 -0.22292548 1.92165017
v 0.14591192 -0.23590991 1.91916239
v 0.15987246 -0.24267066 1.93315387
v 0.16942827 -0.22847795 1.93736219
v 0.18268244 -0.21761090 1.96302462
v 0.17609523 -0.20340788 1.97363138
v 0.16709207 -0.19938552 1.95477569
v 0.17177804 -0.21344644 1.94507790
v 0.11565974 -0.21721694 2.01345587
v 0.12364168 -0.20309323 2.01673579
v 0.13524096 -0.18451279 1.99841011
v 0.15214933 -0.18492949 1.99142015
v 0.15636139 -0.19212115 2.01048088
v 0.13879593 -0.19331950 2.01565862
v 0.14999239 -0.27913973 1.98819673
v 0.16556104 -0.28371021 1.98173809
v 0.15765168 -0.28186709 1.97406650
v 0.14207353 -0.27680582 1.98283041
v 0.17301755 -0.27913123 1.97097981
v 0.18389554 -0.28222358 1.98294079
v 0.20728961 -0.28261003 2.00323558
v 0.21181831 -0.27634591 2.01454735
v 0.20926884 -0.27017528 2.00912023
v 0.20319657 -0.27831128 1.99765575
v 0.20197074 -0.22504678 2.00246477
v 0.19176324 -0.21201837 2.01535606
v 0.18437670 -0.20750356 1.99365187
v 0.19298409 -0.22116423 1.98208833
v 0.17792444 -0.20944592 2.04265308
v 0.15864842 -0.20703632 2.04352808
v 0.15889065 -0.19956112 2.02890778
v 0.17761092 -0.20302778 2.02422190
v 0.15410499 -0.25100771 2.06527257
v 0.14002444 -0.24683815 2.05802369
v 0.14582790 -0.23565498 2.05816293
v 0.16100107 -0.23799896 2.06361413
v 0.12293263 -0.24742150 2.02904749
v 0.12504072 -0.25216353 2.01216102
v 0.12866084 -0.24529541 2.01825786
v 0.12736067 -0.23923984 2.03318787
v 0.17509021 -0.28714889 1.97643220
v 0.19121622 -0.29675505 1.98328149
v 0.19013171 -0.29093099 1.98475575
v 0.17295085 -0.28337687 1.98183012
v 0.20852807 -0.22917962 2.02097178
v 0.19618250 -0.21743688 2.03698850
v 0.13015319 -0.23395133 2.03673840
v 0.12957035 -0.24177933 2.02457452
v 0.12861590 -0.23874971 2.02792525
v 0.13029061 -0.22824931 2.03777385
v -0.11036195 -0.54426813 2.04905534
v -0.10753076 -0.55256999 2.03754783
v 0.14462446 -0.25987571 1.99950385
v 0.15317227 -0.27099591 1.99198425
v 0.14722268 -0.27003807 1.99698627
v 0.13853125 -0.25921550 2.00687623
v 0.16796647 -0.28114355 1.98576975
v 0.18473785 -0.28805798 1.98574531
v 0.17609598 -0.28556299 1.98610997
v 0.16003235 -0.28006637 1.98917973
v 0.21231255 -0.25250363 2.03143883
v 0.20946082 -0.24246079 2.04114842
v -0.10406716 -0.16067168 1.97217846
v -0.10648909 -0.15840426 1.97858679
v 0.21083251 -0.23660594 2.03165483
v 0.21216908 -0.24793512 2.02157617
v 0.17302983 -0.21794921 2.05347371
v 0.15567695 -0.21567726 2.05252743
v -0.16615750 -0.18676984 2.27467966
v -0.16594592 -0.21575111 2.26146007
v 0.13196845 -0.25721723 2.00997686
v 0.12741503 -0.24607849 2.01641417
v 0.13105406 -0.24922177 2.01790357
v 0.19151489 -0.28475162 1.98944914
v 0.16866173 -0.25595695 2.06807470
v 0.18267851 -0.26277733 2.06672502
v 0.17361103 -0.27813241 2.06903028
v 0.15917082 -0.27104908 2.06917024
v 0.14459778 -0.26590925 2.06463218
v 0.13101380 -0.26202732 2.05539513
v 0.11547033 -0.26101756 2.02233458
v 0.11806367 -0.26518404 2.00452161
v 0.12630641 -0.27125615 1.98793232
v 0.13858689 -0.27959967 1.97478080
v 0.14584108 -0.26611418 1.98246336
v 0.13349493 -0.25878999 1.99613309
v 0.18611138 -0.31109989 1.97945356
v 0.17035444 -0.30198255 1.97073460
v 0.19737174 -0.31440991 1.99279380
v 0.20200257 -0.29974473 1.99453330
v 0.13745059 -0.22772044 2.04860044
v -0.09446424 -0.11025620 1.97331512
v -0.09420885 -0.08996683 1.97896242
v 0.13373472 -0.23573291 2.04762697
v 0.15969740 -0.20873874 1.92824149
v 0.15682285 -0.19531229 1.93711531
v 0.14494841 -0.19129199 1.92033911
v 0.14617495 -0.20433959 1.91204357
v 0.12869664 -0.17676058 1.91182148
v 0.13980259 -0.17952019 1.92868519
v 0.09615649 -0.23960793 1.94230556
v 0.10642867 -0.24952286 1.95360970
v 0.08255370 -0.22771621 1.91118538
v 0.14079918 -0.26836014 1.99791396
v 0.13084562 -0.26543611 1.99496996
v 0.21168122 -0.26823518 2.02655959
v 0.21253183 -0.28417683 2.01796341
v 0.21149126 -0.27655104 2.03115606
v 0.20356126 -0.24137032 1.99096346
v 0.19567429 -0.25839135 1.98123419
v 0.20619932 -0.26126397 2.00103235
v 0.21039417 -0.24418133 2.00865912
v 0.20592156 -0.24887574 2.04896855
v 0.21065536 -0.25914359 2.03837490
v 0.20808724 -0.26804721 2.04390717
v 0.20123149 -0.25863534 2.05508780
v 0.15724005 -0.27162516 1.98414886
v 0.15880887 -0.27560714 1.97656512
v 0.21085396 -0.29479939 2.02069426
v 0.20840070 -0.29824424 2.00742197
v 0.20468618 -0.31270885 2.00861740
v 0.20622745 -0.30985409 2.02450871
v 0.20930621 -0.28909379 2.00543571
v 0.20909896 -0.28856051 2.03465104
v 0.20355172 -0.30442220 2.03899908
v 0.15390755 -0.29034045 1.96895981
v 0.19497468 -0.27179718 2.05957890
v 0.20368059 -0.28071386 2.04826355
v 0.19688059 -0.29696903 2.05165029
v 0.18646647 -0.28771496 2.06241703
v 0.14980526 -0.18333107 1.94577932
v 0.15845306 -0.18744668 1.96374404
v 0.14099567 -0.21119660 2.04147434
v 0.14045732 -0.20259452 2.03117013
v 0.13991298 -0.21941593 2.04704380
v 0.10935797 -0.17562124 1.96826339
v 0.10348757 -0.16979298 1.95099437
v 0.11949480 -0.19217703 2.00188565
v 0.11454159 -0.18304610 1.98570871
v 0.18191804 -0.23342749 1.95370710
v 0.18186443 -0.23131147 2.05889225
v 0.16706361 -0.22651857 2.05978799
v 0.18852876 -0.22377226 2.05119801
v 0.11999285 -0.26007199 2.04028869
v 0.12845032 -0.24503180 2.04551482
v 0.20411147 -0.22870433 2.03998208
v 0.10923147 -0.27908278 2.03369689
v 0.19700162 -0.27455032 1.98907447
v 0.19853018 -0.28762704 1.99231684
v 0.20183761 -0.29204518 1.99393249
v 0.10449438 -0.22872999 1.89611197
v 0.11642942 -0.25988400 1.96389604
v 0.12477382 -0.25315401 2.00549531
v 0.12128866 -0.24036688 2.01471710
v 0.19525991 -0.23876381 2.05554032
v 0.18980454 -0.24883965 2.06180429
v 0.17607136 -0.24203786 2.06424952
v 0.14680944 -0.26062548 1.98992515
v 0.13593258 -0.25271446 2.00379276
v 0.09723388 -0.16529736 1.93410182
v 0.13540207 -0.25070778 2.01210570
v 0.18607028 -0.27066720 1.97401834
v -0.08444495 -0.55217254 2.04291272
v 0.04116170 -0.30676115 2.05974030
v 0.00098215 -0.26647681 2.02873397
v 0.01269751 -0.27850360 2.04410648
v 0.06314878 -0.36045593 2.03723860
v 0.06249655 -0.37245962 2.03111625
v 0.06205524 -0.39716944 2.01897669
v 0.06085413 -0.39922366 2.01778388
v 0.05554150 -0.32279539 2.02620006
v -0.09436339 -0.15578976 1.98596585
v -0.11028025 -0.23917288 2.26798892
v -0.13740718 -0.23967558 2.25795674
v -0.13393518 -0.21321264 2.27236414
v -0.10396276 -0.21418864 2.28057981
v -0.12974596 -0.18528047 2.28450823
v 0.04321630 -0.16128355 2.25154829
v 0.03322455 -0.18452284 2.24869251
v 0.01395665 -0.17935652 2.27117467
v 0.02212746 -0.15474284 2.27402687
v 0.03751561 -0.20298102 2.22060394
v 0.02384477 -0.20343825 2.24631143
v 0.04611581 -0.18647084 2.22093916
v 0.05323891 -0.18417019 2.19106674
v 0.04411782 -0.19981256 2.19069910
v 0.05518286 -0.17896375 2.16109657
v 0.04471664 -0.19390425 2.16021824
v 0.05025908 -0.17184970 2.13322496
v 0.03612771 -0.16450238 2.10731602
v 0.01015494 -0.14490283 2.09170341
v -0.00134622 -0.14918458 2.05597496
v 0.01827310 -0.15792537 2.08040857
v -0.04140599 -0.12678105 2.01119590
v -0.02199304 -0.13612223 2.03322983
v -0.07644917 -0.11344883 1.98039162
v -0.05877230 -0.11862600 1.99333537
v 0.01660739 -0.44093886 1.91879749
v 0.02747760 -0.56238741 1.97690725
v 0.03677241 -0.54939371 1.95523202
v 0.01935845 -0.56581223 1.97022879
v 0.04187822 -0.53831655 2.04460382
v 0.04706707 -0.54532039 2.02364945
v 0.02441081 -0.55084050 2.03578615
v 0.01934595 -0.54306054 2.05285120
v 0.00574667 -0.57093537 1.98583782
v -0.00399290 -0.57463908 1.98313439
v 0.01135471 -0.56860495 1.99432600
v -0.02889033 -0.57227302 2.01233482
v -0.01076518 -0.57087576 2.00658607
v 0.07492152 -0.52725047 1.95762515
v 0.07533182 -0.53373599 1.98522902
v 0.08553910 -0.52523899 1.97919428
v 0.08466120 -0.51830721 1.95378280
v 0.07014550 -0.51743585 2.04445028
v 0.06557070 -0.50819778 2.05895519
v 0.07906689 -0.50380290 2.05118871
v 0.08242466 -0.51326972 2.03714728
v 0.11607839 -0.48293474 1.93845749
v 0.11875755 -0.49484530 1.95956481
v 0.13110484 -0.48093608 1.95668817
v 0.12630121 -0.46876305 1.93680787
v 0.08664504 -0.52177346 2.01813889
v -0.03842935 -0.47906023 2.13643813
v 0.00985922 -0.47818550 2.11665940
v -0.01347920 -0.47804493 2.12812042
v 0.06402987 -0.46864766 2.08342481
v 0.04931755 -0.47366819 2.09385300
v 0.04835568 -0.46332285 2.10003543
v 0.08760333 -0.45645145 2.06628990
v 0.07724501 -0.46233574 2.07395816
v 0.07374673 -0.39400032 1.93759215
v 0.07154517 -0.39863470 1.93469882
v 0.07864976 -0.41937804 1.92111278
v 0.09185144 -0.43780765 2.06088233
v 0.09721173 -0.43150502 2.05690742
v 0.10232396 -0.43562591 2.05432177
v 0.09500356 -0.44282261 2.05929279
v 0.06538573 -0.53517860 1.96005404
v 0.11967009 -0.49908474 1.98005152
v 0.12196936 -0.49604040 1.99753904
v 0.13378818 -0.48397377 1.99442828
v 0.13202731 -0.48664191 1.97705948
v 0.11958772 -0.49298805 2.01462698
v 0.11755320 -0.48564088 2.02641940
v 0.12932889 -0.47640160 2.02124476
v 0.13182239 -0.48182410 2.01018453
v 0.10726713 -0.44070163 2.05270052
v 0.09776464 -0.44919321 2.05647588
v 0.11984269 -0.43440500 1.92504311
v 0.08813019 -0.49072447 1.92696071
v 0.07485294 -0.46679813 1.91599441
v 0.06797770 -0.47753167 1.91762781
v 0.07839186 -0.50205922 1.93053877
v 0.07476328 -0.39532721 2.03082466
v 0.07038701 -0.39361584 2.01591110
v 0.07877947 -0.39779407 2.04361606
v 0.08221643 -0.42890233 2.06447911
v 0.08456109 -0.40185305 2.05271387
v 0.06713130 -0.38183600 1.95711219
v 0.07655463 -0.38663653 1.93992257
v 0.06423143 -0.43998840 1.91773748
v 0.05764688 -0.44982943 1.91831887
v 0.13550948 -0.45188037 1.93693674
v 0.14245142 -0.46444511 1.95570993
v 0.11006644 -0.42146176 2.05552864
v 0.12059824 -0.41366801 2.05593181
v 0.11442253 -0.42654136 2.05367947
v 0.07497105 -0.43658292 2.07699394
v 0.08707693 -0.43360454 2.06203389
v 0.09487696 -0.50848126 1.94827247
v 0.14520089 -0.47047973 1.97542906
v 0.14448230 -0.47089106 1.99324608
v 0.10776250 -0.50158060 2.02113795
v 0.10855536 -0.50696003 2.00560141
v 0.09677783 -0.51531214 2.01266074
v 0.09617399 -0.50822520 2.02808762
v 0.14012231 -0.46485558 2.01847768
v 0.13553031 -0.45662743 2.03042746
v 0.10580620 -0.49334863 2.03279066
v 0.09366068 -0.49930406 2.04046464
v 0.11992629 -0.43186659 2.04994082
v 0.05173862 -0.45861578 1.91905570
v 0.04583428 -0.43240061 1.92046165
v 0.03848864 -0.43732688 1.91929805
v 0.05859840 -0.41456908 1.92305732
v 0.05245262 -0.42457277 1.92149591
v 0.06496203 -0.40443534 1.92783666
v 0.02956268 -0.43927968 1.91931605
v 0.20073520 -0.23288587 2.04845524
v 0.13092752 -0.40619516 2.05596519
v 0.11585216 -0.40749329 2.05932975
v 0.12834065 -0.39940062 2.05921817
v 0.17172991 -0.36961487 2.04394555
v 0.21085659 -0.26212364 2.02081656
v 0.21017280 -0.25640586 2.01497221
v 0.19354673 -0.23755309 1.97168279
v 0.17327063 -0.24861956 1.94794226
v 0.18562524 -0.25334626 1.96427619
v 0.14327632 -0.27499866 1.96367347
v 0.12954901 -0.26914099 1.97364700
v 0.11232124 -0.23136142 2.00663424
v 0.17246820 -0.19742972 2.00319314
v 0.06558251 -0.21501121 1.88084006
v 0.07557131 -0.21489668 1.87242770
v 0.06004659 -0.20786762 1.86047339
v 0.05162122 -0.20681646 1.86985385
v 0.03608787 -0.19339585 1.86972165
v 0.04650955 -0.20215893 1.87903953
v 0.03765909 -0.19839269 1.86047077
v 0.03728608 -0.18657595 1.87602520
v 0.04532349 -0.19440883 1.88648725
v 0.04131119 -0.17750886 1.87900162
v 0.04782688 -0.16919151 1.87968159
v 0.05355839 -0.17572057 1.89155006
v 0.04789075 -0.18445763 1.89048815
v 0.06047967 -0.16714743 1.89086163
v 0.06806546 -0.15938315 1.88868809
v 0.07351838 -0.16281340 1.90528560
v 0.06629334 -0.17271525 1.90603518
v 0.07632844 -0.15512621 1.85944641
v 0.07994553 -0.15935168 1.85176528
v 0.09073612 -0.16176760 1.86849892
v 0.08544278 -0.15630662 1.87631333
v 0.10528921 -0.18244463 1.87143195
v 0.10494478 -0.17223173 1.87846220
v 0.09258203 -0.16993496 1.86063039
v 0.09189171 -0.17973253 1.85399723
v 0.07837500 -0.17597911 1.83782625
v 0.07234545 -0.18501237 1.83524358
v 0.08708511 -0.18888256 1.85014081
v 0.09266809 -0.23076862 1.90271890
v 0.07931921 -0.22307462 1.89197052
v 0.07027192 -0.21938363 1.90065455
v 0.06388341 -0.20131361 1.91566753
v 0.06498082 -0.21156621 1.90904379
v 0.05469517 -0.20277876 1.89760876
v 0.05539457 -0.19270802 1.90316498
v 0.08569624 -0.17304674 1.93752337
v 0.07245746 -0.17892933 1.92129385
v 0.07964954 -0.16780475 1.92131341
v 0.06007175 -0.18279555 1.90540445
v 0.06706308 -0.19021872 1.91939771
v 0.08338596 -0.15751722 1.90105772
v 0.07714389 -0.15517303 1.88361359
v 0.08585300 -0.21007314 1.86695838
v 0.09488298 -0.20233589 1.86483037
v 0.07925586 -0.19753769 1.85016155
v 0.06996943 -0.20459983 1.85332680
v 0.09023209 -0.16127095 1.91774392
v 0.11045952 -0.20682931 1.87919855
v 0.10119580 -0.21569306 1.88029885
v 0.10203660 -0.19241902 1.86636281
v 0.11678101 -0.19588292 1.88172805
v 0.05378101 -0.19766957 1.84177911
v 0.04444027 -0.20072839 1.84970701
v 0.09036706 -0.22162473 1.88462782
v 0.09361015 -0.15792897 1.89396083
v 0.10119832 -0.16335106 1.88616145
v 0.11122842 -0.16534808 1.90321589
v 0.10175052 -0.16069210 1.91103888
v 0.13226594 -0.18812761 1.90435660
v 0.11672439 -0.17425591 1.89582491
v 0.11860268 -0.18494737 1.88823879
v 0.08048940 -0.16646767 1.84412622
v 0.13152970 -0.19983333 1.89650333
v 0.00054795 -0.12460309 1.86564481
v -0.00650312 -0.11958772 1.86292338
v 0.00084135 -0.12139314 1.85796499
v 0.00692314 -0.12916535 1.86055267
v 0.01300476 -0.13628256 1.88992667
v 0.00282661 -0.12676764 1.89434671
v 0.00570793 -0.11967853 1.88710570
v 0.01453727 -0.12832427 1.88118517
v -0.00493753 -0.12046698 1.87064433
v -0.01286708 -0.11837503 1.86622536
v -0.02072548 -0.11613739 1.86187100
v -0.01514517 -0.12080234 1.86839736
v -0.02507864 -0.12133875 1.85948551
v -0.02551786 -0.13140780 1.85266316
v -0.03270463 -0.12145644 1.84595084
v -0.03173357 -0.11710477 1.85444188
v -0.00962568 -0.13204923 1.82906449
v -0.00018052 -0.12880138 1.82317579
v -0.00911002 -0.11568519 1.82095575
v -0.01858322 -0.11931649 1.82716060
v 0.01095417 -0.11156416 1.81578255
v 0.00018691 -0.11296666 1.81819177
v 0.00839878 -0.12660471 1.82011306
v 0.01734392 -0.12466836 1.81773937
v 0.01427173 -0.12956363 1.85533416
v 0.00836014 -0.12135482 1.85333169
v 0.01349043 -0.11903369 1.85086238
v 0.02001406 -0.12705582 1.85244703
v -0.01902111 -0.12617192 1.86610830
v -0.01667072 -0.11676607 1.87725234
v -0.01969228 -0.11990914 1.87739158
v -0.01961430 -0.13274273 1.86784911
v 0.04536973 -0.14798719 1.86075234
v 0.04166498 -0.13838774 1.85906363
v 0.04646279 -0.13359651 1.85593224
v 0.05161179 -0.14350155 1.85724711
v 0.03170724 -0.15820616 1.87289667
v 0.02553469 -0.17144847 1.87282825
v 0.01968298 -0.16652489 1.87747025
v 0.02708034 -0.15299952 1.87909734
v 0.01334901 -0.15712422 1.88499331
v 0.00691355 -0.14580855 1.89194572
v 0.02087728 -0.14457867 1.88531733
v -0.00274690 -0.13348365 1.89605081
v 0.05663105 -0.13294545 1.84710908
v 0.05873255 -0.14147455 1.84825397
v -0.03523001 -0.07001597 1.85341167
v -0.04072889 -0.07183558 1.85550475
v -0.04149185 -0.06694084 1.85609365
v -0.03638624 -0.06465292 1.85440588
v 0.05745807 -0.15108034 1.82448649
v 0.06109011 -0.14588487 1.83145547
v 0.05706027 -0.14117110 1.82869542
v 0.05197608 -0.14670500 1.82234085
v 0.05283558 -0.13393757 1.82566655
v 0.04580895 -0.14018533 1.81984603
v -0.04930866 -0.07273030 1.84958184
v -0.04971093 -0.07203871 1.84451866
v -0.05108180 -0.06605357 1.84631729
v -0.05024513 -0.06713891 1.85081577
v -0.00571571 -0.11353672 1.85715199
v -0.01356326 -0.11336741 1.86155355
v -0.02099019 -0.10841557 1.86033773
v -0.02713110 -0.10384411 1.85834682
v -0.02303371 -0.09967601 1.85667729
v -0.01375491 -0.10523021 1.85628510
v 0.00327126 -0.11089224 1.85036612
v -0.00313713 -0.10200113 1.84924603
v 0.00435169 -0.10219258 1.84579253
v 0.01057499 -0.11004514 1.84739709
v 0.02225314 -0.09585983 1.83974385
v 0.02690322 -0.10189527 1.84265256
v 0.02186808 -0.10537291 1.84425020
v 0.01583726 -0.09831977 1.84168279
v -0.00121807 -0.08095074 1.83347845
v 0.00420336 -0.08627731 1.83650768
v -0.00071830 -0.08820504 1.83854699
v -0.00579236 -0.08327675 1.83566678
v 0.06296800 -0.15568465 1.82688904
v 0.06561343 -0.14997059 1.83397079
v 0.03670066 -0.09408510 1.81571269
v 0.02757962 -0.09732878 1.81095588
v 0.03057520 -0.10707000 1.81442189
v 0.03956553 -0.10469264 1.81837106
v 0.04388280 -0.15226588 1.81912553
v 0.05021287 -0.15740195 1.82054746
v -0.04763996 -0.07068974 1.83941245
v -0.04897111 -0.06386095 1.84126902
v -0.00061968 -0.15622890 1.88369107
v -0.00984612 -0.13967082 1.89108002
v 0.00787283 -0.16794300 1.87447536
v 0.01976008 -0.17951870 1.86488819
v 0.01444099 -0.17462185 1.86817861
v -0.01324034 -0.09962457 1.85277867
v 0.00225547 -0.11544612 1.85315573
v 0.01774631 -0.11751634 1.84930527
v 0.03878928 -0.11121225 1.84734035
v 0.03625990 -0.10532504 1.84424353
v 0.04283310 -0.10412973 1.84075546
v 0.04747879 -0.11018705 1.84204316
v 0.03916107 -0.09173775 1.83009338
v 0.04097433 -0.09218478 1.82283497
v 0.04414914 -0.10052562 1.82583392
v 0.04267087 -0.09794474 1.83287144
v -0.02313313 -0.12255988 1.88074410
v -0.02018012 -0.13718212 1.87384725
v 0.06144158 -0.14242762 1.83987379
v 0.05935943 -0.13612255 1.83726406
v 0.06463285 -0.14809388 1.84190905
v 0.03381484 -0.14377177 1.86452734
v 0.02713945 -0.13560054 1.85671568
v 0.03130674 -0.13324249 1.85512722
v 0.03813457 -0.14204088 1.86087894
v 0.01499335 -0.13231364 1.86611497
v 0.02199286 -0.13658306 1.87560964
v 0.00875924 -0.12531933 1.87137294
v 0.03952415 -0.15285566 1.86483026
v 0.04130815 -0.16007972 1.86682379
v 0.04837592 -0.15499496 1.86197042
v 0.05534844 -0.15023878 1.85654485
v 0.06140002 -0.14772502 1.84904218
v 0.04377965 -0.16430730 1.87162566
v 0.05125853 -0.15865529 1.86742663
v 0.05859196 -0.15421215 1.86128020
v 0.06486295 -0.15178487 1.85424089
v 0.05668617 -0.16346347 1.82259643
v 0.06605977 -0.17009190 1.82757556
v 0.07081442 -0.16121092 1.83275270
v 0.03349450 -0.16582400 1.87061214
v 0.03623737 -0.17154062 1.87207472
v 0.03034143 -0.17989850 1.87012875
v 0.02682279 -0.18607011 1.86319590
v -0.00854730 -0.11087745 1.88806748
v -0.00352398 -0.11450982 1.88348639
v -0.00248811 -0.11625159 1.89139402
v -0.00932984 -0.11240679 1.89571929
v -0.03225699 -0.10703844 1.85661232
v -0.02706503 -0.11280560 1.85889554
v -0.03663806 -0.10970700 1.85152769
v 0.04522171 -0.12445229 1.85227275
v 0.05426237 -0.12421146 1.84483242
v -0.02030601 -0.09603709 1.85313237
v -0.04323620 -0.09247857 1.85003507
v -0.04457399 -0.09244704 1.84379542
v -0.04829234 -0.07959157 1.84300041
v -0.04758829 -0.07972717 1.84888971
v -0.02546835 -0.08614945 1.85080838
v -0.02508514 -0.08455384 1.84436285
v -0.02262243 -0.08976787 1.84603906
v -0.02356039 -0.09226716 1.85131240
v 0.00655920 -0.07978684 1.83253121
v 0.01115015 -0.08489609 1.83472383
v -0.03417100 -0.11166084 1.83393407
v -0.02732014 -0.12299594 1.83533716
v -0.02605231 -0.10507619 1.82862341
v 0.00995798 -0.09189546 1.83904839
v 0.01043903 -0.10046643 1.84343874
v 0.00496426 -0.09355223 1.84114838
v -0.01405323 -0.09248263 1.84662175
v -0.00817700 -0.09636480 1.84798408
v -0.01361239 -0.09630722 1.85042882
v -0.01835104 -0.09373826 1.84960413
v 0.04392013 -0.11549145 1.82032561
v 0.04954521 -0.10940826 1.83015847
v -0.04587709 -0.07278043 1.85359502
v -0.04630731 -0.06777358 1.85436547
v 0.07159859 -0.15452245 1.84007609
v 0.06910841 -0.15144277 1.84743321
v 0.01635877 -0.10834005 1.84561443
v -0.01901461 -0.13474476 1.83817554
v 0.02252708 -0.11556315 1.84829807
v 0.01181528 -0.07974589 1.82173228
v 0.00776746 -0.08138287 1.81659627
v 0.01103569 -0.08900827 1.81539440
v 0.01677192 -0.08478016 1.82025194
v -0.03249281 -0.06864780 1.84838641
v -0.03303221 -0.06784081 1.84237158
v -0.03060600 -0.07456791 1.84219813
v -0.03041691 -0.07494390 1.84858501
v -0.03328416 -0.09005010 1.85640550
v -0.02851637 -0.08795929 1.85465670
v -0.02592256 -0.09492356 1.85518444
v -0.03009530 -0.09792471 1.85685968
v -0.03495380 -0.09997249 1.85512030
v -0.03880894 -0.09165555 1.85428262
v -0.03519638 -0.08868271 1.83473063
v -0.02885935 -0.08506924 1.83759189
v -0.03397046 -0.07380021 1.83691454
v -0.04044684 -0.07583642 1.83526313
v 0.02368436 -0.13735282 1.81840706
v 0.03224320 -0.13408506 1.81690955
v 0.02652196 -0.12153396 1.81613028
v 0.02112333 -0.10883442 1.81466341
v 0.01662825 -0.09692889 1.81322718
v 0.00495948 -0.09998423 1.81287694
v 0.03463302 -0.11888143 1.81668615
v -0.02603576 -0.09347439 1.83109593
v -0.02455248 -0.09128052 1.83667147
v -0.03106608 -0.09655350 1.83396363
v 0.02917185 -0.11241478 1.84703612
v -0.04392764 -0.07925099 1.85329127
v 0.01518847 -0.17795148 1.84262919
v 0.02259777 -0.17427683 1.83124804
v 0.01574947 -0.16622886 1.82994580
v 0.00796859 -0.17168689 1.84422207
v -0.03333330 -0.07614791 1.85340500
v -0.03838499 -0.07775193 1.85564220
v 0.01372231 -0.07700676 1.82672048
v 0.01875369 -0.08032471 1.82797480
v 0.01671411 -0.08272570 1.83192039
v 0.01133799 -0.07841092 1.83022904
v 0.03975220 -0.13082299 1.81769621
v 0.02667330 -0.08882099 1.81051660
v 0.03513446 -0.08393723 1.81661963
v 0.03477986 -0.15757877 1.81981504
v 0.03796774 -0.14476463 1.81787288
v 0.02949731 -0.14881983 1.81894493
v -0.00791802 -0.09880412 1.81785154
v 0.01571069 -0.13930678 1.82087469
v 0.02206137 -0.15132189 1.82162416
v 0.02680103 -0.16179475 1.82314849
v 0.03235329 -0.16944781 1.82441187
v 0.04058702 -0.16436601 1.82085454
v -0.04187489 -0.06889975 1.83677626
v -0.04564305 -0.07842058 1.83810544
v 0.04763008 -0.17138609 1.82274950
v 0.05831189 -0.17869291 1.82697749
v 0.03917321 -0.17652813 1.82638705
v 0.04961748 -0.18430653 1.82979417
v 0.01405991 -0.15376243 1.82574677
v 0.00587162 -0.15686283 1.83237994
v 0.00784228 -0.14159814 1.82444775
v -0.00124337 -0.14398062 1.83036959
v -0.01791060 -0.10391432 1.81932354
v -0.03466241 -0.06157243 1.84402239
v -0.03715660 -0.05158418 1.84569883
v -0.04116322 -0.05232137 1.84194040
v -0.03871375 -0.06079954 1.84032023
v -0.03615754 -0.06758958 1.83840477
v -0.04326357 -0.06084275 1.84049416
v -0.01098941 -0.14704543 1.84086704
v -0.01925017 -0.08888924 1.84396768
v -0.00344536 -0.16094369 1.84851933
v -0.01991612 -0.14343336 1.85445976
v -0.01530643 -0.15112409 1.86240923
v 0.00504942 -0.17370996 1.86093581
v -0.00465188 -0.16352254 1.86921453
v 0.01841190 -0.18320984 1.85418534
v 0.01246193 -0.17894834 1.85601687
v 0.02616770 -0.18973225 1.85478640
v -0.01389806 -0.14877015 1.87880874
v -0.04133269 -0.06007183 1.85637915
v -0.03675577 -0.05843014 1.85341311
v 0.03111933 -0.19108194 1.84455848
v 0.02168594 -0.18309435 1.84300566
v 0.00235170 -0.11877891 1.87731564
v 0.02821451 -0.12296695 1.85087538
v 0.03356823 -0.12000376 1.85075819
v 0.04166048 -0.11715081 1.84986281
v 0.05114536 -0.11621568 1.84324813
v 0.04007794 -0.18900818 1.83568919
v 0.05519324 -0.16209432 1.87705553
v 0.06292452 -0.15682510 1.87243283
v 0.06328765 -0.19195724 1.83715892
v -0.04664695 -0.06003493 1.85577130
v -0.00768347 -0.08136696 1.82994461
v -0.00619387 -0.08033001 1.82824230
v -0.00550157 -0.12092364 1.89674234
v -0.01322133 -0.11626610 1.89922488
v -0.01199405 -0.12615809 1.89696193
v -0.01753322 -0.12941653 1.89278722
v -0.02333140 -0.12126079 1.89373195
v -0.01866252 -0.11898032 1.89780569
v 0.03454648 -0.13007155 1.85478687
v 0.03865768 -0.12676951 1.85400164
v 0.05374021 -0.11893246 1.83194304
v 0.04827124 -0.12528002 1.82274055
v -0.03933917 -0.10150832 1.85052228
v -0.03801339 -0.11116683 1.84357965
v -0.04053572 -0.10184610 1.84398532
v -0.04141043 -0.09191090 1.83756602
v -0.02569488 -0.09023184 1.83897519
v -0.02348483 -0.08893871 1.84079278
v 0.02847285 -0.14174271 1.86965048
v 0.02129788 -0.13575006 1.86083698
v -0.00788046 -0.11707428 1.87571526
v -0.01118026 -0.11315426 1.88013566
v -0.00123662 -0.09570193 1.84442854
v -0.01513552 -0.08840185 1.82160532
v -0.02220578 -0.09335095 1.82297421
v -0.00706312 -0.09065658 1.84232211
v -0.05237629 -0.05697465 1.84848475
v -0.05046887 -0.05875093 1.85303140
v -0.03749384 -0.10183352 1.83636355
v 0.01678742 -0.09000504 1.83712268
v -0.00714983 -0.08776581 1.81988263
v -0.01101537 -0.08359253 1.82465434
v 0.03834894 -0.08619052 1.82280290
v 0.02948530 -0.18045056 1.83315933
v -0.03489994 -0.05609167 1.84865749
v -0.03357743 -0.06351590 1.84866703
v -0.04557584 -0.05236483 1.84182644
v -0.04995618 -0.05577040 1.84326911
v 0.05693924 -0.12785879 1.83430469
v 0.02421952 -0.12510124 1.85126495
v 0.07061990 -0.15437829 1.86632514
v -0.02506128 -0.12309813 1.88673568
v -0.01968012 -0.13356510 1.88499033
v -0.01178132 -0.08691895 1.84005761
v 0.01981254 -0.08782196 1.81440926
v -0.00070098 -0.08234286 1.81432486
v -0.00721722 -0.08133364 1.81862879
v 0.00187925 -0.09085697 1.81354976
v -0.00789467 -0.07882899 1.82367861
v -0.04636590 -0.04549652 1.84395301
v -0.05072431 -0.04817182 1.84560800
v -0.05296266 -0.05028856 1.85047555
v -0.05052279 -0.05274284 1.85435319
v -0.04637409 -0.05460197 1.85654449
v -0.04184081 -0.04466391 1.84498882
v -0.03805981 -0.04540068 1.84755123
v -0.03546842 -0.05097193 1.84996212
v -0.04175385 -0.03895664 1.84711599
v -0.04669985 -0.03842026 1.84662259
v -0.05217909 -0.03881752 1.85272777
v -0.05193054 -0.03536958 1.85465169
v -0.05190088 -0.03784406 1.85714889
v -0.05296505 -0.04258597 1.85344899
v -0.05058289 -0.03303808 1.85895729
v -0.05132817 -0.03075606 1.85625851
v -0.05108715 -0.03847963 1.84970212
v -0.05074308 -0.03388947 1.85099983
v -0.04689300 -0.02861607 1.85042298
v -0.05014895 -0.02888232 1.85266876
v -0.04731112 -0.03324080 1.84918308
v -0.04842139 -0.03678048 1.84827542
v -0.05131865 -0.04175431 1.84827566
v -0.04930157 -0.02508503 1.85437131
v -0.04666400 -0.02482492 1.85647893
v -0.04902481 -0.02841932 1.85919154
v -0.05057860 -0.02752435 1.85707152
v -0.05048287 -0.04699606 1.85654688
v -0.04949337 -0.04022616 1.85909939
v -0.04787701 -0.03469270 1.86047339
v -0.04616296 -0.02992296 1.86038673
v -0.04456723 -0.03549802 1.86078846
v -0.04569789 -0.04138899 1.86010623
v -0.04328870 -0.03149033 1.86017907
v -0.04149852 -0.03534251 1.85994542
v -0.04153705 -0.04122764 1.85962737
v -0.04177733 -0.05026478 1.85773659
v -0.04647483 -0.04955071 1.85806811
v -0.04151666 -0.03246593 1.85952210
v -0.04383114 -0.02664936 1.85728729
v -0.04435365 -0.03381014 1.84774792
v -0.04366175 -0.02936703 1.84951079
v -0.04137575 -0.03374106 1.84855568
v -0.04108012 -0.03025585 1.84988570
v -0.04680284 -0.02525955 1.85174108
v -0.04417281 -0.02517796 1.85231495
v -0.04143951 -0.05480903 1.85704875
v -0.03707506 -0.05273157 1.85430145
v -0.03739149 -0.04763085 1.85558808
v -0.03759488 -0.03972387 1.85708249
v -0.03621903 -0.04419667 1.85190415
v -0.03856998 -0.04029423 1.84834909
v -0.03874524 -0.03478092 1.85022151
v -0.03672191 -0.03723162 1.85312235
v -0.03792010 -0.03241384 1.85465884
v -0.03895922 -0.03068328 1.85233212
v -0.03898242 -0.03410435 1.85760975
v -0.03981544 -0.02855659 1.85463512
v -0.04172162 -0.02660084 1.85332191
v -0.03908177 -0.03039896 1.85564220
v -0.04020232 -0.03118867 1.85768795
v -0.04162920 -0.02889162 1.85773695
v -0.01954354 -0.05850518 1.83978856
v -0.02453964 -0.05957586 1.84109652
v -0.02506879 -0.05352026 1.84318292
v -0.02002655 -0.05234581 1.84184897
v -0.03267258 -0.05905676 1.83573985
v -0.03426041 -0.05796796 1.83002806
v -0.03449081 -0.05122644 1.83294249
v -0.03259652 -0.05271900 1.83859169
v -0.03055387 -0.05643880 1.82443452
v -0.03040840 -0.04982430 1.82813525
v -0.02742573 -0.08136278 1.83639073
v -0.02933304 -0.08193755 1.83025193
v -0.03351488 -0.06678063 1.82869887
v -0.03187353 -0.06730461 1.83486938
v -0.01020178 -0.07664806 1.83570373
v -0.00954640 -0.07451212 1.83064091
v -0.02893852 -0.05962390 1.83942676
v -0.02914131 -0.05341840 1.84191275
v -0.01641753 -0.05639189 1.83652759
v -0.01542271 -0.05514342 1.83160377
v -0.01419663 -0.06230491 1.83023751
v -0.01465079 -0.06404203 1.83545434
v -0.02014898 -0.08107895 1.84251785
v -0.01464058 -0.07887959 1.83980000
v -0.02455986 -0.08145261 1.84055054
v -0.01895060 -0.07769924 1.82161403
v -0.01329218 -0.07440382 1.82462621
v -0.01655394 -0.06191778 1.82495916
v -0.02234942 -0.06278586 1.82189882
v -0.02828120 -0.06770414 1.83881259
v -0.01818417 -0.06613803 1.83928800
v -0.02354864 -0.06737828 1.84082055
v -0.02310330 -0.05428541 1.82396638
v -0.02942514 -0.06553668 1.82333946
v -0.01576318 -0.04831678 1.83466768
v -0.01702558 -0.03876001 1.83725727
v -0.01988253 -0.03783298 1.83390749
v -0.01837743 -0.04695189 1.83108056
v -0.01777703 -0.05398595 1.82783246
v -0.02347863 -0.04764307 1.82784736
v -0.02494005 -0.04337353 1.84612620
v -0.01995734 -0.04203576 1.84458315
v -0.02912175 -0.04338586 1.84538019
v -0.02617323 -0.08108562 1.82350969
v -0.03404202 -0.04129744 1.83719373
v -0.03224357 -0.04271847 1.84223533
v -0.01710096 -0.03955615 1.84173465
v -0.01681797 -0.04931831 1.83931613
v -0.02438677 -0.03815937 1.83176541
v -0.03069522 -0.03999871 1.83250475
v -0.02422803 -0.03125679 1.83507395
v -0.03049907 -0.03183609 1.83518338
v -0.03384604 -0.03383225 1.83912349
v -0.03209706 -0.03638405 1.84406078
v -0.02896597 -0.03776723 1.84669781
v -0.02068422 -0.03051037 1.83688867
v -0.01829401 -0.03128570 1.83972859
v -0.01769616 -0.03427655 1.84335876
v -0.01972479 -0.02336240 1.84033227
v -0.02354633 -0.02192861 1.83870268
v -0.03074092 -0.01860851 1.84493303
v -0.03040364 -0.01391679 1.84743249
v -0.03059060 -0.01635665 1.85001087
v -0.03212030 -0.02111781 1.84681213
v -0.03093665 -0.02153182 1.84252608
v -0.03281947 -0.02538514 1.84227395
v -0.02818569 -0.02090859 1.84087861
v -0.02789041 -0.01684177 1.84227896
v -0.02331865 -0.01183766 1.84417725
v -0.02763412 -0.01137632 1.84461784
v -0.02386888 -0.01704198 1.84241319
v -0.02475003 -0.02038050 1.84081411
v -0.02848745 -0.01154447 1.85152352
v -0.02962542 -0.01035315 1.84921408
v -0.02900349 -0.02460283 1.83844197
v -0.03214497 -0.03074974 1.84562564
v -0.03107135 -0.02419966 1.84942317
v -0.02902136 -0.01849681 1.85235238
v -0.02640748 -0.01361597 1.85346389
v -0.02647049 -0.02026874 1.85398078
v -0.02805145 -0.02647966 1.85169196
v -0.02423954 -0.01588219 1.85416150
v -0.02295059 -0.02101105 1.85425353
v -0.02366458 -0.02752155 1.85271883
v -0.02472550 -0.03493118 1.84867847
v -0.02903290 -0.03375947 1.84791553
v -0.02252709 -0.01745063 1.85414851
v -0.02528762 -0.00783926 1.85009897
v -0.02326734 -0.01037496 1.85191143
v -0.02739485 -0.00689548 1.84718227
v -0.02139056 -0.01810026 1.84296870
v -0.02100623 -0.01297909 1.84545434
v -0.01874376 -0.01889348 1.84367943
v -0.01900474 -0.01381278 1.84641480
v -0.02353623 -0.00810975 1.84580112
v -0.02178555 -0.00871998 1.84743047
v -0.02491419 -0.03817511 1.84713411
v -0.02036897 -0.03710860 1.84572375
v -0.01986455 -0.03424740 1.84763384
v -0.01904253 -0.02674979 1.85110795
v -0.01675088 -0.03166640 1.84506154
v -0.01693933 -0.02751291 1.84239173
v -0.01694207 -0.02117747 1.84538150
v -0.01654975 -0.02426434 1.84808969
v -0.01745075 -0.01805812 1.85039008
v -0.01789633 -0.01537889 1.84811950
v -0.01933752 -0.02030736 1.85289693
v -0.01919230 -0.01294583 1.85024786
v -0.02024285 -0.01041913 1.84902704
v -0.01865174 -0.01551074 1.85127187
v -0.02041008 -0.01631218 1.85312629
v -0.02170094 -0.01324946 1.85281038
v -0.00053922 -0.05570024 1.83211136
v -0.00586865 -0.05641943 1.83148098
v -0.00666102 -0.05179727 1.83325613
v -0.00116872 -0.05176038 1.83409190
v -0.01165919 -0.05555379 1.82459426
v -0.01130154 -0.05535907 1.82030308
v -0.01104308 -0.04863638 1.82324600
v -0.01168396 -0.04957676 1.82669306
v -0.00660472 -0.05392987 1.81681025
v -0.00721010 -0.04711169 1.82077861
v -0.00792668 -0.07279932 1.82410920
v -0.00815946 -0.07359368 1.81885064
v -0.01049835 -0.06224298 1.81863928
v -0.01081494 -0.06173307 1.82374084
v -0.00956911 -0.05588073 1.82865322
v -0.01009724 -0.05063683 1.83014035
v 0.00364616 -0.05365539 1.83123350
v 0.00525616 -0.05189037 1.82847786
v 0.00726275 -0.05929458 1.82548642
v 0.00571711 -0.06009454 1.82931638
v 0.00472684 -0.07323647 1.83128655
v -0.00084928 -0.07368934 1.83150005
v -0.00507702 -0.07314384 1.82866752
v 0.00464792 -0.07166433 1.81553161
v 0.00952237 -0.07108790 1.82067335
v 0.00638665 -0.05842173 1.82094049
v 0.00161697 -0.05947280 1.81613660
v -0.00828283 -0.06161427 1.82807148
v 0.00142502 -0.06123954 1.83199084
v -0.00417975 -0.06187719 1.83131003
v 0.00014740 -0.05227119 1.81817722
v -0.00543723 -0.06163579 1.81567740
v 0.00487883 -0.04837674 1.82926512
v 0.00293111 -0.03824109 1.83186114
v 0.00119221 -0.03641707 1.82853496
v 0.00320908 -0.04657447 1.82494724
v 0.00461061 -0.05238748 1.82294512
v -0.00132385 -0.04620790 1.82133365
v -0.00684403 -0.04363990 1.83647573
v -0.00195648 -0.04309571 1.83693683
v -0.01020421 -0.04233146 1.83361721
v -0.00300362 -0.07315153 1.81492305
v 0.01150047 -0.07128805 1.82575643
v -0.01162689 -0.03878069 1.82737827
v -0.01178513 -0.04071802 1.83065510
v 0.00206297 -0.04005688 1.83576274
v 0.00313858 -0.05037946 1.83235002
v -0.00280081 -0.03604925 1.82557583
v -0.00822260 -0.03689557 1.82504070
v -0.00361123 -0.02824128 1.82958913
v -0.00903006 -0.02987534 1.82832456
v -0.01253105 -0.03158325 1.83034706
v -0.01238792 -0.03422397 1.83326173
v -0.01065353 -0.03653014 1.83579874
v 0.00016332 -0.02893144 1.83290613
v 0.00125290 -0.03107262 1.83492744
v 0.00054016 -0.03495222 1.83716834
v 0.00030085 -0.02553040 1.83594108
v -0.00395359 -0.02333319 1.83312988
v -0.01241923 -0.02053189 1.83772588
v -0.01310106 -0.01653278 1.84055245
v -0.01406665 -0.01812643 1.84193397
v -0.01389735 -0.02197444 1.83861101
v -0.01201930 -0.02277529 1.83473551
v -0.01304658 -0.02534306 1.83364975
v -0.00938195 -0.02216125 1.83335018
v -0.00966169 -0.01864570 1.83563483
v -0.00576356 -0.01552820 1.83868861
v -0.01011574 -0.01479548 1.83854580
v -0.00530325 -0.01951790 1.83612883
v -0.00587263 -0.02188337 1.83368361
v -0.01345492 -0.01437843 1.84400940
v -0.01309742 -0.01361632 1.84222698
v -0.00923708 -0.02470726 1.83163619
v -0.01351767 -0.02898973 1.83602607
v -0.01392909 -0.02446079 1.84042931
v -0.01386185 -0.02028984 1.84391189
v -0.01243377 -0.01673269 1.84601808
v -0.01195902 -0.02240753 1.84535646
v -0.01206796 -0.02685070 1.84235251
v -0.01069659 -0.01916510 1.84697390
v -0.00935665 -0.02362865 1.84628952
v -0.00916495 -0.02849698 1.84384787
v -0.00830877 -0.03390771 1.83975708
v -0.01158509 -0.03180379 1.83817160
v -0.00907369 -0.02081341 1.84701002
v -0.00986199 -0.01196790 1.84369659
v -0.00845068 -0.01449156 1.84590721
v -0.01054687 -0.01157683 1.84109306
v -0.00257595 -0.02033842 1.83664048
v -0.00344554 -0.01639301 1.83949816
v -0.00037127 -0.02150905 1.83883405
v -0.00186014 -0.01774246 1.84125495
v -0.00687001 -0.01274782 1.84041452
v -0.00558984 -0.01329362 1.84172571
v -0.00743037 -0.03837061 1.83761156
v -0.00307062 -0.03822178 1.83783448
v -0.00417328 -0.03457010 1.83981776
v -0.00490553 -0.02872032 1.84409142
v -0.00024011 -0.03285909 1.83879554
v 0.00110377 -0.02775222 1.83825994
v 0.00027226 -0.02477169 1.83982205
v -0.00110559 -0.02702355 1.84222686
v -0.00244586 -0.02226353 1.84490788
v -0.00143776 -0.01991361 1.84316051
v -0.00571560 -0.02364480 1.84635901
v -0.00386820 -0.01765382 1.84503150
v -0.00429529 -0.01504713 1.84358656
v -0.00397525 -0.01980704 1.84591126
v -0.00658308 -0.02013820 1.84691381
v -0.00739904 -0.01747298 1.84683907
v 0.00876627 -0.07216227 1.82898271
v 0.02381913 -0.06160945 1.82776880
v 0.01923112 -0.06269217 1.82754028
v 0.01915541 -0.05863434 1.82842076
v 0.02358646 -0.05783069 1.82886481
v 0.01325456 -0.06246954 1.82088780
v 0.01403132 -0.06079584 1.81669474
v 0.01443925 -0.05520433 1.81891298
v 0.01341626 -0.05697691 1.82283723
v 0.01870237 -0.05830264 1.81490850
v 0.01877559 -0.05299103 1.81741297
v 0.01693096 -0.07859093 1.82022512
v 0.01827114 -0.07934546 1.81523955
v 0.01470159 -0.06724751 1.81595826
v 0.01380480 -0.06837654 1.82052803
v 0.03205524 -0.07263392 1.82823908
v 0.03456512 -0.07163107 1.82489514
v 0.03629972 -0.07944214 1.82473934
v 0.03459280 -0.08204144 1.82784915
v 0.01533773 -0.06328446 1.82484865
v 0.01551345 -0.05814397 1.82624507
v 0.02775569 -0.05989957 1.82703245
v 0.03039148 -0.05792981 1.82477236
v 0.03115022 -0.06171340 1.82388258
v 0.02856564 -0.06341988 1.82685566
v 0.02399155 -0.07596123 1.82879889
v 0.02795107 -0.07367277 1.82944953
v 0.03041252 -0.08225232 1.83039713
v 0.02477127 -0.08179301 1.83016849
v 0.02031360 -0.07657385 1.82571423
v 0.03126864 -0.07396775 1.81541800
v 0.03432375 -0.07192343 1.82044220
v 0.03038080 -0.06135243 1.81941998
v 0.02582837 -0.06233925 1.81521130
v 0.01605300 -0.06755590 1.82452965
v 0.02455815 -0.06561404 1.82778716
v 0.02002053 -0.06623757 1.82725549
v 0.02498361 -0.05673498 1.81711435
v 0.01931406 -0.06526357 1.81336808
v 0.03007978 -0.05372036 1.82633960
v 0.02949123 -0.04680318 1.82868540
v 0.02874066 -0.04498744 1.82584023
v 0.02928522 -0.05198961 1.82262671
v 0.02941019 -0.05632651 1.82089424
v 0.02506619 -0.05147409 1.81915581
v 0.01860073 -0.05180025 1.83118069
v 0.02309261 -0.05161500 1.83149099
v 0.01535631 -0.05106926 1.82906318
v 0.02371335 -0.07817554 1.81206155
v 0.01441885 -0.04757965 1.82260251
v 0.01358997 -0.04943216 1.82615900
v 0.02711415 -0.04948401 1.83067369
v 0.02744658 -0.05598396 1.82826221
v 0.02520127 -0.04502505 1.82204854
v 0.01906541 -0.04604757 1.82075334
v 0.02442427 -0.03927296 1.82499659
v 0.01832808 -0.04034477 1.82316339
v 0.01380786 -0.04241496 1.82499254
v 0.01301238 -0.04511476 1.82792139
v 0.01464373 -0.04699838 1.83053708
v 0.02822695 -0.03996676 1.82931709
v 0.02833600 -0.04233497 1.83157587
v 0.02592307 -0.04530305 1.83234692
v 0.02614884 -0.03576523 1.83195388
v 0.02223323 -0.03400010 1.82943130
v 0.01250215 -0.03392285 1.83143377
v 0.01125626 -0.03125113 1.83359361
v 0.01049615 -0.03256106 1.83500159
v 0.01125188 -0.03568059 1.83217680
v 0.01376851 -0.03584278 1.82880819
v 0.01313293 -0.03832257 1.82809258
v 0.01657663 -0.03459257 1.82799792
v 0.01512856 -0.03172499 1.82997084
v 0.01819390 -0.02755153 1.83352232
v 0.01389575 -0.02851337 1.83207536
v 0.01950644 -0.03010976 1.83102727
v 0.01961831 -0.03271574 1.82953036
v 0.01051443 -0.02912456 1.83692157
v 0.01079760 -0.02863503 1.83501172
v 0.01738715 -0.03649056 1.82663155
v 0.01228281 -0.04156363 1.82998323
v 0.01112595 -0.03761232 1.83364213
v 0.01044540 -0.03364754 1.83709931
v 0.01156172 -0.03012902 1.83903527
v 0.01218080 -0.03520560 1.83831310
v 0.01260835 -0.03945971 1.83511186
v 0.01321958 -0.03193349 1.83983397
v 0.01450124 -0.03629410 1.83883476
v 0.01535712 -0.04079270 1.83620012
v 0.01677838 -0.04532033 1.83332801
v 0.01381459 -0.04395354 1.83184266
v 0.01446665 -0.03342146 1.83992398
v 0.01352433 -0.02627772 1.83709168
v 0.01447208 -0.02795535 1.83909369
v 0.01316148 -0.02599025 1.83435345
v 0.02199788 -0.03047377 1.83274257
v 0.02018088 -0.02763766 1.83514011
v 0.02398841 -0.03214496 1.83445728
v 0.02115573 -0.02906311 1.83692491
v 0.01659087 -0.02584034 1.83467984
v 0.01734919 -0.02608508 1.83651888
v 0.01777443 -0.04814517 1.83244979
v 0.02213455 -0.04761446 1.83303440
v 0.02099381 -0.04468358 1.83435619
v 0.01909956 -0.04046750 1.83698881
v 0.02469502 -0.04199183 1.83438957
v 0.02672538 -0.03884357 1.83383286
v 0.02424526 -0.03464580 1.83605003
v 0.02266366 -0.03784579 1.83721888
v 0.02000989 -0.03399134 1.83911693
v 0.02113220 -0.03137457 1.83831024
v 0.01742433 -0.03593439 1.83924460
v 0.01794113 -0.02993727 1.83939219
v 0.01783047 -0.02775371 1.83840466
v 0.01792767 -0.03189427 1.83978033
v 0.01616771 -0.03252983 1.84000850
v 0.01536733 -0.03015625 1.83997607
v 0.03623470 -0.07928377 1.82059669
v -0.02452626 -0.10927963 1.88013172
v -0.02849308 -0.11127502 1.88288820
v -0.01275716 -0.10453749 1.89114499
v -0.01549487 -0.10520846 1.88400078
v -0.01473704 -0.10581017 1.89834797
v -0.02485298 -0.11016077 1.89993894
v -0.01955711 -0.10800627 1.90079665
v -0.01991739 -0.10730377 1.88029563
v -0.03069243 -0.11222628 1.88753915
v -0.02912996 -0.11197013 1.89525568
v -0.03549328 -0.10417819 1.89161468
v -0.03306720 -0.10292703 1.89846122
v -0.02682909 -0.10086191 1.90288377
v -0.02145639 -0.09965807 1.90186560
v -0.01655892 -0.09923977 1.89888251
v -0.03353741 -0.10471606 1.88460159
v -0.02913492 -0.10383004 1.88140929
v -0.02343505 -0.10257638 1.88167334
v -0.03861944 -0.09786010 1.88706350
v -0.04038631 -0.09300786 1.89411807
v -0.03281995 -0.08517617 1.90459025
v -0.03476503 -0.08152616 1.90483868
v -0.03051657 -0.08040661 1.90300870
v -0.02821273 -0.08449918 1.90368176
v -0.03264986 -0.08770341 1.90347433
v -0.02851709 -0.08950496 1.90327787
v -0.03924774 -0.08673626 1.90289581
v -0.03743571 -0.08914429 1.90110183
v -0.04092229 -0.08992541 1.89801669
v -0.04295949 -0.08781415 1.89760923
v -0.04102502 -0.08290136 1.90379333
v -0.04085701 -0.07944000 1.90190816
v -0.03673274 -0.07874823 1.90370703
v -0.03423530 -0.07792521 1.90122211
v -0.03632903 -0.09182781 1.90006328
v -0.02183093 -0.09148544 1.90136397
v -0.02369997 -0.08468980 1.90080369
v -0.10208302 -0.56863940 2.01694036
v -0.09936080 -0.57594061 2.00736713
v -0.02735191 -0.07993823 1.89938402
v -0.03192376 -0.07788748 1.89696503
v -0.02560729 -0.08078927 1.89393651
v -0.02082470 -0.08523023 1.89566016
v -0.03045582 -0.07928860 1.89268303
v -0.02669621 -0.08218980 1.88968968
v -0.02157830 -0.08700299 1.88972974
v -0.01678323 -0.09522390 1.89099646
v -0.01749634 -0.09344822 1.89707935
v -0.03010380 -0.08029711 1.89018846
v -0.03936413 -0.07776231 1.89825344
v -0.03707361 -0.07862514 1.89423668
v -0.04284797 -0.08902389 1.89276075
v -0.04374070 -0.08501428 1.89338470
v -0.04424580 -0.08453763 1.89852452
v -0.04067353 -0.09075427 1.88778162
v -0.04166953 -0.08531958 1.88886917
v -0.04379146 -0.08152330 1.89902127
v -0.04295028 -0.08117706 1.89520609
v -0.01472839 -0.09946489 1.89233625
v -0.01778690 -0.10011214 1.88599062
v -0.02082160 -0.09719205 1.88466728
v -0.02564520 -0.08929574 1.88518965
v -0.02759114 -0.09840178 1.88113356
v -0.03430682 -0.09919053 1.88224316
v -0.03700806 -0.09133887 1.88394129
v -0.03146344 -0.09137726 1.88249111
v -0.03415221 -0.08536857 1.88482130
v -0.03807244 -0.08551967 1.88593268
v -0.02980289 -0.08416682 1.88619339
v -0.03743661 -0.08191377 1.88835859
v -0.04051392 -0.08120757 1.89109981
v -0.03495652 -0.08271420 1.88706458
v -0.03266670 -0.08153135 1.88841081
v -0.03467553 -0.07992601 1.89074612
v 0.03656651 -0.08704942 1.82869864
v 0.03149835 -0.08723593 1.83231390
v 0.03432984 -0.09223109 1.83421838
v 0.03854532 -0.09765726 1.83772123
v 0.04596591 -0.10342705 1.83546984
v 0.03264400 -0.09921730 1.84075773
v 0.02849574 -0.09347039 1.83704793
v 0.02372029 -0.08694816 1.83414567
v 0.03069137 -0.10637873 1.84503973
v -0.07190062 -0.41586798 1.89958131
v -0.07357490 -0.39411122 1.90007353
v 0.09647353 -0.32727516 1.96522772
v 0.11053805 -0.33736533 1.95372736
v 0.16470344 -0.37229824 1.95985389
v 0.17620109 -0.38321024 1.98126221
v -0.03370355 -0.17515755 2.00738144
v -0.03940808 -0.34250203 2.20723629
v -0.03619218 -0.36158526 2.20007753
v -0.12405662 -0.37456149 2.20426607
v -0.10315315 -0.36998707 2.21062088
v 0.02605784 -0.25690597 2.11338258
v 0.02299547 -0.26933044 2.10464811
v -0.00306598 -0.20899814 2.04884243
v -0.00504472 -0.22147110 2.04179645
v 0.02370211 -0.22859788 2.09688663
v -0.07640608 -0.31246477 2.23930526
v -0.05344209 -0.30558187 2.23806453
v -0.05887542 -0.32916290 2.22385478
v -0.08087514 -0.33704144 2.22575378
v -0.14254837 -0.37612164 2.19388223
v -0.14330761 -0.34946489 2.20413542
v 0.02351825 -0.30103123 2.11787271
v 0.01793621 -0.32076594 2.14204121
v -0.01134494 -0.35845280 2.17798018
v -0.03097248 -0.37573811 2.18689156
v -0.05163189 -0.39032155 2.18934917
v -0.07265525 -0.40264511 2.18848181
v -0.01833523 -0.22216573 2.01176167
v -0.03675519 -0.22955543 1.98642528
v 0.02285352 -0.28149936 2.09323716
v -0.08080178 -0.20389473 1.96405244
v -0.08325498 -0.43391579 2.17393184
v -0.10793021 -0.44090334 2.16959906
v 0.00630383 -0.33975771 2.16263771
v -0.06198616 -0.34021682 1.90067089
v -0.04288286 -0.34156632 1.90348518
v -0.04506758 -0.32180321 1.90254188
v -0.06391342 -0.32043040 1.90113270
v -0.02677425 -0.32255900 1.90571058
v -0.00986325 -0.32429248 1.91077983
v 0.00480368 -0.32651645 1.91743672
v 0.03587101 -0.33187824 1.94080377
v 0.02745686 -0.33036971 1.93273568
v 0.04966145 -0.33474028 1.96050668
v 0.04328009 -0.33350986 1.94942701
v 0.05481673 -0.33444080 1.97713506
v 0.05763186 -0.33458588 1.99828696
v 0.06061981 -0.35203481 2.01633215
v 0.05868029 -0.33736244 2.02209067
v 0.05512599 -0.31909469 2.00213003
v 0.05280126 -0.31918684 1.98051155
v 0.04790033 -0.31874663 1.96374750
v -0.08541858 -0.26182610 1.92809939
v -0.08458322 -0.27950564 1.91329789
v -0.07081643 -0.43693918 1.89878201
v 0.16612114 -0.19236234 1.98264956
v 0.05800607 -0.21066469 1.88978839
v -0.07765834 -0.57509595 2.01289797
v -0.05379594 -0.57398582 2.01489854
v 0.02071416 -0.56310374 2.00401711
v 0.04078935 -0.55617309 1.98215222
v -0.00433196 -0.56596136 2.01611447
v -0.03024477 -0.56642795 2.02345061
v 0.01337358 -0.27535248 2.05888009
v -0.06062457 -0.55228829 2.04854369
v -0.03054349 -0.56029439 2.03612280
v -0.00059539 -0.56056082 2.02986383
v 0.02614690 -0.55772132 2.01775646
v 0.05100767 -0.54974031 1.99564528
v 0.06514920 -0.54030776 1.99025440
v 0.08511941 -0.52682853 2.00355887
v 0.10685658 -0.51004368 1.98668301
v 0.10709487 -0.50653434 1.96640158
v 0.09612924 -0.51577413 1.97408915
v 0.09638213 -0.51786047 1.99526393
v 0.16814809 -0.41890016 1.98458767
v 0.17375414 -0.39532927 2.01238561
v 0.17261262 -0.40392575 1.99566221
v 0.16996412 -0.39045179 2.02966070
v 0.16342254 -0.38703886 2.04244232
v 0.15434514 -0.38710758 2.05065322
v 0.14191817 -0.39199868 2.05600762
v 0.10470854 -0.41542378 2.05683684
v 0.09223512 -0.42637831 2.05701518
v 0.06731158 -0.44056153 2.08676553
v 0.05988286 -0.44139358 2.09632468
v 0.03107480 -0.43157396 2.12700057
v 0.01471954 -0.42461523 2.13940763
v -0.08520851 -0.59389424 1.97601163
v -0.00385816 -0.42016751 2.15359187
v -0.14254850 -0.46528986 2.14444900
v -0.13706951 -0.48339427 2.13151789
v -0.15661363 -0.39846462 2.17494392
v -0.15351784 -0.42124236 2.17030716
v -0.01745288 -0.19709086 2.28102922
v -0.02565901 -0.21790826 2.27283025
v -0.05028105 -0.21442121 2.28116632
v -0.16500838 -0.24013463 2.24779201
v -0.16396527 -0.26445374 2.22911358
v -0.16198230 -0.32409993 2.20125842
v -0.16030841 -0.34878656 2.19027448
v -0.04200567 -0.19279021 2.28954220
v -0.11501002 -0.26473427 2.25240421
v -0.12763278 -0.50707245 2.10597277
v -0.12363727 -0.51290202 2.09137702
v -0.11992852 -0.52420706 2.07731938
v -0.13939808 -0.26552314 2.24153852
v 0.02911557 -0.21854380 2.21885514
v 0.03684257 -0.21437883 2.19023037
v -0.00454860 -0.22081041 2.25959969
v 0.01420574 -0.22046971 2.24206972
v 0.03792467 -0.20790398 2.15990686
v 0.00316214 -0.17558661 2.04863667
v -0.01169397 -0.16650170 2.02274060
v -0.05005665 -0.15173861 1.98293507
v -0.07336569 -0.14823759 1.97137558
v 0.03443066 -0.19967034 2.13053751
v -0.02925019 -0.15809077 1.99981034
v 0.02700589 -0.19151306 2.10293150
v 0.01617282 -0.18355334 2.07562852
v -0.09115373 -0.26427263 2.25819826
v -0.08548841 -0.24039593 2.27177620
v -0.07919832 -0.49059319 1.88373876
v -0.07981166 -0.48425481 1.88878071
v -0.06114281 -0.24129769 2.26984072
v -0.06499329 -0.49724782 2.12511396
v -0.08911636 -0.49796718 2.12310982
v -0.04036644 -0.49569511 2.12354350
v -0.01018136 -0.50609457 2.10471106
v -0.01451277 -0.49438950 2.11691451
v 0.00933055 -0.49164951 2.10832810
v -0.07799453 -0.49514517 1.87525868
v -0.08877441 -0.41509250 1.89484477
v -0.09122200 -0.39324620 1.89620829
v 0.01421319 -0.50304413 2.09773970
v -0.10274842 -0.27927154 1.91159987
v -0.10632186 -0.26138794 1.92614472
v -0.08663807 -0.43580732 1.89478195
v -0.11011001 -0.25062823 1.94237018
v 0.05694995 -0.49095377 2.07861257
v 0.05230149 -0.48272231 2.08698821
v 0.06768183 -0.47659665 2.07695913
v 0.07064287 -0.48463899 2.07238579
v 0.09116767 -0.46412888 2.06224680
v 0.07994236 -0.47027254 2.07064128
v 0.10100186 -0.45644081 2.05316997
v 0.11318913 -0.44793758 2.04820681
v 0.12439008 -0.46735728 2.03367043
v 0.11261402 -0.47648224 2.03721070
v 0.06031252 -0.49900740 2.07139230
v 0.04226429 -0.50671804 2.07829905
v -0.07942128 -0.51766765 2.09554672
v -0.10162856 -0.51549327 2.09238148
v 0.06008665 -0.34710282 2.04392409
v 0.06060448 -0.36050880 2.06594992
v 0.05878874 -0.37548903 2.08424902
v 0.05577045 -0.39047915 2.09847331
v 0.05303283 -0.40594596 2.10856700
v 0.04864294 -0.42119125 2.11456966
v 0.05215571 -0.43985993 2.10669065
v 0.04295377 -0.43630183 2.11663723
v -0.12720853 0.02132267 2.23874545
v 0.04939076 -0.45206937 2.10430837
v 0.03749662 -0.45057988 2.11531448
v 0.03086421 -0.47733122 2.10592461
v 0.03307733 -0.46429616 2.11187506
v 0.03279356 -0.48842132 2.09814382
v 0.03762924 -0.49790403 2.08850002
v 0.02133037 -0.51308215 2.08575487
v -0.00306362 -0.51722348 2.09242725
v -0.01258297 -0.54014826 2.07029057
v -0.02030081 -0.53126311 2.08366370
v -0.02805846 -0.52034760 2.09733152
v -0.03653207 -0.50890005 2.11079526
v 0.00066539 -0.57412016 1.97024035
v -0.02071589 -0.58100218 1.98121250
v 0.14077194 -0.40114930 2.05398393
v 0.14935608 -0.39922541 2.04917765
v -0.15549573 -0.04815483 2.28528929
v -0.15992284 -0.07514793 2.29152298
v 0.14472570 -0.40795362 2.04815722
v 0.13992323 -0.40694967 2.05164909
v 0.15654282 -0.40086329 2.04198766
v 0.16322093 -0.40337092 2.03025627
v 0.15643732 -0.41517672 2.03277016
v 0.15025218 -0.40964666 2.04221725
v 0.16730632 -0.40882993 2.01687050
v 0.16106461 -0.42005169 2.02115798
v 0.16796838 -0.41647398 2.00446963
v 0.16599943 -0.42714569 1.99565053
v 0.16310765 -0.43260443 2.00260568
v 0.16305156 -0.42677176 2.01024485
v 0.14265122 -0.46957201 2.00653481
v 0.15188693 -0.45661980 2.00397873
v 0.15872891 -0.44336358 2.00303745
v 0.12463836 -0.43897563 2.04640579
v 0.13502081 -0.42969951 2.04452848
v 0.14354004 -0.42004782 2.04327512
v 0.14976121 -0.42619634 2.03443313
v 0.14090903 -0.43697941 2.03669596
v -0.15048145 -0.02549803 2.27673388
v 0.13042869 -0.44764701 2.03942323
v -0.06203263 -0.51007706 2.11164141
v -0.08626533 -0.50803667 2.11137700
v -0.09676993 -0.05660373 1.99187803
v -0.09861082 -0.04745555 1.99579763
v 0.09478487 -0.47350320 2.05538487
v -0.10137163 -0.03662509 2.00390530
v -0.10168020 -0.02680969 2.01173353
v 0.08400074 -0.47920358 2.06404448
v 0.10561441 -0.46704423 2.04692316
v 0.11867799 -0.45787209 2.04183292
v 0.09985453 -0.48337802 2.04656029
v 0.08771934 -0.48903912 2.05489397
v 0.07463880 -0.49386558 2.06364346
v -0.05541579 -0.51984239 2.09829187
v -0.10779583 -0.50697303 2.10944867
v -0.16510144 -0.13067693 2.29069161
v -0.16572836 -0.15778446 2.28454971
v -0.09612952 -0.12876597 1.96915114
v -0.07757626 -0.49709734 1.86781681
v -0.06247259 -0.59897286 1.92852545
v -0.08123100 -0.47548890 1.89252055
v -0.08262072 -0.46403086 1.89357316
v -0.09201588 0.01872391 2.07717156
v -0.08418330 -0.44987184 1.89378679
v -0.08985588 0.02624506 2.08883858
v -0.15871586 -0.37605715 2.17986774
v 0.07164358 -0.42951450 1.91943765
v 0.08326648 -0.45411310 1.91673362
v 0.09648319 -0.47742298 1.92408705
v 0.10486992 -0.49639007 1.94309759
v 0.15110593 -0.22541818 2.05637121
v -0.14341263 -0.32306376 2.21540022
v -0.14186870 -0.29457015 2.22845936
v -0.11987238 -0.29342136 2.23973227
v -0.12894337 -0.44289944 2.16437483
v -0.11252278 -0.49727920 2.12317228
v 0.01427929 -0.29187149 1.92461574
v 0.00163538 -0.28976011 1.91710925
v 0.00298901 -0.30770442 1.91643715
v 0.01563967 -0.30972821 1.92404592
v 0.03343145 -0.29861939 1.94325888
v 0.02515569 -0.29492754 1.93381536
v 0.02615164 -0.31234080 1.93291330
v 0.03471085 -0.31502256 1.94201410
v 0.04021591 -0.30157471 1.95402455
v 0.04188130 -0.31730652 1.95188391
v 0.02328901 -0.27781522 1.93750882
v 0.01227562 -0.27445596 1.92883968
v -0.00045048 -0.27262416 1.92156410
v 0.03782521 -0.28673595 1.95740068
v 0.03145086 -0.28246954 1.94724250
v -0.06744233 -0.49595982 1.86858678
v -0.06954306 -0.46475992 1.89642787
v -0.06937263 -0.47581103 1.89445162
v -0.08326361 -0.29907477 1.90443742
v -0.08031932 -0.33735222 1.89885259
v -0.07884450 -0.35564506 1.90118384
v -0.07628907 -0.37411904 1.90144515
v -0.06928660 -0.45089838 1.89737523
v -0.08197027 -0.31804520 1.90024590
v 0.06194140 -0.06313932 2.20570016
v 0.05405363 -0.04117292 2.20387435
v 0.04487520 -0.04781759 2.22970319
v 0.03383910 -0.03061354 2.22971129
v 0.05060039 -0.10476607 2.24972868
v 0.05094611 -0.08093852 2.24417448
v 0.04896876 -0.13302293 2.25208473
v 0.01463060 -0.01401126 2.23484254
v -0.01240516 0.00308484 2.24041677
v -0.02985352 -0.01300460 2.26685905
v 0.02751861 -0.12676743 2.27282047
v 0.02971519 -0.09936768 2.26901698
v 0.04979609 -0.06516474 2.23665214
v 0.03103605 -0.05674458 2.25289536
v 0.03156438 -0.04515666 2.24426913
v -0.00168054 -0.02456820 2.25826788
v 0.01977773 -0.03533477 2.24905467
v -0.12575014 -0.16018951 2.29334211
v -0.09206877 -0.16368961 2.29857731
v -0.09714362 -0.18791145 2.29138947
v -0.00980712 -0.17509556 2.28620148
v 0.00528951 -0.20248413 2.26590824
v 0.01204110 -0.04754430 2.26376200
v -0.01296214 -0.04148793 2.27583885
v -0.04430750 -0.03434128 2.28491497
v -0.05789148 -0.11569265 2.30434680
v -0.05789031 -0.08908552 2.30246806
v -0.02746895 -0.09219027 2.29540801
v -0.02701645 -0.11867714 2.29820180
v -0.00300852 -0.14979982 2.28925347
v 0.00134539 -0.12210393 2.28796291
v -0.05934628 -0.14222488 2.30318475
v -0.03024384 -0.14604378 2.29853201
v -0.03571452 -0.17114955 2.29526734
v 0.00336353 -0.09469318 2.28395629
v -0.08772707 -0.05576748 2.29995036
v -0.05375791 -0.06073993 2.29683876
v -0.12172014 -0.05266517 2.29521132
v -0.06346122 -0.16790032 2.29906654
v -0.06813661 -0.19127238 2.29229140
v -0.07740431 -0.21621761 2.28295588
v -0.09658939 -0.29024452 2.24785519
v 0.07791612 -0.21365818 1.91603196
v -0.07520303 -0.01413971 2.03701591
v -0.07019380 0.00963980 2.06008863
v 0.03738613 -0.15457541 2.15498447
v 0.06768006 -0.10608488 2.19262218
v 0.06191495 -0.08105379 2.21517491
v -0.08950809 -0.08796662 2.01943922
v -0.08741312 -0.05978888 2.01499009
v 0.00993768 -0.17378199 2.12538290
v -0.05155307 -0.16780260 2.07983112
v -0.08264297 -0.03565240 2.02269554
v 0.03102627 -0.07219678 2.26111412
v 0.00662677 -0.06674743 2.27456236
v -0.02164564 -0.06396985 2.28770542
v -0.07884090 -0.02855659 2.28879428
v -0.11535418 -0.02652013 2.28606749
v -0.08544868 -0.06306595 2.01536608
v -0.08349843 -0.06143075 2.00669456
v -0.08982472 -0.05368310 2.00217676
v -0.09360225 -0.04835558 2.01067352
v 0.00303174 -0.16041526 2.05175352
v -0.01531373 -0.15185368 2.02724242
v -0.05381200 -0.13671365 1.98782754
v -0.07449850 -0.13243398 1.97574699
v 0.04139620 -0.18637800 2.13104701
v -0.03383001 -0.14287663 2.00511122
v 0.03280495 -0.17798221 2.10419655
v 0.01890963 -0.16911197 2.07749534
v 0.24037835 0.17053765 1.91712284
v 0.25335011 0.19379878 1.92083561
v 0.24466649 0.19499820 1.93417084
v 0.23083141 0.17108220 1.93059623
v 0.23322830 0.16078848 1.96751666
v 0.22714743 0.16748756 1.95337605
v 0.24496451 0.15467674 1.97814023
v 0.25411001 0.18221962 1.98001313
v 0.26714072 0.17773503 1.98200631
v 0.25993684 0.14862412 1.98038256
v 0.27131584 0.14501429 1.97542918
v 0.29905590 0.16829795 1.95251298
v 0.29392841 0.14065367 1.94991446
v 0.28148690 0.14226776 1.96677589
v 0.28785416 0.17112345 1.96827197
v 0.29889694 0.14528769 1.92962956
v 0.30408737 0.17061687 1.93288839
v 0.29356673 0.15255904 1.91261339
v 0.25492695 0.16775811 1.90760803
v 0.26704636 0.18995279 1.90927625
v 0.24349019 0.18781704 1.96918428
v 0.23936436 0.19309527 1.95681620
v 0.22711441 0.17020041 1.94069016
v 0.24111423 0.19473833 1.94518781
v 0.25782672 0.21873266 1.93625355
v 0.26210430 0.21797603 1.91918397
v 0.25223240 0.21653777 1.97239280
v 0.25078526 0.21913922 1.95922565
v 0.27498195 0.20564574 1.98458123
v 0.26144436 0.21128100 1.98327518
v 0.29833081 0.19707298 1.97274184
v 0.27792063 0.17460430 1.97632706
v 0.28690007 0.20134956 1.97913933
v 0.30733928 0.19371074 1.95663571
v 0.31393245 0.19400841 1.93470132
v 0.27633449 0.21218091 1.90664220
v 0.25447306 0.21834213 1.94776714
v 0.41466925 0.24177921 1.80552733
v 0.41777644 0.24076325 1.80860925
v 0.42055848 0.24427927 1.80857754
v 0.41603568 0.24649698 1.80395174
v 0.38450721 0.24673134 1.77541244
v 0.39157441 0.24294776 1.77788913
v 0.39529899 0.25085348 1.77971745
v 0.38575068 0.25596648 1.77571106
v 0.41278455 0.25015080 1.79511380
v 0.40908155 0.25113261 1.79214346
v 0.40889117 0.24730629 1.78883886
v 0.41463766 0.24540174 1.79352546
v 0.42460737 0.24578220 1.84969187
v 0.42205927 0.24688435 1.84622252
v 0.42175415 0.24228019 1.84434283
v 0.42515716 0.24176973 1.84919238
v 0.42333773 0.24854940 1.82771432
v 0.42108580 0.24964356 1.82438421
v 0.42092845 0.24522609 1.82203841
v 0.42474017 0.24433333 1.82755518
v 0.38109925 0.24213016 1.79900181
v 0.38794336 0.24097735 1.78717971
v 0.37770513 0.24654621 1.78277564
v 0.36764577 0.24511719 1.79403877
v 0.37325236 0.25692910 1.78210926
v 0.37930742 0.26099825 1.78728902
v 0.37076166 0.26488549 1.79857731
v 0.36310467 0.25800610 1.79440475
v 0.39085260 0.25794214 1.79181767
v 0.38389948 0.26042438 1.80259776
v 0.38918129 0.24972695 1.80298066
v 0.39775065 0.24687922 1.79204178
v 0.40474215 0.24453396 1.81142187
v 0.41342631 0.24367136 1.80315995
v 0.40758112 0.23960114 1.79900086
v 0.39867666 0.23852175 1.80837214
v 0.40169325 0.24161273 1.79395986
v 0.39078078 0.24143231 1.80130219
v 0.39050898 0.25148469 1.79977036
v 0.39928654 0.24916178 1.79012334
v 0.40341654 0.25348419 1.79590559
v 0.39449325 0.25601989 1.80507183
v 0.40147218 0.25286829 1.81043792
v 0.40999201 0.25134391 1.80194259
v 0.41001067 0.24180657 1.80950272
v 0.40212426 0.23977774 1.81611991
v 0.40891388 0.23691517 1.82336044
v 0.41541174 0.23934931 1.81430221
v 0.40642604 0.25296420 1.81870115
v 0.40218392 0.24950147 1.81396127
v 0.40868679 0.24954623 1.80653524
v 0.41298804 0.25221074 1.81053042
v 0.41876861 0.25004679 1.81504238
v 0.41297892 0.25011945 1.82457018
v 0.41454831 0.24246830 1.82593012
v 0.42062536 0.24348408 1.81656158
v 0.42042521 0.23858446 1.83305669
v 0.41499838 0.23593765 1.84201527
v 0.41943863 0.24188060 1.84430337
v 0.42373195 0.24378353 1.83505249
v 0.41068706 0.23752218 1.83493209
v 0.41631064 0.23950589 1.82862890
v 0.41368809 0.25055397 1.83555961
v 0.41106787 0.24383873 1.83156645
v 0.41421309 0.24508727 1.82488835
v 0.41714731 0.25128442 1.82789099
v 0.42246625 0.24943107 1.83354032
v 0.41842094 0.24937612 1.84267187
v 0.42432269 0.24167997 1.85699499
v 0.42203000 0.23620170 1.85506725
v 0.41753379 0.23609179 1.86292839
v 0.41947117 0.24254483 1.86588061
v 0.41441920 0.23609048 1.85542738
v 0.41787818 0.23731822 1.84940255
v 0.41586861 0.24935263 1.85542166
v 0.41504833 0.24174219 1.85301280
v 0.41642240 0.24272245 1.84708810
v 0.41845724 0.24911839 1.84944248
v 0.42314866 0.24736422 1.85507226
v 0.41864797 0.24834514 1.86235094
v 0.35899243 0.24443549 1.80571079
v 0.37683603 0.24285561 1.81219625
v 0.38607034 0.25832170 1.78070593
v 0.35559723 0.25925380 1.80667400
v 0.39235750 0.25642961 1.78333235
v 0.38031814 0.26141375 1.81467986
v 0.36399499 0.26599443 1.81109607
v 0.38470879 0.25144750 1.80741632
v 0.41103038 0.24141902 1.79362714
v 0.39813229 0.24787378 1.81808913
v 0.39575955 0.25646597 1.82569814
v 0.40765056 0.24251264 1.79079580
v 0.39077285 0.23863369 1.82290149
v 0.40114012 0.23733658 1.83920300
v 0.41733941 0.24965721 1.80720043
v 0.42030767 0.24840313 1.80961573
v 0.40714690 0.25356722 1.84058690
v 0.40989915 0.24312782 1.83370054
v 0.42295220 0.24027187 1.82759511
v 0.41526261 0.24168664 1.85295177
v 0.41301611 0.25190133 1.85704613
v 0.42016932 0.24089307 1.82457805
v 0.40822330 0.23537856 1.85710990
v 0.42247835 0.23965418 1.84907055
v 0.41459540 0.25192130 1.87155902
v 0.41489223 0.24427521 1.87690890
v 0.42072418 0.23947972 1.84607208
v 0.41214547 0.23575073 1.87237632
v 0.26971319 0.16439801 1.90278149
v 0.28098175 0.18521184 1.90458930
v 0.28293219 0.15916204 1.90503860
v 0.30059257 0.17613453 1.91637361
v 0.29236552 0.18070430 1.90831888
v 0.29103509 0.20534605 1.89971614
v 0.31170204 0.19780070 1.91628873
v 0.30381152 0.20022297 1.90658522
v 0.30522487 0.21778327 1.97814941
v 0.31679627 0.21381074 1.96277213
v 0.29326674 0.22234446 1.98467529
v 0.26699266 0.23253673 1.98667216
v 0.28082630 0.22707099 1.98871541
v 0.30117956 0.21980345 1.89227581
v 0.28486869 0.22835737 1.90160656
v 0.31566152 0.21194071 1.89550567
v 0.32463458 0.21066493 1.91066349
v 0.34561124 0.24444836 1.81758499
v 0.33610472 0.24534696 1.83367324
v 0.34686354 0.23157787 1.83891153
v 0.36140868 0.23751158 1.82607532
v 0.36089686 0.22762293 1.85076714
v 0.37604347 0.23371148 1.83686471
v 0.37214145 0.22950041 1.86557746
v 0.38691869 0.23337919 1.85159969
v 0.38175324 0.23177809 1.88142824
v 0.39584109 0.23291951 1.86805058
v 0.39031598 0.23739296 1.89644122
v 0.40340379 0.23521394 1.88281798
v 0.39733669 0.24685347 1.90466094
v 0.40934804 0.24428302 1.88976932
v 0.34403595 0.26043564 1.81764221
v 0.33510914 0.26202041 1.83552957
v 0.35456464 0.27193636 1.82596922
v 0.34644809 0.27373075 1.84289980
v 0.36876979 0.26831442 1.83532107
v 0.35904631 0.27251452 1.85329175
v 0.39818183 0.26037431 1.90158701
v 0.40917143 0.25662869 1.88536334
v 0.38198528 0.26438046 1.84809053
v 0.37104931 0.26853389 1.86617684
v 0.39378127 0.26253229 1.86184454
v 0.38261488 0.26694793 1.87979543
v 0.40254435 0.26071548 1.87473440
v 0.39179489 0.26534110 1.89218271
v 0.33071449 0.23111778 1.85564816
v 0.34440377 0.22098333 1.86629868
v -0.07819177 -0.59880126 1.96122527
v -0.10505393 -0.56063777 2.02686095
v 0.35526809 0.22397548 1.88203299
v 0.36472926 0.23003882 1.89829934
v 0.37374195 0.23947090 1.91336417
v 0.38196334 0.25011712 1.92220140
v 0.34743032 0.22638226 1.92205119
v 0.35675892 0.24437112 1.93382084
v 0.36523607 0.25584346 1.93859792
v 0.34135351 0.24878234 1.95420742
v 0.34872016 0.26133472 1.95595098
v -0.14161800 -0.00293571 2.26331496
v -0.11526044 -0.53482014 2.06335831
v 0.31401214 0.25973815 1.98603368
v -0.16317780 -0.10334659 2.29340816
v -0.09430312 -0.37278849 1.90014970
v -0.09596895 -0.35427937 1.89917743
v -0.09650625 -0.33595878 1.89494145
v -0.09821296 -0.31699765 1.89740181
v -0.10901305 -0.15564224 1.98397601
v -0.10991283 -0.15325728 1.98577845
v -0.16313286 -0.29575402 2.21439576
v -0.10068032 -0.15765852 1.96566272
v -0.10937838 -0.15483505 1.97894883
v -0.14842133 -0.44449812 2.15791368
v -0.10009988 -0.29798448 1.90259588
v -0.09750034 -0.14546785 1.96493113
v -0.13236895 -0.49788812 2.11933923
v -0.10890386 -0.15932065 1.97291565
v -0.09492654 -0.07208055 1.98521924
v -0.10902300 -0.20264423 1.95739222
v -0.09770828 -0.50656152 1.86589432
v -0.10827379 -0.51522708 1.86624348
v -0.11060148 -0.51150715 1.87195385
v -0.09950754 -0.50326431 1.87203026
v -0.13035382 -0.56355548 1.89300525
v -0.12464927 -0.56577450 1.88806987
v -0.11920965 -0.57832927 1.89648497
v -0.12786680 -0.57752138 1.90127432
v -0.11155468 -0.58749008 1.90480006
v -0.12075810 -0.58702463 1.91047263
v -0.11094843 -0.59374619 1.91963816
v -0.10278137 -0.59418553 1.91349423
v -0.09260126 -0.59966230 1.92186320
v -0.09890956 -0.59840697 1.92708087
v -0.11819939 -0.52622926 1.86786962
v -0.12538886 -0.53844166 1.87294340
v -0.12862946 -0.53434837 1.87739468
v -0.12077409 -0.52183318 1.87318134
v -0.12714075 -0.55271423 1.87943733
v -0.13155720 -0.54903865 1.88471889
v -0.08317827 -0.59956467 1.93328524
v -0.07737157 -0.60047883 1.92664015
v -0.10348816 -0.49317282 1.88427508
v -0.09117816 -0.48734921 1.88611293
v -0.09017944 -0.49362868 1.88048410
v -0.10188466 -0.49892092 1.87873733
v -0.13764513 -0.50750834 1.88615668
v -0.15238333 -0.52340138 1.88655102
v -0.16155350 -0.51363963 1.88452983
v -0.14493600 -0.49701250 1.88447666
v -0.15765490 -0.46440417 1.88195264
v -0.18346371 -0.48001692 1.88198304
v -0.18041939 -0.44913411 1.87999368
v -0.16068713 -0.44154322 1.88221586
v -0.17952129 -0.42449561 1.87876868
v -0.16266254 -0.41900739 1.88196564
v -0.18250440 -0.35900795 1.87657440
v -0.16514851 -0.35464808 1.87768221
v -0.16401221 -0.37579814 1.87879014
v -0.18107006 -0.38044009 1.87756681
v -0.21609047 -0.25956899 1.90557027
v -0.19929916 -0.25851107 1.90072858
v -0.20416629 -0.27044833 1.88661611
v -0.21876484 -0.27271631 1.88892531
v -0.24139360 -0.39629468 1.88948631
v -0.24018851 -0.41177574 1.88642502
v -0.24958192 -0.40394130 1.89464331
v -0.25166804 -0.39020008 1.89848578
v -0.20800141 -0.53848600 1.88999784
v -0.19750039 -0.51155537 1.88286221
v -0.18432945 -0.52266204 1.88605452
v -0.19324422 -0.54660702 1.89255941
v -0.27112973 -0.32453400 1.91851830
v -0.26876560 -0.30825305 1.91965532
v -0.26074576 -0.30931228 1.90680575
v -0.26160434 -0.32413286 1.90517700
v -0.25635818 -0.25042832 1.99076879
v -0.23724994 -0.23683503 1.97874069
v -0.23327716 -0.25215667 1.97216153
v -0.25089866 -0.26542532 1.98300290
v -0.29516745 -0.32953954 2.02274561
v -0.29932848 -0.34979749 2.04627323
v -0.30104107 -0.33924782 2.05670738
v -0.29610977 -0.31948331 2.03333616
v -0.21232635 -0.36580783 1.87914395
v -0.19820073 -0.36302713 1.87723339
v -0.19665644 -0.38373351 1.87780905
v -0.21065120 -0.38530982 1.87925029
v -0.34913906 -0.32711577 1.99215055
v -0.33757076 -0.32226399 2.00797415
v -0.32368362 -0.33323291 1.99266410
v -0.33577535 -0.33950341 1.97712398
v -0.31018260 -0.23708111 2.07339406
v -0.31489688 -0.25285149 2.09842563
v -0.31660622 -0.23457849 2.10532331
v -0.31124464 -0.22187421 2.07931948
v -0.27998236 -0.44118646 1.87873745
v -0.29323596 -0.46497637 1.87671947
v -0.30373213 -0.45034066 1.88396883
v -0.29017535 -0.42775911 1.88857687
v -0.24528407 -0.36799985 1.89383352
v -0.24273974 -0.38173318 1.89187276
v -0.25416517 -0.37936044 1.90071464
v -0.25574744 -0.36834386 1.90230644
v -0.30693933 -0.37609294 2.03002167
v -0.30438814 -0.35797256 2.00814271
v -0.30411059 -0.37546545 2.00164580
v -0.30645794 -0.39190787 2.02165365
v -0.30182067 -0.34209263 2.01508093
v -0.30467331 -0.36150551 2.03840446
v -0.23544809 -0.36802363 1.88734484
v -0.22452861 -0.36737037 1.88274729
v -0.22264886 -0.38543320 1.88181090
v -0.23259787 -0.38460174 1.88572216
v -0.21273841 -0.25388905 1.92570615
v -0.19272654 -0.25226560 1.91846728
v -0.29938960 -0.20883068 2.05582237
v -0.28308401 -0.19698605 2.03557611
v -0.28437641 -0.20674968 2.03077173
v -0.29953387 -0.22145551 2.05027509
v -0.21065371 -0.25376099 1.95770919
v -0.20989817 -0.25527743 1.94423139
v -0.22826210 -0.26141170 1.95033264
v -0.22831398 -0.26239067 1.96577060
v -0.26340544 -0.18667153 2.01826048
v -0.24045452 -0.17605096 2.00268912
v -0.24237940 -0.18269908 2.00063634
v -0.26468056 -0.19428831 2.01483417
v -0.17979458 -0.40225899 1.87815237
v -0.16317932 -0.39720118 1.88001680
v -0.24430947 -0.27225211 1.91437411
v -0.23127170 -0.26465052 1.90983403
v -0.23243035 -0.27800545 1.89333725
v -0.24398592 -0.28500545 1.89877582
v -0.26289532 -0.38689443 1.91219878
v -0.26097363 -0.39694929 1.91030693
v -0.26910001 -0.39604509 1.93165815
v -0.27231109 -0.39012161 1.92928267
v -0.31659958 -0.22032914 2.11082649
v -0.31092760 -0.20973608 2.08390379
v -0.26205871 -0.17841575 2.01829982
v -0.23880994 -0.16965914 2.00113320
v -0.27905431 -0.42912576 1.98974562
v -0.27615091 -0.43055078 1.99271917
v -0.28219345 -0.43956622 2.00446105
v -0.28573707 -0.43880618 2.00226116
v -0.15973100 -0.26970333 1.89380050
v -0.17422386 -0.27687654 1.88366735
v -0.18410003 -0.26356414 1.89302206
v -0.17296658 -0.25634146 1.90774775
v -0.24494627 -0.26737151 1.93515766
v -0.24508187 -0.26985401 1.95512569
v -0.23004007 -0.25938004 1.93085909
v -0.14456470 -0.26520216 1.90801811
v -0.16087903 -0.25331998 1.92762887
v -0.14577495 -0.39089990 1.88364172
v -0.14615387 -0.37052524 1.88133860
v -0.14450416 -0.41185918 1.88579750
v -0.12600285 -0.40423158 1.88879609
v -0.12260744 -0.42501694 1.88893092
v -0.14121819 -0.43282866 1.88582826
v -0.11819708 -0.44470036 1.88826406
v -0.13665368 -0.45325348 1.88498306
v -0.12153663 -0.49448490 1.88749552
v -0.12638226 -0.48390010 1.88656521
v -0.26472098 -0.37868035 1.91321445
v -0.26655146 -0.36931133 1.91420817
v -0.28281334 -0.18718338 2.03739834
v -0.24888171 -0.55070943 2.00536060
v -0.24586189 -0.54430842 2.02167130
v -0.26510280 -0.53791273 2.01082897
v -0.26714519 -0.54349810 1.99567699
v -0.22200732 -0.53266585 1.88568485
v -0.21324761 -0.50443971 1.87625146
v -0.29467088 -0.48015034 2.03042722
v -0.29920134 -0.47608411 2.02456498
v -0.30094895 -0.48115709 2.02194571
v -0.29485351 -0.48618490 2.02787733
v -0.29787311 -0.46204671 2.01742625
v -0.29347861 -0.45565960 2.01710868
v -0.30196086 -0.45059523 2.02243090
v -0.30705377 -0.45726332 2.02277565
v -0.31393978 -0.24754462 2.13168812
v -0.31160134 -0.26838642 2.12439632
v -0.27886304 -0.41124046 2.10185266
v -0.28940669 -0.39008692 2.08612204
v -0.29640791 -0.40310603 2.07508612
v -0.28600988 -0.42418408 2.08772540
v -0.13537185 -0.54020888 2.05648327
v -0.13739903 -0.52974707 2.06990528
v -0.15768278 -0.53673917 2.06324720
v -0.15549266 -0.54672843 2.04920030
v -0.20556524 -0.56498146 2.01210213
v -0.20404623 -0.57092100 1.99860489
v -0.17851846 -0.56929886 2.00973797
v -0.17882700 -0.56212091 2.02452779
v -0.22733851 -0.55590355 2.01777673
v -0.22470869 -0.54857808 2.03340149
v -0.30466124 -0.41000542 2.03763747
v -0.30514500 -0.39541116 2.04828382
v -0.29851472 -0.42569509 2.00786042
v -0.30113050 -0.43950406 2.02036905
v -0.30309495 -0.43248826 2.02490234
v -0.30155149 -0.41789547 2.01086807
v -0.18309891 -0.55360109 1.89456522
v -0.18243356 -0.57304895 1.90927863
v -0.19806284 -0.56631738 1.90713024
v -0.15269129 -0.58839321 1.96587372
v -0.15580702 -0.58675361 1.97249269
v -0.16946492 -0.58602250 1.96158147
v -0.16202357 -0.58795357 1.95666981
v -0.17879236 -0.48913607 2.11763740
v -0.15767878 -0.48400453 2.12671304
v -0.16401733 -0.46534991 2.14024115
v -0.18636468 -0.46977186 2.13151670
v -0.29696599 -0.46446159 2.02467108
v -0.29723397 -0.46526462 2.02949691
v -0.29815862 -0.45541823 2.02463531
v -0.29510969 -0.45620897 2.02144957
v -0.30197713 -0.44597021 2.03485131
v -0.30054501 -0.45182070 2.02892518
v -0.29774693 -0.46341079 2.03474474
v -0.29762688 -0.45949271 2.04183650
v -0.29017955 -0.43421942 2.07219720
v -0.29957494 -0.41516581 2.06183672
v -0.30008435 -0.42781517 2.05013585
v -0.29316533 -0.44477803 2.05916739
v -0.17617945 -0.39787906 2.17519212
v -0.19613528 -0.39680654 2.17215133
v -0.19326277 -0.41993630 2.16061687
v -0.17294307 -0.42103136 2.16595721
v -0.27353981 -0.40894204 1.97073042
v -0.27098149 -0.39809465 1.95452428
v -0.27394396 -0.38916922 1.96712315
v -0.27957097 -0.40005723 1.98430538
v -0.34257355 -0.46725246 2.01474333
v -0.33423313 -0.47216210 2.01331067
v -0.33010677 -0.46852097 2.01878405
v -0.33907667 -0.46487275 2.01942468
v -0.29420763 -0.39678687 2.01623225
v -0.28647599 -0.38683909 2.00046277
v -0.29621062 -0.37462541 2.01654005
v -0.30423197 -0.38527587 2.03271532
v -0.24258837 -0.55055881 1.90214276
v -0.23431212 -0.52831739 1.88120759
v -0.22964017 -0.55528533 1.90317571
v -0.30716792 -0.41739947 2.03838086
v -0.31368059 -0.42871571 2.04288054
v -0.30383807 -0.43613046 2.03041935
v -0.29840648 -0.42599905 2.02365685
v -0.35171252 -0.35188827 1.96657622
v -0.36494818 -0.33849463 1.98149419
v -0.32478195 -0.38438123 2.05862331
v -0.33497527 -0.39633107 2.06365323
v -0.31900260 -0.40630922 2.05328894
v -0.31168446 -0.39334339 2.04707861
v -0.27395147 -0.39539257 2.11423516
v -0.28694293 -0.37724271 2.09789991
v -0.29235473 -0.26414561 2.17671609
v -0.30563036 -0.25674579 2.15604305
v -0.30210391 -0.28107399 2.14879346
v -0.28845400 -0.29117686 2.16896701
v -0.31420639 -0.22913945 2.13776541
v -0.29303762 -0.24167645 2.18100786
v -0.30600369 -0.23696420 2.16052365
v -0.15470135 -0.57852769 1.90828848
v -0.14250839 -0.58938003 1.92382336
v -0.15660441 -0.58701503 1.92679322
v -0.16759762 -0.57661653 1.91068184
v -0.34197250 -0.10271347 2.14176440
v -0.33756700 -0.07287961 2.14511061
v -0.33572364 -0.07596117 2.11020994
v -0.33697227 -0.10251087 2.10668182
v -0.12655629 -0.59469593 1.95662308
v -0.14174019 -0.59214044 1.94227505
v -0.12851393 -0.59463286 1.93722129
v -0.11217356 -0.59830034 1.95084977
v -0.33919093 -0.12754136 2.10675526
v -0.34408757 -0.13094851 2.14115143
v -0.16907339 -0.55848777 1.89611602
v -0.15255046 -0.56184477 1.89740670
v -0.16142437 -0.54076481 1.89062679
v -0.14877382 -0.54435837 1.89126062
v -0.14131641 -0.52785385 1.88620627
v -0.32619542 -0.07686883 2.07713389
v -0.32575616 -0.09859610 2.07695341
v -0.13199700 -0.58862561 1.91690803
v -0.11986235 -0.59483016 1.92870033
v -0.10518095 -0.59890282 1.94001079
v -0.08811113 -0.59992409 1.94771838
v -0.32076070 -0.21106443 2.14265537
v -0.32151291 -0.20403433 2.11436749
v -0.27145430 0.04793537 2.20632672
v -0.24148902 0.05187190 2.21917915
v -0.23312351 0.06872332 2.19894814
v -0.27093422 0.06239504 2.18800044
v -0.15504369 0.04390371 2.22235203
v -0.14145139 0.05587989 2.19131970
v -0.19012272 0.06474942 2.19918394
v -0.20168424 0.05076116 2.22266436
v -0.23386306 -0.09781307 2.28071761
v -0.23666827 -0.12292203 2.27525258
v -0.20312388 -0.12661010 2.28245330
v -0.20047705 -0.10006380 2.28677535
v -0.30162370 -0.22044075 2.18766332
v -0.31447318 -0.21674412 2.16603494
v -0.31400231 -0.19577780 2.08554316
v -0.33233210 0.04216057 2.07785559
v -0.32746264 0.07416981 2.06881642
v -0.31857088 0.06567210 2.02711773
v -0.32089356 0.03208864 2.03331828
v -0.29758361 0.09389049 2.14190292
v -0.30167291 0.06866658 2.15293312
v -0.26812616 0.07915479 2.17666650
v -0.26447767 0.10116237 2.16454053
v -0.21364579 -0.16269293 1.98585141
v -0.23682743 -0.16097796 1.99751759
v -0.21127176 -0.15483454 1.98132706
v -0.13494870 -0.15805390 1.96854770
v -0.16270497 -0.15614188 1.96914303
v -0.15685029 -0.14955947 1.96361268
v -0.12873921 -0.15139452 1.96265340
v -0.12540099 -0.06706852 1.97803831
v -0.10798211 -0.07007092 1.98111439
v -0.11040401 -0.08842784 1.97479653
v -0.13199843 -0.08728570 1.97278011
v -0.30597314 -0.09646320 2.04786634
v -0.28057262 -0.09395283 2.02330351
v -0.28154328 -0.11060753 2.02701259
v -0.30691347 -0.11542848 2.05029130
v -0.13331519 0.06073505 2.16070747
v -0.17794496 0.07430440 2.17655754
v -0.29730371 0.05808747 1.98728716
v -0.29735509 0.02441758 1.99669814
v -0.26508307 0.05450779 1.95787716
v -0.22780156 0.05385774 1.94782877
v -0.22808948 0.02355528 1.95714688
v -0.26552817 0.02207285 1.96915925
v -0.13438413 -0.00952095 1.99806893
v -0.11777465 0.00844580 2.01965690
v -0.11406972 -0.00268364 2.01802564
v -0.12770373 -0.01720232 1.99771523
v -0.16894017 0.02395719 2.24839354
v -0.20701000 0.03263265 2.24351549
v -0.21745732 0.00625890 2.26285243
v -0.17820817 0.00322491 2.26479816
v -0.27764520 -0.24431723 2.19667196
v -0.28508431 -0.22148091 2.20643473
v -0.25970146 -0.24741223 2.20980644
v -0.27595443 -0.27140349 2.19248033
v -0.25657558 -0.27643269 2.20462990
v -0.23748465 -0.42607686 2.13676476
v -0.25739199 -0.41141933 2.12760878
v -0.26283100 -0.43007636 2.11472750
v -0.24272883 -0.44795200 2.12184262
v -0.18015899 -0.54427588 2.05460572
v -0.17871541 -0.55375445 2.03994346
v -0.21824333 0.10044205 2.17519450
v -0.16462408 0.08368504 2.16356325
v -0.18699914 0.11833298 2.15900707
v -0.22929621 0.12250251 2.16283584
v -0.31441024 0.11229652 2.09977388
v -0.32020879 0.08369797 2.10824037
v -0.29332522 0.11858249 2.13037181
v -0.32222706 0.10485029 2.05815768
v -0.31478956 0.09652394 2.01565480
v -0.26298562 0.08574194 1.94933116
v -0.22536029 0.08440536 1.94087338
v -0.13858388 0.07095993 1.99482083
v -0.15897523 0.06279856 1.97143257
v -0.16047192 0.09136599 1.97134674
v -0.14047021 0.09654665 1.99715018
v -0.17788358 -0.06136453 1.98095214
v -0.21970157 -0.07729065 1.99135244
v -0.22088048 -0.06331414 1.98812294
v -0.18641606 -0.04834503 1.98223054
v -0.14351052 -0.15810642 1.97339225
v -0.16662514 -0.15697977 1.97420883
v -0.18813644 -0.15759623 1.97507930
v -0.19052275 -0.16006941 1.97839916
v -0.21581504 -0.16685897 1.98836458
v -0.16669452 -0.18902645 1.95443201
v -0.19419757 -0.19644734 1.96005785
v -0.19311079 -0.18077138 1.96505105
v -0.16539642 -0.17364252 1.95988476
v -0.16800846 -0.20805481 1.94900692
v -0.19480371 -0.21536374 1.95512676
v -0.16591001 -0.24875236 1.94478893
v -0.18812725 -0.25170615 1.93669558
v -0.18977948 -0.24995342 1.95007443
v -0.12765999 -0.38369045 1.88747776
v -0.12854084 -0.36440358 1.88576365
v -0.30782008 -0.07804787 2.04492617
v -0.13461903 0.08060062 2.13260603
v -0.12622622 0.07974041 2.10005236
v -0.13508987 0.10843039 2.10505414
v -0.15306406 0.11213905 2.13707066
v -0.32678628 -0.12091467 2.07657194
v -0.29946306 -0.19761720 2.05870605
v -0.29995826 -0.18662661 2.05910993
v -0.28373164 -0.30098858 2.01131988
v -0.28186288 -0.30828357 1.99407971
v -0.18829390 -0.28368789 1.87870920
v -0.19227448 -0.27199438 1.88480961
v -0.32575834 0.05363011 2.12028956
v -0.25678593 0.14636463 1.93654084
v -0.21933812 0.14653707 1.93179226
v -0.22285175 0.11542279 1.93551850
v -0.26041034 0.11566073 1.94250643
v -0.13773258 0.13182652 2.02983069
v -0.14539203 0.12536305 1.99916768
v -0.14987509 0.15550238 2.00009775
v -0.14592139 0.16129011 2.03260040
v -0.15217564 0.19029790 2.02768588
v -0.15393285 0.18559557 1.99699569
v -0.15633778 0.21522456 1.99695849
v -0.15600686 0.21832186 2.02613831
v -0.29472780 0.09059447 1.97589743
v -0.30546692 0.15501624 1.99392700
v -0.28748882 0.15003508 1.95917737
v -0.29098403 0.12131447 1.96700382
v -0.30993739 0.12622774 2.00442672
v -0.26530954 0.12253147 2.15087152
v -0.13070564 0.10198885 2.02934170
v -0.12645096 0.07794881 2.02662849
v -0.16118315 0.17098242 2.09149837
v -0.18084922 0.17495519 2.11614656
v -0.16865060 0.14558095 2.12752342
v -0.14854616 0.14111888 2.09930754
v -0.29473287 0.17009169 2.10057187
v -0.30993435 0.16530722 2.06872725
v -0.31257799 0.13833851 2.08304191
v -0.29469943 0.14454150 2.11421275
v -0.31371120 0.16007370 2.03264499
v -0.31805941 0.13226110 2.04400659
v -0.29741320 0.21013623 1.97390223
v -0.27673584 0.20689076 1.94411266
v -0.28295401 0.17838973 1.95164585
v -0.30135000 0.18261933 1.98413217
v -0.30788320 0.21322852 2.01035619
v -0.31037036 0.18686336 2.02178907
v -0.30813083 0.19112611 2.05636954
v -0.30652049 0.21614754 2.04340458
v -0.29370949 0.21942550 2.07104826
v -0.29495034 0.19537157 2.08547997
v -0.27322736 0.19958276 2.10811353
v -0.27458605 0.22289014 2.09310508
v -0.24605726 0.20103997 2.11856866
v -0.21579975 0.20236558 2.11705709
v -0.22255659 0.22595447 2.10449648
v -0.25010741 0.22398555 2.10400009
v -0.17709845 0.22535986 2.07825184
v -0.19747360 0.22672087 2.09633374
v -0.18956049 0.20182717 2.10555887
v -0.16982840 0.19907552 2.08358788
v -0.20812368 0.32176310 2.05796742
v -0.22992812 0.31551641 2.05624771
v -0.21989357 0.29623574 2.06767511
v -0.19711241 0.30091375 2.06452179
v -0.25021461 0.31046087 2.05755782
v -0.27074018 0.30736810 2.05454063
v -0.26268512 0.28784394 2.06081986
v -0.24161795 0.29222184 2.06347823
v -0.29329985 0.28482383 2.02946043
v -0.28083786 0.28536659 2.05050087
v -0.28735378 0.30489463 2.04304075
v -0.29688096 0.30533046 2.02138567
v -0.30632958 0.30689484 1.99779928
v -0.30516729 0.28579807 2.00526166
v -0.30004248 0.30937070 1.97338927
v -0.30220243 0.28633040 1.97853017
v -0.28357920 0.28664511 1.95224082
v -0.28083161 0.31170464 1.94964159
v -0.17096749 0.32699889 2.00988293
v -0.17489392 0.32526278 2.03353381
v -0.16691543 0.30056661 2.03156924
v -0.16445695 0.30055326 2.00658655
v -0.18701264 0.29744101 1.95829535
v -0.20306844 0.29153234 1.93194735
v -0.20458591 0.32130539 1.93929887
v -0.18984221 0.32562512 1.96561384
v -0.30526325 0.23849231 1.99912429
v -0.29267994 0.23655224 1.96418464
v -0.29257116 0.24210531 2.05654597
v -0.30534515 0.24046367 2.03001046
v -0.18263164 0.25061053 2.07375026
v -0.20411800 0.25078803 2.08747816
v -0.15941229 0.24545854 1.99834728
v -0.15921013 0.24696714 2.02622867
v -0.24018615 0.23324400 1.92350435
v -0.27064008 0.23433131 1.93617916
v -0.26509029 0.26144415 1.92906106
v -0.23471886 0.26162535 1.91737485
v -0.30380419 0.26236582 1.98845458
v -0.30509803 0.26382059 2.01733804
v -0.29271162 0.26365745 2.04266024
v -0.27759811 0.26551056 2.06282687
v -0.25788686 0.26791650 2.07333541
v -0.23580763 0.27043301 2.07781267
v -0.21206291 0.27368444 2.07957411
v -0.18891950 0.27601403 2.06990981
v -0.16213389 0.27400076 2.02860141
v -0.16150928 0.27339393 2.00164413
v -0.23011383 0.28888810 1.91699171
v -0.26036409 0.28682756 1.92821097
v -0.26164961 0.31287551 1.93111753
v -0.22982982 0.31686753 1.92639756
v -0.23237501 0.34301269 1.93547475
v -0.21073303 0.34694129 1.94690251
v -0.25924072 0.33245963 2.05444860
v -0.27758402 0.32899433 2.04996586
v -0.29366547 0.32693928 2.03832269
v -0.30962476 0.32916981 1.99563658
v -0.29902124 0.33476841 1.96937251
v -0.28007415 0.34010649 1.94758105
v -0.26006961 0.33897597 1.93495083
v -0.19655910 0.37465876 2.03326631
v -0.18728024 0.34976983 2.03092790
v -0.18211137 0.35166043 2.00993252
v -0.19201125 0.37764806 2.01117182
v -0.22625455 0.36689728 2.05788231
v -0.24703027 0.36149168 2.06344247
v -0.23909363 0.33638328 2.05095196
v -0.21999660 0.34221274 2.04981303
v -0.26978838 0.35572714 2.06221318
v -0.28875875 0.35296416 2.05382538
v -0.30498335 0.35066825 2.04069734
v -0.30545110 0.32666153 2.01919365
v -0.31532899 0.35133052 2.02095032
v -0.31497931 0.35570657 1.99498165
v -0.30016834 0.36315221 1.96421885
v -0.27974755 0.40140635 1.94879556
v -0.27306601 0.37035322 1.94786167
v -0.30661663 0.39313382 1.96392405
v -0.26387882 0.50159436 1.97127068
v -0.29207170 0.49645537 1.96492505
v -0.29275727 0.53028971 1.97337985
v -0.26936015 0.53510064 1.97882628
v -0.19820927 0.40618628 2.01571465
v -0.20365325 0.40274757 2.04009771
v -0.23372549 0.39395756 2.06850243
v -0.25618854 0.38790518 2.07423139
v -0.33054844 0.41452092 1.99848175
v -0.32274064 0.38417572 1.99399102
v -0.32557148 0.37900680 2.02294183
v -0.33264652 0.40975064 2.02792335
v -0.21401896 0.50097793 2.03089118
v -0.21863165 0.49886161 2.05380011
v -0.21282612 0.46626049 2.05135846
v -0.20731665 0.46907943 2.02695251
v -0.23750685 0.42633599 2.07519650
v -0.24158643 0.45885962 2.07995987
v -0.26382571 0.45339197 2.08676147
v -0.25911599 0.41969961 2.08169532
v -0.33478767 0.48273355 2.00690293
v -0.33452711 0.44732875 2.00308466
v -0.33729586 0.44318765 2.03164363
v -0.33835831 0.47948581 2.03387356
v -0.31400993 0.42265171 1.96897292
v -0.31791347 0.45424432 1.97486424
v -0.29068404 0.46331519 1.95871532
v -0.28493908 0.43165833 1.95290899
v -0.26028603 0.46853441 1.96435046
v -0.25359467 0.43756598 1.95824838
v -0.23953281 0.56881481 2.05145907
v -0.22814126 0.53361839 2.05293179
v -0.22505058 0.53561419 2.03247070
v -0.23635298 0.57170123 2.03351974
v -0.26930416 0.48773783 2.08747435
v -0.24713519 0.49243802 2.08201146
v -0.25453186 0.52770966 2.07837963
v -0.27446356 0.52411526 2.08320427
v -0.32992288 0.55979341 2.01426435
v -0.33292156 0.52065855 2.01032352
v -0.33621851 0.51855057 2.03506660
v -0.33238479 0.55775136 2.03739333
v -0.29519436 0.56734270 1.98187733
v -0.31739008 0.52408761 1.98473310
v -0.31733069 0.56319302 1.99225152
v -0.29515871 0.60251278 1.98832405
v -0.27672264 0.60536832 1.99193096
v -0.27320704 0.57119018 1.98630118
v -0.24746695 0.60391468 2.03434610
v -0.24868047 0.60191649 2.05055475
v -0.28114617 0.59558457 2.07564855
v -0.27872249 0.56012017 2.07798243
v -0.26093289 0.56363195 2.07323122
v -0.26515377 0.59896332 2.06992674
v -0.31576136 0.55809826 2.06813455
v -0.29816750 0.55831295 2.07631397
v -0.29968378 0.59376210 2.07387090
v -0.31561527 0.59400684 2.06537771
v -0.32689434 0.59335011 2.03825998
v -0.32718036 0.55742222 2.05498886
v -0.32335195 0.59329838 2.05408764
v -0.32588100 0.59491712 2.01699853
v -0.31516171 0.59899062 1.99671090
v -0.11637184 0.04771310 2.10312200
v -0.11768444 0.04826611 2.07419562
v -0.12173374 0.06042367 2.08554268
v -0.12503716 0.05809629 2.11661291
v -0.16288686 0.12056810 1.96906936
v -0.16451369 0.15252823 1.96795678
v -0.16695338 0.21248704 1.96782219
v -0.16590963 0.18259686 1.96643519
v -0.16742463 0.24157447 1.97115743
v -0.16929211 0.27091968 1.97619569
v -0.17071153 0.30027956 1.98300719
v -0.17680271 0.32796764 1.98730171
v -0.18776715 0.35398811 1.98819447
v -0.19666162 0.38064569 1.98841453
v -0.20890850 0.43817371 1.99549520
v -0.20361610 0.43690461 2.02160883
v -0.20365497 0.40866393 1.99063683
v -0.22076517 0.50218147 2.00541162
v -0.21424505 0.46922916 2.00038862
v -0.23145163 0.53747576 2.01017857
v -0.24169740 0.57385415 2.01467061
v -0.25255442 0.60580081 2.01705575
v -0.19206034 0.00469553 1.96702099
v -0.16095279 0.01690656 1.97563195
v -0.16093889 -0.00214589 1.97735083
v -0.19169296 -0.01688904 1.97361755
v -0.11158516 0.01567662 2.03528786
v -0.10856357 0.02039224 2.04960084
v -0.10535127 0.00948209 2.04658794
v -0.10856685 0.00274795 2.03208423
v -0.28866637 0.26130682 1.95616937
v -0.27532157 0.24482822 2.07619643
v -0.25373024 0.24720043 2.08684897
v -0.22855851 0.24919480 2.08999515
v -0.18404815 0.23903179 1.94372213
v -0.20806527 0.23488098 1.92658699
v -0.20422795 0.26328272 1.92681026
v -0.18489967 0.26888388 1.94791746
v -0.24646816 0.41085261 1.95582628
v -0.22734472 0.43880588 1.97441423
v -0.22111966 0.41046685 1.96952403
v -0.24096580 0.38580722 1.95061707
v -0.30027053 0.37931293 2.06113434
v -0.31661513 0.37766767 2.04611802
v -0.30711773 0.40972871 2.06926584
v -0.27853453 0.38301450 2.07086968
v -0.28453836 0.41429681 2.07934141
v -0.18694830 0.18003541 1.94214082
v -0.21594602 0.17688233 1.92958689
v -0.21129714 0.20610982 1.92803061
v -0.18456835 0.20876527 1.94302130
v -0.29489061 -0.30520561 2.13883400
v -0.28163031 -0.31750560 2.15666795
v -0.26907110 -0.29241267 1.93910944
v -0.27466398 -0.29820734 1.96355438
v -0.26122236 -0.28216261 1.96024632
v -0.25819689 -0.27822268 1.93844569
v -0.27604681 -0.30783659 1.93801641
v -0.28315550 -0.31364015 1.96220255
v -0.27976930 -0.32460684 1.93620157
v -0.28780046 -0.33005410 1.95938301
v -0.27524909 -0.39812803 1.95048928
v -0.26809496 -0.40531313 1.95379794
v -0.16834295 -0.22938496 1.94549799
v -0.13991208 -0.22486231 1.94548142
v -0.13956489 -0.24530834 1.94495034
v -0.18435253 -0.15051851 1.96971822
v -0.14747263 -0.06461173 1.97703707
v -0.15844110 -0.08872747 1.97191548
v -0.18870898 -0.09019315 1.97855020
v -0.10852422 -0.02248019 2.00511718
v -0.21440646 -0.41563538 2.15473986
v -0.21725945 -0.39312342 2.16697550
v -0.15537022 -0.55561006 2.03362584
v -0.13223739 -0.55021548 2.04220414
v -0.15125732 -0.57101727 2.00949407
v -0.14796051 -0.57716346 1.99886990
v -0.12424541 -0.57290620 2.00955796
v -0.12704092 -0.56594819 2.01950932
v -0.10475586 -0.59575677 1.96895719
v -0.09590803 -0.59873539 1.95900166
v -0.11179805 0.02904439 2.05442572
v -0.10745764 0.03094083 2.07538056
v -0.10513140 0.02316898 2.06517601
v -0.13827780 0.04809994 1.99237072
v -0.12454200 0.05680925 2.01908851
v -0.12384404 0.04010022 2.01486063
v -0.13882683 0.02987754 1.99214041
v -0.32177162 0.00006258 2.03769302
v -0.33500960 0.00873214 2.08111382
v -0.22523603 0.08245420 2.18401957
v -0.36804762 -0.36609942 2.08412552
v -0.38125494 -0.37549308 2.08174014
v -0.36363441 -0.39252502 2.07316947
v -0.35116836 -0.38207400 2.07464170
v -0.20334449 -0.49194935 2.11070633
v -0.21650440 -0.46757752 2.12349725
v -0.17377251 -0.53339905 1.88819432
v -0.25476789 -0.51578450 1.87399638
v -0.24408475 -0.48926356 1.86556756
v -0.23626760 -0.49573570 1.86807418
v -0.24532521 -0.52271235 1.87740135
v -0.27949592 -0.54274929 1.96910203
v -0.27551067 -0.54591632 1.94734025
v -0.26438189 -0.55265862 1.95523357
v -0.26733318 -0.54885566 1.97785497
v -0.19697419 -0.07458645 2.28734899
v -0.22986031 -0.07229125 2.28312874
v -0.20700327 -0.31785479 2.20406675
v -0.22986236 -0.31295452 2.20238066
v -0.22479941 -0.34228003 2.19111943
v -0.20295981 -0.34685624 2.19383049
v -0.23704205 -0.47844878 2.10607529
v -0.25432682 -0.45959491 2.10551000
v -0.13371371 -0.30568320 1.88733554
v -0.15041606 -0.30934808 1.88055539
v -0.15346159 -0.28913128 1.88439870
v -0.13738336 -0.28505194 1.89375854
v -0.36788842 -0.43217751 2.04112434
v -0.34680399 -0.44190374 2.04105997
v -0.33763626 -0.43049482 2.05051613
v -0.35670921 -0.41955104 2.05782938
v -0.32884356 0.02002394 2.13055205
v -0.30432257 0.04583395 2.16670322
v -0.30228782 -0.32743207 2.10085893
v -0.29216549 -0.34595937 2.12343693
v -0.29055402 -0.32504633 2.13061810
v -0.30045119 -0.30818498 2.10853171
v -0.29691190 -0.36971837 2.06726599
v -0.29676631 -0.35920194 2.07788491
v -0.30275127 -0.38205355 2.05853772
v -0.29109660 -0.44890687 2.01093554
v -0.28793091 -0.44798383 2.01357007
v -0.29590133 -0.45734784 2.01529551
v -0.15977161 0.03843606 1.97267842
v -0.15856725 -0.02916765 1.98454905
v -0.15099351 -0.03781623 1.98499751
v -0.10227508 0.01284266 2.05703068
v -0.13882540 -0.54622209 1.89004326
v -0.13426878 -0.53116918 1.88337302
v -0.29273292 -0.41638836 2.01279664
v -0.30083248 -0.40665820 2.02938724
v -0.28144193 -0.42440408 1.98974824
v -0.28709975 -0.43521720 2.00401258
v -0.29364455 -0.43150631 2.00507879
v -0.28799653 -0.41912270 1.98963678
v -0.29160646 -0.44605169 2.01474047
v -0.29690686 -0.44391105 2.01682806
v -0.22022372 -0.40338436 1.88040364
v -0.21995920 -0.42204508 1.87899017
v -0.23066531 -0.41805425 1.88152111
v -0.23057885 -0.40024582 1.88380718
v -0.20930541 -0.40525305 1.87880754
v -0.19539830 -0.40492314 1.87797272
v -0.19528592 -0.42692530 1.87789357
v -0.20902637 -0.42578888 1.87802052
v -0.15105064 -0.48280671 1.88106728
v -0.17044228 -0.50015438 1.88226914
v -0.13098662 -0.46985260 1.88397586
v -0.11327377 -0.46032560 1.88716877
v -0.11385046 -0.59023827 1.97793150
v -0.11471017 -0.58418381 1.99123549
v -0.13530235 -0.58651423 1.98176038
v -0.13713767 -0.59045655 1.96710062
v -0.12925850 -0.51453435 1.88261485
v -0.11703740 -0.50212640 1.88333535
v -0.10645829 -0.48503909 1.88820505
v -0.36721829 -0.36523604 1.96402550
v -0.37909928 -0.35208130 1.97893286
v -0.14003535 -0.57797122 1.90536261
v -0.14144845 -0.56226873 1.89687133
v -0.38148084 -0.37833476 1.96690333
v -0.39249858 -0.36545610 1.98237991
v -0.22600621 -0.50013542 1.87163544
v -0.22828776 -0.46846426 1.87103176
v -0.21766587 -0.47227916 1.87299657
v -0.12473403 -0.51869982 1.87845445
v -0.11410023 -0.50737822 1.87838185
v -0.33329734 -0.02483201 2.07965636
v -0.31751391 -0.02949870 2.04047823
v -0.29690549 -0.23584571 2.04483557
v -0.30554822 -0.25350061 2.06726050
v -0.13735387 -0.18633127 1.95529389
v -0.13566101 -0.17113394 1.96072900
v -0.08875547 -0.49794576 1.87305498
v -0.16565447 -0.15774742 1.97218370
v -0.13713951 -0.15677822 1.97400558
v -0.13662368 -0.16280538 1.96694350
v -0.16528185 -0.16289091 1.96596980
v -0.12266649 -0.15572870 1.97458160
v -0.12552452 -0.15462893 1.97758389
v -0.10632935 -0.05326062 1.98626101
v -0.12004590 -0.05102021 1.98319685
v -0.29516616 -0.38678825 1.92079616
v -0.30679861 -0.40165034 1.91063607
v -0.31681153 -0.38925907 1.92283893
v -0.30305251 -0.37514493 1.93321824
v -0.19191892 -0.16246647 1.97580469
v -0.21831270 -0.17157421 1.98616183
v -0.28047132 -0.38976845 1.94985318
v -0.27389875 -0.38145295 1.92988968
v -0.13637528 -0.25356150 1.93476021
v -0.17056556 -0.29429090 1.87766600
v -0.16812691 -0.31361151 1.87550855
v -0.18473673 -0.31841040 1.87350786
v -0.18641731 -0.29983094 1.87435424
v -0.10138246 0.01709974 2.06677318
v -0.34603778 -0.48612937 1.98300552
v -0.35424325 -0.47690991 1.98411703
v -0.35488686 -0.47871581 1.97212791
v -0.34680635 -0.48874629 1.97043169
v -0.12135756 0.06192750 2.05150318
v -0.12426271 0.08103454 2.05986118
v -0.12531443 0.05753589 2.13637733
v -0.10659748 0.04576784 2.11601400
v -0.18965171 0.08796245 1.94854200
v -0.19071290 0.05682200 1.95409358
v -0.18752134 0.11786717 1.94647706
v -0.18716952 0.14932412 1.94324231
v -0.19921839 0.35324258 1.96801353
v -0.21374667 0.38107890 1.96384573
v -0.23419204 0.46967536 1.98099482
v -0.24116427 0.50230175 1.98719430
v -0.24833784 0.53730923 1.99338090
v -0.25567028 0.57257956 1.99962354
v -0.26283401 0.60633200 2.00289154
v -0.40273789 -0.37823486 1.99297547
v -0.39261356 -0.39524594 1.97906876
v -0.39778647 -0.40606084 1.99882352
v -0.40981379 -0.38644055 2.00893331
v -0.31594893 -0.37141848 2.04858065
v -0.30808476 -0.36023146 2.03299761
v -0.32132825 -0.34879020 2.04687691
v -0.32958993 -0.36022520 2.06034708
v -0.34407026 -0.34851500 2.07284069
v -0.35545406 -0.35851008 2.08107591
v -0.33929864 -0.37160084 2.06998992
v -0.39375129 -0.38391334 2.07247138
v -0.40356597 -0.38943106 2.05855298
v -0.38712355 -0.40991184 2.05086613
v -0.37517598 -0.40218347 2.06578827
v -0.41234979 -0.39148930 2.02647591
v -0.39926407 -0.41039649 2.01784325
v -0.39547613 -0.41143438 2.03541040
v -0.40984198 -0.39248088 2.04380131
v -0.33087417 -0.32321352 2.02663827
v -0.32988665 -0.32764632 2.04536653
v -0.31656441 -0.34010080 2.02934885
v -0.31772241 -0.33385277 2.01143098
v -0.32242179 -0.42119589 1.90513122
v -0.33261678 -0.40769625 1.91774499
v -0.26546738 -0.40360260 1.93677485
v -0.26335579 -0.39791778 1.92039096
v -0.26614651 -0.39345363 1.92812240
v -0.26316425 -0.40382576 1.94636679
v -0.33855179 -0.36520335 1.95119786
v -0.32679775 -0.37758672 1.93594956
v -0.34298494 -0.39309412 1.93225026
v -0.35446534 -0.37841856 1.94847786
v -0.30407932 -0.34475544 1.99679399
v -0.30342028 -0.35012645 2.01550865
v -0.29047599 -0.36269137 1.99981177
v -0.29047701 -0.35548541 1.98101521
v -0.34589982 -0.40601158 2.06423521
v -0.32849202 -0.41843262 2.05420780
v -0.28322187 -0.37651259 1.93420315
v -0.29005972 -0.36464003 1.94859350
v -0.27692795 -0.37141120 1.93134475
v -0.29763249 -0.40309283 1.99260771
v -0.29358849 -0.41192028 1.99062335
v -0.25536969 -0.28217632 1.91774178
v -0.25274602 -0.29227641 1.90414417
v -0.29681292 -0.34174523 1.98379695
v -0.29743692 -0.35946882 1.97936845
v -0.26314718 -0.29378402 1.91972291
v -0.25880185 -0.29836166 1.90908229
v -0.21461876 -0.24192297 1.96149921
v -0.10981132 -0.47416309 1.88796687
v -0.31188294 -0.36368406 1.94757128
v -0.29848164 -0.35683718 1.96255767
v -0.31676230 -0.45365599 2.03132367
v -0.31017503 -0.44581485 2.03223991
v -0.32222873 -0.43969822 2.04191470
v -0.33047745 -0.44901115 2.03647447
v -0.26370001 -0.49151859 2.07047677
v -0.25226411 -0.48423016 2.08870006
v -0.26484782 -0.46800047 2.08722019
v -0.27353615 -0.47737896 2.06940222
v -0.35629234 -0.47292578 1.95290565
v -0.35679916 -0.46279693 1.94269943
v -0.34598503 -0.47636902 1.93380857
v -0.34718165 -0.48445794 1.94727433
v -0.35456502 -0.44770759 1.93074226
v -0.34709331 -0.42794237 1.92160106
v -0.33615509 -0.44298908 1.90839756
v -0.34300706 -0.46286047 1.92003334
v -0.33349687 -0.04479986 2.14942837
v -0.33538467 -0.04752797 2.11179996
v -0.28207880 -0.17725980 2.03639197
v -0.26062974 -0.16856563 2.01613474
v -0.22144358 -0.09658074 1.99027872
v -0.13541029 -0.00065953 1.99266028
v -0.11909467 0.01627022 2.01586747
v -0.12980978 0.10635263 2.06618261
v -0.32837114 -0.05060685 2.07663846
v -0.13981946 0.13709217 2.06505251
v -0.14987946 0.16658515 2.06110191
v -0.20888183 0.17726046 2.13045120
v -0.24095726 0.17726809 2.13224936
v -0.23564212 0.15048248 2.14724517
v -0.20039053 0.14883167 2.14564490
v -0.27079475 0.17476672 2.12204719
v -0.26798120 0.14883792 2.13646340
v -0.24599591 0.20476860 1.92864871
v -0.28794986 0.44780785 2.08469105
v -0.31460395 0.48134404 2.07534885
v -0.31133893 0.44332403 2.07419133
v -0.29265514 0.48406345 2.08510256
v -0.32813117 0.44201034 2.05603242
v -0.32347646 0.40815943 2.05269027
v -0.31826454 0.48848456 1.97909057
v -0.29634184 0.52115268 2.08117461
v -0.31598648 0.51937670 2.07166028
v -0.32977217 0.51812547 2.05561352
v -0.33087745 0.47908932 2.05670476
v -0.11922598 0.04814768 2.04670525
v -0.29467124 -0.00601870 2.00224113
v -0.28959578 -0.03378695 2.00759244
v -0.22347751 -0.04742855 1.98335814
v -0.19017494 -0.03418618 1.97879434
v -0.24231687 -0.19184893 1.99642777
v -0.26424932 -0.20483699 2.01018977
v -0.25892523 -0.23484704 1.99925256
v -0.27721742 -0.25043494 2.01295900
v -0.27995068 -0.23430252 2.02023005
v -0.26203126 -0.21884418 2.00540686
v -0.30021009 -0.28803784 2.05272222
v -0.30463150 -0.30813953 2.07682252
v -0.30416182 -0.28998774 2.08475614
v -0.30096319 -0.27071854 2.06092739
v -0.30885777 -0.27188355 2.09193373
v -0.30576256 -0.28879333 2.11596870
v -0.24143901 -0.36131251 2.17206240
v -0.26019612 -0.35195065 2.16230464
v -0.25836551 -0.37592158 2.15274715
v -0.23822859 -0.38574758 2.16107607
v -0.13633822 -0.04571271 1.98275518
v -0.11492808 0.02610201 2.03741264
v -0.19159831 0.02911890 1.96014202
v -0.22727121 -0.00441974 1.96686423
v -0.26280066 -0.00851709 1.97892392
v -0.28667548 -0.40866202 1.99907970
v -0.29040575 -0.48278520 2.03789115
v -0.28805363 -0.49120945 2.03548694
v -0.36668572 -0.43245816 1.94475067
v -0.35877845 -0.41252604 1.93603349
v -0.28054905 -0.36726213 1.96471655
v -0.29828736 -0.41416126 1.89968324
v -0.28677073 -0.39814448 1.90954423
v -0.27956834 -0.40932065 1.89881051
v -0.25169930 -0.08696502 2.00455308
v -0.28219432 -0.07655996 2.01829863
v -0.25392839 -0.07177502 2.00093770
v -0.10176744 0.03697151 2.10168409
v -0.15999459 -0.01949638 1.97984803
v -0.15678746 0.19544071 2.05632758
v -0.16248497 0.22288352 2.05312634
v -0.16721672 0.24848098 2.05253363
v -0.17155305 0.27484083 2.05205154
v -0.17827131 0.30132097 2.05158925
v -0.18885525 0.32507366 2.04995918
v -0.20009348 0.34622103 2.04524326
v -0.20881315 0.37121862 2.04866934
v -0.20880172 0.43417817 2.04658031
v -0.22038209 0.43070227 2.06358075
v -0.21546873 0.39954060 2.05684972
v -0.22503942 0.46260852 2.06849432
v -0.22991532 0.49637431 2.07001328
v -0.23923153 0.53078455 2.06825542
v -0.25505334 0.60002941 2.06190777
v -0.24847010 0.56579429 2.06452608
v -0.09985122 0.02038789 2.07495689
v -0.10027894 0.02911890 2.08760047
v -0.20356701 -0.47645479 1.87665212
v -0.28086606 -0.40854815 1.97085392
v -0.27426174 -0.41479337 1.97309029
v -0.27351394 -0.37690377 1.94995070
v -0.38575986 -0.42823637 2.01196814
v -0.38665482 -0.42468792 1.99031472
v -0.28015518 -0.37577385 1.98338783
v -0.26306400 -0.41366735 1.96340680
v -0.26615402 -0.41204304 1.95520997
v -0.38611010 -0.21311682 2.00126266
v -0.40129343 -0.21154004 2.00088787
v -0.39202860 -0.19340280 1.99938476
v -0.37790397 -0.19513100 2.00119519
v -0.37248644 -0.21347344 2.00811291
v -0.36588517 -0.19623387 2.00869799
v -0.37044191 -0.19717222 2.07686830
v -0.36189976 -0.20303738 2.06438398
v -0.35997650 -0.18519875 2.06114912
v -0.36926723 -0.17924011 2.07197785
v -0.35165262 -0.17843485 2.02017117
v -0.34917399 -0.17665365 2.03304362
v -0.35345915 -0.19359267 2.03391004
v -0.35732657 -0.19511706 2.01994610
v -0.40233508 -0.18990654 2.08165050
v -0.41698644 -0.19022423 2.07474732
v -0.41946164 -0.20783889 2.08291793
v -0.40326944 -0.20738870 2.08900142
v -0.37467620 -0.26881349 2.07961249
v -0.38217667 -0.26447868 2.09375620
v -0.38024625 -0.27633256 2.09080648
v -0.37481758 -0.27972880 2.07590318
v -0.40228263 -0.24934173 2.00176311
v -0.41898701 -0.24881053 2.00570846
v -0.41052768 -0.23045170 2.00299621
v -0.39411649 -0.23165715 2.00135565
v -0.36559170 -0.24655837 2.03394914
v -0.36257449 -0.24356610 2.05134702
v -0.36739078 -0.26161590 2.05074406
v -0.37224445 -0.26404196 2.03300452
v -0.41182581 -0.26813385 2.00428486
v -0.42692831 -0.26804784 2.00999284
v -0.35737935 -0.21091485 2.03400683
v -0.35749820 -0.20789927 2.04973125
v -0.35966459 -0.22567058 2.05080462
v -0.36109230 -0.22833925 2.03398657
v -0.39583167 -0.15627682 2.06644344
v -0.40741780 -0.15645039 2.05888391
v -0.41279557 -0.17308345 2.06681824
v -0.39965138 -0.17275003 2.07381082
v -0.35211059 -0.17306390 2.04554343
v -0.35824057 -0.16807595 2.05699086
v -0.35507163 -0.19028509 2.04796576
v -0.40829781 -0.16918933 2.00909662
v -0.39612767 -0.17294338 2.00172877
v -0.40616682 -0.19115132 2.00455070
v -0.41856751 -0.18725163 2.01360989
v -0.37263188 -0.23405376 2.08210444
v -0.36517888 -0.23910281 2.06789589
v -0.36358407 -0.22108325 2.06657505
v -0.37170014 -0.21553478 2.08008862
v -0.38641569 -0.25001115 2.00610375
v -0.37879089 -0.23181224 2.00699496
v -0.42800418 -0.20502371 2.01836586
v -0.41640988 -0.20910347 2.00760555
v -0.42527577 -0.22747597 2.01120710
v -0.43662134 -0.22397205 2.02398038
v -0.44736651 -0.23794532 2.04779816
v -0.44266120 -0.23350924 2.06506014
v -0.43840262 -0.21514383 2.05660033
v -0.44116381 -0.21953946 2.03978348
v -0.37344375 -0.25263864 2.08213377
v -0.38417140 -0.24781087 2.09457064
v -0.40314129 -0.22580972 2.09571528
v -0.42033592 -0.22623700 2.09100294
v -0.41911188 -0.24505386 2.09834051
v -0.40082833 -0.24460641 2.10081840
v -0.39336124 -0.29342687 2.01432323
v -0.40842381 -0.29680285 2.00863695
v -0.40437213 -0.28429139 2.00655270
v -0.38854453 -0.28186733 2.01471615
v -0.41979191 -0.28582227 2.00761580
v -0.42533937 -0.30132633 2.01139188
v -0.43625030 -0.33074665 2.02478933
v -0.44301149 -0.33199739 2.03908300
v -0.44649795 -0.31901568 2.03755593
v -0.43799183 -0.31641448 2.02364755
v -0.45638928 -0.27535874 2.06771612
v -0.44760826 -0.27249503 2.08577991
v -0.44579574 -0.25203335 2.07496595
v -0.45330432 -0.25576609 2.05700803
v -0.42849979 -0.28561819 2.10673881
v -0.41038194 -0.27941108 2.10856819
v -0.41603681 -0.26375449 2.10435462
v -0.43357459 -0.26815438 2.09855342
v -0.38510016 -0.33469111 2.10082960
v -0.37145200 -0.32529405 2.09666610
v -0.38178620 -0.31465411 2.10158801
v -0.39667144 -0.32173812 2.10592151
v -0.35413274 -0.30910879 2.06994581
v -0.35515463 -0.30562449 2.05276179
v -0.36179069 -0.30151546 2.05898476
v -0.36182112 -0.30342925 2.07639027
v -0.39689818 -0.32651365 2.00039029
v -0.41088471 -0.33995473 2.00359869
v -0.41249600 -0.33203351 2.00523901
v -0.39704779 -0.32132062 2.00386786
v -0.45763144 -0.29393828 2.07653785
v -0.44636104 -0.29335561 2.09730959
v -0.36878327 -0.29637474 2.08103704
v -0.36647734 -0.29665309 2.06418777
v -0.37130624 -0.28777188 2.06955266
v -0.37509641 -0.28695244 2.08581781
v -0.37502745 -0.30273283 2.03056121
v -0.38272265 -0.30632818 2.01616287
v -0.38155845 -0.30051348 2.02213192
v -0.37419221 -0.29612219 2.03766561
v -0.39553246 -0.31523818 2.00612545
v -0.41183099 -0.32165274 2.00509524
v -0.40974131 -0.31116334 2.00787830
v -0.39393041 -0.30539668 2.01055288
v -0.45248857 -0.32170063 2.06902242
v -0.45133290 -0.31887710 2.08507824
v -0.45648566 -0.30801308 2.08097458
v -0.45668897 -0.31025851 2.06399369
v -0.41914549 -0.29882175 2.10981274
v -0.40213433 -0.29206738 2.10893798
v -0.37643883 -0.28839812 2.04351234
v -0.37296566 -0.28312367 2.06043053
v -0.37138095 -0.29206926 2.05362225
v -0.42488483 -0.31629550 2.01345587
v -0.39894393 -0.34162259 2.10099196
v -0.41236725 -0.34854874 2.09666777
v -0.39891174 -0.36185789 2.09090424
v -0.38582543 -0.35329759 2.09447503
v -0.37242225 -0.34372622 2.09344816
v -0.35966995 -0.33361703 2.08714056
v -0.34404790 -0.31556994 2.05955887
v -0.34465662 -0.31153202 2.04213095
v -0.35156044 -0.31214330 2.02324057
v -0.36252171 -0.31620979 2.00698090
v -0.37277767 -0.30874848 2.01776409
v -0.36198953 -0.30587202 2.03493452
v -0.40273860 -0.35056525 1.99499059
v -0.38918272 -0.33799392 1.99165988
v -0.41327628 -0.36182076 2.00525522
v -0.42118797 -0.34876782 2.01298761
v -0.37753657 -0.29894578 2.09592390
v -0.36898822 -0.30806935 2.09148717
v -0.43393061 -0.20095909 2.03252625
v -0.43281975 -0.19666040 2.04813004
v -0.42549363 -0.17897588 2.04089117
v -0.42505637 -0.18304566 2.02621436
v -0.41439900 -0.15866336 2.04735780
v -0.42127749 -0.17549169 2.05494571
v -0.36247367 -0.21285048 2.01942205
v -0.36768016 -0.23065573 2.01891041
v -0.35910079 -0.17871308 2.00858068
v -0.38160345 -0.29193479 2.02783632
v -0.37795886 -0.28018555 2.03105259
v -0.44557485 -0.33317590 2.05539036
v -0.43909821 -0.34498537 2.04031587
v -0.44079378 -0.34504682 2.05617118
v -0.45660105 -0.27984881 2.04773045
v -0.44649515 -0.28365445 2.02943325
v -0.44981948 -0.30301720 2.03917146
v -0.45799878 -0.29682034 2.05699325
v -0.44386438 -0.32809260 2.08761358
v -0.44693032 -0.33183724 2.07177782
v -0.43956390 -0.34371012 2.07175612
v -0.43437150 -0.34036452 2.08735299
v -0.38376895 -0.31114429 2.01260042
v -0.38346276 -0.31466371 2.00669622
v -0.43333963 -0.35832947 2.03862596
v -0.42904863 -0.35428250 2.02480817
v -0.42143211 -0.36857671 2.01987243
v -0.42482904 -0.37340680 2.03505230
v -0.43338260 -0.34283501 2.02581191
v -0.43363670 -0.35936284 2.05412126
v -0.42399183 -0.37567404 2.05059814
v -0.37570581 -0.32520056 1.99639702
v -0.42311171 -0.35513809 2.08477235
v -0.43020603 -0.35815108 2.06970906
v -0.41878685 -0.37394956 2.06569934
v -0.41018596 -0.36980748 2.08019495
v -0.42704716 -0.19302949 2.06287479
v -0.43111226 -0.21078950 2.07101846
v -0.39217106 -0.27589709 2.10345054
v -0.39709029 -0.26231652 2.10354757
v -0.38560554 -0.28772774 2.10013437
v -0.38550743 -0.19209561 2.08289504
v -0.38411978 -0.17476168 2.07642865
v -0.38572773 -0.22889873 2.09249902
v -0.38595125 -0.21023607 2.08857584
v -0.44456437 -0.24271530 2.03050542
v -0.42305818 -0.31557220 2.10596180
v -0.40833047 -0.30958521 2.10847974
v -0.43429938 -0.30572486 2.10467482
v -0.34857836 -0.32558393 2.07479382
v -0.36012509 -0.31584346 2.08531499
v -0.45095983 -0.30600014 2.09356093
v -0.33436373 -0.33679441 2.06114626
v -0.43755224 -0.30332029 2.02159119
v -0.42580935 -0.32754707 2.01256847
v -0.42443791 -0.33883798 2.01408410
v -0.38288662 -0.17579091 1.99808812
v -0.37334546 -0.24863788 2.01818323
v -0.37278679 -0.27675447 2.04837227
v -0.37171149 -0.27331886 2.06457877
v -0.43524101 -0.32189411 2.09930444
v -0.42450616 -0.33441603 2.09948254
v -0.41135398 -0.32793611 2.10488081
v -0.37549910 -0.30506560 2.02558303
v -0.36681554 -0.30249664 2.04238892
v -0.38180014 -0.15833223 2.06954718
v -0.36930323 -0.29879171 2.04746032
v -0.43365589 -0.28536585 2.01572394
v -0.12925403 -0.55760098 2.03047395
v -0.29200703 -0.32492322 1.98877358
v -0.24484113 -0.27418286 1.97361553
v -0.26233152 -0.28817588 1.98271370
v -0.29166842 -0.38982126 1.97148120
v -0.28710446 -0.40054572 1.96967399
v -0.27140868 -0.42029727 1.97368932
v -0.26879570 -0.42220807 1.97947192
v -0.28956035 -0.34755835 1.95649886
v -0.12471962 -0.15226281 1.97994077
v -0.22160827 -0.22730783 2.23786521
v -0.19306582 -0.23203868 2.24293685
v -0.19757114 -0.20514166 2.25571012
v -0.22725296 -0.19933498 2.24913430
v -0.20114572 -0.17664874 2.26771641
v -0.33994669 -0.12757453 2.17474675
v -0.33765015 -0.15232512 2.17440081
v -0.32501799 -0.14993802 2.20413065
v -0.32709309 -0.12298912 2.20570850
v -0.33725673 -0.17200661 2.14406919
v -0.33155963 -0.17475006 2.17408037
v -0.34199938 -0.15187794 2.14110160
v -0.33773986 -0.14855734 2.10769558
v -0.33490765 -0.16830084 2.11094308
v -0.32593989 -0.14209476 2.07707191
v -0.32374257 -0.16188326 2.07970691
v -0.30750933 -0.13427225 2.05075216
v -0.28351906 -0.12807944 2.02855420
v -0.25350106 -0.10438645 2.00850892
v -0.22669113 -0.11603579 1.99196911
v -0.25595137 -0.12210137 2.00861073
v -0.16595419 -0.10761583 1.97099817
v -0.19575012 -0.11047983 1.97896266
v -0.11447325 -0.10837713 1.96890998
v -0.13867946 -0.10711595 1.96783161
v -0.19700019 -0.45066831 1.87771249
v -0.20926464 -0.57364559 1.92599595
v -0.21477452 -0.55936003 1.90477920
v -0.18827370 -0.57971489 1.93033016
v -0.25091282 -0.55560708 1.98943043
v -0.24981895 -0.56099224 1.96508551
v -0.22850835 -0.56837845 1.98363626
v -0.22843382 -0.56300658 2.00034738
v -0.17810634 -0.58429992 1.94918704
v -0.16721666 -0.58623588 1.94938397
v -0.19805291 -0.58154249 1.94660938
v -0.16071245 -0.58516681 1.98054838
v -0.18201189 -0.58493435 1.96510530
v -0.26504070 -0.53484881 1.89541018
v -0.27104875 -0.54337215 1.92319703
v -0.27937624 -0.53485119 1.91694963
v -0.27428043 -0.52516520 1.89130700
v -0.28192714 -0.53650033 1.98847592
v -0.28141508 -0.52970433 2.00494051
v -0.29305661 -0.52543336 1.99703050
v -0.29231298 -0.53218424 1.98061633
v -0.30304959 -0.48779944 1.88605058
v -0.30754483 -0.50414205 1.90405691
v -0.31990489 -0.49125314 1.90541947
v -0.31464294 -0.47345507 1.89024746
v -0.28810224 -0.53762370 1.95954382
v -0.22313106 -0.49749771 2.09886479
v -0.25440016 -0.50497663 2.06716657
v -0.24034344 -0.50099206 2.08392715
v -0.28695711 -0.49847379 2.03143978
v -0.27774087 -0.50333273 2.03977776
v -0.28135192 -0.49399218 2.04405117
v -0.30281171 -0.48880666 2.01752353
v -0.29623711 -0.49269888 2.02501893
v -0.27066821 -0.39583346 1.91130745
v -0.26479986 -0.40398857 1.90163469
v -0.26950982 -0.42036197 1.88857305
v -0.30407575 -0.47406948 2.01571465
v -0.30573007 -0.47096401 2.01447964
v -0.30949986 -0.47396648 2.01188850
v -0.30621675 -0.47714618 2.01415014
v -0.25452277 -0.54323828 1.89936376
v -0.31086040 -0.51215011 1.92540646
v -0.31542453 -0.51487595 1.94319987
v -0.32695672 -0.50489867 1.94227314
v -0.32322910 -0.50120509 1.92498970
v -0.31853983 -0.51503086 1.96020281
v -0.31893495 -0.51169598 1.97487640
v -0.32878727 -0.50478411 1.97147846
v -0.32912934 -0.50629508 1.95770788
v -0.31428823 -0.47835812 2.00788641
v -0.30794951 -0.48202735 2.01100802
v -0.31342480 -0.43480888 1.89388084
v -0.27243638 -0.49388832 1.86974275
v -0.26034224 -0.46835881 1.86590445
v -0.25181589 -0.47985607 1.86424291
v -0.26359284 -0.50618321 1.87133861
v -0.28450656 -0.42730984 1.99841642
v -0.27867129 -0.41977119 1.98520923
v -0.29077625 -0.43543658 2.01044083
v -0.29956391 -0.46527645 2.01674986
v -0.29623792 -0.44275686 2.01889539
v -0.26891503 -0.38667092 1.93745553
v -0.27662849 -0.38702631 1.92208135
v -0.25102720 -0.44319353 1.87538540
v -0.24323548 -0.45373017 1.87226689
v -0.32568356 -0.45770448 1.89784670
v -0.33180550 -0.47663239 1.91096497
v -0.31647193 -0.46751383 2.01857281
v -0.32625011 -0.46495777 2.02281070
v -0.32046178 -0.47154373 2.01500726
v -0.29824844 -0.47117698 2.02497959
v -0.30088028 -0.47054598 2.01581931
v -0.28168890 -0.51502991 1.88669300
v -0.33507067 -0.48930889 1.92854214
v -0.33720073 -0.49540991 1.94474316
v -0.30917534 -0.52248216 1.96587098
v -0.30554739 -0.52422112 1.94834518
v -0.29721460 -0.53133518 1.95479417
v -0.30073926 -0.52778125 1.97284281
v -0.33929226 -0.49685103 1.97088587
v -0.33695421 -0.49353483 1.98313153
v -0.30980349 -0.51865089 1.97865546
v -0.30164948 -0.52299637 1.98634517
v -0.32521203 -0.47564030 2.01166439
v -0.23620340 -0.46251467 1.87070739
v -0.23203558 -0.43924570 1.87785661
v -0.22291499 -0.44396108 1.87631190
v -0.24806303 -0.42127731 1.88431871
v -0.23962323 -0.43113735 1.88030875
v -0.25697854 -0.41097111 1.89200282
v -0.21159579 -0.44787547 1.87625217
v -0.44394895 -0.31351885 2.09725380
v -0.33715937 -0.46047238 2.02589869
v -0.32219636 -0.46018189 2.02740765
v -0.33483344 -0.45600182 2.03026819
v -0.38024554 -0.43196085 2.02613521
v -0.44937071 -0.32167536 2.05340862
v -0.45218101 -0.31153265 2.05226374
v -0.45121601 -0.26150423 2.03857446
v -0.43352881 -0.24656034 2.01634145
v -0.43994394 -0.26569742 2.02215219
v -0.39433154 -0.26804462 2.00553370
v -0.38021365 -0.26677954 2.01662207
v -0.36839107 -0.25661534 2.06718183
v -0.43475071 -0.24821255 2.08920002
v -0.35297647 -0.14465404 1.99883366
v -0.36438128 -0.14131692 1.99415636
v -0.35486051 -0.12497410 1.99129295
v -0.34479508 -0.12865621 1.99758542
v -0.33236003 -0.11512762 2.00656962
v -0.33798948 -0.13050833 2.00749993
v -0.33699110 -0.11348981 1.99608505
v -0.33108193 -0.11428556 2.01676035
v -0.33552587 -0.12943026 2.01801109
v -0.33451742 -0.11147672 2.02622294
v -0.34157702 -0.10816231 2.03381824
v -0.34427699 -0.12331825 2.03633618
v -0.33775470 -0.12678471 2.02804327
v -0.35270396 -0.11870363 2.04281950
v -0.36195391 -0.11359596 2.04795837
v -0.36406916 -0.12987489 2.05452824
v -0.35481927 -0.13514447 2.04739666
v -0.37691453 -0.09142214 2.03596520
v -0.38237563 -0.09061015 2.02813411
v -0.38941786 -0.10679656 2.03547740
v -0.38269797 -0.10707590 2.04438806
v -0.39958760 -0.12678921 2.01991558
v -0.39958122 -0.12489241 2.03223276
v -0.39202264 -0.10766926 2.02435613
v -0.39135918 -0.10956904 2.01272917
v -0.38370189 -0.09279782 2.00629568
v -0.37776580 -0.09581989 1.99687362
v -0.38650241 -0.11193940 2.00276184
v -0.36982080 -0.17736769 2.00049901
v -0.36146185 -0.16096461 1.99986732
v -0.35162959 -0.16241378 2.00826120
v -0.34523863 -0.15994900 2.03160524
v -0.34604096 -0.16213447 2.01966929
v -0.34056249 -0.14564022 2.01903653
v -0.34137514 -0.14336169 2.03003693
v -0.36820117 -0.16262752 2.06628752
v -0.35682169 -0.15161934 2.05218577
v -0.36622718 -0.14622983 2.06037283
v -0.34669158 -0.13966936 2.03935051
v -0.34989336 -0.15643328 2.04251289
v -0.37600574 -0.12575704 2.05619264
v -0.37274101 -0.10955369 2.04867578
v -0.37621853 -0.13789782 1.99505734
v -0.38710645 -0.13410103 2.00040579
v -0.37745258 -0.11560363 1.99521160
v -0.36655673 -0.12010762 1.99056482
v -0.37868419 -0.14217314 2.06272483
v -0.39728937 -0.15144262 2.00478697
v -0.38602737 -0.15543011 1.99865234
v -0.39547691 -0.13053736 2.00880933
v -0.40515390 -0.14775574 2.01461959
v -0.35717461 -0.10430437 1.98723412
v -0.34573013 -0.10957864 1.98907888
v -0.37351927 -0.15907747 1.99645412
v -0.38738450 -0.12353969 2.05223346
v -0.39579609 -0.12346005 2.04353237
v -0.40166029 -0.13995081 2.05107808
v -0.39171067 -0.14004228 2.05925250
v -0.41708937 -0.16142455 2.03382230
v -0.40705547 -0.14194208 2.03984022
v -0.40822193 -0.14415213 2.02703071
v -0.38469276 -0.09131551 2.01791525
v -0.41546634 -0.16480541 2.02042770
v -0.29993132 -0.04943979 2.02280712
v -0.29432833 -0.04360747 2.01918459
v -0.30244660 -0.04418629 2.02000237
v -0.30758527 -0.05302316 2.02171040
v -0.29521722 -0.07075971 2.04193139
v -0.28393230 -0.06050199 2.04265738
v -0.29085669 -0.05214787 2.04191732
v -0.30194244 -0.06062686 2.04033542
v -0.29267240 -0.04673415 2.02384138
v -0.28834742 -0.04268259 2.01751280
v -0.28272915 -0.03781325 2.01194835
v -0.28683311 -0.04403919 2.01627159
v -0.28203690 -0.03934723 2.00504279
v -0.28696775 -0.04373848 1.99541819
v -0.28264853 -0.03135502 1.99233484
v -0.27828079 -0.03270161 2.00030565
v -0.31114367 -0.03534633 1.98978424
v -0.32146773 -0.03117436 1.99286962
v -0.31349620 -0.01710135 1.99257660
v -0.30302700 -0.02196270 1.98994994
v -0.33167344 -0.01436764 2.00368071
v -0.32198429 -0.01496005 1.99797833
v -0.32959175 -0.02928859 1.99722326
v -0.33788595 -0.02808183 2.00194955
v -0.31581560 -0.05273813 2.02221155
v -0.31069887 -0.04327089 2.02136517
v -0.31591609 -0.04101324 2.02354336
v -0.32150251 -0.05007082 2.02469182
v -0.28544143 -0.04623550 2.00979710
v -0.28204414 -0.04175866 2.02274108
v -0.27960271 -0.04345238 2.01949477
v -0.28424561 -0.05194163 2.00741768
v -0.34092662 -0.07683986 2.03527164
v -0.33663946 -0.06701177 2.03664589
v -0.34150073 -0.06215918 2.03953624
v -0.34747997 -0.07256013 2.03823757
v -0.32385108 -0.08808416 2.03134918
v -0.32032108 -0.09704614 2.02060294
v -0.31124705 -0.09312075 2.02327037
v -0.31483868 -0.08493924 2.03606629
v -0.30063036 -0.08709973 2.02886891
v -0.28937539 -0.07805765 2.03402758
v -0.30520144 -0.07842726 2.04023862
v -0.27843341 -0.06506085 2.03608465
v -0.35462382 -0.05908942 2.04017639
v -0.35790601 -0.06761760 2.03690290
v -0.26704392 0.00177336 2.02493143
v -0.26164064 0.00131720 2.02232146
v -0.26097211 0.00411236 2.02505445
v -0.26651588 0.00480610 2.02717566
v -0.36958185 -0.06189197 2.01415563
v -0.36867285 -0.06230879 2.02385592
v -0.36596984 -0.05564016 2.02318597
v -0.36580142 -0.05568379 2.01299977
v -0.36310136 -0.04682952 2.02291107
v -0.36163503 -0.04774058 2.01160908
v -0.25741971 0.00806695 2.01535940
v -0.25949731 0.01230323 2.01288581
v -0.25686505 0.01526499 2.01827002
v -0.25577673 0.01072937 2.02020478
v -0.29611632 -0.03608209 2.01913667
v -0.28777587 -0.03692013 2.01723385
v -0.28115940 -0.03117895 2.01468158
v -0.27584559 -0.02596927 2.01228786
v -0.27905685 -0.02264231 2.01553273
v -0.28854322 -0.02764314 2.01797748
v -0.30649427 -0.03208309 2.02129984
v -0.30014929 -0.02311081 2.02136707
v -0.30839476 -0.02258396 2.02327514
v -0.31412944 -0.03122801 2.02381682
v -0.32534936 -0.01774573 2.03299689
v -0.32842106 -0.02503663 2.03451991
v -0.32420483 -0.02768576 2.03075981
v -0.31961420 -0.01938963 2.02913880
v -0.30674243 0.00081366 2.02380610
v -0.31058916 -0.00505960 2.02563047
v -0.30563805 -0.00642550 2.02314043
v -0.30181304 -0.00074673 2.02150321
v -0.37366506 -0.06823939 2.01402187
v -0.37240335 -0.06876534 2.02382183
v -0.34887275 -0.00448543 2.02847075
v -0.34496409 -0.00213474 2.01824617
v -0.34756652 -0.01317722 2.01688075
v -0.35198009 -0.01562583 2.02551413
v -0.36161813 -0.05706203 2.00319457
v -0.36598358 -0.06352055 2.00386047
v -0.26374251 0.01631993 2.01222420
v -0.26123577 0.01908034 2.01772356
v -0.28970185 -0.08181202 2.01908064
v -0.27677494 -0.06706232 2.02572894
v -0.30314329 -0.08980983 2.01284623
v -0.31983396 -0.09757441 2.00661850
v -0.31278875 -0.09383076 2.00896144
v -0.28959060 -0.02153569 2.01872373
v -0.30499861 -0.03694642 2.02042437
v -0.31993330 -0.03972411 2.02582598
v -0.33640313 -0.03700411 2.03998661
v -0.33527198 -0.03033090 2.03940892
v -0.34211054 -0.02836406 2.04197645
v -0.34582463 -0.03468335 2.04267192
v -0.34313008 -0.01231652 2.03975534
v -0.34813151 -0.00837702 2.03621030
v -0.35079154 -0.01733011 2.03523660
v -0.34541151 -0.01910406 2.04017115
v -0.27481267 -0.04562861 2.01810884
v -0.28030431 -0.05784124 2.00862074
v -0.36432919 -0.06416839 2.03200650
v -0.36255094 -0.05649239 2.03332853
v -0.36763185 -0.07155377 2.03033018
v -0.32748374 -0.07278496 2.03465986
v -0.32557595 -0.06088334 2.02843547
v -0.32953027 -0.05871314 2.03056073
v -0.33308241 -0.07028425 2.03492594
v -0.31149501 -0.05920321 2.02932882
v -0.31122628 -0.06794709 2.03918266
v -0.30377612 -0.05298167 2.03114223
v -0.33428720 -0.08176333 2.03293395
v -0.33697674 -0.08968055 2.03069901
v -0.34491697 -0.08471960 2.03335786
v -0.35306996 -0.07944572 2.03506374
v -0.36170962 -0.07476401 2.03413534
v -0.33901247 -0.09714228 2.03179240
v -0.34728691 -0.09222537 2.03500175
v -0.35657147 -0.08685237 2.03595972
v -0.36486569 -0.08247077 2.03454709
v -0.37075505 -0.07071060 2.00318933
v -0.37638542 -0.08031577 2.00361133
v -0.37845048 -0.07801074 2.01491570
v -0.32894006 -0.09438831 2.02641726
v -0.33162746 -0.10044682 2.02507782
v -0.32660198 -0.10345411 2.01603103
v -0.32683834 -0.10324472 2.00445747
v -0.28131557 -0.04124343 2.03748536
v -0.28703427 -0.04467100 2.03571606
v -0.28247300 -0.04894853 2.04121232
v -0.27559185 -0.04489380 2.04124284
v -0.27333853 -0.02657521 2.00661993
v -0.27834493 -0.03271288 2.00799322
v -0.27328175 -0.02452546 1.99961209
v -0.34080395 -0.05198616 2.04088974
v -0.35214671 -0.04966664 2.04180980
v -0.28215599 -0.01879013 2.01660371
v -0.26387027 -0.00988156 2.00490928
v -0.26606324 -0.00499183 2.00033474
v -0.26184556 0.00650465 2.00761366
v -0.25938118 0.00221640 2.01090670
v -0.27725086 -0.00964367 2.01817632
v -0.28084734 -0.00412750 2.01559949
v -0.28274912 -0.00998652 2.01413989
v -0.27905321 -0.01506585 2.01596832
v -0.31374097 0.00062644 2.02833486
v -0.31701681 -0.00459176 2.02953410
v -0.28498602 -0.01636600 1.98815215
v -0.29254419 -0.02815711 1.98754501
v -0.29393953 -0.00979090 1.99397194
v -0.31495640 -0.01170969 2.02749562
v -0.31462607 -0.02102965 2.02610326
v -0.30999103 -0.01323122 2.02504611
v -0.29127845 -0.01229149 2.01805758
v -0.29580185 -0.01702249 2.02041745
v -0.29003540 -0.01769072 2.01867867
v -0.28567982 -0.01507419 2.01642203
v -0.35604975 -0.02659196 2.02373672
v -0.35403138 -0.02792704 2.03648543
v -0.25817305 0.00396001 2.01882195
v -0.25722259 0.00663197 2.02265072
v -0.37645552 -0.07800108 2.02498388
v -0.37134984 -0.07936674 2.03129721
v -0.31952533 -0.02991855 2.02689815
v -0.29946855 -0.04073477 1.98863649
v -0.32398316 -0.03847367 2.02880859
v -0.32304433 0.00692719 2.02624559
v -0.32203689 0.00982767 2.01999426
v -0.32753596 0.00436366 2.01591682
v -0.32934567 0.00341886 2.02475882
v -0.27166963 0.00506240 2.02479267
v -0.27428445 0.01000160 2.02242661
v -0.27659163 0.00518602 2.01920033
v -0.27337545 0.00038755 2.02227521
v -0.26813579 -0.01465023 2.01528311
v -0.27281120 -0.01306427 2.01814342
v -0.27545062 -0.01902419 2.01520109
v -0.27157924 -0.02117175 2.01243806
v -0.26885554 -0.02058178 2.00714207
v -0.26511255 -0.01319546 2.01002192
v -0.27824086 0.00218868 2.00232553
v -0.28155845 0.00119525 2.00942469
v -0.27699929 0.01041061 2.01446676
v -0.27256736 0.01248819 2.00958323
v -0.34435135 -0.04027802 1.99970078
v -0.35147193 -0.03836775 2.00528479
v -0.34551206 -0.02612883 2.00794959
v -0.34002164 -0.01308060 2.01046276
v -0.33511767 -0.00141644 2.01323485
v -0.32621780 -0.00167102 2.00430632
v -0.35152367 -0.02565259 2.01413274
v -0.29068768 -0.00188547 2.00109291
v -0.28831902 -0.00419682 2.00591326
v -0.28407845 -0.00530356 1.99888420
v -0.32940117 -0.03621656 2.03353167
v -0.25996450 -0.00185198 2.01517940
v -0.32787600 -0.08304149 1.98896074
v -0.33960262 -0.07618147 1.98707366
v -0.33459434 -0.06773013 1.98754871
v -0.32112023 -0.07782811 1.98993468
v -0.26852965 -0.00295383 2.02261949
v -0.26331085 -0.00416529 2.02000022
v -0.32198682 0.00509000 2.03128839
v -0.32572487 0.00061995 2.03357172
v -0.32251588 -0.00291580 2.03290009
v -0.31832644 0.00237298 2.03111744
v -0.35662991 -0.03738248 2.01169872
v -0.34235522 0.00483066 2.02295899
v -0.34428248 0.00301641 2.03507638
v -0.35437465 -0.05964184 1.99580228
v -0.35688663 -0.04884249 2.00358510
v -0.35004646 -0.05108386 1.99733174
v -0.31310144 -0.00160801 2.00089145
v -0.33691731 -0.04165769 1.99559271
v -0.34307531 -0.05304796 1.99361920
v -0.34696856 -0.06306887 1.99126220
v -0.35060903 -0.07061011 1.99017334
v -0.35850525 -0.06672281 1.99505031
v -0.26973757 0.01753432 2.01492715
v -0.26649442 0.01044351 2.00632334
v -0.36334607 -0.07456821 1.99442220
v -0.36998647 -0.08375430 1.99521077
v -0.35496059 -0.07880861 1.98948991
v -0.36060056 -0.08746243 1.99001622
v -0.33464056 -0.05543798 1.99028933
v -0.32496455 -0.05977887 1.98819876
v -0.32892773 -0.04382628 1.99205351
v -0.31893551 -0.04716790 1.98940134
v -0.30542246 -0.00436878 1.99267638
v -0.27243400 0.01402134 2.02615762
v -0.27026147 0.01946455 2.03227186
v -0.26787210 0.02318412 2.03059077
v -0.27083564 0.01857108 2.02383089
v -0.27378106 0.01465786 2.01912308
v -0.26737890 0.01973200 2.01920152
v -0.30570236 -0.05351716 1.98914754
v -0.28783295 -0.00770485 2.01503444
v -0.30856064 -0.06969410 1.99145627
v -0.29155689 -0.05547732 1.99401677
v -0.29091737 -0.06633782 1.99795794
v -0.30909243 -0.08708912 1.99882460
v -0.29570487 -0.08128661 2.00389814
v -0.32460114 -0.09412104 1.99556446
v -0.31826392 -0.09020454 1.99660873
v -0.33081993 -0.10102534 1.99519813
v -0.28174195 -0.07063085 2.01123786
v -0.26089454 0.00717312 2.03084946
v -0.26653475 0.00870275 2.03251219
v -0.33838299 -0.09686941 1.98846495
v -0.33288971 -0.08855933 1.98877013
v -0.29486293 -0.04790807 2.03332996
v -0.32822827 -0.04707992 2.03030729
v -0.33203748 -0.04526263 2.03468752
v -0.33816984 -0.04363495 2.04045677
v -0.34911776 -0.04109210 2.04286218
v -0.34970602 -0.09197694 1.98678768
v -0.34994575 -0.10360491 2.03841019
v -0.35928866 -0.09844810 2.04077220
v -0.36823037 -0.09966576 1.99085712
v -0.25639737 0.00962216 2.02923036
v -0.30285910 0.00413269 2.01859784
v -0.30498466 0.00497746 2.01822162
v -0.27607977 -0.05386573 2.04100418
v -0.27021024 -0.04814053 2.03958678
v -0.27138960 -0.05677629 2.03537345
v -0.27033016 -0.05688781 2.02706528
v -0.26671234 -0.04787201 2.02771282
v -0.26712891 -0.04860455 2.03487706
v -0.33208171 -0.05626822 2.03335261
v -0.33522749 -0.05366856 2.03665304
v -0.35790196 -0.03776735 2.03512883
v -0.36000741 -0.03698486 2.02269888
v -0.26845065 -0.01783037 2.00064945
v -0.27598938 -0.02065307 1.99289429
v -0.27082905 -0.01343709 1.99594963
v -0.27196527 -0.00095683 1.99846447
v -0.28435063 -0.00482053 2.00796628
v -0.28624010 -0.00538790 2.01004338
v -0.31989560 -0.07222831 2.03634620
v -0.31901959 -0.06198120 2.02777600
v -0.28832629 -0.04416376 2.02654696
v -0.28440201 -0.04060751 2.02955151
v -0.30329332 -0.01562113 2.02249503
v -0.30305481 0.00565022 2.00539613
v -0.29796627 0.00236541 1.99877810
v -0.29880866 -0.00936240 2.02049780
v -0.25459409 0.01876956 2.02701116
v -0.25424263 0.01367933 2.02814388
v -0.27754039 -0.00917661 1.99324989
v -0.32121819 -0.01075345 2.03133821
v -0.31012508 0.00559932 2.00863242
v -0.30351916 0.00670260 2.01224375
v -0.34485114 -0.00376087 2.03865647
v -0.34394988 -0.08273226 1.98711336
v -0.27041310 0.01304382 2.03308010
v -0.27115622 0.00851101 2.02770376
v -0.26405299 0.02433127 2.02832246
v -0.25881523 0.02252519 2.02645636
v -0.36067295 -0.04724973 2.03407550
v -0.32512403 -0.04843390 2.02733731
v -0.36891204 -0.09426111 2.03996539
v -0.26972479 -0.04716879 2.02105045
v -0.27391580 -0.05792367 2.01803160
v -0.29531500 -0.00482327 2.01853156
v -0.33516523 0.00454336 2.02173018
v -0.31615940 0.01218033 2.01307702
v -0.30852643 0.01063401 2.01146197
v -0.32104564 0.00569063 2.00855851
v -0.30477783 0.00866115 2.01507163
v -0.26214251 0.02693743 2.03521490
v -0.25735402 0.02510637 2.03353715
v -0.25319591 0.02080911 2.03393698
v -0.25361845 0.01560652 2.03419638
v -0.25626731 0.01157933 2.03471041
v -0.26606631 0.02576929 2.03702235
v -0.26839462 0.02208626 2.03818178
v -0.26930270 0.01571649 2.03769350
v -0.26458582 0.02662021 2.04273820
v -0.26001057 0.02823633 2.04226828
v -0.25241733 0.02441061 2.04413366
v -0.25194782 0.02420902 2.04790163
v -0.25086755 0.02104729 2.04700351
v -0.25142246 0.02224380 2.04125357
v -0.25136733 0.02124751 2.05191469
v -0.25184163 0.02470177 2.05228591
v -0.25470999 0.02666557 2.04324579
v -0.25457415 0.02745253 2.04751277
v -0.25823852 0.02887452 2.05216384
v -0.25445807 0.02799892 2.05238962
v -0.25846079 0.02822524 2.04798651
v -0.25782311 0.02790427 2.04439139
v -0.25495410 0.02645665 2.03976750
v -0.25438198 0.02794731 2.05640697
v -0.25582436 0.02552468 2.05810785
v -0.25263119 0.02261233 2.05600691
v -0.25209796 0.02525026 2.05541873
v -0.25236091 0.01671058 2.03983212
v -0.25224379 0.01760179 2.04640985
v -0.25318545 0.01833451 2.05187416
v -0.25467443 0.02003592 2.05586243
v -0.25596467 0.01658511 2.05198002
v -0.25520688 0.01495451 2.04683352
v -0.25734916 0.01854539 2.05511880
v -0.25908643 0.01635432 2.05226970
v -0.25919333 0.01400030 2.04768372
v -0.25995663 0.01145810 2.04025483
v -0.25550547 0.01301938 2.03930855
v -0.25922343 0.01802206 2.05442333
v -0.25783920 0.02313131 2.05790854
v -0.26158151 0.02832943 2.04763103
v -0.26125252 0.02821475 2.05240321
v -0.26418152 0.02684075 2.04803467
v -0.26342198 0.02668905 2.05269670
v -0.25772798 0.02911580 2.05534291
v -0.25976595 0.02785492 2.05622792
v -0.26090369 0.00940728 2.03536987
v -0.26629505 0.01152867 2.03677106
v -0.26499149 0.01342940 2.04153156
v -0.26385930 0.01569480 2.04788804
v -0.26762655 0.01774955 2.04256105
v -0.26696822 0.02314937 2.04342031
v -0.26586348 0.02395296 2.04861188
v -0.26630330 0.01985538 2.04859352
v -0.26456124 0.02101010 2.05275154
v -0.26458731 0.02401280 2.05279136
v -0.26236522 0.01800513 2.05270815
v -0.26268274 0.02326137 2.05554628
v -0.26147369 0.02575684 2.05616426
v -0.26300704 0.02137882 2.05472970
v -0.26108995 0.01964623 2.05481529
v -0.25973663 0.02119416 2.05630755
v -0.28093141 0.01428443 2.02938676
v -0.27687082 0.01343054 2.02623200
v -0.27373672 0.01565206 2.03135061
v -0.27820697 0.01639336 2.03459001
v -0.27253351 0.01997942 2.02011418
v -0.27385500 0.02577209 2.01790357
v -0.26943597 0.02747875 2.02512622
v -0.26895073 0.02144927 2.02686644
v -0.27931786 0.03056294 2.01882648
v -0.27466324 0.03203875 2.02601695
v -0.28373969 0.00339955 2.00918269
v -0.28588998 0.00729209 2.00483155
v -0.27846989 0.02029109 2.01141524
v -0.27662566 0.01499218 2.01455259
v -0.29596376 0.00409263 2.02263689
v -0.29872522 0.00875580 2.02177334
v -0.27413353 0.01554906 2.02314353
v -0.27073267 0.01734692 2.02899313
v -0.28470388 0.01713067 2.03087831
v -0.28701997 0.02186298 2.03092647
v -0.29133222 0.01814383 2.02604342
v -0.28863910 0.01351446 2.02693868
v -0.28561532 -0.00151461 2.01732016
v -0.29080546 0.00073177 2.02073050
v -0.28371498 0.00032037 2.01304626
v -0.29693398 0.01480883 2.00956368
v -0.29922917 0.01361305 2.01636171
v -0.29190034 0.02329957 2.02287149
v -0.28934327 0.02629733 2.01757979
v -0.27777627 0.01128054 2.01803064
v -0.28431839 0.01013660 2.02545953
v -0.28007287 0.00918382 2.02197433
v -0.28456268 0.03060901 2.02467394
v -0.28419635 0.02459097 2.01200986
v -0.28356412 0.02405506 2.03752875
v -0.27957869 0.02588338 2.04558039
v -0.27781221 0.03012633 2.04423952
v -0.28236136 0.02873224 2.03627443
v -0.28652683 0.02673298 2.02902102
v -0.27961043 0.03223336 2.03209066
v -0.27043191 0.01710922 2.04045844
v -0.27525514 0.01811463 2.04314208
v -0.26683542 0.01877874 2.03849006
v -0.29140905 0.01211733 2.00381017
v -0.26493037 0.02855402 2.03608060
v -0.26508823 0.02273244 2.03708935
v -0.27884308 0.02096659 2.04508018
v -0.28190061 0.01925701 2.03667545
v -0.27457508 0.03313214 2.04145360
v -0.26937512 0.03268933 2.03715920
v -0.27130672 0.03290176 2.04883718
v -0.26632872 0.03296959 2.04573321
v -0.26240408 0.02936947 2.04436636
v -0.26289693 0.02373159 2.04389596
v -0.26521444 0.02001441 2.04405665
v -0.27445507 0.03038198 2.05063295
v -0.27639523 0.02678531 2.05084372
v -0.27642891 0.02224386 2.04961419
v -0.27347502 0.02880865 2.05782604
v -0.26990351 0.03145826 2.05756903
v -0.26097900 0.02708393 2.06033921
v -0.25968638 0.02582484 2.06530046
v -0.25928044 0.02289617 2.06365395
v -0.25975522 0.02478534 2.05809116
v -0.26202714 0.02872276 2.05693007
v -0.26116711 0.02799946 2.05303073
v -0.26464257 0.03042066 2.05792689
v -0.26382050 0.02982825 2.06201744
v -0.26643243 0.02871031 2.06835818
v -0.26239258 0.02866811 2.06767964
v -0.26739037 0.02939194 2.06342816
v -0.26746902 0.03039712 2.05963874
v -0.25991040 0.02255160 2.06908417
v -0.25924265 0.02507919 2.06921196
v -0.26502100 0.03194326 2.05389786
v -0.26182795 0.02337384 2.04978418
v -0.26065904 0.02153599 2.05644441
v -0.26060188 0.02005959 2.06275749
v -0.26185417 0.02002484 2.06832695
v -0.26293594 0.01783472 2.06255770
v -0.26308808 0.01849741 2.05613327
v -0.26402518 0.01858145 2.06724954
v -0.26609835 0.01694715 2.06316805
v -0.26698723 0.01673198 2.05689549
v -0.26826677 0.01847023 2.04905295
v -0.26433581 0.01999360 2.04860187
v -0.26585215 0.01797247 2.06632614
v -0.26237080 0.02434480 2.07325172
v -0.26432258 0.02176619 2.07189488
v -0.26101524 0.02738500 2.07262945
v -0.26967612 0.02843076 2.06344104
v -0.26847094 0.02708143 2.06844616
v -0.27210343 0.02714229 2.06379008
v -0.27040076 0.02569014 2.06877422
v -0.26506093 0.02794498 2.07215023
v -0.26640123 0.02619886 2.07255006
v -0.26889098 0.01876742 2.04515100
v -0.27342370 0.01942176 2.04749537
v -0.27293265 0.01906425 2.05061555
v -0.27154872 0.01761442 2.05876398
v -0.27573055 0.02164495 2.05364561
v -0.27547467 0.02550244 2.05663848
v -0.27368933 0.02439326 2.06283379
v -0.27398393 0.02074367 2.06099415
v -0.27183196 0.02050030 2.06595707
v -0.27154949 0.02344853 2.06773996
v -0.26966980 0.01778126 2.06446886
v -0.26909757 0.02196097 2.07061291
v -0.26787519 0.02405065 2.07231688
v -0.26980501 0.02026099 2.06859422
v -0.26782972 0.01875031 2.06782246
v -0.26610348 0.01995140 2.07009816
v -0.30028445 0.01546520 2.03866768
v -0.29625565 0.01625001 2.03483343
v -0.29341307 0.01652634 2.03842711
v -0.29780263 0.01548380 2.04229093
v -0.29300770 0.02321959 2.02971220
v -0.29443485 0.02702659 2.02838421
v -0.29076418 0.02690107 2.03521752
v -0.28964987 0.02343422 2.03541923
v -0.29884025 0.03049427 2.03072214
v -0.29409096 0.02986854 2.03780770
v -0.30232996 0.01173902 2.01906276
v -0.30469385 0.01553464 2.01595783
v -0.29772159 0.02328712 2.02268934
v -0.29565868 0.01937407 2.02504730
v -0.29391676 0.01919538 2.03199363
v -0.29067257 0.01976097 2.03661013
v -0.30377814 0.01737285 2.04138780
v -0.30545840 0.02078456 2.04225850
v -0.30981883 0.01707500 2.03810692
v -0.30746725 0.01386029 2.03766632
v -0.31040987 0.00470656 2.03020215
v -0.30588862 0.00500369 2.02657390
v -0.30317214 0.00777680 2.02271795
v -0.31634384 0.01725763 2.02394748
v -0.31808677 0.01327252 2.02955627
v -0.31036630 0.02185965 2.03588581
v -0.30841202 0.02609104 2.03033280
v -0.29625291 0.01528531 2.02838111
v -0.30315951 0.01148552 2.03585887
v -0.29880175 0.01215601 2.03183031
v -0.30344543 0.02970248 2.03647208
v -0.30332729 0.02595156 2.02437687
v -0.30278185 0.02078611 2.04657578
v -0.29649505 0.02127385 2.05404329
v -0.29496664 0.02543271 2.05361342
v -0.30160508 0.02565998 2.04579616
v -0.30562311 0.02533907 2.04084563
v -0.29862627 0.02949792 2.04216814
v -0.28885034 0.01557457 2.04581714
v -0.29306987 0.01508194 2.04906368
v -0.28599694 0.01886702 2.04447079
v -0.31067339 0.01817334 2.01766729
v -0.31758389 0.00917023 2.03328991
v -0.28476730 0.02618939 2.04459834
v -0.28443906 0.02248931 2.04400992
v -0.29617211 0.01737964 2.05222106
v -0.30132809 0.01728243 2.04519200
v -0.29185200 0.02877110 2.05088878
v -0.28782663 0.02903932 2.04669809
v -0.28735375 0.02789551 2.05732083
v -0.28308037 0.02828848 2.05355477
v -0.28004056 0.02596653 2.05127645
v -0.28062487 0.02207977 2.04996538
v -0.28266060 0.01864558 2.04951692
v -0.29067674 0.02409506 2.05908847
v -0.29231983 0.02057916 2.05851936
v -0.29251161 0.01739562 2.05573010
v -0.28867322 0.02250379 2.06360769
v -0.28456348 0.02477676 2.06270695
v -0.27523148 0.02167553 2.06335974
v -0.27285349 0.02013266 2.06705642
v -0.27232090 0.01843667 2.06570554
v -0.27435064 0.02061212 2.06163549
v -0.27680135 0.02393109 2.06086516
v -0.27698973 0.02422583 2.05782962
v -0.27916747 0.02503031 2.06212568
v -0.27721941 0.02385718 2.06572032
v -0.27926055 0.02156848 2.07031226
v -0.27507538 0.02211362 2.06936169
v -0.28129667 0.02303171 2.06696343
v -0.28184918 0.02507085 2.06418300
v -0.27133873 0.01748800 2.06951237
v -0.27165875 0.01932293 2.06981635
v -0.28051731 0.02600688 2.05906177
v -0.27755928 0.02089375 2.05498123
v -0.27509847 0.01820135 2.05974460
v -0.27311581 0.01595306 2.06431818
v -0.27290192 0.01490450 2.06840277
v -0.27558678 0.01376778 2.06347108
v -0.27750337 0.01553541 2.05885243
v -0.27533114 0.01311648 2.06721854
v -0.27836290 0.01243234 2.06364131
v -0.28062028 0.01348358 2.05901647
v -0.28362986 0.01568401 2.05373240
v -0.28018078 0.01798350 2.05382371
v -0.27741089 0.01248300 2.06641269
v -0.27365565 0.01805913 2.07315874
v -0.27570865 0.01529682 2.07200074
v -0.27332211 0.02055132 2.07238579
v -0.28381190 0.02235371 2.06752372
v -0.28137386 0.02037305 2.07104540
v -0.28614447 0.02013916 2.06742167
v -0.28316239 0.01843470 2.07088304
v -0.27713963 0.02067119 2.07271814
v -0.27834529 0.01929492 2.07308745
v -0.28600559 0.01610905 2.05022502
v -0.28995547 0.01566523 2.05250764
v -0.28749645 0.01506358 2.05558753
v -0.28441921 0.01278275 2.06093645
v -0.29031107 0.01630586 2.05865073
v -0.29002568 0.01911587 2.06214523
v -0.28734240 0.01726562 2.06618428
v -0.28708148 0.01440316 2.06382728
v -0.28423521 0.01380724 2.06727338
v -0.28440607 0.01619071 2.06924057
v -0.28154564 0.01212811 2.06525660
v -0.28093365 0.01498586 2.07110071
v -0.27973923 0.01706082 2.07272005
v -0.28162381 0.01355469 2.06933713
v -0.27935594 0.01260847 2.06814742
v -0.27760905 0.01355320 2.07017088
v -0.31455544 0.00667435 2.03218555
v -0.32083157 0.01011568 2.04414916
v -0.31848729 0.01032907 2.04036212
v -0.31576064 0.01102710 2.04312539
v -0.31853119 0.01056904 2.04643130
v -0.31690839 0.01657122 2.03460717
v -0.31813830 0.02060652 2.03508782
v -0.31362596 0.02068722 2.04039097
v -0.31256464 0.01707846 2.03932095
v -0.32111356 0.02276069 2.03912950
v -0.31684032 0.02146149 2.04371572
v -0.32753178 0.00703388 2.02753949
v -0.33107296 0.01003164 2.02607155
v -0.32313779 0.01772702 2.03094244
v -0.32100222 0.01364952 2.03095961
v -0.33202323 0.00255412 2.04558921
v -0.33494309 0.00552422 2.04582310
v -0.34026483 0.00032282 2.04299307
v -0.33864835 -0.00415337 2.04222822
v -0.31718996 0.01278657 2.03662491
v -0.31358567 0.01356959 2.04067397
v -0.32306102 0.01086897 2.04755187
v -0.32486024 0.01291901 2.04992676
v -0.32767937 0.01209718 2.04846835
v -0.32529774 0.00921434 2.04653883
v -0.32783708 0.00096303 2.03925920
v -0.32886869 0.00173247 2.04297352
v -0.33442304 -0.00553042 2.04108930
v -0.32982489 -0.00358856 2.03768778
v -0.32698610 0.00393879 2.03448296
v -0.33854589 0.01174420 2.03820658
v -0.33677182 0.00866896 2.04361796
v -0.32927647 0.01581478 2.04679585
v -0.32852736 0.01971859 2.04199028
v -0.32021239 0.01079476 2.03455138
v -0.32326770 0.00784284 2.04260206
v -0.32070675 0.00852919 2.03892088
v -0.32389191 0.01994413 2.04478836
v -0.32687616 0.02066970 2.03454232
v -0.32228982 0.01314193 2.05289793
v -0.31739977 0.01311284 2.05736256
v -0.31660375 0.01598233 2.05765605
v -0.32195911 0.01706201 2.05282927
v -0.32457772 0.01683694 2.04962516
v -0.31965950 0.02060890 2.04971790
v -0.31038311 0.01067966 2.04788923
v -0.31378952 0.00973815 2.05093026
v -0.30813941 0.01324719 2.04616356
v -0.33637348 0.01233768 2.02904224
v -0.30742490 0.01990449 2.04692531
v -0.30675784 0.01654059 2.04570818
v -0.31611964 0.01069790 2.05456948
v -0.32092929 0.01148337 2.04989457
v -0.31428200 0.01878601 2.05532146
v -0.31059685 0.02093905 2.05046248
v -0.30961236 0.01749277 2.05970001
v -0.30570638 0.02061707 2.05517125
v -0.30325368 0.01928788 2.05127001
v -0.30331421 0.01634651 2.04918885
v -0.30481726 0.01337224 2.04902101
v -0.31226912 0.01447231 2.06132889
v -0.31316665 0.01179844 2.05988884
v -0.31236577 0.01047689 2.05686474
v -0.30863255 0.01244324 2.06363630
v -0.30528900 0.01568520 2.06270003
v -0.29622599 0.01558608 2.05793214
v -0.29328725 0.01422191 2.05943370
v -0.29301068 0.01276535 2.05800438
v -0.29581425 0.01465362 2.05584168
v -0.29882014 0.01717329 2.05694199
v -0.29963264 0.01737738 2.05443168
v -0.30096903 0.01718533 2.05923009
v -0.29766926 0.01628405 2.06093764
v -0.29712126 0.01387411 2.06611657
v -0.29459250 0.01580334 2.06281710
v -0.30042291 0.01509064 2.06447959
v -0.30229840 0.01612133 2.06240201
v -0.29075980 0.01187319 2.06067920
v -0.29127753 0.01368475 2.06112361
v -0.30288109 0.01803148 2.05778098
v -0.30016774 0.01517683 2.05158019
v -0.29619965 0.01284671 2.05428576
v -0.29297334 0.01070875 2.05720663
v -0.29155731 0.00950015 2.06065726
v -0.29467121 0.00885481 2.05711818
v -0.29803273 0.01081795 2.05387044
v -0.29344377 0.00798583 2.06041932
v -0.29698274 0.00757271 2.05786824
v -0.30060980 0.00886077 2.05476928
v -0.30466080 0.01020229 2.05185080
v -0.30206311 0.01263571 2.05087137
v -0.29513612 0.00722510 2.06010985
v -0.29156208 0.01177895 2.06474710
v -0.29264584 0.00929391 2.06417537
v -0.29192674 0.01449651 2.06454945
v -0.30240849 0.01336491 2.06563044
v -0.29848811 0.01225501 2.06737304
v -0.30444679 0.01114351 2.06559324
v -0.29954037 0.01031291 2.06705856
v -0.29450160 0.01353544 2.06675959
v -0.29464632 0.01172912 2.06729102
v -0.30732676 0.01061612 2.05013919
v -0.31026503 0.00959986 2.05330181
v -0.30750528 0.00891334 2.05466676
v -0.30324325 0.00744694 2.05738163
v -0.30933833 0.00908977 2.05866814
v -0.30984265 0.00987625 2.06191230
v -0.30515060 0.00921196 2.06439590
v -0.30492023 0.00752568 2.06133127
v -0.30014727 0.00685269 2.06302881
v -0.30009553 0.00824368 2.06550527
v -0.29896632 0.00663894 2.06002021
v -0.29632866 0.00788218 2.06483078
v -0.29541785 0.00938857 2.06639957
v -0.29715356 0.00698817 2.06340289
v -0.29598776 0.00697082 2.06187057
v -0.29422069 0.00777310 2.06310129
v -0.34105769 0.00365627 2.04127955
v -0.27471280 -0.03231150 2.02286935
v -0.26972815 -0.03375167 2.02157712
v -0.27634826 -0.03474683 2.03987360
v -0.27900624 -0.03266805 2.03295302
v -0.27020803 -0.03760111 2.04295397
v -0.26153517 -0.03899199 2.03673053
v -0.26489094 -0.03895026 2.04087901
v -0.27817374 -0.03180063 2.02692246
v -0.26495424 -0.03545183 2.02357554
v -0.26112795 -0.03807610 2.02986360
v -0.25880003 -0.02775234 2.02696562
v -0.25571018 -0.02969933 2.03369093
v -0.25788653 -0.03131700 2.04159760
v -0.26271990 -0.03142536 2.04393172
v -0.26842785 -0.03158146 2.04465556
v -0.26494563 -0.02665383 2.02281260
v -0.27026579 -0.02602720 2.02312255
v -0.27447838 -0.02670640 2.02757859
v -0.25978288 -0.01955146 2.02515984
v -0.25475165 -0.01671296 2.03122282
v -0.25428259 -0.01542461 2.04574180
v -0.25348958 -0.01155084 2.04621649
v -0.25754496 -0.01169693 2.04808736
v -0.25818431 -0.01639819 2.04812813
v -0.25454810 -0.01773840 2.04406190
v -0.25766769 -0.02110618 2.04574561
v -0.25095329 -0.01381731 2.04029679
v -0.25246704 -0.01654989 2.03916144
v -0.25231290 -0.01485914 2.03489089
v -0.25140256 -0.01210272 2.03444171
v -0.24978945 -0.01015967 2.04150772
v -0.25105333 -0.00656837 2.04232478
v -0.25297752 -0.00810498 2.04588366
v -0.25630474 -0.00738579 2.04621696
v -0.25353131 -0.01948005 2.03801656
v -0.26360506 -0.02461678 2.04729819
v -0.26309049 -0.01758868 2.04876351
v -0.26202437 -0.01134604 2.04773426
v -0.26044804 -0.00728095 2.04449797
v -0.26644370 -0.01124346 2.04475784
v -0.26840469 -0.01773477 2.04644966
v -0.26399851 -0.00753635 2.04204059
v -0.26830423 -0.01102537 2.04032636
v -0.27133101 -0.01719004 2.04101157
v -0.27372149 -0.02535957 2.04155111
v -0.26924524 -0.02604562 2.04591107
v -0.26588136 -0.00834090 2.03968692
v -0.25434241 -0.00432259 2.04176378
v -0.25860432 -0.00467712 2.03980112
v -0.25456578 -0.01180536 2.03081775
v -0.25362292 -0.00800294 2.03232455
v -0.25033149 -0.00893956 2.03549838
v -0.25892815 -0.01258379 2.02765179
v -0.25784656 -0.00778598 2.03030348
v -0.25037095 -0.00640786 2.03774476
v -0.25331390 -0.00522584 2.03585100
v -0.27408427 -0.03029215 2.04118729
v -0.27605325 -0.02817255 2.03448296
v -0.27436978 -0.02354163 2.03413224
v -0.27130678 -0.01637399 2.03458476
v -0.27144694 -0.02105141 2.02768731
v -0.26581225 -0.02065378 2.02339745
v -0.26392058 -0.01311392 2.02661657
v -0.26840016 -0.01468784 2.02886581
v -0.26587969 -0.00945282 2.03176641
v -0.26233864 -0.00837725 2.03002644
v -0.26807839 -0.01034433 2.03569531
v -0.26169401 -0.00603861 2.03396654
v -0.25771329 -0.00501859 2.03438330
v -0.26428118 -0.00736326 2.03413057
v -0.26516306 -0.00753576 2.03690434
v -0.26241297 -0.00587052 2.03819180
v -0.34080616 -0.00795209 2.04045558
v -0.33500609 -0.00956696 2.03926587
v -0.33719876 -0.01435190 2.03885722
v -0.33940932 -0.02089429 2.04068112
v -0.34725475 -0.02536279 2.04116678
v -0.33351693 -0.02289629 2.03801870
v -0.33125278 -0.01583236 2.03631759
v -0.32757691 -0.00888336 2.03579068
v -0.33083764 -0.03062898 2.03602362
v -0.10516206 -0.41922104 1.89148641
v -0.10820891 -0.39747414 1.89208603
v -0.31021997 -0.34478697 1.97810304
v -0.32234511 -0.35155123 1.96272969
v -0.36995682 -0.39665666 1.95109880
v -0.38080403 -0.41897839 1.96462929
v -0.19273353 -0.16884974 1.97020531
v -0.27697301 -0.33922735 2.14918709
v -0.27698109 -0.36243945 2.14146328
v -0.19893605 -0.37302572 2.18377256
v -0.22066101 -0.36820251 2.17978382
v -0.29330981 -0.25106755 2.03908753
v -0.29136527 -0.26818961 2.03097248
v -0.24126166 -0.20460874 1.99208939
v -0.23939711 -0.22033000 1.98623180
v -0.28335780 -0.21904078 2.02607703
v -0.25180495 -0.30624646 2.19740868
v -0.27120611 -0.29993182 2.18595314
v -0.26416814 -0.32656607 2.17428970
v -0.24527326 -0.33405560 2.18563533
v -0.17813431 -0.37521291 2.18388033
v -0.18019009 -0.34812844 2.19437122
v -0.29990372 -0.30488795 2.04349208
v -0.30440038 -0.32514536 2.06758595
v -0.28993595 -0.36408713 2.11205173
v -0.27469990 -0.38132355 2.12854576
v -0.25597608 -0.39515805 2.13999534
v -0.23571616 -0.40632120 2.14863396
v -0.21758020 -0.22475705 1.96617317
v -0.19318664 -0.23390737 1.95199466
v -0.28972098 -0.28492990 2.02120543
v -0.13911194 -0.20317623 1.95020390
v -0.21428797 -0.43885356 2.14298248
v -0.19063018 -0.44332695 2.14888287
v -0.30064297 -0.34504014 2.09085321
v -0.12889595 -0.34612837 1.88473105
v -0.14721066 -0.35044068 1.88057292
v -0.14867102 -0.33007210 1.87966788
v -0.13064016 -0.32592046 1.88523352
v -0.16637124 -0.33394885 1.87602162
v -0.18359578 -0.33843204 1.87461519
v -0.19949991 -0.34286955 1.87547219
v -0.23768945 -0.35160071 1.88740981
v -0.22652104 -0.34932038 1.88205004
v -0.25763404 -0.35617131 1.90279794
v -0.24767837 -0.35402885 1.89405274
v -0.26905218 -0.35740453 1.91561103
v -0.27942932 -0.35914230 1.93303478
v -0.28499359 -0.37922686 1.95128596
v -0.28814766 -0.36382002 1.95384789
v -0.28084111 -0.34279728 1.93500590
v -0.27092254 -0.34211904 1.91706276
v -0.25982606 -0.34072691 1.90376258
v -0.12691784 -0.26402372 1.91837311
v -0.12025970 -0.28130680 1.90441179
v -0.10141194 -0.43906510 1.89140618
v -0.43368557 -0.22921187 2.07964635
v -0.34452218 -0.14624453 2.00777364
v -0.12024760 -0.57895064 2.00063658
v -0.14210920 -0.58295417 1.99106598
v -0.21046296 -0.57821798 1.95370102
v -0.22567248 -0.56849194 1.92873478
v -0.19199726 -0.58177853 1.97249603
v -0.16925575 -0.58045292 1.98863494
v -0.26812747 -0.28165007 1.99520719
v -0.15317419 -0.56349468 2.02450228
v -0.17423235 -0.57559252 1.99897599
v -0.20042375 -0.57660198 1.98293042
v -0.22433844 -0.57262617 1.96203887
v -0.24434115 -0.56239039 1.93572211
v -0.25985461 -0.55190587 1.92793965
v -0.28446436 -0.53923762 1.94115508
v -0.30053896 -0.52209908 1.92905581
v -0.29639605 -0.51550353 1.90784466
v -0.28707314 -0.52516437 1.91183805
v -0.29195699 -0.53116047 1.93447757
v -0.36848381 -0.44937810 1.95526922
v -0.37875590 -0.44059849 1.98851371
v -0.37639198 -0.44134942 1.97038317
v -0.37588254 -0.44283369 2.00630975
v -0.37035754 -0.44305712 2.01948977
v -0.36087751 -0.44407895 2.02925253
v -0.34766439 -0.45135924 2.03069615
v -0.31070283 -0.46269420 2.02322221
v -0.30039480 -0.46723861 2.01717806
v -0.29579008 -0.47316754 2.03108549
v -0.29374209 -0.47361585 2.03752279
v -0.28286749 -0.46377122 2.06543183
v -0.27759010 -0.45281357 2.08027172
v -0.27147231 -0.44237030 2.09856749
v -0.30176178 -0.17340705 2.22232604
v -0.29398248 -0.19903013 2.21400237
v -0.27353030 -0.19715738 2.23015213
v -0.28190801 -0.17125082 2.23862481
v -0.21553183 -0.25470614 2.22578263
v -0.18929869 -0.25949854 2.22786784
v -0.32936856 -0.19224036 2.14522409
v -0.32862511 -0.18706843 2.11429763
v -0.30986384 -0.19987953 2.19462013
v -0.32187718 -0.19567966 2.17262387
v -0.31877807 -0.18024534 2.08380175
v -0.23353940 -0.14881060 1.99569356
v -0.20692953 -0.14263383 1.97972357
v -0.15082614 -0.13789672 1.96172047
v -0.12358524 -0.14023367 1.96174121
v -0.30237588 -0.17178914 2.05672598
v -0.17900395 -0.13829309 1.96730268
v -0.28225288 -0.16348803 2.03442073
v -0.25858861 -0.15562803 2.01408076
v -0.23951928 -0.25134566 2.21919250
v -0.24501009 -0.22454053 2.23139858
v -0.26589343 -0.22251436 2.22103310
v -0.19272920 -0.50865638 2.09804749
v -0.17070977 -0.50477588 2.10443354
v -0.21356481 -0.51325202 2.08864927
v -0.22581866 -0.52875900 2.06380367
v -0.23072857 -0.51638472 2.07627606
v -0.24712627 -0.51738834 2.06060362
v -0.24367571 -0.52777123 2.05002928
v -0.27654034 -0.51754320 2.02661610
v -0.27585983 -0.51079214 2.03451514
v -0.28729001 -0.50521356 2.02620840
v -0.28950828 -0.51053029 2.02152610
v -0.30501151 -0.49414700 2.01382136
v -0.29769972 -0.49840632 2.02186990
v -0.31047395 -0.48831895 2.00588489
v -0.31978837 -0.48442373 2.00435996
v -0.32677740 -0.50017917 1.98461616
v -0.31676671 -0.50621367 1.98580229
v -0.27899465 -0.52285248 2.01861596
v -0.26220670 -0.53114712 2.02565145
v -0.16120191 -0.52513230 2.07927084
v -0.14084131 -0.51914084 2.08309817
v -0.29541162 -0.37595436 1.97515941
v -0.30129263 -0.39092752 1.99645281
v -0.30402952 -0.40690863 2.01522231
v -0.30556974 -0.42205510 2.03089476
v -0.30147269 -0.43862647 2.04162645
v -0.29572290 -0.45424759 2.04982853
v -0.29140320 -0.47234175 2.04553032
v -0.28808528 -0.46896726 2.05467653
v -0.28592646 -0.48368457 2.04638147
v -0.28031144 -0.48256865 2.05612659
v -0.26710948 -0.50595891 2.05265689
v -0.27368280 -0.49462166 2.05575347
v -0.26235205 -0.51583004 2.04655194
v -0.26084024 -0.52398908 2.03745651
v -0.24318111 -0.53681040 2.03685927
v -0.22381923 -0.53935426 2.04938221
v -0.20312434 -0.55764937 2.02872777
v -0.20156172 -0.54898465 2.04607630
v -0.20368743 -0.53867137 2.06141400
v -0.20733118 -0.52728236 2.07496142
v -0.17026713 -0.58397591 1.93264425
v -0.15114340 -0.58923221 1.95119214
v -0.34728256 -0.45631433 2.02603626
v -0.35534498 -0.45435104 2.02209044
v -0.35037801 -0.46078312 2.01822448
v -0.34635416 -0.46043494 2.02197242
v -0.36194870 -0.45338574 2.01502943
v -0.36758259 -0.45373699 2.00323081
v -0.36050817 -0.46279687 2.00085831
v -0.35489839 -0.46161309 2.01139593
v -0.37079343 -0.45400736 1.98845530
v -0.36335054 -0.46518525 1.98744643
v -0.36993197 -0.45606306 1.97404015
v -0.36515728 -0.46160740 1.96217680
v -0.36219370 -0.46912628 1.96620893
v -0.36360765 -0.46715158 1.97520912
v -0.33903414 -0.49737462 1.95768368
v -0.34830144 -0.48762792 1.95923281
v -0.35640487 -0.47723860 1.96239197
v -0.33018789 -0.48058680 2.00586629
v -0.33951864 -0.47582072 2.00698638
v -0.34838825 -0.46792358 2.00978112
v -0.35322788 -0.47121835 1.99891329
v -0.34398362 -0.48054901 1.99693239
v -0.33455053 -0.48702487 1.99622834
v -0.18530720 -0.52209115 2.08532095
v -0.16511825 -0.51506245 2.09412479
v -0.30706254 -0.50164586 2.00568104
v -0.29946986 -0.50599885 2.01362228
v -0.31390241 -0.49726176 1.99793839
v -0.32404634 -0.49250939 1.99530900
v -0.30910769 -0.51020169 1.99479342
v -0.30115765 -0.51399183 2.00278378
v -0.29143992 -0.51805478 2.01093316
v -0.18240318 -0.53318000 2.07022309
v -0.14582184 -0.50964367 2.10070229
v -0.25984207 -0.43164876 1.88074446
v -0.26968592 -0.45481703 1.87108254
v -0.28244987 -0.47970670 1.87165403
v -0.29184803 -0.50203037 1.88577282
v -0.39236090 -0.30328566 2.10555601
v -0.18278816 -0.32174480 2.20441532
v -0.18588197 -0.29169780 2.21637464
v -0.21035992 -0.28593272 2.21631527
v -0.16899039 -0.44448537 2.15400219
v -0.15133095 -0.50034034 2.11303544
v -0.21573199 -0.30785966 1.87668741
v -0.20135234 -0.30396450 1.87424850
v -0.20025450 -0.32300776 1.87390602
v -0.21476838 -0.32695982 1.87668014
v -0.24079056 -0.31753349 1.88698566
v -0.22933374 -0.31260896 1.88107550
v -0.22806750 -0.33088371 1.88099384
v -0.23973994 -0.33464181 1.88673353
v -0.25157320 -0.32172030 1.89468539
v -0.25016475 -0.33810854 1.89403749
v -0.23052442 -0.29439393 1.88449216
v -0.21745597 -0.28924334 1.87994540
v -0.20322375 -0.28571755 1.87787557
v -0.25189087 -0.30574539 1.89783585
v -0.24198814 -0.30014151 1.89043546
v -0.08760415 -0.50031149 1.86622763
v -0.09532256 -0.46757779 1.89071500
v -0.09274212 -0.47890961 1.88990104
v -0.11671174 -0.30088523 1.89610398
v -0.11200902 -0.34068102 1.89016449
v -0.11147603 -0.35762891 1.89243352
v -0.11029594 -0.37647772 1.89282751
v -0.09769803 -0.45434970 1.89073896
v -0.11390673 -0.32012486 1.89227152
v -0.31590590 0.01057971 2.16790962
v -0.29766828 0.03244275 2.18887019
v -0.30897608 0.00544780 2.19338822
v -0.29382217 0.02015042 2.20811749
v -0.33106247 -0.06850475 2.17705655
v -0.32525414 -0.04009831 2.17900610
v -0.33689547 -0.09850138 2.17574835
v -0.27318943 0.02948833 2.22351360
v -0.24587069 0.03226906 2.23591328
v -0.24926871 0.00969082 2.25087404
v -0.32412925 -0.09445685 2.20578241
v -0.31914058 -0.06594390 2.20576429
v -0.31864426 -0.01514268 2.18448114
v -0.30807546 -0.01451820 2.20649958
v -0.30319643 0.00082815 2.20677280
v -0.27438617 0.01032466 2.23536754
v -0.29233485 0.00745189 2.21863770
v -0.20547241 -0.15146500 2.27624607
v -0.23747489 -0.14774480 2.26797915
v -0.23332369 -0.17276189 2.25984216
v -0.30708048 -0.14854831 2.22724223
v -0.31891385 -0.17523891 2.20091319
v -0.29481015 -0.01068139 2.22458124
v -0.27684340 -0.01152647 2.24416256
v -0.25207660 -0.01373285 2.26203823
v -0.26262748 -0.09626549 2.26879191
v -0.25907594 -0.06973368 2.27101636
v -0.28275082 -0.06603700 2.25369143
v -0.28688872 -0.09385407 2.25179720
v -0.30878827 -0.12155959 2.22993088
v -0.30700940 -0.09328014 2.23104644
v -0.26396888 -0.12144724 2.26404905
v -0.28790379 -0.12099552 2.24881482
v -0.28616551 -0.14707190 2.24471855
v -0.30306795 -0.06447631 2.23139381
v -0.22497201 -0.04637581 2.28167057
v -0.25518095 -0.04260629 2.26931381
v -0.19229485 -0.05007893 2.28449321
v -0.26240382 -0.14701891 2.25826025
v -0.25868708 -0.17164755 2.25064254
v -0.25048533 -0.19654250 2.24216700
v -0.23445454 -0.28178573 2.21249628
v -0.25175396 0.17566758 1.93200946
v -0.11442308 0.03834110 2.06194496
v -0.11139406 0.03936934 2.08824849
v -0.31158206 -0.05666375 2.04102111
v -0.33465990 -0.01761127 2.11900234
v -0.32755348 -0.01564574 2.15538335
v -0.13761465 0.01283270 1.99095774
v -0.12312901 0.02905810 2.01622510
v -0.28766894 -0.05662322 2.01428914
v -0.22534512 -0.02849758 1.97579622
v -0.11537620 0.03580326 2.03979492
v -0.31340405 -0.03757745 2.20565963
v -0.29927215 -0.03511453 2.22854090
v -0.27958313 -0.03847820 2.25119901
v -0.22114313 -0.01824343 2.27469349
v -0.18710285 -0.02348197 2.27810121
v -0.12351108 -0.03294617 1.98980665
v -0.11652233 -0.04129308 1.98719501
v -0.10726912 -0.04157174 1.99065185
v -0.10982245 -0.03083485 1.99624324
v -0.22946981 -0.13365507 1.99323487
v -0.20095408 -0.12839040 1.97816420
v -0.14509028 -0.12372318 1.96429801
v -0.11902364 -0.12585062 1.96462107
v -0.30584213 -0.15330282 2.05342865
v -0.17269382 -0.12429595 1.96882272
v -0.28360453 -0.14630437 2.03107834
v -0.25715095 -0.13921815 2.01079583
v -0.25524339 0.63319415 2.03227091
v -0.25926417 0.65931600 2.02852345
v -0.26279151 0.65893358 2.04455113
v -0.25685042 0.63182193 2.04798841
v -0.28235328 0.62768203 2.07392812
v -0.26826084 0.62957972 2.06744552
v -0.29962781 0.62567872 2.07309294
v -0.30053881 0.65452760 2.07227683
v -0.31205013 0.65408260 2.06362486
v -0.31345102 0.62500829 2.06459689
v -0.31951287 0.62462109 2.05282593
v -0.31866416 0.65220731 2.01920938
v -0.32123262 0.62553567 2.01815891
v -0.32223061 0.62444443 2.03850198
v -0.32035586 0.65243834 2.03838325
v -0.31047514 0.62887484 1.99949837
v -0.30863616 0.65414006 2.00103116
v -0.29374033 0.63210291 1.99166465
v -0.25912270 0.63425416 2.01524878
v -0.26103741 0.65948361 2.01084232
v -0.28490967 0.65560740 2.07208848
v -0.27169663 0.65793246 2.06429100
v -0.25996059 0.63104945 2.05843687
v -0.26700854 0.65838283 2.05459738
v -0.26428670 0.68665856 2.03958678
v -0.25630522 0.68563968 2.02516031
v -0.28612143 0.68498486 2.07091141
v -0.27536392 0.68613344 2.06079221
v -0.31174478 0.68355626 2.06227660
v -0.30121216 0.68405885 2.07228017
v -0.32272878 0.68141919 2.03737378
v -0.31697950 0.65344614 2.05131721
v -0.31741717 0.68257540 2.04963684
v -0.32015267 0.67928320 2.01928449
v -0.30949941 0.67939168 1.99786258
v -0.25742513 0.68358594 2.00556421
v -0.27030951 0.68617338 2.05106831
v -0.26573941 0.74507600 1.84227204
v -0.27020222 0.74530309 1.84209681
v -0.27158800 0.74965400 1.84047079
v -0.26411673 0.75043207 1.84032333
v -0.22119667 0.73910457 1.84303594
v -0.22917677 0.73747259 1.83939743
v -0.23110907 0.74657100 1.83905530
v -0.21996078 0.74883229 1.84367180
v -0.25475886 0.75217813 1.83752704
v -0.24994363 0.75199240 1.83816552
v -0.24810657 0.74770433 1.83524644
v -0.25627527 0.74740869 1.83486605
v -0.30398300 0.75624079 1.86648655
v -0.29967150 0.75626737 1.86605489
v -0.29908541 0.75147027 1.86428440
v -0.30428147 0.75235909 1.86527443
v -0.28735444 0.75598913 1.85288560
v -0.28337520 0.75647801 1.85215020
v -0.28241214 0.75158304 1.85025191
v -0.28822154 0.75323564 1.85051930
v -0.23712638 0.73592824 1.86127639
v -0.23359674 0.73506755 1.84799528
v -0.22132693 0.73754472 1.85289967
v -0.22290786 0.73501784 1.86759460
v -0.21509317 0.74739367 1.85680366
v -0.22283667 0.75347275 1.85695338
v -0.22406539 0.75580972 1.87101209
v -0.21656923 0.74690646 1.87281489
v -0.23502384 0.75352627 1.85181892
v -0.23749019 0.75525087 1.86411953
v -0.24418707 0.74584025 1.85951757
v -0.24266866 0.74399227 1.84518838
v -0.26253951 0.74612993 1.85379672
v -0.26261675 0.74637312 1.84163547
v -0.25650236 0.74056190 1.84261334
v -0.25739741 0.73827261 1.85530925
v -0.24826856 0.74084610 1.84309673
v -0.24632512 0.73837203 1.85586798
v -0.24299693 0.74815470 1.85675931
v -0.24241421 0.74728674 1.84363925
v -0.24826322 0.75324649 1.84526277
v -0.24798933 0.75417155 1.85806477
v -0.25747883 0.75316638 1.85650647
v -0.25760445 0.75328225 1.84443378
v -0.26550686 0.74425119 1.84847343
v -0.26554859 0.74027675 1.85833192
v -0.27597058 0.73982733 1.85809159
v -0.27255633 0.74406618 1.84753704
v -0.26703206 0.75507337 1.85879397
v -0.26164761 0.75014800 1.85792041
v -0.26102445 0.75095469 1.84836173
v -0.26593706 0.75522846 1.84829211
v -0.27362290 0.75554031 1.84734631
v -0.27649260 0.75460833 1.85790253
v -0.28032917 0.74705690 1.85638225
v -0.27727276 0.74944466 1.84588647
v -0.29040387 0.74675053 1.85703683
v -0.29434055 0.74280864 1.86631107
v -0.29814264 0.75042492 1.86587489
v -0.29319805 0.75302392 1.85673118
v -0.28577760 0.74263996 1.86459780
v -0.28445110 0.74538094 1.85649109
v -0.28574756 0.75666016 1.86514151
v -0.28268403 0.74858910 1.86313033
v -0.28034839 0.74987191 1.85679984
v -0.28282931 0.75762814 1.85768139
v -0.29007643 0.75820869 1.85753083
v -0.29445574 0.75744694 1.86657882
v -0.31062940 0.75233787 1.87184012
v -0.30889067 0.74640042 1.87140322
v -0.31121951 0.74484891 1.87941873
v -0.31279042 0.75224441 1.88096297
v -0.30372804 0.74369997 1.87632620
v -0.30187538 0.74558753 1.87030983
v -0.30182999 0.75732023 1.87711155
v -0.30134863 0.74952990 1.87490773
v -0.29847357 0.75055832 1.87047410
v -0.29976043 0.75731605 1.87138057
v -0.30668095 0.75797909 1.87184501
v -0.30878142 0.75769156 1.87993014
v -0.22537693 0.73373264 1.88176131
v -0.24388342 0.73734206 1.87386227
v -0.22331622 0.75187129 1.84731042
v -0.21970877 0.74823874 1.88714886
v -0.23021060 0.75174206 1.84466302
v -0.24332452 0.75657672 1.87527180
v -0.22735304 0.75704569 1.88526666
v -0.24406275 0.74694294 1.86568570
v -0.25477055 0.74268371 1.83640087
v -0.26188478 0.74798745 1.86318290
v -0.26335827 0.75669259 1.87160468
v -0.24984600 0.74321252 1.83686543
v -0.26246983 0.73721832 1.87047577
v -0.28255439 0.73987764 1.87436342
v -0.26682982 0.75425309 1.84240437
v -0.27083510 0.75408477 1.84192288
v -0.28352880 0.75790566 1.87341571
v -0.28279287 0.74763471 1.86481464
v -0.28769240 0.74905485 1.85172510
v -0.30117163 0.74946243 1.87461674
v -0.30026773 0.75915939 1.88061881
v -0.28405714 0.74767035 1.85165167
v -0.30124435 0.74088722 1.88159811
v -0.30367967 0.74896210 1.86689997
v -0.31169099 0.76054937 1.88979721
v -0.31801495 0.75331610 1.89240289
v -0.30065063 0.74794239 1.86587119
v -0.31469876 0.74345917 1.88964462
v -0.26695219 0.63502580 2.00175142
v -0.26771662 0.65958947 1.99758327
v -0.27869418 0.63433689 1.99357605
v -0.29300168 0.65648443 1.99188125
v -0.27958712 0.65785593 1.99163842
v -0.26341173 0.68300956 1.98913932
v -0.29285309 0.68129617 1.98593259
v -0.27711535 0.68189520 1.98362803
v -0.32453737 0.70515507 2.03842688
v -0.32566145 0.70233327 2.01903534
v -0.31881300 0.70626277 2.05182624
v -0.30099854 0.70761746 2.07429886
v -0.31278113 0.70658749 2.06440639
v -0.25922677 0.70039958 1.97997010
v -0.25367397 0.70353323 1.99902356
v -0.27409986 0.69769758 1.97188056
v -0.29227656 0.69813627 1.97546625
v -0.22493911 0.73150486 1.89941132
v -0.23016989 0.73353904 1.91958189
v -0.24519320 0.72364730 1.91343904
v -0.24412033 0.72926217 1.89320123
v -0.26629955 0.72460729 1.91155958
v -0.26375541 0.73201817 1.89127684
v -0.28511381 0.72939640 1.91411507
v -0.28285503 0.73480958 1.89372444
v -0.30293182 0.73428088 1.91867614
v -0.30212304 0.73797745 1.89916515
v -0.31834272 0.74285513 1.92433667
v -0.31734329 0.74319535 1.90469396
v -0.32600436 0.75405210 1.92627418
v -0.32408372 0.75398868 1.90683651
v -0.21950957 0.74904615 1.90463471
v -0.22670123 0.75012487 1.92462838
v -0.23024735 0.76168269 1.90367568
v -0.23676766 0.76426548 1.92341733
v -0.24809979 0.76240474 1.89988017
v -0.25356844 0.76584405 1.92076015
v -0.32017663 0.76641124 1.92521608
v -0.31661448 0.76481944 1.90513730
v -0.26807439 0.76237315 1.89901471
v -0.27279666 0.76520985 1.92026734
v -0.28687337 0.76476377 1.90010047
v -0.29132557 0.76731747 1.92154360
v -0.30309448 0.76622027 1.90255952
v -0.30730632 0.76896828 1.92365384
v -0.24778061 0.72022885 1.93665624
v -0.26851192 0.71519679 1.93306220
v -0.28716576 0.72072142 1.93676472
v -0.30439481 0.72933251 1.94255018
v -0.31866303 0.74130648 1.94819510
v -0.32718071 0.75324076 1.94916356
v -0.31104940 0.72169608 1.97063780
v -0.32033265 0.74192768 1.97481346
v -0.32624283 0.75547296 1.97378218
v -0.32326806 0.74308318 2.00073838
v -0.32594052 0.75701350 1.99853945
v -0.32462722 0.74745482 2.04406476
v -0.32741350 0.76361257 2.04255533
v -0.32726863 0.75915140 2.02265549
v -0.32440859 0.74455255 2.02508759
v -0.32032666 0.72274297 1.99800158
v -0.32321388 0.72402149 2.02292514
v -0.32264248 0.72575098 2.04234362
v -0.32418069 0.76591223 2.05665112
v -0.32207975 0.74968809 2.05804634
v -0.31605592 0.75029773 2.07195163
v -0.31647784 0.76656872 2.06907964
v -0.30100057 0.75165385 2.08366489
v -0.30119959 0.76851100 2.07896829
v -0.28356236 0.75337833 2.07782531
v -0.28289849 0.76919526 2.07505155
v -0.31381693 0.72780269 2.06777811
v -0.31906518 0.72709244 2.05574846
v -0.30132920 0.72920650 2.07882714
v -0.28609127 0.72996897 2.07440782
v -0.27639490 0.72941321 2.05827308
v -0.27373931 0.75170273 2.05947518
v -0.27068561 0.76734239 2.05968213
v -0.23852284 0.73605269 1.94265652
v -0.23876208 0.75000149 1.94635630
v -0.29061306 0.70969337 1.95757711
v -0.27076015 0.70644706 1.95432520
v -0.25274244 0.71482545 1.96466792
v -0.24441907 0.73690528 1.96840334
v -0.24880874 0.75241011 1.97067809
v -0.25523213 0.75521439 1.99326015
v -0.25011420 0.74167448 1.99337912
v -0.24712712 0.76152986 1.94649875
v -0.25727484 0.75994176 1.97053552
v -0.26262012 0.76278204 1.99290359
v -0.25837171 0.75891691 2.01405716
v -0.25487989 0.74483865 2.01413631
v -0.26231512 0.76187485 2.03083277
v -0.26234829 0.74681681 2.03161907
v -0.26806831 0.74883109 2.04499984
v -0.26534215 0.76475567 2.04470515
v -0.26373619 0.72715920 2.03411722
v -0.27006161 0.72779459 2.04570627
v -0.25582010 0.72608393 2.01591897
v -0.25097761 0.72211355 1.99335742
v -0.32270342 0.76609534 1.94842124
v -0.32405370 0.76645774 1.97281647
v -0.32334641 0.76689905 1.99669743
v -0.32360390 0.77049273 2.02061987
v -0.32144669 0.77460426 2.03927374
v -0.31791285 0.77650648 2.05185795
v -0.29829189 0.77694505 2.06954193
v -0.31133181 0.77704066 2.06296492
v -0.28495324 0.77676553 2.06751227
v -0.27597076 0.77693170 2.05462432
v -0.27041566 0.77524680 2.04249406
v -0.26482999 0.76820344 2.01334071
v -0.26704571 0.77299851 2.02919531
v -0.25372553 0.70714051 2.02142787
v -0.26226625 0.70794815 2.03758812
v -0.26975244 0.70842427 2.04858017
v -0.28650570 0.70870322 2.07173038
v -0.27564037 0.70887667 2.05886841
v -0.26107886 0.76564151 1.94507182
v -0.27909222 0.76623839 1.94498730
v -0.29636797 0.76799136 1.94627368
v -0.31097478 0.76897997 1.94733179
v -0.31366852 0.76960462 1.97169185
v -0.30059794 0.76904219 1.97125328
v -0.28456077 0.76866478 1.97082698
v -0.26871333 0.76504415 1.97030234
v -0.31379011 0.77113718 1.99540448
v -0.30213019 0.77157491 1.99472761
v -0.28689674 0.77131170 1.99471593
v -0.27298933 0.76873368 1.99307203
v -0.27450806 0.77350777 2.01413369
v -0.28696230 0.77489394 2.01666784
v -0.30137530 0.77498072 2.01665139
v -0.31270999 0.77447194 2.01817584
v -0.31136814 0.77719778 2.03603578
v -0.30033711 0.77707571 2.03367782
v -0.28772262 0.77762467 2.03278279
v -0.27673841 0.77613872 2.03053164
v -0.30862817 0.77816612 2.04690504
v -0.29700485 0.77878135 2.06115127
v -0.30448261 0.77857739 2.05560565
v -0.28821102 0.77891725 2.06050420
v -0.28264129 0.77841192 2.05142879
v -0.27926502 0.77760953 2.04148531
v -0.28846881 0.77781016 2.04230332
v -0.28968373 0.77830666 2.04975915
v -0.29986307 0.77823728 2.04316092
v -0.29824406 0.77817053 2.05078292
v -0.29110330 0.77861732 2.05559111
v -0.29576525 0.77857703 2.05584693
v -0.31172559 0.70269686 1.99193799
v -0.23737723 0.36447126 1.94422841
v -0.22079048 0.36436445 1.95124042
v -0.25574559 0.35877103 1.94164300
v -0.25719345 -0.05476826 1.99399424
v -0.21937317 -0.17948022 1.98218477
v -0.21887007 -0.20751020 1.97208333
v -0.21918774 -0.19141060 1.97732270
v -0.26009461 -0.03413057 1.98720145
v -0.27457744 -0.26629406 2.00391817
v -0.21382932 -0.34640265 1.87805390
v 0.32158199 0.27427500 1.98854494
v 0.33384570 0.26677340 1.97402978
v 0.32613871 0.25401819 1.97229230
v -0.09100011 -0.57494003 1.74155653
v -0.13090011 -0.58278120 1.82727504
v -0.12814233 -0.57940269 1.83642399
v -0.12509356 -0.56677336 1.83439279
v -0.12857853 -0.57039148 1.82451141
v -0.12116270 -0.55355847 1.83105314
v -0.12631953 -0.55959851 1.82254207
v -0.11796440 -0.54070467 1.82660270
v -0.12347230 -0.54849958 1.81945693
v -0.11466886 -0.53077841 1.81932020
v -0.12047109 -0.53960168 1.81365252
v -0.10277358 -0.51767957 1.79980040
v -0.09931377 -0.51447529 1.80468988
v -0.09445395 -0.50919271 1.79794455
v -0.09657079 -0.51107651 1.79265225
v -0.08825459 -0.50428414 1.79110694
v -0.09083137 -0.50557804 1.78614342
v -0.08253269 -0.50075066 1.78634834
v -0.08433965 -0.50152022 1.78112411
v -0.07389413 -0.49886236 1.78195286
v -0.07555196 -0.49986073 1.77644706
v -0.07774678 -0.50707942 1.76879907
v -0.08584366 -0.50824940 1.77251434
v -0.08548416 -0.50404137 1.77664709
v -0.07673509 -0.50279748 1.77219796
v -0.09170240 -0.51109815 1.77790701
v -0.09178191 -0.50759399 1.78200424
v -0.09708828 -0.51665425 1.78325737
v -0.09746221 -0.51325363 1.78797174
v -0.10371702 -0.52392358 1.78933859
v -0.10403869 -0.52032340 1.79461837
v -0.11033978 -0.52990222 1.79165637
v -0.11194314 -0.52936900 1.79758286
v -0.07958862 -0.50101441 1.79352212
v -0.07234587 -0.49972230 1.78875840
v -0.08558473 -0.50335515 1.79831553
v -0.09091040 -0.50722575 1.80404878
v -0.09506975 -0.51160181 1.80952954
v -0.10937943 -0.52286118 1.81140399
v -0.10154359 -0.51658356 1.81753087
v -0.10871944 -0.52478766 1.82402825
v -0.11298889 -0.53572917 1.83141005
v -0.11765623 -0.54920787 1.83746421
v -0.12247635 -0.56446195 1.84204745
v -0.12484349 -0.57873636 1.84470749
v -0.12888053 -0.58859706 1.83805239
v -0.09141523 -0.51543736 1.77501428
v -0.08606677 -0.51282549 1.77009916
v -0.09643757 -0.51952404 1.78026068
v -0.10264938 -0.52654088 1.78502774
v -0.10830584 -0.53196460 1.78688025
v -0.11568974 -0.54336464 1.78276467
v -0.11335352 -0.53765786 1.78560853
v -0.11629657 -0.55391729 1.77339649
v -0.11621121 -0.54910791 1.77814686
v -0.12418126 -0.56201631 1.77577329
v -0.12401478 -0.55562401 1.78354478
v -0.12056766 -0.55115390 1.78121960
v -0.12044059 -0.55724150 1.77468610
v -0.12727867 -0.56896842 1.77633739
v -0.12745714 -0.56155062 1.78560448
v -0.07699150 -0.50023842 1.79936934
v -0.07032408 -0.49944556 1.79630315
v -0.08218855 -0.50244153 1.80365241
v -0.08724633 -0.50478423 1.81019437
v -0.09101638 -0.50792509 1.81677830
v -0.09534732 -0.51213205 1.82362735
v -0.10134885 -0.51902437 1.83021760
v -0.10767487 -0.53072667 1.83664203
v -0.11496288 -0.54459572 1.84371221
v -0.11993887 -0.56325567 1.84748495
v -0.12206264 -0.57792419 1.84979928
v -0.08713059 -0.50829589 1.83154368
v -0.08341381 -0.50442183 1.82457530
v -0.08007141 -0.50186849 1.81854236
v -0.07745971 -0.50087476 1.81326902
v -0.07333090 -0.49964234 1.81335950
v -0.06777935 -0.49829605 1.81278336
v -0.07225927 -0.49979129 1.82264316
v -0.06679180 -0.49890056 1.82120848
v -0.07339936 -0.50070548 1.82911682
v -0.06607953 -0.49942383 1.82813585
v -0.07512338 -0.50148237 1.83565092
v -0.07705430 -0.50127524 1.84245849
v -0.11628978 -0.53698599 1.79045343
v -0.11878830 -0.53871965 1.79561996
v -0.12228699 -0.54779410 1.79062891
v -0.12593974 -0.55302423 1.79455113
v -0.12187037 -0.54249763 1.80147636
v -0.11943460 -0.54422432 1.78698969
v -0.12544316 -0.54971772 1.80719745
v -0.12901428 -0.55988342 1.79824185
v -0.13039787 -0.56862903 1.78756595
v -0.13102774 -0.56715763 1.80087829
v -0.12788443 -0.55848658 1.81138408
v -0.13264045 -0.57480860 1.79065108
v -0.13426702 -0.58075458 1.79350221
v -0.13214907 -0.57392776 1.80301690
v -0.12943013 -0.56666648 1.81313241
v -0.11443104 -0.52985930 1.80544066
v -0.13080165 -0.57489789 1.81541276
v -0.13532743 -0.58704025 1.79587162
v -0.13317141 -0.58107960 1.80549467
v -0.13605739 -0.59485096 1.79866624
v -0.13401262 -0.59019566 1.80995655
v -0.13227868 -0.58602989 1.81974208
v -0.13156082 -0.59434164 1.83157790
v -0.07864575 -0.51224136 1.76649308
v 0.33554909 0.23038286 1.94824958
v 0.32002440 0.23565698 1.96715856
v 0.30749962 0.23985296 1.98141050
v 0.31049779 0.27946156 1.99665785
v 0.30322620 0.26480299 1.99441707
v 0.29040524 0.26875395 2.00018525
v 0.29729894 0.28386480 2.00032353
v 0.27272996 0.27597457 1.99800539
v 0.28114423 0.29159939 1.99606371
v 0.26560286 0.28124094 1.98202872
v 0.27232310 0.29616255 1.98063385
v 0.28488186 0.24773234 1.99318135
v 0.29672393 0.24386990 1.98880184
v 0.26961645 0.25381643 1.99268043
v 0.26256213 0.25765848 1.97962785
v 0.26691726 0.25705892 1.96143711
v 0.27194783 0.27892202 1.96226680
v 0.27500114 0.29471523 1.96098721
v 0.32602736 0.24938822 1.85512209
v 0.32780769 0.26405925 1.85998440
v 0.33975747 0.21789473 1.89835739
v 0.32884321 0.21641552 1.88241613
v 0.31257769 0.23095971 1.87770653
v 0.31164572 0.25282365 1.87623930
v 0.31745002 0.26799875 1.88358557
v 0.30675182 0.27366900 1.90400171
v 0.29905304 0.26238292 1.89922297
v 0.33618239 0.27228725 1.86604476
v 0.32525495 0.27292657 1.88984084
v 0.31404421 0.27962488 1.91002285
v 0.29571006 0.28114754 1.92125106
v 0.28882965 0.26885074 1.91775060
v 0.28773156 0.28628808 1.93556058
v 0.28248945 0.27215832 1.93521643
v 0.27784649 0.27503663 1.94857705
v 0.28141621 0.29052037 1.94761896
v 0.27463207 0.25434864 1.93614674
v 0.27114829 0.25529325 1.94865692
v 0.28222558 0.25129026 1.91947055
v 0.29340681 0.24422115 1.89884317
v 0.38353959 0.26280844 1.91960227
v 0.36790946 0.26604885 1.93691134
v 0.35111567 0.27095336 1.95350122
v 0.33633134 0.27834481 1.97055805
v 0.32317725 0.28586966 1.98305464
v 0.31285867 0.29066890 1.98961759
v 0.28852043 0.29938841 1.98868418
v 0.30135462 0.29473495 1.99286520
v 0.28141811 0.30224234 1.97769141
v 0.28409496 0.30219865 1.96208251
v 0.28935805 0.29983473 1.94995606
v 0.30327740 0.28820527 1.92586005
v 0.29523161 0.29549509 1.93884039
v 0.27031657 0.23668319 1.91869962
v 0.26439086 0.23841041 1.93593359
v 0.26198456 0.23823994 1.94808245
v 0.25840840 0.23730212 1.97605419
v 0.25929770 0.23860145 1.95952439
v 0.34697691 0.27368492 1.87528610
v 0.35852948 0.27134299 1.88800168
v 0.36929211 0.27012014 1.90078580
v 0.37803200 0.26813620 1.91148877
v 0.36308268 0.27172309 1.93027067
v 0.35495403 0.27425927 1.92125893
v 0.34478518 0.27603513 1.90934289
v 0.33415022 0.27531725 1.89772761
v 0.34745517 0.27696639 1.94689536
v 0.34065846 0.27991182 1.93857265
v 0.33085117 0.28305095 1.92820776
v 0.32224879 0.28285211 1.91756201
v 0.31086621 0.29165465 1.93331969
v 0.31767055 0.29112607 1.94339871
v 0.32665339 0.28737229 1.95332015
v 0.33209857 0.28444785 1.96217358
v 0.31969395 0.29058725 1.97381687
v 0.31483641 0.29300648 1.96464157
v 0.30711076 0.29631919 1.95525324
v 0.30194435 0.29729533 1.94608033
v 0.31120601 0.29427904 1.97966385
v 0.29427341 0.30047625 1.98178184
v 0.30290189 0.29737645 1.98301005
v 0.28917983 0.30283993 1.97520709
v 0.29168412 0.30223668 1.96480250
v 0.29625860 0.30045730 1.95546174
v 0.30159900 0.29869491 1.96246588
v 0.29728177 0.30025071 1.96850276
v 0.30776522 0.29594463 1.97092056
v -0.11738272 -0.59986377 1.85602355
v -0.10262533 -0.55752420 1.76008737
v -0.09847192 -0.55828452 1.75519359
v 0.30203006 0.29799908 1.97527039
v 0.29428795 0.30109811 1.97372699
v -0.09458444 -0.55737233 1.75049424
v -0.09154017 -0.55613756 1.74728286
v -0.08831714 -0.55504239 1.74503779
v 0.29697224 0.29979581 1.97713017
v 0.32733688 0.21348941 1.93591261
v 0.19908492 -0.10610053 1.80276394
v 0.18341486 -0.09893054 1.79818463
v -0.07676748 -0.49870992 1.85545027
v -0.08508898 -0.62029409 1.72156525
v -0.07645243 -0.50019550 1.84825265
v -0.07610172 -0.53219074 1.77441359
v -0.06757912 -0.72934872 1.74898851
v -0.07933702 -0.51705325 1.76454926
v -0.07742898 -0.53551739 1.77016950
v -0.08930297 -0.57623672 1.72283185
v -0.07943000 -0.52247870 1.76352453
v -0.08150852 -0.53054774 1.75596881
v -0.08193420 -0.53638446 1.75482607
v -0.08389774 -0.65596110 1.71305287
v -0.08195458 -0.53355235 1.75467050
v -0.08500178 -0.55699110 1.74261892
v -0.09002244 -0.57120585 1.72165096
v -0.08179337 -0.53836125 1.75548649
v -0.04198368 -0.62192982 1.90910971
v -0.08064932 -0.52869987 1.75863159
v -0.07946166 -0.53845739 1.76334918
v -0.08122884 -0.53917521 1.75737476
v -0.07946396 -0.55046964 1.76297224
v -0.08489498 -0.55437636 1.74432540
v -0.08626257 -0.59717053 1.72701943
v -0.03078992 -0.65797997 1.90990734
v -0.08677881 -0.59341407 1.72625887
v -0.07951020 -0.68558335 1.71712172
v -0.08260714 -0.66720128 1.71299028
v -0.08862191 -0.58106041 1.72390497
v -0.02695727 -0.71921414 1.89733863
v -0.02880052 -0.73506093 1.88823462
v -0.08493356 -0.63822818 1.71598125
v -0.04996547 -0.75878692 1.80447078
v -0.09039895 -0.56679809 1.72148132
v -0.08680700 -0.55931300 1.73613369
v -0.07401288 -0.71195221 1.73073626
v -0.02777430 -0.68598711 1.90476608
v -0.04240172 -0.76116437 1.83130944
v -0.08365136 -0.54062951 1.75150824
v -0.07086934 -0.72080439 1.73923242
v -0.08277846 -0.54072654 1.75454128
v -0.08898821 -0.55912566 1.72842371
v -0.02843875 -0.67175478 1.90857089
v -0.02729814 -0.69933867 1.90382159
v -0.08439611 -0.54852355 1.74620056
v -0.08463909 -0.55212545 1.74558437
v -0.04608527 -0.76139104 1.81796336
v -0.08514318 -0.62627435 1.71929550
v -0.08469467 -0.54584801 1.74655581
v -0.08495533 -0.60753131 1.72771025
v -0.08458710 -0.54332721 1.74711490
v -0.07676251 -0.49827284 1.86171007
v -0.03517518 -0.75123912 1.86206901
v -0.08414312 -0.54177094 1.74926949
v -0.08150354 -0.54405677 1.75809896
v -0.08793449 -0.58570379 1.72491336
v -0.08022103 -0.54762936 1.76124310
v -0.08455358 -0.64608651 1.71467376
v -0.08556356 -0.55882925 1.74047375
v -0.08576471 -0.55929804 1.73967016
v -0.08525503 -0.60428959 1.72801614
v -0.08088937 -0.67699504 1.71459508
v -0.08476080 -0.61025661 1.72674918
v -0.08534615 -0.55834585 1.74130702
v -0.03245798 -0.74642819 1.87406659
v -0.05502532 -0.75336879 1.78660440
v -0.05865172 -0.74774826 1.77487326
v -0.08570167 -0.60091668 1.72793007
v -0.08740099 -0.58984727 1.72571993
v -0.04184089 -0.61479115 1.91139567
v -0.08995083 -0.56109691 1.72481096
v -0.09034719 -0.56321317 1.72292590
v -0.07641017 -0.70283651 1.72436631
v -0.03267213 -0.64836067 1.90991473
v -0.06358086 -0.73873335 1.76080477
v -0.07832400 -0.69422716 1.71981084
v -0.03757055 -0.63192344 1.91047871
v -0.03385903 -0.64092797 1.91070926
v -0.08845234 -0.55868638 1.73039913
v -0.08483857 -0.61340481 1.72540402
v -0.08758112 -0.55886793 1.73356032
v -0.03918244 -0.75830847 1.84559202
v -0.08626635 -0.55950999 1.73815477
v 0.21119663 -0.12027901 1.81197655
v -0.02106702 -0.17173219 2.10461116
v -0.01559049 -0.18474299 2.02840519
v -0.01758128 -0.20724756 2.01898098
v -0.01672313 -0.19381440 2.02462888
v -0.02352932 -0.18425688 2.10096836
v 0.01636986 -0.26333794 2.07111907
v 0.01685647 -0.32883433 1.92488098
v -0.07798277 -0.57461387 1.73810172
v 0.00191478 -0.57421255 1.78981137
v 0.00336532 -0.57103360 1.79994440
v -0.00183794 -0.55830550 1.80095637
v -0.00279773 -0.56203306 1.78913045
v -0.00838421 -0.54682803 1.80138457
v -0.00702767 -0.55235577 1.78902829
v -0.01605993 -0.53564179 1.80051386
v -0.01215445 -0.54269665 1.78766954
v -0.09257971 -0.56035471 1.73132694
v -0.09079359 -0.56010526 1.73374033
v -0.02149087 -0.52748239 1.79413581
v -0.01805753 -0.53467464 1.78427112
v -0.09509142 -0.60808098 1.74765289
v -0.09304065 -0.56360877 1.74418950
v -0.09411074 -0.58107764 1.72966921
v -0.09402363 -0.60763228 1.74649644
v -0.04017403 -0.51606143 1.77990103
v -0.04051327 -0.51358879 1.78753614
v -0.04864787 -0.50836349 1.78338730
v -0.04854389 -0.51016867 1.77704287
v -0.09471941 -0.56470394 1.74584377
v -0.05575423 -0.50393331 1.78042030
v -0.05651909 -0.50484598 1.77486372
v -0.06503472 -0.50012058 1.78067255
v -0.06644407 -0.50080848 1.77519929
v -0.09235254 -0.58915102 1.73110545
v -0.09119854 -0.60230410 1.73800719
v -0.06889120 -0.50762403 1.76655889
v -0.06778355 -0.50325620 1.77078140
v -0.09326172 -0.58516264 1.73039150
v -0.09986906 -0.56708604 1.74551368
v -0.09796722 -0.56524652 1.74731410
v -0.09607155 -0.56479049 1.72754288
v -0.09665202 -0.56794626 1.72723961
v -0.06007507 -0.51060164 1.76679575
v -0.09609762 -0.56278902 1.73041701
v -0.09350322 -0.56095159 1.73005104
v -0.05801393 -0.50690407 1.77085745
v -0.09661703 -0.60788685 1.74784422
v -0.10493246 -0.61316222 1.75529766
v -0.09517474 -0.56301737 1.72810948
v -0.09238283 -0.56081188 1.72778606
v -0.09905659 -0.61026859 1.75040972
v -0.09604347 -0.60809124 1.74793839
v -0.09892990 -0.56674558 1.73521948
v -0.09083581 -0.59947455 1.73474360
v -0.05268953 -0.51543343 1.76801312
v -0.05015993 -0.51223445 1.77248430
v -0.04426220 -0.52247953 1.76944351
v -0.04113315 -0.51898623 1.77422309
v -0.09997052 -0.56743789 1.74035728
v -0.03809329 -0.52833891 1.76779544
v -0.03374320 -0.52683699 1.77246940
v -0.06459258 -0.50053036 1.78894472
v -0.09740783 -0.60829306 1.74821329
v -0.09788223 -0.60864490 1.74852133
v -0.09539197 -0.57654601 1.72903419
v -0.05735880 -0.50254416 1.78974462
v -0.04998190 -0.50629842 1.79182160
v -0.04269201 -0.51099378 1.79459715
v -0.03001187 -0.52042055 1.78948879
v -0.10142529 -0.61060619 1.75093806
v -0.08924793 -0.56069088 1.73875523
v -0.09787521 -0.56495047 1.73288417
v -0.09693632 -0.56365108 1.73147511
v -0.08927991 -0.56103677 1.74088824
v -0.03594275 -0.51562393 1.80052686
v -0.02647429 -0.52261442 1.80362272
v -0.09274542 -0.60626137 1.74448216
v -0.02006960 -0.53132117 1.81032431
v -0.09140597 -0.59604990 1.73280704
v -0.09191317 -0.59249318 1.73158836
v -0.01114864 -0.54348719 1.81214237
v -0.00257819 -0.55653274 1.81246018
v -0.08968892 -0.56038588 1.73600912
v 0.00335767 -0.56999254 1.81057417
v 0.00619216 -0.58038896 1.80009568
v -0.06175083 -0.51452792 1.76453185
v -0.07000406 -0.51218140 1.76433432
v -0.05486995 -0.51849741 1.76572168
v -0.09652546 -0.57194352 1.72768772
v -0.04758516 -0.52533704 1.76656318
v -0.04236032 -0.53054559 1.76511073
v -0.03895566 -0.54080117 1.75820863
v -0.09119710 -0.56241548 1.74258733
v -0.03936623 -0.53560662 1.76170516
v -0.04265491 -0.54999512 1.75088716
v -0.04075870 -0.54529917 1.75474870
v -0.03389662 -0.55698764 1.74876595
v -0.03090430 -0.55046540 1.75515521
v -0.03556884 -0.54733109 1.75485325
v -0.08949025 -0.55995739 1.72667313
v -0.09427108 -0.56182140 1.72905171
v -0.03815569 -0.55288959 1.74983144
v -0.03028875 -0.56312335 1.74789619
v -0.02621542 -0.55561560 1.75528848
v -0.06365276 -0.49938181 1.79542577
v -0.11046095 -0.61932778 1.74067378
v -0.11003850 -0.61770618 1.74312520
v -0.05722844 -0.50132155 1.79628706
v -0.05154561 -0.50386024 1.80029345
v -0.04647860 -0.50691485 1.80550742
v -0.04020968 -0.51083720 1.81086135
v -0.03287326 -0.51702380 1.81623125
v -0.02431068 -0.52602530 1.82147062
v -0.10467139 -0.62009108 1.73315072
v -0.08915979 -0.61733913 1.72485065
v -0.09360868 -0.61823368 1.72674668
v -0.01390553 -0.53877556 1.82416391
v -0.10967468 -0.61492473 1.74653995
v -0.10924906 -0.61382389 1.74863422
v -0.10927567 -0.61659586 1.74556088
v -0.10972333 -0.61352646 1.74719119
v -0.11000113 -0.61393303 1.74661362
v -0.00360732 -0.55512142 1.82248545
v -0.10863097 -0.61647761 1.74655676
v 0.00284405 -0.56924570 1.82014728
v -0.10864943 -0.61637479 1.74661279
v -0.04614155 -0.50612211 1.82440281
v -0.10891569 -0.62074804 1.73719144
v -0.05136416 -0.50278175 1.81792378
v -0.05480058 -0.50108570 1.81206858
v -0.10900614 -0.61586004 1.74655366
v -0.10900955 -0.61416674 1.75043583
v -0.05849861 -0.50014341 1.80799222
v -0.10857716 -0.61481756 1.75518632
v -0.06226200 -0.49886534 1.81047249
v -0.08496989 -0.61679018 1.72365201
v -0.10456560 -0.62882650 1.72590995
v -0.12852971 -0.63891840 1.75317836
v -0.06224997 -0.49898183 1.82061291
v -0.13073498 -0.63544047 1.75850105
v -0.05803963 -0.49964294 1.82618952
v -0.12523909 -0.59953469 1.76712573
v -0.12705383 -0.60151196 1.76995158
v -0.10192646 -0.62274611 1.72720480
v -0.05584910 -0.49964571 1.83246803
v -0.03441546 -0.53470063 1.76427186
v -0.02961027 -0.53483814 1.76793206
v -0.02896368 -0.54302168 1.76176059
v -0.02342740 -0.54718763 1.76340008
v -0.10842805 -0.65038854 1.72549796
v -0.10163046 -0.71274084 1.74669635
v -0.10732272 -0.64254862 1.72566056
v -0.11936837 -0.63916945 1.73844397
v -0.02325851 -0.53762603 1.77153993
v -0.10420987 -0.70475292 1.74086809
v -0.03392674 -0.54137564 1.75984859
v -0.01669587 -0.54361999 1.77507102
v -0.01822981 -0.55316705 1.76544309
v -0.02194091 -0.56200892 1.75542092
v -0.01423040 -0.56046152 1.76610458
v -0.12506661 -0.64087385 1.74629819
v -0.01185236 -0.55167758 1.77749205
v -0.12958744 -0.61014152 1.77578390
v -0.09100822 -0.63246989 1.71898854
v -0.13052267 -0.61646307 1.77566302
v -0.01766738 -0.56808370 1.75650430
v -0.09835269 -0.63364971 1.72169256
v -0.08143732 -0.75039911 1.79535854
v -0.01379782 -0.57418919 1.75758100
v -0.01108084 -0.56669885 1.76717770
v -0.00856724 -0.55894047 1.77817798
v -0.02768995 -0.52632177 1.77992725
v -0.09612499 -0.61599433 1.73170853
v -0.00539492 -0.56668711 1.77927279
v -0.11716501 -0.59772718 1.75956440
v -0.11975585 -0.59814048 1.76164508
v -0.01066836 -0.57958245 1.75918829
v -0.08791596 -0.74451113 1.78676796
v -0.12903051 -0.60664797 1.77455008
v -0.10940668 -0.67125303 1.72789264
v -0.09209663 -0.61086524 1.73556650
v -0.09346168 -0.61357725 1.73459983
v -0.10883045 -0.68041068 1.73011076
v -0.00816474 -0.57361174 1.76866841
v -0.00714916 -0.58673704 1.76138723
v -0.00350769 -0.58248913 1.77166212
v -0.10727043 -0.68881357 1.73326194
v -0.00050114 -0.57791215 1.78157413
v 0.00617149 -0.58570910 1.79244196
v -0.09869444 -0.72058117 1.75438380
v -0.10153796 -0.59795666 1.75065327
v 0.00710533 -0.58970648 1.82556629
v -0.06143302 -0.55436772 1.74773061
v -0.06731160 -0.55576402 1.74592865
v -0.13200420 -0.63128865 1.76403391
v -0.13213556 -0.62662423 1.76874459
v -0.09232129 -0.73735791 1.77525783
v -0.11063097 -0.59716237 1.75532401
v -0.13147271 -0.62168825 1.77282333
v -0.06833323 -0.75545567 1.79820871
v -0.07304628 -0.55560797 1.74430966
v -0.12855358 -0.60375535 1.77247143
v -0.07737964 -0.55524188 1.74301732
v -0.08145863 -0.55465138 1.74286485
v -0.11338851 -0.63738298 1.73179924
v -0.11401108 -0.59729874 1.75748622
v -0.09143727 -0.60837382 1.73780489
v -0.09732689 -0.59952050 1.74853849
v -0.09451798 -0.60138935 1.74557018
v -0.10591586 -0.69659168 1.73657978
v -0.09260134 -0.60326928 1.74307346
v -0.09137659 -0.60569274 1.73992085
v -0.10590373 -0.59693384 1.75242364
v -0.10930404 -0.66045952 1.72605467
v -0.09538358 -0.72904867 1.76415205
v -0.12245598 -0.59869719 1.76429975
v -0.05231511 -0.75644481 1.79619598
v -0.08512160 -0.63187206 1.71768045
v -0.09183833 -0.60431075 1.74132872
v -0.09887953 -0.61918890 1.72954702
v -0.10615876 -0.63524878 1.72550344
v -0.07976881 -0.52615786 1.76134062
v -0.10602146 -0.54829961 1.76816440
v -0.10662201 -0.54644334 1.77101970
v -0.10470243 -0.54110897 1.77574480
v -0.10109234 -0.55154526 1.75921798
v -0.10411249 -0.55030680 1.76467419
v -0.09573381 -0.53065652 1.77091885
v -0.10658348 -0.54478431 1.77319837
v -0.09115428 -0.52750516 1.76731861
v -0.10604153 -0.54302406 1.77489483
v -0.08601637 -0.52618557 1.76358390
v -0.08468074 -0.55038697 1.74600482
v -0.09324020 -0.55177236 1.74959314
v -0.08895954 -0.55127478 1.74676216
v -0.09722522 -0.55206370 1.75378561
v -0.10228886 -0.53839529 1.77588749
v -0.09968422 -0.53527790 1.77515244
v -0.08415755 -0.55988598 1.72932112
v -0.08445705 -0.55982155 1.73227668
v -0.06607984 -0.60614657 1.73922479
v -0.07698835 -0.56289208 1.73970604
v -0.08105992 -0.57989657 1.72617817
v -0.06756411 -0.60589498 1.73936403
v -0.07471214 -0.56326509 1.74042034
v -0.08042905 -0.58811474 1.72787535
v -0.07540545 -0.60142732 1.73356438
v -0.08086188 -0.58410573 1.72704172
v -0.07032759 -0.56484699 1.73737204
v -0.07125838 -0.56333572 1.73998487
v -0.08291993 -0.56381685 1.72424734
v -0.08184251 -0.56663007 1.72359991
v -0.08139992 -0.56189185 1.72672462
v -0.08397335 -0.56040466 1.72776449
v -0.06462293 -0.60563910 1.73838484
v -0.05278870 -0.60898203 1.73984706
v -0.08345041 -0.56228709 1.72529650
v -0.08615986 -0.56044781 1.72635913
v -0.06075435 -0.60741842 1.73877168
v -0.06509019 -0.60593051 1.73859572
v -0.07603841 -0.56506938 1.72914302
v -0.07793127 -0.59868610 1.73119664
v -0.07264893 -0.56523526 1.73294449
v -0.06369059 -0.60585964 1.73795044
v -0.06299907 -0.60614198 1.73788357
v -0.08089485 -0.57527721 1.72518861
v -0.05837693 -0.60729980 1.73796058
v -0.08343409 -0.56059188 1.73705947
v -0.07833190 -0.56363040 1.72784710
v -0.08001172 -0.56265557 1.72711229
v -0.08232954 -0.56095254 1.73878717
v -0.06996662 -0.60499728 1.73774743
v -0.07916448 -0.59508801 1.72953951
v -0.07996498 -0.59145570 1.72845817
v -0.08419940 -0.56020689 1.73474598
v -0.08112831 -0.57055116 1.72385550
v -0.07958608 -0.56199300 1.73919022
v -0.08375874 -0.56119847 1.72653389
v -0.05417283 -0.61487335 1.72476029
v -0.05368329 -0.61317557 1.72714925
v -0.06222592 -0.61717135 1.72200441
v -0.08044127 -0.61669880 1.72291195
v -0.07530442 -0.61693072 1.72235417
v -0.05292616 -0.61002189 1.73005688
v -0.05238142 -0.60886860 1.73217809
v -0.05339522 -0.61199427 1.72980428
v -0.05275742 -0.60844928 1.73072743
v -0.05277504 -0.60892892 1.73001337
v -0.05345311 -0.61178350 1.73091173
v -0.05343181 -0.61159170 1.73086321
v -0.05670572 -0.61696935 1.72283518
v -0.05328705 -0.61107534 1.73055053
v -0.05163984 -0.60930991 1.73380864
v -0.04954627 -0.60983145 1.73796082
v -0.06415568 -0.62546796 1.71486747
v -0.02921329 -0.63037497 1.72464347
v -0.02524874 -0.62658983 1.72836506
v -0.03184456 -0.59261757 1.73972762
v -0.02881514 -0.59422088 1.74093664
v -0.06699589 -0.61999100 1.71782207
v -0.05800085 -0.64652675 1.71173787
v -0.04304669 -0.70694155 1.73210382
v -0.06003255 -0.63865805 1.71205330
v -0.04413356 -0.63247067 1.71645057
v -0.04502699 -0.69923085 1.72576225
v -0.03551723 -0.63310993 1.72042608
v -0.02215063 -0.60132080 1.74438238
v -0.07892336 -0.63152111 1.71569026
v -0.02044133 -0.60746288 1.74389625
v -0.07085857 -0.63137805 1.71380758
v -0.02912789 -0.74545139 1.78114796
v -0.07120624 -0.61426795 1.72549605
v -0.04302790 -0.59168565 1.73797894
v -0.03972577 -0.59157145 1.73838949
v -0.02872639 -0.73920733 1.77086890
v -0.02373524 -0.59830546 1.74354267
v -0.05184277 -0.66617286 1.71147764
v -0.07396178 -0.60957950 1.73116541
v -0.07277809 -0.61209536 1.72929549
v -0.04981746 -0.67529696 1.71393669
v -0.04820133 -0.68386477 1.71745205
v -0.03965648 -0.71503508 1.73938930
v -0.06048395 -0.59504807 1.73911214
v -0.02216354 -0.62227166 1.73243809
v -0.02057727 -0.61725062 1.73622584
v -0.03203951 -0.73200697 1.75919819
v -0.05057182 -0.59256959 1.73769581
v -0.01999589 -0.61270356 1.74068940
v -0.03816809 -0.75236881 1.78999472
v -0.02589839 -0.59597194 1.74230754
v -0.05288618 -0.63225460 1.71420217
v -0.04672958 -0.59197778 1.73780370
v -0.07421426 -0.60730839 1.73302007
v -0.06522375 -0.59718204 1.73931527
v -0.06873353 -0.59973067 1.73822796
v -0.04661498 -0.69168150 1.72079611
v -0.07126011 -0.60216475 1.73676181
v -0.07357612 -0.60467112 1.73483431
v -0.05558721 -0.59351337 1.73806357
v -0.05525843 -0.65584713 1.71076787
v -0.03606511 -0.72373676 1.74866974
v -0.03572229 -0.59213626 1.73877382
v -0.07264709 -0.60331035 1.73575974
v -0.06918266 -0.61705303 1.72190154
v -0.06169437 -0.63149667 1.71334863
v -0.05469283 -0.54598290 1.75266361
v -0.05269585 -0.54466957 1.75420535
v -0.05203419 -0.53908366 1.75844502
v -0.06370395 -0.54901838 1.74765706
v -0.05846113 -0.54750645 1.75038266
v -0.06119230 -0.53013366 1.75884008
v -0.05182411 -0.54233927 1.75593710
v -0.06710796 -0.52760756 1.75895512
v -0.05144178 -0.54073036 1.75739694
v -0.07319346 -0.52614093 1.75965357
v -0.07543912 -0.55038810 1.74434960
v -0.08041827 -0.55037981 1.74435580
v -0.06991543 -0.54983395 1.74572492
v -0.05304991 -0.53729415 1.75917053
v -0.05609700 -0.53457606 1.75950348
v -0.04783764 -0.61100233 1.74284518
v -0.10747764 -0.61597663 1.76023102
v -0.05300955 -0.60553545 1.73044336
v -0.05439771 -0.60589707 1.73125529
v -0.05557851 -0.60636675 1.73228669
v -0.05646316 -0.60690522 1.73345065
v -0.05298148 -0.60581732 1.73029590
v -0.05434510 -0.60645139 1.73096609
v -0.05550307 -0.60717058 1.73186636
v -0.05636639 -0.60791874 1.73292136
v -0.05289571 -0.60608262 1.73013687
v -0.05417392 -0.60696995 1.73065615
v -0.05525364 -0.60792446 1.73141801
v -0.05605428 -0.60886830 1.73235536
v -0.05275261 -0.60631907 1.72997499
v -0.05389247 -0.60743427 1.73033738
v -0.05484500 -0.60859871 1.73095500
v -0.05553816 -0.60971892 1.73177254
v -0.05255627 -0.60651904 1.72981465
v -0.05350961 -0.60782623 1.73002195
v -0.05428975 -0.60916877 1.73049760
v -0.05483887 -0.61043835 1.73119450
v -0.05231815 -0.60667551 1.72966146
v -0.05304182 -0.60813224 1.72972298
v -0.05360962 -0.60961252 1.73006308
v -0.05398010 -0.61099696 1.73064661
v -0.05204467 -0.60678029 1.72952330
v -0.05250512 -0.60833859 1.72945046
v -0.05283104 -0.60991192 1.72966754
v -0.05299872 -0.61137491 1.73014820
v -0.05174697 -0.60683119 1.72940302
v -0.05192243 -0.60843885 1.72921562
v -0.05198463 -0.61005664 1.72932506
v -0.05193144 -0.61155677 1.72971749
v -0.05143668 -0.60682535 1.72930741
v -0.05131375 -0.60842741 1.72902727
v -0.05110083 -0.61004019 1.72905183
v -0.05081784 -0.61153662 1.72937131
v -0.05112684 -0.60676354 1.72923756
v -0.05070367 -0.60830534 1.72889137
v -0.05021563 -0.60986334 1.72885585
v -0.04970155 -0.61131346 1.72912478
v -0.05082576 -0.60664690 1.72919917
v -0.05011621 -0.60807800 1.72881532
v -0.04936215 -0.60953307 1.72874475
v -0.04862642 -0.61089778 1.72898519
v -0.05054917 -0.60648203 1.72919130
v -0.04957308 -0.60775298 1.72880030
v -0.04857342 -0.60906267 1.72872376
v -0.04763157 -0.61030412 1.72895849
v -0.05030589 -0.60627413 1.72921634
v -0.04909560 -0.60734469 1.72884870
v -0.04788025 -0.60846931 1.72879362
v -0.04675565 -0.60955656 1.72904539
v -0.05010458 -0.60603046 1.72927070
v -0.04870162 -0.60686839 1.72895789
v -0.04730837 -0.60777694 1.72895193
v -0.04603469 -0.60868186 1.72924531
v -0.04995453 -0.60576159 1.72935462
v -0.04840667 -0.60634041 1.72912240
v -0.04687946 -0.60701084 1.72919095
v -0.04549414 -0.60771549 1.72954726
v -0.04985963 -0.60547668 1.72946393
v -0.04822082 -0.60578293 1.72933590
v -0.04661055 -0.60620135 1.72950244
v -0.04515580 -0.60669535 1.72994018
v -0.04982597 -0.60518909 1.72959661
v -0.04815431 -0.60521632 1.72959352
v -0.04651261 -0.60537857 1.72987533
v -0.04503109 -0.60565710 1.73040891
v -0.04985154 -0.60490716 1.72974491
v -0.04820548 -0.60466349 1.72988510
v -0.04658848 -0.60457563 1.73029602
v -0.04512754 -0.60464513 1.73093963
v -0.04993851 -0.60464227 1.72990370
v -0.04837633 -0.60414594 1.73019588
v -0.04683613 -0.60382318 1.73074746
v -0.04543884 -0.60369605 1.73150730
v -0.05008128 -0.60440445 1.73006582
v -0.04865775 -0.60368043 1.73051476
v -0.04724446 -0.60314894 1.73121071
v -0.04595463 -0.60284650 1.73209178
v -0.05027696 -0.60420585 1.73022783
v -0.04903972 -0.60328895 1.73083007
v -0.04779883 -0.60257912 1.73166895
v -0.04665362 -0.60212708 1.73266971
v -0.05051501 -0.60405034 1.73038042
v -0.04950677 -0.60298389 1.73112917
v -0.04847838 -0.60213637 1.73210347
v -0.04751139 -0.60156900 1.73321962
v -0.05078796 -0.60394490 1.73051894
v -0.05004283 -0.60277772 1.73140216
v -0.04925668 -0.60183674 1.73249948
v -0.04849235 -0.60119188 1.73371911
v -0.05108571 -0.60389459 1.73063886
v -0.05062562 -0.60267770 1.73163736
v -0.05010273 -0.60169220 1.73284173
v -0.04955903 -0.60100996 1.73414946
v -0.05139532 -0.60390079 1.73073554
v -0.05123370 -0.60268986 1.73182654
v -0.05098604 -0.60170889 1.73311567
v -0.05067294 -0.60102940 1.73449540
v -0.05170580 -0.60396242 1.73080397
v -0.05184397 -0.60281122 1.73196197
v -0.05187067 -0.60188484 1.73331189
v -0.05178880 -0.60125291 1.73474240
v -0.05200652 -0.60407841 1.73084283
v -0.05243096 -0.60303795 1.73203743
v -0.05272442 -0.60221499 1.73342216
v -0.05286396 -0.60166782 1.73488200
v -0.05228255 -0.60424268 1.73085093
v -0.05297442 -0.60336149 1.73205185
v -0.05351287 -0.60268497 1.73344278
v -0.05385871 -0.60226119 1.73490798
v -0.05252555 -0.60445184 1.73082614
v -0.05345158 -0.60377038 1.73200393
v -0.05420632 -0.60327727 1.73337293
v -0.05473501 -0.60300744 1.73481965
v -0.05272711 -0.60469508 1.73077083
v -0.05384576 -0.60424739 1.73189473
v -0.05477839 -0.60397023 1.73321486
v -0.05545582 -0.60388231 1.73461974
v -0.05146388 -0.60529661 1.72988427
v -0.05287851 -0.60496324 1.73068571
v -0.05414208 -0.60477459 1.73172903
v -0.05520788 -0.60473573 1.73297453
v -0.05599751 -0.60484767 1.73431730
v -0.05297387 -0.60524714 1.73057342
v -0.05432915 -0.60533106 1.73151267
v -0.05547995 -0.60554433 1.73265970
v -0.05633808 -0.60586733 1.73392177
v -0.05735936 -0.60738164 1.73448777
v -0.05870750 -0.60817194 1.73620057
v -0.05966116 -0.60911644 1.73822343
v -0.06014328 -0.61012793 1.74037051
v -0.06013361 -0.61116850 1.74256015
v -0.05963685 -0.61219746 1.74470639
v -0.05866956 -0.61317396 1.74672782
v -0.05727072 -0.61406213 1.74854612
v -0.05549213 -0.61482739 1.75009286
v -0.05340253 -0.61544037 1.75130618
v -0.05108310 -0.61587745 1.75214243
v -0.04862097 -0.61612219 1.75256681
v -0.04611381 -0.61616415 1.75256371
v -0.05724441 -0.60859990 1.73385215
v -0.05856283 -0.60970551 1.73539972
v -0.05949014 -0.61092031 1.73728216
v -0.05995369 -0.61213148 1.73932457
v -0.05993311 -0.61329579 1.74145031
v -0.05943144 -0.61436558 1.74357450
v -0.05846940 -0.61530066 1.74561763
v -0.05708155 -0.61606574 1.74749994
v -0.05532133 -0.61663139 1.74915135
v -0.05325742 -0.61697370 1.75050616
v -0.05096854 -0.61708272 1.75151300
v -0.04854367 -0.61695236 1.75213349
v -0.04607378 -0.61658728 1.75234282
v -0.05686868 -0.60974216 1.73317051
v -0.05809091 -0.61114514 1.73454070
v -0.05893494 -0.61261159 1.73627257
v -0.05933562 -0.61401176 1.73820448
v -0.05927828 -0.61529171 1.74025893
v -0.05876486 -0.61640054 1.74236035
v -0.05781507 -0.61729705 1.74442673
v -0.05646430 -0.61794519 1.74637890
v -0.05476627 -0.61832249 1.74814153
v -0.05278590 -0.61841285 1.74964726
v -0.05059833 -0.61821282 1.75083899
v -0.04828769 -0.61773074 1.75166929
v -0.04594341 -0.61698383 1.75210595
v -0.05624982 -0.61076480 1.73246920
v -0.05730973 -0.61243284 1.73365831
v -0.05801640 -0.61412627 1.73523426
v -0.05831509 -0.61569464 1.73705029
v -0.05819518 -0.61707759 1.73903453
v -0.05766055 -0.61822182 1.74111223
v -0.05673176 -0.61908263 1.74320233
v -0.05544463 -0.61962855 1.74522495
v -0.05384881 -0.61983711 1.74710405
v -0.05200598 -0.61970115 1.74876404
v -0.04998532 -0.61922562 1.75014532
v -0.04786570 -0.61842704 1.75119138
v -0.04572861 -0.61733955 1.75186241
v -0.05540817 -0.61162865 1.73177600
v -0.05624973 -0.61352104 1.73278499
v -0.05677084 -0.61540574 1.73420715
v -0.05693102 -0.61711621 1.73590875
v -0.05672543 -0.61858654 1.73782301
v -0.05616210 -0.61976016 1.73987627
v -0.05526213 -0.62059194 1.74199021
v -0.05406071 -0.62104976 1.74408376
v -0.05260350 -0.62111688 1.74607658
v -0.05094605 -0.62078881 1.74789047
v -0.04915312 -0.62008017 1.74945879
v -0.04729259 -0.61901659 1.75071800
v -0.04543633 -0.61763936 1.75162137
v -0.05437769 -0.61230040 1.73111677
v -0.05495236 -0.61436749 1.73195410
v -0.05524496 -0.61640060 1.73323059
v -0.05523578 -0.61822224 1.73482347
v -0.05492580 -0.61976099 1.73667049
v -0.05432769 -0.62095785 1.73870158
v -0.05346238 -0.62176597 1.74083829
v -0.05236594 -0.62215543 1.74299836
v -0.05107815 -0.62211138 1.74509954
v -0.04964935 -0.62163508 1.74706006
v -0.04813417 -0.62074471 1.74880648
v -0.04658992 -0.61947429 1.75026846
v -0.04507891 -0.61787319 1.75139165
v -0.05319763 -0.61275387 1.73051798
v -0.05346604 -0.61493951 1.73119903
v -0.05349803 -0.61707330 1.73234177
v -0.05329430 -0.61896956 1.73383582
v -0.05286629 -0.62055421 1.73562145
v -0.05222617 -0.62176651 1.73763216
v -0.05140357 -0.62255973 1.73978901
v -0.05042498 -0.62290311 1.74201035
v -0.04933167 -0.62278408 1.74421060
v -0.04816389 -0.62220669 1.74630415
v -0.04696621 -0.62119395 1.74821150
v -0.04578637 -0.61978400 1.74985957
v -0.04466918 -0.61803067 1.75118375
v -0.05191411 -0.61297369 1.73000026
v -0.05184837 -0.61521459 1.73054695
v -0.05159665 -0.61739814 1.73157501
v -0.05118201 -0.61933041 1.73298335
v -0.05062317 -0.62093681 1.73471701
v -0.04994040 -0.62215620 1.73670983
v -0.04916051 -0.62294257 1.73888445
v -0.04831288 -0.62326336 1.74115777
v -0.04743069 -0.62310839 1.74344361
v -0.04654667 -0.62248236 1.74565172
v -0.04569674 -0.62141013 1.74769974
v -0.04491178 -0.61993396 1.74950647
v -0.04422256 -0.61810637 1.75100374
v -0.05057571 -0.61294806 1.72958469
v -0.05016351 -0.61518341 1.73002315
v -0.04961457 -0.61736143 1.73095977
v -0.04898033 -0.61928964 1.73230004
v -0.04828573 -0.62089312 1.73399162
v -0.04755717 -0.62211263 1.73596966
v -0.04682290 -0.62289822 1.73815906
v -0.04611117 -0.62322271 1.74047410
v -0.04544889 -0.62307155 1.74282801
v -0.04486197 -0.62245083 1.74512851
v -0.04437247 -0.62138581 1.74728799
v -0.04399992 -0.61991656 1.74922335
v -0.04375810 -0.61809802 1.75085974
v -0.04923366 -0.61268079 1.72928786
v -0.04847419 -0.61484653 1.72964931
v -0.04762745 -0.61696488 1.73051953
v -0.04677330 -0.61884934 1.73181117
v -0.04594272 -0.62042654 1.73347187
v -0.04516802 -0.62163568 1.73544025
v -0.04447995 -0.62243140 1.73763943
v -0.04390459 -0.62278235 1.73998463
v -0.04346235 -0.62267542 1.74238777
v -0.04317289 -0.62211400 1.74475455
v -0.04304524 -0.62112117 1.74699414
v -0.04308499 -0.61973417 1.74902070
v -0.04329151 -0.61800522 1.75075591
v -0.04794045 -0.61218059 1.72911978
v -0.04684443 -0.61421716 1.72943759
v -0.04571208 -0.61622417 1.73027110
v -0.04464472 -0.61802614 1.73153520
v -0.04368275 -0.61955309 1.73317862
v -0.04286405 -0.62074554 1.73514128
v -0.04222056 -0.62155801 1.73734593
v -0.04177604 -0.62195957 1.73970926
v -0.04154745 -0.62193489 1.74213946
v -0.04154399 -0.62148452 1.74454296
v -0.04176566 -0.62062675 1.74682784
v -0.04220342 -0.61939305 1.74890661
v -0.04284240 -0.61783135 1.75069761
v -0.04674507 -0.61146802 1.72908711
v -0.04533860 -0.61331886 1.72939754
v -0.04394149 -0.61516804 1.73022413
v -0.04267742 -0.61685276 1.73148310
v -0.04159584 -0.61830711 1.73312449
v -0.04073599 -0.61947495 1.73508537
v -0.04013385 -0.62031198 1.73729181
v -0.03980940 -0.62078536 1.73965752
v -0.03977727 -0.62087864 1.74209285
v -0.04003835 -0.62058657 1.74450278
v -0.04058268 -0.61992115 1.74679697
v -0.04138962 -0.61890733 1.74888492
v -0.04242665 -0.61758351 1.75068641
v -0.04569354 -0.61056888 1.72919357
v -0.04401462 -0.61218667 1.72953105
v -0.04238429 -0.61383700 1.73038101
v -0.04094719 -0.61537373 1.73165691
v -0.03975827 -0.61673641 1.73330951
v -0.03886320 -0.61787343 1.73527396
v -0.03829664 -0.61874139 1.73747694
v -0.03807982 -0.61930597 1.73983145
v -0.03822051 -0.61954772 1.74224997
v -0.03871485 -0.61945403 1.74463654
v -0.03954253 -0.61903185 1.74690163
v -0.04067262 -0.61829448 1.74895680
v -0.04206233 -0.61727124 1.75072396
v -0.04482656 -0.60951900 1.72943211
v -0.04292161 -0.61086416 1.72983146
v -0.04110021 -0.61228150 1.73073483
v -0.03952025 -0.61364532 1.73205042
v -0.03824371 -0.61490130 1.73372722
v -0.03731805 -0.61600292 1.73570037
v -0.03678079 -0.61690634 1.73789477
v -0.03665247 -0.61757845 1.74022579
v -0.03693676 -0.61799216 1.74260414
v -0.03762233 -0.61813140 1.74493754
v -0.03868452 -0.61799240 1.74713874
v -0.04008137 -0.61757791 1.74912024
v -0.04176058 -0.61690688 1.75080657
v -0.04417745 -0.60835809 1.72979522
v -0.04210334 -0.60940123 1.73028851
v -0.04013794 -0.61056197 1.73127210
v -0.03845118 -0.61173427 1.73264790
v -0.03710908 -0.61287320 1.73436141
v -0.03616116 -0.61393410 1.73634791
v -0.03564564 -0.61487877 1.73852921
v -0.03558346 -0.61566728 1.74082386
v -0.03597476 -0.61627257 1.74314237
v -0.03680441 -0.61666930 1.74539542
v -0.03804151 -0.61684304 1.74749851
v -0.03963916 -0.61678720 1.74936843
v -0.04153498 -0.61650288 1.75093293
v -0.04376977 -0.60713011 1.73026752
v -0.04159052 -0.60785329 1.73088384
v -0.03953431 -0.60874343 1.73197258
v -0.03778050 -0.60971308 1.73342478
v -0.03639710 -0.61072862 1.73518836
v -0.03543721 -0.61174846 1.73719084
v -0.03493473 -0.61273360 1.73935640
v -0.03491262 -0.61364716 1.74160278
v -0.03537174 -0.61445510 1.74384379
v -0.03629230 -0.61512280 1.74599266
v -0.03763970 -0.61562902 1.74796689
v -0.03936132 -0.61595070 1.74969053
v -0.04139370 -0.61607659 1.75109780
v -0.04362038 -0.60588133 1.73083079
v -0.04140153 -0.60628164 1.73159301
v -0.03931222 -0.60689479 1.73280811
v -0.03753620 -0.60766190 1.73435521
v -0.03613758 -0.60855150 1.73617554
v -0.03517064 -0.60952860 1.73819757
v -0.03467619 -0.61055654 1.74034464
v -0.03466854 -0.61159641 1.74253321
v -0.03515072 -0.61260855 1.74468112
v -0.03610472 -0.61355340 1.74670446
v -0.03749199 -0.61439526 1.74852610
v -0.03925930 -0.61510086 1.75007617
v -0.04134138 -0.61564338 1.75129390
v -0.04373543 -0.60466456 1.73146665
v -0.04154648 -0.60474759 1.73239386
v -0.03948328 -0.60509062 1.73375010
v -0.03772490 -0.60565776 1.73540068
v -0.03633780 -0.60642332 1.73728573
v -0.03537699 -0.60735959 1.73932981
v -0.03487640 -0.60842949 1.74145472
v -0.03485789 -0.60959285 1.74357915
v -0.03532185 -0.61080533 1.74562275
v -0.03624981 -0.61201990 1.74750471
v -0.03760609 -0.61318982 1.74915576
v -0.03933810 -0.61427045 1.75050926
v -0.04138160 -0.61522055 1.75151491
v -0.04411149 -0.60352337 1.73215008
v -0.04201968 -0.60330963 1.73325431
v -0.04003964 -0.60340023 1.73476076
v -0.03834247 -0.60377812 1.73652339
v -0.03699275 -0.60442746 1.73847675
v -0.03604325 -0.60532415 1.74054360
v -0.03553080 -0.60643369 1.74264526
v -0.03547450 -0.60771352 1.74470067
v -0.03587649 -0.60911381 1.74663162
v -0.03672161 -0.61058134 1.74836338
v -0.03797682 -0.61206007 1.74982953
v -0.03959407 -0.61349213 1.75097430
v -0.04151189 -0.61482316 1.75175190
v -0.04473036 -0.60250139 1.73285222
v -0.04280016 -0.60202289 1.73413885
v -0.04095745 -0.60188597 1.73579979
v -0.03936197 -0.60209507 1.73767745
v -0.03807576 -0.60264182 1.73970175
v -0.03714756 -0.60350311 1.74179244
v -0.03661416 -0.60464787 1.74386966
v -0.03649474 -0.60603046 1.74585414
v -0.03679432 -0.60759938 1.74767029
v -0.03750156 -0.60929310 1.74924648
v -0.03858990 -0.61104721 1.75052357
v -0.04001613 -0.61279547 1.75145161
v -0.04172665 -0.61446750 1.75199544
v -0.04557135 -0.60163832 1.73354685
v -0.04386069 -0.60093570 1.73501420
v -0.04220287 -0.60060740 1.73682809
v -0.04074639 -0.60067356 1.73881948
v -0.03954512 -0.60113293 1.74091387
v -0.03864576 -0.60196441 1.74302804
v -0.03808336 -0.60313874 1.74508214
v -0.03787882 -0.60460901 1.74699545
v -0.03803967 -0.60631979 1.74869752
v -0.03856095 -0.60820496 1.75011981
v -0.03942171 -0.61019260 1.75120997
v -0.04058903 -0.61220580 1.75192475
v -0.04201959 -0.61416817 1.75223613
v -0.04660156 -0.60096675 1.73420680
v -0.04515762 -0.60008967 1.73584557
v -0.04372886 -0.59961307 1.73780560
v -0.04244145 -0.59956867 1.73990595
v -0.04134512 -0.59995925 1.74206710
v -0.04047998 -0.60076767 1.74420345
v -0.03988274 -0.60196447 1.74623466
v -0.03957370 -0.60350353 1.74808133
v -0.03956541 -0.60532516 1.74967432
v -0.03985786 -0.60735881 1.75095105
v -0.04044087 -0.60952795 1.75186265
v -0.04129206 -0.61174822 1.75237441
v -0.04237663 -0.61393416 1.75246525
v -0.04365548 -0.61600274 1.75213456
v -0.04778082 -0.60051489 1.73480797
v -0.04664337 -0.59951961 1.73660231
v -0.04547566 -0.59894150 1.73869467
v -0.04438305 -0.59882200 1.74089479
v -0.04340438 -0.59916550 1.74311614
v -0.04258063 -0.59995925 1.74527311
v -0.04194228 -0.60117120 1.74728346
v -0.04151462 -0.60275614 1.74906957
v -0.04131144 -0.60465240 1.75056338
v -0.04134291 -0.60678709 1.75170708
v -0.04160832 -0.60907876 1.75245738
v -0.04209497 -0.61143911 1.75278342
v -0.04278662 -0.61377680 1.75267386
v -0.04906391 -0.60029531 1.73532605
v -0.04826095 -0.59924507 1.73725510
v -0.04737649 -0.59861815 1.73946249
v -0.04649496 -0.59846240 1.74174726
v -0.04564669 -0.59878421 1.74402153
v -0.04486710 -0.59957045 1.74619579
v -0.04418491 -0.60078895 1.74818826
v -0.04362661 -0.60239553 1.74992228
v -0.04321206 -0.60432792 1.75133085
v -0.04296086 -0.60651189 1.75235963
v -0.04287778 -0.60886264 1.75296926
v -0.04297036 -0.61128926 1.75313711
v -0.04323282 -0.61370075 1.75285435
v -0.05040236 -0.60032010 1.73574090
v -0.04994563 -0.59927595 1.73777807
v -0.04935869 -0.59865475 1.74007833
v -0.04869648 -0.59850377 1.74243116
v -0.04798437 -0.59882814 1.74474728
v -0.04725024 -0.59961379 1.74693573
v -0.04652250 -0.60083318 1.74891472
v -0.04582841 -0.60243630 1.75060582
v -0.04519441 -0.60436463 1.75194621
v -0.04464554 -0.60654283 1.75288284
v -0.04420212 -0.60888660 1.75338113
v -0.04388240 -0.61130673 1.75341940
v -0.04369786 -0.61370915 1.75299847
v -0.05174380 -0.60058832 1.73603880
v -0.05163459 -0.59961307 1.73815286
v -0.05134574 -0.59905112 1.74051881
v -0.05090363 -0.59894329 1.74292040
v -0.05032765 -0.59929466 1.74526691
v -0.04963974 -0.60009098 1.74746537
v -0.04886554 -0.60129929 1.74943376
v -0.04803487 -0.60287672 1.75109529
v -0.04718092 -0.60476124 1.75238657
v -0.04633470 -0.60687983 1.75325716
v -0.04552984 -0.60915172 1.75367475
v -0.04479719 -0.61148834 1.75362289
v -0.04416385 -0.61380237 1.75310194
v -0.05303689 -0.60108811 1.73620605
v -0.05326447 -0.60024214 1.73836422
v -0.05326131 -0.59979165 1.74076653
v -0.05303222 -0.59976625 1.74319625
v -0.05258782 -0.60016775 1.74555957
v -0.05194269 -0.60098076 1.74776411
v -0.05112535 -0.60217291 1.74972677
v -0.05016344 -0.60369956 1.75137079
v -0.04909629 -0.60550153 1.75263453
v -0.04796371 -0.60750914 1.75346828
v -0.04680864 -0.60964584 1.75384092
v -0.04567816 -0.61183000 1.75373662
v -0.04461356 -0.61397624 1.75315976
v -0.05423307 -0.60179913 1.73623729
v -0.05477057 -0.60113984 1.73840332
v -0.05503220 -0.60084748 1.74081290
v -0.05500000 -0.60093987 1.74324763
v -0.05467508 -0.60141385 1.74561405
v -0.05407250 -0.60225046 1.74782014
v -0.05321235 -0.60341895 1.74978065
v -0.05213066 -0.60487318 1.75142217
v -0.05086636 -0.60655743 1.75268126
v -0.04946896 -0.60840756 1.75350785
v -0.04799242 -0.61035168 1.75387192
v -0.04649285 -0.61231506 1.75375831
v -0.04502898 -0.61422324 1.75317109
v -0.05528535 -0.60269761 1.73613083
v -0.05609502 -0.60227132 1.73826957
v -0.05658955 -0.60217786 1.74065578
v -0.05673027 -0.60241848 1.74307275
v -0.05651202 -0.60298461 1.74542832
v -0.05594510 -0.60385203 1.74763060
v -0.05504924 -0.60498953 1.74959612
v -0.05386054 -0.60635233 1.75124764
v -0.05242332 -0.60788864 1.75252438
v -0.05079297 -0.60953915 1.75337410
v -0.04903295 -0.61124080 1.75376713
v -0.04720988 -0.61292821 1.75368607
v -0.04539372 -0.61453623 1.75313377
v -0.05615235 -0.60374784 1.73589158
v -0.05718799 -0.60359383 1.73796797
v -0.05787374 -0.60373276 1.74030113
v -0.05815726 -0.60414696 1.74267888
v -0.05802784 -0.60481942 1.74501014
v -0.05749017 -0.60572255 1.74720490
v -0.05656433 -0.60682410 1.74917734
v -0.05528739 -0.60808003 1.75085390
v -0.05370694 -0.60944408 1.75216973
v -0.05188489 -0.61086202 1.75307322
v -0.04989081 -0.61228037 1.75353003
v -0.04780050 -0.61364448 1.75352287
v -0.04569539 -0.61490077 1.75305128
v -0.05680105 -0.60490859 1.73552823
v -0.05800647 -0.60505599 1.73751009
v -0.05883581 -0.60545290 1.73976243
v -0.05922658 -0.60605741 1.74208033
v -0.05916281 -0.60684669 1.74437547
v -0.05864725 -0.60779119 1.74655735
v -0.05769936 -0.60885179 1.74854302
v -0.05635626 -0.60999137 1.75025594
v -0.05466874 -0.61116332 1.75163126
v -0.05270284 -0.61232412 1.75261533
v -0.05053290 -0.61342955 1.75317013
v -0.04824283 -0.61443579 1.75327551
v -0.04592049 -0.61530399 1.75292456
v -0.05720918 -0.60613561 1.73505449
v -0.05851943 -0.60660255 1.73691297
v -0.05943925 -0.60727048 1.73906112
v -0.05989717 -0.60807741 1.74130118
v -0.05987387 -0.60899127 1.74354815
v -0.05937112 -0.60997713 1.74571347
v -0.05841071 -0.61099720 1.74771559
v -0.05702582 -0.61201155 1.74947643
v -0.05527154 -0.61298174 1.75092983
v -0.05321512 -0.61387062 1.75201821
v -0.05093523 -0.61464375 1.75270200
v -0.04852102 -0.61527222 1.75295234
v -0.04606209 -0.61573064 1.75276041
v -0.11253311 -0.61009121 1.74899185
v -0.11393312 -0.61044633 1.74980628
v -0.11513790 -0.61092311 1.75083852
v -0.11605693 -0.61147928 1.75199950
v -0.11251436 -0.61037147 1.74884081
v -0.11389551 -0.61099738 1.74951172
v -0.11508134 -0.61172289 1.75041080
v -0.11598289 -0.61248922 1.75146103
v -0.11243396 -0.61063623 1.74867964
v -0.11373717 -0.61151552 1.74919653
v -0.11485223 -0.61247641 1.74995339
v -0.11569448 -0.61343837 1.75088489
v -0.11229742 -0.61087418 1.74851441
v -0.11346847 -0.61198229 1.74887109
v -0.11446135 -0.61315382 1.74948168
v -0.11520132 -0.61429298 1.75029111
v -0.11210740 -0.61107564 1.74835038
v -0.11309782 -0.61237842 1.74855030
v -0.11392318 -0.61372888 1.74901557
v -0.11452261 -0.61501944 1.74970341
v -0.11187479 -0.61123455 1.74819422
v -0.11263995 -0.61268926 1.74824476
v -0.11325802 -0.61418122 1.74857330
v -0.11368170 -0.61558944 1.74914527
v -0.11160511 -0.61134332 1.74805379
v -0.11211139 -0.61290354 1.74796748
v -0.11249062 -0.61449134 1.74817061
v -0.11271404 -0.61598128 1.74863803
v -0.11130966 -0.61139894 1.74793053
v -0.11153403 -0.61301196 1.74772894
v -0.11165166 -0.61464882 1.74782336
v -0.11165704 -0.61617994 1.74820065
v -0.11100137 -0.61139858 1.74783373
v -0.11092810 -0.61301106 1.74753726
v -0.11077239 -0.61464721 1.74754572
v -0.11054917 -0.61617738 1.74784923
v -0.11069088 -0.61134160 1.74776280
v -0.11031844 -0.61289978 1.74739933
v -0.10988770 -0.61448598 1.74734640
v -0.10943313 -0.61597407 1.74759936
v -0.11038940 -0.61123085 1.74772382
v -0.10972878 -0.61268306 1.74732327
v -0.10903090 -0.61417180 1.74723542
v -0.10835385 -0.61557817 1.74745822
v -0.11011030 -0.61107117 1.74771714
v -0.10918048 -0.61236972 1.74730921
v -0.10823534 -0.61371696 1.74721503
v -0.10735065 -0.61500430 1.74743271
v -0.10986359 -0.61086762 1.74774313
v -0.10869610 -0.61197114 1.74735880
v -0.10753155 -0.61313814 1.74728620
v -0.10646233 -0.61427510 1.74752188
v -0.10965741 -0.61062896 1.74779868
v -0.10829255 -0.61150301 1.74746954
v -0.10694616 -0.61245847 1.74744749
v -0.10572463 -0.61341751 1.74772596
v -0.10950147 -0.61036432 1.74788475
v -0.10798635 -0.61098313 1.74763894
v -0.10650215 -0.61170352 1.74769187
v -0.10516476 -0.61246568 1.74803388
v -0.10940160 -0.61008227 1.74799681
v -0.10778891 -0.61043149 1.74785662
v -0.10621545 -0.61090267 1.74801052
v -0.10480408 -0.61145639 1.74843526
v -0.10935937 -0.60979617 1.74813068
v -0.10770844 -0.60986912 1.74811959
v -0.10609860 -0.61008638 1.74839067
v -0.10465589 -0.61042690 1.74891365
v -0.10938074 -0.60951626 1.74828148
v -0.10774779 -0.60931879 1.74841475
v -0.10615544 -0.60928655 1.74881816
v -0.10472789 -0.60941255 1.74945664
v -0.10945916 -0.60924506 1.74844468
v -0.10790543 -0.60879827 1.74873018
v -0.10638471 -0.60853195 1.74927783
v -0.10501666 -0.60846734 1.75003242
v -0.10959658 -0.60901153 1.74860799
v -0.10817489 -0.60833323 1.74905634
v -0.10677595 -0.60785580 1.74975014
v -0.10551070 -0.60761416 1.75062740
v -0.10978699 -0.60880995 1.74877167
v -0.10854667 -0.60793734 1.74937749
v -0.10731473 -0.60728133 1.75021648
v -0.10618983 -0.60688728 1.75121522
v -0.11002004 -0.60865152 1.74892819
v -0.10900420 -0.60762614 1.74968243
v -0.10798059 -0.60682940 1.75065887
v -0.10703021 -0.60631955 1.75177431
v -0.11028922 -0.60854268 1.74906874
v -0.10953297 -0.60741270 1.74996006
v -0.10874729 -0.60651922 1.75106120
v -0.10799748 -0.60592806 1.75228238
v -0.11058424 -0.60848743 1.74919116
v -0.11011010 -0.60730344 1.75019860
v -0.10958651 -0.60636139 1.75140834
v -0.10905446 -0.60572994 1.75271893
v -0.11089222 -0.60848832 1.74928904
v -0.11071523 -0.60730499 1.75039017
v -0.11046456 -0.60636353 1.75168633
v -0.11016226 -0.60573196 1.75307012
v -0.11120234 -0.60854423 1.74935830
v -0.11132498 -0.60741603 1.75052738
v -0.11134963 -0.60652447 1.75188518
v -0.11127792 -0.60593629 1.75332046
v -0.11150385 -0.60865468 1.74939775
v -0.11191395 -0.60763240 1.75060368
v -0.11220501 -0.60683894 1.75199640
v -0.11235695 -0.60633171 1.75346053
v -0.11178282 -0.60881466 1.74940491
v -0.11246239 -0.60794538 1.75061679
v -0.11300084 -0.60729367 1.75201643
v -0.11335957 -0.60690540 1.75348616
v -0.11202905 -0.60901839 1.74937940
v -0.11294599 -0.60834450 1.75056756
v -0.11370401 -0.60787231 1.75194442
v -0.11424799 -0.60763401 1.75339460
v -0.11223513 -0.60925639 1.74932277
v -0.11334856 -0.60881156 1.75045633
v -0.11428916 -0.60855103 1.75178266
v -0.11498453 -0.60849202 1.75319052
v -0.11098880 -0.60986888 1.74842477
v -0.11239108 -0.60952091 1.74923611
v -0.11365448 -0.60933149 1.75028682
v -0.11473264 -0.60930634 1.75153756
v -0.11554506 -0.60944319 1.75288165
v -0.11249244 -0.60980213 1.74912345
v -0.11385287 -0.60988152 1.75006747
v -0.11501947 -0.61010635 1.75121808
v -0.11590593 -0.61044955 1.75247931
v -0.11698468 -0.61196744 1.75303078
v -0.11838084 -0.61278641 1.75473976
v -0.11939725 -0.61378485 1.75675547
v -0.11995281 -0.61486691 1.75889325
v -0.12002365 -0.61599010 1.76107216
v -0.11961150 -0.61711502 1.76320457
v -0.11873020 -0.61819673 1.76520979
v -0.11741655 -0.61919367 1.76701117
v -0.11571747 -0.62006736 1.76853955
v -0.11369888 -0.62078393 1.76973534
v -0.11143909 -0.62131667 1.77055478
v -0.10902537 -0.62164402 1.77096498
v -0.10654868 -0.62175369 1.77094889
v -0.11689444 -0.61318028 1.75238478
v -0.11826992 -0.61431241 1.75392485
v -0.11926527 -0.61557865 1.75579834
v -0.11980817 -0.61685878 1.75782859
v -0.11987144 -0.61810762 1.75994110
v -0.11945570 -0.61927450 1.76205015
v -0.11857955 -0.62031460 1.76407766
v -0.11727415 -0.62118828 1.76594460
v -0.11558835 -0.62186301 1.76757979
v -0.11358912 -0.62231028 1.76891994
v -0.11135292 -0.62251639 1.76991308
v -0.10896604 -0.62247056 1.77052271
v -0.10651810 -0.62217462 1.77072370
v -0.11654644 -0.61432159 1.75169098
v -0.11783098 -0.61575198 1.75305116
v -0.11874990 -0.61726987 1.75477028
v -0.11923446 -0.61873877 1.75668776
v -0.11926433 -0.62010247 1.75872803
v -0.11883856 -0.62130696 1.76081419
v -0.11797391 -0.62230933 1.76286471
v -0.11670291 -0.62306690 1.76480222
v -0.11507516 -0.62355328 1.76655126
v -0.11315359 -0.62374854 1.76804483
v -0.11101091 -0.62364542 1.76922703
v -0.10872912 -0.62324846 1.77004957
v -0.10639796 -0.62257111 1.77048230
v -0.11595444 -0.61534762 1.75097704
v -0.11708310 -0.61704522 1.75215328
v -0.11787049 -0.61879075 1.75371468
v -0.11825755 -0.62042892 1.75551367
v -0.11822766 -0.62189543 1.75748169
v -0.11778224 -0.62313646 1.75954318
v -0.11693773 -0.62410188 1.76161838
v -0.11572723 -0.62475657 1.76362741
v -0.11419664 -0.62507415 1.76549447
v -0.11240713 -0.62504154 1.76714599
v -0.11042380 -0.62466204 1.76852036
v -0.10832603 -0.62394768 1.76956308
v -0.10619199 -0.62292838 1.77023435
v -0.11513719 -0.61622012 1.75027180
v -0.11605276 -0.61814415 1.75126481
v -0.11666033 -0.62008280 1.75266993
v -0.11691289 -0.62186468 1.75435257
v -0.11680004 -0.62342036 1.75624907
v -0.11632667 -0.62469029 1.75828576
v -0.11551005 -0.62562644 1.76038480
v -0.11438343 -0.62619209 1.76246595
v -0.11298756 -0.62636626 1.76444888
v -0.11137789 -0.62614012 1.76625705
v -0.10961574 -0.62552512 1.76782179
v -0.10776913 -0.62454271 1.76908171
v -0.10590763 -0.62323087 1.76998878
v -0.11412752 -0.61690521 1.74960101
v -0.11478171 -0.61900634 1.75041997
v -0.11516556 -0.62109673 1.75167620
v -0.11525191 -0.62299138 1.75324893
v -0.11503619 -0.62461662 1.75507689
v -0.11452906 -0.62591052 1.75709081
v -0.11374676 -0.62682307 1.75921309
v -0.11272283 -0.62731838 1.76136208
v -0.11149356 -0.62737966 1.76345563
v -0.11010785 -0.62700260 1.76541209
v -0.10861722 -0.62620270 1.76715779
v -0.10708117 -0.62500960 1.76862431
v -0.10555826 -0.62346911 1.76975572
v -0.11296445 -0.61737525 1.74899149
v -0.11331663 -0.61959976 1.74965143
v -0.11344402 -0.62179339 1.75077271
v -0.11333826 -0.62376583 1.75224495
v -0.11300628 -0.62543917 1.75401103
v -0.11245883 -0.62674898 1.75600421
v -0.11171718 -0.62764502 1.75814724
v -0.11080922 -0.62809324 1.76035810
v -0.10977136 -0.62807655 1.76255202
v -0.10864317 -0.62759513 1.76464367
v -0.10746650 -0.62666750 1.76655400
v -0.10628904 -0.62532973 1.76820886
v -0.10515365 -0.62363243 1.76954424
v -0.11169276 -0.61761367 1.74846566
v -0.11171424 -0.61989939 1.74898887
v -0.11156061 -0.62214708 1.74999321
v -0.11124559 -0.62415850 1.75137877
v -0.11078435 -0.62585580 1.75309217
v -0.11019339 -0.62717295 1.75506759
v -0.10949503 -0.62806153 1.75722861
v -0.10871659 -0.62848544 1.75949228
v -0.10788862 -0.62842977 1.76177359
v -0.10704093 -0.62789476 1.76398158
v -0.10620853 -0.62690347 1.76603389
v -0.10542212 -0.62549281 1.76785064
v -0.10471180 -0.62371540 1.76936138
v -0.11036079 -0.61761063 1.74804378
v -0.11003777 -0.61989546 1.74845743
v -0.10958818 -0.62214267 1.74936879
v -0.10905461 -0.62415397 1.75068545
v -0.10845818 -0.62584984 1.75235629
v -0.10782158 -0.62716812 1.75431681
v -0.10716900 -0.62805581 1.75649273
v -0.10652566 -0.62848079 1.75879908
v -0.10591619 -0.62842560 1.76114893
v -0.10536440 -0.62789118 1.76345086
v -0.10489084 -0.62690067 1.76561666
v -0.10451400 -0.62549061 1.76756287
v -0.10424887 -0.62371427 1.76921499
v -0.10901967 -0.61736679 1.74774337
v -0.10834950 -0.61958778 1.74807930
v -0.10760237 -0.62178099 1.74892330
v -0.10684906 -0.62375188 1.75019062
v -0.10611670 -0.62542367 1.75183058
v -0.10543389 -0.62673283 1.75378132
v -0.10482764 -0.62763017 1.75596666
v -0.10432046 -0.62807858 1.75830364
v -0.10393089 -0.62806344 1.76070368
v -0.10367651 -0.62758380 1.76307201
v -0.10356405 -0.62665844 1.76531935
v -0.10360044 -0.62532449 1.76735795
v -0.10378329 -0.62362915 1.76911044
v -0.10772191 -0.61689043 1.74757433
v -0.10671367 -0.61898839 1.74786663
v -0.10567994 -0.62107551 1.74867356
v -0.10471269 -0.62296820 1.74991310
v -0.10384874 -0.62459195 1.75153518
v -0.10312253 -0.62588525 1.75348067
v -0.10255946 -0.62679791 1.75567174
v -0.10218418 -0.62729520 1.75802660
v -0.10200888 -0.62735820 1.76045346
v -0.10204099 -0.62698448 1.76285934
v -0.10228038 -0.62618780 1.76515198
v -0.10271564 -0.62499934 1.76724339
v -0.10333169 -0.62346381 1.76905179
v -0.10651618 -0.61620092 1.74754357
v -0.10519525 -0.61811990 1.74782777
v -0.10389424 -0.62005424 1.74862814
v -0.10272869 -0.62183356 1.74986303
v -0.10174359 -0.62338746 1.75148308
v -0.10097511 -0.62465686 1.75342679
v -0.10045450 -0.62559301 1.75562012
v -0.10020067 -0.62616003 1.75797725
v -0.10022369 -0.62633699 1.76040924
v -0.10052317 -0.62611580 1.76282108
v -0.10108660 -0.62550539 1.76512265
v -0.10189464 -0.62452924 1.76722276
v -0.10291316 -0.62322479 1.76904070
v -0.10544917 -0.61532491 1.74765229
v -0.10385157 -0.61701596 1.74796569
v -0.10231455 -0.61875671 1.74879098
v -0.10097358 -0.62039071 1.75004363
v -0.09988010 -0.62185574 1.75167513
v -0.09907568 -0.62309504 1.75362253
v -0.09859131 -0.62406152 1.75581181
v -0.09844576 -0.62471747 1.75815809
v -0.09864412 -0.62503916 1.76057172
v -0.09918068 -0.62501174 1.76295948
v -0.10003176 -0.62463844 1.76523101
v -0.10116681 -0.62393200 1.76729691
v -0.10254288 -0.62291980 1.76907945
v -0.10456230 -0.61429441 1.74789739
v -0.10273396 -0.61571944 1.74827397
v -0.10100146 -0.61723173 1.74915409
v -0.09951396 -0.61869591 1.75044727
v -0.09833005 -0.62005639 1.75210285
v -0.09749558 -0.62126040 1.75405943
v -0.09704168 -0.62226206 1.75624025
v -0.09698654 -0.62302303 1.75856161
v -0.09733134 -0.62351310 1.76093554
v -0.09806310 -0.62371480 1.76326823
v -0.09915440 -0.62361938 1.76547384
v -0.10056279 -0.62322950 1.76746452
v -0.10223457 -0.62256235 1.76916456
v -0.10388988 -0.61315113 1.74826920
v -0.10188642 -0.61427873 1.74874210
v -0.10000461 -0.61553741 1.74970412
v -0.09840596 -0.61681342 1.75105822
v -0.09715419 -0.61805910 1.75275159
v -0.09629659 -0.61922383 1.75472105
v -0.09586565 -0.62026477 1.75688863
v -0.09587942 -0.62114042 1.75917339
v -0.09633535 -0.62181950 1.76148593
v -0.09721612 -0.62227404 1.76373696
v -0.09848878 -0.62248647 1.76584196
v -0.10010464 -0.62245041 1.76771832
v -0.10200149 -0.62216449 1.76929367
v -0.10345627 -0.61193728 1.74875247
v -0.10134099 -0.61274886 1.74935091
v -0.09936288 -0.61374003 1.75041986
v -0.09769244 -0.61481571 1.75185275
v -0.09639744 -0.61593819 1.75359702
v -0.09552572 -0.61706150 1.75558269
v -0.09510949 -0.61814356 1.75773406
v -0.09516609 -0.61914337 1.75996852
v -0.09569330 -0.62002224 1.76220202
v -0.09667110 -0.62074476 1.76434684
v -0.09806062 -0.62128592 1.76632047
v -0.09980867 -0.62162316 1.76804709
v -0.10185072 -0.62174320 1.76946175
v -0.10327955 -0.61070037 1.74932909
v -0.10111872 -0.61119151 1.75007796
v -0.09910065 -0.61190796 1.75127411
v -0.09740303 -0.61278093 1.75280225
v -0.09608981 -0.61377788 1.75460529
v -0.09521107 -0.61485857 1.75660992
v -0.09480171 -0.61598331 1.75874197
v -0.09487595 -0.61710811 1.76091838
v -0.09543166 -0.61819041 1.76305652
v -0.09644850 -0.61918783 1.76507282
v -0.09788536 -0.62006199 1.76689136
v -0.09968943 -0.62078011 1.76844132
v -0.10178947 -0.62131333 1.76966250
v -0.10336608 -0.60948873 1.74997890
v -0.10122776 -0.60966551 1.75089455
v -0.09923004 -0.61011261 1.75223482
v -0.09754534 -0.61078590 1.75386906
v -0.09624049 -0.61165953 1.75573695
v -0.09536601 -0.61269957 1.75776494
v -0.09495208 -0.61386609 1.75987363
v -0.09501814 -0.61511379 1.76198411
v -0.09555977 -0.61639535 1.76401591
v -0.09655751 -0.61766088 1.76588845
v -0.09797151 -0.61886203 1.76753271
v -0.09974737 -0.61995316 1.76888251
v -0.10181935 -0.62089181 1.76988769
v -0.10371355 -0.60834765 1.75067425
v -0.10166438 -0.60822672 1.75177026
v -0.09974331 -0.60842246 1.75326395
v -0.09811611 -0.60890770 1.75501251
v -0.09684582 -0.60966504 1.75695026
v -0.09598188 -0.61066675 1.75900102
v -0.09555744 -0.61187106 1.76108718
v -0.09558807 -0.61323512 1.76312733
v -0.09607293 -0.61470407 1.76504421
v -0.09699334 -0.61622280 1.76676369
v -0.09831364 -0.61773312 1.76821911
v -0.09998405 -0.61917520 1.76935649
v -0.10193977 -0.62049508 1.77012908
v -0.10430597 -0.60732168 1.75138831
v -0.10241117 -0.60693419 1.75267041
v -0.10062178 -0.60690171 1.75432193
v -0.09909262 -0.60721862 1.75618792
v -0.09788211 -0.60787308 1.75819755
v -0.09703843 -0.60883772 1.76027298
v -0.09659379 -0.61007833 1.76233375
v -0.09656418 -0.61154521 1.76430202
v -0.09695107 -0.61318409 1.76610184
v -0.09773960 -0.61492985 1.76766264
v -0.09890036 -0.61671686 1.76892579
v -0.10038780 -0.61847591 1.76984251
v -0.10214535 -0.62013841 1.77037692
v -0.10512257 -0.60644931 1.75209498
v -0.10344046 -0.60583615 1.75355983
v -0.10183112 -0.60561001 1.75536776
v -0.10043670 -0.60578310 1.75734973
v -0.09930927 -0.60634911 1.75943136
v -0.09849366 -0.60728443 1.76153052
v -0.09802037 -0.60855460 1.76356781
v -0.09790801 -0.61010993 1.76546359
v -0.09816009 -0.61189210 1.76714706
v -0.09876816 -0.61383140 1.76855135
v -0.09970823 -0.61585319 1.76962483
v -0.10094422 -0.61788046 1.77032387
v -0.10242995 -0.61983562 1.77062178
v -0.10613196 -0.60576546 1.75276613
v -0.10471134 -0.60497415 1.75440526
v -0.10332575 -0.60459697 1.75636148
v -0.10209705 -0.60465717 1.75845420
v -0.10107213 -0.60515261 1.76060426
v -0.10029042 -0.60606456 1.76272583
v -0.09978320 -0.60735869 1.76473975
v -0.09956840 -0.60898376 1.76656747
v -0.09965445 -0.61087817 1.76814067
v -0.10003883 -0.61296916 1.76939642
v -0.10070676 -0.61517608 1.77028811
v -0.10163235 -0.61741382 1.77078104
v -0.10277960 -0.61959708 1.77085519
v -0.10410521 -0.62164176 1.77050996
v -0.10729435 -0.60529649 1.75337720
v -0.10617536 -0.60438192 1.75517464
v -0.10504749 -0.60390019 1.75726533
v -0.10401052 -0.60388279 1.75945878
v -0.10310261 -0.60433024 1.76166964
v -0.10236207 -0.60522676 1.76381361
v -0.10181348 -0.60653639 1.76580572
v -0.10148163 -0.60820937 1.76757216
v -0.10137619 -0.61018169 1.76904392
v -0.10150313 -0.61237627 1.77016497
v -0.10185761 -0.61471057 1.77089262
v -0.10242470 -0.61709404 1.77119684
v -0.10318390 -0.61943418 1.77106690
v -0.10856576 -0.60505819 1.75390339
v -0.10777837 -0.60408258 1.75583720
v -0.10693079 -0.60354716 1.75804484
v -0.10610335 -0.60349035 1.76032436
v -0.10532467 -0.60391450 1.76258898
v -0.10462666 -0.60480273 1.76474917
v -0.10403547 -0.60611963 1.76672435
v -0.10357449 -0.60781670 1.76843750
v -0.10325957 -0.60982883 1.76982284
v -0.10310505 -0.61207676 1.77082741
v -0.10311542 -0.61447501 1.77141237
v -0.10329098 -0.61693096 1.77155542
v -0.10362589 -0.61935139 1.77125013
v -0.10989784 -0.60506058 1.75432408
v -0.10945496 -0.60408592 1.75636780
v -0.10890321 -0.60355133 1.75866890
v -0.10829425 -0.60349560 1.76101816
v -0.10765064 -0.60392052 1.76332510
v -0.10699813 -0.60480726 1.76550019
v -0.10636110 -0.60612583 1.76746058
v -0.10576479 -0.60782152 1.76913059
v -0.10523184 -0.60983276 1.77044725
v -0.10478162 -0.61208028 1.77135813
v -0.10443336 -0.61447775 1.77182984
v -0.10419919 -0.61693370 1.77184224
v -0.10408866 -0.61935234 1.77139628
v -0.11123832 -0.60530496 1.75462556
v -0.11114250 -0.60439360 1.75674653
v -0.11088902 -0.60391349 1.75911427
v -0.11049974 -0.60389733 1.76151276
v -0.10999221 -0.60434633 1.76385069
v -0.10938551 -0.60524350 1.76603580
v -0.10870332 -0.60655183 1.76798558
v -0.10797046 -0.60822368 1.76962614
v -0.10721710 -0.61019444 1.77089274
v -0.10646962 -0.61238801 1.77173662
v -0.10576022 -0.61472034 1.77212703
v -0.10511276 -0.61709946 1.77204764
v -0.10455430 -0.61943758 1.77150106
v -0.11253612 -0.60578126 1.75479400
v -0.11277823 -0.60499269 1.75695944
v -0.11281168 -0.60461754 1.75936365
v -0.11263561 -0.60468042 1.76178956
v -0.11226070 -0.60517788 1.76414514
v -0.11169796 -0.60609072 1.76633656
v -0.11097117 -0.60738385 1.76828098
v -0.11010619 -0.60900760 1.76990294
v -0.10913946 -0.61089998 1.77114224
v -0.10810541 -0.61298728 1.77194929
v -0.10704402 -0.61519086 1.77229416
v -0.10599768 -0.61742473 1.77216268
v -0.10500566 -0.61960268 1.77155936
v -0.11374210 -0.60646933 1.75482345
v -0.11429779 -0.60586011 1.75699663
v -0.11459748 -0.60563868 1.75940812
v -0.11462072 -0.60581505 1.76183903
v -0.11436535 -0.60638297 1.76419687
v -0.11384538 -0.60731912 1.76638901
v -0.11307596 -0.60858846 1.76833260
v -0.11209017 -0.61014235 1.76995182
v -0.11092405 -0.61192143 1.77118623
v -0.10962369 -0.61385584 1.77198744
v -0.10823758 -0.61587280 1.77232373
v -0.10681854 -0.61789429 1.77218270
v -0.10542466 -0.61984229 1.77156973
v -0.11480884 -0.60734582 1.75471354
v -0.11564124 -0.60696375 1.75685811
v -0.11617765 -0.60693634 1.75924540
v -0.11637709 -0.60725659 1.76165771
v -0.11622977 -0.60791409 1.76400411
v -0.11574484 -0.60888058 1.76619256
v -0.11493976 -0.61012018 1.76814067
v -0.11384594 -0.61158490 1.76977134
v -0.11250417 -0.61321938 1.77102399
v -0.11096695 -0.61496007 1.77184844
v -0.10929246 -0.61674035 1.77221489
v -0.10754675 -0.61849165 1.77210844
v -0.10579456 -0.62014711 1.77153158
v -0.11569586 -0.60837531 1.75446784
v -0.11676005 -0.60826027 1.75654829
v -0.11749220 -0.60846102 1.75888097
v -0.11783683 -0.60895121 1.76125371
v -0.11778012 -0.60971248 1.76357496
v -0.11732540 -0.61071432 1.76575565
v -0.11648965 -0.61191881 1.76771116
v -0.11530539 -0.61327964 1.76936686
v -0.11381719 -0.61474466 1.77066028
v -0.11208396 -0.61625707 1.77154005
v -0.11017001 -0.61775929 1.77197194
v -0.10815097 -0.61919391 1.77194083
v -0.10610318 -0.62050420 1.77144694
v -0.11636786 -0.60951936 1.75409532
v -0.11760771 -0.60970092 1.75607884
v -0.11848924 -0.61015439 1.75832987
v -0.11894549 -0.61083299 1.76064098
v -0.11895655 -0.61170918 1.76292586
v -0.11852440 -0.61275095 1.76509380
v -0.11766604 -0.61391568 1.76706243
v -0.11641322 -0.61516142 1.76875579
v -0.11481403 -0.61643863 1.77010977
v -0.11293055 -0.61769772 1.77107143
v -0.11083578 -0.61889184 1.77160358
v -0.10860908 -0.61997336 1.77168798
v -0.10633639 -0.62090182 1.77131724
v -0.11680393 -0.61073190 1.75361085
v -0.11815716 -0.61122870 1.75546741
v -0.11913384 -0.61195064 1.75761259
v -0.11966074 -0.61282933 1.75984454
v -0.11971489 -0.61382955 1.76208079
v -0.11929607 -0.61491245 1.76423204
v -0.11842249 -0.61603653 1.76621759
v -0.11712585 -0.61715883 1.76796019
v -0.11545523 -0.61823571 1.76939380
v -0.11347608 -0.61922657 1.77046168
v -0.11126396 -0.62009209 1.77112579
v -0.10890506 -0.62080050 1.77135801
v -0.10648715 -0.62132400 1.77114916
f 4 2 1
f 8 6 5
f 13 15 14
f 17 19 18
f 32 30 29
f 36 34 33
f 37 39 38
f 21 23 20
f 25 27 24
f 41 43 42
f 48 46 45
f 52 50 49
f 53 55 54
f 60 58 57
f 29 62 61
f 66 64 63
f 67 6 68
f 72 70 69
f 76 74 73
f 77 79 78
f 81 83 82
f 59 86 85
f 88 90 89
f 96 94 93
f 100 98 97
f 101 103 102
f 106 34 87
f 108 115 107
f 117 36 118
f 124 126 125
f 131 129 128
f 132 134 133
f 142 140 139
f 148 60 147
f 144 127 124
f 149 151 150
f 156 154 153
f 159 158 157
f 116 164 105
f 171 169 168
f 174 173 172
f 179 181 180
f 186 188 187
f 194 196 195
f 199 139 198
f 206 208 207
f 213 211 210
f 202 214 201
f 96 216 54
f 92 43 44
f 97 246 100
f 250 229 228
f 252 58 253
f 258 256 255
f 260 229 259
f 110 112 113
f 114 263 109
f 265 267 266
f 56 270 269
f 274 249 250
f 185 63 64
f 280 278 276
f 285 283 157
f 288 211 212
f 141 92 46
f 289 175 176
f 148 105 106
f 312 170 171
f 238 42 43
f 318 160 317
f 310 308 307
f 241 325 324
f 160 240 317
f 47 307 308
f 108 315 164
f 345 86 119
f 348 350 349
f 356 358 357
f 355 353 352
f 363 32 362
f 149 150 176
f 364 253 365
f 366 368 367
f 183 371 63
f 163 161 160
f 209 101 208
f 378 165 166
f 379 381 380
f 383 3 4
f 284 386 385
f 387 389 388
f 391 229 249
f 73 397 396
f 405 407 406
f 203 411 410
f 414 413 412
f 1 357 4
f 277 131 275
f 254 57 58
f 358 415 351
f 417 386 408
f 401 192 420
f 419 127 143
f 421 182 422
f 103 302 409
f 428 368 174
f 380 359 356
f 62 266 323
f 140 431 430
f 357 351 348
f 356 379 380
f 415 403 434
f 437 436 435
f 438 440 439
f 188 450 449
f 452 454 453
f 265 181 421
f 224 64 225
f 237 213 427
f 275 128 458
f 281 460 459
f 50 79 461
f 73 282 281
f 468 466 465
f 390 352 359
f 482 484 483
f 489 487 486
f 493 495 494
f 472 470 469
f 502 500 499
f 220 222 223
f 512 143 66
f 518 511 80
f 513 230 286
f 205 31 244
f 189 451 188
f 163 532 8
f 533 225 251
f 446 447 412
f 335 540 334
f 544 546 545
f 329 291 292
f 199 262 238
f 385 416 550
f 532 191 247
f 363 118 243
f 236 237 250
f 578 580 579
f 573 571 570
f 561 562 272
f 241 259 240
f 590 592 591
f 545 595 594
f 503 155 504
f 606 624 623
f 478 480 479
f 646 648 647
f 590 689 684
f 564 651 650
f 728 184 727
f 714 716 715
f 692 575 693
f 541 581 578
f 346 248 400
f 161 230 160
f 128 94 95
f 698 704 703
f 574 576 575
f 290 401 328
f 630 725 726
f 733 735 734
f 755 496 493
f 759 481 760
f 757 762 761
f 764 466 467
f 768 9260 9261
f 759 488 489
f 492 475 771
f 474 769 473
f 773 465 772
f 771 486 483
f 484 775 491
f 774 489 486
f 495 764 756
f 495 761 494
f 137 784 136
f 325 797 547
f 165 51 52
f 369 29 370
f 730 568 569
f 90 301 89
f 243 516 242
f 800 806 805
f 817 808 816
f 816 823 822
f 306 447 807
f 815 809 808
f 829 828 825
f 726 501 502
f 274 424 423
f 879 881 880
f 884 879 885
f 219 217 211
f 906 904 897
f 455 205 542
f 898 830 829
f 903 880 881
f 906 897 898
f 377 519 165
f 923 948 946
f 946 951 950
f 8963 739 8961
f 900 886 880
f 225 65 144
f 182 442 422
f 809 947 824
f 954 962 961
f 927 965 966
f 885 880 886
f 925 966 967
f 343 341 340
f 965 971 968
f 968 970 969
f 972 969 973
f 963 981 978
f 336 338 339
f 992 827 828
f 810 996 959
f 1007 1002 1008
f 1012 827 1009
f 1011 1007 1008
f 294 292 291
f 907 920 919
f 1017 1019 1018
f 1020 1022 1021
f 1035 1020 1044
f 1061 1047 1046
f 1063 1046 1062
f 1044 1021 1045
f 1102 1097 1109
f 1116 1118 1117
f 1016 1014 1013
f 881 904 903
f 816 1127 817
f 1094 949 1097
f 514 167 515
f 146 81 82
f 1133 1130 1129
f 1102 1126 822
f 822 1116 816
f 1145 1148 1136
f 1076 1151 1069
f 1148 1086 1087
f 1109 1114 1136
f 1154 1156 1155
f 1153 967 1156
f 8815 463 9166
f 1144 1152 1151
f 1156 1163 1162
f 1164 1169 1165
f 1145 1176 1147
f 1114 1154 1171
f 1183 1164 1177
f 1184 1177 1185
f 1069 1062 1064
f 1023 1194 1022
f 1162 1170 1169
f 1195 1185 1191
f 1183 1176 1155
f 1201 1152 1196
f 1061 1201 1202
f 9277 843 9288
f 1203 1195 1034
f 1202 1184 1195
f 1218 1203 1217
f 1060 1202 1203
f 1225 1217 1219
f 671 694 670
f 1219 1024 1035
f 1217 1034 1024
f 1226 1015 1227
f 1243 1234 1233
f 1231 1229 1228
f 847 1233 843
f 843 1244 878
f 1233 1245 1244
f 1923 233 216
f 2100 499 500
f 9366 2135 9352
f 61 323 505
f 210 217 457
f 1299 1309 1300
f 9315 1231 9314
f 1066 1321 1322
f 1322 1228 1229
f 1060 1321 1047
f 1325 1323 1310
f 1244 1332 1330
f 1290 1242 1288
f 1337 1339 1338
f 1330 1340 1339
f 1341 1245 1294
f 1342 1332 1341
f 1343 1341 1344
f 1344 1294 1293
f 9309 1345 1346
f 1347 1342 1343
f 9308 1295 1345
f 1349 1348 1347
f 9313 1347 9305
f 9305 1343 9309
f 906 829 1353
f 905 1353 1354
f 865 1355 1357
f 1355 829 825
f 1357 825 826
f 1356 1353 1355
f 9286 1338 9285
f 866 1356 865
f 1358 1354 1356
f 9280 1337 9286
f 838 1012 841
f 1363 1338 1339
f 1368 1339 1340
f 1348 1340 1342
f 1371 9276 9281
f 524 526 523
f 528 530 527
f 1372 1369 1371
f 535 537 538
f 1367 1348 1350
f 1370 1359 1369
f 1369 9285 9276
f 1373 903 904
f 555 557 558
f 1374 910 1373
f 1373 905 1375
f 1374 1375 1376
f 1375 1354 1370
f 1378 908 1377
f 376 651 1387
f 1388 973 969
f 586 588 585
f 1390 1388 1391
f 1391 969 970
f 597 599 596
f 600 602 603
f 1392 970 979
f 608 610 607
f 612 523 611
f 614 616 613
f 617 25 24
f 620 622 619
f 1397 1391 1392
f 1398 1392 1399
f 1400 920 1378
f 1402 1165 1169
f 636 638 635
f 930 1402 929
f 641 643 644
f 929 1169 1170
f 1404 1403 1402
f 1411 1365 1406
f 1412 1415 1414
f 652 654 655
f 609 657 658
f 659 661 662
f 558 586 585
f 665 667 664
f 1413 1406 1412
f 1418 9262 9265
f 1417 1371 1416
f 1416 9281 9262
f 1419 1416 1418
f 1386 1374 1420
f 677 679 676
f 1385 1420 1421
f 1420 1376 1422
f 685 687 688
f 1421 1422 1423
f 528 691 658
f 1422 1372 1417
f 1018 747 1425
f 699 701 702
f 1424 579 1017
f 9115 1767 9112
f 700 711 712
f 1093 9206 1571
f 717 530 719
f 721 723 720
f 704 8987 8998
f 19 1426 1430
f 1429 1427 1426
f 1658 8986 8988
f 1439 1434 1438
f 1437 1435 1434
f 1426 1433 1432
f 1442 1432 1440
f 742 744 745
f 1432 1441 1440
f 751 753 750
f 1438 1403 1405
f 1446 1444 1443
f 1447 1446 1443
f 9312 1443 9300
f 1415 1445 1446
f 1414 1446 1448
f 2173 469 470
f 777 779 686
f 780 782 783
f 1676 1806 1675
f 9311 1349 9313
f 789 791 788
f 745 793 742
f 652 795 653
f 1455 1457 1456
f 1454 1350 1452
f 610 802 801
f 9283 698 703
f 1352 1045 1351
f 1015 1459 1460
f 811 813 814
f 2118 9269 2117
f 819 821 818
f 1466 1194 1190
f 1467 1465 1466
f 1182 1468 1467
f 832 833 831
f 835 837 834
f 1467 1190 1182
f 1469 1444 1445
f 840 712 690
f 1453 1469 1454
f 599 845 846
f 1226 9301 9307
f 851 853 850
f 855 856 854
f 858 860 857
f 861 863 864
f 1014 9307 9310
f 867 868 869
f 870 872 873
f 874 876 877
f 1310 1471 1309
f 1476 1427 1475
f 1461 1475 1460
f 887 889 890
f 788 892 891
f 894 896 893
f 1460 1227 1015
f 901 524 612
f 1465 1477 1464
f 1865 8944 1864
f 911 913 914
f 916 918 915
f 1850 8951 1851
f 921 895 894
f 1479 1436 1478
f 926 667 601
f 1481 563 1480
f 269 84 1482
f 931 933 916
f 934 614 869
f 936 688 937
f 938 662 939
f 1484 122 123
f 941 835 834
f 320 509 510
f 1849 8949 1850
f 84 1484 83
f 1487 1488 539
f 1757 8946 8953
f 365 1491 364
f 461 80 511
f 117 362 1496
f 1494 541 1495
f 926 957 958
f 1477 1433 1476
f 1709 1585 1700
f 119 1496 345
f 271 504 156
f 511 189 186
f 345 1492 365
f 255 344 254
f 57 299 132
f 1501 268 1500
f 267 1499 145
f 974 976 977
f 1678 1693 1676
f 9298 1807 9292
f 557 663 558
f 983 984 985
f 1443 9301 9300
f 421 268 265
f 989 991 988
f 1490 418 1504
f 279 309 310
f 997 676 679
f 998 999 875
f 1504 38 1505
f 1506 1507 1486
f 360 1508 1506
f 1506 207 360
f 939 1006 938
f 270 1483 269
f 66 546 512
f 1010 793 935
f 367 437 1509
f 244 363 243
f 1670 8978 1669
f 209 1510 226
f 235 1512 1511
f 1511 234 235
f 388 426 425
f 427 250 237
f 161 521 231
f 100 45 44
f 1025 608 1027
f 1029 1031 1028
f 939 1033 1032
f 41 594 99
f 1036 783 1037
f 702 1038 1039
f 1040 1042 1043
f 362 369 1493
f 187 477 186
f 70 539 198
f 1511 1521 234
f 1049 603 1048
f 613 869 614
f 860 1051 857
f 1005 1053 1006
f 753 1056 1054
f 1057 1059 1055
f 293 1522 292
f 288 1521 1522
f 292 1523 329
f 331 1508 1524
f 306 453 305
f 100 41 99
f 462 78 79
f 330 1524 462
f 635 1068 636
f 1485 1526 1528
f 206 1528 1510
f 1070 1072 831
f 942 1073 1074
f 916 1075 917
f 440 1530 439
f 157 1514 285
f 1529 5 1530
f 371 546 63
f 790 663 791
f 1077 857 1078
f 1403 1435 1165
f 1080 1082 1079
f 531 1529 440
f 21 1084 1085
f 272 1531 561
f 137 396 397
f 690 802 691
f 335 9011 581
f 1090 1029 1091
f 1092 794 1042
f 1533 137 138
f 661 1095 1096
f 69 445 72
f 1099 1101 1098
f 38 1536 1505
f 1104 1106 1103
f 852 1108 853
f 1377 909 1386
f 291 411 294
f 316 516 33
f 539 1533 534
f 1505 316 313
f 1110 1112 1113
f 1539 460 264
f 522 1537 1539
f 834 1120 1119
f 1122 1124 1121
f 612 1041 901
f 935 615 614
f 276 130 131
f 1686 8966 1685
f 193 1541 273
f 231 1540 287
f 556 982 557
f 365 85 345
f 190 318 1541
f 1810 9018 8972
f 9376 8956 9243
f 1132 985 1131
f 208 102 132
f 1134 662 661
f 1491 80 77
f 429 1542 147
f 1137 915 918
f 172 428 174
f 1139 1141 1142
f 549 54 55
f 1517 1518 296
f 976 1146 938
f 834 984 941
f 1543 286 115
f 1544 239 513
f 133 1544 1542
f 506 257 258
f 420 328 401
f 1158 1160 1157
f 587 1103 588
f 1513 1514 151
f 607 1027 608
f 304 1545 303
f 364 77 506
f 69 198 139
f 1006 976 938
f 700 1112 701
f 9329 8969 9239
f 1166 657 656
f 1167 858 1077
f 1300 8968 1299
f 1172 1174 1175
f 218 200 217
f 1179 1181 1178
f 372 97 98
f 89 227 88
f 1186 1188 1189
f 172 1517 1549
f 1482 81 1498
f 1090 1193 1030
f 394 353 1551
f 526 1198 1197
f 811 858 812
f 1199 1026 1025
f 606 697 696
f 1204 1206 743
f 1207 523 526
f 1209 867 613
f 914 685 936
f 1478 1441 1477
f 1029 1161 1091
f 1211 1213 1214
f 9310 1451 9311
f 844 1216 845
f 423 273 274
f 1220 1222 1083
f 22 1224 23
f 882 897 881
f 1519 173 387
f 1189 1232 1178
f 349 550 416
f 1071 1236 1072
f 1237 1239 745
f 1221 1189 1240
f 1510 1512 333
f 939 1241 1005
f 1556 5 67
f 1553 394 1551
f 404 67 347
f 1247 1249 1246
f 142 238 92
f 1251 635 1250
f 850 1253 851
f 1254 1077 1255
f 57 133 429
f 443 552 551
f 1187 1175 1188
f 1256 831 833
f 432 382 383
f 741 747 746
f 434 351 415
f 349 383 348
f 251 1481 1480
f 395 352 353
f 1518 1550 1551
f 1558 378 340
f 109 314 315
f 285 1513 407
f 395 393 392
f 202 410 1558
f 417 405 432
f 1246 1258 1247
f 3 297 2
f 1259 1261 1262
f 403 347 284
f 955 953 952
f 462 51 330
f 1096 687 1263
f 429 60 57
f 896 1265 932
f 1267 1268 1266
f 423 327 420
f 37 180 40
f 20 1187 1186
f 1256 1071 1070
f 155 156 504
f 1188 1269 1232
f 1236 1271 1262
f 1272 535 621
f 565 463 464
f 1273 745 1239
f 876 1255 1274
f 316 164 315
f 437 503 1509
f 194 1495 197
f 1275 864 863
f 624 631 630
f 1277 1137 1278
f 569 567 566
f 1481 125 366
f 324 547 326
f 1279 1107 1280
f 1525 329 1523
f 1281 1137 918
f 171 1553 1552
f 1488 396 1533
f 1557 1562 1559
f 1282 1206 1205
f 1053 1278 1281
f 778 607 1283
f 713 9010 9013
f 251 144 124
f 4 348 383
f 709 707 706
f 728 45 246
f 261 1563 544
f 789 1287 790
f 74 263 282
f 403 385 434
f 1178 1240 1189
f 1223 1289 1224
f 158 150 151
f 1220 1186 1221
f 296 354 433
f 784 1538 1566
f 1181 1291 1222
f 1269 1257 1246
f 1566 438 399
f 136 1566 1564
f 1563 169 1565
f 107 109 108
f 1297 1298 1296
f 1464 1476 1461
f 1520 507 508
f 1301 1303 1304
f 1306 1308 1305
f 175 1532 272
f 1532 200 201
f 1311 1312 1313
f 872 1315 1316
f 1317 1318 1319
f 9288 878 9280
f 1305 864 1276
f 1040 863 1320
f 1564 399 169
f 592 1575 591
f 591 1088 689
f 1581 1583 1582
f 1196 1147 1176
f 710 583 713
f 285 408 386
f 953 961 963
f 1594 1589 1593
f 1585 1587 1586
f 1592 1590 1589
f 9337 944 9351
f 1600 1598 1597
f 1604 1602 1601
f 1399 979 980
f 1589 1596 1595
f 1610 1608 1607
f 298 361 360
f 551 276 277
f 1627 9266 9271
f 859 818 860
f 1078 1328 1329
f 1555 1530 1556
f 572 680 681
f 772 776 774
f 977 918 917
f 404 392 393
f 1054 750 753
f 1644 1643 1642
f 932 1082 933
f 1067 1334 1068
f 1540 264 114
f 597 643 1336
f 471 762 470
f 1642 9283 9294
f 1644 9294 9295
f 923 950 927
f 96 548 95
f 520 522 521
f 445 443 442
f 849 848 842
f 480 755 493
f 1646 481 1639
f 311 1567 170
f 464 8941 8939
f 8941 1361 8939
f 234 236 235
f 190 192 191
f 153 152 149
f 231 286 230
f 1552 1551 1550
f 760 1648 488
f 9284 1649 9282
f 828 826 825
f 52 166 165
f 1663 1661 1660
f 287 115 286
f 668 670 669
f 634 640 639
f 553 559 554
f 118 33 516
f 492 491 490
f 8996 1651 8997
f 582 584 583
f 384 392 415
f 1381 1383 1380
f 1562 435 436
f 952 951 947
f 8973 583 584
f 1660 1667 1666
f 1394 1396 1393
f 1660 1664 1663
f 1671 1669 1668
f 1624 1673 1672
f 1407 1409 1410
f 1677 1675 1674
f 1613 1677 1625
f 1679 1676 1677
f 1626 9263 9266
f 534 198 539
f 176 150 159
f 803 734 800
f 400 191 192
f 65 143 144
f 8970 1656 8984
f 402 157 283
f 629 627 626
f 461 49 50
f 758 495 756
f 796 786 785
f 406 1513 1560
f 342 166 167
f 1694 1658 1695
f 1692 1694 1696
f 9001 1652 8996
f 9373 1703 9375
f 326 302 90
f 9368 1702 1706
f 9371 1698 1701
f 1699 9379 9370
f 1557 1560 1561
f 1127 1117 1128
f 400 289 346
f 1706 1707 1708
f 1707 1599 1600
f 1709 1708 1588
f 1714 1711 1713
f 9371 1709 1700
f 1704 1577 1703
f 1716 1713 1715
f 1559 1549 297
f 1722 1720 1719
f 1335 596 1489
f 410 377 378
f 973 1163 972
f 168 399 398
f 1571 1089 1093
f 1572 682 1571
f 749 647 754
f 1730 1723 1729
f 1594 1729 1592
f 1729 1591 1592
f 1731 1730 1583
f 1384 1377 1379
f 1732 1712 1714
f 1724 1731 1732
f 1712 1731 1580
f 1722 1732 1733
f 1721 1733 1734
f 1734 1716 1717
f 1735 1736 1697
f 1733 1714 1716
f 1663 1741 1668
f 1742 1740 1743
f 1738 1737 1735
f 1665 1666 1740
f 1665 1744 1664
f 1725 1746 1745
f 1591 1745 1590
f 1590 1747 1596
f 1745 1748 1747
f 1659 8982 8986
f 5650 8989 5617
f 1185 1182 1190
f 1664 1749 1741
f 1741 1739 1738
f 1746 1743 1748
f 1726 1742 1746
f 1153 924 925
f 1115 1153 1154
f 1654 9019 1655
f 1896 8993 1686
f 1720 1744 1726
f 1721 1749 1720
f 1750 1701 1698
f 1697 1750 1696
f 1151 1063 1062
f 1751 1670 1671
f 1695 1752 1751
f 961 986 981
f 1770 1768 1767
f 1766 1593 1765
f 1731 1579 1580
f 1579 1774 1578
f 9380 1771 9381
f 1764 9380 9369
f 1777 1775 1774
f 9214 1699 1700
f 1004 1128 1003
f 1774 1771 1772
f 987 1399 980
f 1578 1772 1764
f 1783 1781 1778
f 1597 1770 1767
f 639 9347 9336
f 9380 1769 1770
f 1793 1789 1788
f 9381 1798 1769
f 8952 9225 1806
f 1802 9376 9374
f 1788 1794 1793
f 1793 1795 1776
f 9225 1675 1806
f 1584 1783 1789
f 1771 9372 9381
f 1801 1798 1800
f 1768 1798 1799
f 1775 1797 1771
f 508 515 1520
f 1796 1802 1797
f 1800 9372 9374
f 1794 1804 1795
f 8976 1752 8991
f 485 1807 775
f 9261 1640 768
f 9289 1810 1653
f 485 1640 1808
f 1690 9222 9224
f 487 1648 1811
f 9291 1816 9274
f 9290 1648 9282
f 9291 1811 9290
f 1812 487 1811
f 1641 767 768
f 465 755 776
f 767 9275 9260
f 9274 9278 9299
f 1809 1815 767
f 9289 1651 9292
f 675 8985 8940
f 1814 1822 1821
f 1821 9273 9272
f 1824 1649 1825
f 1827 1850 1805
f 1668 1662 1663
f 1779 1848 1828
f 1790 1805 1794
f 1833 1853 1852
f 8965 693 575
f 1614 1616 1617
f 1852 8942 8945
f 1620 1622 1623
f 1855 1574 1861
f 1847 8945 8957
f 1766 1855 1782
f 1629 1631 1628
f 1633 1634 1632
f 1635 1637 1638
f 1848 1852 1847
f 1855 1863 1862
f 1803 1867 1802
f 1862 1831 1832
f 1782 1862 1781
f 9374 1865 1800
f 1873 1870 1869
f 1874 799 804
f 2045 9349 2044
f 1219 1295 1225
f 1615 1396 1395
f 9336 1877 1876
f 645 9238 9003
f 1345 1035 1346
f 634 9336 9332
f 15 1327 14
f 9362 1878 1893
f 1894 605 1893
f 8950 627 693
f 9004 645 9003
f 340 454 1558
f 1897 195 1898
f 1889 1877 1890
f 1901 129 1900
f 196 754 232
f 1705 9373 9368
f 340 166 343
f 1570 563 561
f 1904 194 1897
f 1781 1832 1780
f 1905 55 1906
f 1000 995 996
f 986 920 987
f 1191 1190 1194
f 2094 2075 2093
f 1920 1919 1915
f 453 1912 1911
f 1915 1918 1916
f 9334 2106 9353
f 1655 8975 1868
f 1916 1926 1925
f 704 9005 703
f 278 1925 1900
f 9009 1818 1820
f 1097 1115 1114
f 1927 727 1923
f 9030 9106 9210
f 1920 307 1929
f 1929 48 728
f 503 1497 1509
f 1902 787 796
f 1816 9272 9278
f 1925 1923 1924
f 1535 1568 1534
f 254 258 255
f 1509 366 367
f 119 35 36
f 219 293 294
f 141 47 431
f 542 244 245
f 1940 430 431
f 1779 1827 1790
f 1701 9367 9371
f 1661 8959 1667
f 270 754 647
f 197 749 196
f 1727 1212 1211
f 53 232 754
f 1465 1479 1478
f 1284 9306 1293
f 1951 412 413
f 168 1554 1553
f 1486 206 207
f 506 78 361
f 994 1007 993
f 951 963 964
f 1013 9313 1351
f 9278 1820 1818
f 1498 1954 1482
f 299 543 132
f 1754 1756 1753
f 1681 1683 1682
f 1696 1695 1697
f 13 738 737
f 473 475 474
f 482 768 1640
f 204 30 205
f 1761 820 819
f 611 1125 612
f 1501 1908 1909
f 1074 711 699
f 1960 82 83
f 120 1960 123
f 35 87 34
f 1773 1025 1031
f 1965 1569 1535
f 494 471 479
f 1966 1969 1968
f 446 1971 1967
f 174 125 126
f 1580 1578 1577
f 1785 1787 1784
f 1972 304 305
f 1254 875 999
f 1973 342 514
f 321 1973 509
f 1910 275 1907
f 509 514 508
f 1486 1527 1485
f 1974 804 1975
f 1977 1974 1978
f 1980 1966 1981
f 379 2 295
f 1718 1710 1701
f 884 992 883
f 1680 1678 1679
f 902 525 524
f 344 256 299
f 135 137 136
f 236 228 333
f 448 1967 1966
f 589 604 584
f 910 908 907
f 1981 1968 1987
f 1982 1987 1979
f 1988 1987 1989
f 1990 1989 1991
f 1991 1993 1992
f 322 320 319
f 992 830 883
f 1144 1086 1143
f 1995 1978 1994
f 1133 1118 1126
f 1997 1994 1996
f 870 1335 1489
f 805 1982 1998
f 727 2000 1999
f 1996 1988 1990
f 1994 1979 1988
f 1829 792 1273
f 1830 941 983
f 798 800 799
f 729 731 730
f 2011 2023 2022
f 1834 846 1159
f 402 284 347
f 2022 2024 2025
f 1838 989 988
f 810 952 809
f 1823 1840 644
f 1430 1432 1431
f 1215 1841 1079
f 149 176 177
f 1316 873 872
f 2112 1384 2106
f 1842 1844 1845
f 1159 845 1160
f 837 1846 1120
f 1971 2030 2027
f 517 370 189
f 858 833 812
f 1471 2027 1888
f 8995 626 627
f 2174 770 490
f 935 1854 1010
f 1613 1611 1618
f 1231 1225 1295
f 1856 891 892
f 1300 748 741
f 1150 1858 1859
f 1643 696 1642
f 1215 1264 1216
f 1320 902 901
f 1956 1944 1960
f 2031 669 1474
f 2034 1310 1299
f 1879 1656 1657
f 40 242 39
f 1992 2039 1456
f 888 957 889
f 1882 1996 1990
f 1078 1255 1077
f 1871 1192 1090
f 294 218 219
f 1323 2026 1471
f 123 83 1484
f 1324 2041 1323
f 384 359 352
f 1324 2038 2036
f 1883 1885 1829
f 287 114 107
f 1096 1134 661
f 915 931 916
f 806 1981 1982
f 8977 584 604
f 1425 2042 1018
f 1018 1948 1017
f 9006 740 8963
f 1948 649 646
f 1881 1990 1991
f 1900 130 278
f 992 994 993
f 923 925 924
f 9330 2047 9328
f 1643 625 606
f 2050 2051 2049
f 2045 1404 2047
f 9328 945 9337
f 1139 1079 1841
f 1037 892 982
f 2055 2057 2056
f 1198 718 717
f 1619 1612 1611
f 2058 1606 2059
f 2059 1607 2058
f 2058 1624 1605
f 71 179 37
f 405 1557 382
f 976 1006 977
f 322 1972 1911
f 2061 2063 2062
f 2066 2067 1825
f 2052 2064 2051
f 1609 2066 1647
f 1515 152 1516
f 1009 993 1007
f 1644 9267 2118
f 279 1916 278
f 1285 9314 1284
f 1647 1825 1649
f 2056 2067 2065
f 319 1953 1952
f 667 1913 1914
f 2070 625 2048
f 2052 2055 2063
f 2038 1655 1458
f 1606 2073 2072
f 1235 1270 1236
f 2072 2075 2074
f 2059 2072 2062
f 2074 2077 2076
f 1601 2078 2073
f 2049 1643 1645
f 1000 1001 994
f 1089 684 689
f 1931 1306 1930
f 1462 1021 1022
f 1932 1934 1935
f 875 1846 998
f 1936 1937 1938
f 44 46 92
f 1534 1956 120
f 1541 317 391
f 2081 2084 2083
f 146 1959 300
f 1360 1942 1361
f 985 1032 1033
f 1995 1892 2043
f 2079 2082 2081
f 2095 2076 2077
f 2081 2078 2079
f 2055 2054 2053
f 501 2095 500
f 2097 2099 2098
f 2098 2094 2083
f 2140 9345 9318
f 2141 9346 9345
f 2051 2048 2049
f 592 2101 1576
f 2071 2076 2096
f 2102 2098 2101
f 593 2102 592
f 1019 746 747
f 1950 12 1327
f 725 2096 501
f 1385 2104 1379
f 1379 2106 1384
f 2107 2100 2097
f 9360 502 9348
f 9348 499 9353
f 940 2109 944
f 928 1170 973
f 9320 684 9351
f 1962 1964 1961
f 9330 573 9349
f 2039 1968 1969
f 1389 2110 2109
f 1398 2113 1397
f 9209 9205 9195
f 9363 2107 2103
f 949 924 1115
f 260 324 326
f 1390 2113 2110
f 2070 2064 2071
f 9319 2103 593
f 2105 1421 2114
f 2114 1423 2115
f 9344 2115 9355
f 9360 2114 9344
f 554 1902 553
f 972 967 966
f 1765 1573 1574
f 1984 1986 1983
f 2053 2069 2057
f 9017 724 714
f 1625 1674 1673
f 9333 2119 2122
f 9355 2123 9356
f 56 1906 55
f 626 9331 629
f 2001 2003 2004
f 9364 2127 9359
f 2006 2008 2009
f 2127 1412 2128
f 2014 2016 2017
f 2018 2020 2021
f 1495 1947 197
f 1379 1386 1385
f 9266 1680 1618
f 2029 1884 2028
f 9354 2120 9339
f 629 9366 9324
f 682 943 1089
f 724 2121 716
f 1757 9273 9297
f 765 9296 9261
f 9303 715 9304
f 706 9322 9324
f 981 987 980
f 1457 1656 1880
f 2017 2032 2033
f 1458 1868 1457
f 1776 1792 1793
f 1959 1946 1958
f 9115 9177 9113
f 9365 2122 9302
f 1093 689 1088
f 966 968 972
f 9304 9333 9365
f 2172 2170 2171
f 670 2137 669
f 9213 1903 233
f 1429 28 1449
f 964 978 971
f 9293 1413 2127
f 1473 669 2137
f 9286 1359 1358
f 2138 1870 2137
f 1872 2137 1870
f 715 9340 9333
f 1881 1992 1880
f 9295 739 740
f 1837 8957 8958
f 253 59 85
f 1808 9292 1807
f 1647 9270 1609
f 9317 671 668
f 2112 9335 2111
f 1405 2044 1438
f 9281 1364 1366
f 273 391 249
f 576 8964 8999
f 9327 668 2031
f 1430 2140 2139
f 2136 9312 28
f 1430 18 19
f 9345 570 695
f 1442 2046 2141
f 1431 2141 2140
f 9321 9302 2136
f 9260 1817 766
f 9318 695 671
f 2142 798 2138
f 571 2142 694
f 9271 1618 1611
f 2143 2025 2142
f 694 2138 670
f 681 2144 572
f 2144 2022 2143
f 328 457 290
f 1572 2011 2144
f 630 9355 624
f 2085 2087 2088
f 2090 2092 2089
f 572 2143 571
f 1875 2153 2149
f 1873 2149 2154
f 2103 2097 2102
f 2157 2155 2156
f 2128 1414 2120
f 9326 589 582
f 9324 628 629
f 2149 2158 2159
f 2159 9357 9342
f 698 9354 705
f 9275 9279 1817
f 2158 9326 9357
f 1438 2046 1439
f 2035 2160 2161
f 2161 9341 9338
f 9323 605 589
f 9325 18 9327
f 370 61 451
f 649 413 648
f 2153 2156 2158
f 1428 1449 1450
f 1490 73 1488
f 9342 710 633
f 2155 9343 9323
f 1456 1880 1992
f 2125 2087 2124
f 2160 9342 9341
f 300 505 323
f 1064 1046 1065
f 2043 1891 2155
f 2129 2004 2003
f 2131 2133 2134
f 9300 1450 1449
f 1998 804 805
f 9331 9316 9366
f 474 490 770
f 1164 1182 1177
f 707 9361 9322
f 708 2162 707
f 2162 9338 9361
f 548 1905 458
f 1145 1114 1171
f 705 1650 704
f 2043 1977 1995
f 737 554 559
f 1034 1191 1023
f 458 1907 275
f 195 232 233
f 2040 1969 1970
f 2145 2147 2148
f 2054 2049 1645
f 9284 1639 9270
f 9 11 10
f 252 506 258
f 472 479 471
f 1865 9243 8947
f 900 910 907
f 1941 2151 1942
f 1921 1927 1919
f 2163 1898 2116
f 271 153 178
f 1904 12 9
f 282 264 460
f 1872 2154 2035
f 1326 1897 2163
f 628 693 627
f 1724 1719 1723
f 1549 436 172
f 1582 1730 1729
f 1921 1929 1928
f 9007 10 11
f 2152 1950 1949
f 475 774 771
f 769 2171 473
f 2171 476 473
f 476 772 475
f 1791 464 1760
f 2166 2168 2169
f 595 372 98
f 483 1641 482
f 762 2173 470
f 771 484 492
f 486 1809 483
f 297 1517 296
f 763 2174 762
f 776 759 489
f 184 2176 2000
f 412 303 414
f 2005 185 224
f 9263 1682 9298
f 2164 756 764
f 1472 2161 2162
f 950 964 965
f 2177 2179 2180
f 227 1510 333
f 764 467 2164
f 2182 2184 2181
f 2186 2018 2185
f 1985 2181 1986
f 214 729 1531
f 1545 1546 1569
f 865 842 866
f 849 1357 1362
f 452 1558 454
f 559 3188 737
f 16 737 3188
f 560 498 374
f 3193 3195 3194
f 3200 3198 3199
f 3211 3213 3212
f 3215 3217 3216
f 2187 2002 2001
f 3233 3235 3234
f 3223 3222 3224
f 3229 3231 3230
f 3245 3247 3246
f 2169 2189 2190
f 2192 2085 2191
f 2193 2195 2196
f 2198 2200 2197
f 1998 1979 1975
f 9116 9120 9123
f 3253 3255 3254
f 2116 1903 1902
f 1859 2009 1150
f 9356 2126 9358
f 1135 1087 1130
f 2201 2015 2014
f 1149 110 1858
f 3261 3263 3262
f 3269 3271 3270
f 3265 3267 3266
f 3229 3284 3283
f 3289 3291 3290
f 3299 3301 3300
f 3307 3264 3308
f 3293 3295 3294
f 3297 3224 3298
f 3319 3291 3320
f 3322 3318 3315
f 3314 3312 3311
f 3285 3287 3286
f 3332 3218 3215
f 3329 3330 3328
f 3324 3227 3298
f 3298 3326 3324
f 2203 2205 2206
f 579 1895 1019
f 1755 2208 1756
f 3337 3339 3338
f 9343 1893 605
f 1211 2150 1727
f 868 2210 2209
f 3347 3349 3348
f 944 930 940
f 2130 2202 2201
f 233 1898 195
f 665 750 666
f 1167 999 618
f 2211 2213 2214
f 2215 2217 2218
f 9319 590 9320
f 2220 220 2219
f 823 948 1094
f 3375 3377 3376
f 3393 3391 3390
f 3353 3357 3356
f 3363 3365 3364
f 3402 3404 3403
f 266 455 265
f 9334 2107 9335
f 2221 8963 8961
f 2223 2225 2226
f 2207 2124 2208
f 3293 3336 3286
f 673 9321 9316
f 817 996 815
f 2227 2146 2145
f 1947 646 749
f 9352 17 9325
f 2229 1638 1381
f 1679 1618 1680
f 1637 2232 2230
f 2233 1617 1616
f 2231 2236 2237
f 3406 3408 3407
f 1381 2238 1382
f 9038 2242 9039
f 3414 3341 3415
f 1630 2233 1631
f 1681 472 469
f 1408 2243 2244
f 3423 3425 3424
f 3433 3263 3307
f 3434 3430 3435
f 3440 3442 3441
f 3444 3446 3445
f 3436 3450 3439
f 3442 3456 3455
f 1637 2238 1638
f 3445 3437 3438
f 3448 3440 3449
f 1409 1634 2245
f 1380 2247 2246
f 1628 2245 1621
f 3463 3465 3464
f 3308 3462 3307
f 2249 1622 1633
f 1632 1408 2244
f 2248 1631 2250
f 3478 3480 3479
f 3509 3511 3510
f 2235 1637 1636
f 3505 3507 3506
f 3457 3199 3198
f 631 2071 725
f 515 52 49
f 782 2251 1251
f 2253 2255 2252
f 397 459 784
f 1456 2040 1455
f 2040 2036 1455
f 3434 3518 3517
f 1401 2111 1398
f 2041 1970 2026
f 3367 3338 3368
f 1535 414 1965
f 1586 2080 2079
f 2256 1132 1886
f 3528 3530 3529
f 3519 3520 3517
f 3537 3506 3538
f 3543 3545 3544
f 1700 9370 9371
f 3486 3550 3549
f 3455 3497 3563
f 3558 3559 3323
f 3456 3500 3497
f 3572 3252 3249
f 3308 3285 3569
f 3316 3574 3573
f 3575 3479 3533
f 3576 3578 3577
f 3580 3582 3581
f 3584 3586 3585
f 3505 3588 3503
f 3589 3591 3590
f 3600 3602 3601
f 3542 3595 3594
f 3604 3592 3589
f 3611 3613 3612
f 3622 3624 3623
f 3618 3620 3619
f 3626 3628 3627
f 3644 3646 3645
f 3634 3636 3635
f 3638 3641 3640
f 9267 1686 9269
f 1263 1886 1096
f 3613 3654 3614
f 598 844 599
f 2257 2259 2260
f 2258 2262 2259
f 2259 2263 2216
f 2260 2216 2215
f 1967 1970 1969
f 2212 1963 2213
f 922 2218 2217
f 1312 1101 2264
f 1307 1286 789
f 1548 1546 1972
f 2266 2268 2265
f 2265 2270 2269
f 2272 2269 2271
f 2273 2265 2272
f 2275 2277 2274
f 2278 2277 2279
f 2284 9069 9091
f 2287 2286 2281
f 2288 2283 2287
f 2290 9091 9072
f 2291 2293 2294
f 2295 2294 2279
f 2296 2291 2295
f 2297 2292 2291
f 2294 2299 2300
f 2279 2300 2278
f 2298 2302 2292
f 2292 2303 2293
f 2293 2304 2299
f 2304 2306 2299
f 2306 2300 2299
f 2308 2310 2307
f 2302 2310 2303
f 2301 2307 2302
f 2312 2307 2311
f 2313 2315 2316
f 2318 2320 2317
f 9200 2322 2323
f 2324 2273 2326
f 2313 2326 2327
f 2328 2313 2316
f 2329 2324 2328
f 2331 2333 2330
f 2330 2267 2266
f 2325 2266 2273
f 2329 2330 2325
f 2333 2335 2267
f 2336 2333 2332
f 2338 2332 2337
f 2331 2337 2332
f 2329 2339 2331
f 2328 2340 2329
f 2316 2341 2328
f 2342 2315 2343
f 2344 2346 2347
f 2341 2347 2340
f 2342 2344 2341
f 2348 2345 2344
f 2350 2352 2353
f 2339 2353 2337
f 2340 2350 2339
f 2347 2351 2350
f 2337 2354 2338
f 2353 2355 2354
f 2356 2276 2357
f 2356 2358 2359
f 2356 2296 2295
f 2279 2356 2295
f 2360 2270 2268
f 2267 2360 2268
f 2362 2364 2365
f 2362 2361 2358
f 2366 2358 2357
f 2366 2363 2362
f 2357 2368 2366
f 2366 2369 2367
f 2276 2370 2368
f 2368 2282 2369
f 2372 2374 2371
f 2375 2377 2007
f 2378 2380 2381
f 2382 2381 2383
f 2384 2378 2382
f 2385 2379 2378
f 2388 2390 2387
f 2387 2392 2391
f 2393 2387 2391
f 2394 2388 2387
f 2186 2402 2400
f 2403 2327 2326
f 2272 2326 2273
f 2271 2403 2272
f 2405 2404 2403
f 2404 2408 2327
f 2409 2411 2412
f 2409 2271 2269
f 2413 2269 2270
f 2413 2410 2409
f 2417 2416 2418
f 2417 2406 2405
f 2412 2405 2271
f 2411 2417 2412
f 2406 2407 2404
f 9013 632 713
f 2420 2397 2421
f 2420 2423 2422
f 2424 2422 2419
f 2424 2398 2420
f 2425 2392 2426
f 2421 2426 2423
f 2397 2425 2421
f 2396 2391 2425
f 2427 2315 2314
f 2427 2408 2428
f 2430 2428 2429
f 2343 2427 2430
f 2432 2430 2431
f 2431 2429 2433
f 2435 2433 2434
f 2436 2431 2435
f 2428 2407 2437
f 2422 2407 2419
f 2438 2422 2423
f 2429 2437 2438
f 2440 2433 2439
f 2441 2433 2429
f 2442 2439 2441
f 2443 2440 2439
f 2445 2444 2443
f 2447 2443 2442
f 2383 2445 2447
f 2381 2446 2445
f 2448 2423 2426
f 2449 2426 2392
f 2441 2449 2442
f 2441 2438 2448
f 2449 2390 2450
f 2450 2389 2451
f 2447 2451 2383
f 2442 2450 2447
f 2451 2453 2452
f 2452 2455 2454
f 2382 2454 2384
f 2383 2452 2382
f 2456 2373 2372
f 2459 2461 2458
f 2463 2465 2462
f 2462 2285 2284
f 2466 2284 2290
f 2467 2462 2466
f 2461 9155 9153
f 2468 2470 2471
f 2472 2471 2473
f 2474 9153 9140
f 2475 2477 2478
f 2458 2453 2479
f 2479 2389 2388
f 2395 2479 2388
f 2480 2458 2479
f 2481 2483 2478
f 2484 2485 221
f 2471 2464 2463
f 2473 2463 2467
f 2487 2466 2486
f 2486 2290 2488
f 2490 2488 2489
f 2491 2486 2490
f 2492 2467 2487
f 2493 2487 2491
f 2494 2492 2493
f 2495 2473 2492
f 9142 2474 9140
f 9143 2496 9142
f 2498 2493 2499
f 2500 2499 2501
f 9152 2498 2500
f 9139 2494 2498
f 2306 2278 2300
f 2305 2504 2306
f 2504 2507 2506
f 2506 2288 2508
f 2274 2508 2275
f 2278 2506 2274
f 9085 2489 2488
f 9072 2488 2290
f 2507 2289 2288
f 2505 2509 2507
f 2508 2287 2511
f 2511 2281 2280
f 2370 2280 2282
f 2275 2511 2370
f 2512 2489 2513
f 2514 2513 2515
f 2517 2514 2516
f 2517 2490 2512
f 2499 2491 2517
f 2499 2516 2501
f 2510 2519 2518
f 2518 2521 2520
f 9068 2520 9073
f 9084 2518 9068
f 2522 2303 2310
f 2523 2310 2309
f 2305 2522 2524
f 2524 2523 2525
f 2519 2525 2521
f 2505 2524 2519
f 2308 2527 2526
f 2526 2529 2528
f 2531 2528 2530
f 2309 2526 2531
f 1214 2151 1211
f 2419 2418 2424
f 2533 2349 2317
f 2534 2317 2320
f 2535 2533 2534
f 2536 2345 2533
f 2537 2346 2536
f 2538 2536 2535
f 2539 2537 2538
f 2540 2351 2537
f 2312 2541 2527
f 2527 2542 2529
f 2543 2434 2544
f 2545 2544 2546
f 2319 2543 2545
f 2318 2435 2543
f 2514 2548 2547
f 2547 2550 2549
f 2552 2549 2551
f 2552 2514 2547
f 2520 2554 2553
f 2553 2556 2555
f 9042 2555 9045
f 9073 2553 9042
f 2523 2531 2557
f 2557 2530 2558
f 2525 2557 2559
f 2559 2558 2560
f 2554 2560 2556
f 2521 2559 2554
f 2561 2007 2006
f 2376 2225 2377
f 2564 2566 2563
f 2563 338 2567
f 2569 2567 2568
f 2570 2563 2569
f 2572 2574 2571
f 2571 2576 2575
f 2544 2575 2546
f 2544 2572 2571
f 2578 2569 2577
f 2579 2569 2568
f 2574 2579 2576
f 2573 2577 2574
f 2581 2583 2580
f 2584 2583 2585
f 9149 2580 2584
f 9128 2580 9127
f 2582 2552 2583
f 2583 2551 2585
f 2500 2589 2588
f 2590 2589 2591
f 9145 2588 2590
f 9147 2500 2588
f 2501 2591 2589
f 2592 2594 2595
f 2386 2503 2502
f 2596 2386 2374
f 2596 2373 2597
f 2599 2597 2598
f 2599 2379 2596
f 2600 2380 2599
f 2600 2598 2601
f 2603 2601 2602
f 2603 2446 2600
f 2604 2602 2605
f 2440 2605 2434
f 2444 2604 2440
f 2606 2581 2607
f 2606 2590 2591
f 2591 2582 2606
f 9128 2456 9141
f 9141 2372 9145
f 2478 2608 2481
f 2609 2611 2199
f 2564 2613 2612
f 2612 2598 2597
f 2457 2597 2373
f 2565 2612 2457
f 2614 2570 2578
f 2615 2578 2573
f 2602 2614 2615
f 2601 2613 2614
f 2572 2605 2616
f 2616 2602 2615
f 2573 2616 2615
f 1459 1045 1021
f 1265 1079 1082
f 1612 1609 1611
f 2067 2069 2068
f 1135 1136 1148
f 1938 2618 2617
f 95 458 128
f 2058 1608 1612
f 1454 1445 1367
f 655 1048 2619
f 722 2621 723
f 3665 3634 3666
f 1131 1033 1134
f 562 366 1497
f 1723 1725 1591
f 1786 1122 1787
f 267 323 266
f 1325 1654 2038
f 1468 1435 1479
f 658 529 528
f 8 247 7
f 382 1559 3
f 3631 3680 3630
f 788 1307 789
f 940 929 928
f 911 2623 912
f 2621 655 654
f 2624 2625 2626
f 998 27 26
f 635 2626 2625
f 2627 644 1840
f 2628 1840 2629
f 1200 2627 2628
f 1199 641 2627
f 1520 49 477
f 1452 1349 1451
f 2630 1859 1858
f 644 1335 1823
f 3683 3699 3698
f 1197 717 2632
f 2632 719 1166
f 2628 1166 1200
f 2629 2632 2628
f 1762 1050 821
f 1823 873 1839
f 2634 794 652
f 1028 1027 1161
f 1042 2635 1043
f 93 1901 1924
f 2036 1458 1455
f 1527 1525 1526
f 877 1274 1277
f 134 797 1544
f 1328 931 1329
f 607 1091 1161
f 1043 2637 2636
f 2636 2639 2638
f 1275 2638 1276
f 1275 1043 2636
f 1272 2626 2640
f 2640 638 637
f 1110 2640 637
f 536 2640 2641
f 1472 1474 1473
f 2042 1951 649
f 3668 3633 3669
f 1058 1105 1059
f 2642 2643 2644
f 1192 2644 1193
f 912 2642 1192
f 9350 8970 9238
f 1049 2620 2621
f 616 1885 613
f 1331 666 750
f 990 1198 525
f 1911 321 322
f 1298 1205 2645
f 76 1504 75
f 1502 421 422
f 610 658 691
f 1146 659 938
f 2646 914 936
f 1280 1238 1279
f 975 2647 2648
f 2647 975 974
f 1453 1452 1451
f 1514 158 151
f 835 1843 1842
f 1271 1173 1289
f 2649 813 2650
f 1893 1826 1894
f 1050 1937 1051
f 2651 814 813
f 1006 1281 977
f 2653 2654 2655
f 1001 1003 1002
f 585 679 558
f 2624 621 620
f 555 2028 556
f 1207 1197 2629
f 1626 478 472
f 3729 3731 3730
f 3746 3748 3747
f 3770 3750 3753
f 426 419 1567
f 1030 1773 1031
f 9350 634 9332
f 534 138 262
f 1125 1042 1041
f 333 88 227
f 569 561 730
f 3691 3693 3692
f 1489 871 870
f 1857 620 891
f 1673 9222 9215
f 622 864 1308
f 2647 974 2657
f 619 891 620
f 261 545 262
f 393 1556 404
f 2658 2647 2657
f 1075 2657 917
f 1081 2658 1075
f 1080 2659 2658
f 2644 1141 2660
f 2660 1140 1336
f 642 1336 643
f 1193 2660 642
f 679 555 558
f 3762 3764 3763
f 1503 1500 1502
f 1318 1101 1100
f 2661 1139 1142
f 2661 2663 2662
f 2662 2659 2661
f 2662 2622 2664
f 2664 911 2646
f 2648 2646 1146
f 2648 2662 2664
f 3586 3779 3777
f 2083 2093 2081
f 1442 1437 1439
f 3732 3733 3731
f 519 330 51
f 1885 1209 613
f 799 805 804
f 1946 1952 1953
f 1302 1253 1252
f 3741 3757 3756
f 3660 3662 3661
f 566 224 533
f 1389 928 1388
f 683 681 680
f 836 1842 2665
f 2665 1845 1303
f 2666 1303 1302
f 24 2665 2666
f 831 2650 832
f 1845 1304 1303
f 2010 2012 2011
f 1051 2667 2668
f 1522 1511 1523
f 531 441 522
f 782 1251 1250
f 1250 2625 2669
f 2669 1857 1856
f 783 1856 1037
f 782 2669 783
f 720 2671 721
f 1055 1930 1056
f 1333 1251 2251
f 619 1308 1307
f 652 2619 2634
f 521 1539 1540
f 1838 537 2672
f 2672 536 2641
f 1113 2641 1110
f 1113 1838 2672
f 1016 1351 1045
f 9349 570 9346
f 226 104 101
f 9008 9279 1818
f 1036 1884 1883
f 2674 1304 2673
f 2673 1844 2675
f 1334 2675 1039
f 1333 2673 1334
f 2676 1039 2675
f 1843 2675 1844
f 942 2676 1843
f 1074 702 2676
f 811 859 858
f 752 1055 753
f 1200 656 1026
f 1120 874 2677
f 2677 877 1052
f 1241 1052 1005
f 1119 2677 1241
f 1560 151 1515
f 1208 611 523
f 215 736 214
f 1460 1462 1461
f 3717 3719 3718
f 1208 1839 873
f 854 1282 1297
f 3682 3696 3681
f 72 182 179
f 544 1565 512
f 217 456 457
f 3673 3781 3780
f 2047 930 945
f 1204 1937 2633
f 913 686 685
f 3705 3707 3706
f 840 1113 1112
f 1531 730 561
f 2678 1283 801
f 601 1914 602
f 1537 459 460
f 1819 8953 8971
f 991 862 538
f 2679 1073 1830
f 3776 3581 3582
f 2680 983 2256
f 779 2256 1263
f 778 2680 779
f 2678 1830 2680
f 180 245 40
f 1886 1131 1134
f 3766 3767 3749
f 1138 1274 1255
f 3777 3585 3586
f 1841 1140 1139
f 75 314 74
f 193 420 192
f 2681 1099 1098
f 3658 3587 3659
f 170 1565 169
f 349 417 432
f 1121 2684 2683
f 547 409 302
f 123 121 120
f 2643 1142 1141
f 1542 513 1543
f 899 907 919
f 1210 676 867
f 791 982 892
f 24 837 836
f 893 932 931
f 1860 863 862
f 535 862 861
f 3640 3683 3638
f 832 813 812
f 2650 813 832
f 1569 1547 1568
f 181 542 180
f 660 937 688
f 2013 568 2012
f 3781 3644 3782
f 887 2631 2630
f 1524 361 78
f 520 162 1529
f 2653 854 2685
f 1238 2655 2686
f 718 527 530
f 1492 518 1491
f 792 615 793
f 599 1835 596
f 290 456 175
f 312 1552 425
f 1248 1179 1249
f 153 177 178
f 1240 1222 1221
f 1257 1235 1071
f 1291 1083 1222
f 1052 1277 1053
f 743 2618 1204
f 444 430 443
f 23 1172 1187
f 2687 1180 1179
f 102 409 134
f 1283 610 801
f 373 650 651
f 1180 1084 1291
f 855 2655 1237
f 1173 1917 1174
f 2689 853 2688
f 2688 1108 1279
f 2686 1279 1238
f 2687 2688 2686
f 2691 1252 2690
f 2690 850 2689
f 1248 2689 2687
f 1248 2691 2690
f 2692 24 2666
f 2691 2666 1302
f 1247 2692 2691
f 1258 617 2692
f 394 1555 393
f 2693 1259 1223
f 1072 1262 1261
f 1257 1168 1258
f 398 1555 1554
f 871 1314 872
f 1178 1249 1179
f 1224 1173 1172
f 1010 2618 742
f 1175 1292 1269
f 2654 2686 2655
f 2694 1216 1264
f 71 1487 70
f 701 1111 1038
f 1072 2649 2650
f 1085 22 21
f 895 1264 896
f 1601 1605 1604
f 1259 1271 1289
f 21 1220 1083
f 988 538 537
f 3533 3535 3532
f 598 1336 1140
f 820 1762 821
f 1050 818 821
f 1298 1761 2652
f 1168 618 617
f 3629 3670 3628
f 858 1256 833
f 39 516 1536
f 2652 819 814
f 313 315 314
f 2026 1971 2027
f 2656 596 1835
f 814 818 811
f 2696 813 2649
f 1260 2649 1261
f 2693 2696 1260
f 2697 2651 2696
f 381 390 380
f 9270 1611 1609
f 1475 1428 1227
f 1292 1917 1235
f 1551 354 1518
f 1526 1523 1511
f 1593 1595 1573
f 1232 1246 1249
f 2695 1223 22
f 2698 1296 2697
f 2698 2693 2695
f 2685 2695 1085
f 2685 1297 2698
f 562 271 272
f 2652 1296 1298
f 1365 1364 1363
f 1958 1953 1957
f 585 2210 997
f 1561 1515 435
f 975 1146 976
f 347 68 346
f 1038 636 1068
f 2700 780 2699
f 2699 1036 1883
f 2701 1883 1829
f 851 2699 2701
f 2674 2251 2702
f 2702 781 2700
f 1253 2700 851
f 1301 2702 1253
f 1519 388 1550
f 1273 1280 2703
f 2703 1107 852
f 2701 852 851
f 1829 2703 2701
f 91 326 90
f 1784 2656 1785
f 2683 2705 2704
f 604 8943 8977
f 1669 8992 1662
f 2062 2060 2059
f 621 861 622
f 2023 732 2024
f 686 1263 687
f 857 2668 1328
f 883 882 879
f 3648 3650 3649
f 637 1111 1110
f 2668 893 1328
f 3692 3711 3691
f 2667 894 2668
f 1039 1068 1334
f 313 1504 1505
f 1911 305 453
f 1936 1964 2212
f 2707 2401 2183
f 2708 2183 2182
f 738 2116 554
f 3785 3709 3786
f 2349 2432 2436
f 2711 2020 2019
f 2400 2019 2186
f 2714 2716 2713
f 2717 2719 2720
f 2721 2723 2724
f 2726 2728 2725
f 2725 2730 2729
f 2731 2729 2709
f 2732 2725 2731
f 2734 2736 2733
f 2738 2740 2737
f 2737 2741 2742
f 2744 2746 2743
f 2745 2748 2747
f 2749 2747 2751
f 2753 2751 2752
f 2250 2246 2248
f 3417 3419 3418
f 2754 1614 2755
f 9050 2755 9061
f 9060 2747 9061
f 1617 2755 1614
f 2242 1620 2757
f 3429 3431 3430
f 2191 2760 2759
f 2761 2760 2762
f 9100 2761 9101
f 9075 2759 9100
f 3209 3354 3355
f 1395 2236 2235
f 1395 1636 1615
f 3741 3790 3740
f 1616 2229 2233
f 3410 3412 3411
f 1617 2763 2756
f 2756 9080 9060
f 2765 2234 1630
f 2766 9080 9074
f 3202 3458 3459
f 1516 435 1515
f 2768 8996 8997
f 1495 578 1424
f 2135 28 17
f 8970 2773 2774
f 1690 9378 9377
f 2778 2780 2777
f 2777 2781 2782
f 2784 2777 2783
f 8999 575 576
f 1494 9 540
f 8973 2015 9010
f 451 505 450
f 2786 2788 2785
f 2779 2785 2780
f 2789 2741 2740
f 2790 2752 2789
f 2792 2794 2791
f 2793 2796 2794
f 2796 2750 2749
f 2794 2749 2753
f 2798 1396 2754
f 9043 2754 9050
f 2798 2800 1393
f 9043 2799 2798
f 2797 2795 2801
f 2791 2753 2790
f 216 232 54
f 9256 2807 9255
f 9257 2804 9255
f 2769 9001 8996
f 183 184 97
f 2811 2775 2776
f 2804 2776 2805
f 2809 2811 2804
f 2812 2813 2814
f 9257 2816 9247
f 9248 2815 9247
f 9250 2820 2821
f 9245 2819 9250
f 2824 2735 2819
f 2823 2824 2819
f 2825 2826 2724
f 9245 2827 9244
f 9248 2826 9244
f 2713 2829 2828
f 2828 2831 2830
f 2822 2828 2830
f 2821 2713 2828
f 2832 2822 2830
f 2833 2830 2831
f 2834 2832 2833
f 2835 2827 2832
f 2837 2839 2836
f 2836 2841 2840
f 2842 2840 2727
f 2843 2836 2842
f 2840 2845 2844
f 2718 2845 2719
f 2730 2844 2718
f 2727 2844 2728
f 2846 2719 2845
f 2846 2841 2847
f 2829 2847 2831
f 2829 2716 2846
f 2847 2839 2848
f 2848 2838 2849
f 2833 2849 2834
f 2831 2848 2833
f 2850 2851 2852
f 2853 2852 2854
f 2783 2782 2855
f 2785 2853 2856
f 2780 2856 2781
f 2857 2855 2782
f 2859 2782 2781
f 2861 2842 2860
f 2860 2727 2726
f 2862 2726 2732
f 2863 2860 2862
f 2861 2858 2857
f 2843 2857 2859
f 2856 2854 2864
f 2781 2864 2859
f 2837 2859 2864
f 2838 2864 2854
f 2852 2834 2849
f 2854 2849 2838
f 2865 2818 2835
f 2851 2835 2834
f 2813 2815 2865
f 2814 2865 2851
f 2866 2814 2850
f 2788 2850 2853
f 2866 2787 2867
f 2812 2867 2775
f 1892 1890 1891
f 2720 2846 2870
f 298 256 257
f 2872 2713 2820
f 9246 2735 2734
f 2729 2874 2873
f 2846 2715 2870
f 2876 2878 2875
f 2733 2878 2734
f 9258 2879 2880
f 9258 2872 9246
f 2882 2884 2881
f 2881 2715 2714
f 2880 2714 2872
f 2879 2881 2880
f 2885 2887 2888
f 2888 2890 2885
f 2885 2892 2891
f 2893 2885 2891
f 1942 2532 2894
f 2895 2720 2870
f 2884 2870 2715
f 2883 2895 2884
f 2896 2892 2895
f 2889 2717 2890
f 2890 2720 2892
f 2897 2891 2896
f 2898 2896 2883
f 2899 2883 2882
f 2900 2882 2879
f 9249 2879 9259
f 2876 2901 2877
f 2901 2904 2903
f 1785 1835 1834
f 2905 2899 2900
f 2907 2897 2898
f 9249 2903 9251
f 632 577 633
f 8976 2867 2787
f 434 550 350
f 2768 9092 9095
f 2910 1623 2249
f 2241 2758 2242
f 9092 2913 9104
f 1623 2757 1620
f 9039 2757 9104
f 2229 1380 2250
f 2765 1629 2914
f 2915 1629 2912
f 9094 2914 2915
f 9093 2765 2914
f 2919 9094 9065
f 2918 2912 2241
f 9066 2241 9038
f 9070 9065 9122
f 8985 2180 8940
f 8965 2188 8950
f 3694 3627 3693
f 9157 714 9303
f 2925 2917 2924
f 2924 2916 2919
f 9062 2919 9070
f 9063 2924 9062
f 2926 2766 2925
f 9110 2925 9063
f 1715 1705 1710
f 785 498 796
f 1387 565 1791
f 374 1899 560
f 9017 2206 9000
f 2929 2886 2893
f 2932 2934 2931
f 1905 1908 1907
f 2930 2936 2937
f 2938 2930 2929
f 1493 517 518
f 1603 1586 1602
f 2939 2929 2908
f 2940 2908 2907
f 9117 1600 9113
f 2886 2937 2887
f 2906 2898 2899
f 2908 2893 2897
f 2942 2933 2941
f 2941 2937 2936
f 8945 2936 8957
f 8942 2941 8945
f 2943 2710 2873
f 2943 2874 2889
f 2945 2889 2888
f 2946 2943 2945
f 2932 2888 2887
f 2931 2945 2932
f 727 1929 728
f 2903 2947 2948
f 545 42 262
f 1480 533 251
f 2907 2949 2940
f 2906 2950 2949
f 1558 215 202
f 9251 2948 9253
f 2054 1644 2118
f 9157 2203 9017
f 1828 1849 1827
f 2953 2955 2952
f 2952 2957 2956
f 2956 2258 2952
f 2953 2258 2257
f 2454 2474 2496
f 9199 2959 9218
f 9199 2131 9189
f 2961 2963 2958
f 2958 2964 2959
f 222 2485 2965
f 2477 2966 2608
f 2631 2006 1859
f 2384 2496 2497
f 2967 2959 2964
f 2968 2970 2969
f 9211 2971 9236
f 9236 2960 9218
f 2972 2033 2032
f 2007 2973 2008
f 9004 2134 2133
f 1836 1832 1831
f 8950 2090 8995
f 955 959 956
f 672 674 673
f 633 713 632
f 2024 733 803
f 2025 803 798
f 425 1550 388
f 2975 888 887
f 1319 1157 2694
f 1212 2977 1213
f 889 2228 2227
f 1978 1975 1979
f 1138 1329 915
f 751 2979 2978
f 1619 1625 1624
f 2252 1728 1727
f 1157 845 1216
f 2706 1938 2617
f 2980 2254 2981
f 2982 887 2630
f 802 711 2679
f 678 2029 2028
f 527 690 528
f 1839 2629 1840
f 2983 602 1914
f 2983 1913 1331
f 2985 1331 1054
f 2986 2983 2985
f 2987 2635 2634
f 2985 2639 2986
f 2990 1318 2989
f 2991 2993 2994
f 2995 2994 2996
f 1106 2991 2995
f 1058 2992 2991
f 1415 1365 1367
f 1317 2217 2997
f 1932 2255 2980
f 926 2999 664
f 3001 2992 3000
f 3000 1057 2978
f 2999 2978 2979
f 2998 3000 2999
f 3002 2209 3003
f 3002 2996 2994
f 2993 3002 2994
f 3001 2998 3002
f 1103 2995 3004
f 3004 2996 3003
f 2209 3004 3003
f 588 3004 2210
f 295 433 381
f 2638 2988 3005
f 3005 1056 1930
f 1305 1930 1306
f 1276 3005 1305
f 1987 1993 1989
f 2633 1761 2645
f 1423 1417 1419
f 9005 739 703
f 2671 2704 2705
f 1473 2035 1472
f 922 2694 895
f 1401 1378 1384
f 556 1884 1037
f 842 9277 9288
f 1854 2617 1010
f 933 1081 1075
f 1440 1436 1437
f 529 719 530
f 1031 1027 1028
f 777 912 1871
f 2645 1204 2633
f 441 1538 1537
f 3771 3773 3772
f 790 587 586
f 2065 1610 1607
f 1860 990 902
f 60 87 59
f 1424 1948 1947
f 332 1507 331
f 261 138 135
f 187 449 507
f 1719 1726 1725
f 1931 1059 3006
f 3006 1105 1104
f 1287 1104 587
f 1286 3006 1287
f 3007 3009 3010
f 3009 653 795
f 618 26 25
f 2029 1210 1209
f 957 600 2228
f 1049 2228 600
f 2631 3011 2561
f 890 2227 3011
f 3011 2145 3012
f 2561 3012 2375
f 1026 609 608
f 2706 1961 1964
f 3013 2485 3014
f 2148 1267 3015
f 3015 1266 1311
f 2997 1101 1317
f 642 1773 1193
f 186 461 511
f 1041 1320 901
f 1121 3017 1122
f 2984 2987 3018
f 3018 2634 2619
f 1048 3018 2619
f 603 2984 3018
f 2679 801 802
f 2062 2074 2061
f 2061 2076 2064
f 414 1545 1965
f 3016 2683 3019
f 3019 2704 2670
f 3020 2670 720
f 3007 3019 3020
f 1871 1091 777
f 3021 1122 3017
f 3022 3017 3010
f 1314 3022 1315
f 1784 3021 1314
f 1316 1763 611
f 3023 3010 3009
f 3023 795 1092
f 1763 1092 1125
f 1315 3023 1763
f 3016 3010 3017
f 752 2978 1057
f 2986 2637 2987
f 3024 653 3008
f 3020 3008 3007
f 720 3024 3020
f 723 654 3024
f 2681 1268 3025
f 2671 1268 721
f 2705 3025 2671
f 1313 3027 1311
f 3026 3029 3027
f 3027 3030 3031
f 1311 3031 3015
f 2012 731 2023
f 917 974 977
f 3742 3744 3743
f 743 856 744
f 1888 2030 1425
f 2682 2684 3032
f 3032 1124 2989
f 1100 2989 1318
f 1099 3032 1100
f 1123 2989 1124
f 3033 1159 1158
f 2990 1158 1319
f 1123 3033 2990
f 1786 1834 3033
f 1054 2988 2985
f 2979 664 2999
f 2623 2663 2643
f 1095 688 687
f 3034 2261 2956
f 3036 2956 2957
f 3037 3034 3036
f 3038 3035 3034
f 3040 3026 1313
f 2263 3041 3040
f 3042 3043 3041
f 3041 3028 3026
f 3044 3043 3039
f 3046 3045 3044
f 3047 3049 3045
f 3043 3049 3028
f 3038 3051 3050
f 3050 3053 3052
f 3052 3044 3050
f 3039 3050 3044
f 3054 3039 3042
f 3042 2262 3054
f 2261 3054 2262
f 2216 2997 2217
f 2212 2667 1936
f 3056 2209 3055
f 934 1961 1854
f 2013 9209 567
f 3058 3060 3061
f 3059 3063 3060
f 3060 2213 1963
f 3061 1963 1962
f 3063 2214 2213
f 3062 3064 3063
f 3065 2260 3064
f 3064 2215 2214
f 3066 3031 3030
f 2608 3067 3066
f 2966 3068 3067
f 3031 3068 3015
f 2455 2461 2474
f 2476 2226 2477
f 8995 2089 8969
f 8970 9221 9238
f 433 355 381
f 2115 1419 2123
f 8953 2922 8971
f 9221 2131 2134
f 3069 2167 2166
f 2971 2928 2960
f 2961 2773 2962
f 3070 2478 2483
f 2610 3071 2954
f 2502 2374 2386
f 3072 2595 3073
f 2964 3052 2967
f 3048 3074 3049
f 2593 3075 3074
f 3075 3029 3074
f 3074 3028 3049
f 3072 3075 2592
f 3076 2482 2481
f 2481 3066 3076
f 3076 3030 3075
f 2967 3053 2970
f 2482 3073 2483
f 479 493 494
f 706 9325 709
f 9005 2221 8961
f 2013 9206 9207
f 8977 2016 8973
f 9006 2222 2974
f 1171 1155 1176
f 3782 3689 3783
f 2586 2565 2587
f 2982 113 2484
f 2562 3077 3068
f 2376 3012 3077
f 3012 2148 3077
f 3077 3015 3068
f 2963 3046 2964
f 3051 2970 3053
f 1683 491 775
f 9302 1447 9312
f 1986 9186 9220
f 3079 2546 2575
f 3081 2575 2576
f 1983 9220 9217
f 3082 2319 2545
f 3080 2545 2546
f 9186 3082 3080
f 9184 2323 3082
f 1309 1888 748
f 3073 2772 2771
f 2760 3084 2762
f 2760 2088 3083
f 3085 3086 3087
f 3089 3090 3088
f 3089 3084 3085
f 3092 3090 3091
f 3093 2744 2743
f 2751 2748 3093
f 3093 2752 2751
f 2742 3093 3094
f 3094 2743 3095
f 3096 3098 3087
f 3099 3087 3086
f 3097 3095 3098
f 3100 2746 3101
f 3101 3102 3100
f 2764 2927 3101
f 2745 3101 2746
f 3102 3091 3100
f 3100 3095 2743
f 2869 9044 9086
f 3102 3104 3092
f 9110 2869 9086
f 2927 3103 3102
f 3098 3091 3090
f 3087 3090 3085
f 2088 3105 3083
f 3083 3086 3084
f 2483 2771 3070
f 2401 2185 2321
f 3099 3105 3106
f 2125 3106 3105
f 3108 2742 3107
f 3107 3094 3097
f 3110 3107 3109
f 3109 3097 3096
f 3111 3096 3099
f 3112 3109 3111
f 3113 2737 3108
f 3115 2722 3114
f 3117 3114 3116
f 3119 3116 3118
f 3118 3120 3121
f 3116 3113 3120
f 3122 3111 3123
f 3122 1755 1754
f 3124 3126 3127
f 3125 3121 3126
f 3128 3118 3125
f 3129 3125 3124
f 2020 3128 3129
f 9305 1346 1352
f 1065 1047 1066
f 1814 9282 1649
f 2021 3129 3130
f 3111 3106 3123
f 3123 2207 1755
f 2377 2224 2973
f 3014 113 112
f 1756 9234 9219
f 3131 2530 2528
f 3133 2528 2529
f 1753 9219 9227
f 3134 3127 3135
f 2327 2314 2313
f 2436 2317 2349
f 2018 9163 9164
f 2534 3137 2535
f 2320 3136 2534
f 2185 9164 9223
f 3138 2542 2539
f 3134 9196 9197
f 9237 3134 9197
f 3140 2539 2538
f 2535 3140 2538
f 9163 3130 9237
f 2558 3132 3141
f 9234 3141 3132
f 2560 3141 3142
f 9212 3142 3141
f 958 2976 2981
f 1933 2980 3143
f 3714 3729 3713
f 2399 2418 2416
f 2348 2343 2432
f 2322 2319 2323
f 2718 2874 2730
f 2709 2873 2710
f 2894 1361 1942
f 3788 3720 3717
f 346 176 347
f 1876 1882 1881
f 2802 9059 9044
f 3104 3088 3092
f 2974 9101 9055
f 3089 2761 2762
f 3088 3145 3089
f 2803 9055 9059
f 9322 692 628
f 2123 1418 2126
f 1365 1368 1367
f 3346 3344 3343
f 1581 1782 1783
f 9013 2129 8964
f 8999 2002 8965
f 3146 2551 3147
f 9203 3147 9202
f 9194 3146 9203
f 3149 2585 3146
f 3196 3197 3195
f 9056 2191 9075
f 3142 2556 2560
f 9229 3150 3142
f 9098 2550 9045
f 3150 2555 2556
f 9230 3151 3150
f 9240 3152 9098
f 3153 2551 2549
f 3152 2549 2550
f 9233 3153 3152
f 9228 3147 3153
f 3148 2206 2205
f 2183 2321 2184
f 2132 2928 2133
f 3299 3321 3319
f 9136 2204 2203
f 9171 2197 9173
f 2594 2773 2951
f 2595 2951 2772
f 1870 799 1869
f 3257 3259 3258
f 9165 2178 9158
f 9158 9188 9242
f 336 9226 9174
f 339 3154 336
f 9241 3149 9194
f 9135 2584 3149
f 2963 3048 3047
f 9174 337 336
f 339 2566 2586
f 3156 2168 2167
f 2610 2167 2611
f 2954 3156 2610
f 3157 2953 2257
f 9159 2169 9161
f 2567 3159 2568
f 337 2567 338
f 9182 2166 9159
f 9216 1983 9217
f 2579 3081 2576
f 2568 3160 2579
f 9161 2190 9216
f 3065 3162 3161
f 3161 1984 2189
f 3157 2189 2168
f 2257 3161 3157
f 734 1922 806
f 3059 2708 3163
f 3163 2182 1985
f 3162 1985 1984
f 3062 3163 3162
f 3203 3205 3204
f 3806 3808 3807
f 2122 1448 1447
f 9269 1685 9264
f 139 444 69
f 1570 566 533
f 2957 3165 3036
f 2955 3164 2957
f 1912 341 1973
f 3130 3124 3134
f 1548 319 1547
f 1949 1327 1887
f 2969 3078 3167
f 3167 3169 3168
f 9176 2017 9172
f 9172 2033 9211
f 3168 3165 3170
f 3170 3164 3171
f 9231 3171 9208
f 9176 3170 9231
f 3171 3166 3172
f 3172 3071 3173
f 9204 3173 9201
f 9208 3172 9204
f 3169 3036 3165
f 2593 2962 2594
f 3173 2609 3174
f 3174 2199 2198
f 9235 2198 9171
f 9201 3174 9235
f 2190 1984 1983
f 2196 2767 3148
f 3326 3328 3327
f 2119 1414 1448
f 1464 1466 1465
f 2199 3069 2200
f 2457 2587 2565
f 2226 2562 2966
f 481 1627 1639
f 333 235 236
f 3078 3037 3169
f 3040 2997 2263
f 3351 3262 3263
f 2219 1933 2220
f 2385 2497 2503
f 221 3175 2484
f 2220 3143 3175
f 3175 2976 2975
f 2484 2975 2982
f 2954 3166 2955
f 2630 110 2982
f 1547 1952 1955
f 2091 2188 2187
f 9185 2178 2177
f 1918 1927 1926
f 9007 111 8955
f 3398 3400 3399
f 955 960 954
f 2037 112 9007
f 3143 2981 2976
f 2218 2214 2215
f 672 9239 8985
f 2152 3014 2037
f 1147 1143 1145
f 2248 1409 2245
f 1615 1635 1616
f 1410 2246 2247
f 3486 3487 3310
f 3468 3502 3501
f 3451 3452 3450
f 3177 1383 1382
f 2238 3176 1382
f 3176 2230 3178
f 1410 3179 1407
f 3179 2243 1407
f 1633 2800 2249
f 3816 3817 3814
f 1621 2758 2912
f 3642 3662 3675
f 3422 3260 3257
f 1622 2245 1634
f 2236 3181 3182
f 3793 3795 3794
f 3493 3495 3494
f 2237 3182 3183
f 3513 3515 3514
f 2250 2233 2229
f 3654 3667 3802
f 2912 1628 1621
f 3819 3821 3820
f 3432 3823 3431
f 135 1564 1563
f 1567 512 1565
f 1085 2653 2685
f 3184 868 3056
f 869 3057 934
f 3389 3387 3386
f 1266 1098 1312
f 1267 722 721
f 937 2646 936
f 2146 722 2147
f 2211 921 2667
f 1957 507 449
f 1313 2264 3040
f 1496 1493 1492
f 2681 2705 2682
f 2887 2933 2932
f 1687 1659 1694
f 145 1498 81
f 1317 1319 2694
f 3831 3830 3834
f 37 418 71
f 1935 3185 2977
f 104 301 103
f 2101 2083 2084
f 543 360 207
f 1934 3186 3185
f 234 212 237
f 9297 1822 1824
f 3825 3827 3826
f 1976 1874 1974
f 223 2219 220
f 9107 9057 9064
f 468 773 2165
f 3673 3659 3672
f 1935 1728 1932
f 3490 3840 3549
f 3362 3848 3847
f 3862 3864 3863
f 3465 3484 3868
f 3893 3525 3874
f 3352 3430 3431
f 3869 3871 3870
f 3529 3567 3564
f 3420 3922 3921
f 3304 3236 3303
f 3929 3931 3930
f 3324 3327 3561
f 3219 3939 3331
f 3220 3937 3219
f 3450 3376 3439
f 3942 3833 3941
f 3215 3454 3945
f 3946 3215 3945
f 3422 3948 3421
f 3950 3198 3196
f 3205 3957 3920
f 3261 3961 3288
f 3852 3964 3963
f 3214 3946 3958
f 3965 3214 3192
f 3797 3799 3798
f 3988 3990 3989
f 3777 3806 3822
f 3855 3447 3444
f 3737 3800 3736
f 3949 3952 3948
f 3651 3783 4000
f 4001 3787 3812
f 4019 4021 4020
f 4027 4029 4028
f 3258 4030 4027
f 4033 4035 4034
f 3424 4047 4046
f 3242 4058 4057
f 3970 3547 3971
f 3829 4057 3825
f 3333 3947 4060
f 4063 4065 4064
f 4073 4075 4074
f 3568 3443 3448
f 3981 3335 4050
f 3540 3862 3539
f 4078 4031 4032
f 3565 4088 3993
f 3442 4089 4082
f 4092 4094 4093
f 4093 4097 4096
f 3619 3623 3624
f 3660 3821 3807
f 3809 3649 3808
f 3610 3655 3613
f 3656 3623 3657
f 3621 3804 3620
f 3503 3481 3504
f 3436 3438 3437
f 3356 3427 3353
f 3628 3669 3633
f 3734 4002 3733
f 3276 3370 3369
f 3763 4107 3762
f 4006 3754 3755
f 3747 3752 3746
f 3863 4110 3992
f 3994 4003 3501
f 3653 3664 3652
f 3296 4115 3295
f 4117 4119 4118
f 3249 3251 3250
f 4127 4129 4128
f 3478 3903 3867
f 3410 3921 3922
f 3977 4038 3976
f 3216 3453 3454
f 3967 3548 3966
f 4140 4032 4039
f 3509 4149 3916
f 4151 3659 3587
f 4153 3656 3671
f 4153 3646 3672
f 4156 3645 4155
f 4139 4078 4140
f 3743 4163 4162
f 3861 3987 4166
f 3468 4067 3467
f 3306 3980 3835
f 4172 4010 4024
f 4169 3836 3835
f 4187 4189 4188
f 4213 4215 4214
f 4220 4222 4221
f 4225 4211 4204
f 4230 4232 4231
f 4240 4242 4241
f 3606 3608 3607
f 4250 4252 4251
f 4258 4260 4259
f 4077 4079 4078
f 4276 4278 4277
f 4308 4263 4309
f 4017 3872 3869
f 3196 3951 3950
f 4316 4270 4271
f 3870 4307 3869
f 4324 4326 4325
f 4333 4247 4244
f 4338 4340 4339
f 4348 4350 4349
f 4283 4289 4286
f 4356 4358 4357
f 4359 4020 4358
f 4362 4196 4197
f 4320 4279 4276
f 4370 4296 4371
f 4377 4303 4249
f 4231 4201 4178
f 4203 4331 4381
f 4037 4039 4038
f 4371 4386 4370
f 4387 4347 4314
f 3309 3294 3310
f 4099 3724 3818
f 4355 3257 4313
f 3630 3693 3627
f 4277 4302 4390
f 4350 4319 4349
f 4353 4351 4348
f 3637 3639 3638
f 4394 3827 3320
f 3311 4399 4398
f 3755 4005 4006
f 4363 4259 4260
f 3454 3919 3920
f 3446 3459 3458
f 4298 4404 4406
f 3749 3769 3766
f 3791 3756 3792
f 3643 3684 3640
f 3845 3399 3400
f 4313 3258 4312
f 4411 4408 4412
f 3843 4423 3842
f 4214 4329 4328
f 4431 4433 4432
f 3918 3798 3799
f 3927 3388 3389
f 4453 3874 3873
f 4138 4457 4456
f 3346 4459 3345
f 4100 4108 4107
f 3974 3976 3975
f 3665 3652 3664
f 3773 3993 3992
f 3945 3920 3957
f 4144 4462 4461
f 4464 4466 4465
f 3268 4479 3267
f 4484 4136 4485
f 3348 4487 3347
f 3313 3912 3913
f 3803 3617 3802
f 4086 3510 4087
f 4034 3305 4033
f 3403 4171 4489
f 4481 4492 4491
f 4177 4179 4178
f 4398 3923 3311
f 4451 4494 4450
f 4501 4076 4502
f 4509 4506 4503
f 3304 4462 4517
f 4485 3312 4484
f 3419 3349 4064
f 4356 4385 4305
f 4026 4358 4020
f 4354 4357 4358
f 3599 4091 4090
f 4341 4254 4274
f 4251 4524 4335
f 3482 3484 3483
f 3843 3544 4085
f 4295 4274 4294
f 4381 4206 4203
f 4204 4531 4225
f 4533 4535 4534
f 4542 4544 4543
f 4546 4548 4547
f 4573 4547 4548
f 4575 4577 4576
f 4221 4580 4220
f 4587 4589 4588
f 4328 4589 4214
f 4187 4563 4332
f 4595 4593 4591
f 4597 4604 4596
f 4609 4611 4610
f 4620 4622 4621
f 4612 4614 4613
f 4636 4600 4637
f 4649 4650 4648
f 4652 4654 4653
f 4662 4664 4663
f 4666 4668 4667
f 4637 4685 4684
f 4627 4700 4626
f 4684 4636 4637
f 4663 4661 4662
f 4699 4697 4696
f 4647 4703 4702
f 4709 4603 4710
f 4724 4726 4725
f 4742 4744 4743
f 3311 3924 3314
f 4698 4758 4679
f 4749 4609 4610
f 4342 4344 4343
f 4797 4799 4798
f 4490 3974 4143
f 4019 4306 3870
f 4512 4514 4513
f 3991 4508 4507
f 4692 4694 4693
f 4680 4818 4810
f 4821 4824 4823
f 4367 4243 4240
f 4833 4831 4830
f 4837 4757 4754
f 4332 4562 4561
f 4683 4819 4682
f 4845 4850 4849
f 4751 4752 4669
f 4854 4695 4692
f 4858 4718 4857
f 4822 4859 4824
f 4674 4647 4675
f 4771 4773 4772
f 4726 4537 4540
f 4714 4719 4715
f 4633 4688 4687
f 4616 4618 4617
f 4686 4842 4841
f 4869 4708 4629
f 3502 3528 3529
f 4777 4737 4745
f 4734 4779 4873
f 4883 4663 4664
f 4375 4274 4275
f 4290 4335 4524
f 4799 4826 4825
f 4816 4812 4810
f 4778 4732 4659
f 4158 4160 4159
f 4195 4197 4196
f 3860 4166 4167
f 3758 3763 3764
f 3694 4157 4156
f 4249 4391 4377
f 3467 3469 3468
f 4209 4211 4210
f 4142 4144 4143
f 3615 3617 3616
f 3479 3536 3535
f 4883 4672 4886
f 4802 4642 4643
f 3698 3638 3683
f 4105 3726 3730
f 4848 4896 4895
f 4878 4744 4837
f 4610 4748 4749
f 4036 4489 4035
f 4355 4314 4347
f 4171 4049 4048
f 3875 3216 3217
f 4868 4863 4864
f 4623 4691 4622
f 3629 4155 4154
f 4654 4898 4683
f 4012 4014 4013
f 4902 4866 4867
f 4768 4908 4906
f 4370 4385 4384
f 4888 4914 4913
f 3546 3917 3916
f 4932 4931 4919
f 3625 4151 4150
f 3804 3670 3657
f 3816 4103 4101
f 4911 4887 4912
f 4928 4927 4929
f 4925 4927 4921
f 3655 3666 3654
f 4932 4910 4911
f 4937 4912 4913
f 4939 4942 4941
f 4228 4530 4381
f 4946 4942 4947
f 4938 4923 4937
f 4942 4937 4947
f 4951 4930 4928
f 4955 4928 4954
f 4748 4615 4749
f 4914 4847 4956
f 4824 4584 4856
f 4940 4941 4943
f 4916 4960 4917
f 4909 4891 4862
f 4971 4968 4949
f 4966 4948 4944
f 4962 4953 4965
f 4940 4924 4939
f 4831 4917 4895
f 4935 4925 4924
f 4275 4261 4258
f 4679 4791 4678
f 4016 4373 4376
f 4668 4766 4795
f 4539 4727 4845
f 4929 4936 4933
f 4607 4882 4881
f 4775 4801 4802
f 4801 4742 4774
f 4732 4611 4733
f 4985 4983 4982
f 4534 4562 4533
f 4847 4645 4848
f 4788 4619 4616
f 4787 4678 4791
f 4657 4605 4597
f 4994 4878 4837
f 5006 5008 5007
f 5001 4973 4988
f 4814 4619 4785
f 5014 4974 5012
f 5003 4972 4973
f 5019 5007 5018
f 5024 5017 5025
f 5036 5035 5032
f 4990 4975 4972
f 5045 5034 5044
f 5048 5034 5035
f 5025 5014 5026
f 5046 5043 5031
f 5051 5055 5054
f 5044 5060 5059
f 5011 5021 5020
f 5013 5068 5012
f 5028 5072 5029
f 5077 5064 5065
f 5065 5079 5077
f 5083 5080 5060
f 5063 5080 5065
f 5054 5071 5078
f 4602 4711 4851
f 5058 5083 5053
f 4982 4792 4793
f 5041 5045 5061
f 3909 3278 3250
f 3471 3473 3472
f 5002 4994 4995
f 5060 5067 5059
f 4892 4862 4891
f 4891 4884 4892
f 4996 5003 5001
f 4997 5005 5000
f 4813 4614 4829
f 4618 4827 4613
f 5089 5093 5092
f 3303 3305 3304
f 5100 5102 5101
f 5107 5109 5108
f 5110 5092 5114
f 4610 4734 4874
f 5112 5100 5084
f 5088 5090 5089
f 5119 5117 5116
f 5092 5096 5089
f 3826 3829 3825
f 5108 5102 5126
f 5100 5087 5084
f 5118 5133 5138
f 3783 3690 3784
f 4444 4446 4445
f 5151 5150 5152
f 4790 4617 4813
f 4332 4190 4187
f 3266 4451 4448
f 3211 3332 3946
f 4741 4760 4652
f 4775 4777 4776
f 4764 4691 4766
f 4489 4048 4490
f 4466 4511 4497
f 4518 3930 4514
f 4786 4791 4807
f 4980 4984 4977
f 5144 5150 5143
f 5159 5148 5158
f 5121 5120 5114
f 5169 5162 5165
f 5016 4979 5017
f 5123 5179 5122
f 5181 5140 5183
f 5175 5184 5141
f 4575 4586 4534
f 4984 4976 4977
f 4596 4598 4597
f 5182 5183 5186
f 4785 4787 4786
f 5137 5122 5179
f 5167 5180 5181
f 4835 4898 4897
f 4687 4726 4633
f 4176 4170 4398
f 4760 4655 4652
f 4681 4649 4646
f 5121 5132 5131
f 5171 5178 5170
f 5174 5191 5176
f 5169 5194 5164
f 4909 5095 4907
f 5105 5112 5113
f 4767 5126 4803
f 5201 5205 5204
f 5219 5217 5216
f 5229 5200 5209
f 5234 5236 5235
f 4069 4071 4070
f 4724 4717 4713
f 5108 4768 5107
f 5103 5126 5102
f 5227 5211 5226
f 5015 4884 4885
f 4997 4892 4884
f 5197 5215 5214
f 5241 5247 5246
f 5013 5019 5018
f 5205 5232 5204
f 4969 4971 4970
f 5239 5249 5248
f 4808 5225 4809
f 5216 5199 5196
f 5253 5242 5254
f 5235 5255 5256
f 5135 5157 5134
f 5264 5267 5266
f 5245 5215 5242
f 5260 5269 5267
f 5264 5274 5265
f 5154 5173 5142
f 5287 5278 5288
f 5256 5300 5257
f 5173 5176 5175
f 4631 4629 4628
f 4781 4783 4782
f 5309 5311 5310
f 5155 5144 5145
f 4826 4827 4825
f 5291 5308 5293
f 5310 5281 5286
f 5311 5308 5288
f 4036 4176 4175
f 4641 4704 4702
f 5220 4804 5223
f 4770 5207 4905
f 5188 5175 5176
f 5180 5129 5140
f 4626 5314 5313
f 4731 5315 5317
f 5222 5210 5221
f 4728 5316 5315
f 5230 5216 5196
f 5297 5240 5241
f 5204 5208 5201
f 5318 4864 5319
f 5273 5287 5289
f 5221 5219 5230
f 4700 5321 5314
f 5313 5328 5329
f 5157 5154 5142
f 5275 5263 5265
f 5324 5318 5325
f 5323 5331 5328
f 5343 5345 5344
f 5306 5286 5282
f 5278 5311 5288
f 4882 5320 5316
f 5109 5114 5120
f 5123 5130 5129
f 5299 5284 5298
f 5240 5199 5241
f 5229 5197 5214
f 5305 5292 5293
f 5233 5225 5243
f 5192 5194 5193
f 5104 4670 4746
f 5146 5160 5145
f 5337 5347 5338
f 5347 5341 5332
f 5353 5335 5352
f 5349 5354 5352
f 5355 5357 5354
f 5358 5360 5359
f 5355 5348 5360
f 5342 5365 5364
f 5345 5362 5344
f 5332 5367 5331
f 5372 5315 5316
f 5370 5366 5369
f 5361 5354 5357
f 5364 5368 5367
f 5369 5362 5370
f 5316 5330 5372
f 5373 5371 5372
f 5341 5364 5332
f 5374 5359 5373
f 5329 5375 5330
f 5377 5379 5378
f 5377 5331 5367
f 5380 5367 5368
f 5363 5370 5362
f 5357 5374 5381
f 5381 5361 5357
f 4814 4825 4827
f 4825 4816 4799
f 4806 4747 4805
f 5119 5131 5118
f 4696 4893 5387
f 4696 5390 4699
f 5213 5388 5387
f 5393 5388 5394
f 5380 5384 5379
f 5213 4893 5212
f 4813 4908 4790
f 5390 4693 4694
f 5294 5287 5295
f 5184 5186 5183
f 5285 5253 5254
f 4769 4790 4908
f 5327 5359 5360
f 4598 4690 4656
f 4608 4733 4611
f 4627 4609 4839
f 4596 4851 4711
f 4900 4706 4707
f 4668 5395 4667
f 4863 4639 4601
f 5392 4666 4667
f 4872 4651 4807
f 4807 4758 4872
f 5348 5325 5326
f 5176 5190 5188
f 5046 5022 5023
f 4853 4869 4870
f 5346 5363 5362
f 4709 4620 4599
f 4672 4904 4886
f 4680 4651 4649
f 4841 4688 4686
f 4823 4818 4821
f 4729 4602 4851
f 4881 4851 4604
f 5360 5326 5327
f 4852 4707 4869
f 4890 4669 4666
f 5392 5389 5393
f 5189 5186 5187
f 4881 4605 4607
f 5343 5369 5366
f 4607 4625 4882
f 5056 5052 5057
f 4850 4798 4894
f 3260 5398 3259
f 4855 4899 4871
f 5339 5366 5342
f 4789 4808 4677
f 5400 3948 3952
f 3872 4046 3871
f 4018 3424 3872
f 4025 4172 4024
f 4011 4024 4010
f 4065 3900 3901
f 3413 4013 3412
f 5056 5069 5070
f 5055 5070 5071
f 4062 5399 4061
f 5269 5294 5268
f 4685 4903 4846
f 5254 5240 5296
f 4606 4658 4733
f 4729 4882 4728
f 4030 4043 4029
f 4664 4753 4883
f 3575 3904 3903
f 3413 3922 3426
f 4949 4955 4934
f 4947 4913 4914
f 4849 4894 4856
f 4143 3975 4142
f 4912 4932 4911
f 3774 3995 3994
f 3956 3342 4168
f 4871 4758 4759
f 4270 4272 4271
f 4039 5400 4140
f 3555 5402 3554
f 5403 3906 3907
f 3908 3823 3907
f 4124 5408 5407
f 3901 4046 4047
f 4120 5410 5409
f 4124 4125 4123
f 5420 5404 5421
f 5424 5425 3557
f 3400 5428 3845
f 5432 5435 3226
f 4941 4945 4944
f 4935 4949 4934
f 3895 3897 3896
f 5426 4121 5418
f 5430 3906 5420
f 4045 5398 4062
f 5395 5392 4667
f 4846 4701 4840
f 4880 4710 4879
f 4624 4608 4609
f 4656 4662 4661
f 5305 5309 5304
f 5220 5222 5221
f 4230 4327 4324
f 5030 5028 5027
f 5213 5211 5210
f 5440 3269 5441
f 4396 3980 5444
f 5447 3244 3241
f 3328 5451 5396
f 4208 4248 4207
f 4599 4621 4598
f 4528 4391 4208
f 4529 4199 4207
f 4526 4339 4528
f 4256 5452 4532
f 4532 4241 4242
f 3834 5446 3831
f 5443 5444 4050
f 4530 4334 4206
f 4754 4904 4837
f 4229 4381 4331
f 4205 4383 4531
f 4892 4987 4861
f 4039 3976 4038
f 4738 4796 4741
f 4833 4897 4832
f 4232 4200 4201
f 4194 4241 4193
f 4889 4750 4748
f 4194 4365 4368
f 4531 4195 4238
f 5043 5062 5031
f 4182 4561 4180
f 5446 3241 3831
f 5237 5248 5236
f 4206 4382 4205
f 5210 5218 5219
f 3426 3417 3425
f 4216 4192 4215
f 4219 4184 4185
f 4180 4380 4179
f 4327 4591 4326
f 4223 4231 4222
f 4215 4360 4329
f 4186 4218 4185
f 4190 4209 4189
f 4223 4595 4327
f 4326 4328 4329
f 4366 4568 4186
f 4570 4549 4569
f 4579 4548 4570
f 4563 4533 4562
f 4583 4220 4580
f 4586 4561 4562
f 4239 4363 4243
f 4572 4567 4564
f 4536 4585 4535
f 4538 4566 4541
f 4536 5453 4538
f 3573 3983 3316
f 5427 3552 3556
f 4553 4588 4552
f 4593 4555 4592
f 4368 4183 4227
f 4361 4235 4236
f 4233 4527 4232
f 4233 4324 4237
f 4212 4330 4331
f 4237 4325 4236
f 4193 5452 4361
f 4983 4885 4792
f 5002 4986 4993
f 5074 5076 5075
f 4698 5391 4759
f 5391 5390 4694
f 4871 4650 4872
f 4546 4543 4544
f 4553 4901 4574
f 4552 4555 4556
f 5223 4805 5394
f 5386 5383 5363
f 5317 5371 5327
f 3240 4429 3377
f 5384 5381 5379
f 3938 3218 3937
f 3942 5455 5454
f 5361 5386 5356
f 4542 4541 4545
f 3910 5420 3428
f 3939 4060 3940
f 3851 5351 5454
f 3838 3556 3837
f 4547 4857 4546
f 5442 4050 3335
f 3385 5428 5429
f 4257 4235 4256
f 5312 4893 4809
f 4212 4204 4211
f 3854 5461 4392
f 4226 4210 4211
f 4202 4178 4201
f 3316 3897 3315
f 5464 4432 4433
f 5465 3883 4432
f 4472 4449 4450
f 4501 4450 4494
f 4074 4080 4077
f 5473 5401 4173
f 4173 5475 5473
f 3432 3520 5413
f 3462 5504 3461
f 4075 4494 4080
f 5482 3387 3392
f 5468 5470 5469
f 3427 5422 3523
f 4498 4487 3386
f 5403 5414 4128
f 3382 5522 3873
f 3492 5511 3491
f 3429 3517 3520
f 3873 5524 4453
f 5480 3350 3347
f 3477 5505 3462
f 4507 5544 4475
f 4396 5551 4051
f 3374 5553 3373
f 3373 5554 3390
f 5479 4063 3350
f 3390 5555 3393
f 5531 5566 5565
f 3368 5567 3367
f 5556 5560 5559
f 3393 5557 5556
f 4433 5463 5464
f 5464 5458 5456
f 4435 4439 3380
f 4055 3277 3274
f 3273 3911 3370
f 3395 3358 3394
f 5486 4071 5484
f 5526 4453 5524
f 5525 5569 5566
f 5568 3527 5567
f 3527 3847 3366
f 3365 3849 5462
f 5462 3850 5459
f 4435 5571 4430
f 3378 3943 3944
f 5573 5577 5574
f 4438 3943 3379
f 5477 5579 5476
f 5582 5580 5579
f 5583 5581 5584
f 5586 5588 5587
f 4074 5586 4073
f 5583 5474 5473
f 4507 5590 3991
f 5573 4522 4520
f 3989 5596 3988
f 5594 3407 5593
f 4436 5572 5571
f 5591 3991 5590
f 4507 4476 5589
f 3990 5587 5588
f 5578 3406 5577
f 5595 5584 5581
f 5484 3358 5486
f 4441 5467 3882
f 5472 4077 4139
f 5522 5570 5524
f 5486 3353 3524
f 5481 3386 3387
f 3475 5492 3518
f 5476 3899 5477
f 5540 5606 5603
f 5542 5603 5607
f 5608 5542 5607
f 5608 5545 5544
f 5607 5609 5545
f 5599 5548 5612
f 5598 5543 5608
f 5595 5593 5596
f 5588 3989 3990
f 5626 3266 5627
f 5627 4448 5628
f 5469 4469 5468
f 4515 5625 4491
f 4503 4474 4509
f 4481 5627 4480
f 4500 5469 5470
f 3414 5466 5465
f 5594 5581 5582
f 3376 4430 5571
f 3444 3941 3855
f 5572 3444 3445
f 4273 4287 4272
f 4345 4357 4344
f 4386 4305 4385
f 4517 4463 5625
f 4352 4319 4379
f 4352 4251 4336
f 4268 4390 4388
f 4264 4320 4323
f 4346 4282 4283
f 4337 4343 4344
f 4289 4245 4288
f 4303 4287 4288
f 4343 4291 4342
f 4284 4244 4289
f 4375 4291 4294
f 4379 4271 4272
f 4337 4348 4336
f 4524 4295 4290
f 4364 4197 4279
f 4285 4390 4302
f 5206 5208 5207
f 4297 4371 4296
f 4346 4286 4273
f 4285 4333 4284
f 3571 4395 5460
f 5341 5339 5342
f 5346 5334 5335
f 5269 5273 5289
f 4510 5609 5610
f 4509 5545 5609
f 4445 5611 5546
f 5566 5568 3368
f 5349 5338 5348
f 5489 3401 3398
f 5565 3368 3338
f 5496 5417 5630
f 5523 3383 5634
f 5325 5347 5324
f 5523 5599 5522
f 5429 3401 5633
f 3887 5631 5630
f 5634 5600 5523
f 5276 5279 5277
f 5298 5257 5300
f 5087 5085 5084
f 3361 5612 5548
f 5041 5066 5040
f 5487 3383 3384
f 5101 5130 5100
f 5299 5300 5303
f 5333 5335 5334
f 5302 5304 5303
f 5234 5216 5217
f 5301 5255 5258
f 4868 5322 4867
f 5281 5277 5279
f 5323 5322 5324
f 5298 5296 5297
f 4885 4750 4792
f 5231 5196 5197
f 4625 5313 5320
f 5111 5085 5098
f 5600 5549 5548
f 5531 5563 5527
f 5165 5182 5189
f 5283 5285 5284
f 4269 4277 4268
f 5610 5603 5606
f 5127 5091 5128
f 4907 5125 4906
f 5277 5272 5262
f 5596 5592 5598
f 5212 5226 5211
f 5273 5262 5272
f 5302 5258 5292
f 5635 5645 5640
f 4250 4379 4378
f 4485 3405 3402
f 4354 4023 4351
f 4265 4304 4386
f 4388 4282 4387
f 4345 4384 4385
f 4362 4297 4259
f 4836 4612 4828
f 4360 4236 4325
f 4369 4237 4234
f 5647 3986 3573
f 5650 3192 3189
f 5337 5336 5333
f 4467 4477 4466
f 4253 4340 4252
f 4429 5457 4428
f 3997 3915 3540
f 5535 3839 3982
f 5538 4460 4456
f 3439 5571 3438
f 5570 5526 5524
f 3438 5572 3445
f 4440 3879 3876
f 3440 4407 3449
f 3886 5695 5694
f 5534 5396 5451
f 5685 3471 5684
f 4278 4301 4302
f 5628 4449 5469
f 3579 3538 3578
f 4480 5628 4500
f 4402 5517 5518
f 4279 4198 4278
f 3603 3532 3602
f 3580 4088 4090
f 4095 3531 4094
f 5248 5251 5250
f 3778 3999 3776
f 4617 4613 4614
f 4375 4372 4519
f 3411 4136 3410
f 5094 5111 5097
f 3602 3535 3605
f 4023 4350 4351
f 4349 4336 4348
f 3605 3536 3592
f 4469 4471 4470
f 4094 3593 4097
f 4248 4245 4246
f 3519 5518 5517
f 5254 5284 5285
f 4852 4795 4766
f 4265 5629 4264
f 5632 5503 5631
f 3604 3612 3601
f 5549 5502 3360
f 3653 3607 3661
f 4780 4873 4779
f 4988 4979 4976
f 4491 5626 4481
f 4837 4995 4994
f 4615 4765 4749
f 5468 4470 4504
f 3514 3467 3513
f 5491 4409 5679
f 4093 3619 4092
f 4364 5629 4297
f 3488 5509 3487
f 5606 5611 5610
f 4210 4189 4209
f 4600 4602 4601
f 5242 5198 5240
f 5073 5075 5072
f 5651 3940 4060
f 3996 3775 3998
f 5200 5202 5201
f 5525 5527 5526
f 3364 4434 3363
f 3775 3542 3581
f 3941 5485 3855
f 3731 4105 3730
f 4997 4999 4998
f 4508 5608 5544
f 4101 3818 3816
f 3728 4103 3727
f 4591 4592 4328
f 4539 4538 4537
f 4550 4552 4551
f 4541 4567 4545
f 4389 4570 4568
f 4582 4580 4576
f 4976 4978 4977
f 4705 4707 4706
f 4797 4843 4844
f 3713 3730 3726
f 4675 4702 4704
f 4977 4981 4980
f 4810 4817 4816
f 4786 4812 4785
f 4715 4628 4714
f 4978 5021 4981
f 5010 5006 4991
f 3722 4162 4161
f 4558 4560 4559
f 4568 4569 4218
f 4584 4535 4585
f 4641 4715 4716
f 5026 5012 5068
f 4776 4745 4742
f 4714 4712 4713
f 4982 5001 4985
f 4576 4560 4582
f 4564 4566 4565
f 5069 5018 5029
f 5057 5048 5047
f 4810 4811 4680
f 3710 3786 3709
f 4991 4999 5010
f 5011 5010 5004
f 5008 5022 5027
f 5066 5063 5040
f 5047 5024 5025
f 5050 5051 5053
f 5023 5016 5024
f 5045 5059 5061
f 5047 5026 5057
f 3711 3724 3721
f 5048 5037 5047
f 5042 5063 5062
f 5058 5051 5054
f 5036 5046 5037
f 3715 3700 3714
f 5235 5257 5246
f 3732 3704 3702
f 5030 5062 5064
f 5020 5023 5022
f 5263 5261 5260
f 5049 5044 5034
f 5236 5250 5255
f 5031 5027 5022
f 5043 5039 5042
f 5320 5329 5330
f 5049 5052 5051
f 5326 5317 5327
f 3264 3288 3285
f 5264 5263 5260
f 4998 4992 4987
f 5009 5020 5008
f 5036 5039 5038
f 5032 5034 5033
f 4355 3949 3422
f 4269 4374 4323
f 4253 4378 4303
f 4525 4252 4340
f 3960 4111 3866
f 4372 4258 4296
f 5681 5673 5675
f 4378 4272 4287
f 4270 4346 4273
f 3244 5644 5643
f 4899 4648 4650
f 3734 3702 3810
f 4138 3343 4137
f 4192 4361 4360
f 3813 3812 3810
f 3817 3696 3814
f 5668 5682 5674
f 5690 5687 5684
f 5499 5700 5517
f 3999 3820 3577
f 3745 4102 4106
f 5684 3472 5690
f 5702 3860 5703
f 5712 5693 5670
f 3249 4393 3572
f 5695 5715 5694
f 5694 5716 5696
f 5719 5601 5602
f 4918 4950 4952
f 4774 4743 4773
f 3844 5605 3735
f 5505 4411 5504
f 3583 3585 3582
f 3710 4157 4160
f 5513 4417 5508
f 5704 4146 5709
f 4141 4062 4049
f 5669 5688 4410
f 3898 5653 5450
f 5718 3972 5719
f 5684 5686 5685
f 3917 5717 3512
f 3463 5662 5660
f 5492 5680 5491
f 4931 4950 4919
f 5665 3441 5663
f 3788 3740 3790
f 3501 3529 3994
f 3569 3477 3308
f 5516 5727 5515
f 3564 3566 3565
f 3892 5406 3889
f 3962 5407 3961
f 4126 4123 4125
f 4116 3287 5411
f 3892 5630 5417
f 3824 5413 5414
f 4408 5680 4412
f 3969 3978 5402
f 4408 3449 4407
f 4414 3449 4413
f 3962 3262 4125
f 4425 5616 4321
f 4418 5727 4419
f 5716 5575 5696
f 5719 5717 5718
f 5698 5692 5697
f 3880 4166 3987
f 5652 5520 5619
f 5621 4167 4166
f 5679 4410 5688
f 3210 3355 5618
f 5622 5451 5657
f 5416 5497 5624
f 5729 5731 5730
f 5733 3761 3758
f 5735 5737 5736
f 5750 5751 5734
f 5744 5740 5741
f 5744 3753 5746
f 5753 5730 5731
f 5757 5736 5737
f 5731 5765 5753
f 5774 5776 5775
f 5790 5792 5791
f 5796 5787 5797
f 5817 5819 5818
f 5828 5830 5829
f 3725 3751 3747
f 4874 4873 4875
f 4700 4903 4902
f 4740 4876 4739
f 3199 3201 3200
f 4100 4099 4101
f 3749 4108 3748
f 3695 3712 3692
f 3378 3380 3379
f 5504 4412 5507
f 4405 5518 5699
f 5838 5835 5836
f 4705 4712 4708
f 5832 5828 5833
f 5697 5678 5698
f 3791 4005 3790
f 5848 5794 5850
f 3714 3701 3704
f 3995 4042 3890
f 3329 3224 3222
f 4005 3705 4004
f 4551 4763 4550
f 5855 5808 5856
f 5851 5792 5852
f 5803 5858 5847
f 5844 5840 5845
f 5762 5743 5740
f 5808 5806 5807
f 4012 3426 3423
f 5558 3467 4067
f 4550 4720 4901
f 4950 4953 4952
f 3885 5694 5696
f 5705 4081 4082
f 5508 4415 5505
f 3745 3760 3744
f 5507 5680 5506
f 3592 3588 3591
f 3895 5658 5653
f 5613 5501 5549
f 3834 4393 4055
f 5527 4455 5526
f 5775 5809 5774
f 5766 5813 5810
f 5858 5812 5859
f 5855 5811 5858
f 5863 5819 5862
f 5826 5863 5829
f 5862 5833 5828
f 5870 5837 5845
f 5782 5831 5832
f 5868 5836 5873
f 5778 5843 5844
f 5866 5845 5840
f 5785 5867 5784
f 5790 5789 5793
f 5796 5794 5795
f 5821 5819 5820
f 5657 5620 5622
f 5793 5852 5792
f 5855 5801 5798
f 5853 5786 5796
f 5804 5802 5803
f 5827 5864 5822
f 5767 5821 5813
f 5854 5776 5777
f 5860 5818 5861
f 5782 5825 5785
f 5781 5844 5834
f 5810 5815 5816
f 5867 5830 5784
f 5809 5798 5799
f 5828 5863 5862
f 5865 5838 5868
f 5801 5802 5800
f 4086 3795 4149
f 5779 5842 5843
f 5827 5829 5830
f 5839 5869 5835
f 5814 5855 5856
f 5711 3859 5702
f 4958 4917 4960
f 5861 5821 5768
f 5863 5812 5820
f 5865 5823 5824
f 5873 5837 5871
f 5872 5842 5780
f 4089 3563 5704
f 3812 3785 3811
f 5770 5787 5788
f 5789 5847 5846
f 5793 5846 5849
f 4145 4146 3498
f 5848 5790 5791
f 3953 4009 3952
f 5748 5874 5747
f 4624 4626 4625
f 4665 4752 4664
f 4775 4779 4778
f 4746 4671 4747
f 4637 4601 4639
f 4828 4613 4827
f 4704 4762 4675
f 4843 4727 4687
f 4543 4725 4542
f 4731 4863 4730
f 4723 4558 4722
f 4842 4840 4838
f 4717 4857 4718
f 4865 4867 4866
f 5841 5866 5840
f 4725 4540 4542
f 4798 4816 4817
f 4632 4634 4633
f 4720 4715 4719
f 4642 4644 4643
f 3754 5874 5876
f 4860 4644 4847
f 4674 4722 4721
f 4808 4676 4677
f 4721 4822 4821
f 5876 5877 5746
f 4836 4840 4839
f 4658 4660 4659
f 4826 4800 4838
f 4877 4743 4744
f 4948 4971 4943
f 4875 4876 4889
f 4954 4934 4955
f 5773 5788 5790
f 5825 5833 5824
f 5834 5836 5835
f 5834 5845 5837
f 3359 3361 3360
f 5732 3756 3757
f 3394 3396 3395
f 3766 5741 5742
f 5774 5799 5777
f 5805 5857 5802
f 5813 5820 5812
f 3969 3964 3968
f 5667 5674 5666
f 5729 3792 3756
f 3770 5741 3769
f 4741 4739 4738
f 4689 4660 4661
f 5772 5787 5771
f 5735 3758 3764
f 5850 5773 5848
f 5617 3965 5650
f 5799 5854 5777
f 5875 5764 5879
f 5840 5842 5841
f 5861 5769 5860
f 5807 5853 5851
f 5869 5834 5835
f 3765 5739 5738
f 5882 5761 5759
f 5881 5887 5889
f 5895 5898 5897
f 5907 5906 5908
f 5909 5908 5910
f 4234 4526 4369
f 3912 3389 3914
f 5934 8730 8729
f 8730 5930 5931
f 4920 4922 4921
f 8845 8853 8851
f 4141 3404 4174
f 3733 3706 3731
f 8849 8848 8850
f 4234 4236 4235
f 8863 5919 8862
f 3733 4004 3705
f 5908 8859 8867
f 8865 8871 8870
f 8859 8863 8864
f 5927 5925 5928
f 5911 5904 5912
f 8878 8866 8879
f 5635 5637 5636
f 5745 5746 5877
f 3552 3554 3553
f 8857 8890 8875
f 5924 8860 5923
f 3553 3556 3552
f 5919 8861 8862
f 8869 8870 8891
f 8873 8878 8876
f 8856 8875 8874
f 8862 5889 5887
f 8846 8844 8843
f 8864 8866 8865
f 8729 8883 8884
f 8848 8887 8886
f 8878 5888 8893
f 8896 8855 8897
f 8853 8896 5885
f 8841 5882 5883
f 3489 3491 3490
f 8867 8864 8868
f 5910 8867 8898
f 5914 8898 8899
f 5916 8899 8900
f 5889 8860 5890
f 8876 8893 8894
f 5918 8900 8901
f 4424 5726 4423
f 8904 8900 8899
f 8909 8904 8905
f 8908 8903 8904
f 8869 8905 8868
f 3632 3667 3635
f 3687 3689 3688
f 3636 3681 3631
f 3664 3639 3665
f 4304 4306 4305
f 8909 8891 8910
f 3681 3695 3680
f 3758 3760 3759
f 3684 3700 3683
f 3721 3723 3722
f 3941 3943 3942
f 3738 3740 3739
f 3687 3709 3690
f 3238 3938 3220
f 4249 4288 4245
f 4499 3344 4464
f 4240 4368 4367
f 3453 3951 3919
f 4401 3547 3967
f 3950 3451 3436
f 3702 3701 3703
f 3725 3727 3726
f 3194 3208 3193
f 4034 4461 4462
f 3914 3913 3912
f 3483 3533 3482
f 3191 3957 3206
f 4292 3970 4293
f 3909 3428 3356
f 3959 3866 3867
f 4017 4309 4016
f 4316 4008 3953
f 4448 4450 4449
f 4414 4417 4416
f 3435 3351 3433
f 4413 4415 4414
f 3899 3901 3900
f 3780 3648 3809
f 3474 3886 3885
f 3958 3192 3214
f 3221 3935 4427
f 3905 3907 3906
f 3913 4486 3313
f 4420 4421 4085
f 3881 3883 3882
f 4004 3790 4005
f 4271 4318 4316
f 4259 4296 4258
f 3501 4066 3468
f 5897 5900 5899
f 5901 5904 5903
f 8854 8856 8855
f 3789 3786 3720
f 3651 3781 3782
f 5924 5901 5925
f 8870 8873 8872
f 8876 8874 8873
f 5912 5918 5911
f 3805 3799 3737
f 3369 3395 3396
f 3923 3925 3924
f 3916 3512 3509
f 3641 3801 3642
f 4276 4323 4320
f 4181 4331 4330
f 4428 3377 4429
f 3495 4321 4322
f 4436 3380 3381
f 4430 4437 4435
f 3945 3958 3946
f 4065 4047 3418
f 4495 3408 4496
f 8913 8915 8914
f 8911 8917 8916
f 8889 8923 8890
f 8919 8931 8921
f 8884 8918 8885
f 8922 8931 8925
f 5852 5909 5851
f 5866 5915 5917
f 8926 8914 8915
f 8914 8883 8913
f 8886 8921 8888
f 5846 5894 5891
f 5873 5900 5868
f 8893 5764 5754
f 8894 5754 5753
f 5890 5927 8936
f 5885 5755 5758
f 5871 5902 5873
f 5763 5883 5762
f 5880 8936 5763
f 4175 4398 4399
f 4274 4255 4275
f 8883 5931 8882
f 8868 8898 8867
f 3289 3247 3292
f 3858 5485 5921
f 8850 8886 8888
f 4116 5409 4115
f 3889 4127 5415
f 3678 8938 8937
f 8857 8888 8889
f 3979 3294 3295
f 4126 3431 3823
f 3651 3679 3650
f 3460 5921 3354
f 4084 3310 3487
f 8905 8899 8898
f 3561 5397 5656
f 3213 5528 5519
f 4191 4193 4192
f 5449 5532 5533
f 4142 4031 4479
f 4060 5652 5651
f 4480 4482 4481
f 5519 3212 3213
f 5657 3330 3940
f 4473 4475 4474
f 3514 5668 5667
f 5663 5669 5665
f 8881 5926 8880
f 5734 5749 5750
f 4788 4677 4678
f 3997 3538 3506
f 3551 3310 3294
f 3577 3998 3999
f 4893 4676 4809
f 4753 4671 4672
f 8729 8885 8843
f 3813 9021 8937
f 8938 3813 8937
f 8882 5929 8881
f 4098 3820 3821
f 3399 5416 3398
f 5494 5503 4403
f 5880 5878 5881
f 4986 4861 4987
f 4999 5004 5010
f 4985 4988 4976
f 5816 5766 5810
f 4372 4384 4519
f 5688 5692 5679
f 8903 8901 8900
f 8879 5887 5888
f 8902 8880 8901
f 5919 5895 5920
f 4519 4342 4291
f 8847 8854 8853
f 5925 5903 5926
f 4021 4523 4025
f 5678 5676 4406
f 4424 4085 4421
f 5701 3577 3820
f 5928 5926 5929
f 5000 4980 5004
f 9022 3545 4113
f 9024 5409 5410
f 4008 4010 4009
f 3931 4516 4513
f 3822 3807 3821
f 8851 8844 8845
f 5728 5509 5721
f 9025 4115 5409
f 5209 5201 5208
f 4820 4653 4682
f 3988 5598 4508
f 3370 3357 3395
f 5639 5641 5640
f 5592 4477 5543
f 3378 5572 3381
f 5625 3265 5626
f 5594 5577 3406
f 3302 5645 3301
f 3274 3278 3273
f 5207 5233 5243
f 5071 5072 5075
f 4815 4785 4812
f 4796 4643 4760
f 3243 5643 5648
f 5301 5303 5300
f 5431 5655 5654
f 5251 5244 5252
f 3353 3523 3524
f 4174 3405 3411
f 3546 4113 3545
f 4002 3788 4004
f 4196 4238 4195
f 3232 5647 3231
f 4373 4266 4310
f 4867 5321 4902
f 5648 4058 3243
f 4455 3893 4453
f 5593 4511 5592
f 5275 5252 5253
f 5252 5274 5251
f 4092 3624 3597
f 3723 3743 3722
f 4780 4802 4796
f 4059 3560 5425
f 4317 4347 4270
f 5188 5192 5187
f 5570 5612 5569
f 3385 5633 3384
f 3526 5569 5612
f 3576 3608 3590
f 3581 3594 3580
f 5239 5238 5232
f 5081 5083 5082
f 4369 4528 4527
f 4325 4329 4360
f 3569 3286 3336
f 9022 4112 5709
f 3661 3801 3653
f 5074 5030 5064
f 5064 5063 5065
f 3563 3498 4146
f 3961 4119 5411
f 4854 4870 4735
f 5018 5028 5029
f 5007 5027 5028
f 5040 5039 5041
f 3240 3875 3239
f 5070 5029 5072
f 3504 3866 4111
f 3537 3591 3588
f 5033 5039 5032
f 4710 4635 4879
f 5017 4989 5014
f 5024 5046 5023
f 4991 5019 4990
f 4587 4574 4573
f 4996 4793 4878
f 5066 5059 5067
f 5221 5231 5220
f 5068 5057 5026
f 3675 3643 3642
f 3663 3675 3662
f 4722 4559 4822
f 3579 3590 3591
f 3686 3677 3678
f 4422 3499 4419
f 5142 5138 5133
f 5078 5075 5076
f 3609 3590 3608
f 3288 5411 3287
f 5424 5410 3246
f 5152 5156 5172
f 3960 5709 4112
f 4946 4957 4958
f 3867 5705 3959
f 9026 4113 5710
f 5192 5189 5187
f 5161 5194 5171
f 3637 3682 3636
f 4392 3847 3848
f 3796 4149 3795
f 4104 3727 4103
f 3594 3993 4088
f 3796 4134 5710
f 3687 4156 4157
f 3760 4164 4165
f 4464 3345 4467
f 3485 3868 3484
f 3846 5423 4130
f 3409 4496 3408
f 3767 3765 3762
f 3711 4159 4160
f 3797 4087 3510
f 4072 5562 5560
f 4502 5590 5589
f 5408 9027 4118
f 5683 5714 5682
f 5702 4110 5711
f 5623 4148 4167
f 5428 3525 3522
f 3668 3802 3667
f 4000 8938 3679
f 4221 4179 4380
f 4267 4388 4315
f 3721 4161 4159
f 3903 5706 5705
f 3583 4090 4091
f 3894 3524 3525
f 4635 4636 4634
f 4173 4009 4010
f 4890 5393 5394
f 5290 5293 5292
f 5339 5337 5333
f 5458 4438 4439
f 3251 5430 3910
f 3252 5419 3251
f 3428 5421 3427
f 3571 5418 3252
f 4583 4554 4593
f 4239 4224 4238
f 3322 5450 5449
f 5309 5306 5304
f 4109 3748 4108
f 5707 3794 3795
f 5139 5183 5140
f 5271 5290 5259
f 5280 5282 5279
f 5110 5125 5115
f 5319 4731 5317
f 5334 5339 5333
f 5423 3523 5422
f 5376 5378 5375
f 4721 4646 4674
f 3719 4159 4161
f 4853 4692 4795
f 5373 5330 5375
f 4428 5456 4437
f 5376 5328 5331
f 3337 4434 4431
f 4692 5395 4795
f 5475 4523 5476
f 5478 4068 4522
f 5421 4129 5422
f 5374 5375 5378
f 5283 5306 5282
f 5246 5234 5235
f 5154 5150 5153
f 4458 5561 4457
f 5163 5158 5168
f 5381 5378 5379
f 3397 5484 5483
f 4457 5563 5537
f 5147 5150 5149
f 4474 5544 5545
f 5325 5319 5326
f 5223 5388 5222
f 5517 3521 3519
f 4499 3347 4487
f 5404 4128 4129
f 3476 5506 3475
f 4084 5515 4083
f 3900 5477 3899
f 5536 5547 5546
f 5491 5493 5492
f 5474 4139 5401
f 4063 4522 4068
f 4459 5541 5540
f 5548 3360 3361
f 5444 5550 4396
f 3888 5415 5412
f 5546 3339 4445
f 5536 5538 5537
f 3570 5508 3477
f 4471 5589 4476
f 4280 3359 5933
f 5499 4403 5503
f 5189 5169 5165
f 5543 4478 5542
f 4051 5552 3374
f 3461 5507 3476
f 4629 4870 4869
f 5106 4909 4862
f 5286 5279 5282
f 5462 3364 3365
f 3491 5514 3840
f 5224 5231 5229
f 4478 5540 5542
f 4099 3742 3723
f 4803 4805 4804
f 4130 5422 4129
f 4470 4476 4473
f 4924 4921 4922
f 4920 4927 4926
f 4993 4987 4992
f 4887 4913 4912
f 3894 4070 4071
f 5472 5585 5586
f 3508 4134 3507
f 3603 4096 4097
f 3772 3992 4110
f 5712 5671 5672
f 3739 4162 4163
f 5683 3515 5715
f 5480 4495 5479
f 5698 5493 5498
f 3578 3996 3998
f 3645 4154 4155
f 5660 3466 3463
f 4135 5710 4134
f 5587 4073 5586
f 5687 5693 5686
f 3584 4091 4150
f 5585 5584 5588
f 4128 5415 4127
f 4257 4338 4526
f 4222 4178 4179
f 4366 4191 4216
f 5098 5091 5088
f 5761 5737 5760
f 5760 5738 5739
f 8852 5934 8844
f 8874 8855 8856
f 8895 8855 8877
f 5884 8842 8852
f 4557 4582 4560
f 8890 8917 8892
f 8918 8930 8920
f 8924 8915 8916
f 4182 4330 4190
f 3864 5711 4110
f 3574 3230 3231
f 3342 3415 3341
f 3488 3549 3840
f 4317 3953 3949
f 3672 4152 4153
f 5708 3865 5707
f 9021 3685 3686
f 3621 3616 3617
f 5728 4419 5727
f 4311 4028 4310
f 4131 3543 3841
f 4426 3842 4423
f 4518 4168 4427
f 5457 5464 5456
f 5425 3558 3837
f 5458 4437 5456
f 3416 5465 5457
f 5638 5437 5637
f 3985 5636 5637
f 5646 5636 5647
f 9023 3554 5402
f 5722 5514 5726
f 3256 3934 3255
f 4164 5734 5751
f 8885 8920 8887
f 3282 3929 3281
f 3292 3320 3291
f 3232 3300 3301
f 3303 3271 3334
f 3562 5432 3325
f 3392 3388 3391
f 3854 5350 3851
f 5463 5459 5458
f 5935 3885 5576
f 3879 3954 3878
f 3928 3391 3388
f 4137 4458 4138
f 5454 3850 3851
f 3548 3549 3550
f 4443 5470 4442
f 4452 4506 4447
f 4468 3415 3879
f 4443 3876 4483
f 3234 4515 4516
f 5434 3896 5433
f 5448 5441 5644
f 5447 5443 5442
f 4442 5471 5467
f 5550 3275 5551
f 5578 4520 3409
f 3464 5666 3463
f 4701 4839 4840
f 3259 4041 4030
f 4015 3423 4018
f 3558 3982 3839
f 4856 4823 4824
f 4741 4653 4740
f 3759 4106 3763
f 3560 3290 3559
f 9024 3557 3553
f 5438 3280 5439
f 3321 3290 3291
f 5557 4072 5560
f 5553 3396 5554
f 4045 4174 4044
f 4539 4849 4585
f 3536 3503 3588
f 5478 5574 5477
f 3800 3510 3511
f 4755 4886 4754
f 5561 5527 5563
f 5752 5732 5751
f 5752 5756 5765
f 3518 5493 5521
f 3767 4107 4108
f 3534 4097 3593
f 4395 3826 3827
f 3926 3371 3925
f 4446 5610 5611
f 4050 3980 3981
f 8887 8843 8885
f 5649 5640 5645
f 4643 4761 4760
f 3709 3784 3690
f 4778 4660 4777
f 5649 4054 5648
f 5646 3301 5645
f 3250 3910 3909
f 5884 5757 5761
f 5655 5936 5937
f 4224 4226 4225
f 4043 3412 4013
f 4286 4288 4287
f 4267 4310 4266
f 4493 4080 4494
f 3325 3226 3227
f 3925 3372 3928
f 4312 4314 4313
f 3996 3540 3541
f 8908 8912 8907
f 4023 4025 4024
f 3995 3891 3994
f 5482 5559 4137
f 4486 3921 4484
f 4300 4302 4301
f 5438 5644 5441
f 3233 3282 3270
f 3225 3227 3226
f 5446 5445 5443
f 5554 3397 5555
f 4834 4830 4772
f 4064 3350 4063
f 3596 3598 3597
f 5639 5648 5643
f 5434 5654 5658
f 4895 4830 4831
f 3674 3676 3675
f 3551 3978 3550
f 3835 3305 3306
f 3813 3702 3703
f 3691 4160 4157
f 4109 4101 4103
f 4565 4188 4564
f 3490 3547 3489
f 3672 3647 3673
f 8906 8912 8913
f 3810 3811 3734
f 4051 4397 4396
f 3566 4090 4088
f 5580 5476 5579
f 4456 5537 5538
f 5539 5546 5611
f 8844 8729 8843
f 8872 8874 8875
f 4383 4198 4195
f 4931 4927 4930
f 5529 5397 5396
f 5314 5323 5328
f 5347 5323 5324
f 4711 4599 4596
f 5387 5389 4696
f 5259 5292 5258
f 5195 4803 5126
f 5195 4746 4806
f 4639 4866 4685
f 4821 4681 4721
f 3421 5399 3260
f 4730 4601 4602
f 4807 4811 4786
f 4040 3421 3948
f 4844 4800 4797
f 3936 3929 3930
f 4894 4817 4823
f 5365 5383 5368
f 4657 4661 4658
f 5224 4770 4804
f 5368 5382 5380
f 5336 5352 5335
f 5353 5386 5363
f 4070 4454 4069
f 5396 3327 3328
f 5225 5312 4809
f 5384 5386 5385
f 5391 4695 4759
f 4735 4870 4630
f 4407 4409 4408
f 4623 4880 4706
f 5356 5352 5354
f 4578 4859 4577
f 3239 3217 3938
f 3937 3333 3939
f 4578 4534 4535
f 5467 4505 4452
f 4836 4826 4838
f 4422 5721 4421
f 3392 5556 5482
f 5564 5565 5547
f 3807 3663 3660
f 5922 4392 4281
f 3680 3692 3693
f 3630 3632 3631
f 4416 5725 4418
f 4033 3836 4176
f 3238 4168 3342
f 3466 3483 3484
f 3678 3650 3679
f 3677 3649 3650
f 3340 4431 3884
f 3562 5656 5655
f 5658 5938 5939
f 3642 3640 3641
f 3306 3334 3981
f 3256 3280 3281
f 8910 8892 8917
f 5868 5898 5859
f 8924 8922 8925
f 8935 8925 8931
f 8882 8913 8883
f 8925 8926 8924
f 8840 8936 5927
f 5852 5905 5907
f 5136 5124 5137
f 4243 4260 4242
f 5238 5228 5232
f 5642 5643 5644
f 3924 3928 3927
f 5412 5700 3888
f 3750 3751 3707
f 3746 3770 3769
f 3859 3861 3860
f 3972 3493 3494
f 5923 8861 5920
f 4945 4958 4959
f 3296 3286 3287
f 3824 3907 3823
f 3671 4154 4153
f 4137 5481 5482
f 3614 3802 3617
f 3283 3559 3290
f 4936 4934 4933
f 5511 5726 5514
f 4170 3926 3923
f 3572 3830 3826
f 3459 3858 3460
f 3496 4425 3495
f 3457 3436 3437
f 3984 3986 3985
f 3914 3386 4487
f 5512 5723 5511
f 4500 4483 4480
f 4501 4471 4472
f 4503 4505 4504
f 4143 4461 4490
f 3331 3222 3219
f 4016 4018 4017
f 3998 3776 3999
f 4114 5710 4113
f 4405 4406 4404
f 5602 5720 5719
f 4767 4804 4770
f 4929 4954 4928
f 4410 5665 5669
f 3888 5632 3887
f 4048 3977 3974
f 3947 3212 5652
f 5676 3472 3473
f 5782 5784 5783
f 4315 4311 4267
f 5699 5521 5493
f 5864 5825 5822
f 5826 5822 5823
f 5775 5805 5806
f 3236 3270 3271
f 5823 5859 5826
f 4957 4895 4917
f 8868 8865 8869
f 4281 3848 4280
f 4940 4971 4949
f 4013 4029 4043
f 3685 3701 3684
f 4339 4377 4391
f 8891 8872 8892
f 3753 3755 3754
f 4427 3220 3221
f 3809 3779 3780
f 3568 4418 3500
f 3880 3918 3805
f 3543 3842 3841
f 4646 4648 4647
f 4656 4597 4598
f 4781 4820 4784
f 4972 4974 4973
f 5101 5109 5120
f 5095 5115 5125
f 5090 5132 5093
f 5131 5134 5133
f 5134 5127 5135
f 5117 5140 5129
f 3539 3863 3595
f 4006 3792 4007
f 5128 5099 5124
f 5097 5089 5096
f 5274 5271 5259
f 4571 4569 4549
f 4225 4238 4224
f 5156 5170 5172
f 4538 4540 4537
f 4622 4665 4662
f 4981 5004 4980
f 5012 4975 5013
f 5148 5149 5157
f 5157 5133 5134
f 5161 5145 5160
f 4261 4242 4260
f 5294 5291 5268
f 4255 4532 4261
f 5274 5250 5251
f 4246 4207 4248
f 3314 3927 3912
f 4670 4672 4671
f 4995 4673 4986
f 4638 4603 4600
f 4341 4525 4340
f 5163 5165 5162
f 4834 4784 4819
f 4784 4682 4819
f 4844 4687 4688
f 5280 5275 5285
f 4217 4564 4188
f 4554 4556 4555
f 4551 4556 4594
f 4549 4544 4571
f 5141 5173 5175
f 4653 4683 4682
f 4973 4989 4988
f 4984 5015 4983
f 5177 5170 5178
f 5166 5181 5182
f 5141 5139 5138
f 5178 5151 5177
f 5244 5203 5245
f 5252 5245 5253
f 4479 4079 4493
f 4402 4404 4403
f 3500 4419 3499
f 5856 5909 5913
f 4488 3348 3349
f 8851 5885 5886
f 3607 5701 4098
f 3508 3503 3504
f 5847 5896 5894
f 4374 4309 4263
f 3380 4438 3379
f 9025 3553 3554
f 5718 4131 3973
f 3300 3283 3321
f 5551 3276 5552
f 5552 3369 5553
f 5555 5483 5557
f 5859 5896 5858
f 4133 3794 3915
f 3606 3652 3610
f 4900 4766 4691
f 4616 4789 4788
f 3738 4164 3757
f 4774 4642 4801
f 4399 3402 4175
f 5853 5795 5851
f 3936 4427 3935
f 3418 4064 4065
f 5510 3840 5514
f 3270 3279 3269
f 3274 4056 4055
f 4359 4305 4306
f 4135 3504 4111
f 3610 3609 3606
f 3837 3557 5425
f 5940 4401 5941
f 5853 5803 5847
f 5725 5515 5727
f 3246 4117 3245
f 5713 5672 5681
f 4918 4916 4915
f 4148 3771 5703
f 5106 5113 5111
f 4147 5709 4146
f 5152 5177 5151
f 9026 4111 4112
f 5104 5103 5112
f 3531 3485 3593
f 3713 3715 3714
f 3699 3815 3697
f 4467 4459 4478
f 4703 4736 4640
f 5405 3846 5406
f 3555 3963 3964
f 4120 5411 4119
f 4217 4185 4218
f 3279 5441 3269
f 4944 4959 4966
f 4353 4344 4357
f 3815 3716 4104
f 3374 4052 4051
f 4491 4516 4515
f 5865 5833 5866
f 5819 5856 5862
f 5807 5856 5808
f 3933 3281 3929
f 3208 3920 3919
f 8907 8902 8903
f 5288 5295 5287
f 3728 3747 3748
f 3309 4083 3336
f 5119 5101 5120
f 3811 3789 4002
f 3595 3992 3993
f 4106 4100 4107
f 5696 5576 3885
f 3708 3750 3707
f 3744 4165 4163
f 5905 5892 5906
f 3403 4175 3402
f 4133 3506 3507
f 4147 3544 3545
f 3561 3325 3324
f 3237 3239 3238
f 4877 4793 4794
f 3241 3243 3242
f 3597 3625 3596
f 3279 3281 3280
f 3371 3373 3372
f 3599 3567 3598
f 3975 4032 4031
f 3277 3250 3278
f 3774 3565 3773
f 3658 3780 3779
f 4961 4963 4960
f 3600 3616 4096
f 4228 4202 4199
f 4011 4318 4350
f 4307 4262 4308
f 4838 4841 4842
f 4782 4773 4743
f 4914 4946 4947
f 4839 4765 4836
f 4771 4645 4642
f 4962 4964 4963
f 4966 4963 4964
f 3601 3615 3600
f 5878 5879 5881
f 5890 5881 5889
f 3720 4158 3719
f 4755 4689 4663
f 3740 3718 3739
f 5695 5686 5714
f 5740 5742 5741
f 5733 5736 5749
f 5755 5750 5749
f 5745 5762 5740
f 5798 5800 5799
f 4706 4879 4705
f 5651 5619 5620
f 5850 5797 5772
f 5804 5806 5805
f 4087 5707 4086
f 5915 5914 5916
f 5703 4167 4148
f 5893 5896 5895
f 5892 5919 8858
f 5706 5664 4081
f 5786 5788 5787
f 3973 3841 3493
f 4831 4915 4916
f 5906 8858 8859
f 4965 4969 4964
f 4684 4846 4842
f 3589 3611 3604
f 3596 4150 4091
f 5877 5763 5745
f 4121 4123 4122
f 3469 3868 3502
f 3204 3208 3207
f 3716 3726 3727
f 5460 5426 3571
f 3465 3470 3464
f 5738 3764 3765
f 4887 4655 4888
f 4203 4205 4204
f 3959 4082 4089
f 5758 5886 5885
f 5781 5872 5780
f 4675 4723 4674
f 3757 5751 5732
f 3334 3272 3335
f 8880 5903 5911
f 5615 3473 5614
f 5759 5760 5743
f 8845 8848 8847
f 5778 5780 5779
f 8857 8849 8850
f 4132 3798 3859
f 5839 5841 5842
f 560 3187 559
f 5747 4007 3792
f 5928 8840 5927
f 5766 5768 5767
f 4848 4956 4847
f 4953 4967 4965
f 4832 4910 4915
f 5879 5888 5887
f 3598 3530 4095
f 5747 5730 5748
f 5754 5748 5730
f 5810 5812 5811
f 5758 5749 5736
f 4315 4387 4314
f 5917 5916 5918
f 5913 5910 5914
f 5930 8841 8840
f 4951 4968 4953
f 3209 3201 3202
f 4059 3246 3247
f 8731 8842 8841
f 3776 3585 3778
f 5770 5772 5771
f 5891 5893 5892
f 9028 5641 5439
f 5814 5816 5815
f 5662 5673 5661
f 3522 3524 3523
f 5630 5942 5496
f 5791 5795 5794
f 5746 3754 5876
f 5928 5931 5930
f 5743 5739 5742
f 5876 5875 5878
f 3678 9021 3686
f 4200 4207 4199
f 4114 3916 4149
f 3601 3605 3604
f 3818 3712 3817
f 3315 3317 3316
f 5899 5902 5901
f 8840 5883 8936
f 5562 5559 5560
f 4416 3448 4414
f 3189 3191 3190
f 4751 4747 4671
f 4181 4180 4177
f 3832 5454 5351
f 3362 3526 3361
f 5678 5699 5698
f 3497 3499 3498
f 448 807 447
f 647 122 270
f 5690 5677 5697
f 4183 4185 4184
f 1833 1780 1832
f 5920 5897 5923
f 510 508 507
f 4401 5944 5941
f 5656 5530 5936
f 3970 5940 4293
f 5653 5939 5946
f 5450 5946 5532
f 3384 5945 5487
f 4403 4299 5494
f 5944 3968 5949
f 3963 5951 3852
f 5614 3474 5935
f 5427 3857 5951
f 3210 1887 3201
f 1887 3200 3201
f 15 3197 3200
f 16 3195 3197
f 3195 3187 3194
f 3194 1899 3207
f 3207 375 3204
f 387 126 127
f 3189 1760 5650
f 9029 757 758
f 763 2172 2175
f 9035 9032 9033
f 9033 9031 9030
f 9046 9048 9047
f 8751 9054 8752
f 9078 9077 9079
f 9083 9051 9053
f 9088 9047 9048
f 9099 9040 9097
f 9102 9036 9099
f 9105 9032 9103
f 9105 9106 9031
f 1801 9108 9107
f 9103 9034 9102
f 9096 9047 9089
f 1767 9111 9112
f 1597 9113 1600
f 1708 9117 9116
f 9123 9119 9118
f 9118 9125 9124
f 1588 9116 1587
f 2080 9118 2082
f 2082 9124 2084
f 9126 9087 9083
f 9129 9088 9087
f 5512 5943 5947
f 5634 5488 5948
f 5724 5947 5616
f 9134 9097 9133
f 9144 9102 9138
f 9133 9096 9132
f 786 9144 785
f 9146 9103 9144
f 785 9138 497
f 497 9134 650
f 650 9133 564
f 9148 9133 9132
f 8756 9057 8753
f 9154 9130 9129
f 9151 9131 9130
f 9097 9090 9096
f 1799 9111 1768
f 5949 3964 3853
f 9160 8809 8811
f 8813 9160 8811
f 9166 564 9148
f 9067 9054 9052
f 9162 9148 9150
f 9087 9048 9051
f 9081 9079 9082
f 9049 9051 9048
f 9082 9167 9081
f 9079 9049 9046
f 9169 9175 9170
f 9167 9112 9081
f 9168 9177 9167
f 9120 9113 9177
f 9120 9169 9119
f 9119 9170 9125
f 9179 9125 9170
f 9180 9124 9125
f 9178 9170 9175
f 1576 2084 9124
f 9179 9183 9181
f 3203 1387 3190
f 3190 1791 3189
f 5618 1949 3210
f 317 259 391
f 2000 9105 9146
f 9053 9052 9054
f 9041 9036 9037
f 9029 756 2170
f 9037 9034 9035
f 9130 9089 9088
f 3204 376 3203
f 1801 9109 1799
f 9181 9180 9179
f 1575 9190 1088
f 9187 1576 9180
f 1776 1796 1775
f 1293 1290 1284
f 1326 1327 12
f 1294 1234 1290
f 878 1330 1337
f 5633 5490 5945
f 5933 3360 5502
f 5613 5948 5500
f 5604 3844 5720
f 3972 5950 5601
f 3494 4322 5950
f 4406 5615 4298
f 3492 4292 5943
f 5631 5495 5942
f 497 374 498
f 122 413 121
f 5624 3398 5416
f 9151 9156 9160
f 9058 8752 9054
f 9160 9150 9151
f 8815 9162 8813
f 9156 8794 8809
f 439 399 438
f 1512 1526 1511
f 1668 1738 1671
f 839 1362 838
f 1362 826 1012
f 3425 3418 4047
f 4905 5243 4808
f 4621 4662 4690
f 5582 5574 5577
f 4754 4756 4755
f 3902 4021 4022
f 9295 1896 9267
f 2053 2118 2117
f 9340 2120 2119
f 696 9268 9283
f 4922 4939 4924
f 4365 4186 4183
f 5105 4862 4670
f 5228 5226 5225
f 4781 4877 4794
f 5218 5238 5217
f 4990 4992 4991
f 4335 4336 4251
f 4993 4972 5002
f 4794 4792 4750
f 5886 8852 8851
f 5405 5417 5416
f 4669 4764 4668
f 4676 4698 4679
f 1826 639 640
f 9192 9181 9183
f 5232 5233 5204
f 5418 4122 5419
f 956 886 960
f 5720 3512 5717
f 4728 4730 4729
f 8879 8863 8862
f 1980 1922 807
f 4969 4966 4964
f 33 105 164
f 9028 3254 5437
f 3837 3839 3838
f 4382 4301 4383
f 3908 4122 4123
f 4290 4294 4291
f 4400 4055 4056
f 3219 3221 3220
f 8894 8877 8876
f 4640 4735 4630
f 4389 4216 4213
f 3267 4493 4451
f 3268 4463 4144
f 5097 5098 5088
f 5094 5096 5095
f 5654 5937 5938
f 4089 3960 3959
f 5159 5162 5160
f 5202 5249 5205
f 5412 5414 5413
f 5715 3516 5716
f 5723 4423 5726
f 4263 4323 4374
f 3994 3564 3774
f 1343 9308 9309
f 3470 5667 3464
f 5659 5671 5706
f 3319 4053 3299
f 9359 2128 9354
f 1766 1582 1594
f 14 2163 738
f 595 99 594
f 5703 3772 5702
f 5206 5229 5209
f 3437 3458 3457
f 5516 3487 5509
f 5122 5087 5123
f 3223 3934 3935
f 3979 5402 3978
f 3828 3320 3827
f 5663 4081 5664
f 4035 4490 4461
f 4426 5724 4425
f 3881 4447 4444
f 5407 4118 4119
f 5691 5689 5687
f 5661 5672 5671
f 5911 8901 8880
f 3902 3871 4046
f 5541 5539 5606
f 4069 5561 5562
f 3248 3292 3247
f 1346 1044 1352
f 748 1425 747
f 3297 3255 3934
f 5445 4056 5550
f 5783 5830 5831
f 4310 4376 4373
f 5857 5800 5802
f 3882 4452 3881
f 3193 3919 3951
f 3190 3206 3203
f 4266 4268 4267
f 4488 3420 4486
f 3331 3940 3330
f 4282 4284 4283
f 4606 4607 4605
f 4628 4708 4712
f 4659 4733 4658
f 4615 4829 4614
f 4718 4713 4717
f 5722 4421 5721
f 3307 3461 3433
f 4686 4634 4636
f 3966 3550 3978
f 4738 4875 4873
f 3416 3237 3341
f 4527 4208 4200
f 5093 5114 5092
f 5124 5086 5122
f 5117 5138 5139
f 4631 4640 4630
f 5166 5168 5167
f 5185 5187 5186
f 5194 5191 5171
f 3245 4118 9027
f 5214 5203 5200
f 3230 3318 3284
f 5237 5217 5238
f 5250 5258 5255
f 5113 5084 5085
f 5270 5269 5268
f 4906 5107 4768
f 5271 5267 5270
f 5276 5262 5263
f 5153 5174 5173
f 5290 5268 5291
f 5306 5303 5304
f 5147 5146 5143
f 4585 4856 4584
f 3226 5436 3225
f 4473 4504 4470
f 5765 8897 8895
f 4529 4247 4530
f 8923 8916 8917
f 5713 5682 5714
f 3315 3898 3322
f 5564 5537 5563
f 4468 4441 5466
f 3738 4163 4165
f 4577 4559 4560
f 5567 3366 3363
f 3587 4150 4151
f 5471 4504 4505
f 5860 5816 5817
f 3516 5558 5932
f 5436 5637 5437
f 5050 5083 5060
f 5547 3338 3339
f 9023 3295 4115
f 5708 4132 5711
f 4104 3814 3815
f 3718 4161 4162
f 5498 5679 5692
f 3884 4432 3883
f 3955 3877 3878
f 4049 4061 3977
f 8892 8875 8890
f 4572 4218 4569
f 4440 4442 4441
f 4497 3407 3408
f 4632 4633 4724
f 8906 8881 8902
f 5664 5670 5663
f 3751 3706 3707
f 3511 3736 3800
f 5129 5116 5117
f 5086 5098 5085
f 5135 5128 5136
f 5143 5145 5144
f 5168 5136 5137
f 5297 5246 5257
f 5164 5160 5162
f 5155 5171 5170
f 5137 5167 5168
f 5293 5307 5305
f 5513 4083 5515
f 4053 3825 4057
f 3228 3298 3227
f 3631 3635 3636
f 5689 5670 5693
f 5759 5883 5882
f 3793 3507 4134
f 4906 4891 4907
f 4719 4901 4720
f 3597 4095 4092
f 3352 4125 3262
f 9064 9058 9067
f 9076 9067 9077
f 9083 8794 9126
f 9131 9096 9089
f 9138 9099 9134
f 9154 9126 9156
f 9077 9052 9049
f 9053 8766 9083
f 9191 9187 9181
f 9082 9046 9193
f 9193 9168 9082
f 1284 1288 1285
f 9150 9132 9131
f 3841 3496 3493
f 3570 3336 4083
f 4027 4312 3258
f 4889 4781 4794
f 4041 4044 4043
f 4885 4813 4829
f 5419 3905 5430
f 4367 4227 4224
f 1778 1780 1779
f 1792 1584 1789
f 4308 3869 4307
f 4594 4762 4551
f 4767 4769 4768
f 5461 3366 3847
f 4763 4716 4720
f 4919 4915 4910
f 4300 4334 4333
f 5196 5198 5197
f 5158 5135 5136
f 5431 5433 5432
f 4545 4571 4544
f 4557 4594 4556
f 695 571 694
f 4156 3626 3694
f 4861 4670 4862
f 5681 5674 5682
f 5473 5580 5583
f 3622 4152 4151
f 5647 3574 3231
f 3674 3808 3649
f 4420 3498 3499
f 5675 5666 5674
f 3253 5439 3280
f 5870 5917 5912
f 8887 8919 8886
f 5862 5913 5915
f 3534 3485 3482
f 3313 4484 3312
f 9090 9046 9047
f 4871 4695 4855
f 3778 3822 3819
f 4889 4874 4875
f 4000 3784 4001
f 4897 4911 4910
f 3856 3838 3839
f 4772 4896 4771
f 4015 4376 4014
f 3433 3476 3435
f 4053 3302 3299
f 3367 3363 4434
f 3242 3831 3241
f 3441 4082 4081
f 4735 4855 4854
f 4756 4737 4689
f 3382 3384 3383
f 3698 3697 3682
f 4676 4678 4677
f 4948 4941 4944
f 4890 4805 4747
f 4757 4745 4737
f 4581 4380 4586
f 5716 5932 5597
f 4923 4926 4932
f 5077 5081 5076
f 5078 5058 5054
f 4009 5400 3952
f 5081 5078 5076
f 3930 4513 4514
f 4014 4028 4029
f 4025 4020 4021
f 3618 4096 3616
f 4581 4576 4580
f 4219 4188 4189
f 5440 3335 3272
f 5449 3323 3322
f 4229 4177 4202
f 4590 4214 4589
f 4227 4184 4226
f 4574 4858 4547
f 4565 5453 4563
f 4592 4588 4589
f 4590 4573 4579
f 3517 5521 3519
f 3845 3522 5423
f 4444 3884 3881
f 3982 5533 5535
f 4465 4497 4495
f 4520 4521 4496
f 4076 5591 5590
f 3635 3666 3634
f 3343 4498 5481
f 4022 3870 3871
f 3661 4098 3660
f 5691 5697 5692
f 3768 5742 5739
f 4514 3956 4518
f 3697 3814 3696
f 4394 5460 4395
f 4054 4057 4058
f 3284 3323 3559
f 4052 4169 4397
f 4447 4510 4446
f 4456 3346 4138
f 4483 3877 4482
f 4482 4512 4492
f 4492 4513 4516
f 5642 5439 5641
f 5448 5442 5440
f 5466 3882 3883
f 3340 4445 3339
f 8908 8910 8911
f 4397 3835 3980
f 5413 3521 5412
f 3234 3932 3233
f 5753 8895 8894
f 8896 5756 5755
f 8921 8889 8888
f 8915 8911 8916
f 3933 3935 3934
f 3620 3657 3623
f 3966 3968 3967
f 4905 4769 4770
f 3225 5437 3254
f 5433 3984 5435
f 5714 5693 5713
f 5435 3985 5436
f 3954 3955 3878
f 4713 4632 4724
f 4879 4632 4705
f 3983 3896 3897
f 9027 3248 3245
f 5871 5912 5904
f 5849 5891 5905
f 4702 4640 4641
f 4213 4579 4389
f 3644 3688 3689
f 9193 9040 9041
f 8920 8935 8919
f 5406 4130 4127
f 4140 5401 4139
f 5659 3904 5660
f 4772 4783 4834
f 4244 4246 4245
f 4061 4037 4038
f 3669 3803 3668
f 3459 3209 3202
f 4072 5484 4071
f 4835 4834 4819
f 5660 5661 5659
f 4262 4264 4263
f 3633 3627 3628
f 3685 3676 3686
f 4517 3235 3304
f 4145 4085 3544
f 5455 5459 3850
f 5638 5640 5641
f 3228 3254 3255
f 4044 3411 3412
f 3614 3612 3613
f 3273 3275 3274
f 4952 4961 4918
f 4959 4960 4963
f 4888 4761 4860
f 4254 4256 4255
f 4199 4201 4200
f 4499 4465 5480
f 5479 4496 4521
f 5952 5954 5955
f 5956 5958 5959
f 5959 5960 5961
f 5962 5964 5965
f 5966 5968 5969
f 5967 5971 5968
f 5963 5961 5960
f 5972 5964 5973
f 5974 5976 5977
f 5978 5980 5981
f 5982 5984 5985
f 5986 5985 5984
f 5988 5990 5991
f 5992 5994 5995
f 5996 5998 5999
f 6000 6002 6003
f 6004 6006 6007
f 6008 6010 6011
f 6012 6014 6015
f 6016 6018 6019
f 6020 6022 6023
f 6024 6026 6027
f 6028 6030 6031
f 6032 6034 6035
f 6036 6038 6039
f 6040 6013 6012
f 6042 6044 6045
f 5992 6047 5993
f 6048 6050 6051
f 6052 6054 6055
f 6056 6058 6059
f 6060 5987 5986
f 6062 6064 6065
f 6066 6068 6069
f 6070 6027 6026
f 6072 6057 6056
f 6075 6077 6074
f 6078 6080 6081
f 6082 6054 6084
f 6085 6081 6086
f 6087 5990 6088
f 6061 6089 5987
f 6089 6091 6092
f 6092 6093 6094
f 6095 5981 6096
f 6062 6084 6063
f 6097 6035 6034
f 6056 6099 6072
f 6100 6102 6103
f 6001 6104 6105
f 6107 6109 6106
f 6110 6112 6113
f 6114 6025 6115
f 6116 6118 6119
f 6120 6122 6123
f 6124 6126 6127
f 6128 6101 6100
f 6039 6131 6036
f 6132 6134 6135
f 6136 6138 6003
f 6139 6141 6142
f 6143 6145 6146
f 6148 6150 6147
f 6152 6154 6151
f 6155 6157 6158
f 6159 6161 6162
f 6163 6165 6166
f 6167 6169 6170
f 6171 6173 6174
f 6175 6104 6177
f 6178 6180 6181
f 6023 6183 6020
f 6184 6186 6187
f 6117 6188 6189
f 6190 6192 6193
f 6194 6026 6114
f 6195 6191 6190
f 6197 6199 6200
f 6201 6203 6204
f 6205 6207 6208
f 6209 6201 6204
f 6197 6211 6212
f 6212 6213 6214
f 5979 6214 6213
f 6203 6217 6204
f 6206 6198 6207
f 6218 5962 6219
f 5965 6219 5962
f 5972 3354 6221
f 6070 6222 6223
f 6224 6226 6227
f 6228 6230 6231
f 6232 6234 6235
f 6196 6236 6237
f 6071 6223 6238
f 6239 6241 6242
f 6243 6245 6246
f 6247 6248 6249
f 6250 6252 6253
f 6254 6256 6257
f 6258 6260 6261
f 6229 6263 6230
f 6264 6242 6241
f 6266 6268 6269
f 6270 6272 6273
f 6274 6276 6277
f 6195 6279 6236
f 6280 6281 6282
f 6283 6285 6286
f 6123 6287 6288
f 6289 6291 6292
f 6293 6243 6295
f 6240 6297 6241
f 6298 6267 6266
f 6300 6302 6303
f 6304 6306 6307
f 6251 6308 6309
f 6247 6311 6312
f 6313 6315 6316
f 6314 6317 6318
f 6319 6320 6321
f 6322 6088 6323
f 6216 6258 6217
f 6325 6327 6328
f 6217 6261 6329
f 6330 6238 6331
f 6071 6048 6027
f 6015 6333 6012
f 6079 6335 6080
f 6336 6240 6239
f 6294 6296 6240
f 6337 6339 6340
f 6341 6343 6344
f 6345 6347 6348
f 6266 6349 6298
f 6350 6352 6353
f 6295 6246 6354
f 6303 6356 6300
f 6357 6359 6360
f 6361 6363 6364
f 6365 6353 6366
f 6367 6369 6370
f 6371 6370 6372
f 6372 6374 6371
f 6375 6373 6376
f 6376 6378 6375
f 6379 6381 6382
f 6383 6385 6386
f 6387 6389 6390
f 6391 6393 6394
f 6395 6397 6398
f 6398 6400 6395
f 6399 6402 6400
f 6403 6401 6404
f 6405 6407 6408
f 6409 6411 6412
f 6367 6413 6414
f 6374 6415 6416
f 6417 6384 6383
f 6419 6348 6347
f 6421 6423 6424
f 6425 6400 6402
f 6426 6395 6400
f 6393 6428 6429
f 6429 6394 6393
f 6390 6431 6432
f 6433 6408 6407
f 6435 6437 6438
f 6439 6411 6438
f 6392 6441 6442
f 6397 6442 6443
f 6401 6444 6445
f 6446 6437 6404
f 6448 6450 6451
f 6452 6454 6455
f 6442 6456 6457
f 6443 6457 6458
f 6444 6460 6461
f 6445 6461 6462
f 6463 6462 6465
f 6446 6462 6464
f 6466 6468 6469
f 6448 6470 6471
f 6453 6472 6473
f 6474 6476 6477
f 6478 6480 6481
f 6482 6484 6485
f 6486 6488 6489
f 6490 6492 6493
f 6493 6494 6495
f 6496 6498 6499
f 6500 6502 6503
f 6504 6506 6507
f 6508 6509 6510
f 6511 6513 6508
f 6499 6515 6496
f 6516 6518 6519
f 6520 6522 6523
f 6524 6525 6526
f 6507 6527 6504
f 6504 6528 6510
f 6528 6508 6510
f 6529 6531 6532
f 6342 6534 6343
f 6535 6346 6536
f 6347 6537 6419
f 6434 6539 6408
f 6539 6405 6408
f 6541 6451 6450
f 6543 6470 6545
f 6546 6481 6547
f 6499 6548 6549
f 6549 6514 6499
f 6551 6553 6554
f 6555 6557 6558
f 6403 6423 6559
f 6426 6413 6416
f 6415 6428 6427
f 6430 6561 6562
f 6434 6420 6419
f 6563 6565 6566
f 6404 6445 6446
f 6459 6399 6398
f 6455 6388 6387
f 6405 6449 6406
f 6540 6450 6405
f 6567 6568 6569
f 6570 6463 6567
f 6475 6490 6465
f 6458 6571 6572
f 6573 6574 6575
f 6576 6578 6579
f 6193 6580 6581
f 6582 6584 6585
f 6583 6586 6587
f 6588 6587 6586
f 6590 6068 6591
f 6592 6594 6319
f 6251 6595 6252
f 6304 6597 6598
f 6272 6599 6273
f 3737 6558 6557
f 6600 6160 6601
f 6123 6603 6120
f 6604 6606 6607
f 6608 6208 6609
f 5972 6220 5965
f 6610 6612 6556
f 6613 6615 6616
f 6242 6618 6239
f 6226 6245 6227
f 6620 6622 6623
f 6624 6146 6625
f 6626 6211 6136
f 6627 6629 6630
f 6631 6633 6634
f 6235 6636 6232
f 6637 6639 6640
f 6641 6286 6642
f 6643 6645 6646
f 6647 6649 6650
f 6244 6294 6336
f 6336 6652 6244
f 6194 6237 6222
f 6196 6114 6191
f 6115 6191 6114
f 6653 6655 6656
f 6657 6189 6658
f 6117 6659 6118
f 6130 6156 6131
f 6133 6151 6134
f 6661 6662 6660
f 6663 6616 6552
f 6664 6273 6665
f 6418 6432 6431
f 6290 6328 6291
f 6666 6556 6612
f 6557 3805 3737
f 5971 6668 5968
f 6181 6670 6178
f 6671 6673 6674
f 6676 6672 6675
f 6675 6149 6676
f 6067 5999 5998
f 6677 6679 6680
f 6681 6683 6684
f 6087 6090 6089
f 5983 6685 6686
f 5982 6687 6685
f 6094 6688 6687
f 6211 6137 6136
f 6689 6691 6692
f 6690 3833 3832
f 6001 6686 6002
f 5978 6215 5979
f 6694 5978 6095
f 5974 6095 6695
f 6183 6696 6697
f 6698 5961 6218
f 5959 6699 5956
f 6697 6700 6701
f 6702 6703 6704
f 5968 6705 5969
f 6706 5955 5954
f 6707 6617 6708
f 6024 6709 6710
f 6402 6559 6425
f 3852 6712 3853
f 3856 6593 3857
f 5977 6694 5974
f 6713 5977 5976
f 6714 6716 6717
f 6718 6308 6250
f 6720 6254 6721
f 6722 6724 6725
f 6312 6726 6727
f 6069 6728 6729
f 6319 6730 6086
f 6731 6644 6732
f 6732 6734 6731
f 6046 6320 6047
f 3880 6666 6735
f 6736 6738 6739
f 6531 6741 6326
f 6300 6614 6613
f 6742 6325 6290
f 6743 3891 3890
f 6744 6301 6745
f 6746 6534 6533
f 6536 6579 6535
f 6535 6563 6537
f 6566 6537 6563
f 6538 6409 6539
f 6412 6539 6409
f 6412 6541 6540
f 6748 6542 6541
f 6749 6545 6542
f 6568 6547 6543
f 6751 6548 6546
f 6753 6550 6549
f 6755 6757 6758
f 6759 6761 6762
f 6763 6765 6762
f 6764 6623 6765
f 6766 6768 6769
f 6770 6772 6773
f 6774 6776 6777
f 6021 6777 6022
f 6723 6779 6724
f 6780 6782 6783
f 6784 6786 6787
f 6788 6790 6791
f 6185 6793 6186
f 6794 6725 6795
f 6729 6098 6097
f 6135 6798 6132
f 6799 6065 6800
f 6037 6802 6038
f 6005 6588 6586
f 6005 6804 6006
f 6052 6010 6805
f 6586 6803 6005
f 6092 5987 6089
f 6094 5985 6092
f 6096 6695 6095
f 6082 6799 6585
f 6657 6041 6659
f 6013 6658 6014
f 6795 6807 6808
f 6809 6811 6812
f 6813 6815 6816
f 6817 6819 6820
f 6821 6823 6824
f 6329 6204 6217
f 6202 6826 6203
f 6072 6827 6828
f 6598 6305 6304
f 6301 6613 6663
f 6830 6271 6270
f 6822 6778 6823
f 6326 6832 6327
f 6203 6833 6216
f 6027 6051 6024
f 6360 6835 6357
f 6836 6838 6839
f 6837 6841 6838
f 6362 6366 6363
f 6380 6384 6381
f 6421 6578 6842
f 6566 6410 6409
f 6394 6388 6391
f 6414 6368 6367
f 6371 6416 6413
f 6561 6378 6382
f 6382 6562 6561
f 6381 6418 6562
f 6389 6430 6431
f 6391 6454 6441
f 6441 6453 6456
f 6456 6473 6574
f 6495 6750 6568
f 6843 6485 6484
f 6844 6843 6846
f 6573 6847 6848
f 6849 6487 6486
f 6513 6752 6469
f 6517 6850 6503
f 6521 6851 6850
f 6844 6852 6853
f 6505 6510 6509
f 6753 6512 6754
f 6516 6521 6517
f 6614 6854 6615
f 6742 4003 3891
f 6708 6855 6856
f 6307 6857 6858
f 6307 6665 6304
f 6414 6425 6559
f 6416 6427 6426
f 6562 6431 6430
f 6419 6538 6434
f 6358 6839 6359
f 6059 6859 6860
f 6861 6863 6864
f 6865 6867 6868
f 6115 6869 6870
f 6871 6873 6874
f 6721 6596 6875
f 6876 6556 6555
f 6877 6552 6551
f 6551 6268 6877
f 6879 6265 6269
f 6239 6651 6336
f 6230 6619 6226
f 6171 6669 6880
f 6106 6882 6881
f 6883 6822 6821
f 6759 6187 6174
f 6725 6785 6807
f 6885 6808 6791
f 6886 6888 6031
f 6701 6756 6755
f 6884 6779 6822
f 6715 6309 6308
f 6889 6890 6891
f 6743 4042 6892
f 6270 6893 6830
f 6386 6895 6383
f 6895 6420 6896
f 6897 6417 6896
f 6897 6407 6898
f 6390 6899 6387
f 6900 6406 6449
f 6455 6901 6452
f 6902 6904 6471
f 6482 6905 6483
f 6501 6907 6502
f 6496 6908 6909
f 6532 6326 6325
f 6532 6743 6529
f 6612 6735 6666
f 6611 6910 6612
f 6626 5979 6213
f 6704 6105 6702
f 6913 6591 6914
f 6915 6795 6885
f 6229 4067 4066
f 6263 6289 6619
f 6745 6663 6877
f 6916 6757 6917
f 6885 6165 6915
f 6920 6783 6919
f 6921 6923 6924
f 6925 6924 6926
f 6927 6929 6930
f 6931 6933 6934
f 6935 6937 6938
f 6939 6941 6942
f 6943 6945 6946
f 6947 6949 6950
f 6944 6951 6952
f 6953 6955 6956
f 6957 6959 6960
f 6961 6929 6963
f 6964 6966 6967
f 6968 6970 6971
f 6969 6955 6970
f 6972 6946 6973
f 6974 6976 6977
f 6978 6980 6981
f 6940 6982 6983
f 6984 6986 6987
f 6988 6990 6991
f 6992 6989 6993
f 6994 6996 6997
f 6998 7000 7001
f 7002 7004 7005
f 7006 7008 7009
f 7010 7012 7013
f 7014 7016 7017
f 7018 6999 6998
f 7020 7022 7023
f 7024 7026 7027
f 7028 7030 7031
f 7032 7034 7035
f 7003 7036 7037
f 7038 7040 7027
f 6993 7030 7041
f 7042 7044 7045
f 7046 7007 7006
f 7011 7048 7049
f 7050 7052 7053
f 7054 7014 7055
f 7015 7056 7057
f 6621 7045 7044
f 7049 6775 6774
f 7051 6021 6020
f 7055 6701 7054
f 7054 6755 7056
f 6764 7047 7046
f 7020 7059 7013
f 7060 7062 7063
f 6958 7065 6959
f 6925 7067 6973
f 7068 6934 6926
f 7069 6991 7070
f 7071 7072 7073
f 7074 7076 7077
f 7078 7080 7081
f 7014 7082 7083
f 7084 7086 7087
f 7025 7031 7026
f 7085 7072 7088
f 7089 7087 7090
f 7055 7083 7091
f 7090 6770 6773
f 7092 7094 7095
f 7091 6697 7055
f 6770 7086 6758
f 7095 6767 6766
f 7096 6980 7097
f 7098 6940 7099
f 7058 7023 7100
f 7101 6930 7102
f 6974 7063 6967
f 7103 6971 7104
f 7105 6981 6977
f 7106 7036 7108
f 7109 7010 7110
f 7111 7018 7034
f 7098 7037 7100
f 7048 7112 6775
f 7113 7041 6997
f 6994 7115 7088
f 6965 6923 6966
f 6975 6945 6976
f 7061 7065 7062
f 6954 6933 6963
f 6763 7109 7047
f 7046 6620 6764
f 6947 7067 6956
f 6758 7056 6755
f 7118 7039 7038
f 7038 7070 7118
f 7106 7121 7122
f 7123 7053 7052
f 7123 7083 7082
f 7045 7006 7042
f 7107 7122 7009
f 7091 7052 7051
f 7091 6020 6183
f 6936 7097 6937
f 7125 6960 7102
f 6774 7050 7049
f 7119 6942 7039
f 7019 7005 6999
f 7011 7124 7012
f 7021 7040 7022
f 7114 7016 7115
f 7053 7049 7050
f 7086 7057 7056
f 6993 7127 6992
f 7075 7113 7076
f 4281 6603 7128
f 6012 7129 6040
f 7130 6584 7131
f 6797 7133 6798
f 6074 7135 6075
f 6789 6173 6790
f 6760 6776 6761
f 7136 6801 6589
f 6914 6674 6913
f 7007 7059 7008
f 7099 7003 7098
f 6984 7104 6938
f 7110 7047 7109
f 6333 6587 7129
f 5956 6667 5971
f 5957 5971 5970
f 7137 6308 6719
f 4292 6718 6250
f 6693 6668 6215
f 6215 6667 6214
f 6214 6699 6212
f 6698 6212 6699
f 6219 6198 6218
f 6207 6220 6208
f 6220 6609 6208
f 6262 4066 4003
f 7138 7140 7141
f 4298 7140 4299
f 7143 7145 7146
f 7147 7144 7149
f 7149 7151 7147
f 7150 7153 7151
f 6329 7154 7152
f 6261 7155 7154
f 7156 7157 7158
f 6598 7159 7160
f 6257 7161 7162
f 6256 4321 7161
f 6693 6706 6705
f 5954 6705 6706
f 5953 5969 5954
f 7163 5983 6912
f 7164 6138 7166
f 7167 7169 7170
f 6141 7172 6142
f 7166 7173 7164
f 6141 7174 7175
f 7176 7178 7179
f 7180 7182 7183
f 7184 7186 7187
f 6631 7183 7188
f 6218 6197 6698
f 6625 7189 6624
f 6814 7190 7191
f 6882 7193 7194
f 7195 6109 6108
f 6888 7198 7199
f 7200 7202 7203
f 7176 6630 7204
f 6029 7187 6030
f 7205 7207 7208
f 7209 7211 7212
f 7203 7213 7214
f 6886 6778 6723
f 6031 7215 6886
f 7216 7218 7219
f 7220 6880 6669
f 6076 7220 7222
f 6074 6672 6671
f 6147 6662 7223
f 7223 6111 6110
f 6810 6113 6112
f 6920 6914 6591
f 6077 6675 6672
f 6660 6076 6661
f 7222 6669 6181
f 7224 6181 6180
f 6660 6150 6675
f 7225 6794 6915
f 6783 7225 6164
f 6781 6068 6067
f 7217 7228 7218
f 6031 7199 6028
f 6887 6723 6722
f 6164 6915 6165
f 6780 6591 6068
f 7134 6671 6914
f 7229 6824 6823
f 7187 7230 7229
f 7226 6722 6794
f 7231 6169 7233
f 7201 7233 7202
f 6107 7235 7200
f 7215 6823 6778
f 6030 7229 7215
f 7236 7219 7179
f 7237 6820 6819
f 7237 7207 7238
f 7239 7241 7242
f 6739 7244 6736
f 7245 7242 7246
f 7233 6168 7247
f 7247 7202 7233
f 7195 7203 7214
f 7248 7250 6703
f 7227 7252 7228
f 7253 5998 7251
f 6067 7198 6781
f 6781 7197 6782
f 5984 6683 5986
f 7254 6678 6684
f 6679 7252 5997
f 6887 7197 6888
f 6782 7226 7225
f 7135 6163 7221
f 7221 6075 7135
f 6661 7222 7224
f 7224 6111 6661
f 6180 6112 7224
f 6179 6810 6180
f 6811 6793 6649
f 6650 6622 6769
f 6766 7044 7095
f 7095 7043 7092
f 7092 7121 7081
f 7078 7255 7033
f 7256 7257 7258
f 6768 7259 6647
f 6773 7094 7090
f 7090 7093 7089
f 7089 7080 7073
f 7071 7032 7260
f 7077 6998 7074
f 6995 7260 6996
f 7077 7261 7035
f 7035 7018 7077
f 7108 7111 7255
f 6978 7262 7001
f 7105 7264 7262
f 7263 6952 7264
f 6990 6951 7265
f 6972 7266 7265
f 7117 6950 7266
f 6948 7267 6949
f 6969 6982 7267
f 7103 6987 6983
f 7005 6986 7268
f 6999 7268 7000
f 7269 7271 7272
f 7274 7275 7273
f 7274 7276 7277
f 7278 7280 7281
f 7282 7284 7285
f 7286 7288 7289
f 7290 7292 7293
f 7294 7296 7293
f 7068 7298 7299
f 7300 7302 7303
f 7304 7305 7306
f 7307 7305 7308
f 7309 7283 7310
f 7311 7313 7314
f 7125 7306 7315
f 7285 7280 7282
f 7277 7303 7302
f 6965 7316 7317
f 7318 7316 7319
f 7320 7271 7314
f 7312 7296 7313
f 7270 7298 7322
f 7311 7322 7317
f 6961 7300 7308
f 7323 7325 7326
f 7327 7328 7329
f 7064 7325 7328
f 7287 7292 7288
f 6931 7299 7301
f 7331 7329 7319
f 7332 7334 7335
f 7336 7338 7339
f 7340 7333 7332
f 7342 7343 7344
f 7345 7347 7344
f 7348 7350 7351
f 7352 7354 7355
f 7356 7358 7359
f 7360 7362 7363
f 7365 7367 7364
f 7368 7370 7371
f 7372 7336 7374
f 7373 7337 7336
f 7367 7376 7377
f 7378 7380 7381
f 7382 7384 7385
f 7386 7385 7384
f 7388 7390 7391
f 7392 7333 7393
f 7394 7396 7397
f 7398 7400 7401
f 7402 7404 7405
f 7406 7408 7409
f 7410 7383 7382
f 7412 7414 7415
f 7385 7417 7382
f 7389 7419 7390
f 7373 7421 7375
f 7420 7372 7422
f 7369 7424 7370
f 7399 7397 7425
f 7393 7341 7342
f 7398 7357 7426
f 7358 7401 7427
f 7428 7430 7431
f 7433 7435 7432
f 7363 7436 7437
f 7383 7439 7384
f 7411 7438 7383
f 7441 7443 7444
f 7445 7339 7447
f 7374 7339 7446
f 7444 7364 7448
f 7448 7450 7449
f 7364 7451 7450
f 7451 7377 7452
f 7449 7454 7453
f 7455 7450 7451
f 7456 7451 7452
f 7410 7458 7459
f 7460 7462 7369
f 7423 7462 7463
f 7464 7466 7467
f 7468 7347 7470
f 7376 7471 7472
f 7425 7396 7473
f 7475 7477 7474
f 7478 7480 7481
f 7482 7407 7406
f 7484 7351 7486
f 7487 7488 7489
f 7490 7492 7493
f 7412 7434 7433
f 7494 7434 7415
f 7496 7391 7497
f 7440 7498 7499
f 7401 7488 7500
f 7485 7345 7501
f 7500 7427 7401
f 7395 7469 7468
f 7503 7505 7506
f 7507 7509 7510
f 7511 7513 7514
f 7511 7515 7516
f 7517 7519 7520
f 7521 7523 7355
f 7352 7525 7526
f 7415 7527 7494
f 7528 7530 7486
f 7404 7502 7500
f 7477 7496 7532
f 7512 7481 7513
f 7405 7500 7488
f 7533 7535 7536
f 7378 7510 7537
f 7532 7379 7538
f 7539 7541 7542
f 7524 7355 7523
f 7351 7501 7348
f 7414 7523 7527
f 7522 7527 7523
f 7544 7412 7545
f 7546 7547 7548
f 7526 7353 7352
f 7550 7355 7354
f 7521 7551 7548
f 7552 7548 7551
f 7546 7553 7554
f 7522 7548 7547
f 7418 7520 7555
f 7416 7554 7417
f 7457 7558 7458
f 7557 7560 7558
f 7535 7561 7562
f 7562 7563 7564
f 7564 7349 7348
f 7351 7565 7486
f 7567 7569 7566
f 7570 7520 7519
f 7419 7555 7571
f 7572 7348 7501
f 7389 7556 7418
f 7573 7493 7480
f 7552 7534 7553
f 7562 7536 7535
f 7572 7576 7574
f 7422 7578 7420
f 7423 7580 7424
f 7579 7463 7581
f 7578 7576 7582
f 7583 7381 7380
f 7586 7581 7585
f 7533 7579 7586
f 7447 7338 7587
f 7588 7531 7589
f 7590 7431 7591
f 7321 7592 7585
f 7275 7463 7273
f 7461 7276 7462
f 7279 7461 7453
f 7453 7593 7279
f 7594 7454 7455
f 7330 7498 7459
f 7459 7294 7330
f 7558 7595 7295
f 7560 7320 7595
f 7275 7585 7581
f 7462 7273 7463
f 7596 7380 7497
f 7597 7406 7409
f 7467 7599 7600
f 7601 7603 7604
f 7605 7444 7443
f 7365 7606 7366
f 7607 7494 7608
f 7513 7473 7396
f 7396 7514 7513
f 7514 7468 7515
f 7470 7515 7468
f 7610 7609 7470
f 7612 7476 7475
f 7613 7529 7614
f 7442 7615 7616
f 7343 7617 7618
f 7574 7577 7536
f 7619 7399 7491
f 7518 7509 7519
f 7491 7425 7492
f 7549 7621 7565
f 7491 7622 7619
f 7377 7440 7452
f 7379 7497 7380
f 7453 7460 7449
f 7411 7459 7498
f 7623 7391 7390
f 7625 7610 7484
f 7487 7483 7626
f 7619 7408 7489
f 7627 7620 7549
f 7538 7378 7537
f 7389 7477 7476
f 7629 7412 7433
f 7489 7407 7487
f 7628 7598 7597
f 7413 7524 7414
f 7592 7559 7630
f 7584 7632 7381
f 7569 7633 7571
f 7570 7566 7569
f 7631 7566 7632
f 7508 7519 7509
f 7614 7480 7613
f 7346 7470 7347
f 7572 7562 7564
f 7571 7634 7419
f 7346 7484 7610
f 7607 7431 7495
f 7585 7630 7586
f 7624 7497 7391
f 7635 7384 7439
f 7636 7502 7588
f 7323 7310 7289
f 7420 7582 7421
f 7637 7455 7456
f 7287 7499 7498
f 7458 7295 7294
f 7439 7472 7635
f 7599 7604 7600
f 7359 7427 7636
f 7436 7639 7437
f 7490 7640 7622
f 7481 7493 7473
f 7641 7505 7525
f 7642 7627 7644
f 7492 7473 7493
f 7517 7625 7530
f 7625 7486 7530
f 7634 7390 7419
f 7474 7532 7516
f 7448 7441 7444
f 7368 7449 7460
f 7615 7368 7371
f 7638 7602 7639
f 7575 7501 7345
f 7571 7570 7569
f 7400 7489 7488
f 7508 7632 7566
f 7503 7540 7539
f 6957 7315 7326
f 7376 7438 7377
f 7507 7381 7632
f 7499 7452 7440
f 7286 7456 7499
f 7504 7644 7505
f 7368 7460 7369
f 7645 7627 7643
f 7647 7633 7646
f 7647 7623 7634
f 7649 7623 7648
f 7650 7624 7649
f 7646 7568 7651
f 7651 7567 7652
f 7653 7567 7631
f 7651 7655 7646
f 7656 7658 7659
f 7660 7657 7661
f 7663 7656 7662
f 7664 7663 7666
f 7667 7663 7662
f 7667 7668 7655
f 7663 7661 7657
f 7670 7672 7669
f 7661 7671 7660
f 7659 7662 7656
f 7648 7668 7659
f 7648 7673 7649
f 7659 7674 7673
f 7658 7675 7674
f 7668 7646 7655
f 7660 7676 7675
f 7675 7678 7674
f 7677 7676 7679
f 7677 7681 7678
f 7682 7678 7681
f 7677 7684 7680
f 7673 7678 7683
f 7683 7649 7673
f 7685 7671 7670
f 7667 7686 7666
f 7666 7687 7664
f 7654 7686 7655
f 7689 7686 7688
f 7664 7691 7690
f 7650 7583 7596
f 7693 7631 7584
f 7584 7692 7693
f 7693 7682 7694
f 7694 7681 7695
f 7694 7653 7693
f 7650 7682 7692
f 7696 7652 7653
f 7654 7652 7697
f 7688 7697 7698
f 7699 7697 7696
f 7700 7698 7699
f 7695 7696 7694
f 7699 7702 7700
f 7689 7698 7701
f 7689 7703 7704
f 7705 7707 7703
f 7701 7705 7703
f 7704 7707 7685
f 7685 7691 7704
f 7687 7704 7691
f 7680 7695 7681
f 7684 7702 7680
f 7702 7705 7700
f 7684 7707 7706
f 7676 7707 7679
f 7665 7672 7661
f 7670 7690 7691
f 7665 7690 7669
f 7611 7474 7609
f 7510 7479 7478
f 7511 7537 7512
f 7516 7538 7511
f 7517 7613 7518
f 7537 7478 7512
f 7611 7612 7475
f 7613 7479 7518
f 7556 7517 7520
f 7516 7609 7474
f 7708 7710 7711
f 7712 7714 7715
f 7713 7717 7714
f 7719 7721 7718
f 7722 7597 7409
f 7724 7715 7725
f 7726 7728 7729
f 7731 7573 7730
f 7730 7614 7732
f 7733 7735 7736
f 7721 7724 7737
f 7731 7409 7640
f 7708 7729 7738
f 7737 7709 7739
f 7716 7736 7740
f 7742 7744 7745
f 7740 7735 7746
f 7717 7740 7747
f 7716 7720 7741
f 7748 7711 7710
f 7750 7710 7725
f 7720 7751 7741
f 7734 7728 7735
f 7709 7725 7710
f 7752 7715 7714
f 7739 7708 7738
f 7720 7712 7721
f 7749 7755 7711
f 7745 7756 7747
f 7746 7742 7745
f 7743 7755 7754
f 7727 7735 7728
f 7747 7757 7717
f 7753 7725 7715
f 7751 7620 7733
f 7757 7714 7717
f 7718 7737 7732
f 7747 7746 7745
f 7727 7755 7742
f 7726 7711 7755
f 7759 7756 7758
f 7759 7752 7757
f 7760 7753 7752
f 7761 7750 7753
f 7758 7744 7763
f 7763 7743 7764
f 7754 7764 7743
f 7763 7767 7758
f 7768 7770 7771
f 7772 7771 7773
f 7775 7772 7774
f 7776 7775 7778
f 7779 7775 7774
f 7775 7769 7768
f 7770 7781 7780
f 7782 7772 7773
f 7760 7782 7773
f 7760 7783 7761
f 7773 7784 7783
f 7770 7784 7771
f 7779 7782 7767
f 7782 7758 7767
f 7785 7780 7786
f 7785 7788 7784
f 7787 7786 7789
f 7787 7791 7788
f 7792 7788 7791
f 7787 7794 7790
f 7793 7784 7788
f 7762 7783 7793
f 7796 7780 7795
f 7795 7781 7797
f 7779 7798 7778
f 7799 7778 7798
f 7766 7798 7767
f 7800 7799 7798
f 7802 7799 7803
f 7795 7802 7803
f 7762 7748 7750
f 7805 7754 7749
f 7749 7804 7805
f 7805 7792 7806
f 7806 7791 7807
f 7806 7765 7805
f 7793 7804 7762
f 7808 7764 7765
f 7766 7764 7809
f 7766 7810 7800
f 7811 7809 7808
f 7812 7810 7811
f 7807 7808 7806
f 7811 7814 7812
f 7813 7800 7810
f 7801 7815 7816
f 7817 7819 7815
f 7813 7817 7815
f 7816 7819 7796
f 7796 7803 7816
f 7799 7816 7803
f 7790 7807 7791
f 7794 7814 7790
f 7814 7817 7812
f 7794 7819 7818
f 7786 7819 7789
f 7777 7781 7769
f 7777 7802 7797
f 7528 7718 7529
f 7729 7723 7722
f 7738 7730 7739
f 7732 7739 7730
f 7733 7628 7734
f 7722 7738 7729
f 7621 7719 7528
f 7628 7723 7734
f 7733 7741 7751
f 7732 7529 7718
f 7486 7621 7528
f 7549 7350 7353
f 7353 7349 7354
f 7354 7563 7550
f 7821 7823 7820
f 7824 7826 7827
f 7825 7829 7826
f 7830 7832 7833
f 7834 7827 7835
f 7836 7838 7839
f 7840 7406 7841
f 7841 7598 7842
f 7843 7845 7846
f 7833 7834 7847
f 7848 7836 7839
f 7847 7821 7849
f 7828 7846 7850
f 7853 7855 7852
f 7850 7845 7856
f 7829 7850 7857
f 7828 7832 7851
f 7858 7823 7822
f 7860 7822 7835
f 7831 7851 7832
f 7844 7838 7845
f 7834 7822 7821
f 7863 7827 7826
f 7849 7820 7848
f 7825 7833 7832
f 7859 7866 7823
f 7855 7867 7857
f 7837 7855 7856
f 7865 7852 7866
f 7837 7845 7838
f 7857 7868 7829
f 7864 7835 7827
f 7843 7642 7504
f 7868 7826 7829
f 7830 7847 7842
f 7857 7856 7855
f 7837 7866 7852
f 7836 7823 7866
f 7870 7867 7869
f 7870 7863 7868
f 7871 7864 7863
f 7872 7860 7864
f 7869 7854 7874
f 7874 7853 7875
f 7876 7853 7865
f 7874 7878 7869
f 7879 7881 7882
f 7883 7882 7884
f 7886 7883 7885
f 7887 7886 7889
f 7890 7886 7885
f 7886 7880 7879
f 7891 7880 7892
f 7884 7885 7883
f 7871 7893 7884
f 7871 7894 7872
f 7884 7895 7894
f 7882 7896 7895
f 7890 7893 7878
f 7893 7869 7878
f 7881 7897 7896
f 7898 7895 7896
f 7900 7896 7897
f 7901 7899 7898
f 7904 7902 7903
f 7898 7905 7901
f 7894 7899 7904
f 7904 7872 7894
f 7907 7891 7906
f 7906 7892 7908
f 7890 7909 7889
f 7910 7889 7909
f 7877 7909 7878
f 7912 7909 7911
f 7887 7914 7913
f 7906 7913 7914
f 7873 7858 7860
f 7916 7865 7859
f 7859 7915 7916
f 7916 7903 7917
f 7917 7902 7918
f 7917 7876 7916
f 7873 7903 7915
f 7919 7875 7876
f 7877 7875 7920
f 7911 7920 7921
f 7922 7920 7919
f 7923 7921 7922
f 7918 7919 7917
f 7922 7925 7923
f 7924 7911 7921
f 7912 7926 7927
f 7928 7930 7926
f 7924 7928 7926
f 7927 7930 7907
f 7907 7914 7927
f 7910 7927 7914
f 7901 7918 7902
f 7905 7925 7901
f 7925 7928 7923
f 7905 7930 7929
f 7897 7930 7900
f 7888 7892 7880
f 7888 7913 7908
f 7645 7831 7830
f 7839 7862 7931
f 7841 7848 7840
f 7842 7849 7841
f 7504 7844 7843
f 7839 7840 7848
f 7643 7861 7831
f 7503 7862 7844
f 7846 7861 7843
f 7842 7645 7830
f 7932 7934 7935
f 7936 7938 7939
f 7937 7941 7938
f 7942 7944 7945
f 7947 7949 7946
f 7950 7939 7951
f 7953 7955 7952
f 7956 7958 7959
f 7956 7540 7960
f 7962 7964 7961
f 7936 7965 7945
f 7946 7958 7957
f 7966 7952 7955
f 7965 7933 7967
f 7968 7969 7964
f 7970 7972 7973
f 7974 7964 7963
f 7941 7968 7975
f 7940 7944 7969
f 7976 7935 7934
f 7978 7934 7951
f 7943 7969 7944
f 7947 7963 7962
f 7933 7951 7934
f 7980 7939 7938
f 7967 7932 7966
f 7937 7945 7944
f 7977 7983 7935
f 7973 7984 7975
f 7953 7973 7974
f 7982 7970 7983
f 7974 7954 7953
f 7975 7985 7941
f 7981 7951 7939
f 7961 7544 7545
f 7985 7938 7941
f 7942 7965 7960
f 7975 7974 7973
f 7952 7970 7953
f 7952 7935 7983
f 7987 7984 7986
f 7987 7980 7985
f 7988 7981 7980
f 7989 7978 7981
f 7986 7972 7991
f 7991 7971 7992
f 7993 7971 7982
f 7986 7994 7995
f 7997 7999 7996
f 8000 7999 8001
f 8003 8000 8002
f 8005 8006 8004
f 8007 8003 8002
f 7996 8005 7997
f 7998 8009 8008
f 8010 8000 8001
f 7988 8010 8001
f 7988 8011 7989
f 8011 7999 8012
f 7998 8012 7999
f 8007 8010 7995
f 8010 7986 7995
f 8013 8008 8014
f 8015 8012 8013
f 8017 8013 8014
f 8018 8016 8015
f 8021 8019 8020
f 8015 8022 8018
f 8011 8016 8021
f 8021 7989 8011
f 8023 8014 8008
f 8023 8009 8025
f 8007 8026 8006
f 8026 8004 8006
f 8028 7995 7994
f 8029 8026 8028
f 8030 8027 8031
f 8023 8030 8031
f 7990 7976 7978
f 8033 7982 7977
f 7976 8033 7977
f 8034 8032 8020
f 8035 8020 8019
f 8034 7993 8033
f 7990 8020 8032
f 8036 7992 7993
f 7991 8037 7994
f 7994 8038 8028
f 8039 8037 8036
f 8040 8038 8039
f 8035 8036 8034
f 8039 8042 8040
f 8041 8028 8038
f 8029 8043 8044
f 8045 8047 8043
f 8041 8045 8043
f 8044 8047 8024
f 8024 8031 8044
f 8027 8044 8031
f 8042 8019 8018
f 8022 8042 8018
f 8042 8045 8040
f 8017 8046 8022
f 8014 8047 8017
f 8005 8009 7997
f 8005 8030 8025
f 7506 7943 7942
f 7954 7946 7955
f 7967 7957 7956
f 7960 7967 7956
f 7948 7962 8048
f 7955 7957 7966
f 7641 7979 7943
f 7969 7961 7964
f 7960 7506 7942
f 7362 8050 7436
f 8052 7464 8051
f 8051 7467 8053
f 8054 7600 7604
f 8056 7618 8052
f 7436 8057 7638
f 8049 7361 8056
f 8057 7603 7638
f 8055 7467 7600
f 8058 7604 7603
f 8059 8058 8057
f 8060 8054 8058
f 8061 8055 8054
f 8062 8053 8055
f 8059 8050 8064
f 8064 8049 8065
f 8056 8065 8049
f 8059 8067 8068
f 8069 8071 8072
f 8073 8072 8074
f 8075 8073 8076
f 8077 8075 8076
f 8075 8070 8069
f 8079 8081 8070
f 8082 8070 8081
f 8083 8073 8074
f 8061 8083 8074
f 8061 8084 8062
f 8074 8085 8084
f 8072 8086 8085
f 8077 8083 8068
f 8083 8059 8068
f 8071 8087 8086
f 8088 8085 8086
f 8090 8086 8087
f 8091 8089 8088
f 8094 8092 8093
f 8088 8095 8091
f 8084 8089 8094
f 8094 8062 8084
f 8097 8082 8096
f 8096 8081 8080
f 8077 8098 8078
f 8099 8078 8098
f 8101 8068 8067
f 8102 8098 8101
f 8100 8104 8103
f 8096 8103 8104
f 8075 8100 8079
f 8079 8103 8080
f 8105 8053 8063
f 8066 8052 8106
f 8051 8106 8052
f 8107 8105 8093
f 8108 8093 8092
f 8107 8066 8106
f 8063 8093 8105
f 8109 8065 8066
f 8064 8110 8067
f 8067 8111 8101
f 8112 8110 8109
f 8113 8111 8112
f 8108 8109 8107
f 8112 8115 8113
f 8114 8101 8111
f 8102 8116 8117
f 8118 8120 8116
f 8114 8118 8116
f 8117 8120 8097
f 8097 8104 8117
f 8099 8117 8104
f 8091 8108 8092
f 8095 8115 8091
f 8115 8118 8113
f 8095 8120 8119
f 8087 8120 8090
f 7550 7561 7551
f 7552 7561 7535
f 7931 7539 7542
f 7640 7408 7622
f 7549 7644 7627
f 7525 7544 7641
f 7931 7482 7840
f 7483 7542 7541
f 7626 7405 7487
f 7629 7432 8121
f 7629 7949 7948
f 8122 7949 8121
f 8123 8121 7432
f 8124 7432 7435
f 7434 8125 7435
f 8125 8124 7435
f 8124 7429 8126
f 8123 8126 8127
f 8122 8127 8128
f 7541 7959 8128
f 7404 8129 7531
f 8125 7431 7430
f 7526 7505 7644
f 7626 7541 8128
f 7959 8122 8128
f 7961 8048 7962
f 7629 8048 7545
f 8127 7626 8128
f 7402 8126 7403
f 8129 8126 7429
f 7428 8129 7429
f 7589 7428 7590
f 7471 7366 7606
f 7334 7426 7357
f 7335 7357 7356
f 7616 7446 7445
f 7392 7398 7426
f 7393 7397 7392
f 7342 7394 7393
f 7344 7469 7342
f 7343 7361 7360
f 7360 7344 7343
f 7363 7345 7360
f 7437 7575 7363
f 7582 7437 7639
f 7421 7639 7602
f 7375 7602 7601
f 7599 7375 7601
f 7465 7618 7617
f 7332 7587 7340
f 7447 7335 7445
f 7445 7356 7616
f 7359 7616 7356
f 7636 7442 7359
f 7588 7443 7636
f 7589 7605 7588
f 7590 7606 7589
f 7471 7591 7472
f 7446 7371 7374
f 7371 7372 7374
f 7422 7370 7424
f 7577 7424 7580
f 7536 7580 7533
f 7591 7635 7472
f 7607 7386 7635
f 7543 7494 7527
f 7547 7543 7522
f 7608 7387 7386
f 7387 7416 7385
f 7457 7382 7417
f 7557 7417 7554
f 7559 7554 7553
f 7630 7553 7534
f 7534 7586 7630
f 7466 7337 7599
f 7465 7338 7466
f 7617 7587 7465
f 7341 7617 7343
f 8130 6090 8131
f 6023 8132 8133
f 6182 8133 6784
f 6623 6792 6185
f 6787 6182 6784
f 8134 6696 6787
f 6917 6756 8135
f 6762 7112 6763
f 6762 6184 6759
f 6765 6185 6184
f 6650 6768 6647
f 6772 6916 7259
f 6777 6789 6788
f 6022 6788 8132
f 6756 8134 8135
f 6758 6771 6770
f 6761 6775 7112
f 6769 6621 6766
f 6772 6767 6773
f 6174 6760 6759
f 6187 6178 6670
f 6811 6648 6812
f 6786 6724 6779
f 6791 6918 6885
f 6186 6179 6178
f 6808 8133 8132
f 6884 8135 8134
f 6174 6670 6171
f 6807 6784 8133
f 6791 8132 6788
f 6786 8134 6787
f 6790 6172 6918
f 6649 6792 6650
f 6316 8136 6717
f 8137 6654 8138
f 8139 6601 6160
f 6656 6580 6870
f 6868 8142 6865
f 6316 6711 6313
f 6864 8144 6861
f 6864 8145 6860
f 6868 6869 6710
f 6656 6866 6653
f 8146 8148 8149
f 8139 8151 6640
f 8152 6866 6865
f 8154 8138 6654
f 6874 8156 8157
f 8158 8159 6805
f 8160 6865 8142
f 8161 6313 6711
f 6161 8162 8163
f 8164 6654 6653
f 8153 6653 6866
f 8165 8167 8168
f 8166 8169 8167
f 5989 8170 8169
f 5988 8171 8170
f 8172 6043 6042
f 8174 6032 6035
f 8174 6098 8176
f 8176 6796 8177
f 8177 8178 8179
f 7132 6728 7133
f 6589 8180 7136
f 8180 6004 8181
f 8181 6007 8182
f 6334 6731 6734
f 6079 6645 6731
f 6078 6646 6645
f 6085 8184 6646
f 6091 8185 6093
f 6086 8183 6085
f 6950 7118 7070
f 6952 6992 7127
f 6983 6968 7103
f 6987 7004 7099
f 7001 6979 6978
f 7001 7074 6998
f 7262 7075 7074
f 7264 7127 7075
f 7265 6943 6972
f 7265 6991 6990
f 7266 7070 6991
f 6949 7119 7118
f 7267 6939 7119
f 6983 7099 6940
f 7268 6985 8186
f 7000 8186 6979
f 6938 6985 6984
f 6946 6922 6921
f 6956 6948 6947
f 6971 6928 6927
f 6970 6954 6928
f 6973 6921 6925
f 6977 7263 7105
f 6981 7061 7060
f 6973 7117 6972
f 7097 6979 8186
f 7104 6927 7101
f 6977 7060 6974
f 6976 6944 7263
f 6956 7066 6953
f 6937 8186 6985
f 6938 7101 6935
f 6924 7116 7297
f 6926 7297 7068
f 6930 6962 7304
f 6934 6953 7066
f 6960 6936 6935
f 6963 6928 6954
f 6967 6975 6974
f 7063 7327 7331
f 6959 7096 6936
f 6926 7066 6925
f 7102 7304 7125
f 6967 7331 6964
f 6966 6922 6975
f 7062 7064 7327
f 6963 6932 6961
f 7102 6935 7101
f 7299 7269 8187
f 7301 6932 6931
f 7306 7285 7284
f 7308 6962 6961
f 7315 7284 7309
f 7317 7312 7311
f 7319 6964 7331
f 7322 7297 7116
f 7317 7116 6965
f 7308 7303 7307
f 7326 6958 6957
f 7329 7291 7290
f 7328 7324 7291
f 7301 8187 7302
f 7319 7290 7318
f 7326 7309 7323
f 7272 7321 7275
f 7272 8187 7269
f 7274 7302 8187
f 7281 7307 7303
f 7283 7593 7594
f 7289 7324 7323
f 7293 7330 7294
f 7293 7318 7290
f 7310 7594 7637
f 7314 7595 7320
f 7282 7279 7593
f 7278 7277 7276
f 7314 7270 7311
f 7313 7295 7595
f 7288 7291 7324
f 7289 7637 7286
f 6003 6626 6136
f 6003 7165 6000
f 6690 8189 6691
f 6686 5981 5980
f 6685 6096 5981
f 6687 6806 6096
f 6002 5980 6626
f 6606 5351 5350
f 7164 8190 8191
f 8192 7174 8193
f 6015 8153 8152
f 6189 8155 8154
f 8157 6284 6283
f 6332 8152 8160
f 6593 6317 8161
f 6658 8154 8164
f 6014 8164 8153
f 6332 7131 6333
f 6805 6321 6052
f 6146 8162 6625
f 6607 8195 6604
f 8196 6125 8197
f 8198 7168 8199
f 8199 6633 8200
f 7177 8201 7178
f 8202 8204 8205
f 7208 7185 7205
f 7237 7186 7208
f 6819 7230 7237
f 6818 6824 6819
f 8206 6821 6818
f 8207 8135 8208
f 6917 8209 6916
f 8209 7259 6916
f 8210 6647 7259
f 6812 8212 7258
f 6809 7258 7257
f 6809 8213 6113
f 6113 8214 6110
f 7235 6110 8214
f 7223 7234 6147
f 6147 8215 6148
f 6148 8216 6153
f 8218 6158 8217
f 8219 6116 6119
f 6284 6116 6285
f 6188 8156 8155
f 8155 6873 8138
f 8138 6872 8137
f 8137 8148 6581
f 6193 6281 6190
f 6190 6278 6195
f 8220 8222 8223
f 8224 7139 7138
f 6223 8226 8227
f 6237 8228 8229
f 6238 8227 8230
f 6249 8231 8232
f 6253 8233 8234
f 6236 8221 8228
f 6331 8230 8235
f 6252 8236 8233
f 6222 8229 8226
f 6828 8237 8238
f 6280 8240 8241
f 8208 6883 8206
f 6648 8211 8212
f 6143 8242 8243
f 6624 8244 8242
f 8245 8247 8248
f 8249 8251 8252
f 7195 8254 7196
f 7214 8253 7195
f 8256 7214 7213
f 7243 8257 7244
f 7210 8257 7211
f 8259 6102 8260
f 8261 6121 8262
f 8178 8263 8179
f 7132 8264 8263
f 6797 8265 8264
f 6135 8266 8265
f 6134 8267 8266
f 6151 8268 8267
f 6154 8270 8268
f 8269 8272 8270
f 7194 8273 8274
f 7193 8275 8273
f 8249 8260 8276
f 8248 8278 8245
f 6129 8279 8280
f 7169 8197 6125
f 8198 8192 8197
f 7171 7175 7173
f 6589 7129 6587
f 6801 6040 7129
f 6037 6041 6040
f 6036 6659 6041
f 6131 6118 6659
f 6156 6119 6118
f 8218 6119 6155
f 8219 6815 6642
f 7191 6641 6814
f 8246 7189 7191
f 8245 8281 8282
f 8280 6288 6287
f 6125 7170 7169
f 6288 6602 6123
f 6126 6604 8195
f 8196 6605 6604
f 7174 6691 8189
f 6691 6139 6692
f 7171 8283 7172
f 7172 8284 6142
f 6139 8284 6692
f 8285 8287 8288
f 8211 8289 8286
f 8290 8292 8289
f 8293 8291 8290
f 8293 8208 8295
f 8296 8298 8295
f 6818 8296 8206
f 8285 7258 8212
f 7243 7212 7211
f 7243 8300 8299
f 8301 6739 6738
f 8302 7213 7247
f 8303 7247 6168
f 8304 6168 6167
f 6738 8297 8301
f 8288 6167 6170
f 8304 8291 8305
f 8305 8294 6737
f 6737 8306 8305
f 6736 8307 8306
f 8243 8308 8309
f 8242 8282 8308
f 8247 7191 7190
f 7196 8251 7192
f 8253 8311 8254
f 8255 8310 8253
f 8313 8255 8256
f 7244 8313 8307
f 8313 8258 8312
f 8312 8314 8310
f 8315 8310 8314
f 8311 8316 8252
f 8282 8317 8308
f 8308 8261 8309
f 8309 8262 8318
f 8248 8275 8276
f 8282 8246 8245
f 8307 8256 8302
f 8306 8302 8303
f 8305 8303 8304
f 8298 6737 8294
f 8287 8304 6167
f 7253 7199 7198
f 8319 6028 7199
f 8320 6029 6028
f 8321 7184 6029
f 8322 7185 7184
f 8203 7205 7185
f 8202 7206 7205
f 7239 7210 7209
f 7251 8319 7253
f 7227 8320 8319
f 7217 8321 8320
f 7216 8322 8321
f 7236 8203 8322
f 6175 8200 7204
f 7165 8191 6177
f 6137 7166 6138
f 6200 8283 6137
f 6199 8284 8283
f 8284 6205 6692
f 6205 6689 6692
f 6689 5485 3833
f 7009 8323 7107
f 7013 7021 7020
f 7017 7029 7028
f 7013 7110 7010
f 7073 7084 7089
f 7081 7093 7092
f 7082 7028 7025
f 7088 6995 6994
f 7088 7057 7085
f 7122 7043 7042
f 7124 7024 7126
f 7082 7024 7123
f 7009 7042 7006
f 7012 7126 7021
f 7115 7015 7057
f 7008 7058 8323
f 7081 7120 7078
f 7073 7079 7071
f 6997 7076 7113
f 7023 6942 6941
f 7027 7069 7038
f 7031 6989 6988
f 7079 7033 7032
f 7037 7107 8323
f 7027 7126 7024
f 7041 7029 7114
f 7026 6988 7069
f 7100 6941 7098
f 7108 7002 7019
f 7100 8323 7058
f 6997 7114 6994
f 7022 7039 6942
f 7111 7033 7255
f 7035 7260 7032
f 7261 6996 7260
f 7108 7120 7106
f 7245 8258 7210
f 7246 8314 7245
f 7181 8316 7182
f 8277 6129 8278
f 8278 8280 8281
f 6287 8281 8280
f 6122 8317 6287
f 5487 6144 5488
f 5489 6162 5490
f 6637 8325 8326
f 8326 8225 8224
f 5494 8225 5495
f 6160 8150 8139
f 5496 8151 5497
f 8163 6162 6161
f 6146 8327 8163
f 8243 6144 6143
f 8328 8309 8318
f 8318 5501 5500
f 8262 5502 5501
f 8329 8331 8332
f 8333 8335 8336
f 8338 6007 8337
f 8329 8339 8340
f 8341 6734 8330
f 6006 8337 6007
f 8342 6804 6800
f 6065 8339 8343
f 5995 8341 8340
f 6918 6166 6165
f 7221 6166 6880
f 6172 6880 6166
f 8344 5955 6713
f 5519 5975 5520
f 6806 8346 6695
f 6646 8347 6643
f 8165 8349 6323
f 6322 8131 6090
f 8345 6688 8351
f 6695 5975 5974
f 5976 5528 6713
f 5529 8131 5530
f 6643 8352 8168
f 8183 5532 8184
f 5534 8130 5529
f 6730 5533 8183
f 8351 6093 8185
f 5535 6594 3856
f 8353 6652 6651
f 8354 8355 8356
f 8357 6825 6202
f 8359 6202 6201
f 6224 8356 8360
f 6275 8362 6276
f 6201 7143 8359
f 7146 8359 7143
f 8357 8363 8364
f 8355 8366 8367
f 8361 8368 8362
f 8356 8367 8369
f 8370 8372 7142
f 8220 7145 8374
f 6275 6228 6231
f 5558 6228 6274
f 8375 8367 8366
f 8362 8376 8377
f 8378 8380 8381
f 8363 8382 8383
f 8384 8381 8385
f 8382 8386 8385
f 8383 8364 8363
f 6226 6231 6230
f 6231 8361 6275
f 6636 8389 8379
f 6635 8388 6636
f 8390 5576 5575
f 8379 6232 6636
f 8378 6233 6232
f 8384 8371 6233
f 8372 8393 7141
f 7138 8239 8224
f 8224 8394 8326
f 8146 8394 6282
f 6638 8326 8394
f 6340 6299 6298
f 6747 6577 6576
f 6344 6346 6345
f 6342 6355 6303
f 6353 6349 6297
f 6337 6369 8395
f 6360 6328 6327
f 6358 6386 6385
f 6364 6293 6295
f 6362 6376 6373
f 6366 6297 6296
f 6350 6372 6370
f 6533 6303 6302
f 6534 6346 6343
f 6744 6533 6302
f 6536 6747 6576
f 6357 6894 6386
f 6341 6832 6355
f 6839 6292 6291
f 6837 6380 6379
f 6838 6354 6292
f 6361 6377 6376
f 6363 6296 6293
f 6365 6373 6372
f 6359 6291 6328
f 6836 6385 6380
f 6481 6902 6544
f 6484 6501 6500
f 6477 6487 6474
f 6849 6492 6491
f 6494 6467 6466
f 6547 6544 6543
f 6750 6546 6547
f 6494 6751 6750
f 6843 6500 6846
f 6845 6575 6843
f 6489 6847 6853
f 6474 6491 6490
f 6483 6906 6501
f 6493 6465 6490
f 6471 6544 6902
f 6472 6485 6473
f 6476 6461 6460
f 6470 6542 6545
f 6570 6569 6749
f 6495 6463 6493
f 6475 6462 6461
f 6572 6477 6476
f 6574 6457 6456
f 6569 6543 6545
f 6575 6473 6485
f 6471 6901 6448
f 6469 6508 6513
f 6498 6479 6478
f 6503 6518 6517
f 6489 6505 6486
f 6467 6509 6468
f 6546 6498 6478
f 6549 6752 6753
f 6752 6466 6469
f 6503 6846 6500
f 6850 6844 6846
f 6507 6852 6525
f 6486 6509 6849
f 6502 6909 6518
f 6858 6664 6307
f 8396 6611 6610
f 6833 6324 6216
f 8399 6825 8400
f 6831 8401 8402
f 6707 6826 8399
f 8398 6890 6324
f 6858 8404 6554
f 8405 6610 6876
f 6830 6553 8401
f 8397 6911 6611
f 8400 8358 8365
f 8358 8364 8406
f 8406 8387 8407
f 8389 8380 8379
f 8389 8409 8377
f 8388 8410 8409
f 5575 8410 8390
f 6665 8411 6875
f 8412 6720 6721
f 8413 5601 6720
f 8411 8413 8412
f 6262 6290 6263
f 5602 8414 5604
f 6599 3735 5605
f 7141 7142 8372
f 8393 8241 8240
f 8227 7147 7151
f 8229 8374 7148
f 8230 7151 7153
f 8232 8415 8416
f 8234 8417 8418
f 8221 8374 8228
f 8235 7153 8419
f 8233 8420 8417
f 8226 7148 7147
f 8238 8421 8422
f 7141 8240 7138
f 6581 6655 8137
f 6640 8140 8139
f 6710 8141 6868
f 6717 6712 6316
f 6860 8143 6864
f 6870 6867 6656
f 6717 6726 6714
f 6870 6192 6115
f 6860 6050 6059
f 6710 6025 6024
f 6639 6871 8140
f 6640 8324 6637
f 6581 8147 6193
f 5615 6234 8370
f 7144 8374 7145
f 7144 6210 7149
f 7150 6210 6209
f 7152 6209 6329
f 7152 8419 7153
f 7154 8421 8419
f 7158 8415 8422
f 7160 8420 8416
f 7162 8418 8417
f 7161 5616 8418
f 8370 6233 8371
f 8373 7146 7145
f 8392 8386 8223
f 8391 8372 8371
f 5617 6713 5528
f 5973 3355 5972
f 8345 5619 8346
f 3880 6910 5621
f 8351 5620 8345
f 8346 5520 5975
f 5621 6911 5623
f 5622 8185 5534
f 8150 5497 8151
f 8423 8425 8426
f 8427 6519 8428
f 8429 8431 8432
f 6523 8433 6526
f 8434 8436 8437
f 8438 8434 8439
f 8438 6511 6528
f 8441 8424 8423
f 8427 8430 8429
f 8444 8445 8446
f 8447 8424 8448
f 8449 8444 8450
f 8451 8430 8452
f 8453 8454 8455
f 8456 8437 8453
f 8439 8456 8457
f 8448 8442 8458
f 8452 8443 8449
f 8425 8459 8446
f 8460 8462 8463
f 8464 8466 8467
f 8468 8470 8471
f 8472 8474 8475
f 8476 8478 8479
f 8480 8482 8483
f 8484 8486 8487
f 8485 8489 8486
f 8490 8481 8480
f 8492 8494 8495
f 8495 8496 8497
f 8498 8500 8501
f 8502 8500 8503
f 8504 8506 8507
f 8508 8510 8511
f 8513 8511 8512
f 8507 8514 8515
f 8516 8518 8519
f 8520 8516 8521
f 8522 8524 8525
f 8526 8522 8525
f 8528 8530 8531
f 8532 8529 8533
f 8534 8536 8537
f 8538 8534 8537
f 8464 8481 8465
f 8483 8541 8480
f 8542 8484 8467
f 8487 8540 8483
f 8488 8542 8544
f 8545 8486 8489
f 8481 8466 8465
f 8547 8489 8490
f 8548 8493 8471
f 8549 8502 8492
f 8551 8494 8548
f 8497 8552 8495
f 8469 8499 8470
f 8547 8497 8498
f 8469 8503 8500
f 8501 8550 8545
f 8460 8507 8461
f 8552 8506 8505
f 8554 8510 8463
f 8549 8505 8509
f 8554 8512 8511
f 8513 8550 8508
f 8461 8515 8462
f 8557 8513 8514
f 8558 8519 8479
f 8559 8527 8518
f 8521 8558 8561
f 8553 8517 8520
f 8477 8524 8478
f 8520 8557 8553
f 8476 8525 8477
f 8527 8556 8522
f 8563 8528 8475
f 8564 8531 8565
f 8533 8563 8566
f 8562 8530 8532
f 8473 8536 8474
f 8559 8532 8535
f 8472 8537 8473
f 8560 8539 8564
f 8463 8555 8554
f 8544 8467 8466
f 8470 8548 8471
f 8475 8566 8563
f 8479 8561 8558
f 8484 8483 8482
f 8490 8488 8491
f 8503 8492 8502
f 8498 8496 8499
f 8504 8509 8505
f 8515 8513 8512
f 8519 8527 8526
f 8521 8523 8520
f 8528 8539 8538
f 8533 8535 8532
f 8467 8482 8464
f 8487 8546 8543
f 8544 8491 8488
f 8480 8547 8490
f 8493 8468 8471
f 8495 8549 8492
f 8551 8499 8496
f 8501 8547 8498
f 8460 8510 8504
f 8508 8549 8509
f 8555 8515 8512
f 8506 8557 8514
f 8519 8476 8479
f 8517 8559 8518
f 8561 8524 8521
f 8522 8557 8523
f 8475 8538 8472
f 8567 8531 8530
f 8566 8536 8533
f 8560 8535 8534
f 8442 8568 8569
f 6512 8568 6754
f 8570 8571 8572
f 8426 6514 8423
f 8428 8443 8427
f 6522 8432 6523
f 8437 8433 8454
f 6524 8435 6527
f 6528 8435 8438
f 8423 6550 8441
f 8429 6516 8427
f 6515 8445 6908
f 8441 6754 8568
f 8570 8569 8568
f 8440 6512 6511
f 8569 8458 8442
f 8574 8572 8571
f 8572 8573 8569
f 8453 8577 8456
f 8576 8455 8578
f 8452 8580 8451
f 8573 8582 8458
f 8575 8581 8573
f 8584 8575 8574
f 8571 8457 8574
f 8439 8440 8438
f 8585 8587 8588
f 8587 8590 8588
f 8589 8592 8590
f 8591 8594 8592
f 8593 8596 8594
f 8595 8598 8596
f 8599 8586 8585
f 8601 8600 8599
f 8603 8602 8601
f 8605 8598 8597
f 8607 8604 8603
f 8609 8608 8607
f 8611 8610 8609
f 8606 8612 8611
f 8613 8589 8587
f 8614 8591 8589
f 8615 8593 8591
f 8616 8595 8593
f 8617 8597 8595
f 8619 8617 8616
f 8620 8618 8617
f 8620 8623 8621
f 8624 8626 8627
f 8626 8622 8627
f 8620 8628 8622
f 8622 8629 8627
f 8627 8630 8624
f 8632 8634 8631
f 8636 8633 8635
f 8637 8636 8635
f 8639 8632 8640
f 8633 8641 8635
f 8635 8642 8637
f 8642 8644 8637
f 8645 8637 8644
f 8586 8613 8587
f 8600 8646 8586
f 8616 8648 8619
f 8615 8649 8648
f 8613 8649 8614
f 8651 8613 8646
f 8647 8651 8646
f 8652 8654 8651
f 8602 8647 8600
f 8655 8652 8647
f 8656 8653 8652
f 8653 8659 8654
f 8658 8661 8659
f 8644 8663 8645
f 8664 8662 8665
f 8661 8666 8659
f 8666 8654 8659
f 8667 8651 8654
f 8668 8597 8618
f 8669 8618 8621
f 8670 8621 8623
f 8671 8623 8626
f 8671 8625 8672
f 8625 8673 8672
f 8636 8675 8634
f 8638 8674 8636
f 8645 8676 8638
f 8645 8678 8677
f 8679 8660 8658
f 8657 8658 8653
f 8583 8648 8649
f 8650 8583 8649
f 8667 8581 8650
f 8666 8582 8667
f 8664 8681 8666
f 8682 8665 8683
f 8684 8643 8642
f 8684 8641 8579
f 8639 8579 8641
f 8580 8640 8578
f 8629 8576 8630
f 8604 8655 8602
f 8608 8686 8604
f 8610 8687 8608
f 8612 8688 8610
f 8605 8689 8612
f 8690 8668 8669
f 8691 8689 8690
f 8692 8688 8691
f 8693 8687 8692
f 8656 8686 8693
f 8694 8669 8670
f 8695 8690 8694
f 8696 8691 8695
f 8697 8692 8696
f 8657 8693 8697
f 8697 8679 8657
f 8696 8698 8697
f 8696 8700 8699
f 8694 8700 8695
f 8670 8701 8694
f 8702 8671 8672
f 8701 8703 8700
f 8703 8699 8700
f 8699 8705 8698
f 8698 8680 8679
f 8672 8706 8702
f 8675 8707 8708
f 8674 8709 8707
f 8709 8677 8710
f 8677 8711 8710
f 8712 8710 8711
f 8702 8714 8703
f 8713 8714 8715
f 8707 8716 8717
f 8717 8713 8715
f 8710 8716 8709
f 8708 8717 8715
f 8546 8599 8543
f 8546 8603 8601
f 8550 8603 8545
f 8556 8607 8550
f 8560 8609 8556
f 8564 8611 8560
f 8565 8606 8564
f 8565 8596 8598
f 8567 8594 8596
f 8562 8592 8594
f 8553 8590 8592
f 8590 8541 8588
f 8540 8588 8541
f 8543 8585 8540
f 8684 8450 8685
f 8579 8449 8684
f 8682 8448 8681
f 8447 8683 8459
f 8681 8458 8582
f 8628 8619 8718
f 8584 8619 8648
f 8628 8577 8629
f 8457 8577 8718
f 8574 8718 8584
f 7134 6919 7135
f 6164 6919 6783
f 5485 6609 5921
f 3832 8188 6690
f 5921 6221 3354
f 5922 7128 6607
f 6439 8720 6440
f 8720 6570 6749
f 6570 8721 6464
f 6439 8721 8719
f 6727 6057 6312
f 6312 6073 6247
f 6828 6073 6072
f 6877 6267 6745
f 6745 6299 6744
f 6891 6305 6889
f 6338 6746 6339
f 6438 6410 6435
f 6412 6440 6748
f 6564 6424 6565
f 6842 6577 8395
f 6889 6829 7156
f 6579 6564 6563
f 6435 6565 6424
f 8722 6306 6891
f 8723 6058 6727
f 6269 6878 6879
f 7160 6829 6598
f 8724 8143 8725
f 8238 6248 6828
f 6339 6744 6299
f 8395 6338 6337
f 6879 8404 8726
f 8422 8231 8238
f 8725 6859 8723
f 8416 7157 7160
f 6059 6049 6056
f 6330 6049 6048
f 7156 6259 6889
f 6269 6264 6266
f 6297 6264 6241
f 6340 6351 6337
f 6368 8395 6369
f 6422 6559 6423
f 6436 6404 6437
f 6447 6438 6437
f 6424 6436 6435
f 6331 6099 6330
f 6422 6842 6368
f 8722 6856 8726
f 8141 6862 8142
f 6265 6617 6242
f 6324 6259 6258
f 7158 6260 7156
f 6709 6863 8141
f 8235 6827 6331
f 6298 6352 6340
f 6370 6351 6350
f 6891 8403 8722
f 8419 8237 8235
f 6051 8145 6709
f 8422 7155 7158
f 8721 6446 6464
f 6748 8720 6749
f 8727 6011 8194
f 8158 8144 8724
f 6009 6861 8144
f 6008 6862 6861
f 8142 8727 8160
f 6554 6893 6858
f 6833 6708 8398
f 6708 8403 8398
f 5623 6892 4042
f 8406 8365 8358
f 8407 8366 8406
f 8377 8408 8389
f 8397 6530 6529
f 6651 8400 8353
f 8402 6616 6615
f 6618 8399 6651
f 6554 6878 6551
f 8396 6854 6530
f 8401 6552 6616
f 6892 6529 6743
f 8353 8365 8355
f 8377 6276 8362
f 8409 6277 6276
f 8410 5932 6277
f 8726 6857 8722
f 8726 6855 6879
f 7234 6106 8215
f 8279 6127 6288
f 8354 6227 6652
f 6246 6619 6289
f 8239 6282 8394
f 8162 6286 6625
f 6292 6246 6289
f 6382 6377 6379
f 6392 6396 6393
f 6396 6427 6428
f 6398 6443 6459
f 6459 6458 6460
f 6525 6523 6526
f 6558 6271 6555
f 6429 6560 6561
f 6460 6572 6476
f 6272 3736 3735
f 7128 6602 8195
f 6227 6244 6652
f 7180 6634 6103
f 6642 6285 8219
f 6356 6740 6614
f 6816 8218 8217
f 6820 8301 6817
f 6355 6741 6356
f 6344 6834 6341
f 6364 6840 6361
f 6375 6560 6415
f 6848 6488 6477
f 6853 6506 6489
f 6530 6740 6531
f 8140 6874 6601
f 6555 6831 6876
f 8215 6881 8216
f 6348 6894 6345
f 6383 6896 6417
f 6433 6896 6420
f 6432 6898 6390
f 6406 6898 6407
f 6900 6387 6899
f 6900 6448 6901
f 6472 6903 6482
f 6480 6903 6902
f 6497 6906 6479
f 6908 6518 6909
f 4280 6120 6603
f 6100 7170 6128
f 6632 7188 8201
f 7235 7201 7200
f 7206 7212 7207
f 8213 7232 7231
f 8214 7231 7201
f 6108 7200 7203
f 7238 8300 6820
f 7207 8299 7238
f 8205 7240 8202
f 6170 7232 7256
f 6638 8149 6639
f 6601 8157 6600
f 6600 6283 8162
f 8392 8222 8393
f 6278 8241 6279
f 6816 8274 6813
f 6642 6814 6641
f 6128 6124 8279
f 8195 6127 6126
f 8212 8286 8285
f 8292 8286 8289
f 8290 8210 8209
f 8207 8290 8209
f 8294 8295 8298
f 8206 8295 8208
f 6817 8297 8296
f 8288 7256 8285
f 7209 7240 7239
f 6225 8360 8361
f 8369 8360 8356
f 8375 8368 8369
f 8381 8387 8383
f 8385 8383 8382
f 8385 8391 8384
f 8147 6282 6281
f 6345 6835 6344
f 6327 6834 6360
f 6295 6841 6364
f 6379 6840 6837
f 6853 6845 6844
f 6479 6905 6480
f 6848 6571 6573
f 6452 6904 6472
f 6525 6851 6520
f 6496 6907 6497
f 8402 6876 6831
f 8408 8387 8380
f 6279 8222 8221
f 6872 8149 8148
f 8223 8373 8220
f 6526 8436 6524
f 8446 8426 8425
f 8455 8431 8451
f 8446 8450 8444
f 8454 8432 8431
f 6908 8428 6519
f 8578 8451 8580
f 8632 8625 8624
f 8640 8624 8630
f 8660 8662 8661
f 8662 8643 8665
f 8675 8631 8634
f 8680 8663 8660
f 8683 8643 8685
f 8578 8630 8576
f 8673 8708 8706
f 8678 8705 8711
f 8711 8704 8712
f 8706 8715 8714
f 8703 8712 8704
f 8459 8685 8450
f 8407 8376 8375
f 6615 8405 8402
f 5993 6335 5994
f 6060 6018 5991
f 5993 6081 6080
f 6105 6176 6702
f 6177 6000 7165
f 6309 6310 6251
f 8725 6314 8724
f 8724 6318 8158
f 6321 6053 6052
f 6249 6310 6247
f 6596 6257 6597
f 8188 6605 8189
f 5986 6682 6060
f 6714 6311 6309
f 6047 6086 6081
f 6875 6304 6665
f 6001 6912 5983
f 7162 6597 6257
f 7254 6912 6704
f 6684 7163 7254
f 8723 6315 8725
f 6592 6318 6317
f 8332 8171 8728
f 6607 5350 5922
f 8191 8198 8199
f 8197 8193 8196
f 8159 6319 6321
f 8232 6595 6249
f 8192 7173 7175
f 8189 8193 7174
f 6177 8199 6175
f 6733 8330 6734
f 8340 8330 8329
f 8341 6335 6334
f 8412 6875 8411
f 8414 6273 6599
f 8416 8236 8232
f 6727 8136 8723
f 8417 7159 7162
f 6277 5558 6274
f 5935 6635 6235
f 5991 6061 6060
f 6019 6682 6681
f 5999 6033 5996
f 6045 6677 6680
f 6055 6083 7130
f 5995 6063 5992
f 6084 6053 6046
f 6088 5989 8166
f 6063 6046 5992
f 6066 6034 5999
f 6103 7181 7180
f 6673 6133 6132
f 6149 6153 6152
f 6323 8166 8165
f 6585 6083 6082
f 6630 6702 6176
f 6634 7168 7167
f 6676 6152 6133
f 6703 6628 7248
f 6796 6728 8178
f 6069 6097 6066
f 6132 6674 6673
f 6803 6800 6804
f 6011 6055 7130
f 6799 6582 6585
f 7194 6881 6882
f 7131 6583 6333
f 6798 6913 6674
f 7179 8204 7236
f 7183 7246 7242
f 7188 7242 7241
f 6109 7192 6882
f 7204 6176 6175
f 7219 6628 6627
f 7218 7248 6628
f 7179 6627 7176
f 7250 6704 6703
f 7228 7249 7248
f 6678 7249 6679
f 5997 7251 5998
f 8168 6644 6643
f 8167 6732 6644
f 8169 6733 6732
f 8170 8331 6733
f 8336 8173 8172
f 8182 8175 8174
f 8182 8176 8181
f 8181 8177 8180
f 8180 8179 7136
f 7133 6590 6913
f 7130 8194 6011
f 8200 6632 7177
f 7178 8205 8204
f 8269 6153 8216
f 8254 8252 8251
f 8260 6101 8277
f 8179 6802 7136
f 8263 6038 6802
f 8264 6039 6038
f 8265 6130 6039
f 8266 6157 6130
f 8267 6158 6157
f 8268 8217 6158
f 8270 6816 8217
f 6813 8273 7190
f 8273 8247 7190
f 8276 8277 8248
f 7192 8250 7193
f 8252 8259 8249
f 8276 8250 8249
f 7204 7177 7176
f 7182 8315 7246
f 8343 8334 8333
f 8333 8342 8343
f 8343 6800 6065
f 8340 6064 5995
f 6323 8350 6322
f 8168 8348 8165
f 8349 5936 8350
f 8352 5938 8348
f 6103 7167 6100
f 8271 8216 6881
f 8201 7241 8205
f 8274 8271 7194
f 5991 6017 5988
f 8728 6017 6016
f 5997 6680 6679
f 5996 6045 6680
f 6033 6042 6045
f 6042 8175 8172
f 8172 8338 8336
f 8336 8337 8333
f 6684 6677 6681
f 6681 6044 6019
f 6019 6043 6016
f 6016 8173 8728
f 8728 8335 8332
f 8332 8334 8329
f 8194 8160 8727
f 6805 6009 8158
f 5940 7137 6719
f 8324 5942 8325
f 8325 5495 8225
f 6253 4292 6250
f 7137 5944 6715
f 8348 5937 8349
f 8350 5530 8131
f 5624 6159 5489
f 6718 5940 6719
f 8327 5490 6162
f 8347 5939 8352
f 5933 6121 6120
f 8184 5946 8347
f 7142 5615 8370
f 6145 5945 8327
f 8234 5943 6253
f 8328 5488 6144
f 8318 5948 8328
f 7139 4299 7140
f 8418 5947 8234
f 5604 6599 5605
f 5949 6712 6716
f 5944 6716 6715
f 6720 5950 6255
f 6255 4322 6256
f 5614 6235 6234
f 6711 5951 8161
f 8161 3857 6593
f 5973 2965 3013
f 2965 5963 222
f 222 5960 223
f 223 5958 3186
f 5958 3185 3186
f 5957 2977 3185
f 5970 1213 2977
f 5967 1214 1213
f 2532 5966 5953
f 2894 5953 5952
f 2871 5952 8344
f 5510 5721 5509
f 5822 5824 5823
f 3511 3844 3735
f 3887 3889 3888
f 3876 3878 3877
f 3356 3911 3909
f 3372 3390 3391
f 3849 3851 3850
f 3481 3867 3866
f 3873 3385 3382
f 3875 3450 3452
f 3915 3865 3862
f 3657 3671 3656
f 5618 3013 2152
f 1997 1889 1892
f 1237 744 855
f 1535 120 121
f 1531 201 214
f 1119 1032 984
f 946 824 947
f 163 5 162
f 9041 9175 9193
f 1155 1162 1164
f 427 327 424
f 553 796 498
f 8732 2231 2237
f 8732 2230 2232
f 2237 3180 8732
f 8734 8736 8733
f 8735 8738 8736
f 8737 8740 8738
f 8739 8742 8740
f 8743 8745 8746
f 8746 8747 8748
f 8749 8748 8747
f 8751 8750 8749
f 8754 8756 8753
f 8757 8755 8754
f 8759 8758 8757
f 8761 8760 8759
f 8763 8762 8761
f 8766 8749 8765
f 8765 8747 8767
f 8767 8745 8768
f 8768 8744 8769
f 8744 8771 8769
f 8770 8772 8771
f 8741 8773 8772
f 8739 8774 8773
f 8737 8775 8774
f 8735 8776 8775
f 8776 8777 3184
f 2904 8779 2947
f 8780 2904 2902
f 8781 2902 2876
f 2875 8781 2876
f 8783 2733 2736
f 2825 8786 2824
f 8788 8790 8787
f 8792 8787 8791
f 2724 8785 2825
f 8787 3115 3117
f 8791 3117 3119
f 8794 8765 8793
f 8793 8767 8795
f 8795 8768 8796
f 8796 8769 8797
f 8797 8771 8798
f 8771 8799 8798
f 8772 8800 8799
f 8773 8801 8800
f 8774 8802 8801
f 8775 8803 8802
f 8776 3056 8803
f 8802 2253 2252
f 8801 2252 1727
f 8800 1727 2150
f 8799 2150 1941
f 8804 8799 1941
f 8805 8798 8804
f 8806 8797 8805
f 8807 8796 8806
f 8793 8807 8808
f 8794 8808 8809
f 8810 8809 8808
f 8808 8806 8810
f 8810 8805 8812
f 8813 8810 8812
f 8812 8804 8814
f 8815 8812 8814
f 8814 1941 1360
f 8755 8752 8756
f 8758 8750 8755
f 8760 8748 8758
f 8762 8746 8760
f 8816 8764 8763
f 8818 8820 8817
f 8816 8782 8784
f 8821 8817 8816
f 8789 8783 8786
f 8818 8789 8788
f 8819 8788 8792
f 8822 8819 8823
f 8823 8792 8824
f 8824 8791 2712
f 2712 3119 3128
f 8826 8823 8825
f 8825 8824 8827
f 8827 2712 2711
f 8828 2711 2400
f 8829 8827 8828
f 8830 8825 8829
f 8743 8764 8831
f 8817 8831 8764
f 8770 8743 8831
f 8741 8831 8742
f 8820 8742 8831
f 8740 8822 8826
f 8738 8826 8830
f 8736 8830 8832
f 8833 2400 2402
f 8834 8828 8833
f 8832 8829 8834
f 8835 2402 2707
f 3058 2707 2708
f 3061 8835 3058
f 8836 8833 8835
f 8733 8832 8837
f 8837 8834 8836
f 8777 8733 8838
f 8838 8837 1962
f 8837 3061 1962
f 1961 8838 1962
f 3057 8777 8838
f 8779 8753 8839
f 8778 8754 8779
f 8780 8757 8778
f 8781 8759 8780
f 8782 8761 8781
f 8821 8784 8783
f 8785 8789 8786
f 2723 8790 8785
f 2875 8784 8782
f 2736 8786 8783
f 2947 8839 8944
f 8815 1360 8941
f 1900 1924 1901
f 1736 1718 1750
f 1955 1943 1956
f 1671 1735 1751
f 1696 1698 1692
f 1800 1864 1801
f 2063 2056 2060
f 1737 1717 1736
f 1751 1697 1695
f 943 9351 684
f 9108 8753 9057
f 1577 1764 1703
f 9369 1599 9375
f 1945 82 1944
f 68 7 248
f 147 1543 148
f 1109 1133 1102
f 1503 1907 1908
f 1499 1909 1498
f 452 735 215
f 1824 9287 9297
f 1825 2068 1824
f 1463 1022 1194
f 841 1009 1011
f 1568 1955 1534
f 1926 1927 1923
f 1910 1502 1939
f 1939 422 442
f 309 1940 308
f 1804 1866 1803
f 269 1954 56
f 2065 2060 2056
f 9264 1758 9287
f 280 552 1940
f 1875 1869 1874
f 1739 1734 1737
f 5923 5899 5924
f 1778 1790 1788
f 310 1915 279
f 1909 1906 1954
f 1789 1778 1788
f 978 980 979
f 1584 1731 1583
f 425 311 312
f 148 115 116
f 2044 9346 2046
f 277 1939 551
f 1943 1945 1944
f 1461 1463 1464
f 2253 3056 3055
f 2981 8927 958
f 2209 8927 3055
f 2254 3055 8927
f 2998 958 8927
f 2826 2721 2724
f 8928 2721 2817
f 2816 8928 2817
f 2334 2296 2335
f 2298 2334 2336
f 2301 2336 2338
f 2311 2338 2354
f 2312 2354 2355
f 2359 2361 2360
f 2335 2359 2360
f 2414 2365 2364
f 2413 2361 2365
f 2355 2540 2541
f 2541 2539 2542
f 2722 2739 2738
f 3114 2738 3113
f 3110 3121 3120
f 3108 3120 3113
f 3122 3127 3126
f 3112 3126 3121
f 3127 1753 3135
f 3139 2529 2542
f 9196 3133 3139
f 8928 2740 2739
f 8929 2789 8928
f 228 91 88
f 245 243 242
f 248 247 191
f 2 296 295
f 145 300 267
f 327 210 328
f 329 331 330
f 250 228 236
f 239 240 230
f 373 375 374
f 178 176 175
f 1218 1228 1321
f 9314 1295 9306
f 808 824 823
f 9310 1013 1014
f 9265 1411 1413
f 2154 2159 2160
f 9297 1758 1757
f 306 1922 452
f 2157 1976 1977
f 708 2031 1474
f 1450 1227 1428
f 1672 1605 1624
f 1813 1821 1816
f 1717 1715 1718
f 176 402 347
f 1710 9368 9367
f 1712 1577 1711
f 1705 1711 1704
f 3435 3475 3434
f 971 979 970
f 822 1094 1102
f 2909 2793 2792
f 2810 2795 2793
f 2799 2249 2800
f 9114 2910 2799
f 2769 2801 2795
f 3177 3178 3179
f 3178 3180 3179
f 3181 1393 2800
f 3181 1632 3182
f 3182 2244 3183
f 3183 2243 3180
f 8932 2790 8929
f 2808 8929 2816
f 2239 9016 2240
f 1149 9015 9014
f 1150 9011 9015
f 2202 9010 2015
f 2921 9009 2923
f 9012 2133 2928
f 1777 1759 1792
f 1201 1183 1184
f 9005 2195 2194
f 8997 2770 2768
f 9379 1687 1692
f 1516 154 503
f 8993 2974 2803
f 8994 2779 2778
f 2771 9019 8990
f 3070 8990 9002
f 8991 2775 2867
f 1376 1370 1372
f 2767 9000 2206
f 2195 8987 2767
f 2775 8986 2776
f 8344 8989 2871
f 9256 8983 2806
f 2776 8982 2805
f 2240 8979 2920
f 2920 9121 9071
f 8992 2786 2779
f 1805 1851 1804
f 8978 2787 2786
f 2951 8984 8975
f 2772 8975 9019
f 2973 8974 8980
f 2224 8981 8974
f 1957 320 510
f 306 304 303
f 2770 8972 2913
f 2913 9018 2239
f 2923 8971 2922
f 308 431 47
f 207 132 543
f 1879 1881 1880
f 9185 8969 2089
f 2475 9002 8968
f 2476 8968 8967
f 2223 8967 8981
f 8966 2803 2802
f 2037 11 1950
f 1959 450 505
f 2003 8964 2129
f 9 334 540
f 2009 8962 9011
f 2008 8980 8962
f 9329 673 9331
f 8959 2778 2784
f 2935 8957 2936
f 111 9014 8955
f 3238 3341 3237
f 8954 2935 2938
f 683 9337 943
f 8952 2810 2909
f 736 732 729
f 1795 1803 1796
f 8949 2938 2939
f 8951 2939 2940
f 2950 8948 2949
f 2940 8948 8951
f 9253 8956 2950
f 2868 8946 2869
f 2869 8966 2802
f 1024 1023 1020
f 8944 2948 2947
f 551 442 443
f 2972 9012 2928
f 2032 8943 2972
f 216 1924 1923
f 3532 3482 3533
f 203 201 200
f 3539 3541 3540
f 1828 1847 1837
f 1958 449 450
f 272 178 175
f 2871 8939 1361
f 9071 9008 2921
f 2801 9095 9114
f 2005 9106 2176
f 960 899 962
f 9109 9064 9076
f 9232 9098 3151
f 3151 9045 2555
f 2193 9075 2194
f 9059 3145 3144
f 9055 2761 3145
f 9044 3144 3104
f 2926 9086 3103
f 9086 3104 3103
f 9207 9198 9205
f 566 9210 2005
f 8839 1864 8944
f 1602 2079 2078
f 2868 9063 2922
f 2922 9062 2923
f 2923 9070 2921
f 9122 2918 9066
f 9071 9066 2920
f 2921 9122 9071
f 2920 9038 2240
f 9065 2915 2918
f 2917 9074 9093
f 2916 9093 9094
f 2239 9104 2913
f 2911 9104 2757
f 9095 2911 2910
f 2797 9114 9043
f 2797 9050 2750
f 9074 2763 2765
f 9060 2764 2745
f 2194 9100 2221
f 2221 9101 2222
f 2756 9061 2755
f 2750 9061 2747
f 9121 1817 9279
f 9215 1691 1699
f 2515 9042 2548
f 2548 9045 2550
f 2513 9084 9068
f 2513 9073 2515
f 2509 9072 2289
f 2510 9085 2509
f 2289 9091 2283
f 2283 9069 2286
f 2240 9039 2239
f 9111 9076 9078
f 716 9339 9340
f 727 9213 1923
f 2165 2170 2164
f 9112 9078 9081
f 9195 9030 9209
f 2175 769 770
f 2100 2095 2099
f 9210 9209 9030
f 640 9012 1826
f 1653 8997 1651
f 1895 8974 746
f 746 8981 741
f 1653 8972 9020
f 9214 1604 1672
f 2093 2073 2078
f 959 995 884
f 962 919 986
f 1400 1398 1399
f 1000 1127 1004
f 956 884 885
f 1662 8994 1661
f 2034 8990 1654
f 9378 8983 9254
f 8979 766 1817
f 9016 765 766
f 334 9015 335
f 1868 8984 1656
f 1684 1652 1678
f 1682 775 1807
f 1585 9214 1700
f 9215 1672 1673
f 2173 490 491
f 1658 8991 1752
f 9000 1650 724
f 1571 2010 1572
f 1587 9123 2080
f 2099 2077 2094
f 787 1999 786
f 2000 786 1999
f 3155 9149 9135
f 9165 9135 9241
f 2180 9137 9136
f 8940 9136 9157
f 1684 9292 1651
f 1760 8939 8989
f 2607 9145 2590
f 2581 9141 2607
f 2371 9152 9147
f 2371 9145 2372
f 2587 9127 2586
f 2586 9149 339
f 2497 9139 2503
f 2502 9139 9152
f 2494 9142 2495
f 9142 2472 2495
f 9140 2468 2472
f 9153 2469 2468
f 726 9344 630
f 581 8962 580
f 10 9014 334
f 1837 8954 1849
f 741 8967 1300
f 1299 9002 2034
f 1851 8948 1866
f 8971 1820 1819
f 580 8980 1895
f 1758 8966 8946
f 1693 8952 1806
f 8948 1867 1866
f 1894 9012 8943
f 2126 9265 9293
f 9358 9293 9364
f 2113 9319 2110
f 2179 9241 9137
f 624 9356 623
f 2192 9240 9232
f 2177 9239 9185
f 1364 9285 1338
f 9310 1470 1453
f 3135 9227 9196
f 2069 9287 2068
f 1351 9305 1352
f 2108 9353 499
f 2089 9188 9185
f 9280 1358 866
f 2001 9235 2187
f 2187 9171 2091
f 2130 9204 2004
f 2004 9201 2001
f 2014 9231 2201
f 2201 9208 2130
f 3167 9211 2969
f 3168 9172 3167
f 3159 9216 3160
f 3160 9217 3081
f 9182 3158 337
f 3158 9161 3159
f 2200 9182 9174
f 9137 9194 2204
f 9174 2197 2200
f 9242 2092 9173
f 9226 9173 2197
f 3154 9242 9226
f 3155 9158 3154
f 2091 9173 2092
f 2196 9202 9228
f 2193 9228 9233
f 9056 9233 9240
f 2086 9232 9230
f 2087 9230 9229
f 2204 9203 2205
f 2205 9202 3148
f 9361 574 692
f 2124 9229 9212
f 2208 9212 9234
f 9163 3140 3137
f 9237 3138 3140
f 9197 3139 3138
f 9223 3136 2322
f 9164 3137 3136
f 9227 3131 3133
f 9219 3132 3131
f 1813 9290 1814
f 1293 9308 1344
f 2184 9200 9184
f 2181 9184 9186
f 9217 3079 3081
f 9220 3080 3079
f 709 9327 2031
f 2774 9189 9221
f 9238 2134 9003
f 9261 766 765
f 2968 9218 2959
f 2969 9236 2968
f 2958 9189 2961
f 2132 9218 2960
f 2321 9223 9200
f 9312 1449 28
f 9357 582 710
f 9338 577 574
f 9299 1818 9279
f 705 9339 2121
f 9268 9359 698
f 2111 9363 2113
f 9262 1366 1411
f 1812 9274 1815
f 675 9304 674
f 8940 9303 675
f 2110 9320 2109
f 2104 9353 2106
f 2109 9351 944
f 9294 703 739
f 1680 9298 1684
f 1639 9271 9270
f 623 9358 697
f 2139 9318 9317
f 1808 9296 9289
f 9272 1819 1820
f 9324 9352 706
f 1646 9282 1648
f 9341 633 577
f 2139 9327 18
f 2156 9323 9326
f 674 9365 9321
f 2117 9264 2069
f 1815 9299 9275
f 9307 1444 1470
f 697 9364 9268
f 866 9288 9280
f 9316 2136 2135
f 9037 9178 9041
f 9035 9183 9037
f 9205 9190 9191
f 9192 9033 9195
f 1088 9198 1093
f 9191 9195 9205
f 2791 8933 2792
f 8932 2807 8933
f 2792 8934 2909
f 8933 2806 8934
f 8952 8934 8960
f 8960 2806 8983
f 2948 9243 9253
f 2105 9348 2104
f 8982 9256 2805
f 680 9328 683
f 1891 9362 9343
f 2905 9253 2950
f 2900 9251 2905
f 2901 9259 2877
f 2734 9258 9246
f 2877 9258 2878
f 2820 9246 2872
f 2818 9244 2827
f 2823 9244 2826
f 2822 9250 2821
f 2819 9252 9250
f 2817 9247 2816
f 2809 9247 2815
f 2808 9255 2807
f 2805 9255 2804
f 1702 9375 1599
f 9374 1797 1802
f 9367 1706 1709
f 9370 1692 1698
f 1657 9332 1879
f 1890 9347 9362
f 9224 1674 1675
f 1689 9224 9225
f 9378 8982 1688
f 8960 1689 9225
f 9369 1703 1764
f 1598 9380 1770
f 9332 1876 1879
f 1691 9377 9379
f 9377 1688 1687
f 1117 1118 9382
f 1066 1322 9382
f 1243 847 9382
f 9277 848 9382
f 1128 1117 9382
f 1129 1130 9382
f 841 1011 9382
f 1230 9315 9382
f 1242 1243 9382
f 1322 1229 9382
f 1064 1065 9382
f 1003 1128 9382
f 1229 1230 9382
f 9315 1285 9382
f 1285 1288 9382
f 848 839 9382
f 847 9277 9382
f 1118 1129 9382
f 1065 1066 9382
f 1087 1086 9382
f 1008 1002 9382
f 1011 1008 9382
f 1002 1003 9382
f 1076 1069 9382
f 838 841 9382
f 839 838 9382
f 1288 1242 9382
f 1130 1087 9382
f 1086 1076 9382
f 1069 1064 9382
f 2410 2414 9383
f 2411 2410 9383
f 9069 2285 9383
f 2394 2393 9383
f 2393 2396 9383
f 2281 2286 9383
f 2282 2280 9383
f 2398 2399 9383
f 2465 2464 9383
f 2396 2397 9383
f 2470 2469 9383
f 2399 2416 9383
f 2480 2395 9383
f 2459 2480 9383
f 2369 2282 9383
f 2460 2459 9383
f 2415 2411 9383
f 2416 2415 9383
f 2364 2363 9383
f 2286 9069 9383
f 2464 2470 9383
f 2469 9155 9383
f 2285 2465 9383
f 2414 2364 9383
f 2395 2394 9383
f 2363 2367 9383
f 2397 2398 9383
f 2280 2281 9383
f 9155 2460 9383
f 2367 2369 9383
f 9386 9389 9390
f 9386 9391 9387
f 9384 9389 9385
f 9390 9395 9391
f 9389 9392 9393
f 9389 9394 9390
f 9394 9399 9395
f 9393 9396 9397
f 9394 9397 9398
f 9399 9402 9403
f 9396 9401 9397
f 9397 9402 9398
f 9402 9407 9403
f 9401 9404 9405
f 9402 9405 9406
f 9407 9410 9411
f 9405 9408 9409
f 9405 9410 9406
f 9411 9414 9415
f 9409 9412 9413
f 9410 9413 9414
f 9414 9419 9415
f 9412 9417 9413
f 9413 9418 9414
f 9418 9423 9419
f 9417 9420 9421
f 9418 9421 9422
f 9422 9427 9423
f 9420 9425 9421
f 9421 9426 9422
f 9426 9431 9427
f 9425 9428 9429
f 9426 9429 9430
f 9431 9434 9435
f 9428 9433 9429
f 9429 9434 9430
f 9434 9439 9435
f 9433 9436 9437
f 9434 9437 9438
f 9439 9442 9443
f 9436 9441 9437
f 9437 9442 9438
f 9443 9446 9447
f 9441 9444 9445
f 9442 9445 9446
f 9447 9450 9451
f 9444 9449 9445
f 9445 9450 9446
f 9450 9455 9451
f 9449 9452 9453
f 9450 9453 9454
f 9454 9459 9455
f 9452 9457 9453
f 9453 9458 9454
f 9458 9463 9459
f 9457 9460 9461
f 9458 9461 9462
f 9463 9466 9467
f 9460 9465 9461
f 9461 9466 9462
f 9466 9471 9467
f 9465 9468 9469
f 9466 9469 9470
f 9471 9474 9475
f 9468 9473 9469
f 9469 9474 9470
f 9475 9478 9479
f 9473 9476 9477
f 9474 9477 9478
f 9479 9482 9483
f 9476 9481 9477
f 9477 9482 9478
f 9483 9486 9487
f 9481 9484 9485
f 9482 9485 9486
f 9486 9491 9487
f 9484 9489 9485
f 9485 9490 9486
f 9490 9495 9491
f 9489 9492 9493
f 9490 9493 9494
f 9495 9498 9499
f 9492 9497 9493
f 9493 9498 9494
f 9498 9503 9499
f 9497 9500 9501
f 9498 9501 9502
f 9503 9507 9508
f 9500 9506 9501
f 9501 9507 9502
f 9508 9511 9512
f 9505 9510 9506
f 9507 9510 9511
f 9384 9504 9388
f 9388 9504 9392
f 9392 9504 9396
f 9396 9504 9400
f 9400 9504 9404
f 9404 9504 9408
f 9408 9504 9412
f 9412 9504 9416
f 9416 9504 9420
f 9420 9504 9424
f 9424 9504 9428
f 9428 9504 9432
f 9432 9504 9436
f 9436 9504 9440
f 9440 9504 9444
f 9444 9504 9448
f 9448 9504 9452
f 9452 9504 9456
f 9456 9504 9460
f 9460 9504 9464
f 9464 9504 9468
f 9468 9504 9472
f 9472 9504 9476
f 9476 9504 9480
f 9480 9504 9484
f 9484 9504 9488
f 9488 9504 9492
f 9492 9504 9496
f 9496 9504 9500
f 9500 9504 9505
f 9505 9504 9509
f 9512 9386 9387
f 9510 9384 9385
f 9510 9386 9511
f 9509 9504 9384
f 9521 9533 9534
f 9518 9532 9519
f 9517 9529 9530
f 9515 9527 9528
f 9523 9537 9524
f 9521 9535 9522
f 9519 9533 9520
f 9518 9530 9531
f 9515 9529 9516
f 9513 9527 9514
f 9524 9538 9525
f 9523 9535 9536
f 9528 9542 9529
f 9526 9540 9527
f 9538 9550 9551
f 9535 9549 9536
f 9534 9546 9547
f 9531 9545 9532
f 9530 9542 9543
f 9528 9540 9541
f 9537 9549 9550
f 9534 9548 9535
f 9532 9546 9533
f 9531 9543 9544
f 9541 9555 9542
f 9540 9552 9553
f 9550 9564 9551
f 9548 9562 9549
f 9547 9559 9560
f 9544 9558 9545
f 9542 9556 9543
f 9541 9553 9554
f 9549 9563 9550
f 9547 9561 9548
f 9546 9558 9559
f 9544 9556 9557
f 9555 9567 9568
f 9552 9566 9553
f 9564 9576 9577
f 9562 9574 9575
f 9559 9573 9560
f 9557 9571 9558
f 9555 9569 9556
f 9553 9567 9554
f 9562 9576 9563
f 9561 9573 9574
f 9559 9571 9572
f 9557 9569 9570
f 9567 9581 9568
f 9566 9578 9579
f 9576 9590 9577
f 9575 9587 9588
f 9572 9586 9573
f 9571 9583 9584
f 9569 9581 9582
f 9566 9580 9567
f 9576 9588 9589
f 9574 9586 9587
f 9571 9585 9572
f 9569 9583 9570
f 9581 9593 9594
f 9578 9592 9579
f 9590 9602 9603
f 9588 9600 9601
f 9585 9599 9586
f 9583 9597 9584
f 9582 9594 9595
f 9579 9593 9580
f 9589 9601 9602
f 9587 9599 9600
f 9584 9598 9585
f 9583 9595 9596
f 9594 9606 9607
f 9592 9604 9605
f 9602 9616 9603
f 9601 9613 9614
f 9598 9612 9599
f 9596 9610 9597
f 9594 9608 9595
f 9592 9606 9593
f 9601 9615 9602
f 9600 9612 9613
f 9598 9610 9611
f 9596 9608 9609
f 9607 9619 9620
f 9605 9617 9618
f 9615 9629 9616
f 9613 9627 9614
f 9611 9625 9612
f 9610 9622 9623
f 9607 9621 9608
f 9605 9619 9606
f 9615 9627 9628
f 9613 9625 9626
f 9611 9623 9624
f 9608 9622 9609
f 9619 9633 9620
f 9617 9631 9618
f 9628 9642 9629
f 9627 9639 9640
f 9625 9637 9638
f 9622 9636 9623
f 9621 9633 9634
f 9619 9631 9632
f 9627 9641 9628
f 9625 9639 9626
f 9623 9637 9624
f 9622 9634 9635
f 9632 9646 9633
f 9630 9644 9631
f 9642 9654 9655
f 9639 9653 9640
f 9638 9650 9651
f 9635 9649 9636
f 9634 9646 9647
f 9632 9644 9645
f 9641 9653 9654
f 9638 9652 9639
f 9636 9650 9637
f 9635 9647 9648
f 9645 9659 9646
f 9644 9656 9657
f 9654 9668 9655
f 9652 9666 9653
f 9651 9663 9664
f 9648 9662 9649
f 9646 9660 9647
f 9645 9657 9658
f 9653 9667 9654
f 9651 9665 9652
f 9650 9662 9663
f 9648 9660 9661
f 9659 9671 9672
f 9656 9670 9657
f 9668 9680 9681
f 9665 9679 9666
f 9663 9677 9664
f 9661 9675 9662
f 9659 9673 9660
f 9657 9671 9658
f 9666 9680 9667
f 9665 9677 9678
f 9663 9675 9676
f 9661 9673 9674
f 9671 9685 9672
f 9670 9682 9683
f 9680 9694 9681
f 9678 9692 9679
f 9677 9689 9690
f 9675 9687 9688
f 9673 9685 9686
f 9670 9684 9671
f 9680 9692 9693
f 9678 9690 9691
f 9675 9689 9676
f 9673 9687 9674
f 9685 9697 9698
f 9682 9696 9683
f 9694 9706 9707
f 9692 9704 9705
f 9689 9703 9690
f 9687 9701 9688
f 9686 9698 9699
f 9683 9697 9684
f 9693 9705 9706
f 9691 9703 9704
f 9688 9702 9689
f 9687 9699 9700
f 9698 9710 9711
f 9696 9708 9709
f 9706 9720 9707
f 9705 9717 9718
f 9702 9716 9703
f 9700 9714 9701
f 9698 9712 9699
f 9696 9710 9697
f 9705 9719 9706
f 9704 9716 9717
f 9702 9714 9715
f 9700 9712 9713
f 9711 9723 9724
f 9709 9721 9722
f 9719 9733 9720
f 9717 9731 9718
f 9715 9729 9716
f 9714 9726 9727
f 9711 9725 9712
f 9709 9723 9710
f 9718 9732 9719
f 9717 9729 9730
f 9715 9727 9728
f 9712 9726 9713
f 9723 9737 9724
f 9721 9735 9722
f 9733 9745 9746
f 9731 9743 9744
f 9729 9741 9742
f 9726 9740 9727
f 9725 9737 9738
f 9723 9735 9736
f 9732 9744 9745
f 9729 9743 9730
f 9727 9741 9728
f 9726 9738 9739
f 9736 9750 9737
f 9734 9748 9735
f 9746 9758 9759
f 9743 9757 9744
f 9742 9754 9755
f 9739 9753 9740
f 9738 9750 9751
f 9736 9748 9749
f 9745 9757 9758
f 9742 9756 9743
f 9740 9754 9741
f 9739 9751 9752
f 9749 9763 9750
f 9748 9760 9761
f 9758 9772 9759
f 9756 9770 9757
f 9755 9767 9768
f 9752 9766 9753
f 9750 9764 9751
f 9749 9761 9762
f 9757 9771 9758
f 9756 9768 9769
f 9754 9766 9767
f 9752 9764 9765
f 9762 9776 9763
f 9760 9774 9761
f 9772 9784 9785
f 9770 9782 9783
f 9768 9780 9781
f 9765 9779 9766
f 9763 9777 9764
f 9762 9774 9775
f 9770 9784 9771
f 9768 9782 9769
f 9767 9779 9780
f 9764 9778 9765
f 9775 9789 9776
f 9774 9786 9787
f 9784 9798 9785
f 9782 9796 9783
f 9781 9793 9794
f 9779 9791 9792
f 9777 9789 9790
f 9774 9788 9775
f 9784 9796 9797
f 9782 9794 9795
f 9779 9793 9780
f 9777 9791 9778
f 9789 9802 9803
f 9786 9801 9787
f 9798 9811 9812
f 9796 9809 9810
f 9793 9808 9794
f 9792 9805 9806
f 9790 9803 9804
f 9787 9802 9788
f 9797 9810 9811
f 9795 9808 9809
f 9792 9807 9793
f 9790 9805 9791
f 9803 9815 9816
f 9801 9813 9814
f 9811 9825 9812
f 9810 9822 9823
f 9807 9821 9808
f 9806 9818 9819
f 9803 9817 9804
f 9801 9815 9802
f 9810 9824 9811
f 9809 9821 9822
f 9807 9819 9820
f 9804 9818 9805
f 9816 9828 9829
f 9814 9826 9827
f 9825 9837 9838
f 9822 9836 9823
f 9820 9834 9821
f 9819 9831 9832
f 9816 9830 9817
f 9814 9828 9815
f 9824 9836 9837
f 9822 9834 9835
f 9820 9832 9833
f 9817 9831 9818
f 9828 9842 9829
f 9826 9840 9827
f 9837 9851 9838
f 9836 9848 9849
f 9834 9846 9847
f 9831 9845 9832
f 9830 9842 9843
f 9828 9840 9841
f 9836 9850 9837
f 9834 9848 9835
f 9832 9846 9833
f 9831 9843 9844
f 9841 9855 9842
f 9839 9853 9840
f 9851 9863 9864
f 9848 9862 9849
f 9847 9859 9860
f 9845 9857 9858
f 9843 9855 9856
f 9841 9853 9854
f 9850 9862 9863
f 9847 9861 9848
f 9845 9859 9846
f 9843 9857 9844
f 9854 9868 9855
f 9853 9865 9866
f 9863 9877 9864
f 9861 9875 9862
f 9860 9872 9873
f 9858 9870 9871
f 9855 9869 9856
f 9854 9866 9867
f 9862 9876 9863
f 9860 9874 9861
f 9859 9871 9872
f 9856 9870 9857
f 9868 9880 9881
f 9865 9879 9866
f 9877 9889 9890
f 9875 9887 9888
f 9873 9885 9886
f 9870 9884 9871
f 9868 9882 9869
f 9867 9879 9880
f 9875 9889 9876
f 9873 9887 9874
f 9872 9884 9885
f 9870 9882 9883
f 9880 9894 9881
f 9878 9892 9879
f 9889 9903 9890
f 9887 9901 9888
f 9886 9898 9899
f 9884 9896 9897
f 9882 9894 9895
f 9879 9893 9880
f 9889 9901 9902
f 9887 9899 9900
f 9884 9898 9885
f 9882 9896 9883
f 9894 9906 9907
f 9891 9905 9892
f 9903 9915 9916
f 9901 9913 9914
f 9898 9912 9899
f 9896 9910 9897
f 9895 9907 9908
f 9892 9906 9893
f 9902 9914 9915
f 9899 9913 9900
f 9897 9911 9898
f 9896 9908 9909
f 9907 9919 9920
f 9905 9917 9918
f 9915 9929 9916
f 9914 9926 9927
f 9911 9925 9912
f 9909 9923 9910
f 9907 9921 9908
f 9905 9919 9906
f 9914 9928 9915
f 9913 9925 9926
f 9911 9923 9924
f 9909 9921 9922
f 9799 9525 9538
f 9799 9538 9551
f 9799 9551 9564
f 9799 9564 9577
f 9799 9577 9590
f 9799 9590 9603
f 9799 9603 9616
f 9799 9616 9629
f 9799 9629 9642
f 9799 9642 9655
f 9799 9655 9668
f 9799 9668 9681
f 9799 9681 9694
f 9799 9694 9707
f 9799 9707 9720
f 9799 9720 9733
f 9799 9733 9746
f 9799 9746 9759
f 9799 9759 9772
f 9799 9772 9785
f 9799 9785 9798
f 9799 9798 9812
f 9799 9812 9825
f 9799 9825 9838
f 9799 9838 9851
f 9799 9851 9864
f 9799 9864 9877
f 9799 9877 9890
f 9799 9890 9903
f 9799 9903 9916
f 9799 9916 9929
f 9920 9515 9516
f 9918 9513 9514
f 9929 9524 9525
f 9926 9523 9927
f 9924 9521 9925
f 9923 9518 9519
f 9920 9517 9921
f 9918 9515 9919
f 9799 9929 9525
f 9928 9523 9524
f 9926 9521 9522
f 9924 9519 9520
f 9921 9518 9922
f 9387 9917 9512
f 9917 9508 9512
f 9904 9503 9508
f 9891 9499 9503
f 9499 9865 9495
f 9495 9852 9491
f 9491 9839 9487
f 9839 9483 9487
f 9483 9813 9479
f 9813 9475 9479
f 9800 9471 9475
f 9786 9467 9471
f 9467 9760 9463
f 9463 9747 9459
f 9459 9734 9455
f 9734 9451 9455
f 9451 9708 9447
f 9708 9443 9447
f 9695 9439 9443
f 9682 9435 9439
f 9435 9656 9431
f 9431 9643 9427
f 9427 9630 9423
f 9630 9419 9423
f 9419 9604 9415
f 9604 9411 9415
f 9591 9407 9411
f 9578 9403 9407
f 9403 9552 9399
f 9399 9539 9395
f 9395 9526 9391
f 9526 9387 9391
f 9932 9935 9936
f 9932 9937 9933
f 9931 9934 9935
f 9936 9941 9937
f 9934 9939 9935
f 9935 9940 9936
f 9940 9945 9941
f 9939 9942 9943
f 9940 9943 9944
f 9945 9948 9949
f 9942 9947 9943
f 9943 9948 9944
f 9948 9953 9949
f 9947 9950 9951
f 9948 9951 9952
f 9953 9956 9957
f 9950 9955 9951
f 9951 9956 9952
f 9957 9960 9961
f 9955 9958 9959
f 9956 9959 9960
f 9961 9964 9965
f 9958 9963 9959
f 9959 9964 9960
f 9965 9968 9969
f 9963 9966 9967
f 9964 9967 9968
f 9968 9973 9969
f 9966 9971 9967
f 9967 9972 9968
f 9972 9977 9973
f 9970 9975 9971
f 9972 9975 9976
f 9977 9980 9981
f 9974 9979 9975
f 9975 9980 9976
f 9980 9985 9981
f 9979 9982 9983
f 9980 9983 9984
f 9985 9988 9989
f 9982 9987 9983
f 9983 9988 9984
f 9989 9992 9993
f 9986 9991 9987
f 9988 9991 9992
f 9993 9996 9997
f 9991 9994 9995
f 9991 9996 9992
f 9996 10001 9997
f 9994 9999 9995
f 9996 9999 10000
f 10000 10005 10001
f 9999 10002 10003
f 9999 10004 10000
f 10004 10009 10005
f 10003 10006 10007
f 10004 10007 10008
f 10009 10012 10013
f 10006 10011 10007
f 10007 10012 10008
f 10012 10017 10013
f 10011 10014 10015
f 10012 10015 10016
f 10017 10020 10021
f 10014 10019 10015
f 10015 10020 10016
f 10021 10024 10025
f 10019 10022 10023
f 10020 10023 10024
f 10024 10029 10025
f 10022 10027 10023
f 10023 10028 10024
f 10028 10033 10029
f 10027 10030 10031
f 10028 10031 10032
f 10032 10037 10033
f 10030 10035 10031
f 10031 10036 10032
f 10036 10041 10037
f 10035 10038 10039
f 10036 10039 10040
f 10041 10044 10045
f 10038 10043 10039
f 10039 10044 10040
f 10044 10049 10045
f 10043 10046 10047
f 10044 10047 10048
f 10049 10053 10054
f 10046 10052 10047
f 10047 10053 10048
f 10054 10057 10058
f 10052 10055 10056
f 10053 10056 10057
f 9930 10050 9934
f 9934 10050 9938
f 9938 10050 9942
f 9942 10050 9946
f 9946 10050 9950
f 9950 10050 9954
f 9954 10050 9958
f 9958 10050 9962
f 9962 10050 9966
f 9966 10050 9970
f 9970 10050 9974
f 9974 10050 9978
f 9978 10050 9982
f 9982 10050 9986
f 9986 10050 9990
f 9990 10050 9994
f 9994 10050 9998
f 9998 10050 10002
f 10002 10050 10006
f 10006 10050 10010
f 10010 10050 10014
f 10014 10050 10018
f 10018 10050 10022
f 10022 10050 10026
f 10026 10050 10030
f 10030 10050 10034
f 10034 10050 10038
f 10038 10050 10042
f 10042 10050 10046
f 10046 10050 10051
f 10051 10050 10055
f 10058 9932 9933
f 10055 9931 10056
f 10056 9932 10057
f 10055 10050 9930
f 10067 10079 10080
f 10064 10078 10065
f 10063 10075 10076
f 10061 10073 10074
f 10070 10082 10083
f 10067 10081 10068
f 10065 10079 10066
f 10064 10076 10077
f 10061 10075 10062
f 10059 10073 10060
f 10071 10083 10084
f 10069 10081 10082
f 10074 10088 10075
f 10072 10086 10073
f 10084 10096 10097
f 10081 10095 10082
f 10080 10092 10093
f 10078 10090 10091
f 10076 10088 10089
f 10074 10086 10087
f 10083 10095 10096
f 10080 10094 10081
f 10078 10092 10079
f 10076 10090 10077
f 10087 10101 10088
f 10086 10098 10099
f 10096 10110 10097
f 10094 10108 10095
f 10093 10105 10106
f 10091 10103 10104
f 10088 10102 10089
f 10087 10099 10100
f 10095 10109 10096
f 10094 10106 10107
f 10092 10104 10105
f 10089 10103 10090
f 10100 10114 10101
f 10098 10112 10099
f 10110 10122 10123
f 10108 10120 10121
f 10105 10119 10106
f 10103 10117 10104
f 10101 10115 10102
f 10100 10112 10113
f 10108 10122 10109
f 10106 10120 10107
f 10105 10117 10118
f 10103 10115 10116
f 10113 10127 10114
f 10112 10124 10125
f 10122 10136 10123
f 10120 10134 10121
f 10119 10131 10132
f 10117 10129 10130
f 10115 10127 10128
f 10113 10125 10126
f 10122 10134 10135
f 10119 10133 10120
f 10117 10131 10118
f 10115 10129 10116
f 10127 10139 10140
f 10124 10138 10125
f 10136 10148 10149
f 10134 10146 10147
f 10131 10145 10132
f 10130 10142 10143
f 10128 10140 10141
f 10125 10139 10126
f 10135 10147 10148
f 10133 10145 10146
f 10130 10144 10131
f 10128 10142 10129
f 10140 10152 10153
f 10138 10150 10151
f 10148 10162 10149
f 10147 10159 10160
f 10144 10158 10145
f 10143 10155 10156
f 10140 10154 10141
f 10138 10152 10139
f 10147 10161 10148
f 10146 10158 10159
f 10144 10156 10157
f 10141 10155 10142
f 10153 10165 10166
f 10151 10163 10164
f 10162 10174 10175
f 10159 10173 10160
f 10157 10171 10158
f 10156 10168 10169
f 10153 10167 10154
f 10151 10165 10152
f 10161 10173 10174
f 10159 10171 10172
f 10157 10169 10170
f 10154 10168 10155
f 10165 10179 10166
f 10163 10177 10164
f 10175 10187 10188
f 10173 10185 10186
f 10171 10183 10184
f 10168 10182 10169
f 10167 10179 10180
f 10165 10177 10178
f 10173 10187 10174
f 10171 10185 10172
f 10169 10183 10170
f 10168 10180 10181
f 10178 10192 10179
f 10176 10190 10177
f 10188 10200 10201
f 10185 10199 10186
f 10184 10196 10197
f 10182 10194 10195
f 10180 10192 10193
f 10178 10190 10191
f 10187 10199 10200
f 10184 10198 10185
f 10182 10196 10183
f 10180 10194 10181
f 10191 10205 10192
f 10190 10202 10203
f 10200 10214 10201
f 10198 10212 10199
f 10197 10209 10210
f 10195 10207 10208
f 10192 10206 10193
f 10191 10203 10204
f 10199 10213 10200
f 10197 10211 10198
f 10196 10208 10209
f 10193 10207 10194
f 10205 10217 10218
f 10202 10216 10203
f 10214 10226 10227
f 10211 10225 10212
f 10210 10222 10223
f 10207 10221 10208
f 10205 10219 10206
f 10204 10216 10217
f 10212 10226 10213
f 10210 10224 10211
f 10209 10221 10222
f 10207 10219 10220
f 10217 10231 10218
f 10216 10228 10229
f 10226 10240 10227
f 10224 10238 10225
f 10223 10235 10236
f 10221 10233 10234
f 10219 10231 10232
f 10217 10229 10230
f 10226 10238 10239
f 10223 10237 10224
f 10221 10235 10222
f 10219 10233 10220
f 10231 10243 10244
f 10228 10242 10229
f 10240 10252 10253
f 10238 10250 10251
f 10235 10249 10236
f 10234 10246 10247
f 10232 10244 10245
f 10229 10243 10230
f 10239 10251 10252
f 10237 10249 10250
f 10234 10248 10235
f 10232 10246 10233
f 10244 10256 10257
f 10242 10254 10255
f 10252 10266 10253
f 10251 10263 10264
f 10248 10262 10249
f 10247 10259 10260
f 10244 10258 10245
f 10242 10256 10243
f 10251 10265 10252
f 10250 10262 10263
f 10248 10260 10261
f 10245 10259 10246
f 10257 10269 10270
f 10255 10267 10268
f 10266 10278 10279
f 10263 10277 10264
f 10261 10275 10262
f 10260 10272 10273
f 10257 10271 10258
f 10255 10269 10256
f 10265 10277 10278
f 10263 10275 10276
f 10261 10273 10274
f 10258 10272 10259
f 10269 10283 10270
f 10267 10281 10268
f 10278 10292 10279
f 10277 10289 10290
f 10275 10287 10288
f 10272 10286 10273
f 10271 10283 10284
f 10269 10281 10282
f 10277 10291 10278
f 10275 10289 10276
f 10273 10287 10274
f 10272 10284 10285
f 10282 10296 10283
f 10280 10294 10281
f 10292 10304 10305
f 10289 10303 10290
f 10288 10300 10301
f 10286 10298 10299
f 10284 10296 10297
f 10282 10294 10295
f 10291 10303 10304
f 10288 10302 10289
f 10286 10300 10287
f 10284 10298 10285
f 10295 10309 10296
f 10294 10306 10307
f 10304 10318 10305
f 10302 10316 10303
f 10301 10313 10314
f 10299 10311 10312
f 10296 10310 10297
f 10295 10307 10308
f 10303 10317 10304
f 10301 10315 10302
f 10300 10312 10313
f 10297 10311 10298
f 10309 10321 10322
f 10307 10319 10320
f 10318 10330 10331
f 10316 10328 10329
f 10314 10326 10327
f 10311 10325 10312
f 10309 10323 10310
f 10308 10320 10321
f 10316 10330 10317
f 10314 10328 10315
f 10313 10325 10326
f 10311 10323 10324
f 10321 10335 10322
f 10320 10332 10333
f 10330 10344 10331
f 10329 10341 10342
f 10326 10340 10327
f 10325 10337 10338
f 10323 10335 10336
f 10320 10334 10321
f 10330 10342 10343
f 10328 10340 10341
f 10325 10339 10326
f 10323 10337 10324
f 10335 10348 10349
f 10332 10347 10333
f 10344 10357 10358
f 10342 10355 10356
f 10339 10354 10340
f 10337 10352 10338
f 10336 10349 10350
f 10333 10348 10334
f 10343 10356 10357
f 10341 10354 10355
f 10338 10353 10339
f 10337 10350 10351
f 10349 10361 10362
f 10347 10359 10360
f 10357 10371 10358
f 10356 10368 10369
f 10353 10367 10354
f 10351 10365 10352
f 10349 10363 10350
f 10347 10361 10348
f 10356 10370 10357
f 10355 10367 10368
f 10353 10365 10366
f 10351 10363 10364
f 10362 10374 10375
f 10360 10372 10373
f 10371 10383 10384
f 10368 10382 10369
f 10366 10380 10367
f 10365 10377 10378
f 10362 10376 10363
f 10360 10374 10361
f 10370 10382 10383
f 10368 10380 10381
f 10366 10378 10379
f 10363 10377 10364
f 10374 10388 10375
f 10372 10386 10373
f 10383 10397 10384
f 10382 10394 10395
f 10380 10392 10393
f 10377 10391 10378
f 10376 10388 10389
f 10374 10386 10387
f 10382 10396 10383
f 10380 10394 10381
f 10378 10392 10379
f 10377 10389 10390
f 10387 10401 10388
f 10385 10399 10386
f 10397 10409 10410
f 10394 10408 10395
f 10393 10405 10406
f 10390 10404 10391
f 10389 10401 10402
f 10387 10399 10400
f 10396 10408 10409
f 10393 10407 10394
f 10391 10405 10392
f 10390 10402 10403
f 10400 10414 10401
f 10399 10411 10412
f 10409 10423 10410
f 10407 10421 10408
f 10406 10418 10419
f 10403 10417 10404
f 10401 10415 10402
f 10400 10412 10413
f 10408 10422 10409
f 10406 10420 10407
f 10405 10417 10418
f 10403 10415 10416
f 10414 10426 10427
f 10411 10425 10412
f 10423 10435 10436
f 10420 10434 10421
f 10418 10432 10419
f 10416 10430 10417
f 10414 10428 10415
f 10412 10426 10413
f 10421 10435 10422
f 10419 10433 10420
f 10418 10430 10431
f 10416 10428 10429
f 10427 10439 10440
f 10425 10437 10438
f 10435 10449 10436
f 10433 10447 10434
f 10431 10445 10432
f 10430 10442 10443
f 10428 10440 10441
f 10425 10439 10426
f 10435 10447 10448
f 10433 10445 10446
f 10430 10444 10431
f 10428 10442 10429
f 10440 10452 10453
f 10437 10451 10438
f 10449 10461 10462
f 10447 10459 10460
f 10444 10458 10445
f 10443 10455 10456
f 10441 10453 10454
f 10438 10452 10439
f 10448 10460 10461
f 10446 10458 10459
f 10443 10457 10444
f 10441 10455 10442
f 10453 10465 10466
f 10451 10463 10464
f 10461 10475 10462
f 10460 10472 10473
f 10457 10471 10458
f 10456 10468 10469
f 10453 10467 10454
f 10451 10465 10452
f 10460 10474 10461
f 10459 10471 10472
f 10457 10469 10470
f 10454 10468 10455
f 10345 10071 10084
f 10345 10084 10097
f 10345 10097 10110
f 10345 10110 10123
f 10345 10123 10136
f 10345 10136 10149
f 10345 10149 10162
f 10345 10162 10175
f 10345 10175 10188
f 10345 10188 10201
f 10345 10201 10214
f 10345 10214 10227
f 10345 10227 10240
f 10345 10240 10253
f 10345 10253 10266
f 10345 10266 10279
f 10345 10279 10292
f 10345 10292 10305
f 10345 10305 10318
f 10345 10318 10331
f 10345 10331 10344
f 10345 10344 10358
f 10345 10358 10371
f 10345 10371 10384
f 10345 10384 10397
f 10345 10397 10410
f 10345 10410 10423
f 10345 10423 10436
f 10345 10436 10449
f 10345 10449 10462
f 10345 10462 10475
f 10466 10061 10062
f 10464 10059 10060
f 10474 10071 10475
f 10472 10069 10473
f 10470 10067 10471
f 10469 10064 10065
f 10466 10063 10467
f 10464 10061 10465
f 10345 10475 10071
f 10473 10070 10474
f 10472 10067 10068
f 10470 10065 10066
f 10467 10064 10468
f 9933 10463 10058
f 10463 10054 10058
f 10450 10049 10054
f 10437 10045 10049
f 10045 10411 10041
f 10041 10398 10037
f 10037 10385 10033
f 10385 10029 10033
f 10029 10359 10025
f 10359 10021 10025
f 10346 10017 10021
f 10332 10013 10017
f 10013 10306 10009
f 10009 10293 10005
f 10005 10280 10001
f 10280 9997 10001
f 9997 10254 9993
f 10254 9989 9993
f 10241 9985 9989
f 10228 9981 9985
f 9981 10202 9977
f 9977 10189 9973
f 9973 10176 9969
f 10176 9965 9969
f 9965 10150 9961
f 10150 9957 9961
f 10137 9953 9957
f 10124 9949 9953
f 9949 10098 9945
f 9945 10085 9941
f 9941 10072 9937
f 10072 9933 9937
f 4 3 2
f 8 7 6
f 13 16 15
f 17 28 19
f 32 31 30
f 36 35 34
f 37 40 39
f 21 22 23
f 25 26 27
f 41 44 43
f 48 47 46
f 52 51 50
f 53 56 55
f 60 59 58
f 29 30 62
f 66 65 64
f 67 5 6
f 72 71 70
f 76 75 74
f 77 80 79
f 81 84 83
f 59 87 86
f 88 91 90
f 96 95 94
f 100 99 98
f 101 104 103
f 106 105 34
f 108 116 115
f 117 119 36
f 124 127 126
f 131 130 129
f 132 102 134
f 142 141 140
f 148 106 60
f 144 143 127
f 149 152 151
f 156 155 154
f 159 150 158
f 116 108 164
f 171 170 169
f 174 126 173
f 179 182 181
f 186 189 188
f 194 197 196
f 199 142 139
f 206 209 208
f 213 212 211
f 202 215 214
f 96 93 216
f 92 238 43
f 97 184 246
f 250 249 229
f 252 254 58
f 258 257 256
f 260 91 229
f 110 111 112
f 114 264 263
f 265 268 267
f 56 53 270
f 274 273 249
f 185 183 63
f 280 279 278
f 285 284 283
f 288 219 211
f 141 142 92
f 289 290 175
f 148 116 105
f 312 311 170
f 238 262 42
f 318 163 160
f 310 309 308
f 241 239 325
f 160 230 240
f 47 48 307
f 108 109 315
f 345 85 86
f 348 351 350
f 356 359 358
f 355 354 353
f 363 31 32
f 364 252 253
f 366 125 368
f 183 372 371
f 163 162 161
f 209 226 101
f 378 377 165
f 379 295 381
f 383 382 3
f 284 285 386
f 387 127 389
f 391 259 229
f 73 281 397
f 405 408 407
f 203 218 411
f 414 121 413
f 1 356 357
f 277 276 131
f 254 344 57
f 358 384 415
f 417 416 386
f 401 400 192
f 419 389 127
f 421 181 182
f 103 301 302
f 428 367 368
f 380 390 359
f 62 204 266
f 140 141 431
f 357 358 351
f 356 1 379
f 415 392 403
f 437 428 436
f 438 441 440
f 188 451 450
f 265 455 181
f 224 185 64
f 237 212 213
f 275 131 128
f 281 282 460
f 50 462 79
f 73 74 282
f 468 467 466
f 390 355 352
f 482 485 484
f 489 488 487
f 493 496 495
f 472 471 470
f 502 501 500
f 220 221 222
f 512 419 143
f 518 517 511
f 513 239 230
f 205 30 31
f 189 370 451
f 163 318 532
f 533 224 225
f 446 448 447
f 335 541 540
f 544 512 546
f 329 519 291
f 199 534 262
f 385 386 416
f 532 190 191
f 363 117 118
f 578 581 580
f 573 572 571
f 561 563 562
f 241 260 259
f 590 593 592
f 545 546 595
f 503 154 155
f 606 625 624
f 478 481 480
f 646 649 648
f 590 591 689
f 564 565 651
f 728 246 184
f 714 724 716
f 692 574 575
f 541 335 581
f 346 68 248
f 161 231 230
f 128 129 94
f 698 705 704
f 574 577 576
f 290 289 401
f 630 631 725
f 733 736 735
f 755 466 496
f 759 480 481
f 757 763 762
f 764 496 466
f 768 767 9260
f 759 760 488
f 492 474 475
f 474 770 769
f 773 468 465
f 771 774 486
f 484 485 775
f 774 776 489
f 495 496 764
f 495 757 761
f 137 397 784
f 325 239 797
f 165 519 51
f 369 32 29
f 730 731 568
f 90 302 301
f 243 118 516
f 800 734 806
f 817 815 808
f 816 808 823
f 306 303 447
f 815 810 809
f 829 830 828
f 726 725 501
f 274 427 424
f 879 882 881
f 884 883 879
f 219 218 217
f 906 905 904
f 455 204 205
f 898 882 830
f 903 900 880
f 377 291 519
f 923 949 948
f 946 947 951
f 8963 740 739
f 900 899 886
f 225 64 65
f 182 445 442
f 809 952 947
f 954 960 962
f 927 950 965
f 885 879 880
f 925 927 966
f 343 342 341
f 965 964 971
f 968 971 970
f 972 968 969
f 963 961 981
f 336 337 338
f 992 993 827
f 810 815 996
f 1007 1001 1002
f 1012 826 827
f 1011 1009 1007
f 294 293 292
f 907 908 920
f 1017 579 1019
f 1020 1023 1022
f 1035 1024 1020
f 1061 1060 1047
f 1063 1061 1046
f 1044 1020 1021
f 1102 1094 1097
f 1116 1126 1118
f 1016 1015 1014
f 881 897 904
f 816 1116 1127
f 1094 948 949
f 514 342 167
f 146 145 81
f 1133 1135 1130
f 1102 1133 1126
f 822 1126 1116
f 1145 1143 1148
f 1076 1144 1151
f 1148 1143 1086
f 1109 1097 1114
f 1154 1153 1156
f 1153 925 967
f 8815 8941 463
f 1144 1147 1152
f 1156 967 1163
f 1164 1162 1169
f 1145 1171 1176
f 1114 1115 1154
f 1183 1155 1164
f 1184 1183 1177
f 1069 1151 1062
f 1023 1191 1194
f 1162 1163 1170
f 1195 1184 1185
f 1183 1196 1176
f 1201 1063 1152
f 1061 1063 1201
f 9277 847 843
f 1203 1202 1195
f 1202 1201 1184
f 1218 1060 1203
f 1060 1061 1202
f 1225 1218 1217
f 671 695 694
f 1219 1217 1024
f 1217 1203 1034
f 1226 1014 1015
f 1243 1242 1234
f 1231 1230 1229
f 847 1243 1233
f 843 1233 1244
f 1233 1234 1245
f 1923 9213 233
f 2100 2108 499
f 9366 9316 2135
f 61 62 323
f 210 211 217
f 1299 1310 1309
f 9315 1230 1231
f 1066 1047 1321
f 1322 1321 1228
f 1060 1218 1321
f 1325 1324 1323
f 1244 1245 1332
f 1290 1234 1242
f 1337 1330 1339
f 1330 1332 1340
f 1341 1332 1245
f 1342 1340 1332
f 1343 1342 1341
f 1344 1341 1294
f 9309 9308 1345
f 1347 1348 1342
f 9308 9306 1295
f 1349 1350 1348
f 9313 1349 1347
f 9305 1347 1343
f 906 898 829
f 905 906 1353
f 865 1356 1355
f 1355 1353 829
f 1357 1355 825
f 1356 1354 1353
f 9286 1337 1338
f 866 1358 1356
f 1358 1359 1354
f 9280 878 1337
f 838 1362 1012
f 1363 1364 1338
f 1368 1363 1339
f 1348 1368 1340
f 1371 1369 9276
f 524 525 526
f 528 529 530
f 1372 1370 1369
f 535 536 537
f 1367 1368 1348
f 1370 1354 1359
f 1369 1359 9285
f 1373 910 903
f 555 556 557
f 1374 909 910
f 1373 904 905
f 1374 1373 1375
f 1375 905 1354
f 1378 920 908
f 376 373 651
f 1388 928 973
f 586 587 588
f 1390 1389 1388
f 1391 1388 969
f 597 598 599
f 600 601 602
f 1392 1391 970
f 608 609 610
f 612 524 523
f 614 615 616
f 617 618 25
f 620 621 622
f 1397 1390 1391
f 1398 1397 1392
f 1400 987 920
f 1402 1403 1165
f 636 637 638
f 930 1404 1402
f 641 642 643
f 929 1402 1169
f 1404 1405 1403
f 1411 1366 1365
f 1412 1406 1415
f 652 653 654
f 609 656 657
f 659 660 661
f 558 663 586
f 665 666 667
f 1413 1411 1406
f 1418 1416 9262
f 1417 1372 1371
f 1416 1371 9281
f 1419 1417 1416
f 1386 909 1374
f 677 678 679
f 1385 1386 1420
f 1420 1374 1376
f 685 686 687
f 1421 1420 1422
f 528 690 691
f 1422 1376 1372
f 1018 1019 747
f 699 700 701
f 1424 578 579
f 9115 1597 1767
f 700 699 711
f 1093 9198 9206
f 717 718 530
f 721 722 723
f 704 1650 8987
f 19 1429 1426
f 1429 1428 1427
f 1658 1659 8986
f 1439 1437 1434
f 1437 1436 1435
f 1426 1427 1433
f 1442 1431 1432
f 742 743 744
f 1432 1433 1441
f 751 752 753
f 1438 1434 1403
f 1446 1445 1444
f 1447 1448 1446
f 9312 1447 1443
f 1415 1367 1445
f 1414 1415 1446
f 2173 1683 469
f 777 778 779
f 780 781 782
f 1676 1693 1806
f 9311 1451 1349
f 789 790 791
f 745 792 793
f 652 794 795
f 1455 1458 1457
f 1454 1367 1350
f 610 691 802
f 9283 9268 698
f 1352 1044 1045
f 1015 1016 1459
f 811 812 813
f 2118 9267 9269
f 819 820 821
f 1466 1463 1194
f 1467 1468 1465
f 1182 1165 1468
f 832 812 833
f 835 836 837
f 1467 1466 1190
f 1469 1470 1444
f 840 700 712
f 1453 1470 1469
f 599 844 845
f 1226 1450 9301
f 851 852 853
f 855 744 856
f 858 859 860
f 861 862 863
f 1014 1226 9307
f 867 676 868
f 870 871 872
f 874 875 876
f 1310 1323 1471
f 1476 1433 1427
f 1461 1476 1475
f 887 888 889
f 788 791 892
f 894 895 896
f 1460 1475 1227
f 901 902 524
f 1465 1478 1477
f 1865 8947 8944
f 911 912 913
f 916 917 918
f 1850 8949 8951
f 921 922 895
f 1479 1435 1436
f 926 664 667
f 1481 562 563
f 269 1483 84
f 931 932 933
f 934 935 614
f 936 685 688
f 938 659 662
f 1484 270 122
f 941 942 835
f 320 321 509
f 1849 8954 8949
f 84 1483 1484
f 1487 1490 1488
f 1757 1758 8946
f 365 1492 1491
f 461 79 80
f 117 363 362
f 1494 540 541
f 926 601 957
f 1477 1441 1433
f 1709 1588 1585
f 119 117 1496
f 271 1497 504
f 511 517 189
f 345 1496 1492
f 57 344 299
f 1501 1499 268
f 267 268 1499
f 974 975 976
f 1678 1652 1693
f 9298 1682 1807
f 557 982 663
f 983 941 984
f 1443 1444 9301
f 421 1500 268
f 989 990 991
f 1490 1487 418
f 279 280 309
f 997 868 676
f 998 26 999
f 1504 418 38
f 1506 1508 1507
f 360 361 1508
f 1506 1486 207
f 939 1005 1006
f 270 1484 1483
f 66 63 546
f 1010 742 793
f 367 428 437
f 244 31 363
f 1670 8976 8978
f 209 206 1510
f 388 389 426
f 427 274 250
f 161 520 521
f 100 246 45
f 1025 1026 608
f 1029 1030 1031
f 939 662 1033
f 41 42 594
f 1036 780 783
f 702 701 1038
f 1040 1041 1042
f 362 32 369
f 187 1520 477
f 70 1487 539
f 1049 600 603
f 613 867 869
f 860 1050 1051
f 1005 1052 1053
f 753 1055 1056
f 1057 1058 1059
f 293 288 1522
f 288 212 1521
f 292 1522 1523
f 331 1507 1508
f 306 452 453
f 100 44 41
f 462 1524 78
f 330 331 1524
f 635 1067 1068
f 1485 1527 1526
f 206 1485 1528
f 1070 1071 1072
f 942 941 1073
f 916 933 1075
f 440 1529 1530
f 157 158 1514
f 1529 162 5
f 371 595 546
f 790 586 663
f 1077 858 857
f 1403 1434 1435
f 1080 1081 1082
f 531 520 1529
f 21 1083 1084
f 272 1532 1531
f 690 712 802
f 335 9015 9011
f 1090 1030 1029
f 1092 795 794
f 1533 396 137
f 661 660 1095
f 69 444 445
f 1099 1100 1101
f 38 39 1536
f 1104 1105 1106
f 852 1107 1108
f 1377 908 909
f 291 377 411
f 316 1536 516
f 539 1488 1533
f 1505 1536 316
f 1110 1111 1112
f 1539 1537 460
f 522 441 1537
f 834 837 1120
f 1122 1123 1124
f 612 1125 1041
f 935 793 615
f 276 278 130
f 1686 8993 8966
f 193 190 1541
f 231 521 1540
f 556 1037 982
f 365 253 85
f 190 532 318
f 1810 765 9018
f 9376 1867 8956
f 1132 983 985
f 208 101 102
f 1134 1033 662
f 1491 518 80
f 429 133 1542
f 1137 1138 915
f 172 436 428
f 1139 1140 1141
f 549 96 54
f 1517 1519 1518
f 834 1119 984
f 1543 513 286
f 1544 797 239
f 133 134 1544
f 506 361 257
f 420 327 328
f 1158 1159 1160
f 587 1104 1103
f 607 1161 1027
f 304 1546 1545
f 364 1491 77
f 69 70 198
f 700 840 1112
f 9329 626 8969
f 1166 719 657
f 1167 1168 858
f 1300 8967 8968
f 1172 1173 1174
f 218 203 200
f 1179 1180 1181
f 372 183 97
f 89 104 227
f 1186 1187 1188
f 172 173 1517
f 1482 84 81
f 1090 1192 1193
f 394 395 353
f 526 525 1198
f 1199 1200 1026
f 606 623 697
f 1204 1205 1206
f 1207 1208 523
f 1209 1210 867
f 914 913 685
f 1478 1436 1441
f 1029 1028 1161
f 1211 1212 1213
f 9310 1453 1451
f 844 1215 1216
f 423 193 273
f 1220 1221 1222
f 22 1223 1224
f 882 898 897
f 1519 1517 173
f 1189 1188 1232
f 349 350 550
f 1071 1235 1236
f 1237 1238 1239
f 1221 1186 1189
f 1510 1528 1512
f 939 1032 1241
f 1556 1530 5
f 1553 1554 394
f 404 1556 67
f 1247 1248 1249
f 142 199 238
f 1251 1067 635
f 850 1252 1253
f 1254 1167 1077
f 57 132 133
f 443 430 552
f 1187 1172 1175
f 1256 1070 831
f 432 405 382
f 741 748 747
f 434 350 351
f 349 432 383
f 251 124 1481
f 395 384 352
f 1518 1519 1550
f 1558 410 378
f 109 263 314
f 285 1514 1513
f 395 394 393
f 202 203 410
f 417 408 405
f 1246 1257 1258
f 3 1559 297
f 1259 1260 1261
f 403 404 347
f 955 954 953
f 462 50 51
f 1096 1095 687
f 429 147 60
f 896 1264 1265
f 1267 721 1268
f 423 424 327
f 37 179 180
f 20 23 1187
f 1256 1168 1071
f 1188 1175 1269
f 1236 1270 1271
f 1272 536 535
f 565 564 463
f 1273 792 745
f 876 1254 1255
f 316 33 164
f 437 1516 503
f 194 1494 1495
f 1275 1276 864
f 624 625 631
f 1277 1274 1137
f 569 568 567
f 1481 124 125
f 324 325 547
f 1279 1108 1107
f 1525 332 329
f 1281 1278 1137
f 171 168 1553
f 1488 73 396
f 1557 1561 1562
f 1282 856 1206
f 1053 1277 1278
f 778 777 607
f 713 583 9010
f 251 225 144
f 4 357 348
f 709 708 707
f 728 48 45
f 261 135 1563
f 789 1286 1287
f 74 314 263
f 403 284 385
f 1178 1181 1240
f 1223 1259 1289
f 1220 20 1186
f 296 1518 354
f 784 459 1538
f 1181 1180 1291
f 1269 1292 1257
f 1566 1538 438
f 136 784 1566
f 1563 1564 169
f 107 114 109
f 1297 1282 1298
f 1464 1477 1476
f 1520 187 507
f 1301 1302 1303
f 1306 1307 1308
f 175 456 1532
f 1532 456 200
f 1311 1266 1312
f 872 1314 1315
f 9288 843 878
f 1305 1308 864
f 1040 1275 863
f 1564 1566 399
f 592 1576 1575
f 591 1575 1088
f 1581 1584 1583
f 1196 1152 1147
f 710 582 583
f 285 407 408
f 953 954 961
f 1594 1592 1589
f 1585 1588 1587
f 1592 1591 1590
f 9337 945 944
f 1600 1599 1598
f 1604 1603 1602
f 1399 1392 979
f 1589 1590 1596
f 1610 1609 1608
f 298 257 361
f 551 552 276
f 1627 1626 9266
f 859 811 818
f 1078 857 1328
f 1555 439 1530
f 572 573 680
f 772 465 776
f 977 1281 918
f 404 403 392
f 1054 1331 750
f 1644 1645 1643
f 932 1265 1082
f 1067 1333 1334
f 1540 1539 264
f 597 1335 643
f 471 761 762
f 1642 696 9283
f 1644 1642 9294
f 923 946 950
f 96 549 548
f 520 531 522
f 445 444 443
f 849 839 848
f 480 759 755
f 1646 760 481
f 311 426 1567
f 464 463 8941
f 8941 1360 1361
f 234 237 236
f 190 193 192
f 153 154 152
f 231 287 286
f 1552 1553 1551
f 760 1646 1648
f 9284 1647 1649
f 828 827 826
f 52 167 166
f 1663 1662 1661
f 287 107 115
f 668 671 670
f 634 645 640
f 553 560 559
f 118 36 33
f 492 484 491
f 8996 1652 1651
f 582 589 584
f 384 395 392
f 1381 1382 1383
f 1562 1561 435
f 952 953 951
f 8973 9010 583
f 1660 1661 1667
f 1394 1395 1396
f 1660 1665 1664
f 1671 1670 1669
f 1624 1625 1673
f 1407 1408 1409
f 1677 1676 1675
f 1613 1679 1677
f 1679 1678 1676
f 1626 1681 9263
f 534 199 198
f 803 733 734
f 400 248 191
f 65 66 143
f 8970 1657 1656
f 402 159 157
f 629 628 627
f 461 477 49
f 758 757 495
f 796 787 786
f 406 407 1513
f 342 343 166
f 1694 1659 1658
f 1692 1687 1694
f 9001 1693 1652
f 9373 1704 1703
f 326 547 302
f 9368 9373 1702
f 9371 9370 1698
f 1699 1691 9379
f 1557 406 1560
f 1127 1116 1117
f 400 401 289
f 1706 1702 1707
f 1707 1702 1599
f 1709 1706 1708
f 1714 1712 1711
f 9371 9367 1709
f 1704 1711 1577
f 1716 1714 1713
f 1559 1562 1549
f 1722 1721 1720
f 1335 597 596
f 410 411 377
f 973 1170 1163
f 168 169 399
f 1571 682 1089
f 1572 681 682
f 749 646 647
f 1730 1724 1723
f 1594 1582 1729
f 1729 1723 1591
f 1384 1378 1377
f 1732 1731 1712
f 1724 1730 1731
f 1722 1724 1732
f 1721 1722 1733
f 1734 1733 1716
f 1735 1737 1736
f 1733 1732 1714
f 1663 1664 1741
f 1742 1665 1740
f 1738 1739 1737
f 1665 1660 1666
f 1665 1742 1744
f 1725 1726 1746
f 1591 1725 1745
f 1590 1745 1747
f 1745 1746 1748
f 1659 1688 8982
f 5650 1760 8989
f 1185 1177 1182
f 1664 1744 1749
f 1741 1749 1739
f 1746 1742 1743
f 1726 1744 1742
f 1115 924 1153
f 1654 8990 9019
f 1896 9006 8993
f 1720 1749 1744
f 1721 1739 1749
f 1750 1718 1701
f 1697 1736 1750
f 1151 1152 1063
f 1751 1752 1670
f 1695 1658 1752
f 961 962 986
f 1770 1769 1768
f 1766 1594 1593
f 1731 1759 1579
f 1579 1777 1774
f 9380 1772 1771
f 1764 1772 9380
f 1777 1776 1775
f 9214 9215 1699
f 1004 1127 1128
f 1774 1775 1771
f 987 1400 1399
f 1578 1774 1772
f 1783 1782 1781
f 1597 1598 1770
f 639 1878 9347
f 9380 9381 1769
f 1793 1792 1789
f 9381 9372 1798
f 8952 8960 9225
f 1802 1867 9376
f 1788 1790 1794
f 1793 1794 1795
f 9225 9224 1675
f 1584 1581 1783
f 1771 1797 9372
f 1801 1799 1798
f 1768 1769 1798
f 1775 1796 1797
f 508 514 515
f 1796 1803 1802
f 1800 1798 9372
f 1794 1805 1804
f 8976 1670 1752
f 485 1808 1807
f 9261 9296 1640
f 9289 9296 1810
f 485 482 1640
f 1690 1691 9222
f 487 488 1648
f 9291 1813 1816
f 9290 1811 1648
f 9291 1812 1811
f 1812 1809 487
f 1641 1809 767
f 465 466 755
f 767 1815 9275
f 9274 1816 9278
f 1809 1812 1815
f 9289 1653 1651
f 675 672 8985
f 1814 1649 1822
f 1821 1822 9273
f 1824 1822 1649
f 1827 1849 1850
f 1668 1669 1662
f 1779 1780 1848
f 1790 1827 1805
f 1833 1836 1853
f 8965 8950 693
f 1614 1615 1616
f 1852 1853 8942
f 1620 1621 1622
f 1855 1765 1574
f 1847 1852 8945
f 1766 1765 1855
f 1629 1630 1631
f 1633 1622 1634
f 1635 1636 1637
f 1848 1833 1852
f 1855 1861 1863
f 1803 1866 1867
f 1862 1863 1831
f 1782 1855 1862
f 9374 9376 1865
f 1873 1872 1870
f 1874 1869 799
f 2045 9330 9349
f 1219 1345 1295
f 1615 1614 1396
f 9336 9347 1877
f 645 9350 9238
f 1345 1219 1035
f 634 639 9336
f 15 1887 1327
f 9362 9347 1878
f 1894 604 605
f 8950 8995 627
f 9004 640 645
f 340 341 454
f 1897 194 195
f 1889 1882 1877
f 1901 94 129
f 196 749 754
f 1705 1704 9373
f 340 378 166
f 1570 1480 563
f 1904 1494 194
f 1781 1862 1832
f 1905 549 55
f 1000 994 995
f 986 919 920
f 1191 1185 1190
f 2094 2077 2075
f 1920 1921 1919
f 453 454 1912
f 1915 1919 1918
f 9334 2112 2106
f 1655 9019 8975
f 1916 1918 1926
f 704 8998 9005
f 278 1916 1925
f 9009 9008 1818
f 1097 949 1115
f 1927 1928 727
f 9030 9031 9106
f 1920 310 307
f 1929 307 48
f 503 504 1497
f 1902 1903 787
f 1816 1821 9272
f 1925 1926 1923
f 1535 1569 1568
f 254 252 258
f 1509 1497 366
f 119 86 35
f 219 288 293
f 141 46 47
f 542 205 244
f 1940 552 430
f 1779 1828 1827
f 1701 1710 9367
f 1661 8994 8959
f 270 53 754
f 197 1947 749
f 1727 1728 1212
f 53 54 232
f 1465 1468 1479
f 1284 9314 9306
f 1951 446 412
f 168 398 1554
f 1486 1485 206
f 506 77 78
f 994 1001 1007
f 951 953 963
f 1013 9311 9313
f 9278 9272 1820
f 1498 1909 1954
f 299 298 543
f 1754 1755 1756
f 1681 469 1683
f 1696 1694 1695
f 13 14 738
f 473 476 475
f 482 1641 768
f 204 62 30
f 1761 1762 820
f 611 1763 1125
f 1501 1503 1908
f 1074 1073 711
f 1960 1944 82
f 120 1956 1960
f 35 86 87
f 1773 1199 1025
f 1965 1545 1569
f 494 761 471
f 1966 1967 1969
f 446 1951 1971
f 174 368 125
f 1580 1579 1578
f 1785 1786 1787
f 1972 1546 304
f 1254 876 875
f 1973 341 342
f 321 1912 1973
f 1910 277 275
f 509 1973 514
f 1486 1507 1527
f 1974 1874 804
f 1977 1976 1974
f 1980 448 1966
f 379 1 2
f 1718 1715 1710
f 884 995 992
f 1680 1684 1678
f 902 990 525
f 344 255 256
f 135 138 137
f 448 446 1967
f 589 605 604
f 910 909 908
f 1981 1966 1968
f 1982 1981 1987
f 1988 1979 1987
f 1990 1988 1989
f 1991 1989 1993
f 322 321 320
f 992 828 830
f 1144 1076 1086
f 1995 1977 1978
f 1133 1129 1118
f 1997 1995 1994
f 870 1823 1335
f 805 806 1982
f 727 184 2000
f 1996 1994 1988
f 1994 1978 1979
f 1829 616 792
f 1830 1073 941
f 798 803 800
f 729 732 731
f 2011 2012 2023
f 1834 1835 846
f 402 283 284
f 2022 2023 2024
f 1838 718 989
f 810 955 952
f 1823 1839 1840
f 1430 1426 1432
f 1215 844 1841
f 1316 1208 873
f 2112 1401 1384
f 1842 1843 1844
f 1159 846 845
f 837 27 1846
f 1971 1951 2030
f 517 369 370
f 1471 2026 2027
f 8995 8969 626
f 2174 2175 770
f 935 934 1854
f 1613 1619 1611
f 1231 1228 1225
f 1856 1857 891
f 1300 1309 748
f 1150 1149 1858
f 1643 606 696
f 1215 1265 1264
f 1320 1860 902
f 1956 1943 1944
f 2031 668 669
f 2034 1325 1310
f 1879 1880 1656
f 40 245 242
f 1992 1993 2039
f 888 958 957
f 1882 1889 1996
f 1078 1138 1255
f 1871 912 1192
f 294 411 218
f 1323 2041 2026
f 123 1960 83
f 1324 2036 2041
f 384 358 359
f 1324 1325 2038
f 1883 1884 1885
f 287 1540 114
f 1096 1886 1134
f 915 1329 931
f 806 1980 1981
f 8977 8973 584
f 1425 2030 2042
f 1018 2042 1948
f 9006 1896 740
f 1948 2042 649
f 1881 1882 1990
f 1900 129 130
f 992 995 994
f 923 927 925
f 9330 2045 2047
f 1643 2048 625
f 2050 2052 2051
f 2045 1405 1404
f 9328 2047 945
f 1139 1080 1079
f 1037 1856 892
f 2055 2053 2057
f 1198 989 718
f 1619 2058 1612
f 2058 1605 1606
f 2059 2060 1607
f 2058 1619 1624
f 71 72 179
f 405 406 1557
f 322 1548 1972
f 2061 2052 2063
f 2066 2065 2067
f 2052 2061 2064
f 1609 1610 2066
f 1515 151 152
f 1009 827 993
f 1644 9295 9267
f 279 1915 1916
f 1285 9315 9314
f 1647 2066 1825
f 2056 2057 2067
f 319 320 1953
f 667 666 1913
f 2070 631 625
f 2052 2050 2055
f 2038 1654 1655
f 1606 1601 2073
f 1235 1917 1270
f 2072 2073 2075
f 2059 1606 2072
f 2074 2075 2077
f 1601 1602 2078
f 2049 2048 1643
f 1000 1004 1001
f 1089 943 684
f 1931 1286 1306
f 1462 1459 1021
f 1932 1933 1934
f 875 874 1846
f 1936 1051 1937
f 44 45 46
f 1534 1955 1956
f 1541 318 317
f 2081 2082 2084
f 146 1945 1959
f 1360 1941 1942
f 985 984 1032
f 1995 1997 1892
f 2079 2080 2082
f 2095 2096 2076
f 2081 2093 2078
f 2055 2050 2054
f 501 2096 2095
f 2097 2100 2099
f 2098 2099 2094
f 2140 2141 9345
f 2141 2046 9346
f 2051 2070 2048
f 592 2102 2101
f 2071 2064 2076
f 2102 2097 2098
f 593 2103 2102
f 1019 1895 746
f 1950 11 12
f 725 2071 2096
f 1385 2105 2104
f 1379 2104 2106
f 2107 2108 2100
f 9360 726 502
f 9348 502 499
f 940 1389 2109
f 928 929 1170
f 9320 590 684
f 1962 1963 1964
f 9330 680 573
f 2039 1993 1968
f 1389 1390 2110
f 1398 2111 2113
f 9209 9207 9205
f 9363 9335 2107
f 949 923 924
f 260 241 324
f 1390 1397 2113
f 2070 2051 2064
f 9319 9363 2103
f 2105 1385 1421
f 2114 1421 1423
f 9344 2114 2115
f 9360 2105 2114
f 554 2116 1902
f 972 1163 967
f 1765 1593 1573
f 1984 1985 1986
f 2053 2117 2069
f 9017 9000 724
f 1625 1677 1674
f 9333 9340 2119
f 9355 2115 2123
f 56 1954 1906
f 626 9329 9331
f 2001 2002 2003
f 9364 9293 2127
f 2006 2007 2008
f 2127 1413 1412
f 2014 2015 2016
f 2018 2019 2020
f 1495 1424 1947
f 1379 1377 1386
f 9266 9263 1680
f 2029 1885 1884
f 9354 2128 2120
f 629 9331 9366
f 682 683 943
f 724 1650 2121
f 1757 1819 9273
f 765 1810 9296
f 9303 714 715
f 706 707 9322
f 981 986 987
f 1457 1868 1656
f 2017 2016 2032
f 1458 1655 1868
f 1776 1777 1792
f 1959 1945 1946
f 9115 9167 9177
f 9365 9333 2122
f 1093 1089 689
f 966 965 968
f 9304 715 9333
f 2172 9029 2170
f 670 2138 2137
f 9213 787 1903
f 1429 19 28
f 964 963 978
f 9293 9265 1413
f 1473 1474 669
f 9286 9285 1359
f 2138 798 1870
f 1872 1473 2137
f 715 716 9340
f 1881 1991 1992
f 9295 9294 739
f 1837 1847 8957
f 253 58 59
f 1808 9289 9292
f 1647 9284 9270
f 9317 9318 671
f 2112 9334 9335
f 1405 2045 2044
f 9281 9276 1364
f 273 1541 391
f 576 632 8964
f 9327 9317 668
f 1430 1431 2140
f 2136 9302 9312
f 1430 2139 18
f 9345 9346 570
f 1442 1439 2046
f 1431 1442 2141
f 9321 9365 9302
f 9260 9275 1817
f 9318 9345 695
f 2142 2025 798
f 571 2143 2142
f 9271 9266 1618
f 2143 2022 2025
f 694 2142 2138
f 681 1572 2144
f 2144 2011 2022
f 328 210 457
f 1572 2010 2011
f 630 9344 9355
f 2085 2086 2087
f 2090 2091 2092
f 572 2144 2143
f 1875 1976 2153
f 1873 1875 2149
f 2103 2107 2097
f 2157 2043 2155
f 2128 1412 1414
f 9326 9323 589
f 9324 9322 628
f 2149 2153 2158
f 2159 2158 9357
f 698 9359 9354
f 9275 9299 9279
f 2158 2156 9326
f 1438 2044 2046
f 2035 2154 2160
f 2161 2160 9341
f 9323 9343 605
f 9325 17 18
f 370 29 61
f 649 1951 413
f 2153 2157 2156
f 1428 1429 1449
f 1490 76 73
f 9342 9357 710
f 2155 1891 9343
f 1456 1457 1880
f 2125 2088 2087
f 2160 2159 9342
f 300 1959 505
f 1064 1062 1046
f 2043 1892 1891
f 2129 2130 2004
f 2131 2132 2133
f 9300 9301 1450
f 1998 1975 804
f 9331 673 9316
f 474 492 490
f 1164 1165 1182
f 707 2162 9361
f 708 1472 2162
f 2162 2161 9338
f 548 549 1905
f 1145 1136 1114
f 705 2121 1650
f 2043 2157 1977
f 737 738 554
f 1034 1195 1191
f 458 1905 1907
f 195 196 232
f 2040 2039 1969
f 2145 2146 2147
f 2054 2050 2049
f 9284 1646 1639
f 9 12 11
f 252 364 506
f 472 478 479
f 1865 9376 9243
f 900 903 910
f 1941 2150 2151
f 1921 1928 1927
f 2163 1897 1898
f 271 156 153
f 1904 1326 12
f 282 263 264
f 1872 1873 2154
f 1326 1904 1897
f 628 692 693
f 1724 1722 1719
f 1549 1562 436
f 1582 1583 1730
f 1921 1920 1929
f 9007 8955 10
f 2152 2037 1950
f 475 772 774
f 769 2172 2171
f 2171 2165 476
f 476 773 772
f 1791 565 464
f 2166 2167 2168
f 595 371 372
f 483 1809 1641
f 762 2174 2173
f 771 483 484
f 486 487 1809
f 297 1549 1517
f 763 2175 2174
f 776 755 759
f 184 185 2176
f 412 447 303
f 2005 2176 185
f 9263 1681 1682
f 2164 2170 756
f 1472 2035 2161
f 950 951 964
f 2177 2178 2179
f 227 226 1510
f 2182 2183 2184
f 2186 2019 2018
f 1985 2182 2181
f 214 736 729
f 865 849 842
f 849 865 1357
f 559 3187 3188
f 16 13 737
f 560 553 498
f 3193 3196 3195
f 3200 3197 3198
f 3211 3214 3213
f 3215 3218 3217
f 2187 2188 2002
f 3233 3236 3235
f 3223 3221 3222
f 3229 3232 3231
f 3245 3248 3247
f 2169 2168 2189
f 2192 2086 2085
f 2193 2194 2195
f 2198 2199 2200
f 1998 1982 1979
f 9116 9117 9120
f 3253 3256 3255
f 2116 1898 1903
f 1859 2006 2009
f 9356 2123 2126
f 1135 1148 1087
f 2201 2202 2015
f 1149 111 110
f 3261 3264 3263
f 3269 3272 3271
f 3265 3268 3267
f 3229 3230 3284
f 3289 3292 3291
f 3299 3302 3301
f 3307 3263 3264
f 3293 3296 3295
f 3297 3223 3224
f 3319 3321 3291
f 3322 3323 3318
f 3314 3313 3312
f 3285 3288 3287
f 3332 3333 3218
f 3329 3331 3330
f 3324 3325 3227
f 3298 3224 3326
f 2203 2204 2205
f 579 580 1895
f 1755 2207 2208
f 3337 3340 3339
f 9343 9362 1893
f 1211 2151 2150
f 868 997 2210
f 3347 3350 3349
f 944 945 930
f 2130 2129 2202
f 233 1903 1898
f 665 751 750
f 1167 1254 999
f 2211 2212 2213
f 2215 2216 2217
f 9319 593 590
f 2220 221 220
f 823 824 948
f 3375 3240 3377
f 3393 3392 3391
f 3353 3358 3357
f 3363 3366 3365
f 3402 3405 3404
f 266 204 455
f 9334 2108 2107
f 2221 2222 8963
f 2223 2224 2225
f 2207 2125 2124
f 3293 3309 3336
f 673 674 9321
f 817 1000 996
f 2227 2228 2146
f 1947 1948 646
f 9352 2135 17
f 2229 1635 1638
f 1679 1613 1618
f 1637 2231 2232
f 2233 2234 1617
f 2231 2235 2236
f 3406 3409 3408
f 1381 1638 2238
f 9038 2241 2242
f 3414 3416 3341
f 1630 2234 2233
f 1681 1626 472
f 1408 1407 2243
f 3423 3426 3425
f 3433 3351 3263
f 3434 3429 3430
f 3440 3443 3442
f 3444 3447 3446
f 3436 3451 3450
f 3442 3443 3456
f 1637 2230 2238
f 3445 3446 3437
f 3448 3443 3440
f 1409 1408 1634
f 1380 1383 2247
f 1628 2248 2245
f 3463 3466 3465
f 3308 3477 3462
f 2249 1623 1622
f 1632 1634 1408
f 2248 1628 1631
f 3478 3481 3480
f 3509 3512 3511
f 2235 2231 1637
f 3505 3508 3507
f 3457 3458 3199
f 631 2070 2071
f 515 167 52
f 782 781 2251
f 2253 2254 2255
f 397 281 459
f 1456 2039 2040
f 2040 2041 2036
f 3434 3475 3518
f 1401 2112 2111
f 2041 2040 1970
f 3367 3337 3338
f 1535 121 414
f 1586 1587 2080
f 2256 983 1132
f 3528 3531 3530
f 3519 3521 3520
f 3537 3505 3506
f 3543 3546 3545
f 1700 1699 9370
f 3486 3551 3550
f 3455 3456 3497
f 3558 3560 3559
f 3456 3568 3500
f 3572 3571 3252
f 3308 3264 3285
f 3316 3317 3574
f 3575 3478 3479
f 3576 3579 3578
f 3580 3583 3582
f 3584 3587 3586
f 3505 3537 3588
f 3589 3592 3591
f 3600 3603 3602
f 3542 3539 3595
f 3604 3605 3592
f 3611 3610 3613
f 3622 3625 3624
f 3618 3621 3620
f 3626 3629 3628
f 3644 3647 3646
f 3634 3637 3636
f 3638 3639 3641
f 9267 1896 1686
f 1263 2256 1886
f 3613 3655 3654
f 598 1841 844
f 2257 2258 2259
f 2258 2261 2262
f 2259 2262 2263
f 2260 2259 2216
f 1967 1971 1970
f 2212 1964 1963
f 922 921 2218
f 1312 1098 1101
f 1307 1306 1286
f 1548 1569 1546
f 2266 2267 2268
f 2265 2268 2270
f 2272 2265 2269
f 2273 2266 2265
f 2275 2276 2277
f 2278 2274 2277
f 2284 2285 9069
f 2287 2283 2286
f 2288 2289 2283
f 2290 2284 9091
f 2291 2292 2293
f 2295 2291 2294
f 2296 2297 2291
f 2297 2298 2292
f 2294 2293 2299
f 2279 2294 2300
f 2298 2301 2302
f 2292 2302 2303
f 2293 2303 2304
f 2304 2305 2306
f 2308 2309 2310
f 2302 2307 2310
f 2301 2311 2307
f 2312 2308 2307
f 2313 2314 2315
f 2318 2319 2320
f 9200 9223 2322
f 2324 2325 2273
f 2313 2324 2326
f 2328 2324 2313
f 2329 2325 2324
f 2331 2332 2333
f 2330 2333 2267
f 2325 2330 2266
f 2329 2331 2330
f 2333 2334 2335
f 2336 2334 2333
f 2338 2336 2332
f 2331 2339 2337
f 2329 2340 2339
f 2328 2341 2340
f 2316 2342 2341
f 2342 2316 2315
f 2344 2345 2346
f 2341 2344 2347
f 2342 2348 2344
f 2348 2349 2345
f 2350 2351 2352
f 2339 2350 2353
f 2340 2347 2350
f 2347 2346 2351
f 2337 2353 2354
f 2353 2352 2355
f 2356 2277 2276
f 2356 2357 2358
f 2356 2359 2296
f 2279 2277 2356
f 2360 2361 2270
f 2267 2335 2360
f 2362 2363 2364
f 2362 2365 2361
f 2366 2362 2358
f 2366 2367 2363
f 2357 2276 2368
f 2366 2368 2369
f 2276 2275 2370
f 2368 2370 2282
f 2372 2373 2374
f 2375 2376 2377
f 2378 2379 2380
f 2382 2378 2381
f 2384 2385 2378
f 2385 2386 2379
f 2388 2389 2390
f 2387 2390 2392
f 2393 2394 2387
f 2394 2395 2388
f 2186 2401 2402
f 2403 2404 2327
f 2272 2403 2326
f 2271 2405 2403
f 2405 2406 2404
f 2404 2407 2408
f 2409 2410 2411
f 2409 2412 2271
f 2413 2409 2269
f 2413 2414 2410
f 2417 2415 2416
f 2417 2418 2406
f 2412 2417 2405
f 2411 2415 2417
f 2406 2419 2407
f 9013 8964 632
f 2420 2398 2397
f 2420 2421 2423
f 2424 2420 2422
f 2424 2399 2398
f 2425 2391 2392
f 2421 2425 2426
f 2397 2396 2425
f 2396 2393 2391
f 2427 2314 2408
f 2430 2427 2428
f 2343 2315 2427
f 2432 2343 2430
f 2431 2430 2429
f 2435 2431 2433
f 2436 2432 2431
f 2428 2408 2407
f 2422 2437 2407
f 2438 2437 2422
f 2429 2428 2437
f 2440 2434 2433
f 2441 2439 2433
f 2442 2443 2439
f 2443 2444 2440
f 2445 2446 2444
f 2447 2445 2443
f 2383 2381 2445
f 2381 2380 2446
f 2448 2438 2423
f 2449 2448 2426
f 2441 2448 2449
f 2441 2429 2438
f 2449 2392 2390
f 2450 2390 2389
f 2447 2450 2451
f 2442 2449 2450
f 2451 2389 2453
f 2452 2453 2455
f 2382 2452 2454
f 2383 2451 2452
f 2456 2457 2373
f 2459 2460 2461
f 2463 2464 2465
f 2462 2465 2285
f 2466 2462 2284
f 2467 2463 2462
f 2461 2460 9155
f 2468 2469 2470
f 2472 2468 2471
f 2474 2461 9153
f 2475 2476 2477
f 2458 2455 2453
f 2479 2453 2389
f 2395 2480 2479
f 2480 2459 2458
f 2481 2482 2483
f 2484 113 2485
f 2471 2470 2464
f 2473 2471 2463
f 2487 2467 2466
f 2486 2466 2290
f 2490 2486 2488
f 2491 2487 2486
f 2492 2473 2467
f 2493 2492 2487
f 2494 2495 2492
f 2495 2472 2473
f 9142 2496 2474
f 9143 2497 2496
f 2498 2494 2493
f 2500 2498 2499
f 9152 9139 2498
f 9139 9143 2494
f 2306 2504 2278
f 2305 2505 2504
f 2504 2505 2507
f 2506 2507 2288
f 2274 2506 2508
f 2278 2504 2506
f 9085 9084 2489
f 9072 9085 2488
f 2507 2509 2289
f 2505 2510 2509
f 2508 2288 2287
f 2511 2287 2281
f 2370 2511 2280
f 2275 2508 2511
f 2512 2490 2489
f 2514 2512 2513
f 2517 2512 2514
f 2517 2491 2490
f 2499 2493 2491
f 2499 2517 2516
f 2510 2505 2519
f 2518 2519 2521
f 9068 2518 2520
f 9084 2510 2518
f 2522 2304 2303
f 2523 2522 2310
f 2305 2304 2522
f 2524 2522 2523
f 2519 2524 2525
f 2505 2305 2524
f 2308 2312 2527
f 2526 2527 2529
f 2531 2526 2528
f 2309 2308 2526
f 1214 2532 2151
f 2419 2406 2418
f 2533 2345 2349
f 2534 2533 2317
f 2535 2536 2533
f 2536 2346 2345
f 2537 2351 2346
f 2538 2537 2536
f 2539 2540 2537
f 2540 2352 2351
f 2312 2355 2541
f 2527 2541 2542
f 2543 2435 2434
f 2545 2543 2544
f 2319 2318 2543
f 2318 2436 2435
f 2514 2515 2548
f 2547 2548 2550
f 2552 2547 2549
f 2552 2516 2514
f 2520 2521 2554
f 2553 2554 2556
f 9042 2553 2555
f 9073 2520 2553
f 2523 2309 2531
f 2557 2531 2530
f 2525 2523 2557
f 2559 2557 2558
f 2554 2559 2560
f 2521 2525 2559
f 2561 2375 2007
f 2376 2562 2225
f 2564 2565 2566
f 2563 2566 338
f 2569 2563 2567
f 2570 2564 2563
f 2572 2573 2574
f 2571 2574 2576
f 2544 2571 2575
f 2544 2434 2572
f 2578 2570 2569
f 2579 2577 2569
f 2574 2577 2579
f 2573 2578 2577
f 2581 2582 2583
f 2584 2580 2583
f 9149 9127 2580
f 9128 2581 2580
f 2582 2516 2552
f 2583 2552 2551
f 2500 2501 2589
f 2590 2588 2589
f 9145 9147 2588
f 9147 9152 2500
f 2501 2516 2591
f 2592 2593 2594
f 2386 2385 2503
f 2596 2379 2386
f 2596 2374 2373
f 2599 2596 2597
f 2599 2380 2379
f 2600 2446 2380
f 2600 2599 2598
f 2603 2600 2601
f 2603 2444 2446
f 2604 2603 2602
f 2440 2604 2605
f 2444 2603 2604
f 2606 2582 2581
f 2606 2607 2590
f 2591 2516 2582
f 9128 2587 2456
f 9141 2456 2372
f 2478 2477 2608
f 2609 2610 2611
f 2564 2570 2613
f 2612 2613 2598
f 2457 2612 2597
f 2565 2564 2612
f 2614 2613 2570
f 2615 2614 2578
f 2602 2601 2614
f 2601 2598 2613
f 2572 2434 2605
f 2616 2605 2602
f 2573 2572 2616
f 1459 1016 1045
f 1265 1215 1079
f 1612 1608 1609
f 2067 2057 2069
f 1135 1109 1136
f 1938 1937 2618
f 95 548 458
f 2058 1607 1608
f 1454 1469 1445
f 655 2620 1048
f 722 1049 2621
f 3665 3639 3634
f 1131 985 1033
f 562 1481 366
f 1723 1719 1725
f 1786 1123 1122
f 267 300 323
f 1325 2034 1654
f 1468 1165 1435
f 658 657 529
f 8 532 247
f 382 1557 1559
f 3631 3681 3680
f 788 619 1307
f 940 930 929
f 911 2622 2623
f 2621 2620 655
f 2624 1857 2625
f 998 1846 27
f 635 638 2626
f 2627 641 644
f 2628 2627 1840
f 1200 1199 2627
f 1199 1773 641
f 1520 515 49
f 1452 1350 1349
f 2630 2631 1859
f 644 643 1335
f 3683 3700 3699
f 1197 1198 717
f 2632 717 719
f 2628 2632 1166
f 2629 1197 2632
f 1762 2633 1050
f 1823 870 873
f 2634 2635 794
f 1042 794 2635
f 93 94 1901
f 2036 2038 1458
f 1527 332 1525
f 877 876 1274
f 134 409 797
f 1328 893 931
f 607 777 1091
f 1043 2635 2637
f 2636 2637 2639
f 1275 2636 2638
f 1275 1040 1043
f 1272 2624 2626
f 2640 2626 638
f 1110 2641 2640
f 536 1272 2640
f 1472 708 1474
f 2042 2030 1951
f 3668 3632 3633
f 1058 1106 1105
f 2642 2623 2643
f 1192 2642 2644
f 912 2623 2642
f 9350 1657 8970
f 1049 1048 2620
f 616 1829 1885
f 1331 1913 666
f 990 989 1198
f 1911 1912 321
f 1298 1282 1205
f 76 1490 1504
f 1502 1500 421
f 610 609 658
f 1146 937 659
f 2646 911 914
f 1280 1239 1238
f 1453 1454 1452
f 835 942 1843
f 1271 1270 1173
f 1893 1878 1826
f 1050 2633 1937
f 2651 2652 814
f 1006 1053 1281
f 2653 1084 2654
f 1001 1004 1003
f 585 997 679
f 2624 1272 621
f 555 678 2028
f 1207 526 1197
f 1626 1627 478
f 3729 3732 3731
f 3746 3749 3748
f 3770 3752 3750
f 426 389 419
f 1030 1193 1773
f 9350 645 634
f 534 1533 138
f 1125 1092 1042
f 333 228 88
f 569 1570 561
f 3691 3694 3693
f 1489 2656 871
f 1857 2624 620
f 1673 1674 9222
f 622 861 864
f 619 788 891
f 261 544 545
f 393 1555 1556
f 2658 2659 2647
f 1075 2658 2657
f 1081 1080 2658
f 1080 1139 2659
f 2644 2643 1141
f 2660 1141 1140
f 642 2660 1336
f 1193 2644 2660
f 679 678 555
f 3762 3765 3764
f 1503 1501 1500
f 1318 1317 1101
f 2661 2659 1139
f 2661 1142 2663
f 2662 2647 2659
f 2662 2663 2622
f 2664 2622 911
f 2648 2664 2646
f 2648 2647 2662
f 3586 3658 3779
f 2083 2094 2093
f 1442 1440 1437
f 3732 3734 3733
f 519 329 330
f 1885 2029 1209
f 799 800 805
f 1946 1943 1952
f 1302 1301 1253
f 3741 3738 3757
f 3660 3663 3662
f 566 2005 224
f 1389 940 928
f 683 682 681
f 836 835 1842
f 2665 1842 1845
f 2666 2665 1303
f 24 836 2665
f 831 1072 2650
f 1845 1844 1304
f 2010 2013 2012
f 1051 1936 2667
f 1522 1521 1511
f 531 440 441
f 1250 635 2625
f 2669 2625 1857
f 783 2669 1856
f 782 1250 2669
f 720 2670 2671
f 1055 1931 1930
f 1333 1067 1251
f 619 622 1308
f 652 655 2619
f 521 522 1539
f 1838 988 537
f 2672 537 536
f 1113 2672 2641
f 1113 527 1838
f 1016 1013 1351
f 9349 573 570
f 226 227 104
f 9008 9121 9279
f 1036 1037 1884
f 2674 1301 1304
f 2673 1304 1844
f 1334 2673 2675
f 1333 2674 2673
f 2676 702 1039
f 1843 2676 2675
f 942 1074 2676
f 1074 699 702
f 752 1057 1055
f 1200 1166 656
f 1120 1846 874
f 2677 874 877
f 1241 2677 1052
f 1119 1120 2677
f 1560 1513 151
f 1208 1316 611
f 215 735 736
f 1460 1459 1462
f 3717 3720 3719
f 1208 1207 1839
f 854 856 1282
f 3682 3697 3696
f 72 445 182
f 544 1563 1565
f 217 200 456
f 3673 3647 3781
f 2047 1404 930
f 1204 2618 1937
f 913 777 686
f 3705 3708 3707
f 840 527 1113
f 1531 729 730
f 2678 778 1283
f 601 667 1914
f 1537 1538 459
f 1819 1757 8953
f 991 1860 862
f 2679 711 1073
f 3776 3775 3581
f 2680 1830 983
f 779 2680 2256
f 778 2678 2680
f 2678 2679 1830
f 180 542 245
f 1886 1132 1131
f 3766 3768 3767
f 1138 1137 1274
f 3777 3778 3585
f 1841 598 1140
f 75 313 314
f 193 423 420
f 2681 2682 1099
f 3658 3586 3587
f 170 1567 1565
f 349 416 417
f 1121 1124 2684
f 547 797 409
f 123 122 121
f 2643 2663 1142
f 1542 1544 513
f 899 900 907
f 1210 677 676
f 791 663 982
f 24 27 837
f 893 896 932
f 1860 1320 863
f 535 538 862
f 3640 3684 3683
f 1569 1548 1547
f 181 455 542
f 660 659 937
f 2013 567 568
f 3781 3647 3644
f 887 890 2631
f 1524 1508 361
f 520 161 162
f 2653 855 854
f 1238 1237 2655
f 718 1838 527
f 1492 1493 518
f 792 616 615
f 599 846 1835
f 290 457 456
f 312 171 1552
f 1248 2687 1179
f 153 149 177
f 1240 1181 1222
f 1257 1292 1235
f 1291 1084 1083
f 1052 877 1277
f 743 742 2618
f 444 140 430
f 23 1224 1172
f 2687 2654 1180
f 102 103 409
f 1283 607 610
f 373 497 650
f 1180 2654 1084
f 855 2653 2655
f 1173 1270 1917
f 2689 850 853
f 2688 853 1108
f 2686 2688 1279
f 2687 2689 2688
f 2691 1302 1252
f 2690 1252 850
f 1248 2690 2689
f 1248 1247 2691
f 2692 617 24
f 2691 2692 2666
f 1247 1258 2692
f 1258 1168 617
f 394 1554 1555
f 2693 1260 1259
f 1072 1236 1262
f 1257 1071 1168
f 398 439 1555
f 871 1784 1314
f 1178 1232 1249
f 1224 1289 1173
f 1010 2617 2618
f 1175 1174 1292
f 2654 2687 2686
f 2694 1157 1216
f 71 418 1487
f 701 1112 1111
f 1072 1261 2649
f 1085 2695 22
f 895 2694 1264
f 1601 1606 1605
f 1259 1262 1271
f 21 20 1220
f 988 991 538
f 3533 3479 3535
f 598 597 1336
f 1050 860 818
f 1298 2645 1761
f 1168 1167 618
f 3629 3671 3670
f 858 1168 1256
f 39 242 516
f 2652 1761 819
f 313 316 315
f 2026 1970 1971
f 2656 1489 596
f 814 819 818
f 2696 2651 813
f 1260 2696 2649
f 2693 2697 2696
f 2697 1296 2651
f 381 355 390
f 9270 9271 1611
f 1475 1427 1428
f 1292 1174 1917
f 1551 353 354
f 1526 1525 1523
f 1593 1589 1595
f 1232 1269 1246
f 2695 2693 1223
f 2698 1297 1296
f 2698 2697 2693
f 2685 2698 2695
f 2685 854 1297
f 562 1497 271
f 2652 2651 1296
f 1365 1366 1364
f 1958 1946 1953
f 585 588 2210
f 1561 1560 1515
f 975 2648 1146
f 347 67 68
f 1038 1111 636
f 2700 781 780
f 2699 780 1036
f 2701 2699 1883
f 851 2700 2699
f 2674 1333 2251
f 2702 2251 781
f 1253 2702 2700
f 1301 2674 2702
f 1519 387 388
f 1273 1239 1280
f 2703 1280 1107
f 2701 2703 852
f 1829 1273 2703
f 91 260 326
f 1784 871 2656
f 2683 2684 2705
f 604 1894 8943
f 1669 8978 8992
f 2062 2063 2060
f 621 535 861
f 2023 731 732
f 686 779 1263
f 857 1051 2668
f 883 830 882
f 3648 3651 3650
f 637 636 1111
f 2668 894 893
f 3692 3712 3711
f 2667 921 894
f 1039 1038 1068
f 313 75 1504
f 1911 1972 305
f 1936 2706 1964
f 2707 2402 2401
f 2708 2707 2183
f 738 2163 2116
f 3785 3787 3709
f 2349 2348 2432
f 2711 2712 2020
f 2400 2711 2019
f 2714 2715 2716
f 2717 2718 2719
f 2721 2722 2723
f 2726 2727 2728
f 2725 2728 2730
f 2731 2725 2729
f 2732 2726 2725
f 2734 2735 2736
f 2738 2739 2740
f 2737 2740 2741
f 2744 2745 2746
f 2745 2744 2748
f 2749 2750 2747
f 2753 2749 2751
f 2250 1380 2246
f 3417 3420 3419
f 2754 1396 1614
f 9050 2754 2755
f 9060 2745 2747
f 1617 2756 2755
f 2242 2758 1620
f 3429 3432 3431
f 2191 2085 2760
f 2761 2759 2760
f 9100 2759 2761
f 9075 2191 2759
f 3209 3460 3354
f 1395 1394 2236
f 1395 2235 1636
f 3741 3791 3790
f 1616 1635 2229
f 3410 3413 3412
f 1617 2234 2763
f 2756 2763 9080
f 2765 2763 2234
f 2766 2764 9080
f 3202 3199 3458
f 1516 437 435
f 2768 2769 8996
f 1495 541 578
f 2135 2136 28
f 8970 8984 2773
f 1690 1689 9378
f 2778 2779 2780
f 2777 2780 2781
f 2784 2778 2777
f 8999 8965 575
f 1494 1904 9
f 8973 2016 2015
f 451 61 505
f 2786 2787 2788
f 2779 2786 2785
f 2789 2752 2741
f 2790 2753 2752
f 2792 2793 2794
f 2793 2795 2796
f 2796 2797 2750
f 2794 2796 2749
f 2798 1393 1396
f 9043 2798 2754
f 2798 2799 2800
f 9043 9114 2799
f 2797 2796 2795
f 2791 2794 2753
f 216 233 232
f 9256 2806 2807
f 9257 2809 2804
f 2769 2810 9001
f 183 185 184
f 2811 2812 2775
f 2804 2811 2776
f 2809 2813 2811
f 2812 2811 2813
f 9257 2808 2816
f 9248 2818 2815
f 9250 9252 2820
f 9245 2823 2819
f 2824 2736 2735
f 2823 2825 2824
f 2825 2823 2826
f 9245 2822 2827
f 9248 2817 2826
f 2713 2716 2829
f 2828 2829 2831
f 2822 2821 2828
f 2821 2820 2713
f 2832 2827 2822
f 2833 2832 2830
f 2834 2835 2832
f 2835 2818 2827
f 2837 2838 2839
f 2836 2839 2841
f 2842 2836 2840
f 2843 2837 2836
f 2840 2841 2845
f 2718 2844 2845
f 2730 2728 2844
f 2727 2840 2844
f 2846 2845 2841
f 2829 2846 2847
f 2847 2841 2839
f 2848 2839 2838
f 2833 2848 2849
f 2831 2847 2848
f 2850 2814 2851
f 2853 2850 2852
f 2783 2777 2782
f 2785 2788 2853
f 2780 2785 2856
f 2857 2858 2855
f 2859 2857 2782
f 2861 2843 2842
f 2860 2842 2727
f 2862 2860 2726
f 2863 2861 2860
f 2861 2863 2858
f 2843 2861 2857
f 2856 2853 2854
f 2781 2856 2864
f 2837 2843 2859
f 2838 2837 2864
f 2852 2851 2834
f 2854 2852 2849
f 2865 2815 2818
f 2851 2865 2835
f 2813 2809 2815
f 2814 2813 2865
f 2866 2812 2814
f 2788 2866 2850
f 2866 2788 2787
f 2812 2866 2867
f 1892 1889 1890
f 2720 2719 2846
f 298 299 256
f 2872 2714 2713
f 9246 9252 2735
f 2729 2730 2874
f 2846 2716 2715
f 2876 2877 2878
f 2733 2875 2878
f 9258 9259 2879
f 9258 2880 2872
f 2882 2883 2884
f 2881 2884 2715
f 2880 2881 2714
f 2879 2882 2881
f 2885 2886 2887
f 2888 2889 2890
f 2885 2890 2892
f 2893 2886 2885
f 1942 2151 2532
f 2895 2892 2720
f 2884 2895 2870
f 2883 2896 2895
f 2896 2891 2892
f 2889 2874 2717
f 2890 2717 2720
f 2897 2893 2891
f 2898 2897 2896
f 2899 2898 2883
f 2900 2899 2882
f 9249 2900 2879
f 2876 2902 2901
f 2901 2902 2904
f 1785 2656 1835
f 2905 2906 2899
f 2907 2908 2897
f 9249 2901 2903
f 632 576 577
f 8976 8991 2867
f 434 385 550
f 2768 2770 9092
f 2910 2911 1623
f 2241 2912 2758
f 9092 2770 2913
f 1623 2911 2757
f 9039 2242 2757
f 2229 1381 1380
f 2765 1630 1629
f 2915 2914 1629
f 9094 9093 2914
f 9093 9074 2765
f 2919 2916 9094
f 2918 2915 2912
f 9066 2918 2241
f 9070 2919 9065
f 8985 2177 2180
f 8965 2002 2188
f 3694 3626 3627
f 9157 9017 714
f 2925 2766 2917
f 2924 2917 2916
f 9062 2924 2919
f 9063 2925 2924
f 2926 2927 2766
f 9110 2926 2925
f 1715 1713 1705
f 785 497 498
f 1387 651 565
f 374 375 1899
f 9017 2203 2206
f 2929 2930 2886
f 2932 2933 2934
f 1905 1906 1908
f 2930 2935 2936
f 2938 2935 2930
f 1493 369 517
f 1603 1585 1586
f 2939 2938 2929
f 2940 2939 2908
f 9117 1707 1600
f 2886 2930 2937
f 2906 2907 2898
f 2908 2929 2893
f 2942 2934 2933
f 2941 2933 2937
f 8945 2941 2936
f 8942 2942 2941
f 2943 2944 2710
f 2943 2873 2874
f 2945 2943 2889
f 2946 2944 2943
f 2932 2945 2888
f 2931 2946 2945
f 727 1928 1929
f 2903 2904 2947
f 545 594 42
f 1480 1570 533
f 2907 2906 2949
f 2906 2905 2950
f 1558 452 215
f 9251 2903 2948
f 2054 1645 1644
f 9157 9136 2203
f 1828 1837 1849
f 2953 2954 2955
f 2952 2955 2957
f 2956 2261 2258
f 2953 2952 2258
f 2454 2455 2474
f 9199 2958 2959
f 9199 2132 2131
f 2961 2962 2963
f 2958 2963 2964
f 222 221 2485
f 2477 2226 2966
f 2631 2561 2006
f 2384 2454 2496
f 2967 2968 2959
f 2968 2967 2970
f 9211 2033 2971
f 9236 2971 2960
f 2972 2971 2033
f 2007 2377 2973
f 9004 9003 2134
f 1836 1833 1832
f 8950 2188 2090
f 955 810 959
f 672 675 674
f 633 710 713
f 2024 732 733
f 2025 2024 803
f 425 1552 1550
f 2975 2976 888
f 1319 1158 1157
f 1212 1935 2977
f 889 957 2228
f 1978 1974 1975
f 1138 1078 1329
f 751 665 2979
f 1619 1613 1625
f 2252 2255 1728
f 1157 1160 845
f 2706 1936 1938
f 2980 2255 2254
f 2982 2975 887
f 802 712 711
f 678 677 2029
f 527 840 690
f 1839 1207 2629
f 2983 2984 602
f 2983 1914 1913
f 2985 2983 1331
f 2986 2984 2983
f 2987 2637 2635
f 2985 2988 2639
f 2990 1319 1318
f 2991 2992 2993
f 2995 2991 2994
f 1106 1058 2991
f 1058 1057 2992
f 1415 1406 1365
f 1317 922 2217
f 1932 1728 2255
f 926 2998 2999
f 3001 2993 2992
f 3000 2992 1057
f 2999 3000 2978
f 2998 3001 3000
f 3002 2998 2209
f 3002 3003 2996
f 2993 3001 3002
f 1103 1106 2995
f 3004 2995 2996
f 2209 2210 3004
f 588 1103 3004
f 295 296 433
f 2638 2639 2988
f 3005 2988 1056
f 1305 3005 1930
f 1276 2638 3005
f 1987 1968 1993
f 2633 1762 1761
f 1423 1422 1417
f 9005 8961 739
f 2671 2670 2704
f 1473 1872 2035
f 922 1317 2694
f 1401 1400 1378
f 556 2028 1884
f 842 848 9277
f 1854 2706 2617
f 933 1082 1081
f 1440 1441 1436
f 529 657 719
f 1031 1025 1027
f 777 913 912
f 2645 1205 1204
f 441 438 1538
f 3771 3774 3773
f 790 1287 587
f 2065 2066 1610
f 1860 991 990
f 60 106 87
f 1424 1017 1948
f 332 1527 1507
f 261 262 138
f 187 188 449
f 1719 1720 1726
f 1931 1055 1059
f 3006 1059 1105
f 1287 3006 1104
f 1286 1931 3006
f 3007 3008 3009
f 3009 3008 653
f 618 999 26
f 2029 677 1210
f 957 601 600
f 1049 2146 2228
f 2631 890 3011
f 890 889 2227
f 3011 2227 2145
f 2561 3011 3012
f 1026 656 609
f 2706 1854 1961
f 3013 2965 2485
f 2148 2147 1267
f 3015 1267 1266
f 2997 2264 1101
f 642 641 1773
f 186 477 461
f 1041 1040 1320
f 1121 3016 3017
f 2984 2986 2987
f 3018 2987 2634
f 1048 603 3018
f 603 602 2984
f 2679 2678 801
f 2062 2072 2074
f 2061 2074 2076
f 414 303 1545
f 3016 1121 2683
f 3019 2683 2704
f 3020 3019 2670
f 3007 3016 3019
f 1871 1090 1091
f 3021 1787 1122
f 3022 3021 3017
f 1314 3021 3022
f 1784 1787 3021
f 1316 1315 1763
f 3023 3022 3010
f 3023 3009 795
f 1763 3023 1092
f 1315 3022 3023
f 3016 3007 3010
f 752 751 2978
f 2986 2639 2637
f 3024 654 653
f 3020 3024 3008
f 720 723 3024
f 723 2621 654
f 2681 1098 1268
f 2671 3025 1268
f 2705 2681 3025
f 1313 3026 3027
f 3026 3028 3029
f 3027 3029 3030
f 1311 3027 3031
f 2012 568 731
f 917 2657 974
f 3742 3745 3744
f 743 1206 856
f 1888 2027 2030
f 2682 2705 2684
f 3032 2684 1124
f 1100 3032 2989
f 1099 2682 3032
f 1123 2990 2989
f 3033 1834 1159
f 2990 3033 1158
f 1123 1786 3033
f 1786 1785 1834
f 1054 1056 2988
f 2979 665 664
f 2623 2622 2663
f 1095 660 688
f 3034 3035 2261
f 3036 3034 2956
f 3037 3038 3034
f 3038 3039 3035
f 3040 3041 3026
f 2263 3042 3041
f 3042 3039 3043
f 3041 3043 3028
f 3044 3045 3043
f 3046 3047 3045
f 3047 3048 3049
f 3043 3045 3049
f 3038 3037 3051
f 3050 3051 3053
f 3052 3046 3044
f 3039 3038 3050
f 3054 3035 3039
f 3042 2263 2262
f 2261 3035 3054
f 2216 2263 2997
f 2212 2211 2667
f 3056 868 2209
f 934 3057 1961
f 2013 9207 9209
f 3058 3059 3060
f 3059 3062 3063
f 3060 3063 2213
f 3061 3060 1963
f 3063 3064 2214
f 3062 3065 3064
f 3065 2257 2260
f 3064 2260 2215
f 3066 3067 3031
f 2608 2966 3067
f 2966 2562 3068
f 3031 3067 3068
f 2455 2458 2461
f 2476 2223 2226
f 8995 2090 2089
f 8970 2774 9221
f 433 354 355
f 2115 1423 1419
f 8953 2868 2922
f 9221 9189 2131
f 3069 2611 2167
f 2971 2972 2928
f 2961 2774 2773
f 3070 2475 2478
f 2610 2609 3071
f 2502 2371 2374
f 3072 2592 2595
f 2964 3046 3052
f 3048 2593 3074
f 2593 2592 3075
f 3075 3030 3029
f 3074 3029 3028
f 3072 3076 3075
f 3076 3072 2482
f 2481 2608 3066
f 3076 3066 3030
f 2967 3052 3053
f 2482 3072 3073
f 479 480 493
f 706 9352 9325
f 9005 2194 2221
f 2013 2010 9206
f 8977 2032 2016
f 9006 8963 2222
f 1171 1154 1155
f 3782 3644 3689
f 2586 2566 2565
f 2982 110 113
f 2562 2376 3077
f 2376 2375 3012
f 3012 2145 2148
f 3077 2148 3015
f 2963 3047 3046
f 3051 3078 2970
f 1683 2173 491
f 9302 2122 1447
f 1986 2181 9186
f 3079 3080 2546
f 3081 3079 2575
f 1983 1986 9220
f 3082 2323 2319
f 3080 3082 2545
f 9186 9184 3082
f 9184 9200 2323
f 1309 1471 1888
f 3073 2595 2772
f 2760 3083 3084
f 2760 2085 2088
f 3085 3084 3086
f 3089 3085 3090
f 3089 2762 3084
f 3092 3088 3090
f 3093 2748 2744
f 2751 2747 2748
f 3093 2741 2752
f 2742 2741 3093
f 3094 3093 2743
f 3096 3097 3098
f 3099 3096 3087
f 3097 3094 3095
f 3100 2743 2746
f 3101 2927 3102
f 2764 2766 2927
f 2745 2764 3101
f 3102 3092 3091
f 3100 3091 3095
f 2869 2802 9044
f 3102 3103 3104
f 9110 2868 2869
f 2927 2926 3103
f 3098 3095 3091
f 3087 3098 3090
f 2088 2125 3105
f 3083 3105 3086
f 2483 3073 2771
f 2401 2186 2185
f 3099 3086 3105
f 2125 2207 3106
f 3108 2737 2742
f 3107 2742 3094
f 3110 3108 3107
f 3109 3107 3097
f 3111 3109 3096
f 3112 3110 3109
f 3113 2738 2737
f 3115 2723 2722
f 3117 3115 3114
f 3119 3117 3116
f 3118 3116 3120
f 3116 3114 3113
f 3122 3112 3111
f 3122 3123 1755
f 3124 3125 3126
f 3125 3118 3121
f 3128 3119 3118
f 3129 3128 3125
f 2020 2712 3128
f 9305 9309 1346
f 1065 1046 1047
f 1814 9290 9282
f 2021 2020 3129
f 3111 3099 3106
f 3123 3106 2207
f 2377 2225 2224
f 3014 2485 113
f 1756 2208 9234
f 3131 3132 2530
f 3133 3131 2528
f 1753 1756 9219
f 3134 3124 3127
f 2327 2408 2314
f 2436 2318 2317
f 2018 2021 9163
f 2534 3136 3137
f 2320 2322 3136
f 2185 2018 9164
f 3138 3139 2542
f 3134 3135 9196
f 9237 3130 3134
f 3140 3138 2539
f 2535 3137 3140
f 9163 2021 3130
f 2558 2530 3132
f 9234 9212 3141
f 2560 2558 3141
f 9212 9229 3142
f 958 888 2976
f 1933 1932 2980
f 3714 3704 3729
f 2399 2424 2418
f 2348 2342 2343
f 2322 2320 2319
f 2718 2717 2874
f 2709 2729 2873
f 2894 2871 1361
f 3788 3789 3720
f 346 289 176
f 1876 1877 1882
f 2802 2803 9059
f 3104 3144 3088
f 2974 2222 9101
f 3089 3145 2761
f 3088 3144 3145
f 2803 2974 9055
f 9322 9361 692
f 2123 1419 1418
f 1365 1363 1368
f 3346 3345 3344
f 1581 1766 1782
f 9013 2202 2129
f 8999 2003 2002
f 3146 2585 2551
f 9203 3146 3147
f 9194 3149 3146
f 3149 2584 2585
f 3196 3198 3197
f 9056 2192 2191
f 3142 3150 2556
f 9229 9230 3150
f 9098 3152 2550
f 3150 3151 2555
f 9230 9232 3151
f 9240 9233 3152
f 3153 3147 2551
f 3152 3153 2549
f 9233 9228 3153
f 9228 9202 3147
f 3148 2767 2206
f 2183 2401 2321
f 2132 2960 2928
f 3299 3300 3321
f 9136 9137 2204
f 9171 2198 2197
f 2594 2962 2773
f 2595 2594 2951
f 1870 798 799
f 3257 3260 3259
f 9165 2179 2178
f 9158 2178 9188
f 336 3154 9226
f 339 3155 3154
f 9241 9135 3149
f 9135 9149 2584
f 2963 2962 3048
f 9174 9182 337
f 339 338 2566
f 3156 3157 2168
f 2610 3156 2167
f 2954 2953 3156
f 3157 3156 2953
f 9159 2166 2169
f 2567 3158 3159
f 337 3158 2567
f 9182 3069 2166
f 9216 2190 1983
f 2579 3160 3081
f 2568 3159 3160
f 9161 2169 2190
f 3065 3062 3162
f 3161 3162 1984
f 3157 3161 2189
f 2257 3065 3161
f 734 735 1922
f 3059 3058 2708
f 3163 2708 2182
f 3162 3163 1985
f 3062 3059 3163
f 3203 3206 3205
f 3806 3809 3808
f 2122 2119 1448
f 9269 1686 1685
f 139 140 444
f 1570 569 566
f 2957 3164 3165
f 2955 3166 3164
f 1912 454 341
f 3130 3129 3124
f 1548 322 319
f 1949 1950 1327
f 2969 2970 3078
f 3167 3078 3169
f 9176 2014 2017
f 9172 2017 2033
f 3168 3169 3165
f 3170 3165 3164
f 9231 3170 3171
f 9176 3168 3170
f 3171 3164 3166
f 3172 3166 3071
f 9204 3172 3173
f 9208 3171 3172
f 3169 3037 3036
f 2593 3048 2962
f 3173 3071 2609
f 3174 2609 2199
f 9235 3174 2198
f 9201 3173 3174
f 2190 2189 1984
f 2196 2195 2767
f 3326 3329 3328
f 2119 2120 1414
f 1464 1463 1466
f 2199 2611 3069
f 2457 2456 2587
f 2226 2225 2562
f 481 478 1627
f 333 1512 235
f 3078 3051 3037
f 3040 2264 2997
f 3351 3352 3262
f 2219 1934 1933
f 2385 2384 2497
f 221 2220 3175
f 2220 1933 3143
f 3175 3143 2976
f 2484 3175 2975
f 2954 3071 3166
f 2630 1858 110
f 1547 319 1952
f 2091 2090 2188
f 9185 9188 2178
f 1918 1919 1927
f 9007 112 111
f 3398 3401 3400
f 955 956 960
f 2037 3014 112
f 3143 2980 2981
f 2218 2211 2214
f 672 9329 9239
f 2152 3013 3014
f 1147 1144 1143
f 2248 2246 1409
f 1615 1636 1635
f 1410 1409 2246
f 3486 3488 3487
f 3468 3469 3502
f 3451 3453 3452
f 1382 3176 3177
f 3177 1410 2247
f 2247 1383 3177
f 3176 2238 2230
f 1410 3177 3179
f 3179 3180 2243
f 1633 3181 2800
f 3816 3818 3817
f 1621 1620 2758
f 3642 3801 3662
f 3422 3421 3260
f 1622 1621 2245
f 2236 1394 3181
f 3793 3796 3795
f 3493 3496 3495
f 2237 2236 3182
f 3513 3516 3515
f 2250 1631 2233
f 3654 3666 3667
f 2912 1629 1628
f 3819 3822 3821
f 3432 3824 3823
f 135 136 1564
f 1567 419 512
f 1085 1084 2653
f 3184 869 868
f 869 3184 3057
f 3389 3388 3387
f 1266 1268 1098
f 1267 2147 722
f 937 1146 2646
f 2146 1049 722
f 2211 2218 921
f 1957 510 507
f 1313 1312 2264
f 1496 362 1493
f 2887 2937 2933
f 1687 1688 1659
f 145 1499 1498
f 3831 3829 3830
f 37 38 418
f 1935 1934 3185
f 104 89 301
f 2101 2098 2083
f 543 298 360
f 1934 2219 3186
f 234 1521 212
f 9297 9273 1822
f 3825 3828 3827
f 1976 1875 1874
f 223 3186 2219
f 9107 9108 9057
f 2165 2164 467
f 467 468 2165
f 773 476 2165
f 3673 3658 3659
f 1935 1212 1728
f 3490 3491 3840
f 3362 3359 3848
f 3862 3865 3864
f 3465 3466 3484
f 3893 3894 3525
f 3352 3351 3430
f 3869 3872 3871
f 3529 3530 3567
f 3420 3417 3922
f 3304 3235 3236
f 3929 3932 3931
f 3324 3326 3327
f 3219 3937 3939
f 3220 3938 3937
f 3450 3375 3376
f 3942 3832 3833
f 3215 3216 3454
f 3946 3332 3215
f 3422 3949 3948
f 3950 3457 3198
f 3205 3206 3957
f 3261 3962 3961
f 3852 3853 3964
f 3214 3211 3946
f 3965 3213 3214
f 3797 3800 3799
f 3988 3991 3990
f 3777 3779 3806
f 3855 3858 3447
f 3737 3799 3800
f 3949 3953 3952
f 3651 3782 3783
f 4001 3784 3787
f 4019 4022 4021
f 4027 4030 4029
f 3258 3259 4030
f 4033 4036 4035
f 3424 3425 4047
f 3242 3243 4058
f 3970 3489 3547
f 3829 3242 4057
f 3333 3332 3947
f 4063 4068 4065
f 4073 4076 4075
f 3568 3456 3443
f 3981 3334 3335
f 3540 3915 3862
f 4078 4079 4031
f 3565 3566 4088
f 3442 3455 4089
f 4092 4095 4094
f 4093 4094 4097
f 3619 3620 3623
f 3660 4098 3821
f 3809 3648 3649
f 3610 3652 3655
f 3656 3622 3623
f 3621 3803 3804
f 3503 3480 3481
f 3436 3439 3438
f 3356 3428 3427
f 3628 3670 3669
f 3734 3811 4002
f 3276 3273 3370
f 3763 4106 4107
f 4006 4007 3754
f 3747 3751 3752
f 3863 3864 4110
f 3994 3891 4003
f 3653 3801 3664
f 3296 4116 4115
f 4117 4120 4119
f 3249 3252 3251
f 4127 4130 4129
f 3478 3575 3903
f 3410 4136 3921
f 3977 4061 4038
f 3216 3452 3453
f 3967 3547 3548
f 4140 4078 4032
f 3509 4086 4149
f 4151 4152 3659
f 4153 4152 3656
f 4153 4154 3646
f 4156 3688 3645
f 4139 4077 4078
f 3743 3744 4163
f 3861 3918 3987
f 3468 4066 4067
f 3306 3981 3980
f 4172 4173 4010
f 4169 4170 3836
f 4187 4190 4189
f 4213 4216 4215
f 4220 4223 4222
f 4225 4226 4211
f 4230 4233 4232
f 4240 4243 4242
f 3606 3609 3608
f 4250 4253 4252
f 4258 4261 4260
f 4077 4080 4079
f 4276 4279 4278
f 4308 4262 4263
f 4017 4018 3872
f 3196 3193 3951
f 4316 4317 4270
f 3870 4306 4307
f 4324 4327 4326
f 4333 4334 4247
f 4338 4341 4340
f 4348 4351 4350
f 4283 4284 4289
f 4356 4359 4358
f 4359 4019 4020
f 4362 4363 4196
f 4320 4364 4279
f 4370 4372 4296
f 4377 4253 4303
f 4231 4232 4201
f 4203 4212 4331
f 4037 4040 4039
f 4371 4265 4386
f 4387 4346 4347
f 3309 3293 3294
f 4099 3723 3724
f 4355 3422 3257
f 3630 3680 3693
f 4277 4278 4302
f 4350 4318 4319
f 4353 4354 4351
f 3637 3634 3639
f 4394 4395 3827
f 3311 3312 4399
f 3755 3708 4005
f 4363 4362 4259
f 3454 3453 3919
f 3446 3447 3459
f 4298 4299 4404
f 3749 3746 3769
f 3791 3741 3756
f 3643 3685 3684
f 3845 3846 3399
f 4313 3257 3258
f 4411 4413 4408
f 3843 4424 4423
f 4214 4215 4329
f 4431 4434 4433
f 3918 3861 3798
f 3927 3928 3388
f 4453 3893 3874
f 4138 4458 4457
f 3346 4460 4459
f 4100 4109 4108
f 3974 3977 3976
f 3665 3655 3652
f 3773 3565 3993
f 3945 3454 3920
f 4144 4463 4462
f 4464 4467 4466
f 3268 4142 4479
f 4484 3921 4136
f 3348 3914 4487
f 3313 3314 3912
f 3803 3621 3617
f 4086 3509 3510
f 4034 3304 3305
f 3403 3404 4171
f 4481 4482 4492
f 4177 4180 4179
f 4398 4170 3923
f 4451 4493 4494
f 4501 4075 4076
f 4509 4510 4506
f 3304 4034 4462
f 4485 4399 3312
f 3419 4488 3349
f 4356 4345 4385
f 4026 4354 4358
f 4354 4353 4357
f 3599 3596 4091
f 4341 4338 4254
f 4251 4252 4524
f 3482 3485 3484
f 3843 3543 3544
f 4295 4341 4274
f 4381 4530 4206
f 4204 4205 4531
f 4533 4536 4535
f 4542 4545 4544
f 4546 4549 4548
f 4573 4574 4547
f 4575 4578 4577
f 4221 4581 4580
f 4587 4590 4589
f 4328 4592 4589
f 4187 4565 4563
f 4595 4583 4593
f 4597 4605 4604
f 4609 4608 4611
f 4620 4623 4622
f 4612 4615 4614
f 4636 4638 4600
f 4649 4651 4650
f 4652 4655 4654
f 4662 4665 4664
f 4666 4669 4668
f 4637 4639 4685
f 4627 4701 4700
f 4684 4686 4636
f 4663 4689 4661
f 4699 4698 4697
f 4647 4648 4703
f 4709 4711 4603
f 4724 4633 4726
f 4742 4745 4744
f 3311 3923 3924
f 4698 4759 4758
f 4749 4765 4609
f 4342 4345 4344
f 4797 4800 4799
f 4490 4048 3974
f 4019 4359 4306
f 4512 3955 4514
f 3991 3988 4508
f 4692 4695 4694
f 4680 4681 4818
f 4821 4822 4824
f 4367 4239 4243
f 4833 4832 4831
f 4837 4744 4757
f 4332 4563 4562
f 4683 4835 4819
f 4845 4843 4850
f 4751 4753 4752
f 4854 4855 4695
f 4858 4719 4718
f 4822 4559 4859
f 4674 4646 4647
f 4771 4774 4773
f 4726 4727 4537
f 4714 4718 4719
f 4633 4634 4688
f 4616 4619 4618
f 4686 4684 4842
f 4869 4707 4708
f 3502 3868 3528
f 4777 4660 4737
f 4734 4732 4779
f 4883 4755 4663
f 4375 4294 4274
f 4290 4343 4335
f 4816 4815 4812
f 4778 4779 4732
f 4158 3710 4160
f 4195 4198 4197
f 3860 3861 4166
f 3758 3759 3763
f 3694 3691 4157
f 4249 4248 4391
f 3467 3470 3469
f 4209 4212 4211
f 4142 3268 4144
f 3615 3614 3617
f 3479 3480 3536
f 4883 4753 4672
f 4802 4801 4642
f 3698 3637 3638
f 4105 3725 3726
f 4848 4645 4896
f 4878 4877 4744
f 4610 4874 4748
f 4036 3403 4489
f 4355 4313 4314
f 4171 4141 4049
f 3875 3452 3216
f 4868 4865 4863
f 4623 4900 4691
f 3629 3626 4155
f 4654 4887 4898
f 4012 4015 4014
f 4902 4903 4866
f 4768 4769 4908
f 4370 4386 4385
f 4888 4860 4914
f 3546 3543 3917
f 4932 4926 4931
f 3625 3622 4151
f 3804 3669 3670
f 3816 4104 4103
f 4911 4898 4887
f 4928 4930 4927
f 4925 4929 4927
f 3655 3665 3666
f 4932 4919 4910
f 4937 4923 4912
f 4939 4938 4942
f 4228 4529 4530
f 4946 4945 4942
f 4938 4922 4923
f 4942 4938 4937
f 4951 4950 4930
f 4955 4951 4928
f 4748 4750 4615
f 4914 4860 4847
f 4824 4859 4584
f 4940 4939 4941
f 4916 4961 4960
f 4909 4907 4891
f 4971 4967 4968
f 4966 4970 4948
f 4962 4952 4953
f 4940 4935 4924
f 4831 4916 4917
f 4935 4936 4925
f 4275 4255 4261
f 4679 4758 4791
f 4016 4309 4373
f 4668 4764 4766
f 4539 4537 4727
f 4929 4925 4936
f 4775 4776 4801
f 4801 4776 4742
f 4732 4734 4611
f 4985 4984 4983
f 4534 4586 4562
f 4847 4644 4645
f 4788 4787 4619
f 4787 4788 4678
f 4657 4606 4605
f 4994 4996 4878
f 5006 5009 5008
f 5001 5003 4973
f 4814 4618 4619
f 5014 4989 4974
f 5003 5002 4972
f 5019 5006 5007
f 5024 5016 5017
f 5036 5037 5035
f 4990 5019 4975
f 5045 5033 5034
f 5048 5049 5034
f 5025 5017 5014
f 5046 5038 5043
f 5051 5052 5055
f 5044 5050 5060
f 5011 4981 5021
f 5013 5069 5068
f 5028 5073 5072
f 5077 5074 5064
f 5065 5080 5079
f 5083 5079 5080
f 5063 5067 5080
f 5054 5055 5071
f 4602 4603 4711
f 5058 5082 5083
f 4982 4983 4792
f 5041 5033 5045
f 3909 3911 3278
f 3471 3474 3473
f 5002 5003 4994
f 5060 5080 5067
f 4892 4861 4862
f 4891 4813 4884
f 4996 4994 5003
f 4997 5015 5005
f 4813 4617 4614
f 4618 4814 4827
f 5089 5090 5093
f 3303 3306 3305
f 5100 5103 5102
f 5107 5110 5109
f 5110 5115 5092
f 4610 4611 4734
f 5112 5103 5100
f 5088 5091 5090
f 5119 5118 5117
f 5092 5115 5096
f 3826 3830 3829
f 5108 5109 5102
f 5100 5130 5087
f 5118 5131 5133
f 3783 3689 3690
f 4444 4447 4446
f 5151 5153 5150
f 4790 4616 4617
f 4332 4182 4190
f 3266 3267 4451
f 3211 3947 3332
f 4741 4796 4760
f 4775 4778 4777
f 4764 4665 4691
f 4489 4171 4048
f 4466 4477 4511
f 4518 3936 3930
f 4786 4787 4791
f 4980 5005 4984
f 5144 5152 5150
f 5159 5146 5148
f 5121 5119 5120
f 5169 5164 5162
f 5016 4978 4979
f 5123 5180 5179
f 5181 5180 5140
f 5175 5185 5184
f 4575 4581 4586
f 4984 4985 4976
f 4596 4599 4598
f 5182 5181 5183
f 4785 4619 4787
f 5137 5124 5122
f 5167 5179 5180
f 4835 4683 4898
f 4687 4727 4726
f 4176 3836 4170
f 4760 4761 4655
f 4681 4680 4649
f 5121 5093 5132
f 5171 5191 5178
f 5174 5178 5191
f 5169 5193 5194
f 4909 5094 5095
f 5105 5104 5112
f 4767 5108 5126
f 5201 5202 5205
f 5219 5218 5217
f 5229 5214 5200
f 5234 5237 5236
f 4069 4072 4071
f 4724 4725 4717
f 5108 4767 4768
f 5103 5195 5126
f 5227 5218 5211
f 5015 4997 4884
f 4997 4998 4892
f 5197 5198 5215
f 5241 5199 5247
f 5013 4975 5019
f 5205 5239 5232
f 4969 4967 4971
f 5239 5205 5249
f 4808 5243 5225
f 5216 5247 5199
f 5253 5245 5242
f 5235 5236 5255
f 5135 5148 5157
f 5264 5260 5267
f 5245 5203 5215
f 5260 5261 5269
f 5264 5266 5274
f 5154 5153 5173
f 5287 5272 5278
f 5256 5301 5300
f 5173 5174 5176
f 4631 4630 4629
f 4781 4784 4783
f 5309 5307 5311
f 5155 5156 5144
f 4826 4828 4827
f 5291 5295 5308
f 5310 5311 5281
f 5311 5307 5308
f 4036 4033 4176
f 4641 4716 4704
f 5220 5224 4804
f 4770 5206 5207
f 5188 5185 5175
f 5180 5123 5129
f 4626 4700 5314
f 4731 4728 5315
f 5222 5213 5210
f 4728 4882 5316
f 5230 5219 5216
f 5297 5296 5240
f 5204 5233 5208
f 5318 4868 4864
f 5273 5272 5287
f 5221 5210 5219
f 4700 4902 5321
f 5313 5314 5328
f 5157 5149 5154
f 5275 5276 5263
f 5324 5322 5318
f 5323 5332 5331
f 5343 5334 5345
f 5306 5310 5286
f 5278 5281 5311
f 4882 4625 5320
f 5109 5110 5114
f 5123 5087 5130
f 5299 5283 5284
f 5240 5198 5199
f 5229 5231 5197
f 5305 5302 5292
f 5233 5228 5225
f 5192 5190 5194
f 5104 5105 4670
f 5146 5159 5160
f 5337 5340 5347
f 5347 5340 5341
f 5353 5346 5335
f 5349 5355 5354
f 5355 5358 5357
f 5358 5355 5360
f 5355 5349 5348
f 5342 5366 5365
f 5345 5346 5362
f 5332 5364 5367
f 5372 5371 5315
f 5370 5365 5366
f 5361 5356 5354
f 5364 5365 5368
f 5369 5344 5362
f 5316 5320 5330
f 5373 5359 5371
f 5341 5342 5364
f 5374 5358 5359
f 5329 5376 5375
f 5377 5380 5379
f 5377 5376 5331
f 5380 5377 5367
f 5363 5383 5370
f 5357 5358 5374
f 5381 5385 5361
f 4814 4815 4825
f 4825 4815 4816
f 4806 4746 4747
f 5119 5121 5131
f 4696 4697 4893
f 4696 5389 5390
f 5213 5222 5388
f 5393 5389 5388
f 5380 5382 5384
f 5213 5387 4893
f 4813 4891 4908
f 5390 5392 4693
f 5294 5289 5287
f 5184 5185 5186
f 5285 5275 5253
f 4769 4789 4790
f 5327 5371 5359
f 4598 4621 4690
f 4608 4606 4733
f 4627 4624 4609
f 4596 4604 4851
f 4900 4623 4706
f 4668 4795 5395
f 4863 4865 4639
f 5392 5393 4666
f 4872 4650 4651
f 4807 4791 4758
f 5348 5338 5325
f 5176 5191 5190
f 5046 5031 5022
f 4853 4852 4869
f 5346 5353 5363
f 4709 4880 4620
f 4672 4673 4904
f 4680 4811 4651
f 4841 4844 4688
f 4823 4817 4818
f 4729 4730 4602
f 4881 4729 4851
f 5360 5348 5326
f 4852 4900 4707
f 4890 4751 4669
f 5392 5390 5389
f 5189 5182 5186
f 4881 4604 4605
f 5343 5344 5369
f 4607 4624 4625
f 5056 5055 5052
f 4850 4797 4798
f 3260 5399 5398
f 4855 4736 4899
f 5339 5343 5366
f 4789 4905 4808
f 5400 4040 3948
f 3872 3424 4046
f 4018 3423 3424
f 4025 4523 4172
f 4011 4023 4024
f 4065 4068 3900
f 3413 4012 4013
f 5056 5068 5069
f 5055 5056 5070
f 4062 5398 5399
f 5269 5289 5294
f 4685 4866 4903
f 5254 5242 5240
f 4606 4657 4658
f 4729 4881 4882
f 4030 4041 4043
f 4664 4752 4753
f 3575 3483 3904
f 3413 3410 3922
f 4949 4968 4955
f 4947 4937 4913
f 4849 4850 4894
f 4143 3974 3975
f 4912 4923 4932
f 3774 3771 3995
f 3956 3954 3342
f 4871 4872 4758
f 4270 4273 4272
f 4039 4040 5400
f 3555 3969 5402
f 5403 5404 3906
f 3908 4126 3823
f 4124 4121 5408
f 3901 3902 4046
f 4120 4117 5410
f 4124 3962 4125
f 5420 3906 5404
f 5424 4059 5425
f 3400 5429 5428
f 5432 5433 5435
f 4941 4942 4945
f 4935 4940 4949
f 3895 3898 3897
f 5426 5408 4121
f 5430 3905 3906
f 4045 4041 5398
f 5395 4693 5392
f 4846 4903 4701
f 4880 4709 4710
f 4624 4607 4608
f 4656 4690 4662
f 5305 5307 5309
f 5220 5223 5222
f 4230 4223 4327
f 5030 5073 5028
f 5213 5212 5211
f 5440 3272 3269
f 4396 4397 3980
f 5447 5448 3244
f 3328 3330 5451
f 4208 4391 4248
f 4599 4620 4621
f 4528 4339 4391
f 4529 4228 4199
f 4526 4338 4339
f 4256 4235 5452
f 4532 5452 4241
f 3834 4400 5446
f 5443 5445 5444
f 4530 4247 4334
f 4754 4886 4904
f 4229 4228 4381
f 4205 4382 4383
f 4892 4998 4987
f 4039 4032 3976
f 4738 4780 4796
f 4833 4835 4897
f 4232 4527 4200
f 4194 4240 4241
f 4889 4794 4750
f 4194 4191 4365
f 4531 4383 4195
f 5043 5042 5062
f 4182 4332 4561
f 5446 5447 3241
f 5237 5239 5248
f 4206 4334 4382
f 5210 5211 5218
f 3426 3922 3417
f 4216 4191 4192
f 4219 4210 4184
f 4180 4561 4380
f 4327 4595 4591
f 4223 4230 4231
f 4215 4192 4360
f 4186 4568 4218
f 4190 4330 4209
f 4223 4220 4595
f 4326 4591 4328
f 4366 4389 4568
f 4570 4548 4549
f 4579 4573 4548
f 4563 5453 4533
f 4583 4595 4220
f 4586 4380 4561
f 4239 4196 4363
f 4572 4571 4567
f 4536 4539 4585
f 4538 5453 4566
f 4536 4533 5453
f 3573 3986 3983
f 5427 3963 3552
f 4553 4587 4588
f 4593 4554 4555
f 4368 4365 4183
f 4361 5452 4235
f 4233 4369 4527
f 4233 4230 4324
f 4212 4209 4330
f 4237 4324 4325
f 4193 4241 5452
f 4983 5015 4885
f 5002 4995 4986
f 5074 5077 5076
f 4698 4699 5391
f 5391 4699 5390
f 4871 4899 4650
f 4546 4857 4543
f 4553 4550 4901
f 4552 4588 4555
f 5223 4804 4805
f 5386 5382 5383
f 5317 5315 5371
f 3240 3237 4429
f 5384 5385 5381
f 3938 3217 3218
f 3942 3943 5455
f 5361 5385 5386
f 4542 4540 4541
f 3910 5430 5420
f 3939 3333 4060
f 3851 5350 5351
f 3838 5427 3556
f 4547 4858 4857
f 5442 5443 4050
f 3385 3874 5428
f 4257 4234 4235
f 5312 5212 4893
f 4212 4203 4204
f 3854 3849 5461
f 4226 4184 4210
f 4202 4177 4178
f 3316 3983 3897
f 5464 5465 4432
f 5465 5466 3883
f 4472 4469 4449
f 4501 4472 4450
f 4074 4075 4080
f 5473 5474 5401
f 4173 4172 5475
f 3432 3429 3520
f 3462 5505 5504
f 4075 4501 4494
f 5482 5481 3387
f 5468 5471 5470
f 3427 5421 5422
f 4498 4499 4487
f 5403 3824 5414
f 3382 5523 5522
f 3492 5512 5511
f 3429 3434 3517
f 3873 5522 5524
f 5480 5479 3350
f 3477 5508 5505
f 4507 4508 5544
f 4396 5550 5551
f 3374 5552 5553
f 3373 5553 5554
f 5479 4521 4063
f 3390 5554 5555
f 5531 5525 5566
f 3368 5568 5567
f 5556 5557 5560
f 3393 5555 5557
f 4433 3364 5463
f 5464 5463 5458
f 4435 4437 4439
f 4055 4393 3277
f 3273 3278 3911
f 3395 3357 3358
f 5486 3894 4071
f 5526 4455 4453
f 5525 5570 5569
f 5568 3526 3527
f 3527 3362 3847
f 3365 5461 3849
f 5462 3849 3850
f 4435 4436 5571
f 3378 3379 3943
f 5573 5578 5577
f 4438 5455 3943
f 5477 5574 5579
f 5582 5581 5580
f 5583 5580 5581
f 5586 5585 5588
f 4074 5472 5586
f 5583 5585 5474
f 4507 5589 5590
f 5573 5478 4522
f 3989 5595 5596
f 5594 3406 3407
f 4436 3381 5572
f 5591 3990 3991
f 4507 4475 4476
f 3990 5591 5587
f 5578 3409 3406
f 5595 3989 5584
f 5484 3394 3358
f 4441 4442 5467
f 5472 4074 4077
f 5522 5599 5570
f 5486 3358 3353
f 5481 4498 3386
f 3475 5506 5492
f 5476 4523 3899
f 5540 5541 5606
f 5542 5540 5603
f 5608 5543 5542
f 5608 5607 5545
f 5607 5603 5609
f 5599 5600 5548
f 5598 5592 5543
f 5595 5594 5593
f 5588 5584 3989
f 5626 3265 3266
f 5627 3266 4448
f 5469 4449 4469
f 4515 4517 5625
f 4503 4473 4474
f 4481 5626 5627
f 4500 5628 5469
f 3414 4468 5466
f 5594 5595 5581
f 3376 3377 4430
f 3444 3944 3941
f 5572 3944 3444
f 4273 4286 4287
f 4345 4356 4357
f 4386 4304 4305
f 4517 4462 4463
f 4352 4349 4319
f 4352 4250 4251
f 4268 4277 4390
f 4264 5629 4320
f 4346 4387 4282
f 4337 4335 4343
f 4289 4244 4245
f 4303 4378 4287
f 4343 4290 4291
f 4284 4333 4244
f 4375 4519 4291
f 4379 4319 4271
f 4337 4353 4348
f 4524 4525 4295
f 4364 4362 4197
f 4285 4282 4390
f 5206 5209 5208
f 4297 5629 4371
f 4346 4283 4286
f 4285 4300 4333
f 3571 3572 4395
f 5341 5340 5339
f 5346 5345 5334
f 5269 5261 5273
f 4510 4509 5609
f 4509 4474 5545
f 4445 4446 5611
f 5566 5569 5568
f 5349 5336 5338
f 5489 5490 3401
f 5565 5566 3368
f 5496 5497 5417
f 5523 3382 3383
f 5325 5338 5347
f 5523 5600 5599
f 5429 3400 3401
f 3887 5632 5631
f 5634 5613 5600
f 5276 5280 5279
f 5298 5297 5257
f 5087 5086 5085
f 3361 3526 5612
f 5041 5061 5066
f 5487 5488 3383
f 5101 5116 5130
f 5299 5298 5300
f 5333 5336 5335
f 5302 5305 5304
f 5234 5247 5216
f 5301 5256 5255
f 4868 5318 5322
f 5281 5278 5277
f 5323 5321 5322
f 5298 5284 5296
f 4885 4829 4750
f 5231 5230 5196
f 4625 4626 5313
f 5111 5113 5085
f 5600 5613 5549
f 5531 5564 5563
f 5165 5166 5182
f 5283 5280 5285
f 4269 4276 4277
f 5610 5609 5603
f 5127 5090 5091
f 4907 5095 5125
f 5277 5278 5272
f 5596 5593 5592
f 5212 5312 5226
f 5273 5261 5262
f 5302 5301 5258
f 5635 5646 5645
f 4250 4352 4379
f 4485 4136 3405
f 4354 4026 4023
f 4265 4262 4304
f 4388 4390 4282
f 4345 4342 4384
f 4362 4364 4297
f 4836 4765 4612
f 4360 4361 4236
f 4369 4233 4237
f 5647 5636 3986
f 5650 3965 3192
f 5337 5338 5336
f 4467 4478 4477
f 4253 4377 4340
f 4429 3416 5457
f 3997 4133 3915
f 5535 3856 3839
f 5538 5541 4460
f 3439 3376 5571
f 5570 5525 5526
f 3438 5571 5572
f 4440 4468 3879
f 3440 5665 4407
f 3886 5685 5695
f 5534 5529 5396
f 5685 3886 3471
f 4278 4198 4301
f 5628 4448 4449
f 3579 3537 3538
f 4480 5627 5628
f 4402 5499 5517
f 4279 4197 4198
f 3603 3534 3532
f 3580 3594 4088
f 4095 3530 3531
f 5248 5249 5251
f 3778 3819 3999
f 4617 4618 4613
f 4375 4275 4372
f 3411 3405 4136
f 5094 5106 5111
f 3602 3532 3535
f 4023 4011 4350
f 4349 4352 4336
f 3605 3535 3536
f 4469 4472 4471
f 4094 3531 3593
f 4248 4249 4245
f 3519 5521 5518
f 5254 5296 5284
f 4852 4853 4795
f 4265 4371 5629
f 5632 5499 5503
f 3604 3611 3612
f 5549 5501 5502
f 3653 3606 3607
f 4780 4738 4873
f 4988 4989 4979
f 4491 5625 5626
f 4837 4904 4995
f 4615 4612 4765
f 5468 4469 4470
f 3514 3470 3467
f 5491 5680 4409
f 4093 3618 3619
f 4364 4320 5629
f 3488 5510 5509
f 5606 5539 5611
f 4210 4219 4189
f 4600 4603 4602
f 5242 5215 5198
f 5073 5074 5075
f 5651 5657 3940
f 3996 3541 3775
f 5200 5203 5202
f 5525 5531 5527
f 3364 4433 4434
f 3775 3541 3542
f 3941 3833 5485
f 3731 3706 4105
f 4997 5000 4999
f 4508 5598 5608
f 4101 4099 3818
f 3728 4109 4103
f 4591 4593 4592
f 4539 4536 4538
f 4550 4553 4552
f 4541 4566 4567
f 4389 4579 4570
f 4582 4583 4580
f 4976 4979 4978
f 4705 4708 4707
f 4797 4850 4843
f 3713 3729 3730
f 4675 4647 4702
f 4977 4978 4981
f 4810 4818 4817
f 4786 4811 4812
f 4715 4631 4628
f 4978 5016 5021
f 5010 5009 5006
f 3722 3743 4162
f 4558 4557 4560
f 4568 4570 4569
f 4584 4578 4535
f 4641 4631 4715
f 5026 5014 5012
f 4776 4777 4745
f 4714 4628 4712
f 4982 4996 5001
f 4576 4577 4560
f 4564 4567 4566
f 5069 5013 5018
f 5057 5052 5048
f 4810 4812 4811
f 3710 4158 3786
f 4991 4992 4999
f 5011 5009 5010
f 5008 5020 5022
f 5066 5067 5063
f 5047 5037 5024
f 5050 5049 5051
f 5023 5021 5016
f 5045 5044 5059
f 5047 5025 5026
f 3711 3712 3724
f 5048 5035 5037
f 5042 5040 5063
f 5058 5053 5051
f 5036 5038 5046
f 3715 3699 3700
f 5235 5256 5257
f 3732 3729 3704
f 5030 5031 5062
f 5020 5021 5023
f 5263 5262 5261
f 5049 5050 5044
f 5236 5248 5250
f 5031 5030 5027
f 5043 5038 5039
f 5320 5313 5329
f 5049 5048 5052
f 5326 5319 5317
f 3264 3261 3288
f 5264 5265 5263
f 4998 4999 4992
f 5009 5011 5020
f 5036 5032 5039
f 5032 5035 5034
f 4355 4317 3949
f 4269 4266 4374
f 4253 4250 4378
f 4525 4524 4252
f 3960 4112 4111
f 4372 4275 4258
f 5681 5672 5673
f 4378 4379 4272
f 4270 4347 4346
f 3244 5448 5644
f 4899 4703 4648
f 3734 3732 3702
f 4138 3346 3343
f 4192 4193 4361
f 3813 4001 3812
f 3817 3695 3696
f 5668 5683 5682
f 5690 5691 5687
f 5499 5632 5700
f 3999 3819 3820
f 3745 3742 4102
f 5684 3471 3472
f 5702 3859 3860
f 5712 5713 5693
f 3249 3277 4393
f 5695 5683 5715
f 5694 5715 5716
f 5719 3972 5601
f 4918 4919 4950
f 4774 4742 4743
f 5505 4415 4411
f 3583 3584 3585
f 3710 3687 4157
f 5513 5725 4417
f 5704 3563 4146
f 4141 4045 4062
f 5669 5689 5688
f 3898 3895 5653
f 5718 3973 3972
f 5684 5687 5686
f 3917 4131 5717
f 3463 5666 5662
f 5492 5506 5680
f 4931 4930 4950
f 5665 3440 3441
f 3788 3717 3740
f 3501 3502 3529
f 3569 3570 3477
f 5516 5728 5727
f 3564 3567 3566
f 3892 5405 5406
f 3962 4124 5407
f 4126 3908 4123
f 4116 3296 3287
f 3892 3887 5630
f 3824 3432 5413
f 4408 4409 5680
f 3969 3966 3978
f 4408 4413 3449
f 4414 3448 3449
f 3962 3261 3262
f 4425 5724 5616
f 4418 5725 5727
f 5716 5597 5575
f 5719 5720 5717
f 5698 5498 5692
f 3880 5621 4166
f 5652 3212 5520
f 5621 5623 4167
f 5679 4409 4410
f 3210 3209 3355
f 5622 5534 5451
f 5416 5417 5497
f 5729 5732 5731
f 5733 5734 3761
f 5735 5738 5737
f 5750 5752 5751
f 5744 5745 5740
f 5744 3770 3753
f 5753 5754 5730
f 5757 5758 5736
f 5731 5752 5765
f 5774 5777 5776
f 5790 5793 5792
f 5796 5786 5787
f 5817 5814 5819
f 5828 5831 5830
f 3725 4105 3751
f 4874 4734 4873
f 4700 4701 4903
f 4740 4820 4876
f 3199 3202 3201
f 4100 4102 4099
f 3749 3767 4108
f 3695 3817 3712
f 3378 3381 3380
f 5504 4411 4412
f 4405 4402 5518
f 5838 5839 5835
f 4705 4632 4712
f 5832 5831 5828
f 5697 5677 5678
f 3791 4006 4005
f 5848 5791 5794
f 3714 3700 3701
f 3995 4148 4042
f 3329 3326 3224
f 4005 3708 3705
f 4551 4762 4763
f 5855 5798 5808
f 5851 5795 5792
f 5803 5801 5858
f 5844 5843 5840
f 5762 5759 5743
f 5808 5809 5806
f 4012 3413 3426
f 5558 3513 3467
f 4550 4763 4720
f 4950 4951 4953
f 3885 3886 5694
f 5705 5706 4081
f 5508 4417 4415
f 3745 3759 3760
f 5507 4412 5680
f 3592 3536 3588
f 3895 5434 5658
f 5613 5500 5501
f 3834 3830 4393
f 5527 4454 4455
f 5775 5806 5809
f 5766 5767 5813
f 5858 5811 5812
f 5855 5815 5811
f 5863 5820 5819
f 5826 5859 5863
f 5862 5866 5833
f 5870 5871 5837
f 5782 5783 5831
f 5868 5838 5836
f 5778 5779 5843
f 5866 5870 5845
f 5785 5864 5867
f 5790 5788 5789
f 5796 5797 5794
f 5821 5818 5819
f 5657 5651 5620
f 5793 5849 5852
f 5855 5858 5801
f 5853 5847 5786
f 5804 5805 5802
f 5827 5867 5864
f 5767 5768 5821
f 5854 5857 5776
f 5860 5817 5818
f 5782 5832 5825
f 5781 5778 5844
f 5810 5811 5815
f 5867 5827 5830
f 5809 5808 5798
f 5828 5829 5863
f 5865 5841 5838
f 5801 5803 5802
f 4086 5707 3795
f 5779 5780 5842
f 5827 5826 5829
f 5839 5872 5869
f 5814 5815 5855
f 5711 4132 3859
f 4958 4957 4917
f 5861 5818 5821
f 5863 5859 5812
f 5865 5868 5823
f 5873 5836 5837
f 5872 5839 5842
f 4089 3455 3563
f 3812 3787 3785
f 5770 5771 5787
f 5789 5786 5847
f 5793 5789 5846
f 4145 4147 4146
f 5848 5773 5790
f 3953 4008 4009
f 5748 5875 5874
f 4624 4627 4626
f 4665 4764 4752
f 4775 4780 4779
f 4746 4670 4671
f 4637 4600 4601
f 4828 4612 4613
f 4704 4763 4762
f 4843 4845 4727
f 4543 4717 4725
f 4731 4864 4863
f 4723 4594 4558
f 4842 4846 4840
f 4717 4543 4857
f 4865 4868 4867
f 5841 5865 5866
f 4725 4726 4540
f 4798 4799 4816
f 4632 4635 4634
f 4720 4716 4715
f 4642 4645 4644
f 3754 4007 5874
f 4860 4761 4644
f 4674 4723 4722
f 4808 4809 4676
f 4721 4722 4822
f 5876 5878 5877
f 4836 4838 4840
f 4658 4661 4660
f 4826 4799 4800
f 4877 4782 4743
f 4948 4970 4971
f 4875 4739 4876
f 4954 4933 4934
f 5773 5770 5788
f 5825 5832 5833
f 5834 5837 5836
f 5834 5844 5845
f 3359 3362 3361
f 5732 5729 3756
f 3394 3397 3396
f 3766 3769 5741
f 5774 5809 5799
f 5805 5776 5857
f 5813 5821 5820
f 3969 3555 3964
f 5667 5668 5674
f 5729 5747 3792
f 3770 5744 5741
f 4741 4740 4739
f 4689 4737 4660
f 5772 5797 5787
f 5735 5733 3758
f 5850 5772 5773
f 5617 5528 3965
f 5799 5800 5854
f 5875 5748 5764
f 5840 5843 5842
f 5861 5768 5769
f 5807 5804 5853
f 5869 5781 5834
f 3765 3768 5739
f 5882 5884 5761
f 5881 5879 5887
f 5895 5896 5898
f 5907 5905 5906
f 5909 5907 5908
f 4234 4257 4526
f 3912 3927 3389
f 5934 8731 8730
f 8730 8731 5930
f 4920 4923 4922
f 8845 8847 8853
f 4141 4171 3404
f 3733 3705 3706
f 8849 8847 8848
f 4234 4237 4236
f 8863 8858 5919
f 3733 4002 4004
f 5908 5906 8859
f 8865 8866 8871
f 8859 8858 8863
f 5927 5924 5925
f 5911 5903 5904
f 8878 8871 8866
f 5635 5638 5637
f 5745 5744 5746
f 3552 3555 3554
f 8857 8889 8890
f 5924 5927 8860
f 3553 3557 3556
f 5919 5920 8861
f 8869 8865 8870
f 8873 8871 8878
f 8856 8857 8875
f 8862 8861 5889
f 8846 8845 8844
f 8864 8863 8866
f 8729 8730 8883
f 8848 8846 8887
f 8878 8879 5888
f 8896 8854 8855
f 8853 8854 8896
f 8841 8842 5882
f 3489 3492 3491
f 8867 8859 8864
f 5910 5908 8867
f 5914 5910 8898
f 5916 5914 8899
f 5889 8861 8860
f 8876 8878 8893
f 5918 5916 8900
f 4424 5722 5726
f 8904 8903 8900
f 8909 8908 8904
f 8908 8907 8903
f 8869 8909 8905
f 3632 3668 3667
f 3687 3690 3689
f 3636 3682 3681
f 3664 3641 3639
f 4304 4307 4306
f 8909 8869 8891
f 3681 3696 3695
f 3758 3761 3760
f 3684 3701 3700
f 3721 3724 3723
f 3941 3944 3943
f 3738 3741 3740
f 3687 3710 3709
f 3238 3239 3938
f 4249 4303 4288
f 4499 4498 3344
f 4240 4194 4368
f 3453 3451 3951
f 4401 3971 3547
f 3950 3951 3451
f 3702 3704 3701
f 3725 3728 3727
f 3194 3207 3208
f 4034 4035 4461
f 3914 3348 3913
f 3483 3575 3533
f 3191 3958 3957
f 4292 3489 3970
f 3909 3910 3428
f 3959 3960 3866
f 4017 4308 4309
f 4316 4318 4008
f 4448 4451 4450
f 4414 4415 4417
f 3435 3430 3351
f 4413 4411 4415
f 3899 3902 3901
f 3780 3781 3648
f 3474 3471 3886
f 3958 3191 3192
f 3221 3223 3935
f 3905 3908 3907
f 3913 4488 4486
f 4420 4422 4421
f 3881 3884 3883
f 4004 3788 3790
f 4271 4319 4318
f 4259 4297 4296
f 3501 4003 4066
f 5897 5898 5900
f 5901 5902 5904
f 8854 8849 8856
f 3789 3785 3786
f 3651 3648 3781
f 5924 5899 5901
f 8870 8871 8873
f 8876 8877 8874
f 5912 5917 5918
f 3805 3918 3799
f 3369 3370 3395
f 3923 3926 3925
f 3916 3917 3512
f 3641 3664 3801
f 4276 4269 4323
f 4181 4229 4331
f 4428 4430 3377
f 3495 4425 4321
f 4436 4435 3380
f 4430 4428 4437
f 3945 3957 3958
f 4065 3901 4047
f 4495 4497 3408
f 8913 8912 8915
f 8911 8910 8917
f 8889 8922 8923
f 8919 8935 8931
f 8884 8914 8918
f 8922 8921 8931
f 5852 5907 5909
f 5866 5862 5915
f 8926 8918 8914
f 8914 8884 8883
f 8886 8919 8921
f 5846 5847 5894
f 5873 5902 5900
f 8893 5888 5764
f 8894 8893 5754
f 5890 8860 5927
f 5885 8896 5755
f 5871 5904 5902
f 5763 8936 5883
f 5880 5890 8936
f 4175 4176 4398
f 4274 4254 4255
f 8883 8730 5931
f 8868 8905 8898
f 3289 4059 3247
f 3858 3855 5485
f 8850 8848 8886
f 4116 4120 5409
f 3889 5406 4127
f 3678 3679 8938
f 8857 8850 8888
f 3979 3551 3294
f 4126 3352 3431
f 3651 4000 3679
f 3460 3858 5921
f 4084 3309 3310
f 8905 8904 8899
f 3561 3327 5397
f 3213 3965 5528
f 4191 4194 4193
f 5449 5450 5532
f 4142 3975 4031
f 4060 3947 5652
f 4480 4483 4482
f 5519 5520 3212
f 5657 5451 3330
f 4473 4476 4475
f 3514 3515 5668
f 5663 5670 5669
f 8881 5929 5926
f 5734 5733 5749
f 4788 4789 4677
f 3997 3996 3538
f 3551 3486 3310
f 3577 3578 3998
f 4893 4697 4676
f 4753 4751 4671
f 8729 8884 8885
f 3813 3703 9021
f 8938 4001 3813
f 8882 5931 5929
f 4098 5701 3820
f 3399 5405 5416
f 5494 5495 5503
f 5880 5877 5878
f 4986 4673 4861
f 4999 5000 5004
f 4985 5001 4988
f 5816 5769 5766
f 4372 4370 4384
f 5688 5691 5692
f 8903 8902 8901
f 8879 8862 5887
f 8902 8881 8880
f 5919 5893 5895
f 4519 4384 4342
f 8847 8849 8854
f 5925 5901 5903
f 4021 3899 4523
f 5678 5677 5676
f 4424 3843 4085
f 5701 3576 3577
f 5928 5925 5926
f 5000 5005 4980
f 9022 4147 3545
f 9024 9025 5409
f 4008 4011 4010
f 3931 3234 4516
f 3822 3806 3807
f 8851 8852 8844
f 5728 5516 5509
f 9025 9023 4115
f 5209 5200 5201
f 4820 4740 4653
f 3988 5596 5598
f 3370 3911 3357
f 5639 5642 5641
f 5592 4511 4477
f 3378 3944 5572
f 5625 4463 3265
f 5594 5582 5577
f 3302 5649 5645
f 3274 3277 3278
f 5207 5208 5233
f 5071 5070 5072
f 4815 4814 4785
f 4796 4802 4643
f 3243 3244 5643
f 5301 5302 5303
f 5431 3562 5655
f 5251 5249 5244
f 3353 3427 3523
f 4174 3404 3405
f 3546 4114 4113
f 4002 3789 3788
f 4196 4239 4238
f 3232 5646 5647
f 4373 4374 4266
f 4867 5322 5321
f 5648 4054 4058
f 4455 4070 3893
f 5593 3407 4511
f 5275 5265 5252
f 5252 5265 5274
f 4092 3619 3624
f 3723 3742 3743
f 4780 4775 4802
f 4059 3289 3560
f 4317 4355 4347
f 5188 5190 5192
f 5570 5599 5612
f 3385 5429 5633
f 3526 5568 5569
f 3576 5701 3608
f 3581 3542 3594
f 5239 5237 5238
f 5081 5079 5083
f 4369 4526 4528
f 4325 4326 4329
f 3569 3285 3286
f 9022 9026 4112
f 3661 3662 3801
f 5074 5073 5030
f 5064 5062 5063
f 3563 3497 3498
f 3961 5407 4119
f 4854 4853 4870
f 5018 5007 5028
f 5007 5008 5027
f 5040 5042 5039
f 3240 3375 3875
f 5070 5069 5029
f 3504 3481 3866
f 3537 3579 3591
f 5033 5041 5039
f 4710 4638 4635
f 5017 4979 4989
f 5024 5037 5046
f 4991 5006 5019
f 4587 4553 4574
f 4996 4982 4793
f 5066 5061 5059
f 5221 5230 5231
f 5068 5056 5057
f 3675 3676 3643
f 3663 3674 3675
f 4722 4558 4559
f 3579 3576 3590
f 3686 3676 3677
f 4422 4420 3499
f 5142 5141 5138
f 5078 5071 5075
f 3609 3589 3590
f 3288 3961 5411
f 5424 9024 5410
f 5152 5144 5156
f 3960 5704 5709
f 4946 4956 4957
f 3867 3903 5705
f 9026 9022 4113
f 5192 5193 5189
f 5161 5164 5194
f 3637 3698 3682
f 4392 5461 3847
f 3796 4114 4149
f 4104 3716 3727
f 3594 3595 3993
f 3796 3793 4134
f 3687 3688 4156
f 3760 3761 4164
f 4464 3344 3345
f 3485 3528 3868
f 3846 3845 5423
f 3409 4520 4496
f 3767 3768 3765
f 3711 3721 4159
f 3797 4132 4087
f 4072 4069 5562
f 4502 4076 5590
f 5408 5426 9027
f 5683 5695 5714
f 5702 3772 4110
f 5623 4042 4148
f 5428 3874 3525
f 3668 3803 3802
f 4000 4001 8938
f 4221 4222 4179
f 4267 4268 4388
f 3721 3722 4161
f 3903 5659 5706
f 3583 3580 4090
f 3894 5486 3524
f 4635 4638 4636
f 4173 5401 4009
f 4890 4666 5393
f 5290 5291 5293
f 5339 5340 5337
f 5458 5459 4438
f 3251 5419 5430
f 3252 5418 5419
f 3428 5420 5421
f 3571 5426 5418
f 4583 4582 4554
f 4239 4367 4224
f 3322 3898 5450
f 5309 5310 5306
f 4109 3728 3748
f 5707 3865 3794
f 5139 5184 5183
f 5271 5270 5290
f 5280 5283 5282
f 5110 5107 5125
f 5319 4864 4731
f 5334 5343 5339
f 5423 3522 3523
f 5376 5377 5378
f 4721 4681 4646
f 3719 4158 4159
f 4853 4854 4692
f 5373 5372 5330
f 4428 5457 5456
f 5376 5329 5328
f 3337 3367 4434
f 4692 4693 5395
f 5475 4172 4523
f 5478 3900 4068
f 5421 5404 4129
f 5374 5373 5375
f 5283 5299 5306
f 5246 5247 5234
f 5154 5149 5150
f 4458 5562 5561
f 5163 5159 5158
f 5381 5374 5378
f 3397 3394 5484
f 4457 5561 5563
f 5147 5143 5150
f 4474 4475 5544
f 5325 5318 5319
f 5223 5394 5388
f 5517 5700 3521
f 4499 5480 3347
f 5404 5403 4128
f 3476 5507 5506
f 4084 5516 5515
f 3900 5478 5477
f 5536 5564 5547
f 5491 5498 5493
f 5474 5472 4139
f 4063 4521 4522
f 4459 4460 5541
f 5548 5549 3360
f 5444 5445 5550
f 3888 3889 5415
f 5546 5547 3339
f 5536 5539 5538
f 3570 5513 5508
f 4471 4502 5589
f 4280 3848 3359
f 5499 4402 4403
f 5189 5193 5169
f 5543 4477 4478
f 4051 5551 5552
f 3461 5504 5507
f 4629 4630 4870
f 5106 5094 4909
f 5286 5281 5279
f 5462 5463 3364
f 3491 5511 5514
f 5224 5220 5231
f 4478 4459 5540
f 4099 4102 3742
f 4803 4806 4805
f 4130 5423 5422
f 4470 4471 4476
f 4924 4925 4921
f 4920 4921 4927
f 4993 4986 4987
f 4887 4888 4913
f 3894 3893 4070
f 5472 5474 5585
f 3508 4135 4134
f 3603 3600 4096
f 3772 3773 3992
f 5712 5664 5671
f 3739 3718 4162
f 5683 5668 3515
f 5480 4465 4495
f 5698 5699 5493
f 3578 3538 3996
f 3645 3646 4154
f 5660 3904 3466
f 4135 9026 5710
f 5587 5591 4073
f 5687 5689 5693
f 3584 3583 4091
f 5585 5583 5584
f 4128 5414 5415
f 4257 4254 4338
f 4222 4231 4178
f 4366 4365 4191
f 5098 5099 5091
f 5761 5757 5737
f 5760 5737 5738
f 8852 8842 5934
f 8874 8877 8855
f 8895 8897 8855
f 5884 5882 8842
f 4557 4554 4582
f 8890 8923 8917
f 8918 8926 8930
f 8924 8926 8915
f 4182 4181 4330
f 3864 5708 5711
f 3574 3317 3230
f 3342 3954 3415
f 3488 3486 3549
f 4317 4316 3953
f 3672 3659 4152
f 5708 3864 3865
f 9021 3703 3685
f 3621 3618 3616
f 5728 4422 4419
f 4311 4027 4028
f 4131 3917 3543
f 4426 3496 3842
f 4518 3956 4168
f 5457 5465 5464
f 5425 3560 3558
f 5458 4439 4437
f 3416 3414 5465
f 5638 9028 5437
f 3985 3986 5636
f 5646 5635 5636
f 9023 9025 3554
f 5722 5510 5514
f 3256 3933 3934
f 4164 3761 5734
f 8885 8918 8920
f 3282 3932 3929
f 3292 4394 3320
f 3232 3229 3300
f 3303 3236 3271
f 3562 5431 5432
f 3392 3387 3388
f 3854 5922 5350
f 5463 5462 5459
f 5935 3474 3885
f 3879 3415 3954
f 3928 3372 3391
f 4137 5559 4458
f 5454 5455 3850
f 3548 3490 3549
f 4443 4500 5470
f 4452 4505 4506
f 4468 3414 3415
f 4443 4440 3876
f 3234 3235 4515
f 5434 3895 3896
f 5448 5440 5441
f 5447 5446 5443
f 4442 5470 5471
f 5550 4056 3275
f 5578 5573 4520
f 3464 5667 5666
f 4701 4627 4839
f 3259 5398 4041
f 4015 4012 3423
f 3558 3323 3982
f 4856 4894 4823
f 4741 4652 4653
f 3759 3745 4106
f 3560 3289 3290
f 9024 5424 3557
f 5438 3279 3280
f 3321 3283 3290
f 5557 5483 4072
f 5553 3369 3396
f 4045 4141 4174
f 4539 4845 4849
f 3536 3480 3503
f 5478 5573 5574
f 3800 3797 3510
f 4755 4883 4886
f 5561 4454 5527
f 5752 5731 5732
f 5752 5750 5756
f 3518 5492 5493
f 3767 3762 4107
f 3534 3603 4097
f 4395 3572 3826
f 3926 4052 3371
f 4446 4510 5610
f 4050 5444 3980
f 8887 8846 8843
f 5649 5639 5640
f 4643 4644 4761
f 3709 3787 3784
f 4778 4659 4660
f 5649 3302 4054
f 5646 3232 3301
f 3250 3251 3910
f 5884 5886 5757
f 5655 5656 5936
f 4224 4227 4226
f 4043 4044 3412
f 4286 4289 4288
f 4267 4311 4310
f 4493 4079 4080
f 3325 5432 3226
f 3925 3371 3372
f 4312 4315 4314
f 3996 3997 3540
f 8908 8911 8912
f 4023 4026 4025
f 3995 3890 3891
f 5482 5556 5559
f 4486 3420 3921
f 4300 4285 4302
f 5438 5642 5644
f 3233 3932 3282
f 3225 3228 3227
f 5446 4400 5445
f 5554 3396 3397
f 4834 4833 4830
f 4064 3349 3350
f 3596 3599 3598
f 5639 5649 5648
f 5434 5431 5654
f 4895 4896 4830
f 3674 3677 3676
f 3551 3979 3978
f 3835 3836 3305
f 3813 3810 3702
f 3691 3711 4160
f 4109 4100 4101
f 4565 4187 4188
f 3490 3548 3547
f 3672 3646 3647
f 8906 8907 8912
f 3810 3812 3811
f 4051 4052 4397
f 3566 3599 4090
f 5580 5475 5476
f 4456 4457 5537
f 5539 5536 5546
f 8844 5934 8729
f 8872 8873 8874
f 4383 4301 4198
f 4931 4926 4927
f 5529 5530 5397
f 5314 5321 5323
f 5347 5332 5323
f 4711 4709 4599
f 5387 5388 5389
f 5259 5290 5292
f 5195 4806 4803
f 5195 5104 4746
f 4639 4865 4866
f 4821 4818 4681
f 3421 4037 5399
f 4730 4863 4601
f 4807 4651 4811
f 4040 4037 3421
f 4844 4841 4800
f 3936 3933 3929
f 4894 4798 4817
f 5365 5370 5383
f 4657 4656 4661
f 5224 5206 4770
f 5368 5383 5382
f 5336 5349 5352
f 5353 5356 5386
f 4070 4455 4454
f 5396 5397 3327
f 5225 5226 5312
f 5384 5382 5386
f 5391 4694 4695
f 4407 4410 4409
f 4623 4620 4880
f 5356 5353 5352
f 4578 4584 4859
f 3239 3875 3217
f 3937 3218 3333
f 4578 4575 4534
f 5467 5471 4505
f 4836 4828 4826
f 4422 5728 5721
f 3392 3393 5556
f 5564 5531 5565
f 3807 3808 3663
f 5922 3854 4392
f 3680 3695 3692
f 3630 3633 3632
f 4416 4417 5725
f 4033 3305 3836
f 3238 3220 4168
f 3466 3904 3483
f 3678 3677 3650
f 3677 3674 3649
f 3340 3337 4431
f 3562 3561 5656
f 5658 5654 5938
f 3642 3643 3640
f 3306 3303 3334
f 3256 3253 3280
f 8910 8891 8892
f 5868 5900 5898
f 8924 8923 8922
f 8935 8930 8925
f 8882 8906 8913
f 8925 8930 8926
f 5852 5849 5905
f 5136 5128 5124
f 4243 4363 4260
f 5238 5227 5228
f 5642 5639 5643
f 3924 3925 3928
f 5412 3521 5700
f 3750 3752 3751
f 3746 3752 3770
f 3859 3798 3861
f 3972 3973 3493
f 5923 8860 8861
f 4945 4946 4958
f 3296 3293 3286
f 3824 5403 3907
f 3671 3629 4154
f 4137 3343 5481
f 3614 3654 3802
f 3283 3284 3559
f 4936 4935 4934
f 5511 5723 5726
f 4170 4169 3926
f 3572 4393 3830
f 3459 3447 3858
f 3496 4426 4425
f 3457 3950 3436
f 3984 3983 3986
f 3914 3389 3386
f 5512 5724 5723
f 4500 4443 4483
f 4501 4502 4471
f 4503 4506 4505
f 4143 4144 4461
f 3331 3329 3222
f 4016 4015 4018
f 3998 3775 3776
f 4114 3796 5710
f 4405 5678 4406
f 5602 5604 5720
f 4767 4803 4804
f 4929 4933 4954
f 4410 4407 5665
f 3888 5700 5632
f 4048 4049 3977
f 3947 3211 3212
f 5676 5677 3472
f 5782 5785 5784
f 4315 4312 4311
f 5699 5518 5521
f 5864 5785 5825
f 5826 5827 5822
f 5775 5776 5805
f 3236 3233 3270
f 5823 5868 5859
f 4957 4848 4895
f 8868 8864 8865
f 4281 4392 3848
f 4940 4943 4971
f 4013 4014 4029
f 3685 3703 3701
f 4339 4340 4377
f 8891 8870 8872
f 3753 3750 3755
f 4427 4168 3220
f 3809 3806 3779
f 3568 4416 4418
f 3880 3987 3918
f 3543 3843 3842
f 4646 4649 4648
f 4656 4657 4597
f 4781 4876 4820
f 4972 4975 4974
f 5101 5102 5109
f 5095 5096 5115
f 5090 5127 5132
f 5131 5132 5134
f 5134 5132 5127
f 5117 5139 5140
f 3539 3862 3863
f 4006 3791 3792
f 5128 5091 5099
f 5097 5088 5089
f 5274 5266 5271
f 4571 4572 4569
f 4225 4531 4238
f 5156 5155 5170
f 4538 4541 4540
f 4622 4691 4665
f 4981 5011 5004
f 5012 4974 4975
f 5148 5147 5149
f 5157 5142 5133
f 5161 5155 5145
f 4261 4532 4242
f 5294 5295 5291
f 4255 4256 4532
f 5274 5259 5250
f 4246 4529 4207
f 3314 3924 3927
f 4670 4673 4672
f 4995 4904 4673
f 4638 4710 4603
f 4341 4295 4525
f 5163 5166 5165
f 4834 4783 4784
f 4784 4820 4682
f 4844 4843 4687
f 5280 5276 5275
f 4217 4572 4564
f 4554 4557 4556
f 4551 4552 4556
f 4549 4546 4544
f 5141 5142 5173
f 4653 4654 4683
f 4973 4974 4989
f 4984 5005 5015
f 5177 5172 5170
f 5166 5167 5181
f 5141 5184 5139
f 5178 5174 5151
f 5244 5202 5203
f 5252 5244 5245
f 4479 4031 4079
f 4402 4405 4404
f 3500 4418 4419
f 5856 5851 5909
f 4488 3913 3348
f 8851 8853 5885
f 3607 3608 5701
f 3508 3505 3503
f 5847 5858 5896
f 4374 4373 4309
f 3380 4439 4438
f 9025 9024 3553
f 5718 5717 4131
f 3300 3229 3283
f 5551 3275 3276
f 5552 3276 3369
f 5555 3397 5483
f 5859 5898 5896
f 4133 3793 3794
f 3606 3653 3652
f 4900 4852 4766
f 4616 4790 4789
f 3738 4165 4164
f 4774 4771 4642
f 4399 4485 3402
f 5853 5796 5795
f 3936 4518 4427
f 3418 3419 4064
f 5510 3488 3840
f 3270 3282 3279
f 3274 3275 4056
f 4359 4356 4305
f 4135 3508 3504
f 3610 3611 3609
f 3837 3556 3557
f 5940 3971 4401
f 5853 5804 5803
f 5725 5513 5515
f 3246 5410 4117
f 5713 5712 5672
f 4918 4961 4916
f 4148 3995 3771
f 5106 5105 5113
f 4147 9022 5709
f 5152 5172 5177
f 9026 4135 4111
f 5104 5195 5103
f 3531 3528 3485
f 3713 3716 3715
f 3699 3715 3815
f 4467 3345 4459
f 4703 4899 4736
f 5405 3399 3846
f 3555 3552 3963
f 4120 4116 5411
f 4217 4219 4185
f 3279 5438 5441
f 4944 4945 4959
f 4353 4337 4344
f 3815 3715 3716
f 3374 3371 4052
f 4491 4492 4516
f 5865 5824 5833
f 5819 5814 5856
f 5807 5851 5856
f 3933 3256 3281
f 3208 3205 3920
f 8907 8906 8902
f 5288 5308 5295
f 3728 3725 3747
f 3309 4084 4083
f 5119 5116 5101
f 3811 3785 3789
f 3595 3863 3992
f 4106 4102 4100
f 5696 5575 5576
f 3708 3755 3750
f 3744 3760 4165
f 5905 5891 5892
f 3403 4036 4175
f 4133 3997 3506
f 4147 4145 3544
f 3561 3562 3325
f 3237 3240 3239
f 4877 4878 4793
f 3241 3244 3243
f 3597 3624 3625
f 3279 3282 3281
f 3371 3374 3373
f 3599 3566 3567
f 3975 3976 4032
f 3277 3249 3250
f 3774 3564 3565
f 3658 3673 3780
f 4961 4962 4963
f 3600 3615 3616
f 4228 4229 4202
f 4011 4008 4318
f 4307 4304 4262
f 4838 4800 4841
f 4782 4783 4773
f 4914 4956 4946
f 4839 4609 4765
f 4771 4896 4645
f 4962 4965 4964
f 4966 4959 4963
f 3601 3612 3615
f 5878 5875 5879
f 5890 5880 5881
f 3720 3786 4158
f 4755 4756 4689
f 3740 3717 3718
f 5695 5685 5686
f 5740 5743 5742
f 5733 5735 5736
f 5755 5756 5750
f 5745 5763 5762
f 5798 5801 5800
f 4706 4880 4879
f 5651 5652 5619
f 5850 5794 5797
f 5804 5807 5806
f 4087 5708 5707
f 5915 5913 5914
f 5703 3860 4167
f 5893 5894 5896
f 5892 5893 5919
f 5706 5671 5664
f 5786 5789 5788
f 3973 4131 3841
f 4831 4832 4915
f 5906 5892 8858
f 4965 4967 4969
f 4684 4685 4846
f 3589 3609 3611
f 3596 3625 4150
f 5877 5880 5763
f 4121 4124 4123
f 3469 3465 3868
f 3204 3205 3208
f 3716 3713 3726
f 5460 9027 5426
f 3465 3469 3470
f 5738 5735 3764
f 4887 4654 4655
f 4203 4206 4205
f 3959 5705 4082
f 5758 5757 5886
f 5781 5869 5872
f 4675 4762 4723
f 3757 4164 5751
f 3334 3271 3272
f 8880 5926 5903
f 5615 5676 3473
f 5759 5761 5760
f 8845 8846 8848
f 5778 5781 5780
f 8857 8856 8849
f 4132 3797 3798
f 5839 5838 5841
f 560 1899 3187
f 5747 5874 4007
f 5928 5930 8840
f 5766 5769 5768
f 4848 4957 4956
f 4953 4968 4967
f 4832 4897 4910
f 5879 5764 5888
f 3598 3567 3530
f 5747 5729 5730
f 5754 5764 5748
f 5810 5813 5812
f 5758 5755 5749
f 4315 4388 4387
f 5917 5915 5916
f 5913 5909 5910
f 5930 8731 8841
f 4951 4955 4968
f 3209 3210 3201
f 4059 5424 3246
f 8731 5934 8842
f 3776 3582 3585
f 5770 5773 5772
f 5891 5894 5893
f 9028 5638 5641
f 5814 5817 5816
f 5662 5675 5673
f 3522 3525 3524
f 5630 5631 5942
f 5791 5792 5795
f 5746 3753 3754
f 5928 5929 5931
f 5743 5760 5739
f 5876 5874 5875
f 3678 8937 9021
f 4200 4208 4207
f 4114 3546 3916
f 3601 3602 3605
f 3818 3724 3712
f 3315 3318 3317
f 5899 5900 5902
f 8840 8841 5883
f 5562 4458 5559
f 4416 3568 3448
f 3189 3192 3191
f 4751 4890 4747
f 4181 4182 4180
f 3832 3942 5454
f 3362 3527 3526
f 5678 4405 5699
f 3497 3500 3499
f 448 1980 807
f 647 648 122
f 5690 3472 5677
f 4183 4186 4185
f 1833 1848 1780
f 5920 5895 5897
f 510 509 508
f 4401 3967 5944
f 5656 5397 5530
f 3970 3971 5940
f 5653 5658 5939
f 5450 5653 5946
f 3384 5633 5945
f 4403 4404 4299
f 5944 3967 3968
f 3963 5427 5951
f 5614 3473 3474
f 5427 3838 3857
f 3210 1949 1887
f 1887 15 3200
f 15 16 3197
f 16 3188 3195
f 3195 3188 3187
f 3194 3187 1899
f 3207 1899 375
f 387 173 126
f 3189 1791 1760
f 9029 763 757
f 763 9029 2172
f 9035 9034 9032
f 9033 9032 9031
f 9046 9049 9048
f 8751 9053 9054
f 9078 9076 9077
f 9083 9087 9051
f 9088 9089 9047
f 9099 9036 9040
f 9102 9034 9036
f 9105 9031 9032
f 9105 2176 9106
f 1801 1864 9108
f 9103 9032 9034
f 9096 9090 9047
f 1767 1768 9111
f 1597 9115 9113
f 1708 1707 9117
f 9123 9120 9119
f 9118 9119 9125
f 1588 1708 9116
f 2080 9123 9118
f 2082 9118 9124
f 9126 9129 9087
f 9129 9130 9088
f 5512 3492 5943
f 5634 3383 5488
f 5724 5512 5947
f 9134 9099 9097
f 9144 9103 9102
f 9133 9097 9096
f 786 9146 9144
f 9146 9105 9103
f 785 9144 9138
f 497 9138 9134
f 650 9134 9133
f 9148 564 9133
f 8756 9058 9057
f 9154 9151 9130
f 9151 9150 9131
f 9097 9040 9090
f 1799 9109 9111
f 5949 3968 3964
f 9160 9156 8809
f 8813 9162 9160
f 9166 463 564
f 9067 9058 9054
f 9162 9166 9148
f 9087 9088 9048
f 9081 9078 9079
f 9049 9052 9051
f 9082 9168 9167
f 9079 9077 9049
f 9169 9168 9175
f 9167 9115 9112
f 9168 9169 9177
f 9120 9117 9113
f 9120 9177 9169
f 9119 9169 9170
f 9179 9180 9125
f 9180 1576 9124
f 9178 9179 9170
f 1576 2101 2084
f 9179 9178 9183
f 3203 376 1387
f 3190 1387 1791
f 5618 2152 1949
f 317 240 259
f 2000 2176 9105
f 9053 9051 9052
f 9041 9040 9036
f 9029 758 756
f 9037 9036 9034
f 9130 9131 9089
f 3204 375 376
f 1801 9107 9109
f 9181 9187 9180
f 1575 9187 9190
f 9187 1575 1576
f 1776 1795 1796
f 1293 1294 1290
f 1326 14 1327
f 1294 1245 1234
f 878 1244 1330
f 5633 3401 5490
f 5933 3359 3360
f 5613 5634 5948
f 5604 5605 3844
f 3972 3494 5950
f 3494 3495 4322
f 4406 5676 5615
f 3492 3489 4292
f 5631 5503 5495
f 497 373 374
f 122 648 413
f 5624 5489 3398
f 9151 9154 9156
f 9058 8756 8752
f 9160 9162 9150
f 8815 9166 9162
f 9156 9126 8794
f 439 398 399
f 1512 1528 1526
f 1668 1741 1738
f 839 849 1362
f 1362 1357 826
f 3425 3417 3418
f 4905 5207 5243
f 4621 4622 4662
f 5582 5579 5574
f 4754 4757 4756
f 3902 3899 4021
f 9295 740 1896
f 2053 2054 2118
f 9340 9339 2120
f 696 697 9268
f 4922 4938 4939
f 4365 4366 4186
f 5105 5106 4862
f 5228 5227 5226
f 4781 4782 4877
f 5218 5227 5238
f 4990 4993 4992
f 4335 4337 4336
f 4993 4990 4972
f 4794 4793 4792
f 5886 5884 8852
f 5405 3892 5417
f 4669 4752 4764
f 4676 4697 4698
f 1826 1878 639
f 9192 9191 9181
f 5232 5228 5233
f 5418 4121 4122
f 956 885 886
f 5720 3844 3512
f 4728 4731 4730
f 8879 8866 8863
f 1980 806 1922
f 4969 4970 4966
f 33 34 105
f 9028 3253 3254
f 3837 3558 3839
f 4382 4300 4301
f 3908 3905 4122
f 4290 4295 4294
f 4400 3834 4055
f 3219 3222 3221
f 8894 8895 8877
f 4640 4736 4735
f 4389 4366 4216
f 3267 4479 4493
f 3268 3265 4463
f 5097 5111 5098
f 5094 5097 5096
f 5654 5655 5937
f 4089 5704 3960
f 5159 5163 5162
f 5202 5244 5249
f 5412 5415 5414
f 5715 3515 3516
f 5723 4426 4423
f 4263 4264 4323
f 3994 3529 3564
f 1343 1344 9308
f 3470 3514 5667
f 5659 5661 5671
f 3319 3828 4053
f 9359 2127 2128
f 1766 1581 1582
f 14 1326 2163
f 595 98 99
f 5703 3771 3772
f 5206 5224 5229
f 3437 3446 3458
f 5516 4084 3487
f 5122 5086 5087
f 3223 3297 3934
f 3979 9023 5402
f 3828 3319 3320
f 5663 3441 4081
f 4035 4489 4490
f 4426 5723 5724
f 3881 4452 4447
f 5407 5408 4118
f 5691 5688 5689
f 5661 5673 5672
f 5911 5918 8901
f 3902 4022 3871
f 5541 5538 5539
f 4069 4454 5561
f 3248 4394 3292
f 1346 1035 1044
f 748 1888 1425
f 3297 3228 3255
f 5445 4400 4056
f 5783 5784 5830
f 4310 4028 4376
f 5857 5854 5800
f 3882 5467 4452
f 3193 3208 3919
f 3190 3191 3206
f 4266 4269 4268
f 4488 3419 3420
f 3331 3939 3940
f 4282 4285 4284
f 4606 4608 4607
f 4628 4629 4708
f 4659 4732 4733
f 4615 4750 4829
f 4718 4714 4713
f 5722 4424 4421
f 3307 3462 3461
f 4686 4688 4634
f 3966 3548 3550
f 4738 4739 4875
f 3416 4429 3237
f 4527 4528 4208
f 5093 5121 5114
f 5124 5099 5086
f 5117 5118 5138
f 4631 4641 4640
f 5166 5163 5168
f 5185 5188 5187
f 5194 5190 5191
f 3245 4117 4118
f 5214 5215 5203
f 3230 3317 3318
f 5237 5234 5217
f 5250 5259 5258
f 5113 5112 5084
f 5270 5267 5269
f 4906 5125 5107
f 5271 5266 5267
f 5276 5277 5262
f 5153 5151 5174
f 5290 5270 5268
f 5306 5299 5303
f 5147 5148 5146
f 4585 4849 4856
f 3226 5435 5436
f 4473 4503 4504
f 5765 5756 8897
f 4529 4246 4247
f 8923 8924 8916
f 5713 5681 5682
f 3315 3897 3898
f 5564 5536 5537
f 4468 4440 4441
f 3738 3739 4163
f 4577 4859 4559
f 5567 3527 3366
f 3587 3584 4150
f 5471 5468 4504
f 5860 5769 5816
f 3516 3513 5558
f 5436 3985 5637
f 5050 5053 5083
f 5547 5565 3338
f 9023 3979 3295
f 5708 4087 4132
f 4104 3816 3814
f 3718 3719 4161
f 5498 5491 5679
f 3884 4431 4432
f 3955 4512 3877
f 4049 4062 4061
f 8892 8872 8875
f 4572 4217 4218
f 4440 4443 4442
f 4497 4511 3407
f 8906 8882 8881
f 5664 5712 5670
f 3751 4105 3706
f 3511 3735 3736
f 5129 5130 5116
f 5086 5099 5098
f 5135 5127 5128
f 5143 5146 5145
f 5168 5158 5136
f 5297 5241 5246
f 5164 5161 5160
f 5155 5161 5171
f 5137 5179 5167
f 5293 5308 5307
f 5513 3570 4083
f 4053 3828 3825
f 3228 3297 3298
f 3631 3632 3635
f 5689 5669 5670
f 5759 5762 5883
f 3793 4133 3507
f 4906 4908 4891
f 4719 4858 4901
f 3597 3598 4095
f 3352 4126 4125
f 9064 9057 9058
f 9076 9064 9067
f 9083 8766 8794
f 9131 9132 9096
f 9138 9102 9099
f 9154 9129 9126
f 9077 9067 9052
f 9053 8751 8766
f 9191 9190 9187
f 9082 9079 9046
f 9193 9175 9168
f 1284 1290 1288
f 9150 9148 9132
f 3841 3842 3496
f 3570 3569 3336
f 4027 4311 4312
f 4889 4876 4781
f 4041 4045 4044
f 4885 4884 4813
f 5419 4122 3905
f 4367 4368 4227
f 1778 1781 1780
f 1792 1759 1584
f 4308 4017 3869
f 4594 4723 4762
f 4767 4770 4769
f 5461 3365 3366
f 4763 4704 4716
f 4919 4918 4915
f 4300 4382 4334
f 5196 5199 5198
f 5158 5148 5135
f 5431 5434 5433
f 4545 4567 4571
f 4557 4558 4594
f 695 570 571
f 4156 4155 3626
f 4861 4673 4670
f 5681 5675 5674
f 5473 5475 5580
f 3622 3656 4152
f 5647 3573 3574
f 3674 3663 3808
f 4420 4145 3498
f 5675 5662 5666
f 3253 9028 5439
f 5870 5866 5917
f 8887 8920 8919
f 5862 5856 5913
f 3534 3593 3485
f 3313 4486 4484
f 9090 9193 9046
f 4871 4759 4695
f 3778 3777 3822
f 4889 4748 4874
f 4000 3783 3784
f 4897 4898 4911
f 3856 3857 3838
f 4772 4830 4896
f 4015 4016 4376
f 3433 3461 3476
f 4053 4054 3302
f 3367 5567 3363
f 3242 3829 3831
f 3441 3442 4082
f 4735 4736 4855
f 4756 4757 4737
f 3382 3385 3384
f 3698 3699 3697
f 4676 4679 4678
f 4948 4943 4941
f 4890 5394 4805
f 4757 4744 4745
f 4581 4221 4380
f 5716 3516 5932
f 4923 4920 4926
f 5077 5079 5081
f 5078 5082 5058
f 4009 5401 5400
f 5081 5082 5078
f 3930 3931 4513
f 4014 4376 4028
f 4025 4026 4020
f 3618 4093 4096
f 4581 4575 4576
f 4219 4217 4188
f 5440 5442 3335
f 5449 3982 3323
f 4229 4181 4177
f 4590 4213 4214
f 4227 4183 4184
f 4574 4901 4858
f 4565 4566 5453
f 4592 4555 4588
f 4590 4587 4573
f 3517 3518 5521
f 3845 5428 3522
f 4444 3340 3884
f 3982 5449 5533
f 4465 4466 4497
f 4520 4522 4521
f 4076 4073 5591
f 3635 3667 3666
f 3343 3344 4498
f 4022 4019 3870
f 3661 3607 4098
f 5691 5690 5697
f 3768 3766 5742
f 4514 3955 3956
f 3697 3815 3814
f 4394 3248 5460
f 4054 4053 4057
f 3284 3318 3323
f 4052 3926 4169
f 4447 4506 4510
f 4456 4460 3346
f 4483 3876 3877
f 4482 3877 4512
f 4492 4512 4513
f 5642 5438 5439
f 5448 5447 5442
f 5466 4441 3882
f 3340 4444 4445
f 8908 8909 8910
f 4397 4169 3835
f 5413 3520 3521
f 3234 3931 3932
f 5753 5765 8895
f 8896 8897 5756
f 8921 8922 8889
f 8915 8912 8911
f 3933 3936 3935
f 3620 3804 3657
f 3966 3969 3968
f 4905 4789 4769
f 3225 5436 5437
f 5433 3896 3984
f 5714 5686 5693
f 5435 3984 3985
f 3954 3956 3955
f 4713 4712 4632
f 4879 4635 4632
f 3983 3984 3896
f 9027 5460 3248
f 5871 5870 5912
f 5849 5846 5891
f 4702 4703 4640
f 4213 4590 4579
f 3644 3645 3688
f 9193 9090 9040
f 8920 8930 8935
f 5406 3846 4130
f 4140 5400 5401
f 5659 3903 3904
f 4772 4773 4783
f 4244 4247 4246
f 4061 5399 4037
f 3669 3804 3803
f 3459 3460 3209
f 4072 5483 5484
f 4835 4833 4834
f 5660 5662 5661
f 4262 4265 4264
f 3633 3630 3627
f 3685 3643 3676
f 4517 4515 3235
f 4145 4420 4085
f 5455 4438 5459
f 5638 5635 5640
f 3228 3225 3254
f 4044 4174 3411
f 3614 3615 3612
f 3273 3276 3275
f 4952 4962 4961
f 4959 4958 4960
f 4888 4655 4761
f 4254 4257 4256
f 4199 4202 4201
f 4499 4464 4465
f 5479 4495 4496
f 5952 5953 5954
f 5956 5957 5958
f 5959 5958 5960
f 5962 5963 5964
f 5966 5967 5968
f 5967 5970 5971
f 5963 5962 5961
f 5972 5965 5964
f 5974 5975 5976
f 5978 5979 5980
f 5982 5983 5984
f 5986 5987 5985
f 5988 5989 5990
f 5992 5993 5994
f 5996 5997 5998
f 6000 6001 6002
f 6004 6005 6006
f 6008 6009 6010
f 6012 6013 6014
f 6016 6017 6018
f 6020 6021 6022
f 6024 6025 6026
f 6028 6029 6030
f 6032 6033 6034
f 6036 6037 6038
f 6040 6041 6013
f 6042 6043 6044
f 5992 6046 6047
f 6048 6049 6050
f 6052 6053 6054
f 6056 6057 6058
f 6060 6061 5987
f 6062 6063 6064
f 6066 6067 6068
f 6070 6071 6027
f 6072 6073 6057
f 6075 6076 6077
f 6078 6079 6080
f 6082 6083 6054
f 6085 6078 6081
f 6087 6061 5990
f 6061 6087 6089
f 6089 6090 6091
f 6092 6091 6093
f 6095 5978 5981
f 6062 6082 6084
f 6097 6098 6035
f 6056 6049 6099
f 6100 6101 6102
f 6001 6000 6104
f 6107 6108 6109
f 6110 6111 6112
f 6114 6026 6025
f 6116 6117 6118
f 6120 6121 6122
f 6124 6125 6126
f 6128 6129 6101
f 6039 6130 6131
f 6132 6133 6134
f 6136 6137 6138
f 6139 6140 6141
f 6143 6144 6145
f 6148 6149 6150
f 6152 6153 6154
f 6155 6156 6157
f 6159 6160 6161
f 6163 6164 6165
f 6167 6168 6169
f 6171 6172 6173
f 6175 6176 6104
f 6178 6179 6180
f 6023 6182 6183
f 6184 6185 6186
f 6117 6116 6188
f 6190 6191 6192
f 6194 6070 6026
f 6195 6196 6191
f 6197 6198 6199
f 6201 6202 6203
f 6205 6206 6207
f 6209 6210 6201
f 6197 6200 6211
f 6212 6211 6213
f 5979 6215 6214
f 6203 6216 6217
f 6206 6199 6198
f 6218 5961 5962
f 5965 6220 6219
f 5972 3355 3354
f 6070 6194 6222
f 6224 6225 6226
f 6228 6229 6230
f 6232 6233 6234
f 6196 6195 6236
f 6071 6070 6223
f 6239 6240 6241
f 6243 6244 6245
f 6247 6073 6248
f 6250 6251 6252
f 6254 6255 6256
f 6258 6259 6260
f 6229 6262 6263
f 6264 6265 6242
f 6266 6267 6268
f 6270 6271 6272
f 6274 6275 6276
f 6195 6278 6279
f 6280 6278 6281
f 6283 6284 6285
f 6123 6122 6287
f 6289 6290 6291
f 6293 6294 6243
f 6240 6296 6297
f 6298 6299 6267
f 6300 6301 6302
f 6304 6305 6306
f 6251 6250 6308
f 6247 6310 6311
f 6313 6314 6315
f 6314 6313 6317
f 6319 6086 6320
f 6322 6087 6088
f 6216 6324 6258
f 6325 6326 6327
f 6217 6258 6261
f 6330 6071 6238
f 6071 6330 6048
f 6015 6332 6333
f 6079 6334 6335
f 6336 6294 6240
f 6294 6293 6296
f 6337 6338 6339
f 6341 6342 6343
f 6345 6346 6347
f 6266 6264 6349
f 6350 6351 6352
f 6295 6243 6246
f 6303 6355 6356
f 6357 6358 6359
f 6361 6362 6363
f 6365 6350 6353
f 6367 6368 6369
f 6371 6367 6370
f 6372 6373 6374
f 6375 6374 6373
f 6376 6377 6378
f 6379 6380 6381
f 6383 6384 6385
f 6387 6388 6389
f 6391 6392 6393
f 6395 6396 6397
f 6398 6399 6400
f 6399 6401 6402
f 6403 6402 6401
f 6405 6406 6407
f 6409 6410 6411
f 6367 6371 6413
f 6374 6375 6415
f 6417 6418 6384
f 6419 6420 6348
f 6421 6422 6423
f 6425 6426 6400
f 6426 6427 6395
f 6393 6396 6428
f 6429 6430 6394
f 6390 6389 6431
f 6433 6434 6408
f 6435 6436 6437
f 6439 6440 6411
f 6392 6391 6441
f 6397 6392 6442
f 6401 6399 6444
f 6446 6447 6437
f 6448 6449 6450
f 6452 6453 6454
f 6442 6441 6456
f 6443 6442 6457
f 6444 6459 6460
f 6445 6444 6461
f 6463 6464 6462
f 6446 6445 6462
f 6466 6467 6468
f 6448 6451 6470
f 6453 6452 6472
f 6474 6475 6476
f 6478 6479 6480
f 6482 6483 6484
f 6486 6487 6488
f 6490 6491 6492
f 6493 6492 6494
f 6496 6497 6498
f 6500 6501 6502
f 6504 6505 6506
f 6508 6468 6509
f 6511 6512 6513
f 6499 6514 6515
f 6516 6517 6518
f 6520 6521 6522
f 6524 6507 6525
f 6507 6524 6527
f 6504 6527 6528
f 6528 6511 6508
f 6529 6530 6531
f 6342 6533 6534
f 6535 6347 6346
f 6347 6535 6537
f 6434 6538 6539
f 6539 6540 6405
f 6541 6542 6451
f 6543 6544 6470
f 6546 6478 6481
f 6499 6498 6548
f 6549 6550 6514
f 6551 6552 6553
f 6555 6556 6557
f 6403 6436 6423
f 6426 6425 6413
f 6415 6560 6428
f 6430 6429 6561
f 6434 6433 6420
f 6563 6564 6565
f 6404 6401 6445
f 6459 6444 6399
f 6455 6454 6388
f 6405 6450 6449
f 6540 6541 6450
f 6567 6495 6568
f 6570 6464 6463
f 6475 6474 6490
f 6458 6457 6571
f 6573 6571 6574
f 6576 6577 6578
f 6193 6192 6580
f 6582 6583 6584
f 6583 6582 6586
f 6588 6589 6587
f 6590 6069 6068
f 6592 6593 6594
f 6251 6310 6595
f 6304 6596 6597
f 6272 3735 6599
f 3737 3736 6558
f 6600 6161 6160
f 6123 6602 6603
f 6604 6605 6606
f 6608 6205 6208
f 5972 6221 6220
f 6610 6611 6612
f 6613 6614 6615
f 6242 6617 6618
f 6226 6619 6245
f 6620 6621 6622
f 6624 6143 6146
f 6626 6213 6211
f 6627 6628 6629
f 6631 6632 6633
f 6235 6635 6636
f 6637 6638 6639
f 6641 6625 6286
f 6643 6644 6645
f 6647 6648 6649
f 6244 6243 6294
f 6336 6651 6652
f 6194 6196 6237
f 6196 6194 6114
f 6115 6192 6191
f 6653 6654 6655
f 6657 6117 6189
f 6117 6657 6659
f 6130 6157 6156
f 6133 6152 6151
f 6661 6111 6662
f 6663 6613 6616
f 6664 6270 6273
f 6418 6417 6432
f 6290 6325 6328
f 6666 6557 6556
f 6557 6666 3805
f 5971 6667 6668
f 6181 6669 6670
f 6671 6672 6673
f 6676 6673 6672
f 6675 6150 6149
f 6067 6066 5999
f 6677 6678 6679
f 6681 6682 6683
f 6087 6322 6090
f 5983 5982 6685
f 5982 6094 6687
f 6094 6093 6688
f 6211 6200 6137
f 6689 6690 6691
f 6690 6689 3833
f 6001 5983 6686
f 5978 6693 6215
f 6694 6693 5978
f 5974 6694 6095
f 6183 6182 6696
f 6698 5959 5961
f 5959 6698 6699
f 6697 6696 6700
f 6702 6629 6703
f 5968 6668 6705
f 6706 5977 5955
f 6707 6618 6617
f 6024 6051 6709
f 6402 6403 6559
f 3852 6711 6712
f 3856 6594 6593
f 5977 6706 6694
f 6713 5955 5977
f 6714 6715 6716
f 6718 6719 6308
f 6720 6255 6254
f 6722 6723 6724
f 6312 6311 6726
f 6069 6590 6728
f 6319 6594 6730
f 6731 6645 6644
f 6732 6733 6734
f 6046 6053 6320
f 3880 3805 6666
f 6736 6737 6738
f 6531 6740 6741
f 6300 6356 6614
f 6742 6532 6325
f 6743 6742 3891
f 6744 6302 6301
f 6746 6747 6534
f 6536 6576 6579
f 6535 6579 6563
f 6566 6538 6537
f 6538 6566 6409
f 6412 6540 6539
f 6412 6748 6541
f 6748 6749 6542
f 6749 6569 6545
f 6568 6750 6547
f 6751 6752 6548
f 6753 6754 6550
f 6755 6756 6757
f 6759 6760 6761
f 6763 6764 6765
f 6764 6620 6623
f 6766 6767 6768
f 6770 6771 6772
f 6774 6775 6776
f 6021 6774 6777
f 6723 6778 6779
f 6780 6781 6782
f 6784 6785 6786
f 6788 6789 6790
f 6185 6792 6793
f 6794 6722 6725
f 6729 6796 6098
f 6135 6797 6798
f 6799 6062 6065
f 6037 6801 6802
f 6005 6004 6588
f 6005 6803 6804
f 6052 6055 6010
f 6586 6582 6803
f 6092 5985 5987
f 6094 5982 5985
f 6096 6806 6695
f 6082 6062 6799
f 6657 6013 6041
f 6013 6657 6658
f 6795 6725 6807
f 6809 6810 6811
f 6813 6814 6815
f 6817 6818 6819
f 6821 6822 6823
f 6329 6209 6204
f 6202 6825 6826
f 6072 6099 6827
f 6598 6829 6305
f 6301 6300 6613
f 6830 6831 6271
f 6822 6779 6778
f 6326 6741 6832
f 6203 6826 6833
f 6027 6048 6051
f 6360 6834 6835
f 6836 6837 6838
f 6837 6840 6841
f 6362 6365 6366
f 6380 6385 6384
f 6421 6564 6578
f 6566 6565 6410
f 6394 6389 6388
f 6414 6422 6368
f 6371 6374 6416
f 6561 6560 6378
f 6382 6381 6562
f 6381 6384 6418
f 6389 6394 6430
f 6391 6388 6454
f 6441 6454 6453
f 6456 6453 6473
f 6495 6494 6750
f 6843 6575 6485
f 6844 6845 6843
f 6573 6845 6847
f 6849 6491 6487
f 6513 6753 6752
f 6517 6521 6850
f 6521 6520 6851
f 6844 6851 6852
f 6505 6504 6510
f 6753 6513 6512
f 6516 6522 6521
f 6614 6740 6854
f 6742 6262 4003
f 6708 6617 6855
f 6307 6306 6857
f 6307 6664 6665
f 6414 6413 6425
f 6416 6415 6427
f 6562 6418 6431
f 6419 6537 6538
f 6358 6836 6839
f 6059 6058 6859
f 6861 6862 6863
f 6865 6866 6867
f 6115 6025 6869
f 6871 6872 6873
f 6721 6254 6596
f 6876 6610 6556
f 6877 6663 6552
f 6551 6878 6268
f 6879 6855 6265
f 6239 6618 6651
f 6230 6263 6619
f 6171 6670 6669
f 6106 6109 6882
f 6883 6884 6822
f 6759 6184 6187
f 6725 6724 6785
f 6885 6795 6808
f 6886 6887 6888
f 6701 6700 6756
f 6884 6786 6779
f 6715 6714 6309
f 6889 6259 6890
f 6743 3890 4042
f 6270 6664 6893
f 6386 6894 6895
f 6895 6348 6420
f 6897 6432 6417
f 6897 6433 6407
f 6390 6898 6899
f 6900 6899 6406
f 6455 6900 6901
f 6902 6903 6904
f 6482 6903 6905
f 6501 6906 6907
f 6496 6515 6908
f 6532 6531 6326
f 6532 6742 6743
f 6612 6910 6735
f 6611 6911 6910
f 6626 5980 5979
f 6704 6912 6105
f 6913 6590 6591
f 6915 6794 6795
f 6229 6228 4067
f 6263 6290 6289
f 6745 6301 6663
f 6916 6771 6757
f 6885 6918 6165
f 6920 6780 6783
f 6921 6922 6923
f 6925 6921 6924
f 6927 6928 6929
f 6931 6932 6933
f 6935 6936 6937
f 6939 6940 6941
f 6943 6944 6945
f 6947 6948 6949
f 6944 6943 6951
f 6953 6954 6955
f 6957 6958 6959
f 6961 6962 6929
f 6964 6965 6966
f 6968 6969 6970
f 6969 6948 6955
f 6972 6943 6946
f 6974 6975 6976
f 6978 6979 6980
f 6940 6939 6982
f 6984 6985 6986
f 6988 6989 6990
f 6992 6990 6989
f 6994 6995 6996
f 6998 6999 7000
f 7002 7003 7004
f 7006 7007 7008
f 7010 7011 7012
f 7014 7015 7016
f 7018 7019 6999
f 7020 7021 7022
f 7024 7025 7026
f 7028 7029 7030
f 7032 7033 7034
f 7003 7002 7036
f 7038 7039 7040
f 6993 6989 7030
f 7042 7043 7044
f 7046 7047 7007
f 7011 7010 7048
f 7050 7051 7052
f 7054 7015 7014
f 7015 7054 7056
f 6621 6620 7045
f 7049 7048 6775
f 7051 7050 6021
f 7055 6697 6701
f 7054 6701 6755
f 6764 6763 7047
f 7020 7058 7059
f 7060 7061 7062
f 6958 7064 7065
f 6925 7066 7067
f 7068 6931 6934
f 7069 6988 6991
f 7071 6995 7072
f 7074 7075 7076
f 7078 7079 7080
f 7014 7017 7082
f 7084 7085 7086
f 7025 7028 7031
f 7085 7084 7072
f 7089 7084 7087
f 7055 7014 7083
f 7090 7087 6770
f 7092 7093 7094
f 7091 6183 6697
f 6770 7087 7086
f 7095 7094 6767
f 7096 7061 6980
f 7098 6941 6940
f 7058 7020 7023
f 7101 6927 6930
f 6974 7060 7063
f 7103 6968 6971
f 7105 6978 6981
f 7106 7107 7036
f 7109 7048 7010
f 7111 7019 7018
f 7098 7003 7037
f 7048 7109 7112
f 7113 6993 7041
f 6994 7114 7115
f 6965 7116 6923
f 6975 6922 6945
f 7061 7096 7065
f 6954 6953 6933
f 6763 7112 7109
f 7046 7045 6620
f 6947 7117 7067
f 6758 7086 7056
f 7118 7119 7039
f 7038 7069 7070
f 7106 7120 7121
f 7123 7124 7053
f 7123 7052 7083
f 7045 7046 7006
f 7107 7106 7122
f 7091 7083 7052
f 7091 7051 6020
f 6936 7096 7097
f 7125 6957 6960
f 6774 6021 7050
f 7119 6939 6942
f 7019 7002 7005
f 7011 7053 7124
f 7021 7126 7040
f 7114 7029 7016
f 7053 7011 7049
f 7086 7085 7057
f 6993 7113 7127
f 7075 7127 7113
f 4281 4280 6603
f 6012 6333 7129
f 7130 6083 6584
f 6797 7132 7133
f 6074 7134 7135
f 6789 6760 6173
f 6760 6789 6776
f 7136 6802 6801
f 6914 6671 6674
f 7007 7110 7059
f 7099 7004 7003
f 6984 7103 7104
f 7110 7007 7047
f 6333 6583 6587
f 5956 6699 6667
f 5957 5956 5971
f 7137 6715 6308
f 4292 4293 6718
f 6693 6705 6668
f 6215 6668 6667
f 6214 6667 6699
f 6698 6197 6212
f 6219 6207 6198
f 6207 6219 6220
f 6220 6221 6609
f 6262 6229 4066
f 7138 7139 7140
f 4298 7142 7140
f 7143 7144 7145
f 7147 7148 7144
f 7149 7150 7151
f 7150 7152 7153
f 6329 6261 7154
f 6261 6260 7155
f 7156 6829 7157
f 6598 6597 7159
f 6257 6256 7161
f 6256 4322 4321
f 6693 6694 6706
f 5954 5969 6705
f 5953 5966 5969
f 7163 5984 5983
f 7164 7165 6138
f 7167 7168 7169
f 6141 7171 7172
f 7166 7171 7173
f 6141 6140 7174
f 7176 7177 7178
f 7180 7181 7182
f 7184 7185 7186
f 6631 7180 7183
f 6218 6198 6197
f 6625 6641 7189
f 6814 6813 7190
f 6882 7192 7193
f 7195 7196 6109
f 6888 7197 7198
f 7200 7201 7202
f 7176 6627 6630
f 6029 7184 7187
f 7205 7206 7207
f 7209 7210 7211
f 7203 7202 7213
f 6886 7215 6778
f 6031 6030 7215
f 7216 7217 7218
f 7220 7221 6880
f 6076 6075 7220
f 6074 6077 6672
f 6147 6150 6662
f 7223 6662 6111
f 6810 6809 6113
f 6920 7134 6914
f 6077 6660 6675
f 6660 6077 6076
f 7222 7220 6669
f 7224 7222 6181
f 6660 6662 6150
f 7225 7226 6794
f 6783 6782 7225
f 6781 6780 6068
f 7217 7227 7228
f 6031 6888 7199
f 6887 6886 6723
f 6164 7225 6915
f 6780 6920 6591
f 7134 6074 6671
f 7229 7230 6824
f 7187 7186 7230
f 7226 6887 6722
f 7231 7232 6169
f 7201 7231 7233
f 6107 7234 7235
f 7215 7229 6823
f 6030 7187 7229
f 7236 7216 7219
f 7237 7238 6820
f 7237 7208 7207
f 7239 7240 7241
f 6739 7243 7244
f 7245 7239 7242
f 7233 6169 6168
f 7247 7213 7202
f 7195 6108 7203
f 7248 7249 7250
f 7227 7251 7252
f 7253 6067 5998
f 6067 7253 7198
f 6781 7198 7197
f 5984 7163 6683
f 7254 7250 6678
f 6679 7249 7252
f 6887 7226 7197
f 6782 7197 7226
f 7135 6919 6163
f 7221 7220 6075
f 6661 6076 7222
f 7224 6112 6111
f 6180 6810 6112
f 6179 6811 6810
f 6811 6179 6793
f 6650 6792 6622
f 6766 6621 7044
f 7095 7044 7043
f 7092 7043 7121
f 7078 7120 7255
f 7256 7232 7257
f 6768 6772 7259
f 6773 6767 7094
f 7090 7094 7093
f 7089 7093 7080
f 7071 7079 7032
f 7077 7018 6998
f 6995 7071 7260
f 7077 7076 7261
f 7035 7034 7018
f 7108 7019 7111
f 6978 7105 7262
f 7105 7263 7264
f 7263 6944 6952
f 6990 6992 6951
f 6972 7117 7266
f 7117 6947 6950
f 6948 6969 7267
f 6969 6968 6982
f 7103 6984 6987
f 7005 7004 6986
f 6999 7005 7268
f 7269 7270 7271
f 7274 7272 7275
f 7274 7273 7276
f 7278 7279 7280
f 7282 7283 7284
f 7286 7287 7288
f 7290 7291 7292
f 7294 7295 7296
f 7068 7297 7298
f 7300 7301 7302
f 7304 6962 7305
f 7307 7285 7305
f 7309 7284 7283
f 7311 7312 7313
f 7125 7304 7306
f 7285 7307 7280
f 7277 7281 7303
f 6965 6964 7316
f 7318 7312 7316
f 7320 7321 7271
f 7312 7318 7296
f 7270 7269 7298
f 7311 7270 7322
f 6961 6932 7300
f 7323 7324 7325
f 7327 7064 7328
f 7064 6958 7325
f 7287 7330 7292
f 6931 7068 7299
f 7331 7327 7329
f 7332 7333 7334
f 7336 7337 7338
f 7340 7341 7333
f 7342 7341 7343
f 7345 7346 7347
f 7348 7349 7350
f 7352 7353 7354
f 7356 7357 7358
f 7360 7361 7362
f 7365 7366 7367
f 7368 7369 7370
f 7372 7373 7336
f 7373 7375 7337
f 7367 7366 7376
f 7378 7379 7380
f 7382 7383 7384
f 7386 7387 7385
f 7388 7389 7390
f 7392 7334 7333
f 7394 7395 7396
f 7398 7399 7400
f 7402 7403 7404
f 7406 7407 7408
f 7410 7411 7383
f 7412 7413 7414
f 7385 7416 7417
f 7389 7418 7419
f 7373 7420 7421
f 7420 7373 7372
f 7369 7423 7424
f 7399 7398 7397
f 7393 7333 7341
f 7398 7358 7357
f 7358 7398 7401
f 7428 7429 7430
f 7433 7434 7435
f 7363 7362 7436
f 7383 7438 7439
f 7411 7440 7438
f 7441 7442 7443
f 7445 7446 7339
f 7374 7336 7339
f 7444 7365 7364
f 7448 7364 7450
f 7364 7367 7451
f 7451 7367 7377
f 7449 7450 7454
f 7455 7454 7450
f 7456 7455 7451
f 7410 7457 7458
f 7460 7461 7462
f 7423 7369 7462
f 7464 7465 7466
f 7468 7469 7347
f 7376 7366 7471
f 7425 7397 7396
f 7475 7476 7477
f 7478 7479 7480
f 7482 7483 7407
f 7484 7485 7351
f 7487 7405 7488
f 7490 7491 7492
f 7412 7415 7434
f 7494 7495 7434
f 7496 7388 7391
f 7440 7411 7498
f 7401 7400 7488
f 7485 7346 7345
f 7500 7502 7427
f 7395 7394 7469
f 7503 7504 7505
f 7507 7508 7509
f 7511 7512 7513
f 7511 7514 7515
f 7517 7518 7519
f 7521 7522 7523
f 7352 7524 7525
f 7415 7414 7527
f 7528 7529 7530
f 7404 7531 7502
f 7477 7388 7496
f 7512 7478 7481
f 7405 7404 7500
f 7533 7534 7535
f 7378 7507 7510
f 7532 7496 7379
f 7539 7540 7541
f 7524 7352 7355
f 7351 7485 7501
f 7414 7524 7523
f 7522 7543 7527
f 7544 7413 7412
f 7546 7416 7547
f 7526 7549 7353
f 7550 7521 7355
f 7521 7550 7551
f 7552 7546 7548
f 7546 7552 7553
f 7522 7521 7548
f 7418 7556 7520
f 7416 7546 7554
f 7457 7557 7558
f 7557 7559 7560
f 7562 7561 7563
f 7564 7563 7349
f 7351 7350 7565
f 7567 7568 7569
f 7570 7555 7520
f 7419 7418 7555
f 7572 7564 7348
f 7389 7476 7556
f 7573 7490 7493
f 7552 7535 7534
f 7562 7574 7536
f 7572 7575 7576
f 7422 7577 7578
f 7423 7579 7580
f 7579 7423 7463
f 7578 7574 7576
f 7583 7584 7381
f 7586 7579 7581
f 7533 7580 7579
f 7447 7339 7338
f 7588 7502 7531
f 7590 7428 7431
f 7321 7320 7592
f 7275 7581 7463
f 7461 7278 7276
f 7279 7278 7461
f 7453 7454 7593
f 7594 7593 7454
f 7330 7287 7498
f 7459 7458 7294
f 7558 7560 7595
f 7560 7592 7320
f 7275 7321 7585
f 7462 7276 7273
f 7596 7583 7380
f 7597 7598 7406
f 7467 7466 7599
f 7601 7602 7603
f 7605 7365 7444
f 7365 7605 7606
f 7607 7495 7494
f 7513 7481 7473
f 7396 7395 7514
f 7514 7395 7468
f 7470 7609 7515
f 7610 7611 7609
f 7612 7556 7476
f 7613 7530 7529
f 7442 7441 7615
f 7574 7578 7577
f 7619 7400 7399
f 7518 7479 7509
f 7491 7399 7425
f 7549 7620 7621
f 7491 7490 7622
f 7377 7438 7440
f 7379 7496 7497
f 7453 7461 7460
f 7411 7410 7459
f 7623 7624 7391
f 7625 7611 7610
f 7487 7407 7483
f 7619 7622 7408
f 7627 7628 7620
f 7538 7379 7378
f 7389 7388 7477
f 7629 7545 7412
f 7489 7408 7407
f 7628 7627 7598
f 7413 7525 7524
f 7592 7560 7559
f 7584 7631 7632
f 7569 7568 7633
f 7570 7508 7566
f 7631 7567 7566
f 7508 7570 7519
f 7614 7573 7480
f 7346 7610 7470
f 7572 7574 7562
f 7571 7633 7634
f 7346 7485 7484
f 7607 7591 7431
f 7585 7592 7630
f 7624 7596 7497
f 7635 7386 7384
f 7636 7427 7502
f 7323 7309 7310
f 7420 7578 7582
f 7637 7594 7455
f 7287 7286 7499
f 7458 7558 7295
f 7439 7376 7472
f 7599 7601 7604
f 7359 7358 7427
f 7436 7638 7639
f 7490 7573 7640
f 7481 7480 7493
f 7641 7506 7505
f 7642 7643 7627
f 7492 7425 7473
f 7517 7612 7625
f 7625 7484 7486
f 7634 7623 7390
f 7474 7477 7532
f 7448 7368 7441
f 7368 7448 7449
f 7615 7441 7368
f 7638 7603 7602
f 7575 7572 7501
f 7571 7555 7570
f 7400 7619 7489
f 7508 7507 7632
f 7503 7506 7540
f 6957 7125 7315
f 7376 7439 7438
f 7507 7378 7381
f 7499 7456 7452
f 7286 7637 7456
f 7504 7642 7644
f 7645 7598 7627
f 7647 7634 7633
f 7647 7648 7623
f 7649 7624 7623
f 7650 7596 7624
f 7646 7633 7568
f 7651 7568 7567
f 7653 7652 7567
f 7651 7654 7655
f 7656 7657 7658
f 7660 7658 7657
f 7663 7657 7656
f 7664 7665 7663
f 7667 7666 7663
f 7667 7662 7668
f 7663 7665 7661
f 7670 7671 7672
f 7661 7672 7671
f 7659 7668 7662
f 7648 7647 7668
f 7648 7659 7673
f 7659 7658 7674
f 7658 7660 7675
f 7668 7647 7646
f 7660 7671 7676
f 7675 7677 7678
f 7677 7675 7676
f 7677 7680 7681
f 7682 7683 7678
f 7677 7679 7684
f 7673 7674 7678
f 7683 7650 7649
f 7685 7676 7671
f 7667 7655 7686
f 7666 7686 7687
f 7654 7688 7686
f 7689 7687 7686
f 7664 7687 7691
f 7650 7692 7583
f 7693 7653 7631
f 7584 7583 7692
f 7693 7692 7682
f 7694 7682 7681
f 7694 7696 7653
f 7650 7683 7682
f 7696 7697 7652
f 7654 7651 7652
f 7688 7654 7697
f 7699 7698 7697
f 7700 7701 7698
f 7695 7699 7696
f 7699 7695 7702
f 7689 7688 7698
f 7689 7701 7703
f 7705 7706 7707
f 7701 7700 7705
f 7704 7703 7707
f 7685 7670 7691
f 7687 7689 7704
f 7680 7702 7695
f 7684 7706 7702
f 7702 7706 7705
f 7684 7679 7707
f 7676 7685 7707
f 7665 7669 7672
f 7670 7669 7690
f 7665 7664 7690
f 7611 7475 7474
f 7510 7509 7479
f 7511 7538 7537
f 7516 7532 7538
f 7517 7530 7613
f 7537 7510 7478
f 7611 7625 7612
f 7613 7480 7479
f 7556 7612 7517
f 7516 7515 7609
f 7708 7709 7710
f 7712 7713 7714
f 7713 7716 7717
f 7719 7720 7721
f 7722 7723 7597
f 7724 7712 7715
f 7726 7727 7728
f 7731 7640 7573
f 7730 7573 7614
f 7733 7734 7735
f 7721 7712 7724
f 7731 7722 7409
f 7708 7726 7729
f 7737 7724 7709
f 7716 7741 7736
f 7742 7743 7744
f 7740 7736 7735
f 7717 7716 7740
f 7716 7713 7720
f 7748 7749 7711
f 7750 7748 7710
f 7720 7719 7751
f 7734 7723 7728
f 7709 7724 7725
f 7752 7753 7715
f 7739 7709 7708
f 7720 7713 7712
f 7749 7754 7755
f 7745 7744 7756
f 7746 7727 7742
f 7743 7742 7755
f 7727 7746 7735
f 7747 7756 7757
f 7753 7750 7725
f 7751 7621 7620
f 7757 7752 7714
f 7718 7721 7737
f 7747 7740 7746
f 7727 7726 7755
f 7726 7708 7711
f 7759 7757 7756
f 7759 7760 7752
f 7760 7761 7753
f 7761 7762 7750
f 7758 7756 7744
f 7763 7744 7743
f 7754 7765 7764
f 7763 7766 7767
f 7768 7769 7770
f 7772 7768 7771
f 7775 7768 7772
f 7776 7777 7775
f 7779 7778 7775
f 7775 7777 7769
f 7770 7769 7781
f 7782 7774 7772
f 7760 7759 7782
f 7760 7773 7783
f 7773 7771 7784
f 7770 7785 7784
f 7779 7774 7782
f 7782 7759 7758
f 7785 7770 7780
f 7785 7787 7788
f 7787 7785 7786
f 7787 7790 7791
f 7792 7793 7788
f 7787 7789 7794
f 7793 7783 7784
f 7762 7761 7783
f 7796 7786 7780
f 7795 7780 7781
f 7779 7767 7798
f 7799 7776 7778
f 7766 7800 7798
f 7800 7801 7799
f 7802 7776 7799
f 7795 7797 7802
f 7762 7804 7748
f 7805 7765 7754
f 7749 7748 7804
f 7805 7804 7792
f 7806 7792 7791
f 7806 7808 7765
f 7793 7792 7804
f 7808 7809 7764
f 7766 7763 7764
f 7766 7809 7810
f 7811 7810 7809
f 7812 7813 7810
f 7807 7811 7808
f 7811 7807 7814
f 7813 7801 7800
f 7801 7813 7815
f 7817 7818 7819
f 7813 7812 7817
f 7816 7815 7819
f 7796 7795 7803
f 7799 7801 7816
f 7790 7814 7807
f 7794 7818 7814
f 7814 7818 7817
f 7794 7789 7819
f 7786 7796 7819
f 7777 7797 7781
f 7777 7776 7802
f 7528 7719 7718
f 7729 7728 7723
f 7738 7731 7730
f 7732 7737 7739
f 7733 7620 7628
f 7722 7731 7738
f 7621 7751 7719
f 7628 7597 7723
f 7733 7736 7741
f 7732 7614 7529
f 7486 7565 7621
f 7549 7565 7350
f 7353 7350 7349
f 7354 7349 7563
f 7821 7822 7823
f 7824 7825 7826
f 7825 7828 7829
f 7830 7831 7832
f 7834 7824 7827
f 7836 7837 7838
f 7840 7482 7406
f 7841 7406 7598
f 7843 7844 7845
f 7833 7824 7834
f 7848 7820 7836
f 7847 7834 7821
f 7828 7851 7846
f 7853 7854 7855
f 7850 7846 7845
f 7829 7828 7850
f 7828 7825 7832
f 7858 7859 7823
f 7860 7858 7822
f 7831 7861 7851
f 7844 7862 7838
f 7834 7835 7822
f 7863 7864 7827
f 7849 7821 7820
f 7825 7824 7833
f 7859 7865 7866
f 7855 7854 7867
f 7837 7852 7855
f 7865 7853 7852
f 7837 7856 7845
f 7857 7867 7868
f 7864 7860 7835
f 7843 7861 7642
f 7868 7863 7826
f 7830 7833 7847
f 7857 7850 7856
f 7837 7836 7866
f 7836 7820 7823
f 7870 7868 7867
f 7870 7871 7863
f 7871 7872 7864
f 7872 7873 7860
f 7869 7867 7854
f 7874 7854 7853
f 7876 7875 7853
f 7874 7877 7878
f 7879 7880 7881
f 7883 7879 7882
f 7886 7879 7883
f 7887 7888 7886
f 7890 7889 7886
f 7886 7888 7880
f 7891 7881 7880
f 7884 7893 7885
f 7871 7870 7893
f 7871 7884 7894
f 7884 7882 7895
f 7882 7881 7896
f 7890 7885 7893
f 7893 7870 7869
f 7881 7891 7897
f 7898 7899 7895
f 7900 7898 7896
f 7901 7902 7899
f 7904 7899 7902
f 7898 7900 7905
f 7894 7895 7899
f 7904 7873 7872
f 7907 7897 7891
f 7906 7891 7892
f 7890 7878 7909
f 7910 7887 7889
f 7877 7911 7909
f 7912 7910 7909
f 7887 7910 7914
f 7906 7908 7913
f 7873 7915 7858
f 7916 7876 7865
f 7859 7858 7915
f 7916 7915 7903
f 7917 7903 7902
f 7917 7919 7876
f 7873 7904 7903
f 7919 7920 7875
f 7877 7874 7875
f 7911 7877 7920
f 7922 7921 7920
f 7923 7924 7921
f 7918 7922 7919
f 7922 7918 7925
f 7924 7912 7911
f 7912 7924 7926
f 7928 7929 7930
f 7924 7923 7928
f 7927 7926 7930
f 7907 7906 7914
f 7910 7912 7927
f 7901 7925 7918
f 7905 7929 7925
f 7925 7929 7928
f 7905 7900 7930
f 7897 7907 7930
f 7888 7908 7892
f 7888 7887 7913
f 7645 7643 7831
f 7839 7838 7862
f 7841 7849 7848
f 7842 7847 7849
f 7504 7503 7844
f 7839 7931 7840
f 7643 7642 7861
f 7503 7539 7862
f 7846 7851 7861
f 7842 7598 7645
f 7932 7933 7934
f 7936 7937 7938
f 7937 7940 7941
f 7942 7943 7944
f 7947 7948 7949
f 7950 7936 7939
f 7953 7954 7955
f 7956 7957 7958
f 7956 7959 7540
f 7962 7963 7964
f 7936 7950 7965
f 7946 7949 7958
f 7966 7932 7952
f 7965 7950 7933
f 7968 7940 7969
f 7970 7971 7972
f 7974 7968 7964
f 7941 7940 7968
f 7940 7937 7944
f 7976 7977 7935
f 7978 7976 7934
f 7943 7979 7969
f 7947 7954 7963
f 7933 7950 7951
f 7980 7981 7939
f 7967 7933 7932
f 7937 7936 7945
f 7977 7982 7983
f 7973 7972 7984
f 7953 7970 7973
f 7982 7971 7970
f 7974 7963 7954
f 7975 7984 7985
f 7981 7978 7951
f 7961 7979 7544
f 7985 7980 7938
f 7942 7945 7965
f 7975 7968 7974
f 7952 7983 7970
f 7952 7932 7935
f 7987 7985 7984
f 7987 7988 7980
f 7988 7989 7981
f 7989 7990 7978
f 7986 7984 7972
f 7991 7972 7971
f 7993 7992 7971
f 7986 7991 7994
f 7997 7998 7999
f 8000 7996 7999
f 8003 7996 8000
f 8005 8003 8006
f 8007 8006 8003
f 7996 8003 8005
f 7998 7997 8009
f 8010 8002 8000
f 7988 7987 8010
f 7988 8001 8011
f 8011 8001 7999
f 7998 8013 8012
f 8007 8002 8010
f 8010 7987 7986
f 8013 7998 8008
f 8015 8016 8012
f 8017 8015 8013
f 8018 8019 8016
f 8021 8016 8019
f 8015 8017 8022
f 8011 8012 8016
f 8021 7990 7989
f 8023 8024 8014
f 8023 8008 8009
f 8007 7995 8026
f 8026 8027 8004
f 8028 8026 7995
f 8029 8027 8026
f 8030 8004 8027
f 8023 8025 8030
f 7990 8032 7976
f 8033 7993 7982
f 7976 8032 8033
f 8034 8033 8032
f 8035 8034 8020
f 8034 8036 7993
f 7990 8021 8020
f 8036 8037 7992
f 7991 7992 8037
f 7994 8037 8038
f 8039 8038 8037
f 8040 8041 8038
f 8035 8039 8036
f 8039 8035 8042
f 8041 8029 8028
f 8029 8041 8043
f 8045 8046 8047
f 8041 8040 8045
f 8044 8043 8047
f 8024 8023 8031
f 8027 8029 8044
f 8042 8035 8019
f 8022 8046 8042
f 8042 8046 8045
f 8017 8047 8046
f 8014 8024 8047
f 8005 8025 8009
f 8005 8004 8030
f 7506 7641 7943
f 7954 7947 7946
f 7967 7966 7957
f 7960 7965 7967
f 7948 7947 7962
f 7955 7946 7957
f 7641 7544 7979
f 7969 7979 7961
f 7960 7540 7506
f 7362 8049 8050
f 8052 7618 7464
f 8051 7464 7467
f 8054 8055 7600
f 8056 7361 7618
f 7436 8050 8057
f 8049 7362 7361
f 8057 8058 7603
f 8055 8053 7467
f 8058 8054 7604
f 8059 8060 8058
f 8060 8061 8054
f 8061 8062 8055
f 8062 8063 8053
f 8059 8057 8050
f 8064 8050 8049
f 8056 8066 8065
f 8059 8064 8067
f 8069 8070 8071
f 8073 8069 8072
f 8075 8069 8073
f 8077 8078 8075
f 8075 8079 8070
f 8079 8080 8081
f 8082 8071 8070
f 8083 8076 8073
f 8061 8060 8083
f 8061 8074 8084
f 8074 8072 8085
f 8072 8071 8086
f 8077 8076 8083
f 8083 8060 8059
f 8071 8082 8087
f 8088 8089 8085
f 8090 8088 8086
f 8091 8092 8089
f 8094 8089 8092
f 8088 8090 8095
f 8084 8085 8089
f 8094 8063 8062
f 8097 8087 8082
f 8096 8082 8081
f 8077 8068 8098
f 8099 8100 8078
f 8101 8098 8068
f 8102 8099 8098
f 8100 8099 8104
f 8096 8080 8103
f 8075 8078 8100
f 8079 8100 8103
f 8105 8051 8053
f 8066 8056 8052
f 8051 8105 8106
f 8107 8106 8105
f 8108 8107 8093
f 8107 8109 8066
f 8063 8094 8093
f 8109 8110 8065
f 8064 8065 8110
f 8067 8110 8111
f 8112 8111 8110
f 8113 8114 8111
f 8108 8112 8109
f 8112 8108 8115
f 8114 8102 8101
f 8102 8114 8116
f 8118 8119 8120
f 8114 8113 8118
f 8117 8116 8120
f 8097 8096 8104
f 8099 8102 8117
f 8091 8115 8108
f 8095 8119 8115
f 8115 8119 8118
f 8095 8090 8120
f 8087 8097 8120
f 7550 7563 7561
f 7552 7551 7561
f 7931 7862 7539
f 7640 7409 7408
f 7549 7526 7644
f 7525 7413 7544
f 7931 7542 7482
f 7483 7482 7542
f 7626 7402 7405
f 7629 7433 7432
f 7629 8121 7949
f 8122 7958 7949
f 8123 8122 8121
f 8124 8123 7432
f 7434 7495 8125
f 8125 7430 8124
f 8124 7430 7429
f 8123 8124 8126
f 8122 8123 8127
f 7541 7540 7959
f 7404 7403 8129
f 8125 7495 7431
f 7526 7525 7505
f 7626 7483 7541
f 7959 7958 8122
f 7961 7545 8048
f 7629 7948 8048
f 8127 7402 7626
f 7402 8127 8126
f 8129 7403 8126
f 7428 7531 8129
f 7589 7531 7428
f 7334 7392 7426
f 7335 7334 7357
f 7616 7615 7446
f 7392 7397 7398
f 7393 7394 7397
f 7342 7469 7394
f 7344 7347 7469
f 7343 7618 7361
f 7360 7345 7344
f 7363 7575 7345
f 7437 7576 7575
f 7582 7576 7437
f 7421 7582 7639
f 7375 7421 7602
f 7599 7337 7375
f 7465 7464 7618
f 7332 7447 7587
f 7447 7332 7335
f 7445 7335 7356
f 7359 7442 7616
f 7636 7443 7442
f 7588 7605 7443
f 7589 7606 7605
f 7590 7471 7606
f 7471 7590 7591
f 7446 7615 7371
f 7371 7370 7372
f 7422 7372 7370
f 7577 7422 7424
f 7536 7577 7580
f 7591 7607 7635
f 7607 7608 7386
f 7543 7608 7494
f 7547 7387 7543
f 7608 7543 7387
f 7387 7547 7416
f 7457 7410 7382
f 7557 7457 7417
f 7559 7557 7554
f 7630 7559 7553
f 7534 7533 7586
f 7466 7338 7337
f 7465 7587 7338
f 7617 7340 7587
f 7341 7340 7617
f 8130 6091 6090
f 6023 6022 8132
f 6182 6023 8133
f 6623 6622 6792
f 6787 6696 6182
f 8134 6700 6696
f 6917 6757 6756
f 6762 6761 7112
f 6762 6765 6184
f 6765 6623 6185
f 6650 6769 6768
f 6772 6771 6916
f 6777 6776 6789
f 6022 6777 6788
f 6756 6700 8134
f 6758 6757 6771
f 6761 6776 6775
f 6769 6622 6621
f 6772 6768 6767
f 6174 6173 6760
f 6187 6186 6178
f 6811 6649 6648
f 6786 6785 6724
f 6791 6790 6918
f 6186 6793 6179
f 6808 6807 8133
f 6884 6883 8135
f 6174 6187 6670
f 6807 6785 6784
f 6791 6808 8132
f 6786 6884 8134
f 6790 6173 6172
f 6649 6793 6792
f 6316 6315 8136
f 8137 6655 6654
f 8139 8140 6601
f 6656 6655 6580
f 6868 8141 8142
f 6316 6712 6711
f 6864 8143 8144
f 6864 6863 8145
f 6868 6867 6869
f 6656 6867 6866
f 8146 8147 8148
f 8139 8150 8151
f 8152 8153 6866
f 8154 8155 8138
f 6874 6873 8156
f 8158 6318 8159
f 8160 8152 6865
f 8161 6317 6313
f 6161 6600 8162
f 8164 8154 6654
f 8153 8164 6653
f 8165 8166 8167
f 8166 5989 8169
f 5989 5988 8170
f 5988 6017 8171
f 8172 8173 6043
f 8174 8175 6032
f 8174 6035 6098
f 8176 6098 6796
f 8177 6796 8178
f 7132 8178 6728
f 6589 6588 8180
f 8180 6588 6004
f 8181 6004 6007
f 6334 6079 6731
f 6079 6078 6645
f 6078 6085 6646
f 6085 8183 8184
f 6091 8130 8185
f 6086 6730 8183
f 6950 6949 7118
f 6952 6951 6992
f 6983 6982 6968
f 6987 6986 7004
f 7001 7000 6979
f 7001 7262 7074
f 7262 7264 7075
f 7264 6952 7127
f 7265 6951 6943
f 7265 7266 6991
f 7266 6950 7070
f 6949 7267 7119
f 7267 6982 6939
f 6983 6987 7099
f 7268 6986 6985
f 7000 7268 8186
f 6938 6937 6985
f 6946 6945 6922
f 6956 6955 6948
f 6971 6970 6928
f 6970 6955 6954
f 6973 6946 6921
f 6977 6976 7263
f 6981 6980 7061
f 6973 7067 7117
f 7097 6980 6979
f 7104 6971 6927
f 6977 6981 7060
f 6976 6945 6944
f 6956 7067 7066
f 6937 7097 8186
f 6938 7104 7101
f 6924 6923 7116
f 6926 6924 7297
f 6930 6929 6962
f 6934 6933 6953
f 6960 6959 6936
f 6963 6929 6928
f 6967 6966 6975
f 7063 7062 7327
f 6959 7065 7096
f 6926 6934 7066
f 7102 6930 7304
f 6967 7063 7331
f 6966 6923 6922
f 7062 7065 7064
f 6963 6933 6932
f 7102 6960 6935
f 7299 7298 7269
f 7301 7300 6932
f 7306 7305 7285
f 7308 7305 6962
f 7315 7306 7284
f 7317 7316 7312
f 7319 7316 6964
f 7322 7298 7297
f 7317 7322 7116
f 7308 7300 7303
f 7326 7325 6958
f 7329 7328 7291
f 7328 7325 7324
f 7301 7299 8187
f 7319 7329 7290
f 7326 7315 7309
f 7272 7271 7321
f 7272 7274 8187
f 7274 7277 7302
f 7281 7280 7307
f 7283 7282 7593
f 7289 7288 7324
f 7293 7292 7330
f 7293 7296 7318
f 7310 7283 7594
f 7314 7313 7595
f 7282 7280 7279
f 7278 7281 7277
f 7314 7271 7270
f 7313 7296 7295
f 7288 7292 7291
f 7289 7310 7637
f 6003 6002 6626
f 6003 6138 7165
f 6690 8188 8189
f 6686 6685 5981
f 6685 6687 6096
f 6687 6688 6806
f 6002 6686 5980
f 6606 8188 5351
f 7164 7173 8190
f 8192 7175 7174
f 6015 6014 8153
f 6189 6188 8155
f 8157 8156 6284
f 6332 6015 8152
f 6593 6592 6317
f 6658 6189 8154
f 6014 6658 8164
f 6332 8194 7131
f 6805 8159 6321
f 6146 8163 8162
f 6607 7128 8195
f 8196 6126 6125
f 8198 7169 7168
f 8199 7168 6633
f 7177 6632 8201
f 8202 8203 8204
f 7208 7186 7185
f 7237 7230 7186
f 6819 6824 7230
f 6818 6821 6824
f 8206 6883 6821
f 8207 6917 8135
f 6917 8207 8209
f 8209 8210 7259
f 8210 8211 6647
f 6812 6648 8212
f 6809 6812 7258
f 6809 7257 8213
f 6113 8213 8214
f 7235 7223 6110
f 7223 7235 7234
f 6147 7234 8215
f 6148 8215 8216
f 8218 6155 6158
f 8219 6285 6116
f 6284 6188 6116
f 6188 6284 8156
f 8155 8156 6873
f 8138 6873 6872
f 8137 6872 8148
f 6193 8147 6281
f 6190 6281 6278
f 8220 8221 8222
f 8224 8225 7139
f 6223 6222 8226
f 6237 6236 8228
f 6238 6223 8227
f 6249 6248 8231
f 6253 6252 8233
f 6236 6279 8221
f 6331 6238 8230
f 6252 6595 8236
f 6222 6237 8229
f 6828 6827 8237
f 6280 8239 8240
f 8208 8135 6883
f 6648 6647 8211
f 6143 6624 8242
f 6624 7189 8244
f 8245 8246 8247
f 8249 8250 8251
f 7195 8253 8254
f 7214 8255 8253
f 8256 8255 7214
f 7243 7211 8257
f 7210 8258 8257
f 8259 7181 6102
f 8261 6122 6121
f 8178 7132 8263
f 7132 6797 8264
f 6797 6135 8265
f 6135 6134 8266
f 6134 6151 8267
f 6151 6154 8268
f 6154 8269 8270
f 8269 8271 8272
f 7194 7193 8273
f 7193 8250 8275
f 8249 8259 8260
f 8248 8277 8278
f 6129 6128 8279
f 7169 8198 8197
f 8198 8190 8192
f 7171 6141 7175
f 6589 6801 7129
f 6801 6037 6040
f 6037 6036 6041
f 6036 6131 6659
f 6131 6156 6118
f 6156 6155 6119
f 8218 8219 6119
f 8219 8218 6815
f 7191 7189 6641
f 8246 8244 7189
f 8245 8278 8281
f 8280 8279 6288
f 6125 6124 7170
f 6288 6127 6602
f 6126 8196 6604
f 8196 8193 6605
f 7174 6140 6691
f 6691 6140 6139
f 7171 7166 8283
f 7172 8283 8284
f 6139 6142 8284
f 8285 8286 8287
f 8211 8210 8289
f 8290 8291 8292
f 8293 8294 8291
f 8293 8207 8208
f 8296 8297 8298
f 6818 6817 8296
f 8285 7256 7258
f 7243 8299 7212
f 7243 6739 8300
f 8301 8300 6739
f 8302 8256 7213
f 8303 8302 7247
f 8304 8303 6168
f 6738 8298 8297
f 8288 8287 6167
f 8304 8292 8291
f 8305 8291 8294
f 6737 6736 8306
f 6736 7244 8307
f 8243 8242 8308
f 8242 8244 8282
f 8247 8246 7191
f 7196 8254 8251
f 8253 8310 8311
f 8255 8312 8310
f 8313 8312 8255
f 7244 8257 8313
f 8313 8257 8258
f 8312 8258 8314
f 8315 8311 8310
f 8311 8315 8316
f 8282 8281 8317
f 8308 8317 8261
f 8309 8261 8262
f 8248 8247 8275
f 8282 8244 8246
f 8307 8313 8256
f 8306 8307 8302
f 8305 8306 8303
f 8298 6738 6737
f 8287 8292 8304
f 7253 8319 7199
f 8319 8320 6028
f 8320 8321 6029
f 8321 8322 7184
f 8322 8203 7185
f 8203 8202 7205
f 8202 7240 7206
f 7239 7245 7210
f 7251 7227 8319
f 7227 7217 8320
f 7217 7216 8321
f 7216 7236 8322
f 7236 8204 8203
f 6175 8199 8200
f 7165 7164 8191
f 6137 8283 7166
f 6200 6199 8283
f 6199 6206 8284
f 8284 6206 6205
f 6205 6608 6689
f 6689 6608 5485
f 7009 7008 8323
f 7013 7012 7021
f 7017 7016 7029
f 7013 7059 7110
f 7073 7072 7084
f 7081 7080 7093
f 7082 7017 7028
f 7088 7072 6995
f 7088 7115 7057
f 7122 7121 7043
f 7124 7123 7024
f 7082 7025 7024
f 7009 7122 7042
f 7012 7124 7126
f 7115 7016 7015
f 7008 7059 7058
f 7081 7121 7120
f 7073 7080 7079
f 6997 6996 7076
f 7023 7022 6942
f 7027 7026 7069
f 7031 7030 6989
f 7079 7078 7033
f 7037 7036 7107
f 7027 7040 7126
f 7041 7030 7029
f 7026 7031 6988
f 7100 7023 6941
f 7108 7036 7002
f 7100 7037 8323
f 6997 7041 7114
f 7022 7040 7039
f 7111 7034 7033
f 7035 7261 7260
f 7261 7076 6996
f 7108 7255 7120
f 7245 8314 8258
f 7246 8315 8314
f 7181 8259 8316
f 8277 6101 6129
f 8278 6129 8280
f 6287 8317 8281
f 6122 8261 8317
f 5487 6145 6144
f 5489 6159 6162
f 6637 8324 8325
f 8326 8325 8225
f 5494 7139 8225
f 6160 6159 8150
f 5496 8324 8151
f 8163 8327 6162
f 6146 6145 8327
f 8243 8328 6144
f 8328 8243 8309
f 8318 8262 5501
f 8262 6121 5502
f 8329 8330 8331
f 8333 8334 8335
f 8338 8182 6007
f 8329 8334 8339
f 8341 6334 6734
f 6006 8342 8337
f 8342 6006 6804
f 6065 6064 8339
f 5995 5994 8341
f 6918 6172 6166
f 7221 6163 6166
f 6172 6171 6880
f 8344 5952 5955
f 5519 5976 5975
f 6806 8345 8346
f 6646 8184 8347
f 8165 8348 8349
f 6322 8350 8131
f 8345 6806 6688
f 6695 8346 5975
f 5976 5519 5528
f 5529 8130 8131
f 6643 8347 8352
f 8183 5533 5532
f 5534 8185 8130
f 6730 5535 5533
f 8351 6688 6093
f 5535 6730 6594
f 8353 8354 6652
f 8354 8353 8355
f 8357 8358 6825
f 8359 8357 6202
f 6224 8354 8356
f 6275 8361 8362
f 6201 6210 7143
f 7146 8363 8359
f 8357 8359 8363
f 8355 8365 8366
f 8361 8360 8368
f 8356 8355 8367
f 8370 8371 8372
f 8220 8373 7145
f 6275 6274 6228
f 5558 4067 6228
f 8375 8369 8367
f 8362 8368 8376
f 8378 8379 8380
f 8363 7146 8382
f 8384 8378 8381
f 8382 8373 8386
f 8383 8387 8364
f 6226 6225 6231
f 6231 6225 8361
f 6636 8388 8389
f 6635 8390 8388
f 8390 6635 5576
f 8379 8378 6232
f 8378 8384 6233
f 8384 8391 8371
f 8372 8392 8393
f 7138 8240 8239
f 8224 8239 8394
f 8146 6638 8394
f 6638 6637 8326
f 6340 6339 6299
f 6747 6338 6577
f 6344 6343 6346
f 6342 6341 6355
f 6353 6352 6349
f 6337 6351 6369
f 6360 6359 6328
f 6358 6357 6386
f 6364 6363 6293
f 6362 6361 6376
f 6366 6353 6297
f 6350 6365 6372
f 6533 6342 6303
f 6534 6536 6346
f 6744 6746 6533
f 6536 6534 6747
f 6357 6835 6894
f 6341 6834 6832
f 6839 6838 6292
f 6837 6836 6380
f 6838 6841 6354
f 6361 6840 6377
f 6363 6366 6296
f 6365 6362 6373
f 6359 6839 6291
f 6836 6358 6385
f 6481 6480 6902
f 6484 6483 6501
f 6477 6488 6487
f 6849 6467 6492
f 6494 6492 6467
f 6547 6481 6544
f 6750 6751 6546
f 6494 6466 6751
f 6843 6484 6500
f 6845 6573 6575
f 6489 6488 6847
f 6474 6487 6491
f 6483 6905 6906
f 6493 6463 6465
f 6471 6470 6544
f 6472 6482 6485
f 6476 6475 6461
f 6470 6451 6542
f 6570 6567 6569
f 6495 6567 6463
f 6475 6465 6462
f 6572 6848 6477
f 6574 6571 6457
f 6569 6568 6543
f 6575 6574 6473
f 6471 6904 6901
f 6469 6468 6508
f 6498 6497 6479
f 6503 6502 6518
f 6489 6506 6505
f 6467 6849 6509
f 6546 6548 6498
f 6549 6548 6752
f 6752 6751 6466
f 6503 6850 6846
f 6850 6851 6844
f 6507 6506 6852
f 6486 6505 6509
f 6502 6907 6909
f 6858 6893 6664
f 8396 8397 6611
f 6833 8398 6324
f 8399 6826 6825
f 6831 6830 8401
f 6707 6833 6826
f 8398 8403 6890
f 6858 6857 8404
f 8405 8396 6610
f 6830 6893 6553
f 8397 6892 6911
f 8400 6825 8358
f 8358 8357 8364
f 8406 8364 8387
f 8389 8408 8380
f 8389 8388 8409
f 8388 8390 8410
f 5575 5597 8410
f 6665 6273 8411
f 8412 8413 6720
f 8413 5602 5601
f 8411 8414 8413
f 6262 6742 6290
f 5602 8413 8414
f 7141 7140 7142
f 8393 8222 8241
f 8227 8226 7147
f 8229 8228 8374
f 8230 8227 7151
f 8232 8231 8415
f 8234 8233 8417
f 8221 8220 8374
f 8235 8230 7153
f 8233 8236 8420
f 8226 8229 7148
f 8238 8237 8421
f 7141 8393 8240
f 6581 6580 6655
f 6640 6639 8140
f 6710 6709 8141
f 6717 6716 6712
f 6860 6859 8143
f 6870 6869 6867
f 6717 8136 6726
f 6870 6580 6192
f 6860 8145 6050
f 6710 6869 6025
f 6639 8149 6871
f 6640 8151 8324
f 6581 8148 8147
f 5615 5614 6234
f 7144 7148 8374
f 7144 7143 6210
f 7150 7149 6210
f 7152 7150 6209
f 7152 7154 8419
f 7154 7155 8421
f 7158 7157 8415
f 7160 7159 8420
f 7162 7161 8418
f 7161 4321 5616
f 8370 6234 6233
f 8373 8382 7146
f 8392 8391 8386
f 8391 8392 8372
f 5617 8344 6713
f 5973 5618 3355
f 8345 5620 5619
f 3880 6735 6910
f 8351 5622 5620
f 8346 5619 5520
f 5621 6910 6911
f 5622 8351 8185
f 8150 5624 5497
f 8423 8424 8425
f 8427 6516 6519
f 8429 8430 8431
f 6523 8432 8433
f 8434 8435 8436
f 8438 8435 8434
f 8438 8440 6511
f 8441 8442 8424
f 8427 8443 8430
f 8444 8428 8445
f 8447 8425 8424
f 8449 8443 8444
f 8451 8431 8430
f 8453 8437 8454
f 8456 8434 8437
f 8439 8434 8456
f 8448 8424 8442
f 8452 8430 8443
f 8425 8447 8459
f 8460 8461 8462
f 8464 8465 8466
f 8468 8469 8470
f 8472 8473 8474
f 8476 8477 8478
f 8480 8481 8482
f 8484 8485 8486
f 8485 8488 8489
f 8490 8491 8481
f 8492 8493 8494
f 8495 8494 8496
f 8498 8499 8500
f 8502 8501 8500
f 8504 8505 8506
f 8508 8509 8510
f 8513 8508 8511
f 8507 8506 8514
f 8516 8517 8518
f 8520 8517 8516
f 8522 8523 8524
f 8526 8527 8522
f 8528 8529 8530
f 8532 8530 8529
f 8534 8535 8536
f 8538 8539 8534
f 8464 8482 8481
f 8483 8540 8541
f 8542 8485 8484
f 8487 8543 8540
f 8488 8485 8542
f 8545 8546 8486
f 8481 8491 8466
f 8547 8545 8489
f 8548 8494 8493
f 8549 8550 8502
f 8551 8496 8494
f 8497 8541 8552
f 8469 8500 8499
f 8547 8541 8497
f 8469 8468 8503
f 8501 8502 8550
f 8460 8504 8507
f 8552 8553 8506
f 8554 8511 8510
f 8549 8552 8505
f 8554 8555 8512
f 8513 8556 8550
f 8461 8507 8515
f 8557 8556 8513
f 8558 8516 8519
f 8559 8560 8527
f 8521 8516 8558
f 8553 8562 8517
f 8477 8525 8524
f 8520 8523 8557
f 8476 8526 8525
f 8527 8560 8556
f 8563 8529 8528
f 8564 8539 8531
f 8533 8529 8563
f 8562 8567 8530
f 8473 8537 8536
f 8559 8562 8532
f 8472 8538 8537
f 8560 8534 8539
f 8463 8462 8555
f 8544 8542 8467
f 8470 8551 8548
f 8475 8474 8566
f 8479 8478 8561
f 8484 8487 8483
f 8490 8489 8488
f 8503 8493 8492
f 8498 8497 8496
f 8504 8510 8509
f 8515 8514 8513
f 8519 8518 8527
f 8521 8524 8523
f 8528 8531 8539
f 8533 8536 8535
f 8467 8484 8482
f 8487 8486 8546
f 8544 8466 8491
f 8480 8541 8547
f 8493 8503 8468
f 8495 8552 8549
f 8551 8470 8499
f 8501 8545 8547
f 8460 8463 8510
f 8508 8550 8549
f 8555 8462 8515
f 8506 8553 8557
f 8519 8526 8476
f 8517 8562 8559
f 8561 8478 8524
f 8522 8556 8557
f 8475 8528 8538
f 8567 8565 8531
f 8566 8474 8536
f 8560 8559 8535
f 8442 8441 8568
f 6512 8570 8568
f 8570 8440 8571
f 8426 6515 6514
f 8428 8444 8443
f 6522 8429 8432
f 8437 8436 8433
f 6524 8436 8435
f 6528 6527 8435
f 8423 6514 6550
f 8429 6522 6516
f 6515 8426 8445
f 8441 6550 6754
f 8570 8572 8569
f 8440 8570 6512
f 8569 8573 8458
f 8574 8575 8572
f 8572 8575 8573
f 8453 8576 8577
f 8576 8453 8455
f 8452 8579 8580
f 8573 8581 8582
f 8575 8583 8581
f 8584 8583 8575
f 8571 8439 8457
f 8439 8571 8440
f 8585 8586 8587
f 8587 8589 8590
f 8589 8591 8592
f 8591 8593 8594
f 8593 8595 8596
f 8595 8597 8598
f 8599 8600 8586
f 8601 8602 8600
f 8603 8604 8602
f 8605 8606 8598
f 8607 8608 8604
f 8609 8610 8608
f 8611 8612 8610
f 8606 8605 8612
f 8613 8614 8589
f 8614 8615 8591
f 8615 8616 8593
f 8616 8617 8595
f 8617 8618 8597
f 8619 8620 8617
f 8620 8621 8618
f 8620 8622 8623
f 8624 8625 8626
f 8626 8623 8622
f 8620 8619 8628
f 8622 8628 8629
f 8627 8629 8630
f 8632 8633 8634
f 8636 8634 8633
f 8637 8638 8636
f 8639 8633 8632
f 8633 8639 8641
f 8635 8641 8642
f 8642 8643 8644
f 8645 8638 8637
f 8586 8646 8613
f 8600 8647 8646
f 8616 8615 8648
f 8615 8614 8649
f 8613 8650 8649
f 8651 8650 8613
f 8647 8652 8651
f 8652 8653 8654
f 8602 8655 8647
f 8655 8656 8652
f 8656 8657 8653
f 8653 8658 8659
f 8658 8660 8661
f 8644 8662 8663
f 8664 8661 8662
f 8661 8664 8666
f 8666 8667 8654
f 8667 8650 8651
f 8668 8605 8597
f 8669 8668 8618
f 8670 8669 8621
f 8671 8670 8623
f 8671 8626 8625
f 8625 8631 8673
f 8636 8674 8675
f 8638 8676 8674
f 8645 8677 8676
f 8645 8663 8678
f 8679 8680 8660
f 8657 8679 8658
f 8583 8584 8648
f 8650 8581 8583
f 8667 8582 8581
f 8666 8681 8582
f 8664 8682 8681
f 8682 8664 8665
f 8684 8685 8643
f 8684 8642 8641
f 8639 8580 8579
f 8580 8639 8640
f 8629 8577 8576
f 8604 8686 8655
f 8608 8687 8686
f 8610 8688 8687
f 8612 8689 8688
f 8605 8668 8689
f 8690 8689 8668
f 8691 8688 8689
f 8692 8687 8688
f 8693 8686 8687
f 8656 8655 8686
f 8694 8690 8669
f 8695 8691 8690
f 8696 8692 8691
f 8697 8693 8692
f 8657 8656 8693
f 8697 8698 8679
f 8696 8699 8698
f 8696 8695 8700
f 8694 8701 8700
f 8670 8671 8701
f 8702 8701 8671
f 8701 8702 8703
f 8703 8704 8699
f 8699 8704 8705
f 8698 8705 8680
f 8672 8673 8706
f 8675 8674 8707
f 8674 8676 8709
f 8709 8676 8677
f 8677 8678 8711
f 8712 8713 8710
f 8702 8706 8714
f 8713 8712 8714
f 8707 8709 8716
f 8717 8716 8713
f 8710 8713 8716
f 8708 8707 8717
f 8546 8601 8599
f 8546 8545 8603
f 8550 8607 8603
f 8556 8609 8607
f 8560 8611 8609
f 8564 8606 8611
f 8565 8598 8606
f 8565 8567 8596
f 8567 8562 8594
f 8562 8553 8592
f 8553 8552 8590
f 8590 8552 8541
f 8540 8585 8588
f 8543 8599 8585
f 8684 8449 8450
f 8579 8452 8449
f 8682 8447 8448
f 8447 8682 8683
f 8681 8448 8458
f 8584 8718 8619
f 8628 8718 8577
f 8457 8456 8577
f 8574 8457 8718
f 7134 6920 6919
f 6164 6163 6919
f 5485 6608 6609
f 3832 5351 8188
f 5921 6609 6221
f 5922 4281 7128
f 6439 8719 8720
f 8720 8719 6570
f 6570 8719 8721
f 6439 6447 8721
f 6727 6058 6057
f 6312 6057 6073
f 6828 6248 6073
f 6877 6268 6267
f 6745 6267 6299
f 6891 6306 6305
f 6338 6747 6746
f 6438 6411 6410
f 6412 6411 6440
f 6564 6421 6424
f 6842 6578 6577
f 6889 6305 6829
f 6579 6578 6564
f 6435 6410 6565
f 8722 6857 6306
f 8723 6859 6058
f 6269 6268 6878
f 7160 7157 6829
f 8724 8144 8143
f 8238 8231 6248
f 6339 6746 6744
f 8395 6577 6338
f 6879 6878 8404
f 8422 8415 8231
f 8725 8143 6859
f 8416 8415 7157
f 6059 6050 6049
f 6330 6099 6049
f 7156 6260 6259
f 6269 6265 6264
f 6297 6349 6264
f 6340 6352 6351
f 6368 6842 8395
f 6422 6414 6559
f 6436 6403 6404
f 6447 6439 6438
f 6424 6423 6436
f 6331 6827 6099
f 6422 6421 6842
f 8722 8403 6856
f 8141 6863 6862
f 6265 6855 6617
f 6324 6890 6259
f 7158 7155 6260
f 6709 8145 6863
f 8235 8237 6827
f 6298 6349 6352
f 6370 6369 6351
f 6891 6890 8403
f 8419 8421 8237
f 6051 6050 8145
f 8422 8421 7155
f 8721 6447 6446
f 6748 6440 8720
f 8727 6008 6011
f 8158 6009 8144
f 6009 6008 6861
f 6008 8727 6862
f 8142 6862 8727
f 6554 6553 6893
f 6833 6707 6708
f 6708 6856 8403
f 5623 6911 6892
f 8406 8366 8365
f 8407 8375 8366
f 8377 8376 8408
f 8397 8396 6530
f 6651 8399 8400
f 8402 8401 6616
f 6618 6707 8399
f 6554 8404 6878
f 8396 8405 6854
f 8401 6553 6552
f 6892 8397 6529
f 8353 8400 8365
f 8377 8409 6276
f 8409 8410 6277
f 8410 5597 5932
f 8726 8404 6857
f 8726 6856 6855
f 7234 6107 6106
f 8279 6124 6127
f 8354 6224 6227
f 6246 6245 6619
f 8239 6280 6282
f 8162 6283 6286
f 6292 6354 6246
f 6382 6378 6377
f 6392 6397 6396
f 6396 6395 6427
f 6398 6397 6443
f 6459 6443 6458
f 6525 6520 6523
f 6558 6272 6271
f 6429 6428 6560
f 6460 6458 6572
f 6272 6558 3736
f 7128 6603 6602
f 6227 6245 6244
f 7180 6631 6634
f 6642 6286 6285
f 6356 6741 6740
f 6816 6815 8218
f 6820 8300 8301
f 6355 6832 6741
f 6344 6835 6834
f 6364 6841 6840
f 6375 6378 6560
f 6848 6847 6488
f 6853 6852 6506
f 6530 6854 6740
f 8140 6871 6874
f 6555 6271 6831
f 8215 6106 6881
f 6348 6895 6894
f 6383 6895 6896
f 6433 6897 6896
f 6432 6897 6898
f 6406 6899 6898
f 6900 6455 6387
f 6900 6449 6448
f 6472 6904 6903
f 6480 6905 6903
f 6497 6907 6906
f 6908 6519 6518
f 4280 5933 6120
f 6100 7167 7170
f 6632 6631 7188
f 7235 8214 7201
f 7206 7209 7212
f 8213 7257 7232
f 8214 8213 7231
f 6108 6107 7200
f 7238 8299 8300
f 7207 7212 8299
f 8205 7241 7240
f 6170 6169 7232
f 6638 8146 8149
f 6601 6874 8157
f 6600 8157 6283
f 8392 8223 8222
f 6278 6280 8241
f 6816 8272 8274
f 6642 6815 6814
f 6128 7170 6124
f 8195 6602 6127
f 8212 8211 8286
f 8292 8287 8286
f 8290 8289 8210
f 8207 8293 8290
f 8294 8293 8295
f 8206 8296 8295
f 6817 8301 8297
f 8288 6170 7256
f 7209 7206 7240
f 6225 6224 8360
f 8369 8368 8360
f 8375 8376 8368
f 8381 8380 8387
f 8385 8381 8383
f 8385 8386 8391
f 8147 8146 6282
f 6345 6894 6835
f 6327 6832 6834
f 6295 6354 6841
f 6379 6377 6840
f 6853 6847 6845
f 6479 6906 6905
f 6848 6572 6571
f 6452 6901 6904
f 6525 6852 6851
f 6496 6909 6907
f 8402 8405 6876
f 8408 8407 8387
f 6279 8241 8222
f 6872 6871 8149
f 8223 8386 8373
f 6526 8433 8436
f 8446 8445 8426
f 8455 8454 8431
f 8446 8459 8450
f 8454 8433 8432
f 6908 8445 8428
f 8578 8455 8451
f 8632 8631 8625
f 8640 8632 8624
f 8660 8663 8662
f 8662 8644 8643
f 8675 8673 8631
f 8680 8678 8663
f 8683 8665 8643
f 8578 8640 8630
f 8673 8675 8708
f 8678 8680 8705
f 8711 8705 8704
f 8706 8708 8715
f 8703 8714 8712
f 8459 8683 8685
f 8407 8408 8376
f 6615 6854 8405
f 5993 6080 6335
f 6060 6682 6018
f 5993 6047 6081
f 6105 6104 6176
f 6177 6104 6000
f 6309 6311 6310
f 8725 6315 6314
f 8724 6314 6318
f 6321 6320 6053
f 6249 6595 6310
f 6596 6254 6257
f 8188 6606 6605
f 5986 6683 6682
f 6714 6726 6311
f 6047 6320 6086
f 6875 6596 6304
f 6001 6105 6912
f 7162 7159 6597
f 7254 7163 6912
f 6684 6683 7163
f 8723 8136 6315
f 6592 8159 6318
f 8332 8331 8171
f 6607 6606 5350
f 8191 8190 8198
f 8197 8192 8193
f 8159 6592 6319
f 8232 8236 6595
f 8192 8190 7173
f 8189 6605 8193
f 6177 8191 8199
f 6733 8331 8330
f 8340 8341 8330
f 8341 5994 6335
f 8412 6721 6875
f 8414 8411 6273
f 8416 8420 8236
f 6727 6726 8136
f 8417 8420 7159
f 6277 5932 5558
f 5935 5576 6635
f 5991 5990 6061
f 6019 6018 6682
f 5999 6034 6033
f 6045 6044 6677
f 6055 6054 6083
f 5995 6064 6063
f 6084 6054 6053
f 6088 5990 5989
f 6063 6084 6046
f 6066 6097 6034
f 6103 6102 7181
f 6673 6676 6133
f 6149 6148 6153
f 6323 6088 8166
f 6585 6584 6083
f 6630 6629 6702
f 6634 6633 7168
f 6676 6149 6152
f 6703 6629 6628
f 6796 6729 6728
f 6069 6729 6097
f 6132 6798 6674
f 6803 6799 6800
f 6011 6010 6055
f 6799 6803 6582
f 7194 8271 6881
f 7131 6584 6583
f 6798 7133 6913
f 7179 7178 8204
f 7183 7182 7246
f 7188 7183 7242
f 6109 7196 7192
f 7204 6630 6176
f 7219 7218 6628
f 7218 7228 7248
f 7179 7219 6627
f 7250 7254 6704
f 7228 7252 7249
f 6678 7250 7249
f 5997 7252 7251
f 8168 8167 6644
f 8167 8169 6732
f 8169 8170 6733
f 8170 8171 8331
f 8336 8335 8173
f 8182 8338 8175
f 8182 8174 8176
f 8181 8176 8177
f 8180 8177 8179
f 7133 6728 6590
f 7130 7131 8194
f 8200 6633 6632
f 7178 8201 8205
f 8269 6154 6153
f 8254 8311 8252
f 8260 6102 6101
f 8179 8263 6802
f 8263 8264 6038
f 8264 8265 6039
f 8265 8266 6130
f 8266 8267 6157
f 8267 8268 6158
f 8268 8270 8217
f 8270 8272 6816
f 6813 8274 8273
f 8273 8275 8247
f 8276 8260 8277
f 7192 8251 8250
f 8252 8316 8259
f 8276 8275 8250
f 7204 8200 7177
f 7182 8316 8315
f 8343 8339 8334
f 8333 8337 8342
f 8343 8342 6800
f 8340 8339 6064
f 6323 8349 8350
f 8168 8352 8348
f 8349 5937 5936
f 8352 5939 5938
f 6103 6634 7167
f 8271 8269 8216
f 8201 7188 7241
f 8274 8272 8271
f 5991 6018 6017
f 8728 8171 6017
f 5997 5996 6680
f 5996 6033 6045
f 6033 6032 6042
f 6042 6032 8175
f 8172 8175 8338
f 8336 8338 8337
f 6684 6678 6677
f 6681 6677 6044
f 6019 6044 6043
f 6016 6043 8173
f 8728 8173 8335
f 8332 8335 8334
f 8194 6332 8160
f 6805 6010 6009
f 5940 5941 7137
f 8324 5496 5942
f 8325 5942 5495
f 6253 5943 4292
f 7137 5941 5944
f 8348 5938 5937
f 8350 5936 5530
f 5624 8150 6159
f 6718 4293 5940
f 8327 5945 5490
f 8347 5946 5939
f 5933 5502 6121
f 8184 5532 5946
f 7142 4298 5615
f 6145 5487 5945
f 8234 5947 5943
f 8328 5948 5488
f 8318 5500 5948
f 7139 5494 4299
f 8418 5616 5947
f 5604 8414 6599
f 5949 3853 6712
f 5944 5949 6716
f 6720 5601 5950
f 6255 5950 4322
f 5614 5935 6235
f 6711 3852 5951
f 8161 5951 3857
f 5973 5964 2965
f 2965 5964 5963
f 222 5963 5960
f 223 5960 5958
f 5958 5957 3185
f 5957 5970 2977
f 5970 5967 1213
f 5967 5966 1214
f 2532 1214 5966
f 2894 2532 5953
f 2871 2894 5952
f 5510 5722 5721
f 5822 5825 5824
f 3511 3512 3844
f 3887 3892 3889
f 3876 3879 3878
f 3356 3357 3911
f 3372 3373 3390
f 3849 3854 3851
f 3481 3478 3867
f 3873 3874 3385
f 3875 3375 3450
f 3915 3794 3865
f 3657 3670 3671
f 5618 5973 3013
f 1997 1996 1889
f 1237 745 744
f 1535 1534 120
f 1531 1532 201
f 1119 1241 1032
f 946 948 824
f 163 8 5
f 9041 9178 9175
f 1155 1156 1162
f 427 213 327
f 553 1902 796
f 8732 2232 2231
f 8732 3178 2230
f 2237 3183 3180
f 8734 8735 8736
f 8735 8737 8738
f 8737 8739 8740
f 8739 8741 8742
f 8743 8744 8745
f 8746 8745 8747
f 8749 8750 8748
f 8751 8752 8750
f 8754 8755 8756
f 8757 8758 8755
f 8759 8760 8758
f 8761 8762 8760
f 8763 8764 8762
f 8766 8751 8749
f 8765 8749 8747
f 8767 8747 8745
f 8768 8745 8744
f 8744 8770 8771
f 8770 8741 8772
f 8741 8739 8773
f 8739 8737 8774
f 8737 8735 8775
f 8735 8734 8776
f 8776 8734 8777
f 2904 8778 8779
f 8780 8778 2904
f 8781 8780 2902
f 2875 8782 8781
f 8783 8784 2733
f 2825 8785 8786
f 8788 8789 8790
f 8792 8788 8787
f 2724 2723 8785
f 8787 8790 3115
f 8791 8787 3117
f 8794 8766 8765
f 8793 8765 8767
f 8795 8767 8768
f 8796 8768 8769
f 8797 8769 8771
f 8771 8772 8799
f 8772 8773 8800
f 8773 8774 8801
f 8774 8775 8802
f 8775 8776 8803
f 8776 3184 3056
f 8802 8803 2253
f 8801 8802 2252
f 8800 8801 1727
f 8799 8800 2150
f 8804 8798 8799
f 8805 8797 8798
f 8806 8796 8797
f 8807 8795 8796
f 8793 8795 8807
f 8794 8793 8808
f 8810 8811 8809
f 8808 8807 8806
f 8810 8806 8805
f 8813 8811 8810
f 8812 8805 8804
f 8815 8813 8812
f 8814 8804 1941
f 8755 8750 8752
f 8758 8748 8750
f 8760 8746 8748
f 8762 8743 8746
f 8816 8817 8764
f 8818 8819 8820
f 8816 8763 8782
f 8821 8818 8817
f 8789 8821 8783
f 8818 8821 8789
f 8819 8818 8788
f 8822 8820 8819
f 8823 8819 8792
f 8824 8792 8791
f 2712 8791 3119
f 8826 8822 8823
f 8825 8823 8824
f 8827 8824 2712
f 8828 8827 2711
f 8829 8825 8827
f 8830 8826 8825
f 8743 8762 8764
f 8817 8820 8831
f 8770 8744 8743
f 8741 8770 8831
f 8820 8822 8742
f 8740 8742 8822
f 8738 8740 8826
f 8736 8738 8830
f 8833 8828 2400
f 8834 8829 8828
f 8832 8830 8829
f 8835 8833 2402
f 3058 8835 2707
f 3061 8836 8835
f 8836 8834 8833
f 8733 8736 8832
f 8837 8832 8834
f 8777 8734 8733
f 8838 8733 8837
f 8837 8836 3061
f 1961 3057 8838
f 3057 3184 8777
f 8779 8754 8753
f 8778 8757 8754
f 8780 8759 8757
f 8781 8761 8759
f 8782 8763 8761
f 8821 8816 8784
f 8785 8790 8789
f 2723 3115 8790
f 2875 2733 8784
f 2736 2824 8786
f 2947 8779 8839
f 8815 8814 1360
f 1900 1925 1924
f 1736 1717 1718
f 1955 1952 1943
f 1671 1738 1735
f 1696 1750 1698
f 1800 1865 1864
f 2063 2055 2056
f 1737 1734 1717
f 1751 1735 1697
f 943 9337 9351
f 9108 8839 8753
f 1577 1578 1764
f 9369 1598 1599
f 1945 146 82
f 68 6 7
f 147 1542 1543
f 1109 1135 1133
f 1503 1910 1907
f 1499 1501 1909
f 452 1922 735
f 1824 2068 9287
f 1825 2067 2068
f 1463 1462 1022
f 841 1012 1009
f 1568 1547 1955
f 1910 1503 1502
f 1939 1502 422
f 309 280 1940
f 1804 1851 1866
f 269 1482 1954
f 2065 1607 2060
f 9264 1685 1758
f 280 276 552
f 1875 1873 1869
f 1739 1721 1734
f 5923 5897 5899
f 1778 1779 1790
f 310 1920 1915
f 1909 1908 1906
f 1789 1783 1778
f 978 981 980
f 1584 1759 1731
f 425 426 311
f 148 1543 115
f 2044 9349 9346
f 277 1910 1939
f 1943 1946 1945
f 1461 1462 1463
f 2253 8803 3056
f 2981 2254 8927
f 2209 2998 8927
f 2254 2253 3055
f 2998 926 958
f 2826 2817 2721
f 8928 2739 2721
f 2816 8929 8928
f 2334 2297 2296
f 2298 2297 2334
f 2301 2298 2336
f 2311 2301 2338
f 2312 2311 2354
f 2359 2358 2361
f 2335 2296 2359
f 2414 2413 2365
f 2413 2270 2361
f 2355 2352 2540
f 2541 2540 2539
f 2722 2721 2739
f 3114 2722 2738
f 3110 3112 3121
f 3108 3110 3120
f 3122 1754 3127
f 3112 3122 3126
f 3127 1754 1753
f 3139 3133 2529
f 9196 9227 3133
f 8928 2789 2740
f 8929 2790 2789
f 228 229 91
f 245 244 243
f 248 7 247
f 2 297 296
f 145 146 300
f 327 213 210
f 329 332 331
f 239 241 240
f 373 376 375
f 178 177 176
f 1218 1225 1228
f 9314 1231 1295
f 808 809 824
f 9310 9311 1013
f 9265 9262 1411
f 2154 2149 2159
f 9297 9287 1758
f 306 807 1922
f 2157 2153 1976
f 708 709 2031
f 1450 1226 1227
f 1672 1604 1605
f 1813 1814 1821
f 1717 1716 1715
f 176 159 402
f 1710 1705 9368
f 1712 1580 1577
f 1705 1713 1711
f 3435 3476 3475
f 971 978 979
f 822 823 1094
f 2909 2810 2793
f 2810 2769 2795
f 2799 2910 2249
f 9114 9095 2910
f 2769 2768 2801
f 3177 3176 3178
f 3178 8732 3180
f 3181 1394 1393
f 3181 1633 1632
f 3182 1632 2244
f 3183 2244 2243
f 8932 2791 2790
f 2808 8932 8929
f 2239 9018 9016
f 1149 1150 9015
f 1150 2009 9011
f 2202 9013 9010
f 2921 9008 9009
f 9012 9004 2133
f 1777 1579 1759
f 1201 1196 1183
f 9005 8998 2195
f 8997 9020 2770
f 9379 9377 1687
f 1516 152 154
f 8993 9006 2974
f 8994 8992 2779
f 2771 2772 9019
f 3070 2771 8990
f 8991 8988 2775
f 1376 1375 1370
f 2767 8987 9000
f 2195 8998 8987
f 2775 8988 8986
f 8344 5617 8989
f 9256 9254 8983
f 2776 8986 8982
f 2240 9016 8979
f 2920 8979 9121
f 8992 8978 2786
f 1805 1850 1851
f 8978 8976 2787
f 2951 2773 8984
f 2772 2951 8975
f 2973 2224 8974
f 2224 2223 8981
f 1957 1953 320
f 306 305 304
f 2770 9020 8972
f 2913 8972 9018
f 2923 9009 8971
f 308 1940 431
f 207 208 132
f 1879 1876 1881
f 9185 9239 8969
f 2475 3070 9002
f 2476 2475 8968
f 2223 2476 8967
f 8966 8993 2803
f 2037 9007 11
f 1959 1958 450
f 2003 8999 8964
f 9 10 334
f 2009 2008 8962
f 2008 2973 8980
f 9329 672 673
f 8959 8994 2778
f 2935 8958 8957
f 111 1149 9014
f 3238 3342 3341
f 8954 8958 2935
f 683 9328 9337
f 8952 9001 2810
f 736 733 732
f 1795 1804 1803
f 8949 8954 2938
f 8951 8949 2939
f 2950 8956 8948
f 2940 2949 8948
f 9253 9243 8956
f 2868 8953 8946
f 2869 8946 8966
f 1024 1034 1023
f 8944 8947 2948
f 551 1939 442
f 2972 8943 9012
f 2032 8977 8943
f 216 93 1924
f 3532 3534 3482
f 203 202 201
f 3539 3542 3541
f 1828 1848 1847
f 1958 1957 449
f 272 271 178
f 2871 8989 8939
f 9071 9121 9008
f 2801 2768 9095
f 2005 9210 9106
f 960 886 899
f 9109 9107 9064
f 9232 9240 9098
f 3151 9098 9045
f 2193 9056 9075
f 9059 9055 3145
f 9055 9101 2761
f 9044 9059 3144
f 2926 9110 9086
f 9086 9044 3104
f 9207 9206 9198
f 566 567 9210
f 8839 9108 1864
f 1602 1586 2079
f 2868 9110 9063
f 2922 9063 9062
f 2923 9062 9070
f 9122 9065 2918
f 9071 9122 9066
f 2921 9070 9122
f 2920 9066 9038
f 9065 9094 2915
f 2917 2766 9074
f 2916 2917 9093
f 2239 9039 9104
f 2911 9092 9104
f 9095 9092 2911
f 2797 2801 9114
f 2797 9043 9050
f 9074 9080 2763
f 9060 9080 2764
f 2194 9075 9100
f 2221 9100 9101
f 2756 9060 9061
f 2750 9050 9061
f 9121 8979 1817
f 9215 9222 1691
f 2515 9073 9042
f 2548 9042 9045
f 2513 2489 9084
f 2513 9068 9073
f 2509 9085 9072
f 2510 9084 9085
f 2289 9072 9091
f 2283 9091 9069
f 2240 9038 9039
f 9111 9109 9076
f 716 2121 9339
f 727 1999 9213
f 2165 2171 2170
f 9112 9111 9078
f 9195 9033 9030
f 2175 2172 769
f 2100 500 2095
f 9210 567 9209
f 640 9004 9012
f 1653 9020 8997
f 1895 8980 8974
f 746 8974 8981
f 1653 1810 8972
f 9214 1603 1604
f 2093 2075 2073
f 959 996 995
f 962 899 919
f 1400 1401 1398
f 1000 817 1127
f 956 959 884
f 1662 8992 8994
f 2034 9002 8990
f 9378 1689 8983
f 8979 9016 766
f 9016 9018 765
f 334 9014 9015
f 1868 8975 8984
f 1684 1651 1652
f 1682 1683 775
f 1585 1603 9214
f 9215 9214 1672
f 2173 2174 490
f 1658 8988 8991
f 9000 8987 1650
f 1571 9206 2010
f 1587 9116 9123
f 2099 2095 2077
f 787 9213 1999
f 2000 9146 786
f 3155 339 9149
f 9165 3155 9135
f 2180 2179 9137
f 8940 2180 9136
f 1684 9298 9292
f 1760 464 8939
f 2607 9141 9145
f 2581 9128 9141
f 2371 2502 9152
f 2371 9147 9145
f 2587 9128 9127
f 2586 9127 9149
f 2497 9143 9139
f 2502 2503 9139
f 2494 9143 9142
f 9142 9140 2472
f 9140 9153 2468
f 9153 9155 2469
f 726 9360 9344
f 581 9011 8962
f 10 8955 9014
f 1837 8958 8954
f 741 8981 8967
f 1299 8968 9002
f 1851 8951 8948
f 8971 9009 1820
f 580 8962 8980
f 1758 1685 8966
f 1693 9001 8952
f 8948 8956 1867
f 1894 1826 9012
f 2126 1418 9265
f 9358 2126 9293
f 2113 9363 9319
f 2179 9165 9241
f 624 9355 9356
f 2192 9056 9240
f 2177 8985 9239
f 1364 9276 9285
f 9310 9307 1470
f 3135 1753 9227
f 2069 9264 9287
f 1351 9313 9305
f 2108 9334 9353
f 2089 2092 9188
f 9280 9286 1358
f 2001 9201 9235
f 2187 9235 9171
f 2130 9208 9204
f 2004 9204 9201
f 2014 9176 9231
f 2201 9231 9208
f 3167 9172 9211
f 3168 9176 9172
f 3159 9161 9216
f 3160 9216 9217
f 9182 9159 3158
f 3158 9159 9161
f 2200 3069 9182
f 9137 9241 9194
f 9174 9226 2197
f 9242 9188 2092
f 9226 9242 9173
f 3154 9158 9242
f 3155 9165 9158
f 2091 9171 9173
f 2196 3148 9202
f 2193 2196 9228
f 9056 2193 9233
f 2086 2192 9232
f 2087 2086 9230
f 2204 9194 9203
f 2205 9203 9202
f 9361 9338 574
f 2124 2087 9229
f 2208 2124 9212
f 9163 9237 3140
f 9237 9197 3138
f 9197 9196 3139
f 9223 9164 3136
f 9164 9163 3137
f 9227 9219 3131
f 9219 9234 3132
f 1813 9291 9290
f 1293 9306 9308
f 2184 2321 9200
f 2181 2184 9184
f 9217 9220 3079
f 9220 9186 3080
f 709 9325 9327
f 2774 2961 9189
f 9238 9221 2134
f 9261 9260 766
f 2968 9236 9218
f 2969 9211 9236
f 2958 9199 9189
f 2132 9199 9218
f 2321 2185 9223
f 9312 9300 1449
f 9357 9326 582
f 9338 9341 577
f 9299 9278 1818
f 705 9354 9339
f 9268 9364 9359
f 2111 9335 9363
f 9262 9281 1366
f 1812 9291 9274
f 675 9303 9304
f 8940 9157 9303
f 2110 9319 9320
f 2104 9348 9353
f 2109 9320 9351
f 9294 9283 703
f 1680 9263 9298
f 1639 1627 9271
f 623 9356 9358
f 2139 2140 9318
f 1808 1640 9296
f 9272 9273 1819
f 9324 9366 9352
f 1646 9284 9282
f 9341 9342 633
f 2139 9317 9327
f 2156 2155 9323
f 674 9304 9365
f 2117 9269 9264
f 1815 9274 9299
f 9307 9301 1444
f 697 9358 9364
f 866 842 9288
f 9316 9321 2136
f 9037 9183 9178
f 9035 9192 9183
f 9205 9198 9190
f 9192 9035 9033
f 1088 9190 9198
f 9191 9192 9195
f 2791 8932 8933
f 8932 2808 2807
f 2792 8933 8934
f 8933 2807 2806
f 8952 2909 8934
f 8960 8934 2806
f 2948 8947 9243
f 2105 9360 9348
f 8982 9254 9256
f 680 9330 9328
f 1891 1890 9362
f 2905 9251 9253
f 2900 9249 9251
f 2901 9249 9259
f 2734 2878 9258
f 2877 9259 9258
f 2820 9252 9246
f 2818 9248 9244
f 2823 9245 9244
f 2822 9245 9250
f 2819 2735 9252
f 2817 9248 9247
f 2809 9257 9247
f 2808 9257 9255
f 2805 9256 9255
f 1702 9373 9375
f 9374 9372 1797
f 9367 9368 1706
f 9370 9379 1692
f 1657 9350 9332
f 1890 1877 9347
f 9224 9222 1674
f 1689 1690 9224
f 9378 9254 8982
f 8960 8983 1689
f 9369 9375 1703
f 1598 9369 9380
f 9332 9336 1876
f 1691 1690 9377
f 9377 9378 1688
f 9386 9385 9389
f 9386 9390 9391
f 9384 9388 9389
f 9390 9394 9395
f 9389 9388 9392
f 9389 9393 9394
f 9394 9398 9399
f 9393 9392 9396
f 9394 9393 9397
f 9399 9398 9402
f 9396 9400 9401
f 9397 9401 9402
f 9402 9406 9407
f 9401 9400 9404
f 9402 9401 9405
f 9407 9406 9410
f 9405 9404 9408
f 9405 9409 9410
f 9411 9410 9414
f 9409 9408 9412
f 9410 9409 9413
f 9414 9418 9419
f 9412 9416 9417
f 9413 9417 9418
f 9418 9422 9423
f 9417 9416 9420
f 9418 9417 9421
f 9422 9426 9427
f 9420 9424 9425
f 9421 9425 9426
f 9426 9430 9431
f 9425 9424 9428
f 9426 9425 9429
f 9431 9430 9434
f 9428 9432 9433
f 9429 9433 9434
f 9434 9438 9439
f 9433 9432 9436
f 9434 9433 9437
f 9439 9438 9442
f 9436 9440 9441
f 9437 9441 9442
f 9443 9442 9446
f 9441 9440 9444
f 9442 9441 9445
f 9447 9446 9450
f 9444 9448 9449
f 9445 9449 9450
f 9450 9454 9455
f 9449 9448 9452
f 9450 9449 9453
f 9454 9458 9459
f 9452 9456 9457
f 9453 9457 9458
f 9458 9462 9463
f 9457 9456 9460
f 9458 9457 9461
f 9463 9462 9466
f 9460 9464 9465
f 9461 9465 9466
f 9466 9470 9471
f 9465 9464 9468
f 9466 9465 9469
f 9471 9470 9474
f 9468 9472 9473
f 9469 9473 9474
f 9475 9474 9478
f 9473 9472 9476
f 9474 9473 9477
f 9479 9478 9482
f 9476 9480 9481
f 9477 9481 9482
f 9483 9482 9486
f 9481 9480 9484
f 9482 9481 9485
f 9486 9490 9491
f 9484 9488 9489
f 9485 9489 9490
f 9490 9494 9495
f 9489 9488 9492
f 9490 9489 9493
f 9495 9494 9498
f 9492 9496 9497
f 9493 9497 9498
f 9498 9502 9503
f 9497 9496 9500
f 9498 9497 9501
f 9503 9502 9507
f 9500 9505 9506
f 9501 9506 9507
f 9508 9507 9511
f 9505 9509 9510
f 9507 9506 9510
f 9512 9511 9386
f 9510 9509 9384
f 9510 9385 9386
f 9521 9520 9533
f 9518 9531 9532
f 9517 9516 9529
f 9515 9514 9527
f 9523 9536 9537
f 9521 9534 9535
f 9519 9532 9533
f 9518 9517 9530
f 9515 9528 9529
f 9513 9526 9527
f 9524 9537 9538
f 9523 9522 9535
f 9528 9541 9542
f 9526 9539 9540
f 9538 9537 9550
f 9535 9548 9549
f 9534 9533 9546
f 9531 9544 9545
f 9530 9529 9542
f 9528 9527 9540
f 9537 9536 9549
f 9534 9547 9548
f 9532 9545 9546
f 9531 9530 9543
f 9541 9554 9555
f 9540 9539 9552
f 9550 9563 9564
f 9548 9561 9562
f 9547 9546 9559
f 9544 9557 9558
f 9542 9555 9556
f 9541 9540 9553
f 9549 9562 9563
f 9547 9560 9561
f 9546 9545 9558
f 9544 9543 9556
f 9555 9554 9567
f 9552 9565 9566
f 9564 9563 9576
f 9562 9561 9574
f 9559 9572 9573
f 9557 9570 9571
f 9555 9568 9569
f 9553 9566 9567
f 9562 9575 9576
f 9561 9560 9573
f 9559 9558 9571
f 9557 9556 9569
f 9567 9580 9581
f 9566 9565 9578
f 9576 9589 9590
f 9575 9574 9587
f 9572 9585 9586
f 9571 9570 9583
f 9569 9568 9581
f 9566 9579 9580
f 9576 9575 9588
f 9574 9573 9586
f 9571 9584 9585
f 9569 9582 9583
f 9581 9580 9593
f 9578 9591 9592
f 9590 9589 9602
f 9588 9587 9600
f 9585 9598 9599
f 9583 9596 9597
f 9582 9581 9594
f 9579 9592 9593
f 9589 9588 9601
f 9587 9586 9599
f 9584 9597 9598
f 9583 9582 9595
f 9594 9593 9606
f 9592 9591 9604
f 9602 9615 9616
f 9601 9600 9613
f 9598 9611 9612
f 9596 9609 9610
f 9594 9607 9608
f 9592 9605 9606
f 9601 9614 9615
f 9600 9599 9612
f 9598 9597 9610
f 9596 9595 9608
f 9607 9606 9619
f 9605 9604 9617
f 9615 9628 9629
f 9613 9626 9627
f 9611 9624 9625
f 9610 9609 9622
f 9607 9620 9621
f 9605 9618 9619
f 9615 9614 9627
f 9613 9612 9625
f 9611 9610 9623
f 9608 9621 9622
f 9619 9632 9633
f 9617 9630 9631
f 9628 9641 9642
f 9627 9626 9639
f 9625 9624 9637
f 9622 9635 9636
f 9621 9620 9633
f 9619 9618 9631
f 9627 9640 9641
f 9625 9638 9639
f 9623 9636 9637
f 9622 9621 9634
f 9632 9645 9646
f 9630 9643 9644
f 9642 9641 9654
f 9639 9652 9653
f 9638 9637 9650
f 9635 9648 9649
f 9634 9633 9646
f 9632 9631 9644
f 9641 9640 9653
f 9638 9651 9652
f 9636 9649 9650
f 9635 9634 9647
f 9645 9658 9659
f 9644 9643 9656
f 9654 9667 9668
f 9652 9665 9666
f 9651 9650 9663
f 9648 9661 9662
f 9646 9659 9660
f 9645 9644 9657
f 9653 9666 9667
f 9651 9664 9665
f 9650 9649 9662
f 9648 9647 9660
f 9659 9658 9671
f 9656 9669 9670
f 9668 9667 9680
f 9665 9678 9679
f 9663 9676 9677
f 9661 9674 9675
f 9659 9672 9673
f 9657 9670 9671
f 9666 9679 9680
f 9665 9664 9677
f 9663 9662 9675
f 9661 9660 9673
f 9671 9684 9685
f 9670 9669 9682
f 9680 9693 9694
f 9678 9691 9692
f 9677 9676 9689
f 9675 9674 9687
f 9673 9672 9685
f 9670 9683 9684
f 9680 9679 9692
f 9678 9677 9690
f 9675 9688 9689
f 9673 9686 9687
f 9685 9684 9697
f 9682 9695 9696
f 9694 9693 9706
f 9692 9691 9704
f 9689 9702 9703
f 9687 9700 9701
f 9686 9685 9698
f 9683 9696 9697
f 9693 9692 9705
f 9691 9690 9703
f 9688 9701 9702
f 9687 9686 9699
f 9698 9697 9710
f 9696 9695 9708
f 9706 9719 9720
f 9705 9704 9717
f 9702 9715 9716
f 9700 9713 9714
f 9698 9711 9712
f 9696 9709 9710
f 9705 9718 9719
f 9704 9703 9716
f 9702 9701 9714
f 9700 9699 9712
f 9711 9710 9723
f 9709 9708 9721
f 9719 9732 9733
f 9717 9730 9731
f 9715 9728 9729
f 9714 9713 9726
f 9711 9724 9725
f 9709 9722 9723
f 9718 9731 9732
f 9717 9716 9729
f 9715 9714 9727
f 9712 9725 9726
f 9723 9736 9737
f 9721 9734 9735
f 9733 9732 9745
f 9731 9730 9743
f 9729 9728 9741
f 9726 9739 9740
f 9725 9724 9737
f 9723 9722 9735
f 9732 9731 9744
f 9729 9742 9743
f 9727 9740 9741
f 9726 9725 9738
f 9736 9749 9750
f 9734 9747 9748
f 9746 9745 9758
f 9743 9756 9757
f 9742 9741 9754
f 9739 9752 9753
f 9738 9737 9750
f 9736 9735 9748
f 9745 9744 9757
f 9742 9755 9756
f 9740 9753 9754
f 9739 9738 9751
f 9749 9762 9763
f 9748 9747 9760
f 9758 9771 9772
f 9756 9769 9770
f 9755 9754 9767
f 9752 9765 9766
f 9750 9763 9764
f 9749 9748 9761
f 9757 9770 9771
f 9756 9755 9768
f 9754 9753 9766
f 9752 9751 9764
f 9762 9775 9776
f 9760 9773 9774
f 9772 9771 9784
f 9770 9769 9782
f 9768 9767 9780
f 9765 9778 9779
f 9763 9776 9777
f 9762 9761 9774
f 9770 9783 9784
f 9768 9781 9782
f 9767 9766 9779
f 9764 9777 9778
f 9775 9788 9789
f 9774 9773 9786
f 9784 9797 9798
f 9782 9795 9796
f 9781 9780 9793
f 9779 9778 9791
f 9777 9776 9789
f 9774 9787 9788
f 9784 9783 9796
f 9782 9781 9794
f 9779 9792 9793
f 9777 9790 9791
f 9789 9788 9802
f 9786 9800 9801
f 9798 9797 9811
f 9796 9795 9809
f 9793 9807 9808
f 9792 9791 9805
f 9790 9789 9803
f 9787 9801 9802
f 9797 9796 9810
f 9795 9794 9808
f 9792 9806 9807
f 9790 9804 9805
f 9803 9802 9815
f 9801 9800 9813
f 9811 9824 9825
f 9810 9809 9822
f 9807 9820 9821
f 9806 9805 9818
f 9803 9816 9817
f 9801 9814 9815
f 9810 9823 9824
f 9809 9808 9821
f 9807 9806 9819
f 9804 9817 9818
f 9816 9815 9828
f 9814 9813 9826
f 9825 9824 9837
f 9822 9835 9836
f 9820 9833 9834
f 9819 9818 9831
f 9816 9829 9830
f 9814 9827 9828
f 9824 9823 9836
f 9822 9821 9834
f 9820 9819 9832
f 9817 9830 9831
f 9828 9841 9842
f 9826 9839 9840
f 9837 9850 9851
f 9836 9835 9848
f 9834 9833 9846
f 9831 9844 9845
f 9830 9829 9842
f 9828 9827 9840
f 9836 9849 9850
f 9834 9847 9848
f 9832 9845 9846
f 9831 9830 9843
f 9841 9854 9855
f 9839 9852 9853
f 9851 9850 9863
f 9848 9861 9862
f 9847 9846 9859
f 9845 9844 9857
f 9843 9842 9855
f 9841 9840 9853
f 9850 9849 9862
f 9847 9860 9861
f 9845 9858 9859
f 9843 9856 9857
f 9854 9867 9868
f 9853 9852 9865
f 9863 9876 9877
f 9861 9874 9875
f 9860 9859 9872
f 9858 9857 9870
f 9855 9868 9869
f 9854 9853 9866
f 9862 9875 9876
f 9860 9873 9874
f 9859 9858 9871
f 9856 9869 9870
f 9868 9867 9880
f 9865 9878 9879
f 9877 9876 9889
f 9875 9874 9887
f 9873 9872 9885
f 9870 9883 9884
f 9868 9881 9882
f 9867 9866 9879
f 9875 9888 9889
f 9873 9886 9887
f 9872 9871 9884
f 9870 9869 9882
f 9880 9893 9894
f 9878 9891 9892
f 9889 9902 9903
f 9887 9900 9901
f 9886 9885 9898
f 9884 9883 9896
f 9882 9881 9894
f 9879 9892 9893
f 9889 9888 9901
f 9887 9886 9899
f 9884 9897 9898
f 9882 9895 9896
f 9894 9893 9906
f 9891 9904 9905
f 9903 9902 9915
f 9901 9900 9913
f 9898 9911 9912
f 9896 9909 9910
f 9895 9894 9907
f 9892 9905 9906
f 9902 9901 9914
f 9899 9912 9913
f 9897 9910 9911
f 9896 9895 9908
f 9907 9906 9919
f 9905 9904 9917
f 9915 9928 9929
f 9914 9913 9926
f 9911 9924 9925
f 9909 9922 9923
f 9907 9920 9921
f 9905 9918 9919
f 9914 9927 9928
f 9913 9912 9925
f 9911 9910 9923
f 9909 9908 9921
f 9920 9919 9515
f 9918 9917 9513
f 9929 9928 9524
f 9926 9522 9523
f 9924 9520 9521
f 9923 9922 9518
f 9920 9516 9517
f 9918 9514 9515
f 9928 9927 9523
f 9926 9925 9521
f 9924 9923 9519
f 9921 9517 9518
f 9387 9513 9917
f 9917 9904 9508
f 9904 9891 9503
f 9891 9878 9499
f 9499 9878 9865
f 9495 9865 9852
f 9491 9852 9839
f 9839 9826 9483
f 9483 9826 9813
f 9813 9800 9475
f 9800 9786 9471
f 9786 9773 9467
f 9467 9773 9760
f 9463 9760 9747
f 9459 9747 9734
f 9734 9721 9451
f 9451 9721 9708
f 9708 9695 9443
f 9695 9682 9439
f 9682 9669 9435
f 9435 9669 9656
f 9431 9656 9643
f 9427 9643 9630
f 9630 9617 9419
f 9419 9617 9604
f 9604 9591 9411
f 9591 9578 9407
f 9578 9565 9403
f 9403 9565 9552
f 9399 9552 9539
f 9395 9539 9526
f 9526 9513 9387
f 9932 9931 9935
f 9932 9936 9937
f 9931 9930 9934
f 9936 9940 9941
f 9934 9938 9939
f 9935 9939 9940
f 9940 9944 9945
f 9939 9938 9942
f 9940 9939 9943
f 9945 9944 9948
f 9942 9946 9947
f 9943 9947 9948
f 9948 9952 9953
f 9947 9946 9950
f 9948 9947 9951
f 9953 9952 9956
f 9950 9954 9955
f 9951 9955 9956
f 9957 9956 9960
f 9955 9954 9958
f 9956 9955 9959
f 9961 9960 9964
f 9958 9962 9963
f 9959 9963 9964
f 9965 9964 9968
f 9963 9962 9966
f 9964 9963 9967
f 9968 9972 9973
f 9966 9970 9971
f 9967 9971 9972
f 9972 9976 9977
f 9970 9974 9975
f 9972 9971 9975
f 9977 9976 9980
f 9974 9978 9979
f 9975 9979 9980
f 9980 9984 9985
f 9979 9978 9982
f 9980 9979 9983
f 9985 9984 9988
f 9982 9986 9987
f 9983 9987 9988
f 9989 9988 9992
f 9986 9990 9991
f 9988 9987 9991
f 9993 9992 9996
f 9991 9990 9994
f 9991 9995 9996
f 9996 10000 10001
f 9994 9998 9999
f 9996 9995 9999
f 10000 10004 10005
f 9999 9998 10002
f 9999 10003 10004
f 10004 10008 10009
f 10003 10002 10006
f 10004 10003 10007
f 10009 10008 10012
f 10006 10010 10011
f 10007 10011 10012
f 10012 10016 10017
f 10011 10010 10014
f 10012 10011 10015
f 10017 10016 10020
f 10014 10018 10019
f 10015 10019 10020
f 10021 10020 10024
f 10019 10018 10022
f 10020 10019 10023
f 10024 10028 10029
f 10022 10026 10027
f 10023 10027 10028
f 10028 10032 10033
f 10027 10026 10030
f 10028 10027 10031
f 10032 10036 10037
f 10030 10034 10035
f 10031 10035 10036
f 10036 10040 10041
f 10035 10034 10038
f 10036 10035 10039
f 10041 10040 10044
f 10038 10042 10043
f 10039 10043 10044
f 10044 10048 10049
f 10043 10042 10046
f 10044 10043 10047
f 10049 10048 10053
f 10046 10051 10052
f 10047 10052 10053
f 10054 10053 10057
f 10052 10051 10055
f 10053 10052 10056
f 10058 10057 9932
f 10055 9930 9931
f 10056 9931 9932
f 10067 10066 10079
f 10064 10077 10078
f 10063 10062 10075
f 10061 10060 10073
f 10070 10069 10082
f 10067 10080 10081
f 10065 10078 10079
f 10064 10063 10076
f 10061 10074 10075
f 10059 10072 10073
f 10071 10070 10083
f 10069 10068 10081
f 10074 10087 10088
f 10072 10085 10086
f 10084 10083 10096
f 10081 10094 10095
f 10080 10079 10092
f 10078 10077 10090
f 10076 10075 10088
f 10074 10073 10086
f 10083 10082 10095
f 10080 10093 10094
f 10078 10091 10092
f 10076 10089 10090
f 10087 10100 10101
f 10086 10085 10098
f 10096 10109 10110
f 10094 10107 10108
f 10093 10092 10105
f 10091 10090 10103
f 10088 10101 10102
f 10087 10086 10099
f 10095 10108 10109
f 10094 10093 10106
f 10092 10091 10104
f 10089 10102 10103
f 10100 10113 10114
f 10098 10111 10112
f 10110 10109 10122
f 10108 10107 10120
f 10105 10118 10119
f 10103 10116 10117
f 10101 10114 10115
f 10100 10099 10112
f 10108 10121 10122
f 10106 10119 10120
f 10105 10104 10117
f 10103 10102 10115
f 10113 10126 10127
f 10112 10111 10124
f 10122 10135 10136
f 10120 10133 10134
f 10119 10118 10131
f 10117 10116 10129
f 10115 10114 10127
f 10113 10112 10125
f 10122 10121 10134
f 10119 10132 10133
f 10117 10130 10131
f 10115 10128 10129
f 10127 10126 10139
f 10124 10137 10138
f 10136 10135 10148
f 10134 10133 10146
f 10131 10144 10145
f 10130 10129 10142
f 10128 10127 10140
f 10125 10138 10139
f 10135 10134 10147
f 10133 10132 10145
f 10130 10143 10144
f 10128 10141 10142
f 10140 10139 10152
f 10138 10137 10150
f 10148 10161 10162
f 10147 10146 10159
f 10144 10157 10158
f 10143 10142 10155
f 10140 10153 10154
f 10138 10151 10152
f 10147 10160 10161
f 10146 10145 10158
f 10144 10143 10156
f 10141 10154 10155
f 10153 10152 10165
f 10151 10150 10163
f 10162 10161 10174
f 10159 10172 10173
f 10157 10170 10171
f 10156 10155 10168
f 10153 10166 10167
f 10151 10164 10165
f 10161 10160 10173
f 10159 10158 10171
f 10157 10156 10169
f 10154 10167 10168
f 10165 10178 10179
f 10163 10176 10177
f 10175 10174 10187
f 10173 10172 10185
f 10171 10170 10183
f 10168 10181 10182
f 10167 10166 10179
f 10165 10164 10177
f 10173 10186 10187
f 10171 10184 10185
f 10169 10182 10183
f 10168 10167 10180
f 10178 10191 10192
f 10176 10189 10190
f 10188 10187 10200
f 10185 10198 10199
f 10184 10183 10196
f 10182 10181 10194
f 10180 10179 10192
f 10178 10177 10190
f 10187 10186 10199
f 10184 10197 10198
f 10182 10195 10196
f 10180 10193 10194
f 10191 10204 10205
f 10190 10189 10202
f 10200 10213 10214
f 10198 10211 10212
f 10197 10196 10209
f 10195 10194 10207
f 10192 10205 10206
f 10191 10190 10203
f 10199 10212 10213
f 10197 10210 10211
f 10196 10195 10208
f 10193 10206 10207
f 10205 10204 10217
f 10202 10215 10216
f 10214 10213 10226
f 10211 10224 10225
f 10210 10209 10222
f 10207 10220 10221
f 10205 10218 10219
f 10204 10203 10216
f 10212 10225 10226
f 10210 10223 10224
f 10209 10208 10221
f 10207 10206 10219
f 10217 10230 10231
f 10216 10215 10228
f 10226 10239 10240
f 10224 10237 10238
f 10223 10222 10235
f 10221 10220 10233
f 10219 10218 10231
f 10217 10216 10229
f 10226 10225 10238
f 10223 10236 10237
f 10221 10234 10235
f 10219 10232 10233
f 10231 10230 10243
f 10228 10241 10242
f 10240 10239 10252
f 10238 10237 10250
f 10235 10248 10249
f 10234 10233 10246
f 10232 10231 10244
f 10229 10242 10243
f 10239 10238 10251
f 10237 10236 10249
f 10234 10247 10248
f 10232 10245 10246
f 10244 10243 10256
f 10242 10241 10254
f 10252 10265 10266
f 10251 10250 10263
f 10248 10261 10262
f 10247 10246 10259
f 10244 10257 10258
f 10242 10255 10256
f 10251 10264 10265
f 10250 10249 10262
f 10248 10247 10260
f 10245 10258 10259
f 10257 10256 10269
f 10255 10254 10267
f 10266 10265 10278
f 10263 10276 10277
f 10261 10274 10275
f 10260 10259 10272
f 10257 10270 10271
f 10255 10268 10269
f 10265 10264 10277
f 10263 10262 10275
f 10261 10260 10273
f 10258 10271 10272
f 10269 10282 10283
f 10267 10280 10281
f 10278 10291 10292
f 10277 10276 10289
f 10275 10274 10287
f 10272 10285 10286
f 10271 10270 10283
f 10269 10268 10281
f 10277 10290 10291
f 10275 10288 10289
f 10273 10286 10287
f 10272 10271 10284
f 10282 10295 10296
f 10280 10293 10294
f 10292 10291 10304
f 10289 10302 10303
f 10288 10287 10300
f 10286 10285 10298
f 10284 10283 10296
f 10282 10281 10294
f 10291 10290 10303
f 10288 10301 10302
f 10286 10299 10300
f 10284 10297 10298
f 10295 10308 10309
f 10294 10293 10306
f 10304 10317 10318
f 10302 10315 10316
f 10301 10300 10313
f 10299 10298 10311
f 10296 10309 10310
f 10295 10294 10307
f 10303 10316 10317
f 10301 10314 10315
f 10300 10299 10312
f 10297 10310 10311
f 10309 10308 10321
f 10307 10306 10319
f 10318 10317 10330
f 10316 10315 10328
f 10314 10313 10326
f 10311 10324 10325
f 10309 10322 10323
f 10308 10307 10320
f 10316 10329 10330
f 10314 10327 10328
f 10313 10312 10325
f 10311 10310 10323
f 10321 10334 10335
f 10320 10319 10332
f 10330 10343 10344
f 10329 10328 10341
f 10326 10339 10340
f 10325 10324 10337
f 10323 10322 10335
f 10320 10333 10334
f 10330 10329 10342
f 10328 10327 10340
f 10325 10338 10339
f 10323 10336 10337
f 10335 10334 10348
f 10332 10346 10347
f 10344 10343 10357
f 10342 10341 10355
f 10339 10353 10354
f 10337 10351 10352
f 10336 10335 10349
f 10333 10347 10348
f 10343 10342 10356
f 10341 10340 10354
f 10338 10352 10353
f 10337 10336 10350
f 10349 10348 10361
f 10347 10346 10359
f 10357 10370 10371
f 10356 10355 10368
f 10353 10366 10367
f 10351 10364 10365
f 10349 10362 10363
f 10347 10360 10361
f 10356 10369 10370
f 10355 10354 10367
f 10353 10352 10365
f 10351 10350 10363
f 10362 10361 10374
f 10360 10359 10372
f 10371 10370 10383
f 10368 10381 10382
f 10366 10379 10380
f 10365 10364 10377
f 10362 10375 10376
f 10360 10373 10374
f 10370 10369 10382
f 10368 10367 10380
f 10366 10365 10378
f 10363 10376 10377
f 10374 10387 10388
f 10372 10385 10386
f 10383 10396 10397
f 10382 10381 10394
f 10380 10379 10392
f 10377 10390 10391
f 10376 10375 10388
f 10374 10373 10386
f 10382 10395 10396
f 10380 10393 10394
f 10378 10391 10392
f 10377 10376 10389
f 10387 10400 10401
f 10385 10398 10399
f 10397 10396 10409
f 10394 10407 10408
f 10393 10392 10405
f 10390 10403 10404
f 10389 10388 10401
f 10387 10386 10399
f 10396 10395 10408
f 10393 10406 10407
f 10391 10404 10405
f 10390 10389 10402
f 10400 10413 10414
f 10399 10398 10411
f 10409 10422 10423
f 10407 10420 10421
f 10406 10405 10418
f 10403 10416 10417
f 10401 10414 10415
f 10400 10399 10412
f 10408 10421 10422
f 10406 10419 10420
f 10405 10404 10417
f 10403 10402 10415
f 10414 10413 10426
f 10411 10424 10425
f 10423 10422 10435
f 10420 10433 10434
f 10418 10431 10432
f 10416 10429 10430
f 10414 10427 10428
f 10412 10425 10426
f 10421 10434 10435
f 10419 10432 10433
f 10418 10417 10430
f 10416 10415 10428
f 10427 10426 10439
f 10425 10424 10437
f 10435 10448 10449
f 10433 10446 10447
f 10431 10444 10445
f 10430 10429 10442
f 10428 10427 10440
f 10425 10438 10439
f 10435 10434 10447
f 10433 10432 10445
f 10430 10443 10444
f 10428 10441 10442
f 10440 10439 10452
f 10437 10450 10451
f 10449 10448 10461
f 10447 10446 10459
f 10444 10457 10458
f 10443 10442 10455
f 10441 10440 10453
f 10438 10451 10452
f 10448 10447 10460
f 10446 10445 10458
f 10443 10456 10457
f 10441 10454 10455
f 10453 10452 10465
f 10451 10450 10463
f 10461 10474 10475
f 10460 10459 10472
f 10457 10470 10471
f 10456 10455 10468
f 10453 10466 10467
f 10451 10464 10465
f 10460 10473 10474
f 10459 10458 10471
f 10457 10456 10469
f 10454 10467 10468
f 10466 10465 10061
f 10464 10463 10059
f 10474 10070 10071
f 10472 10068 10069
f 10470 10066 10067
f 10469 10468 10064
f 10466 10062 10063
f 10464 10060 10061
f 10473 10069 10070
f 10472 10471 10067
f 10470 10469 10065
f 10467 10063 10064
f 9933 10059 10463
f 10463 10450 10054
f 10450 10437 10049
f 10437 10424 10045
f 10045 10424 10411
f 10041 10411 10398
f 10037 10398 10385
f 10385 10372 10029
f 10029 10372 10359
f 10359 10346 10021
f 10346 10332 10017
f 10332 10319 10013
f 10013 10319 10306
f 10009 10306 10293
f 10005 10293 10280
f 10280 10267 9997
f 9997 10267 10254
f 10254 10241 9989
f 10241 10228 9985
f 10228 10215 9981
f 9981 10215 10202
f 9977 10202 10189
f 9973 10189 10176
f 10176 10163 9965
f 9965 10163 10150
f 10150 10137 9957
f 10137 10124 9953
f 10124 10111 9949
f 9949 10111 10098
f 9945 10098 10085
f 9941 10085 10072
f 10072 10059 9933

