# https://github.com/mikedh/trimesh
v 0.01182302 0.40207443 0.12842509
v 0.01424485 0.40099088 0.12938151
v 0.01452395 0.40184167 0.12947036
v 0.01191663 0.40291000 0.12879464
v 0.02137721 0.40503220 0.12486810
v 0.02024914 0.40582873 0.12818331
v 0.01986686 0.40756605 0.12889184
v 0.02032215 0.40832071 0.12703704
v -0.00061477 0.40695662 0.07068710
v -0.00889997 0.40902120 0.06565693
v -0.01007775 0.40387625 0.06382627
v -0.00456767 0.40103415 0.06703228
v 0.00161054 0.38227335 0.07034340
v 0.00046368 0.38728382 0.07120076
v -0.00298452 0.38618682 0.06362970
v 0.00146387 0.37928397 0.06752110
v -0.01887900 0.41260488 0.18893251
v -0.01328700 0.41272008 0.18697377
v -0.01461716 0.40847944 0.18639881
v -0.06174820 0.40801710 0.10677513
v -0.06450624 0.40747728 0.10635024
v -0.06539288 0.40789485 0.10632973
v -0.06217512 0.40880639 0.10693688
v -0.06782174 0.41269698 0.09924973
v -0.06841700 0.41358666 0.10254877
v -0.06868909 0.41464706 0.10342037
v -0.06780106 0.41577158 0.10199270
v -0.01982629 0.40830724 0.18768362
v 0.03394862 0.42086443 0.12816861
v 0.03414677 0.41961125 0.12671377
v 0.03394220 0.41821480 0.12717163
v 0.03365961 0.41931185 0.12843097
v 0.03164740 0.41000215 0.12266758
v 0.03132431 0.41458576 0.12383908
v 0.03220298 0.41640806 0.12450280
v 0.03229350 0.41484751 0.12421629
v 0.03156375 0.40292827 0.12128240
v 0.03079072 0.40314408 0.12157572
v 0.03186766 0.40647434 0.12221398
v 0.03262272 0.40651931 0.12189156
v 0.02014066 0.38494342 0.12553360
v 0.02186761 0.38671212 0.12553461
v 0.02248101 0.38587960 0.12423131
v 0.01949333 0.38496718 0.12378243
v 0.01768277 0.38598822 0.12310199
v 0.02093095 0.38670113 0.12086796
v 0.02049193 0.38871838 0.12111995
v 0.01789138 0.38795091 0.12277098
v 0.02804911 0.42239070 0.13839595
v 0.02822034 0.42026452 0.13771853
v 0.02673847 0.41906141 0.13855678
v 0.02642666 0.42113098 0.13931090
v 0.02266725 0.40641812 0.12030778
v 0.02155651 0.40241917 0.11907894
v 0.02552134 0.40603711 0.12007522
v 0.02589939 0.40734854 0.12089922
v 0.02801479 0.41849748 0.13069379
v 0.02922653 0.42043200 0.12951424
v 0.02971497 0.41920571 0.12799323
v 0.02849993 0.41741011 0.12880215
v 0.03166910 0.42237697 0.12746464
v 0.03208080 0.42099124 0.12590842
v 0.01816645 0.38994580 0.12978991
v 0.01710850 0.39190717 0.13108586
v 0.01744268 0.39317317 0.13081661
v 0.01811418 0.39291684 0.12989679
v 0.01990765 0.40387312 0.12675324
v 0.02035762 0.40579483 0.12925451
v 0.02869831 0.39558474 0.12062409
v 0.02840004 0.39636873 0.12164251
v 0.03010541 0.39961905 0.12118388
v 0.03039053 0.39923429 0.12031088
v 0.02628401 0.39714359 0.12295711
v 0.02801009 0.39960826 0.12199952
v 0.02890182 0.40049843 0.12131807
v 0.02806975 0.39869482 0.12166364
v 0.02994810 0.42020853 0.13250107
v 0.02793465 0.42007967 0.13560562
v 0.02846168 0.41984095 0.13562249
v 0.03052914 0.41990081 0.13246586
v 0.02618042 0.41434708 0.12462872
v 0.02499145 0.41710413 0.12716172
v 0.02453957 0.41669774 0.12690354
v 0.02576407 0.41459702 0.12492421
v 0.03123172 0.42038034 0.12772406
v 0.03165860 0.41914619 0.12638965
v 0.03025118 0.41801908 0.12654583
v 0.02009782 0.41393790 0.13506666
v 0.02085858 0.41481357 0.13486590
v 0.02119477 0.41400942 0.13412617
v 0.02075285 0.41294959 0.13404158
v 0.02258421 0.38650807 0.12177624
v 0.01928696 0.39538778 0.11939393
v 0.02060102 0.39614878 0.11937543
v 0.02275753 0.39931165 0.11953331
v 0.02196552 0.40011727 0.11944191
v 0.01709069 0.38546992 0.12648066
v 0.01899100 0.38538084 0.12718726
v 0.01969869 0.38494253 0.12626860
v 0.01788864 0.38499156 0.12515693
v 0.02212835 0.41688550 0.13637282
v 0.02392625 0.41719948 0.13514242
v 0.02267353 0.41639324 0.13493385
v 0.02145331 0.41603572 0.13591790
v 0.03027609 0.41287266 0.12405965
v 0.02917445 0.41619771 0.12717410
v 0.02993641 0.40585435 0.12452083
v 0.03020386 0.40707812 0.12280542
v 0.02989818 0.40415112 0.12233239
v -0.03554963 0.41117574 0.06747312
v -0.02583847 0.41091524 0.06381405
v -0.02706530 0.40608846 0.06290870
v -0.03870533 0.40642396 0.06629186
v 0.02964988 0.40316493 0.12394217
v 0.02889001 0.41028015 0.12672863
v 0.02958173 0.41147626 0.12483072
v 0.03205782 0.41756702 0.12716234
v 0.03237222 0.41411475 0.12490540
v 0.03193387 0.41818957 0.12677770
v 0.02315793 0.41826809 0.12898379
v 0.02382625 0.42074490 0.12762732
v 0.02400386 0.41748170 0.12509130
v 0.02372840 0.41727219 0.12747145
v 0.01769475 0.39547581 0.13252212
v 0.01862004 0.39697163 0.13256841
v 0.01824076 0.39608977 0.13097767
v 0.01788485 0.39485581 0.12960959
v 0.02291196 0.39778015 0.11998150
v 0.02091835 0.39531681 0.11949284
v 0.02115797 0.39478047 0.11986726
v 0.02304228 0.39627400 0.12009921
v 0.02565250 0.41831638 0.13435828
v 0.02603893 0.41582599 0.13242445
v 0.02483568 0.41536124 0.13303122
v 0.02275297 0.39563930 0.12767871
v 0.02348577 0.39686099 0.12714052
v 0.02454536 0.39566933 0.12529074
v 0.02384974 0.39413683 0.12550504
v 0.02566967 0.39014934 0.12096485
v 0.02437037 0.39023502 0.12000262
v 0.02263282 0.38817102 0.12085248
v 0.02417421 0.38791311 0.12147263
v 0.01795758 0.39405240 0.12979286
v 0.01749128 0.39403223 0.13106218
v 0.02748519 0.41509710 0.12406460
v 0.02653177 0.41816728 0.12721543
v 0.02778921 0.41602903 0.12968768
v 0.02821159 0.41455295 0.12811497
v 0.01969228 0.40388957 0.13325295
v 0.01833228 0.40466203 0.13237817
v 0.01831539 0.40423466 0.13214801
v 0.02009470 0.40294754 0.13291536
v 0.01982691 0.40347002 0.13400382
v 0.02019569 0.40252141 0.13363287
v 0.01979688 0.40207957 0.13419165
v 0.01951836 0.40257292 0.13452165
v 0.01785923 0.40496262 0.13205250
v 0.01799648 0.40473021 0.13216232
v 0.01826030 0.40506408 0.13222702
v 0.02259785 0.41012049 0.12690640
v 0.02371932 0.40584382 0.12342920
v 0.02243032 0.40530191 0.12367470
v 0.02115223 0.40938916 0.12653515
v 0.03086732 0.40824769 0.12233564
v 0.02388506 0.41789796 0.14058417
v 0.02287953 0.41926093 0.14086588
v 0.02517582 0.42243749 0.13994846
v 0.02035016 0.39840441 0.12538183
v 0.02147748 0.39809212 0.12771531
v 0.02038014 0.39743784 0.12892799
v 0.01974416 0.39778541 0.12616691
v 0.01826351 0.39917981 0.13065556
v 0.01704545 0.39720025 0.12968768
v 0.01933200 0.39780836 0.13133987
v 0.01934642 0.40707062 0.13589167
v 0.01898895 0.40565672 0.13319575
v 0.01945765 0.40441251 0.13360578
v 0.01950739 0.40426012 0.13446593
v 0.03165019 0.40300322 0.12046451
v 0.03283468 0.40675300 0.12096191
v 0.03195151 0.40722629 0.11982145
v 0.03098232 0.40320131 0.11946946
v 0.01712250 0.38718631 0.12870471
v 0.01573358 0.38678150 0.12557594
v 0.01619442 0.38911050 0.13051470
v 0.03236501 0.42313871 0.13303710
v 0.03004395 0.42469950 0.13277373
v 0.03075830 0.42418042 0.13085260
v 0.03304988 0.42260458 0.13121960
v 0.01874432 0.41048350 0.13092434
v 0.01891134 0.40917443 0.13054071
v 0.01877175 0.40957560 0.13172188
v 0.01857312 0.41077949 0.13230264
v 0.01320141 0.40545430 0.08917338
v 0.01649129 0.39833893 0.10092622
v 0.02033554 0.40809132 0.10218750
v 0.01889490 0.41287584 0.09192439
v 0.02602805 0.39147602 0.12229919
v 0.02522225 0.38944069 0.12302405
v 0.01968615 0.41114223 0.13899273
v 0.01911732 0.41191686 0.14045941
v 0.01972156 0.41560468 0.14130454
v 0.02030800 0.41356673 0.14055306
v 0.03290931 0.41670007 0.12275743
v 0.03448763 0.41561873 0.12397901
v 0.02150791 0.41669058 0.13725851
v 0.02406455 0.41941126 0.13697022
v 0.02271683 0.41796196 0.13659200
v 0.02139884 0.41650759 0.13697602
v 0.02135053 0.41114537 0.13556050
v 0.02163649 0.41177523 0.13617880
v 0.02043182 0.41251565 0.13601387
v 0.01991807 0.41173766 0.13540123
v 0.01849337 0.41451924 0.14231731
v 0.01978244 0.41836061 0.14182029
v 0.01820111 0.39484451 0.11924286
v 0.02106984 0.41115369 0.13751027
v 0.02140516 0.41262996 0.13860592
v 0.02204803 0.41272926 0.13699947
v -0.05590253 0.39080390 0.07075745
v -0.05112175 0.39495074 0.06890915
v -0.05212749 0.39318091 0.06562861
v -0.05837990 0.38817605 0.06983152
v 0.01614457 0.39196460 0.13237941
v 0.01691540 0.39343375 0.13179540
v 0.02095093 0.41592838 0.13662102
v 0.02057430 0.41517263 0.13611022
v 0.01969201 0.41272829 0.13496930
v 0.02034316 0.41193636 0.13357483
v 0.02620772 0.41020964 0.12881778
v 0.02805573 0.40557380 0.12551967
v 0.02058540 0.40366052 0.11278718
v 0.01572929 0.39121617 0.11541522
v 0.01967584 0.41282878 0.13580530
v 0.01964889 0.41305365 0.13575956
v 0.01932674 0.41259691 0.13529218
v 0.01923141 0.41222423 0.13521432
v 0.02436702 0.38777190 0.12378560
v 0.02445672 0.41314253 0.13180508
v 0.02232207 0.41143195 0.13195530
v 0.02249005 0.41255655 0.13314955
v 0.03261998 0.40930662 0.12328943
v 0.03302281 0.41401131 0.12511723
v 0.03424072 0.41461831 0.12468003
v 0.03364502 0.40959832 0.12277430
v 0.01646308 0.38638672 0.12421413
v 0.01907850 0.40895235 0.12978519
v 0.01986538 0.40773012 0.13002418
v 0.01898273 0.41149739 0.13245216
v 0.01884786 0.41184585 0.13420767
v 0.01682040 0.39504593 0.13309886
v 0.03001111 0.42186021 0.13050247
v 0.03067645 0.42122172 0.12911110
v 0.02880899 0.42069022 0.13056563
v 0.02836862 0.42087310 0.13185190
v 0.02743235 0.42102615 0.13411518
v 0.02740300 0.42157843 0.13480723
v 0.02910907 0.42220291 0.13208772
v 0.02118175 0.41156615 0.13275322
v 0.02161587 0.41249739 0.13366917
v 0.02211084 0.39469627 0.12790949
v 0.02286913 0.39143817 0.12544050
v 0.02893691 0.40149158 0.12240614
v 0.02855273 0.40101925 0.12431443
v 0.03041956 0.41094662 0.12064336
v 0.02985044 0.41617921 0.12271432
v 0.02846914 0.41545485 0.12347843
v 0.02939417 0.41072276 0.12124865
v 0.02567859 0.41115756 0.12250652
v 0.02372489 0.41157478 0.12208628
v 0.01912969 0.40306541 0.13503531
v 0.01817209 0.40498576 0.13722995
v 0.01881980 0.41109100 0.13233979
v 0.01869585 0.41150176 0.13394647
v 0.02583817 0.39987650 0.11993699
v 0.02234871 0.39354137 0.12084582
v 0.02558355 0.39810636 0.12024850
v 0.01947346 0.39269066 0.12117784
v 0.01895438 0.39144494 0.12221313
v 0.02080951 0.39180006 0.12167718
v 0.02634401 0.39778828 0.12413712
v 0.02777013 0.39930727 0.12316096
v 0.01775109 0.40497462 0.13163334
v 0.01703035 0.40461157 0.13043824
v 0.01699658 0.40470839 0.13163497
v 0.02817477 0.41008791 0.12834266
v 0.02933104 0.40553657 0.12552439
v 0.02131628 0.41325178 0.13658666
v 0.02083348 0.40755456 0.13317006
v 0.02098581 0.40898513 0.13539062
v 0.02333085 0.41501866 0.13859857
v 0.02230014 0.41432394 0.13743976
v 0.02186092 0.41380773 0.13702060
v 0.02247865 0.41383435 0.13775266
v 0.01372688 0.39978785 0.12802326
v 0.01563938 0.39820848 0.12883628
v 0.01647486 0.39997765 0.13011976
v 0.02641456 0.42093006 0.13549170
v 0.02688567 0.42012688 0.13426115
v 0.02755596 0.41859829 0.12663885
v 0.02150613 0.41529283 0.13451035
v 0.02196360 0.41468970 0.13361399
v 0.02389131 0.42373827 0.13381335
v 0.02296325 0.42189237 0.13518306
v 0.02274691 0.42177992 0.13609947
v 0.02303331 0.42390150 0.13708368
v 0.01819397 0.38900547 0.12269799
v 0.02024957 0.38994023 0.12217946
v 0.02007435 0.39073068 0.12214595
v 0.01850990 0.39009641 0.12244709
v 0.01978456 0.39712308 0.12899485
v 0.01939902 0.39739605 0.12661177
v 0.02996288 0.40319705 0.12127837
v 0.02944803 0.40235362 0.12157595
v 0.03026872 0.40543689 0.12176750
v 0.03097787 0.40646184 0.12175101
v 0.01970234 0.41135173 0.12995701
v 0.01923314 0.41082190 0.12966817
v 0.02341607 0.41936827 0.13275933
v 0.02479739 0.42081146 0.13294384
v 0.02347036 0.42132659 0.13562342
v 0.02270157 0.42029157 0.13523460
v 0.02860844 0.41982036 0.12600609
v 0.02201443 0.41363731 0.13340394
v 0.02259410 0.41408743 0.13298850
v 0.02159954 0.41376183 0.13369246
v 0.01959014 0.41125519 0.13488912
v 0.02104146 0.41063554 0.13480344
v 0.02298818 0.41564883 0.13768935
v 0.02577099 0.41851226 0.13750593
v 0.02509155 0.41866883 0.13730935
v 0.02264212 0.41612767 0.13771257
v 0.01999799 0.41417237 0.13600420
v -0.00469829 0.41450059 0.06644185
v -0.00039547 0.41996927 0.06722824
v -0.06663111 0.41668219 0.17504733
v -0.07046303 0.41759744 0.17043602
v -0.06997766 0.41305299 0.17074961
v -0.06614142 0.41220074 0.17443670
v 0.02165197 0.41931742 0.14056265
v 0.02278499 0.42153180 0.13895303
v 0.02340062 0.42210052 0.13923164
v 0.02210682 0.42004473 0.14031716
v 0.02819274 0.41994555 0.13163682
v 0.03160970 0.41942009 0.12806304
v 0.02043648 0.40630183 0.13078798
v 0.01869184 0.40449942 0.12966616
v 0.01200636 0.40407318 0.12846146
v 0.01218605 0.40473218 0.12889749
v 0.01270283 0.40481604 0.12823300
v 0.01255212 0.40418084 0.12760874
v 0.01471337 0.40153542 0.12641101
v 0.01634149 0.40033815 0.12727688
v 0.01572589 0.39877833 0.12742114
v 0.01431995 0.40001066 0.12602698
v 0.01183050 0.40245346 0.12719724
v 0.01189778 0.40324535 0.12794091
v 0.01254776 0.40329542 0.12696684
v 0.01247307 0.40261982 0.12596971
v 0.02561052 0.42012963 0.13649510
v 0.02725913 0.42060602 0.13585119
v 0.03239196 0.41850124 0.12855480
v 0.03270434 0.41747338 0.12737889
v 0.03067909 0.42085368 0.13093200
v 0.03117522 0.42024127 0.12949605
v 0.01877815 0.39836323 0.13345881
v 0.01974094 0.39889918 0.13268635
v 0.01950679 0.39799221 0.13222757
v 0.03314662 0.42017339 0.12967955
v 0.03350736 0.42181208 0.12964055
v 0.01888637 0.38758465 0.12855325
v 0.01820150 0.38643169 0.12832138
v -0.00640016 0.34464992 0.09633704
v 0.00076677 0.35223630 0.09342435
v -0.00141440 0.34790573 0.08734829
v -0.00827524 0.34068921 0.09008553
v 0.02285011 0.41609299 0.14036522
v 0.02197887 0.41759136 0.14099280
v 0.01181015 0.40115763 0.12722975
v 0.01205067 0.40109912 0.12627456
v 0.01372693 0.39974702 0.12682057
v 0.01473330 0.40269860 0.12996088
v 0.01217407 0.40351537 0.12902194
v 0.01471521 0.40253685 0.12684085
v 0.01488638 0.40488968 0.12934800
v 0.01485945 0.40497895 0.13026016
v 0.01680045 0.39638646 0.12751278
v 0.01829009 0.39654860 0.12646131
v 0.01868269 0.39554055 0.12848406
v 0.01260817 0.40157451 0.12528803
v 0.01927837 0.41134345 0.13137005
v 0.01666796 0.40265213 0.12777344
v 0.01904118 0.40151971 0.12674101
v 0.01876143 0.40014072 0.12655442
v 0.01657497 0.40154486 0.12728733
v 0.02501451 0.39591594 0.12406600
v 0.02519315 0.39676278 0.12484627
v 0.02102802 0.39924311 0.12493775
v 0.02273840 0.39893672 0.12651518
v 0.01999423 0.40831862 0.13106141
v 0.02056468 0.40956589 0.13323414
v 0.01811095 0.40509705 0.13164882
v 0.01679975 0.40361567 0.12893441
v 0.01885590 0.40289127 0.12746061
v 0.01488377 0.40349819 0.13023903
v 0.01711560 0.40310093 0.13132284
v 0.01695268 0.40377897 0.13151021
v 0.01486231 0.40412724 0.13041819
v 0.02370576 0.41504470 0.13340154
v 0.02101154 0.41585234 0.14105789
v 0.02209472 0.41429817 0.13977216
v 0.02661139 0.42936116 0.12859721
v 0.02652527 0.42640427 0.12290750
v 0.02426041 0.42334287 0.13057019
v 0.01472883 0.40348851 0.12756115
v 0.01250729 0.40515831 0.12932037
v 0.01272619 0.40445887 0.12946835
v 0.02953234 0.40020681 0.12150893
v 0.01915500 0.39527602 0.12869488
v 0.01901009 0.41042542 0.13371398
v 0.02997476 0.40749140 0.11994017
v 0.02914966 0.40366605 0.11929401
v 0.01859117 0.41123588 0.13373348
v 0.01892507 0.41169110 0.13452374
v 0.01898230 0.39690367 0.12632812
v 0.01938118 0.39634087 0.12913633
v 0.01900888 0.41186861 0.13476691
v 0.01969772 0.39897139 0.13178937
v 0.02748100 0.41658134 0.13082752
v 0.02326187 0.39182661 0.12012738
v 0.02181961 0.39010074 0.12112072
v 0.01245209 0.40405894 0.12937965
v 0.01513471 0.39873987 0.12776531
v 0.01482716 0.40424298 0.12848406
v 0.01881139 0.40168843 0.13135643
v 0.01861695 0.40030626 0.13133012
v 0.01992808 0.40024899 0.13200506
v 0.02389719 0.39948466 0.12577607
v 0.02178753 0.40089646 0.12382940
v 0.02270084 0.40171668 0.12288374
v 0.02525648 0.40025627 0.12514238
v 0.02807203 0.40007594 0.11900758
v 0.02662576 0.39660138 0.11935678
v 0.02804480 0.39556520 0.11926994
v 0.02981868 0.39923847 0.11922258
v 0.02765930 0.44012368 0.12805747
v 0.02585248 0.43052735 0.13422191
v 0.02638613 0.44060758 0.13668108
v 0.02716035 0.42313697 0.13107340
v 0.02760212 0.42226026 0.12936619
v 0.03129593 0.42362393 0.12929599
v 0.02146637 0.42150413 0.13987447
v 0.02248627 0.42136761 0.13714892
v 0.02231787 0.42122056 0.13888895
v 0.03275159 0.41082600 0.12047472
v 0.01935627 0.40904248 0.13755268
v 0.02086816 0.40994287 0.13653983
v 0.02543010 0.40082948 0.11953478
v 0.02532842 0.39858438 0.12581438
v 0.02696165 0.39951763 0.12518077
v 0.02961313 0.42102278 0.13636098
v 0.02717738 0.41934772 0.13676822
v -0.03239307 0.33023740 0.10373157
v -0.03268353 0.32945981 0.09853903
v -0.03986051 0.37722299 0.17781661
v -0.03889201 0.37727786 0.17699570
v -0.03938210 0.37900485 0.17705328
v -0.03989435 0.37883187 0.17733917
v -0.03940154 0.37199740 0.17413889
v -0.03961764 0.37331138 0.17386500
v -0.03882008 0.37339566 0.17340319
v -0.03843551 0.37214747 0.17378288
v -0.04131481 0.37893694 0.17639536
v -0.04254492 0.37675967 0.17667181
v -0.04189029 0.37674783 0.17805173
v -0.04075206 0.37900512 0.17716310
v 0.02956935 0.42314455 0.13676559
v -0.03709991 0.37173574 0.17458901
v -0.03764965 0.37320830 0.17414973
v -0.03749429 0.37292987 0.17548986
v -0.03658893 0.37168566 0.17612658
v -0.04307874 0.37040357 0.17825620
v -0.04248160 0.37153320 0.17905250
v -0.04274419 0.37183178 0.17732741
v -0.04263022 0.37070618 0.17666353
v -0.04121457 0.37194493 0.17917633
v -0.04035162 0.37101343 0.18038699
v -0.03895244 0.37136433 0.17970144
v -0.04004526 0.37217487 0.17860587
v -0.04229662 0.37457227 0.17506807
v -0.04172361 0.37288595 0.17546959
v -0.04317568 0.37378116 0.17715211
v -0.03712802 0.37482395 0.17516714
v -0.03773130 0.37472574 0.17380401
v -0.03823869 0.37743265 0.17471686
v -0.03759078 0.37753635 0.17570564
v -0.00175788 0.35177562 0.10679123
v 0.00396005 0.35849400 0.10101352
v -0.02014780 0.38837449 0.17515065
v -0.02065950 0.38645808 0.17504416
v -0.02332299 0.38745498 0.17503177
v -0.02268883 0.38914811 0.17523385
v 0.02021663 0.40128997 0.13323190
v 0.01970490 0.40141631 0.13408144
v 0.02802212 0.42148103 0.12783821
v 0.02980979 0.42100409 0.13252886
v 0.02669315 0.42353167 0.13287806
v 0.02523227 0.42333877 0.13654866
v 0.02415630 0.42222690 0.13576761
v 0.02554679 0.42209920 0.13293494
v 0.03197092 0.42108361 0.13275786
v 0.01992535 0.39442934 0.12869890
v 0.02617513 0.41316881 0.13098989
v 0.02436245 0.42280251 0.13798770
v 0.02648376 0.42366413 0.13871566
v 0.03206096 0.40936734 0.12311406
v 0.03261941 0.42077056 0.13120598
v 0.03124745 0.41973190 0.13109159
v 0.02428483 0.41642427 0.13928876
v 0.02362542 0.40369082 0.12257061
v 0.02730135 0.40285087 0.12484581
v 0.02658587 0.40132445 0.12477608
v -0.07820209 0.43025273 0.09635678
v -0.07755311 0.42899056 0.09515091
v -0.07795555 0.42757674 0.09559925
v -0.07817176 0.42864086 0.09691881
v -0.07502546 0.41875895 0.09251204
v -0.07501747 0.42358442 0.09392477
v -0.07585506 0.42546670 0.09377146
v -0.07602847 0.42394081 0.09386611
v 0.02303495 0.40227240 0.12256503
v 0.01904580 0.41014638 0.12958923
v 0.01639132 0.39481754 0.13478502
v 0.02456043 0.39258460 0.12391415
v -0.07545744 0.41174435 0.09117229
v -0.07497564 0.41182395 0.09187509
v -0.07568729 0.41515445 0.09187440
v -0.07608742 0.41536813 0.09113150
v 0.02546251 0.39391549 0.12292127
v 0.00438457 0.41244503 0.07249980
v 0.00935846 0.41820242 0.07381881
v 0.03370719 0.41019153 0.12177222
v 0.02578823 0.42039876 0.13589399
v 0.02132776 0.39449969 0.12818997
v 0.02115202 0.39092204 0.12682289
v 0.01990390 0.39063460 0.12799664
v 0.02233067 0.41429244 0.13321820
v 0.02509262 0.40148930 0.11966496
v 0.02535863 0.40311057 0.11968485
v 0.01284358 0.40506010 0.12870618
v 0.02592544 0.39737221 0.11992438
v 0.02286188 0.39269062 0.12053385
v 0.00781474 0.36615546 0.09506942
v 0.00845391 0.37415679 0.08719815
v -0.07188508 0.39174829 0.10039020
v -0.07312652 0.39385392 0.09981238
v -0.07302522 0.39292768 0.09818070
v -0.07060392 0.39132324 0.09914115
v 0.00696164 0.36897667 0.08242013
v 0.00531968 0.36058400 0.08854022
v 0.01719202 0.40297106 0.13857705
v 0.01795678 0.39938254 0.13486489
v 0.01725601 0.39841211 0.13543226
v -0.02189799 0.33529882 0.10629761
v -0.02462008 0.33205345 0.09828866
v 0.01638001 0.39401935 0.13733907
v 0.01462913 0.39053724 0.14312127
v 0.01419240 0.39973104 0.14817868
v 0.01635149 0.39944023 0.14078090
v -0.00054108 0.40775752 0.17494169
v 0.00162037 0.40911600 0.17301715
v 0.00216564 0.40351227 0.17013480
v -0.00013547 0.40364926 0.17189464
v -0.03011544 0.43849595 0.19306484
v -0.03670650 0.43877158 0.19269328
v -0.03549301 0.44498818 0.19153331
v -0.02874277 0.44454960 0.19203110
v 0.01163468 0.42364881 0.07417993
v 0.01317272 0.43056907 0.07512699
v 0.00287359 0.43217142 0.06732305
v 0.00093730 0.42509768 0.06689073
v -0.02552841 0.46086419 0.18466025
v -0.03253428 0.46154981 0.18490126
v -0.03096252 0.46722892 0.18061979
v -0.06873200 0.39208162 0.09958686
v -0.07032329 0.39433964 0.09690604
v -0.06978804 0.39633089 0.09758562
v -0.06850303 0.39408157 0.09942580
v -0.02404204 0.46605603 0.18022114
v -0.00671362 0.38821800 0.17284333
v -0.00495592 0.38463593 0.17128494
v -0.00821613 0.38341320 0.17269644
v -0.00930182 0.38753539 0.17389665
v 0.02109952 0.38715562 0.12651526
v 0.02021274 0.38735301 0.12740450
v -0.07824896 0.43103858 0.10849914
v -0.07852687 0.42891889 0.10767986
v -0.07803553 0.42760921 0.10910637
v -0.07791814 0.42965037 0.11019374
v -0.06736792 0.41401081 0.09520935
v -0.06687432 0.40944372 0.09426755
v -0.07000540 0.41353917 0.09337668
v -0.07012705 0.41542780 0.09406068
v -0.02895894 0.47282297 0.17509338
v -0.02189402 0.47141225 0.17491290
v -0.03553103 0.39205639 0.17676538
v -0.07562934 0.42713699 0.10159467
v -0.07532394 0.42881608 0.09981486
v -0.07514677 0.42798731 0.09825833
v -0.07495019 0.42608425 0.09941922
v -0.07593081 0.43138359 0.09698351
v -0.07557444 0.43007027 0.09526352
v -0.07155962 0.39591281 0.10439924
v -0.07101683 0.39775368 0.10625110
v -0.07088600 0.39925774 0.10595569
v -0.07105238 0.39915682 0.10476608
v -0.06744636 0.41141365 0.10133633
v -0.06950115 0.41299827 0.10333888
v -0.07402542 0.40389502 0.09158007
v -0.07406740 0.40468904 0.09268308
v -0.07474480 0.40820505 0.09154153
v -0.07462224 0.40785949 0.09060190
v -0.03485433 0.39388186 0.17599199
v -0.03231933 0.39208936 0.17482475
v -0.03284277 0.39033102 0.17557732
v -0.03989243 0.42000270 0.19094930
v -0.03901371 0.42527360 0.19178437
v -0.03307193 0.42546290 0.19242263
v -0.03427707 0.42007781 0.19186881
v -0.02924035 0.39068417 0.17450867
v -0.02999805 0.38910187 0.17461532
v -0.03477580 0.45059725 0.19000858
v -0.02780024 0.45031090 0.19014456
v -0.01317882 0.49024069 0.14934213
v -0.07281562 0.40513931 0.09505340
v -0.07338001 0.40788452 0.09350577
v -0.07363926 0.40890689 0.09243542
v -0.07341667 0.40696145 0.09316957
v -0.01447976 0.48764357 0.15420095
v -0.02138523 0.48980636 0.15282196
v -0.07737921 0.42901517 0.10224516
v -0.07726981 0.42859999 0.10586019
v -0.07774342 0.42843348 0.10565394
v -0.07778946 0.42875138 0.10192676
v -0.01846544 0.49327036 0.14580666
v 0.02515621 0.41990341 0.10496351
v 0.02427609 0.41480982 0.11511919
v 0.02550398 0.42215411 0.11818412
v 0.02732436 0.42978206 0.11023484
v -0.01265796 0.34162849 0.10651842
v -0.01554212 0.33731452 0.09738115
v -0.07125350 0.42259831 0.09745228
v -0.07114015 0.42488145 0.10024725
v -0.07075210 0.42433292 0.10033858
v -0.07109754 0.42242832 0.09780612
v -0.07607827 0.42938178 0.09735004
v -0.07590979 0.42819914 0.09579351
v -0.07500393 0.42687049 0.09656589
v -0.07136250 0.42134245 0.10900119
v -0.07167864 0.42237035 0.10835395
v -0.07171940 0.42149604 0.10778751
v -0.07159396 0.42050305 0.10788030
v -0.07203280 0.39354385 0.09606199
v -0.06662743 0.40217097 0.09584946
v -0.06722955 0.40309807 0.09472641
v -0.06837052 0.40654229 0.09367000
v -0.06755779 0.40718365 0.09404466
v -0.00709778 0.41888476 0.18314049
v -0.00537111 0.42317009 0.18215132
v -0.00231817 0.41988483 0.17891250
v -0.00423478 0.41597926 0.18037507
v -0.04094653 0.41219083 0.18845043
v -0.03622376 0.41190185 0.18953161
v -0.03741902 0.40838286 0.18764384
v -0.04131931 0.40853277 0.18672758
v -0.07010558 0.39136720 0.10295562
v -0.07186136 0.39193720 0.10249506
v -0.07193767 0.39167670 0.10133973
v -0.07000429 0.39134762 0.10117512
v -0.00031425 0.39889461 0.16984945
v 0.00211402 0.39798950 0.16846133
v 0.00076685 0.39189324 0.16843208
v -0.00148894 0.39380470 0.16991121
v -0.00456131 0.38980862 0.17174775
v -0.07322816 0.42454935 0.10901574
v -0.07432519 0.42514428 0.10720412
v -0.07322617 0.42405253 0.10760277
v -0.07250462 0.42364033 0.10891443
v -0.00273175 0.38668561 0.17044592
v -0.07443574 0.42177698 0.09453417
v -0.07448428 0.42501147 0.09756690
v -0.03169442 0.43158230 0.19346411
v -0.03800044 0.43159557 0.19280163
v 0.00017120 0.41497644 0.17556672
v -0.00192812 0.41219923 0.17749203
v -0.03794293 0.39321326 0.17834451
v -0.03684047 0.39507070 0.17713075
v -0.03907426 0.39711991 0.17890321
v -0.07522658 0.41462910 0.09478771
v -0.07443814 0.41566605 0.09318722
v -0.07432548 0.41280974 0.09288345
v -0.07525970 0.41183962 0.09432250
v -0.04233300 0.39539219 0.18110984
v -0.04221738 0.39819335 0.18143056
v -0.03954830 0.39907490 0.18000854
v -0.02219819 0.42072455 0.19095704
v -0.02086408 0.42572198 0.19107607
v -0.01511068 0.42594646 0.18873493
v -0.01662278 0.42117734 0.18873864
v -0.02677574 0.45553788 0.18763316
v -0.07507165 0.41924289 0.09747263
v -0.07453352 0.42039659 0.09551358
v -0.03376559 0.45608539 0.18792269
v -0.04174438 0.40397261 0.18361932
v -0.03886104 0.40421431 0.18355315
v -0.03924508 0.40249107 0.18176505
v -0.07671518 0.42662299 0.09634617
v -0.07654957 0.42322423 0.09447334
v -0.07638891 0.42724879 0.09598924
v -0.07058236 0.42582061 0.10299068
v -0.07008832 0.42855944 0.10195037
v -0.06936076 0.42532518 0.09873971
v -0.07048218 0.42482491 0.10143377
v -0.04173867 0.40213042 0.18248938
v -0.02660214 0.38818480 0.17486747
v -0.02593789 0.38977940 0.17498929
v 0.01617414 0.38871633 0.12265249
v 0.01703084 0.38815732 0.12322643
v 0.01678402 0.41246244 0.14559878
v 0.01633679 0.40570397 0.14353068
v 0.01447496 0.40744265 0.15177274
v 0.01380627 0.41557372 0.15375036
v 0.01519598 0.42322663 0.15534675
v 0.01761038 0.42987447 0.15482280
v 0.01944970 0.42308407 0.14629748
v 0.01757400 0.41825555 0.14666162
v 0.00528421 0.37616603 0.07674381
v 0.00520133 0.38127723 0.07948430
v -0.04279084 0.39274615 0.18168054
v -0.04321041 0.39029925 0.18237731
v 0.00404983 0.45935556 0.07380093
v -0.07056013 0.40211417 0.10717053
v -0.07086127 0.40402044 0.10694261
v -0.07016946 0.40292196 0.10558877
v -0.07003894 0.40116591 0.10518679
v 0.00465189 0.44994181 0.07122692
v 0.01512974 0.44939135 0.08015731
v 0.01377163 0.45689349 0.08351145
v 0.02256001 0.41318177 0.10399006
v -0.06891389 0.40503142 0.09377099
v -0.06783315 0.40227588 0.09495325
v -0.06821459 0.40181748 0.09529130
v -0.06949084 0.40373424 0.09442148
v 0.02249651 0.40910555 0.11327383
v -0.03858205 0.37478239 0.17721589
v -0.03977844 0.37926268 0.17557353
v -0.03951899 0.37742920 0.17428307
v -0.03981281 0.37882545 0.17513478
v -0.03874586 0.37250379 0.17751006
v -0.03748796 0.37158064 0.17846006
v -0.03911942 0.37484826 0.17316799
v -0.03979258 0.37483607 0.17337858
v -0.04006842 0.37756429 0.17439034
v -0.03917788 0.37922027 0.17632912
v -0.04506205 0.36877963 0.17854179
v -0.04523578 0.36871880 0.18059634
v -0.04273963 0.36966787 0.18098400
v -0.04328259 0.36954791 0.17923430
v -0.04124490 0.37864037 0.17572173
v -0.04198166 0.37717137 0.17532192
v -0.04270551 0.37358539 0.17881684
v -0.04092705 0.37694979 0.17816279
v -0.04032171 0.37893655 0.17736912
v -0.04147139 0.37405443 0.17888711
v -0.04147324 0.37142024 0.17545651
v -0.04014222 0.37440615 0.17818748
v -0.07557774 0.42663626 0.10598851
v -0.07517319 0.42393687 0.10373637
v -0.07441835 0.42333792 0.10486499
v -0.07282604 0.40279941 0.10054429
v -0.07288469 0.40412136 0.09983188
v -0.07280439 0.40337285 0.09793204
v -0.07259656 0.40172167 0.09827156
v 0.02419229 0.39780391 0.12647447
v 0.00793616 0.36557880 0.11604172
v 0.01233843 0.37553268 0.11803769
v 0.01275040 0.37712973 0.11416540
v -0.07295721 0.39813515 0.09372200
v -0.07130814 0.39797654 0.09360421
v -0.07068274 0.39561980 0.09490844
v -0.07227660 0.39564712 0.09471643
v -0.07050422 0.40035537 0.10521976
v -0.07069930 0.40020054 0.10624715
v -0.07185905 0.42347727 0.09623326
v -0.07200237 0.42611761 0.09978142
v 0.00943054 0.36799668 0.10944736
v 0.02406999 0.41422735 0.13265091
v 0.00574697 0.42810398 0.17215267
v 0.00828694 0.43752435 0.17054050
v 0.01416122 0.43402808 0.16251351
v -0.07498263 0.42440482 0.10031892
v -0.07457648 0.42338873 0.09869761
v 0.01240265 0.42635811 0.16238434
v 0.00943631 0.44508531 0.16872617
v 0.01529769 0.44192288 0.16120487
v 0.01999589 0.43776752 0.15342075
v 0.02410625 0.43008904 0.13979847
v -0.01502055 0.39711747 0.17690980
v -0.01466186 0.39705223 0.17705429
v -0.01597666 0.39647012 0.17738329
v -0.07146039 0.41092553 0.10721921
v -0.06969265 0.41143516 0.10709693
v -0.06958730 0.41099708 0.10694292
v -0.07174690 0.40999558 0.10679030
v -0.01594094 0.39663663 0.17732695
v -0.01529223 0.39738278 0.17649211
v -0.01618144 0.39691157 0.17679347
v -0.07207370 0.41049232 0.10778279
v -0.07222403 0.40955505 0.10732749
v -0.07227295 0.40905436 0.10794624
v -0.07216865 0.40948501 0.10834017
v -0.01456797 0.39789369 0.17624832
v -0.01428508 0.39758377 0.17656950
v -0.01409067 0.39735743 0.17661145
v -0.02655449 0.39735836 0.17586576
v -0.02595308 0.39776626 0.17583829
v -0.02448037 0.39700282 0.17602604
v -0.02514282 0.39670354 0.17642671
v -0.02675085 0.39708833 0.17605398
v -0.02521737 0.39638777 0.17659968
v -0.06901274 0.41163739 0.10706435
v -0.06924158 0.41144151 0.10710266
v -0.06946220 0.41182174 0.10702147
v -0.06968031 0.41801625 0.10043926
v -0.06962464 0.41428393 0.09660304
v -0.06866170 0.41351731 0.09762765
v -0.06837181 0.41709574 0.10104819
v -0.02317166 0.40032844 0.17374589
v -0.02347836 0.40055648 0.17367353
v -0.07439439 0.41692280 0.09253448
v -0.02256406 0.39991365 0.17400268
v -0.02712388 0.39966649 0.17506977
v -0.02716757 0.40015964 0.17547508
v -0.07670120 0.42588357 0.11197595
v -0.07579608 0.42709698 0.11291101
v -0.07664417 0.43056532 0.11121440
v -0.02353591 0.40113344 0.17415298
v -0.02349720 0.40091767 0.17391971
v -0.02710750 0.39909359 0.17482684
v -0.06885901 0.40505805 0.09994952
v -0.07126713 0.40500426 0.10135498
v -0.07053626 0.40462999 0.10269845
v -0.06901233 0.40440195 0.10096531
v -0.06909787 0.40630388 0.10565951
v -0.06801362 0.40404772 0.10523214
v -0.07066618 0.40505712 0.10558900
v -0.07241514 0.41401828 0.10955130
v -0.07062607 0.41247068 0.10730953
v -0.07142702 0.41141938 0.10763853
v -0.07211110 0.41130240 0.10831866
v -0.07523890 0.41180851 0.09037405
v -0.07578053 0.41565332 0.09030417
v -0.07452279 0.41595461 0.08979291
v -0.07408212 0.41190161 0.08985908
v -0.02814171 0.39901573 0.17454335
v -0.02848441 0.39962520 0.17455604
v -0.07095448 0.39302431 0.10514717
v -0.06865285 0.39226365 0.10295145
v -0.07062124 0.39463195 0.10598951
v -0.07889686 0.43235209 0.10176632
v -0.07688338 0.43350540 0.10283551
v -0.07658723 0.43310277 0.10084465
v -0.07875496 0.43193765 0.09983242
v -0.06839526 0.41779030 0.10556942
v -0.06866556 0.41610584 0.10534506
v -0.06914674 0.41655828 0.10643135
v -0.06889886 0.41809283 0.10681352
v -0.02856831 0.40028390 0.17512403
v -0.02188370 0.39534157 0.17723849
v -0.02170219 0.39478341 0.17705282
v -0.02477763 0.39532025 0.17654659
v -0.02506885 0.39594880 0.17667367
v -0.02202817 0.39569928 0.17724777
v -0.01964188 0.39583573 0.17733283
v -0.01960150 0.39545244 0.17729189
v -0.01941526 0.39496033 0.17705901
v -0.05038475 0.41249081 0.07771200
v -0.05824504 0.40690449 0.08637028
v -0.05906916 0.41598248 0.08443467
v -0.05200588 0.41971739 0.07623069
v -0.07364932 0.39955009 0.09478748
v -0.07363165 0.39736997 0.09564964
v -0.07355514 0.41847372 0.11237685
v -0.07380981 0.41950858 0.11339147
v -0.07402925 0.42327419 0.11406580
v -0.07435835 0.42131993 0.11302641
v -0.02663056 0.39656686 0.17662476
v -0.02675420 0.39693316 0.17644126
v -0.01918306 0.39471426 0.17708796
v -0.02143910 0.39436673 0.17681499
v -0.07509110 0.42585022 0.09226175
v -0.07708555 0.42510008 0.09242451
v -0.02457765 0.39487265 0.17631240
v -0.02676701 0.39582857 0.17609833
v -0.02844774 0.39705409 0.17550472
v -0.02773204 0.39705030 0.17590237
v -0.02098320 0.39419809 0.17669511
v -0.02104248 0.39370773 0.17633051
v -0.02421733 0.39413644 0.17611272
v -0.02427291 0.39461392 0.17632045
v -0.07320901 0.42426323 0.11001790
v -0.07505516 0.42750744 0.10887937
v -0.07391286 0.42563456 0.10904190
v -0.07301456 0.42408941 0.10985182
v -0.07288880 0.41888348 0.10872745
v -0.07342456 0.41953432 0.10914475
v -0.07225927 0.41999910 0.10961329
v -0.07154914 0.41921859 0.10926487
v -0.01889987 0.39443352 0.17670215
v -0.01887001 0.39395364 0.17633647
v -0.07416590 0.42211693 0.11538682
v -0.07412850 0.42599734 0.11482804
v -0.01297175 0.39781699 0.17585973
v -0.01250505 0.39832949 0.17553661
v -0.01246964 0.39796028 0.17545217
v -0.06624339 0.40173061 0.09679621
v -0.01269132 0.39753009 0.17557407
v -0.01004068 0.39687322 0.17378667
v -0.00939093 0.39797619 0.17361950
v -0.00805602 0.39775144 0.17302776
v -0.07384788 0.41868791 0.11050076
v -0.07443146 0.42024978 0.11132647
v -0.07416756 0.42039172 0.10962552
v -0.07094766 0.39755741 0.10781793
v -0.07083030 0.39935154 0.10708524
v -0.07248895 0.42343408 0.10969510
v -0.07199546 0.42267660 0.10942708
v -0.07107897 0.42013137 0.10907549
v -0.07102871 0.41949798 0.10748777
v -0.00897185 0.39667885 0.17339127
v -0.07336476 0.41837330 0.10053167
v -0.07408588 0.41430746 0.09644021
v -0.00278579 0.39162066 0.17071161
v -0.00735698 0.39460591 0.17266246
v -0.00611720 0.39584857 0.17207389
v -0.01345340 0.39747731 0.17619615
v -0.01406249 0.39706167 0.17650046
v -0.01354580 0.39773194 0.17625033
v -0.01307690 0.39817029 0.17585740
v -0.01314186 0.39700854 0.17580896
v -0.01390070 0.39668485 0.17623493
v -0.01473696 0.39671422 0.17698293
v -0.01450734 0.39632950 0.17673845
v -0.01589534 0.39570547 0.17707008
v -0.01597031 0.39617185 0.17730048
v -0.01756347 0.39553420 0.17721991
v -0.06270571 0.41135920 0.09068347
v -0.06369343 0.39860083 0.09612599
v -0.01731365 0.39592732 0.17731758
v -0.01740461 0.39503544 0.17697218
v -0.01569365 0.39539610 0.17677939
v -0.01724803 0.39466995 0.17673675
v -0.01433171 0.39602457 0.17635218
v -0.01364706 0.39642318 0.17590701
v -0.01287901 0.39684660 0.17547106
v -0.01234852 0.39736440 0.17524050
v -0.01205426 0.39794446 0.17513881
v -0.01250279 0.39664750 0.17508974
v -0.01186635 0.39632826 0.17458870
v -0.01291784 0.39574560 0.17502373
v -0.01338299 0.39617958 0.17554381
v -0.01185785 0.39726053 0.17484100
v -0.01113724 0.39709352 0.17430436
v -0.07150325 0.42015497 0.10978046
v -0.07147498 0.42036111 0.10975167
v -0.07094159 0.41990139 0.10950216
v -0.07083712 0.41955556 0.10947228
v -0.01431279 0.39567630 0.17593828
v -0.01410521 0.39530860 0.17554118
v -0.01523656 0.39482304 0.17602426
v -0.01538873 0.39516852 0.17644350
v -0.07351220 0.39550951 0.09652162
v -0.07341091 0.42123267 0.10395144
v -0.07181354 0.41916566 0.10486058
v -0.07239624 0.42033897 0.10622115
v -0.01699738 0.39463362 0.17665432
v -0.01665009 0.39426790 0.17624592
v -0.07622410 0.41824383 0.09260491
v -0.07710834 0.42321618 0.09440686
v -0.07774083 0.42404394 0.09343108
v -0.07675855 0.41867916 0.09163363
v -0.02199033 0.39586030 0.17709415
v -0.02194664 0.39626712 0.17642880
v -0.01960065 0.39610691 0.17658297
v -0.01946739 0.39596350 0.17714817
v -0.01724551 0.39607069 0.17722123
v -0.06839982 0.39211203 0.10127441
v -0.06838396 0.41589827 0.10464001
v -0.06935158 0.41483063 0.10433090
v -0.01752282 0.39619429 0.17660255
v -0.01943230 0.39644442 0.17589788
v -0.01978759 0.39924609 0.17439235
v -0.01875938 0.39937728 0.17440009
v -0.01763715 0.39657259 0.17597318
v -0.06924646 0.41881866 0.10715087
v -0.07005098 0.41912421 0.10875810
v -0.02150014 0.39670458 0.17585168
v -0.02065626 0.39945014 0.17430521
v -0.02359762 0.39760749 0.17576453
v -0.07081670 0.40110767 0.10817424
v -0.02184412 0.39971332 0.17420080
v -0.02527630 0.39799082 0.17557159
v -0.02130575 0.40276353 0.18068140
v -0.02125596 0.40286101 0.18077984
v -0.01810249 0.40258952 0.18131447
v -0.01836336 0.40256649 0.18103562
v 0.01891338 0.42866117 0.08475624
v 0.02014899 0.43830103 0.08673542
v 0.01498203 0.43891422 0.07719323
v -0.01613106 0.40133091 0.18031533
v -0.01609689 0.40189751 0.18028932
v -0.01421553 0.40137313 0.17952599
v -0.01432311 0.40091187 0.17936803
v -0.01614580 0.40068994 0.18030093
v -0.07633799 0.43057932 0.10044097
v -0.07621888 0.43010479 0.09890905
v -0.07565034 0.42923806 0.10104974
v -0.07581904 0.42937571 0.10240257
v -0.07603471 0.42936313 0.10477885
v -0.07624149 0.42998839 0.10547152
v -0.07632646 0.43079092 0.10227348
v -0.07129714 0.41938712 0.10607008
v -0.07205105 0.42019700 0.10710034
v -0.01454337 0.40047072 0.17922493
v -0.01821803 0.40098260 0.18119444
v -0.07271970 0.40168270 0.10102606
v -0.07264510 0.39885298 0.09887677
v -0.07411989 0.41001214 0.09333419
v -0.07492467 0.40940282 0.09503281
v -0.07282631 0.41941393 0.09158348
v -0.07284821 0.42484906 0.09408343
v -0.07245528 0.42396863 0.09544423
v -0.07251522 0.41902507 0.09266783
v -0.01821938 0.40175344 0.18118337
v -0.01825234 0.40233632 0.18104615
v -0.01428536 0.40083347 0.17627866
v -0.01489072 0.40116595 0.17682722
v -0.07012001 0.41890875 0.09590054
v -0.06844011 0.41904132 0.09684923
v -0.07226008 0.40997089 0.10894624
v -0.07283174 0.41162377 0.11111286
v -0.06914517 0.41847376 0.10703920
v -0.06972035 0.41881785 0.10860083
v -0.07094915 0.40774792 0.09270916
v -0.06975070 0.40102594 0.09566736
v -0.07110932 0.40593189 0.09305240
v -0.06780587 0.39959610 0.09722861
v -0.06807689 0.39829319 0.09833688
v -0.06918853 0.39903028 0.09697855
v -0.01473785 0.40064033 0.17776445
v -0.01383232 0.40053430 0.17691204
v -0.01383988 0.40069725 0.17588751
v -0.01328157 0.40035181 0.17630334
v -0.01679784 0.40140962 0.17424554
v -0.01707019 0.40152087 0.17446255
v -0.01744600 0.40155918 0.17469326
v -0.07337146 0.40591158 0.09625392
v -0.07388496 0.40757290 0.09464298
v -0.01664195 0.40128219 0.17407612
v -0.06867528 0.41165368 0.10667491
v -0.06738844 0.41130027 0.10589099
v -0.06810600 0.41118898 0.10704322
v -0.07480190 0.41868017 0.09896802
v -0.07524311 0.41429430 0.09589528
v -0.07328996 0.42082856 0.10969270
v -0.01656075 0.40114822 0.17395942
v -0.07199049 0.41479434 0.10652198
v -0.07299916 0.41630838 0.10850595
v -0.07574137 0.42291760 0.11031950
v -0.07439551 0.42205223 0.10972938
v -0.07397863 0.42141215 0.10975314
v -0.07494470 0.42150715 0.11012641
v -0.06365128 0.40610169 0.10539397
v -0.06601815 0.40492911 0.10509113
v -0.06711506 0.40681526 0.10599408
v -0.01656537 0.40099576 0.17390323
v -0.01680362 0.40073998 0.17390950
v -0.00056769 0.38248796 0.16690031
v -0.00087852 0.38898798 0.16942209
v -0.07599621 0.42929193 0.10658885
v -0.07595418 0.42854721 0.10519732
v -0.07249635 0.42709075 0.09862440
v 0.00161983 0.38516356 0.16593321
v -0.01374639 0.39801016 0.17617603
v -0.07203457 0.42287310 0.10781800
v -0.07206322 0.42218724 0.10700731
v -0.01324646 0.39845672 0.17581670
v -0.07252061 0.43150119 0.10716008
v -0.07284990 0.42944834 0.10856825
v -0.07318109 0.42928144 0.10935294
v -0.07364242 0.43163450 0.11025163
v -0.01406989 0.39832871 0.17590833
v -0.06860786 0.39530767 0.09935205
v -0.06920988 0.39708849 0.09736490
v -0.06901344 0.39780755 0.09768182
v -0.06865770 0.39656837 0.09916197
v -0.07012093 0.40425985 0.10313386
v -0.06910935 0.40399265 0.10156208
v -0.01363277 0.39876475 0.17562507
v -0.07409498 0.41176679 0.09200411
v -0.07387862 0.41090951 0.09242528
v -0.07421029 0.41394464 0.09215928
v -0.07472286 0.41498828 0.09192911
v -0.01276660 0.39897642 0.17554806
v -0.01249413 0.39878390 0.17554853
v -0.01556316 0.39766576 0.17591375
v -0.01784453 0.39972814 0.17420142
v -0.01744383 0.40001979 0.17410933
v -0.06850060 0.41877010 0.10434862
v -0.06816840 0.41813795 0.10430064
v -0.07248715 0.42695129 0.10606729
v -0.07358630 0.42876724 0.10569921
v -0.07382628 0.42921194 0.10867947
v -0.07276597 0.42771036 0.10849194
v -0.07288601 0.42830815 0.09746984
v -0.01494328 0.39824378 0.17574387
v -0.01639806 0.39723012 0.17613455
v -0.01825082 0.39954464 0.17436751
v -0.01726086 0.40025762 0.17398085
v -0.01699917 0.40037642 0.17384727
v -0.07210020 0.42128967 0.10675795
v -0.07229360 0.42174981 0.10614561
v -0.01463428 0.39866549 0.17547145
v -0.07195255 0.42135170 0.10723338
v -0.01421595 0.39908430 0.17525474
v -0.01330570 0.39924157 0.17551006
v -0.07101547 0.41874282 0.10896830
v -0.07225038 0.41835783 0.10820644
v -0.07495062 0.42336536 0.10960617
v -0.07679727 0.42664868 0.10834389
v -0.07609526 0.42675328 0.10851694
v -0.07450434 0.42384953 0.10980105
v -0.01348971 0.39996419 0.17522487
v -0.01346415 0.40023963 0.17535799
v -0.01291489 0.39965817 0.17567019
v -0.07173093 0.42161832 0.10978170
v -0.01285922 0.39996140 0.17575331
v -0.01380160 0.39953365 0.17519515
v -0.02365574 0.41664570 0.06254898
v -0.02196453 0.42253814 0.06241238
v -0.01358615 0.40050439 0.17557987
v -0.01299505 0.40018967 0.17598402
v -0.01223014 0.39848853 0.17536178
v -0.01221848 0.39904000 0.17543399
v -0.01160822 0.39977132 0.17553615
v -0.01180919 0.39852440 0.17508874
v -0.07464206 0.42695187 0.11324117
v -0.07443337 0.42917565 0.11153040
v -0.07492473 0.42986382 0.11147367
v -0.07475551 0.42771903 0.11293454
v -0.07583516 0.42858308 0.10244220
v -0.01119185 0.39857486 0.17470378
v -0.01146251 0.39786722 0.17466253
v -0.01104748 0.40003500 0.17554358
v -0.00995791 0.40042684 0.17536139
v -0.07663044 0.42842520 0.09742565
v -0.07043549 0.41351394 0.10460983
v -0.06800430 0.41181234 0.10448259
v -0.01017465 0.39876436 0.17427920
v -0.01058302 0.39782616 0.17416799
v -0.01250491 0.39935294 0.17548894
v -0.06186681 0.40994635 0.10666918
v -0.06214326 0.41065798 0.10698533
v -0.06223525 0.41080433 0.10610065
v -0.06190881 0.41009843 0.10561826
v -0.01216500 0.39984895 0.17565734
v -0.01167359 0.40025457 0.17645867
v -0.06338783 0.40784838 0.10334290
v -0.06537465 0.40709000 0.10348925
v -0.06521173 0.40541769 0.10387072
v -0.06306685 0.40631081 0.10340512
v -0.01120250 0.40071819 0.17661052
v -0.01191783 0.39996210 0.17626124
v -0.01248045 0.40005327 0.17704701
v -0.01236774 0.40038969 0.17728941
v -0.06141096 0.40821886 0.10550201
v -0.06164831 0.40908160 0.10618377
v -0.06169834 0.40919138 0.10495376
v -0.06139782 0.40821476 0.10427750
v -0.01213775 0.40066792 0.17729932
v -0.01313610 0.40068445 0.17839745
v -0.07602535 0.42845457 0.10783967
v -0.07683260 0.42916295 0.10649133
v -0.01291797 0.40103786 0.17860246
v -0.01332542 0.40020171 0.17802356
v -0.01234698 0.39998048 0.17611257
v -0.07749851 0.42757167 0.09755064
v -0.07730126 0.42657760 0.09634021
v -0.07711095 0.42965595 0.10044646
v -0.07690668 0.42917565 0.09893350
v -0.01284824 0.40013271 0.17674534
v -0.01355992 0.40020178 0.17752376
v -0.01458868 0.40014722 0.17858071
v -0.07125434 0.40549749 0.10772869
v -0.07167982 0.40614627 0.10670679
v -0.07116751 0.40529739 0.10630427
v -0.07838456 0.42941909 0.09844515
v -0.07855638 0.43115741 0.09793444
v -0.07207111 0.39399276 0.10399463
v -0.07167213 0.39273118 0.10405244
v -0.06435382 0.35403004 0.09740406
v -0.06757026 0.36288614 0.09356652
v -0.06926301 0.35874561 0.09009149
v -0.06500792 0.35053667 0.09346111
v -0.07604371 0.42393187 0.11211858
v -0.07542032 0.42531868 0.11323428
v -0.01621209 0.40040827 0.17978843
v -0.01634268 0.40081064 0.17907441
v -0.01825018 0.40067071 0.18065446
v -0.06144549 0.40702016 0.10572661
v -0.06119368 0.40694590 0.10475517
v -0.06302759 0.40597260 0.10433516
v -0.06564342 0.40885093 0.10663133
v -0.06279635 0.40914568 0.10713718
v -0.01840428 0.40114269 0.17932640
v -0.02101926 0.40284600 0.18175793
v -0.01768213 0.40259087 0.18238234
v -0.01834602 0.40142390 0.17886815
v -0.01923212 0.40164199 0.17587791
v -0.02044048 0.40161281 0.17549784
v -0.02074171 0.40116688 0.17816070
v -0.06363031 0.40887256 0.10387134
v -0.02687045 0.40033382 0.17601366
v -0.02639433 0.40057675 0.17660696
v -0.06466882 0.41141179 0.10596134
v -0.06554536 0.41104975 0.10687574
v -0.06776705 0.40260894 0.10396429
v -0.06843129 0.40301270 0.10240296
v -0.07002025 0.40207938 0.10386174
v -0.06136036 0.40709078 0.10366958
v -0.06898939 0.41878922 0.10569921
v -0.02316747 0.40138110 0.17462213
v -0.02339836 0.40123788 0.17435869
v -0.02794090 0.40025433 0.17613122
v -0.02718956 0.40037692 0.17692628
v -0.06567402 0.40946752 0.10381360
v -0.06686008 0.40884304 0.10154893
v -0.06695563 0.40725950 0.10140815
v -0.06552563 0.40829989 0.10331744
v -0.07259451 0.40366776 0.09670210
v -0.07296637 0.40462674 0.09733069
v -0.06833662 0.40651969 0.09884241
v -0.07126400 0.40609233 0.09955358
v -0.07008291 0.41544409 0.10514608
v -0.07144546 0.41680207 0.10685980
v -0.06896189 0.41185011 0.10656137
v -0.06626954 0.41044980 0.10471129
v -0.06724193 0.41012145 0.10249444
v -0.06578188 0.40965717 0.10684773
v -0.06831735 0.40968527 0.10670966
v -0.06815887 0.41033030 0.10694973
v -0.06574084 0.41026676 0.10696621
v -0.07339282 0.42277543 0.10592644
v -0.07492128 0.42362215 0.11325038
v -0.07540420 0.42220871 0.11164533
v -0.07124709 0.43749030 0.10143098
v -0.06919425 0.43437155 0.09607390
v -0.07127127 0.43106025 0.10426697
v -0.06382131 0.40993536 0.10448151
v -0.06260810 0.41114134 0.10722478
v -0.06334566 0.41020523 0.10723694
v -0.07433419 0.40867424 0.09229054
v -0.07068681 0.40184256 0.10375579
v -0.07015385 0.41772127 0.10818136
v -0.07279893 0.41583628 0.09097277
v -0.07237298 0.41201232 0.09072325
v -0.06959715 0.41855940 0.10846137
v -0.07017372 0.41909302 0.10899198
v -0.06881257 0.40345810 0.10190447
v -0.07021303 0.40331481 0.10347633
v -0.07038561 0.41924336 0.10916472
v -0.07121041 0.40620025 0.10599818
v -0.07548095 0.42489395 0.10155605
v -0.02450925 0.40113031 0.17756895
v -0.02237231 0.40151561 0.17503131
v -0.07020062 0.39939419 0.09430075
v -0.06983461 0.39751798 0.09562642
v -0.02281071 0.40156444 0.17492428
v -0.06312887 0.40975051 0.10730140
v -0.02542160 0.40095482 0.17710955
v -0.06490000 0.40529998 0.10443128
v -0.06428809 0.41068468 0.10523555
v -0.02525573 0.40081156 0.17856315
v -0.02653571 0.40045192 0.17734606
v -0.02102652 0.40100706 0.17923647
v -0.07007786 0.40845557 0.10620234
v -0.06968154 0.40737613 0.10624313
v -0.07162977 0.40722084 0.10614654
v 0.00329545 0.47932291 0.08563860
v 0.00424911 0.47041740 0.07894657
v -0.07148377 0.40718156 0.09853354
v -0.06825151 0.40820207 0.09797708
v -0.06875081 0.40951311 0.09692538
v -0.07230874 0.40832210 0.09756512
v -0.07186332 0.40828058 0.09071404
v -0.07141076 0.40456045 0.09154733
v -0.07292959 0.40394142 0.09130347
v -0.07358822 0.40778306 0.09009451
v 0.01309450 0.46731185 0.08896743
v 0.01171624 0.47485311 0.09469654
v -0.07041236 0.44854691 0.10074117
v -0.07334157 0.43863858 0.10640411
v -0.07371017 0.44913143 0.10881699
v -0.07391768 0.43126925 0.10285439
v -0.07355788 0.43042311 0.10111800
v -0.07619422 0.43239682 0.09903597
v -0.07418617 0.42908564 0.11301379
v -0.07355745 0.42887640 0.11026881
v -0.07418900 0.42881317 0.11165446
v -0.07463026 0.41976220 0.09031988
v -0.01647065 0.40132008 0.17770215
v -0.01821257 0.40163437 0.17502001
v 0.01656499 0.47283543 0.10140621
v 0.01522403 0.47730009 0.10539258
v 0.01103208 0.48056662 0.10104208
v 0.00068276 0.39576031 0.07247248
v -0.00733157 0.39562696 0.06435471
v -0.07293583 0.41611281 0.11106472
v -0.07311056 0.41763428 0.10973410
v -0.02945734 0.39995838 0.17626233
v -0.07031783 0.40860799 0.09259802
v -0.02843865 0.40041953 0.17717820
v -0.07314698 0.40661798 0.09819866
v -0.07406477 0.40767997 0.09654972
v -0.07862584 0.42992864 0.10585454
v -0.07746645 0.42779766 0.10728105
v -0.03009793 0.39949739 0.17555116
v -0.03054488 0.39936315 0.17543012
v -0.02993467 0.40000312 0.17613888
v -0.02912347 0.40054653 0.17700925
v -0.02730458 0.40063635 0.17798069
v -0.02791670 0.40076281 0.17808633
v -0.02594602 0.40104715 0.17966453
v -0.02581327 0.40073603 0.17930124
v -0.02116378 0.40073769 0.18051577
v -0.02123577 0.40100296 0.18091311
v -0.02625232 0.40169586 0.17949821
v -0.02824423 0.40118127 0.17775919
v -0.02646735 0.40236357 0.17910676
v -0.02820955 0.40188230 0.17776700
v -0.02119116 0.40249881 0.18088804
v -0.02112370 0.40181187 0.18100351
v -0.02852802 0.39768476 0.17536255
v -0.02986030 0.39809298 0.17507984
v -0.02818632 0.39791002 0.17532440
v -0.02956364 0.39834679 0.17497528
v -0.02725981 0.39837809 0.17513920
v -0.02997039 0.39887345 0.17518076
v -0.03061214 0.39854147 0.17497659
v -0.04515400 0.33338171 0.10455735
v -0.04545042 0.33245361 0.09895672
v -0.02656173 0.39862536 0.17513494
v -0.03032922 0.40016208 0.17581213
v -0.03108341 0.39932298 0.17519871
v -0.03090025 0.40073266 0.17525745
v -0.03145409 0.39958848 0.17486128
v -0.02958101 0.40169733 0.17653707
v -0.02950983 0.40087681 0.17659473
v -0.03121230 0.39845835 0.17471810
v -0.03084620 0.39809019 0.17474937
v -0.03159036 0.39847321 0.17460565
v -0.03124122 0.39798791 0.17459891
v -0.02687428 0.39538855 0.17583403
v -0.02692681 0.39477544 0.17549188
v -0.02888848 0.39673585 0.17530319
v -0.02922319 0.39644477 0.17506498
v -0.02114217 0.39315553 0.17597303
v -0.01893729 0.39340965 0.17591468
v -0.02134192 0.39268215 0.17569186
v -0.05000849 0.37766808 0.17501521
v -0.05062238 0.37810388 0.17395152
v -0.04969562 0.37938396 0.17422472
v -0.04945702 0.37918142 0.17468877
v -0.01904861 0.39286019 0.17573412
v -0.02464439 0.39316001 0.17541750
v -0.02436851 0.39366171 0.17581414
v -0.01669502 0.33471396 0.09182781
v -0.01099789 0.39603912 0.17421156
v -0.01023254 0.39562336 0.17391012
v -0.01155332 0.39469712 0.17433315
v -0.01217000 0.39539760 0.17466857
v -0.01368573 0.39478856 0.17517085
v -0.04983300 0.37263350 0.17146163
v -0.04923290 0.37393556 0.17143214
v -0.04969249 0.37417091 0.17064985
v -0.05040112 0.37306047 0.17067028
v -0.01317656 0.39404075 0.17483357
v -0.01501649 0.39344970 0.17521442
v -0.01514584 0.39425989 0.17559411
v -0.01663144 0.39375300 0.17581817
v -0.01678672 0.39299989 0.17541309
v -0.00874024 0.39901941 0.17365364
v -0.00792826 0.40080421 0.17451456
v -0.00724872 0.39898098 0.17288822
v -0.00610810 0.40110728 0.17367345
v -0.03195468 0.40131524 0.17523044
v -0.04785986 0.37906030 0.17461702
v -0.04733549 0.37674644 0.17531890
v -0.04855050 0.37688246 0.17621558
v -0.04871362 0.37925854 0.17499973
v -0.03217017 0.39993679 0.17453770
v -0.03323868 0.40149286 0.17564643
v -0.03340462 0.39978030 0.17453089
v -0.03261569 0.40276094 0.17716249
v -0.03115990 0.40251758 0.17666198
v -0.03211458 0.39844256 0.17426272
v -0.03164141 0.39785650 0.17431651
v -0.03296604 0.39838838 0.17411505
v -0.03228083 0.39746981 0.17399865
v -0.02723930 0.39456764 0.17531279
v -0.02747860 0.39429680 0.17505553
v -0.02954310 0.39618284 0.17481415
v -0.03006556 0.39575048 0.17445558
v 0.01764061 0.42165354 0.08361384
v 0.02032773 0.44820143 0.08983757
v -0.01256859 0.40530725 0.18356267
v -0.01403847 0.40358069 0.18264207
v -0.01676545 0.40374863 0.18371335
v -0.01563643 0.40567495 0.18515905
v -0.01047410 0.40785616 0.18423529
v -0.00840794 0.40640074 0.18240084
v -0.01023608 0.40438925 0.18219675
v -0.01190228 0.40303874 0.18176304
v -0.00777994 0.40210674 0.17602388
v -0.00941633 0.40162682 0.17650402
v -0.00969903 0.40224713 0.17787110
v -0.00829479 0.40292060 0.17817533
v -0.00594213 0.40253294 0.17539483
v -0.00635245 0.40370390 0.17791939
v -0.00907348 0.40348511 0.18027802
v -0.01052679 0.40246104 0.18018004
v -0.00715860 0.40477076 0.18029443
v -0.02809777 0.40398573 0.18098470
v -0.02737382 0.40337908 0.17992078
v -0.02916859 0.40288330 0.17821379
v -0.03009902 0.40349115 0.17856462
v -0.02926670 0.40469616 0.18188285
v -0.03168745 0.40386387 0.17904995
v -0.02028822 0.40564562 0.18558379
v -0.02062765 0.40402787 0.18390459
v -0.02653617 0.40272724 0.17900746
v -0.02780156 0.40236295 0.17819073
v -0.02664836 0.40287846 0.17894454
v -0.02815196 0.40238280 0.17784207
v 0.01689611 0.47815807 0.12059631
v 0.01645854 0.47817672 0.12977560
v 0.00790510 0.48856215 0.12657694
v 0.00929757 0.48724213 0.11711276
v -0.01613745 0.40216142 0.18035689
v -0.01579640 0.40224771 0.18078301
v -0.01381987 0.40168808 0.17998014
v -0.01419023 0.40156460 0.17966793
v -0.01275844 0.40126903 0.17880322
v -0.01227204 0.40147018 0.17907797
v -0.01132197 0.40132832 0.17786282
v -0.01185687 0.40102010 0.17769325
v -0.01115989 0.40102912 0.17707000
v -0.01065989 0.40109169 0.17684417
v -0.02800222 0.40275274 0.17838491
v -0.02668358 0.40299041 0.17922331
v 0.01850846 0.46597179 0.09732148
v -0.01291279 0.43111543 0.18808885
v -0.00768403 0.43053537 0.18449572
v -0.00980070 0.42565511 0.18560840
v -0.01520491 0.40241128 0.18163921
v -0.01311220 0.40205063 0.18056593
v -0.01158586 0.40190025 0.17933917
v -0.01072942 0.40178695 0.17796668
v -0.01023516 0.40154521 0.17710661
v 0.01690052 0.39682458 0.13461476
v 0.01749195 0.39723782 0.13356028
v 0.02665342 0.41074563 0.12257749
v 0.02524687 0.41438516 0.12485695
v 0.02428744 0.41620831 0.12618517
v 0.02180297 0.41652307 0.13753952
v 0.02422477 0.41894195 0.13715581
v 0.02804518 0.39752712 0.12198814
v 0.02550456 0.39541428 0.12316406
v -0.07853877 0.43202008 0.10647090
v 0.02802229 0.39814591 0.12189589
v 0.03072790 0.41999411 0.13095166
v 0.03119490 0.41943270 0.12961702
v 0.03182074 0.41918164 0.12982118
v 0.00989539 0.40917896 0.08117023
v 0.01528441 0.41596715 0.08276020
v 0.03172438 0.41867224 0.12831534
v 0.01919582 0.40035618 0.13388146
v 0.02728223 0.41046458 0.12246365
v 0.02851777 0.41060872 0.12167904
v 0.02916683 0.40753556 0.12042217
v 0.02861916 0.40761163 0.12084087
v 0.02850319 0.40383237 0.11986200
v 0.02811522 0.40415468 0.12030299
v 0.02925514 0.40040711 0.12136792
v 0.03043576 0.40323525 0.12142859
v 0.02523868 0.41958021 0.13681737
v 0.02465945 0.41895124 0.13739851
v 0.02598477 0.41956311 0.13682642
v 0.01988494 0.40004344 0.13285623
v 0.02070403 0.41540125 0.13681187
v 0.02026773 0.41383528 0.13644371
v 0.02010541 0.41420843 0.13626199
v 0.01782943 0.40397474 0.13195243
v 0.01784736 0.40454129 0.13206860
v 0.01876703 0.40305113 0.13172536
v 0.02019679 0.40167589 0.13244256
v 0.01655728 0.39762660 0.12938940
v 0.01659706 0.39748021 0.12797404
v 0.01686695 0.39676413 0.12812805
v 0.02770957 0.42449433 0.13661591
v 0.02038484 0.41315708 0.13636500
v 0.02117716 0.41384294 0.13687061
v 0.02147463 0.41455504 0.13732089
v 0.02664501 0.41936127 0.13663317
v 0.02166708 0.41522402 0.13752667
v 0.02113654 0.41515607 0.13731524
v 0.02224084 0.41637513 0.13766559
v 0.02082798 0.41524875 0.13705450
v 0.02233333 0.40319829 0.12295664
v 0.02132156 0.40291820 0.12411723
v 0.01749707 0.40903900 0.14083059
v 0.01822046 0.40835515 0.13873997
v 0.02465874 0.39442992 0.12421660
v 0.02280121 0.41896037 0.13040426
v 0.02303211 0.42048765 0.13009879
v 0.03143878 0.40650286 0.12208427
v 0.02617119 0.39998965 0.12547238
v 0.02452438 0.39927605 0.12613123
v 0.02765435 0.40111967 0.12498821
v 0.02843807 0.40271992 0.12482948
v 0.01900397 0.41102130 0.13115188
v 0.02645747 0.41475386 0.13131131
v 0.02722596 0.41360488 0.13009484
v 0.02525282 0.41441805 0.13194949
v 0.02326246 0.42210512 0.13315474
v 0.02272911 0.42151508 0.13446044
v 0.02280151 0.41911554 0.13224134
v 0.02240623 0.42045847 0.13423151
v 0.01764839 0.39958736 0.13062104
v 0.01829367 0.39725001 0.12617024
v 0.01828452 0.39850757 0.12697505
v 0.01915212 0.39751075 0.12607179
v 0.01954268 0.39831858 0.12614911
v 0.02005464 0.39956824 0.12570007
v 0.02041155 0.40105775 0.12533803
v 0.02033836 0.40267117 0.12550303
v 0.01715408 0.40213174 0.13097596
v 0.02090233 0.41826290 0.14082989
v 0.01689261 0.40108724 0.13040217
v 0.01806213 0.40312252 0.13166368
v 0.01817482 0.40201193 0.13128987
v 0.01795443 0.40082147 0.13087071
v 0.02175538 0.39612796 0.12833825
v 0.02257800 0.39764502 0.12763661
v 0.02071260 0.39627911 0.12928539
v 0.02337316 0.39855919 0.12680757
v 0.01987357 0.39633963 0.12932997
v 0.02273708 0.41929154 0.13161833
v 0.02274138 0.42090116 0.13301148
v 0.01681688 0.39825778 0.13685893
v 0.00344302 0.38897130 0.16483515
v 0.00509931 0.39603857 0.16492005
v -0.02151454 0.35803940 0.15476723
v -0.02172747 0.35615956 0.15387210
v -0.00328695 0.37975150 0.16807506
v -0.00686351 0.37686075 0.16956619
v -0.02474100 0.35745214 0.16271218
v -0.02517957 0.35699203 0.16254486
v -0.02579101 0.35741236 0.16257280
v -0.02526965 0.35759261 0.16266567
v -0.02626180 0.35833125 0.16133265
v -0.02563971 0.35845523 0.16111254
v -0.02573327 0.35818381 0.16171265
v -0.02631573 0.35806865 0.16192896
v -0.02383059 0.36551658 0.16894945
v -0.02142801 0.36776175 0.17052347
v -0.01903983 0.36535057 0.16888622
v -0.02148386 0.36343385 0.16781951
v -0.02320846 0.35992032 0.15711426
v -0.02365955 0.36065095 0.15774795
v -0.02494275 0.35987911 0.15981466
v -0.02453129 0.35957139 0.15943605
v -0.02290605 0.35865583 0.15648095
v -0.02438460 0.35888592 0.15881706
v -0.02177440 0.36029448 0.15591180
v -0.02243947 0.36149043 0.15665114
v -0.01796295 0.35413143 0.16080181
v -0.02082987 0.35505864 0.16141530
v -0.02061274 0.35659485 0.16265321
v -0.01770865 0.35688910 0.16264856
v -0.02647035 0.37242407 0.17172113
v -0.02382036 0.36999791 0.17126830
v -0.02578102 0.36777452 0.16968027
v -0.02848520 0.37045078 0.17013240
v -0.03139278 0.37330898 0.17093574
v -0.02933023 0.37486095 0.17196747
v -0.03359487 0.37673440 0.17449428
v -0.03349495 0.37436571 0.17394904
v -0.03432932 0.37311272 0.17549389
v -0.03406228 0.37445293 0.17536070
v -0.03485182 0.37151625 0.17328563
v -0.03314658 0.37356136 0.17256502
v -0.03709374 0.37111582 0.17266471
v -0.05187577 0.37285167 0.17056457
v -0.05104380 0.37424784 0.17066456
v -0.05182809 0.37404608 0.17169752
v -0.05301075 0.37287988 0.17162485
v -0.03752857 0.37114190 0.17315956
v -0.03447994 0.37155351 0.17237022
v -0.04880141 0.37054040 0.17685872
v -0.04956955 0.37180299 0.17736015
v -0.04842761 0.37198115 0.17603549
v -0.04837339 0.37083031 0.17531232
v -0.03396564 0.37143599 0.17106762
v -0.03661490 0.37096099 0.17196840
v -0.03804717 0.37153057 0.17379480
v -0.03637388 0.37126635 0.17435551
v -0.05054279 0.37234912 0.17682358
v -0.05202136 0.37161144 0.17730791
v -0.05278713 0.37220551 0.17596661
v -0.05111443 0.37276073 0.17558196
v -0.04737805 0.37481204 0.17389061
v -0.04837976 0.37331324 0.17386523
v -0.04757816 0.37377013 0.17621341
v -0.05163819 0.37595606 0.17136249
v -0.05054272 0.37569099 0.17050892
v -0.04980844 0.37793531 0.17159072
v -0.05075622 0.37820371 0.17211754
v -0.03578399 0.37179870 0.17600987
v -0.04328800 0.36979557 0.17770718
v -0.04291616 0.36996699 0.17936788
v -0.03851235 0.39109567 0.17918895
v -0.03604137 0.38977639 0.17730528
v -0.03888252 0.38886740 0.17964386
v -0.03649884 0.38786834 0.17785701
v -0.03677101 0.37204666 0.17857174
v -0.03615284 0.37328863 0.17808602
v -0.03893476 0.37179823 0.18052204
v -0.03853272 0.37320984 0.18107409
v -0.04198687 0.40025770 0.18176854
v -0.04369006 0.36905979 0.17415421
v -0.04339896 0.36872414 0.17369937
v -0.04427529 0.36915885 0.17541603
v 0.00045985 0.48987160 0.10030344
v -0.00140842 0.49444731 0.11082202
v -0.00646703 0.49624245 0.12879464
v -0.01016585 0.49508016 0.13700930
v -0.04070482 0.35886162 0.16999333
v -0.04110639 0.36027985 0.17045312
v -0.03269066 0.36162363 0.16102331
v -0.03661334 0.36130388 0.16127205
v -0.03769148 0.35893530 0.16286186
v -0.03400651 0.35910417 0.16302585
v -0.03089071 0.35941614 0.16248054
v -0.02948815 0.36164472 0.16078587
v -0.03196950 0.36310547 0.16047885
v -0.03600770 0.36288885 0.16035966
v -0.03507301 0.35701986 0.16492849
v -0.03882557 0.35676102 0.16532815
v -0.03948313 0.35682901 0.16724572
v -0.03556421 0.35709686 0.16651303
v -0.03163532 0.36895469 0.16975232
v -0.03478321 0.36898615 0.17042193
v -0.03792825 0.36845810 0.17165712
v -0.04024498 0.36791035 0.17258004
v -0.04079419 0.36901641 0.17327348
v -0.03885628 0.36998801 0.17270727
v -0.04107838 0.36941197 0.17368026
v -0.03918580 0.37028910 0.17316583
v -0.03937872 0.37060332 0.17369411
v -0.03924441 0.37146560 0.17425312
v -0.04064448 0.37105011 0.17459922
v -0.04034914 0.37190770 0.17478265
v -0.04123550 0.36987180 0.17405979
v -0.04408705 0.38260912 0.18393005
v -0.04389699 0.38544020 0.18333072
v -0.03785228 0.36149028 0.17072647
v -0.04120058 0.36172795 0.17078390
v -0.04183020 0.36421839 0.17128177
v -0.03878542 0.36440220 0.17130189
v -0.03550906 0.36433866 0.17052935
v -0.03416551 0.36109163 0.16985920
v -0.04304365 0.36831361 0.17336581
v -0.03770935 0.36012375 0.17016707
v -0.03718465 0.35890492 0.16951535
v -0.03372172 0.35981816 0.16906298
v -0.03333531 0.35867147 0.16818976
v -0.03044768 0.36052050 0.16803482
v -0.03156514 0.36371475 0.16932388
v -0.02708140 0.36343227 0.16826367
v -0.02720899 0.35970505 0.16594698
v -0.02114580 0.35826206 0.16403158
v -0.02409472 0.35689773 0.16261645
v -0.02404386 0.35818876 0.16347296
v -0.02454383 0.35865951 0.16412252
v -0.02198487 0.36013915 0.16537892
v -0.01846950 0.35920347 0.16446769
v -0.01973129 0.36137222 0.16614890
v -0.02376800 0.36156674 0.16662912
v -0.02541779 0.35915088 0.16488360
v -0.02484419 0.35779716 0.16311989
v -0.02534010 0.35775459 0.16283175
v -0.02524855 0.35800023 0.16362542
v -0.02571884 0.35780520 0.16315394
v -0.02592342 0.35809969 0.16422893
v -0.02628476 0.35778365 0.16355615
v -0.02728359 0.35779027 0.16424696
v -0.02714465 0.35834692 0.16514070
v -0.02642269 0.35843224 0.16154587
v -0.02732217 0.35825010 0.16194173
v -0.02756330 0.35782471 0.16261768
v -0.02665457 0.35802136 0.16218676
v -0.02579814 0.35853955 0.16128528
v -0.02611007 0.35812855 0.16197207
v -0.02556986 0.36001037 0.16027476
v -0.02641016 0.35991146 0.16054618
v -0.06542748 0.36038572 0.10389247
v -0.06638745 0.36837726 0.09691331
v -0.02528210 0.35870327 0.16099003
v -0.02547676 0.35831809 0.16158642
v -0.02575847 0.35785048 0.16244664
v -0.02601623 0.35786727 0.16258704
v -0.02656301 0.35779963 0.16286217
v -0.02745551 0.35768331 0.16330656
v -0.03295789 0.35786990 0.16706307
v -0.03018328 0.35835477 0.16639911
v -0.03001083 0.35791154 0.16518977
v -0.03253550 0.35739738 0.16539083
v -0.02989718 0.35776860 0.16401834
v -0.02868582 0.36298590 0.16010659
v -0.03225210 0.35748847 0.16418203
v -0.02664189 0.36169607 0.15959920
v -0.02558120 0.36304909 0.15884136
v -0.02798358 0.35950565 0.16127662
v -0.02436349 0.36104163 0.15845293
v -0.02503943 0.36155931 0.15883262
v -0.02335213 0.36220872 0.15758945
v -0.02427967 0.36251067 0.15817323
v -0.02951826 0.35790078 0.16287695
v -0.03024041 0.35923996 0.16716376
v -0.03651236 0.35795500 0.16816484
v -0.04017830 0.35775745 0.16876401
v -0.06323932 0.39189959 0.16252357
v -0.06310809 0.38992641 0.16263463
v -0.06056723 0.39027604 0.16402872
v -0.06087717 0.39202613 0.16394939
v -0.04448285 0.37630704 0.18549525
v -0.04426349 0.37967530 0.18464547
v -0.02623193 0.35774375 0.16245818
v -0.03276749 0.32874749 0.09411717
v -0.07231736 0.40832706 0.10697124
v -0.07233304 0.40835635 0.10785616
v -0.07307391 0.42948201 0.09942719
v -0.02420013 0.35655910 0.16248256
v -0.02308758 0.35731492 0.15561384
v -0.02478303 0.35805990 0.15841121
v -0.01930938 0.35170554 0.15916301
v -0.02211368 0.34888595 0.15847212
v -0.02416834 0.35089326 0.16004405
v -0.02174878 0.35329972 0.16041755
v -0.02689693 0.35392669 0.16231152
v -0.02515737 0.35553259 0.16227096
v -0.07720236 0.42978504 0.10222867
v -0.02611706 0.35622569 0.16273099
v -0.02785679 0.35502656 0.16303406
v -0.02854167 0.35584538 0.16354718
v -0.02679639 0.35688663 0.16287927
v -0.02973004 0.35762167 0.16267550
v -0.03302163 0.35690419 0.16324387
v -0.03194679 0.35622220 0.15949479
v -0.02856021 0.35672735 0.15916796
v -0.02570295 0.35746978 0.15859974
v -0.02704987 0.35815235 0.16164075
v -0.07437240 0.43162278 0.10461656
v -0.07473107 0.43131673 0.10833553
v -0.07417764 0.43020110 0.10846137
v -0.07389067 0.43018431 0.10530543
v -0.02947687 0.35736298 0.16337946
v -0.02713970 0.35785230 0.16230772
v -0.03281482 0.35643848 0.16408212
v -0.02514555 0.33066482 0.09318768
v -0.02706781 0.35742501 0.16277170
v -0.02917483 0.35697741 0.16360599
v -0.03231281 0.35560960 0.16447582
v -0.03161298 0.35432809 0.16447543
v -0.03096224 0.35304986 0.16400449
v -0.03014156 0.35168879 0.16289630
v -0.02771076 0.34792961 0.16036330
v -0.02618913 0.34523749 0.15845409
v -0.03180571 0.34591243 0.16027515
v -0.03052311 0.34269729 0.15892232
v -0.03392792 0.34979192 0.16324441
v -0.03486293 0.35127802 0.16476232
v -0.03516571 0.35307935 0.16537319
v -0.03563090 0.35460794 0.16531816
v -0.04255392 0.36744313 0.17270387
v -0.04164799 0.37063764 0.17509214
v -0.04277072 0.37009121 0.17617340
v -0.04175685 0.37040887 0.18058311
v -0.04473475 0.36899455 0.17683031
v -0.04015439 0.37128949 0.18125426
v -0.04141072 0.37065850 0.18157382
v -0.04121257 0.37121666 0.18262164
v -0.04032676 0.37185639 0.18218956
v -0.04250884 0.37001165 0.18179446
v -0.04195563 0.37086232 0.18295753
v -0.04526594 0.36901835 0.18173657
v -0.04524400 0.37045186 0.18388323
v -0.04483016 0.37361507 0.18552729
v -0.04519654 0.37154148 0.18473239
v -0.04115720 0.37197833 0.18331617
v -0.04006543 0.37343823 0.18314374
v -0.07864602 0.43021078 0.10168042
v -0.03962426 0.37584771 0.18290924
v -0.03790398 0.37540208 0.18052011
v -0.02394554 0.48443063 0.16135989
v -0.03609998 0.35556672 0.16483329
v -0.03639577 0.35613243 0.16351343
v -0.07156979 0.40109196 0.10316381
v -0.07432941 0.42147267 0.10235738
v -0.02978375 0.35241129 0.15317216
v -0.03065271 0.35439720 0.15549829
v -0.03393031 0.35380885 0.15523608
v -0.07488571 0.43069994 0.10997998
v -0.07678224 0.43201028 0.10953892
v -0.03308184 0.35198106 0.15295383
v -0.03908311 0.35592308 0.16325525
v -0.07576295 0.41809109 0.09290914
v -0.07853685 0.42998181 0.10004038
v -0.07766905 0.42867058 0.10044019
v -0.07655877 0.42441639 0.11045672
v -0.06947416 0.41199805 0.09604457
v -0.07391095 0.41183204 0.09606516
v -0.07324700 0.40969405 0.09674970
v -0.06919981 0.41055312 0.09630918
v -0.06792400 0.41748464 0.10427912
v -0.03796954 0.35536995 0.15930061
v -0.03528816 0.35579155 0.15962892
v -0.03928736 0.35532251 0.16465026
v -0.03904557 0.35424388 0.16531058
v -0.03864229 0.35254239 0.16548061
v -0.03660147 0.35337940 0.15487791
v -0.03569405 0.35141284 0.15254179
v -0.07128346 0.40075963 0.10972567
v -0.02418629 0.35614698 0.15532330
v -0.07290450 0.40039538 0.09700719
v -0.07295970 0.40185800 0.09589900
v -0.03428856 0.41678450 0.06634341
v -0.03368510 0.42228170 0.06463944
v -0.07624031 0.41927497 0.09072836
v -0.02302596 0.35456216 0.15332586
v -0.02734664 0.35486086 0.15523159
v -0.02625969 0.35320066 0.15324166
v -0.03551038 0.34163066 0.15892247
v -0.03638501 0.34500376 0.15988725
v -0.03831610 0.35064858 0.16467758
v -0.03749033 0.34886158 0.16276504
v -0.00377948 0.49615600 0.11993274
v 0.00322349 0.43974159 0.17545419
v 0.00089582 0.43370129 0.17769116
v -0.07583662 0.42860727 0.10717022
v -0.00485915 0.43661289 0.18222152
v -0.00264950 0.44157124 0.17998664
v 0.00461017 0.44635247 0.17299974
v -0.00111377 0.44744751 0.17760695
v -0.00207986 0.48348086 0.15242222
v -0.00431491 0.47876011 0.16026075
v -0.01673952 0.48291887 0.16188663
v -0.00249880 0.48874236 0.14399372
v 0.00670731 0.48571358 0.13832785
v 0.00440882 0.48072516 0.15006808
v 0.00156786 0.47586673 0.15847003
v -0.07241825 0.40137406 0.10196569
v -0.07212525 0.39767107 0.10056588
v -0.07187176 0.39717981 0.10191569
v -0.07220753 0.42187012 0.10646850
v -0.01107021 0.39296537 0.05878999
v 0.02021107 0.45572764 0.09269825
v -0.00175328 0.47150284 0.16581232
v -0.00726104 0.47381465 0.16738587
v -0.00971005 0.46851643 0.17329631
v -0.00456861 0.46690163 0.17146836
v -0.01926787 0.47699586 0.16867153
v -0.02646599 0.47830864 0.16866155
v 0.00405741 0.43951041 0.06850353
v -0.04359640 0.38803775 0.18280708
v 0.00878221 0.39618872 0.08529498
v 0.01288886 0.38814370 0.09659515
v 0.00312998 0.35656080 0.08268512
v 0.01894680 0.39346754 0.12069049
v 0.01887401 0.39409175 0.12027280
v 0.01170796 0.37335461 0.10284983
v 0.01376682 0.38047172 0.10842097
v 0.00471090 0.40138636 0.07733641
v 0.02634447 0.40296445 0.11976479
v 0.02676377 0.40576070 0.12041374
v 0.02694605 0.40229233 0.12003412
v 0.02744361 0.40533473 0.12061983
v 0.02758430 0.40794388 0.12133417
v 0.02711292 0.40105837 0.12010029
v 0.02244266 0.42090046 0.13616154
v 0.02303675 0.42150451 0.13747985
v -0.06999424 0.40924184 0.09281821
v -0.06996760 0.41096895 0.09290822
v 0.01802719 0.39114207 0.12228146
v 0.01816760 0.39205987 0.12191710
v -0.06254370 0.41114277 0.10642740
v 0.01769279 0.39161463 0.12181130
v 0.01740624 0.39094680 0.12238989
v 0.01771795 0.39010674 0.12278282
v 0.01722838 0.39019176 0.12279017
v 0.02188444 0.42753143 0.14455730
v 0.01686958 0.39151301 0.12085372
v 0.01827539 0.39363842 0.12033658
v 0.01812028 0.39271984 0.12107730
v 0.01743225 0.39197424 0.12125183
v 0.01707480 0.39052718 0.12166913
v 0.01687306 0.38954134 0.12249430
v 0.01736227 0.38916645 0.12299371
v -0.07116902 0.40522065 0.09248890
v -0.07004821 0.40024094 0.09497577
v -0.06661561 0.37622872 0.09039990
v -0.06341774 0.38291657 0.08204346
v -0.06645992 0.37776667 0.08071129
v -0.06849177 0.37126557 0.08771754
v -0.07298394 0.40969928 0.11284647
v -0.07198243 0.40599009 0.10919901
v -0.07188152 0.40473393 0.11013446
v 0.02742634 0.40056329 0.11970342
v 0.02134393 0.39113812 0.12136188
v -0.05403835 0.34084264 0.10680856
v -0.05207215 0.33763175 0.09927256
v 0.02410334 0.41847469 0.13003455
v 0.02445078 0.41785926 0.12862538
v 0.02600408 0.41881421 0.12840899
v 0.02554611 0.41970551 0.12993743
v 0.02127219 0.41827482 0.09246986
v 0.02302891 0.42530243 0.09387222
v -0.01801107 0.39643274 0.05713424
v -0.01403085 0.39991953 0.06124274
v 0.02786849 0.43887076 0.11587563
v 0.02368962 0.41897310 0.13137454
v 0.02520349 0.42026959 0.13139404
v 0.02697538 0.40824583 0.12135290
v 0.02309947 0.41858118 0.13098811
v 0.02357411 0.41806768 0.12967375
v 0.02603705 0.42167811 0.13131471
v 0.02649400 0.42091192 0.12969596
v 0.02689671 0.42024912 0.12832401
v 0.02398524 0.41745082 0.12831805
v -0.07259753 0.39996028 0.11204421
v -0.07541886 0.39612166 0.11736367
v -0.07637021 0.40618125 0.12223781
v -0.07366782 0.40618327 0.11491302
v 0.02360656 0.42186857 0.13170795
v 0.02517187 0.44905875 0.13890350
v 0.02710355 0.44983419 0.12894432
v 0.02263288 0.45989673 0.14085520
v 0.02452880 0.46121025 0.13065633
v 0.02436329 0.46247098 0.11906903
v 0.02698341 0.45016675 0.11681488
v 0.02247033 0.42106577 0.13523081
v 0.02359282 0.42208044 0.13773269
v 0.00595159 0.45198979 0.17066030
v 0.01078283 0.45073505 0.16595557
v -0.00003765 0.45258328 0.17533160
v 0.00072849 0.45729965 0.17306537
v 0.00624766 0.45730759 0.16826599
v 0.01310168 0.45638409 0.16047266
v 0.02357165 0.44013707 0.14506786
v 0.02188425 0.44841747 0.14815314
v 0.01772180 0.44719010 0.15648892
v -0.07569203 0.41418394 0.15290949
v -0.07612365 0.41590497 0.15025158
v -0.07645678 0.41012583 0.14749414
v -0.07557216 0.40983738 0.15007071
v 0.01885529 0.45857741 0.15059768
v 0.01109746 0.46365440 0.15866754
v 0.01613306 0.46555382 0.15025730
v 0.00736252 0.47016560 0.15777202
v 0.01147977 0.47334097 0.14958692
v 0.01431184 0.47671720 0.14001030
v 0.01971016 0.46762471 0.14100426
v 0.00586783 0.46231461 0.16588770
v 0.00044962 0.46162368 0.17112187
v 0.00321013 0.46732953 0.16488840
v -0.00027253 0.46538898 0.16938215
v 0.01547548 0.44618263 0.16039627
v 0.01499957 0.38611221 0.12096594
v 0.01510564 0.38487013 0.12402072
v -0.05470525 0.44042694 0.18611099
v -0.04873067 0.43971009 0.18925648
v -0.04778746 0.44592499 0.18809976
v -0.05423982 0.44676649 0.18472287
v 0.01589691 0.38951015 0.13359510
v -0.03414246 0.42746704 0.06476730
v -0.03421221 0.43468112 0.06549626
v -0.02091836 0.43367389 0.06302967
v -0.02115949 0.42717855 0.06314382
v 0.00820516 0.39386301 0.15964021
v 0.00836721 0.40199665 0.16225409
v 0.01192411 0.40054479 0.15475996
v 0.01170405 0.39136531 0.15139893
v -0.05115714 0.46306072 0.17792024
v -0.04504528 0.46265750 0.18158790
v -0.04348838 0.46831765 0.17741773
v -0.04984743 0.46864773 0.17396507
v -0.07337095 0.39318772 0.15322665
v -0.07479456 0.38930994 0.15097071
v -0.07310809 0.38808105 0.15393835
v -0.07182378 0.39210147 0.15556740
v 0.00753185 0.41021947 0.16471132
v 0.01175439 0.40884683 0.15826780
v 0.01096826 0.41765332 0.16030394
v 0.00630564 0.41913435 0.16780001
v 0.02245473 0.46421786 0.10698905
v 0.02468842 0.45378519 0.10335977
v -0.07290918 0.39421612 0.10111731
v -0.07260084 0.39415645 0.10233702
v 0.02523014 0.44593822 0.10075634
v -0.01123731 0.42115841 0.18610944
v -0.04159138 0.47409702 0.17199479
v -0.04800945 0.47415135 0.16860621
v 0.00174889 0.48588098 0.09370823
v -0.01067452 0.43749603 0.18662736
v 0.01680793 0.47699686 0.11157590
v -0.02135327 0.40128134 0.06027842
v 0.01070345 0.48410709 0.10689486
v 0.02159273 0.46900010 0.13101791
v 0.02187620 0.46981405 0.12143014
v 0.02003115 0.47093613 0.10954960
v 0.02457070 0.43659529 0.09711407
v -0.00533256 0.46250941 0.17481832
v -0.00378743 0.40325595 0.17446154
v -0.00404858 0.40096314 0.17255171
v -0.00417421 0.40536518 0.17727354
v -0.00523349 0.39764580 0.17176323
v -0.03336115 0.38848574 0.17606784
v -0.03395404 0.38682264 0.17640930
v -0.03445067 0.38472494 0.17663606
v -0.03148280 0.38553118 0.17507333
v -0.03205215 0.38332807 0.17518679
v -0.03754545 0.38368570 0.17882551
v -0.03689386 0.38583088 0.17831541
v -0.03514208 0.38283341 0.17680880
v -0.03575189 0.38046584 0.17672893
v -0.03785146 0.38124166 0.17907797
v -0.03217950 0.37401632 0.17175278
v -0.03120369 0.37695474 0.17280200
v -0.03341902 0.37908518 0.17442788
v -0.02928249 0.38178524 0.17462964
v -0.03021746 0.37950245 0.17401522
v -0.03266426 0.38149927 0.17511497
v -0.02841229 0.38422962 0.17468087
v -0.03552094 0.37769261 0.17703293
v -0.03557194 0.37489113 0.17749218
v -0.03791563 0.37834085 0.17978673
v -0.03956045 0.37871876 0.18193996
v -0.03961963 0.38169391 0.18121239
v -0.03075251 0.38732751 0.17492342
v -0.02745855 0.38614332 0.17475424
v -0.02774275 0.37719261 0.17361920
v -0.02451491 0.37498842 0.17369318
v -0.02615770 0.38011242 0.17454288
v -0.02311643 0.37826362 0.17466687
v -0.02520893 0.38279417 0.17480718
v -0.02202511 0.38111292 0.17495740
v -0.02163531 0.37265687 0.17327642
v -0.01901098 0.37036983 0.17221815
v -0.01637229 0.36773583 0.17043718
v -0.01702596 0.37359360 0.17326713
v -0.01414717 0.37089207 0.17145381
v -0.01563915 0.37708983 0.17394107
v -0.01239669 0.37466847 0.17218193
v -0.05064245 0.39298836 0.17225731
v -0.05056051 0.39483867 0.17130266
v -0.05249845 0.39347392 0.16923797
v -0.05264535 0.39178334 0.16971696
v -0.04880995 0.42071534 0.18812468
v -0.04904003 0.42601684 0.18877068
v -0.05436690 0.42684518 0.18654679
v -0.05367901 0.42156059 0.18628621
v -0.01988020 0.37592147 0.17433299
v -0.01872335 0.37898952 0.17475865
v -0.02109946 0.38395642 0.17506165
v -0.02420263 0.38519998 0.17496359
v -0.01493996 0.38471820 0.17487830
v -0.01507511 0.38098484 0.17449072
v -0.01806696 0.38245511 0.17496522
v -0.01771953 0.38561581 0.17501993
v -0.01151742 0.37919655 0.17288535
v -0.01177578 0.38404125 0.17423563
v -0.01215052 0.38755087 0.17467445
v -0.02173885 0.39139692 0.17549938
v -0.02501077 0.39201432 0.17524515
v -0.01934535 0.39138481 0.17557507
v -0.01511063 0.38758922 0.17487977
v -0.01755715 0.38796937 0.17508959
v -0.00882345 0.39375010 0.17347656
v -0.01057576 0.39265982 0.17402884
v -0.01502915 0.39148438 0.17510120
v -0.01698882 0.39133299 0.17531503
v -0.01264193 0.39202984 0.17467708
v -0.02808787 0.39312612 0.17468962
v -0.03108686 0.39447639 0.17440775
v 0.01122005 0.38059160 0.09346506
v -0.03954295 0.38431707 0.18087558
v -0.03925304 0.38662056 0.18028336
v -0.03373768 0.40361381 0.17971630
v -0.03473042 0.40230900 0.17801365
v -0.03950841 0.40077403 0.18084578
v -0.03173180 0.40478353 0.18291961
v -0.03328282 0.39599790 0.17449049
v -0.05494362 0.39252640 0.16728542
v -0.05467801 0.39094231 0.16762618
v -0.03435313 0.39770609 0.17505043
v -0.03504404 0.39919583 0.17559767
v -0.03521205 0.40081536 0.17657182
v -0.04699936 0.45155399 0.18654091
v -0.05320403 0.45240891 0.18280793
v -0.03898768 0.49262428 0.14232126
v -0.04073587 0.48998223 0.14709293
v -0.03385979 0.49102561 0.14950667
v -0.03231554 0.49460272 0.14205193
v -0.02499530 0.41199147 0.19002615
v -0.02735687 0.40818086 0.18825083
v -0.00239783 0.42759822 0.18034814
v 0.00072850 0.42364861 0.17656981
v -0.00928701 0.41165411 0.18453186
v -0.00679514 0.40989427 0.18227368
v -0.00508896 0.40779413 0.17967080
v 0.00284385 0.41745732 0.17230792
v 0.00446028 0.40999937 0.16965334
v 0.00536420 0.40282139 0.16671642
v -0.06067710 0.42743821 0.08372235
v -0.06529645 0.42223456 0.09049363
v -0.06695603 0.42961663 0.09259261
v -0.06257448 0.43734236 0.08539891
v -0.00747251 0.44809993 0.18229280
v -0.06000664 0.34858343 0.10619019
v -0.05888359 0.34481926 0.09884048
v -0.02532459 0.39782125 0.05647385
v -0.00667735 0.45314716 0.17988711
v -0.00889701 0.44285836 0.18475584
v -0.01126067 0.46350194 0.17743081
v -0.01249124 0.45855718 0.18074826
v -0.00592103 0.45787526 0.17744365
v -0.01319935 0.45371240 0.18360159
v -0.01406299 0.44889248 0.18608398
v -0.01511711 0.44355719 0.18835400
v -0.01649486 0.43804037 0.19012398
v -0.01887018 0.43135260 0.19110478
v 0.00600209 0.38925197 0.08194888
v -0.03971543 0.37932084 0.17648406
v -0.04030387 0.37925777 0.17683596
v -0.07274291 0.42453678 0.16433086
v -0.07298824 0.42907778 0.16298623
v -0.07459144 0.42596460 0.15848195
v -0.07422671 0.42200722 0.16041182
v -0.04031126 0.37933690 0.17583434
v -0.04091759 0.37925018 0.17617123
v -0.04084309 0.37861521 0.17538755
v -0.04067731 0.37321158 0.17451069
v -0.04138323 0.37486737 0.17410739
v -0.04125805 0.37747304 0.17477738
v 0.01596108 0.38594995 0.12959713
v -0.04811063 0.41266227 0.18656041
v -0.05251345 0.41313449 0.18525680
v -0.05127049 0.40940267 0.18394955
v -0.04765975 0.40884427 0.18513653
v -0.07534015 0.40516353 0.14818889
v -0.07660799 0.40409029 0.14564189
v -0.07663561 0.39791559 0.14581192
v -0.07507411 0.39986447 0.14837085
v -0.07442382 0.39489749 0.15124824
v -0.07594273 0.39139804 0.14884736
v -0.05475858 0.43332736 0.18671349
v -0.04901860 0.43245665 0.18944439
v -0.07538992 0.42144009 0.15397844
v -0.07517482 0.41833027 0.15642244
v -0.04936485 0.39390701 0.17504563
v -0.04931494 0.39571770 0.17348825
v -0.04814183 0.39770771 0.17642160
v -0.04693734 0.39564635 0.17996032
v -0.04668052 0.39849058 0.18039133
v -0.04800328 0.39962482 0.17776638
v -0.06364118 0.42411475 0.17909368
v -0.06426303 0.42929197 0.17873008
v -0.06791840 0.43035868 0.17365193
v -0.06755491 0.42549429 0.17423880
v -0.05228026 0.45760052 0.18072280
v -0.04617650 0.45714908 0.18456166
v -0.04685961 0.40426094 0.18259409
v -0.04914352 0.40484073 0.18125952
v -0.04832488 0.40299440 0.17986474
v -0.04668094 0.40240161 0.18153992
v -0.05754250 0.39041155 0.16589072
v -0.05781351 0.39194889 0.16589420
v -0.06783497 0.39508052 0.10122844
v -0.06819101 0.39399880 0.10030212
v -0.07500565 0.41956257 0.11902515
v -0.07432472 0.41277561 0.11702353
v -0.07665359 0.41438647 0.12525352
v -0.07607907 0.42270790 0.12788976
v -0.07721632 0.43027397 0.12878984
v -0.07788358 0.43731419 0.12788333
v -0.07603795 0.43055994 0.11963199
v -0.07522127 0.42541596 0.12016987
v -0.06086856 0.38533019 0.07476533
v -0.05752473 0.39011676 0.07561580
v -0.04740338 0.39311745 0.18053489
v -0.04772543 0.39063607 0.18111000
v -0.01986861 0.46077824 0.06701031
v -0.01986427 0.45228926 0.06568232
v -0.03384892 0.45338677 0.06764346
v -0.03378903 0.46131419 0.07000674
v -0.05929729 0.42038328 0.08293294
v -0.06377370 0.41672131 0.09056901
v -0.05142190 0.37573940 0.17383001
v -0.04863554 0.37951599 0.17315956
v -0.04859905 0.37768595 0.17183768
v -0.04856060 0.37909776 0.17279720
v -0.05170849 0.37340576 0.17399401
v -0.05336340 0.37268156 0.17414276
v -0.04905048 0.37552831 0.17066572
v -0.04863273 0.37541539 0.17118797
v -0.04817525 0.37774021 0.17222171
v -0.04947613 0.37960801 0.17349552
v -0.04737740 0.36886159 0.17800777
v -0.04828608 0.36890771 0.17989284
v -0.05056469 0.37004822 0.17901698
v -0.04921343 0.36976593 0.17777087
v -0.04766996 0.37873405 0.17395082
v -0.04709315 0.37714331 0.17392652
v -0.04883676 0.37372722 0.17736448
v -0.04935105 0.37725093 0.17581530
v -0.04913713 0.37925301 0.17491367
v -0.04982431 0.37443892 0.17677420
v -0.04875513 0.37154922 0.17340304
v -0.05065002 0.37514011 0.17544351
v -0.07274308 0.40551266 0.09924044
v -0.06614868 0.37129514 0.10260666
v -0.06710256 0.38140477 0.10100710
v -0.06550481 0.38317181 0.09789860
v -0.06467393 0.37498737 0.09748455
v -0.07337746 0.42206534 0.10504981
v -0.07641609 0.43520736 0.14930645
v -0.07634802 0.44473538 0.14705083
v -0.07782383 0.44152751 0.13666521
v -0.07794226 0.43341195 0.13678533
v -0.07520542 0.45230528 0.14527040
v -0.07678124 0.44971006 0.13538172
v -0.07732362 0.44577210 0.12588644
v -0.07519969 0.43789603 0.11190606
v -0.06695533 0.40151425 0.16206928
v -0.06720305 0.40134709 0.16201046
v -0.06644766 0.40073224 0.16290388
v -0.06640973 0.40089716 0.16281635
v -0.06647396 0.40178145 0.16182038
v -0.06586275 0.40114157 0.16247729
v -0.06688014 0.40231957 0.16124597
v -0.06735564 0.40205713 0.16139356
v -0.06756607 0.40187053 0.16136283
v -0.05662153 0.40009560 0.16690503
v -0.05696656 0.40050706 0.16647573
v -0.05869285 0.40004971 0.16605115
v -0.05841240 0.39965074 0.16676905
v -0.05663853 0.39978107 0.16715168
v -0.05850371 0.39932523 0.16688452
v -0.05800736 0.40314265 0.16387517
v -0.05767891 0.40330107 0.16398723
v -0.05857351 0.40298937 0.16345252
v -0.05524681 0.40179163 0.16658176
v -0.05530481 0.40238059 0.16696455
v -0.05756306 0.40389916 0.16405356
v -0.05754664 0.40361583 0.16382819
v -0.05541727 0.40129070 0.16673825
v -0.05442715 0.40102749 0.16705781
v -0.05387936 0.40147602 0.16686053
v -0.05396360 0.40222809 0.16739199
v -0.06173285 0.39899426 0.16577145
v -0.06185911 0.39847189 0.16552767
v -0.05897558 0.39834524 0.16656040
v -0.05871828 0.39889005 0.16680860
v -0.06154223 0.39933049 0.16585504
v -0.06350370 0.39983695 0.16479498
v -0.06359762 0.39945614 0.16474011
v -0.06379663 0.39896427 0.16446289
v -0.05689023 0.39872621 0.16723805
v -0.05678402 0.39938382 0.16729571
v -0.06385968 0.39844751 0.16410990
v -0.06208949 0.39805141 0.16522281
v -0.05908488 0.39790762 0.16631754
v -0.05686389 0.39838382 0.16720748
v -0.05509909 0.39905698 0.16778971
v -0.05583919 0.39938428 0.16757255
v -0.06214073 0.39763752 0.16476279
v -0.06203917 0.39710946 0.16448642
v -0.05906537 0.39684753 0.16571070
v -0.05912066 0.39741192 0.16596145
v -0.06387611 0.39804604 0.16366342
v -0.06381691 0.39754735 0.16331623
v -0.06799904 0.40243992 0.16022778
v -0.06812642 0.40300202 0.15975243
v -0.06815235 0.40263379 0.15965136
v -0.06806358 0.40222004 0.15988129
v -0.06935429 0.40175537 0.15676189
v -0.06965038 0.40277247 0.15627446
v -0.07052395 0.40258131 0.15485709
v -0.07014039 0.40133470 0.15552321
v -0.07487252 0.39707533 0.14948670
v -0.07156974 0.39964869 0.15379835
v -0.07202512 0.40112891 0.15274240
v -0.06784153 0.40205365 0.16072875
v -0.06758634 0.40160790 0.16123041
v -0.06777667 0.40229651 0.16079864
v -0.06787234 0.40277843 0.16026555
v -0.06787450 0.40174701 0.16030363
v -0.06761375 0.40125247 0.16091349
v -0.06723079 0.40109238 0.16193214
v -0.06725859 0.40064482 0.16165739
v -0.06647646 0.39994453 0.16258417
v -0.06643007 0.40045780 0.16286348
v -0.06522440 0.40005706 0.16379638
v -0.06539786 0.40039260 0.16373748
v -0.06533338 0.39947498 0.16348588
v -0.06651126 0.39962335 0.16220340
v -0.06539695 0.39904545 0.16313947
v -0.06733257 0.40034171 0.16122437
v -0.06763217 0.40099986 0.16050021
v -0.06790599 0.40158642 0.15987061
v -0.06816894 0.40210589 0.15939929
v -0.06830489 0.40267062 0.15914614
v -0.06801922 0.40141747 0.15929976
v -0.06833449 0.40121153 0.15847893
v -0.06781768 0.40040896 0.15936826
v -0.06769710 0.40075685 0.16002726
v -0.06834084 0.40205941 0.15871452
v -0.06870195 0.40194971 0.15780190
v -0.06733429 0.40010876 0.16077782
v -0.06732649 0.39971993 0.16029821
v -0.06653362 0.39879954 0.16110325
v -0.06657108 0.39916495 0.16158108
v -0.06535780 0.39854925 0.16272185
v -0.06550794 0.39814769 0.16221168
v -0.06144702 0.39951844 0.16576155
v -0.06107451 0.39990742 0.16521453
v -0.06308931 0.40011011 0.16419666
v -0.06350231 0.39999859 0.16461257
v -0.06541459 0.40050752 0.16357658
v -0.06481995 0.40062071 0.16319728
v -0.06292122 0.40045865 0.16352202
v -0.06127922 0.40282951 0.16230006
v -0.06193757 0.40292424 0.16193353
v -0.06434933 0.40090053 0.16267913
v -0.06101625 0.40033498 0.16444788
v -0.06036994 0.40282448 0.16271868
v -0.05902016 0.40058616 0.16526484
v -0.05935971 0.40288601 0.16311563
v -0.05737371 0.40075278 0.16595735
v -0.06254161 0.40627761 0.16904805
v -0.06266267 0.40628597 0.16913333
v -0.06543565 0.40632153 0.16782307
v -0.06507045 0.40631553 0.16770915
v -0.04375108 0.43408469 0.06937559
v -0.04332245 0.44377164 0.07030485
v -0.03404960 0.44322556 0.06582735
v -0.06676450 0.40541123 0.16588205
v -0.06670047 0.40605178 0.16592299
v -0.06796995 0.40588971 0.16431801
v -0.06796492 0.40536661 0.16420656
v -0.06683772 0.40472859 0.16581448
v -0.06779449 0.40469763 0.16394559
v -0.06545745 0.40478021 0.16758005
v -0.06539540 0.40552535 0.16768183
v -0.06518739 0.40612367 0.16763214
v -0.06640266 0.40531445 0.16148604
v -0.06600838 0.40544633 0.16236151
v -0.06665236 0.40491982 0.16297756
v -0.06710472 0.40503367 0.16181945
v -0.06662816 0.40510069 0.16082804
v -0.06734139 0.40498658 0.16097107
v -0.06319750 0.40518416 0.16088694
v -0.06305448 0.40530462 0.16123173
v -0.06280992 0.40543309 0.16172341
v -0.06326935 0.40506648 0.16064795
v -0.06331447 0.40492145 0.16047382
v -0.06327505 0.40474519 0.16040409
v -0.06323495 0.40460847 0.16043411
v -0.07670320 0.38693002 0.14426065
v -0.07650723 0.39427331 0.14719362
v -0.07748318 0.39040691 0.14257186
v -0.06753620 0.40253960 0.16079152
v -0.06767201 0.40303894 0.16028281
v -0.06705382 0.40279500 0.16072233
v -0.06720832 0.40328977 0.16032406
v -0.06784021 0.40360406 0.15985668
v -0.06810141 0.40346255 0.15974284
v -0.06590560 0.40202842 0.16146298
v -0.06280757 0.40359923 0.16123467
v -0.06303206 0.40388272 0.16099893
v -0.06623028 0.40261482 0.16106115
v -0.06529469 0.40142142 0.16202663
v -0.06248386 0.40329859 0.16153542
v -0.06306965 0.40415034 0.16082433
v -0.06315470 0.40438542 0.16061049
v -0.06628977 0.40306173 0.16070607
v -0.06645092 0.40353298 0.16033799
v -0.06732528 0.40381244 0.16012996
v -0.06667141 0.40431786 0.15999320
v -0.06674982 0.40460673 0.16012593
v -0.06743051 0.40409319 0.16005187
v -0.06747079 0.40441557 0.16015658
v -0.06656471 0.40395156 0.16002424
v -0.06671006 0.40487215 0.16041237
v -0.06744927 0.40467503 0.16046368
v -0.06822703 0.40318958 0.15947359
v -0.06816680 0.40372967 0.15953326
v -0.06841251 0.40437343 0.15936996
v -0.06838550 0.40331972 0.15904909
v -0.06868217 0.40350276 0.15844944
v -0.06850553 0.40271845 0.15840409
v -0.06899426 0.40479569 0.15907664
v -0.06980291 0.40531627 0.15843582
v -0.06928153 0.40376632 0.15748025
v -0.06895738 0.40283400 0.15748822
v -0.06793603 0.40401951 0.15974059
v -0.06801460 0.40439162 0.15973827
v -0.06890807 0.40506811 0.16024404
v -0.06942089 0.40559914 0.16023382
v -0.06849527 0.40479584 0.16026586
v -0.06836597 0.40472367 0.16128853
v -0.06880870 0.40517418 0.16137312
v -0.06909728 0.40564086 0.16142188
v -0.06851082 0.40520587 0.16264338
v -0.06869155 0.40572015 0.16281705
v -0.06819196 0.40463846 0.16250144
v -0.06807527 0.40471616 0.16032677
v -0.06796027 0.40479801 0.16113855
v -0.06768227 0.40468602 0.16223281
v -0.06738275 0.40438984 0.16364214
v -0.06665488 0.40440779 0.16527474
v -0.06582387 0.40488039 0.16442497
v -0.06529880 0.40449641 0.16709286
v -0.06442347 0.40488279 0.16600541
v -0.06335581 0.40623721 0.16985363
v -0.06637115 0.40643642 0.16849376
v -0.06378965 0.40518900 0.16509148
v -0.06152073 0.40515808 0.16306548
v -0.06067457 0.40502864 0.16357922
v -0.06189027 0.40477761 0.16620865
v -0.05579674 0.40264748 0.16729153
v -0.05641612 0.40299548 0.16760080
v -0.05805651 0.40422220 0.16430702
v -0.05776402 0.40403963 0.16417561
v -0.05496578 0.40242231 0.16796462
v -0.05595054 0.40274314 0.16828518
v -0.05850505 0.40391155 0.16756450
v -0.05901838 0.40454632 0.16429812
v -0.05849029 0.40442393 0.16439424
v -0.05744031 0.40354416 0.16758570
v -0.05839259 0.40364972 0.16884520
v -0.05688891 0.40313460 0.16852293
v -0.06243271 0.40456815 0.16747163
v -0.02275367 0.48239089 0.07788652
v -0.02125103 0.47318289 0.07181441
v -0.03419337 0.47206959 0.07570341
v -0.03488457 0.47942202 0.08128810
v -0.06502630 0.40535973 0.16381588
v -0.06225569 0.40529750 0.16246684
v -0.04252265 0.47814793 0.08503865
v -0.04288073 0.48247018 0.08939898
v -0.03665871 0.48525901 0.08759324
v -0.04636855 0.40309698 0.07018954
v -0.04181578 0.40118297 0.06349039
v -0.05386809 0.40182619 0.16880859
v -0.05504833 0.40258495 0.16912018
v -0.05308452 0.40117353 0.16850924
v -0.05272076 0.40094720 0.16867819
v -0.05345822 0.40175909 0.16898636
v -0.05447145 0.40257218 0.16933247
v -0.05643372 0.40312310 0.16936366
v -0.05605488 0.40314079 0.16976300
v -0.05838501 0.40382127 0.17013155
v -0.05831707 0.40355182 0.16973507
v -0.06301848 0.40437656 0.16862347
v -0.06309444 0.40468935 0.16908481
v -0.05798006 0.40438844 0.17011654
v -0.05561281 0.40349072 0.16971131
v -0.05752895 0.40495364 0.17009301
v -0.05549870 0.40406440 0.16982918
v -0.06272316 0.40596517 0.16908984
v -0.06303532 0.40538341 0.16913914
v -0.05487610 0.39983564 0.16766101
v -0.05346345 0.39971978 0.16838610
v -0.05510419 0.40017408 0.16744740
v -0.05357614 0.40012075 0.16812405
v -0.05561819 0.40063712 0.16691122
v -0.05313287 0.40054556 0.16807978
v -0.05269524 0.40008902 0.16859228
v -0.05609329 0.40092506 0.16668345
v -0.05299477 0.40178192 0.16899751
v -0.05219921 0.40077945 0.16879969
v -0.05223687 0.40217709 0.16894658
v -0.05173102 0.40094654 0.16877322
v -0.05374928 0.40342784 0.16941357
v -0.05395823 0.40278370 0.16922056
v -0.05213797 0.39989743 0.16871649
v -0.05250048 0.39954448 0.16857974
v -0.05176737 0.39985351 0.16872354
v -0.05212537 0.39941756 0.16858098
v -0.05672802 0.39790804 0.16703505
v -0.05661085 0.39739555 0.16687841
v -0.05458791 0.39851500 0.16800115
v -0.05421985 0.39823964 0.16787995
v -0.06181162 0.39651686 0.16421330
v -0.06368955 0.39695889 0.16300341
v -0.06170079 0.39582536 0.16402902
v -0.06363263 0.39628240 0.16272054
v -0.05864534 0.39553970 0.16574684
v -0.05896993 0.39628012 0.16553757
v -0.05901225 0.34266517 0.09477107
v -0.06880863 0.40082248 0.15755145
v -0.06952725 0.40013553 0.15660416
v -0.06874506 0.39921537 0.15775577
v -0.06813668 0.39999325 0.15855006
v -0.06741538 0.39906898 0.15969578
v -0.06771564 0.39824757 0.15887642
v -0.06654570 0.39742260 0.16019745
v -0.06649467 0.39821564 0.16064292
v -0.06544699 0.39759127 0.16181032
v -0.06529264 0.39681835 0.16139758
v -0.07007380 0.40391127 0.15604407
v -0.07092310 0.40594954 0.15670763
v -0.07098437 0.40400852 0.15454434
v -0.07196690 0.40651969 0.15500282
v -0.05135538 0.40255268 0.16957285
v -0.05102466 0.40115291 0.16895092
v -0.05061990 0.40250384 0.17071184
v -0.05027628 0.40082433 0.17007149
v -0.05163232 0.40403425 0.17189867
v -0.05251012 0.40392664 0.17049352
v -0.05125381 0.39973348 0.16887956
v -0.05172556 0.39923692 0.16858771
v -0.05055211 0.39952885 0.16927767
v -0.05119037 0.39872284 0.16872733
v -0.05635090 0.39694578 0.16685171
v -0.05605189 0.39638096 0.16692221
v -0.05389273 0.39792542 0.16779327
v -0.05350154 0.39754078 0.16748958
v -0.04448032 0.42719276 0.06961280
v -0.04359569 0.45366175 0.07294868
v -0.07072895 0.41010632 0.16701965
v -0.06938482 0.40819936 0.16688297
v -0.06758063 0.40785805 0.16925120
v -0.06875695 0.41020817 0.16992414
v -0.07247303 0.41295277 0.16660714
v -0.07343220 0.41183660 0.16356730
v -0.07194643 0.40972067 0.16428992
v -0.07056568 0.40810018 0.16468756
v -0.07161022 0.40737578 0.15807966
v -0.07067501 0.40673082 0.15935309
v -0.07101830 0.40739486 0.16072349
v -0.07198324 0.40819657 0.15984128
v -0.07273933 0.40810591 0.15654611
v -0.07330932 0.40931099 0.15858689
v -0.07216095 0.40887802 0.16202052
v -0.07090065 0.40776050 0.16260646
v -0.07360172 0.41037794 0.16103407
v -0.05695461 0.40619786 0.17289766
v -0.05711862 0.40563501 0.17151797
v -0.05485622 0.40477394 0.17089782
v -0.05417920 0.40513993 0.17173150
v -0.05637995 0.40674808 0.17441449
v -0.05312271 0.40537629 0.17310422
v -0.06517551 0.40920764 0.17290741
v -0.06436775 0.40752875 0.17138470
v -0.05733186 0.40521759 0.17010098
v -0.05595631 0.40461691 0.16998806
v -0.05720725 0.40531975 0.17014502
v -0.05555279 0.40448410 0.16997831
v -0.05221989 0.48443016 0.10134554
v -0.05619989 0.48478641 0.11003903
v -0.04557631 0.49311209 0.11213360
v -0.04242725 0.49220036 0.10278815
v -0.06670917 0.40624123 0.16605100
v -0.06714009 0.40631716 0.16619317
v -0.06846825 0.40628899 0.16451970
v -0.06804881 0.40609829 0.16447256
v -0.06889816 0.40602271 0.16294405
v -0.06933580 0.40631545 0.16291549
v -0.06973949 0.40626755 0.16143721
v -0.06939275 0.40600503 0.16160337
v -0.06958374 0.40594226 0.16063673
v -0.06989307 0.40605886 0.16020108
v -0.05584100 0.40493917 0.17036675
v -0.05726515 0.40543743 0.17041496
v -0.04290397 0.47158987 0.08049962
v -0.06822722 0.43622523 0.17256936
v -0.07093053 0.43629047 0.16675350
v -0.07075864 0.43096215 0.16823441
v -0.06803366 0.40663052 0.16657805
v -0.06929413 0.40683259 0.16461845
v -0.06996964 0.40687795 0.16282703
v -0.07022984 0.40682671 0.16130750
v -0.07028855 0.40661094 0.16028397
v -0.07135126 0.40301270 0.10944798
v -0.07108500 0.40360058 0.10842771
v -0.07101683 0.41872479 0.09536135
v -0.07056046 0.42217745 0.09794279
v -0.07025467 0.42372252 0.09996701
v -0.07360622 0.42417802 0.11019312
v -0.07536790 0.42714260 0.10900305
v -0.07376170 0.40576565 0.09337497
v -0.07259337 0.40322747 0.09560328
v -0.07361166 0.40638573 0.09335547
v -0.07722121 0.42885442 0.10051317
v -0.07700877 0.42839382 0.09912374
v -0.07759923 0.42818923 0.09908156
v -0.04287787 0.41514299 0.07157859
v -0.04371035 0.42152154 0.06963076
v -0.07685714 0.42765847 0.09765868
v -0.07210856 0.40719201 0.10789075
v -0.07151197 0.41854330 0.09479297
v -0.07220315 0.41880404 0.09345825
v -0.07250954 0.41578296 0.09174120
v -0.07241257 0.41582661 0.09247907
v -0.07225843 0.41218042 0.09155848
v -0.07219470 0.41247293 0.09214241
v -0.07402118 0.40885782 0.09232041
v -0.07463593 0.41181428 0.09193074
v -0.07592093 0.42788109 0.10826549
v -0.07570423 0.42695013 0.10884222
v -0.07642637 0.42795221 0.10792419
v -0.07206360 0.40701238 0.10673009
v -0.07247996 0.42290189 0.11000838
v -0.07224044 0.42121108 0.11009321
v -0.07197255 0.42153087 0.11000010
v -0.06906628 0.41067501 0.10695283
v -0.06906306 0.41123154 0.10708199
v -0.06995870 0.40985240 0.10646045
v -0.07178021 0.40871085 0.10643181
v -0.06724252 0.40446974 0.10522897
v -0.06652239 0.40427970 0.10389711
v -0.06705339 0.40354389 0.10395059
v -0.07681783 0.43301040 0.10735140
v -0.07236468 0.42059441 0.10993401
v -0.07325346 0.42136393 0.11000939
v -0.07355304 0.42217300 0.11006604
v -0.07690454 0.42781469 0.10743452
v -0.07373365 0.42279752 0.11016162
v -0.07315032 0.42272539 0.11026827
v -0.07409065 0.42406139 0.11008756
v -0.07274263 0.42278003 0.11019428
v -0.06862209 0.41140367 0.09695441
v -0.06787765 0.41045610 0.09842557
v -0.07341448 0.41635079 0.11422499
v -0.07317772 0.41511776 0.11256932
v -0.07255466 0.40211835 0.09682655
v -0.07094216 0.42654362 0.10444962
v -0.07103060 0.42852194 0.10462948
v -0.07533044 0.41509501 0.09209644
v -0.07335683 0.40814077 0.09729316
v -0.07236647 0.40703010 0.09850165
v -0.07433856 0.40951643 0.09622281
v -0.07497814 0.41173073 0.09549260
v -0.06867938 0.41835891 0.10568056
v -0.07484512 0.42297495 0.10249730
v -0.07472391 0.42209232 0.10093226
v -0.07427586 0.42242050 0.10373327
v -0.07199306 0.42979247 0.10671221
v -0.07233079 0.42900453 0.10802665
v -0.07180324 0.42662260 0.10596691
v -0.07204813 0.42785203 0.10789346
v -0.06841626 0.40663269 0.10596699
v -0.06802521 0.40371501 0.10214269
v -0.06740761 0.40539130 0.10199564
v -0.06852821 0.40410247 0.10128378
v -0.06806140 0.40531228 0.10058856
v -0.06763607 0.40687822 0.10003852
v -0.06752661 0.40844160 0.09967957
v -0.06745918 0.41016340 0.10002606
v -0.06834921 0.40874266 0.10634753
v -0.07440054 0.42585471 0.11362272
v -0.06807025 0.40761071 0.10596560
v -0.06927476 0.40985077 0.10660703
v -0.06940955 0.40873310 0.10627517
v -0.06926030 0.40747759 0.10594052
v -0.07222747 0.40310720 0.10164706
v -0.07214298 0.40470839 0.10067245
v -0.07134864 0.40349045 0.10279767
v -0.07185928 0.40601076 0.09951310
v -0.07059578 0.40345326 0.10335381
v -0.07152512 0.42683562 0.10563792
v -0.07166864 0.42840109 0.10678086
v -0.07212863 0.40447296 0.11145494
v -0.07767917 0.39508853 0.14134781
v -0.07770367 0.40246534 0.14112685
v -0.05404720 0.35887532 0.14414781
v -0.05338597 0.35675080 0.14335538
v -0.07552674 0.38400425 0.14668368
v -0.07365463 0.38110816 0.15018184
v -0.05621648 0.35838511 0.15226124
v -0.05550274 0.35784645 0.15223663
v -0.05501311 0.35810386 0.15269016
v -0.05565514 0.35853297 0.15260278
v -0.05384819 0.35863323 0.15186925
v -0.05430761 0.35898762 0.15148963
v -0.05461589 0.35879297 0.15206915
v -0.05415094 0.35841166 0.15236495
v -0.06009638 0.36777785 0.15780925
v -0.06275710 0.37030443 0.15793300
v -0.06409462 0.36798457 0.15540580
v -0.06165851 0.36576025 0.15563226
v -0.05420133 0.36087748 0.14701322
v -0.05421631 0.36162943 0.14812234
v -0.05422738 0.36017730 0.15039638
v -0.05427711 0.35993189 0.14972538
v -0.05384018 0.35933879 0.14606863
v -0.05404927 0.35934459 0.14893427
v -0.05451879 0.36125512 0.14540468
v -0.05455119 0.36270148 0.14661387
v -0.06091585 0.35554107 0.14679729
v -0.05888390 0.35639054 0.14898558
v -0.05997264 0.35830687 0.15012558
v -0.06208049 0.35852291 0.14847951
v -0.05864950 0.37458976 0.16203979
v -0.06092465 0.37237206 0.16003492
v -0.05865943 0.36988596 0.15960848
v -0.05644707 0.37239931 0.16159780
v -0.05428884 0.37507455 0.16411369
v -0.05624265 0.37698620 0.16394722
v -0.05413025 0.37849773 0.16869877
v -0.05439192 0.37616514 0.16818720
v -0.05459248 0.37473828 0.16981695
v -0.05460730 0.37629690 0.16973104
v -0.05320025 0.37287968 0.16817320
v -0.05414024 0.37530650 0.16679637
v -0.05073531 0.37203076 0.16875953
v -0.05084144 0.37216685 0.16944159
v -0.05290313 0.37294856 0.16711066
v -0.05267846 0.37300181 0.16573183
v -0.05070417 0.37192063 0.16787059
v -0.05071634 0.37248881 0.17033982
v -0.05249810 0.37248544 0.16992917
v -0.05371382 0.37319738 0.17106545
v -0.04837343 0.36999822 0.17648220
v -0.04953276 0.37018145 0.17770757
v -0.04980933 0.39193620 0.17603193
v -0.05096718 0.39088342 0.17302242
v -0.05014300 0.38979991 0.17657855
v -0.05124489 0.38898643 0.17360875
v -0.05395846 0.37327818 0.17387970
v -0.05438715 0.37487596 0.17313433
v -0.05317724 0.37274765 0.17667375
v -0.05373834 0.37442375 0.17706768
v -0.04655440 0.40053543 0.18089144
v -0.04632965 0.36908189 0.17338206
v -0.04634651 0.36876314 0.17282414
v -0.04644014 0.36917588 0.17483102
v -0.02611037 0.49260694 0.09255151
v -0.02900518 0.49708476 0.10297962
v -0.03358039 0.49896262 0.12147302
v -0.03471916 0.49765050 0.13030566
v -0.04775269 0.35943816 0.16804573
v -0.04762992 0.36074297 0.16884721
v -0.04916614 0.36242585 0.15672017
v -0.04602850 0.36203946 0.15839705
v -0.04651281 0.35945925 0.16065693
v -0.04954746 0.35995550 0.15896272
v -0.05160327 0.36043088 0.15674749
v -0.05149206 0.36292669 0.15401845
v -0.04916810 0.36421564 0.15519197
v -0.04577682 0.36363090 0.15726750
v -0.05001612 0.35799466 0.16091318
v -0.04715614 0.35720401 0.16295667
v -0.04765440 0.35745670 0.16496695
v -0.05047653 0.35816160 0.16253340
v -0.05407654 0.37081731 0.16304180
v -0.05193514 0.37035969 0.16542752
v -0.04997804 0.36919794 0.16810849
v -0.04837792 0.36823478 0.17008612
v -0.04815419 0.36931457 0.17101886
v -0.04932099 0.37048669 0.16964266
v -0.04815989 0.36971616 0.17151635
v -0.04936482 0.37077320 0.17018983
v -0.04949398 0.37112719 0.17074783
v -0.04991690 0.37191490 0.17135475
v -0.04901159 0.37127161 0.17221064
v -0.04921124 0.37212816 0.17229415
v -0.04826724 0.37014531 0.17199278
v -0.04918434 0.38310169 0.18262961
v -0.04859383 0.38585728 0.18209560
v -0.05028069 0.36240023 0.16711655
v -0.04747429 0.36231424 0.16907274
v -0.04692853 0.36473154 0.16989202
v -0.04943065 0.36531064 0.16824494
v -0.05177808 0.36580556 0.16580907
v -0.05274648 0.36261043 0.16416206
v -0.04639891 0.36839162 0.17229933
v -0.05034617 0.36118179 0.16662046
v -0.05047814 0.35987555 0.16576991
v -0.05299383 0.36116987 0.16368122
v -0.05292243 0.35993382 0.16287741
v -0.05492653 0.36218063 0.16050098
v -0.05458114 0.36561375 0.16249409
v -0.05742891 0.36541852 0.15862861
v -0.05652094 0.36113369 0.15719250
v -0.06032650 0.36010394 0.15172483
v -0.05705016 0.35826538 0.15187227
v -0.05738079 0.35905890 0.15266942
v -0.05750125 0.35970803 0.15374735
v -0.06023466 0.36181726 0.15358807
v -0.06250988 0.36119177 0.15070843
v -0.06239273 0.36357339 0.15310591
v -0.05946491 0.36357068 0.15588355
v -0.05727602 0.36027041 0.15519073
v -0.05655325 0.35889498 0.15286785
v -0.05586974 0.35873323 0.15289084
v -0.05666436 0.35925679 0.15369317
v -0.05595456 0.35891854 0.15354156
v -0.05659823 0.35952821 0.15470439
v -0.05591337 0.35907453 0.15434838
v -0.05564918 0.35925524 0.15562088
v -0.05618444 0.35996246 0.15631726
v -0.05435861 0.35945755 0.15276770
v -0.05402287 0.35936723 0.15372390
v -0.05435387 0.35900619 0.15441231
v -0.05464036 0.35909864 0.15341285
v -0.05452757 0.35932884 0.15196994
v -0.05476447 0.35907097 0.15279541
v -0.05413799 0.36052906 0.15133562
v -0.05380991 0.36068841 0.15204656
v -0.05461841 0.35930323 0.15134274
v -0.05484427 0.35904210 0.15191545
v -0.05515317 0.35872680 0.15283163
v -0.05527502 0.35886975 0.15320745
v -0.05520434 0.35896022 0.15391003
v -0.05495074 0.35897492 0.15493394
v -0.05277190 0.35912445 0.16170491
v -0.05446633 0.35972123 0.15956994
v -0.05403941 0.35915455 0.15845649
v -0.05224499 0.35845391 0.16007083
v -0.05345875 0.35891479 0.15736192
v -0.05158269 0.36433254 0.15280826
v -0.05178220 0.35849780 0.15882418
v -0.05298312 0.36250502 0.15179224
v -0.05325819 0.36386520 0.15055805
v -0.05308573 0.36068427 0.15377474
v -0.05415453 0.36213930 0.14923742
v -0.05373494 0.36224881 0.15002435
v -0.05438701 0.36349406 0.14802529
v -0.05401841 0.36380406 0.14913936
v -0.05303649 0.35902070 0.15599786
v -0.05475330 0.36066627 0.16027654
v -0.05042497 0.35887385 0.16459175
v -0.04767942 0.35839355 0.16665079
v -0.05054124 0.37686586 0.18404459
v -0.04987190 0.38021752 0.18326919
v -0.05453983 0.35822336 0.15280036
v -0.04575567 0.33188911 0.09510664
v -0.05629759 0.35760979 0.15163057
v -0.05318233 0.35788000 0.14529478
v -0.05343375 0.35847992 0.14886314
v -0.05827127 0.35255284 0.14598350
v -0.05529053 0.34926626 0.14692499
v -0.05448270 0.35119451 0.14943338
v -0.05686177 0.35398701 0.14847146
v -0.05364177 0.35426694 0.15309129
v -0.05525230 0.35624213 0.15187753
v -0.05468691 0.35673679 0.15277815
v -0.05338521 0.35528637 0.15414499
v -0.05310896 0.35604710 0.15497914
v -0.05422996 0.35724000 0.15334243
v -0.05174939 0.35731295 0.15516093
v -0.04962831 0.35666211 0.15752746
v -0.04822649 0.35636790 0.15382203
v -0.05059669 0.35677324 0.15177816
v -0.05280366 0.35778675 0.14961355
v -0.05331660 0.35829193 0.15253854
v -0.05225878 0.35711981 0.15552305
v -0.05354925 0.35799524 0.15309802
v -0.05016092 0.35634619 0.15807757
v -0.05228345 0.33637903 0.09520849
v -0.05390050 0.35764206 0.15340697
v -0.05258542 0.35683926 0.15550394
v -0.05063485 0.35568247 0.15809769
v -0.05119526 0.35445586 0.15770461
v -0.05138591 0.35308035 0.15708268
v -0.05142729 0.35175902 0.15570555
v -0.05158293 0.34813145 0.15172986
v -0.05178396 0.34530010 0.14926141
v -0.04821932 0.34608324 0.15441370
v -0.04840178 0.34326632 0.15257794
v -0.04877480 0.34993293 0.15796589
v -0.04919871 0.35154727 0.15974214
v -0.04898231 0.35297990 0.16055392
v -0.04860753 0.35453604 0.16077333
v -0.04655952 0.36753913 0.17146697
v -0.04844438 0.37079467 0.17312287
v -0.04815167 0.37021670 0.17461486
v -0.05109624 0.37084080 0.17817370
v -0.04674643 0.36905635 0.17635899
v -0.05261423 0.37204113 0.17797875
v -0.05186283 0.37120590 0.17887334
v -0.05249925 0.37196335 0.17972451
v -0.05298121 0.37280388 0.17898208
v -0.05114954 0.37046057 0.17961662
v -0.05212627 0.37153397 0.18039806
v -0.04883506 0.36924940 0.18092387
v -0.04987557 0.37073295 0.18283401
v -0.05066581 0.37412865 0.18416502
v -0.05030894 0.37187133 0.18348620
v -0.05289940 0.37288928 0.18041013
v -0.05345217 0.37452947 0.17973751
v -0.05322830 0.37694267 0.17936293
v -0.05366090 0.37671010 0.17626202
v -0.03693875 0.48566261 0.15796976
v -0.04803461 0.35545176 0.16061792
v -0.04708634 0.35605809 0.15979469
v -0.04600657 0.35228831 0.14749893
v -0.04687178 0.35440958 0.14998759
v -0.04413321 0.35394932 0.15164682
v -0.04335506 0.35205428 0.14943191
v -0.04503776 0.35594235 0.16116919
v -0.04384639 0.35523428 0.15739690
v -0.04581239 0.35565673 0.15596125
v -0.04563719 0.35528799 0.16239262
v -0.04602554 0.35409587 0.16273532
v -0.04626305 0.35222767 0.16270227
v -0.04213945 0.35321633 0.15304013
v -0.04135933 0.35147862 0.15046479
v -0.05219880 0.35655205 0.14577013
v -0.05179700 0.35484987 0.14370435
v -0.04955375 0.35488632 0.14799990
v -0.04914853 0.35318785 0.14549662
v -0.04518263 0.34184941 0.15549945
v -0.04511442 0.34506564 0.15668937
v -0.04621980 0.35061948 0.16181187
v -0.04563274 0.34887829 0.16027437
v -0.03134251 0.49893929 0.11211665
v -0.07453832 0.44657641 0.15411001
v -0.07440863 0.44038151 0.15680058
v -0.07152762 0.44255177 0.16370521
v -0.07194984 0.44778746 0.16135641
v -0.07351416 0.45317046 0.15173876
v -0.07109086 0.45366632 0.15903415
v -0.05107333 0.48793909 0.13946313
v -0.05392859 0.48320232 0.14710237
v -0.04345405 0.48518850 0.15471422
v -0.04580970 0.49294976 0.13261809
v -0.05119432 0.49114100 0.12271262
v -0.05609403 0.48639270 0.13399639
v -0.05854269 0.48131494 0.14248517
v -0.04533057 0.39771611 0.05953041
v -0.04343178 0.46129438 0.07535599
v -0.05986992 0.47643750 0.15037184
v -0.05570206 0.47801528 0.15468969
v -0.05764746 0.47275166 0.16088655
v -0.06120590 0.47181810 0.15656167
v -0.04578016 0.47968500 0.16202408
v -0.03931906 0.47967045 0.16550476
v -0.01995821 0.44190891 0.06386033
v -0.04808557 0.38843079 0.18160276
v -0.05034697 0.40415758 0.07689519
v -0.05922984 0.39565873 0.08441200
v -0.07029705 0.36801019 0.08569200
v -0.06713389 0.40012872 0.09696431
v -0.06681780 0.40076478 0.09662316
v -0.06359265 0.38150871 0.09127483
v -0.06332096 0.38793590 0.09354214
v -0.04322691 0.40812313 0.07197593
v -0.07081516 0.41094952 0.09251978
v -0.07104155 0.41360581 0.09293964
v -0.07145751 0.41042627 0.09235253
v -0.07175326 0.41328432 0.09260576
v -0.07174196 0.41603634 0.09350817
v -0.07179506 0.40918945 0.09222863
v -0.07297752 0.42824430 0.10949705
v -0.07399433 0.42906610 0.11021735
v -0.06805060 0.39742840 0.09901043
v -0.06740381 0.39853566 0.09836203
v -0.06758471 0.39776026 0.09884319
v -0.06771113 0.39703161 0.09941984
v -0.06826395 0.39632489 0.09988335
v -0.06796282 0.39624355 0.10021126
v -0.07634153 0.43544983 0.11749385
v -0.06615952 0.39830685 0.09892886
v -0.06658161 0.40021680 0.09706725
v -0.06682216 0.39936961 0.09788312
v -0.06711593 0.39807247 0.09855497
v -0.06743516 0.39748211 0.10020027
v -0.06779258 0.39631425 0.10085115
v -0.06818628 0.39513191 0.10007312
v -0.07165970 0.40872021 0.09167418
v -0.06946907 0.39842851 0.09634052
v -0.07157840 0.42611962 0.10328602
v -0.07122077 0.42556324 0.10185061
v -0.07229958 0.42718010 0.10149135
v -0.07260632 0.42781109 0.10283876
v -0.05277322 0.42509594 0.07574869
v -0.05258369 0.43193444 0.07497824
v -0.03561963 0.39860559 0.05675130
v -0.03131646 0.40252102 0.06103873
v -0.06423057 0.44680054 0.09034952
v -0.07192631 0.42652048 0.10467367
v -0.07302192 0.42830400 0.10426218
v -0.07107896 0.41629174 0.09391936
v -0.07139930 0.42609226 0.10459133
v -0.07111796 0.42563081 0.10323873
v -0.07339542 0.42974735 0.10377181
v -0.07299601 0.42908784 0.10212117
v -0.07260082 0.42818288 0.10068050
v -0.07084164 0.42503144 0.10184890
v -0.07150284 0.42961156 0.10530133
v -0.07266010 0.45785859 0.11177395
v -0.06893552 0.45817315 0.10237610
v -0.06983550 0.46813887 0.11525912
v -0.06605078 0.46942050 0.10553367
v -0.06007593 0.47023615 0.09560668
v -0.06272065 0.45819548 0.09208313
v -0.07252268 0.42845690 0.10876228
v -0.07433815 0.42978283 0.11018879
v -0.07225158 0.45891659 0.14912078
v -0.07378947 0.45815322 0.14288058
v -0.06988623 0.45879261 0.15688293
v -0.06839071 0.46355515 0.15431224
v -0.07036057 0.46409071 0.14696368
v -0.07253586 0.46395391 0.13723529
v -0.07591477 0.44862961 0.11734889
v -0.07505815 0.45706612 0.12132009
v -0.07593032 0.45516128 0.13036193
v -0.07164173 0.46639029 0.12555094
v -0.06867135 0.47072922 0.13689406
v -0.06827152 0.47307520 0.12712720
v -0.06420285 0.47668245 0.13833783
v -0.06285964 0.48015772 0.12931000
v -0.05988678 0.48348376 0.11984884
v -0.06631867 0.47539846 0.11748170
v -0.06804884 0.46888316 0.14537689
v -0.06646386 0.46769247 0.15285655
v -0.06465533 0.47340172 0.14610292
v -0.06428580 0.47109243 0.15179062
v -0.07565032 0.45413679 0.13548164
v -0.06657873 0.39326608 0.10052006
v -0.06905167 0.39104703 0.10255001
v -0.07200967 0.39509391 0.10889338
v -0.07785015 0.40019575 0.13508345
v -0.07799962 0.40829300 0.13731415
v -0.07762445 0.40664623 0.12852864
v -0.07709745 0.39666213 0.12522209
v -0.07730262 0.41672483 0.14062472
v -0.07724078 0.41584077 0.13244504
v -0.07693806 0.42468889 0.13536446
v -0.07696136 0.42559614 0.14465017
v -0.05159443 0.47089743 0.08661925
v -0.05297695 0.46080281 0.08218408
v -0.05332001 0.45289687 0.07989944
v -0.07074920 0.42620820 0.16911135
v -0.02445611 0.48896513 0.08612386
v -0.06863047 0.44270896 0.17025677
v -0.04775460 0.48276939 0.09339208
v -0.03879681 0.48857298 0.09312414
v -0.06278217 0.47680644 0.10791923
v -0.05809318 0.47704040 0.09906941
v -0.05013189 0.47718950 0.08998113
v -0.05267757 0.44313876 0.07693845
v -0.06318630 0.46769258 0.15957838
v -0.07388403 0.40886687 0.15438360
v -0.07310268 0.40635191 0.15263327
v -0.07451282 0.41130151 0.15684524
v -0.07228768 0.40301932 0.15227966
v -0.05271452 0.38990722 0.17035421
v -0.05269169 0.38819788 0.17092382
v -0.05282793 0.38606322 0.17124640
v -0.05437417 0.38745537 0.16845955
v -0.05430601 0.38507688 0.16867439
v -0.05166822 0.38464727 0.17476817
v -0.05151284 0.38677609 0.17406219
v -0.05268711 0.38391765 0.17166262
v -0.05252211 0.38158127 0.17180719
v -0.05191355 0.38228759 0.17506080
v -0.05415442 0.37568820 0.16539602
v -0.05489609 0.37882951 0.16589443
v -0.05364809 0.38065855 0.16856109
v -0.05652774 0.38384087 0.16664275
v -0.05596628 0.38140330 0.16654051
v -0.05403296 0.38294029 0.16879118
v -0.05686971 0.38652061 0.16641575
v -0.05335150 0.37901580 0.17189728
v -0.05434875 0.37654793 0.17239925
v -0.05265754 0.37947675 0.17555766
v -0.05236331 0.37973223 0.17837678
v -0.05155116 0.38266442 0.17789075
v -0.05456070 0.38926482 0.16797066
v -0.05733963 0.38851643 0.16601400
v -0.05813917 0.37952319 0.16470459
v -0.06088355 0.37749448 0.16293825
v -0.05937152 0.38267766 0.16485643
v -0.06212168 0.38109528 0.16327955
v -0.05977407 0.38551237 0.16475110
v -0.06267203 0.38414774 0.16315146
v -0.06343465 0.37536447 0.16087494
v -0.06541310 0.37319576 0.15833877
v -0.06692126 0.37067611 0.15511372
v -0.06726099 0.37679547 0.15871010
v -0.06914766 0.37420489 0.15507464
v -0.06820808 0.38067294 0.15879245
v -0.07057854 0.37837251 0.15517618
v -0.06496130 0.37898968 0.16129813
v -0.06566234 0.38241196 0.16116509
v -0.06297842 0.38714800 0.16276001
v -0.06015399 0.38796841 0.16435098
v -0.06814469 0.38892111 0.15943450
v -0.06849509 0.38494094 0.15901519
v -0.06583207 0.38612378 0.16100829
v -0.06563873 0.38949526 0.16101936
v -0.07116054 0.38335961 0.15564913
v -0.07068451 0.38839918 0.15721193
v -0.06969857 0.39184781 0.15782465
v -0.06137734 0.39447740 0.16400496
v -0.05834932 0.39425729 0.16583198
v -0.06338743 0.39473442 0.16264585
v -0.06743486 0.39187769 0.15966753
v -0.06543706 0.39188156 0.16111115
v -0.07079722 0.39829420 0.15527114
v -0.06972913 0.39721375 0.15683998
v -0.06690282 0.39562932 0.16005442
v -0.06532899 0.39512069 0.16135648
v -0.06841791 0.39628941 0.15840092
v -0.05562711 0.39506474 0.16700170
v -0.05283613 0.39611264 0.16793444
v -0.06024872 0.38772864 0.08227633
v -0.05108685 0.38521669 0.17766214
v -0.05064247 0.38753168 0.17718121
v -0.05172438 0.40493225 0.17477150
v -0.05036822 0.40344982 0.17378188
v -0.04797145 0.40131462 0.17902619
v -0.05475396 0.40643863 0.17680586
v -0.05081258 0.39712483 0.16959707
v -0.04977423 0.39854959 0.17039863
v -0.04935590 0.39997688 0.17147223
v -0.04953009 0.40171699 0.17270572
v -0.06200875 0.41504826 0.17959371
v -0.06008919 0.41063546 0.17940487
v -0.07341650 0.43396469 0.16025232
v -0.07501546 0.43025153 0.15515288
v -0.07273487 0.41703765 0.16632280
v -0.07411596 0.41543391 0.16290884
v -0.07474391 0.41347850 0.15962737
v -0.07593815 0.42388691 0.14981160
v -0.07658408 0.41693414 0.14608899
v -0.07730312 0.40975782 0.14297260
v -0.06791117 0.45372695 0.16643378
v -0.06680742 0.45879288 0.16446931
v -0.06868189 0.44825526 0.16852108
v -0.05939869 0.46801102 0.16522552
v -0.06129161 0.46341549 0.16839431
v -0.06517036 0.46334951 0.16192231
v -0.06279137 0.45843992 0.17089426
v -0.06406034 0.45332915 0.17278869
v -0.06470875 0.44793888 0.17483032
v -0.06501686 0.44230914 0.17654822
v -0.06473336 0.43542491 0.17817556
v -0.05186439 0.39664886 0.07427450
v -0.04914416 0.37962090 0.17391151
v -0.04886366 0.37950879 0.17450248
v -0.04833689 0.37950438 0.17366176
v -0.04805280 0.37936333 0.17423935
v -0.04784474 0.37869005 0.17353097
v -0.04876386 0.37370562 0.17250791
v -0.04770169 0.37519157 0.17263886
v -0.04739962 0.37747181 0.17315027
v -0.07106558 0.39177050 0.10658467
v -0.06793955 0.37607888 0.08025653
v -0.06322986 0.38271109 0.07312986
v 0.00490232 0.36536601 0.07702745
v 0.00432463 0.37256291 0.07300301
v -0.02566101 0.32907022 0.08909947
v -0.01753459 0.33238883 0.08735766
v -0.01785651 0.32984045 0.08230992
v -0.02593964 0.32675165 0.08431936
v 0.00253828 0.36052240 0.06521115
v 0.00307133 0.36182903 0.07236258
v 0.00285103 0.37061133 0.06680336
v 0.00318891 0.37007349 0.05946060
v -0.00035465 0.37850458 0.06125280
v -0.00093348 0.37820294 0.05387839
v -0.00716438 0.38474436 0.04901516
v -0.00604065 0.38506903 0.05701839
v -0.01387718 0.39063232 0.05352385
v -0.01527676 0.38972821 0.04613916
v -0.00955641 0.33770265 0.08521487
v -0.00309315 0.34475599 0.08214252
v -0.00426032 0.34188079 0.07625221
v -0.01026931 0.33492636 0.07999788
v 0.00124995 0.35318216 0.07767013
v 0.00011597 0.35091396 0.07099892
v -0.02351254 0.39265328 0.04584653
v -0.02100403 0.39334599 0.05269807
v -0.02602262 0.32030043 0.07517513
v -0.03390430 0.31933095 0.07621227
v -0.03361305 0.32333597 0.08035938
v -0.02609199 0.32395333 0.07911049
v -0.00733550 0.32727183 0.06297905
v 0.00289205 0.33594013 0.05804439
v 0.00682625 0.32992286 0.05660650
v -0.00415290 0.32057738 0.06152182
v 0.00039977 0.30122960 0.06167753
v 0.01552637 0.31087261 0.05665812
v 0.01177843 0.29024316 0.05835233
v 0.00019020 0.28584501 0.06056926
v 0.01000708 0.27327220 0.05960881
v -0.00048813 0.27000712 0.06089710
v 0.00561941 0.22929170 0.06203849
v -0.00536815 0.22822719 0.06539310
v -0.00370159 0.24178517 0.06431927
v 0.00697971 0.24316366 0.06123120
v 0.00976141 0.16653987 0.03563265
v 0.00098445 0.16667438 0.04300597
v 0.00776325 0.17332495 0.05008845
v 0.01576470 0.17373331 0.04500813
v 0.04199815 0.25412236 0.04816190
v 0.04258870 0.26640704 0.05217056
v 0.04694553 0.26034089 0.04762805
v 0.04630003 0.24943399 0.04185645
v 0.03104678 0.34821066 0.04511277
v 0.02445167 0.33064610 0.05176858
v 0.01959383 0.33557627 0.05103079
v 0.02578280 0.35126007 0.04546622
v 0.04297983 0.20242254 0.01587999
v 0.03995454 0.19299673 0.01503176
v 0.03836815 0.19347013 0.02529455
v 0.04043651 0.20233795 0.02673337
v 0.01426694 0.16687520 -0.02843873
v 0.00678039 0.15806497 -0.01572799
v 0.00526122 0.16607646 -0.00974271
v 0.01266630 0.17451067 -0.02132723
v 0.02987602 0.21099855 -0.05573977
v 0.02777923 0.22293737 -0.07079243
v 0.02351660 0.21942740 -0.07898295
v 0.02563305 0.20766832 -0.06340711
v 0.02303112 0.23154382 0.05384062
v 0.01507183 0.23049241 0.05810499
v 0.01642487 0.24415838 0.05814709
v 0.02420565 0.24505498 0.05495160
v 0.09466691 0.19872203 0.02652627
v 0.08626435 0.19293290 0.01848674
v 0.07970999 0.20557116 0.02347914
v 0.08870620 0.21178463 0.03124485
v 0.03100577 0.16963970 -0.09293043
v 0.02683858 0.18003449 -0.10951717
v 0.02710102 0.17097752 -0.11239913
v 0.03061159 0.16252092 -0.09527807
v 0.06988849 0.29275869 0.05849048
v 0.07923377 0.30718375 0.05522379
v 0.08431576 0.29802382 0.05484643
v 0.07371828 0.28450371 0.05708967
v 0.03976984 0.23246797 0.04060230
v 0.04085201 0.24309159 0.04463169
v 0.04573764 0.24014276 0.03716279
v 0.04416136 0.23163717 0.03331364
v 0.04071491 0.23359222 -0.06122215
v 0.04300232 0.22230859 -0.04747961
v 0.04694866 0.23168663 -0.04209552
v 0.04517958 0.24210746 -0.05443322
v 0.03748946 0.21505461 -0.05197677
v 0.03446876 0.22700024 -0.06653163
v 0.03503251 0.23265505 0.04543867
v 0.02957471 0.23230318 0.04961697
v 0.03057327 0.24547886 0.05202134
v 0.03590613 0.24523449 0.04918907
v 0.00321128 0.16448549 0.02434006
v -0.00710992 0.16402771 0.03404795
v 0.03017631 0.15345118 -0.07776354
v 0.02610845 0.14498414 -0.06130388
v 0.02665769 0.14888270 -0.06017549
v 0.03072802 0.15885818 -0.07602266
v -0.00525126 0.16668777 0.00579574
v -0.00230713 0.16652083 0.01388711
v 0.00743133 0.16990057 0.00544027
v 0.00325331 0.17181272 -0.00415601
v 0.01889720 0.13747573 -0.04564121
v 0.00991837 0.13002782 -0.02998024
v 0.01047582 0.13155256 -0.03040916
v 0.01934608 0.13987469 -0.04531771
v 0.00846592 0.25771208 0.06079533
v -0.00188509 0.25547515 0.06267056
v 0.02539300 0.17333040 0.02287981
v 0.01834522 0.16892950 0.02901128
v 0.02329669 0.17625403 0.03915396
v 0.02905084 0.18015174 0.03315398
v 0.05056559 0.24519600 0.03114269
v 0.05143067 0.25403256 0.03776801
v 0.05307206 0.25061242 0.01990296
v 0.05198744 0.24493037 0.01627818
v 0.02661864 0.16253402 -0.11391233
v 0.03031768 0.15642045 -0.09632210
v 0.01905629 0.13538267 -0.04478153
v 0.01045210 0.12877589 -0.02827868
v 0.05297104 0.26694506 -0.01847978
v 0.05334439 0.26805929 -0.01564146
v 0.05621028 0.27172361 -0.02372239
v 0.05582473 0.27162866 -0.02724718
v -0.02027597 0.17648663 0.05770417
v -0.00894036 0.17957690 0.05974232
v -0.00629953 0.17082238 0.05182925
v -0.01649224 0.16743964 0.04591030
v 0.02004412 0.17202358 0.01029832
v 0.01581819 0.17465067 -0.00196362
v 0.01200713 0.16745497 0.01683556
v -0.03220294 0.17504040 0.05324315
v -0.02794286 0.16682669 0.03706226
v -0.01383163 0.25365384 0.06514962
v -0.01559181 0.24067317 0.06696580
v -0.01250414 0.26744541 0.06396016
v -0.02495963 0.26460243 0.06718761
v -0.02439547 0.27832168 0.06712817
v -0.01205142 0.28120695 0.06388447
v -0.02472764 0.29074223 0.06811974
v -0.01272419 0.29460152 0.06502084
v -0.01740216 0.32007460 0.06740292
v -0.01560356 0.31363957 0.06628691
v 0.04912695 0.23803435 0.02670721
v 0.04765493 0.23078844 0.02280451
v 0.02574772 0.14179939 -0.06168899
v 0.03568650 0.35021178 -0.03263405
v 0.03003467 0.34482707 -0.04235742
v 0.04382196 0.33998276 -0.03652910
v 0.04816343 0.34522801 -0.02670651
v 0.03762737 0.34573822 0.04514040
v 0.03271459 0.32803448 0.05327651
v 0.05612034 0.29666637 -0.04892995
v 0.06254922 0.29288815 -0.04263541
v 0.06526206 0.29627395 -0.04053543
v 0.05843679 0.30078533 -0.04609365
v 0.06765820 0.28087587 -0.03213549
v 0.06312968 0.27852012 -0.03171168
v 0.07100234 0.27063675 -0.03054274
v 0.07510729 0.27329233 -0.03167051
v 0.01851693 0.17696933 -0.12783303
v 0.01803956 0.18940209 -0.12427511
v 0.00677059 0.26143736 -0.09901956
v -0.03587728 0.39450476 0.03895816
v -0.03285010 0.39381608 0.04589072
v 0.01511258 0.24803982 -0.09238558
v 0.02470875 0.25306965 -0.08649751
v 0.01799332 0.26602525 -0.09149927
v -0.04936315 0.35324625 -0.03783131
v -0.05251470 0.34726441 -0.04603220
v -0.03729821 0.34828999 -0.04837489
v -0.03356651 0.35428366 -0.04022353
v 0.00624301 0.36123991 -0.03185192
v 0.01070163 0.36558790 -0.02218877
v -0.00954777 0.36523375 -0.02493406
v -0.01276309 0.36074413 -0.03316265
v 0.01968387 0.35369633 -0.03733600
v 0.01364234 0.34815324 -0.04626407
v 0.04254774 0.25332377 -0.06399917
v 0.03701476 0.24595068 -0.07179529
v 0.05287723 0.26143072 -0.04109142
v 0.05245967 0.26979750 -0.04931320
v 0.05046351 0.26528117 -0.05403233
v 0.05150267 0.25613349 -0.04496278
v 0.01935740 0.35648352 0.04581658
v 0.01864425 0.36986193 0.03680632
v 0.02668480 0.36508194 0.03581708
v -0.00897800 0.38159899 0.00780843
v -0.00997731 0.37962802 0.00279761
v 0.00233092 0.37844108 0.00685061
v -0.00130749 0.38057728 0.01129491
v -0.04948554 0.31911688 -0.08433159
v -0.06483772 0.31922148 -0.08267398
v -0.06808442 0.30847780 -0.09053635
v -0.05244164 0.30713091 -0.09428310
v 0.05828271 0.28596363 -0.04496139
v 0.05449023 0.28651608 -0.05138130
v 0.05419687 0.28035902 -0.04947093
v 0.05650875 0.28095465 -0.04364911
v 0.04895249 0.27396218 -0.05991065
v 0.05176829 0.27773237 -0.05469110
v 0.05061981 0.28527193 -0.05719864
v 0.04678124 0.28269638 -0.06320651
v 0.02745561 0.27022272 -0.08243360
v 0.03301511 0.25827020 -0.07851240
v 0.03982884 0.26425062 -0.07084057
v 0.03588463 0.27527692 -0.07544051
v -0.08017352 0.26385888 -0.11574809
v -0.06784053 0.26305716 -0.12044013
v -0.06406018 0.27717558 -0.11292479
v -0.07732655 0.27828722 -0.10990429
v 0.05501766 0.25894944 0.00620469
v 0.05394846 0.25592062 0.01888423
v 0.05448673 0.24844613 0.01688865
v 0.05721944 0.25025817 0.00401500
v 0.09998333 0.27581370 -0.02664661
v 0.09430415 0.28101517 -0.02752255
v 0.09110446 0.27801687 -0.03010547
v 0.09708811 0.27339015 -0.02919997
v 0.06377121 0.23881748 -0.01132076
v 0.05954563 0.23822983 0.00045693
v 0.06316166 0.22516142 -0.00377462
v 0.06803670 0.22541929 -0.01619219
v 0.04738570 0.35734224 0.03060806
v 0.04417688 0.34356796 0.04490257
v 0.04163384 0.35975389 0.03265727
v 0.07163860 0.24396284 -0.02961975
v 0.07695019 0.24874287 -0.03488635
v 0.07144366 0.25849818 -0.03052540
v 0.06734843 0.25484488 -0.02454988
v 0.10062831 0.21932748 0.03439537
v 0.10630956 0.20629889 0.03005965
v 0.07933953 0.21532887 -0.03016846
v 0.08670123 0.21963487 -0.03686947
v 0.07836317 0.23202729 -0.03393875
v 0.07264840 0.22761857 -0.02646969
v -0.00190176 0.25651568 -0.10532912
v 0.00859629 0.24417749 -0.09939028
v -0.00596627 0.18504778 -0.15031202
v 0.00721462 0.18083020 -0.14136414
v 0.00498403 0.19455073 -0.13694777
v -0.00908643 0.20003852 -0.14484497
v 0.01822806 0.16527380 -0.13126541
v -0.00416153 0.17181828 -0.15277591
v 0.00810483 0.16902872 -0.14351706
v 0.00651687 0.37299248 0.04451367
v -0.00069785 0.38154826 0.03731332
v 0.00479458 0.38014466 0.03152911
v 0.01270730 0.37272776 0.03962095
v 0.05142756 0.09698890 -0.14192663
v 0.05184913 0.08094958 -0.14251358
v 0.05447794 0.08986018 -0.12547888
v 0.05531122 0.09988201 -0.12255513
v -0.01728976 0.38800513 0.02011602
v -0.00518933 0.38467575 0.02516716
v -0.00896530 0.38678487 0.03168475
v -0.01846908 0.39023285 0.02795572
v 0.05233108 0.11364890 -0.12063500
v 0.04730702 0.11445218 -0.13999242
v 0.01445159 0.35958765 0.04816113
v 0.00872782 0.36015505 0.05262377
v 0.00973783 0.34678620 0.05350157
v 0.00400064 0.34847484 0.05757647
v -0.00185122 0.33878781 0.06330008
v 0.05024073 0.09634362 -0.10701737
v 0.05206486 0.10201238 -0.10557167
v -0.00047284 0.37879066 0.04544215
v -0.00809259 0.38532442 0.04054139
v -0.01840448 0.39033780 0.03654225
v -0.02776356 0.39330598 0.03625892
v 0.02365344 0.15823621 -0.13308880
v 0.03032253 0.15416691 -0.11618227
v 0.03114464 0.01204978 -0.12969155
v 0.01389820 -0.00145853 -0.13179741
v 0.02419118 -0.00242823 -0.10976467
v 0.04232723 0.01555681 -0.11042174
v -0.03854908 -0.02063311 -0.13325597
v -0.02844688 -0.02449270 -0.10681445
v 0.00056712 -0.01562275 -0.10793015
v -0.00765596 -0.01285494 -0.13067614
v -0.04835306 0.07846215 -0.19346411
v -0.04805837 0.09553105 -0.19205525
v -0.07090914 0.09362164 -0.18909449
v -0.07067761 0.07561718 -0.19062115
v 0.00115496 0.16043220 -0.15836230
v 0.01324429 0.15906195 -0.14797986
v 0.03165936 0.14798992 -0.09882113
v 0.06534546 0.09653271 -0.07878714
v 0.07306668 0.10056265 -0.06072498
v 0.06106197 0.12295084 -0.04803064
v 0.05197751 0.11941262 -0.06603322
v 0.07285862 0.04623665 -0.07401462
v 0.06611132 0.04663569 -0.08967496
v 0.05392698 0.02202727 -0.08849301
v 0.06303320 0.02362060 -0.07054895
v 0.00033067 0.12201368 -0.01316767
v 0.01229899 0.12635439 -0.02609310
v 0.00267882 0.12008193 -0.00937711
v -0.03932991 0.11172309 0.01700188
v -0.02376260 0.11344855 0.00912388
v -0.02275569 0.11087215 0.01433584
v -0.03784647 0.10844667 0.02211153
v -0.03384512 0.06085861 0.00736790
v -0.04264851 0.05461450 0.01147539
v -0.04069732 0.06634084 0.01450657
v -0.03154603 0.07010338 0.00580534
v 0.04276385 0.10286331 -0.08739899
v 0.02747609 0.10568437 -0.07091610
v 0.03264262 0.10731197 -0.06683516
v 0.04456472 0.10958489 -0.08385299
v -0.02105361 -0.02183092 -0.08289563
v 0.00791872 -0.01409826 -0.08330659
v 0.04074565 0.13872780 -0.03266207
v 0.03116956 0.13458235 -0.05048958
v 0.01922365 0.14190914 -0.01646957
v 0.00082552 0.13162200 -0.00280535
v -0.00977503 0.12827133 -0.02091101
v 0.00847240 0.13727729 -0.03487598
v -0.04821903 0.04905388 -0.01531935
v -0.05017729 0.03373213 -0.01387504
v -0.04904070 0.02829414 -0.01286351
v -0.04635009 0.04192663 -0.01164411
v -0.04917475 -0.00892213 -0.15559302
v -0.02106992 -0.00595759 -0.15332060
v -0.03218703 0.00778987 -0.17073947
v -0.05717436 0.00552539 -0.17006259
v -0.01810264 0.17482496 -0.15845966
v -0.01299813 0.16157288 -0.16558850
v -0.03339149 0.17657614 -0.16217221
v -0.02056251 0.19140580 -0.15504956
v -0.03623798 0.19299791 -0.15747878
v -0.02745970 0.27914091 -0.10891613
v -0.01408252 0.26817554 -0.10886645
v -0.00463744 0.27458785 -0.10269852
v -0.01695788 0.28736124 -0.10207922
v -0.02106224 0.34967625 -0.04999318
v -0.01712437 0.35551669 -0.04179833
v 0.04300996 0.00015585 -0.06446926
v 0.01314553 -0.01277341 -0.05950464
v 0.03805336 -0.00437974 -0.03594989
v 0.05912884 0.01016464 -0.04494746
v 0.08598205 0.07792376 -0.05013388
v 0.07763471 0.07540421 -0.06815936
v 0.08176685 0.05142505 -0.05233463
v 0.08277669 0.10631683 -0.04050076
v 0.07010508 0.12980533 -0.02760969
v 0.03090683 0.14457239 0.00295441
v 0.01309535 0.13421518 0.01609878
v -0.02576281 0.06442443 0.01392341
v -0.02222523 0.08808182 0.01319870
v -0.00828397 0.08946819 0.02728882
v -0.01112130 0.06605537 0.02690480
v -0.02298786 0.07684442 -0.02043860
v -0.00551936 0.09141275 -0.04063418
v -0.01403011 0.09495451 -0.04696448
v -0.02934690 0.08307157 -0.03176802
v -0.03745141 0.11142352 0.01243661
v -0.02465129 0.11335747 0.00611800
v -0.01106227 0.11737965 -0.00023961
v -0.01229980 0.11677657 -0.00266557
v -0.00034772 0.12228599 -0.01506132
v -0.02525448 0.12933846 0.01753589
v -0.01129908 0.13380493 0.00653562
v -0.01107207 0.12505506 0.00327853
v -0.02532152 0.12036821 0.01418833
v -0.02574278 0.14053208 0.02110495
v -0.01178783 0.14431628 0.01028369
v -0.02886345 0.16449472 0.02553997
v -0.01393557 0.16472558 0.02424201
v -0.01572115 0.16434148 0.01607904
v -0.02632976 0.25144951 0.06790404
v -0.02782163 0.23924689 0.06903963
v 0.03892433 0.11099745 -0.08900381
v -0.00435057 -0.01204932 -0.03725319
v -0.01264758 0.00212055 -0.01663860
v 0.00375804 0.00284337 -0.00428154
v 0.01771435 -0.00742910 -0.02144920
v 0.05249860 0.11064040 -0.10165759
v 0.02995142 0.14873500 -0.07846379
v 0.03028183 0.14231357 -0.08007992
v 0.02380767 0.19557631 -0.04674824
v 0.02827204 0.19726050 -0.03522193
v 0.00120409 0.18237172 0.05924746
v 0.00116012 0.17513074 0.05435382
v 0.06893522 0.07126791 -0.08807989
v 0.05202817 0.14564367 0.04026099
v 0.03515009 0.13373598 0.05331396
v 0.02405261 0.13431561 0.03438298
v 0.04183459 0.14514315 0.02175537
v 0.00683184 0.04606155 0.03628763
v 0.00388917 0.06677698 0.04154812
v 0.01916325 0.06774509 0.05745070
v 0.02404362 0.04911657 0.05158554
v 0.03951881 0.05280942 0.06888469
v 0.03406964 0.07125143 0.07510973
v 0.04822347 0.07215627 0.09238960
v 0.05362415 0.05560114 0.08542825
v 0.05107673 0.14250928 -0.01278844
v 0.08735200 0.13478748 0.01100445
v 0.07059440 0.14521021 0.02497430
v 0.06055742 0.14419318 0.00598620
v 0.07869442 0.13273393 -0.00818014
v 0.07459257 0.03086119 -0.04787524
v -0.00962348 0.04359283 0.02225772
v -0.02422832 0.04258312 0.01143902
v 0.04273133 0.02131448 0.03319198
v 0.05672370 0.01568741 0.02024806
v 0.03896967 0.00436542 0.00152480
v 0.02401371 0.01257064 0.01610288
v 0.10304086 0.07128649 -0.01034591
v 0.10537140 0.09533124 -0.00776253
v 0.09650383 0.08870821 -0.02734330
v 0.09363762 0.06296889 -0.02883483
v 0.10009209 0.11755423 -0.00057550
v 0.09165113 0.11380636 -0.01949920
v 0.10463077 0.13860931 0.04974343
v 0.08945343 0.14604033 0.06390552
v 0.07968275 0.14585737 0.04420510
v 0.09595771 0.13653080 0.02996624
v 0.11652190 0.12411100 0.03701729
v 0.10855870 0.12071986 0.01793865
v 0.11356420 0.10037791 0.01091576
v 0.12120970 0.10575822 0.02973011
v 0.11954396 0.08622710 0.02698227
v 0.11162076 0.07908011 0.00892165
v 0.10643320 0.05951163 0.01130095
v 0.11454247 0.06821746 0.02845815
v 0.09773286 0.04251435 0.01713732
v 0.08536456 0.03019538 0.02593351
v 0.09577136 0.04083709 0.04241361
v 0.10629199 0.05289420 0.03347547
v 0.07203877 0.03502978 0.06513004
v 0.08410104 0.03418538 0.05294348
v 0.07178751 0.02542045 0.03735713
v 0.05876292 0.02911416 0.05018101
v 0.09924957 0.06184143 0.09581317
v 0.10612668 0.07109858 0.08636571
v 0.10584259 0.06348990 0.08485337
v 0.09813257 0.05427451 0.09547055
v 0.11416454 0.07910960 0.07770070
v 0.12211320 0.08827608 0.07067472
v 0.12282561 0.08313368 0.06902957
v 0.11404238 0.07374148 0.07681749
v 0.13540487 0.10524199 0.06876697
v 0.13081832 0.09366098 0.06573626
v 0.13069157 0.09693448 0.06905635
v 0.13765156 0.10544354 0.07338874
v 0.14293625 0.11336171 0.08084139
v 0.13856663 0.11723168 0.07465063
v 0.14495587 0.11807950 0.09351800
v 0.13877134 0.12587210 0.08588525
v 0.13329934 0.13121579 0.10222054
v 0.14221081 0.11911599 0.11078417
v 0.08887317 0.06641807 0.12666640
v 0.08903601 0.05873742 0.11760150
v 0.08474549 0.05932557 0.11708165
v 0.08366304 0.07008322 0.12453662
v 0.09056917 0.09433091 0.13847064
v 0.09836738 0.11071148 0.14008583
v 0.11052540 0.09590600 0.14252333
v 0.10165375 0.08305450 0.13894606
v 0.12387641 0.12690460 0.05636666
v 0.11424406 0.14058471 0.06985504
v 0.12696053 0.09368635 0.04399869
v 0.12795201 0.11112170 0.04760018
v 0.08376982 0.03957121 0.07890718
v 0.09483909 0.04252511 0.06681326
v 0.06203614 0.07267303 0.10758342
v 0.06587817 0.05682999 0.09959003
v 0.08427835 0.14062962 0.09889450
v 0.10024805 0.14618551 0.08467900
v 0.11184754 0.14227201 0.10430250
v 0.09722816 0.13611926 0.11942666
v 0.13118683 0.12867712 0.07325059
v 0.13352701 0.11526280 0.06291520
v 0.13246544 0.10048216 0.05785857
v 0.12846993 0.08633160 0.05715723
v 0.12007238 0.07421336 0.06120118
v 0.11086678 0.06357925 0.06846723
v 0.10222344 0.05252078 0.07729129
v 0.09272483 0.04600045 0.08895722
v 0.07677227 0.05813929 0.11032345
v 0.07426239 0.07259354 0.11846761
v 0.11094328 0.12546828 0.13413097
v 0.12440549 0.13265512 0.11894861
v 0.13683934 0.11831449 0.12590346
v 0.12300682 0.10906339 0.13904095
v 0.13317303 0.09058364 0.13752513
v 0.12051051 0.08102556 0.14082734
v 0.11401589 0.07870267 0.07382392
v 0.12268947 0.08601431 0.06823892
v 0.13228042 0.09317271 0.06711765
v 0.14862431 0.10384388 0.08109539
v 0.15279208 0.10435954 0.09733170
v 0.15188298 0.10141063 0.11489653
v 0.14378914 0.10075586 0.12798178
v 0.09447137 0.04657033 0.10635992
v 0.09186256 0.05625125 0.11318870
v 0.09332701 0.06015356 0.12322760
v 0.09974746 0.04788300 0.11808985
v 0.09878356 0.05334397 0.08261106
v 0.10501429 0.06098794 0.07081782
v 0.10692534 0.07129047 0.08348846
v 0.09939389 0.06411849 0.09247953
v 0.11468081 0.06853408 0.06237484
v 0.12577670 0.07633419 0.05843337
v 0.13707666 0.08323107 0.05788620
v 0.14137206 0.10013577 0.07056629
v 0.14791399 0.08791616 0.06465314
v 0.15640185 0.08862518 0.07848175
v 0.16147598 0.08551653 0.09819533
v 0.16617100 0.05710509 0.11102138
v 0.15717072 0.07758724 0.11726120
v 0.17191179 0.06535500 0.09303259
v 0.17053527 -0.01345064 0.09602383
v 0.18464273 -0.00419720 0.08906897
v 0.18823918 -0.02617604 0.08150132
v 0.17648100 -0.03509680 0.08731246
v 0.10481001 0.03116001 0.11158937
v 0.09767394 0.03075686 0.09754600
v 0.09912187 0.03747579 0.07066102
v 0.10641637 0.04575267 0.05848212
v 0.17446650 0.05247245 0.06323445
v 0.16609175 0.07100814 0.07269274
v 0.15623476 0.07193446 0.05681206
v 0.16364690 0.05337903 0.04705805
v 0.12206990 -0.02902477 0.08887271
v 0.11479682 -0.02903723 0.07502158
v 0.10726784 -0.00907015 0.08183883
v 0.11488927 -0.00919819 0.09670125
v 0.10223547 0.01765494 0.06131657
v 0.10796639 -0.00216618 0.05446248
v 0.11455712 0.00484626 0.04171366
v 0.10934194 0.02516796 0.04862115
v 0.18653394 0.00942321 0.05063376
v 0.18110799 0.03181498 0.05574372
v 0.17057617 0.03255146 0.03945696
v 0.17687888 0.00972702 0.03496885
v 0.17979288 0.04671277 0.08444326
v 0.18538744 0.02684801 0.07678343
v 0.18053528 0.01714925 0.09557077
v 0.17410344 0.03677124 0.10378574
v 0.16511996 0.00690925 0.10444660
v 0.15809100 0.02619570 0.11311804
v -0.05517795 0.01740241 -0.00782166
v -0.05432816 0.00983545 -0.01609777
v -0.05353751 0.00641432 -0.02359113
v 0.13924847 -0.06763365 0.06133213
v 0.12596177 -0.04868108 0.06827266
v 0.13331007 -0.04894375 0.08050914
v 0.14579640 -0.06862355 0.07162572
v 0.12331817 -0.01537440 0.03605406
v 0.11606299 -0.02181567 0.04803142
v 0.12774435 -0.04177800 0.04374361
v 0.13462500 -0.03594139 0.03305004
v 0.19528413 -0.03998673 0.04306123
v 0.19101137 -0.01476129 0.04626794
v 0.18233134 -0.01492459 0.03225467
v 0.18693089 -0.04046773 0.03008372
v 0.19290572 -0.04978757 0.07277803
v 0.19454282 -0.01828148 0.06545927
v 0.19837389 -0.04290232 0.05878922
v 0.19727046 -0.07343334 0.06641314
v 0.18813451 -0.07951350 0.07168044
v 0.18219072 -0.05774551 0.07863027
v 0.15692414 -0.08776051 0.06413066
v 0.15053673 -0.08749567 0.05525189
v 0.15486401 -0.07818690 0.02901484
v 0.14590947 -0.05677431 0.03133400
v 0.14011473 -0.06194742 0.04086017
v 0.15021648 -0.08290517 0.03802046
v 0.16669057 -0.04734492 0.02121741
v 0.15494528 -0.05308769 0.02320664
v 0.16345604 -0.07435284 0.02144092
v 0.17430575 -0.06985986 0.01963077
v 0.19006396 -0.06588859 0.02730585
v 0.17590694 -0.04518414 0.02162844
v 0.18203113 -0.06815574 0.02128845
v 0.19854996 -0.06493433 0.03922872
v 0.20220509 -0.06824618 0.05323564
v -0.02789849 -0.00580710 -0.03865168
v -0.03188052 0.01009220 -0.02020116
v -0.02355774 0.00558761 -0.02047745
v -0.01910298 -0.00931436 -0.04051004
v 0.00548463 0.09089510 0.04412988
v 0.01923756 0.09150566 0.06164317
v 0.04655366 0.09140147 0.09599922
v 0.03288787 0.09291149 0.07896871
v 0.06112475 0.08995990 0.11261622
v 0.07526605 0.08725614 0.12614462
v 0.08530754 0.08201635 0.13260973
v 0.09317948 0.07454890 0.13277520
v 0.10061310 0.06463865 0.13082838
v 0.10945822 0.05039208 0.12655728
v 0.12255442 0.01436523 0.11541228
v 0.10945265 0.01121599 0.10418664
v 0.11661372 0.03313825 0.12132117
v 0.13607560 -0.02649107 0.09921320
v 0.12879221 -0.00606002 0.10795027
v 0.14624946 -0.04698876 0.08864540
v 0.15645425 -0.06830376 0.07824879
v 0.16671631 -0.08714407 0.06963037
v -0.03233590 0.10383009 -0.02264647
v -0.03941919 0.08434962 -0.01046851
v -0.04458887 0.08053149 -0.01849603
v -0.03716861 0.09599955 -0.03416396
v -0.04854412 0.02418487 -0.01658798
v -0.04640208 0.01663625 -0.02144115
v -0.04966376 0.01424496 -0.02201370
v -0.05000360 0.02019142 -0.01764177
v 0.12414237 0.13886815 0.08810179
v 0.12253741 0.07769116 0.04488438
v 0.11388190 0.06339889 0.04832064
v 0.10494984 0.05152717 0.05735195
v -0.05206765 0.00336163 -0.02993597
v 0.06335858 0.10902071 0.11457365
v 0.07085969 0.12738922 0.11000575
v 0.08432271 0.12191005 0.12864318
v 0.07745344 0.10329470 0.13017185
v 0.15075080 0.04228016 0.12049546
v 0.13975003 0.01855406 0.11751861
v 0.13327608 0.03674125 0.12462632
v 0.14506949 0.05965535 0.12796986
v 0.13024722 0.06239974 0.04608436
v 0.14329975 0.06853547 0.04783027
v 0.13511177 0.04378321 0.03540868
v 0.11755610 0.05453455 0.05012436
v 0.12080907 0.03534570 0.03984895
v 0.03760413 0.11431431 0.07904223
v 0.04629308 0.13260205 0.07191146
v 0.05799823 0.13055259 0.09086968
v 0.04968043 0.11214794 0.09671217
v 0.00083476 0.20953307 -0.12857879
v -0.01301966 0.21663461 -0.13552142
v 0.03440687 0.18521514 0.00184211
v 0.03162290 0.18982439 -0.01443103
v 0.02286001 0.18142017 -0.00945140
v 0.02753641 0.17796929 0.00462455
v 0.03974499 0.19341700 0.00135639
v 0.03824200 0.19722279 -0.01526719
v 0.04391158 0.20260536 0.00226096
v -0.04987991 0.38242814 0.00555149
v -0.04773464 0.38714378 0.01277072
v 0.04338473 0.20557573 -0.01404531
v 0.05047476 0.24902578 0.00235136
v 0.04963949 0.25540847 0.00376301
v -0.02666827 0.15245894 0.02406478
v -0.04281210 0.15087324 0.03143237
v -0.04415720 0.16341307 0.03238005
v -0.00874630 0.11507653 0.00454809
v -0.02980469 0.06426856 -0.00666463
v -0.02469528 0.07634773 -0.00777074
v -0.01490481 0.08325193 -0.02365893
v -0.05166661 0.02946111 -0.00611870
v -0.05013727 0.27390197 -0.11524937
v -0.05414824 0.26035962 -0.12345676
v -0.03051820 0.35967909 -0.03256285
v -0.04654249 0.35905325 -0.02996709
v -0.02600603 0.36908742 -0.01776761
v -0.02498167 0.37368662 -0.01110081
v -0.04048780 0.37423143 -0.00960557
v -0.05961051 0.12687326 0.03014873
v -0.05949752 0.11666922 0.02672648
v -0.04203777 0.36930052 -0.01577767
v -0.03106312 0.38989689 0.01873935
v -0.06145275 0.16237469 0.03715459
v -0.06087906 0.14998242 0.03549961
v -0.02984691 0.39278489 0.02820314
v -0.04263350 0.01717685 -0.01967194
v -0.03973612 0.00462507 -0.03084024
v -0.04385238 0.00771507 -0.02845885
v -0.03511222 0.06562255 0.00558314
v -0.03431076 0.04502588 0.00464312
v -0.04133834 0.04637875 -0.00076882
v -0.04194137 0.06534324 -0.00159708
v 0.04433347 0.11477781 -0.08376538
v 0.05728775 0.09200016 -0.09718504
v 0.03430239 0.00003098 -0.08658713
v 0.10478459 0.19421579 -0.03972187
v 0.11441868 0.19921603 -0.04066947
v 0.10492332 0.21263344 -0.04098740
v 0.09558365 0.20760277 -0.03855881
v -0.03194052 0.31733842 -0.08613810
v -0.03103878 0.30197043 -0.09693165
v 0.01493290 0.34271741 0.05168112
v 0.05600025 0.33673833 0.04729177
v 0.05017898 0.32069959 0.05652083
v 0.04527163 0.32439944 0.05519307
v 0.05025277 0.34046102 0.04577897
v -0.05086862 -0.00097749 -0.03693835
v 0.05847499 0.34710344 -0.01331766
v 0.06071038 0.35100707 0.00073400
v 0.05192537 0.35493527 -0.00467315
v 0.04957619 0.35049376 -0.01787611
v -0.06993140 0.05745320 -0.18990883
v -0.04785728 0.06078087 -0.19277175
v -0.06891086 0.21453269 -0.14316863
v -0.05444007 0.21339755 -0.14818588
v -0.05617892 0.23047684 -0.13993561
v -0.04636846 -0.01982690 -0.07061040
v -0.04652298 -0.02132307 -0.07753043
v -0.06979035 0.23196439 -0.13561336
v -0.01101956 0.30417892 -0.09075955
v -0.00241759 0.29120564 -0.09460135
v -0.03138267 0.20105825 0.06777317
v -0.01980649 0.20202958 0.06766977
v -0.02028345 0.18877306 0.06461917
v -0.03215687 0.18783438 0.06313647
v 0.11336079 0.24376239 -0.03250620
v 0.10023921 0.25292907 -0.03556973
v 0.09337261 0.24472277 -0.03831022
v 0.10380976 0.23272902 -0.03921077
v 0.06074420 0.06832086 -0.10779517
v 0.05715294 0.04161071 -0.10950602
v 0.01283755 0.21836433 -0.10789284
v 0.00080183 0.23002264 -0.11859121
v -0.00152262 0.21947732 -0.12280387
v 0.01104923 0.20919293 -0.11262156
v 0.02225381 0.23525938 -0.08298541
v 0.01632629 0.23137036 -0.09109203
v 0.03011150 0.23978187 -0.07823904
v 0.05841882 0.27687269 -0.03304640
v 0.05956100 0.27524908 -0.02941001
v 0.06185663 0.28143261 -0.03544915
v -0.03169974 0.08698393 -0.00015045
v -0.04091899 0.06927523 -0.02042714
v -0.03777198 0.06207036 -0.01401156
v -0.04784325 0.00766980 -0.02848594
v 0.00071455 0.34933383 0.06351082
v -0.00371004 0.34034307 0.06925285
v 0.06391522 0.25231128 -0.01660485
v 0.06778418 0.24015746 -0.02129085
v 0.05143918 0.26344662 -0.02278748
v 0.05309982 0.26884348 -0.03267027
v 0.05303741 0.26580324 -0.03695987
v 0.05169683 0.25908906 -0.02593552
v 0.05469207 0.27494043 -0.03965330
v 0.05385042 0.27312827 -0.04482177
v 0.03147066 0.25954196 0.05476516
v 0.03273255 0.27402534 0.05658560
v 0.03783593 0.27095147 0.05460620
v 0.03672551 0.25771630 0.05240452
v 0.02522599 0.25974104 0.05633067
v 0.01759206 0.25905344 0.05834607
v 0.01902172 0.27514146 0.05803781
v 0.02656563 0.27537871 0.05673041
v -0.00117233 0.31160230 0.06233398
v 0.01075399 0.32149629 0.05690268
v -0.01350610 0.30470266 0.06650114
v -0.02455058 0.30074986 0.06997702
v -0.03257605 0.38663639 0.01083481
v -0.03464398 0.38241320 0.00301493
v -0.01832475 0.38148828 0.00294311
v -0.01550798 0.38454070 0.01105754
v -0.00963694 0.33142297 0.06902918
v -0.01777707 0.32439290 0.07183337
v -0.02587897 0.31536823 0.07216972
v 0.11191842 0.22726005 0.03255713
v 0.11677646 0.21416594 0.02852974
v 0.00406973 0.37010684 0.05175070
v 0.00383557 0.35932598 0.05775548
v 0.12223219 0.23356879 0.02675481
v 0.12692183 0.21985794 0.02225711
v 0.03943942 0.32648124 0.05413263
v 0.04018175 0.30645294 0.05703131
v 0.03447184 0.30790211 0.05684541
v -0.01018672 0.33321771 0.07476038
v -0.01782858 0.32727677 0.07670883
v 0.05106158 0.09655585 -0.10421032
v 0.03792189 0.11271517 -0.09088199
v 0.02985337 0.16519942 -0.07289876
v 0.02893174 0.17722388 -0.08903817
v -0.04160825 0.12719396 0.02525508
v -0.04198140 0.11819992 0.02222708
v -0.03343877 0.32597285 0.08579718
v -0.02576693 0.11211321 0.00757687
v -0.04248821 0.10997925 0.01454635
v -0.04209486 0.11308534 0.01857288
v -0.02551597 0.11455001 0.01098603
v -0.04831984 0.10836904 0.01684392
v -0.04843275 0.10734171 0.01427849
v -0.04511266 0.04626656 0.00740528
v -0.03986736 0.05217584 0.00296431
v 0.07145871 0.25703241 0.04847326
v 0.08081860 0.26648219 0.05249336
v 0.08541116 0.25655304 0.04879529
v 0.07462390 0.24754253 0.04489228
v -0.01183730 0.11692052 -0.00168763
v 0.00059201 0.12337101 -0.01505622
v 0.05112210 0.24186123 -0.00135206
v 0.05080417 0.23797679 0.01292032
v -0.04406701 0.16846375 0.03954333
v -0.00806320 0.19015325 0.06435626
v -0.00745973 0.20233482 0.06616680
v 0.00336137 0.20376839 0.06337724
v 0.00256904 0.19224335 0.06237229
v -0.04703014 0.00213576 -0.03479967
v 0.10583332 0.29424617 -0.01123299
v 0.11119288 0.28640698 -0.00924291
v 0.11294709 0.29040484 -0.00249036
v 0.10798787 0.29865013 -0.00435135
v -0.02864326 0.02480916 -0.00310099
v -0.01728565 0.02196508 0.00375883
v -0.01971624 -0.01772452 -0.06420689
v -0.03282488 -0.01541480 -0.05717697
v -0.00057781 0.11396145 0.02559995
v -0.01392516 0.11142299 0.00710995
v 0.01266204 0.11437997 0.04411076
v 0.02544788 0.11474378 0.06209553
v 0.11208582 0.06977628 0.13624845
v 0.12586085 0.05530036 0.13193827
v 0.14664776 -0.00090722 0.10854681
v -0.04762382 -0.02528200 -0.09039100
v 0.15343723 -0.02069761 0.09905176
v 0.16126431 -0.04146804 0.08954556
v 0.16903640 -0.06343426 0.08018548
v 0.17753463 -0.08429496 0.07189675
v 0.13426849 0.22316146 0.01263722
v 0.12996094 0.23740993 0.01511109
v 0.13345002 0.23785143 0.00106772
v 0.13866790 0.22295635 0.00046033
v 0.07389724 0.21297790 -0.02024728
v 0.06899545 0.21178465 -0.00828029
v 0.07533936 0.19964718 -0.01256447
v 0.08076086 0.20151265 -0.02365490
v 0.08767128 0.18916761 -0.02731467
v 0.09555497 0.19137680 -0.03513571
v 0.08732296 0.20429091 -0.03263204
v 0.12387535 0.20570308 -0.03721016
v 0.13162631 0.21187855 -0.03045606
v 0.12365716 0.22714926 -0.03183443
v 0.11415912 0.21943638 -0.03897797
v 0.13932404 0.22092031 -0.01170896
v 0.13340028 0.23556869 -0.01182753
v 0.12998776 0.23176652 -0.02281426
v 0.13680857 0.21680035 -0.02243147
v 0.08083992 0.18930816 0.00756456
v 0.07906852 0.18697541 -0.00452239
v 0.07272188 0.19928932 0.00028434
v 0.07429826 0.20150845 0.01257863
v 0.09278532 0.27714420 0.05136683
v 0.09761293 0.26540869 0.04703738
v 0.05285474 0.25811582 0.01993655
v 0.05327061 0.25677292 0.03394130
v 0.05341122 0.25724819 0.03373907
v 0.05028372 0.26018918 0.01842731
v 0.09476901 0.23317350 0.03903385
v 0.08945841 0.24560632 0.04413909
v 0.10163834 0.25321670 0.04321052
v 0.10663049 0.23990485 0.03778828
v 0.06783234 0.21408768 0.01696233
v -0.04597589 -0.01515990 -0.06037671
v 0.06622136 0.21167754 0.00483212
v 0.06028851 0.22467554 0.00933284
v 0.06139345 0.22586504 0.02187672
v 0.09550204 0.22566904 -0.03927887
v 0.08590646 0.23800897 -0.03747778
v 0.06179470 0.24937313 0.04131671
v 0.06469155 0.24010932 0.03700793
v 0.04913397 0.23098366 0.00929027
v 0.05149014 0.24736205 -0.03286701
v 0.05189435 0.25365358 -0.02906066
v 0.03091034 0.17871956 0.01859215
v 0.03337075 0.18426274 0.02807575
v 0.04324807 0.21274576 -0.03103867
v 0.04697770 0.22210096 -0.02730956
v 0.03576251 0.18513280 0.01580561
v 0.03597000 0.18744635 0.02393143
v -0.00286145 0.15927656 0.00204302
v -0.02539445 0.30882516 0.07094907
v 0.07774676 0.23635910 0.03976668
v 0.06779175 0.22994135 0.03207675
v 0.08167017 0.26630133 -0.03438809
v 0.07631285 0.26268447 -0.03371431
v 0.08387461 0.25404057 -0.03669023
v -0.05318815 -0.02426211 -0.10725311
v -0.06218883 -0.01872030 -0.12876701
v 0.09041672 0.25960992 -0.03561849
v 0.02040060 0.30664861 -0.07459537
v 0.00598323 0.30543478 -0.08285369
v 0.01233905 0.29397988 -0.08516372
v 0.02536510 0.29649951 -0.07682739
v 0.11494637 0.29230047 0.01037633
v 0.11609383 0.28825729 0.01931230
v 0.11068914 0.30050375 0.02128149
v 0.11021985 0.30226191 0.01075409
v 0.11423727 0.28285357 0.03008581
v 0.10811538 0.27478843 0.04075987
v 0.10344337 0.28753313 0.04420232
v 0.10917655 0.29564836 0.03266780
v 0.05150898 0.07068367 -0.13870259
v 0.05308230 0.08474531 -0.12137271
v 0.02652134 0.13679633 -0.06193804
v 0.02034822 0.13153509 -0.04385219
v 0.00218462 0.09937954 -0.03513989
v -0.05038512 0.05718314 -0.01202101
v -0.04953738 0.03968579 -0.00882808
v -0.00448217 0.02082168 0.01027525
v 0.04976149 0.09389726 -0.10660548
v 0.01408231 0.02806107 0.02748261
v 0.03208807 0.03349066 0.04326996
v 0.07290403 0.01882280 0.00766509
v 0.08692193 0.03101667 -0.00175264
v 0.07454341 0.01995863 -0.02203847
v 0.05754622 0.00674959 -0.01261291
v 0.09722980 0.04969678 -0.00766316
v 0.08646118 0.03989769 -0.02719455
v 0.07262412 0.14302402 0.07776950
v 0.12649203 0.01387599 0.03249428
v 0.14873138 -0.00037538 0.02351521
v 0.14107638 0.02270101 0.02806097
v 0.13468367 -0.00798173 0.02750691
v 0.15649062 0.02923415 0.03027728
v 0.14952385 0.05024124 0.03779146
v 0.19027114 0.00518826 0.07172200
v 0.14534934 -0.02938240 0.02547178
v 0.15802363 -0.02366456 0.02232622
v 0.17064289 -0.01840542 0.02452434
v 0.16398534 0.00647724 0.02628511
v -0.03596687 0.02806474 -0.00670735
v 0.02272878 0.12871672 -0.06723188
v 0.01577286 0.12273002 -0.07778459
v -0.02114894 0.10497557 -0.05012630
v -0.03556198 0.08986287 -0.03771244
v 0.01008450 0.13494180 -0.02910864
v 0.01876062 0.14403491 -0.04338458
v 0.01537576 0.15895840 -0.03477150
v 0.02235166 0.16902597 -0.04792307
v 0.02445712 0.16091538 -0.05331783
v 0.01736516 0.15056775 -0.03994182
v 0.02497562 0.19331101 -0.07826334
v 0.02095987 0.20632166 -0.09392833
v 0.02062230 0.19770605 -0.09931412
v 0.02604327 0.18520655 -0.08395994
v 0.02365514 0.18939536 -0.10453135
v 0.01405965 0.20005934 -0.11832219
v -0.04196834 0.24161110 -0.13303060
v -0.02810483 0.23579763 -0.13243049
v -0.02645254 0.24921782 -0.12633238
v -0.04020067 0.25571739 -0.12566432
v -0.03842886 0.05688986 -0.00588018
v -0.04582096 0.02799219 -0.01328670
v -0.02316816 0.10980407 -0.00838230
v -0.01920671 0.12095558 -0.03760641
v -0.00100433 0.13020000 -0.05239887
v 0.06058649 0.25112028 -0.00723889
v 0.04959636 0.29866025 -0.05569473
v 0.05047999 0.30459092 -0.05250149
v 0.11923731 0.26900817 0.02549593
v 0.11325598 0.26130945 0.03603177
v 0.05706251 0.23686620 0.02636591
v 0.07713856 0.27567261 0.05480278
v 0.06774250 0.26504808 0.05160822
v 0.06494367 0.27214621 0.05382847
v 0.00980707 0.10012447 -0.05851308
v 0.02029683 0.10630158 -0.07794170
v 0.00159413 0.10131176 -0.06604436
v -0.03663088 -0.01033084 -0.04839099
v -0.04573863 0.07407984 -0.02325911
v 0.04788034 0.03824318 0.06093076
v 0.06129392 0.04208776 0.07643238
v 0.07298632 0.04454581 0.09009954
v 0.08364987 0.04821323 0.10163158
v 0.09025727 0.05260769 0.10748057
v 0.09437645 0.05583228 0.10726054
v 0.09684461 0.05792255 0.10479286
v 0.09561817 0.04895021 0.09553331
v 0.10174797 0.01091373 0.08938667
v 0.09989394 0.01336601 0.07525840
v 0.09644116 0.03263051 0.08425868
v 0.10563651 -0.00676488 0.06784058
v 0.11323958 -0.02695841 0.06043878
v 0.12482214 -0.04616255 0.05514331
v 0.14861518 -0.08674979 0.04479221
v 0.13788900 -0.06657615 0.04881487
v -0.04345262 0.00015492 -0.03741014
v -0.04042477 -0.00522351 -0.04313940
v 0.02688311 0.30897116 0.05669233
v 0.05043265 0.25396827 -0.01231913
v 0.04973825 0.25919698 -0.01050364
v 0.05517311 0.24662890 0.03053716
v 0.12712435 0.24850118 -0.01303037
v 0.12853461 0.25151187 0.00032753
v 0.05629057 0.23780279 0.01321016
v 0.04835966 0.26297739 0.00496322
v 0.05074647 0.26077758 0.00605268
v 0.08777192 0.16680750 0.05409339
v 0.09683368 0.16452072 0.05730846
v 0.08754813 0.15920513 0.06490761
v 0.07934836 0.16083085 0.06109105
v 0.07957213 0.16549212 0.04887469
v 0.07214187 0.15913273 0.05563251
v 0.07370559 0.12679070 0.02396974
v 0.06984126 0.13628573 0.02592972
v 0.06570264 0.13079061 0.03562630
v 0.06988086 0.12199650 0.03467948
v 0.05994566 0.14862644 0.05662531
v 0.05796958 0.14191873 0.05119927
v 0.06368411 0.14800897 0.04332011
v 0.06665003 0.15478327 0.04960459
v 0.09174962 0.11723435 0.02977732
v 0.10102195 0.11878343 0.03486243
v 0.10552050 0.12186209 0.02305627
v 0.09534385 0.12076110 0.01802618
v 0.08963504 0.15331509 -0.00949149
v 0.09311111 0.14467271 -0.01322865
v 0.09486587 0.14986767 -0.01766885
v 0.09282075 0.15808067 -0.01210227
v 0.10470211 0.17873430 0.03998393
v 0.11469052 0.17472199 0.04113871
v 0.10594549 0.16980323 0.04929192
v 0.09615986 0.17288367 0.04693901
v 0.08083717 0.16753789 0.02110557
v 0.07795112 0.15857031 0.01341958
v 0.08435019 0.16503245 0.00717597
v 0.08839811 0.17324519 0.01459549
v 0.11401732 0.18352859 0.03311676
v 0.12315495 0.17863073 0.03176470
v 0.06909552 0.15425019 0.03574301
v 0.06847019 0.14584061 0.03019478
v 0.07302675 0.15241634 0.02157527
v 0.07473781 0.16094334 0.02817164
v 0.08219278 0.11202531 0.05199023
v 0.08941643 0.11463555 0.05702141
v 0.09560292 0.11643693 0.04606556
v 0.08725292 0.11423651 0.04107099
v 0.05907338 0.13413552 0.04780094
v 0.06169165 0.12594129 0.04583454
v 0.06365252 0.13979903 0.03868279
v 0.09253229 0.14323676 0.07458005
v 0.08603140 0.14968252 0.07450080
v 0.09572315 0.15422666 0.06608012
v 0.10233109 0.14693240 0.06535045
v 0.08153810 0.13937873 0.00475798
v 0.07813109 0.14895282 0.00801429
v 0.07406502 0.14242009 0.01673627
v 0.07773279 0.13273906 0.01425071
v 0.09454099 0.17872830 0.03550271
v 0.08686667 0.17210297 0.04205125
v 0.11171404 0.15041702 0.05595493
v 0.10538976 0.15884678 0.05757005
v 0.11445324 0.16323600 0.04848649
v 0.12065707 0.15402180 0.04575436
v 0.12926195 0.14696668 0.02909378
v 0.12498540 0.13774579 0.02220765
v 0.11914036 0.13513439 0.03444916
v 0.12218259 0.14426303 0.04074516
v 0.08574943 0.14671092 -0.00364723
v 0.09093147 0.13754151 -0.00577662
v 0.09846196 0.12547871 0.00612079
v 0.10943922 0.12574924 0.01065881
v 0.11217378 0.13041821 -0.00171581
v 0.10076992 0.13119621 -0.00507730
v 0.10803889 0.18691247 0.01275153
v 0.11814638 0.18987973 0.01694461
v 0.11301146 0.18868313 0.02192517
v 0.10289780 0.18539725 0.01623545
v 0.12298730 0.18690696 0.02392911
v 0.13004952 0.18891457 0.01616379
v 0.14523743 0.18916546 0.00298799
v 0.14817756 0.18509867 -0.00435584
v 0.14652239 0.18109257 -0.00083244
v 0.14258015 0.18637463 0.00661053
v 0.14178431 0.15179421 0.00348842
v 0.13515739 0.14333590 -0.00488088
v 0.13036190 0.14040479 0.00920994
v 0.13594999 0.14927358 0.01671723
v 0.12617296 0.14166581 -0.02260267
v 0.11365856 0.14010145 -0.02317073
v 0.11381583 0.13524839 -0.01367893
v 0.12596941 0.13749903 -0.01063676
v 0.11070888 0.16864858 -0.03728770
v 0.10156749 0.16594162 -0.03258158
v 0.10533522 0.15868128 -0.03267198
v 0.11518596 0.16020304 -0.03621101
v 0.09047113 0.16632035 -0.01376963
v 0.09183975 0.16939897 -0.00280658
v 0.09419001 0.16494004 -0.00676478
v 0.09334591 0.16100864 -0.01645765
v 0.12433291 0.19211219 0.02038930
v 0.13480225 0.19834870 0.01594260
v 0.13409817 0.19456760 0.01498548
v 0.12294400 0.18966331 0.01688486
v 0.14604147 0.15447734 -0.00852671
v 0.13802647 0.14685371 -0.01892510
v 0.09515888 0.15757523 -0.01876273
v 0.09478048 0.16265733 -0.01086569
v 0.09416083 0.16069044 -0.01304105
v 0.09524809 0.15387336 -0.01943496
v -0.06098853 0.35903932 -0.02675914
v -0.05915046 0.36442905 -0.01928823
v 0.10455392 0.17440588 0.00541071
v 0.11010334 0.18162534 0.01029259
v 0.10624074 0.18100349 0.00704517
v 0.10059808 0.17397725 0.00062441
v 0.11970804 0.18821339 0.01432717
v 0.13059636 0.19270239 0.01434304
v 0.12498588 0.19108259 0.01410629
v 0.11455704 0.18751407 0.01211334
v 0.14849843 0.16961977 -0.01532214
v 0.14664703 0.16309975 -0.02162581
v -0.05690182 0.11000057 0.02315092
v -0.05847419 0.10852851 0.01899050
v 0.14753755 0.15929866 -0.01546237
v 0.14840529 0.16665379 -0.00891909
v 0.12299527 0.14718632 -0.02962764
v 0.11172942 0.14571133 -0.02901329
v -0.09721215 0.12694403 -0.17323912
v -0.09707479 0.14575927 -0.16465668
v 0.09633738 0.17267993 -0.00138859
v 0.09338120 0.16544843 -0.00556782
v 0.09574374 0.16748912 -0.00653477
v 0.13499616 0.19055583 0.01193843
v 0.12015941 0.17186173 -0.03910691
v 0.12925939 0.17628966 -0.03823066
v 0.12337260 0.18625850 -0.03972729
v 0.11399772 0.18165986 -0.03981815
v 0.10453660 0.17832298 -0.03687195
v 0.09571760 0.17580275 -0.03087506
v 0.08562646 0.17514719 -0.00941147
v 0.08731011 0.17785215 0.00215308
v 0.09266147 0.18179429 0.01292318
v 0.10063421 0.18721107 0.02146143
v 0.10534377 0.17845601 0.01647375
v 0.09732840 0.17370100 0.00759908
v 0.13148808 0.20766167 0.01842777
v 0.12125836 0.20174251 0.02408830
v 0.13879854 0.20981061 0.00976701
v 0.14180498 0.20028966 0.00863769
v 0.09989650 0.15353001 -0.02646381
v -0.05066741 0.07726979 0.02241297
v -0.05050160 0.06409752 0.01874663
v 0.09748407 0.15873187 -0.02583182
v 0.11433958 0.14120670 0.05167571
v 0.11247336 0.13248997 0.04591464
v 0.10476423 0.12987990 0.05680610
v 0.10556053 0.13835068 0.06219173
v 0.09421325 0.12044582 0.06233591
v 0.10142346 0.12223741 0.05138765
v 0.07308751 0.16124761 0.04254502
v 0.07975642 0.16768459 0.03520614
v 0.06425630 0.15352726 0.06274888
v 0.10207047 0.17991414 0.00644290
v 0.09560841 0.17801580 0.00835420
v 0.14808855 0.17983301 -0.01215444
v 0.14864079 0.19018266 -0.00657362
v 0.14796523 0.18523184 -0.01513856
v 0.14281691 0.16239179 0.01095531
v 0.13769652 0.17344220 0.01727175
v 0.14452959 0.17530716 0.00441837
v 0.14725298 0.16421676 -0.00053308
v 0.14434927 0.16726446 -0.02670280
v 0.14742255 0.17393057 -0.01982518
v 0.14575527 0.17971098 -0.02341684
v 0.14130438 0.17360060 -0.03067554
v 0.11274422 0.18203386 0.01537949
v 0.11376273 0.18461904 0.02030301
v 0.14755148 0.19707905 -0.00834654
v 0.14595877 0.19931552 0.00027010
v 0.14354723 0.20870624 -0.00050600
v 0.14454786 0.20685287 -0.01082297
v 0.14654665 0.19337486 0.00155963
v 0.14641210 0.19302864 -0.01740757
v 0.14281072 0.20332638 -0.02023041
v 0.11058070 0.19418422 0.02524053
v 0.13724232 0.18214554 -0.03359125
v 0.14289438 0.18793443 -0.02624510
v 0.13847968 0.19848762 -0.02844383
v 0.13171862 0.19247969 -0.03543383
v 0.10791740 0.12471151 0.04028978
v 0.11353174 0.12738345 0.02862671
v 0.10219803 0.14280239 -0.02183740
v 0.10184853 0.13721774 -0.01514769
v 0.10149513 0.14813855 -0.02545321
v 0.08165818 0.11970613 0.02569266
v 0.07784700 0.11592230 0.03690407
v 0.08823922 0.13045449 0.00386439
v 0.08502350 0.12452650 0.01436680
v 0.12876568 0.15723515 0.03514291
v 0.12873088 0.15586138 -0.03314547
v 0.11912188 0.15274973 -0.03372700
v 0.13305750 0.15096677 -0.02815021
v 0.08856257 0.17453330 -0.02106765
v 0.09405333 0.16476890 -0.02446057
v 0.14317412 0.15416877 -0.02086859
v 0.08157606 0.18687550 -0.01678812
v 0.13855826 0.18393293 0.01218168
v 0.13955063 0.19242261 0.01007666
v 0.14169788 0.19529096 0.00902775
v 0.07850064 0.15418543 0.07253486
v 0.08624912 0.17441126 0.02852804
v 0.09166647 0.17004201 0.00152093
v 0.08940383 0.16174034 -0.00446605
v 0.13742750 0.16069959 -0.03096933
v 0.13388576 0.16724103 -0.03503603
v 0.12496990 0.16282517 -0.03662352
v 0.10597246 0.17489264 0.01162940
v 0.09891097 0.16975664 0.00262626
v 0.07378697 0.11300365 0.04787106
v 0.09856655 0.16845386 -0.00277067
v 0.13146140 0.18141193 0.02195643
v -0.04416268 0.36417102 -0.02277123
v 0.03738376 0.20484487 -0.03369604
v 0.01129836 0.17869144 -0.01356609
v 0.01890422 0.18649948 -0.02354624
v 0.05165823 0.23970463 -0.01908747
v 0.05123479 0.24749768 -0.01511271
v 0.05094828 0.26353980 -0.00723146
v 0.05016849 0.26487344 -0.00645706
v 0.04671942 0.21525463 -0.01192102
v -0.05060193 0.10683112 0.01419986
v -0.06093549 0.16096517 -0.16889535
v -0.07854685 0.16129153 -0.16238225
v -0.07629276 0.14411124 -0.17173583
v -0.05683405 0.14474488 -0.17706961
v -0.07357303 0.12597710 -0.17962003
v 0.03871765 0.11039781 -0.15822175
v 0.03223079 0.12548523 -0.15636772
v 0.01972167 0.12213115 -0.17096360
v 0.02502634 0.10615144 -0.17281531
v 0.03501664 0.13746867 -0.13813204
v 0.02614125 0.13776551 -0.15482187
v 0.04060007 0.12674991 -0.13834967
v 0.04522453 0.12525628 -0.11895588
v 0.03930293 0.13541164 -0.11871720
v 0.04648658 0.12187616 -0.09949863
v 0.03969170 0.13157584 -0.09892840
v 0.04328996 0.11725757 -0.08140380
v 0.03411559 0.11248754 -0.06458318
v 0.01725353 0.09976310 -0.05444715
v 0.00978674 0.10254291 -0.03125150
v 0.02252400 0.10821760 -0.04711431
v -0.01622089 0.08799807 -0.00218001
v -0.00361761 0.09406255 -0.01648489
v -0.03897165 0.07934251 0.01781876
v -0.02749546 0.08270364 0.00941542
v 0.02144259 0.29195582 0.05780695
v 0.02849976 0.37080272 0.02008089
v 0.03453414 0.36236695 0.03415289
v 0.02322864 0.37302619 0.02441668
v 0.03784894 0.35517542 -0.02386913
v 0.04121765 0.35972246 -0.01026512
v 0.02650873 0.36330623 -0.01814451
v 0.02322052 0.35825532 -0.02922349
v 0.01439159 0.37635224 0.01428298
v 0.00806845 0.37875676 0.01603810
v 0.01803244 0.37483928 0.00877228
v -0.00809547 0.37722067 -0.00291942
v 0.00367176 0.37631354 0.00081278
v 0.05930133 0.34799110 0.03259923
v 0.05956771 0.35220163 0.01467823
v 0.06619448 0.34668520 0.01859610
v 0.06562453 0.34218495 0.03509376
v 0.05620064 0.34161924 -0.02376944
v 0.05323058 0.33562170 -0.03318633
v 0.06199259 0.33276845 -0.02814417
v 0.06417252 0.33891451 -0.01902819
v 0.08602122 0.31922041 0.04504327
v 0.08776059 0.32695299 0.03133996
v 0.09577670 0.31792284 0.03320754
v 0.09265809 0.31001986 0.04611424
v 0.06691248 0.34443531 -0.00668754
v -0.01428840 0.31670500 -0.08348986
v 0.01706154 0.31613711 -0.07064910
v 0.00190976 0.31604584 -0.07808983
v 0.05223025 0.30994494 -0.04907251
v 0.04267870 0.31320437 -0.05584271
v 0.04205424 0.30648796 -0.05985647
v 0.06753462 0.30202691 -0.03794818
v 0.06080979 0.30584711 -0.04292657
v 0.05853863 0.26148235 0.04560507
v 0.05710933 0.26449108 0.04748348
v 0.06172178 0.27795809 0.05630382
v 0.07029259 0.28992297 -0.03443747
v 0.07377260 0.28583117 -0.03185687
v 0.07709156 0.28850654 -0.03017822
v 0.07233901 0.29317878 -0.03340551
v 0.05311050 0.35313820 0.03102234
v 0.08835303 0.32970532 0.01803957
v 0.08984576 0.32772888 0.00668630
v 0.09751879 0.31989497 0.00870588
v 0.09637559 0.32162718 0.01998206
v 0.08829955 0.32574723 -0.00440754
v 0.08697870 0.32097729 -0.01206342
v 0.09462372 0.31497896 -0.00870394
v 0.09624255 0.31849936 -0.00152341
v 0.08030077 0.29180180 -0.02912567
v 0.07413156 0.29731471 -0.03157671
v 0.08846509 0.28771390 0.05375216
v 0.06787667 0.32427767 0.05250722
v 0.05925681 0.30874419 0.05962677
v 0.05479326 0.31571263 0.05856633
v 0.06155435 0.33163642 0.05018426
v 0.05919860 0.26234379 -0.01492341
v 0.05635743 0.26123273 -0.00524122
v 0.06180599 0.26394532 -0.02322785
v 0.06403733 0.28414145 -0.03677257
v 0.06555954 0.26658050 -0.02913434
v 0.05424376 0.25358501 0.03293225
v 0.06036158 0.25670162 0.04409211
v 0.05236110 0.29133876 0.05849513
v 0.04808628 0.29772776 0.05811768
v 0.09863628 0.29905927 0.04603057
v 0.10314314 0.30721656 0.03384263
v 0.08211814 0.27931088 -0.03096174
v 0.08895560 0.27425101 -0.03122349
v 0.08494620 0.28260866 -0.02976122
v 0.05933349 0.28912785 -0.04489746
v 0.06719288 0.28719422 -0.03518509
v 0.07225681 0.33580574 0.03867118
v 0.10492815 0.31113436 0.02104056
v 0.10446163 0.31140140 0.00947338
v 0.08062237 0.33132568 -0.00863460
v 0.08113712 0.33481813 0.00145205
v 0.07349090 0.34024048 -0.00313102
v 0.07309887 0.33563950 -0.01314646
v 0.10163103 0.30748305 -0.00690749
v 0.09864981 0.30214116 -0.01466553
v 0.07935230 0.32598132 -0.01619978
v 0.07146718 0.32984771 -0.02118188
v 0.08851936 0.28606591 -0.02733402
v 0.04425051 0.30343204 0.05763931
v 0.04041730 0.28641261 0.05672654
v 0.03564835 0.28961084 0.05748197
v 0.04870402 0.27483601 0.05504138
v 0.04471406 0.28133061 0.05605507
v 0.05283542 0.26825697 0.05193853
v 0.02985343 0.29087864 0.05747029
v 0.14098217 0.15688351 -0.02636954
v 0.09566158 0.26939949 -0.03124516
v 0.08587435 0.27024226 -0.03342950
v 0.09398213 0.26498833 -0.03335706
v 0.12215134 0.24565081 -0.02344176
v 0.14755319 0.17586528 -0.00842595
v 0.14710926 0.17215318 -0.00463167
v 0.13631527 0.15991357 0.02347272
v 0.12315161 0.16709815 0.03888556
v 0.13117248 0.17016682 0.02828123
v 0.10367868 0.18422401 0.02867253
v 0.09476663 0.18042108 0.02219751
v 0.08358200 0.15589381 0.00078152
v 0.12263065 0.13386464 0.00301555
v 0.05323825 0.14527891 0.08244969
v 0.05972319 0.14520456 0.08791117
v 0.04964422 0.14064115 0.09567216
v 0.04417430 0.13995871 0.08958217
v 0.03408972 0.13124578 0.08966800
v 0.04085569 0.13693495 0.08361864
v 0.03510979 0.13448983 0.09567386
v 0.03486763 0.12681815 0.08557560
v 0.04008568 0.13190342 0.07878343
v 0.03748081 0.12093161 0.08364325
v 0.04171093 0.11553182 0.08320180
v 0.04543195 0.11977062 0.07549654
v 0.04175239 0.12544290 0.07618596
v 0.04992538 0.11420476 0.07594349
v 0.05485024 0.10916402 0.07735459
v 0.05839038 0.11139101 0.06657915
v 0.05369974 0.11781950 0.06609250
v 0.06021473 0.10640033 0.09633890
v 0.06256302 0.10914359 0.10132565
v 0.06956850 0.11071206 0.09046182
v 0.06613195 0.10716668 0.08538854
v 0.07901666 0.12413602 0.08855764
v 0.07879305 0.11750559 0.08399345
v 0.07076690 0.11601448 0.09557023
v 0.07031873 0.12237526 0.09987662
v 0.06154340 0.11993846 0.11037515
v 0.05762889 0.12580305 0.11205187
v 0.06719819 0.12831565 0.10238028
v 0.07082277 0.15550895 0.06824550
v 0.06215640 0.15051384 0.07522357
v 0.05628272 0.14811758 0.06958572
v 0.05213516 0.13638615 0.05983898
v 0.05284762 0.14304235 0.06413925
v 0.04616997 0.13733735 0.07156311
v 0.04662403 0.13079922 0.06795589
v 0.06629650 0.11803471 0.04564972
v 0.05770161 0.12185381 0.05618626
v 0.06237086 0.11463150 0.05617356
v 0.04966055 0.12436384 0.06650199
v 0.05419947 0.12918311 0.05741727
v 0.06479662 0.10795263 0.06932397
v 0.06074414 0.10643073 0.08064907
v 0.06639827 0.14207302 0.09146197
v 0.07226072 0.13704984 0.09284351
v 0.06211528 0.13393474 0.10236682
v 0.05608633 0.13851963 0.10031187
v 0.06924127 0.11038962 0.05849095
v 0.08237334 0.13996705 0.08351540
v 0.07635913 0.14572158 0.08280106
v 0.07690500 0.13061160 0.09184863
v 0.08647738 0.13286043 0.08187319
v 0.04557648 0.13402036 0.10780887
v 0.03951227 0.13600621 0.10266192
v 0.06932890 0.14957255 0.07999060
v 0.07143438 0.10821994 0.07393142
v 0.07636077 0.11174007 0.07899494
v 0.08287252 0.11303658 0.06792285
v 0.07671927 0.11001382 0.06284400
v 0.09653051 0.12782552 0.06718227
v 0.08644062 0.11881973 0.07272122
v 0.08766004 0.12576085 0.07764629
v 0.06291611 0.11376344 0.10628508
v 0.09605253 0.13542512 0.07228078
v 0.01101647 0.08658409 0.09231476
v 0.00643877 0.08332801 0.09408157
v 0.01120695 0.08450013 0.09730066
v 0.01515537 0.08954601 0.09562069
v 0.01910369 0.09416665 0.07655048
v 0.01249583 0.08798936 0.07368090
v 0.01436644 0.08338696 0.07838191
v 0.02009863 0.08899996 0.08222564
v 0.00745518 0.08389884 0.08906897
v 0.00230715 0.08254071 0.09193786
v -0.00279468 0.08108798 0.09476480
v 0.00082817 0.08411657 0.09052776
v -0.00562084 0.08446482 0.09631351
v -0.00590599 0.09100185 0.10074272
v -0.01057179 0.08454122 0.10510050
v -0.00994136 0.08171603 0.09958794
v 0.00441154 0.09141828 0.11606347
v 0.01054354 0.08930971 0.11988653
v 0.00474632 0.08079441 0.12132783
v -0.00140388 0.08315192 0.11729951
v 0.01777240 0.07811895 0.12468638
v 0.01078208 0.07902948 0.12312226
v 0.01611339 0.08788358 0.12187492
v 0.02192076 0.08662647 0.12341597
v 0.01992623 0.08980458 0.09900865
v 0.01608831 0.08447525 0.10030870
v 0.01941900 0.08296832 0.10191182
v 0.02365427 0.08817646 0.10088304
v -0.00168817 0.08760261 0.09201386
v -0.00016225 0.08149613 0.08477892
v -0.00212390 0.08353668 0.08468852
v -0.00207328 0.09186852 0.09088369
v 0.04011569 0.10176553 0.09549106
v 0.03771050 0.09553337 0.09658741
v 0.04082533 0.09242281 0.09862037
v 0.04416817 0.09885336 0.09776672
v 0.03124573 0.10839990 0.08760671
v 0.02723838 0.11699708 0.08765113
v 0.02343933 0.11380059 0.08463744
v 0.02824185 0.10501964 0.08358110
v 0.01932718 0.10769748 0.07975332
v 0.01514915 0.10035111 0.07523967
v 0.02421469 0.09955265 0.07954296
v 0.00887739 0.09234953 0.07257456
v 0.04742678 0.09200012 0.10434855
v 0.04879112 0.09753739 0.10360526
v -0.01221132 0.05114500 0.10025677
v -0.01578130 0.05232633 0.09889790
v -0.01627664 0.04914857 0.09851558
v -0.01296197 0.04766320 0.09961131
v 0.04796370 0.10377367 0.11903560
v 0.05032169 0.10040066 0.11451119
v 0.04770544 0.09734038 0.11630308
v 0.04440468 0.10093311 0.12042860
v 0.04496268 0.09264423 0.11826948
v 0.04040085 0.09670040 0.12204828
v -0.02135147 0.05290721 0.10274318
v -0.02161264 0.05245821 0.10603030
v -0.02250263 0.04857253 0.10486259
v -0.02195945 0.04927716 0.10194208
v 0.00694997 0.07939957 0.09782848
v 0.00185518 0.07928965 0.09497090
v -0.00296653 0.07607482 0.09576023
v -0.00695334 0.07310693 0.09705277
v -0.00429323 0.07040092 0.09813666
v 0.00173076 0.07400682 0.09839129
v 0.01278450 0.07768272 0.10223401
v 0.00862404 0.07191043 0.10296120
v 0.01348594 0.07203473 0.10520328
v 0.01752623 0.07713277 0.10416156
v 0.02510793 0.06792337 0.10913020
v 0.02812686 0.07184171 0.10724181
v 0.02485794 0.07409946 0.10620459
v 0.02094261 0.06952042 0.10787140
v 0.00986993 0.05824408 0.11319783
v 0.01338964 0.06170220 0.11123120
v 0.01019440 0.06295372 0.10990723
v 0.00690021 0.05975418 0.11177713
v 0.05154086 0.10676288 0.11747582
v 0.05325833 0.10305320 0.11287820
v 0.03448756 0.06677118 0.12473173
v 0.02856599 0.06887705 0.12781995
v 0.03051078 0.07520125 0.12556974
v 0.03634749 0.07365781 0.12300586
v 0.03915035 0.10454334 0.12251604
v 0.04325996 0.10787779 0.12159290
v -0.02026812 0.05158243 0.10934536
v -0.02113232 0.04714904 0.10814004
v 0.01025842 0.10711622 0.08059876
v 0.00426842 0.09636637 0.07580170
v 0.01577194 0.11472126 0.08658179
v 0.02348939 0.12223644 0.09280598
v 0.02003612 0.11905731 0.09066977
v 0.00206483 0.07036752 0.10066773
v 0.01212503 0.08063920 0.10042293
v 0.02218200 0.08198323 0.10292273
v 0.03584354 0.07789048 0.10419840
v 0.03420141 0.07406838 0.10620892
v 0.03846887 0.07329236 0.10847345
v 0.04148494 0.07722490 0.10763744
v 0.03608491 0.06524723 0.11539549
v 0.03726211 0.06553746 0.12010780
v 0.03932327 0.07095250 0.11816082
v 0.03836354 0.06927694 0.11359192
v -0.00435778 0.08525759 0.08251200
v -0.00244062 0.09475066 0.08698958
v 0.05054988 0.09815615 0.10904585
v 0.04919810 0.09406277 0.11074014
v 0.05262171 0.10183480 0.10772451
v 0.03261403 0.09902879 0.09304025
v 0.02828022 0.09372386 0.09811174
v 0.03098571 0.09219297 0.09914301
v 0.03541848 0.09790506 0.09540887
v 0.02039472 0.09158994 0.09200953
v 0.02493895 0.09436174 0.08584540
v 0.01634741 0.08704909 0.08859595
v 0.03632063 0.10492625 0.09284359
v 0.03747883 0.10961625 0.09154935
v 0.04206738 0.10631513 0.09470025
v 0.04659408 0.10322731 0.09822265
v 0.05052289 0.10159532 0.10309354
v 0.03908339 0.11236088 0.08843187
v 0.04393883 0.10869148 0.09115797
v 0.04869984 0.10580690 0.09514836
v 0.05277110 0.10423106 0.09971842
v 0.04746257 0.11181306 0.12026266
v 0.05354810 0.11611637 0.11703011
v 0.05663491 0.11035065 0.11366900
v 0.03240605 0.11334556 0.08908987
v 0.03418678 0.11705691 0.08814033
v 0.03035901 0.12248302 0.08940370
v 0.02807464 0.12648975 0.09390465
v 0.00511164 0.07767313 0.07775750
v 0.00837289 0.08003133 0.08073164
v 0.00904540 0.08116212 0.07559785
v 0.00460361 0.07866600 0.07278979
v -0.01028117 0.07518076 0.09817884
v -0.00691045 0.07892492 0.09669653
v -0.01312546 0.07691324 0.10147989
v 0.04001960 0.08648619 0.10099619
v 0.04588898 0.08632984 0.10582660
v -0.00252235 0.06803845 0.10043810
v -0.01740910 0.06572819 0.10244893
v -0.01827762 0.06570772 0.10649984
v -0.02069166 0.05736168 0.10701598
v -0.02023457 0.05744972 0.10319252
v -0.00587385 0.06161920 0.10194688
v -0.00562506 0.06058329 0.10613145
v -0.00402622 0.06396835 0.10504323
v -0.00463516 0.06559093 0.10161966
v 0.01491910 0.05748845 0.11381280
v 0.01789964 0.06080548 0.11238931
v -0.01152379 0.07818171 0.11290204
v -0.00707607 0.08554070 0.11199112
v -0.00625297 0.07390683 0.11634982
v 0.01712566 0.06534962 0.10958172
v 0.01743797 0.07091407 0.10673140
v 0.01388363 0.06642523 0.10821836
v 0.00153708 0.06573082 0.10466493
v 0.00535205 0.06825121 0.10378048
v 0.00182328 0.06821383 0.10219330
v -0.00125314 0.06654600 0.10272871
v 0.03917458 0.08066863 0.12173693
v 0.04282651 0.07671929 0.11535323
v -0.01912362 0.05293975 0.10013774
v -0.01940293 0.04968920 0.09963755
v 0.05714402 0.10600836 0.10891451
v 0.05552734 0.10400896 0.10413811
v 0.02128118 0.07602579 0.10531890
v -0.00168395 0.09316828 0.11014839
v 0.02528578 0.08071518 0.10357663
v 0.01833145 0.05746187 0.12082369
v 0.01570353 0.05852463 0.12415809
v 0.01782533 0.06347520 0.12493837
v 0.02154941 0.06073022 0.12178476
v -0.01043427 0.05025676 0.10351928
v -0.01078447 0.04973285 0.10742423
v -0.00920932 0.05410022 0.10753683
v -0.00908656 0.05434432 0.10339034
v -0.01094804 0.06415158 0.09831312
v -0.00785269 0.06279418 0.09944848
v -0.00616873 0.06731552 0.09910586
v -0.00887776 0.06926394 0.09801825
v -0.01203200 0.07059339 0.09914750
v -0.01453483 0.06519387 0.09969134
v -0.01218949 0.06326384 0.11238489
v -0.00807536 0.06091790 0.11052730
v -0.01139360 0.05360181 0.11096705
v -0.01559820 0.05492376 0.11203918
v 0.02603711 0.09486148 0.12298249
v 0.03159368 0.09273998 0.12395470
v 0.02787934 0.08459155 0.12446062
v 0.02437443 0.07634674 0.12541295
v 0.02145613 0.06861743 0.12634538
v 0.01388052 0.07060102 0.12657276
v 0.03314520 0.08286947 0.12409974
v -0.00624222 0.06637469 0.11474461
v -0.00527925 0.06495039 0.11112486
v -0.00950801 0.06837372 0.11288284
v 0.02959970 0.07867119 0.10439591
v -0.01785800 0.05714057 0.10033494
v 0.02052140 0.12121897 0.10725698
v 0.02533167 0.11883331 0.11464586
v 0.02088561 0.11360840 0.11549130
v 0.01583410 0.11715187 0.10622285
v -0.01097994 0.05512599 0.10026111
v -0.01425960 0.05616735 0.09880867
v 0.01956954 0.05568357 0.11758525
v 0.02283601 0.05783765 0.11677092
v 0.02151187 0.05939643 0.11420936
v 0.01802159 0.05659518 0.11530741
v 0.03646868 0.09062218 0.12344399
v 0.02797759 0.06335361 0.12810514
v 0.03347075 0.06018297 0.12414292
v 0.03324053 0.10799258 0.12206840
v 0.03531017 0.09967338 0.12332929
v 0.02981099 0.10230610 0.12263329
v 0.00552019 0.06983486 0.12334314
v 0.02086044 0.09613003 0.12138045
v 0.02498343 0.10393049 0.12089388
v 0.02806051 0.11072969 0.11990426
v 0.03166516 0.11569821 0.11908404
v 0.03701066 0.11239900 0.12139353
v -0.01652531 0.05042033 0.11105683
v -0.01897168 0.05660145 0.11019389
v 0.04158317 0.11695658 0.12016329
v 0.04851802 0.12170032 0.11741839
v 0.03609279 0.12029490 0.11780172
v 0.04287342 0.12534480 0.11558974
v 0.01978872 0.10551494 0.11821740
v 0.01447271 0.10752778 0.11391101
v 0.01575210 0.09761763 0.11906075
v 0.00985351 0.09916439 0.11521617
v -0.00096720 0.07315251 0.12238749
v -0.01184283 0.04566329 0.10635249
v -0.01346210 0.03917871 0.10526411
v -0.01606328 0.03965731 0.10770416
v -0.01447304 0.04516151 0.10875601
v -0.01281349 0.04956974 0.10999956
v -0.01742688 0.04518956 0.10864309
v 0.00352618 0.10115413 0.10840101
v -0.00183688 0.06339792 0.10638801
v 0.00842393 0.11017716 0.10343299
v -0.00226923 0.09880909 0.09957633
v 0.00072348 0.10380207 0.09441537
v 0.01393892 0.11846529 0.09537195
v 0.00764063 0.11185140 0.08999723
v 0.02261412 0.12463280 0.09975449
v 0.01875127 0.12186615 0.09856542
v 0.02764934 0.12886729 0.09936427
v 0.00163782 0.10227385 0.08376847
v -0.01617331 0.04468906 0.09833022
v -0.01320187 0.04362324 0.10025584
v 0.03086404 0.12974354 0.10600445
v 0.02473969 0.12455783 0.10701257
v 0.01218750 0.08280292 0.08473782
v 0.02897817 0.08552187 0.10190339
v 0.03245392 0.08359811 0.10197946
v 0.03770758 0.08174592 0.10256076
v 0.04386535 0.08113881 0.10685516
v 0.03668016 0.12839721 0.11176258
v 0.04649332 0.11092418 0.08490669
v 0.05151263 0.10750328 0.08790784
v 0.05174838 0.13031180 0.11080840
v -0.01962343 0.04466511 0.09872485
v 0.00567246 0.05851430 0.11549207
v 0.00663954 0.05784110 0.11659725
v 0.00708900 0.08419532 0.07212560
v 0.00207717 0.08117155 0.07051389
v 0.00287394 0.08759363 0.07198305
v -0.00072220 0.08970907 0.07469335
v -0.00448650 0.08441420 0.07408001
v -0.00145536 0.08293367 0.07143526
v 0.03308902 0.09013433 0.09936396
v 0.03575809 0.08799058 0.09987375
v 0.04554999 0.08290260 0.11419466
v 0.04199941 0.08702357 0.12016910
v -0.01487907 0.07159049 0.10213263
v -0.01401835 0.07786100 0.10663992
v -0.01565590 0.07180978 0.10637656
v -0.01622378 0.06535964 0.11054410
v -0.00602092 0.06426956 0.10962923
v -0.00458611 0.06343004 0.10844922
v 0.02914589 0.09771148 0.08971420
v 0.02448776 0.09382093 0.09543611
v 0.00554457 0.08169623 0.08577682
v 0.00340228 0.07915128 0.08290701
v 0.00985789 0.06782086 0.10608881
v 0.00083444 0.06308150 0.12090611
v -0.00375572 0.06629455 0.12001741
v 0.00607520 0.06454531 0.10745634
v -0.02334304 0.04267831 0.10345543
v -0.02210470 0.04383151 0.10050366
v -0.01368105 0.07180162 0.11132476
v 0.02155947 0.06412232 0.11083192
v 0.00601891 0.06266857 0.12202452
v 0.00350932 0.05995919 0.11892663
v 0.03555765 0.06164586 0.12012862
v 0.02980319 0.12284142 0.11340501
v -0.01199703 0.04210506 0.10334329
v -0.01113843 0.04692503 0.10333710
v -0.01892805 0.03968552 0.10777815
v -0.02177185 0.04189648 0.10684153
v 0.04762686 0.08869776 0.11266142
v 0.02638455 0.08690750 0.10165047
v 0.05650863 0.10591477 0.09187308
v -0.00560957 0.08560704 0.07862214
v -0.00211601 0.09240241 0.07975525
v 0.00301205 0.06211877 0.10892650
v 0.02352344 0.06270502 0.12557795
v 0.01020564 0.05914788 0.12563274
v 0.00597516 0.05849267 0.12283854
v 0.01188078 0.06467541 0.12613595
v 0.00553535 0.05686660 0.11956009
v -0.01944097 0.03522647 0.10639753
v -0.02227054 0.03696333 0.10532308
v -0.02372373 0.03833756 0.10216296
v -0.02213971 0.03993093 0.09964552
v -0.01944629 0.04113792 0.09822288
v -0.01650319 0.03468592 0.10572506
v -0.01404849 0.03516425 0.10406150
v -0.01236610 0.03878122 0.10249630
v -0.01644674 0.03098065 0.10434406
v -0.01965778 0.03063242 0.10466439
v -0.02321501 0.03089033 0.10070078
v -0.02305365 0.02865185 0.09945173
v -0.02303440 0.03025834 0.09783050
v -0.02372527 0.03333688 0.10023255
v -0.02217873 0.02713819 0.09665644
v -0.02266258 0.02565666 0.09840855
v -0.02250611 0.03067096 0.10266509
v -0.02228272 0.02769094 0.10182259
v -0.01978317 0.02426733 0.10219709
v -0.02189700 0.02444019 0.10073909
v -0.02005462 0.02726980 0.10300206
v -0.02077544 0.02956783 0.10359133
v -0.02265640 0.03279695 0.10359118
v -0.02134687 0.02197491 0.09963376
v -0.01963451 0.02180604 0.09826545
v -0.02116719 0.02413960 0.09650436
v -0.02217594 0.02355857 0.09788072
v -0.02211379 0.03620000 0.09822133
v -0.02147139 0.03180484 0.09656419
v -0.02042201 0.02821241 0.09567216
v -0.01930922 0.02511579 0.09572842
v -0.01827324 0.02873524 0.09546761
v -0.01900728 0.03255978 0.09591053
v -0.01744319 0.02613336 0.09586324
v -0.01628096 0.02863428 0.09601493
v -0.01630598 0.03245502 0.09622142
v -0.01646198 0.03832212 0.09744895
v -0.01951169 0.03785854 0.09723372
v -0.01629274 0.02676675 0.09628975
v -0.01779535 0.02299050 0.09774064
v -0.01813458 0.02763943 0.10393380
v -0.01768538 0.02475487 0.10278931
v -0.01620126 0.02759458 0.10340938
v -0.01600933 0.02533191 0.10254591
v -0.01972464 0.02208821 0.10134136
v -0.01801717 0.02203524 0.10096879
v -0.01624265 0.04127235 0.09789551
v -0.01340917 0.03992362 0.09967911
v -0.01361460 0.03661212 0.09884380
v -0.01374664 0.03147875 0.09787360
v -0.01285342 0.03438258 0.10123548
v -0.01437970 0.03184904 0.10354350
v -0.01449348 0.02826968 0.10232789
v -0.01317989 0.02986073 0.10044460
v -0.01395778 0.02673292 0.09944708
v -0.01463240 0.02560941 0.10095764
v -0.01464746 0.02783044 0.09753129
v -0.01518828 0.02422871 0.09946249
v -0.01642581 0.02295900 0.10031505
v -0.01471196 0.02542483 0.09880867
v -0.01543945 0.02593752 0.09748052
v -0.01636581 0.02444623 0.09744872
v -0.00202734 0.04367196 0.10910118
v -0.00527091 0.04436707 0.10825202
v -0.00561445 0.04043565 0.10689749
v -0.00234092 0.03967317 0.10776352
v -0.01055098 0.04403006 0.11172968
v -0.01158184 0.04332319 0.11543790
v -0.01173141 0.03894645 0.11354579
v -0.01050161 0.03991545 0.10987821
v -0.00917548 0.04233043 0.11906934
v -0.00908103 0.03803615 0.11666675
v -0.00714462 0.05851159 0.11130712
v -0.00838289 0.05888474 0.11529255
v -0.01109782 0.04904455 0.11630083
v -0.01003222 0.04938473 0.11229481
v 0.00403752 0.05545069 0.11175313
v 0.00446301 0.05406400 0.11504002
v -0.00812676 0.04439826 0.10933607
v -0.00825841 0.04036952 0.10772211
v 0.00000213 0.04229997 0.11121827
v 0.00064799 0.04148943 0.11441492
v 0.00144398 0.04613883 0.11530192
v 0.00114914 0.04726660 0.11191504
v -0.00242041 0.05832732 0.10732927
v 0.00115576 0.05689945 0.10909375
v -0.00528404 0.05856991 0.10860648
v -0.00164239 0.05613314 0.12090046
v 0.00203117 0.05399369 0.11894489
v -0.00008643 0.04588749 0.11872873
v -0.00384898 0.04645107 0.12071557
v -0.00770001 0.04964412 0.10973480
v -0.00114481 0.04862737 0.10942616
v -0.00462753 0.04943256 0.10843119
v -0.00433841 0.04093240 0.11937326
v -0.00844268 0.04823696 0.11978027
v 0.00042695 0.03705744 0.11242576
v -0.00039263 0.03085299 0.11074455
v -0.00224742 0.03025114 0.11291929
v -0.00127028 0.03617133 0.11475460
v -0.00088048 0.04073799 0.11686333
v -0.00458208 0.03662005 0.11685365
v -0.00553086 0.03384818 0.10498665
v -0.00229599 0.03297967 0.10598843
v -0.00824571 0.03385619 0.10547098
v -0.00633147 0.05833165 0.11966976
v -0.01144005 0.03250034 0.11078580
v -0.01027246 0.03342290 0.10751269
v -0.00044157 0.03136986 0.10783774
v -0.00025784 0.03770766 0.10940789
v -0.00517166 0.03046304 0.11430997
v -0.00926724 0.03165718 0.11382998
v -0.00506860 0.02598175 0.11216200
v -0.00913989 0.02635784 0.11209096
v -0.01131282 0.02765379 0.10953296
v -0.01017734 0.02931046 0.10632757
v -0.00814458 0.03020846 0.10461555
v -0.00276789 0.02549715 0.11098385
v -0.00121612 0.02600051 0.10914011
v -0.00082798 0.02794223 0.10678333
v -0.00214501 0.02085654 0.10874819
v -0.00462603 0.01992569 0.10980616
v -0.00929691 0.01777022 0.10576128
v -0.00907794 0.01472426 0.10413858
v -0.00919932 0.01630826 0.10246464
v -0.01019243 0.01939931 0.10454133
v -0.00942398 0.01966809 0.10732393
v -0.01064635 0.02216975 0.10748761
v -0.00763800 0.01926348 0.10839350
v -0.00744630 0.01662321 0.10748436
v -0.00447822 0.01337444 0.10625195
v -0.00727991 0.01307493 0.10596591
v -0.00483544 0.01675320 0.10739722
v -0.00540750 0.01892063 0.10843537
v -0.00783391 0.01318409 0.10148260
v -0.00857270 0.01241067 0.10298194
v -0.00816893 0.02166186 0.10997541
v -0.01020845 0.02565255 0.10531163
v -0.00951144 0.02140011 0.10284619
v -0.00818053 0.01769770 0.10094449
v -0.00648355 0.01452896 0.10022287
v -0.00652446 0.01884807 0.09988730
v -0.00755085 0.02288033 0.10137324
v -0.00507608 0.01600024 0.09976997
v -0.00423927 0.01933000 0.09971022
v -0.00470281 0.02355675 0.10070658
v -0.00539158 0.02836724 0.10332967
v -0.00818803 0.02760654 0.10382498
v -0.00396433 0.01701850 0.09977840
v -0.00575652 0.01077860 0.10240745
v -0.00444491 0.01242483 0.10123076
v -0.00712457 0.01016588 0.10430103
v -0.00322646 0.01744025 0.10703656
v -0.00297695 0.01411548 0.10542284
v -0.00150810 0.01795523 0.10657515
v -0.00167754 0.01465673 0.10479928
v -0.00461948 0.01095421 0.10519770
v -0.00348290 0.01135038 0.10413989
v -0.00551408 0.03047326 0.10433229
v -0.00256322 0.02978086 0.10524793
v -0.00223575 0.02792331 0.10400786
v -0.00170208 0.02305571 0.10175239
v -0.00021429 0.02624767 0.10567785
v -0.00033663 0.02355114 0.10741115
v -0.00033841 0.01943804 0.10547013
v -0.00008371 0.02144210 0.10371191
v -0.00066866 0.01741289 0.10221845
v -0.00095794 0.01567348 0.10369256
v -0.00189359 0.01887315 0.10059095
v -0.00179931 0.01409389 0.10231078
v -0.00248135 0.01245350 0.10310337
v -0.00144837 0.01575908 0.10164598
v -0.00258992 0.01627939 0.10044205
v -0.00342797 0.01429101 0.10064714
v 0.01031066 0.04185094 0.11408538
v 0.00685068 0.04231785 0.11449463
v 0.00633626 0.03931705 0.11334217
v 0.00990198 0.03929309 0.11279957
v 0.00309134 0.04175586 0.11896563
v 0.00332354 0.04162944 0.12175155
v 0.00349134 0.03726493 0.11984095
v 0.00307526 0.03787545 0.11760305
v 0.00637281 0.04070157 0.12401917
v 0.00597978 0.03627507 0.12144283
v 0.00551457 0.05295202 0.11928055
v 0.00536344 0.05346773 0.12269451
v 0.00384499 0.04609862 0.12283173
v 0.00363945 0.04576757 0.11951969
v 0.00444826 0.04196811 0.11633047
v 0.00410539 0.03856366 0.11536499
v 0.01302789 0.04052337 0.11465530
v 0.01407314 0.03937749 0.11644432
v 0.01537586 0.04418446 0.11838642
v 0.01437240 0.04470380 0.11589994
v 0.01372949 0.05323582 0.11462086
v 0.01010936 0.05352983 0.11448225
v 0.00736462 0.05317568 0.11632119
v 0.01367826 0.05221516 0.12484929
v 0.01684285 0.05184092 0.12151117
v 0.01480707 0.04361778 0.12133773
v 0.01171050 0.04430016 0.12445652
v 0.00528335 0.04569045 0.11670815
v 0.01158589 0.04544716 0.11416362
v 0.00794715 0.04586114 0.11460561
v 0.01075642 0.03962472 0.12313171
v 0.00713077 0.04570442 0.12475464
v 0.01382817 0.03709637 0.11593322
v 0.01256367 0.03051609 0.11424782
v 0.01143474 0.02933190 0.11640725
v 0.01274413 0.03592630 0.11873647
v 0.01365403 0.03970022 0.12003629
v 0.00980126 0.03568832 0.12108249
v 0.00621745 0.03402111 0.11125194
v 0.00939054 0.03366781 0.11095258
v 0.00403594 0.03317165 0.11310775
v 0.00871072 0.05318067 0.12524438
v 0.01812708 0.05197086 0.11821113
v 0.00311231 0.03086641 0.11715819
v 0.00300958 0.03212417 0.11503081
v 0.01200005 0.03169495 0.11171482
v 0.01269836 0.03839657 0.11393044
v 0.00884239 0.02909311 0.11832838
v 0.00532245 0.02964256 0.11867580
v 0.00831625 0.02402401 0.11572286
v 0.00479823 0.02508488 0.11654385
v 0.00252532 0.02619369 0.11523080
v 0.00261824 0.02790810 0.11333853
v 0.00374424 0.02940531 0.11169145
v 0.01076676 0.02447208 0.11356940
v 0.01147414 0.02586217 0.11225712
v 0.01101142 0.02838089 0.11080228
v 0.01085605 0.02226405 0.11159904
v 0.00809397 0.02083758 0.11342413
v 0.00259791 0.01901892 0.11044031
v 0.00215525 0.01642261 0.10860525
v 0.00152837 0.01745724 0.10770834
v 0.00163828 0.01995545 0.10986567
v 0.00285756 0.02047538 0.11238172
v 0.00219062 0.02214243 0.11308662
v 0.00456977 0.02007673 0.11328111
v 0.00438816 0.01779437 0.11179787
v 0.00691891 0.01577042 0.10981529
v 0.00409338 0.01529472 0.10990800
v 0.00721775 0.01836061 0.11147715
v 0.00684810 0.01989632 0.11306464
v 0.00192552 0.01502396 0.10636092
v 0.00215761 0.01452919 0.10751810
v 0.00466382 0.02172965 0.11439387
v 0.00188478 0.02450992 0.11154386
v 0.00161768 0.02156964 0.10868519
v 0.00166133 0.01886177 0.10642423
v 0.00258847 0.01655240 0.10505685
v 0.00289669 0.02023662 0.10548638
v 0.00282596 0.02312122 0.10743661
v 0.00371628 0.01813157 0.10443631
v 0.00458620 0.02102940 0.10488062
v 0.00471066 0.02419002 0.10646579
v 0.00526650 0.02770278 0.10912161
v 0.00313945 0.02633686 0.11015094
v 0.00476990 0.01920168 0.10441286
v 0.00425812 0.01345900 0.10656400
v 0.00517438 0.01509741 0.10512882
v 0.00381349 0.01320511 0.10825427
v 0.00898837 0.01889331 0.11114498
v 0.00842381 0.01633187 0.10928971
v 0.01041969 0.01965331 0.10972087
v 0.00945309 0.01720796 0.10814917
v 0.00620058 0.01396534 0.10869479
v 0.00703169 0.01431968 0.10784354
v 0.00583678 0.03060018 0.11051453
v 0.00866722 0.03050356 0.11036981
v 0.00795135 0.02813281 0.10908222
v 0.00747596 0.02433501 0.10630768
v 0.01050485 0.02702199 0.10974587
v 0.01137732 0.02370650 0.11009359
v 0.01083748 0.02177148 0.10907943
v 0.00994296 0.02323344 0.10751818
v 0.00907283 0.02014313 0.10577761
v 0.00972731 0.01861752 0.10691204
v 0.00695005 0.02103989 0.10483550
v 0.00814942 0.01715042 0.10569735
v 0.00787214 0.01545810 0.10663544
v 0.00807991 0.01854833 0.10512619
v 0.00638686 0.01876333 0.10447532
v 0.00585712 0.01703301 0.10452384
v 0.01635198 0.05253843 0.11611656
v 0.02612460 0.04568732 0.11690465
v 0.02314597 0.04639024 0.11705302
v 0.02309682 0.04375582 0.11648139
v 0.02597355 0.04323407 0.11619310
v 0.01926587 0.04624571 0.12137194
v 0.01977015 0.04515911 0.12409417
v 0.02003499 0.04152898 0.12265404
v 0.01937084 0.04267978 0.12010633
v 0.02280270 0.04354047 0.12525383
v 0.02285023 0.04009206 0.12362787
v 0.02165266 0.05671205 0.12180217
v 0.02252274 0.05720191 0.12503890
v 0.02020530 0.04934766 0.12457230
v 0.01962309 0.05008065 0.12160551
v 0.03147166 0.05284463 0.11659934
v 0.03310112 0.05219356 0.11877029
v 0.03422726 0.05726467 0.11887145
v 0.03311909 0.05895219 0.11685249
v 0.02061830 0.04677477 0.11880048
v 0.02073238 0.04343746 0.11789389
v 0.02868030 0.04457723 0.11738271
v 0.03039151 0.04329842 0.11885001
v 0.03088410 0.04575480 0.11942767
v 0.02920614 0.04686269 0.11749749
v 0.02623654 0.05500479 0.11623590
v 0.02880714 0.05351908 0.11581349
v 0.03040517 0.05908910 0.11519829
v 0.02674275 0.05879090 0.11534673
v 0.02384874 0.05540251 0.11823852
v 0.03096098 0.05371058 0.12492305
v 0.03294442 0.05238337 0.12166124
v 0.03038457 0.04552046 0.12232488
v 0.02742904 0.04616112 0.12505725
v 0.02108267 0.04954788 0.11900758
v 0.02660439 0.04828718 0.11689274
v 0.02365847 0.04869199 0.11723791
v 0.02688061 0.04252271 0.12382174
v 0.02319982 0.04805965 0.12625390
v 0.03018914 0.04056555 0.11783252
v 0.02980704 0.03607478 0.11630958
v 0.02931976 0.03489597 0.11815672
v 0.02967330 0.03944192 0.12024301
v 0.02975444 0.04225752 0.12136776
v 0.02693422 0.03910724 0.12249639
v 0.02273671 0.03931898 0.11468958
v 0.02565293 0.03919871 0.11448813
v 0.02063037 0.03884441 0.11606432
v 0.02605593 0.05644237 0.12710213
v 0.02002175 0.03657888 0.12025872
v 0.01948362 0.03778157 0.11794977
v 0.02826380 0.03781523 0.11501874
v 0.02847962 0.04203513 0.11658432
v 0.02702192 0.03492038 0.12061836
v 0.02303839 0.03558422 0.12145924
v 0.02651747 0.03118601 0.11870443
v 0.02255970 0.03188185 0.11989458
v 0.01962508 0.03322586 0.11870706
v 0.01910863 0.03497862 0.11680559
v 0.02016774 0.03620151 0.11510743
v 0.02898625 0.03163644 0.11589947
v 0.02905705 0.03317393 0.11443303
v 0.02749052 0.03510086 0.11393245
v 0.02763710 0.02890872 0.11418761
v 0.02509500 0.02776276 0.11582533
v 0.01877738 0.02771261 0.11452528
v 0.01796853 0.02597807 0.11312307
v 0.01747505 0.02682850 0.11220898
v 0.01796568 0.02885377 0.11404289
v 0.01959953 0.02895906 0.11622986
v 0.01918690 0.03056899 0.11669445
v 0.02142262 0.02814740 0.11675590
v 0.02048251 0.02628571 0.11547505
v 0.02247258 0.02357621 0.11316935
v 0.01968214 0.02420066 0.11410875
v 0.02332471 0.02523707 0.11478919
v 0.02339735 0.02692892 0.11576102
v 0.01748692 0.02459745 0.11096249
v 0.01767076 0.02427964 0.11220240
v 0.02194883 0.02937961 0.11764298
v 0.01863499 0.03267316 0.11546700
v 0.01788393 0.03010788 0.11309157
v 0.01744210 0.02753387 0.11084709
v 0.01816684 0.02524957 0.10959023
v 0.01856876 0.02854539 0.11005908
v 0.01884633 0.03130725 0.11213739
v 0.01924315 0.02642107 0.10907169
v 0.02007524 0.02925207 0.10972040
v 0.02063089 0.03217266 0.11143087
v 0.02155360 0.03511209 0.11329550
v 0.01962945 0.03422473 0.11425982
v 0.02005278 0.02738709 0.10901326
v 0.01944101 0.02274923 0.11085205
v 0.02005630 0.02383838 0.10955231
v 0.01920543 0.02256260 0.11262977
v 0.02494221 0.02547339 0.11367558
v 0.02376257 0.02363213 0.11211905
v 0.02623450 0.02655836 0.11256236
v 0.02439547 0.02455756 0.11096032
v 0.02143187 0.02246527 0.11241786
v 0.02192419 0.02262416 0.11122392
v 0.02220026 0.03694603 0.11386566
v 0.02503094 0.03660148 0.11348612
v 0.02429035 0.03469869 0.11262799
v 0.02306056 0.03196153 0.11091884
v 0.02669325 0.03295115 0.11260632
v 0.02801140 0.03090724 0.11296774
v 0.02640125 0.02818196 0.11152831
v 0.02537445 0.03025946 0.11076947
v 0.02365156 0.02775707 0.10953721
v 0.02438019 0.02605821 0.11006093
v 0.02197296 0.02901854 0.10945433
v 0.02230848 0.02512508 0.10935851
v 0.02223664 0.02370747 0.10999964
v 0.02229975 0.02639561 0.10910652
v 0.02115714 0.02680823 0.10895839
v 0.02063752 0.02526725 0.10897944
v 0.03418505 0.05716185 0.12156093
v -0.00526222 0.07663579 0.08290956
v -0.00783757 0.07793123 0.08112000
v 0.00237852 0.07355709 0.07575952
v 0.00060114 0.07399269 0.08039769
v 0.00109314 0.07438334 0.07108320
v -0.00547434 0.07720784 0.07005031
v -0.00203615 0.07580909 0.06949346
v -0.00227005 0.07535301 0.08280315
v -0.00926543 0.07854881 0.07810051
v -0.00825104 0.07838251 0.07309077
v -0.01238224 0.07332382 0.07545459
v -0.01080718 0.07251154 0.07100967
v -0.00675727 0.07117082 0.06813846
v -0.00326920 0.07038927 0.06879948
v -0.00008966 0.07011770 0.07073617
v -0.01111245 0.07367302 0.08000763
v -0.00825426 0.07309780 0.08208014
v -0.00455379 0.07228389 0.08190872
v -0.01441181 0.06922199 0.07840931
v -0.01555890 0.06607182 0.07382934
v -0.01064666 0.06098732 0.06703058
v -0.01190945 0.05861766 0.06686929
v -0.00915126 0.05789082 0.06805736
v -0.00765556 0.06054780 0.06762040
v -0.01053624 0.06262805 0.06775506
v -0.00785316 0.06379766 0.06788260
v -0.01481971 0.06200016 0.06813065
v -0.01364331 0.06356351 0.06929534
v -0.01590687 0.06407062 0.07129827
v -0.01722946 0.06269995 0.07156280
v -0.01597356 0.05951047 0.06754796
v -0.01586448 0.05726328 0.06877185
v -0.01318692 0.05681417 0.06760399
v -0.01156554 0.05627984 0.06921725
v -0.01292483 0.06530570 0.06996959
v -0.00351236 0.06508343 0.06912515
v -0.00472578 0.06067156 0.06948890
v -0.05561368 0.37486165 -0.00590943
v -0.05384636 0.37960174 0.00030570
v -0.00709670 0.05758674 0.07041057
v -0.01006483 0.05625535 0.07198103
v -0.00596405 0.05813925 0.07394721
v -0.00285910 0.06102242 0.07282818
v -0.00911182 0.05716499 0.07476100
v -0.00667100 0.05904851 0.07670434
v -0.00334835 0.06217333 0.07667833
v -0.00023529 0.06751052 0.07585595
v -0.00069826 0.06635771 0.07190681
v -0.00888328 0.05781973 0.07638052
v -0.01489528 0.05617409 0.07114457
v -0.01340822 0.05673426 0.07375233
v -0.01715706 0.06348534 0.07471054
v -0.01773664 0.06088222 0.07430546
v -0.01806456 0.06057276 0.07096858
v -0.01574537 0.06460874 0.07794309
v -0.01639199 0.06108042 0.07723703
v -0.01776959 0.05861580 0.07064608
v -0.01722348 0.05839101 0.07312297
v 0.00109876 0.07026385 0.07498613
v -0.00088689 0.07068406 0.07910585
v -0.00285709 0.06878828 0.07996499
v -0.00598866 0.06366183 0.07962585
v -0.00725201 0.06957366 0.08225915
v -0.01161197 0.07008573 0.08153878
v -0.01336567 0.06498827 0.08043631
v -0.00976599 0.06501319 0.08137780
v -0.01151159 0.06111223 0.07986500
v -0.01405669 0.06121033 0.07914346
v -0.00868792 0.06033203 0.07897420
v -0.01364389 0.05886930 0.07756851
v -0.01564175 0.05841082 0.07578885
v -0.01203376 0.05938896 0.07840861
v -0.01054717 0.05862102 0.07753461
v -0.01185134 0.05757881 0.07601848
v 0.03440046 0.06220348 0.11630099
v 0.03111011 0.06232456 0.11395389
v 0.03294837 0.06556752 0.11271745
v 0.03568515 0.06909030 0.11044333
v 0.04050275 0.07283617 0.11190498
v 0.03185389 0.07010311 0.10847198
v 0.02916075 0.06637210 0.11088045
v 0.02606043 0.06213773 0.11276466
v 0.03058620 0.07475246 0.10569201
v -0.03601864 0.27567928 0.07028249
v -0.03710562 0.26155434 0.06996293
v 0.07329334 0.21816299 0.02766348
v 0.08242432 0.22471374 0.03512975
v 0.11758961 0.24739291 0.03115229
v 0.12505412 0.25447720 0.01725356
v -0.01122031 0.11940509 0.00029642
v -0.01492381 0.22804859 -0.12945349
v -0.01283598 0.24043782 -0.12480587
v -0.06987939 0.24886225 -0.12752516
v -0.05630843 0.24589245 -0.13165083
v 0.02757802 0.17247786 -0.06852172
v 0.02558986 0.18054408 -0.06285112
v 0.00867023 0.14137511 -0.02662092
v 0.00738560 0.14947281 -0.02204652
v 0.02604863 0.15409966 -0.05781221
v -0.03894367 0.20854778 -0.15027332
v -0.02403498 0.20407926 -0.14946782
v -0.02756241 0.21938855 -0.14024255
v -0.04184509 0.22450346 -0.14147543
v -0.08188462 0.24987514 -0.12078375
v -0.08237753 0.23256902 -0.12744034
v 0.02592926 0.20112489 -0.07143681
v 0.02230529 0.21393707 -0.08712749
v 0.00329536 0.23840416 -0.11045982
v -0.00944724 0.24962614 -0.11624526
v -0.02285976 0.25909401 -0.11784080
v -0.03650856 0.26709472 -0.11727769
v -0.00124288 0.14992378 -0.00254732
v -0.01320150 0.15472132 0.01390159
v 0.02549771 0.18844439 -0.05544289
v -0.04179746 0.13806187 0.02842650
v -0.04339012 0.28739630 -0.10783155
v -0.05940980 0.29193275 -0.10501862
v 0.01475331 0.22626692 -0.10049917
v -0.02958197 0.22656498 0.06957511
v -0.01717971 0.22744111 0.06774802
v -0.01859808 0.21461049 0.06836043
v -0.03083318 0.21371923 0.06927529
v -0.00672166 0.21510116 0.06630324
v 0.00425731 0.21622657 0.06301218
v 0.01377938 0.21767042 0.05869039
v 0.03394893 0.22115141 0.04352002
v 0.02848629 0.22017204 0.04875799
v 0.04290197 0.22300950 0.03072848
v 0.03875906 0.22221069 0.03792163
v 0.04624889 0.22281507 0.01993299
v 0.04807653 0.22290926 0.00620074
v 0.05001637 0.23423747 -0.00551457
v 0.04875719 0.22471186 -0.00925312
v 0.04644966 0.21285206 0.00370574
v 0.04494040 0.21291188 0.01774091
v 0.04175862 0.21262609 0.02862447
v -0.04479478 0.17567211 0.05176796
v -0.04425245 0.18715003 0.06137740
v -0.03531476 0.28935914 0.07080141
v 0.11851001 0.13057480 0.01635286
v 0.04831947 0.14245706 0.07664026
v -0.03975667 0.37905337 -0.00328503
v -0.02426471 0.37833265 -0.00458384
v 0.02410879 0.37126778 0.00248060
v 0.03714202 0.36676826 0.01667574
v 0.00784833 0.37312301 -0.00537325
v -0.00897480 0.37342593 -0.01013602
v 0.01934313 0.18445371 -0.03313757
v -0.02869800 0.36424617 -0.02642697
v -0.00916874 0.36944389 -0.01836307
v 0.01027419 0.36961687 -0.01429962
v 0.02763584 0.36777340 -0.00643926
v 0.04377596 0.36259197 0.00791577
v 0.05295694 0.35646816 0.01141564
v 0.06592201 0.34771716 0.00277810
v 0.08003423 0.33682009 0.01373426
v 0.08018893 0.33454176 0.02690139
v 0.07306982 0.34054042 0.02191046
v 0.07323400 0.34189492 0.00816335
v 0.11982594 0.27764784 0.01509460
v 0.12346551 0.26234512 -0.00295239
v 0.12272441 0.26792614 0.00790478
v 0.12100495 0.25917856 -0.01416774
v 0.11675802 0.25696282 -0.02246583
v 0.11086479 0.25700744 -0.02779652
v 0.10279694 0.26018284 -0.03127271
v 0.07863968 0.27539090 -0.03181106
v 0.07054168 0.28250281 -0.03192684
v 0.05436080 0.29171085 -0.05124138
v 0.04953792 0.29225103 -0.05744738
v 0.03083514 0.28587593 -0.07736280
v 0.02021696 0.28135818 -0.08541772
v -0.04465839 0.39125761 0.02066234
v 0.00815593 0.27847062 -0.09462642
v -0.08188470 0.30776499 -0.08869068
v -0.07832763 0.31951874 -0.08029553
v -0.09101608 0.26438066 -0.10848861
v -0.08900623 0.27916844 -0.10547833
v -0.00067004 0.13364465 -0.17736139
v -0.00599763 0.14715974 -0.17203844
v -0.02198277 0.14489587 -0.17745039
v -0.09646612 0.16158955 -0.15578310
v -0.09578891 0.17737803 -0.14365667
v -0.09450153 0.21610156 -0.12557253
v -0.09341480 0.23212864 -0.11844153
v -0.01661022 0.13085258 -0.18288818
v -0.06400616 0.17756015 -0.15877744
v -0.07220111 0.33489111 -0.06371111
v -0.06960714 0.33867579 -0.05423525
v -0.06719935 0.34601525 -0.04510874
v -0.07983939 0.17807230 -0.15172321
v 0.02956316 0.14757234 -0.13699669
v 0.03457969 0.14486836 -0.11841289
v 0.00770769 0.14904388 -0.16344889
v 0.01988339 0.14882269 -0.15206807
v 0.03528221 0.14066475 -0.09872624
v 0.01271366 0.11968365 -0.02648734
v 0.00306876 0.11378554 -0.00967507
v -0.02183709 0.10420103 0.01616750
v -0.03696979 0.10192810 0.02367216
v 0.03301383 0.13531931 -0.07965905
v -0.00832910 0.10832499 0.00521173
v 0.02819351 0.13002343 -0.06173666
v 0.02116046 0.12485581 -0.04401100
v -0.04851815 0.17726045 -0.16253905
v -0.04484011 0.16175920 -0.17135413
v -0.04075646 0.32419244 0.08056780
v -0.04115465 0.32007742 0.07729446
v -0.02903444 0.16234464 -0.17009758
v -0.03153426 0.32851275 -0.07613797
v -0.04719546 0.32897978 -0.07483684
v -0.01554600 0.32750471 -0.07511840
v 0.00405078 0.33425625 -0.06289198
v 0.00123874 0.32665708 -0.07081472
v 0.01671832 0.32487822 -0.06524025
v -0.03997493 0.32714767 0.08607324
v -0.04697345 0.27517582 0.07335755
v -0.04856248 0.26099276 0.07247233
v 0.01988822 0.33227584 -0.05836603
v -0.05604567 0.18699805 0.06247979
v -0.05836562 0.17538765 0.05303697
v -0.04558650 0.28862431 0.07339833
v -0.06082497 0.16840222 0.04250307
v 0.04763382 0.32442653 -0.04594830
v 0.04461594 0.31908250 -0.05138595
v 0.05460118 0.31510559 -0.04487486
v 0.05652354 0.32032684 -0.04190575
v 0.06984867 0.30701126 -0.03532331
v 0.06256096 0.31099985 -0.04077318
v 0.07623323 0.30202000 -0.02943044
v 0.08414545 0.29649953 -0.02620826
v 0.09141734 0.30910720 -0.01677094
v 0.08377208 0.31503131 -0.01906936
v 0.04981687 0.32965511 -0.04126076
v 0.03809958 0.33466102 -0.04574476
v -0.04090121 0.34176973 -0.05694231
v -0.05531863 0.34035808 -0.05488737
v 0.04967023 0.23103552 -0.02342783
v 0.05000641 0.23973896 -0.03772745
v 0.04882760 0.24946443 -0.04960761
v 0.04686806 0.25919633 -0.05884231
v 0.04509074 0.26923770 -0.06539534
v 0.04224074 0.27913526 -0.06929240
v 0.04452130 0.29125535 -0.06417717
v 0.03854721 0.28894536 -0.07063470
v -0.07192568 -0.00815393 -0.14990989
v 0.04272623 0.29918197 -0.06263055
v 0.03500431 0.29821497 -0.06977595
v 0.03069841 0.31558249 -0.06367985
v 0.03213521 0.30711986 -0.06754300
v 0.03195099 0.32278241 -0.05862840
v 0.03509041 0.32893878 -0.05236745
v 0.02450885 0.33879273 -0.05058524
v 0.00867176 0.34148137 -0.05491709
v 0.00249161 0.35636461 -0.04054549
v -0.00251897 0.35059619 -0.04922761
v -0.00755540 0.34350961 -0.05810104
v -0.01305665 0.33607762 -0.06684198
v 0.01109272 0.37841987 0.02440918
v -0.00278845 0.38288782 0.01728583
v 0.10205279 0.26612361 -0.02995888
v 0.10762579 0.26487458 -0.02683855
v -0.09029032 0.03695230 -0.18012711
v -0.09316448 0.05447678 -0.18417415
v 0.10461964 0.27054112 -0.02617606
v 0.10150178 0.26988933 -0.02844306
v 0.11229157 0.26593793 -0.02217066
v 0.11662713 0.26756593 -0.01455440
v 0.11222308 0.27523050 -0.01618646
v 0.10820755 0.27164027 -0.02231972
v 0.11927945 0.27111003 -0.00586408
v 0.11522721 0.27839544 -0.00864760
v 0.11970927 0.27607271 0.00218682
v 0.11843099 0.28300100 0.00791236
v 0.11655359 0.28654493 0.00339694
v 0.11651718 0.28275824 -0.00156257
v 0.10327285 0.31054505 0.00084606
v 0.10926886 0.30213621 0.00250553
v 0.11371082 0.29352999 0.00311662
v 0.09157853 0.29068125 -0.02503900
v 0.09831903 0.28465900 -0.02382021
v 0.10384989 0.27839292 -0.02300650
v 0.10788881 0.28238466 -0.01726610
v 0.10214179 0.28938526 -0.01873518
v -0.08703494 0.02224304 -0.17457276
v 0.09533773 0.29631088 -0.02050578
v -0.02961214 0.33684176 -0.06739131
v -0.04534450 0.33551710 -0.06721965
v -0.05216431 0.04243750 0.01036155
v -0.05335945 0.03649831 0.00781686
v 0.07219703 0.31309726 -0.03086841
v -0.05515183 0.02946695 0.00255320
v -0.05535216 0.02309460 -0.00252905
v 0.06519575 0.31679806 -0.03649040
v 0.07922779 0.30890396 -0.02537489
v 0.08770893 0.30294922 -0.02207020
v 0.07548836 0.31950820 -0.02513930
v 0.06760994 0.32318350 -0.03054970
v 0.05911778 0.32631694 -0.03623005
v -0.02531635 0.34318162 -0.05872452
v -0.05932255 0.33482656 -0.06596774
v -0.09652654 0.09052735 -0.18363441
v -0.09693355 0.10812612 -0.17964696
v -0.05174854 0.08928672 0.02511632
v -0.03970339 0.32841506 0.09090466
v -0.02989776 0.39455475 0.05149136
v -0.04207611 0.31438642 0.07486648
v -0.04297835 0.30694762 0.07418310
v -0.04907788 -0.00646676 -0.04501278
v -0.04399281 0.29775529 0.07404441
v -0.04767556 -0.01134965 -0.05258724
v -0.09238089 0.24983327 -0.11168526
v 0.05717322 0.28453888 0.05739134
v 0.06471905 0.30050880 0.05914685
v 0.07329961 0.31564206 0.05437286
v 0.07874445 0.32795589 0.04203082
v 0.10876182 0.15203533 -0.03150876
v -0.08244572 0.21542886 -0.13475368
v -0.08144336 0.19693022 -0.14323194
v -0.06716290 0.19618440 -0.15055055
v -0.07305197 0.29322866 -0.10162694
v -0.06239139 0.32853313 -0.07487739
v 0.01993114 0.19517819 0.05402962
v 0.01172246 0.19380745 0.05890299
v 0.01260125 0.20545726 0.05933933
v 0.02081433 0.20677114 0.05439956
v 0.03236512 0.19955907 0.04192611
v 0.02699232 0.19716225 0.04805704
v 0.02763891 0.20846729 0.04864267
v 0.03319573 0.21020835 0.04273425
v 0.03676973 0.20147773 0.03493681
v 0.03785094 0.21169114 0.03632656
v 0.02578043 0.18605258 0.04565916
v 0.01863032 0.18387168 0.05128735
v 0.01036827 0.18268243 0.05601081
v 0.03521764 0.19184410 0.03274496
v 0.03107928 0.18907426 0.03933986
v -0.03312422 0.32767656 0.09040478
v -0.03448806 0.30742094 0.07232977
v -0.03437742 0.31459555 0.07361279
v -0.04339572 0.19985471 0.06712980
v -0.04148423 0.22470522 0.07075559
v -0.04052675 0.23658132 0.06924209
v -0.03886771 0.24857501 0.06907245
v -0.03432156 0.29842174 0.07171472
v -0.04255607 0.21217071 0.06985102
v 0.05087437 0.04668054 -0.12845620
v 0.04575347 0.03241950 -0.12727085
v 0.03979464 0.03673336 -0.14403946
v 0.03262978 0.02556413 -0.14404472
v 0.04351155 0.07370549 -0.15704042
v 0.04373600 0.05823615 -0.15343452
v 0.04245226 0.09205043 -0.15857002
v 0.02015922 0.01478559 -0.14737603
v 0.00260704 0.00368645 -0.15099494
v -0.00872079 0.01413204 -0.16816182
v 0.02852638 0.08798922 -0.17203209
v 0.02995245 0.07020074 -0.16956279
v 0.04298938 0.04799549 -0.14855086
v 0.03080997 0.04252894 -0.15909630
v 0.03115298 0.03500582 -0.15349597
v 0.00956969 0.02163937 -0.16258425
v 0.02350084 0.02862925 -0.15660284
v -0.07097886 0.10968753 -0.18535517
v -0.04911222 0.11195987 -0.18875396
v -0.05240692 0.12768519 -0.18408747
v 0.00429374 0.11936485 -0.18071932
v 0.01409479 0.13714607 -0.16754453
v 0.01847806 0.03655593 -0.16615114
v 0.00224544 0.03262401 -0.17399169
v -0.01810462 0.02798426 -0.17988409
v -0.02692361 0.08079925 -0.19249964
v -0.02692285 0.06352535 -0.19127992
v -0.00717268 0.06554102 -0.18669639
v -0.00687891 0.08273684 -0.18851018
v 0.00870754 0.10294233 -0.18270074
v 0.01153419 0.08496158 -0.18186288
v -0.02786810 0.09802452 -0.19174521
v -0.00897420 0.10050383 -0.18872456
v -0.01252587 0.11680302 -0.18660507
v 0.01284440 0.06716596 -0.17926170
v -0.04629350 0.04189459 -0.18964538
v -0.02424002 0.04512281 -0.18762526
v -0.06836250 0.03988051 -0.18656869
v -0.03053961 0.11469355 -0.18907159
v -0.03357497 0.12986717 -0.18467302
v -0.03959175 0.14606213 -0.17861221
v -0.05204710 0.19412193 -0.15582411
v 0.06124548 0.14440050 0.05960239
v -0.03816263 0.01486898 -0.01894290
v -0.03491053 -0.00056917 -0.03392219
v 0.03493258 0.10604274 -0.09553053
v 0.05460003 0.07456169 -0.11996571
v 0.05085719 0.05831099 -0.13460740
v -0.04744978 0.06279894 -0.00753175
v -0.04608967 0.04450537 -0.00464328
v 0.01711248 0.11851205 -0.07631257
v -0.02280859 0.11463011 -0.04673942
v -0.04299280 0.02883546 -0.00964582
v 0.03080363 0.05256083 -0.16443209
v 0.01496296 0.04902300 -0.17316296
v -0.00339207 0.04721974 -0.18169571
v -0.04052441 0.02422871 -0.18240262
v -0.06422959 0.02290661 -0.18063233
v -0.04481432 0.04663291 -0.00488738
v -0.04354818 0.04557130 0.00074235
v -0.04765534 0.04054137 0.00367540
v -0.05010778 0.03708263 -0.00184087
v 0.01262900 0.10983409 -0.02851086
v 0.00071874 0.10427574 -0.01259775
v -0.02427513 0.09444652 0.01299121
v -0.03770524 0.09166807 0.02083415
v 0.03753600 0.12668964 -0.07998983
v -0.01130241 0.09844765 0.00177029
v 0.03195838 0.12123892 -0.06255796
v 0.02293725 0.11548018 -0.04522298
v 0.16671933 -0.10502738 0.05889416
v 0.17514086 -0.12012899 0.05648376
v 0.16950327 -0.12090768 0.04782625
v 0.16052126 -0.10538091 0.05014696
v 0.16207736 -0.09869802 0.02617745
v 0.15812954 -0.10304720 0.03535783
v 0.16969676 -0.09473015 0.01928041
v 0.17563420 -0.11261156 0.01806449
v 0.18409401 -0.10970007 0.01677047
v 0.17941710 -0.09080066 0.01782465
v 0.18680459 -0.08845708 0.02104048
v 0.20481401 -0.10357332 0.03591815
v 0.20148514 -0.08562608 0.03760517
v 0.19340785 -0.08667399 0.02665838
v 0.19754161 -0.10540769 0.02568709
v 0.20471080 -0.08863459 0.05077454
v 0.20808054 -0.10507881 0.04865884
v 0.20125032 -0.09335530 0.06182179
v 0.17616458 -0.10322284 0.06507137
v 0.18403275 -0.11763209 0.06398834
v 0.16873960 -0.11624552 0.02509480
v 0.16606102 -0.11967225 0.03312442
v 0.15810810 -0.10480844 0.04359377
v 0.16719707 -0.12073896 0.04067381
v 0.17804717 -0.13631657 0.04647411
v 0.18082426 -0.13582536 0.05755604
v 0.17441522 -0.13489161 0.02301177
v 0.17347571 -0.13658052 0.03156015
v 0.18918470 -0.12782028 0.01509878
v 0.18039582 -0.13147881 0.01594670
v 0.20434326 -0.12225467 0.02278516
v 0.19109255 -0.10766753 0.02045756
v 0.19692219 -0.12503111 0.01863178
v 0.21019175 -0.12007183 0.03324159
v 0.21447217 -0.12026508 0.04748185
v 0.19006280 -0.13206305 0.06569841
v 0.17586990 -0.13606303 0.03899925
v 0.27987258 -0.15127887 0.13134428
v 0.28188983 -0.15061929 0.12934343
v 0.28369599 -0.15290196 0.12936402
v 0.28075970 -0.15434175 0.13236718
v 0.26029076 -0.15449390 0.15089549
v 0.26487894 -0.15203752 0.14928757
v 0.26729701 -0.15717008 0.14810059
v 0.26109805 -0.16048955 0.15070162
v 0.27864899 -0.15671388 0.13810496
v 0.27624493 -0.15735129 0.14003336
v 0.27612133 -0.15486717 0.14217878
v 0.27985207 -0.15363070 0.13913614
v 0.28632461 -0.15387770 0.10267175
v 0.28467034 -0.15459323 0.10492412
v 0.28447225 -0.15160412 0.10614445
v 0.28668155 -0.15127272 0.10299602
v 0.28550034 -0.15567422 0.11694002
v 0.28403834 -0.15638458 0.11910200
v 0.28393618 -0.15351666 0.12062494
v 0.28641083 -0.15293706 0.11704334
v 0.25807825 -0.15150672 0.13558078
v 0.26252158 -0.15075829 0.14325593
v 0.25587471 -0.15437371 0.14611515
v 0.24934397 -0.15344596 0.13880289
v 0.25298388 -0.16111450 0.14654777
v 0.25691495 -0.16375627 0.14318496
v 0.25136687 -0.16627995 0.13585638
v 0.24639579 -0.16181370 0.13856529
v 0.26441032 -0.16177218 0.14024488
v 0.25989621 -0.16338370 0.13324621
v 0.26332527 -0.15643871 0.13299763
v 0.26888868 -0.15458991 0.14009938
v 0.27342771 -0.15306731 0.12751742
v 0.27906564 -0.15250730 0.13288123
v 0.27527082 -0.14986482 0.13558140
v 0.26948987 -0.14916407 0.12949737
v 0.27144830 -0.15117079 0.13885412
v 0.26436369 -0.15105366 0.13408732
v 0.26418724 -0.15757987 0.13508182
v 0.26988581 -0.15607179 0.14134486
v 0.27256709 -0.15887799 0.13759091
v 0.26677391 -0.16052422 0.13164000
v 0.27130477 -0.15847814 0.12815622
v 0.27683602 -0.15748847 0.13367157
v 0.27684813 -0.15129663 0.12876337
v 0.27172811 -0.14997948 0.12446736
v 0.27613608 -0.14812104 0.11976665
v 0.28035462 -0.14970133 0.12564745
v 0.27452092 -0.15854040 0.12279156
v 0.27176685 -0.15629232 0.12586879
v 0.27598864 -0.15632138 0.13068992
v 0.27878110 -0.15805124 0.12809617
v 0.28253398 -0.15664636 0.12516691
v 0.27877518 -0.15669353 0.11898127
v 0.27979406 -0.15172624 0.11809837
v 0.28373941 -0.15238571 0.12418061
v 0.28360947 -0.14920478 0.11347165
v 0.28008626 -0.14748642 0.10765555
v 0.28296896 -0.15134470 0.10617007
v 0.28575628 -0.15258012 0.11217593
v 0.27728726 -0.14851513 0.11225410
v 0.28093821 -0.14980299 0.11634626
v 0.27923560 -0.15697563 0.11184670
v 0.27753449 -0.15261596 0.11443914
v 0.27957644 -0.15342653 0.11877470
v 0.28148139 -0.15744985 0.11682533
v 0.28493456 -0.15624662 0.11315767
v 0.28230826 -0.15621094 0.10722927
v 0.28613980 -0.15121444 0.09793041
v 0.28465134 -0.14765784 0.09918194
v 0.28173230 -0.14758649 0.09407832
v 0.28299009 -0.15177593 0.09216168
v 0.27971025 -0.14758563 0.09894813
v 0.28195589 -0.14838271 0.10285958
v 0.28065123 -0.15619570 0.09895185
v 0.28011869 -0.15125484 0.10051573
v 0.28101076 -0.15189125 0.10436217
v 0.28233182 -0.15604362 0.10283365
v 0.28537759 -0.15490478 0.09917868
v 0.28245565 -0.15554161 0.09445321
v 0.24372604 -0.15300339 0.13122517
v 0.25531048 -0.15197769 0.12701467
v 0.26130558 -0.16201860 0.14745884
v 0.24152180 -0.16262374 0.13059983
v 0.26538733 -0.16079022 0.14575372
v 0.25757113 -0.16402603 0.12540227
v 0.24697380 -0.16699990 0.12772894
v 0.26042163 -0.15755573 0.13011791
v 0.27751015 -0.15104503 0.13907013
v 0.26913645 -0.15523560 0.12318890
v 0.26759602 -0.16081382 0.11824897
v 0.27531590 -0.15175503 0.14090829
v 0.26435855 -0.14923674 0.12006462
v 0.27108919 -0.14839462 0.10948134
v 0.28160611 -0.15639344 0.13025807
v 0.28353316 -0.15557926 0.12869000
v 0.27498892 -0.15893189 0.10858288
v 0.27677573 -0.15215442 0.11305365
v 0.28525005 -0.15030028 0.11701742
v 0.28025780 -0.15121878 0.10055535
v 0.27879933 -0.15785036 0.09789721
v 0.28344334 -0.15070357 0.11897616
v 0.27568774 -0.14712344 0.09785580
v 0.28494241 -0.14989926 0.10307512
v 0.27982463 -0.15786333 0.08847514
v 0.28001734 -0.15289933 0.08500189
v 0.28380357 -0.14978600 0.10502179
v 0.27823409 -0.14736506 0.08794453
v 0.18576411 -0.10104140 0.06820487
v 0.19307989 -0.11455417 0.06703120
v 0.19434616 -0.09764210 0.06673951
v 0.20581164 -0.10866099 0.05938058
v 0.20047047 -0.11162778 0.06460988
v 0.19960673 -0.12762571 0.07019496
v 0.21302414 -0.12272711 0.05943568
v 0.20790145 -0.12429970 0.06573541
v 0.20881903 -0.13570022 0.01927445
v 0.21633142 -0.13312117 0.02925770
v 0.20105556 -0.13866143 0.01503772
v 0.18399789 -0.14527847 0.01374131
v 0.19297897 -0.14172999 0.01241479
v 0.20619273 -0.13701176 0.07502537
v 0.19560337 -0.14256514 0.06896765
v 0.21559472 -0.13190710 0.07292848
v 0.22142021 -0.13107884 0.06308771
v 0.23503870 -0.15301174 0.12351619
v 0.22886687 -0.15359513 0.11307137
v 0.23585171 -0.14465596 0.10967056
v 0.24529472 -0.14850824 0.11800410
v 0.24496243 -0.14208832 0.10197366
v 0.25479593 -0.14604114 0.11099940
v 0.25226266 -0.14330723 0.09235849
v 0.26185635 -0.14582540 0.10143315
v 0.25850283 -0.14478594 0.08206784
v 0.26764895 -0.14552698 0.09075289
v 0.26406194 -0.14843123 0.07232110
v 0.27255881 -0.14701656 0.08116559
v 0.26861993 -0.15457319 0.06698469
v 0.27641794 -0.15290440 0.07665264
v 0.23401599 -0.16339102 0.12347905
v 0.22822052 -0.16441988 0.11186621
v 0.24085143 -0.17085752 0.11807298
v 0.23558200 -0.17202248 0.10708130
v 0.25007371 -0.16850608 0.11200157
v 0.24376102 -0.17123287 0.10033463
v 0.26916861 -0.16335120 0.06898035
v 0.27630329 -0.16091947 0.07951309
v 0.25865347 -0.16595207 0.10371137
v 0.25155362 -0.16864856 0.09196936
v 0.26631168 -0.16475221 0.09478198
v 0.25906222 -0.16761892 0.08312789
v 0.27200085 -0.16357270 0.08641362
v 0.26502208 -0.16657574 0.07508581
v 0.22536742 -0.14435726 0.09880480
v 0.23425478 -0.13777776 0.09189026
v -0.04010299 0.39444335 0.03026195
v -0.05754245 0.36966682 -0.01235009
v 0.24130812 -0.13972032 0.08167522
v 0.24745051 -0.14365677 0.07111477
v 0.25330174 -0.14978027 0.06133437
v 0.25863923 -0.15669202 0.05559706
v 0.23621968 -0.14128285 0.05569458
v 0.24227600 -0.15296159 0.04805348
v 0.24777954 -0.16040968 0.04495210
v 0.23227449 -0.15582545 0.03481809
v 0.23705707 -0.16397471 0.03368614
v -0.08128060 0.00759511 -0.16586092
v -0.06416873 0.35290548 -0.03604492
v 0.21452391 -0.16293819 0.01415582
v -0.09527767 0.07278393 -0.18539804
v -0.05056281 0.24771119 0.06991348
v -0.05164429 0.23569468 0.07054469
v -0.05199312 0.22380058 0.07329478
v -0.05310115 0.21149062 0.07169747
v -0.06011280 0.10673535 0.01549171
v -0.06069695 0.10518698 0.01432152
v -0.09524850 0.19769881 -0.13410156
v -0.05470302 0.10804436 0.02738107
v -0.06034998 0.10621130 0.01875545
v -0.08569747 0.29426656 -0.09743223
v -0.05432618 0.19914688 0.06832537
v -0.05263851 0.10012992 0.02785603
v -0.07527593 0.32892845 -0.07238890
v -0.06004190 0.10912345 0.02267232
v -0.05096754 0.05248537 0.01468457
v -0.06011926 0.13725001 0.03275045
v -0.05277351 0.33455940 0.09215278
v -0.05963285 0.34018526 0.09192610
v -0.06114404 0.33777021 0.08821881
v -0.05394162 0.33241879 0.08816920
v -0.07396767 0.37156106 0.07455180
v -0.07026415 0.37300169 0.07775596
v -0.06673264 0.38115251 0.07229270
v -0.07235304 0.38062801 0.06918335
v -0.06176288 0.38709990 0.06689437
v -0.06773793 0.38679772 0.06321162
v -0.06136928 0.39116149 0.05726117
v -0.05606706 0.39144672 0.06124993
v -0.04945792 0.39500236 0.05581663
v -0.05355340 0.39418737 0.05242921
v -0.06607676 0.34732811 0.09087038
v -0.07074431 0.35525665 0.08757637
v -0.07284818 0.35259920 0.08468651
v -0.06774831 0.34447408 0.08742189
v -0.07188167 0.36452270 0.08336038
v -0.07474892 0.36213643 0.07993148
v -0.04334032 0.39493897 0.04840120
v -0.03957049 0.39553246 0.05271533
v -0.05652592 0.32586719 0.08021961
v -0.04853402 0.32208638 0.07902644
v -0.04788563 0.32616314 0.08268079
v -0.05548490 0.32959897 0.08381483
v -0.07870133 0.33517410 0.07899804
v -0.08826968 0.34549219 0.07874202
v -0.09422314 0.33915466 0.08005422
v -0.08343472 0.32835998 0.08008874
v -0.09169209 0.30718998 0.08172738
v -0.10844770 0.31732610 0.08170765
v -0.10647127 0.29727634 0.08299919
v -0.09366068 0.29234818 0.08155650
v -0.10588821 0.28128052 0.08379448
v -0.09494315 0.27771745 0.08171895
v -0.10782490 0.23876458 0.08521905
v -0.09655710 0.23593406 0.08449984
v -0.09581939 0.24966511 0.08378055
v -0.10689370 0.25267876 0.08457475
v -0.12962967 0.17420674 0.06639433
v -0.11872840 0.17351992 0.06953766
v -0.12188825 0.18126984 0.07869976
v -0.13136593 0.18274226 0.07720058
v -0.14605698 0.26297189 0.07683637
v -0.14527462 0.27302251 0.07882383
v -0.15137301 0.26793624 0.07348834
v -0.15272736 0.25901515 0.07099373
v -0.12437808 0.35528544 0.07650428
v -0.11756061 0.33780152 0.08113687
v -0.10900976 0.34501220 0.07906436
v -0.11479741 0.36055777 0.07484125
v -0.16536230 0.21638337 0.05798820
v -0.16382745 0.20581344 0.05725002
v -0.15862081 0.20650112 0.06559223
v -0.15917822 0.21612294 0.06664965
v -0.15577230 0.16827243 0.01108169
v -0.14336684 0.15944739 0.01889058
v -0.14078762 0.16939452 0.02316191
v -0.15222787 0.17800880 0.01612347
v -0.18096808 0.21963307 -0.00967832
v -0.18366951 0.23278495 -0.02495294
v -0.18478136 0.22593589 -0.03172701
v -0.18157985 0.21310436 -0.01655393
v -0.12718593 0.24317920 0.08355084
v -0.11801528 0.24137391 0.08479122
v -0.11701269 0.25481692 0.08441749
v -0.12609839 0.25584029 0.08348181
v -0.21600757 0.21805951 0.01018463
v -0.20849719 0.21490963 -0.00008838
v -0.19948137 0.22203088 0.00985122
v -0.20733157 0.22610182 0.01994019
v -0.19071623 0.15960715 -0.04256034
v -0.19377684 0.16984560 -0.05881135
v -0.19488658 0.15798240 -0.06328948
v -0.19140572 0.14973451 -0.04640725
v -0.17110961 0.29211656 0.08381475
v -0.17971412 0.30756146 0.08512487
v -0.18652845 0.29805966 0.08041843
v -0.17772711 0.28339925 0.07742680
v -0.14858276 0.24460230 0.07401407
v -0.14693093 0.25351826 0.07528704
v -0.15434856 0.25197783 0.06954671
v -0.15537579 0.24482564 0.06851328
v -0.18861063 0.24985650 -0.01440209
v -0.18695434 0.23809238 -0.00019782
v -0.18677415 0.24944913 0.00402011
v -0.18829810 0.26012388 -0.00896940
v -0.18528749 0.22778280 -0.00470225
v -0.18713949 0.24038604 -0.01984437
v -0.14219704 0.24461774 0.07822666
v -0.13510789 0.24419363 0.08121148
v -0.13388751 0.25592039 0.08181940
v -0.14034662 0.25538059 0.07928014
v -0.12745344 0.17051921 0.05332170
v -0.11446132 0.16946523 0.05802132
v -0.18370919 0.14126639 -0.03115244
v -0.17312326 0.13357661 -0.01800814
v -0.17396232 0.13991536 -0.01488905
v -0.18380285 0.14946269 -0.02755103
v -0.12610001 0.17043607 0.03254467
v -0.12560950 0.17142057 0.04129473
v -0.13753174 0.17540307 0.03733367
v -0.13756543 0.17603864 0.02731103
v -0.16034753 0.12688020 -0.00676648
v -0.14544732 0.11998511 0.00334276
v -0.14669699 0.12430121 0.00467547
v -0.16117537 0.13182518 -0.00454205
v -0.10606563 0.26684405 0.08419460
v -0.09527866 0.26356041 0.08298417
v -0.14795003 0.18244089 0.06067870
v -0.13948564 0.17750578 0.06362621
v -0.14023786 0.18617608 0.07433626
v -0.14773998 0.19072062 0.07080543
v -0.16001635 0.25686906 0.06209097
v -0.15876875 0.26339688 0.06331919
v -0.16404456 0.26280985 0.04945754
v -0.16612926 0.25896421 0.05099975
v -0.19488226 0.14873142 -0.06686225
v -0.19119990 0.14185419 -0.04938348
v -0.15947320 0.12152038 -0.00679202
v -0.14437962 0.11583541 0.00435290
v -0.17050710 0.28428650 0.01174596
v -0.16862215 0.28521166 0.00981546
v -0.17254509 0.29106467 0.00219239
v -0.17484568 0.29057123 0.00362061
v -0.09303994 0.18078617 0.07403551
v -0.10244900 0.18544316 0.08061416
v -0.10886082 0.17680048 0.07454089
v -0.10163275 0.17211136 0.06498067
v -0.14836345 0.17927230 0.04718559
v -0.14845149 0.18088399 0.03422193
v -0.13868604 0.17408408 0.04997631
v -0.08319366 0.17786392 0.06480514
v -0.09378526 0.17014976 0.05207343
v -0.08397938 0.25946949 0.08063080
v -0.08422538 0.24624184 0.08212604
v -0.08315436 0.27307669 0.07923122
v -0.07114292 0.26812469 0.07728448
v -0.06893856 0.28161898 0.07719694
v -0.08102104 0.28669051 0.07921126
v -0.06607526 0.29439786 0.07762988
v -0.07805766 0.29995072 0.07975997
v -0.06824336 0.32671901 0.07812884
v -0.07138925 0.31984714 0.07873281
v -0.16120160 0.25153630 0.06143158
v -0.16238999 0.24545374 0.06078643
v -0.17294754 0.12721251 -0.01919118
v -0.15091842 0.36322114 0.00160838
v -0.14895789 0.35906547 -0.00898085
v -0.16144949 0.35491325 -0.00194179
v -0.16277545 0.35853939 0.00789518
v -0.13347101 0.35150687 0.07930436
v -0.12778403 0.33318188 0.08542871
v -0.18064570 0.31741272 -0.01466538
v -0.18358697 0.31477284 -0.01085950
v -0.18472155 0.31806632 -0.00915901
v -0.18076426 0.32133048 -0.01300994
v -0.18272465 0.30565947 -0.00622488
v -0.17987165 0.30151282 -0.00601871
v -0.18537850 0.29822493 -0.00947400
v -0.18868493 0.30255399 -0.00969782
v -0.19315547 0.16640027 -0.08040605
v -0.19163730 0.17993121 -0.07567207
v -0.17038292 0.27267500 -0.06103625
v -0.17722808 0.25894168 -0.05082361
v -0.18177341 0.26739396 -0.04365886
v -0.17502280 0.28107827 -0.05186455
v -0.07722547 0.35640396 -0.03158151
v -0.07854156 0.34961194 -0.04029536
v -0.09171019 0.35415136 -0.03597279
v -0.09028832 0.36063659 -0.02685325
v -0.12279648 0.37248684 -0.00276835
v -0.12181030 0.37634291 0.00599433
v -0.10523715 0.37528978 -0.00123349
v -0.10543746 0.37062971 -0.01083535
v -0.13693213 0.36659327 -0.00645242
v -0.13522480 0.36183743 -0.01659634
v -0.18713165 0.27187319 -0.01934643
v -0.18744571 0.26239829 -0.02625825
v -0.18314120 0.28205925 -0.00001455
v -0.18483942 0.29102431 -0.00813541
v -0.18611478 0.28646951 -0.01107852
v -0.18511273 0.27699557 -0.00196718
v -0.10821087 0.36509846 0.07353904
v -0.10777891 0.37772442 0.06398679
v -0.11792576 0.37335414 0.06538157
v -0.08846961 0.38768623 0.02724409
v -0.09049241 0.38662176 0.02294691
v -0.09935940 0.38614711 0.03003070
v -0.09452832 0.38740080 0.03321946
v -0.10541497 0.32324644 -0.07128403
v -0.09170760 0.31991494 -0.07717613
v -0.09582272 0.30780398 -0.08595885
v -0.11033107 0.31067480 -0.08029476
v -0.18213573 0.30722726 -0.01092838
v -0.18230971 0.30774860 -0.01406140
v -0.18291001 0.30135612 -0.01090516
v -0.18093058 0.30186949 -0.00883690
v -0.18538907 0.29522227 -0.01753759
v -0.18445930 0.29902053 -0.01369023
v -0.18264273 0.30654506 -0.01746840
v -0.18256480 0.30400136 -0.02207252
v -0.17772983 0.28759342 -0.04178332
v -0.18382952 0.27522342 -0.03505708
v -0.18416024 0.28343564 -0.02746063
v -0.17966826 0.29444828 -0.03332409
v -0.10371861 0.26400051 -0.10864975
v -0.11667435 0.26330420 -0.10667560
v -0.11480946 0.27832052 -0.09918720
v -0.10161749 0.27903145 -0.10265426
v -0.16692697 0.27118282 0.02409101
v -0.16526606 0.26414047 0.03461238
v -0.16718935 0.25834589 0.02643293
v -0.17084252 0.26541461 0.01527787
v -0.21174510 0.30903915 -0.00448307
v -0.20633033 0.31222659 -0.00355296
v -0.20365141 0.30986269 -0.00710639
v -0.20947485 0.30749419 -0.00752230
v -0.18034495 0.26329143 -0.00544972
v -0.17532540 0.25683313 0.00478816
v -0.18164533 0.24890376 -0.00564954
v -0.18685296 0.25581825 -0.01615086
v -0.14683266 0.36312335 0.06861954
v -0.14145954 0.34868377 0.08221109
v -0.13842642 0.36619191 0.06794893
v -0.18875903 0.27667355 -0.01982905
v -0.19298720 0.28402029 -0.02275033
v -0.18659723 0.28883411 -0.01466027
v -0.18307093 0.28225658 -0.01026991
v -0.21767831 0.23414233 0.02678801
v -0.22627118 0.22544690 0.01710295
v -0.20019443 0.25523744 -0.03297087
v -0.20681214 0.26299552 -0.03623640
v -0.19644235 0.26947354 -0.02950768
v -0.19169127 0.26105585 -0.02547581
v -0.16719423 0.26238622 -0.06907523
v -0.17562855 0.25060296 -0.05847005
v -0.17914201 0.17717798 -0.10963914
v -0.18776082 0.17237386 -0.09621778
v -0.18547137 0.18816823 -0.09151119
v -0.17660957 0.19472722 -0.10460828
v -0.19332856 0.15445126 -0.08435155
v -0.17958535 0.16259054 -0.11242545
v -0.18800319 0.15953125 -0.09912668
v -0.08977459 0.38128133 0.06462961
v -0.08185866 0.38832689 0.05454405
v -0.09101009 0.38679149 0.05261596
v -0.09814711 0.38004056 0.06307579
v -0.21135489 0.07237289 -0.08694778
v -0.20849475 0.05300414 -0.08912021
v -0.20729800 0.05500475 -0.06646197
v -0.20810863 0.07224137 -0.06417145
v -0.07150223 0.39177808 0.03324979
v -0.08135993 0.39011901 0.04256483
v -0.07277317 0.39173714 0.04584584
v -0.06216466 0.39411814 0.03699794
v -0.20954904 0.08849168 -0.06421912
v -0.21272804 0.09070367 -0.08654983
v -0.09910521 0.36827100 0.07253223
v -0.08837818 0.37045043 0.07169429
v -0.09413931 0.35676489 0.07609595
v -0.08592631 0.35909790 0.07568445
v -0.08108481 0.34838282 0.07896584
v -0.20111208 0.05559402 -0.04498832
v -0.20082691 0.06969981 -0.04487115
v -0.07503445 0.38783711 0.05903363
v -0.06715638 0.39186523 0.05137782
v -0.05762492 0.39450929 0.04403484
v -0.04654284 0.39517231 0.03903091
v -0.19758375 0.14271658 -0.08752622
v -0.19807210 0.13815249 -0.06916114
v -0.16557302 -0.02543144 -0.12886298
v -0.14611894 -0.02798712 -0.13720704
v -0.14068787 -0.03892741 -0.12407265
v -0.16523537 -0.03481896 -0.11696518
v -0.08999684 -0.02281401 -0.13926694
v -0.08117244 -0.03058919 -0.11912011
v -0.11277087 -0.03634747 -0.12422573
v -0.12027685 -0.02726601 -0.13946971
v -0.14116800 0.06919146 -0.17715908
v -0.14298921 0.08549271 -0.17361107
v -0.12121149 0.08788708 -0.17828592
v -0.11949312 0.07065268 -0.18109189
v -0.18515961 0.14880388 -0.11674631
v -0.19350176 0.14640396 -0.10270472
v -0.19319606 0.13279219 -0.05044779
v -0.20509614 -0.02168233 -0.04545686
v -0.20193479 -0.04246339 -0.03958845
v -0.19616207 -0.03694650 -0.01251679
v -0.19767000 -0.01514342 -0.01654232
v -0.18253670 -0.05526646 -0.08703771
v -0.18519156 -0.03889057 -0.09419875
v -0.16341232 -0.04569974 -0.10960695
v -0.16104364 -0.05998752 -0.10173452
v -0.12804253 0.11131281 0.01427416
v -0.14309254 0.11019941 0.00670023
v -0.12650127 0.10621097 0.01721146
v -0.07695076 0.10830105 0.02550808
v -0.09497070 0.10705972 0.02512158
v -0.09116972 0.10278629 0.02871200
v -0.07291943 0.10397764 0.02933478
v -0.07075219 0.04923146 0.01934658
v -0.05944349 0.05118068 0.01734953
v -0.06101584 0.06309837 0.02145121
v -0.07503538 0.06235687 0.02276032
v -0.18798336 0.06831510 -0.02598722
v -0.17149282 0.06668531 -0.01004052
v -0.17212299 0.07749789 -0.01244853
v -0.18859384 0.08062774 -0.02756155
v -0.07589025 -0.03374126 -0.09924602
v -0.10486482 -0.04255077 -0.10953621
v -0.18235498 -0.03202240 0.01334203
v -0.18238834 -0.01016321 0.00723223
v -0.16143668 -0.02969840 0.03243562
v -0.13723275 -0.02927637 0.03895924
v -0.13741968 -0.00960339 0.03290973
v -0.16172565 -0.00864096 0.02511105
v -0.07658422 0.01187039 0.00634229
v -0.06580101 0.00020600 -0.00767307
v -0.06339569 0.00743146 -0.00661402
v -0.07224717 0.01685729 0.00657192
v -0.09901872 -0.00986432 -0.15617362
v -0.12373444 -0.01549660 -0.15300669
v -0.13051706 0.00162578 -0.16556063
v -0.10503570 0.00359551 -0.16682385
v -0.16959228 0.16430499 -0.12259491
v -0.17442190 0.14947917 -0.12893309
v -0.15794283 0.16631433 -0.13112208
v -0.16849459 0.18188995 -0.11987361
v -0.15591345 0.18515501 -0.12776136
v -0.14351921 0.28230710 -0.08370191
v -0.15644347 0.27279113 -0.07775766
v -0.15997459 0.28490366 -0.06939487
v -0.14692385 0.29650889 -0.07401415
v -0.10630221 0.35904435 -0.03036257
v -0.10536501 0.36519803 -0.02084352
v -0.13102735 -0.05951987 -0.10865129
v -0.09621663 -0.04864087 -0.10110005
v -0.11074298 -0.07113503 -0.09814208
v -0.13820311 -0.07384197 -0.10062779
v -0.19346090 -0.06721604 -0.05968667
v -0.19722544 -0.04864927 -0.06518329
v -0.17977207 -0.07129701 -0.07955148
v -0.19853574 -0.06238179 -0.03266857
v -0.19370716 -0.05697615 -0.00507482
v -0.16007497 -0.04997625 0.03798385
v -0.13564783 -0.04910852 0.04347482
v -0.07931079 -0.04037946 0.00845102
v -0.09254928 -0.03508093 0.02363517
v -0.09352096 -0.05362750 0.02369089
v -0.08053543 -0.05699089 0.00693876
v -0.10482497 0.04552831 0.01745486
v -0.13197407 0.05586788 0.01070277
v -0.13273944 0.04679404 0.01279943
v -0.11036443 0.03707578 0.01662490
v -0.08250927 0.10833514 0.02236290
v -0.09751576 0.10760370 0.02183276
v -0.11148134 0.10800392 0.02126763
v -0.11303058 0.10960956 0.01911231
v -0.12945086 0.11401748 0.01264256
v -0.09756080 0.12840907 0.03467228
v -0.11541635 0.13322687 0.03101987
v -0.11471079 0.12304971 0.02777818
v -0.09671805 0.11842150 0.03113224
v -0.09841384 0.14076267 0.03819436
v -0.11580987 0.14550778 0.03422123
v -0.09705148 0.16718436 0.04093277
v -0.11147537 0.16910203 0.04618714
v -0.11254803 0.16796412 0.03750131
v -0.07221878 0.25478896 0.07814037
v -0.07279064 0.24226753 0.07925320
v -0.18918243 0.05635948 -0.02407840
v -0.07673673 -0.04663840 -0.08100198
v -0.07128794 -0.04607993 -0.05986746
v -0.07704241 -0.06470606 -0.06311472
v -0.08871162 -0.06711380 -0.08390051
v -0.20149568 0.08418949 -0.04462349
v -0.18375688 0.13398636 -0.03302458
v -0.18407837 0.12685105 -0.03328679
v -0.17354372 0.20109720 -0.00226050
v -0.17233048 0.20583326 0.00893217
v -0.11158357 0.18986523 0.08383310
v -0.11416784 0.18227357 0.07987258
v -0.20082832 -0.02912859 -0.07300587
v -0.15605001 -0.08933376 0.04628760
v -0.13173811 -0.08944570 0.04937047
v -0.13401924 -0.06924567 0.04695132
v -0.15840305 -0.06940015 0.04241461
v -0.07875811 -0.07989531 -0.01427810
v -0.08373078 -0.07569910 0.00562896
v -0.08664128 -0.09526617 0.00502514
v -0.08407446 -0.09902369 -0.01607626
v -0.08813484 -0.11785614 -0.01288565
v -0.08927566 -0.11480329 0.00703906
v -0.09083699 -0.13403905 0.00706321
v -0.09062215 -0.13604988 -0.01188093
v -0.18068265 -0.05312661 0.02073648
v -0.18765471 -0.09495056 0.00903131
v -0.17598296 -0.09171669 0.03159149
v -0.17825212 -0.07307067 0.02651040
v -0.19055703 -0.07626047 0.00221468
v -0.16158371 -0.07386078 -0.09286031
v -0.07419607 -0.06052408 -0.01396064
v -0.07143385 -0.04491679 -0.01219917
v -0.09398270 -0.10531613 -0.05431404
v -0.10675033 -0.10789534 -0.07031615
v -0.09883073 -0.08882497 -0.07770224
v -0.08577851 -0.08592811 -0.05938391
v -0.18068594 -0.10473785 -0.06020474
v -0.19055506 -0.10163168 -0.03953056
v -0.19227137 -0.08412303 -0.04882392
v -0.18066423 -0.08815014 -0.06906068
v -0.19300707 -0.09823397 -0.01610520
v -0.19583002 -0.08017745 -0.02348139
v -0.18242607 -0.13073560 0.02203181
v -0.16900190 -0.12862857 0.04137182
v -0.17303886 -0.11012511 0.03648111
v -0.18498192 -0.11287106 0.01539032
v -0.18922341 -0.13274318 -0.00163485
v -0.19083812 -0.11562637 -0.00905732
v -0.18938418 -0.11839383 -0.03150767
v -0.18833871 -0.13463827 -0.02309055
v -0.18002154 -0.13676638 -0.04103740
v -0.18082713 -0.12115007 -0.05040677
v -0.16672412 -0.12388406 -0.06510094
v -0.16760621 -0.13901570 -0.05535714
v -0.14908473 -0.12483012 -0.07188863
v -0.12944093 -0.12569073 -0.07090728
v -0.13382761 -0.14100513 -0.06275268
v -0.15171417 -0.13972686 -0.06243041
v -0.10431525 -0.14061909 -0.04571411
v -0.11754321 -0.14150269 -0.05745326
v -0.11240586 -0.12534118 -0.06344240
v -0.09959538 -0.12355476 -0.04917838
v -0.12445747 -0.20320607 -0.03254505
v -0.13861336 -0.19915059 -0.03142858
v -0.13209873 -0.18663318 -0.03884748
v -0.11730872 -0.18967024 -0.03680028
v -0.15178377 -0.19586843 -0.03227913
v -0.16510939 -0.19386054 -0.03032031
v -0.15987988 -0.18118505 -0.03439691
v -0.14620264 -0.18402728 -0.03612278
v -0.17975560 -0.17922434 -0.01403772
v -0.17166502 -0.17957671 -0.02769761
v -0.17589529 -0.19225471 -0.02285435
v -0.18208053 -0.19253766 -0.00879542
v -0.18821477 -0.19355329 0.00651735
v -0.18746018 -0.17985683 0.00167262
v -0.18413305 -0.19516067 0.02236484
v -0.18553534 -0.18020243 0.01902726
v -0.17344475 -0.18040675 0.03609484
v -0.17166096 -0.19667591 0.03778232
v -0.10033490 -0.20660525 -0.00132760
v -0.10288402 -0.20547814 -0.01668225
v -0.09770422 -0.18944487 -0.01540681
v -0.09610812 -0.18943620 0.00081247
v -0.11075174 -0.18741566 0.03216412
v -0.12117550 -0.18357963 0.04926979
v -0.12216067 -0.20290892 0.04449703
v -0.11258876 -0.20571337 0.02741280
v -0.18752249 -0.14914495 0.00565713
v -0.17935314 -0.14788542 0.02834067
v -0.17928252 -0.15149058 -0.03162222
v -0.18757565 -0.15042480 -0.01439481
v -0.10790751 -0.15701235 -0.04279159
v -0.12185690 -0.15712759 -0.05170403
v -0.09283303 -0.15366757 0.00616158
v -0.09270178 -0.15464698 -0.01193959
v -0.14527309 -0.14573764 0.05475115
v -0.16504440 -0.14644354 0.04652241
v -0.16144137 -0.16404576 0.05114363
v -0.14172361 -0.16416340 0.05873056
v -0.18657523 -0.16464413 0.01258412
v -0.18741522 -0.16558859 -0.00616761
v -0.17937370 -0.16548268 -0.02260731
v -0.16956171 -0.16668576 -0.03569991
v -0.15676475 -0.16824774 -0.04252227
v -0.14243046 -0.16988151 -0.04542900
v -0.12701490 -0.17199241 -0.04657256
v -0.11198972 -0.17350483 -0.04029830
v -0.09459994 -0.17219777 -0.01348003
v -0.09419443 -0.17180380 0.00402119
v -0.13873393 -0.18186294 0.05897930
v -0.15837302 -0.18052520 0.05169552
v -0.15920761 -0.19743606 0.04980852
v -0.13854954 -0.20002776 0.05287282
v -0.14020193 -0.21700174 0.04697972
v -0.12615151 -0.21955227 0.03956058
v -0.15764370 -0.21015048 -0.03026056
v -0.16955255 -0.20790074 -0.02735027
v -0.17999296 -0.20656656 -0.01979128
v -0.19035407 -0.20801466 0.00792142
v -0.18347005 -0.21164939 0.02497260
v -0.17116920 -0.21511498 0.03912006
v -0.15818184 -0.21438102 0.04731987
v -0.11694950 -0.23754703 -0.01650858
v -0.11092547 -0.22138862 -0.01499043
v -0.10756974 -0.22261604 -0.00135980
v -0.11399695 -0.23948774 -0.00216438
v -0.13622840 -0.23250812 -0.03248979
v -0.14971643 -0.22899869 -0.03609956
v -0.14456380 -0.21269780 -0.02799047
v -0.13216561 -0.21648240 -0.02725105
v -0.16449147 -0.22525622 -0.03530149
v -0.17680742 -0.22346245 -0.02985595
v -0.18734077 -0.22197189 -0.02133295
v -0.18764444 -0.20638623 -0.00737232
v -0.19405737 -0.22240185 -0.00851278
v -0.19383035 -0.22524287 0.00834662
v -0.18421476 -0.23007673 0.02831846
v -0.17095716 -0.25491211 0.03833158
v -0.16661937 -0.23475178 0.03893788
v -0.18840113 -0.24954142 0.02850985
v -0.16065486 -0.31995625 0.02374027
v -0.17895826 -0.31661991 0.02785998
v -0.17940335 -0.33858586 0.02237095
v -0.16421345 -0.34170921 0.01883501
v -0.11802083 -0.25801535 -0.00511367
v -0.12155517 -0.25578286 -0.02094367
v -0.14107869 -0.25007620 -0.03938459
v -0.15566217 -0.24614688 -0.04310395
v -0.20393815 -0.26342636 0.00607428
v -0.19886917 -0.24372563 0.00898975
v -0.20070701 -0.24036987 -0.00980571
v -0.20530027 -0.26032940 -0.01303981
v -0.12828480 -0.31955605 -0.01496659
v -0.13127946 -0.31818209 -0.02983954
v -0.12751039 -0.29701677 -0.02825438
v -0.12393353 -0.29884688 -0.01240953
v -0.14353363 -0.27109695 -0.04373053
v -0.14618218 -0.29221197 -0.04682300
v -0.16062038 -0.28866225 -0.05123874
v -0.15756273 -0.26678848 -0.04794969
v -0.20669035 -0.30771141 0.00060707
v -0.20652118 -0.28472588 0.00308597
v -0.20831872 -0.28203740 -0.01545510
v -0.20900848 -0.30560291 -0.01690282
v -0.19320101 -0.26870504 0.02523202
v -0.19573527 -0.28921561 0.02140725
v -0.17805736 -0.29510461 0.03189147
v -0.17432761 -0.27455232 0.03566105
v -0.15832235 -0.29849304 0.02823302
v -0.15397817 -0.27838770 0.03219462
v -0.14484893 -0.36359715 -0.02831970
v -0.13745330 -0.34074691 -0.02927581
v -0.13544676 -0.34204262 -0.01599205
v -0.14278451 -0.36547107 -0.01667311
v -0.16417710 -0.31096030 -0.05170156
v -0.14978455 -0.31401176 -0.04815494
v -0.15458662 -0.33691084 -0.04579708
v -0.16752669 -0.33457728 -0.04892933
v -0.20353203 -0.35774027 -0.00417211
v -0.20547883 -0.33233311 -0.00161365
v -0.20761928 -0.33096457 -0.01767737
v -0.20513035 -0.35641453 -0.01918793
v -0.18098555 -0.36264142 0.01685421
v -0.19539548 -0.33455932 0.01500018
v -0.19535691 -0.35994737 0.01011908
v -0.18096241 -0.38547457 0.01266887
v -0.16899333 -0.38732844 0.01032719
v -0.16671093 -0.36513929 0.01398215
v -0.14999993 -0.38638471 -0.01720960
v -0.15078778 -0.38508745 -0.02773259
v -0.17186518 -0.38097663 -0.04402400
v -0.17029168 -0.35795241 -0.04553920
v -0.15874230 -0.36023233 -0.04245462
v -0.16148258 -0.38317019 -0.04030929
v -0.19433807 -0.35663974 -0.03914576
v -0.18291577 -0.35677913 -0.04445601
v -0.18390018 -0.37979345 -0.04286992
v -0.19424323 -0.37995233 -0.03735596
v -0.20156584 -0.37952597 -0.01975057
v -0.20175152 -0.35620084 -0.03061131
v -0.19926604 -0.37949239 -0.03002621
v -0.20090796 -0.38054331 -0.00594720
v -0.19394877 -0.38318791 0.00722395
v -0.06489027 -0.02528714 -0.06186033
v -0.06574244 -0.02564617 -0.04308073
v -0.06837133 -0.03353911 -0.05044748
v -0.07051598 -0.03202812 -0.07061891
v -0.09508879 -0.07258611 0.02516941
v -0.09614496 -0.09333529 0.02589172
v -0.09772886 -0.13226179 0.02597910
v -0.09705123 -0.11285647 0.02687956
v -0.09803480 -0.15114595 0.02381379
v -0.09924721 -0.17019747 0.02054285
v -0.10016873 -0.18925851 0.01612068
v -0.10412325 -0.20723419 0.01333259
v -0.11124159 -0.22412721 0.01275300
v -0.11701606 -0.24143387 0.01261013
v -0.12496699 -0.27878225 0.00801321
v -0.12153105 -0.27795832 -0.00894030
v -0.12155629 -0.25962388 0.01116737
v -0.13266459 -0.32033741 0.00157526
v -0.12843159 -0.29894409 0.00483630
v -0.13960245 -0.34325119 -0.00151954
v -0.14625422 -0.36686879 -0.00443586
v -0.15330282 -0.38760922 -0.00598435
v -0.11402881 0.00264075 0.02649925
v -0.09383315 -0.00528690 0.02090884
v -0.09382412 0.00708234 0.01979291
v -0.11379031 0.01665390 0.02221663
v -0.06178266 -0.00448840 -0.01782101
v -0.05982099 -0.00754987 -0.02711329
v -0.05773549 -0.00046678 -0.02515726
v -0.05982311 0.00390516 -0.01574114
v -0.17674745 -0.16395660 0.03354435
v -0.16808373 -0.15325836 -0.04437970
v -0.15406619 -0.15479844 -0.05129555
v -0.13772418 -0.15609323 -0.05333811
v -0.10882713 -0.14949519 0.04162536
v -0.12441955 -0.14680040 0.05274985
v -0.12192828 -0.16523940 0.05260489
v -0.10937996 -0.16887579 0.03890166
v -0.14935149 -0.26104482 0.03376709
v -0.13693616 -0.27919266 0.02169941
v -0.13289472 -0.26079438 0.02487423
v -0.14577925 -0.24478483 0.03714901
v -0.18428111 -0.24056861 -0.03460108
v -0.19489236 -0.23950047 -0.02485217
v -0.18872645 -0.26031516 -0.03988022
v -0.17016965 -0.24297175 -0.04092147
v -0.17406746 -0.26328087 -0.04642149
v -0.11070997 -0.11119352 0.04265198
v -0.12953589 -0.10914648 0.05080225
v -0.12651774 -0.12812157 0.05181261
v -0.10916486 -0.12984554 0.04208035
v -0.18078835 0.20383498 -0.08504530
v -0.17217949 0.21182039 -0.09662347
v -0.16402579 0.19552954 0.04462001
v -0.16765681 0.19929156 0.02874985
v -0.15893023 0.18887499 0.03089751
v -0.15696603 0.18631711 0.04505093
v -0.16855457 0.20554307 0.04532962
v -0.17316968 0.20931086 0.02962749
v -0.17097129 0.21643066 0.04650786
v -0.17618528 0.21996714 0.03145799
v -0.16803667 0.26416214 0.03723198
v -0.16339206 0.26882686 0.03508393
v -0.09863099 0.15461065 0.04047243
v -0.08017309 0.15167445 0.04048319
v -0.07994768 0.16494844 0.04082797
v -0.10902475 0.10340892 0.02474816
v -0.08508155 0.04763646 0.01999661
v -0.09220251 0.06329290 0.02332165
v -0.11185304 0.06424445 0.01901426
v -0.05979544 0.02028379 0.00176642
v -0.12853638 0.27552827 -0.09537172
v -0.13038860 0.26091304 -0.10331535
v -0.09020883 0.36640273 -0.01674199
v -0.07519052 0.36290046 -0.02231120
v -0.08753865 0.37640541 -0.00107515
v -0.08539830 0.38039564 0.00582229
v -0.07000196 0.37763174 -0.00111663
v -0.07181686 0.37311446 -0.00757725
v -0.05734894 0.39246680 0.02524224
v -0.05160475 0.39440059 0.03170557
v -0.06192087 -0.01316703 -0.03024570
v -0.05910299 -0.01439824 -0.04385002
v -0.05759275 -0.00935259 -0.03722501
v -0.07911208 -0.02553828 0.01004168
v -0.07019451 -0.03119255 -0.00730405
v -0.06974138 -0.02034470 -0.00455923
v -0.07946852 -0.01370793 0.01019121
v -0.19824006 0.00564856 -0.01938249
v -0.20683443 0.00002010 -0.04757217
v -0.13556716 -0.04784179 -0.11438071
v -0.22828340 0.24336850 -0.04952743
v -0.23685786 0.24946706 -0.04797879
v -0.22541825 0.26052455 -0.04241453
v -0.21732503 0.25373953 -0.04337034
v -0.12135472 0.32507288 -0.06678424
v -0.12989840 0.30925018 -0.07508837
v -0.10215598 0.35198288 0.07767516
v -0.15473986 0.34054715 0.08689276
v -0.14780413 0.32332921 0.09236492
v -0.14272908 0.32753106 0.09073757
v -0.14860947 0.34504486 0.08468218
v -0.17079380 0.35805325 0.02514820
v -0.16820649 0.36010935 0.03927640
v -0.16098146 0.36448659 0.03415189
v -0.16289750 0.36201764 0.01946561
v -0.11721899 0.05411226 -0.18146431
v -0.13856933 0.05262217 -0.17872443
v -0.12373007 0.21204709 -0.12739576
v -0.13857067 0.20886573 -0.12630111
v -0.13528370 0.22790446 -0.11899009
v -0.12110497 0.23087543 -0.12075016
v -0.14323187 0.31630803 -0.06377767
v -0.15445350 0.30406771 -0.06341067
v -0.07614897 0.20414504 0.07823270
v -0.08699249 0.20652436 0.08263451
v -0.08896971 0.19339920 0.08013935
v -0.07853139 0.19075080 0.07406275
v -0.22818004 0.28626777 -0.02161018
v -0.21449159 0.29258224 -0.02156838
v -0.20853971 0.28517533 -0.02770752
v -0.22092227 0.27807040 -0.03245543
v -0.20283131 -0.00731077 -0.07966849
v -0.18691178 -0.02406716 -0.10313858
v -0.18559077 0.21826486 -0.06039110
v -0.17901915 0.23029316 -0.07504921
v -0.17797295 0.21671599 -0.07971137
v -0.18439840 0.20576925 -0.06537243
v -0.18210061 0.24571800 -0.03858187
v -0.18200610 0.23889052 -0.04547590
v -0.18589166 0.25372626 -0.03291530
v -0.17832520 0.29712881 -0.00201098
v -0.17626997 0.29652956 -0.00372137
v -0.18144453 0.30260886 -0.00484156
v -0.09306630 -0.01926429 0.02282633
v -0.09228441 0.02462543 0.01511968
v -0.08736738 0.03024027 0.01482852
v -0.05573837 -0.00264853 -0.03193690
v -0.07946759 0.36030787 0.07647479
v -0.07650934 0.35053520 0.08080524
v -0.17938754 0.27601712 -0.00321924
v -0.18464594 0.26970010 -0.01399020
v -0.17205719 0.28122110 0.01174425
v -0.17573036 0.28824120 0.00248355
v -0.17997938 0.28583201 0.00179134
v -0.17631257 0.27779231 0.01181662
v -0.17865621 0.29527517 -0.00448122
v -0.18209734 0.29388542 -0.00583653
v -0.13231307 0.26757466 0.08273303
v -0.13214133 0.27968958 0.08365068
v -0.13909196 0.27709866 0.08200755
v -0.13903583 0.26553705 0.08052338
v -0.12522467 0.26878785 0.08376925
v -0.11619589 0.26857367 0.08431123
v -0.11612293 0.28285792 0.08436262
v -0.12504351 0.28212013 0.08428020
v -0.08740447 0.31913729 0.08230218
v -0.09999392 0.33039975 0.08152191
v -0.07437849 0.31072721 0.08041387
v -0.06287894 0.30454209 0.07834097
v -0.06325334 0.38888408 0.01941593
v -0.06381148 0.38495340 0.01077870
v -0.07718035 0.38646636 0.01693014
v -0.07837188 0.38902579 0.02644756
v -0.07325656 0.33973553 0.08129746
v -0.06532237 0.33168003 0.08082970
v -0.05845419 0.32058659 0.07766819
v -0.22774497 0.24280798 0.02844399
v -0.23545836 0.23426765 0.01876582
v -0.08025311 0.38092006 0.06652915
v -0.08117053 0.37072568 0.07204187
v -0.23700452 0.25131194 0.02657564
v -0.24415747 0.24295085 0.01652792
v -0.13606717 0.33038745 0.08842553
v -0.13754840 0.30982587 0.08881745
v -0.13065245 0.31230259 0.08754185
v -0.07031918 0.34243984 0.08399849
v -0.06341550 0.33508962 0.08404562
v -0.20572280 0.02181064 -0.04662596
v -0.19547587 0.02484035 -0.02119071
v -0.18209645 0.15880510 -0.02401958
v -0.18770749 0.17026703 -0.03857831
v -0.07851224 0.12665930 0.03411273
v -0.07741320 0.11679288 0.03058414
v -0.04696115 0.32896587 0.08750393
v -0.09688557 0.10810207 0.02314751
v -0.07837308 0.10747285 0.02196471
v -0.07803819 0.11138581 0.02654956
v -0.09664366 0.11144134 0.02718171
v -0.06897689 0.10679148 0.02159075
v -0.07083238 0.10607749 0.01964160
v -0.05837048 0.04026709 0.01400824
v -0.06727555 0.03881256 0.01599755
v -0.18096725 0.25680012 0.05650937
v -0.18851927 0.26644890 0.06310551
v -0.19501987 0.25840423 0.05518316
v -0.18608723 0.24924103 0.04844470
v -0.11393700 0.11116578 0.02079670
v -0.13107239 0.11707871 0.01407263
v -0.17142705 0.25873493 0.03764495
v -0.16716000 0.25333633 0.05060567
v -0.07787692 0.17030656 0.04744362
v -0.10007396 0.19674893 0.08451036
v -0.09849074 0.20929226 0.08591102
v -0.10927417 0.21240780 0.08720991
v -0.11036524 0.20034564 0.08666042
v -0.05515886 -0.00541231 -0.03826193
v -0.21399415 0.32129443 0.01612176
v -0.21932131 0.31530896 0.01540015
v -0.21973916 0.31648139 0.02318373
v -0.21449312 0.32299338 0.02428496
v -0.06812711 -0.03451542 -0.02834833
v -0.07001319 -0.04692011 -0.03377452
v -0.07069599 -0.03166430 -0.08345039
v -0.05854456 -0.02402424 -0.07023009
v -0.11246508 -0.05141785 0.03849620
v -0.11315403 -0.03120083 0.03489200
v -0.11108200 -0.07083262 0.03983680
v -0.11085359 -0.09125512 0.04193686
v -0.11867597 -0.22364320 0.02585488
v -0.12810803 -0.24171511 0.02856070
v -0.14138159 -0.29923377 0.01742715
v -0.14590810 -0.32041550 0.01340232
v -0.15056533 -0.34314307 0.00938585
v -0.15532570 -0.36604130 0.00533301
v -0.15997655 -0.38795409 0.00321135
v -0.25080503 0.25124708 0.00964907
v -0.24423211 0.26229103 0.01867760
v -0.24759047 0.26931229 0.00585239
v -0.25539886 0.25657438 -0.00071109
v -0.19445985 0.24682174 -0.02645096
v -0.18935426 0.23955890 -0.01633413
v -0.19795222 0.23213100 -0.02534486
v -0.20331587 0.23955484 -0.03408997
v -0.21271680 0.23195234 -0.04220108
v -0.22010739 0.23844134 -0.04754756
v -0.20961896 0.24694014 -0.04035030
v -0.24497075 0.25493367 -0.04196132
v -0.25134265 0.25851589 -0.03292521
v -0.24066789 0.27181243 -0.02793474
v -0.23291128 0.26679502 -0.03762251
v -0.25704528 0.25985214 -0.01210011
v -0.24854976 0.27212707 -0.00649561
v -0.24609055 0.27280090 -0.01790057
v -0.25541716 0.26049589 -0.02334812
v -0.20414963 0.21552609 -0.01220552
v -0.20350850 0.21840395 -0.02436429
v -0.19485943 0.22648966 -0.01396528
v -0.19561123 0.22243331 -0.00233263
v -0.19866216 0.27913827 0.06667937
v -0.20528096 0.27037402 0.05849025
v -0.16168618 0.26771634 0.04613567
v -0.16031530 0.26402564 0.05677243
v -0.16212709 0.26112742 0.05175302
v -0.16019094 0.26786122 0.03990839
v -0.20913409 0.24278676 0.03677196
v -0.20150313 0.25082630 0.04667147
v -0.21201219 0.26089402 0.04907313
v -0.21946550 0.25136635 0.03853783
v -0.18675386 0.22951155 0.00717001
v -0.18632599 0.23299852 -0.00497994
v -0.17792229 0.24115593 0.00521080
v -0.17792295 0.23647767 0.01741392
v -0.21390459 0.26928030 -0.03661423
v -0.20260308 0.27734430 -0.03010423
v -0.17321277 0.25012895 0.04780528
v -0.17765204 0.24242104 0.03846276
v -0.16912662 0.24681702 0.04966101
v -0.18256843 0.26738539 0.00988782
v -0.17994299 0.27311635 0.01117611
v -0.15513056 0.18888389 0.05849234
v -0.15342721 0.19544108 0.06732019
v -0.18203636 0.22755726 0.01560795
v -0.18244147 0.23906378 0.01848303
v -0.16017986 0.19641985 0.05720614
v -0.15735878 0.19939175 0.06411425
v -0.12867421 0.16275059 0.03008411
v -0.06063105 0.31352567 0.07782282
v -0.19182013 0.24180040 0.03912641
v -0.18311973 0.23735527 0.02939693
v -0.19498790 0.30021204 -0.01524738
v -0.19071131 0.29512141 -0.01584222
v -0.19853682 0.29115037 -0.02212329
v -0.20389206 0.29719651 -0.01859138
v -0.16053877 0.32479322 -0.04066638
v -0.15311435 0.32006142 -0.05249731
v -0.16128395 0.30952477 -0.05153655
v -0.16692459 0.31561348 -0.03996876
v -0.22065162 0.31272239 0.03566322
v -0.22098066 0.30614652 0.04228931
v -0.21395990 0.31495781 0.04806145
v -0.21473678 0.32020930 0.03931920
v -0.21953022 0.29635022 0.05005215
v -0.21467943 0.28351822 0.05598681
v -0.20757810 0.29328686 0.06455880
v -0.21202655 0.30618777 0.05700461
v -0.20585233 0.03477419 -0.09192339
v -0.20707793 0.03654533 -0.06749424
v -0.17247066 0.12076992 -0.01853782
v -0.15854549 0.11512548 -0.00538641
v -0.13310502 0.06839140 0.01139985
v -0.07725043 0.00611737 0.00985369
v -0.06665799 -0.00487377 -0.00521289
v -0.07361446 -0.06335714 -0.03787852
v -0.20252460 0.03854420 -0.04466667
v -0.08011295 -0.08331389 -0.03714484
v -0.08664411 -0.10246133 -0.03458003
v -0.12494967 -0.10939197 -0.07960302
v -0.14577371 -0.10939692 -0.08077042
v -0.14232301 -0.09200715 -0.09050601
v -0.11943695 -0.09093541 -0.08946708
v -0.16514482 -0.10777298 -0.07414696
v -0.16331821 -0.09093947 -0.08350627
v -0.14904490 -0.12725082 0.05141133
v -0.17628227 -0.28503693 -0.04989458
v -0.19358666 -0.30680932 -0.04382944
v -0.19146694 -0.28212594 -0.04307795
v -0.17933704 -0.30857481 -0.05016174
v -0.20236881 -0.28127307 -0.03128881
v -0.19934688 -0.25929636 -0.02911901
v -0.19596319 -0.31144509 0.01866343
v -0.18173052 -0.33265391 -0.04761164
v -0.19448423 -0.33150090 -0.04143474
v -0.20343418 -0.33068858 -0.03101685
v -0.20415175 -0.30534551 -0.03172530
v -0.06674324 -0.02556928 -0.02523341
v -0.18064593 0.00959665 0.00363361
v -0.17735084 0.02762438 0.00015943
v -0.13442549 0.03648078 0.01589284
v -0.11280477 0.02788357 0.01885575
v -0.14665639 0.13024148 0.00740776
v -0.16089540 0.13867360 -0.00152681
v -0.15743888 0.15815674 0.00557385
v -0.16931455 0.16827673 -0.00332465
v -0.17108904 0.15780323 -0.00804517
v -0.15945538 0.14776735 0.00157836
v -0.18424187 0.19268931 -0.02913975
v -0.18711234 0.20573975 -0.04478617
v -0.18680741 0.19395523 -0.04993684
v -0.18473080 0.18144527 -0.03446672
v -0.18985612 0.18220161 -0.05459668
v -0.18784665 0.19317979 -0.07020068
v -0.14608647 0.24026074 -0.10661787
v -0.15826397 0.23418283 -0.10028293
v -0.15707550 0.24974525 -0.09407801
v -0.14400220 0.25612450 -0.09948532
v -0.07785286 0.03536683 0.01628429
v -0.06395296 -0.01125677 -0.01920046
v -0.11372886 -0.01321540 0.03096523
v -0.13688844 0.00855858 0.02660103
v -0.15995490 0.01121866 0.01877163
v -0.17545492 0.27100102 0.00568607
v -0.17787669 0.31912332 -0.01951112
v -0.17634964 0.32459252 -0.01795025
v -0.22739922 0.28644997 0.04095761
v -0.22226566 0.27350963 0.04661698
v -0.17147751 0.24412336 0.02799534
v -0.18299359 0.27457125 0.07021632
v -0.17551676 0.26417282 0.06381436
v -0.17084082 0.27142862 0.07078291
v -0.15274766 0.06214868 0.00213265
v -0.17254566 0.05539350 -0.00679125
v -0.15419483 0.05228702 0.00447982
v -0.05540879 -0.01831348 -0.06092682
v -0.09321106 0.01834664 0.01817168
v -0.09112893 -0.12119496 -0.03148043
v -0.09482787 -0.13901140 -0.02940212
v -0.09789982 -0.15562980 -0.02901732
v -0.10071505 -0.17274316 -0.02870434
v -0.10507669 -0.18993462 -0.02840421
v -0.11194800 -0.20535535 -0.02734594
v -0.11924409 -0.21908466 -0.02428426
v -0.12490508 -0.23531362 -0.02650854
v -0.12489766 -0.27618826 -0.02515230
v -0.13241588 -0.27393163 -0.03618934
v -0.12922603 -0.25370083 -0.03181941
v -0.13543952 -0.29464583 -0.03937933
v -0.13860505 -0.31656728 -0.04036547
v -0.14465332 -0.33890712 -0.03922423
v -0.15492517 -0.38386231 -0.03510320
v -0.15065120 -0.36163616 -0.03680307
v -0.05416475 -0.00754705 -0.04357497
v -0.05444243 -0.01321540 -0.05178344
v -0.12149918 0.31501349 0.08516859
v -0.17168332 0.27092709 0.02401083
v -0.16739566 0.27498162 0.02255894
v -0.16691018 0.25038291 0.03758164
v -0.23978255 0.28370909 -0.00268136
v -0.24036358 0.28140537 0.01137648
v -0.17122181 0.24964934 0.01587356
v -0.16012586 0.27425059 0.02884566
v -0.16213196 0.27319605 0.03416721
v -0.24000993 0.14404904 0.00426885
v -0.24986726 0.14302536 0.00451217
v -0.24385234 0.13125028 0.00548802
v -0.23468234 0.13237227 0.00431266
v -0.23116517 0.14428056 -0.00017847
v -0.22687949 0.13308827 -0.00055831
v -0.22983782 0.13369747 -0.04481589
v -0.22429208 0.13750526 -0.03671081
v -0.22304346 0.12592405 -0.03461067
v -0.22907519 0.12205557 -0.04164091
v -0.21763942 0.12153278 -0.00800694
v -0.21603025 0.12037639 -0.01636400
v -0.21881226 0.13137355 -0.01692650
v -0.22132307 0.13236322 -0.00786082
v -0.25054352 0.12898044 -0.04792059
v -0.26005549 0.12918669 -0.04343891
v -0.26166244 0.14062250 -0.04874344
v -0.25115013 0.14033022 -0.05269296
v -0.23258681 0.18020847 -0.04659748
v -0.23745627 0.17739422 -0.05577986
v -0.23620300 0.18509000 -0.05386485
v -0.23267859 0.18729491 -0.04418931
v -0.25050947 0.16756699 0.00394395
v -0.26135430 0.16722213 0.00138255
v -0.25586233 0.15530320 0.00314340
v -0.24520785 0.15608580 0.00420848
v -0.22668896 0.16575998 -0.01695188
v -0.22473013 0.16381734 -0.02824695
v -0.22785696 0.17553564 -0.02785549
v -0.23100806 0.17711069 -0.01633862
v -0.25670510 0.17976723 0.00230678
v -0.26650996 0.17971139 -0.00139896
v -0.22135733 0.14261947 -0.01698934
v -0.22143449 0.14066170 -0.02719796
v -0.22284096 0.15219919 -0.02789481
v -0.22376786 0.15393176 -0.01697618
v -0.24632138 0.10714733 -0.03804786
v -0.25384333 0.10726002 -0.03314005
v -0.25733469 0.11805855 -0.03829118
v -0.24880121 0.11784208 -0.04283091
v -0.21793675 0.11804585 -0.02447914
v -0.22191646 0.11480757 -0.03191105
v -0.21985912 0.12922620 -0.02605177
v -0.25441465 0.11553040 -0.00081712
v -0.24651355 0.11796761 0.00396624
v -0.25303117 0.12978858 0.00213419
v -0.26108195 0.12725682 -0.00374722
v -0.23125959 0.15764173 -0.04821530
v -0.22642095 0.16091968 -0.03899082
v -0.22538557 0.14922101 -0.03813330
v -0.23065469 0.14561882 -0.04690659
v -0.24020833 0.16800160 0.00112592
v -0.23525815 0.15618649 0.00054732
v -0.26720843 0.13879482 -0.00683490
v -0.25968118 0.14144348 0.00015092
v -0.26543710 0.15337129 -0.00218728
v -0.27280287 0.15109648 -0.01047996
v -0.27977886 0.16016821 -0.02594295
v -0.27672407 0.15728822 -0.03714979
v -0.27395932 0.14536501 -0.03165751
v -0.27575194 0.14821875 -0.02073966
v -0.23178668 0.16970742 -0.04823434
v -0.23875128 0.16657313 -0.05630861
v -0.25106693 0.15228953 -0.05705174
v -0.26223004 0.15256693 -0.05399239
v -0.26143537 0.16478322 -0.05875609
v -0.24956531 0.16449273 -0.06036479
v -0.24471752 0.19618798 -0.00421034
v -0.25449645 0.19837974 -0.00051869
v -0.25186602 0.19025704 0.00083445
v -0.24159041 0.18868329 -0.00446543
v -0.26187686 0.19125092 0.00014426
v -0.26547839 0.20131648 -0.00230724
v -0.27256199 0.22041675 -0.01100515
v -0.27695149 0.22122876 -0.02028490
v -0.27921497 0.21280077 -0.01929349
v -0.27369262 0.21111201 -0.01026388
v -0.28563663 0.18445777 -0.03887411
v -0.27993581 0.18259860 -0.05060149
v -0.27875909 0.16931445 -0.04358085
v -0.28363381 0.17173783 -0.03192219
v -0.26753019 0.19111842 -0.06420844
v -0.25576771 0.18708864 -0.06539612
v -0.25943897 0.17692406 -0.06266058
v -0.27082486 0.17978056 -0.05889432
v -0.23935425 0.22297758 -0.06037206
v -0.23049359 0.21687681 -0.05766903
v -0.23720276 0.20996915 -0.06086444
v -0.24686657 0.21456823 -0.06367783
v -0.21924957 0.20636901 -0.04032167
v -0.21991300 0.20410692 -0.02916545
v -0.22422127 0.20143926 -0.03320553
v -0.22424102 0.20268173 -0.04450554
v -0.24701378 0.21766860 0.00483521
v -0.25609412 0.22639483 0.00275225
v -0.25714020 0.22125221 0.00168733
v -0.24711090 0.21429718 0.00257750
v -0.28644306 0.19652000 -0.04460135
v -0.27912608 0.19614172 -0.05808680
v -0.22876099 0.19810180 -0.04752233
v -0.22726394 0.19828251 -0.03658343
v -0.23039896 0.19251664 -0.04006643
v -0.23285962 0.19198464 -0.05062610
v -0.23281484 0.20222960 -0.01475237
v -0.23781073 0.20456378 -0.00540467
v -0.23705490 0.20078875 -0.00927990
v -0.23227259 0.19793784 -0.01936469
v -0.24612712 0.21034833 0.00111183
v -0.25670847 0.21451280 0.00178066
v -0.25535180 0.20770286 -0.00002616
v -0.24508704 0.20395903 -0.00176255
v -0.28310421 0.21454389 -0.03972218
v -0.28235392 0.21271080 -0.05014595
v -0.28569920 0.20565765 -0.04748177
v -0.28583119 0.20711543 -0.03645743
v -0.26145719 0.19969045 -0.06620410
v -0.25041319 0.19530537 -0.06563619
v -0.23373114 0.19292321 -0.02316052
v -0.23147629 0.18949893 -0.03414415
v -0.23044747 0.19530659 -0.02972407
v -0.26518329 0.21103477 -0.00364723
v -0.24834192 0.22747764 -0.06047747
v -0.25705662 0.23197424 -0.05767011
v -0.24832102 0.24061481 -0.05392831
v -0.23982511 0.23505729 -0.05624655
v -0.23112349 0.22884336 -0.05557988
v -0.22284444 0.22228026 -0.05148486
v -0.21270228 0.21056372 -0.03357825
v -0.21309747 0.20794222 -0.02226368
v -0.21757958 0.20833907 -0.00999966
v -0.22469586 0.21097913 0.00055646
v -0.23135424 0.20613509 -0.00644422
v -0.22435036 0.20426763 -0.01759161
v -0.25080550 0.23328340 0.00834081
v -0.24200474 0.22512183 0.01050318
v -0.25764678 0.24059071 0.00167680
v -0.26278321 0.23211647 -0.00334323
v -0.23444382 0.19977097 -0.05718718
v -0.22889405 0.20569418 -0.05430676
v -0.27105599 0.13615598 -0.01602812
v -0.27033480 0.13336519 -0.02615842
v -0.26557853 0.12188403 -0.02145879
v -0.26529465 0.12452621 -0.01193031
v -0.25837567 0.10869672 -0.02565706
v -0.26284133 0.11962202 -0.03058329
v -0.22466467 0.14387612 -0.00752060
v -0.22804483 0.15543566 -0.00718843
v -0.22247493 0.12171342 -0.00048216
v -0.23708412 0.19521929 -0.01298332
v -0.23471798 0.18759144 -0.01507138
v -0.27861568 0.22199387 -0.03087197
v -0.27441091 0.22966082 -0.02108530
v -0.27551171 0.22970072 -0.03137889
v -0.28577412 0.18737283 -0.02589899
v -0.27921315 0.18984352 -0.01402008
v -0.28137138 0.20241422 -0.02034232
v -0.28668155 0.19839109 -0.03191260
v -0.27750520 0.21869369 -0.05179195
v -0.27949568 0.22112479 -0.04151105
v -0.27471324 0.22883291 -0.04149696
v -0.27134223 0.22666087 -0.05162277
v -0.23849001 0.20769050 -0.00309186
v -0.23829122 0.20997538 0.00074127
v -0.27067232 0.23832409 -0.01998817
v -0.26788651 0.23569671 -0.01101738
v -0.26294171 0.24497681 -0.00781299
v -0.26514707 0.24811260 -0.01766808
v -0.27070022 0.22826477 -0.01166903
v -0.27086518 0.23899498 -0.03004804
v -0.26460353 0.24958454 -0.02776076
v -0.23325525 0.21681612 0.00742773
v -0.26403214 0.23625218 -0.04994736
v -0.26863792 0.23820828 -0.04016797
v -0.26122436 0.24846497 -0.03756477
v -0.25564048 0.24577585 -0.04697562
v -0.26658712 0.13100793 -0.03573102
v -0.26922626 0.14253809 -0.04101805
v -0.24394483 0.18480728 -0.06207363
v -0.24713850 0.17599050 -0.06213663
v -0.23968236 0.19248799 -0.05992071
v -0.23961867 0.13040163 -0.04872858
v -0.23871777 0.11914809 -0.04453046
v -0.23976169 0.15429498 -0.05496368
v -0.23990680 0.14217879 -0.05241667
v -0.27795965 0.16326498 -0.01471615
v -0.26399739 0.21056519 -0.06370399
v -0.25443586 0.20667831 -0.06533869
v -0.27129541 0.20417209 -0.06286846
v -0.21564355 0.21706501 -0.04346909
v -0.22313993 0.21074130 -0.05029966
v -0.28211172 0.20435081 -0.05565309
v -0.20641512 0.22434308 -0.03460882
v -0.27340723 0.20261099 -0.00892885
v -0.26578351 0.21833952 -0.00307111
v -0.26489314 0.22566981 -0.00405509
v -0.23791718 0.11981628 0.00632983
v -0.23172287 0.16711005 -0.00671633
v -0.23136016 0.18536391 -0.02631568
v -0.23066206 0.18313344 -0.03683728
v -0.27190674 0.21466950 -0.05938190
v -0.26493745 0.22279899 -0.05949752
v -0.25639878 0.21859210 -0.06300219
v -0.23312105 0.20374409 -0.01152043
v -0.22748350 0.20207626 -0.02243116
v -0.23721182 0.10848175 -0.04006287
v -0.22909856 0.19967094 -0.02572362
v -0.27087764 0.19095460 -0.00511971
v -0.07325366 0.36769527 -0.01469572
v -0.17891627 0.21663606 0.01237702
v -0.14829519 0.18369437 0.02221794
v -0.15965031 0.19277893 0.01631122
v -0.17869644 0.25876921 0.02360359
v -0.17573342 0.26573175 0.02477687
v -0.16554340 0.27855487 0.02217004
v -0.16384700 0.27979540 0.01841585
v -0.17732784 0.23133126 0.03333044
v -0.07030983 0.10454135 0.01811146
v -0.13321194 0.15326213 -0.14933841
v -0.11468159 0.15633350 -0.15263103
v -0.11760654 0.13887140 -0.16092370
v -0.13687659 0.13510158 -0.15665454
v -0.11992723 0.12037320 -0.16871843
v -0.21003969 0.08851321 -0.10836061
v -0.20854873 0.10458181 -0.10813601
v -0.20034767 0.10303205 -0.12743724
v -0.20169487 0.08553627 -0.12846162
v -0.20829331 0.11735944 -0.08844410
v -0.20459464 0.11914054 -0.10792798
v -0.21137234 0.10429149 -0.08651748
v -0.20860697 0.10213568 -0.06482960
v -0.20676824 0.11495357 -0.06693794
v -0.20094619 0.09794005 -0.04494808
v -0.19951964 0.11078715 -0.04665877
v -0.18898069 0.09286151 -0.02786076
v -0.17340571 0.08884101 -0.01344938
v -0.15391740 0.07345903 -0.00043557
v -0.13651184 0.08102202 0.01030242
v -0.15550820 0.08495992 -0.00050166
v -0.09708016 0.07555561 0.02391719
v -0.11642429 0.07741498 0.01874647
v -0.06365767 0.07604986 0.02527288
v -0.07937284 0.07523108 0.02597298
v -0.11723587 0.29827237 0.08448018
v -0.12519820 0.37811177 0.05313356
v -0.12877533 0.36883729 0.06690791
v -0.11157045 0.38205209 0.05031970
v -0.15223706 0.36640080 0.01195058
v -0.15152690 0.36989695 0.02775581
v -0.13769162 0.37469223 0.01571228
v -0.13764323 0.37120470 0.00486308
v -0.10496959 0.38502878 0.03807742
v -0.09789978 0.38628565 0.03794957
v -0.11791932 0.38323860 0.03975089
v -0.09367712 0.38559158 0.01771699
v -0.10750515 0.38544067 0.02774296
v -0.16140917 0.35292410 0.07299047
v -0.16530973 0.35845763 0.05495067
v -0.17071610 0.35292564 0.05900662
v -0.16740780 0.34663730 0.07565434
v -0.17237220 0.35399630 0.01257027
v -0.17203976 0.34958420 0.00188112
v -0.17959768 0.34681139 0.00701646
v -0.17911490 0.35119421 0.01767288
v -0.18608533 0.32237867 0.07906692
v -0.18900373 0.33298863 0.06737684
v -0.19702814 0.32462088 0.06649224
v -0.19361197 0.31306601 0.07634221
v -0.17638120 0.35472562 0.03135358
v -0.13420057 0.32867499 -0.05909647
v -0.15450112 0.33353046 -0.03851733
v -0.14537520 0.33094359 -0.04939865
v -0.17563776 0.32930868 -0.01532276
v -0.16965438 0.33246321 -0.02073594
v -0.17199876 0.32639913 -0.02351033
v -0.18593090 0.32303258 -0.00628804
v -0.18166253 0.32555949 -0.01115421
v -0.16506267 0.26267246 0.06266963
v -0.16125282 0.26796692 0.06894939
v -0.16431062 0.27859687 0.07742928
v -0.18675153 0.31346490 -0.00511367
v -0.18782556 0.31144877 -0.00431188
v -0.19027298 0.31339803 -0.00262966
v -0.18814151 0.31546236 -0.00409797
v -0.15458072 0.35837072 0.07042373
v -0.19115627 0.33818763 0.05351627
v -0.19411940 0.33995730 0.04196442
v -0.20160633 0.33347984 0.04256607
v -0.19918629 0.33108190 0.05378684
v -0.19614191 0.34005787 0.03092576
v -0.19639843 0.33789280 0.02139936
v -0.20279476 0.33340547 0.02360537
v -0.20301684 0.33438643 0.03254552
v -0.19338169 0.31624917 -0.00003142
v -0.18926646 0.31863131 -0.00205804
v -0.19282113 0.28797611 0.07398335
v -0.16621060 0.32633170 0.08965430
v -0.15835884 0.30975742 0.09214620
v -0.15282335 0.31722168 0.09322491
v -0.16046919 0.33431379 0.08861824
v -0.17404681 0.28310757 0.00611669
v -0.17025844 0.27821333 0.01469107
v -0.17811723 0.28838362 -0.00168980
v -0.18382236 0.30775628 -0.00578576
v -0.18166305 0.29313610 -0.00717868
v -0.16392447 0.25672394 0.04569376
v -0.16893221 0.25695467 0.05567500
v -0.15231132 0.29341959 0.08599097
v -0.14725278 0.30026020 0.08801558
v -0.20077977 0.30284041 0.07140863
v -0.20475426 0.31512879 0.06289198
v -0.19479939 0.30920884 -0.00696925
v -0.20114759 0.30754939 -0.00972058
v -0.19738968 0.31182513 -0.00465442
v -0.18296832 0.31158703 -0.01112867
v -0.18467697 0.31117737 -0.00518163
v -0.17221753 0.34005726 0.07864985
v -0.20687408 0.32335864 0.05148052
v -0.20825696 0.32731954 0.04096248
v -0.19006230 0.34489541 0.02724587
v -0.18770695 0.34602438 0.03862397
v -0.18229713 0.35064297 0.03443716
v -0.18458542 0.34833569 0.02271961
v -0.20961482 0.32825515 0.02399009
v -0.20809691 0.32610221 0.01603996
v -0.19047010 0.34240807 0.01894592
v -0.18517635 0.34522925 0.01395360
v -0.20047365 0.31448471 -0.00248416
v -0.14268740 0.30596328 0.08902803
v -0.13998156 0.29085658 0.08438661
v -0.13406029 0.29391791 0.08538947
v -0.15038692 0.27919113 0.08019128
v -0.14490763 0.28559247 0.08279464
v -0.15617505 0.27250013 0.07520260
v -0.12671163 0.29645921 0.08542825
v -0.27756011 0.20923211 -0.05805058
v -0.20823010 0.30463738 -0.01172537
v -0.19851581 0.30444879 -0.01270501
v -0.20672007 0.30173500 -0.01456214
v -0.23620254 0.28612711 -0.01187892
v -0.28108003 0.21452748 -0.02958538
v -0.28290453 0.20794263 -0.02884210
v -0.28227804 0.17546314 -0.01995474
v -0.27079514 0.16576126 -0.00552061
v -0.27495997 0.17818545 -0.00929306
v -0.24534746 0.17970930 0.00149601
v -0.23618183 0.17888798 -0.00570279
v -0.22850637 0.17228917 -0.03852723
v -0.27158842 0.16683391 -0.05282190
v -0.21849889 0.09960158 0.00584581
v -0.22590313 0.09743506 0.00888241
v -0.21972205 0.08682496 0.01074139
v -0.21318736 0.08921546 0.00665620
v -0.20511427 0.08043242 0.00082346
v -0.20876903 0.09041790 0.00021949
v -0.20812086 0.07936912 0.00763027
v -0.20428450 0.07988574 -0.00579257
v -0.20716960 0.08971799 -0.00660458
v -0.20651490 0.07806218 -0.01193588
v -0.21109814 0.07591040 -0.01686691
v -0.21285101 0.08574995 -0.01850160
v -0.20861660 0.08800045 -0.01311767
v -0.21832197 0.08275404 -0.02271071
v -0.22432724 0.07943804 -0.02604697
v -0.22570050 0.09000665 -0.03031226
v -0.21969528 0.09342777 -0.02568229
v -0.23403998 0.06504233 -0.01826076
v -0.23758543 0.06451517 -0.01317665
v -0.24215740 0.07502373 -0.01794406
v -0.23779471 0.07520508 -0.02372905
v -0.24875980 0.08800337 -0.00784101
v -0.24875566 0.08677193 -0.01583758
v -0.24384847 0.07559030 -0.01072390
v -0.24341774 0.07682368 -0.00317544
v -0.23844647 0.06593545 0.00100131
v -0.23459264 0.06789744 0.00711831
v -0.24026463 0.07836256 0.00329555
v -0.22943458 0.12083996 0.00476463
v -0.22400778 0.11019074 0.00517474
v -0.21762447 0.11113157 -0.00027475
v -0.21347533 0.10953139 -0.01543018
v -0.21399622 0.11095024 -0.00768111
v -0.21043948 0.10024183 -0.00727031
v -0.21096707 0.09876256 -0.01441200
v -0.22838308 0.11127034 -0.03794663
v -0.22099529 0.10412360 -0.02879148
v -0.22710153 0.10062462 -0.03410669
v -0.21441861 0.09636542 -0.02045857
v -0.21649728 0.10724891 -0.02251165
v -0.23344997 0.08733326 -0.03139282
v -0.23133044 0.07681371 -0.02651272
v -0.23358812 0.09521530 0.00829747
v -0.24065678 0.09275035 0.00482515
v -0.23438929 0.08074145 0.00819733
v -0.22731548 0.08366554 0.01121411
v -0.23518888 0.09799093 -0.03563366
v -0.24726774 0.10400887 0.00198080
v -0.23995622 0.10659763 0.00596353
v -0.24609106 0.09043674 -0.00063060
v -0.25237356 0.10161527 -0.00440274
v -0.22122441 0.07340574 0.01337647
v -0.21379442 0.07682991 0.01217882
v -0.23183571 0.10896557 0.00739066
v -0.24083730 0.08589371 -0.02882244
v -0.24629828 0.08584201 -0.02317352
v -0.25010544 0.09654815 -0.02807235
v -0.24364594 0.09660753 -0.03337935
v -0.26012232 0.11048934 -0.01686954
v -0.25360810 0.09784092 -0.02077650
v -0.25436539 0.09927574 -0.01246029
v -0.23908976 0.06497310 -0.00654235
v -0.25906861 0.11268427 -0.00817349
v -0.18406088 0.03778652 -0.00971826
v -0.18042331 0.03400006 -0.00736643
v -0.18569386 0.03437584 -0.00789735
v -0.18902999 0.04011292 -0.00900624
v -0.18100039 0.05162786 -0.02213413
v -0.17367399 0.04496833 -0.02260545
v -0.17816945 0.03954466 -0.02212499
v -0.18536654 0.04504940 -0.02109799
v -0.17934824 0.03602997 -0.01038972
v -0.17654038 0.03339961 -0.00628107
v -0.17289288 0.03023833 -0.00266852
v -0.17555725 0.03428034 -0.00547525
v -0.17244346 0.03123423 0.00181471
v -0.17564467 0.03408512 0.00806320
v -0.17284054 0.02604552 0.01006498
v -0.17000492 0.02691975 0.00489016
v -0.19134017 0.02863676 0.01172088
v -0.19804277 0.02592823 0.00971779
v -0.19286749 0.01679174 0.00990802
v -0.18607067 0.01994783 0.01161330
v -0.20466853 0.01501696 0.00269901
v -0.19837813 0.01540156 0.00640111
v -0.20331705 0.02470395 0.00689132
v -0.20870181 0.02392050 0.00382291
v -0.19437329 0.03992787 -0.00933160
v -0.19105140 0.03378154 -0.00878211
v -0.19443853 0.03231583 -0.01019624
v -0.19806535 0.03819620 -0.01094184
v -0.17465375 0.03570623 -0.00127188
v -0.17244816 0.03279977 -0.00967538
v -0.17086313 0.03389937 -0.00756781
v -0.17387740 0.03941077 0.00027289
v -0.21067588 0.05557522 -0.01781048
v -0.20789257 0.04919462 -0.01870267
v -0.21104861 0.04604421 -0.02057914
v -0.21493045 0.05279673 -0.01973602
v -0.19959009 0.06287525 -0.01526394
v -0.19729834 0.06869355 -0.00828726
v -0.19140729 0.06614511 -0.01001901
v -0.19373905 0.06083350 -0.01832639
v -0.18451472 0.06223614 -0.01365370
v -0.17720776 0.05636583 -0.01700281
v -0.18748236 0.05660578 -0.02103514
v -0.17010400 0.04792804 -0.01833830
v -0.21956839 0.04405126 -0.02099475
v -0.22169926 0.04958793 -0.01886953
v -0.16270970 0.00453789 -0.01109740
v -0.15920178 0.00483403 -0.00940296
v -0.15876776 0.00301936 -0.01117727
v -0.16236689 0.00256897 -0.01255440
v -0.22927945 0.04587074 -0.00410153
v -0.22868931 0.04614134 -0.01039916
v -0.22693446 0.04181193 -0.00996421
v -0.22682512 0.04184026 -0.00335112
v -0.22507218 0.03609188 -0.00978574
v -0.22412021 0.03668336 -0.00244825
v -0.15646147 0.00045196 -0.00488304
v -0.15781029 -0.00229832 -0.00327713
v -0.15610137 -0.00422116 -0.00677267
v -0.15539481 -0.00127654 -0.00802876
v -0.18158411 0.02911443 -0.00733532
v -0.17616932 0.02965850 -0.00609997
v -0.17187377 0.02593121 -0.00444299
v -0.16842393 0.02254897 -0.00288893
v -0.17050875 0.02038905 -0.00499557
v -0.17666750 0.02363569 -0.00658275
v -0.18832169 0.02651820 -0.00873970
v -0.18420240 0.02069320 -0.00878335
v -0.18955553 0.02035116 -0.01002210
v -0.19327860 0.02596306 -0.01037378
v -0.20056280 0.01721009 -0.01633367
v -0.20255701 0.02194349 -0.01732244
v -0.19981975 0.02366336 -0.01488131
v -0.19683942 0.01827734 -0.01382892
v -0.18848280 0.00516094 -0.01036681
v -0.19098018 0.00897399 -0.01155124
v -0.18776581 0.00986076 -0.00993465
v -0.18528253 0.00617398 -0.00887173
v -0.23193036 0.04999161 -0.00401469
v -0.23111123 0.05033307 -0.01037703
v -0.21583467 0.00860122 -0.01339520
v -0.21329709 0.00707511 -0.00675719
v -0.21498664 0.01424411 -0.00587073
v -0.21785202 0.01583380 -0.01147570
v -0.22410924 0.04273504 0.00301462
v -0.22694338 0.04692804 0.00258230
v -0.16056636 -0.00490605 -0.00284760
v -0.15893894 -0.00669816 -0.00641790
v -0.17741970 0.05880325 -0.00729895
v -0.16902729 0.04922743 -0.01161516
v -0.18614616 0.06399559 -0.00325144
v -0.19698209 0.06903652 0.00079173
v -0.19240820 0.06660606 -0.00072935
v -0.17734747 0.01967061 -0.00706723
v -0.18735067 0.02967557 -0.00817132
v -0.19704658 0.03147890 -0.01167816
v -0.20773914 0.02971302 -0.02087154
v -0.20700478 0.02538063 -0.02049649
v -0.21144451 0.02410372 -0.02216338
v -0.21385577 0.02820633 -0.02261489
v -0.21210641 0.01368533 -0.02072139
v -0.21535344 0.01112772 -0.01841988
v -0.21708039 0.01694025 -0.01778773
v -0.21358756 0.01809194 -0.02099134
v -0.16775334 0.03531222 -0.00666804
v -0.17131863 0.04324092 -0.00050816
v -0.22586931 0.04734864 -0.01569068
v -0.22471484 0.04236522 -0.01654897
v -0.22801347 0.05214337 -0.01460238
v -0.20194849 0.05294269 -0.01741330
v -0.20070991 0.04521591 -0.01337230
v -0.20327713 0.04380697 -0.01475206
v -0.20558326 0.05131918 -0.01758604
v -0.19156827 0.04412514 -0.01395228
v -0.19139381 0.04980184 -0.02034960
v -0.18655701 0.04008599 -0.01512958
v -0.20636543 0.05877163 -0.01629280
v -0.20811154 0.06391166 -0.01484184
v -0.21326650 0.06069090 -0.01656801
v -0.21855959 0.05726699 -0.01767551
v -0.22416864 0.05422753 -0.01707277
v -0.20943318 0.06875597 -0.01555169
v -0.21480511 0.06556381 -0.01763526
v -0.22083284 0.06207554 -0.01825720
v -0.22621762 0.05923092 -0.01734009
v -0.23004111 0.05159597 0.00301802
v -0.23369647 0.05783185 0.00274405
v -0.23503715 0.05633537 -0.00459499
v -0.20289396 0.06696803 -0.01206203
v -0.20463867 0.07090134 -0.01119244
v -0.20137603 0.07285374 -0.00531908
v -0.20152948 0.07271780 0.00219471
v -0.17197515 0.03246528 -0.01924767
v -0.17568786 0.03469053 -0.01809900
v -0.17272658 0.03746758 -0.02166729
v -0.16825920 0.03483517 -0.02168710
v -0.16679629 0.02294236 0.00079080
v -0.17004655 0.02692706 -0.00010077
v -0.16675944 0.02161163 0.00534044
v -0.21059624 0.03943968 -0.02145787
v -0.21796020 0.03793380 -0.02205519
v -0.17252077 0.01788813 -0.00569087
v -0.16064931 0.01210450 0.00190139
v -0.16207303 0.00892999 0.00487128
v -0.15933482 0.00146623 0.00014565
v -0.15773489 0.00425026 -0.00199225
v -0.16933626 0.01195006 -0.00671184
v -0.17167117 0.00836885 -0.00503891
v -0.17290584 0.01217264 -0.00409131
v -0.17050639 0.01547025 -0.00527837
v -0.19302639 0.00528249 -0.01330698
v -0.19515314 0.00867026 -0.01408555
v -0.17435809 0.01631434 0.01278047
v -0.17926501 0.02396937 0.01317463
v -0.18017089 0.01204564 0.00900214
v -0.19381548 0.01329136 -0.01276213
v -0.19360102 0.01934207 -0.01185818
v -0.19059186 0.01427917 -0.01117185
v -0.17844326 0.01366908 -0.00663476
v -0.18137995 0.01674054 -0.00816683
v -0.17763625 0.01717437 -0.00703798
v -0.17480851 0.01547567 -0.00557292
v -0.22049413 0.02295324 -0.01032177
v -0.21918377 0.02382000 -0.01859850
v -0.15695055 0.00311827 -0.00713100
v -0.15633350 0.00138358 -0.00961672
v -0.23374198 0.05632910 -0.01113145
v -0.23042727 0.05721572 -0.01523020
v -0.19678172 0.02511293 -0.01237423
v -0.18376044 0.03213504 0.01246602
v -0.19967584 0.03066709 -0.01361454
v -0.19906633 0.00119191 -0.01195058
v -0.19841228 -0.00069114 -0.00789209
v -0.20198239 0.00285621 -0.00524493
v -0.20315729 0.00346959 -0.01098534
v -0.16571281 0.00240257 -0.01100732
v -0.16741041 -0.00080406 -0.00947122
v -0.16890828 0.00232232 -0.00737665
v -0.16682027 0.00543758 -0.00937293
v -0.16341857 0.01520042 -0.00483351
v -0.16645395 0.01417078 -0.00669048
v -0.16816751 0.01804009 -0.00478026
v -0.16565413 0.01943433 -0.00298645
v -0.16388585 0.01905131 0.00045182
v -0.16145582 0.01425595 -0.00141784
v -0.16997899 0.00426825 0.00357881
v -0.17213284 0.00491321 -0.00103010
v -0.16917294 -0.00106959 -0.00430352
v -0.16629564 -0.00241840 -0.00113304
v -0.21289929 0.03183851 0.00528286
v -0.21752212 0.03059832 0.00165761
v -0.21365285 0.02265256 -0.00007244
v -0.21008835 0.01418138 -0.00170404
v -0.20690459 0.00660877 -0.00350374
v -0.20112661 0.00677405 0.00229285
v -0.21755570 0.02234338 -0.00408667
v -0.17805972 0.00691328 0.00437906
v -0.17652194 0.00841385 0.00124959
v -0.17376887 0.00913237 0.00581300
v -0.20319332 0.02920173 -0.01668085
v -0.15811360 0.00689153 -0.00476618
v -0.20220315 0.05960144 0.01225551
v -0.20981631 0.05514778 0.01348065
v -0.20656483 0.04966099 0.01317223
v -0.19781717 0.05621681 0.01162321
v -0.16367427 0.00760687 -0.00959644
v -0.16028612 0.00839338 -0.00789596
v -0.19837977 0.00238466 -0.01522447
v -0.20080659 0.00528671 -0.01670686
v -0.19872325 0.00758219 -0.01627082
v -0.19600338 0.00414860 -0.01511349
v -0.22087078 0.02995867 -0.00250645
v -0.21160336 0.00255303 -0.00981685
v -0.21285457 0.00373087 -0.01768371
v -0.21940662 0.04440990 0.00781384
v -0.22103745 0.03739874 0.00276108
v -0.21659667 0.03885389 0.00682089
v -0.19261120 0.00673314 0.00450985
v -0.20807296 0.03273422 0.00794990
v -0.21207085 0.04012902 0.00923114
v -0.21459844 0.04663480 0.01076136
v -0.21696191 0.05153073 0.01146827
v -0.22208829 0.04900702 0.00830204
v -0.16445848 -0.00569445 -0.00460242
v -0.16235296 -0.00109095 0.00098336
v -0.22523105 0.05410041 0.00870982
v -0.22954214 0.06006421 0.00819787
v -0.21978703 0.05685337 0.01191196
v -0.22344861 0.06247160 0.01157027
v -0.20659484 0.04168067 0.01139297
v -0.20031298 0.04449887 0.01275021
v -0.20288595 0.03414212 0.01024763
v -0.19639880 0.03631156 0.01196947
v -0.18762584 0.00852549 0.00984325
v -0.16620905 -0.00341375 -0.01189347
v -0.16479860 -0.00694760 -0.01586296
v -0.16324737 -0.00936242 -0.01477156
v -0.16517137 -0.00636754 -0.01038291
v -0.16708360 -0.00382699 -0.00732650
v -0.16292718 -0.00712123 -0.00737742
v -0.18780756 0.04043364 0.01213424
v -0.17620637 0.01069134 -0.00467207
v -0.18966322 0.05093604 0.01063536
v -0.17862404 0.04170621 0.00897304
v -0.17820884 0.04875708 0.00641434
v -0.19000847 0.06222925 0.00585170
v -0.18131699 0.05846214 0.00255784
v -0.20007704 0.06679451 0.00796824
v -0.19596279 0.06425184 0.00729028
v -0.20411441 0.07127693 0.00820607
v -0.17225197 0.05154420 -0.00220725
v -0.15871740 0.00103225 -0.01493951
v -0.16237914 0.00003918 -0.01601899
v -0.20902450 0.06857881 0.01257739
v -0.20545815 0.06318374 0.01237926
v -0.18077038 0.03679210 -0.01654990
v -0.20243185 0.03625445 -0.01458752
v -0.20490487 0.03507463 -0.01743126
v -0.20888613 0.03401790 -0.02117677
v -0.21599374 0.03236703 -0.02273841
v -0.21637565 0.06540252 0.01366631
v -0.21653129 0.07295164 -0.01984809
v -0.22259690 0.06960373 -0.02138156
v -0.22840204 0.07039426 0.01102434
v -0.15579774 -0.00055771 -0.01388835
v -0.18596166 0.00300616 -0.00698550
v -0.18734162 0.00245772 -0.00674125
v -0.16857597 0.04065994 -0.02153216
v -0.16476534 0.03694301 -0.02061196
v -0.16553101 0.04254953 -0.01787658
v -0.16484320 0.04262193 -0.01248274
v -0.16249443 0.03676869 -0.01290314
v -0.16276489 0.03724427 -0.01755431
v -0.20493358 0.04221968 -0.01656461
v -0.20697589 0.04053193 -0.01870731
v -0.22169662 0.03020853 -0.01771777
v -0.22306352 0.02970053 -0.00964798
v -0.16362298 0.01726503 0.00466696
v -0.16851728 0.01909759 0.00970177
v -0.16516709 0.01441283 0.00771819
v -0.16590474 0.00631038 0.00608550
v -0.17394558 0.00881877 -0.00008328
v -0.17517226 0.00918713 -0.00143177
v -0.19702211 0.05258130 -0.01850810
v -0.19645338 0.04592867 -0.01294416
v -0.17652666 0.03436122 -0.01214623
v -0.17397894 0.03205243 -0.01409685
v -0.18624356 0.01583075 -0.00951564
v -0.18608872 0.00202095 0.00158532
v -0.18278514 0.00415352 0.00588188
v -0.18333203 0.01176745 -0.00821900
v -0.15462702 -0.00649640 -0.01244760
v -0.15439884 -0.00319171 -0.01318299
v -0.16952423 0.01164683 0.00947091
v -0.19788076 0.01267055 -0.01525682
v -0.19067889 0.00205399 -0.00051575
v -0.18639018 0.00133772 -0.00286030
v -0.21322376 0.00813083 -0.02000798
v -0.21263865 0.05940068 0.01345487
v -0.16489705 -0.00277913 -0.01638769
v -0.16537950 0.00016367 -0.01289726
v -0.16076793 -0.01010718 -0.01329893
v -0.15736747 -0.00893463 -0.01208741
v -0.22349561 0.03636469 -0.01703392
v -0.20041651 0.03713348 -0.01265935
v -0.22884460 0.06688545 -0.02085776
v -0.16445018 0.03631214 -0.00857779
v -0.16717107 0.04329444 -0.00661789
v -0.18106387 0.00882055 -0.00694247
v -0.20693547 0.00273954 -0.00901909
v -0.19459649 -0.00221853 -0.00340127
v -0.18964101 -0.00121463 -0.00235275
v -0.19776874 0.00199471 -0.00046776
v -0.18720734 0.00006619 -0.00469622
v -0.15952761 -0.01179914 -0.01777364
v -0.15641882 -0.01061039 -0.01668441
v -0.15371929 -0.00782052 -0.01694399
v -0.15399361 -0.00444289 -0.01711240
v -0.15571331 -0.00182835 -0.01744612
v -0.16207502 -0.01104077 -0.01894708
v -0.16358661 -0.00864967 -0.01969980
v -0.16417615 -0.00451428 -0.01938280
v -0.16111386 -0.01159320 -0.02265792
v -0.15814351 -0.01264242 -0.02235284
v -0.15321382 -0.01015868 -0.02356389
v -0.15290900 -0.01002781 -0.02601013
v -0.15220767 -0.00797515 -0.02542705
v -0.15256793 -0.00875194 -0.02169407
v -0.15253214 -0.00810513 -0.02861549
v -0.15284007 -0.01034771 -0.02885650
v -0.15470226 -0.01162265 -0.02298746
v -0.15461407 -0.01213356 -0.02575767
v -0.15699306 -0.01305674 -0.02877724
v -0.15453871 -0.01248829 -0.02892383
v -0.15713736 -0.01263522 -0.02606523
v -0.15672336 -0.01242684 -0.02373121
v -0.15486074 -0.01148702 -0.02072929
v -0.15448931 -0.01245478 -0.03153198
v -0.15542573 -0.01088196 -0.03263622
v -0.15335266 -0.00899121 -0.03127224
v -0.15300648 -0.01070380 -0.03089039
v -0.15317719 -0.00515966 -0.02077123
v -0.15310115 -0.00573826 -0.02504163
v -0.15371250 -0.00621395 -0.02858918
v -0.15467918 -0.00731855 -0.03117844
v -0.15551682 -0.00507821 -0.02865790
v -0.15502486 -0.00401959 -0.02531669
v -0.15641567 -0.00635086 -0.03069567
v -0.15754354 -0.00492838 -0.02884597
v -0.15761294 -0.00340009 -0.02586866
v -0.15810849 -0.00174965 -0.02104567
v -0.15521871 -0.00276326 -0.02043132
v -0.15763248 -0.00601111 -0.03024415
v -0.15673381 -0.00932814 -0.03250682
v -0.15916340 -0.01270286 -0.02583445
v -0.15894981 -0.01262841 -0.02893265
v -0.16085138 -0.01173638 -0.02609650
v -0.16035827 -0.01163790 -0.02912319
v -0.15666160 -0.01321339 -0.03084116
v -0.15798470 -0.01239480 -0.03141573
v -0.15872334 -0.00041821 -0.01787425
v -0.16222352 -0.00179546 -0.01878393
v -0.16137723 -0.00302946 -0.02187455
v -0.16064219 -0.00450020 -0.02600131
v -0.16308796 -0.00583418 -0.02254292
v -0.16266056 -0.00933986 -0.02310077
v -0.16194334 -0.00986157 -0.02647124
v -0.16222888 -0.00720133 -0.02645932
v -0.16109790 -0.00795100 -0.02915879
v -0.16111482 -0.00990042 -0.02918464
v -0.15967220 -0.00600012 -0.02913062
v -0.15987833 -0.00941257 -0.03097320
v -0.15909339 -0.01103268 -0.03137440
v -0.16008888 -0.00819038 -0.03044305
v -0.15884427 -0.00706555 -0.03049862
v -0.15796566 -0.00807050 -0.03146743
v -0.17172575 -0.00358456 -0.01398989
v -0.16908953 -0.00303019 -0.01194176
v -0.16705481 -0.00447245 -0.01526487
v -0.16995699 -0.00495372 -0.01736795
v -0.16627366 -0.00728186 -0.00796995
v -0.16713160 -0.01104259 -0.00653477
v -0.16426267 -0.01215059 -0.01122386
v -0.16394765 -0.00823612 -0.01235365
v -0.17067820 -0.01415290 -0.00713394
v -0.16765632 -0.01511103 -0.01180214
v -0.17354894 0.00348213 -0.00087299
v -0.17494496 0.00095501 0.00195185
v -0.17012768 -0.00748421 -0.00232241
v -0.16893037 -0.00404404 -0.00435925
v -0.18148507 0.00303217 -0.00960774
v -0.18327786 0.00000474 -0.00904710
v -0.16731243 -0.00440558 -0.00993666
v -0.16510452 -0.00557279 -0.01373434
v -0.17417492 -0.00543240 -0.01495824
v -0.17567857 -0.00850471 -0.01498950
v -0.17847817 -0.00609016 -0.01181932
v -0.17672974 -0.00308468 -0.01240055
v -0.17476665 0.00667251 -0.00615600
v -0.17813619 0.00521411 -0.00837007
v -0.17353290 0.00548119 -0.00338131
v -0.18211495 -0.00392501 -0.00112034
v -0.18360504 -0.00314868 -0.00553376
v -0.17884700 -0.00943738 -0.00976005
v -0.17718690 -0.01138358 -0.00632457
v -0.16967737 -0.00163437 -0.00661727
v -0.17392465 -0.00089170 -0.01144025
v -0.17116837 -0.00027314 -0.00917759
v -0.17408324 -0.01418281 -0.01093023
v -0.17384542 -0.01027578 -0.00270845
v -0.17343496 -0.00992786 -0.01927584
v -0.17084753 -0.01111483 -0.02450313
v -0.16970070 -0.01386945 -0.02363261
v -0.17265410 -0.01296438 -0.01846151
v -0.17535841 -0.01166642 -0.01375245
v -0.17086814 -0.01523737 -0.01574532
v -0.16490926 -0.00541847 -0.02117786
v -0.16804060 -0.00607120 -0.02292013
v -0.16257434 -0.00650236 -0.01989994
v -0.17852805 -0.00217763 0.00261496
v -0.16133754 -0.01284867 -0.01833567
v -0.16144003 -0.00906918 -0.01899057
v -0.17036996 -0.00792275 -0.02417839
v -0.17235498 -0.00681286 -0.01872186
v -0.16759909 -0.01582088 -0.02182394
v -0.16422317 -0.01553340 -0.01903593
v -0.16547721 -0.01567132 -0.02661751
v -0.16224538 -0.01571535 -0.02460235
v -0.15969743 -0.01337808 -0.02371496
v -0.16001739 -0.00971785 -0.02340957
v -0.16152197 -0.00730458 -0.02351389
v -0.16752118 -0.01403542 -0.02778336
v -0.16878077 -0.01170039 -0.02792019
v -0.16880263 -0.00875198 -0.02712196
v -0.16688491 -0.01301398 -0.03245326
v -0.16456621 -0.01473416 -0.03228640
v -0.15877223 -0.01189426 -0.03408487
v -0.15793304 -0.01107683 -0.03730581
v -0.15766950 -0.00917548 -0.03623686
v -0.15797773 -0.01040197 -0.03262539
v -0.15945271 -0.01295822 -0.03187158
v -0.15889436 -0.01248864 -0.02934005
v -0.16115070 -0.01406053 -0.03251874
v -0.16061699 -0.01367593 -0.03517441
v -0.16231272 -0.01295014 -0.03929095
v -0.15968996 -0.01292274 -0.03885043
v -0.16293463 -0.01339267 -0.03609028
v -0.16298569 -0.01404525 -0.03363010
v -0.15807848 -0.00895177 -0.03976227
v -0.15764496 -0.01059274 -0.03984524
v -0.16139638 -0.01504904 -0.02990301
v -0.15932339 -0.00948559 -0.02723232
v -0.15856451 -0.00829242 -0.03155628
v -0.15852740 -0.00733391 -0.03565486
v -0.15934041 -0.00731135 -0.03927067
v -0.16004272 -0.00588948 -0.03552515
v -0.16014149 -0.00631971 -0.03135428
v -0.16074988 -0.00637427 -0.03857119
v -0.16209582 -0.00531325 -0.03592140
v -0.16267290 -0.00517356 -0.03184913
v -0.16350360 -0.00630207 -0.02675759
v -0.16095154 -0.00729107 -0.02646474
v -0.16193599 -0.00597891 -0.03797170
v -0.15967582 -0.01011596 -0.04246794
v -0.16094295 -0.00844187 -0.04158705
v -0.15879576 -0.01208972 -0.04206394
v -0.16441858 -0.01276865 -0.03609864
v -0.16363616 -0.01189264 -0.03934806
v -0.16599444 -0.01193214 -0.03632524
v -0.16488904 -0.01098938 -0.03956105
v -0.16142231 -0.01245327 -0.04175282
v -0.16229246 -0.01131966 -0.04201240
v -0.16390885 -0.00649501 -0.02422436
v -0.16685159 -0.00691982 -0.02574637
v -0.16653279 -0.00668772 -0.02777206
v -0.16563431 -0.00574646 -0.03306219
v -0.16834925 -0.00836316 -0.02973924
v -0.16818312 -0.01086752 -0.03168227
v -0.16702404 -0.01014742 -0.03570439
v -0.16721530 -0.00777803 -0.03451006
v -0.16581820 -0.00762003 -0.03773209
v -0.16563482 -0.00953408 -0.03888959
v -0.16441448 -0.00585477 -0.03676592
v -0.16404297 -0.00856833 -0.04075476
v -0.16324939 -0.00992499 -0.04186102
v -0.16450226 -0.00746466 -0.03944419
v -0.16321986 -0.00648390 -0.03894314
v -0.16209915 -0.00726367 -0.04042058
v -0.18429014 -0.00435114 -0.02001526
v -0.18167456 -0.00486066 -0.01752599
v -0.17982910 -0.00504005 -0.01985908
v -0.18267889 -0.00436321 -0.02236755
v -0.17956593 -0.00938545 -0.01420118
v -0.18049246 -0.01185703 -0.01333902
v -0.17810939 -0.01177554 -0.01777535
v -0.17738596 -0.00952479 -0.01790630
v -0.18335254 -0.01410832 -0.01485685
v -0.18026920 -0.01370209 -0.01945694
v -0.18561813 -0.00193202 -0.00728734
v -0.18715282 -0.00439622 -0.00527156
v -0.18262629 -0.00942929 -0.00964179
v -0.18128700 -0.00688886 -0.01117263
v -0.18015611 -0.00677285 -0.01568233
v -0.17804991 -0.00714004 -0.01867945
v -0.18655832 -0.00558962 -0.02178121
v -0.18764918 -0.00780458 -0.02234649
v -0.19048006 -0.00539626 -0.01965120
v -0.18895337 -0.00330920 -0.01936516
v -0.19086378 0.00263359 -0.01451926
v -0.18792849 0.00244069 -0.01216372
v -0.18616489 0.00064033 -0.00966037
v -0.19471624 -0.00551482 -0.01045860
v -0.19584778 -0.00292761 -0.01409995
v -0.19083549 -0.00850255 -0.01820921
v -0.18956673 -0.01124965 -0.01460408
v -0.18167278 -0.00423435 -0.01333700
v -0.18615669 -0.00176745 -0.01819172
v -0.18332754 -0.00220274 -0.01557630
v -0.18634232 -0.01359428 -0.01858983
v -0.18626562 -0.01115910 -0.01073737
v -0.18591151 -0.00780558 -0.02514936
v -0.18182999 -0.00812224 -0.02999742
v -0.18083771 -0.01082225 -0.02971835
v -0.18514752 -0.01096980 -0.02464321
v -0.18775612 -0.01076146 -0.02142923
v -0.18321362 -0.01346147 -0.02228783
v -0.17686688 -0.00442215 -0.02465683
v -0.17960629 -0.00410232 -0.02676456
v -0.17501440 -0.00655967 -0.02378276
v -0.19103486 -0.00610932 -0.00638137
v -0.19552130 -0.00026432 -0.01652390
v -0.17421609 -0.01131350 -0.02386557
v -0.17400299 -0.00891134 -0.02348355
v -0.18162033 -0.00559403 -0.02881439
v -0.18496770 -0.00553092 -0.02425098
v -0.17881562 -0.01298961 -0.02794945
v -0.17620227 -0.01316374 -0.02522877
v -0.17589527 -0.01242115 -0.03212527
v -0.17312090 -0.01267628 -0.02968027
v -0.17114739 -0.01116882 -0.02820113
v -0.17152674 -0.00864545 -0.02734996
v -0.17284838 -0.00641591 -0.02705881
v -0.17805262 -0.00995382 -0.03327286
v -0.17911935 -0.00767123 -0.03290338
v -0.17924386 -0.00560440 -0.03109254
v -0.17675190 -0.00892074 -0.03620683
v -0.17408377 -0.01039639 -0.03562205
v -0.16802524 -0.00838301 -0.03604585
v -0.16648140 -0.00738135 -0.03844581
v -0.16613563 -0.00628028 -0.03756880
v -0.16745338 -0.00769263 -0.03492644
v -0.16904443 -0.00984737 -0.03442632
v -0.16916673 -0.01003872 -0.03245559
v -0.17058057 -0.01056101 -0.03524468
v -0.16931585 -0.00979938 -0.03757839
v -0.17064099 -0.00831351 -0.04055958
v -0.16792389 -0.00866743 -0.03994244
v -0.17196289 -0.00926347 -0.03838545
v -0.17232158 -0.01058732 -0.03658033
v -0.16549799 -0.00566438 -0.04004027
v -0.16570575 -0.00685566 -0.04023762
v -0.17145691 -0.01119501 -0.03325552
v -0.16953649 -0.00787547 -0.03060635
v -0.16793889 -0.00612750 -0.03369883
v -0.16665170 -0.00466787 -0.03666809
v -0.16651284 -0.00398712 -0.03931989
v -0.16825591 -0.00324914 -0.03611814
v -0.16950020 -0.00439672 -0.03311962
v -0.16808994 -0.00282630 -0.03855107
v -0.17005822 -0.00238214 -0.03622866
v -0.17152376 -0.00306463 -0.03322611
v -0.17347764 -0.00449319 -0.02979558
v -0.17123843 -0.00598607 -0.02985487
v -0.16944016 -0.00241503 -0.03802789
v -0.16700218 -0.00603517 -0.04240757
v -0.16833502 -0.00424182 -0.04165577
v -0.16678563 -0.00765316 -0.04190575
v -0.17359582 -0.00882330 -0.03874920
v -0.17201300 -0.00753741 -0.04103554
v -0.17511017 -0.00738557 -0.03868295
v -0.17317415 -0.00627900 -0.04093013
v -0.16926405 -0.00773097 -0.04212152
v -0.17004679 -0.00683747 -0.04236129
v -0.17502001 -0.00476914 -0.02751852
v -0.17758436 -0.00448100 -0.02900045
v -0.17598791 -0.00409040 -0.03099998
v -0.17399010 -0.00260964 -0.03447261
v -0.17781522 -0.00489692 -0.03298867
v -0.17762994 -0.00672123 -0.03525737
v -0.17588790 -0.00552001 -0.03787961
v -0.17571850 -0.00366164 -0.03634939
v -0.17387065 -0.00327476 -0.03858667
v -0.17398157 -0.00482215 -0.03986381
v -0.17212452 -0.00218463 -0.03727733
v -0.17172720 -0.00403994 -0.04107145
v -0.17095176 -0.00538705 -0.04212276
v -0.17217527 -0.00311080 -0.03992650
v -0.17070293 -0.00249649 -0.03915412
v -0.16956881 -0.00310983 -0.04046779
v -0.19355516 0.00135606 -0.01580693
v -0.19762976 -0.00087812 -0.02357395
v -0.19610780 -0.00101666 -0.02111532
v -0.19433761 -0.00146983 -0.02290930
v -0.19613630 -0.00117245 -0.02505556
v -0.19508275 -0.00506919 -0.01737909
v -0.19588123 -0.00768899 -0.01769114
v -0.19295173 -0.00774138 -0.02113405
v -0.19226270 -0.00539850 -0.02043937
v -0.19781283 -0.00908752 -0.02031508
v -0.19503856 -0.00824405 -0.02329255
v -0.20197968 0.00112265 -0.01279061
v -0.20427868 -0.00082356 -0.01183759
v -0.19912701 -0.00581956 -0.01499987
v -0.19774055 -0.00317236 -0.01501102
v -0.20489562 0.00403100 -0.02450886
v -0.20679125 0.00210275 -0.02466070
v -0.21024623 0.00547961 -0.02282339
v -0.20919678 0.00838564 -0.02232684
v -0.19526555 -0.00261212 -0.01868905
v -0.19292557 -0.00312047 -0.02131778
v -0.19907716 -0.00136717 -0.02578306
v -0.20024526 -0.00269810 -0.02732488
v -0.20207549 -0.00216455 -0.02637806
v -0.20052929 -0.00029295 -0.02512537
v -0.20217788 0.00506397 -0.02039928
v -0.20284762 0.00456443 -0.02281070
v -0.20645362 0.00927965 -0.02158742
v -0.20346841 0.00801895 -0.01937909
v -0.20162541 0.00313204 -0.01729845
v -0.20913026 -0.00193539 -0.01971590
v -0.20797850 0.00006112 -0.02322909
v -0.20311236 -0.00457809 -0.02529223
v -0.20262603 -0.00711253 -0.02217236
v -0.19722778 -0.00131899 -0.01734287
v -0.19921134 0.00059746 -0.02256954
v -0.19754873 0.00015186 -0.02017964
v -0.19961659 -0.00725895 -0.02398893
v -0.20155403 -0.00773001 -0.01733699
v -0.19857649 -0.00284282 -0.02925383
v -0.19540176 -0.00282394 -0.03215236
v -0.19488497 -0.00468687 -0.03234290
v -0.19836178 -0.00538782 -0.02920925
v -0.20006184 -0.00524170 -0.02712908
v -0.19686883 -0.00769054 -0.02718929
v -0.19084640 -0.00124427 -0.02600208
v -0.19305791 -0.00063302 -0.02797638
v -0.18938975 -0.00291116 -0.02488174
v -0.20771989 -0.00232069 -0.01376623
v -0.18892587 -0.00723322 -0.02537628
v -0.18849280 -0.00504930 -0.02458610
v -0.19457068 -0.00125611 -0.03033904
v -0.19769320 -0.00176605 -0.02730399
v -0.19337764 -0.00650708 -0.03082723
v -0.19098517 -0.00790488 -0.02767269
v -0.19034602 -0.00566748 -0.03366988
v -0.18781017 -0.00769584 -0.03072972
v -0.18621783 -0.00683290 -0.02819695
v -0.18625713 -0.00492331 -0.02684582
v -0.18723294 -0.00299235 -0.02673685
v -0.19207084 -0.00370653 -0.03472738
v -0.19265353 -0.00197060 -0.03379247
v -0.19213359 -0.00111262 -0.03182917
v -0.18970991 -0.00238922 -0.03622541
v -0.18753920 -0.00449397 -0.03561756
v -0.18165531 -0.00442962 -0.03252214
v -0.17974742 -0.00354397 -0.03349699
v -0.17956786 -0.00259834 -0.03256904
v -0.18138800 -0.00382425 -0.03116498
v -0.18333948 -0.00546007 -0.03187932
v -0.18386698 -0.00559256 -0.03024957
v -0.18473459 -0.00546788 -0.03336480
v -0.18259231 -0.00488275 -0.03447338
v -0.18223653 -0.00331817 -0.03783565
v -0.18059481 -0.00457066 -0.03569356
v -0.18438003 -0.00410797 -0.03677288
v -0.18559764 -0.00477711 -0.03542408
v -0.17810655 -0.00201913 -0.03430559
v -0.17844266 -0.00319523 -0.03459411
v -0.18597594 -0.00601722 -0.03242401
v -0.18421437 -0.00416392 -0.02839833
v -0.18163821 -0.00265116 -0.03015484
v -0.17954362 -0.00126315 -0.03205113
v -0.17862431 -0.00047850 -0.03429135
v -0.18064591 -0.00005953 -0.03199370
v -0.18282828 -0.00133404 -0.02988520
v -0.17984903 0.00050462 -0.03413687
v -0.18214660 0.00077283 -0.03248066
v -0.18450137 -0.00006340 -0.03046875
v -0.18713136 -0.00093435 -0.02857401
v -0.18544489 -0.00251417 -0.02793815
v -0.18094774 0.00099851 -0.03393596
v -0.17862740 -0.00195795 -0.03694655
v -0.17933100 -0.00034461 -0.03657538
v -0.17886415 -0.00372224 -0.03681824
v -0.18566911 -0.00298759 -0.03752004
v -0.18312392 -0.00226702 -0.03865137
v -0.18699242 -0.00154541 -0.03749589
v -0.18380707 -0.00100617 -0.03844721
v -0.18053580 -0.00309830 -0.03825311
v -0.18062976 -0.00192560 -0.03859812
v -0.18886216 -0.00120302 -0.02746280
v -0.19076975 -0.00054324 -0.02951604
v -0.18897806 -0.00009753 -0.03040219
v -0.18621106 0.00085448 -0.03216474
v -0.19016811 -0.00021208 -0.03299997
v -0.19049552 -0.00072268 -0.03510615
v -0.18744935 -0.00029140 -0.03671855
v -0.18729979 0.00080336 -0.03472893
v -0.18420108 0.00124028 -0.03583101
v -0.18416749 0.00033722 -0.03743877
v -0.18343439 0.00137905 -0.03387776
v -0.18172197 0.00057192 -0.03700088
v -0.18113064 -0.00040606 -0.03801938
v -0.18225751 0.00115233 -0.03607387
v -0.18150064 0.00116359 -0.03507906
v -0.18035342 0.00064273 -0.03587806
v -0.21076097 0.00331546 -0.02171094
v -0.16768850 0.02666648 -0.00975866
v -0.16445237 0.02760147 -0.00891971
v -0.16875028 0.02824755 -0.02079817
v -0.17047589 0.02689797 -0.01630519
v -0.16476391 0.03010061 -0.02279801
v -0.15913331 0.03100359 -0.01875762
v -0.16131195 0.03097651 -0.02145090
v -0.16993542 0.02633481 -0.01239002
v -0.16135304 0.02870525 -0.01021713
v -0.15886893 0.03040898 -0.01429947
v -0.15735760 0.02370658 -0.01241804
v -0.15535161 0.02497061 -0.01678425
v -0.15676454 0.02602083 -0.02191743
v -0.15990246 0.02609118 -0.02343278
v -0.16360818 0.02619253 -0.02390272
v -0.16134745 0.02299340 -0.00972182
v -0.16480141 0.02258659 -0.00992304
v -0.16753631 0.02302753 -0.01281599
v -0.15799569 0.01838240 -0.01124569
v -0.15472931 0.01653959 -0.01518190
v -0.15442479 0.01570316 -0.02460792
v -0.15390995 0.01318824 -0.02491610
v -0.15654279 0.01328308 -0.02613071
v -0.15695787 0.01633523 -0.02615718
v -0.15459716 0.01720533 -0.02351730
v -0.15662246 0.01939176 -0.02461040
v -0.15226333 0.01465967 -0.02107291
v -0.15324609 0.01643372 -0.02033582
v -0.15314602 0.01533605 -0.01756329
v -0.15255501 0.01354653 -0.01727167
v -0.15150774 0.01228506 -0.02185907
v -0.15232829 0.00995351 -0.02238952
v -0.15357751 0.01095111 -0.02470002
v -0.15573761 0.01048420 -0.02491641
v -0.15393704 0.01833604 -0.01959254
v -0.16047712 0.02167091 -0.02561837
v -0.16014306 0.01710812 -0.02656968
v -0.15945091 0.01305527 -0.02590147
v -0.15842752 0.01041613 -0.02380040
v -0.16232003 0.01298868 -0.02396912
v -0.16359315 0.01720297 -0.02506748
v -0.16073256 0.01058194 -0.02220502
v -0.16352792 0.01284709 -0.02109211
v -0.16549297 0.01684932 -0.02153696
v -0.16704492 0.02215315 -0.02188724
v -0.16413885 0.02259854 -0.02471782
v -0.16195495 0.01110427 -0.02067697
v -0.15446362 0.00849550 -0.02202531
v -0.15723054 0.00872567 -0.02075111
v -0.15460864 0.01335347 -0.01491892
v -0.15399651 0.01088486 -0.01589717
v -0.15185965 0.01149294 -0.01795768
v -0.15744078 0.01385885 -0.01286351
v -0.15673859 0.01074401 -0.01458505
v -0.15188527 0.00984930 -0.01941608
v -0.15379589 0.00908191 -0.01818661
v -0.16728045 0.02535548 -0.02165104
v -0.16855875 0.02397939 -0.01729845
v -0.16746580 0.02097290 -0.01707076
v -0.16547724 0.01631952 -0.01736454
v -0.16556824 0.01935620 -0.01288658
v -0.16191008 0.01909805 -0.01010151
v -0.16068197 0.01420301 -0.01219143
v -0.16359021 0.01522484 -0.01365168
v -0.16195386 0.01182615 -0.01553481
v -0.15965494 0.01112788 -0.01440518
v -0.16338130 0.01240494 -0.01808554
v -0.15923644 0.00960958 -0.01696318
v -0.15665207 0.00894736 -0.01723375
v -0.16091608 0.01046957 -0.01706968
v -0.16148861 0.01058156 -0.01887046
v -0.15970319 0.00950045 -0.01970630
v -0.21059767 0.01085185 -0.02117600
v -0.20683215 0.01190026 -0.02040362
v -0.20825568 0.01500674 -0.02013831
v -0.20969082 0.01925419 -0.02132243
v -0.21478424 0.02215524 -0.02163773
v -0.20586535 0.02055393 -0.01959393
v -0.20439543 0.01596789 -0.01848953
v -0.20200897 0.01145645 -0.01814745
v -0.20412591 0.02557416 -0.01829868
v -0.05761265 0.27785616 0.07553787
v -0.05959073 0.26373762 0.07514858
v -0.19074049 0.22953202 0.01930456
v -0.19861238 0.23392352 0.02928525
v -0.22952289 0.26320690 0.03683627
v -0.23656512 0.27769863 0.02805199
v -0.11446586 0.11530993 0.02443193
v -0.16915588 0.22592260 -0.09176674
v -0.16916112 0.24099238 -0.08675229
v -0.11849266 0.24786520 -0.11422035
v -0.13259696 0.24473387 -0.11163078
v -0.17976206 0.16868743 -0.02028784
v -0.17849963 0.17980343 -0.01501938
v -0.14597133 0.13852541 0.01022433
v -0.14476082 0.14873198 0.01402720
v -0.17330101 0.14789499 -0.01184115
v -0.15281625 0.20451072 -0.12307320
v -0.16541189 0.20041113 -0.11563603
v -0.16084269 0.21770264 -0.10806388
v -0.14857574 0.22256499 -0.11542970
v -0.10498775 0.24928517 -0.11429031
v -0.10632240 0.23170137 -0.12110122
v -0.18404297 0.20362875 -0.02314736
v -0.18696229 0.21678028 -0.03878959
v -0.17757168 0.24206209 -0.06765770
v -0.16768012 0.25325232 -0.07836597
v -0.15552423 0.26223397 -0.08579927
v -0.14237108 0.26948131 -0.09140764
v -0.13059683 0.15160611 0.02704967
v -0.11476003 0.15754669 0.03625466
v -0.17743212 0.19067157 -0.00867840
v -0.07965362 0.13759540 0.03741726
v -0.12845945 0.29060200 -0.08773859
v -0.11310033 0.29350621 -0.09156924
v -0.18452290 0.22969638 -0.05389519
v -0.07302119 0.23040289 0.07992358
v -0.08491147 0.23320253 0.08262313
v -0.08585957 0.21997883 0.08321070
v -0.07415357 0.21728349 0.07959737
v -0.09735092 0.22249569 0.08557792
v -0.10853344 0.22540627 0.08649101
v -0.11885873 0.22828719 0.08593463
v -0.14365218 0.23395564 0.07818448
v -0.13640142 0.23247520 0.08166415
v -0.15660062 0.23692297 0.06819419
v -0.15013719 0.23553204 0.07387175
v -0.16401351 0.23772360 0.05987566
v -0.17075056 0.23885180 0.04856381
v -0.17436300 0.25189111 0.03671476
v -0.17641069 0.24188867 0.03505151
v -0.17166713 0.22824027 0.04728411
v -0.16522779 0.22779994 0.05893317
v -0.15802372 0.22689615 0.06756792
v -0.07173696 0.17709885 0.05808247
v -0.06741436 0.18831938 0.06714644
v -0.05517800 0.29073933 0.07558995
v -0.27089691 0.15449827 -0.04661946
v -0.21301019 0.10063416 0.00004179
v -0.06740650 0.38155592 0.00467532
v -0.08159950 0.38415509 0.01088875
v -0.12597617 0.38108026 0.03514685
v -0.13585051 0.37476591 0.05135545
v -0.11398786 0.38339184 0.02294474
v -0.09922360 0.38253123 0.01246703
v -0.16341317 0.18854224 0.00820019
v -0.08878312 0.37152159 -0.01081879
v -0.10245451 0.37937575 0.00575341
v -0.11945851 0.38003112 0.01617052
v -0.13498443 0.37744994 0.02973375
v -0.14797060 0.37080466 0.04681913
v -0.15804226 0.36399789 0.05187167
v -0.17401941 0.35577340 0.04329194
v -0.18445538 0.34464671 0.05114703
v -0.18176571 0.34036474 0.06491775
v -0.17571309 0.34663676 0.06232516
v -0.17888379 0.35052955 0.04762712
v -0.22856658 0.29743475 0.03412875
v -0.23523543 0.29173484 0.01254574
v -0.23370072 0.29222236 0.02431646
v -0.23336999 0.29318598 0.00099218
v -0.22978305 0.29333103 -0.00756456
v -0.22362841 0.29399443 -0.01390275
v -0.21505018 0.29872094 -0.01483998
v -0.19105397 0.30607983 -0.00998774
v -0.18436179 0.30903015 -0.00606375
v -0.18137230 0.31287934 -0.01509275
v -0.18004271 0.31317040 -0.01927197
v -0.17298269 0.30677906 -0.03739110
v -0.16955650 0.29966512 -0.04702546
v -0.16558470 0.29288513 -0.05890345
v -0.18524926 0.11826863 -0.13925006
v -0.18019877 0.13490367 -0.13384617
v -0.16692080 0.13368784 -0.14433092
v -0.17235978 0.11686876 -0.14983156
v -0.12926699 0.17104969 -0.14149416
v -0.11223589 0.17416101 -0.14284792
v -0.20317215 0.13049560 -0.08919389
v -0.20268949 0.12713788 -0.06911579
v -0.19050928 0.13545511 -0.12126282
v -0.19830859 0.13272847 -0.10698239
v -0.19629658 0.12270819 -0.04931723
v -0.14095788 0.10230010 0.00788443
v -0.12368220 0.09829002 0.01825247
v -0.08725872 0.09521459 0.02994046
v -0.06957336 0.09673178 0.02992700
v -0.18564795 0.11721825 -0.03173908
v -0.10555234 0.09547192 0.02631638
v -0.17258368 0.11182900 -0.01725805
v -0.15722034 0.10672612 -0.00405292
v -0.14484014 0.16886799 -0.13721571
v -0.14840489 0.15146555 -0.14514015
v -0.16196278 0.15015011 -0.13841066
v -0.11446306 0.33591943 -0.05856586
v -0.10016759 0.33340013 -0.06271181
v -0.12798996 0.33890301 -0.05246434
v -0.13594542 0.34897047 -0.03633407
v -0.13913303 0.34093683 -0.04443140
v -0.14977875 0.34158840 -0.03425652
v -0.14753858 0.34832919 -0.02739144
v -0.16887498 0.34168893 -0.01219112
v -0.16843318 0.33730601 -0.01731935
v -0.17585388 0.33368428 -0.01192644
v -0.17729403 0.33713601 -0.00888659
v -0.18735905 0.32649964 -0.00388452
v -0.18261208 0.32926488 -0.00910979
v -0.19090538 0.32271595 0.00126801
v -0.19695249 0.32018709 0.00225802
v -0.20148991 0.33041585 0.01507611
v -0.19499077 0.33433357 0.01430604
v -0.17046837 0.34513583 -0.00699727
v -0.15956928 0.35052088 -0.01156486
v -0.09399488 0.34661594 -0.04637567
v -0.08077636 0.34272616 -0.04886045
v -0.18112660 0.24976653 0.02121563
v -0.18494467 0.25948742 0.00739151
v -0.18672152 0.26986269 -0.00479404
v -0.18772146 0.27969608 -0.01496892
v -0.18506158 0.29045456 -0.02193616
v -0.18132869 0.30059612 -0.02726111
v -0.17852426 0.31234322 -0.02447063
v -0.17637019 0.31015243 -0.03040854
v -0.17496864 0.31970721 -0.02502321
v -0.17132325 0.31898274 -0.03134995
v -0.16275227 0.33416818 -0.02909734
v -0.16701981 0.32680780 -0.03110771
v -0.15966365 0.34057672 -0.02513389
v -0.15868215 0.34587374 -0.01922894
v -0.14721747 0.35419760 -0.01884120
v -0.13464734 0.35584913 -0.02697135
v -0.12121179 0.36772669 -0.01356206
v -0.12019731 0.36210137 -0.02482509
v -0.12157736 0.35540578 -0.03478264
v -0.12394296 0.34801180 -0.04357791
v -0.09988021 0.38481843 0.04881735
v -0.08746469 0.38823092 0.03677567
v -0.21480229 0.30193789 -0.01181468
v -0.22003658 0.30066328 -0.00925297
v -0.21681192 0.30483912 -0.00674311
v -0.21419955 0.30461308 -0.00917635
v -0.22432385 0.30003659 -0.00466882
v -0.22798149 0.30026463 0.00299109
v -0.22338863 0.30614649 0.00453137
v -0.21974665 0.30537795 -0.00230988
v -0.23006603 0.30044015 0.01258366
v -0.22523395 0.30769708 0.01323864
v -0.22950675 0.30177476 0.02194227
v -0.22640692 0.30537426 0.02964420
v -0.22448291 0.31025567 0.02702646
v -0.22540087 0.30897366 0.02118335
v -0.20944724 0.32859508 0.03256123
v -0.21546377 0.32226732 0.03155550
v -0.22072468 0.31552235 0.02950451
v -0.20370407 0.31769608 0.00128008
v -0.20976179 0.31460184 0.00055290
v -0.21552013 0.30947485 -0.00126151
v -0.21866212 0.31161388 0.00579411
v -0.21266055 0.31767154 0.00708016
v -0.20653639 0.32187581 0.00753724
v -0.10964454 0.34464156 -0.05030353
v -0.09653745 0.34007838 -0.05601916
v -0.18869062 0.33136806 0.00140035
v -0.18376129 0.33419411 -0.00375527
v -0.19313120 0.32852181 0.00642704
v -0.19971686 0.32543647 0.00813410
v -0.19001838 0.33692268 0.00846882
v -0.18485705 0.33938332 0.00328131
v -0.17854809 0.34202107 -0.00200944
v -0.10775918 0.35184067 -0.04050169
v -0.08400982 0.33656040 -0.06028941
v -0.15803411 0.28592449 0.08251176
v -0.16442495 0.30096581 0.08878448
v -0.17271157 0.31712470 0.08841345
v -0.17881305 0.33161769 0.07924724
v -0.24406808 0.20258851 -0.06344055
v -0.10800913 0.21457257 -0.12762206
v -0.11001769 0.19506543 -0.13538629
v -0.12590928 0.19132262 -0.13534775
v -0.09905132 0.29425828 -0.09489281
v -0.08758645 0.33052049 -0.06829635
v -0.12939694 0.20555805 0.08514568
v -0.12006137 0.20302923 0.08672907
v -0.11934863 0.21539251 0.08695142
v -0.12877134 0.21795826 0.08515040
v -0.14566548 0.21183850 0.07845985
v -0.13822748 0.20864139 0.08229684
v -0.13740541 0.22050574 0.08234986
v -0.14498340 0.22294558 0.07862353
v -0.15266580 0.21455666 0.07346102
v -0.15175140 0.22519624 0.07388165
v -0.13900049 0.19681581 0.08007868
v -0.13051618 0.19347195 0.08303053
v -0.12127633 0.19118293 0.08437431
v -0.15287203 0.20418542 0.07141568
v -0.14644297 0.20054727 0.07622017
v -0.04621370 0.33050176 0.09193639
v -0.05122465 0.30925036 0.07603868
v -0.04954937 0.31660721 0.07656712
v -0.06511094 0.20103010 0.07254004
v -0.06205784 0.22686635 0.07639608
v -0.06171182 0.23786927 0.07492298
v -0.06094567 0.25010631 0.07466720
v -0.05276685 0.30066241 0.07602312
v -0.06328987 0.21352087 0.07502816
v -0.19443191 -0.00117937 -0.10392180
v -0.18259167 -0.01537331 -0.11752984
v -0.18993293 0.00215236 -0.12046304
v -0.18009470 -0.00739288 -0.13002558
v -0.20427187 0.05016389 -0.10986018
v -0.20050099 0.03172184 -0.11112586
v -0.20805877 0.06963832 -0.10901086
v -0.16669949 -0.01345524 -0.14002105
v -0.14896361 -0.01526055 -0.14807118
v -0.15116967 -0.00060229 -0.15778402
v -0.19977068 0.06701253 -0.12850960
v -0.19653194 0.04850133 -0.12849784
v -0.19620971 0.01552013 -0.11468038
v -0.18934823 0.01511471 -0.12897520
v -0.18618066 0.00515154 -0.12915258
v -0.16747644 -0.00101379 -0.14771687
v -0.17912910 0.00085127 -0.13685552
v -0.12273621 0.10402340 -0.17425606
v -0.14351288 0.10160817 -0.16888900
v -0.14081784 0.11784978 -0.16360630
v -0.18870227 0.10212982 -0.14244176
v -0.19638473 0.11945791 -0.12534840
v -0.18073611 0.01262377 -0.14071419
v -0.16907173 0.01317241 -0.15342678
v -0.15299261 0.01460484 -0.16503204
v -0.15984246 0.06818674 -0.16941667
v -0.15753673 0.05096174 -0.17086083
v -0.17290695 0.04856177 -0.15961313
v -0.17559336 0.06662119 -0.15838335
v -0.18981100 0.08460819 -0.14418728
v -0.18865612 0.06624858 -0.14491153
v -0.16071333 0.08453525 -0.16633751
v -0.17625236 0.08424198 -0.15644713
v -0.17512383 0.10117131 -0.15378775
v -0.18609725 0.04754854 -0.14513705
v -0.13539575 0.03579732 -0.17777776
v -0.15500802 0.03335008 -0.16975550
v -0.11418106 0.03820146 -0.17961028
v -0.15969725 0.10113691 -0.16257930
v -0.15728427 0.11712633 -0.15763372
v -0.15195953 0.13328865 -0.15213122
v -0.14155201 0.18863031 -0.13286838
v -0.15278314 -0.10835784 0.04922946
v -0.06362510 -0.01920265 -0.03512735
v -0.06165860 -0.01987020 -0.05220415
v -0.19162479 0.04247647 -0.02154315
v -0.20660740 0.01712279 -0.07217018
v -0.20199376 0.01584673 -0.09578948
v -0.07868155 -0.00264207 0.01095902
v -0.06927717 -0.01317593 -0.00544507
v -0.17609990 0.04245015 -0.00418821
v -0.13563798 0.02419040 0.02080219
v -0.06424389 -0.01755503 -0.02074709
v -0.19280766 0.03008525 -0.12842988
v -0.18363294 0.02848627 -0.14328488
v -0.17085042 0.03067003 -0.15799499
v -0.13290996 0.01753320 -0.17324810
v -0.11081031 0.02093417 -0.17546046
v -0.06952521 0.02707852 0.01170633
v -0.06498797 0.03249751 0.01340186
v -0.05898060 0.03267842 0.01115761
v -0.06063828 0.02570781 0.00752757
v -0.13831581 0.09246083 0.00948066
v -0.11980281 0.08904289 0.01926485
v -0.08353488 0.08601284 0.02826707
v -0.06661188 0.08739401 0.02805733
v -0.18789831 0.10521655 -0.02959839
v -0.10145567 0.08638469 0.02532954
v -0.17346120 0.10067301 -0.01508810
v -0.15628698 0.09607249 -0.00192028
v -0.15504856 -0.40539355 -0.01586234
v -0.15765893 -0.42235240 -0.01342941
v -0.15994896 -0.42210412 -0.02383492
v -0.15609187 -0.40450267 -0.02606647
v -0.17264886 -0.40181497 -0.04290706
v -0.16349975 -0.40304699 -0.03869843
v -0.18386384 -0.40051437 -0.04236485
v -0.18445528 -0.41924367 -0.04183501
v -0.19192867 -0.41895476 -0.03621798
v -0.19283816 -0.40007912 -0.03684904
v -0.19677363 -0.39982774 -0.02920709
v -0.19622263 -0.41773729 -0.00738253
v -0.19789013 -0.40042150 -0.00670054
v -0.19853804 -0.39971305 -0.01990768
v -0.19732092 -0.41788728 -0.01983060
v -0.19090615 -0.40258936 0.00541427
v -0.18971225 -0.41899206 0.00441915
v -0.18004157 -0.40468509 0.01050008
v -0.15756708 -0.40608173 -0.00481122
v -0.15881015 -0.42246121 -0.00195046
v -0.17430852 -0.41994469 -0.04171273
v -0.16573034 -0.42145417 -0.03665045
v -0.15811106 -0.40400117 -0.03284983
v -0.16268674 -0.42174656 -0.03035715
v -0.16091966 -0.44010375 -0.02061196
v -0.15573792 -0.43944227 -0.01124600
v -0.17509522 -0.43901715 -0.04094855
v -0.16811122 -0.43976283 -0.03437896
v -0.19173043 -0.43808967 -0.03534266
v -0.18489243 -0.43841596 -0.04183718
v -0.19886147 -0.43670224 -0.01917523
v -0.19512891 -0.41854156 -0.02822760
v -0.19541306 -0.43745288 -0.02713666
v -0.19718900 -0.43531551 -0.00743129
v -0.19027269 -0.43538594 0.00647626
v -0.15646499 -0.43810894 0.00147620
v -0.16482979 -0.43978876 -0.02806600
v -0.16186279 -0.47802956 0.10748885
v -0.16476014 -0.47817699 0.10760262
v -0.16565981 -0.48100169 0.10865826
v -0.16080932 -0.48150683 0.10875400
v -0.13294472 -0.47415278 0.10699291
v -0.13812557 -0.47309327 0.10935511
v -0.13938006 -0.47900015 0.10957723
v -0.13214236 -0.48046822 0.10658010
v -0.15473399 -0.48264041 0.11056941
v -0.15160784 -0.48251983 0.11015489
v -0.15041519 -0.47973592 0.11205001
v -0.15571847 -0.47954399 0.11229698
v -0.18669132 -0.48527797 0.09176829
v -0.18389221 -0.48529523 0.09204853
v -0.18351170 -0.48218085 0.09319798
v -0.18688509 -0.48275789 0.09255523
v -0.17589571 -0.48511459 0.10059831
v -0.17331231 -0.48543198 0.10107575
v -0.17268707 -0.48225406 0.10230815
v -0.17645865 -0.48332696 0.10213456
v -0.14328662 -0.47209064 0.09515084
v -0.14099511 -0.47153186 0.10377321
v -0.13302929 -0.47314009 0.10058917
v -0.13405566 -0.47149959 0.09104892
v -0.12898220 -0.47953424 0.09805463
v -0.13400945 -0.48348090 0.09795742
v -0.13480716 -0.48499811 0.08883022
v -0.12994049 -0.47921793 0.08765980
v -0.14192161 -0.48351565 0.10129082
v -0.14352281 -0.48463530 0.09330501
v -0.14787057 -0.47852573 0.09629269
v -0.14688478 -0.47732598 0.10559550
v -0.15978535 -0.47871379 0.10000679
v -0.15983550 -0.47887167 0.10790213
v -0.15586591 -0.47509891 0.10726727
v -0.15644699 -0.47361266 0.09902483
v -0.15052035 -0.47528342 0.10695344
v -0.14925863 -0.47367720 0.09866209
v -0.14709790 -0.48002831 0.09808342
v -0.14671959 -0.47946481 0.10660123
v -0.15051689 -0.48333401 0.10554721
v -0.15033907 -0.48393458 0.09723588
v -0.15649985 -0.48328200 0.09824757
v -0.15658141 -0.48335723 0.10608540
v -0.16171182 -0.47749408 0.10346278
v -0.16173890 -0.47491379 0.09706245
v -0.16850508 -0.47462202 0.09721847
v -0.16628848 -0.47737396 0.10407070
v -0.16270200 -0.48452006 0.09676247
v -0.15920631 -0.48132240 0.09732961
v -0.15880174 -0.48184612 0.10353530
v -0.16199111 -0.48462075 0.10358050
v -0.16698092 -0.48482321 0.10419453
v -0.16884398 -0.48421815 0.09734122
v -0.17133476 -0.47931560 0.09832821
v -0.16935048 -0.48086579 0.10514229
v -0.17787547 -0.47911670 0.09790325
v -0.18043124 -0.47655754 0.09188221
v -0.18289964 -0.48150219 0.09216540
v -0.17968951 -0.48318951 0.09810168
v -0.17487200 -0.47644803 0.09299451
v -0.17401080 -0.47822753 0.09825755
v -0.17485249 -0.48555024 0.09264152
v -0.17286359 -0.48031033 0.09394722
v -0.17134724 -0.48114316 0.09805710
v -0.17295791 -0.48617867 0.09748478
v -0.17766289 -0.48655557 0.09758253
v -0.18050602 -0.48606103 0.09170839
v -0.19100630 -0.48274412 0.08829264
v -0.18987748 -0.47888940 0.08857629
v -0.19138941 -0.47788213 0.08337245
v -0.19240928 -0.48268344 0.08236990
v -0.18652580 -0.47713621 0.08538019
v -0.18532301 -0.47836165 0.08928614
v -0.18529354 -0.48597876 0.08487032
v -0.18498103 -0.48092112 0.08630109
v -0.18311448 -0.48158879 0.08917949
v -0.18394994 -0.48597605 0.08859099
v -0.18844288 -0.48640651 0.08828947
v -0.18980655 -0.48621984 0.08304044
v -0.13565864 -0.47066522 0.08185160
v -0.14767343 -0.47300852 0.08697982
v -0.13432078 -0.48244120 0.10421783
v -0.13197875 -0.48008288 0.07835389
v -0.13879675 -0.48235731 0.10593658
v -0.14731058 -0.48549606 0.08606473
v -0.13694156 -0.48580053 0.07957585
v -0.14778986 -0.47924161 0.09228822
v -0.15474158 -0.47647643 0.11130054
v -0.15936028 -0.47991973 0.09391309
v -0.16031690 -0.48557129 0.08844550
v -0.15154446 -0.47681975 0.11099894
v -0.15974011 -0.47292819 0.08917841
v -0.17277942 -0.47465468 0.08665446
v -0.16257071 -0.48398751 0.10740294
v -0.16517102 -0.48387824 0.10771553
v -0.17341203 -0.48635884 0.08726974
v -0.17293425 -0.47969073 0.09285373
v -0.17611512 -0.48061271 0.10135173
v -0.18486612 -0.48087732 0.08649000
v -0.18427929 -0.48717278 0.08259334
v -0.17375504 -0.47971387 0.10139940
v -0.18491333 -0.47531012 0.08195755
v -0.18649439 -0.48055250 0.09149989
v -0.19169550 -0.48807519 0.07663453
v -0.19580115 -0.48337920 0.07494287
v -0.18452787 -0.47989048 0.09216780
v -0.19364821 -0.47697988 0.07673359
v -0.16265015 -0.40658269 0.00395154
v -0.16314643 -0.42252994 0.00665759
v -0.17027330 -0.40613544 0.00925916
v -0.17956202 -0.42051408 0.01035946
v -0.17085301 -0.42140448 0.01051711
v -0.16035161 -0.43773475 0.01213958
v -0.17946555 -0.43662237 0.01422145
v -0.16924828 -0.43701127 0.01571762
v -0.20003564 -0.45211207 -0.01985892
v -0.20076542 -0.45028010 -0.00726954
v -0.19631926 -0.45283121 -0.02855807
v -0.18475375 -0.45371070 -0.04314776
v -0.19240324 -0.45304202 -0.03672536
v -0.15763465 -0.44902470 0.01809243
v -0.15402966 -0.45105913 0.00572253
v -0.16729056 -0.44727051 0.02334432
v -0.17909126 -0.44755532 0.02101642
v -0.13537439 -0.46921889 0.07039285
v -0.13877032 -0.47053953 0.05729770
v -0.14852376 -0.46411760 0.06128577
v -0.14782724 -0.46776290 0.07442457
v -0.16222644 -0.46474085 0.06250595
v -0.16057474 -0.46955215 0.07567392
v -0.17444105 -0.46785004 0.06084687
v -0.17297461 -0.47136438 0.07408489
v -0.18600887 -0.47102115 0.05788573
v -0.18548380 -0.47342103 0.07055267
v -0.19601394 -0.47658773 0.05421080
v -0.19536510 -0.47680861 0.06696325
v -0.20098804 -0.48385703 0.05295293
v -0.19974112 -0.48381586 0.06557226
v -0.13184942 -0.48060706 0.06700171
v -0.13651840 -0.48130739 0.05402142
v -0.13882061 -0.48881096 0.06762434
v -0.14305373 -0.49048776 0.05480765
v -0.15041078 -0.48927973 0.07008846
v -0.15396115 -0.49151260 0.05653274
v -0.19720456 -0.49188084 0.05363987
v -0.19489194 -0.49084741 0.06667542
v -0.16337871 -0.48925923 0.07065034
v -0.16644450 -0.49110087 0.05685269
v -0.17558339 -0.49081127 0.06994544
v -0.17847385 -0.49246918 0.05602412
v -0.18611447 -0.49175686 0.06834897
v -0.18884889 -0.49354092 0.05465410
v -0.15020356 -0.46189828 0.04621268
v -0.16366276 -0.45863136 0.04854601
v -0.17577322 -0.46221806 0.04614225
v -0.18695868 -0.46780856 0.04238621
v -0.19622190 -0.47558231 0.03872141
v -0.20175175 -0.48333029 0.03809267
v -0.19127897 -0.46285083 0.02415115
v -0.19730585 -0.47598561 0.02144022
v -0.20114286 -0.48477948 0.02210975
v -0.19921158 -0.47673578 0.00460923
v -0.20094660 -0.48577963 0.00603682
v -0.20009397 -0.47957394 -0.02351915
v -0.20190288 -0.49006388 -0.02253920
v -0.20180883 -0.48716760 -0.00961981
v -0.19995204 -0.47768973 -0.01119879
v -0.19730196 -0.46353050 0.00638602
v -0.19917640 -0.46436054 -0.00979488
v -0.19880544 -0.46548336 -0.02240175
v -0.19980408 -0.49155687 -0.03169048
v -0.19844010 -0.48102382 -0.03259629
v -0.19452931 -0.48141961 -0.04162389
v -0.19480323 -0.49198308 -0.03975933
v -0.18475506 -0.48230004 -0.04922838
v -0.18488427 -0.49324404 -0.04617925
v -0.17343382 -0.48341960 -0.04543720
v -0.17300282 -0.49368828 -0.04363642
v -0.19307571 -0.46681537 -0.03891435
v -0.19648299 -0.46635426 -0.03110446
v -0.18496841 -0.46772675 -0.04608761
v -0.17507564 -0.46822176 -0.04321849
v -0.16878056 -0.46786095 -0.03274349
v -0.16705649 -0.48233177 -0.03352392
v -0.16507397 -0.49248536 -0.03365827
v -0.14419323 -0.47217144 0.04231717
v -0.14434855 -0.48122729 0.03991520
v -0.17801128 -0.45505843 0.03263042
v -0.16512236 -0.45295086 0.03474162
v -0.15342489 -0.45839028 0.02802692
v -0.14802118 -0.47272496 0.02560180
v -0.15087105 -0.48279102 0.02412499
v -0.15504124 -0.48461161 0.00946425
v -0.15171858 -0.47582122 0.00938701
v -0.14977930 -0.48871175 0.03982272
v -0.15636741 -0.48768072 0.02421755
v -0.15983768 -0.48952468 0.00969573
v -0.15707953 -0.48701537 -0.00403760
v -0.15481257 -0.47787547 -0.00408899
v -0.15963967 -0.48893572 -0.01492867
v -0.15966121 -0.47915973 -0.01543916
v -0.16337476 -0.48046744 -0.02412623
v -0.16160488 -0.49080601 -0.02393491
v -0.16056226 -0.46639760 -0.01706101
v -0.16466885 -0.46681011 -0.02458486
v -0.15542297 -0.46569952 -0.00524633
v -0.15227912 -0.46312186 0.00940110
v -0.19884500 -0.49167575 0.03857460
v -0.19972164 -0.49191102 0.02273671
v -0.19926244 -0.49219753 0.00723270
v -0.19942961 -0.49453063 -0.00829825
v -0.19802911 -0.49719992 -0.02040872
v -0.19573486 -0.49843488 -0.02857865
v -0.18299653 -0.49871961 -0.04005946
v -0.19146232 -0.49878168 -0.03578953
v -0.17433680 -0.49860305 -0.03874177
v -0.16850519 -0.49871094 -0.03037464
v -0.16489871 -0.49761707 -0.02249942
v -0.16127238 -0.49304437 -0.00357247
v -0.16271086 -0.49615743 -0.01386560
v -0.15406313 -0.45340105 -0.00882282
v -0.15960794 -0.45392539 -0.01931439
v -0.16446813 -0.45423450 -0.02645065
v -0.17534469 -0.45441560 -0.04148024
v -0.16829070 -0.45452820 -0.03312999
v -0.15883707 -0.49138111 0.04074911
v -0.17053171 -0.49176862 0.04080398
v -0.18174749 -0.49290669 0.03996883
v -0.19123053 -0.49354851 0.03928189
v -0.19297936 -0.49395405 0.02346684
v -0.18449367 -0.49358891 0.02375157
v -0.17408201 -0.49334388 0.02402832
v -0.16379352 -0.49099330 0.02436893
v -0.19305830 -0.49494901 0.00807210
v -0.18548844 -0.49523320 0.00851154
v -0.17559856 -0.49506232 0.00851913
v -0.16656959 -0.49338861 0.00958638
v -0.16755558 -0.49648805 -0.00408729
v -0.17564113 -0.49738798 -0.00573251
v -0.18499835 -0.49744432 -0.00572183
v -0.19235706 -0.49711401 -0.00671153
v -0.19148590 -0.49888368 -0.01830657
v -0.18432433 -0.49880443 -0.01677574
v -0.17613474 -0.49916083 -0.01619467
v -0.16900357 -0.49819612 -0.01473318
v -0.18970706 -0.49951235 -0.02536312
v -0.18216096 -0.49991177 -0.03461207
v -0.18701568 -0.49977935 -0.03101174
v -0.17645182 -0.50000000 -0.03419198
v -0.17283584 -0.49967193 -0.02830004
v -0.17064389 -0.49915100 -0.02184452
v -0.17661919 -0.49928125 -0.02237559
v -0.17740794 -0.49960359 -0.02721607
v -0.18401658 -0.49955855 -0.02293236
v -0.18296548 -0.49951521 -0.02788072
v -0.17832955 -0.49980528 -0.03100230
v -0.18135619 -0.49977912 -0.03116838
v -0.19171797 -0.45051614 0.01032262
v -0.14344947 -0.23093309 0.04129667
v -0.13268101 -0.23086374 0.03674433
v -0.15537460 -0.22723238 0.04297517
v -0.15631457 0.04124588 0.00898766
v -0.13176087 0.12221146 0.01665462
v -0.13143425 0.14040910 0.02321268
v -0.13164048 0.12995691 0.01981117
v -0.15819807 0.02784746 0.01339768
v -0.16760062 0.17857280 0.00254484
v -0.12816169 0.23058095 0.08425853
v 0.21943841 -0.17237582 0.01252546
v 0.22740027 -0.16750562 0.02194900
v 0.22239672 -0.15922467 0.02307701
v -0.04841842 0.37895214 0.17287545
v -0.07432233 0.38404279 0.11722522
v -0.07253192 0.38184939 0.11128553
v -0.07055260 0.37365017 0.11260423
v -0.07281511 0.37599913 0.11901942
v -0.06800060 0.36507079 0.11477240
v -0.07134852 0.36899211 0.12029796
v -0.06592420 0.35672584 0.11766171
v -0.06950004 0.36178646 0.12230089
v -0.06378467 0.35028151 0.12238966
v -0.06755159 0.35600976 0.12606924
v -0.05606200 0.34177747 0.13506232
v -0.05381582 0.33969718 0.13188796
v -0.05066072 0.33626762 0.13626718
v -0.05203502 0.33749063 0.13970305
v -0.04663597 0.33308088 0.14070629
v -0.04830887 0.33392091 0.14392871
v -0.04292120 0.33078687 0.14379567
v -0.04409431 0.33128648 0.14718735
v -0.03731287 0.32956095 0.14664931
v -0.03838916 0.33020911 0.15022379
v -0.03981409 0.33489564 0.15518903
v -0.04507075 0.33565521 0.15277699
v -0.04483736 0.33292327 0.15009393
v -0.03915728 0.33211571 0.15298239
v -0.04887437 0.33750468 0.14927596
v -0.04892598 0.33522970 0.14661596
v -0.05237099 0.34111181 0.14580240
v -0.05261375 0.33890406 0.14274173
v -0.05667450 0.34583121 0.14185434
v -0.05688334 0.34349390 0.13842660
v -0.06097413 0.34971267 0.14034959
v -0.06201507 0.34936649 0.13650199
v -0.04100985 0.33095811 0.13913831
v -0.03630770 0.33011924 0.14223102
v -0.04490265 0.33247776 0.13602633
v -0.04836018 0.33499064 0.13230419
v -0.05106052 0.33783166 0.12874596
v -0.06035065 0.34514148 0.12752903
v -0.05526347 0.34106592 0.12355133
v -0.05992218 0.34639219 0.11933310
v -0.06269399 0.35349564 0.11454068
v -0.06572413 0.36224629 0.11061019
v -0.06885345 0.37214956 0.10763466
v -0.07039025 0.38141681 0.10590771
v -0.07301118 0.38781857 0.11022833
v -0.04868793 0.34032179 0.15115398
v -0.04521560 0.33862610 0.15434498
v -0.05194854 0.34297494 0.14774791
v -0.05598137 0.34753041 0.14465303
v -0.05965366 0.35105161 0.14345034
v -0.06444744 0.35845275 0.14612227
v -0.06293072 0.35474779 0.14427597
v -0.06484141 0.36530375 0.15220428
v -0.06478599 0.36218140 0.14912024
v -0.06996031 0.37056180 0.15066122
v -0.06985223 0.36641179 0.14561580
v -0.06761429 0.36350970 0.14712536
v -0.06753179 0.36746189 0.15136704
v -0.07197121 0.37507525 0.15029499
v -0.07208708 0.37025946 0.14427861
v -0.03932374 0.33045432 0.13534218
v -0.03499512 0.32993957 0.13733280
v -0.04269777 0.33188462 0.13256152
v -0.04598139 0.33340555 0.12831434
v -0.04842899 0.33544466 0.12403991
v -0.05124072 0.33817591 0.11959337
v -0.05513704 0.34265054 0.11531484
v -0.05924402 0.35024792 0.11114397
v -0.06397555 0.35925199 0.10655386
v -0.06720606 0.37136642 0.10410453
v -0.06858486 0.38088953 0.10260202
v -0.04590625 0.33568539 0.11445392
v -0.04349324 0.33317027 0.11897794
v -0.04132329 0.33151259 0.12289465
v -0.03962771 0.33086744 0.12631821
v -0.03694721 0.33006733 0.12625947
v -0.03334302 0.32919329 0.12663351
v -0.03625148 0.33016403 0.12023233
v -0.03270188 0.32958575 0.12116375
v -0.03699165 0.33075754 0.11602949
v -0.03223947 0.32992547 0.11666636
v -0.03811092 0.33126191 0.11178742
v -0.03936451 0.33112744 0.10736781
v -0.06483700 0.35431160 0.14113056
v -0.06645909 0.35543713 0.13777634
v -0.06873051 0.36132845 0.14101664
v -0.07110195 0.36472396 0.13847025
v -0.06846003 0.35788987 0.13397425
v -0.06687868 0.35901087 0.14337930
v -0.07077956 0.36257730 0.13026000
v -0.07309801 0.36917708 0.13607416
v -0.07399626 0.37485491 0.14300518
v -0.07440519 0.37389965 0.13436253
v -0.07236449 0.36827023 0.12754195
v -0.07545219 0.37886682 0.14100224
v -0.07650819 0.38272707 0.13915123
v -0.07513318 0.37829496 0.13297410
v -0.07336799 0.37358079 0.12640691
v -0.06363027 0.34968481 0.13140054
v -0.07425840 0.37892478 0.12492645
v -0.07719663 0.38680786 0.13761297
v -0.07579690 0.38293808 0.13136548
v -0.07767054 0.39187873 0.13579864
v -0.07634304 0.38885641 0.12846874
v -0.07521732 0.38615191 0.12211577
v -0.07475127 0.39154807 0.11443171
v -0.04039772 0.33824688 0.15668612
v 0.22850614 -0.14388013 0.03868604
v 0.21842719 -0.14730419 0.02640994
v 0.21029584 -0.15002832 0.01715728
v 0.21224232 -0.17574304 0.00725839
v 0.20752145 -0.16622639 0.00871315
v 0.19919782 -0.16879143 0.00496833
v 0.20367335 -0.17860171 0.00487855
v 0.18772266 -0.17347921 0.00638354
v 0.19318538 -0.18362317 0.00764412
v 0.18309560 -0.17689825 0.01675592
v 0.18745852 -0.18658566 0.01766150
v 0.19561193 -0.15514377 0.00951541
v 0.20330004 -0.15263619 0.01235868
v 0.18570131 -0.15909368 0.00984061
v 0.18112149 -0.16158803 0.01831462
v 0.18394893 -0.16119878 0.03012443
v 0.18721489 -0.17539276 0.02958577
v 0.18919716 -0.18564603 0.03041651
v 0.22232444 -0.15621880 0.09914633
v 0.22348026 -0.16574353 0.09598962
v 0.23123831 -0.13577258 0.07107708
v 0.22415254 -0.13481225 0.08142648
v 0.21359263 -0.14425463 0.08448405
v 0.21298757 -0.15844915 0.08543660
v 0.21675585 -0.16830115 0.08066725
v 0.20981035 -0.17198239 0.06741267
v 0.20481215 -0.16465523 0.07051513
v 0.22891729 -0.17108532 0.09205511
v 0.22182297 -0.17150038 0.07660620
v 0.21454472 -0.17584907 0.06350362
v 0.20264181 -0.17683761 0.05621404
v 0.19817492 -0.16885427 0.05848661
v 0.19746201 -0.18017495 0.04692400
v 0.19405872 -0.17100162 0.04714743
v 0.19104441 -0.17287028 0.03847344
v 0.19336195 -0.18292264 0.03909545
v 0.18895755 -0.15943921 0.04654346
v 0.18669581 -0.16005247 0.03842159
v 0.19388741 -0.15745365 0.05736998
v 0.20114650 -0.15286423 0.07076171
v 0.25966256 -0.16493149 0.05728446
v 0.24951516 -0.16703523 0.04604706
v 0.23861229 -0.17021933 0.03527657
v 0.22901399 -0.17501802 0.02420292
v 0.22047408 -0.17990331 0.01608988
v 0.21377505 -0.18301908 0.01182908
v 0.19797416 -0.18867996 0.01243506
v 0.20630638 -0.18565884 0.00972066
v 0.19336319 -0.19053279 0.01957180
v 0.19510105 -0.19050442 0.02970542
v 0.19851796 -0.18896972 0.03757816
v 0.20755469 -0.18141963 0.05322179
v 0.20233120 -0.18615234 0.04479468
v 0.18615584 -0.14797043 0.05787049
v 0.18230874 -0.14909178 0.04668184
v 0.18074652 -0.14898111 0.03879455
v 0.17842481 -0.14837226 0.02063471
v 0.17900216 -0.14921580 0.03136620
v 0.23592531 -0.17199272 0.08605544
v 0.24342548 -0.17047229 0.07780022
v 0.25041281 -0.16967839 0.06950051
v 0.25608692 -0.16839038 0.06255192
v 0.24638151 -0.17071906 0.05035832
v 0.24110423 -0.17236560 0.05620893
v 0.23450240 -0.17351853 0.06394507
v 0.22759797 -0.17305246 0.07148595
v 0.23623581 -0.17412312 0.03956523
v 0.23182324 -0.17603535 0.04496851
v 0.22545615 -0.17807334 0.05169761
v 0.21987131 -0.17794425 0.05860905
v 0.21248150 -0.18365904 0.04837884
v 0.21689902 -0.18331588 0.04183532
v 0.22273087 -0.18087885 0.03539413
v 0.22626599 -0.17898024 0.02964629
v 0.21821266 -0.18296606 0.02208723
v 0.21505904 -0.18453668 0.02804402
v 0.21004338 -0.18668736 0.03413912
v 0.20668924 -0.18732109 0.04009437
v 0.21270211 -0.18536285 0.01829125
v 0.20170911 -0.18938621 0.01691620
v 0.20731090 -0.18737375 0.01611882
v 0.19840226 -0.19092076 0.02118467
v 0.20002809 -0.19052911 0.02793954
v 0.20299794 -0.18937390 0.03400376
v 0.20646504 -0.18822972 0.02945652
v 0.20366220 -0.18923978 0.02553726
v 0.21046827 -0.18644419 0.02396757
v -0.06554656 0.39513315 0.09856109
v -0.05596575 0.36764543 0.16084484
v -0.05326928 0.36813905 0.16402198
v 0.20674489 -0.18777798 0.02114357
v 0.20171855 -0.18978993 0.02214558
v -0.05074544 0.36754683 0.16707290
v -0.04876904 0.36674519 0.16915779
v -0.04667658 0.36603418 0.17061534
v 0.20346125 -0.18894445 0.01993616
v 0.22317460 -0.13291255 0.04669546
v 0.13991078 0.07457185 0.13313833
v 0.12973745 0.06991694 0.13611131
v -0.03917831 0.32946198 0.09893327
v -0.04458079 0.40839694 0.18585420
v -0.03897377 0.33042645 0.10360611
v -0.03874608 0.35119842 0.15154396
v -0.03321303 0.47919746 0.16805045
v -0.04084650 0.34137085 0.15794809
v -0.03960777 0.35335816 0.15429931
v -0.04731661 0.37979399 0.18503190
v -0.04090687 0.34489317 0.15861336
v -0.04225628 0.35013175 0.16351869
v -0.04253265 0.35392107 0.16426059
v -0.04380742 0.43155270 0.19138061
v -0.04254588 0.35208241 0.16436158
v -0.04452418 0.36729933 0.17218572
v -0.04778370 0.37652784 0.18579855
v -0.04244122 0.35520445 0.16383183
v -0.01659594 0.40945889 0.06409645
v -0.04169847 0.34893208 0.16178996
v -0.04092743 0.35526686 0.15872721
v -0.04207471 0.35573289 0.16260592
v -0.04092891 0.36306546 0.15897193
v -0.04445485 0.36560179 0.17107784
v -0.04534271 0.39338465 0.18231323
v -0.00932872 0.43286339 0.06357862
v -0.04567787 0.39094587 0.18280700
v -0.04095893 0.45078408 0.18873903
v -0.04296953 0.43885006 0.19142124
v -0.04687445 0.38292562 0.18433520
v -0.00684049 0.47261788 0.07173848
v -0.00803716 0.48290595 0.07764900
v -0.04447990 0.42004012 0.18947945
v -0.02177788 0.49830935 0.13203021
v -0.04802814 0.37366623 0.18590868
v -0.04569617 0.36880675 0.17639606
v -0.03738996 0.46790329 0.17990019
v -0.00737092 0.45104621 0.06691643
v -0.01686734 0.49985284 0.11460600
v -0.04364746 0.35667704 0.16641459
v -0.03534911 0.47365031 0.17438430
v -0.04308076 0.35674004 0.16444548
v -0.04711226 0.36868513 0.18140154
v -0.00780229 0.44180628 0.06444627
v -0.00706179 0.45971432 0.06752961
v -0.04413097 0.36180202 0.16986044
v -0.04428872 0.36414045 0.17026049
v -0.01925878 0.50000000 0.12327055
v -0.04461598 0.41227945 0.18732776
v -0.04432480 0.36006501 0.16962981
v -0.04449402 0.40011108 0.18186474
v -0.04425496 0.35842845 0.16926684
v -0.03917508 0.32917822 0.09486928
v -0.01217572 0.49340916 0.09463625
v -0.04396672 0.35741808 0.16786803
v -0.04225305 0.35890210 0.16213576
v -0.04642816 0.38594020 0.18368054
v -0.04142042 0.36122149 0.16009451
v -0.04423321 0.42514191 0.19032830
v -0.04488890 0.36849269 0.17357841
v -0.04501949 0.36879704 0.17410012
v -0.04468860 0.39800649 0.18166615
v -0.04185432 0.44520837 0.19037938
v -0.04436773 0.40188040 0.18248868
v -0.04474776 0.36817886 0.17303743
v -0.01041166 0.49028581 0.08684717
v -0.02506285 0.49479179 0.14362943
v -0.02741718 0.49114282 0.15124554
v -0.04497857 0.39581673 0.18172202
v -0.04608180 0.38863023 0.18315689
v -0.01650324 0.40482432 0.06261236
v -0.04773721 0.36996490 0.18374702
v -0.04799453 0.37133883 0.18497083
v -0.03894634 0.46198519 0.18403569
v -0.01055069 0.42661834 0.06357382
v -0.03061728 0.48529016 0.16037909
v -0.04018883 0.45639582 0.18699319
v -0.01373085 0.41594695 0.06320767
v -0.01132125 0.42179288 0.06305799
v -0.04676436 0.36839994 0.18011906
v -0.04441822 0.40392428 0.18336198
v -0.04619874 0.36851781 0.17806675
v -0.01477732 0.49799873 0.10533345
v -0.04534517 0.36893465 0.17508394
v 0.14777395 0.08377681 0.12715731
v -0.00301641 0.11718128 -0.06282713
v 0.00053906 0.12562816 -0.01335264
v -0.00075340 0.14023859 -0.00723425
v -0.00019627 0.13151750 -0.01090098
v -0.00461499 0.12531257 -0.06046215
v 0.02128838 0.17665363 -0.04108337
v 0.02160430 0.21917523 0.05385742
v -0.03996730 0.37874040 0.17511838
v 0.01190385 0.37847985 0.14154740
v 0.01284557 0.37641601 0.13496883
v 0.00946750 0.36815267 0.13431184
v 0.00884439 0.37057267 0.14198947
v 0.00521753 0.36070126 0.13403384
v 0.00609822 0.36428998 0.14205580
v 0.00023429 0.35343892 0.13459912
v 0.00276981 0.35801908 0.14293792
v -0.04944394 0.36948305 0.17951671
v -0.04828435 0.36932111 0.17794988
v -0.00329159 0.34814167 0.13873989
v -0.00106259 0.35281103 0.14514425
v -0.05107458 0.40046794 0.16891756
v -0.04974318 0.37159565 0.17116606
v -0.05043791 0.38293681 0.18059294
v -0.05038135 0.40017663 0.16966835
v -0.01542108 0.34072694 0.14798140
v -0.01564132 0.33912165 0.14302453
v -0.02092247 0.33572928 0.14571804
v -0.02085497 0.33690124 0.14983698
v -0.05083307 0.37230667 0.17009208
v -0.02553607 0.33285312 0.14764428
v -0.02603263 0.33344564 0.15125173
v -0.03156115 0.33037781 0.14748051
v -0.03247613 0.33082441 0.15103387
v -0.04929645 0.38817822 0.17966050
v -0.04854725 0.39671747 0.17517975
v -0.03406486 0.33524921 0.15664340
v -0.03334575 0.33241352 0.15390206
v -0.04988671 0.38558888 0.18012401
v -0.05417633 0.37385317 0.17030638
v -0.05294162 0.37265892 0.16913751
v -0.05171091 0.37236285 0.18197340
v -0.05208776 0.37441164 0.18217029
v -0.02834125 0.33718233 0.15648962
v -0.05172783 0.37106346 0.18010745
v -0.05004349 0.36987056 0.18034505
v -0.02700312 0.33478179 0.15385268
v -0.05206504 0.40034190 0.16879335
v -0.05746360 0.40376678 0.16395442
v -0.05112868 0.37121171 0.18160555
v -0.04931612 0.36977986 0.18181552
v -0.05364885 0.40188818 0.16712777
v -0.05169267 0.40047459 0.16873221
v -0.05356660 0.37363214 0.17698959
v -0.04831176 0.39488046 0.17729854
v -0.02354640 0.34031923 0.15569928
v -0.02190413 0.33824239 0.15279649
v -0.01807521 0.34489371 0.15477064
v -0.01604376 0.34262578 0.15166764
v -0.05424220 0.37408160 0.17365402
v -0.01407022 0.34869773 0.15584060
v -0.01124605 0.34772266 0.15280617
v -0.03127411 0.33064385 0.14211005
v -0.05257845 0.40060562 0.16855374
v -0.05288644 0.40083405 0.16835375
v -0.05126971 0.37999478 0.18100521
v -0.02657779 0.33195125 0.14159074
v -0.02178855 0.33438860 0.14024232
v -0.01705580 0.33743692 0.13844038
v -0.00882359 0.34355697 0.14175683
v -0.05518667 0.40210736 0.16678476
v -0.04728087 0.36970130 0.17469411
v -0.05288188 0.37246671 0.17850572
v -0.05227233 0.37162313 0.17942051
v -0.04730164 0.36992586 0.17330931
v -0.01267405 0.34044291 0.13459069
v -0.00652692 0.34498128 0.13258079
v -0.04955152 0.39928661 0.17097606
v -0.00236887 0.35063388 0.12822998
v -0.04868192 0.39265711 0.17855579
v -0.04901120 0.39034801 0.17934698
v 0.00342280 0.35853231 0.12704966
v 0.00898692 0.36700175 0.12684333
v -0.04756717 0.36950329 0.17647694
v 0.01284060 0.37574013 0.12806776
v 0.01468081 0.38248971 0.13487062
v -0.02942919 0.33973135 0.15795939
v -0.03478735 0.33820795 0.15808763
v -0.02496197 0.34230843 0.15718693
v -0.05200559 0.37700675 0.18187936
v -0.02023254 0.34674886 0.15664061
v -0.01684047 0.35013036 0.15758357
v -0.01463009 0.35678849 0.16206455
v -0.04854632 0.37082095 0.17220623
v -0.01489664 0.35341608 0.15979454
v -0.01703172 0.36275740 0.16681781
v -0.01580066 0.35970869 0.16431081
v -0.01134566 0.36729709 0.16819494
v -0.00940298 0.36306271 0.16404690
v -0.01243130 0.36102785 0.16424294
v -0.04743819 0.36922510 0.18253806
v -0.05054200 0.37043526 0.18099383
v -0.01411073 0.36463654 0.16750320
v -0.00900335 0.37128051 0.16875960
v -0.00635886 0.36640633 0.16396038
v -0.03066396 0.32989819 0.13790242
v -0.06105280 0.40776959 0.17344854
v -0.06077854 0.40671681 0.17185703
v -0.02649316 0.33115751 0.13734325
v -0.02280374 0.33280567 0.13474222
v -0.01951414 0.33478880 0.13135720
v -0.01544423 0.33733526 0.12788132
v -0.01068127 0.34135173 0.12439507
v -0.00512227 0.34719569 0.12099357
v -0.05729410 0.40826514 0.17833267
v -0.04722365 0.40647852 0.18372124
v -0.05011196 0.40705928 0.18249031
v 0.00163297 0.35547343 0.11924502
v -0.06054234 0.40491104 0.16964010
v -0.06026602 0.40419635 0.16828046
v -0.06028329 0.40599598 0.17027573
v -0.06057392 0.40400326 0.16921731
v -0.06075428 0.40426721 0.16959228
v 0.00831878 0.36608550 0.12033472
v -0.05986474 0.40591920 0.16962919
v 0.01250715 0.37525527 0.12185271
v -0.05987673 0.40585245 0.16959282
v -0.01929532 0.33427413 0.11908993
v -0.06004959 0.40869166 0.17570935
v -0.02268594 0.33210550 0.12329624
v -0.02491694 0.33100439 0.12709756
v -0.06010831 0.40551827 0.16963120
v -0.06011052 0.40441894 0.16711082
v -0.02731778 0.33039263 0.12974402
v -0.05982981 0.40484146 0.16402670
v -0.02976105 0.32956288 0.12813378
v -0.04450348 0.40612213 0.18449943
v -0.05722542 0.41393636 0.18303353
v -0.07278342 0.42048823 0.16533031
v -0.02975324 0.32963851 0.12155041
v -0.07421512 0.41823028 0.16187471
v -0.02701980 0.33006772 0.11792996
v -0.07064708 0.39491951 0.15627539
v -0.07182524 0.39620319 0.15444079
v -0.05551204 0.40998884 0.18219288
v -0.02559766 0.33006952 0.11385382
v -0.01168250 0.35282790 0.15812819
v -0.00856287 0.35291717 0.15575191
v -0.00814309 0.35823009 0.15975855
v -0.00454882 0.36093471 0.15869416
v -0.05973300 0.42793488 0.18330100
v -0.05531987 0.46841528 0.16953856
v -0.05901540 0.42284504 0.18319543
v -0.06683569 0.42065122 0.17489618
v -0.00443918 0.35472712 0.15340960
v -0.05699447 0.46322936 0.17332239
v -0.01136521 0.35716145 0.16099986
v -0.00017857 0.35861853 0.15111714
v -0.00117444 0.36481667 0.15736780
v -0.00358376 0.37055700 0.16387439
v 0.00142206 0.36955240 0.15693834
v -0.07053510 0.42175775 0.16979706
v 0.00296593 0.36384969 0.14954536
v -0.07347012 0.40180568 0.15065433
v -0.04842369 0.41630172 0.18752705
v -0.07407729 0.40590976 0.15073281
v -0.00080930 0.37450088 0.16317104
v -0.05319187 0.41706768 0.18577154
v -0.04221006 0.49286381 0.13794607
v 0.00170290 0.37846468 0.16247203
v 0.00346682 0.37360180 0.15624165
v 0.00509870 0.36856490 0.14910004
v -0.00731616 0.34738817 0.14796438
v -0.05174560 0.40560545 0.17926897
v 0.00715823 0.37359418 0.14838927
v -0.06540522 0.39374603 0.16118436
v -0.06708724 0.39401436 0.15983354
v 0.00373461 0.38196610 0.16142854
v -0.04641613 0.48904121 0.14352325
v -0.07310855 0.39953760 0.15145535
v -0.06036835 0.44148053 0.18174633
v -0.04913030 0.40227553 0.17676430
v -0.05001652 0.40403623 0.17739188
v -0.05999425 0.44742588 0.18030627
v 0.00536001 0.37808979 0.15527385
v 0.00601935 0.38661101 0.16000094
v 0.00838346 0.38385318 0.15333028
v -0.05898145 0.45288120 0.17826046
v 0.01033538 0.38088171 0.14689519
v 0.01466739 0.38594365 0.13983957
v -0.05341374 0.47350539 0.16454771
v -0.05525981 0.39389502 0.16696965
v 0.01527366 0.38853883 0.11833457
v -0.02922286 0.36559618 0.16886710
v -0.03303935 0.36650268 0.17003698
v -0.07503913 0.41553483 0.15828266
v -0.07512440 0.41250660 0.15522439
v -0.04927616 0.48439720 0.15099587
v -0.06116319 0.39337935 0.16393731
v -0.07469407 0.40930206 0.15257639
v -0.03370262 0.49614663 0.13609567
v -0.03676243 0.36640138 0.17108805
v -0.07279892 0.39765965 0.15280485
v -0.03957573 0.36616370 0.17192707
v -0.04222390 0.36578033 0.17202606
v -0.06295343 0.41949140 0.17921008
v -0.06335762 0.39346788 0.16253356
v -0.04870223 0.40065805 0.17531109
v -0.05252590 0.39491030 0.16834261
v -0.05070229 0.39612359 0.17026970
v -0.05810204 0.45793091 0.17610646
v -0.04945798 0.39734408 0.17189062
v -0.04866284 0.39891744 0.17393736
v -0.05809416 0.39323098 0.16582029
v -0.06030171 0.43447317 0.18293957
v -0.05126427 0.47900266 0.15820597
v -0.06884023 0.39437578 0.15811008
v -0.02330332 0.49678880 0.13740238
v -0.04460197 0.41591360 0.18837629
v -0.04896261 0.39802023 0.17302335
v -0.05353391 0.40767943 0.18067226
v -0.05825973 0.41810583 0.18329744
v -0.04112683 0.34728175 0.16003120
v -0.05817060 0.36165663 0.15560107
v -0.05856048 0.36045151 0.15374735
v -0.05731425 0.35698832 0.15067971
v -0.05497051 0.36376378 0.16140927
v -0.05693125 0.36295974 0.15786698
v -0.05149164 0.35020237 0.15381282
v -0.05853547 0.35937443 0.15233291
v -0.04851851 0.34815645 0.15615017
v -0.05818362 0.35823164 0.15123153
v -0.04518288 0.34729974 0.15857482
v -0.04431575 0.36301179 0.16998752
v -0.04987274 0.36391121 0.16765791
v -0.04709365 0.36358817 0.16949584
v -0.05245989 0.36410036 0.16493607
v -0.05574731 0.35522654 0.15058708
v -0.05405633 0.35320267 0.15106428
v -0.04397609 0.36917874 0.18081892
v -0.04417054 0.36913691 0.17890012
v -0.03223967 0.39921208 0.17438926
v -0.03932170 0.37113037 0.17407682
v -0.04196504 0.38217003 0.18285939
v -0.03320329 0.39904874 0.17429886
v -0.03784394 0.37137253 0.17361308
v -0.04155547 0.38750544 0.18175755
v -0.03829405 0.39614824 0.17806412
v -0.04183648 0.38490271 0.18229876
v -0.03499740 0.37239954 0.17559210
v -0.03560168 0.37141839 0.17389580
v -0.04317260 0.37173074 0.18411293
v -0.04247312 0.37355715 0.18453325
v -0.04218578 0.37048100 0.18250462
v -0.04385650 0.36951548 0.18182952
v -0.03129381 0.39888262 0.17493457
v -0.02361079 0.40105291 0.17398526
v -0.04351700 0.37073760 0.18343179
v -0.04527603 0.36954350 0.18274191
v -0.02878225 0.40003779 0.17468343
v -0.03159717 0.39907180 0.17479766
v -0.03870497 0.37254391 0.18093455
v -0.03993386 0.39436859 0.17960130
v -0.03650446 0.37265161 0.17846656
v -0.03068852 0.39902579 0.17521659
v -0.03023957 0.39920910 0.17526001
v -0.04185788 0.37917105 0.18350183
v -0.02723878 0.39996078 0.17521001
v -0.04350641 0.36963703 0.17579503
v -0.04019396 0.37160970 0.18177589
v -0.04128453 0.37097682 0.18225294
v -0.04278931 0.36987118 0.17467337
v -0.03476305 0.39846593 0.17534839
v -0.04073448 0.39203263 0.18067714
v -0.04125419 0.38967446 0.18137917
v -0.04400326 0.36938709 0.17729699
v -0.04200944 0.37610280 0.18436732
v -0.04100820 0.37054667 0.17441170
v -0.04371718 0.37003084 0.18262845
v -0.02450939 0.40487768 0.18377991
v -0.02419157 0.40377545 0.18222895
v -0.02973762 0.40636959 0.18556908
v -0.04156340 0.40606280 0.18497989
v -0.03822846 0.40621337 0.18534201
v -0.02370003 0.40172801 0.18034125
v -0.02334637 0.40097927 0.17896412
v -0.02400455 0.40300852 0.18050525
v -0.02359048 0.40070704 0.17990592
v -0.02360191 0.40101844 0.18036950
v -0.02404213 0.40287169 0.17978627
v -0.02402830 0.40274717 0.17981777
v -0.02615380 0.40623845 0.18502973
v -0.02393432 0.40241194 0.18002077
v -0.02286492 0.40126578 0.17790554
v -0.02150573 0.40160438 0.17520986
v -0.03099047 0.41175592 0.19020253
v -0.00830514 0.41494165 0.18385575
v -0.00573127 0.41248427 0.18143962
v -0.01001342 0.39042877 0.17406281
v -0.00804665 0.39146967 0.17327789
v -0.03283439 0.40820017 0.18828434
v -0.02699462 0.42542773 0.19223433
v -0.01728607 0.46465026 0.17901234
v -0.02831364 0.42031920 0.19202955
v -0.01799169 0.41630223 0.18917475
v -0.01857172 0.45964432 0.18312942
v -0.01239779 0.41671725 0.18659377
v -0.00371992 0.39607909 0.17104084
v -0.04057795 0.41568575 0.18966836
v -0.00261021 0.40006665 0.17135645
v -0.03534212 0.41559288 0.19089063
v -0.00824970 0.48965165 0.14717187
v -0.03556783 0.40448464 0.18330224
v -0.01727387 0.38982375 0.17519809
v -0.01513006 0.38974961 0.17493155
v -0.00798903 0.48559787 0.15384525
v -0.00474868 0.39412147 0.17158600
v -0.02299667 0.43818239 0.19240328
v -0.03735679 0.40144081 0.17962157
v -0.03658831 0.40307415 0.18083556
v -0.02168180 0.44410594 0.19080682
v -0.02063257 0.44966834 0.18852457
v -0.01508508 0.46990475 0.17428245
v -0.02860670 0.39200670 0.17446239
v -0.00372830 0.40968082 0.17879533
v -0.00269846 0.40642106 0.17633624
v -0.01013998 0.48092325 0.16142211
v -0.02217154 0.39039762 0.17538190
v -0.00232102 0.40346901 0.17343840
v -0.01411878 0.49414258 0.14142837
v -0.00615304 0.39260650 0.17238787
v -0.02367407 0.41616195 0.19063446
v -0.01967708 0.39001340 0.17531186
v -0.03752071 0.39996635 0.17841749
v -0.03168388 0.39339212 0.17433052
v -0.03396250 0.39504674 0.17503642
v -0.01960268 0.45474313 0.18635354
v -0.03560281 0.39662699 0.17598828
v -0.03710641 0.39825418 0.17723965
v -0.02542763 0.39101034 0.17514314
v -0.02521419 0.43147871 0.19286408
v -0.01275349 0.47555406 0.16825740
v -0.01253092 0.39011630 0.17468204
v -0.03650326 0.39737074 0.17663884
v -0.03425408 0.40629278 0.18563587
v -0.02939253 0.41566988 0.19118860
v -0.02484699 0.36015258 0.16566450
v -0.02355051 0.35929994 0.16466357
v -0.02312094 0.35567345 0.16191108
v -0.03069719 0.36212328 0.16891485
v -0.02729345 0.36114170 0.16714534
v -0.02906658 0.34986293 0.16165460
v -0.02298455 0.35778706 0.16353928
v -0.03290715 0.34822293 0.16157992
v -0.02273634 0.35674252 0.16259152
v -0.03685798 0.34727076 0.16112647
v -0.03831591 0.36301252 0.17106213
v -0.04154848 0.36300715 0.17105810
v -0.03472981 0.36265276 0.17016924
v -0.02378037 0.35451166 0.16144007
v -0.02575860 0.35274702 0.16122391
v -0.02039646 0.40236453 0.17203883
v -0.05911597 0.40559396 0.16075158
v -0.02375417 0.39881532 0.18009034
v -0.02465539 0.39905010 0.17956322
v -0.02542199 0.39935502 0.17889361
v -0.02599632 0.39970461 0.17813795
v -0.02373595 0.39899832 0.18018608
v -0.02462124 0.39940997 0.17975098
v -0.02537301 0.39987689 0.17916650
v -0.02593349 0.40036261 0.17848157
v -0.02368026 0.39917056 0.18028932
v -0.02451010 0.39974663 0.17995220
v -0.02521107 0.40036632 0.17945758
v -0.02573087 0.40097908 0.17884904
v -0.02358736 0.39932407 0.18039442
v -0.02432738 0.40004808 0.18015915
v -0.02494578 0.40080406 0.17975817
v -0.02539579 0.40153132 0.17922741
v -0.02345988 0.39945389 0.18049852
v -0.02407882 0.40030255 0.18036393
v -0.02458530 0.40117415 0.18005513
v -0.02494180 0.40199839 0.17960269
v -0.02330530 0.39955547 0.18059797
v -0.02377512 0.40050122 0.18055803
v -0.02414374 0.40146225 0.18033723
v -0.02438427 0.40236105 0.17995839
v -0.02312775 0.39962350 0.18068767
v -0.02342668 0.40063518 0.18073495
v -0.02363827 0.40165662 0.18059402
v -0.02374713 0.40260643 0.18028197
v -0.02293447 0.39965655 0.18076575
v -0.02304838 0.40070027 0.18088742
v -0.02308877 0.40175057 0.18081637
v -0.02305423 0.40272449 0.18056159
v -0.02273303 0.39965276 0.18082782
v -0.02265322 0.40069284 0.18100970
v -0.02251499 0.40173989 0.18099375
v -0.02233126 0.40271141 0.18078634
v -0.02253187 0.39961263 0.18087318
v -0.02225714 0.40061359 0.18109793
v -0.02194029 0.40162508 0.18112099
v -0.02160655 0.40256653 0.18094639
v -0.02233641 0.39953690 0.18089810
v -0.02187575 0.40046600 0.18114730
v -0.02138620 0.40141066 0.18119312
v -0.02090855 0.40229666 0.18103702
v -0.02215683 0.39942986 0.18090320
v -0.02152314 0.40025499 0.18115705
v -0.02087414 0.40110527 0.18120674
v -0.02026267 0.40191124 0.18105435
v -0.02199889 0.39929489 0.18088695
v -0.02121315 0.39998992 0.18112563
v -0.02042412 0.40072005 0.18116139
v -0.01969401 0.40142591 0.18099793
v -0.02186820 0.39913670 0.18085166
v -0.02095737 0.39968070 0.18105474
v -0.02005284 0.40027055 0.18105861
v -0.01922594 0.40085804 0.18086815
v -0.02177078 0.39896214 0.18079718
v -0.02076588 0.39933792 0.18094794
v -0.01977438 0.39977318 0.18090344
v -0.01887501 0.40023065 0.18067211
v -0.02170917 0.39877717 0.18072621
v -0.02064522 0.39897599 0.18080933
v -0.01959980 0.39924764 0.18070121
v -0.01865535 0.39956836 0.18041702
v -0.02168732 0.39859046 0.18064007
v -0.02060205 0.39860814 0.18064208
v -0.01953622 0.39871347 0.18045912
v -0.01857438 0.39889430 0.18011271
v -0.02170392 0.39840742 0.18054379
v -0.02063527 0.39824923 0.18045278
v -0.01958548 0.39819219 0.18018600
v -0.01863700 0.39823731 0.17976816
v -0.02176038 0.39823546 0.18044070
v -0.02074618 0.39791323 0.18025101
v -0.01974626 0.39770369 0.17989291
v -0.01883911 0.39762115 0.17939961
v -0.02185307 0.39808106 0.18033545
v -0.02092889 0.39761101 0.18004399
v -0.02001135 0.39726595 0.17959217
v -0.01917397 0.39706961 0.17902015
v -0.02198011 0.39795212 0.18023027
v -0.02117687 0.39735685 0.17983928
v -0.02037126 0.39689601 0.17929467
v -0.01962777 0.39660254 0.17864495
v -0.02213466 0.39785116 0.18013121
v -0.02148009 0.39715880 0.17964510
v -0.02081244 0.39660857 0.17901257
v -0.02018465 0.39624022 0.17828794
v -0.02231186 0.39778271 0.18004128
v -0.02182811 0.39702495 0.17946787
v -0.02131772 0.39641405 0.17875547
v -0.02082151 0.39599539 0.17796366
v -0.02250517 0.39775005 0.17996342
v -0.02220647 0.39696002 0.17931518
v -0.02186700 0.39632021 0.17853327
v -0.02151402 0.39587729 0.17768427
v -0.02270617 0.39775407 0.17990065
v -0.02260125 0.39696791 0.17919235
v -0.02244046 0.39633104 0.17835542
v -0.02223719 0.39588990 0.17745967
v -0.02290775 0.39779408 0.17985623
v -0.02299745 0.39704670 0.17910443
v -0.02301478 0.39644528 0.17822803
v -0.02296163 0.39603501 0.17729932
v -0.02310298 0.39786939 0.17983100
v -0.02337853 0.39719390 0.17905544
v -0.02356906 0.39665962 0.17815645
v -0.02365965 0.39630438 0.17720869
v -0.02328218 0.39797603 0.17982574
v -0.02373136 0.39740394 0.17904608
v -0.02408093 0.39696474 0.17814306
v -0.02430546 0.39668961 0.17719182
v -0.02343994 0.39811182 0.17984184
v -0.02404114 0.39766940 0.17907719
v -0.02453114 0.39734927 0.17818841
v -0.02487437 0.39717409 0.17724917
v -0.02357080 0.39826974 0.17987775
v -0.02429705 0.39797909 0.17914808
v -0.02490254 0.39779915 0.17829103
v -0.02534233 0.39774207 0.17737895
v -0.02275069 0.39866027 0.18045332
v -0.02366909 0.39844384 0.17993300
v -0.02448943 0.39832136 0.17925566
v -0.02518137 0.39829613 0.17844706
v -0.02569401 0.39836880 0.17757530
v -0.02373100 0.39862815 0.18000591
v -0.02461088 0.39868263 0.17939613
v -0.02535800 0.39882109 0.17865145
v -0.02591511 0.39903079 0.17783209
v -0.02657815 0.40001391 0.17746463
v -0.02745339 0.40052699 0.17635264
v -0.02807253 0.40114018 0.17503936
v -0.02838553 0.40179686 0.17364543
v -0.02837926 0.40247242 0.17222387
v -0.02805675 0.40314044 0.17083049
v -0.02742876 0.40377441 0.16951813
v -0.02652061 0.40435102 0.16833766
v -0.02536591 0.40484785 0.16733348
v -0.02400930 0.40524580 0.16654577
v -0.02250347 0.40552957 0.16600286
v -0.02090501 0.40568845 0.16572734
v -0.01927731 0.40571570 0.16572935
v -0.02650352 0.40080483 0.17787729
v -0.02735947 0.40152261 0.17687257
v -0.02796150 0.40231129 0.17565046
v -0.02826245 0.40309760 0.17432448
v -0.02824908 0.40385350 0.17294440
v -0.02792339 0.40454803 0.17156534
v -0.02729882 0.40515510 0.17023890
v -0.02639780 0.40565181 0.16901686
v -0.02525502 0.40601904 0.16794473
v -0.02391509 0.40624127 0.16706516
v -0.02242910 0.40631205 0.16641150
v -0.02085483 0.40622742 0.16600866
v -0.01925132 0.40599040 0.16587276
v -0.02625960 0.40154641 0.17831982
v -0.02705309 0.40245725 0.17743027
v -0.02760105 0.40340930 0.17630590
v -0.02786118 0.40431832 0.17505166
v -0.02782396 0.40514929 0.17371787
v -0.02749063 0.40586917 0.17235359
v -0.02687401 0.40645120 0.17101205
v -0.02599706 0.40687199 0.16974466
v -0.02489467 0.40711694 0.16860033
v -0.02360897 0.40717560 0.16762278
v -0.02218875 0.40704574 0.16684908
v -0.02068864 0.40673276 0.16631003
v -0.01916668 0.40624785 0.16602654
v -0.02585781 0.40221033 0.17877513
v -0.02654593 0.40329325 0.17800313
v -0.02700472 0.40439266 0.17697999
v -0.02719863 0.40541088 0.17580099
v -0.02712078 0.40630872 0.17451278
v -0.02677369 0.40705158 0.17316389
v -0.02617070 0.40761043 0.17180696
v -0.02533507 0.40796486 0.17049383
v -0.02429903 0.40810026 0.16927388
v -0.02310263 0.40801199 0.16819618
v -0.02179078 0.40770327 0.16729943
v -0.02041467 0.40718481 0.16662030
v -0.01902723 0.40647879 0.16618466
v -0.02531140 0.40277116 0.17922517
v -0.02585776 0.40399974 0.17857011
v -0.02619607 0.40522332 0.17764681
v -0.02630006 0.40633380 0.17654210
v -0.02616659 0.40728836 0.17529932
v -0.02580087 0.40805030 0.17396630
v -0.02521659 0.40859031 0.17259389
v -0.02443660 0.40888754 0.17123471
v -0.02349055 0.40893111 0.16994093
v -0.02241450 0.40871812 0.16876332
v -0.02125049 0.40825806 0.16774513
v -0.02004260 0.40756756 0.16692763
v -0.01883747 0.40667344 0.16634114
v -0.02464239 0.40320727 0.17965315
v -0.02501548 0.40454927 0.17910954
v -0.02520544 0.40586921 0.17828082
v -0.02519948 0.40705185 0.17724669
v -0.02499824 0.40805084 0.17604756
v -0.02460993 0.40882787 0.17472894
v -0.02404815 0.40935252 0.17334174
v -0.02333632 0.40960536 0.17193938
v -0.02250026 0.40957676 0.17057525
v -0.02157266 0.40926754 0.16930244
v -0.02058897 0.40868949 0.16816863
v -0.01958641 0.40786471 0.16721948
v -0.01860543 0.40682524 0.16649028
v -0.02387627 0.40350167 0.18004190
v -0.02405053 0.40492064 0.17959975
v -0.02407130 0.40630593 0.17885786
v -0.02393903 0.40753703 0.17788789
v -0.02366116 0.40856581 0.17672862
v -0.02324558 0.40935286 0.17542323
v -0.02271153 0.40986784 0.17402296
v -0.02207621 0.41009077 0.17258081
v -0.02136641 0.41001349 0.17115237
v -0.02060827 0.40963864 0.16979319
v -0.01983070 0.40898114 0.16855490
v -0.01906473 0.40806578 0.16748494
v -0.01833942 0.40692748 0.16662525
v -0.02304299 0.40364438 0.18037802
v -0.02300030 0.40509922 0.18002309
v -0.02283688 0.40651683 0.17935565
v -0.02256769 0.40777130 0.17844133
v -0.02220488 0.40881421 0.17731580
v -0.02176161 0.40960586 0.17602202
v -0.02125529 0.41011639 0.17461021
v -0.02070499 0.41032465 0.17313433
v -0.02013225 0.41022404 0.17165031
v -0.01955833 0.40981761 0.17021676
v -0.01900654 0.40912150 0.16888715
v -0.01849692 0.40816314 0.16771418
v -0.01804947 0.40697662 0.16674212
v -0.02217407 0.40362775 0.18064781
v -0.02190646 0.40507898 0.18036316
v -0.02155007 0.40649299 0.17975508
v -0.02113831 0.40774483 0.17888495
v -0.02068737 0.40878584 0.17778674
v -0.02021437 0.40957757 0.17650255
v -0.01973767 0.41008760 0.17508115
v -0.01927559 0.41029826 0.17357818
v -0.01884563 0.41020013 0.17204997
v -0.01846459 0.40979714 0.17055644
v -0.01814679 0.40910571 0.16915446
v -0.01790493 0.40815184 0.16789799
v -0.01774793 0.40697121 0.16683561
v -0.02130278 0.40345423 0.18084052
v -0.02080972 0.40486027 0.18060586
v -0.02025999 0.40623555 0.18004089
v -0.01970547 0.40745898 0.17920234
v -0.01916623 0.40848293 0.17812417
v -0.01866328 0.40926792 0.17684626
v -0.01821658 0.40978452 0.17541851
v -0.01784304 0.41001237 0.17389595
v -0.01755592 0.40994295 0.17233578
v -0.01736800 0.40957846 0.17079922
v -0.01728513 0.40893390 0.16934524
v -0.01731094 0.40803343 0.16802955
v -0.01744501 0.40691096 0.16690302
v -0.02046320 0.40312949 0.18094964
v -0.01975164 0.40445167 0.18074331
v -0.01901650 0.40575466 0.18020218
v -0.01832355 0.40692454 0.17938150
v -0.01769901 0.40791587 0.17831456
v -0.01716750 0.40869003 0.17704036
v -0.01674973 0.40921750 0.17560905
v -0.01646114 0.40947820 0.17407473
v -0.01631273 0.40946218 0.17249699
v -0.01631048 0.40916979 0.17093659
v -0.01645440 0.40861291 0.16945320
v -0.01673860 0.40781197 0.16810362
v -0.01715344 0.40679808 0.16694086
v -0.01968714 0.40266687 0.18097085
v -0.01877402 0.40386848 0.18076931
v -0.01786700 0.40506900 0.18023267
v -0.01704633 0.40616276 0.17941532
v -0.01634415 0.40710695 0.17834970
v -0.01578591 0.40786514 0.17707666
v -0.01539499 0.40840855 0.17564419
v -0.01518436 0.40871588 0.17410832
v -0.01516349 0.40877644 0.17252726
v -0.01533300 0.40858683 0.17096268
v -0.01568639 0.40815482 0.16947324
v -0.01621027 0.40749663 0.16811770
v -0.01688353 0.40663718 0.16694814
v -0.01900446 0.40208313 0.18090173
v -0.01791447 0.40313344 0.18068263
v -0.01685602 0.40420487 0.18013082
v -0.01592303 0.40520254 0.17930248
v -0.01515116 0.40608722 0.17822958
v -0.01457006 0.40682540 0.17695422
v -0.01420224 0.40738890 0.17552400
v -0.01406148 0.40775543 0.17399540
v -0.01415282 0.40791238 0.17242525
v -0.01447375 0.40785155 0.17087584
v -0.01501110 0.40757747 0.16940529
v -0.01574477 0.40709875 0.16807104
v -0.01664700 0.40643445 0.16692376
v -0.01844160 0.40140153 0.18074687
v -0.01720487 0.40227484 0.18048760
v -0.01602237 0.40319500 0.17990112
v -0.01499663 0.40408042 0.17904701
v -0.01416788 0.40489583 0.17795840
v -0.01356692 0.40561102 0.17667738
v -0.01321812 0.40619755 0.17525273
v -0.01313481 0.40663389 0.17373939
v -0.01331938 0.40690248 0.17219532
v -0.01376446 0.40699288 0.17068042
v -0.01445406 0.40690264 0.16925136
v -0.01536092 0.40663354 0.16796493
v -0.01645110 0.40619789 0.16687013
v -0.01802019 0.40064784 0.18051113
v -0.01667363 0.40132507 0.18019088
v -0.01539765 0.40207864 0.17955231
v -0.01430257 0.40283973 0.17865911
v -0.01343125 0.40357914 0.17754666
v -0.01281584 0.40426790 0.17625699
v -0.01248115 0.40488120 0.17484085
v -0.01244078 0.40539312 0.17335111
v -0.01269483 0.40578608 0.17184589
v -0.01323345 0.40604365 0.17038316
v -0.01403661 0.40615645 0.16901779
v -0.01507383 0.40612019 0.16780380
v -0.01630464 0.40593561 0.16678809
v -0.01775551 0.39985061 0.18020450
v -0.01634070 0.40032012 0.17980438
v -0.01500576 0.40089801 0.17909755
v -0.01386715 0.40152753 0.17815474
v -0.01296902 0.40218684 0.17700979
v -0.01234584 0.40284894 0.17570974
v -0.01201962 0.40348851 0.17430381
v -0.01200526 0.40408162 0.17284542
v -0.01230333 0.40460615 0.17139051
v -0.01290098 0.40503963 0.16999542
v -0.01377574 0.40536828 0.16871371
v -0.01489346 0.40557712 0.16759468
v -0.01621292 0.40565885 0.16668106
v -0.01765852 0.39903988 0.17983882
v -0.01621800 0.39929977 0.17934397
v -0.01486157 0.39969784 0.17855510
v -0.01370855 0.40019586 0.17755069
v -0.01280053 0.40077341 0.17636890
v -0.01217278 0.40140776 0.17505615
v -0.01185177 0.40207512 0.17366223
v -0.01184680 0.40275022 0.17224137
v -0.01215984 0.40340733 0.17084690
v -0.01277920 0.40402075 0.16953330
v -0.01367984 0.40456730 0.16835066
v -0.01482722 0.40502539 0.16734431
v -0.01617895 0.40537760 0.16655374
v -0.01773321 0.39824993 0.17942600
v -0.01631210 0.39830383 0.17882404
v -0.01497263 0.39852653 0.17794354
v -0.01383106 0.39889473 0.17687195
v -0.01293052 0.39939175 0.17564813
v -0.01230674 0.39999959 0.17432107
v -0.01198175 0.40069420 0.17294154
v -0.01196973 0.40144948 0.17156232
v -0.01227095 0.40223664 0.17023557
v -0.01287340 0.40302516 0.16901376
v -0.01375392 0.40378470 0.16794187
v -0.01487838 0.40448627 0.16706315
v -0.01620506 0.40510309 0.16641026
v -0.01797736 0.39750904 0.17898231
v -0.01661932 0.39737028 0.17826541
v -0.01533383 0.39742910 0.17728740
v -0.01423200 0.39767443 0.17614306
v -0.01335573 0.39809599 0.17487490
v -0.01273929 0.39867814 0.17353306
v -0.01240660 0.39939848 0.17216862
v -0.01237005 0.40022937 0.17083420
v -0.01263103 0.40113847 0.16958059
v -0.01317970 0.40209122 0.16845630
v -0.01399461 0.40305124 0.16750444
v -0.01504456 0.40398097 0.16676123
v -0.01628965 0.40484510 0.16625640
v -0.01837915 0.39684555 0.17852646
v -0.01712602 0.39653490 0.17769116
v -0.01592969 0.39644601 0.17661284
v -0.01489388 0.39658176 0.17539382
v -0.01405884 0.39693672 0.17407961
v -0.01345623 0.39749589 0.17272229
v -0.01310994 0.39823909 0.17137371
v -0.01303241 0.39913670 0.17008535
v -0.01322691 0.40015527 0.16890626
v -0.01368606 0.40125487 0.16788297
v -0.01439263 0.40239367 0.16705386
v -0.01531857 0.40352868 0.16645135
v -0.01642908 0.40461420 0.16609829
v -0.01892513 0.39628523 0.17807549
v -0.01781453 0.39582907 0.17712286
v -0.01673825 0.39561593 0.17594525
v -0.01579267 0.39565888 0.17465239
v -0.01501278 0.39595712 0.17329267
v -0.01442890 0.39649694 0.17192011
v -0.01406378 0.39725933 0.17058655
v -0.01393098 0.39821386 0.16934439
v -0.01403541 0.39932453 0.16823937
v -0.01437384 0.40054843 0.16731599
v -0.01493266 0.40183884 0.16660823
v -0.01569051 0.40314586 0.16614418
v -0.01661925 0.40441986 0.16594203
v -0.01959397 0.39584923 0.17764704
v -0.01865653 0.39527981 0.17658312
v -0.01772895 0.39497039 0.17531062
v -0.01689314 0.39494157 0.17394703
v -0.01618137 0.39519514 0.17254397
v -0.01561971 0.39571999 0.17115701
v -0.01523197 0.39649697 0.16983831
v -0.01503134 0.39749616 0.16863941
v -0.01502595 0.39867880 0.16760521
v -0.01521582 0.39999909 0.16677633
v -0.01559432 0.40140734 0.16618450
v -0.01614693 0.40284878 0.16585225
v -0.01685105 0.40426794 0.16579328
v -0.01768131 0.40561091 0.16600797
v -0.02035957 0.39555587 0.17725675
v -0.01962111 0.39490972 0.17609183
v -0.01886301 0.39453440 0.17473342
v -0.01815367 0.39445681 0.17330506
v -0.01751829 0.39467982 0.17186291
v -0.01698350 0.39519514 0.17046256
v -0.01656907 0.39598196 0.16915740
v -0.01629142 0.39701094 0.16799782
v -0.01615951 0.39824203 0.16702801
v -0.01617994 0.39962791 0.16628550
v -0.01635225 0.40111572 0.16579839
v -0.01666820 0.40264810 0.16558672
v -0.01711723 0.40416578 0.16565784
v -0.02119257 0.39541332 0.17692040
v -0.02067127 0.39473148 0.17566802
v -0.02009707 0.39432447 0.17423493
v -0.01952476 0.39422336 0.17275162
v -0.01897405 0.39443228 0.17127511
v -0.01846792 0.39494273 0.16986354
v -0.01802503 0.39573380 0.16856999
v -0.01766257 0.39677683 0.16744423
v -0.01739343 0.39803137 0.16652975
v -0.01723035 0.39944925 0.16586185
v -0.01717641 0.40097541 0.16546606
v -0.01723652 0.40255082 0.16535709
v -0.01740691 0.40411641 0.16554067
v -0.02206153 0.39542941 0.17665107
v -0.02176500 0.39475153 0.17532850
v -0.02138395 0.39434823 0.17383512
v -0.02095403 0.39425021 0.17230761
v -0.02049171 0.39446080 0.17080394
v -0.02001510 0.39497086 0.16938316
v -0.01954264 0.39576251 0.16809836
v -0.01909202 0.39680330 0.16700046
v -0.01868042 0.39805521 0.16613025
v -0.01832408 0.39946933 0.16552217
v -0.01803620 0.40099096 0.16519867
v -0.01782863 0.40256216 0.16517382
v -0.01770882 0.40412186 0.16544710
v -0.02293242 0.39560355 0.17645767
v -0.02286151 0.39497039 0.17508518
v -0.02267399 0.39460556 0.17354915
v -0.02238696 0.39453556 0.17198999
v -0.02201302 0.39476368 0.17046659
v -0.02156641 0.39528066 0.16903930
v -0.02106379 0.39606512 0.16776139
v -0.02052450 0.39708922 0.16668268
v -0.01997010 0.39831269 0.16584436
v -0.01942071 0.39968813 0.16527916
v -0.01889818 0.40116308 0.16500805
v -0.01842253 0.40268007 0.16504171
v -0.01801135 0.40418238 0.16537992
v -0.02377191 0.39592802 0.17634908
v -0.02391967 0.39537880 0.17494796
v -0.02391761 0.39508633 0.17338833
v -0.02376889 0.39506984 0.17181090
v -0.02348037 0.39533050 0.17027659
v -0.02306154 0.39585833 0.16884535
v -0.02253091 0.39663230 0.16757115
v -0.02190641 0.39762343 0.16650383
v -0.02121360 0.39879331 0.16568338
v -0.02047830 0.40009668 0.16514209
v -0.01972841 0.40148388 0.16490016
v -0.01899447 0.40290187 0.16496788
v -0.01830331 0.40429526 0.16534239
v -0.02454850 0.39638963 0.17632881
v -0.02489746 0.39596161 0.17492257
v -0.02506732 0.39577180 0.17335823
v -0.02504641 0.39583178 0.17177755
v -0.02483546 0.39613949 0.17024122
v -0.02444426 0.39668264 0.16880898
v -0.02388583 0.39744125 0.16753617
v -0.02318357 0.39838537 0.16647047
v -0.02236276 0.39947882 0.16565304
v -0.02145554 0.40067996 0.16511640
v -0.02049694 0.40194212 0.16488004
v -0.01952339 0.40321679 0.16495380
v -0.01857302 0.40445562 0.16533503
v -0.02523166 0.39697294 0.17639792
v -0.02575732 0.39669618 0.17500941
v -0.02607838 0.39663551 0.17346023
v -0.02616974 0.39679173 0.17189108
v -0.02602804 0.39715927 0.17036180
v -0.02565999 0.39772242 0.16893203
v -0.02507838 0.39846090 0.16765598
v -0.02430665 0.39934566 0.16658377
v -0.02337358 0.40034306 0.16575489
v -0.02231512 0.40141461 0.16520323
v -0.02117247 0.40251936 0.16494807
v -0.01998890 0.40361486 0.16500070
v -0.01880981 0.40465882 0.16535926
v -0.02579454 0.39765478 0.17655325
v -0.02646689 0.39755478 0.17520521
v -0.02691210 0.39764498 0.17369047
v -0.02709617 0.39791389 0.17214679
v -0.02701214 0.39835046 0.17063329
v -0.02666308 0.39893679 0.16920841
v -0.02606201 0.39965194 0.16792786
v -0.02523299 0.40046732 0.16683940
v -0.02420693 0.40135289 0.16598514
v -0.02302401 0.40227344 0.16539857
v -0.02172941 0.40319427 0.16510200
v -0.02037234 0.40407988 0.16510665
v -0.01900566 0.40489548 0.16541281
v -0.02621568 0.39840835 0.17678914
v -0.02699827 0.39850405 0.17550248
v -0.02753669 0.39876173 0.17404021
v -0.02779039 0.39915419 0.17253538
v -0.02774899 0.39966661 0.17104533
v -0.02741428 0.40027980 0.16962881
v -0.02679889 0.40096836 0.16833967
v -0.02592692 0.40170820 0.16722761
v -0.02483134 0.40246905 0.16633472
v -0.02355504 0.40322267 0.16569584
v -0.02214628 0.40394034 0.16533565
v -0.02065951 0.40459361 0.16526724
v -0.01915180 0.40515727 0.16549508
v -0.02648065 0.39920496 0.17709670
v -0.02733129 0.39950811 0.17589014
v -0.02792846 0.39994174 0.17449552
v -0.02822575 0.40046562 0.17304122
v -0.02821063 0.40105891 0.17158244
v -0.02788423 0.40169895 0.17017667
v -0.02726071 0.40236121 0.16887685
v -0.02636161 0.40301974 0.16773368
v -0.02522270 0.40364961 0.16679010
v -0.02388763 0.40422669 0.16608350
v -0.02240747 0.40472862 0.16563958
v -0.02084012 0.40513664 0.16547705
v -0.01924373 0.40543426 0.16560165
v -0.06239809 0.40177302 0.16804828
v -0.06330700 0.40200357 0.16751953
v -0.06408918 0.40231311 0.16684939
v -0.06468583 0.40267418 0.16609565
v -0.06238592 0.40195497 0.16814634
v -0.06328259 0.40236132 0.16771077
v -0.06405246 0.40283234 0.16712707
v -0.06463776 0.40332986 0.16644524
v -0.06233372 0.40212686 0.16825098
v -0.06317979 0.40269771 0.16791540
v -0.06390372 0.40332154 0.16742403
v -0.06445052 0.40394606 0.16681928
v -0.06224507 0.40228134 0.16835824
v -0.06300535 0.40300074 0.16812668
v -0.06364994 0.40376133 0.16773027
v -0.06413035 0.40450089 0.16720477
v -0.06212171 0.40241213 0.16846473
v -0.06276471 0.40325792 0.16833495
v -0.06330055 0.40413467 0.16803288
v -0.06368971 0.40497253 0.16758632
v -0.06197070 0.40251530 0.16856612
v -0.06246745 0.40345972 0.16853331
v -0.06286872 0.40442834 0.16832001
v -0.06314378 0.40534258 0.16794868
v -0.06179561 0.40258592 0.16865729
v -0.06212430 0.40359884 0.16871332
v -0.06237051 0.40462968 0.16858144
v -0.06251555 0.40559697 0.16827799
v -0.06160380 0.40262202 0.16873731
v -0.06174947 0.40366923 0.16886819
v -0.06182584 0.40473191 0.16880689
v -0.06182933 0.40572595 0.16856194
v -0.06140366 0.40262179 0.16880016
v -0.06135609 0.40366865 0.16899263
v -0.06125499 0.40473087 0.16898714
v -0.06111007 0.40572429 0.16879010
v -0.06120208 0.40258480 0.16884621
v -0.06096028 0.40359640 0.16908218
v -0.06068064 0.40462619 0.16911654
v -0.06038552 0.40559229 0.16895231
v -0.06100635 0.40251290 0.16887151
v -0.06057747 0.40345570 0.16913155
v -0.06012439 0.40442222 0.16918859
v -0.05968483 0.40533527 0.16904395
v -0.06082515 0.40240923 0.16887585
v -0.06022150 0.40325227 0.16914069
v -0.05960789 0.40412693 0.16920183
v -0.05903353 0.40496270 0.16906051
v -0.06066499 0.40227708 0.16885898
v -0.05990703 0.40299351 0.16910849
v -0.05915097 0.40375115 0.16915562
v -0.05845682 0.40448929 0.16900262
v -0.06053113 0.40212214 0.16882291
v -0.05964503 0.40268959 0.16903659
v -0.05877093 0.40330989 0.16905091
v -0.05797789 0.40393252 0.16887012
v -0.06042989 0.40195033 0.16876703
v -0.05944624 0.40235207 0.16892662
v -0.05848267 0.40281976 0.16889225
v -0.05761441 0.40331457 0.16867021
v -0.06036505 0.40176721 0.16869428
v -0.05931806 0.40199394 0.16878530
v -0.05829653 0.40229983 0.16868538
v -0.05738025 0.40265932 0.16840963
v -0.06033763 0.40158147 0.16860737
v -0.05926582 0.40162884 0.16861457
v -0.05822067 0.40176988 0.16843858
v -0.05728404 0.40199096 0.16809905
v -0.06035151 0.40139975 0.16850947
v -0.05929137 0.40127155 0.16842294
v -0.05825758 0.40125062 0.16816104
v -0.05733078 0.40133242 0.16774653
v -0.06040242 0.40122368 0.16840352
v -0.05939371 0.40093361 0.16821816
v -0.05840642 0.40076072 0.16786262
v -0.05751826 0.40071877 0.16737272
v -0.06049164 0.40107207 0.16829749
v -0.05956865 0.40063170 0.16800641
v -0.05866043 0.40032174 0.16755598
v -0.05783900 0.40016487 0.16698645
v -0.06061525 0.40094120 0.16819123
v -0.05981002 0.40037468 0.16779792
v -0.05901021 0.39994879 0.16725322
v -0.05827990 0.39969296 0.16660482
v -0.06076656 0.40083834 0.16808961
v -0.06010705 0.40017264 0.16759994
v -0.05944250 0.39965539 0.16696602
v -0.05882550 0.39932438 0.16624185
v -0.06094131 0.40076768 0.16799836
v -0.06045034 0.40003407 0.16741970
v -0.05994026 0.39945401 0.16670482
v -0.05945347 0.39907022 0.16591200
v -0.06113285 0.40073181 0.16791888
v -0.06082503 0.39996314 0.16726483
v -0.06048510 0.39935154 0.16647945
v -0.06013968 0.39894159 0.16562859
v -0.06133279 0.40073239 0.16785534
v -0.06121788 0.39996415 0.16714046
v -0.06105515 0.39935294 0.16629897
v -0.06085889 0.39894291 0.16540059
v -0.06153413 0.40076869 0.16781038
v -0.06161375 0.40003624 0.16705138
v -0.06162975 0.39945742 0.16616987
v -0.06158320 0.39907556 0.16523806
v -0.06172988 0.40084039 0.16778476
v -0.06199612 0.40017671 0.16700185
v -0.06218508 0.39966158 0.16609767
v -0.06228372 0.39933227 0.16514712
v -0.06191099 0.40094425 0.16778012
v -0.06235218 0.40037990 0.16699334
v -0.06270175 0.39995680 0.16608466
v -0.06293465 0.39970473 0.16513048
v -0.06207084 0.40107652 0.16779668
v -0.06266614 0.40063902 0.16702530
v -0.06315826 0.40033246 0.16613141
v -0.06351143 0.40017775 0.16518992
v -0.06220464 0.40123103 0.16783344
v -0.06292750 0.40094224 0.16709751
v -0.06353816 0.40077310 0.16623643
v -0.06398960 0.40073479 0.16532242
v -0.06139549 0.40162868 0.16841644
v -0.06230589 0.40140277 0.16788970
v -0.06312611 0.40127979 0.16720756
v -0.06382607 0.40126346 0.16639555
v -0.06435351 0.40135231 0.16552294
v -0.06237169 0.40158534 0.16796284
v -0.06325491 0.40163688 0.16734996
v -0.06401229 0.40178285 0.16660297
v -0.06458779 0.40200566 0.16578415
v -0.06528814 0.40299111 0.16542613
v -0.06619456 0.40352280 0.16431662
v -0.06685444 0.40417101 0.16300798
v -0.06721512 0.40487350 0.16162009
v -0.06726111 0.40560270 0.16020549
v -0.06699353 0.40633302 0.15882109
v -0.06642137 0.40703529 0.15751926
v -0.06556852 0.40768253 0.15634977
v -0.06446544 0.40824974 0.15535751
v -0.06315494 0.40871495 0.15458118
v -0.06168783 0.40906082 0.15404918
v -0.06012080 0.40927334 0.15378287
v -0.05851288 0.40934454 0.15379332
v -0.06522956 0.40377851 0.16584552
v -0.06612255 0.40451351 0.16484568
v -0.06676875 0.40533558 0.16362937
v -0.06712121 0.40616667 0.16231128
v -0.06716229 0.40697744 0.16093980
v -0.06689238 0.40773500 0.15957056
v -0.06632357 0.40841025 0.15825426
v -0.06547607 0.40897747 0.15704220
v -0.06438162 0.40941551 0.15598060
v -0.06308368 0.40970589 0.15511055
v -0.06163189 0.40983971 0.15446579
v -0.06008227 0.40980995 0.15407000
v -0.05849302 0.40961782 0.15393951
v -0.06500363 0.40451947 0.16629595
v -0.06583758 0.40544811 0.16541289
v -0.06643416 0.40643356 0.16429680
v -0.06674875 0.40738719 0.16305194
v -0.06676814 0.40827253 0.16172735
v -0.06649172 0.40905451 0.16037297
v -0.06593037 0.40970527 0.15904173
v -0.06510522 0.41019711 0.15778386
v -0.06404844 0.41051287 0.15664835
v -0.06280092 0.41063964 0.15567869
v -0.06140985 0.41057270 0.15491118
v -0.05992847 0.41031498 0.15437717
v -0.05841502 0.40987523 0.15409623
v -0.06461929 0.40518559 0.16675945
v -0.06535204 0.40628771 0.16599582
v -0.06586323 0.40742094 0.16498212
v -0.06611452 0.40848447 0.16381418
v -0.06609511 0.40943656 0.16253650
v -0.06580593 0.41024227 0.16119814
v -0.06525766 0.41086903 0.15985088
v -0.06447178 0.41129408 0.15854657
v -0.06347809 0.41150025 0.15733444
v -0.06231630 0.41147909 0.15626224
v -0.06102869 0.41123270 0.15536997
v -0.05966677 0.41076893 0.15469301
v -0.05828131 0.41010718 0.15425721
v -0.06408871 0.40575203 0.16721731
v -0.06468312 0.40700116 0.16657263
v -0.06507757 0.40825976 0.16566039
v -0.06524153 0.40941660 0.16456799
v -0.06516827 0.41042658 0.16333674
v -0.06486095 0.41125105 0.16201448
v -0.06433078 0.41185881 0.16065174
v -0.06359936 0.41222605 0.15930061
v -0.06269313 0.41233912 0.15801326
v -0.06164810 0.41219230 0.15683936
v -0.06050408 0.41179303 0.15582349
v -0.05930522 0.41115523 0.15500553
v -0.05809670 0.41030356 0.15441664
v -0.06343321 0.40619681 0.16765280
v -0.06385793 0.40756090 0.16712111
v -0.06410713 0.40891803 0.16630554
v -0.06416320 0.41014808 0.16528450
v -0.06402314 0.41120322 0.16409775
v -0.06369390 0.41204324 0.16279027
v -0.06318602 0.41263569 0.16141244
v -0.06252126 0.41295726 0.16001727
v -0.06172319 0.41299704 0.15865810
v -0.06082357 0.41275224 0.15738792
v -0.05985581 0.41223293 0.15625457
v -0.05885858 0.41145834 0.15530248
v -0.05786988 0.41045823 0.15456795
v -0.06267813 0.40650197 0.16804851
v -0.06290677 0.40794617 0.16762007
v -0.06298947 0.40937032 0.16689211
v -0.06292081 0.41065086 0.16593630
v -0.06270528 0.41173723 0.16478972
v -0.06234986 0.41258759 0.16349571
v -0.06186837 0.41316931 0.16210441
v -0.06127891 0.41346031 0.16066908
v -0.06060510 0.41344948 0.15924474
v -0.05987267 0.41313692 0.15788680
v -0.05910875 0.41253469 0.15664657
v -0.05834431 0.41166618 0.15557220
v -0.05760719 0.41056426 0.15470524
v -0.06185252 0.40665676 0.16838990
v -0.06186647 0.40814069 0.16805022
v -0.06176673 0.40959994 0.16739818
v -0.06156221 0.41090580 0.16649864
v -0.06126276 0.41200772 0.16538627
v -0.06087910 0.41286284 0.16410379
v -0.06042571 0.41343972 0.16270080
v -0.05992033 0.41371493 0.16123119
v -0.05938280 0.41367879 0.15975011
v -0.05883245 0.41333145 0.15831664
v -0.05829205 0.41268789 0.15698424
v -0.05778149 0.41177206 0.15580477
v -0.05732034 0.41061813 0.15482396
v -0.06098777 0.40665478 0.16866379
v -0.06077807 0.40813814 0.16839524
v -0.06048618 0.40959708 0.16780357
v -0.06013978 0.41090285 0.16694876
v -0.05975256 0.41200385 0.16586402
v -0.05933927 0.41285970 0.16459121
v -0.05891560 0.41343601 0.16317855
v -0.05849793 0.41371192 0.16168123
v -0.05810225 0.41367608 0.16015565
v -0.05774402 0.41332913 0.15866119
v -0.05743657 0.41268607 0.15725511
v -0.05719192 0.41177063 0.15599159
v -0.05701979 0.41061739 0.15491900
v -0.06011709 0.40649648 0.16885882
v -0.05968201 0.40793839 0.16864073
v -0.05919696 0.40936227 0.16809278
v -0.05870789 0.41064181 0.16727002
v -0.05823242 0.41172717 0.16620532
v -0.05778913 0.41257710 0.16493886
v -0.05739554 0.41315968 0.16352009
v -0.05706627 0.41345079 0.16200287
v -0.05681335 0.41344096 0.16044472
v -0.05664821 0.41312957 0.15890715
v -0.05657519 0.41252881 0.15744813
v -0.05659882 0.41166278 0.15612463
v -0.05671753 0.41056213 0.15498688
v -0.05927456 0.40618721 0.16896856
v -0.05861999 0.40754926 0.16877880
v -0.05794887 0.40890425 0.16825492
v -0.05732091 0.41013303 0.16745019
v -0.05676002 0.41118720 0.16639710
v -0.05628855 0.41202684 0.16513404
v -0.05592299 0.41261936 0.16371156
v -0.05567936 0.41294220 0.16218273
v -0.05556554 0.41298310 0.16060716
v -0.05558639 0.41274048 0.15904522
v -0.05574181 0.41222326 0.15755679
v -0.05602439 0.41145169 0.15619901
v -0.05642434 0.41045479 0.15502495
v -0.05849178 0.40573957 0.16898853
v -0.05763420 0.40698541 0.16880403
v -0.05678956 0.40824123 0.16828441
v -0.05603286 0.40939640 0.16748269
v -0.05539331 0.41040522 0.16643092
v -0.05489440 0.41122934 0.16516903
v -0.05455641 0.41183711 0.16374507
v -0.05439162 0.41220523 0.16221477
v -0.05440656 0.41232012 0.16063588
v -0.05460099 0.41217651 0.15907006
v -0.05496678 0.41178022 0.15757583
v -0.05549138 0.41114649 0.15621240
v -0.05615262 0.41029961 0.15503215
v -0.05779905 0.40517085 0.16891795
v -0.05676186 0.40626871 0.16871448
v -0.05576399 0.40739884 0.16817869
v -0.05489340 0.40845967 0.16736544
v -0.05418350 0.40941079 0.16630624
v -0.05366125 0.41021537 0.16504195
v -0.05334679 0.41084284 0.16362062
v -0.05325229 0.41126869 0.16209737
v -0.05338107 0.41147754 0.16053039
v -0.05372942 0.41145974 0.15898021
v -0.05428196 0.41121738 0.15750548
v -0.05501885 0.41075875 0.15616426
v -0.05591223 0.41010160 0.15500700
v -0.05722328 0.40450182 0.16875883
v -0.05603628 0.40542698 0.16851434
v -0.05491150 0.40640879 0.16794295
v -0.05394579 0.40735937 0.16710339
v -0.05317717 0.40824262 0.16602855
v -0.05263542 0.40902429 0.16475830
v -0.05234074 0.40967459 0.16334247
v -0.05230494 0.41016863 0.16183539
v -0.05252879 0.41048679 0.16029419
v -0.05300386 0.41061774 0.15877976
v -0.05371236 0.41055579 0.15734783
v -0.05462671 0.41030267 0.15605544
v -0.05571207 0.40986954 0.15495174
v -0.05678673 0.40375958 0.16851744
v -0.05548604 0.40449165 0.16821042
v -0.05426433 0.40530880 0.16758586
v -0.05322645 0.40613722 0.16670675
v -0.05241378 0.40694594 0.16560738
v -0.05185700 0.40770211 0.16432877
v -0.05157723 0.40837790 0.16292153
v -0.05158617 0.40894639 0.16143821
v -0.05188217 0.40938726 0.15993686
v -0.05245399 0.40968237 0.15847545
v -0.05328022 0.40982028 0.15710884
v -0.05432928 0.40979687 0.15589067
v -0.05556075 0.40961124 0.15486792
v -0.05650522 0.40297153 0.16820369
v -0.05513194 0.40349842 0.16781517
v -0.05384771 0.40414191 0.16712119
v -0.05276322 0.40484026 0.16619092
v -0.05192248 0.40556900 0.16505851
v -0.05135654 0.40629827 0.16376937
v -0.05108632 0.40700077 0.16237266
v -0.05112307 0.40764987 0.16092200
v -0.05146534 0.40822045 0.15947196
v -0.05210015 0.40868953 0.15807950
v -0.05300225 0.40904085 0.15679818
v -0.05413712 0.40925980 0.15567722
v -0.05546286 0.40933773 0.15475880
v -0.05639049 0.40216850 0.16782934
v -0.05498763 0.40248736 0.16734315
v -0.05367746 0.40295249 0.16656659
v -0.05257533 0.40351924 0.16557449
v -0.05172276 0.40416648 0.16440392
v -0.05115227 0.40486809 0.16310247
v -0.05088650 0.40559829 0.16171830
v -0.05093470 0.40632853 0.16030533
v -0.05129548 0.40703119 0.15891721
v -0.05195563 0.40767873 0.15760818
v -0.05288847 0.40824626 0.15642755
v -0.05405971 0.40871247 0.15542128
v -0.05542310 0.40905865 0.15462847
v -0.05644666 0.40138187 0.16740747
v -0.05505843 0.40149665 0.16681301
v -0.05376147 0.40178691 0.16594288
v -0.05266772 0.40222403 0.16488190
v -0.05182059 0.40279120 0.16366922
v -0.05125285 0.40346642 0.16235261
v -0.05098412 0.40422375 0.16098360
v -0.05102701 0.40503379 0.15961344
v -0.05137865 0.40586580 0.15829435
v -0.05202640 0.40668741 0.15707866
v -0.05294440 0.40746722 0.15601117
v -0.05409733 0.40817560 0.15513485
v -0.05544250 0.40878499 0.15448227
v -0.05667225 0.40064107 0.16695603
v -0.05534189 0.40056255 0.16624448
v -0.05409469 0.40068963 0.16527474
v -0.05303828 0.40100466 0.16413954
v -0.05221358 0.40149634 0.16288152
v -0.05165269 0.40214667 0.16155012
v -0.05137713 0.40292854 0.16019574
v -0.05139702 0.40381411 0.15887124
v -0.05171180 0.40476778 0.15762675
v -0.05230935 0.40575377 0.15651044
v -0.05316652 0.40673431 0.15556554
v -0.05425098 0.40767053 0.15482714
v -0.05552067 0.40852743 0.15432555
v -0.05705686 0.39997498 0.16649245
v -0.05582672 0.39972342 0.16566009
v -0.05466501 0.39970233 0.16458788
v -0.05367225 0.39990808 0.16337645
v -0.05288636 0.40033296 0.16207175
v -0.05233863 0.40095923 0.16072434
v -0.05204996 0.40176466 0.15938644
v -0.05203073 0.40271698 0.15810860
v -0.05228191 0.40378098 0.15694012
v -0.05279384 0.40491437 0.15592681
v -0.05354743 0.40607453 0.15510676
v -0.05451310 0.40721654 0.15451160
v -0.05565414 0.40829587 0.15416465
v -0.05758701 0.39940862 0.16603366
v -0.05649495 0.39901055 0.16508265
v -0.05545014 0.39886373 0.16390891
v -0.05454485 0.39897611 0.16262217
v -0.05381290 0.39934357 0.16127073
v -0.05328339 0.39995080 0.15990792
v -0.05297612 0.40077542 0.15858527
v -0.05290318 0.40178517 0.15735449
v -0.05306683 0.40294220 0.15626154
v -0.05346160 0.40420123 0.15534985
v -0.05407191 0.40551382 0.15465292
v -0.05487435 0.40682996 0.15419909
v -0.05583891 0.40809929 0.15400568
v -0.05824234 0.39896465 0.16559794
v -0.05732004 0.39845092 0.16453378
v -0.05642048 0.39820605 0.16326376
v -0.05562279 0.39824513 0.16190512
v -0.05495739 0.39856678 0.16050926
v -0.05444988 0.39915883 0.15913190
v -0.05412059 0.39999901 0.15782442
v -0.05398113 0.40105404 0.15663783
v -0.05403700 0.40228393 0.15561647
v -0.05428654 0.40364144 0.15480121
v -0.05472018 0.40507422 0.15422231
v -0.05532109 0.40652701 0.15390229
v -0.05606591 0.40794442 0.15385415
v -0.05692653 0.40927187 0.15407828
v -0.05899698 0.39866019 0.16520122
v -0.05827051 0.39806643 0.16403429
v -0.05753828 0.39775368 0.16267697
v -0.05686505 0.39774238 0.16125293
v -0.05627562 0.39803288 0.15981760
v -0.05579484 0.39861491 0.15842568
v -0.05543869 0.39946516 0.15713237
v -0.05522324 0.40055129 0.15598556
v -0.05515479 0.40183176 0.15503006
v -0.05523720 0.40325653 0.15430226
v -0.05546734 0.40477200 0.15382985
v -0.05583551 0.40631940 0.15363234
v -0.05632839 0.40783867 0.15371670
v -0.05982241 0.39850548 0.16485961
v -0.05931122 0.39787210 0.16360414
v -0.05876095 0.39752448 0.16217089
v -0.05822376 0.39748761 0.16069098
v -0.05771822 0.39776297 0.15922074
v -0.05726506 0.39833963 0.15781830
v -0.05688125 0.39919459 0.15653598
v -0.05658197 0.40029636 0.15542376
v -0.05637752 0.40160268 0.15452437
v -0.05627720 0.40306208 0.15387218
v -0.05628394 0.40461907 0.15349241
v -0.05639791 0.40621353 0.15339954
v -0.05661534 0.40778492 0.15359775
v -0.06068722 0.39850703 0.16458649
v -0.06039969 0.39787426 0.16325966
v -0.06004149 0.39752719 0.16176574
v -0.05964614 0.39749101 0.16024055
v -0.05922829 0.39776688 0.15874284
v -0.05880467 0.39834257 0.15733073
v -0.05839109 0.39919861 0.15605800
v -0.05800396 0.40029949 0.15497380
v -0.05765795 0.40160523 0.15411899
v -0.05736566 0.40306436 0.15352763
v -0.05713957 0.40462085 0.15322138
v -0.05698754 0.40621531 0.15321333
v -0.05691578 0.40778554 0.15350286
v -0.06155748 0.39866568 0.16439076
v -0.06149528 0.39807401 0.16301378
v -0.06133071 0.39776231 0.16147660
v -0.06107799 0.39775183 0.15991945
v -0.06074848 0.39804333 0.15840162
v -0.06035460 0.39862579 0.15698300
v -0.05991171 0.39947518 0.15571716
v -0.05943593 0.40056058 0.15465207
v -0.05894683 0.40184004 0.15382977
v -0.05846155 0.40326415 0.15328190
v -0.05800099 0.40477835 0.15302844
v -0.05758065 0.40632292 0.15307999
v -0.05721808 0.40784087 0.15343483
v -0.06240004 0.39897491 0.16428140
v -0.06255723 0.39846295 0.16287556
v -0.06257895 0.39821940 0.16131469
v -0.06246464 0.39826022 0.15973974
v -0.06222124 0.39858318 0.15821045
v -0.06185589 0.39917582 0.15678774
v -0.06138405 0.40001534 0.15552538
v -0.06082248 0.40106952 0.15447237
v -0.06019486 0.40229809 0.15366779
v -0.05952353 0.40365321 0.15314383
v -0.05883446 0.40508382 0.15291994
v -0.05815516 0.40653409 0.15300530
v -0.05751112 0.40794806 0.15339699
v -0.06318299 0.39942162 0.16426229
v -0.06354376 0.39902610 0.16285141
v -0.06373833 0.39888235 0.16128583
v -0.06375341 0.39899685 0.15970762
v -0.06358762 0.39936555 0.15817687
v -0.06325004 0.39997332 0.15675368
v -0.06275052 0.40079740 0.15549187
v -0.06211053 0.40180622 0.15444063
v -0.06135346 0.40296124 0.15363923
v -0.06050923 0.40421709 0.15311907
v -0.05960934 0.40552655 0.15290074
v -0.05868808 0.40683894 0.15299230
v -0.05778314 0.40810362 0.15339025
v -0.06387554 0.39999065 0.16433364
v -0.06441595 0.39974261 0.16294134
v -0.06476420 0.39972481 0.16139147
v -0.06489368 0.39993273 0.15982534
v -0.06479804 0.40035959 0.15830201
v -0.06448322 0.40098705 0.15688123
v -0.06396054 0.40179183 0.15561647
v -0.06325041 0.40274275 0.15455781
v -0.06237930 0.40380389 0.15374456
v -0.06138131 0.40493399 0.15320931
v -0.06029420 0.40608978 0.15297140
v -0.05916084 0.40722676 0.15304052
v -0.05802328 0.40830152 0.15341502
v -0.06445142 0.40065902 0.16449315
v -0.06514231 0.40058434 0.16314249
v -0.06561763 0.40071467 0.16162806
v -0.06584138 0.40103291 0.16008762
v -0.06580456 0.40152714 0.15858063
v -0.06550934 0.40217755 0.15716487
v -0.06496676 0.40295953 0.15589532
v -0.06419792 0.40384301 0.15482040
v -0.06323174 0.40479414 0.15398069
v -0.06210649 0.40577602 0.15340953
v -0.06086392 0.40675129 0.15312913
v -0.05955312 0.40768268 0.15314933
v -0.05822365 0.40853335 0.15346997
v -0.06488769 0.40140176 0.16473500
v -0.06569263 0.40151963 0.16344726
v -0.06626493 0.40181404 0.16198585
v -0.06656114 0.40225460 0.16048543
v -0.06656832 0.40282344 0.15900203
v -0.06628776 0.40349978 0.15759456
v -0.06573049 0.40425595 0.15631649
v -0.06491714 0.40506470 0.15521712
v -0.06387891 0.40589389 0.15433809
v -0.06265612 0.40671132 0.15371376
v -0.06129615 0.40748657 0.15336828
v -0.05985053 0.40818872 0.15331348
v -0.05837505 0.40879149 0.15355417
v -0.06517080 0.40218897 0.16504953
v -0.06604934 0.40251150 0.16384421
v -0.06668343 0.40298020 0.16245152
v -0.06702549 0.40355066 0.16100249
v -0.06706065 0.40420003 0.15955067
v -0.06678875 0.40490307 0.15815403
v -0.06622160 0.40563285 0.15686497
v -0.06537980 0.40636146 0.15573364
v -0.06429519 0.40706060 0.15480291
v -0.06301029 0.40770389 0.15410962
v -0.06157413 0.40826580 0.15367847
v -0.06004269 0.40872571 0.15352770
v -0.05847293 0.40906558 0.15366330
f 4 2 1
f 8 6 5
f 13 15 14
f 17 19 18
f 32 30 29
f 36 34 33
f 37 39 38
f 21 23 20
f 25 27 24
f 41 43 42
f 48 46 45
f 52 50 49
f 53 55 54
f 60 58 57
f 29 62 61
f 66 64 63
f 67 6 68
f 72 70 69
f 76 74 73
f 77 79 78
f 81 83 82
f 59 86 85
f 88 90 89
f 96 94 93
f 100 98 97
f 101 103 102
f 106 34 87
f 108 115 107
f 117 36 118
f 124 126 125
f 131 129 128
f 132 134 133
f 142 140 139
f 148 60 147
f 144 127 124
f 149 151 150
f 156 154 153
f 159 158 157
f 116 164 105
f 171 169 168
f 174 173 172
f 179 181 180
f 186 188 187
f 194 196 195
f 199 139 198
f 206 208 207
f 213 211 210
f 202 214 201
f 96 216 54
f 92 43 44
f 97 246 100
f 250 229 228
f 252 58 253
f 258 256 255
f 260 229 259
f 110 112 113
f 114 263 109
f 265 267 266
f 56 270 269
f 274 249 250
f 185 63 64
f 280 278 276
f 285 283 157
f 288 211 212
f 141 92 46
f 289 175 176
f 148 105 106
f 312 170 171
f 238 42 43
f 318 160 317
f 310 308 307
f 241 325 324
f 160 240 317
f 47 307 308
f 108 315 164
f 345 86 119
f 348 350 349
f 356 358 357
f 355 353 352
f 363 32 362
f 149 150 176
f 364 253 365
f 366 368 367
f 183 371 63
f 163 161 160
f 209 101 208
f 378 165 166
f 379 381 380
f 383 3 4
f 284 386 385
f 387 389 388
f 391 229 249
f 73 397 396
f 405 407 406
f 203 411 410
f 414 413 412
f 1 357 4
f 277 131 275
f 254 57 58
f 358 415 351
f 417 386 408
f 401 192 420
f 419 127 143
f 421 182 422
f 103 302 409
f 428 368 174
f 380 359 356
f 62 266 323
f 140 431 430
f 357 351 348
f 356 379 380
f 415 403 434
f 437 436 435
f 438 440 439
f 188 450 449
f 452 454 453
f 265 181 421
f 224 64 225
f 237 213 427
f 275 128 458
f 281 460 459
f 50 79 461
f 73 282 281
f 468 466 465
f 390 352 359
f 482 484 483
f 489 487 486
f 493 495 494
f 472 470 469
f 502 500 499
f 220 222 223
f 512 143 66
f 518 511 80
f 513 230 286
f 205 31 244
f 189 451 188
f 163 532 8
f 533 225 251
f 446 447 412
f 335 540 334
f 544 546 545
f 329 291 292
f 199 262 238
f 385 416 550
f 532 191 247
f 363 118 243
f 236 237 250
f 578 580 579
f 573 571 570
f 561 562 272
f 241 259 240
f 590 592 591
f 545 595 594
f 503 155 504
f 606 624 623
f 478 480 479
f 646 648 647
f 590 689 684
f 564 651 650
f 728 184 727
f 714 716 715
f 692 575 693
f 541 581 578
f 346 248 400
f 161 230 160
f 128 94 95
f 698 704 703
f 574 576 575
f 290 401 328
f 630 725 726
f 733 735 734
f 755 496 493
f 759 481 760
f 757 762 761
f 764 466 467
f 768 9260 9261
f 759 488 489
f 492 475 771
f 474 769 473
f 773 465 772
f 771 486 483
f 484 775 491
f 774 489 486
f 495 764 756
f 495 761 494
f 137 784 136
f 325 797 547
f 165 51 52
f 369 29 370
f 730 568 569
f 90 301 89
f 243 516 242
f 800 806 805
f 817 808 816
f 816 823 822
f 306 447 807
f 815 809 808
f 829 828 825
f 726 501 502
f 274 424 423
f 879 881 880
f 884 879 885
f 219 217 211
f 906 904 897
f 455 205 542
f 898 830 829
f 903 880 881
f 906 897 898
f 377 519 165
f 923 948 946
f 946 951 950
f 8963 739 8961
f 900 886 880
f 225 65 144
f 182 442 422
f 809 947 824
f 954 962 961
f 927 965 966
f 885 880 886
f 925 966 967
f 343 341 340
f 965 971 968
f 968 970 969
f 972 969 973
f 963 981 978
f 336 338 339
f 992 827 828
f 810 996 959
f 1007 1002 1008
f 1012 827 1009
f 1011 1007 1008
f 294 292 291
f 907 920 919
f 1017 1019 1018
f 1020 1022 1021
f 1035 1020 1044
f 1061 1047 1046
f 1063 1046 1062
f 1044 1021 1045
f 1102 1097 1109
f 1116 1118 1117
f 1016 1014 1013
f 881 904 903
f 816 1127 817
f 1094 949 1097
f 514 167 515
f 146 81 82
f 1133 1130 1129
f 1102 1126 822
f 822 1116 816
f 1145 1148 1136
f 1076 1151 1069
f 1148 1086 1087
f 1109 1114 1136
f 1154 1156 1155
f 1153 967 1156
f 8815 463 9166
f 1144 1152 1151
f 1156 1163 1162
f 1164 1169 1165
f 1145 1176 1147
f 1114 1154 1171
f 1183 1164 1177
f 1184 1177 1185
f 1069 1062 1064
f 1023 1194 1022
f 1162 1170 1169
f 1195 1185 1191
f 1183 1176 1155
f 1201 1152 1196
f 1061 1201 1202
f 9277 843 9288
f 1203 1195 1034
f 1202 1184 1195
f 1218 1203 1217
f 1060 1202 1203
f 1225 1217 1219
f 671 694 670
f 1219 1024 1035
f 1217 1034 1024
f 1226 1015 1227
f 1243 1234 1233
f 1231 1229 1228
f 847 1233 843
f 843 1244 878
f 1233 1245 1244
f 1923 233 216
f 2100 499 500
f 9366 2135 9352
f 61 323 505
f 210 217 457
f 1299 1309 1300
f 9315 1231 9314
f 1066 1321 1322
f 1322 1228 1229
f 1060 1321 1047
f 1325 1323 1310
f 1244 1332 1330
f 1290 1242 1288
f 1337 1339 1338
f 1330 1340 1339
f 1341 1245 1294
f 1342 1332 1341
f 1343 1341 1344
f 1344 1294 1293
f 9309 1345 1346
f 1347 1342 1343
f 9308 1295 1345
f 1349 1348 1347
f 9313 1347 9305
f 9305 1343 9309
f 906 829 1353
f 905 1353 1354
f 865 1355 1357
f 1355 829 825
f 1357 825 826
f 1356 1353 1355
f 9286 1338 9285
f 866 1356 865
f 1358 1354 1356
f 9280 1337 9286
f 838 1012 841
f 1363 1338 1339
f 1368 1339 1340
f 1348 1340 1342
f 1371 9276 9281
f 524 526 523
f 528 530 527
f 1372 1369 1371
f 535 537 538
f 1367 1348 1350
f 1370 1359 1369
f 1369 9285 9276
f 1373 903 904
f 555 557 558
f 1374 910 1373
f 1373 905 1375
f 1374 1375 1376
f 1375 1354 1370
f 1378 908 1377
f 376 651 1387
f 1388 973 969
f 586 588 585
f 1390 1388 1391
f 1391 969 970
f 597 599 596
f 600 602 603
f 1392 970 979
f 608 610 607
f 612 523 611
f 614 616 613
f 617 25 24
f 620 622 619
f 1397 1391 1392
f 1398 1392 1399
f 1400 920 1378
f 1402 1165 1169
f 636 638 635
f 930 1402 929
f 641 643 644
f 929 1169 1170
f 1404 1403 1402
f 1411 1365 1406
f 1412 1415 1414
f 652 654 655
f 609 657 658
f 659 661 662
f 558 586 585
f 665 667 664
f 1413 1406 1412
f 1418 9262 9265
f 1417 1371 1416
f 1416 9281 9262
f 1419 1416 1418
f 1386 1374 1420
f 677 679 676
f 1385 1420 1421
f 1420 1376 1422
f 685 687 688
f 1421 1422 1423
f 528 691 658
f 1422 1372 1417
f 1018 747 1425
f 699 701 702
f 1424 579 1017
f 9115 1767 9112
f 700 711 712
f 1093 9206 1571
f 717 530 719
f 721 723 720
f 704 8987 8998
f 19 1426 1430
f 1429 1427 1426
f 1658 8986 8988
f 1439 1434 1438
f 1437 1435 1434
f 1426 1433 1432
f 1442 1432 1440
f 742 744 745
f 1432 1441 1440
f 751 753 750
f 1438 1403 1405
f 1446 1444 1443
f 1447 1446 1443
f 9312 1443 9300
f 1415 1445 1446
f 1414 1446 1448
f 2173 469 470
f 777 779 686
f 780 782 783
f 1676 1806 1675
f 9311 1349 9313
f 789 791 788
f 745 793 742
f 652 795 653
f 1455 1457 1456
f 1454 1350 1452
f 610 802 801
f 9283 698 703
f 1352 1045 1351
f 1015 1459 1460
f 811 813 814
f 2118 9269 2117
f 819 821 818
f 1466 1194 1190
f 1467 1465 1466
f 1182 1468 1467
f 832 833 831
f 835 837 834
f 1467 1190 1182
f 1469 1444 1445
f 840 712 690
f 1453 1469 1454
f 599 845 846
f 1226 9301 9307
f 851 853 850
f 855 856 854
f 858 860 857
f 861 863 864
f 1014 9307 9310
f 867 868 869
f 870 872 873
f 874 876 877
f 1310 1471 1309
f 1476 1427 1475
f 1461 1475 1460
f 887 889 890
f 788 892 891
f 894 896 893
f 1460 1227 1015
f 901 524 612
f 1465 1477 1464
f 1865 8944 1864
f 911 913 914
f 916 918 915
f 1850 8951 1851
f 921 895 894
f 1479 1436 1478
f 926 667 601
f 1481 563 1480
f 269 84 1482
f 931 933 916
f 934 614 869
f 936 688 937
f 938 662 939
f 1484 122 123
f 941 835 834
f 320 509 510
f 1849 8949 1850
f 84 1484 83
f 1487 1488 539
f 1757 8946 8953
f 365 1491 364
f 461 80 511
f 117 362 1496
f 1494 541 1495
f 926 957 958
f 1477 1433 1476
f 1709 1585 1700
f 119 1496 345
f 271 504 156
f 511 189 186
f 345 1492 365
f 255 344 254
f 57 299 132
f 1501 268 1500
f 267 1499 145
f 974 976 977
f 1678 1693 1676
f 9298 1807 9292
f 557 663 558
f 983 984 985
f 1443 9301 9300
f 421 268 265
f 989 991 988
f 1490 418 1504
f 279 309 310
f 997 676 679
f 998 999 875
f 1504 38 1505
f 1506 1507 1486
f 360 1508 1506
f 1506 207 360
f 939 1006 938
f 270 1483 269
f 66 546 512
f 1010 793 935
f 367 437 1509
f 244 363 243
f 1670 8978 1669
f 209 1510 226
f 235 1512 1511
f 1511 234 235
f 388 426 425
f 427 250 237
f 161 521 231
f 100 45 44
f 1025 608 1027
f 1029 1031 1028
f 939 1033 1032
f 41 594 99
f 1036 783 1037
f 702 1038 1039
f 1040 1042 1043
f 362 369 1493
f 187 477 186
f 70 539 198
f 1511 1521 234
f 1049 603 1048
f 613 869 614
f 860 1051 857
f 1005 1053 1006
f 753 1056 1054
f 1057 1059 1055
f 293 1522 292
f 288 1521 1522
f 292 1523 329
f 331 1508 1524
f 306 453 305
f 100 41 99
f 462 78 79
f 330 1524 462
f 635 1068 636
f 1485 1526 1528
f 206 1528 1510
f 1070 1072 831
f 942 1073 1074
f 916 1075 917
f 440 1530 439
f 157 1514 285
f 1529 5 1530
f 371 546 63
f 790 663 791
f 1077 857 1078
f 1403 1435 1165
f 1080 1082 1079
f 531 1529 440
f 21 1084 1085
f 272 1531 561
f 137 396 397
f 690 802 691
f 335 9011 581
f 1090 1029 1091
f 1092 794 1042
f 1533 137 138
f 661 1095 1096
f 69 445 72
f 1099 1101 1098
f 38 1536 1505
f 1104 1106 1103
f 852 1108 853
f 1377 909 1386
f 291 411 294
f 316 516 33
f 539 1533 534
f 1505 316 313
f 1110 1112 1113
f 1539 460 264
f 522 1537 1539
f 834 1120 1119
f 1122 1124 1121
f 612 1041 901
f 935 615 614
f 276 130 131
f 1686 8966 1685
f 193 1541 273
f 231 1540 287
f 556 982 557
f 365 85 345
f 190 318 1541
f 1810 9018 8972
f 9376 8956 9243
f 1132 985 1131
f 208 102 132
f 1134 662 661
f 1491 80 77
f 429 1542 147
f 1137 915 918
f 172 428 174
f 1139 1141 1142
f 549 54 55
f 1517 1518 296
f 976 1146 938
f 834 984 941
f 1543 286 115
f 1544 239 513
f 133 1544 1542
f 506 257 258
f 420 328 401
f 1158 1160 1157
f 587 1103 588
f 1513 1514 151
f 607 1027 608
f 304 1545 303
f 364 77 506
f 69 198 139
f 1006 976 938
f 700 1112 701
f 9329 8969 9239
f 1166 657 656
f 1167 858 1077
f 1300 8968 1299
f 1172 1174 1175
f 218 200 217
f 1179 1181 1178
f 372 97 98
f 89 227 88
f 1186 1188 1189
f 172 1517 1549
f 1482 81 1498
f 1090 1193 1030
f 394 353 1551
f 526 1198 1197
f 811 858 812
f 1199 1026 1025
f 606 697 696
f 1204 1206 743
f 1207 523 526
f 1209 867 613
f 914 685 936
f 1478 1441 1477
f 1029 1161 1091
f 1211 1213 1214
f 9310 1451 9311
f 844 1216 845
f 423 273 274
f 1220 1222 1083
f 22 1224 23
f 882 897 881
f 1519 173 387
f 1189 1232 1178
f 349 550 416
f 1071 1236 1072
f 1237 1239 745
f 1221 1189 1240
f 1510 1512 333
f 939 1241 1005
f 1556 5 67
f 1553 394 1551
f 404 67 347
f 1247 1249 1246
f 142 238 92
f 1251 635 1250
f 850 1253 851
f 1254 1077 1255
f 57 133 429
f 443 552 551
f 1187 1175 1188
f 1256 831 833
f 432 382 383
f 741 747 746
f 434 351 415
f 349 383 348
f 251 1481 1480
f 395 352 353
f 1518 1550 1551
f 1558 378 340
f 109 314 315
f 285 1513 407
f 395 393 392
f 202 410 1558
f 417 405 432
f 1246 1258 1247
f 3 297 2
f 1259 1261 1262
f 403 347 284
f 955 953 952
f 462 51 330
f 1096 687 1263
f 429 60 57
f 896 1265 932
f 1267 1268 1266
f 423 327 420
f 37 180 40
f 20 1187 1186
f 1256 1071 1070
f 155 156 504
f 1188 1269 1232
f 1236 1271 1262
f 1272 535 621
f 565 463 464
f 1273 745 1239
f 876 1255 1274
f 316 164 315
f 437 503 1509
f 194 1495 197
f 1275 864 863
f 624 631 630
f 1277 1137 1278
f 569 567 566
f 1481 125 366
f 324 547 326
f 1279 1107 1280
f 1525 329 1523
f 1281 1137 918
f 171 1553 1552
f 1488 396 1533
f 1557 1562 1559
f 1282 1206 1205
f 1053 1278 1281
f 778 607 1283
f 713 9010 9013
f 251 144 124
f 4 348 383
f 709 707 706
f 728 45 246
f 261 1563 544
f 789 1287 790
f 74 263 282
f 403 385 434
f 1178 1240 1189
f 1223 1289 1224
f 158 150 151
f 1220 1186 1221
f 296 354 433
f 784 1538 1566
f 1181 1291 1222
f 1269 1257 1246
f 1566 438 399
f 136 1566 1564
f 1563 169 1565
f 107 109 108
f 1297 1298 1296
f 1464 1476 1461
f 1520 507 508
f 1301 1303 1304
f 1306 1308 1305
f 175 1532 272
f 1532 200 201
f 1311 1312 1313
f 872 1315 1316
f 1317 1318 1319
f 9288 878 9280
f 1305 864 1276
f 1040 863 1320
f 1564 399 169
f 592 1575 591
f 591 1088 689
f 1581 1583 1582
f 1196 1147 1176
f 710 583 713
f 285 408 386
f 953 961 963
f 1594 1589 1593
f 1585 1587 1586
f 1592 1590 1589
f 9337 944 9351
f 1600 1598 1597
f 1604 1602 1601
f 1399 979 980
f 1589 1596 1595
f 1610 1608 1607
f 298 361 360
f 551 276 277
f 1627 9266 9271
f 859 818 860
f 1078 1328 1329
f 1555 1530 1556
f 572 680 681
f 772 776 774
f 977 918 917
f 404 392 393
f 1054 750 753
f 1644 1643 1642
f 932 1082 933
f 1067 1334 1068
f 1540 264 114
f 597 643 1336
f 471 762 470
f 1642 9283 9294
f 1644 9294 9295
f 923 950 927
f 96 548 95
f 520 522 521
f 445 443 442
f 849 848 842
f 480 755 493
f 1646 481 1639
f 311 1567 170
f 464 8941 8939
f 8941 1361 8939
f 234 236 235
f 190 192 191
f 153 152 149
f 231 286 230
f 1552 1551 1550
f 760 1648 488
f 9284 1649 9282
f 828 826 825
f 52 166 165
f 1663 1661 1660
f 287 115 286
f 668 670 669
f 634 640 639
f 553 559 554
f 118 33 516
f 492 491 490
f 8996 1651 8997
f 582 584 583
f 384 392 415
f 1381 1383 1380
f 1562 435 436
f 952 951 947
f 8973 583 584
f 1660 1667 1666
f 1394 1396 1393
f 1660 1664 1663
f 1671 1669 1668
f 1624 1673 1672
f 1407 1409 1410
f 1677 1675 1674
f 1613 1677 1625
f 1679 1676 1677
f 1626 9263 9266
f 534 198 539
f 176 150 159
f 803 734 800
f 400 191 192
f 65 143 144
f 8970 1656 8984
f 402 157 283
f 629 627 626
f 461 49 50
f 758 495 756
f 796 786 785
f 406 1513 1560
f 342 166 167
f 1694 1658 1695
f 1692 1694 1696
f 9001 1652 8996
f 9373 1703 9375
f 326 302 90
f 9368 1702 1706
f 9371 1698 1701
f 1699 9379 9370
f 1557 1560 1561
f 1127 1117 1128
f 400 289 346
f 1706 1707 1708
f 1707 1599 1600
f 1709 1708 1588
f 1714 1711 1713
f 9371 1709 1700
f 1704 1577 1703
f 1716 1713 1715
f 1559 1549 297
f 1722 1720 1719
f 1335 596 1489
f 410 377 378
f 973 1163 972
f 168 399 398
f 1571 1089 1093
f 1572 682 1571
f 749 647 754
f 1730 1723 1729
f 1594 1729 1592
f 1729 1591 1592
f 1731 1730 1583
f 1384 1377 1379
f 1732 1712 1714
f 1724 1731 1732
f 1712 1731 1580
f 1722 1732 1733
f 1721 1733 1734
f 1734 1716 1717
f 1735 1736 1697
f 1733 1714 1716
f 1663 1741 1668
f 1742 1740 1743
f 1738 1737 1735
f 1665 1666 1740
f 1665 1744 1664
f 1725 1746 1745
f 1591 1745 1590
f 1590 1747 1596
f 1745 1748 1747
f 1659 8982 8986
f 5650 8989 5617
f 1185 1182 1190
f 1664 1749 1741
f 1741 1739 1738
f 1746 1743 1748
f 1726 1742 1746
f 1153 924 925
f 1115 1153 1154
f 1654 9019 1655
f 1896 8993 1686
f 1720 1744 1726
f 1721 1749 1720
f 1750 1701 1698
f 1697 1750 1696
f 1151 1063 1062
f 1751 1670 1671
f 1695 1752 1751
f 961 986 981
f 1770 1768 1767
f 1766 1593 1765
f 1731 1579 1580
f 1579 1774 1578
f 9380 1771 9381
f 1764 9380 9369
f 1777 1775 1774
f 9214 1699 1700
f 1004 1128 1003
f 1774 1771 1772
f 987 1399 980
f 1578 1772 1764
f 1783 1781 1778
f 1597 1770 1767
f 639 9347 9336
f 9380 1769 1770
f 1793 1789 1788
f 9381 1798 1769
f 8952 9225 1806
f 1802 9376 9374
f 1788 1794 1793
f 1793 1795 1776
f 9225 1675 1806
f 1584 1783 1789
f 1771 9372 9381
f 1801 1798 1800
f 1768 1798 1799
f 1775 1797 1771
f 508 515 1520
f 1796 1802 1797
f 1800 9372 9374
f 1794 1804 1795
f 8976 1752 8991
f 485 1807 775
f 9261 1640 768
f 9289 1810 1653
f 485 1640 1808
f 1690 9222 9224
f 487 1648 1811
f 9291 1816 9274
f 9290 1648 9282
f 9291 1811 9290
f 1812 487 1811
f 1641 767 768
f 465 755 776
f 767 9275 9260
f 9274 9278 9299
f 1809 1815 767
f 9289 1651 9292
f 675 8985 8940
f 1814 1822 1821
f 1821 9273 9272
f 1824 1649 1825
f 1827 1850 1805
f 1668 1662 1663
f 1779 1848 1828
f 1790 1805 1794
f 1833 1853 1852
f 8965 693 575
f 1614 1616 1617
f 1852 8942 8945
f 1620 1622 1623
f 1855 1574 1861
f 1847 8945 8957
f 1766 1855 1782
f 1629 1631 1628
f 1633 1634 1632
f 1635 1637 1638
f 1848 1852 1847
f 1855 1863 1862
f 1803 1867 1802
f 1862 1831 1832
f 1782 1862 1781
f 9374 1865 1800
f 1873 1870 1869
f 1874 799 804
f 2045 9349 2044
f 1219 1295 1225
f 1615 1396 1395
f 9336 1877 1876
f 645 9238 9003
f 1345 1035 1346
f 634 9336 9332
f 15 1327 14
f 9362 1878 1893
f 1894 605 1893
f 8950 627 693
f 9004 645 9003
f 340 454 1558
f 1897 195 1898
f 1889 1877 1890
f 1901 129 1900
f 196 754 232
f 1705 9373 9368
f 340 166 343
f 1570 563 561
f 1904 194 1897
f 1781 1832 1780
f 1905 55 1906
f 1000 995 996
f 986 920 987
f 1191 1190 1194
f 2094 2075 2093
f 1920 1919 1915
f 453 1912 1911
f 1915 1918 1916
f 9334 2106 9353
f 1655 8975 1868
f 1916 1926 1925
f 704 9005 703
f 278 1925 1900
f 9009 1818 1820
f 1097 1115 1114
f 1927 727 1923
f 9030 9106 9210
f 1920 307 1929
f 1929 48 728
f 503 1497 1509
f 1902 787 796
f 1816 9272 9278
f 1925 1923 1924
f 1535 1568 1534
f 254 258 255
f 1509 366 367
f 119 35 36
f 219 293 294
f 141 47 431
f 542 244 245
f 1940 430 431
f 1779 1827 1790
f 1701 9367 9371
f 1661 8959 1667
f 270 754 647
f 197 749 196
f 1727 1212 1211
f 53 232 754
f 1465 1479 1478
f 1284 9306 1293
f 1951 412 413
f 168 1554 1553
f 1486 206 207
f 506 78 361
f 994 1007 993
f 951 963 964
f 1013 9313 1351
f 9278 1820 1818
f 1498 1954 1482
f 299 543 132
f 1754 1756 1753
f 1681 1683 1682
f 1696 1695 1697
f 13 738 737
f 473 475 474
f 482 768 1640
f 204 30 205
f 1761 820 819
f 611 1125 612
f 1501 1908 1909
f 1074 711 699
f 1960 82 83
f 120 1960 123
f 35 87 34
f 1773 1025 1031
f 1965 1569 1535
f 494 471 479
f 1966 1969 1968
f 446 1971 1967
f 174 125 126
f 1580 1578 1577
f 1785 1787 1784
f 1972 304 305
f 1254 875 999
f 1973 342 514
f 321 1973 509
f 1910 275 1907
f 509 514 508
f 1486 1527 1485
f 1974 804 1975
f 1977 1974 1978
f 1980 1966 1981
f 379 2 295
f 1718 1710 1701
f 884 992 883
f 1680 1678 1679
f 902 525 524
f 344 256 299
f 135 137 136
f 236 228 333
f 448 1967 1966
f 589 604 584
f 910 908 907
f 1981 1968 1987
f 1982 1987 1979
f 1988 1987 1989
f 1990 1989 1991
f 1991 1993 1992
f 322 320 319
f 992 830 883
f 1144 1086 1143
f 1995 1978 1994
f 1133 1118 1126
f 1997 1994 1996
f 870 1335 1489
f 805 1982 1998
f 727 2000 1999
f 1996 1988 1990
f 1994 1979 1988
f 1829 792 1273
f 1830 941 983
f 798 800 799
f 729 731 730
f 2011 2023 2022
f 1834 846 1159
f 402 284 347
f 2022 2024 2025
f 1838 989 988
f 810 952 809
f 1823 1840 644
f 1430 1432 1431
f 1215 1841 1079
f 149 176 177
f 1316 873 872
f 2112 1384 2106
f 1842 1844 1845
f 1159 845 1160
f 837 1846 1120
f 1971 2030 2027
f 517 370 189
f 858 833 812
f 1471 2027 1888
f 8995 626 627
f 2174 770 490
f 935 1854 1010
f 1613 1611 1618
f 1231 1225 1295
f 1856 891 892
f 1300 748 741
f 1150 1858 1859
f 1643 696 1642
f 1215 1264 1216
f 1320 902 901
f 1956 1944 1960
f 2031 669 1474
f 2034 1310 1299
f 1879 1656 1657
f 40 242 39
f 1992 2039 1456
f 888 957 889
f 1882 1996 1990
f 1078 1255 1077
f 1871 1192 1090
f 294 218 219
f 1323 2026 1471
f 123 83 1484
f 1324 2041 1323
f 384 359 352
f 1324 2038 2036
f 1883 1885 1829
f 287 114 107
f 1096 1134 661
f 915 931 916
f 806 1981 1982
f 8977 584 604
f 1425 2042 1018
f 1018 1948 1017
f 9006 740 8963
f 1948 649 646
f 1881 1990 1991
f 1900 130 278
f 992 994 993
f 923 925 924
f 9330 2047 9328
f 1643 625 606
f 2050 2051 2049
f 2045 1404 2047
f 9328 945 9337
f 1139 1079 1841
f 1037 892 982
f 2055 2057 2056
f 1198 718 717
f 1619 1612 1611
f 2058 1606 2059
f 2059 1607 2058
f 2058 1624 1605
f 71 179 37
f 405 1557 382
f 976 1006 977
f 322 1972 1911
f 2061 2063 2062
f 2066 2067 1825
f 2052 2064 2051
f 1609 2066 1647
f 1515 152 1516
f 1009 993 1007
f 1644 9267 2118
f 279 1916 278
f 1285 9314 1284
f 1647 1825 1649
f 2056 2067 2065
f 319 1953 1952
f 667 1913 1914
f 2070 625 2048
f 2052 2055 2063
f 2038 1655 1458
f 1606 2073 2072
f 1235 1270 1236
f 2072 2075 2074
f 2059 2072 2062
f 2074 2077 2076
f 1601 2078 2073
f 2049 1643 1645
f 1000 1001 994
f 1089 684 689
f 1931 1306 1930
f 1462 1021 1022
f 1932 1934 1935
f 875 1846 998
f 1936 1937 1938
f 44 46 92
f 1534 1956 120
f 1541 317 391
f 2081 2084 2083
f 146 1959 300
f 1360 1942 1361
f 985 1032 1033
f 1995 1892 2043
f 2079 2082 2081
f 2095 2076 2077
f 2081 2078 2079
f 2055 2054 2053
f 501 2095 500
f 2097 2099 2098
f 2098 2094 2083
f 2140 9345 9318
f 2141 9346 9345
f 2051 2048 2049
f 592 2101 1576
f 2071 2076 2096
f 2102 2098 2101
f 593 2102 592
f 1019 746 747
f 1950 12 1327
f 725 2096 501
f 1385 2104 1379
f 1379 2106 1384
f 2107 2100 2097
f 9360 502 9348
f 9348 499 9353
f 940 2109 944
f 928 1170 973
f 9320 684 9351
f 1962 1964 1961
f 9330 573 9349
f 2039 1968 1969
f 1389 2110 2109
f 1398 2113 1397
f 9209 9205 9195
f 9363 2107 2103
f 949 924 1115
f 260 324 326
f 1390 2113 2110
f 2070 2064 2071
f 9319 2103 593
f 2105 1421 2114
f 2114 1423 2115
f 9344 2115 9355
f 9360 2114 9344
f 554 1902 553
f 972 967 966
f 1765 1573 1574
f 1984 1986 1983
f 2053 2069 2057
f 9017 724 714
f 1625 1674 1673
f 9333 2119 2122
f 9355 2123 9356
f 56 1906 55
f 626 9331 629
f 2001 2003 2004
f 9364 2127 9359
f 2006 2008 2009
f 2127 1412 2128
f 2014 2016 2017
f 2018 2020 2021
f 1495 1947 197
f 1379 1386 1385
f 9266 1680 1618
f 2029 1884 2028
f 9354 2120 9339
f 629 9366 9324
f 682 943 1089
f 724 2121 716
f 1757 9273 9297
f 765 9296 9261
f 9303 715 9304
f 706 9322 9324
f 981 987 980
f 1457 1656 1880
f 2017 2032 2033
f 1458 1868 1457
f 1776 1792 1793
f 1959 1946 1958
f 9115 9177 9113
f 9365 2122 9302
f 1093 689 1088
f 966 968 972
f 9304 9333 9365
f 2172 2170 2171
f 670 2137 669
f 9213 1903 233
f 1429 28 1449
f 964 978 971
f 9293 1413 2127
f 1473 669 2137
f 9286 1359 1358
f 2138 1870 2137
f 1872 2137 1870
f 715 9340 9333
f 1881 1992 1880
f 9295 739 740
f 1837 8957 8958
f 253 59 85
f 1808 9292 1807
f 1647 9270 1609
f 9317 671 668
f 2112 9335 2111
f 1405 2044 1438
f 9281 1364 1366
f 273 391 249
f 576 8964 8999
f 9327 668 2031
f 1430 2140 2139
f 2136 9312 28
f 1430 18 19
f 9345 570 695
f 1442 2046 2141
f 1431 2141 2140
f 9321 9302 2136
f 9260 1817 766
f 9318 695 671
f 2142 798 2138
f 571 2142 694
f 9271 1618 1611
f 2143 2025 2142
f 694 2138 670
f 681 2144 572
f 2144 2022 2143
f 328 457 290
f 1572 2011 2144
f 630 9355 624
f 2085 2087 2088
f 2090 2092 2089
f 572 2143 571
f 1875 2153 2149
f 1873 2149 2154
f 2103 2097 2102
f 2157 2155 2156
f 2128 1414 2120
f 9326 589 582
f 9324 628 629
f 2149 2158 2159
f 2159 9357 9342
f 698 9354 705
f 9275 9279 1817
f 2158 9326 9357
f 1438 2046 1439
f 2035 2160 2161
f 2161 9341 9338
f 9323 605 589
f 9325 18 9327
f 370 61 451
f 649 413 648
f 2153 2156 2158
f 1428 1449 1450
f 1490 73 1488
f 9342 710 633
f 2155 9343 9323
f 1456 1880 1992
f 2125 2087 2124
f 2160 9342 9341
f 300 505 323
f 1064 1046 1065
f 2043 1891 2155
f 2129 2004 2003
f 2131 2133 2134
f 9300 1450 1449
f 1998 804 805
f 9331 9316 9366
f 474 490 770
f 1164 1182 1177
f 707 9361 9322
f 708 2162 707
f 2162 9338 9361
f 548 1905 458
f 1145 1114 1171
f 705 1650 704
f 2043 1977 1995
f 737 554 559
f 1034 1191 1023
f 458 1907 275
f 195 232 233
f 2040 1969 1970
f 2145 2147 2148
f 2054 2049 1645
f 9284 1639 9270
f 9 11 10
f 252 506 258
f 472 479 471
f 1865 9243 8947
f 900 910 907
f 1941 2151 1942
f 1921 1927 1919
f 2163 1898 2116
f 271 153 178
f 1904 12 9
f 282 264 460
f 1872 2154 2035
f 1326 1897 2163
f 628 693 627
f 1724 1719 1723
f 1549 436 172
f 1582 1730 1729
f 1921 1929 1928
f 9007 10 11
f 2152 1950 1949
f 475 774 771
f 769 2171 473
f 2171 476 473
f 476 772 475
f 1791 464 1760
f 2166 2168 2169
f 595 372 98
f 483 1641 482
f 762 2173 470
f 771 484 492
f 486 1809 483
f 297 1517 296
f 763 2174 762
f 776 759 489
f 184 2176 2000
f 412 303 414
f 2005 185 224
f 9263 1682 9298
f 2164 756 764
f 1472 2161 2162
f 950 964 965
f 2177 2179 2180
f 227 1510 333
f 764 467 2164
f 2182 2184 2181
f 2186 2018 2185
f 1985 2181 1986
f 214 729 1531
f 1545 1546 1569
f 865 842 866
f 849 1357 1362
f 452 1558 454
f 559 3188 737
f 16 737 3188
f 560 498 374
f 3193 3195 3194
f 3200 3198 3199
f 3211 3213 3212
f 3215 3217 3216
f 2187 2002 2001
f 3233 3235 3234
f 3223 3222 3224
f 3229 3231 3230
f 3245 3247 3246
f 2169 2189 2190
f 2192 2085 2191
f 2193 2195 2196
f 2198 2200 2197
f 1998 1979 1975
f 9116 9120 9123
f 3253 3255 3254
f 2116 1903 1902
f 1859 2009 1150
f 9356 2126 9358
f 1135 1087 1130
f 2201 2015 2014
f 1149 110 1858
f 3261 3263 3262
f 3269 3271 3270
f 3265 3267 3266
f 3229 3284 3283
f 3289 3291 3290
f 3299 3301 3300
f 3307 3264 3308
f 3293 3295 3294
f 3297 3224 3298
f 3319 3291 3320
f 3322 3318 3315
f 3314 3312 3311
f 3285 3287 3286
f 3332 3218 3215
f 3329 3330 3328
f 3324 3227 3298
f 3298 3326 3324
f 2203 2205 2206
f 579 1895 1019
f 1755 2208 1756
f 3337 3339 3338
f 9343 1893 605
f 1211 2150 1727
f 868 2210 2209
f 3347 3349 3348
f 944 930 940
f 2130 2202 2201
f 233 1898 195
f 665 750 666
f 1167 999 618
f 2211 2213 2214
f 2215 2217 2218
f 9319 590 9320
f 2220 220 2219
f 823 948 1094
f 3375 3377 3376
f 3393 3391 3390
f 3353 3357 3356
f 3363 3365 3364
f 3402 3404 3403
f 266 455 265
f 9334 2107 9335
f 2221 8963 8961
f 2223 2225 2226
f 2207 2124 2208
f 3293 3336 3286
f 673 9321 9316
f 817 996 815
f 2227 2146 2145
f 1947 646 749
f 9352 17 9325
f 2229 1638 1381
f 1679 1618 1680
f 1637 2232 2230
f 2233 1617 1616
f 2231 2236 2237
f 3406 3408 3407
f 1381 2238 1382
f 9038 2242 9039
f 3414 3341 3415
f 1630 2233 1631
f 1681 472 469
f 1408 2243 2244
f 3423 3425 3424
f 3433 3263 3307
f 3434 3430 3435
f 3440 3442 3441
f 3444 3446 3445
f 3436 3450 3439
f 3442 3456 3455
f 1637 2238 1638
f 3445 3437 3438
f 3448 3440 3449
f 1409 1634 2245
f 1380 2247 2246
f 1628 2245 1621
f 3463 3465 3464
f 3308 3462 3307
f 2249 1622 1633
f 1632 1408 2244
f 2248 1631 2250
f 3478 3480 3479
f 3509 3511 3510
f 2235 1637 1636
f 3505 3507 3506
f 3457 3199 3198
f 631 2071 725
f 515 52 49
f 782 2251 1251
f 2253 2255 2252
f 397 459 784
f 1456 2040 1455
f 2040 2036 1455
f 3434 3518 3517
f 1401 2111 1398
f 2041 1970 2026
f 3367 3338 3368
f 1535 414 1965
f 1586 2080 2079
f 2256 1132 1886
f 3528 3530 3529
f 3519 3520 3517
f 3537 3506 3538
f 3543 3545 3544
f 1700 9370 9371
f 3486 3550 3549
f 3455 3497 3563
f 3558 3559 3323
f 3456 3500 3497
f 3572 3252 3249
f 3308 3285 3569
f 3316 3574 3573
f 3575 3479 3533
f 3576 3578 3577
f 3580 3582 3581
f 3584 3586 3585
f 3505 3588 3503
f 3589 3591 3590
f 3600 3602 3601
f 3542 3595 3594
f 3604 3592 3589
f 3611 3613 3612
f 3622 3624 3623
f 3618 3620 3619
f 3626 3628 3627
f 3644 3646 3645
f 3634 3636 3635
f 3638 3641 3640
f 9267 1686 9269
f 1263 1886 1096
f 3613 3654 3614
f 598 844 599
f 2257 2259 2260
f 2258 2262 2259
f 2259 2263 2216
f 2260 2216 2215
f 1967 1970 1969
f 2212 1963 2213
f 922 2218 2217
f 1312 1101 2264
f 1307 1286 789
f 1548 1546 1972
f 2266 2268 2265
f 2265 2270 2269
f 2272 2269 2271
f 2273 2265 2272
f 2275 2277 2274
f 2278 2277 2279
f 2284 9069 9091
f 2287 2286 2281
f 2288 2283 2287
f 2290 9091 9072
f 2291 2293 2294
f 2295 2294 2279
f 2296 2291 2295
f 2297 2292 2291
f 2294 2299 2300
f 2279 2300 2278
f 2298 2302 2292
f 2292 2303 2293
f 2293 2304 2299
f 2304 2306 2299
f 2306 2300 2299
f 2308 2310 2307
f 2302 2310 2303
f 2301 2307 2302
f 2312 2307 2311
f 2313 2315 2316
f 2318 2320 2317
f 9200 2322 2323
f 2324 2273 2326
f 2313 2326 2327
f 2328 2313 2316
f 2329 2324 2328
f 2331 2333 2330
f 2330 2267 2266
f 2325 2266 2273
f 2329 2330 2325
f 2333 2335 2267
f 2336 2333 2332
f 2338 2332 2337
f 2331 2337 2332
f 2329 2339 2331
f 2328 2340 2329
f 2316 2341 2328
f 2342 2315 2343
f 2344 2346 2347
f 2341 2347 2340
f 2342 2344 2341
f 2348 2345 2344
f 2350 2352 2353
f 2339 2353 2337
f 2340 2350 2339
f 2347 2351 2350
f 2337 2354 2338
f 2353 2355 2354
f 2356 2276 2357
f 2356 2358 2359
f 2356 2296 2295
f 2279 2356 2295
f 2360 2270 2268
f 2267 2360 2268
f 2362 2364 2365
f 2362 2361 2358
f 2366 2358 2357
f 2366 2363 2362
f 2357 2368 2366
f 2366 2369 2367
f 2276 2370 2368
f 2368 2282 2369
f 2372 2374 2371
f 2375 2377 2007
f 2378 2380 2381
f 2382 2381 2383
f 2384 2378 2382
f 2385 2379 2378
f 2388 2390 2387
f 2387 2392 2391
f 2393 2387 2391
f 2394 2388 2387
f 2186 2402 2400
f 2403 2327 2326
f 2272 2326 2273
f 2271 2403 2272
f 2405 2404 2403
f 2404 2408 2327
f 2409 2411 2412
f 2409 2271 2269
f 2413 2269 2270
f 2413 2410 2409
f 2417 2416 2418
f 2417 2406 2405
f 2412 2405 2271
f 2411 2417 2412
f 2406 2407 2404
f 9013 632 713
f 2420 2397 2421
f 2420 2423 2422
f 2424 2422 2419
f 2424 2398 2420
f 2425 2392 2426
f 2421 2426 2423
f 2397 2425 2421
f 2396 2391 2425
f 2427 2315 2314
f 2427 2408 2428
f 2430 2428 2429
f 2343 2427 2430
f 2432 2430 2431
f 2431 2429 2433
f 2435 2433 2434
f 2436 2431 2435
f 2428 2407 2437
f 2422 2407 2419
f 2438 2422 2423
f 2429 2437 2438
f 2440 2433 2439
f 2441 2433 2429
f 2442 2439 2441
f 2443 2440 2439
f 2445 2444 2443
f 2447 2443 2442
f 2383 2445 2447
f 2381 2446 2445
f 2448 2423 2426
f 2449 2426 2392
f 2441 2449 2442
f 2441 2438 2448
f 2449 2390 2450
f 2450 2389 2451
f 2447 2451 2383
f 2442 2450 2447
f 2451 2453 2452
f 2452 2455 2454
f 2382 2454 2384
f 2383 2452 2382
f 2456 2373 2372
f 2459 2461 2458
f 2463 2465 2462
f 2462 2285 2284
f 2466 2284 2290
f 2467 2462 2466
f 2461 9155 9153
f 2468 2470 2471
f 2472 2471 2473
f 2474 9153 9140
f 2475 2477 2478
f 2458 2453 2479
f 2479 2389 2388
f 2395 2479 2388
f 2480 2458 2479
f 2481 2483 2478
f 2484 2485 221
f 2471 2464 2463
f 2473 2463 2467
f 2487 2466 2486
f 2486 2290 2488
f 2490 2488 2489
f 2491 2486 2490
f 2492 2467 2487
f 2493 2487 2491
f 2494 2492 2493
f 2495 2473 2492
f 9142 2474 9140
f 9143 2496 9142
f 2498 2493 2499
f 2500 2499 2501
f 9152 2498 2500
f 9139 2494 2498
f 2306 2278 2300
f 2305 2504 2306
f 2504 2507 2506
f 2506 2288 2508
f 2274 2508 2275
f 2278 2506 2274
f 9085 2489 2488
f 9072 2488 2290
f 2507 2289 2288
f 2505 2509 2507
f 2508 2287 2511
f 2511 2281 2280
f 2370 2280 2282
f 2275 2511 2370
f 2512 2489 2513
f 2514 2513 2515
f 2517 2514 2516
f 2517 2490 2512
f 2499 2491 2517
f 2499 2516 2501
f 2510 2519 2518
f 2518 2521 2520
f 9068 2520 9073
f 9084 2518 9068
f 2522 2303 2310
f 2523 2310 2309
f 2305 2522 2524
f 2524 2523 2525
f 2519 2525 2521
f 2505 2524 2519
f 2308 2527 2526
f 2526 2529 2528
f 2531 2528 2530
f 2309 2526 2531
f 1214 2151 1211
f 2419 2418 2424
f 2533 2349 2317
f 2534 2317 2320
f 2535 2533 2534
f 2536 2345 2533
f 2537 2346 2536
f 2538 2536 2535
f 2539 2537 2538
f 2540 2351 2537
f 2312 2541 2527
f 2527 2542 2529
f 2543 2434 2544
f 2545 2544 2546
f 2319 2543 2545
f 2318 2435 2543
f 2514 2548 2547
f 2547 2550 2549
f 2552 2549 2551
f 2552 2514 2547
f 2520 2554 2553
f 2553 2556 2555
f 9042 2555 9045
f 9073 2553 9042
f 2523 2531 2557
f 2557 2530 2558
f 2525 2557 2559
f 2559 2558 2560
f 2554 2560 2556
f 2521 2559 2554
f 2561 2007 2006
f 2376 2225 2377
f 2564 2566 2563
f 2563 338 2567
f 2569 2567 2568
f 2570 2563 2569
f 2572 2574 2571
f 2571 2576 2575
f 2544 2575 2546
f 2544 2572 2571
f 2578 2569 2577
f 2579 2569 2568
f 2574 2579 2576
f 2573 2577 2574
f 2581 2583 2580
f 2584 2583 2585
f 9149 2580 2584
f 9128 2580 9127
f 2582 2552 2583
f 2583 2551 2585
f 2500 2589 2588
f 2590 2589 2591
f 9145 2588 2590
f 9147 2500 2588
f 2501 2591 2589
f 2592 2594 2595
f 2386 2503 2502
f 2596 2386 2374
f 2596 2373 2597
f 2599 2597 2598
f 2599 2379 2596
f 2600 2380 2599
f 2600 2598 2601
f 2603 2601 2602
f 2603 2446 2600
f 2604 2602 2605
f 2440 2605 2434
f 2444 2604 2440
f 2606 2581 2607
f 2606 2590 2591
f 2591 2582 2606
f 9128 2456 9141
f 9141 2372 9145
f 2478 2608 2481
f 2609 2611 2199
f 2564 2613 2612
f 2612 2598 2597
f 2457 2597 2373
f 2565 2612 2457
f 2614 2570 2578
f 2615 2578 2573
f 2602 2614 2615
f 2601 2613 2614
f 2572 2605 2616
f 2616 2602 2615
f 2573 2616 2615
f 1459 1045 1021
f 1265 1079 1082
f 1612 1609 1611
f 2067 2069 2068
f 1135 1136 1148
f 1938 2618 2617
f 95 458 128
f 2058 1608 1612
f 1454 1445 1367
f 655 1048 2619
f 722 2621 723
f 3665 3634 3666
f 1131 1033 1134
f 562 366 1497
f 1723 1725 1591
f 1786 1122 1787
f 267 323 266
f 1325 1654 2038
f 1468 1435 1479
f 658 529 528
f 8 247 7
f 382 1559 3
f 3631 3680 3630
f 788 1307 789
f 940 929 928
f 911 2623 912
f 2621 655 654
f 2624 2625 2626
f 998 27 26
f 635 2626 2625
f 2627 644 1840
f 2628 1840 2629
f 1200 2627 2628
f 1199 641 2627
f 1520 49 477
f 1452 1349 1451
f 2630 1859 1858
f 644 1335 1823
f 3683 3699 3698
f 1197 717 2632
f 2632 719 1166
f 2628 1166 1200
f 2629 2632 2628
f 1762 1050 821
f 1823 873 1839
f 2634 794 652
f 1028 1027 1161
f 1042 2635 1043
f 93 1901 1924
f 2036 1458 1455
f 1527 1525 1526
f 877 1274 1277
f 134 797 1544
f 1328 931 1329
f 607 1091 1161
f 1043 2637 2636
f 2636 2639 2638
f 1275 2638 1276
f 1275 1043 2636
f 1272 2626 2640
f 2640 638 637
f 1110 2640 637
f 536 2640 2641
f 1472 1474 1473
f 2042 1951 649
f 3668 3633 3669
f 1058 1105 1059
f 2642 2643 2644
f 1192 2644 1193
f 912 2642 1192
f 9350 8970 9238
f 1049 2620 2621
f 616 1885 613
f 1331 666 750
f 990 1198 525
f 1911 321 322
f 1298 1205 2645
f 76 1504 75
f 1502 421 422
f 610 658 691
f 1146 659 938
f 2646 914 936
f 1280 1238 1279
f 975 2647 2648
f 2647 975 974
f 1453 1452 1451
f 1514 158 151
f 835 1843 1842
f 1271 1173 1289
f 2649 813 2650
f 1893 1826 1894
f 1050 1937 1051
f 2651 814 813
f 1006 1281 977
f 2653 2654 2655
f 1001 1003 1002
f 585 679 558
f 2624 621 620
f 555 2028 556
f 1207 1197 2629
f 1626 478 472
f 3729 3731 3730
f 3746 3748 3747
f 3770 3750 3753
f 426 419 1567
f 1030 1773 1031
f 9350 634 9332
f 534 138 262
f 1125 1042 1041
f 333 88 227
f 569 561 730
f 3691 3693 3692
f 1489 871 870
f 1857 620 891
f 1673 9222 9215
f 622 864 1308
f 2647 974 2657
f 619 891 620
f 261 545 262
f 393 1556 404
f 2658 2647 2657
f 1075 2657 917
f 1081 2658 1075
f 1080 2659 2658
f 2644 1141 2660
f 2660 1140 1336
f 642 1336 643
f 1193 2660 642
f 679 555 558
f 3762 3764 3763
f 1503 1500 1502
f 1318 1101 1100
f 2661 1139 1142
f 2661 2663 2662
f 2662 2659 2661
f 2662 2622 2664
f 2664 911 2646
f 2648 2646 1146
f 2648 2662 2664
f 3586 3779 3777
f 2083 2093 2081
f 1442 1437 1439
f 3732 3733 3731
f 519 330 51
f 1885 1209 613
f 799 805 804
f 1946 1952 1953
f 1302 1253 1252
f 3741 3757 3756
f 3660 3662 3661
f 566 224 533
f 1389 928 1388
f 683 681 680
f 836 1842 2665
f 2665 1845 1303
f 2666 1303 1302
f 24 2665 2666
f 831 2650 832
f 1845 1304 1303
f 2010 2012 2011
f 1051 2667 2668
f 1522 1511 1523
f 531 441 522
f 782 1251 1250
f 1250 2625 2669
f 2669 1857 1856
f 783 1856 1037
f 782 2669 783
f 720 2671 721
f 1055 1930 1056
f 1333 1251 2251
f 619 1308 1307
f 652 2619 2634
f 521 1539 1540
f 1838 537 2672
f 2672 536 2641
f 1113 2641 1110
f 1113 1838 2672
f 1016 1351 1045
f 9349 570 9346
f 226 104 101
f 9008 9279 1818
f 1036 1884 1883
f 2674 1304 2673
f 2673 1844 2675
f 1334 2675 1039
f 1333 2673 1334
f 2676 1039 2675
f 1843 2675 1844
f 942 2676 1843
f 1074 702 2676
f 811 859 858
f 752 1055 753
f 1200 656 1026
f 1120 874 2677
f 2677 877 1052
f 1241 1052 1005
f 1119 2677 1241
f 1560 151 1515
f 1208 611 523
f 215 736 214
f 1460 1462 1461
f 3717 3719 3718
f 1208 1839 873
f 854 1282 1297
f 3682 3696 3681
f 72 182 179
f 544 1565 512
f 217 456 457
f 3673 3781 3780
f 2047 930 945
f 1204 1937 2633
f 913 686 685
f 3705 3707 3706
f 840 1113 1112
f 1531 730 561
f 2678 1283 801
f 601 1914 602
f 1537 459 460
f 1819 8953 8971
f 991 862 538
f 2679 1073 1830
f 3776 3581 3582
f 2680 983 2256
f 779 2256 1263
f 778 2680 779
f 2678 1830 2680
f 180 245 40
f 1886 1131 1134
f 3766 3767 3749
f 1138 1274 1255
f 3777 3585 3586
f 1841 1140 1139
f 75 314 74
f 193 420 192
f 2681 1099 1098
f 3658 3587 3659
f 170 1565 169
f 349 417 432
f 1121 2684 2683
f 547 409 302
f 123 121 120
f 2643 1142 1141
f 1542 513 1543
f 899 907 919
f 1210 676 867
f 791 982 892
f 24 837 836
f 893 932 931
f 1860 863 862
f 535 862 861
f 3640 3683 3638
f 832 813 812
f 2650 813 832
f 1569 1547 1568
f 181 542 180
f 660 937 688
f 2013 568 2012
f 3781 3644 3782
f 887 2631 2630
f 1524 361 78
f 520 162 1529
f 2653 854 2685
f 1238 2655 2686
f 718 527 530
f 1492 518 1491
f 792 615 793
f 599 1835 596
f 290 456 175
f 312 1552 425
f 1248 1179 1249
f 153 177 178
f 1240 1222 1221
f 1257 1235 1071
f 1291 1083 1222
f 1052 1277 1053
f 743 2618 1204
f 444 430 443
f 23 1172 1187
f 2687 1180 1179
f 102 409 134
f 1283 610 801
f 373 650 651
f 1180 1084 1291
f 855 2655 1237
f 1173 1917 1174
f 2689 853 2688
f 2688 1108 1279
f 2686 1279 1238
f 2687 2688 2686
f 2691 1252 2690
f 2690 850 2689
f 1248 2689 2687
f 1248 2691 2690
f 2692 24 2666
f 2691 2666 1302
f 1247 2692 2691
f 1258 617 2692
f 394 1555 393
f 2693 1259 1223
f 1072 1262 1261
f 1257 1168 1258
f 398 1555 1554
f 871 1314 872
f 1178 1249 1179
f 1224 1173 1172
f 1010 2618 742
f 1175 1292 1269
f 2654 2686 2655
f 2694 1216 1264
f 71 1487 70
f 701 1111 1038
f 1072 2649 2650
f 1085 22 21
f 895 1264 896
f 1601 1605 1604
f 1259 1271 1289
f 21 1220 1083
f 988 538 537
f 3533 3535 3532
f 598 1336 1140
f 820 1762 821
f 1050 818 821
f 1298 1761 2652
f 1168 618 617
f 3629 3670 3628
f 858 1256 833
f 39 516 1536
f 2652 819 814
f 313 315 314
f 2026 1971 2027
f 2656 596 1835
f 814 818 811
f 2696 813 2649
f 1260 2649 1261
f 2693 2696 1260
f 2697 2651 2696
f 381 390 380
f 9270 1611 1609
f 1475 1428 1227
f 1292 1917 1235
f 1551 354 1518
f 1526 1523 1511
f 1593 1595 1573
f 1232 1246 1249
f 2695 1223 22
f 2698 1296 2697
f 2698 2693 2695
f 2685 2695 1085
f 2685 1297 2698
f 562 271 272
f 2652 1296 1298
f 1365 1364 1363
f 1958 1953 1957
f 585 2210 997
f 1561 1515 435
f 975 1146 976
f 347 68 346
f 1038 636 1068
f 2700 780 2699
f 2699 1036 1883
f 2701 1883 1829
f 851 2699 2701
f 2674 2251 2702
f 2702 781 2700
f 1253 2700 851
f 1301 2702 1253
f 1519 388 1550
f 1273 1280 2703
f 2703 1107 852
f 2701 852 851
f 1829 2703 2701
f 91 326 90
f 1784 2656 1785
f 2683 2705 2704
f 604 8943 8977
f 1669 8992 1662
f 2062 2060 2059
f 621 861 622
f 2023 732 2024
f 686 1263 687
f 857 2668 1328
f 883 882 879
f 3648 3650 3649
f 637 1111 1110
f 2668 893 1328
f 3692 3711 3691
f 2667 894 2668
f 1039 1068 1334
f 313 1504 1505
f 1911 305 453
f 1936 1964 2212
f 2707 2401 2183
f 2708 2183 2182
f 738 2116 554
f 3785 3709 3786
f 2349 2432 2436
f 2711 2020 2019
f 2400 2019 2186
f 2714 2716 2713
f 2717 2719 2720
f 2721 2723 2724
f 2726 2728 2725
f 2725 2730 2729
f 2731 2729 2709
f 2732 2725 2731
f 2734 2736 2733
f 2738 2740 2737
f 2737 2741 2742
f 2744 2746 2743
f 2745 2748 2747
f 2749 2747 2751
f 2753 2751 2752
f 2250 2246 2248
f 3417 3419 3418
f 2754 1614 2755
f 9050 2755 9061
f 9060 2747 9061
f 1617 2755 1614
f 2242 1620 2757
f 3429 3431 3430
f 2191 2760 2759
f 2761 2760 2762
f 9100 2761 9101
f 9075 2759 9100
f 3209 3354 3355
f 1395 2236 2235
f 1395 1636 1615
f 3741 3790 3740
f 1616 2229 2233
f 3410 3412 3411
f 1617 2763 2756
f 2756 9080 9060
f 2765 2234 1630
f 2766 9080 9074
f 3202 3458 3459
f 1516 435 1515
f 2768 8996 8997
f 1495 578 1424
f 2135 28 17
f 8970 2773 2774
f 1690 9378 9377
f 2778 2780 2777
f 2777 2781 2782
f 2784 2777 2783
f 8999 575 576
f 1494 9 540
f 8973 2015 9010
f 451 505 450
f 2786 2788 2785
f 2779 2785 2780
f 2789 2741 2740
f 2790 2752 2789
f 2792 2794 2791
f 2793 2796 2794
f 2796 2750 2749
f 2794 2749 2753
f 2798 1396 2754
f 9043 2754 9050
f 2798 2800 1393
f 9043 2799 2798
f 2797 2795 2801
f 2791 2753 2790
f 216 232 54
f 9256 2807 9255
f 9257 2804 9255
f 2769 9001 8996
f 183 184 97
f 2811 2775 2776
f 2804 2776 2805
f 2809 2811 2804
f 2812 2813 2814
f 9257 2816 9247
f 9248 2815 9247
f 9250 2820 2821
f 9245 2819 9250
f 2824 2735 2819
f 2823 2824 2819
f 2825 2826 2724
f 9245 2827 9244
f 9248 2826 9244
f 2713 2829 2828
f 2828 2831 2830
f 2822 2828 2830
f 2821 2713 2828
f 2832 2822 2830
f 2833 2830 2831
f 2834 2832 2833
f 2835 2827 2832
f 2837 2839 2836
f 2836 2841 2840
f 2842 2840 2727
f 2843 2836 2842
f 2840 2845 2844
f 2718 2845 2719
f 2730 2844 2718
f 2727 2844 2728
f 2846 2719 2845
f 2846 2841 2847
f 2829 2847 2831
f 2829 2716 2846
f 2847 2839 2848
f 2848 2838 2849
f 2833 2849 2834
f 2831 2848 2833
f 2850 2851 2852
f 2853 2852 2854
f 2783 2782 2855
f 2785 2853 2856
f 2780 2856 2781
f 2857 2855 2782
f 2859 2782 2781
f 2861 2842 2860
f 2860 2727 2726
f 2862 2726 2732
f 2863 2860 2862
f 2861 2858 2857
f 2843 2857 2859
f 2856 2854 2864
f 2781 2864 2859
f 2837 2859 2864
f 2838 2864 2854
f 2852 2834 2849
f 2854 2849 2838
f 2865 2818 2835
f 2851 2835 2834
f 2813 2815 2865
f 2814 2865 2851
f 2866 2814 2850
f 2788 2850 2853
f 2866 2787 2867
f 2812 2867 2775
f 1892 1890 1891
f 2720 2846 2870
f 298 256 257
f 2872 2713 2820
f 9246 2735 2734
f 2729 2874 2873
f 2846 2715 2870
f 2876 2878 2875
f 2733 2878 2734
f 9258 2879 2880
f 9258 2872 9246
f 2882 2884 2881
f 2881 2715 2714
f 2880 2714 2872
f 2879 2881 2880
f 2885 2887 2888
f 2888 2890 2885
f 2885 2892 2891
f 2893 2885 2891
f 1942 2532 2894
f 2895 2720 2870
f 2884 2870 2715
f 2883 2895 2884
f 2896 2892 2895
f 2889 2717 2890
f 2890 2720 2892
f 2897 2891 2896
f 2898 2896 2883
f 2899 2883 2882
f 2900 2882 2879
f 9249 2879 9259
f 2876 2901 2877
f 2901 2904 2903
f 1785 1835 1834
f 2905 2899 2900
f 2907 2897 2898
f 9249 2903 9251
f 632 577 633
f 8976 2867 2787
f 434 550 350
f 2768 9092 9095
f 2910 1623 2249
f 2241 2758 2242
f 9092 2913 9104
f 1623 2757 1620
f 9039 2757 9104
f 2229 1380 2250
f 2765 1629 2914
f 2915 1629 2912
f 9094 2914 2915
f 9093 2765 2914
f 2919 9094 9065
f 2918 2912 2241
f 9066 2241 9038
f 9070 9065 9122
f 8985 2180 8940
f 8965 2188 8950
f 3694 3627 3693
f 9157 714 9303
f 2925 2917 2924
f 2924 2916 2919
f 9062 2919 9070
f 9063 2924 9062
f 2926 2766 2925
f 9110 2925 9063
f 1715 1705 1710
f 785 498 796
f 1387 565 1791
f 374 1899 560
f 9017 2206 9000
f 2929 2886 2893
f 2932 2934 2931
f 1905 1908 1907
f 2930 2936 2937
f 2938 2930 2929
f 1493 517 518
f 1603 1586 1602
f 2939 2929 2908
f 2940 2908 2907
f 9117 1600 9113
f 2886 2937 2887
f 2906 2898 2899
f 2908 2893 2897
f 2942 2933 2941
f 2941 2937 2936
f 8945 2936 8957
f 8942 2941 8945
f 2943 2710 2873
f 2943 2874 2889
f 2945 2889 2888
f 2946 2943 2945
f 2932 2888 2887
f 2931 2945 2932
f 727 1929 728
f 2903 2947 2948
f 545 42 262
f 1480 533 251
f 2907 2949 2940
f 2906 2950 2949
f 1558 215 202
f 9251 2948 9253
f 2054 1644 2118
f 9157 2203 9017
f 1828 1849 1827
f 2953 2955 2952
f 2952 2957 2956
f 2956 2258 2952
f 2953 2258 2257
f 2454 2474 2496
f 9199 2959 9218
f 9199 2131 9189
f 2961 2963 2958
f 2958 2964 2959
f 222 2485 2965
f 2477 2966 2608
f 2631 2006 1859
f 2384 2496 2497
f 2967 2959 2964
f 2968 2970 2969
f 9211 2971 9236
f 9236 2960 9218
f 2972 2033 2032
f 2007 2973 2008
f 9004 2134 2133
f 1836 1832 1831
f 8950 2090 8995
f 955 959 956
f 672 674 673
f 633 713 632
f 2024 733 803
f 2025 803 798
f 425 1550 388
f 2975 888 887
f 1319 1157 2694
f 1212 2977 1213
f 889 2228 2227
f 1978 1975 1979
f 1138 1329 915
f 751 2979 2978
f 1619 1625 1624
f 2252 1728 1727
f 1157 845 1216
f 2706 1938 2617
f 2980 2254 2981
f 2982 887 2630
f 802 711 2679
f 678 2029 2028
f 527 690 528
f 1839 2629 1840
f 2983 602 1914
f 2983 1913 1331
f 2985 1331 1054
f 2986 2983 2985
f 2987 2635 2634
f 2985 2639 2986
f 2990 1318 2989
f 2991 2993 2994
f 2995 2994 2996
f 1106 2991 2995
f 1058 2992 2991
f 1415 1365 1367
f 1317 2217 2997
f 1932 2255 2980
f 926 2999 664
f 3001 2992 3000
f 3000 1057 2978
f 2999 2978 2979
f 2998 3000 2999
f 3002 2209 3003
f 3002 2996 2994
f 2993 3002 2994
f 3001 2998 3002
f 1103 2995 3004
f 3004 2996 3003
f 2209 3004 3003
f 588 3004 2210
f 295 433 381
f 2638 2988 3005
f 3005 1056 1930
f 1305 1930 1306
f 1276 3005 1305
f 1987 1993 1989
f 2633 1761 2645
f 1423 1417 1419
f 9005 739 703
f 2671 2704 2705
f 1473 2035 1472
f 922 2694 895
f 1401 1378 1384
f 556 1884 1037
f 842 9277 9288
f 1854 2617 1010
f 933 1081 1075
f 1440 1436 1437
f 529 719 530
f 1031 1027 1028
f 777 912 1871
f 2645 1204 2633
f 441 1538 1537
f 3771 3773 3772
f 790 587 586
f 2065 1610 1607
f 1860 990 902
f 60 87 59
f 1424 1948 1947
f 332 1507 331
f 261 138 135
f 187 449 507
f 1719 1726 1725
f 1931 1059 3006
f 3006 1105 1104
f 1287 1104 587
f 1286 3006 1287
f 3007 3009 3010
f 3009 653 795
f 618 26 25
f 2029 1210 1209
f 957 600 2228
f 1049 2228 600
f 2631 3011 2561
f 890 2227 3011
f 3011 2145 3012
f 2561 3012 2375
f 1026 609 608
f 2706 1961 1964
f 3013 2485 3014
f 2148 1267 3015
f 3015 1266 1311
f 2997 1101 1317
f 642 1773 1193
f 186 461 511
f 1041 1320 901
f 1121 3017 1122
f 2984 2987 3018
f 3018 2634 2619
f 1048 3018 2619
f 603 2984 3018
f 2679 801 802
f 2062 2074 2061
f 2061 2076 2064
f 414 1545 1965
f 3016 2683 3019
f 3019 2704 2670
f 3020 2670 720
f 3007 3019 3020
f 1871 1091 777
f 3021 1122 3017
f 3022 3017 3010
f 1314 3022 1315
f 1784 3021 1314
f 1316 1763 611
f 3023 3010 3009
f 3023 795 1092
f 1763 1092 1125
f 1315 3023 1763
f 3016 3010 3017
f 752 2978 1057
f 2986 2637 2987
f 3024 653 3008
f 3020 3008 3007
f 720 3024 3020
f 723 654 3024
f 2681 1268 3025
f 2671 1268 721
f 2705 3025 2671
f 1313 3027 1311
f 3026 3029 3027
f 3027 3030 3031
f 1311 3031 3015
f 2012 731 2023
f 917 974 977
f 3742 3744 3743
f 743 856 744
f 1888 2030 1425
f 2682 2684 3032
f 3032 1124 2989
f 1100 2989 1318
f 1099 3032 1100
f 1123 2989 1124
f 3033 1159 1158
f 2990 1158 1319
f 1123 3033 2990
f 1786 1834 3033
f 1054 2988 2985
f 2979 664 2999
f 2623 2663 2643
f 1095 688 687
f 3034 2261 2956
f 3036 2956 2957
f 3037 3034 3036
f 3038 3035 3034
f 3040 3026 1313
f 2263 3041 3040
f 3042 3043 3041
f 3041 3028 3026
f 3044 3043 3039
f 3046 3045 3044
f 3047 3049 3045
f 3043 3049 3028
f 3038 3051 3050
f 3050 3053 3052
f 3052 3044 3050
f 3039 3050 3044
f 3054 3039 3042
f 3042 2262 3054
f 2261 3054 2262
f 2216 2997 2217
f 2212 2667 1936
f 3056 2209 3055
f 934 1961 1854
f 2013 9209 567
f 3058 3060 3061
f 3059 3063 3060
f 3060 2213 1963
f 3061 1963 1962
f 3063 2214 2213
f 3062 3064 3063
f 3065 2260 3064
f 3064 2215 2214
f 3066 3031 3030
f 2608 3067 3066
f 2966 3068 3067
f 3031 3068 3015
f 2455 2461 2474
f 2476 2226 2477
f 8995 2089 8969
f 8970 9221 9238
f 433 355 381
f 2115 1419 2123
f 8953 2922 8971
f 9221 2131 2134
f 3069 2167 2166
f 2971 2928 2960
f 2961 2773 2962
f 3070 2478 2483
f 2610 3071 2954
f 2502 2374 2386
f 3072 2595 3073
f 2964 3052 2967
f 3048 3074 3049
f 2593 3075 3074
f 3075 3029 3074
f 3074 3028 3049
f 3072 3075 2592
f 3076 2482 2481
f 2481 3066 3076
f 3076 3030 3075
f 2967 3053 2970
f 2482 3073 2483
f 479 493 494
f 706 9325 709
f 9005 2221 8961
f 2013 9206 9207
f 8977 2016 8973
f 9006 2222 2974
f 1171 1155 1176
f 3782 3689 3783
f 2586 2565 2587
f 2982 113 2484
f 2562 3077 3068
f 2376 3012 3077
f 3012 2148 3077
f 3077 3015 3068
f 2963 3046 2964
f 3051 2970 3053
f 1683 491 775
f 9302 1447 9312
f 1986 9186 9220
f 3079 2546 2575
f 3081 2575 2576
f 1983 9220 9217
f 3082 2319 2545
f 3080 2545 2546
f 9186 3082 3080
f 9184 2323 3082
f 1309 1888 748
f 3073 2772 2771
f 2760 3084 2762
f 2760 2088 3083
f 3085 3086 3087
f 3089 3090 3088
f 3089 3084 3085
f 3092 3090 3091
f 3093 2744 2743
f 2751 2748 3093
f 3093 2752 2751
f 2742 3093 3094
f 3094 2743 3095
f 3096 3098 3087
f 3099 3087 3086
f 3097 3095 3098
f 3100 2746 3101
f 3101 3102 3100
f 2764 2927 3101
f 2745 3101 2746
f 3102 3091 3100
f 3100 3095 2743
f 2869 9044 9086
f 3102 3104 3092
f 9110 2869 9086
f 2927 3103 3102
f 3098 3091 3090
f 3087 3090 3085
f 2088 3105 3083
f 3083 3086 3084
f 2483 2771 3070
f 2401 2185 2321
f 3099 3105 3106
f 2125 3106 3105
f 3108 2742 3107
f 3107 3094 3097
f 3110 3107 3109
f 3109 3097 3096
f 3111 3096 3099
f 3112 3109 3111
f 3113 2737 3108
f 3115 2722 3114
f 3117 3114 3116
f 3119 3116 3118
f 3118 3120 3121
f 3116 3113 3120
f 3122 3111 3123
f 3122 1755 1754
f 3124 3126 3127
f 3125 3121 3126
f 3128 3118 3125
f 3129 3125 3124
f 2020 3128 3129
f 9305 1346 1352
f 1065 1047 1066
f 1814 9282 1649
f 2021 3129 3130
f 3111 3106 3123
f 3123 2207 1755
f 2377 2224 2973
f 3014 113 112
f 1756 9234 9219
f 3131 2530 2528
f 3133 2528 2529
f 1753 9219 9227
f 3134 3127 3135
f 2327 2314 2313
f 2436 2317 2349
f 2018 9163 9164
f 2534 3137 2535
f 2320 3136 2534
f 2185 9164 9223
f 3138 2542 2539
f 3134 9196 9197
f 9237 3134 9197
f 3140 2539 2538
f 2535 3140 2538
f 9163 3130 9237
f 2558 3132 3141
f 9234 3141 3132
f 2560 3141 3142
f 9212 3142 3141
f 958 2976 2981
f 1933 2980 3143
f 3714 3729 3713
f 2399 2418 2416
f 2348 2343 2432
f 2322 2319 2323
f 2718 2874 2730
f 2709 2873 2710
f 2894 1361 1942
f 3788 3720 3717
f 346 176 347
f 1876 1882 1881
f 2802 9059 9044
f 3104 3088 3092
f 2974 9101 9055
f 3089 2761 2762
f 3088 3145 3089
f 2803 9055 9059
f 9322 692 628
f 2123 1418 2126
f 1365 1368 1367
f 3346 3344 3343
f 1581 1782 1783
f 9013 2129 8964
f 8999 2002 8965
f 3146 2551 3147
f 9203 3147 9202
f 9194 3146 9203
f 3149 2585 3146
f 3196 3197 3195
f 9056 2191 9075
f 3142 2556 2560
f 9229 3150 3142
f 9098 2550 9045
f 3150 2555 2556
f 9230 3151 3150
f 9240 3152 9098
f 3153 2551 2549
f 3152 2549 2550
f 9233 3153 3152
f 9228 3147 3153
f 3148 2206 2205
f 2183 2321 2184
f 2132 2928 2133
f 3299 3321 3319
f 9136 2204 2203
f 9171 2197 9173
f 2594 2773 2951
f 2595 2951 2772
f 1870 799 1869
f 3257 3259 3258
f 9165 2178 9158
f 9158 9188 9242
f 336 9226 9174
f 339 3154 336
f 9241 3149 9194
f 9135 2584 3149
f 2963 3048 3047
f 9174 337 336
f 339 2566 2586
f 3156 2168 2167
f 2610 2167 2611
f 2954 3156 2610
f 3157 2953 2257
f 9159 2169 9161
f 2567 3159 2568
f 337 2567 338
f 9182 2166 9159
f 9216 1983 9217
f 2579 3081 2576
f 2568 3160 2579
f 9161 2190 9216
f 3065 3162 3161
f 3161 1984 2189
f 3157 2189 2168
f 2257 3161 3157
f 734 1922 806
f 3059 2708 3163
f 3163 2182 1985
f 3162 1985 1984
f 3062 3163 3162
f 3203 3205 3204
f 3806 3808 3807
f 2122 1448 1447
f 9269 1685 9264
f 139 444 69
f 1570 566 533
f 2957 3165 3036
f 2955 3164 2957
f 1912 341 1973
f 3130 3124 3134
f 1548 319 1547
f 1949 1327 1887
f 2969 3078 3167
f 3167 3169 3168
f 9176 2017 9172
f 9172 2033 9211
f 3168 3165 3170
f 3170 3164 3171
f 9231 3171 9208
f 9176 3170 9231
f 3171 3166 3172
f 3172 3071 3173
f 9204 3173 9201
f 9208 3172 9204
f 3169 3036 3165
f 2593 2962 2594
f 3173 2609 3174
f 3174 2199 2198
f 9235 2198 9171
f 9201 3174 9235
f 2190 1984 1983
f 2196 2767 3148
f 3326 3328 3327
f 2119 1414 1448
f 1464 1466 1465
f 2199 3069 2200
f 2457 2587 2565
f 2226 2562 2966
f 481 1627 1639
f 333 235 236
f 3078 3037 3169
f 3040 2997 2263
f 3351 3262 3263
f 2219 1933 2220
f 2385 2497 2503
f 221 3175 2484
f 2220 3143 3175
f 3175 2976 2975
f 2484 2975 2982
f 2954 3166 2955
f 2630 110 2982
f 1547 1952 1955
f 2091 2188 2187
f 9185 2178 2177
f 1918 1927 1926
f 9007 111 8955
f 3398 3400 3399
f 955 960 954
f 2037 112 9007
f 3143 2981 2976
f 2218 2214 2215
f 672 9239 8985
f 2152 3014 2037
f 1147 1143 1145
f 2248 1409 2245
f 1615 1635 1616
f 1410 2246 2247
f 3486 3487 3310
f 3468 3502 3501
f 3451 3452 3450
f 3177 1383 1382
f 2238 3176 1382
f 3176 2230 3178
f 1410 3179 1407
f 3179 2243 1407
f 1633 2800 2249
f 3816 3817 3814
f 1621 2758 2912
f 3642 3662 3675
f 3422 3260 3257
f 1622 2245 1634
f 2236 3181 3182
f 3793 3795 3794
f 3493 3495 3494
f 2237 3182 3183
f 3513 3515 3514
f 2250 2233 2229
f 3654 3667 3802
f 2912 1628 1621
f 3819 3821 3820
f 3432 3823 3431
f 135 1564 1563
f 1567 512 1565
f 1085 2653 2685
f 3184 868 3056
f 869 3057 934
f 3389 3387 3386
f 1266 1098 1312
f 1267 722 721
f 937 2646 936
f 2146 722 2147
f 2211 921 2667
f 1957 507 449
f 1313 2264 3040
f 1496 1493 1492
f 2681 2705 2682
f 2887 2933 2932
f 1687 1659 1694
f 145 1498 81
f 1317 1319 2694
f 3831 3830 3834
f 37 418 71
f 1935 3185 2977
f 104 301 103
f 2101 2083 2084
f 543 360 207
f 1934 3186 3185
f 234 212 237
f 9297 1822 1824
f 3825 3827 3826
f 1976 1874 1974
f 223 2219 220
f 9107 9057 9064
f 468 773 2165
f 3673 3659 3672
f 1935 1728 1932
f 3490 3840 3549
f 3362 3848 3847
f 3862 3864 3863
f 3465 3484 3868
f 3893 3525 3874
f 3352 3430 3431
f 3869 3871 3870
f 3529 3567 3564
f 3420 3922 3921
f 3304 3236 3303
f 3929 3931 3930
f 3324 3327 3561
f 3219 3939 3331
f 3220 3937 3219
f 3450 3376 3439
f 3942 3833 3941
f 3215 3454 3945
f 3946 3215 3945
f 3422 3948 3421
f 3950 3198 3196
f 3205 3957 3920
f 3261 3961 3288
f 3852 3964 3963
f 3214 3946 3958
f 3965 3214 3192
f 3797 3799 3798
f 3988 3990 3989
f 3777 3806 3822
f 3855 3447 3444
f 3737 3800 3736
f 3949 3952 3948
f 3651 3783 4000
f 4001 3787 3812
f 4019 4021 4020
f 4027 4029 4028
f 3258 4030 4027
f 4033 4035 4034
f 3424 4047 4046
f 3242 4058 4057
f 3970 3547 3971
f 3829 4057 3825
f 3333 3947 4060
f 4063 4065 4064
f 4073 4075 4074
f 3568 3443 3448
f 3981 3335 4050
f 3540 3862 3539
f 4078 4031 4032
f 3565 4088 3993
f 3442 4089 4082
f 4092 4094 4093
f 4093 4097 4096
f 3619 3623 3624
f 3660 3821 3807
f 3809 3649 3808
f 3610 3655 3613
f 3656 3623 3657
f 3621 3804 3620
f 3503 3481 3504
f 3436 3438 3437
f 3356 3427 3353
f 3628 3669 3633
f 3734 4002 3733
f 3276 3370 3369
f 3763 4107 3762
f 4006 3754 3755
f 3747 3752 3746
f 3863 4110 3992
f 3994 4003 3501
f 3653 3664 3652
f 3296 4115 3295
f 4117 4119 4118
f 3249 3251 3250
f 4127 4129 4128
f 3478 3903 3867
f 3410 3921 3922
f 3977 4038 3976
f 3216 3453 3454
f 3967 3548 3966
f 4140 4032 4039
f 3509 4149 3916
f 4151 3659 3587
f 4153 3656 3671
f 4153 3646 3672
f 4156 3645 4155
f 4139 4078 4140
f 3743 4163 4162
f 3861 3987 4166
f 3468 4067 3467
f 3306 3980 3835
f 4172 4010 4024
f 4169 3836 3835
f 4187 4189 4188
f 4213 4215 4214
f 4220 4222 4221
f 4225 4211 4204
f 4230 4232 4231
f 4240 4242 4241
f 3606 3608 3607
f 4250 4252 4251
f 4258 4260 4259
f 4077 4079 4078
f 4276 4278 4277
f 4308 4263 4309
f 4017 3872 3869
f 3196 3951 3950
f 4316 4270 4271
f 3870 4307 3869
f 4324 4326 4325
f 4333 4247 4244
f 4338 4340 4339
f 4348 4350 4349
f 4283 4289 4286
f 4356 4358 4357
f 4359 4020 4358
f 4362 4196 4197
f 4320 4279 4276
f 4370 4296 4371
f 4377 4303 4249
f 4231 4201 4178
f 4203 4331 4381
f 4037 4039 4038
f 4371 4386 4370
f 4387 4347 4314
f 3309 3294 3310
f 4099 3724 3818
f 4355 3257 4313
f 3630 3693 3627
f 4277 4302 4390
f 4350 4319 4349
f 4353 4351 4348
f 3637 3639 3638
f 4394 3827 3320
f 3311 4399 4398
f 3755 4005 4006
f 4363 4259 4260
f 3454 3919 3920
f 3446 3459 3458
f 4298 4404 4406
f 3749 3769 3766
f 3791 3756 3792
f 3643 3684 3640
f 3845 3399 3400
f 4313 3258 4312
f 4411 4408 4412
f 3843 4423 3842
f 4214 4329 4328
f 4431 4433 4432
f 3918 3798 3799
f 3927 3388 3389
f 4453 3874 3873
f 4138 4457 4456
f 3346 4459 3345
f 4100 4108 4107
f 3974 3976 3975
f 3665 3652 3664
f 3773 3993 3992
f 3945 3920 3957
f 4144 4462 4461
f 4464 4466 4465
f 3268 4479 3267
f 4484 4136 4485
f 3348 4487 3347
f 3313 3912 3913
f 3803 3617 3802
f 4086 3510 4087
f 4034 3305 4033
f 3403 4171 4489
f 4481 4492 4491
f 4177 4179 4178
f 4398 3923 3311
f 4451 4494 4450
f 4501 4076 4502
f 4509 4506 4503
f 3304 4462 4517
f 4485 3312 4484
f 3419 3349 4064
f 4356 4385 4305
f 4026 4358 4020
f 4354 4357 4358
f 3599 4091 4090
f 4341 4254 4274
f 4251 4524 4335
f 3482 3484 3483
f 3843 3544 4085
f 4295 4274 4294
f 4381 4206 4203
f 4204 4531 4225
f 4533 4535 4534
f 4542 4544 4543
f 4546 4548 4547
f 4573 4547 4548
f 4575 4577 4576
f 4221 4580 4220
f 4587 4589 4588
f 4328 4589 4214
f 4187 4563 4332
f 4595 4593 4591
f 4597 4604 4596
f 4609 4611 4610
f 4620 4622 4621
f 4612 4614 4613
f 4636 4600 4637
f 4649 4650 4648
f 4652 4654 4653
f 4662 4664 4663
f 4666 4668 4667
f 4637 4685 4684
f 4627 4700 4626
f 4684 4636 4637
f 4663 4661 4662
f 4699 4697 4696
f 4647 4703 4702
f 4709 4603 4710
f 4724 4726 4725
f 4742 4744 4743
f 3311 3924 3314
f 4698 4758 4679
f 4749 4609 4610
f 4342 4344 4343
f 4797 4799 4798
f 4490 3974 4143
f 4019 4306 3870
f 4512 4514 4513
f 3991 4508 4507
f 4692 4694 4693
f 4680 4818 4810
f 4821 4824 4823
f 4367 4243 4240
f 4833 4831 4830
f 4837 4757 4754
f 4332 4562 4561
f 4683 4819 4682
f 4845 4850 4849
f 4751 4752 4669
f 4854 4695 4692
f 4858 4718 4857
f 4822 4859 4824
f 4674 4647 4675
f 4771 4773 4772
f 4726 4537 4540
f 4714 4719 4715
f 4633 4688 4687
f 4616 4618 4617
f 4686 4842 4841
f 4869 4708 4629
f 3502 3528 3529
f 4777 4737 4745
f 4734 4779 4873
f 4883 4663 4664
f 4375 4274 4275
f 4290 4335 4524
f 4799 4826 4825
f 4816 4812 4810
f 4778 4732 4659
f 4158 4160 4159
f 4195 4197 4196
f 3860 4166 4167
f 3758 3763 3764
f 3694 4157 4156
f 4249 4391 4377
f 3467 3469 3468
f 4209 4211 4210
f 4142 4144 4143
f 3615 3617 3616
f 3479 3536 3535
f 4883 4672 4886
f 4802 4642 4643
f 3698 3638 3683
f 4105 3726 3730
f 4848 4896 4895
f 4878 4744 4837
f 4610 4748 4749
f 4036 4489 4035
f 4355 4314 4347
f 4171 4049 4048
f 3875 3216 3217
f 4868 4863 4864
f 4623 4691 4622
f 3629 4155 4154
f 4654 4898 4683
f 4012 4014 4013
f 4902 4866 4867
f 4768 4908 4906
f 4370 4385 4384
f 4888 4914 4913
f 3546 3917 3916
f 4932 4931 4919
f 3625 4151 4150
f 3804 3670 3657
f 3816 4103 4101
f 4911 4887 4912
f 4928 4927 4929
f 4925 4927 4921
f 3655 3666 3654
f 4932 4910 4911
f 4937 4912 4913
f 4939 4942 4941
f 4228 4530 4381
f 4946 4942 4947
f 4938 4923 4937
f 4942 4937 4947
f 4951 4930 4928
f 4955 4928 4954
f 4748 4615 4749
f 4914 4847 4956
f 4824 4584 4856
f 4940 4941 4943
f 4916 4960 4917
f 4909 4891 4862
f 4971 4968 4949
f 4966 4948 4944
f 4962 4953 4965
f 4940 4924 4939
f 4831 4917 4895
f 4935 4925 4924
f 4275 4261 4258
f 4679 4791 4678
f 4016 4373 4376
f 4668 4766 4795
f 4539 4727 4845
f 4929 4936 4933
f 4607 4882 4881
f 4775 4801 4802
f 4801 4742 4774
f 4732 4611 4733
f 4985 4983 4982
f 4534 4562 4533
f 4847 4645 4848
f 4788 4619 4616
f 4787 4678 4791
f 4657 4605 4597
f 4994 4878 4837
f 5006 5008 5007
f 5001 4973 4988
f 4814 4619 4785
f 5014 4974 5012
f 5003 4972 4973
f 5019 5007 5018
f 5024 5017 5025
f 5036 5035 5032
f 4990 4975 4972
f 5045 5034 5044
f 5048 5034 5035
f 5025 5014 5026
f 5046 5043 5031
f 5051 5055 5054
f 5044 5060 5059
f 5011 5021 5020
f 5013 5068 5012
f 5028 5072 5029
f 5077 5064 5065
f 5065 5079 5077
f 5083 5080 5060
f 5063 5080 5065
f 5054 5071 5078
f 4602 4711 4851
f 5058 5083 5053
f 4982 4792 4793
f 5041 5045 5061
f 3909 3278 3250
f 3471 3473 3472
f 5002 4994 4995
f 5060 5067 5059
f 4892 4862 4891
f 4891 4884 4892
f 4996 5003 5001
f 4997 5005 5000
f 4813 4614 4829
f 4618 4827 4613
f 5089 5093 5092
f 3303 3305 3304
f 5100 5102 5101
f 5107 5109 5108
f 5110 5092 5114
f 4610 4734 4874
f 5112 5100 5084
f 5088 5090 5089
f 5119 5117 5116
f 5092 5096 5089
f 3826 3829 3825
f 5108 5102 5126
f 5100 5087 5084
f 5118 5133 5138
f 3783 3690 3784
f 4444 4446 4445
f 5151 5150 5152
f 4790 4617 4813
f 4332 4190 4187
f 3266 4451 4448
f 3211 3332 3946
f 4741 4760 4652
f 4775 4777 4776
f 4764 4691 4766
f 4489 4048 4490
f 4466 4511 4497
f 4518 3930 4514
f 4786 4791 4807
f 4980 4984 4977
f 5144 5150 5143
f 5159 5148 5158
f 5121 5120 5114
f 5169 5162 5165
f 5016 4979 5017
f 5123 5179 5122
f 5181 5140 5183
f 5175 5184 5141
f 4575 4586 4534
f 4984 4976 4977
f 4596 4598 4597
f 5182 5183 5186
f 4785 4787 4786
f 5137 5122 5179
f 5167 5180 5181
f 4835 4898 4897
f 4687 4726 4633
f 4176 4170 4398
f 4760 4655 4652
f 4681 4649 4646
f 5121 5132 5131
f 5171 5178 5170
f 5174 5191 5176
f 5169 5194 5164
f 4909 5095 4907
f 5105 5112 5113
f 4767 5126 4803
f 5201 5205 5204
f 5219 5217 5216
f 5229 5200 5209
f 5234 5236 5235
f 4069 4071 4070
f 4724 4717 4713
f 5108 4768 5107
f 5103 5126 5102
f 5227 5211 5226
f 5015 4884 4885
f 4997 4892 4884
f 5197 5215 5214
f 5241 5247 5246
f 5013 5019 5018
f 5205 5232 5204
f 4969 4971 4970
f 5239 5249 5248
f 4808 5225 4809
f 5216 5199 5196
f 5253 5242 5254
f 5235 5255 5256
f 5135 5157 5134
f 5264 5267 5266
f 5245 5215 5242
f 5260 5269 5267
f 5264 5274 5265
f 5154 5173 5142
f 5287 5278 5288
f 5256 5300 5257
f 5173 5176 5175
f 4631 4629 4628
f 4781 4783 4782
f 5309 5311 5310
f 5155 5144 5145
f 4826 4827 4825
f 5291 5308 5293
f 5310 5281 5286
f 5311 5308 5288
f 4036 4176 4175
f 4641 4704 4702
f 5220 4804 5223
f 4770 5207 4905
f 5188 5175 5176
f 5180 5129 5140
f 4626 5314 5313
f 4731 5315 5317
f 5222 5210 5221
f 4728 5316 5315
f 5230 5216 5196
f 5297 5240 5241
f 5204 5208 5201
f 5318 4864 5319
f 5273 5287 5289
f 5221 5219 5230
f 4700 5321 5314
f 5313 5328 5329
f 5157 5154 5142
f 5275 5263 5265
f 5324 5318 5325
f 5323 5331 5328
f 5343 5345 5344
f 5306 5286 5282
f 5278 5311 5288
f 4882 5320 5316
f 5109 5114 5120
f 5123 5130 5129
f 5299 5284 5298
f 5240 5199 5241
f 5229 5197 5214
f 5305 5292 5293
f 5233 5225 5243
f 5192 5194 5193
f 5104 4670 4746
f 5146 5160 5145
f 5337 5347 5338
f 5347 5341 5332
f 5353 5335 5352
f 5349 5354 5352
f 5355 5357 5354
f 5358 5360 5359
f 5355 5348 5360
f 5342 5365 5364
f 5345 5362 5344
f 5332 5367 5331
f 5372 5315 5316
f 5370 5366 5369
f 5361 5354 5357
f 5364 5368 5367
f 5369 5362 5370
f 5316 5330 5372
f 5373 5371 5372
f 5341 5364 5332
f 5374 5359 5373
f 5329 5375 5330
f 5377 5379 5378
f 5377 5331 5367
f 5380 5367 5368
f 5363 5370 5362
f 5357 5374 5381
f 5381 5361 5357
f 4814 4825 4827
f 4825 4816 4799
f 4806 4747 4805
f 5119 5131 5118
f 4696 4893 5387
f 4696 5390 4699
f 5213 5388 5387
f 5393 5388 5394
f 5380 5384 5379
f 5213 4893 5212
f 4813 4908 4790
f 5390 4693 4694
f 5294 5287 5295
f 5184 5186 5183
f 5285 5253 5254
f 4769 4790 4908
f 5327 5359 5360
f 4598 4690 4656
f 4608 4733 4611
f 4627 4609 4839
f 4596 4851 4711
f 4900 4706 4707
f 4668 5395 4667
f 4863 4639 4601
f 5392 4666 4667
f 4872 4651 4807
f 4807 4758 4872
f 5348 5325 5326
f 5176 5190 5188
f 5046 5022 5023
f 4853 4869 4870
f 5346 5363 5362
f 4709 4620 4599
f 4672 4904 4886
f 4680 4651 4649
f 4841 4688 4686
f 4823 4818 4821
f 4729 4602 4851
f 4881 4851 4604
f 5360 5326 5327
f 4852 4707 4869
f 4890 4669 4666
f 5392 5389 5393
f 5189 5186 5187
f 4881 4605 4607
f 5343 5369 5366
f 4607 4625 4882
f 5056 5052 5057
f 4850 4798 4894
f 3260 5398 3259
f 4855 4899 4871
f 5339 5366 5342
f 4789 4808 4677
f 5400 3948 3952
f 3872 4046 3871
f 4018 3424 3872
f 4025 4172 4024
f 4011 4024 4010
f 4065 3900 3901
f 3413 4013 3412
f 5056 5069 5070
f 5055 5070 5071
f 4062 5399 4061
f 5269 5294 5268
f 4685 4903 4846
f 5254 5240 5296
f 4606 4658 4733
f 4729 4882 4728
f 4030 4043 4029
f 4664 4753 4883
f 3575 3904 3903
f 3413 3922 3426
f 4949 4955 4934
f 4947 4913 4914
f 4849 4894 4856
f 4143 3975 4142
f 4912 4932 4911
f 3774 3995 3994
f 3956 3342 4168
f 4871 4758 4759
f 4270 4272 4271
f 4039 5400 4140
f 3555 5402 3554
f 5403 3906 3907
f 3908 3823 3907
f 4124 5408 5407
f 3901 4046 4047
f 4120 5410 5409
f 4124 4125 4123
f 5420 5404 5421
f 5424 5425 3557
f 3400 5428 3845
f 5432 5435 3226
f 4941 4945 4944
f 4935 4949 4934
f 3895 3897 3896
f 5426 4121 5418
f 5430 3906 5420
f 4045 5398 4062
f 5395 5392 4667
f 4846 4701 4840
f 4880 4710 4879
f 4624 4608 4609
f 4656 4662 4661
f 5305 5309 5304
f 5220 5222 5221
f 4230 4327 4324
f 5030 5028 5027
f 5213 5211 5210
f 5440 3269 5441
f 4396 3980 5444
f 5447 3244 3241
f 3328 5451 5396
f 4208 4248 4207
f 4599 4621 4598
f 4528 4391 4208
f 4529 4199 4207
f 4526 4339 4528
f 4256 5452 4532
f 4532 4241 4242
f 3834 5446 3831
f 5443 5444 4050
f 4530 4334 4206
f 4754 4904 4837
f 4229 4381 4331
f 4205 4383 4531
f 4892 4987 4861
f 4039 3976 4038
f 4738 4796 4741
f 4833 4897 4832
f 4232 4200 4201
f 4194 4241 4193
f 4889 4750 4748
f 4194 4365 4368
f 4531 4195 4238
f 5043 5062 5031
f 4182 4561 4180
f 5446 3241 3831
f 5237 5248 5236
f 4206 4382 4205
f 5210 5218 5219
f 3426 3417 3425
f 4216 4192 4215
f 4219 4184 4185
f 4180 4380 4179
f 4327 4591 4326
f 4223 4231 4222
f 4215 4360 4329
f 4186 4218 4185
f 4190 4209 4189
f 4223 4595 4327
f 4326 4328 4329
f 4366 4568 4186
f 4570 4549 4569
f 4579 4548 4570
f 4563 4533 4562
f 4583 4220 4580
f 4586 4561 4562
f 4239 4363 4243
f 4572 4567 4564
f 4536 4585 4535
f 4538 4566 4541
f 4536 5453 4538
f 3573 3983 3316
f 5427 3552 3556
f 4553 4588 4552
f 4593 4555 4592
f 4368 4183 4227
f 4361 4235 4236
f 4233 4527 4232
f 4233 4324 4237
f 4212 4330 4331
f 4237 4325 4236
f 4193 5452 4361
f 4983 4885 4792
f 5002 4986 4993
f 5074 5076 5075
f 4698 5391 4759
f 5391 5390 4694
f 4871 4650 4872
f 4546 4543 4544
f 4553 4901 4574
f 4552 4555 4556
f 5223 4805 5394
f 5386 5383 5363
f 5317 5371 5327
f 3240 4429 3377
f 5384 5381 5379
f 3938 3218 3937
f 3942 5455 5454
f 5361 5386 5356
f 4542 4541 4545
f 3910 5420 3428
f 3939 4060 3940
f 3851 5351 5454
f 3838 3556 3837
f 4547 4857 4546
f 5442 4050 3335
f 3385 5428 5429
f 4257 4235 4256
f 5312 4893 4809
f 4212 4204 4211
f 3854 5461 4392
f 4226 4210 4211
f 4202 4178 4201
f 3316 3897 3315
f 5464 4432 4433
f 5465 3883 4432
f 4472 4449 4450
f 4501 4450 4494
f 4074 4080 4077
f 5473 5401 4173
f 4173 5475 5473
f 3432 3520 5413
f 3462 5504 3461
f 4075 4494 4080
f 5482 3387 3392
f 5468 5470 5469
f 3427 5422 3523
f 4498 4487 3386
f 5403 5414 4128
f 3382 5522 3873
f 3492 5511 3491
f 3429 3517 3520
f 3873 5524 4453
f 5480 3350 3347
f 3477 5505 3462
f 4507 5544 4475
f 4396 5551 4051
f 3374 5553 3373
f 3373 5554 3390
f 5479 4063 3350
f 3390 5555 3393
f 5531 5566 5565
f 3368 5567 3367
f 5556 5560 5559
f 3393 5557 5556
f 4433 5463 5464
f 5464 5458 5456
f 4435 4439 3380
f 4055 3277 3274
f 3273 3911 3370
f 3395 3358 3394
f 5486 4071 5484
f 5526 4453 5524
f 5525 5569 5566
f 5568 3527 5567
f 3527 3847 3366
f 3365 3849 5462
f 5462 3850 5459
f 4435 5571 4430
f 3378 3943 3944
f 5573 5577 5574
f 4438 3943 3379
f 5477 5579 5476
f 5582 5580 5579
f 5583 5581 5584
f 5586 5588 5587
f 4074 5586 4073
f 5583 5474 5473
f 4507 5590 3991
f 5573 4522 4520
f 3989 5596 3988
f 5594 3407 5593
f 4436 5572 5571
f 5591 3991 5590
f 4507 4476 5589
f 3990 5587 5588
f 5578 3406 5577
f 5595 5584 5581
f 5484 3358 5486
f 4441 5467 3882
f 5472 4077 4139
f 5522 5570 5524
f 5486 3353 3524
f 5481 3386 3387
f 3475 5492 3518
f 5476 3899 5477
f 5540 5606 5603
f 5542 5603 5607
f 5608 5542 5607
f 5608 5545 5544
f 5607 5609 5545
f 5599 5548 5612
f 5598 5543 5608
f 5595 5593 5596
f 5588 3989 3990
f 5626 3266 5627
f 5627 4448 5628
f 5469 4469 5468
f 4515 5625 4491
f 4503 4474 4509
f 4481 5627 4480
f 4500 5469 5470
f 3414 5466 5465
f 5594 5581 5582
f 3376 4430 5571
f 3444 3941 3855
f 5572 3444 3445
f 4273 4287 4272
f 4345 4357 4344
f 4386 4305 4385
f 4517 4463 5625
f 4352 4319 4379
f 4352 4251 4336
f 4268 4390 4388
f 4264 4320 4323
f 4346 4282 4283
f 4337 4343 4344
f 4289 4245 4288
f 4303 4287 4288
f 4343 4291 4342
f 4284 4244 4289
f 4375 4291 4294
f 4379 4271 4272
f 4337 4348 4336
f 4524 4295 4290
f 4364 4197 4279
f 4285 4390 4302
f 5206 5208 5207
f 4297 4371 4296
f 4346 4286 4273
f 4285 4333 4284
f 3571 4395 5460
f 5341 5339 5342
f 5346 5334 5335
f 5269 5273 5289
f 4510 5609 5610
f 4509 5545 5609
f 4445 5611 5546
f 5566 5568 3368
f 5349 5338 5348
f 5489 3401 3398
f 5565 3368 3338
f 5496 5417 5630
f 5523 3383 5634
f 5325 5347 5324
f 5523 5599 5522
f 5429 3401 5633
f 3887 5631 5630
f 5634 5600 5523
f 5276 5279 5277
f 5298 5257 5300
f 5087 5085 5084
f 3361 5612 5548
f 5041 5066 5040
f 5487 3383 3384
f 5101 5130 5100
f 5299 5300 5303
f 5333 5335 5334
f 5302 5304 5303
f 5234 5216 5217
f 5301 5255 5258
f 4868 5322 4867
f 5281 5277 5279
f 5323 5322 5324
f 5298 5296 5297
f 4885 4750 4792
f 5231 5196 5197
f 4625 5313 5320
f 5111 5085 5098
f 5600 5549 5548
f 5531 5563 5527
f 5165 5182 5189
f 5283 5285 5284
f 4269 4277 4268
f 5610 5603 5606
f 5127 5091 5128
f 4907 5125 4906
f 5277 5272 5262
f 5596 5592 5598
f 5212 5226 5211
f 5273 5262 5272
f 5302 5258 5292
f 5635 5645 5640
f 4250 4379 4378
f 4485 3405 3402
f 4354 4023 4351
f 4265 4304 4386
f 4388 4282 4387
f 4345 4384 4385
f 4362 4297 4259
f 4836 4612 4828
f 4360 4236 4325
f 4369 4237 4234
f 5647 3986 3573
f 5650 3192 3189
f 5337 5336 5333
f 4467 4477 4466
f 4253 4340 4252
f 4429 5457 4428
f 3997 3915 3540
f 5535 3839 3982
f 5538 4460 4456
f 3439 5571 3438
f 5570 5526 5524
f 3438 5572 3445
f 4440 3879 3876
f 3440 4407 3449
f 3886 5695 5694
f 5534 5396 5451
f 5685 3471 5684
f 4278 4301 4302
f 5628 4449 5469
f 3579 3538 3578
f 4480 5628 4500
f 4402 5517 5518
f 4279 4198 4278
f 3603 3532 3602
f 3580 4088 4090
f 4095 3531 4094
f 5248 5251 5250
f 3778 3999 3776
f 4617 4613 4614
f 4375 4372 4519
f 3411 4136 3410
f 5094 5111 5097
f 3602 3535 3605
f 4023 4350 4351
f 4349 4336 4348
f 3605 3536 3592
f 4469 4471 4470
f 4094 3593 4097
f 4248 4245 4246
f 3519 5518 5517
f 5254 5284 5285
f 4852 4795 4766
f 4265 5629 4264
f 5632 5503 5631
f 3604 3612 3601
f 5549 5502 3360
f 3653 3607 3661
f 4780 4873 4779
f 4988 4979 4976
f 4491 5626 4481
f 4837 4995 4994
f 4615 4765 4749
f 5468 4470 4504
f 3514 3467 3513
f 5491 4409 5679
f 4093 3619 4092
f 4364 5629 4297
f 3488 5509 3487
f 5606 5611 5610
f 4210 4189 4209
f 4600 4602 4601
f 5242 5198 5240
f 5073 5075 5072
f 5651 3940 4060
f 3996 3775 3998
f 5200 5202 5201
f 5525 5527 5526
f 3364 4434 3363
f 3775 3542 3581
f 3941 5485 3855
f 3731 4105 3730
f 4997 4999 4998
f 4508 5608 5544
f 4101 3818 3816
f 3728 4103 3727
f 4591 4592 4328
f 4539 4538 4537
f 4550 4552 4551
f 4541 4567 4545
f 4389 4570 4568
f 4582 4580 4576
f 4976 4978 4977
f 4705 4707 4706
f 4797 4843 4844
f 3713 3730 3726
f 4675 4702 4704
f 4977 4981 4980
f 4810 4817 4816
f 4786 4812 4785
f 4715 4628 4714
f 4978 5021 4981
f 5010 5006 4991
f 3722 4162 4161
f 4558 4560 4559
f 4568 4569 4218
f 4584 4535 4585
f 4641 4715 4716
f 5026 5012 5068
f 4776 4745 4742
f 4714 4712 4713
f 4982 5001 4985
f 4576 4560 4582
f 4564 4566 4565
f 5069 5018 5029
f 5057 5048 5047
f 4810 4811 4680
f 3710 3786 3709
f 4991 4999 5010
f 5011 5010 5004
f 5008 5022 5027
f 5066 5063 5040
f 5047 5024 5025
f 5050 5051 5053
f 5023 5016 5024
f 5045 5059 5061
f 5047 5026 5057
f 3711 3724 3721
f 5048 5037 5047
f 5042 5063 5062
f 5058 5051 5054
f 5036 5046 5037
f 3715 3700 3714
f 5235 5257 5246
f 3732 3704 3702
f 5030 5062 5064
f 5020 5023 5022
f 5263 5261 5260
f 5049 5044 5034
f 5236 5250 5255
f 5031 5027 5022
f 5043 5039 5042
f 5320 5329 5330
f 5049 5052 5051
f 5326 5317 5327
f 3264 3288 3285
f 5264 5263 5260
f 4998 4992 4987
f 5009 5020 5008
f 5036 5039 5038
f 5032 5034 5033
f 4355 3949 3422
f 4269 4374 4323
f 4253 4378 4303
f 4525 4252 4340
f 3960 4111 3866
f 4372 4258 4296
f 5681 5673 5675
f 4378 4272 4287
f 4270 4346 4273
f 3244 5644 5643
f 4899 4648 4650
f 3734 3702 3810
f 4138 3343 4137
f 4192 4361 4360
f 3813 3812 3810
f 3817 3696 3814
f 5668 5682 5674
f 5690 5687 5684
f 5499 5700 5517
f 3999 3820 3577
f 3745 4102 4106
f 5684 3472 5690
f 5702 3860 5703
f 5712 5693 5670
f 3249 4393 3572
f 5695 5715 5694
f 5694 5716 5696
f 5719 5601 5602
f 4918 4950 4952
f 4774 4743 4773
f 3844 5605 3735
f 5505 4411 5504
f 3583 3585 3582
f 3710 4157 4160
f 5513 4417 5508
f 5704 4146 5709
f 4141 4062 4049
f 5669 5688 4410
f 3898 5653 5450
f 5718 3972 5719
f 5684 5686 5685
f 3917 5717 3512
f 3463 5662 5660
f 5492 5680 5491
f 4931 4950 4919
f 5665 3441 5663
f 3788 3740 3790
f 3501 3529 3994
f 3569 3477 3308
f 5516 5727 5515
f 3564 3566 3565
f 3892 5406 3889
f 3962 5407 3961
f 4126 4123 4125
f 4116 3287 5411
f 3892 5630 5417
f 3824 5413 5414
f 4408 5680 4412
f 3969 3978 5402
f 4408 3449 4407
f 4414 3449 4413
f 3962 3262 4125
f 4425 5616 4321
f 4418 5727 4419
f 5716 5575 5696
f 5719 5717 5718
f 5698 5692 5697
f 3880 4166 3987
f 5652 5520 5619
f 5621 4167 4166
f 5679 4410 5688
f 3210 3355 5618
f 5622 5451 5657
f 5416 5497 5624
f 5729 5731 5730
f 5733 3761 3758
f 5735 5737 5736
f 5750 5751 5734
f 5744 5740 5741
f 5744 3753 5746
f 5753 5730 5731
f 5757 5736 5737
f 5731 5765 5753
f 5774 5776 5775
f 5790 5792 5791
f 5796 5787 5797
f 5817 5819 5818
f 5828 5830 5829
f 3725 3751 3747
f 4874 4873 4875
f 4700 4903 4902
f 4740 4876 4739
f 3199 3201 3200
f 4100 4099 4101
f 3749 4108 3748
f 3695 3712 3692
f 3378 3380 3379
f 5504 4412 5507
f 4405 5518 5699
f 5838 5835 5836
f 4705 4712 4708
f 5832 5828 5833
f 5697 5678 5698
f 3791 4005 3790
f 5848 5794 5850
f 3714 3701 3704
f 3995 4042 3890
f 3329 3224 3222
f 4005 3705 4004
f 4551 4763 4550
f 5855 5808 5856
f 5851 5792 5852
f 5803 5858 5847
f 5844 5840 5845
f 5762 5743 5740
f 5808 5806 5807
f 4012 3426 3423
f 5558 3467 4067
f 4550 4720 4901
f 4950 4953 4952
f 3885 5694 5696
f 5705 4081 4082
f 5508 4415 5505
f 3745 3760 3744
f 5507 5680 5506
f 3592 3588 3591
f 3895 5658 5653
f 5613 5501 5549
f 3834 4393 4055
f 5527 4455 5526
f 5775 5809 5774
f 5766 5813 5810
f 5858 5812 5859
f 5855 5811 5858
f 5863 5819 5862
f 5826 5863 5829
f 5862 5833 5828
f 5870 5837 5845
f 5782 5831 5832
f 5868 5836 5873
f 5778 5843 5844
f 5866 5845 5840
f 5785 5867 5784
f 5790 5789 5793
f 5796 5794 5795
f 5821 5819 5820
f 5657 5620 5622
f 5793 5852 5792
f 5855 5801 5798
f 5853 5786 5796
f 5804 5802 5803
f 5827 5864 5822
f 5767 5821 5813
f 5854 5776 5777
f 5860 5818 5861
f 5782 5825 5785
f 5781 5844 5834
f 5810 5815 5816
f 5867 5830 5784
f 5809 5798 5799
f 5828 5863 5862
f 5865 5838 5868
f 5801 5802 5800
f 4086 3795 4149
f 5779 5842 5843
f 5827 5829 5830
f 5839 5869 5835
f 5814 5855 5856
f 5711 3859 5702
f 4958 4917 4960
f 5861 5821 5768
f 5863 5812 5820
f 5865 5823 5824
f 5873 5837 5871
f 5872 5842 5780
f 4089 3563 5704
f 3812 3785 3811
f 5770 5787 5788
f 5789 5847 5846
f 5793 5846 5849
f 4145 4146 3498
f 5848 5790 5791
f 3953 4009 3952
f 5748 5874 5747
f 4624 4626 4625
f 4665 4752 4664
f 4775 4779 4778
f 4746 4671 4747
f 4637 4601 4639
f 4828 4613 4827
f 4704 4762 4675
f 4843 4727 4687
f 4543 4725 4542
f 4731 4863 4730
f 4723 4558 4722
f 4842 4840 4838
f 4717 4857 4718
f 4865 4867 4866
f 5841 5866 5840
f 4725 4540 4542
f 4798 4816 4817
f 4632 4634 4633
f 4720 4715 4719
f 4642 4644 4643
f 3754 5874 5876
f 4860 4644 4847
f 4674 4722 4721
f 4808 4676 4677
f 4721 4822 4821
f 5876 5877 5746
f 4836 4840 4839
f 4658 4660 4659
f 4826 4800 4838
f 4877 4743 4744
f 4948 4971 4943
f 4875 4876 4889
f 4954 4934 4955
f 5773 5788 5790
f 5825 5833 5824
f 5834 5836 5835
f 5834 5845 5837
f 3359 3361 3360
f 5732 3756 3757
f 3394 3396 3395
f 3766 5741 5742
f 5774 5799 5777
f 5805 5857 5802
f 5813 5820 5812
f 3969 3964 3968
f 5667 5674 5666
f 5729 3792 3756
f 3770 5741 3769
f 4741 4739 4738
f 4689 4660 4661
f 5772 5787 5771
f 5735 3758 3764
f 5850 5773 5848
f 5617 3965 5650
f 5799 5854 5777
f 5875 5764 5879
f 5840 5842 5841
f 5861 5769 5860
f 5807 5853 5851
f 5869 5834 5835
f 3765 5739 5738
f 5882 5761 5759
f 5881 5887 5889
f 5895 5898 5897
f 5907 5906 5908
f 5909 5908 5910
f 4234 4526 4369
f 3912 3389 3914
f 5934 8730 8729
f 8730 5930 5931
f 4920 4922 4921
f 8845 8853 8851
f 4141 3404 4174
f 3733 3706 3731
f 8849 8848 8850
f 4234 4236 4235
f 8863 5919 8862
f 3733 4004 3705
f 5908 8859 8867
f 8865 8871 8870
f 8859 8863 8864
f 5927 5925 5928
f 5911 5904 5912
f 8878 8866 8879
f 5635 5637 5636
f 5745 5746 5877
f 3552 3554 3553
f 8857 8890 8875
f 5924 8860 5923
f 3553 3556 3552
f 5919 8861 8862
f 8869 8870 8891
f 8873 8878 8876
f 8856 8875 8874
f 8862 5889 5887
f 8846 8844 8843
f 8864 8866 8865
f 8729 8883 8884
f 8848 8887 8886
f 8878 5888 8893
f 8896 8855 8897
f 8853 8896 5885
f 8841 5882 5883
f 3489 3491 3490
f 8867 8864 8868
f 5910 8867 8898
f 5914 8898 8899
f 5916 8899 8900
f 5889 8860 5890
f 8876 8893 8894
f 5918 8900 8901
f 4424 5726 4423
f 8904 8900 8899
f 8909 8904 8905
f 8908 8903 8904
f 8869 8905 8868
f 3632 3667 3635
f 3687 3689 3688
f 3636 3681 3631
f 3664 3639 3665
f 4304 4306 4305
f 8909 8891 8910
f 3681 3695 3680
f 3758 3760 3759
f 3684 3700 3683
f 3721 3723 3722
f 3941 3943 3942
f 3738 3740 3739
f 3687 3709 3690
f 3238 3938 3220
f 4249 4288 4245
f 4499 3344 4464
f 4240 4368 4367
f 3453 3951 3919
f 4401 3547 3967
f 3950 3451 3436
f 3702 3701 3703
f 3725 3727 3726
f 3194 3208 3193
f 4034 4461 4462
f 3914 3913 3912
f 3483 3533 3482
f 3191 3957 3206
f 4292 3970 4293
f 3909 3428 3356
f 3959 3866 3867
f 4017 4309 4016
f 4316 4008 3953
f 4448 4450 4449
f 4414 4417 4416
f 3435 3351 3433
f 4413 4415 4414
f 3899 3901 3900
f 3780 3648 3809
f 3474 3886 3885
f 3958 3192 3214
f 3221 3935 4427
f 3905 3907 3906
f 3913 4486 3313
f 4420 4421 4085
f 3881 3883 3882
f 4004 3790 4005
f 4271 4318 4316
f 4259 4296 4258
f 3501 4066 3468
f 5897 5900 5899
f 5901 5904 5903
f 8854 8856 8855
f 3789 3786 3720
f 3651 3781 3782
f 5924 5901 5925
f 8870 8873 8872
f 8876 8874 8873
f 5912 5918 5911
f 3805 3799 3737
f 3369 3395 3396
f 3923 3925 3924
f 3916 3512 3509
f 3641 3801 3642
f 4276 4323 4320
f 4181 4331 4330
f 4428 3377 4429
f 3495 4321 4322
f 4436 3380 3381
f 4430 4437 4435
f 3945 3958 3946
f 4065 4047 3418
f 4495 3408 4496
f 8913 8915 8914
f 8911 8917 8916
f 8889 8923 8890
f 8919 8931 8921
f 8884 8918 8885
f 8922 8931 8925
f 5852 5909 5851
f 5866 5915 5917
f 8926 8914 8915
f 8914 8883 8913
f 8886 8921 8888
f 5846 5894 5891
f 5873 5900 5868
f 8893 5764 5754
f 8894 5754 5753
f 5890 5927 8936
f 5885 5755 5758
f 5871 5902 5873
f 5763 5883 5762
f 5880 8936 5763
f 4175 4398 4399
f 4274 4255 4275
f 8883 5931 8882
f 8868 8898 8867
f 3289 3247 3292
f 3858 5485 5921
f 8850 8886 8888
f 4116 5409 4115
f 3889 4127 5415
f 3678 8938 8937
f 8857 8888 8889
f 3979 3294 3295
f 4126 3431 3823
f 3651 3679 3650
f 3460 5921 3354
f 4084 3310 3487
f 8905 8899 8898
f 3561 5397 5656
f 3213 5528 5519
f 4191 4193 4192
f 5449 5532 5533
f 4142 4031 4479
f 4060 5652 5651
f 4480 4482 4481
f 5519 3212 3213
f 5657 3330 3940
f 4473 4475 4474
f 3514 5668 5667
f 5663 5669 5665
f 8881 5926 8880
f 5734 5749 5750
f 4788 4677 4678
f 3997 3538 3506
f 3551 3310 3294
f 3577 3998 3999
f 4893 4676 4809
f 4753 4671 4672
f 8729 8885 8843
f 3813 9021 8937
f 8938 3813 8937
f 8882 5929 8881
f 4098 3820 3821
f 3399 5416 3398
f 5494 5503 4403
f 5880 5878 5881
f 4986 4861 4987
f 4999 5004 5010
f 4985 4988 4976
f 5816 5766 5810
f 4372 4384 4519
f 5688 5692 5679
f 8903 8901 8900
f 8879 5887 5888
f 8902 8880 8901
f 5919 5895 5920
f 4519 4342 4291
f 8847 8854 8853
f 5925 5903 5926
f 4021 4523 4025
f 5678 5676 4406
f 4424 4085 4421
f 5701 3577 3820
f 5928 5926 5929
f 5000 4980 5004
f 9022 3545 4113
f 9024 5409 5410
f 4008 4010 4009
f 3931 4516 4513
f 3822 3807 3821
f 8851 8844 8845
f 5728 5509 5721
f 9025 4115 5409
f 5209 5201 5208
f 4820 4653 4682
f 3988 5598 4508
f 3370 3357 3395
f 5639 5641 5640
f 5592 4477 5543
f 3378 5572 3381
f 5625 3265 5626
f 5594 5577 3406
f 3302 5645 3301
f 3274 3278 3273
f 5207 5233 5243
f 5071 5072 5075
f 4815 4785 4812
f 4796 4643 4760
f 3243 5643 5648
f 5301 5303 5300
f 5431 5655 5654
f 5251 5244 5252
f 3353 3523 3524
f 4174 3405 3411
f 3546 4113 3545
f 4002 3788 4004
f 4196 4238 4195
f 3232 5647 3231
f 4373 4266 4310
f 4867 5321 4902
f 5648 4058 3243
f 4455 3893 4453
f 5593 4511 5592
f 5275 5252 5253
f 5252 5274 5251
f 4092 3624 3597
f 3723 3743 3722
f 4780 4802 4796
f 4059 3560 5425
f 4317 4347 4270
f 5188 5192 5187
f 5570 5612 5569
f 3385 5633 3384
f 3526 5569 5612
f 3576 3608 3590
f 3581 3594 3580
f 5239 5238 5232
f 5081 5083 5082
f 4369 4528 4527
f 4325 4329 4360
f 3569 3286 3336
f 9022 4112 5709
f 3661 3801 3653
f 5074 5030 5064
f 5064 5063 5065
f 3563 3498 4146
f 3961 4119 5411
f 4854 4870 4735
f 5018 5028 5029
f 5007 5027 5028
f 5040 5039 5041
f 3240 3875 3239
f 5070 5029 5072
f 3504 3866 4111
f 3537 3591 3588
f 5033 5039 5032
f 4710 4635 4879
f 5017 4989 5014
f 5024 5046 5023
f 4991 5019 4990
f 4587 4574 4573
f 4996 4793 4878
f 5066 5059 5067
f 5221 5231 5220
f 5068 5057 5026
f 3675 3643 3642
f 3663 3675 3662
f 4722 4559 4822
f 3579 3590 3591
f 3686 3677 3678
f 4422 3499 4419
f 5142 5138 5133
f 5078 5075 5076
f 3609 3590 3608
f 3288 5411 3287
f 5424 5410 3246
f 5152 5156 5172
f 3960 5709 4112
f 4946 4957 4958
f 3867 5705 3959
f 9026 4113 5710
f 5192 5189 5187
f 5161 5194 5171
f 3637 3682 3636
f 4392 3847 3848
f 3796 4149 3795
f 4104 3727 4103
f 3594 3993 4088
f 3796 4134 5710
f 3687 4156 4157
f 3760 4164 4165
f 4464 3345 4467
f 3485 3868 3484
f 3846 5423 4130
f 3409 4496 3408
f 3767 3765 3762
f 3711 4159 4160
f 3797 4087 3510
f 4072 5562 5560
f 4502 5590 5589
f 5408 9027 4118
f 5683 5714 5682
f 5702 4110 5711
f 5623 4148 4167
f 5428 3525 3522
f 3668 3802 3667
f 4000 8938 3679
f 4221 4179 4380
f 4267 4388 4315
f 3721 4161 4159
f 3903 5706 5705
f 3583 4090 4091
f 3894 3524 3525
f 4635 4636 4634
f 4173 4009 4010
f 4890 5393 5394
f 5290 5293 5292
f 5339 5337 5333
f 5458 4438 4439
f 3251 5430 3910
f 3252 5419 3251
f 3428 5421 3427
f 3571 5418 3252
f 4583 4554 4593
f 4239 4224 4238
f 3322 5450 5449
f 5309 5306 5304
f 4109 3748 4108
f 5707 3794 3795
f 5139 5183 5140
f 5271 5290 5259
f 5280 5282 5279
f 5110 5125 5115
f 5319 4731 5317
f 5334 5339 5333
f 5423 3523 5422
f 5376 5378 5375
f 4721 4646 4674
f 3719 4159 4161
f 4853 4692 4795
f 5373 5330 5375
f 4428 5456 4437
f 5376 5328 5331
f 3337 4434 4431
f 4692 5395 4795
f 5475 4523 5476
f 5478 4068 4522
f 5421 4129 5422
f 5374 5375 5378
f 5283 5306 5282
f 5246 5234 5235
f 5154 5150 5153
f 4458 5561 4457
f 5163 5158 5168
f 5381 5378 5379
f 3397 5484 5483
f 4457 5563 5537
f 5147 5150 5149
f 4474 5544 5545
f 5325 5319 5326
f 5223 5388 5222
f 5517 3521 3519
f 4499 3347 4487
f 5404 4128 4129
f 3476 5506 3475
f 4084 5515 4083
f 3900 5477 3899
f 5536 5547 5546
f 5491 5493 5492
f 5474 4139 5401
f 4063 4522 4068
f 4459 5541 5540
f 5548 3360 3361
f 5444 5550 4396
f 3888 5415 5412
f 5546 3339 4445
f 5536 5538 5537
f 3570 5508 3477
f 4471 5589 4476
f 4280 3359 5933
f 5499 4403 5503
f 5189 5169 5165
f 5543 4478 5542
f 4051 5552 3374
f 3461 5507 3476
f 4629 4870 4869
f 5106 4909 4862
f 5286 5279 5282
f 5462 3364 3365
f 3491 5514 3840
f 5224 5231 5229
f 4478 5540 5542
f 4099 3742 3723
f 4803 4805 4804
f 4130 5422 4129
f 4470 4476 4473
f 4924 4921 4922
f 4920 4927 4926
f 4993 4987 4992
f 4887 4913 4912
f 3894 4070 4071
f 5472 5585 5586
f 3508 4134 3507
f 3603 4096 4097
f 3772 3992 4110
f 5712 5671 5672
f 3739 4162 4163
f 5683 3515 5715
f 5480 4495 5479
f 5698 5493 5498
f 3578 3996 3998
f 3645 4154 4155
f 5660 3466 3463
f 4135 5710 4134
f 5587 4073 5586
f 5687 5693 5686
f 3584 4091 4150
f 5585 5584 5588
f 4128 5415 4127
f 4257 4338 4526
f 4222 4178 4179
f 4366 4191 4216
f 5098 5091 5088
f 5761 5737 5760
f 5760 5738 5739
f 8852 5934 8844
f 8874 8855 8856
f 8895 8855 8877
f 5884 8842 8852
f 4557 4582 4560
f 8890 8917 8892
f 8918 8930 8920
f 8924 8915 8916
f 4182 4330 4190
f 3864 5711 4110
f 3574 3230 3231
f 3342 3415 3341
f 3488 3549 3840
f 4317 3953 3949
f 3672 4152 4153
f 5708 3865 5707
f 9021 3685 3686
f 3621 3616 3617
f 5728 4419 5727
f 4311 4028 4310
f 4131 3543 3841
f 4426 3842 4423
f 4518 4168 4427
f 5457 5464 5456
f 5425 3558 3837
f 5458 4437 5456
f 3416 5465 5457
f 5638 5437 5637
f 3985 5636 5637
f 5646 5636 5647
f 9023 3554 5402
f 5722 5514 5726
f 3256 3934 3255
f 4164 5734 5751
f 8885 8920 8887
f 3282 3929 3281
f 3292 3320 3291
f 3232 3300 3301
f 3303 3271 3334
f 3562 5432 3325
f 3392 3388 3391
f 3854 5350 3851
f 5463 5459 5458
f 5935 3885 5576
f 3879 3954 3878
f 3928 3391 3388
f 4137 4458 4138
f 5454 3850 3851
f 3548 3549 3550
f 4443 5470 4442
f 4452 4506 4447
f 4468 3415 3879
f 4443 3876 4483
f 3234 4515 4516
f 5434 3896 5433
f 5448 5441 5644
f 5447 5443 5442
f 4442 5471 5467
f 5550 3275 5551
f 5578 4520 3409
f 3464 5666 3463
f 4701 4839 4840
f 3259 4041 4030
f 4015 3423 4018
f 3558 3982 3839
f 4856 4823 4824
f 4741 4653 4740
f 3759 4106 3763
f 3560 3290 3559
f 9024 3557 3553
f 5438 3280 5439
f 3321 3290 3291
f 5557 4072 5560
f 5553 3396 5554
f 4045 4174 4044
f 4539 4849 4585
f 3536 3503 3588
f 5478 5574 5477
f 3800 3510 3511
f 4755 4886 4754
f 5561 5527 5563
f 5752 5732 5751
f 5752 5756 5765
f 3518 5493 5521
f 3767 4107 4108
f 3534 4097 3593
f 4395 3826 3827
f 3926 3371 3925
f 4446 5610 5611
f 4050 3980 3981
f 8887 8843 8885
f 5649 5640 5645
f 4643 4761 4760
f 3709 3784 3690
f 4778 4660 4777
f 5649 4054 5648
f 5646 3301 5645
f 3250 3910 3909
f 5884 5757 5761
f 5655 5936 5937
f 4224 4226 4225
f 4043 3412 4013
f 4286 4288 4287
f 4267 4310 4266
f 4493 4080 4494
f 3325 3226 3227
f 3925 3372 3928
f 4312 4314 4313
f 3996 3540 3541
f 8908 8912 8907
f 4023 4025 4024
f 3995 3891 3994
f 5482 5559 4137
f 4486 3921 4484
f 4300 4302 4301
f 5438 5644 5441
f 3233 3282 3270
f 3225 3227 3226
f 5446 5445 5443
f 5554 3397 5555
f 4834 4830 4772
f 4064 3350 4063
f 3596 3598 3597
f 5639 5648 5643
f 5434 5654 5658
f 4895 4830 4831
f 3674 3676 3675
f 3551 3978 3550
f 3835 3305 3306
f 3813 3702 3703
f 3691 4160 4157
f 4109 4101 4103
f 4565 4188 4564
f 3490 3547 3489
f 3672 3647 3673
f 8906 8912 8913
f 3810 3811 3734
f 4051 4397 4396
f 3566 4090 4088
f 5580 5476 5579
f 4456 5537 5538
f 5539 5546 5611
f 8844 8729 8843
f 8872 8874 8875
f 4383 4198 4195
f 4931 4927 4930
f 5529 5397 5396
f 5314 5323 5328
f 5347 5323 5324
f 4711 4599 4596
f 5387 5389 4696
f 5259 5292 5258
f 5195 4803 5126
f 5195 4746 4806
f 4639 4866 4685
f 4821 4681 4721
f 3421 5399 3260
f 4730 4601 4602
f 4807 4811 4786
f 4040 3421 3948
f 4844 4800 4797
f 3936 3929 3930
f 4894 4817 4823
f 5365 5383 5368
f 4657 4661 4658
f 5224 4770 4804
f 5368 5382 5380
f 5336 5352 5335
f 5353 5386 5363
f 4070 4454 4069
f 5396 3327 3328
f 5225 5312 4809
f 5384 5386 5385
f 5391 4695 4759
f 4735 4870 4630
f 4407 4409 4408
f 4623 4880 4706
f 5356 5352 5354
f 4578 4859 4577
f 3239 3217 3938
f 3937 3333 3939
f 4578 4534 4535
f 5467 4505 4452
f 4836 4826 4838
f 4422 5721 4421
f 3392 5556 5482
f 5564 5565 5547
f 3807 3663 3660
f 5922 4392 4281
f 3680 3692 3693
f 3630 3632 3631
f 4416 5725 4418
f 4033 3836 4176
f 3238 4168 3342
f 3466 3483 3484
f 3678 3650 3679
f 3677 3649 3650
f 3340 4431 3884
f 3562 5656 5655
f 5658 5938 5939
f 3642 3640 3641
f 3306 3334 3981
f 3256 3280 3281
f 8910 8892 8917
f 5868 5898 5859
f 8924 8922 8925
f 8935 8925 8931
f 8882 8913 8883
f 8925 8926 8924
f 8840 8936 5927
f 5852 5905 5907
f 5136 5124 5137
f 4243 4260 4242
f 5238 5228 5232
f 5642 5643 5644
f 3924 3928 3927
f 5412 5700 3888
f 3750 3751 3707
f 3746 3770 3769
f 3859 3861 3860
f 3972 3493 3494
f 5923 8861 5920
f 4945 4958 4959
f 3296 3286 3287
f 3824 3907 3823
f 3671 4154 4153
f 4137 5481 5482
f 3614 3802 3617
f 3283 3559 3290
f 4936 4934 4933
f 5511 5726 5514
f 4170 3926 3923
f 3572 3830 3826
f 3459 3858 3460
f 3496 4425 3495
f 3457 3436 3437
f 3984 3986 3985
f 3914 3386 4487
f 5512 5723 5511
f 4500 4483 4480
f 4501 4471 4472
f 4503 4505 4504
f 4143 4461 4490
f 3331 3222 3219
f 4016 4018 4017
f 3998 3776 3999
f 4114 5710 4113
f 4405 4406 4404
f 5602 5720 5719
f 4767 4804 4770
f 4929 4954 4928
f 4410 5665 5669
f 3888 5632 3887
f 4048 3977 3974
f 3947 3212 5652
f 5676 3472 3473
f 5782 5784 5783
f 4315 4311 4267
f 5699 5521 5493
f 5864 5825 5822
f 5826 5822 5823
f 5775 5805 5806
f 3236 3270 3271
f 5823 5859 5826
f 4957 4895 4917
f 8868 8865 8869
f 4281 3848 4280
f 4940 4971 4949
f 4013 4029 4043
f 3685 3701 3684
f 4339 4377 4391
f 8891 8872 8892
f 3753 3755 3754
f 4427 3220 3221
f 3809 3779 3780
f 3568 4418 3500
f 3880 3918 3805
f 3543 3842 3841
f 4646 4648 4647
f 4656 4597 4598
f 4781 4820 4784
f 4972 4974 4973
f 5101 5109 5120
f 5095 5115 5125
f 5090 5132 5093
f 5131 5134 5133
f 5134 5127 5135
f 5117 5140 5129
f 3539 3863 3595
f 4006 3792 4007
f 5128 5099 5124
f 5097 5089 5096
f 5274 5271 5259
f 4571 4569 4549
f 4225 4238 4224
f 5156 5170 5172
f 4538 4540 4537
f 4622 4665 4662
f 4981 5004 4980
f 5012 4975 5013
f 5148 5149 5157
f 5157 5133 5134
f 5161 5145 5160
f 4261 4242 4260
f 5294 5291 5268
f 4255 4532 4261
f 5274 5250 5251
f 4246 4207 4248
f 3314 3927 3912
f 4670 4672 4671
f 4995 4673 4986
f 4638 4603 4600
f 4341 4525 4340
f 5163 5165 5162
f 4834 4784 4819
f 4784 4682 4819
f 4844 4687 4688
f 5280 5275 5285
f 4217 4564 4188
f 4554 4556 4555
f 4551 4556 4594
f 4549 4544 4571
f 5141 5173 5175
f 4653 4683 4682
f 4973 4989 4988
f 4984 5015 4983
f 5177 5170 5178
f 5166 5181 5182
f 5141 5139 5138
f 5178 5151 5177
f 5244 5203 5245
f 5252 5245 5253
f 4479 4079 4493
f 4402 4404 4403
f 3500 4419 3499
f 5856 5909 5913
f 4488 3348 3349
f 8851 5885 5886
f 3607 5701 4098
f 3508 3503 3504
f 5847 5896 5894
f 4374 4309 4263
f 3380 4438 3379
f 9025 3553 3554
f 5718 4131 3973
f 3300 3283 3321
f 5551 3276 5552
f 5552 3369 5553
f 5555 5483 5557
f 5859 5896 5858
f 4133 3794 3915
f 3606 3652 3610
f 4900 4766 4691
f 4616 4789 4788
f 3738 4164 3757
f 4774 4642 4801
f 4399 3402 4175
f 5853 5795 5851
f 3936 4427 3935
f 3418 4064 4065
f 5510 3840 5514
f 3270 3279 3269
f 3274 4056 4055
f 4359 4305 4306
f 4135 3504 4111
f 3610 3609 3606
f 3837 3557 5425
f 5940 4401 5941
f 5853 5803 5847
f 5725 5515 5727
f 3246 4117 3245
f 5713 5672 5681
f 4918 4916 4915
f 4148 3771 5703
f 5106 5113 5111
f 4147 5709 4146
f 5152 5177 5151
f 9026 4111 4112
f 5104 5103 5112
f 3531 3485 3593
f 3713 3715 3714
f 3699 3815 3697
f 4467 4459 4478
f 4703 4736 4640
f 5405 3846 5406
f 3555 3963 3964
f 4120 5411 4119
f 4217 4185 4218
f 3279 5441 3269
f 4944 4959 4966
f 4353 4344 4357
f 3815 3716 4104
f 3374 4052 4051
f 4491 4516 4515
f 5865 5833 5866
f 5819 5856 5862
f 5807 5856 5808
f 3933 3281 3929
f 3208 3920 3919
f 8907 8902 8903
f 5288 5295 5287
f 3728 3747 3748
f 3309 4083 3336
f 5119 5101 5120
f 3811 3789 4002
f 3595 3992 3993
f 4106 4100 4107
f 5696 5576 3885
f 3708 3750 3707
f 3744 4165 4163
f 5905 5892 5906
f 3403 4175 3402
f 4133 3506 3507
f 4147 3544 3545
f 3561 3325 3324
f 3237 3239 3238
f 4877 4793 4794
f 3241 3243 3242
f 3597 3625 3596
f 3279 3281 3280
f 3371 3373 3372
f 3599 3567 3598
f 3975 4032 4031
f 3277 3250 3278
f 3774 3565 3773
f 3658 3780 3779
f 4961 4963 4960
f 3600 3616 4096
f 4228 4202 4199
f 4011 4318 4350
f 4307 4262 4308
f 4838 4841 4842
f 4782 4773 4743
f 4914 4946 4947
f 4839 4765 4836
f 4771 4645 4642
f 4962 4964 4963
f 4966 4963 4964
f 3601 3615 3600
f 5878 5879 5881
f 5890 5881 5889
f 3720 4158 3719
f 4755 4689 4663
f 3740 3718 3739
f 5695 5686 5714
f 5740 5742 5741
f 5733 5736 5749
f 5755 5750 5749
f 5745 5762 5740
f 5798 5800 5799
f 4706 4879 4705
f 5651 5619 5620
f 5850 5797 5772
f 5804 5806 5805
f 4087 5707 4086
f 5915 5914 5916
f 5703 4167 4148
f 5893 5896 5895
f 5892 5919 8858
f 5706 5664 4081
f 5786 5788 5787
f 3973 3841 3493
f 4831 4915 4916
f 5906 8858 8859
f 4965 4969 4964
f 4684 4846 4842
f 3589 3611 3604
f 3596 4150 4091
f 5877 5763 5745
f 4121 4123 4122
f 3469 3868 3502
f 3204 3208 3207
f 3716 3726 3727
f 5460 5426 3571
f 3465 3470 3464
f 5738 3764 3765
f 4887 4655 4888
f 4203 4205 4204
f 3959 4082 4089
f 5758 5886 5885
f 5781 5872 5780
f 4675 4723 4674
f 3757 5751 5732
f 3334 3272 3335
f 8880 5903 5911
f 5615 3473 5614
f 5759 5760 5743
f 8845 8848 8847
f 5778 5780 5779
f 8857 8849 8850
f 4132 3798 3859
f 5839 5841 5842
f 560 3187 559
f 5747 4007 3792
f 5928 8840 5927
f 5766 5768 5767
f 4848 4956 4847
f 4953 4967 4965
f 4832 4910 4915
f 5879 5888 5887
f 3598 3530 4095
f 5747 5730 5748
f 5754 5748 5730
f 5810 5812 5811
f 5758 5749 5736
f 4315 4387 4314
f 5917 5916 5918
f 5913 5910 5914
f 5930 8841 8840
f 4951 4968 4953
f 3209 3201 3202
f 4059 3246 3247
f 8731 8842 8841
f 3776 3585 3778
f 5770 5772 5771
f 5891 5893 5892
f 9028 5641 5439
f 5814 5816 5815
f 5662 5673 5661
f 3522 3524 3523
f 5630 5942 5496
f 5791 5795 5794
f 5746 3754 5876
f 5928 5931 5930
f 5743 5739 5742
f 5876 5875 5878
f 3678 9021 3686
f 4200 4207 4199
f 4114 3916 4149
f 3601 3605 3604
f 3818 3712 3817
f 3315 3317 3316
f 5899 5902 5901
f 8840 5883 8936
f 5562 5559 5560
f 4416 3448 4414
f 3189 3191 3190
f 4751 4747 4671
f 4181 4180 4177
f 3832 5454 5351
f 3362 3526 3361
f 5678 5699 5698
f 3497 3499 3498
f 448 807 447
f 647 122 270
f 5690 5677 5697
f 4183 4185 4184
f 1833 1780 1832
f 5920 5897 5923
f 510 508 507
f 4401 5944 5941
f 5656 5530 5936
f 3970 5940 4293
f 5653 5939 5946
f 5450 5946 5532
f 3384 5945 5487
f 4403 4299 5494
f 5944 3968 5949
f 3963 5951 3852
f 5614 3474 5935
f 5427 3857 5951
f 3210 1887 3201
f 1887 3200 3201
f 15 3197 3200
f 16 3195 3197
f 3195 3187 3194
f 3194 1899 3207
f 3207 375 3204
f 387 126 127
f 3189 1760 5650
f 9029 757 758
f 763 2172 2175
f 9035 9032 9033
f 9033 9031 9030
f 9046 9048 9047
f 8751 9054 8752
f 9078 9077 9079
f 9083 9051 9053
f 9088 9047 9048
f 9099 9040 9097
f 9102 9036 9099
f 9105 9032 9103
f 9105 9106 9031
f 1801 9108 9107
f 9103 9034 9102
f 9096 9047 9089
f 1767 9111 9112
f 1597 9113 1600
f 1708 9117 9116
f 9123 9119 9118
f 9118 9125 9124
f 1588 9116 1587
f 2080 9118 2082
f 2082 9124 2084
f 9126 9087 9083
f 9129 9088 9087
f 5512 5943 5947
f 5634 5488 5948
f 5724 5947 5616
f 9134 9097 9133
f 9144 9102 9138
f 9133 9096 9132
f 786 9144 785
f 9146 9103 9144
f 785 9138 497
f 497 9134 650
f 650 9133 564
f 9148 9133 9132
f 8756 9057 8753
f 9154 9130 9129
f 9151 9131 9130
f 9097 9090 9096
f 1799 9111 1768
f 5949 3964 3853
f 9160 8809 8811
f 8813 9160 8811
f 9166 564 9148
f 9067 9054 9052
f 9162 9148 9150
f 9087 9048 9051
f 9081 9079 9082
f 9049 9051 9048
f 9082 9167 9081
f 9079 9049 9046
f 9169 9175 9170
f 9167 9112 9081
f 9168 9177 9167
f 9120 9113 9177
f 9120 9169 9119
f 9119 9170 9125
f 9179 9125 9170
f 9180 9124 9125
f 9178 9170 9175
f 1576 2084 9124
f 9179 9183 9181
f 3203 1387 3190
f 3190 1791 3189
f 5618 1949 3210
f 317 259 391
f 2000 9105 9146
f 9053 9052 9054
f 9041 9036 9037
f 9029 756 2170
f 9037 9034 9035
f 9130 9089 9088
f 3204 376 3203
f 1801 9109 1799
f 9181 9180 9179
f 1575 9190 1088
f 9187 1576 9180
f 1776 1796 1775
f 1293 1290 1284
f 1326 1327 12
f 1294 1234 1290
f 878 1330 1337
f 5633 5490 5945
f 5933 3360 5502
f 5613 5948 5500
f 5604 3844 5720
f 3972 5950 5601
f 3494 4322 5950
f 4406 5615 4298
f 3492 4292 5943
f 5631 5495 5942
f 497 374 498
f 122 413 121
f 5624 3398 5416
f 9151 9156 9160
f 9058 8752 9054
f 9160 9150 9151
f 8815 9162 8813
f 9156 8794 8809
f 439 399 438
f 1512 1526 1511
f 1668 1738 1671
f 839 1362 838
f 1362 826 1012
f 3425 3418 4047
f 4905 5243 4808
f 4621 4662 4690
f 5582 5574 5577
f 4754 4756 4755
f 3902 4021 4022
f 9295 1896 9267
f 2053 2118 2117
f 9340 2120 2119
f 696 9268 9283
f 4922 4939 4924
f 4365 4186 4183
f 5105 4862 4670
f 5228 5226 5225
f 4781 4877 4794
f 5218 5238 5217
f 4990 4992 4991
f 4335 4336 4251
f 4993 4972 5002
f 4794 4792 4750
f 5886 8852 8851
f 5405 5417 5416
f 4669 4764 4668
f 4676 4698 4679
f 1826 639 640
f 9192 9181 9183
f 5232 5233 5204
f 5418 4122 5419
f 956 886 960
f 5720 3512 5717
f 4728 4730 4729
f 8879 8863 8862
f 1980 1922 807
f 4969 4966 4964
f 33 105 164
f 9028 3254 5437
f 3837 3839 3838
f 4382 4301 4383
f 3908 4122 4123
f 4290 4294 4291
f 4400 4055 4056
f 3219 3221 3220
f 8894 8877 8876
f 4640 4735 4630
f 4389 4216 4213
f 3267 4493 4451
f 3268 4463 4144
f 5097 5098 5088
f 5094 5096 5095
f 5654 5937 5938
f 4089 3960 3959
f 5159 5162 5160
f 5202 5249 5205
f 5412 5414 5413
f 5715 3516 5716
f 5723 4423 5726
f 4263 4323 4374
f 3994 3564 3774
f 1343 9308 9309
f 3470 5667 3464
f 5659 5671 5706
f 3319 4053 3299
f 9359 2128 9354
f 1766 1582 1594
f 14 2163 738
f 595 99 594
f 5703 3772 5702
f 5206 5229 5209
f 3437 3458 3457
f 5516 3487 5509
f 5122 5087 5123
f 3223 3934 3935
f 3979 5402 3978
f 3828 3320 3827
f 5663 4081 5664
f 4035 4490 4461
f 4426 5724 4425
f 3881 4447 4444
f 5407 4118 4119
f 5691 5689 5687
f 5661 5672 5671
f 5911 8901 8880
f 3902 3871 4046
f 5541 5539 5606
f 4069 5561 5562
f 3248 3292 3247
f 1346 1044 1352
f 748 1425 747
f 3297 3255 3934
f 5445 4056 5550
f 5783 5830 5831
f 4310 4376 4373
f 5857 5800 5802
f 3882 4452 3881
f 3193 3919 3951
f 3190 3206 3203
f 4266 4268 4267
f 4488 3420 4486
f 3331 3940 3330
f 4282 4284 4283
f 4606 4607 4605
f 4628 4708 4712
f 4659 4733 4658
f 4615 4829 4614
f 4718 4713 4717
f 5722 4421 5721
f 3307 3461 3433
f 4686 4634 4636
f 3966 3550 3978
f 4738 4875 4873
f 3416 3237 3341
f 4527 4208 4200
f 5093 5114 5092
f 5124 5086 5122
f 5117 5138 5139
f 4631 4640 4630
f 5166 5168 5167
f 5185 5187 5186
f 5194 5191 5171
f 3245 4118 9027
f 5214 5203 5200
f 3230 3318 3284
f 5237 5217 5238
f 5250 5258 5255
f 5113 5084 5085
f 5270 5269 5268
f 4906 5107 4768
f 5271 5267 5270
f 5276 5262 5263
f 5153 5174 5173
f 5290 5268 5291
f 5306 5303 5304
f 5147 5146 5143
f 4585 4856 4584
f 3226 5436 3225
f 4473 4504 4470
f 5765 8897 8895
f 4529 4247 4530
f 8923 8916 8917
f 5713 5682 5714
f 3315 3898 3322
f 5564 5537 5563
f 4468 4441 5466
f 3738 4163 4165
f 4577 4559 4560
f 5567 3366 3363
f 3587 4150 4151
f 5471 4504 4505
f 5860 5816 5817
f 3516 5558 5932
f 5436 5637 5437
f 5050 5083 5060
f 5547 3338 3339
f 9023 3295 4115
f 5708 4132 5711
f 4104 3814 3815
f 3718 4161 4162
f 5498 5679 5692
f 3884 4432 3883
f 3955 3877 3878
f 4049 4061 3977
f 8892 8875 8890
f 4572 4218 4569
f 4440 4442 4441
f 4497 3407 3408
f 4632 4633 4724
f 8906 8881 8902
f 5664 5670 5663
f 3751 3706 3707
f 3511 3736 3800
f 5129 5116 5117
f 5086 5098 5085
f 5135 5128 5136
f 5143 5145 5144
f 5168 5136 5137
f 5297 5246 5257
f 5164 5160 5162
f 5155 5171 5170
f 5137 5167 5168
f 5293 5307 5305
f 5513 4083 5515
f 4053 3825 4057
f 3228 3298 3227
f 3631 3635 3636
f 5689 5670 5693
f 5759 5883 5882
f 3793 3507 4134
f 4906 4891 4907
f 4719 4901 4720
f 3597 4095 4092
f 3352 4125 3262
f 9064 9058 9067
f 9076 9067 9077
f 9083 8794 9126
f 9131 9096 9089
f 9138 9099 9134
f 9154 9126 9156
f 9077 9052 9049
f 9053 8766 9083
f 9191 9187 9181
f 9082 9046 9193
f 9193 9168 9082
f 1284 1288 1285
f 9150 9132 9131
f 3841 3496 3493
f 3570 3336 4083
f 4027 4312 3258
f 4889 4781 4794
f 4041 4044 4043
f 4885 4813 4829
f 5419 3905 5430
f 4367 4227 4224
f 1778 1780 1779
f 1792 1584 1789
f 4308 3869 4307
f 4594 4762 4551
f 4767 4769 4768
f 5461 3366 3847
f 4763 4716 4720
f 4919 4915 4910
f 4300 4334 4333
f 5196 5198 5197
f 5158 5135 5136
f 5431 5433 5432
f 4545 4571 4544
f 4557 4594 4556
f 695 571 694
f 4156 3626 3694
f 4861 4670 4862
f 5681 5674 5682
f 5473 5580 5583
f 3622 4152 4151
f 5647 3574 3231
f 3674 3808 3649
f 4420 3498 3499
f 5675 5666 5674
f 3253 5439 3280
f 5870 5917 5912
f 8887 8919 8886
f 5862 5913 5915
f 3534 3485 3482
f 3313 4484 3312
f 9090 9046 9047
f 4871 4695 4855
f 3778 3822 3819
f 4889 4874 4875
f 4000 3784 4001
f 4897 4911 4910
f 3856 3838 3839
f 4772 4896 4771
f 4015 4376 4014
f 3433 3476 3435
f 4053 3302 3299
f 3367 3363 4434
f 3242 3831 3241
f 3441 4082 4081
f 4735 4855 4854
f 4756 4737 4689
f 3382 3384 3383
f 3698 3697 3682
f 4676 4678 4677
f 4948 4941 4944
f 4890 4805 4747
f 4757 4745 4737
f 4581 4380 4586
f 5716 5932 5597
f 4923 4926 4932
f 5077 5081 5076
f 5078 5058 5054
f 4009 5400 3952
f 5081 5078 5076
f 3930 4513 4514
f 4014 4028 4029
f 4025 4020 4021
f 3618 4096 3616
f 4581 4576 4580
f 4219 4188 4189
f 5440 3335 3272
f 5449 3323 3322
f 4229 4177 4202
f 4590 4214 4589
f 4227 4184 4226
f 4574 4858 4547
f 4565 5453 4563
f 4592 4588 4589
f 4590 4573 4579
f 3517 5521 3519
f 3845 3522 5423
f 4444 3884 3881
f 3982 5533 5535
f 4465 4497 4495
f 4520 4521 4496
f 4076 5591 5590
f 3635 3666 3634
f 3343 4498 5481
f 4022 3870 3871
f 3661 4098 3660
f 5691 5697 5692
f 3768 5742 5739
f 4514 3956 4518
f 3697 3814 3696
f 4394 5460 4395
f 4054 4057 4058
f 3284 3323 3559
f 4052 4169 4397
f 4447 4510 4446
f 4456 3346 4138
f 4483 3877 4482
f 4482 4512 4492
f 4492 4513 4516
f 5642 5439 5641
f 5448 5442 5440
f 5466 3882 3883
f 3340 4445 3339
f 8908 8910 8911
f 4397 3835 3980
f 5413 3521 5412
f 3234 3932 3233
f 5753 8895 8894
f 8896 5756 5755
f 8921 8889 8888
f 8915 8911 8916
f 3933 3935 3934
f 3620 3657 3623
f 3966 3968 3967
f 4905 4769 4770
f 3225 5437 3254
f 5433 3984 5435
f 5714 5693 5713
f 5435 3985 5436
f 3954 3955 3878
f 4713 4632 4724
f 4879 4632 4705
f 3983 3896 3897
f 9027 3248 3245
f 5871 5912 5904
f 5849 5891 5905
f 4702 4640 4641
f 4213 4579 4389
f 3644 3688 3689
f 9193 9040 9041
f 8920 8935 8919
f 5406 4130 4127
f 4140 5401 4139
f 5659 3904 5660
f 4772 4783 4834
f 4244 4246 4245
f 4061 4037 4038
f 3669 3803 3668
f 3459 3209 3202
f 4072 5484 4071
f 4835 4834 4819
f 5660 5661 5659
f 4262 4264 4263
f 3633 3627 3628
f 3685 3676 3686
f 4517 3235 3304
f 4145 4085 3544
f 5455 5459 3850
f 5638 5640 5641
f 3228 3254 3255
f 4044 3411 3412
f 3614 3612 3613
f 3273 3275 3274
f 4952 4961 4918
f 4959 4960 4963
f 4888 4761 4860
f 4254 4256 4255
f 4199 4201 4200
f 4499 4465 5480
f 5479 4496 4521
f 5952 5954 5955
f 5956 5958 5959
f 5959 5960 5961
f 5962 5964 5965
f 5966 5968 5969
f 5967 5971 5968
f 5963 5961 5960
f 5972 5964 5973
f 5974 5976 5977
f 5978 5980 5981
f 5982 5984 5985
f 5986 5985 5984
f 5988 5990 5991
f 5992 5994 5995
f 5996 5998 5999
f 6000 6002 6003
f 6004 6006 6007
f 6008 6010 6011
f 6012 6014 6015
f 6016 6018 6019
f 6020 6022 6023
f 6024 6026 6027
f 6028 6030 6031
f 6032 6034 6035
f 6036 6038 6039
f 6040 6013 6012
f 6042 6044 6045
f 5992 6047 5993
f 6048 6050 6051
f 6052 6054 6055
f 6056 6058 6059
f 6060 5987 5986
f 6062 6064 6065
f 6066 6068 6069
f 6070 6027 6026
f 6072 6057 6056
f 6075 6077 6074
f 6078 6080 6081
f 6082 6054 6084
f 6085 6081 6086
f 6087 5990 6088
f 6061 6089 5987
f 6089 6091 6092
f 6092 6093 6094
f 6095 5981 6096
f 6062 6084 6063
f 6097 6035 6034
f 6056 6099 6072
f 6100 6102 6103
f 6001 6104 6105
f 6107 6109 6106
f 6110 6112 6113
f 6114 6025 6115
f 6116 6118 6119
f 6120 6122 6123
f 6124 6126 6127
f 6128 6101 6100
f 6039 6131 6036
f 6132 6134 6135
f 6136 6138 6003
f 6139 6141 6142
f 6143 6145 6146
f 6148 6150 6147
f 6152 6154 6151
f 6155 6157 6158
f 6159 6161 6162
f 6163 6165 6166
f 6167 6169 6170
f 6171 6173 6174
f 6175 6104 6177
f 6178 6180 6181
f 6023 6183 6020
f 6184 6186 6187
f 6117 6188 6189
f 6190 6192 6193
f 6194 6026 6114
f 6195 6191 6190
f 6197 6199 6200
f 6201 6203 6204
f 6205 6207 6208
f 6209 6201 6204
f 6197 6211 6212
f 6212 6213 6214
f 5979 6214 6213
f 6203 6217 6204
f 6206 6198 6207
f 6218 5962 6219
f 5965 6219 5962
f 5972 3354 6221
f 6070 6222 6223
f 6224 6226 6227
f 6228 6230 6231
f 6232 6234 6235
f 6196 6236 6237
f 6071 6223 6238
f 6239 6241 6242
f 6243 6245 6246
f 6247 6248 6249
f 6250 6252 6253
f 6254 6256 6257
f 6258 6260 6261
f 6229 6263 6230
f 6264 6242 6241
f 6266 6268 6269
f 6270 6272 6273
f 6274 6276 6277
f 6195 6279 6236
f 6280 6281 6282
f 6283 6285 6286
f 6123 6287 6288
f 6289 6291 6292
f 6293 6243 6295
f 6240 6297 6241
f 6298 6267 6266
f 6300 6302 6303
f 6304 6306 6307
f 6251 6308 6309
f 6247 6311 6312
f 6313 6315 6316
f 6314 6317 6318
f 6319 6320 6321
f 6322 6088 6323
f 6216 6258 6217
f 6325 6327 6328
f 6217 6261 6329
f 6330 6238 6331
f 6071 6048 6027
f 6015 6333 6012
f 6079 6335 6080
f 6336 6240 6239
f 6294 6296 6240
f 6337 6339 6340
f 6341 6343 6344
f 6345 6347 6348
f 6266 6349 6298
f 6350 6352 6353
f 6295 6246 6354
f 6303 6356 6300
f 6357 6359 6360
f 6361 6363 6364
f 6365 6353 6366
f 6367 6369 6370
f 6371 6370 6372
f 6372 6374 6371
f 6375 6373 6376
f 6376 6378 6375
f 6379 6381 6382
f 6383 6385 6386
f 6387 6389 6390
f 6391 6393 6394
f 6395 6397 6398
f 6398 6400 6395
f 6399 6402 6400
f 6403 6401 6404
f 6405 6407 6408
f 6409 6411 6412
f 6367 6413 6414
f 6374 6415 6416
f 6417 6384 6383
f 6419 6348 6347
f 6421 6423 6424
f 6425 6400 6402
f 6426 6395 6400
f 6393 6428 6429
f 6429 6394 6393
f 6390 6431 6432
f 6433 6408 6407
f 6435 6437 6438
f 6439 6411 6438
f 6392 6441 6442
f 6397 6442 6443
f 6401 6444 6445
f 6446 6437 6404
f 6448 6450 6451
f 6452 6454 6455
f 6442 6456 6457
f 6443 6457 6458
f 6444 6460 6461
f 6445 6461 6462
f 6463 6462 6465
f 6446 6462 6464
f 6466 6468 6469
f 6448 6470 6471
f 6453 6472 6473
f 6474 6476 6477
f 6478 6480 6481
f 6482 6484 6485
f 6486 6488 6489
f 6490 6492 6493
f 6493 6494 6495
f 6496 6498 6499
f 6500 6502 6503
f 6504 6506 6507
f 6508 6509 6510
f 6511 6513 6508
f 6499 6515 6496
f 6516 6518 6519
f 6520 6522 6523
f 6524 6525 6526
f 6507 6527 6504
f 6504 6528 6510
f 6528 6508 6510
f 6529 6531 6532
f 6342 6534 6343
f 6535 6346 6536
f 6347 6537 6419
f 6434 6539 6408
f 6539 6405 6408
f 6541 6451 6450
f 6543 6470 6545
f 6546 6481 6547
f 6499 6548 6549
f 6549 6514 6499
f 6551 6553 6554
f 6555 6557 6558
f 6403 6423 6559
f 6426 6413 6416
f 6415 6428 6427
f 6430 6561 6562
f 6434 6420 6419
f 6563 6565 6566
f 6404 6445 6446
f 6459 6399 6398
f 6455 6388 6387
f 6405 6449 6406
f 6540 6450 6405
f 6567 6568 6569
f 6570 6463 6567
f 6475 6490 6465
f 6458 6571 6572
f 6573 6574 6575
f 6576 6578 6579
f 6193 6580 6581
f 6582 6584 6585
f 6583 6586 6587
f 6588 6587 6586
f 6590 6068 6591
f 6592 6594 6319
f 6251 6595 6252
f 6304 6597 6598
f 6272 6599 6273
f 3737 6558 6557
f 6600 6160 6601
f 6123 6603 6120
f 6604 6606 6607
f 6608 6208 6609
f 5972 6220 5965
f 6610 6612 6556
f 6613 6615 6616
f 6242 6618 6239
f 6226 6245 6227
f 6620 6622 6623
f 6624 6146 6625
f 6626 6211 6136
f 6627 6629 6630
f 6631 6633 6634
f 6235 6636 6232
f 6637 6639 6640
f 6641 6286 6642
f 6643 6645 6646
f 6647 6649 6650
f 6244 6294 6336
f 6336 6652 6244
f 6194 6237 6222
f 6196 6114 6191
f 6115 6191 6114
f 6653 6655 6656
f 6657 6189 6658
f 6117 6659 6118
f 6130 6156 6131
f 6133 6151 6134
f 6661 6662 6660
f 6663 6616 6552
f 6664 6273 6665
f 6418 6432 6431
f 6290 6328 6291
f 6666 6556 6612
f 6557 3805 3737
f 5971 6668 5968
f 6181 6670 6178
f 6671 6673 6674
f 6676 6672 6675
f 6675 6149 6676
f 6067 5999 5998
f 6677 6679 6680
f 6681 6683 6684
f 6087 6090 6089
f 5983 6685 6686
f 5982 6687 6685
f 6094 6688 6687
f 6211 6137 6136
f 6689 6691 6692
f 6690 3833 3832
f 6001 6686 6002
f 5978 6215 5979
f 6694 5978 6095
f 5974 6095 6695
f 6183 6696 6697
f 6698 5961 6218
f 5959 6699 5956
f 6697 6700 6701
f 6702 6703 6704
f 5968 6705 5969
f 6706 5955 5954
f 6707 6617 6708
f 6024 6709 6710
f 6402 6559 6425
f 3852 6712 3853
f 3856 6593 3857
f 5977 6694 5974
f 6713 5977 5976
f 6714 6716 6717
f 6718 6308 6250
f 6720 6254 6721
f 6722 6724 6725
f 6312 6726 6727
f 6069 6728 6729
f 6319 6730 6086
f 6731 6644 6732
f 6732 6734 6731
f 6046 6320 6047
f 3880 6666 6735
f 6736 6738 6739
f 6531 6741 6326
f 6300 6614 6613
f 6742 6325 6290
f 6743 3891 3890
f 6744 6301 6745
f 6746 6534 6533
f 6536 6579 6535
f 6535 6563 6537
f 6566 6537 6563
f 6538 6409 6539
f 6412 6539 6409
f 6412 6541 6540
f 6748 6542 6541
f 6749 6545 6542
f 6568 6547 6543
f 6751 6548 6546
f 6753 6550 6549
f 6755 6757 6758
f 6759 6761 6762
f 6763 6765 6762
f 6764 6623 6765
f 6766 6768 6769
f 6770 6772 6773
f 6774 6776 6777
f 6021 6777 6022
f 6723 6779 6724
f 6780 6782 6783
f 6784 6786 6787
f 6788 6790 6791
f 6185 6793 6186
f 6794 6725 6795
f 6729 6098 6097
f 6135 6798 6132
f 6799 6065 6800
f 6037 6802 6038
f 6005 6588 6586
f 6005 6804 6006
f 6052 6010 6805
f 6586 6803 6005
f 6092 5987 6089
f 6094 5985 6092
f 6096 6695 6095
f 6082 6799 6585
f 6657 6041 6659
f 6013 6658 6014
f 6795 6807 6808
f 6809 6811 6812
f 6813 6815 6816
f 6817 6819 6820
f 6821 6823 6824
f 6329 6204 6217
f 6202 6826 6203
f 6072 6827 6828
f 6598 6305 6304
f 6301 6613 6663
f 6830 6271 6270
f 6822 6778 6823
f 6326 6832 6327
f 6203 6833 6216
f 6027 6051 6024
f 6360 6835 6357
f 6836 6838 6839
f 6837 6841 6838
f 6362 6366 6363
f 6380 6384 6381
f 6421 6578 6842
f 6566 6410 6409
f 6394 6388 6391
f 6414 6368 6367
f 6371 6416 6413
f 6561 6378 6382
f 6382 6562 6561
f 6381 6418 6562
f 6389 6430 6431
f 6391 6454 6441
f 6441 6453 6456
f 6456 6473 6574
f 6495 6750 6568
f 6843 6485 6484
f 6844 6843 6846
f 6573 6847 6848
f 6849 6487 6486
f 6513 6752 6469
f 6517 6850 6503
f 6521 6851 6850
f 6844 6852 6853
f 6505 6510 6509
f 6753 6512 6754
f 6516 6521 6517
f 6614 6854 6615
f 6742 4003 3891
f 6708 6855 6856
f 6307 6857 6858
f 6307 6665 6304
f 6414 6425 6559
f 6416 6427 6426
f 6562 6431 6430
f 6419 6538 6434
f 6358 6839 6359
f 6059 6859 6860
f 6861 6863 6864
f 6865 6867 6868
f 6115 6869 6870
f 6871 6873 6874
f 6721 6596 6875
f 6876 6556 6555
f 6877 6552 6551
f 6551 6268 6877
f 6879 6265 6269
f 6239 6651 6336
f 6230 6619 6226
f 6171 6669 6880
f 6106 6882 6881
f 6883 6822 6821
f 6759 6187 6174
f 6725 6785 6807
f 6885 6808 6791
f 6886 6888 6031
f 6701 6756 6755
f 6884 6779 6822
f 6715 6309 6308
f 6889 6890 6891
f 6743 4042 6892
f 6270 6893 6830
f 6386 6895 6383
f 6895 6420 6896
f 6897 6417 6896
f 6897 6407 6898
f 6390 6899 6387
f 6900 6406 6449
f 6455 6901 6452
f 6902 6904 6471
f 6482 6905 6483
f 6501 6907 6502
f 6496 6908 6909
f 6532 6326 6325
f 6532 6743 6529
f 6612 6735 6666
f 6611 6910 6612
f 6626 5979 6213
f 6704 6105 6702
f 6913 6591 6914
f 6915 6795 6885
f 6229 4067 4066
f 6263 6289 6619
f 6745 6663 6877
f 6916 6757 6917
f 6885 6165 6915
f 6920 6783 6919
f 6921 6923 6924
f 6925 6924 6926
f 6927 6929 6930
f 6931 6933 6934
f 6935 6937 6938
f 6939 6941 6942
f 6943 6945 6946
f 6947 6949 6950
f 6944 6951 6952
f 6953 6955 6956
f 6957 6959 6960
f 6961 6929 6963
f 6964 6966 6967
f 6968 6970 6971
f 6969 6955 6970
f 6972 6946 6973
f 6974 6976 6977
f 6978 6980 6981
f 6940 6982 6983
f 6984 6986 6987
f 6988 6990 6991
f 6992 6989 6993
f 6994 6996 6997
f 6998 7000 7001
f 7002 7004 7005
f 7006 7008 7009
f 7010 7012 7013
f 7014 7016 7017
f 7018 6999 6998
f 7020 7022 7023
f 7024 7026 7027
f 7028 7030 7031
f 7032 7034 7035
f 7003 7036 7037
f 7038 7040 7027
f 6993 7030 7041
f 7042 7044 7045
f 7046 7007 7006
f 7011 7048 7049
f 7050 7052 7053
f 7054 7014 7055
f 7015 7056 7057
f 6621 7045 7044
f 7049 6775 6774
f 7051 6021 6020
f 7055 6701 7054
f 7054 6755 7056
f 6764 7047 7046
f 7020 7059 7013
f 7060 7062 7063
f 6958 7065 6959
f 6925 7067 6973
f 7068 6934 6926
f 7069 6991 7070
f 7071 7072 7073
f 7074 7076 7077
f 7078 7080 7081
f 7014 7082 7083
f 7084 7086 7087
f 7025 7031 7026
f 7085 7072 7088
f 7089 7087 7090
f 7055 7083 7091
f 7090 6770 6773
f 7092 7094 7095
f 7091 6697 7055
f 6770 7086 6758
f 7095 6767 6766
f 7096 6980 7097
f 7098 6940 7099
f 7058 7023 7100
f 7101 6930 7102
f 6974 7063 6967
f 7103 6971 7104
f 7105 6981 6977
f 7106 7036 7108
f 7109 7010 7110
f 7111 7018 7034
f 7098 7037 7100
f 7048 7112 6775
f 7113 7041 6997
f 6994 7115 7088
f 6965 6923 6966
f 6975 6945 6976
f 7061 7065 7062
f 6954 6933 6963
f 6763 7109 7047
f 7046 6620 6764
f 6947 7067 6956
f 6758 7056 6755
f 7118 7039 7038
f 7038 7070 7118
f 7106 7121 7122
f 7123 7053 7052
f 7123 7083 7082
f 7045 7006 7042
f 7107 7122 7009
f 7091 7052 7051
f 7091 6020 6183
f 6936 7097 6937
f 7125 6960 7102
f 6774 7050 7049
f 7119 6942 7039
f 7019 7005 6999
f 7011 7124 7012
f 7021 7040 7022
f 7114 7016 7115
f 7053 7049 7050
f 7086 7057 7056
f 6993 7127 6992
f 7075 7113 7076
f 4281 6603 7128
f 6012 7129 6040
f 7130 6584 7131
f 6797 7133 6798
f 6074 7135 6075
f 6789 6173 6790
f 6760 6776 6761
f 7136 6801 6589
f 6914 6674 6913
f 7007 7059 7008
f 7099 7003 7098
f 6984 7104 6938
f 7110 7047 7109
f 6333 6587 7129
f 5956 6667 5971
f 5957 5971 5970
f 7137 6308 6719
f 4292 6718 6250
f 6693 6668 6215
f 6215 6667 6214
f 6214 6699 6212
f 6698 6212 6699
f 6219 6198 6218
f 6207 6220 6208
f 6220 6609 6208
f 6262 4066 4003
f 7138 7140 7141
f 4298 7140 4299
f 7143 7145 7146
f 7147 7144 7149
f 7149 7151 7147
f 7150 7153 7151
f 6329 7154 7152
f 6261 7155 7154
f 7156 7157 7158
f 6598 7159 7160
f 6257 7161 7162
f 6256 4321 7161
f 6693 6706 6705
f 5954 6705 6706
f 5953 5969 5954
f 7163 5983 6912
f 7164 6138 7166
f 7167 7169 7170
f 6141 7172 6142
f 7166 7173 7164
f 6141 7174 7175
f 7176 7178 7179
f 7180 7182 7183
f 7184 7186 7187
f 6631 7183 7188
f 6218 6197 6698
f 6625 7189 6624
f 6814 7190 7191
f 6882 7193 7194
f 7195 6109 6108
f 6888 7198 7199
f 7200 7202 7203
f 7176 6630 7204
f 6029 7187 6030
f 7205 7207 7208
f 7209 7211 7212
f 7203 7213 7214
f 6886 6778 6723
f 6031 7215 6886
f 7216 7218 7219
f 7220 6880 6669
f 6076 7220 7222
f 6074 6672 6671
f 6147 6662 7223
f 7223 6111 6110
f 6810 6113 6112
f 6920 6914 6591
f 6077 6675 6672
f 6660 6076 6661
f 7222 6669 6181
f 7224 6181 6180
f 6660 6150 6675
f 7225 6794 6915
f 6783 7225 6164
f 6781 6068 6067
f 7217 7228 7218
f 6031 7199 6028
f 6887 6723 6722
f 6164 6915 6165
f 6780 6591 6068
f 7134 6671 6914
f 7229 6824 6823
f 7187 7230 7229
f 7226 6722 6794
f 7231 6169 7233
f 7201 7233 7202
f 6107 7235 7200
f 7215 6823 6778
f 6030 7229 7215
f 7236 7219 7179
f 7237 6820 6819
f 7237 7207 7238
f 7239 7241 7242
f 6739 7244 6736
f 7245 7242 7246
f 7233 6168 7247
f 7247 7202 7233
f 7195 7203 7214
f 7248 7250 6703
f 7227 7252 7228
f 7253 5998 7251
f 6067 7198 6781
f 6781 7197 6782
f 5984 6683 5986
f 7254 6678 6684
f 6679 7252 5997
f 6887 7197 6888
f 6782 7226 7225
f 7135 6163 7221
f 7221 6075 7135
f 6661 7222 7224
f 7224 6111 6661
f 6180 6112 7224
f 6179 6810 6180
f 6811 6793 6649
f 6650 6622 6769
f 6766 7044 7095
f 7095 7043 7092
f 7092 7121 7081
f 7078 7255 7033
f 7256 7257 7258
f 6768 7259 6647
f 6773 7094 7090
f 7090 7093 7089
f 7089 7080 7073
f 7071 7032 7260
f 7077 6998 7074
f 6995 7260 6996
f 7077 7261 7035
f 7035 7018 7077
f 7108 7111 7255
f 6978 7262 7001
f 7105 7264 7262
f 7263 6952 7264
f 6990 6951 7265
f 6972 7266 7265
f 7117 6950 7266
f 6948 7267 6949
f 6969 6982 7267
f 7103 6987 6983
f 7005 6986 7268
f 6999 7268 7000
f 7269 7271 7272
f 7274 7275 7273
f 7274 7276 7277
f 7278 7280 7281
f 7282 7284 7285
f 7286 7288 7289
f 7290 7292 7293
f 7294 7296 7293
f 7068 7298 7299
f 7300 7302 7303
f 7304 7305 7306
f 7307 7305 7308
f 7309 7283 7310
f 7311 7313 7314
f 7125 7306 7315
f 7285 7280 7282
f 7277 7303 7302
f 6965 7316 7317
f 7318 7316 7319
f 7320 7271 7314
f 7312 7296 7313
f 7270 7298 7322
f 7311 7322 7317
f 6961 7300 7308
f 7323 7325 7326
f 7327 7328 7329
f 7064 7325 7328
f 7287 7292 7288
f 6931 7299 7301
f 7331 7329 7319
f 7332 7334 7335
f 7336 7338 7339
f 7340 7333 7332
f 7342 7343 7344
f 7345 7347 7344
f 7348 7350 7351
f 7352 7354 7355
f 7356 7358 7359
f 7360 7362 7363
f 7365 7367 7364
f 7368 7370 7371
f 7372 7336 7374
f 7373 7337 7336
f 7367 7376 7377
f 7378 7380 7381
f 7382 7384 7385
f 7386 7385 7384
f 7388 7390 7391
f 7392 7333 7393
f 7394 7396 7397
f 7398 7400 7401
f 7402 7404 7405
f 7406 7408 7409
f 7410 7383 7382
f 7412 7414 7415
f 7385 7417 7382
f 7389 7419 7390
f 7373 7421 7375
f 7420 7372 7422
f 7369 7424 7370
f 7399 7397 7425
f 7393 7341 7342
f 7398 7357 7426
f 7358 7401 7427
f 7428 7430 7431
f 7433 7435 7432
f 7363 7436 7437
f 7383 7439 7384
f 7411 7438 7383
f 7441 7443 7444
f 7445 7339 7447
f 7374 7339 7446
f 7444 7364 7448
f 7448 7450 7449
f 7364 7451 7450
f 7451 7377 7452
f 7449 7454 7453
f 7455 7450 7451
f 7456 7451 7452
f 7410 7458 7459
f 7460 7462 7369
f 7423 7462 7463
f 7464 7466 7467
f 7468 7347 7470
f 7376 7471 7472
f 7425 7396 7473
f 7475 7477 7474
f 7478 7480 7481
f 7482 7407 7406
f 7484 7351 7486
f 7487 7488 7489
f 7490 7492 7493
f 7412 7434 7433
f 7494 7434 7415
f 7496 7391 7497
f 7440 7498 7499
f 7401 7488 7500
f 7485 7345 7501
f 7500 7427 7401
f 7395 7469 7468
f 7503 7505 7506
f 7507 7509 7510
f 7511 7513 7514
f 7511 7515 7516
f 7517 7519 7520
f 7521 7523 7355
f 7352 7525 7526
f 7415 7527 7494
f 7528 7530 7486
f 7404 7502 7500
f 7477 7496 7532
f 7512 7481 7513
f 7405 7500 7488
f 7533 7535 7536
f 7378 7510 7537
f 7532 7379 7538
f 7539 7541 7542
f 7524 7355 7523
f 7351 7501 7348
f 7414 7523 7527
f 7522 7527 7523
f 7544 7412 7545
f 7546 7547 7548
f 7526 7353 7352
f 7550 7355 7354
f 7521 7551 7548
f 7552 7548 7551
f 7546 7553 7554
f 7522 7548 7547
f 7418 7520 7555
f 7416 7554 7417
f 7457 7558 7458
f 7557 7560 7558
f 7535 7561 7562
f 7562 7563 7564
f 7564 7349 7348
f 7351 7565 7486
f 7567 7569 7566
f 7570 7520 7519
f 7419 7555 7571
f 7572 7348 7501
f 7389 7556 7418
f 7573 7493 7480
f 7552 7534 7553
f 7562 7536 7535
f 7572 7576 7574
f 7422 7578 7420
f 7423 7580 7424
f 7579 7463 7581
f 7578 7576 7582
f 7583 7381 7380
f 7586 7581 7585
f 7533 7579 7586
f 7447 7338 7587
f 7588 7531 7589
f 7590 7431 7591
f 7321 7592 7585
f 7275 7463 7273
f 7461 7276 7462
f 7279 7461 7453
f 7453 7593 7279
f 7594 7454 7455
f 7330 7498 7459
f 7459 7294 7330
f 7558 7595 7295
f 7560 7320 7595
f 7275 7585 7581
f 7462 7273 7463
f 7596 7380 7497
f 7597 7406 7409
f 7467 7599 7600
f 7601 7603 7604
f 7605 7444 7443
f 7365 7606 7366
f 7607 7494 7608
f 7513 7473 7396
f 7396 7514 7513
f 7514 7468 7515
f 7470 7515 7468
f 7610 7609 7470
f 7612 7476 7475
f 7613 7529 7614
f 7442 7615 7616
f 7343 7617 7618
f 7574 7577 7536
f 7619 7399 7491
f 7518 7509 7519
f 7491 7425 7492
f 7549 7621 7565
f 7491 7622 7619
f 7377 7440 7452
f 7379 7497 7380
f 7453 7460 7449
f 7411 7459 7498
f 7623 7391 7390
f 7625 7610 7484
f 7487 7483 7626
f 7619 7408 7489
f 7627 7620 7549
f 7538 7378 7537
f 7389 7477 7476
f 7629 7412 7433
f 7489 7407 7487
f 7628 7598 7597
f 7413 7524 7414
f 7592 7559 7630
f 7584 7632 7381
f 7569 7633 7571
f 7570 7566 7569
f 7631 7566 7632
f 7508 7519 7509
f 7614 7480 7613
f 7346 7470 7347
f 7572 7562 7564
f 7571 7634 7419
f 7346 7484 7610
f 7607 7431 7495
f 7585 7630 7586
f 7624 7497 7391
f 7635 7384 7439
f 7636 7502 7588
f 7323 7310 7289
f 7420 7582 7421
f 7637 7455 7456
f 7287 7499 7498
f 7458 7295 7294
f 7439 7472 7635
f 7599 7604 7600
f 7359 7427 7636
f 7436 7639 7437
f 7490 7640 7622
f 7481 7493 7473
f 7641 7505 7525
f 7642 7627 7644
f 7492 7473 7493
f 7517 7625 7530
f 7625 7486 7530
f 7634 7390 7419
f 7474 7532 7516
f 7448 7441 7444
f 7368 7449 7460
f 7615 7368 7371
f 7638 7602 7639
f 7575 7501 7345
f 7571 7570 7569
f 7400 7489 7488
f 7508 7632 7566
f 7503 7540 7539
f 6957 7315 7326
f 7376 7438 7377
f 7507 7381 7632
f 7499 7452 7440
f 7286 7456 7499
f 7504 7644 7505
f 7368 7460 7369
f 7645 7627 7643
f 7647 7633 7646
f 7647 7623 7634
f 7649 7623 7648
f 7650 7624 7649
f 7646 7568 7651
f 7651 7567 7652
f 7653 7567 7631
f 7651 7655 7646
f 7656 7658 7659
f 7660 7657 7661
f 7663 7656 7662
f 7664 7663 7666
f 7667 7663 7662
f 7667 7668 7655
f 7663 7661 7657
f 7670 7672 7669
f 7661 7671 7660
f 7659 7662 7656
f 7648 7668 7659
f 7648 7673 7649
f 7659 7674 7673
f 7658 7675 7674
f 7668 7646 7655
f 7660 7676 7675
f 7675 7678 7674
f 7677 7676 7679
f 7677 7681 7678
f 7682 7678 7681
f 7677 7684 7680
f 7673 7678 7683
f 7683 7649 7673
f 7685 7671 7670
f 7667 7686 7666
f 7666 7687 7664
f 7654 7686 7655
f 7689 7686 7688
f 7664 7691 7690
f 7650 7583 7596
f 7693 7631 7584
f 7584 7692 7693
f 7693 7682 7694
f 7694 7681 7695
f 7694 7653 7693
f 7650 7682 7692
f 7696 7652 7653
f 7654 7652 7697
f 7688 7697 7698
f 7699 7697 7696
f 7700 7698 7699
f 7695 7696 7694
f 7699 7702 7700
f 7689 7698 7701
f 7689 7703 7704
f 7705 7707 7703
f 7701 7705 7703
f 7704 7707 7685
f 7685 7691 7704
f 7687 7704 7691
f 7680 7695 7681
f 7684 7702 7680
f 7702 7705 7700
f 7684 7707 7706
f 7676 7707 7679
f 7665 7672 7661
f 7670 7690 7691
f 7665 7690 7669
f 7611 7474 7609
f 7510 7479 7478
f 7511 7537 7512
f 7516 7538 7511
f 7517 7613 7518
f 7537 7478 7512
f 7611 7612 7475
f 7613 7479 7518
f 7556 7517 7520
f 7516 7609 7474
f 7708 7710 7711
f 7712 7714 7715
f 7713 7717 7714
f 7719 7721 7718
f 7722 7597 7409
f 7724 7715 7725
f 7726 7728 7729
f 7731 7573 7730
f 7730 7614 7732
f 7733 7735 7736
f 7721 7724 7737
f 7731 7409 7640
f 7708 7729 7738
f 7737 7709 7739
f 7716 7736 7740
f 7742 7744 7745
f 7740 7735 7746
f 7717 7740 7747
f 7716 7720 7741
f 7748 7711 7710
f 7750 7710 7725
f 7720 7751 7741
f 7734 7728 7735
f 7709 7725 7710
f 7752 7715 7714
f 7739 7708 7738
f 7720 7712 7721
f 7749 7755 7711
f 7745 7756 7747
f 7746 7742 7745
f 7743 7755 7754
f 7727 7735 7728
f 7747 7757 7717
f 7753 7725 7715
f 7751 7620 7733
f 7757 7714 7717
f 7718 7737 7732
f 7747 7746 7745
f 7727 7755 7742
f 7726 7711 7755
f 7759 7756 7758
f 7759 7752 7757
f 7760 7753 7752
f 7761 7750 7753
f 7758 7744 7763
f 7763 7743 7764
f 7754 7764 7743
f 7763 7767 7758
f 7768 7770 7771
f 7772 7771 7773
f 7775 7772 7774
f 7776 7775 7778
f 7779 7775 7774
f 7775 7769 7768
f 7770 7781 7780
f 7782 7772 7773
f 7760 7782 7773
f 7760 7783 7761
f 7773 7784 7783
f 7770 7784 7771
f 7779 7782 7767
f 7782 7758 7767
f 7785 7780 7786
f 7785 7788 7784
f 7787 7786 7789
f 7787 7791 7788
f 7792 7788 7791
f 7787 7794 7790
f 7793 7784 7788
f 7762 7783 7793
f 7796 7780 7795
f 7795 7781 7797
f 7779 7798 7778
f 7799 7778 7798
f 7766 7798 7767
f 7800 7799 7798
f 7802 7799 7803
f 7795 7802 7803
f 7762 7748 7750
f 7805 7754 7749
f 7749 7804 7805
f 7805 7792 7806
f 7806 7791 7807
f 7806 7765 7805
f 7793 7804 7762
f 7808 7764 7765
f 7766 7764 7809
f 7766 7810 7800
f 7811 7809 7808
f 7812 7810 7811
f 7807 7808 7806
f 7811 7814 7812
f 7813 7800 7810
f 7801 7815 7816
f 7817 7819 7815
f 7813 7817 7815
f 7816 7819 7796
f 7796 7803 7816
f 7799 7816 7803
f 7790 7807 7791
f 7794 7814 7790
f 7814 7817 7812
f 7794 7819 7818
f 7786 7819 7789
f 7777 7781 7769
f 7777 7802 7797
f 7528 7718 7529
f 7729 7723 7722
f 7738 7730 7739
f 7732 7739 7730
f 7733 7628 7734
f 7722 7738 7729
f 7621 7719 7528
f 7628 7723 7734
f 7733 7741 7751
f 7732 7529 7718
f 7486 7621 7528
f 7549 7350 7353
f 7353 7349 7354
f 7354 7563 7550
f 7821 7823 7820
f 7824 7826 7827
f 7825 7829 7826
f 7830 7832 7833
f 7834 7827 7835
f 7836 7838 7839
f 7840 7406 7841
f 7841 7598 7842
f 7843 7845 7846
f 7833 7834 7847
f 7848 7836 7839
f 7847 7821 7849
f 7828 7846 7850
f 7853 7855 7852
f 7850 7845 7856
f 7829 7850 7857
f 7828 7832 7851
f 7858 7823 7822
f 7860 7822 7835
f 7831 7851 7832
f 7844 7838 7845
f 7834 7822 7821
f 7863 7827 7826
f 7849 7820 7848
f 7825 7833 7832
f 7859 7866 7823
f 7855 7867 7857
f 7837 7855 7856
f 7865 7852 7866
f 7837 7845 7838
f 7857 7868 7829
f 7864 7835 7827
f 7843 7642 7504
f 7868 7826 7829
f 7830 7847 7842
f 7857 7856 7855
f 7837 7866 7852
f 7836 7823 7866
f 7870 7867 7869
f 7870 7863 7868
f 7871 7864 7863
f 7872 7860 7864
f 7869 7854 7874
f 7874 7853 7875
f 7876 7853 7865
f 7874 7878 7869
f 7879 7881 7882
f 7883 7882 7884
f 7886 7883 7885
f 7887 7886 7889
f 7890 7886 7885
f 7886 7880 7879
f 7891 7880 7892
f 7884 7885 7883
f 7871 7893 7884
f 7871 7894 7872
f 7884 7895 7894
f 7882 7896 7895
f 7890 7893 7878
f 7893 7869 7878
f 7881 7897 7896
f 7898 7895 7896
f 7900 7896 7897
f 7901 7899 7898
f 7904 7902 7903
f 7898 7905 7901
f 7894 7899 7904
f 7904 7872 7894
f 7907 7891 7906
f 7906 7892 7908
f 7890 7909 7889
f 7910 7889 7909
f 7877 7909 7878
f 7912 7909 7911
f 7887 7914 7913
f 7906 7913 7914
f 7873 7858 7860
f 7916 7865 7859
f 7859 7915 7916
f 7916 7903 7917
f 7917 7902 7918
f 7917 7876 7916
f 7873 7903 7915
f 7919 7875 7876
f 7877 7875 7920
f 7911 7920 7921
f 7922 7920 7919
f 7923 7921 7922
f 7918 7919 7917
f 7922 7925 7923
f 7924 7911 7921
f 7912 7926 7927
f 7928 7930 7926
f 7924 7928 7926
f 7927 7930 7907
f 7907 7914 7927
f 7910 7927 7914
f 7901 7918 7902
f 7905 7925 7901
f 7925 7928 7923
f 7905 7930 7929
f 7897 7930 7900
f 7888 7892 7880
f 7888 7913 7908
f 7645 7831 7830
f 7839 7862 7931
f 7841 7848 7840
f 7842 7849 7841
f 7504 7844 7843
f 7839 7840 7848
f 7643 7861 7831
f 7503 7862 7844
f 7846 7861 7843
f 7842 7645 7830
f 7932 7934 7935
f 7936 7938 7939
f 7937 7941 7938
f 7942 7944 7945
f 7947 7949 7946
f 7950 7939 7951
f 7953 7955 7952
f 7956 7958 7959
f 7956 7540 7960
f 7962 7964 7961
f 7936 7965 7945
f 7946 7958 7957
f 7966 7952 7955
f 7965 7933 7967
f 7968 7969 7964
f 7970 7972 7973
f 7974 7964 7963
f 7941 7968 7975
f 7940 7944 7969
f 7976 7935 7934
f 7978 7934 7951
f 7943 7969 7944
f 7947 7963 7962
f 7933 7951 7934
f 7980 7939 7938
f 7967 7932 7966
f 7937 7945 7944
f 7977 7983 7935
f 7973 7984 7975
f 7953 7973 7974
f 7982 7970 7983
f 7974 7954 7953
f 7975 7985 7941
f 7981 7951 7939
f 7961 7544 7545
f 7985 7938 7941
f 7942 7965 7960
f 7975 7974 7973
f 7952 7970 7953
f 7952 7935 7983
f 7987 7984 7986
f 7987 7980 7985
f 7988 7981 7980
f 7989 7978 7981
f 7986 7972 7991
f 7991 7971 7992
f 7993 7971 7982
f 7986 7994 7995
f 7997 7999 7996
f 8000 7999 8001
f 8003 8000 8002
f 8005 8006 8004
f 8007 8003 8002
f 7996 8005 7997
f 7998 8009 8008
f 8010 8000 8001
f 7988 8010 8001
f 7988 8011 7989
f 8011 7999 8012
f 7998 8012 7999
f 8007 8010 7995
f 8010 7986 7995
f 8013 8008 8014
f 8015 8012 8013
f 8017 8013 8014
f 8018 8016 8015
f 8021 8019 8020
f 8015 8022 8018
f 8011 8016 8021
f 8021 7989 8011
f 8023 8014 8008
f 8023 8009 8025
f 8007 8026 8006
f 8026 8004 8006
f 8028 7995 7994
f 8029 8026 8028
f 8030 8027 8031
f 8023 8030 8031
f 7990 7976 7978
f 8033 7982 7977
f 7976 8033 7977
f 8034 8032 8020
f 8035 8020 8019
f 8034 7993 8033
f 7990 8020 8032
f 8036 7992 7993
f 7991 8037 7994
f 7994 8038 8028
f 8039 8037 8036
f 8040 8038 8039
f 8035 8036 8034
f 8039 8042 8040
f 8041 8028 8038
f 8029 8043 8044
f 8045 8047 8043
f 8041 8045 8043
f 8044 8047 8024
f 8024 8031 8044
f 8027 8044 8031
f 8042 8019 8018
f 8022 8042 8018
f 8042 8045 8040
f 8017 8046 8022
f 8014 8047 8017
f 8005 8009 7997
f 8005 8030 8025
f 7506 7943 7942
f 7954 7946 7955
f 7967 7957 7956
f 7960 7967 7956
f 7948 7962 8048
f 7955 7957 7966
f 7641 7979 7943
f 7969 7961 7964
f 7960 7506 7942
f 7362 8050 7436
f 8052 7464 8051
f 8051 7467 8053
f 8054 7600 7604
f 8056 7618 8052
f 7436 8057 7638
f 8049 7361 8056
f 8057 7603 7638
f 8055 7467 7600
f 8058 7604 7603
f 8059 8058 8057
f 8060 8054 8058
f 8061 8055 8054
f 8062 8053 8055
f 8059 8050 8064
f 8064 8049 8065
f 8056 8065 8049
f 8059 8067 8068
f 8069 8071 8072
f 8073 8072 8074
f 8075 8073 8076
f 8077 8075 8076
f 8075 8070 8069
f 8079 8081 8070
f 8082 8070 8081
f 8083 8073 8074
f 8061 8083 8074
f 8061 8084 8062
f 8074 8085 8084
f 8072 8086 8085
f 8077 8083 8068
f 8083 8059 8068
f 8071 8087 8086
f 8088 8085 8086
f 8090 8086 8087
f 8091 8089 8088
f 8094 8092 8093
f 8088 8095 8091
f 8084 8089 8094
f 8094 8062 8084
f 8097 8082 8096
f 8096 8081 8080
f 8077 8098 8078
f 8099 8078 8098
f 8101 8068 8067
f 8102 8098 8101
f 8100 8104 8103
f 8096 8103 8104
f 8075 8100 8079
f 8079 8103 8080
f 8105 8053 8063
f 8066 8052 8106
f 8051 8106 8052
f 8107 8105 8093
f 8108 8093 8092
f 8107 8066 8106
f 8063 8093 8105
f 8109 8065 8066
f 8064 8110 8067
f 8067 8111 8101
f 8112 8110 8109
f 8113 8111 8112
f 8108 8109 8107
f 8112 8115 8113
f 8114 8101 8111
f 8102 8116 8117
f 8118 8120 8116
f 8114 8118 8116
f 8117 8120 8097
f 8097 8104 8117
f 8099 8117 8104
f 8091 8108 8092
f 8095 8115 8091
f 8115 8118 8113
f 8095 8120 8119
f 8087 8120 8090
f 7550 7561 7551
f 7552 7561 7535
f 7931 7539 7542
f 7640 7408 7622
f 7549 7644 7627
f 7525 7544 7641
f 7931 7482 7840
f 7483 7542 7541
f 7626 7405 7487
f 7629 7432 8121
f 7629 7949 7948
f 8122 7949 8121
f 8123 8121 7432
f 8124 7432 7435
f 7434 8125 7435
f 8125 8124 7435
f 8124 7429 8126
f 8123 8126 8127
f 8122 8127 8128
f 7541 7959 8128
f 7404 8129 7531
f 8125 7431 7430
f 7526 7505 7644
f 7626 7541 8128
f 7959 8122 8128
f 7961 8048 7962
f 7629 8048 7545
f 8127 7626 8128
f 7402 8126 7403
f 8129 8126 7429
f 7428 8129 7429
f 7589 7428 7590
f 7471 7366 7606
f 7334 7426 7357
f 7335 7357 7356
f 7616 7446 7445
f 7392 7398 7426
f 7393 7397 7392
f 7342 7394 7393
f 7344 7469 7342
f 7343 7361 7360
f 7360 7344 7343
f 7363 7345 7360
f 7437 7575 7363
f 7582 7437 7639
f 7421 7639 7602
f 7375 7602 7601
f 7599 7375 7601
f 7465 7618 7617
f 7332 7587 7340
f 7447 7335 7445
f 7445 7356 7616
f 7359 7616 7356
f 7636 7442 7359
f 7588 7443 7636
f 7589 7605 7588
f 7590 7606 7589
f 7471 7591 7472
f 7446 7371 7374
f 7371 7372 7374
f 7422 7370 7424
f 7577 7424 7580
f 7536 7580 7533
f 7591 7635 7472
f 7607 7386 7635
f 7543 7494 7527
f 7547 7543 7522
f 7608 7387 7386
f 7387 7416 7385
f 7457 7382 7417
f 7557 7417 7554
f 7559 7554 7553
f 7630 7553 7534
f 7534 7586 7630
f 7466 7337 7599
f 7465 7338 7466
f 7617 7587 7465
f 7341 7617 7343
f 8130 6090 8131
f 6023 8132 8133
f 6182 8133 6784
f 6623 6792 6185
f 6787 6182 6784
f 8134 6696 6787
f 6917 6756 8135
f 6762 7112 6763
f 6762 6184 6759
f 6765 6185 6184
f 6650 6768 6647
f 6772 6916 7259
f 6777 6789 6788
f 6022 6788 8132
f 6756 8134 8135
f 6758 6771 6770
f 6761 6775 7112
f 6769 6621 6766
f 6772 6767 6773
f 6174 6760 6759
f 6187 6178 6670
f 6811 6648 6812
f 6786 6724 6779
f 6791 6918 6885
f 6186 6179 6178
f 6808 8133 8132
f 6884 8135 8134
f 6174 6670 6171
f 6807 6784 8133
f 6791 8132 6788
f 6786 8134 6787
f 6790 6172 6918
f 6649 6792 6650
f 6316 8136 6717
f 8137 6654 8138
f 8139 6601 6160
f 6656 6580 6870
f 6868 8142 6865
f 6316 6711 6313
f 6864 8144 6861
f 6864 8145 6860
f 6868 6869 6710
f 6656 6866 6653
f 8146 8148 8149
f 8139 8151 6640
f 8152 6866 6865
f 8154 8138 6654
f 6874 8156 8157
f 8158 8159 6805
f 8160 6865 8142
f 8161 6313 6711
f 6161 8162 8163
f 8164 6654 6653
f 8153 6653 6866
f 8165 8167 8168
f 8166 8169 8167
f 5989 8170 8169
f 5988 8171 8170
f 8172 6043 6042
f 8174 6032 6035
f 8174 6098 8176
f 8176 6796 8177
f 8177 8178 8179
f 7132 6728 7133
f 6589 8180 7136
f 8180 6004 8181
f 8181 6007 8182
f 6334 6731 6734
f 6079 6645 6731
f 6078 6646 6645
f 6085 8184 6646
f 6091 8185 6093
f 6086 8183 6085
f 6950 7118 7070
f 6952 6992 7127
f 6983 6968 7103
f 6987 7004 7099
f 7001 6979 6978
f 7001 7074 6998
f 7262 7075 7074
f 7264 7127 7075
f 7265 6943 6972
f 7265 6991 6990
f 7266 7070 6991
f 6949 7119 7118
f 7267 6939 7119
f 6983 7099 6940
f 7268 6985 8186
f 7000 8186 6979
f 6938 6985 6984
f 6946 6922 6921
f 6956 6948 6947
f 6971 6928 6927
f 6970 6954 6928
f 6973 6921 6925
f 6977 7263 7105
f 6981 7061 7060
f 6973 7117 6972
f 7097 6979 8186
f 7104 6927 7101
f 6977 7060 6974
f 6976 6944 7263
f 6956 7066 6953
f 6937 8186 6985
f 6938 7101 6935
f 6924 7116 7297
f 6926 7297 7068
f 6930 6962 7304
f 6934 6953 7066
f 6960 6936 6935
f 6963 6928 6954
f 6967 6975 6974
f 7063 7327 7331
f 6959 7096 6936
f 6926 7066 6925
f 7102 7304 7125
f 6967 7331 6964
f 6966 6922 6975
f 7062 7064 7327
f 6963 6932 6961
f 7102 6935 7101
f 7299 7269 8187
f 7301 6932 6931
f 7306 7285 7284
f 7308 6962 6961
f 7315 7284 7309
f 7317 7312 7311
f 7319 6964 7331
f 7322 7297 7116
f 7317 7116 6965
f 7308 7303 7307
f 7326 6958 6957
f 7329 7291 7290
f 7328 7324 7291
f 7301 8187 7302
f 7319 7290 7318
f 7326 7309 7323
f 7272 7321 7275
f 7272 8187 7269
f 7274 7302 8187
f 7281 7307 7303
f 7283 7593 7594
f 7289 7324 7323
f 7293 7330 7294
f 7293 7318 7290
f 7310 7594 7637
f 7314 7595 7320
f 7282 7279 7593
f 7278 7277 7276
f 7314 7270 7311
f 7313 7295 7595
f 7288 7291 7324
f 7289 7637 7286
f 6003 6626 6136
f 6003 7165 6000
f 6690 8189 6691
f 6686 5981 5980
f 6685 6096 5981
f 6687 6806 6096
f 6002 5980 6626
f 6606 5351 5350
f 7164 8190 8191
f 8192 7174 8193
f 6015 8153 8152
f 6189 8155 8154
f 8157 6284 6283
f 6332 8152 8160
f 6593 6317 8161
f 6658 8154 8164
f 6014 8164 8153
f 6332 7131 6333
f 6805 6321 6052
f 6146 8162 6625
f 6607 8195 6604
f 8196 6125 8197
f 8198 7168 8199
f 8199 6633 8200
f 7177 8201 7178
f 8202 8204 8205
f 7208 7185 7205
f 7237 7186 7208
f 6819 7230 7237
f 6818 6824 6819
f 8206 6821 6818
f 8207 8135 8208
f 6917 8209 6916
f 8209 7259 6916
f 8210 6647 7259
f 6812 8212 7258
f 6809 7258 7257
f 6809 8213 6113
f 6113 8214 6110
f 7235 6110 8214
f 7223 7234 6147
f 6147 8215 6148
f 6148 8216 6153
f 8218 6158 8217
f 8219 6116 6119
f 6284 6116 6285
f 6188 8156 8155
f 8155 6873 8138
f 8138 6872 8137
f 8137 8148 6581
f 6193 6281 6190
f 6190 6278 6195
f 8220 8222 8223
f 8224 7139 7138
f 6223 8226 8227
f 6237 8228 8229
f 6238 8227 8230
f 6249 8231 8232
f 6253 8233 8234
f 6236 8221 8228
f 6331 8230 8235
f 6252 8236 8233
f 6222 8229 8226
f 6828 8237 8238
f 6280 8240 8241
f 8208 6883 8206
f 6648 8211 8212
f 6143 8242 8243
f 6624 8244 8242
f 8245 8247 8248
f 8249 8251 8252
f 7195 8254 7196
f 7214 8253 7195
f 8256 7214 7213
f 7243 8257 7244
f 7210 8257 7211
f 8259 6102 8260
f 8261 6121 8262
f 8178 8263 8179
f 7132 8264 8263
f 6797 8265 8264
f 6135 8266 8265
f 6134 8267 8266
f 6151 8268 8267
f 6154 8270 8268
f 8269 8272 8270
f 7194 8273 8274
f 7193 8275 8273
f 8249 8260 8276
f 8248 8278 8245
f 6129 8279 8280
f 7169 8197 6125
f 8198 8192 8197
f 7171 7175 7173
f 6589 7129 6587
f 6801 6040 7129
f 6037 6041 6040
f 6036 6659 6041
f 6131 6118 6659
f 6156 6119 6118
f 8218 6119 6155
f 8219 6815 6642
f 7191 6641 6814
f 8246 7189 7191
f 8245 8281 8282
f 8280 6288 6287
f 6125 7170 7169
f 6288 6602 6123
f 6126 6604 8195
f 8196 6605 6604
f 7174 6691 8189
f 6691 6139 6692
f 7171 8283 7172
f 7172 8284 6142
f 6139 8284 6692
f 8285 8287 8288
f 8211 8289 8286
f 8290 8292 8289
f 8293 8291 8290
f 8293 8208 8295
f 8296 8298 8295
f 6818 8296 8206
f 8285 7258 8212
f 7243 7212 7211
f 7243 8300 8299
f 8301 6739 6738
f 8302 7213 7247
f 8303 7247 6168
f 8304 6168 6167
f 6738 8297 8301
f 8288 6167 6170
f 8304 8291 8305
f 8305 8294 6737
f 6737 8306 8305
f 6736 8307 8306
f 8243 8308 8309
f 8242 8282 8308
f 8247 7191 7190
f 7196 8251 7192
f 8253 8311 8254
f 8255 8310 8253
f 8313 8255 8256
f 7244 8313 8307
f 8313 8258 8312
f 8312 8314 8310
f 8315 8310 8314
f 8311 8316 8252
f 8282 8317 8308
f 8308 8261 8309
f 8309 8262 8318
f 8248 8275 8276
f 8282 8246 8245
f 8307 8256 8302
f 8306 8302 8303
f 8305 8303 8304
f 8298 6737 8294
f 8287 8304 6167
f 7253 7199 7198
f 8319 6028 7199
f 8320 6029 6028
f 8321 7184 6029
f 8322 7185 7184
f 8203 7205 7185
f 8202 7206 7205
f 7239 7210 7209
f 7251 8319 7253
f 7227 8320 8319
f 7217 8321 8320
f 7216 8322 8321
f 7236 8203 8322
f 6175 8200 7204
f 7165 8191 6177
f 6137 7166 6138
f 6200 8283 6137
f 6199 8284 8283
f 8284 6205 6692
f 6205 6689 6692
f 6689 5485 3833
f 7009 8323 7107
f 7013 7021 7020
f 7017 7029 7028
f 7013 7110 7010
f 7073 7084 7089
f 7081 7093 7092
f 7082 7028 7025
f 7088 6995 6994
f 7088 7057 7085
f 7122 7043 7042
f 7124 7024 7126
f 7082 7024 7123
f 7009 7042 7006
f 7012 7126 7021
f 7115 7015 7057
f 7008 7058 8323
f 7081 7120 7078
f 7073 7079 7071
f 6997 7076 7113
f 7023 6942 6941
f 7027 7069 7038
f 7031 6989 6988
f 7079 7033 7032
f 7037 7107 8323
f 7027 7126 7024
f 7041 7029 7114
f 7026 6988 7069
f 7100 6941 7098
f 7108 7002 7019
f 7100 8323 7058
f 6997 7114 6994
f 7022 7039 6942
f 7111 7033 7255
f 7035 7260 7032
f 7261 6996 7260
f 7108 7120 7106
f 7245 8258 7210
f 7246 8314 7245
f 7181 8316 7182
f 8277 6129 8278
f 8278 8280 8281
f 6287 8281 8280
f 6122 8317 6287
f 5487 6144 5488
f 5489 6162 5490
f 6637 8325 8326
f 8326 8225 8224
f 5494 8225 5495
f 6160 8150 8139
f 5496 8151 5497
f 8163 6162 6161
f 6146 8327 8163
f 8243 6144 6143
f 8328 8309 8318
f 8318 5501 5500
f 8262 5502 5501
f 8329 8331 8332
f 8333 8335 8336
f 8338 6007 8337
f 8329 8339 8340
f 8341 6734 8330
f 6006 8337 6007
f 8342 6804 6800
f 6065 8339 8343
f 5995 8341 8340
f 6918 6166 6165
f 7221 6166 6880
f 6172 6880 6166
f 8344 5955 6713
f 5519 5975 5520
f 6806 8346 6695
f 6646 8347 6643
f 8165 8349 6323
f 6322 8131 6090
f 8345 6688 8351
f 6695 5975 5974
f 5976 5528 6713
f 5529 8131 5530
f 6643 8352 8168
f 8183 5532 8184
f 5534 8130 5529
f 6730 5533 8183
f 8351 6093 8185
f 5535 6594 3856
f 8353 6652 6651
f 8354 8355 8356
f 8357 6825 6202
f 8359 6202 6201
f 6224 8356 8360
f 6275 8362 6276
f 6201 7143 8359
f 7146 8359 7143
f 8357 8363 8364
f 8355 8366 8367
f 8361 8368 8362
f 8356 8367 8369
f 8370 8372 7142
f 8220 7145 8374
f 6275 6228 6231
f 5558 6228 6274
f 8375 8367 8366
f 8362 8376 8377
f 8378 8380 8381
f 8363 8382 8383
f 8384 8381 8385
f 8382 8386 8385
f 8383 8364 8363
f 6226 6231 6230
f 6231 8361 6275
f 6636 8389 8379
f 6635 8388 6636
f 8390 5576 5575
f 8379 6232 6636
f 8378 6233 6232
f 8384 8371 6233
f 8372 8393 7141
f 7138 8239 8224
f 8224 8394 8326
f 8146 8394 6282
f 6638 8326 8394
f 6340 6299 6298
f 6747 6577 6576
f 6344 6346 6345
f 6342 6355 6303
f 6353 6349 6297
f 6337 6369 8395
f 6360 6328 6327
f 6358 6386 6385
f 6364 6293 6295
f 6362 6376 6373
f 6366 6297 6296
f 6350 6372 6370
f 6533 6303 6302
f 6534 6346 6343
f 6744 6533 6302
f 6536 6747 6576
f 6357 6894 6386
f 6341 6832 6355
f 6839 6292 6291
f 6837 6380 6379
f 6838 6354 6292
f 6361 6377 6376
f 6363 6296 6293
f 6365 6373 6372
f 6359 6291 6328
f 6836 6385 6380
f 6481 6902 6544
f 6484 6501 6500
f 6477 6487 6474
f 6849 6492 6491
f 6494 6467 6466
f 6547 6544 6543
f 6750 6546 6547
f 6494 6751 6750
f 6843 6500 6846
f 6845 6575 6843
f 6489 6847 6853
f 6474 6491 6490
f 6483 6906 6501
f 6493 6465 6490
f 6471 6544 6902
f 6472 6485 6473
f 6476 6461 6460
f 6470 6542 6545
f 6570 6569 6749
f 6495 6463 6493
f 6475 6462 6461
f 6572 6477 6476
f 6574 6457 6456
f 6569 6543 6545
f 6575 6473 6485
f 6471 6901 6448
f 6469 6508 6513
f 6498 6479 6478
f 6503 6518 6517
f 6489 6505 6486
f 6467 6509 6468
f 6546 6498 6478
f 6549 6752 6753
f 6752 6466 6469
f 6503 6846 6500
f 6850 6844 6846
f 6507 6852 6525
f 6486 6509 6849
f 6502 6909 6518
f 6858 6664 6307
f 8396 6611 6610
f 6833 6324 6216
f 8399 6825 8400
f 6831 8401 8402
f 6707 6826 8399
f 8398 6890 6324
f 6858 8404 6554
f 8405 6610 6876
f 6830 6553 8401
f 8397 6911 6611
f 8400 8358 8365
f 8358 8364 8406
f 8406 8387 8407
f 8389 8380 8379
f 8389 8409 8377
f 8388 8410 8409
f 5575 8410 8390
f 6665 8411 6875
f 8412 6720 6721
f 8413 5601 6720
f 8411 8413 8412
f 6262 6290 6263
f 5602 8414 5604
f 6599 3735 5605
f 7141 7142 8372
f 8393 8241 8240
f 8227 7147 7151
f 8229 8374 7148
f 8230 7151 7153
f 8232 8415 8416
f 8234 8417 8418
f 8221 8374 8228
f 8235 7153 8419
f 8233 8420 8417
f 8226 7148 7147
f 8238 8421 8422
f 7141 8240 7138
f 6581 6655 8137
f 6640 8140 8139
f 6710 8141 6868
f 6717 6712 6316
f 6860 8143 6864
f 6870 6867 6656
f 6717 6726 6714
f 6870 6192 6115
f 6860 6050 6059
f 6710 6025 6024
f 6639 6871 8140
f 6640 8324 6637
f 6581 8147 6193
f 5615 6234 8370
f 7144 8374 7145
f 7144 6210 7149
f 7150 6210 6209
f 7152 6209 6329
f 7152 8419 7153
f 7154 8421 8419
f 7158 8415 8422
f 7160 8420 8416
f 7162 8418 8417
f 7161 5616 8418
f 8370 6233 8371
f 8373 7146 7145
f 8392 8386 8223
f 8391 8372 8371
f 5617 6713 5528
f 5973 3355 5972
f 8345 5619 8346
f 3880 6910 5621
f 8351 5620 8345
f 8346 5520 5975
f 5621 6911 5623
f 5622 8185 5534
f 8150 5497 8151
f 8423 8425 8426
f 8427 6519 8428
f 8429 8431 8432
f 6523 8433 6526
f 8434 8436 8437
f 8438 8434 8439
f 8438 6511 6528
f 8441 8424 8423
f 8427 8430 8429
f 8444 8445 8446
f 8447 8424 8448
f 8449 8444 8450
f 8451 8430 8452
f 8453 8454 8455
f 8456 8437 8453
f 8439 8456 8457
f 8448 8442 8458
f 8452 8443 8449
f 8425 8459 8446
f 8460 8462 8463
f 8464 8466 8467
f 8468 8470 8471
f 8472 8474 8475
f 8476 8478 8479
f 8480 8482 8483
f 8484 8486 8487
f 8485 8489 8486
f 8490 8481 8480
f 8492 8494 8495
f 8495 8496 8497
f 8498 8500 8501
f 8502 8500 8503
f 8504 8506 8507
f 8508 8510 8511
f 8513 8511 8512
f 8507 8514 8515
f 8516 8518 8519
f 8520 8516 8521
f 8522 8524 8525
f 8526 8522 8525
f 8528 8530 8531
f 8532 8529 8533
f 8534 8536 8537
f 8538 8534 8537
f 8464 8481 8465
f 8483 8541 8480
f 8542 8484 8467
f 8487 8540 8483
f 8488 8542 8544
f 8545 8486 8489
f 8481 8466 8465
f 8547 8489 8490
f 8548 8493 8471
f 8549 8502 8492
f 8551 8494 8548
f 8497 8552 8495
f 8469 8499 8470
f 8547 8497 8498
f 8469 8503 8500
f 8501 8550 8545
f 8460 8507 8461
f 8552 8506 8505
f 8554 8510 8463
f 8549 8505 8509
f 8554 8512 8511
f 8513 8550 8508
f 8461 8515 8462
f 8557 8513 8514
f 8558 8519 8479
f 8559 8527 8518
f 8521 8558 8561
f 8553 8517 8520
f 8477 8524 8478
f 8520 8557 8553
f 8476 8525 8477
f 8527 8556 8522
f 8563 8528 8475
f 8564 8531 8565
f 8533 8563 8566
f 8562 8530 8532
f 8473 8536 8474
f 8559 8532 8535
f 8472 8537 8473
f 8560 8539 8564
f 8463 8555 8554
f 8544 8467 8466
f 8470 8548 8471
f 8475 8566 8563
f 8479 8561 8558
f 8484 8483 8482
f 8490 8488 8491
f 8503 8492 8502
f 8498 8496 8499
f 8504 8509 8505
f 8515 8513 8512
f 8519 8527 8526
f 8521 8523 8520
f 8528 8539 8538
f 8533 8535 8532
f 8467 8482 8464
f 8487 8546 8543
f 8544 8491 8488
f 8480 8547 8490
f 8493 8468 8471
f 8495 8549 8492
f 8551 8499 8496
f 8501 8547 8498
f 8460 8510 8504
f 8508 8549 8509
f 8555 8515 8512
f 8506 8557 8514
f 8519 8476 8479
f 8517 8559 8518
f 8561 8524 8521
f 8522 8557 8523
f 8475 8538 8472
f 8567 8531 8530
f 8566 8536 8533
f 8560 8535 8534
f 8442 8568 8569
f 6512 8568 6754
f 8570 8571 8572
f 8426 6514 8423
f 8428 8443 8427
f 6522 8432 6523
f 8437 8433 8454
f 6524 8435 6527
f 6528 8435 8438
f 8423 6550 8441
f 8429 6516 8427
f 6515 8445 6908
f 8441 6754 8568
f 8570 8569 8568
f 8440 6512 6511
f 8569 8458 8442
f 8574 8572 8571
f 8572 8573 8569
f 8453 8577 8456
f 8576 8455 8578
f 8452 8580 8451
f 8573 8582 8458
f 8575 8581 8573
f 8584 8575 8574
f 8571 8457 8574
f 8439 8440 8438
f 8585 8587 8588
f 8587 8590 8588
f 8589 8592 8590
f 8591 8594 8592
f 8593 8596 8594
f 8595 8598 8596
f 8599 8586 8585
f 8601 8600 8599
f 8603 8602 8601
f 8605 8598 8597
f 8607 8604 8603
f 8609 8608 8607
f 8611 8610 8609
f 8606 8612 8611
f 8613 8589 8587
f 8614 8591 8589
f 8615 8593 8591
f 8616 8595 8593
f 8617 8597 8595
f 8619 8617 8616
f 8620 8618 8617
f 8620 8623 8621
f 8624 8626 8627
f 8626 8622 8627
f 8620 8628 8622
f 8622 8629 8627
f 8627 8630 8624
f 8632 8634 8631
f 8636 8633 8635
f 8637 8636 8635
f 8639 8632 8640
f 8633 8641 8635
f 8635 8642 8637
f 8642 8644 8637
f 8645 8637 8644
f 8586 8613 8587
f 8600 8646 8586
f 8616 8648 8619
f 8615 8649 8648
f 8613 8649 8614
f 8651 8613 8646
f 8647 8651 8646
f 8652 8654 8651
f 8602 8647 8600
f 8655 8652 8647
f 8656 8653 8652
f 8653 8659 8654
f 8658 8661 8659
f 8644 8663 8645
f 8664 8662 8665
f 8661 8666 8659
f 8666 8654 8659
f 8667 8651 8654
f 8668 8597 8618
f 8669 8618 8621
f 8670 8621 8623
f 8671 8623 8626
f 8671 8625 8672
f 8625 8673 8672
f 8636 8675 8634
f 8638 8674 8636
f 8645 8676 8638
f 8645 8678 8677
f 8679 8660 8658
f 8657 8658 8653
f 8583 8648 8649
f 8650 8583 8649
f 8667 8581 8650
f 8666 8582 8667
f 8664 8681 8666
f 8682 8665 8683
f 8684 8643 8642
f 8684 8641 8579
f 8639 8579 8641
f 8580 8640 8578
f 8629 8576 8630
f 8604 8655 8602
f 8608 8686 8604
f 8610 8687 8608
f 8612 8688 8610
f 8605 8689 8612
f 8690 8668 8669
f 8691 8689 8690
f 8692 8688 8691
f 8693 8687 8692
f 8656 8686 8693
f 8694 8669 8670
f 8695 8690 8694
f 8696 8691 8695
f 8697 8692 8696
f 8657 8693 8697
f 8697 8679 8657
f 8696 8698 8697
f 8696 8700 8699
f 8694 8700 8695
f 8670 8701 8694
f 8702 8671 8672
f 8701 8703 8700
f 8703 8699 8700
f 8699 8705 8698
f 8698 8680 8679
f 8672 8706 8702
f 8675 8707 8708
f 8674 8709 8707
f 8709 8677 8710
f 8677 8711 8710
f 8712 8710 8711
f 8702 8714 8703
f 8713 8714 8715
f 8707 8716 8717
f 8717 8713 8715
f 8710 8716 8709
f 8708 8717 8715
f 8546 8599 8543
f 8546 8603 8601
f 8550 8603 8545
f 8556 8607 8550
f 8560 8609 8556
f 8564 8611 8560
f 8565 8606 8564
f 8565 8596 8598
f 8567 8594 8596
f 8562 8592 8594
f 8553 8590 8592
f 8590 8541 8588
f 8540 8588 8541
f 8543 8585 8540
f 8684 8450 8685
f 8579 8449 8684
f 8682 8448 8681
f 8447 8683 8459
f 8681 8458 8582
f 8628 8619 8718
f 8584 8619 8648
f 8628 8577 8629
f 8457 8577 8718
f 8574 8718 8584
f 7134 6919 7135
f 6164 6919 6783
f 5485 6609 5921
f 3832 8188 6690
f 5921 6221 3354
f 5922 7128 6607
f 6439 8720 6440
f 8720 6570 6749
f 6570 8721 6464
f 6439 8721 8719
f 6727 6057 6312
f 6312 6073 6247
f 6828 6073 6072
f 6877 6267 6745
f 6745 6299 6744
f 6891 6305 6889
f 6338 6746 6339
f 6438 6410 6435
f 6412 6440 6748
f 6564 6424 6565
f 6842 6577 8395
f 6889 6829 7156
f 6579 6564 6563
f 6435 6565 6424
f 8722 6306 6891
f 8723 6058 6727
f 6269 6878 6879
f 7160 6829 6598
f 8724 8143 8725
f 8238 6248 6828
f 6339 6744 6299
f 8395 6338 6337
f 6879 8404 8726
f 8422 8231 8238
f 8725 6859 8723
f 8416 7157 7160
f 6059 6049 6056
f 6330 6049 6048
f 7156 6259 6889
f 6269 6264 6266
f 6297 6264 6241
f 6340 6351 6337
f 6368 8395 6369
f 6422 6559 6423
f 6436 6404 6437
f 6447 6438 6437
f 6424 6436 6435
f 6331 6099 6330
f 6422 6842 6368
f 8722 6856 8726
f 8141 6862 8142
f 6265 6617 6242
f 6324 6259 6258
f 7158 6260 7156
f 6709 6863 8141
f 8235 6827 6331
f 6298 6352 6340
f 6370 6351 6350
f 6891 8403 8722
f 8419 8237 8235
f 6051 8145 6709
f 8422 7155 7158
f 8721 6446 6464
f 6748 8720 6749
f 8727 6011 8194
f 8158 8144 8724
f 6009 6861 8144
f 6008 6862 6861
f 8142 8727 8160
f 6554 6893 6858
f 6833 6708 8398
f 6708 8403 8398
f 5623 6892 4042
f 8406 8365 8358
f 8407 8366 8406
f 8377 8408 8389
f 8397 6530 6529
f 6651 8400 8353
f 8402 6616 6615
f 6618 8399 6651
f 6554 6878 6551
f 8396 6854 6530
f 8401 6552 6616
f 6892 6529 6743
f 8353 8365 8355
f 8377 6276 8362
f 8409 6277 6276
f 8410 5932 6277
f 8726 6857 8722
f 8726 6855 6879
f 7234 6106 8215
f 8279 6127 6288
f 8354 6227 6652
f 6246 6619 6289
f 8239 6282 8394
f 8162 6286 6625
f 6292 6246 6289
f 6382 6377 6379
f 6392 6396 6393
f 6396 6427 6428
f 6398 6443 6459
f 6459 6458 6460
f 6525 6523 6526
f 6558 6271 6555
f 6429 6560 6561
f 6460 6572 6476
f 6272 3736 3735
f 7128 6602 8195
f 6227 6244 6652
f 7180 6634 6103
f 6642 6285 8219
f 6356 6740 6614
f 6816 8218 8217
f 6820 8301 6817
f 6355 6741 6356
f 6344 6834 6341
f 6364 6840 6361
f 6375 6560 6415
f 6848 6488 6477
f 6853 6506 6489
f 6530 6740 6531
f 8140 6874 6601
f 6555 6831 6876
f 8215 6881 8216
f 6348 6894 6345
f 6383 6896 6417
f 6433 6896 6420
f 6432 6898 6390
f 6406 6898 6407
f 6900 6387 6899
f 6900 6448 6901
f 6472 6903 6482
f 6480 6903 6902
f 6497 6906 6479
f 6908 6518 6909
f 4280 6120 6603
f 6100 7170 6128
f 6632 7188 8201
f 7235 7201 7200
f 7206 7212 7207
f 8213 7232 7231
f 8214 7231 7201
f 6108 7200 7203
f 7238 8300 6820
f 7207 8299 7238
f 8205 7240 8202
f 6170 7232 7256
f 6638 8149 6639
f 6601 8157 6600
f 6600 6283 8162
f 8392 8222 8393
f 6278 8241 6279
f 6816 8274 6813
f 6642 6814 6641
f 6128 6124 8279
f 8195 6127 6126
f 8212 8286 8285
f 8292 8286 8289
f 8290 8210 8209
f 8207 8290 8209
f 8294 8295 8298
f 8206 8295 8208
f 6817 8297 8296
f 8288 7256 8285
f 7209 7240 7239
f 6225 8360 8361
f 8369 8360 8356
f 8375 8368 8369
f 8381 8387 8383
f 8385 8383 8382
f 8385 8391 8384
f 8147 6282 6281
f 6345 6835 6344
f 6327 6834 6360
f 6295 6841 6364
f 6379 6840 6837
f 6853 6845 6844
f 6479 6905 6480
f 6848 6571 6573
f 6452 6904 6472
f 6525 6851 6520
f 6496 6907 6497
f 8402 6876 6831
f 8408 8387 8380
f 6279 8222 8221
f 6872 8149 8148
f 8223 8373 8220
f 6526 8436 6524
f 8446 8426 8425
f 8455 8431 8451
f 8446 8450 8444
f 8454 8432 8431
f 6908 8428 6519
f 8578 8451 8580
f 8632 8625 8624
f 8640 8624 8630
f 8660 8662 8661
f 8662 8643 8665
f 8675 8631 8634
f 8680 8663 8660
f 8683 8643 8685
f 8578 8630 8576
f 8673 8708 8706
f 8678 8705 8711
f 8711 8704 8712
f 8706 8715 8714
f 8703 8712 8704
f 8459 8685 8450
f 8407 8376 8375
f 6615 8405 8402
f 5993 6335 5994
f 6060 6018 5991
f 5993 6081 6080
f 6105 6176 6702
f 6177 6000 7165
f 6309 6310 6251
f 8725 6314 8724
f 8724 6318 8158
f 6321 6053 6052
f 6249 6310 6247
f 6596 6257 6597
f 8188 6605 8189
f 5986 6682 6060
f 6714 6311 6309
f 6047 6086 6081
f 6875 6304 6665
f 6001 6912 5983
f 7162 6597 6257
f 7254 6912 6704
f 6684 7163 7254
f 8723 6315 8725
f 6592 6318 6317
f 8332 8171 8728
f 6607 5350 5922
f 8191 8198 8199
f 8197 8193 8196
f 8159 6319 6321
f 8232 6595 6249
f 8192 7173 7175
f 8189 8193 7174
f 6177 8199 6175
f 6733 8330 6734
f 8340 8330 8329
f 8341 6335 6334
f 8412 6875 8411
f 8414 6273 6599
f 8416 8236 8232
f 6727 8136 8723
f 8417 7159 7162
f 6277 5558 6274
f 5935 6635 6235
f 5991 6061 6060
f 6019 6682 6681
f 5999 6033 5996
f 6045 6677 6680
f 6055 6083 7130
f 5995 6063 5992
f 6084 6053 6046
f 6088 5989 8166
f 6063 6046 5992
f 6066 6034 5999
f 6103 7181 7180
f 6673 6133 6132
f 6149 6153 6152
f 6323 8166 8165
f 6585 6083 6082
f 6630 6702 6176
f 6634 7168 7167
f 6676 6152 6133
f 6703 6628 7248
f 6796 6728 8178
f 6069 6097 6066
f 6132 6674 6673
f 6803 6800 6804
f 6011 6055 7130
f 6799 6582 6585
f 7194 6881 6882
f 7131 6583 6333
f 6798 6913 6674
f 7179 8204 7236
f 7183 7246 7242
f 7188 7242 7241
f 6109 7192 6882
f 7204 6176 6175
f 7219 6628 6627
f 7218 7248 6628
f 7179 6627 7176
f 7250 6704 6703
f 7228 7249 7248
f 6678 7249 6679
f 5997 7251 5998
f 8168 6644 6643
f 8167 6732 6644
f 8169 6733 6732
f 8170 8331 6733
f 8336 8173 8172
f 8182 8175 8174
f 8182 8176 8181
f 8181 8177 8180
f 8180 8179 7136
f 7133 6590 6913
f 7130 8194 6011
f 8200 6632 7177
f 7178 8205 8204
f 8269 6153 8216
f 8254 8252 8251
f 8260 6101 8277
f 8179 6802 7136
f 8263 6038 6802
f 8264 6039 6038
f 8265 6130 6039
f 8266 6157 6130
f 8267 6158 6157
f 8268 8217 6158
f 8270 6816 8217
f 6813 8273 7190
f 8273 8247 7190
f 8276 8277 8248
f 7192 8250 7193
f 8252 8259 8249
f 8276 8250 8249
f 7204 7177 7176
f 7182 8315 7246
f 8343 8334 8333
f 8333 8342 8343
f 8343 6800 6065
f 8340 6064 5995
f 6323 8350 6322
f 8168 8348 8165
f 8349 5936 8350
f 8352 5938 8348
f 6103 7167 6100
f 8271 8216 6881
f 8201 7241 8205
f 8274 8271 7194
f 5991 6017 5988
f 8728 6017 6016
f 5997 6680 6679
f 5996 6045 6680
f 6033 6042 6045
f 6042 8175 8172
f 8172 8338 8336
f 8336 8337 8333
f 6684 6677 6681
f 6681 6044 6019
f 6019 6043 6016
f 6016 8173 8728
f 8728 8335 8332
f 8332 8334 8329
f 8194 8160 8727
f 6805 6009 8158
f 5940 7137 6719
f 8324 5942 8325
f 8325 5495 8225
f 6253 4292 6250
f 7137 5944 6715
f 8348 5937 8349
f 8350 5530 8131
f 5624 6159 5489
f 6718 5940 6719
f 8327 5490 6162
f 8347 5939 8352
f 5933 6121 6120
f 8184 5946 8347
f 7142 5615 8370
f 6145 5945 8327
f 8234 5943 6253
f 8328 5488 6144
f 8318 5948 8328
f 7139 4299 7140
f 8418 5947 8234
f 5604 6599 5605
f 5949 6712 6716
f 5944 6716 6715
f 6720 5950 6255
f 6255 4322 6256
f 5614 6235 6234
f 6711 5951 8161
f 8161 3857 6593
f 5973 2965 3013
f 2965 5963 222
f 222 5960 223
f 223 5958 3186
f 5958 3185 3186
f 5957 2977 3185
f 5970 1213 2977
f 5967 1214 1213
f 2532 5966 5953
f 2894 5953 5952
f 2871 5952 8344
f 5510 5721 5509
f 5822 5824 5823
f 3511 3844 3735
f 3887 3889 3888
f 3876 3878 3877
f 3356 3911 3909
f 3372 3390 3391
f 3849 3851 3850
f 3481 3867 3866
f 3873 3385 3382
f 3875 3450 3452
f 3915 3865 3862
f 3657 3671 3656
f 5618 3013 2152
f 1997 1889 1892
f 1237 744 855
f 1535 120 121
f 1531 201 214
f 1119 1032 984
f 946 824 947
f 163 5 162
f 9041 9175 9193
f 1155 1162 1164
f 427 327 424
f 553 796 498
f 8732 2231 2237
f 8732 2230 2232
f 2237 3180 8732
f 8734 8736 8733
f 8735 8738 8736
f 8737 8740 8738
f 8739 8742 8740
f 8743 8745 8746
f 8746 8747 8748
f 8749 8748 8747
f 8751 8750 8749
f 8754 8756 8753
f 8757 8755 8754
f 8759 8758 8757
f 8761 8760 8759
f 8763 8762 8761
f 8766 8749 8765
f 8765 8747 8767
f 8767 8745 8768
f 8768 8744 8769
f 8744 8771 8769
f 8770 8772 8771
f 8741 8773 8772
f 8739 8774 8773
f 8737 8775 8774
f 8735 8776 8775
f 8776 8777 3184
f 2904 8779 2947
f 8780 2904 2902
f 8781 2902 2876
f 2875 8781 2876
f 8783 2733 2736
f 2825 8786 2824
f 8788 8790 8787
f 8792 8787 8791
f 2724 8785 2825
f 8787 3115 3117
f 8791 3117 3119
f 8794 8765 8793
f 8793 8767 8795
f 8795 8768 8796
f 8796 8769 8797
f 8797 8771 8798
f 8771 8799 8798
f 8772 8800 8799
f 8773 8801 8800
f 8774 8802 8801
f 8775 8803 8802
f 8776 3056 8803
f 8802 2253 2252
f 8801 2252 1727
f 8800 1727 2150
f 8799 2150 1941
f 8804 8799 1941
f 8805 8798 8804
f 8806 8797 8805
f 8807 8796 8806
f 8793 8807 8808
f 8794 8808 8809
f 8810 8809 8808
f 8808 8806 8810
f 8810 8805 8812
f 8813 8810 8812
f 8812 8804 8814
f 8815 8812 8814
f 8814 1941 1360
f 8755 8752 8756
f 8758 8750 8755
f 8760 8748 8758
f 8762 8746 8760
f 8816 8764 8763
f 8818 8820 8817
f 8816 8782 8784
f 8821 8817 8816
f 8789 8783 8786
f 8818 8789 8788
f 8819 8788 8792
f 8822 8819 8823
f 8823 8792 8824
f 8824 8791 2712
f 2712 3119 3128
f 8826 8823 8825
f 8825 8824 8827
f 8827 2712 2711
f 8828 2711 2400
f 8829 8827 8828
f 8830 8825 8829
f 8743 8764 8831
f 8817 8831 8764
f 8770 8743 8831
f 8741 8831 8742
f 8820 8742 8831
f 8740 8822 8826
f 8738 8826 8830
f 8736 8830 8832
f 8833 2400 2402
f 8834 8828 8833
f 8832 8829 8834
f 8835 2402 2707
f 3058 2707 2708
f 3061 8835 3058
f 8836 8833 8835
f 8733 8832 8837
f 8837 8834 8836
f 8777 8733 8838
f 8838 8837 1962
f 8837 3061 1962
f 1961 8838 1962
f 3057 8777 8838
f 8779 8753 8839
f 8778 8754 8779
f 8780 8757 8778
f 8781 8759 8780
f 8782 8761 8781
f 8821 8784 8783
f 8785 8789 8786
f 2723 8790 8785
f 2875 8784 8782
f 2736 8786 8783
f 2947 8839 8944
f 8815 1360 8941
f 1900 1924 1901
f 1736 1718 1750
f 1955 1943 1956
f 1671 1735 1751
f 1696 1698 1692
f 1800 1864 1801
f 2063 2056 2060
f 1737 1717 1736
f 1751 1697 1695
f 943 9351 684
f 9108 8753 9057
f 1577 1764 1703
f 9369 1599 9375
f 1945 82 1944
f 68 7 248
f 147 1543 148
f 1109 1133 1102
f 1503 1907 1908
f 1499 1909 1498
f 452 735 215
f 1824 9287 9297
f 1825 2068 1824
f 1463 1022 1194
f 841 1009 1011
f 1568 1955 1534
f 1926 1927 1923
f 1910 1502 1939
f 1939 422 442
f 309 1940 308
f 1804 1866 1803
f 269 1954 56
f 2065 2060 2056
f 9264 1758 9287
f 280 552 1940
f 1875 1869 1874
f 1739 1734 1737
f 5923 5899 5924
f 1778 1790 1788
f 310 1915 279
f 1909 1906 1954
f 1789 1778 1788
f 978 980 979
f 1584 1731 1583
f 425 311 312
f 148 115 116
f 2044 9346 2046
f 277 1939 551
f 1943 1945 1944
f 1461 1463 1464
f 2253 3056 3055
f 2981 8927 958
f 2209 8927 3055
f 2254 3055 8927
f 2998 958 8927
f 2826 2721 2724
f 8928 2721 2817
f 2816 8928 2817
f 2334 2296 2335
f 2298 2334 2336
f 2301 2336 2338
f 2311 2338 2354
f 2312 2354 2355
f 2359 2361 2360
f 2335 2359 2360
f 2414 2365 2364
f 2413 2361 2365
f 2355 2540 2541
f 2541 2539 2542
f 2722 2739 2738
f 3114 2738 3113
f 3110 3121 3120
f 3108 3120 3113
f 3122 3127 3126
f 3112 3126 3121
f 3127 1753 3135
f 3139 2529 2542
f 9196 3133 3139
f 8928 2740 2739
f 8929 2789 8928
f 228 91 88
f 245 243 242
f 248 247 191
f 2 296 295
f 145 300 267
f 327 210 328
f 329 331 330
f 250 228 236
f 239 240 230
f 373 375 374
f 178 176 175
f 1218 1228 1321
f 9314 1295 9306
f 808 824 823
f 9310 1013 1014
f 9265 1411 1413
f 2154 2159 2160
f 9297 1758 1757
f 306 1922 452
f 2157 1976 1977
f 708 2031 1474
f 1450 1227 1428
f 1672 1605 1624
f 1813 1821 1816
f 1717 1715 1718
f 176 402 347
f 1710 9368 9367
f 1712 1577 1711
f 1705 1711 1704
f 3435 3475 3434
f 971 979 970
f 822 1094 1102
f 2909 2793 2792
f 2810 2795 2793
f 2799 2249 2800
f 9114 2910 2799
f 2769 2801 2795
f 3177 3178 3179
f 3178 3180 3179
f 3181 1393 2800
f 3181 1632 3182
f 3182 2244 3183
f 3183 2243 3180
f 8932 2790 8929
f 2808 8929 2816
f 2239 9016 2240
f 1149 9015 9014
f 1150 9011 9015
f 2202 9010 2015
f 2921 9009 2923
f 9012 2133 2928
f 1777 1759 1792
f 1201 1183 1184
f 9005 2195 2194
f 8997 2770 2768
f 9379 1687 1692
f 1516 154 503
f 8993 2974 2803
f 8994 2779 2778
f 2771 9019 8990
f 3070 8990 9002
f 8991 2775 2867
f 1376 1370 1372
f 2767 9000 2206
f 2195 8987 2767
f 2775 8986 2776
f 8344 8989 2871
f 9256 8983 2806
f 2776 8982 2805
f 2240 8979 2920
f 2920 9121 9071
f 8992 2786 2779
f 1805 1851 1804
f 8978 2787 2786
f 2951 8984 8975
f 2772 8975 9019
f 2973 8974 8980
f 2224 8981 8974
f 1957 320 510
f 306 304 303
f 2770 8972 2913
f 2913 9018 2239
f 2923 8971 2922
f 308 431 47
f 207 132 543
f 1879 1881 1880
f 9185 8969 2089
f 2475 9002 8968
f 2476 8968 8967
f 2223 8967 8981
f 8966 2803 2802
f 2037 11 1950
f 1959 450 505
f 2003 8964 2129
f 9 334 540
f 2009 8962 9011
f 2008 8980 8962
f 9329 673 9331
f 8959 2778 2784
f 2935 8957 2936
f 111 9014 8955
f 3238 3341 3237
f 8954 2935 2938
f 683 9337 943
f 8952 2810 2909
f 736 732 729
f 1795 1803 1796
f 8949 2938 2939
f 8951 2939 2940
f 2950 8948 2949
f 2940 8948 8951
f 9253 8956 2950
f 2868 8946 2869
f 2869 8966 2802
f 1024 1023 1020
f 8944 2948 2947
f 551 442 443
f 2972 9012 2928
f 2032 8943 2972
f 216 1924 1923
f 3532 3482 3533
f 203 201 200
f 3539 3541 3540
f 1828 1847 1837
f 1958 449 450
f 272 178 175
f 2871 8939 1361
f 9071 9008 2921
f 2801 9095 9114
f 2005 9106 2176
f 960 899 962
f 9109 9064 9076
f 9232 9098 3151
f 3151 9045 2555
f 2193 9075 2194
f 9059 3145 3144
f 9055 2761 3145
f 9044 3144 3104
f 2926 9086 3103
f 9086 3104 3103
f 9207 9198 9205
f 566 9210 2005
f 8839 1864 8944
f 1602 2079 2078
f 2868 9063 2922
f 2922 9062 2923
f 2923 9070 2921
f 9122 2918 9066
f 9071 9066 2920
f 2921 9122 9071
f 2920 9038 2240
f 9065 2915 2918
f 2917 9074 9093
f 2916 9093 9094
f 2239 9104 2913
f 2911 9104 2757
f 9095 2911 2910
f 2797 9114 9043
f 2797 9050 2750
f 9074 2763 2765
f 9060 2764 2745
f 2194 9100 2221
f 2221 9101 2222
f 2756 9061 2755
f 2750 9061 2747
f 9121 1817 9279
f 9215 1691 1699
f 2515 9042 2548
f 2548 9045 2550
f 2513 9084 9068
f 2513 9073 2515
f 2509 9072 2289
f 2510 9085 2509
f 2289 9091 2283
f 2283 9069 2286
f 2240 9039 2239
f 9111 9076 9078
f 716 9339 9340
f 727 9213 1923
f 2165 2170 2164
f 9112 9078 9081
f 9195 9030 9209
f 2175 769 770
f 2100 2095 2099
f 9210 9209 9030
f 640 9012 1826
f 1653 8997 1651
f 1895 8974 746
f 746 8981 741
f 1653 8972 9020
f 9214 1604 1672
f 2093 2073 2078
f 959 995 884
f 962 919 986
f 1400 1398 1399
f 1000 1127 1004
f 956 884 885
f 1662 8994 1661
f 2034 8990 1654
f 9378 8983 9254
f 8979 766 1817
f 9016 765 766
f 334 9015 335
f 1868 8984 1656
f 1684 1652 1678
f 1682 775 1807
f 1585 9214 1700
f 9215 1672 1673
f 2173 490 491
f 1658 8991 1752
f 9000 1650 724
f 1571 2010 1572
f 1587 9123 2080
f 2099 2077 2094
f 787 1999 786
f 2000 786 1999
f 3155 9149 9135
f 9165 9135 9241
f 2180 9137 9136
f 8940 9136 9157
f 1684 9292 1651
f 1760 8939 8989
f 2607 9145 2590
f 2581 9141 2607
f 2371 9152 9147
f 2371 9145 2372
f 2587 9127 2586
f 2586 9149 339
f 2497 9139 2503
f 2502 9139 9152
f 2494 9142 2495
f 9142 2472 2495
f 9140 2468 2472
f 9153 2469 2468
f 726 9344 630
f 581 8962 580
f 10 9014 334
f 1837 8954 1849
f 741 8967 1300
f 1299 9002 2034
f 1851 8948 1866
f 8971 1820 1819
f 580 8980 1895
f 1758 8966 8946
f 1693 8952 1806
f 8948 1867 1866
f 1894 9012 8943
f 2126 9265 9293
f 9358 9293 9364
f 2113 9319 2110
f 2179 9241 9137
f 624 9356 623
f 2192 9240 9232
f 2177 9239 9185
f 1364 9285 1338
f 9310 1470 1453
f 3135 9227 9196
f 2069 9287 2068
f 1351 9305 1352
f 2108 9353 499
f 2089 9188 9185
f 9280 1358 866
f 2001 9235 2187
f 2187 9171 2091
f 2130 9204 2004
f 2004 9201 2001
f 2014 9231 2201
f 2201 9208 2130
f 3167 9211 2969
f 3168 9172 3167
f 3159 9216 3160
f 3160 9217 3081
f 9182 3158 337
f 3158 9161 3159
f 2200 9182 9174
f 9137 9194 2204
f 9174 2197 2200
f 9242 2092 9173
f 9226 9173 2197
f 3154 9242 9226
f 3155 9158 3154
f 2091 9173 2092
f 2196 9202 9228
f 2193 9228 9233
f 9056 9233 9240
f 2086 9232 9230
f 2087 9230 9229
f 2204 9203 2205
f 2205 9202 3148
f 9361 574 692
f 2124 9229 9212
f 2208 9212 9234
f 9163 3140 3137
f 9237 3138 3140
f 9197 3139 3138
f 9223 3136 2322
f 9164 3137 3136
f 9227 3131 3133
f 9219 3132 3131
f 1813 9290 1814
f 1293 9308 1344
f 2184 9200 9184
f 2181 9184 9186
f 9217 3079 3081
f 9220 3080 3079
f 709 9327 2031
f 2774 9189 9221
f 9238 2134 9003
f 9261 766 765
f 2968 9218 2959
f 2969 9236 2968
f 2958 9189 2961
f 2132 9218 2960
f 2321 9223 9200
f 9312 1449 28
f 9357 582 710
f 9338 577 574
f 9299 1818 9279
f 705 9339 2121
f 9268 9359 698
f 2111 9363 2113
f 9262 1366 1411
f 1812 9274 1815
f 675 9304 674
f 8940 9303 675
f 2110 9320 2109
f 2104 9353 2106
f 2109 9351 944
f 9294 703 739
f 1680 9298 1684
f 1639 9271 9270
f 623 9358 697
f 2139 9318 9317
f 1808 9296 9289
f 9272 1819 1820
f 9324 9352 706
f 1646 9282 1648
f 9341 633 577
f 2139 9327 18
f 2156 9323 9326
f 674 9365 9321
f 2117 9264 2069
f 1815 9299 9275
f 9307 1444 1470
f 697 9364 9268
f 866 9288 9280
f 9316 2136 2135
f 9037 9178 9041
f 9035 9183 9037
f 9205 9190 9191
f 9192 9033 9195
f 1088 9198 1093
f 9191 9195 9205
f 2791 8933 2792
f 8932 2807 8933
f 2792 8934 2909
f 8933 2806 8934
f 8952 8934 8960
f 8960 2806 8983
f 2948 9243 9253
f 2105 9348 2104
f 8982 9256 2805
f 680 9328 683
f 1891 9362 9343
f 2905 9253 2950
f 2900 9251 2905
f 2901 9259 2877
f 2734 9258 9246
f 2877 9258 2878
f 2820 9246 2872
f 2818 9244 2827
f 2823 9244 2826
f 2822 9250 2821
f 2819 9252 9250
f 2817 9247 2816
f 2809 9247 2815
f 2808 9255 2807
f 2805 9255 2804
f 1702 9375 1599
f 9374 1797 1802
f 9367 1706 1709
f 9370 1692 1698
f 1657 9332 1879
f 1890 9347 9362
f 9224 1674 1675
f 1689 9224 9225
f 9378 8982 1688
f 8960 1689 9225
f 9369 1703 1764
f 1598 9380 1770
f 9332 1876 1879
f 1691 9377 9379
f 9377 1688 1687
f 1117 1118 9382
f 1066 1322 9382
f 1243 847 9382
f 9277 848 9382
f 1128 1117 9382
f 1129 1130 9382
f 841 1011 9382
f 1230 9315 9382
f 1242 1243 9382
f 1322 1229 9382
f 1064 1065 9382
f 1003 1128 9382
f 1229 1230 9382
f 9315 1285 9382
f 1285 1288 9382
f 848 839 9382
f 847 9277 9382
f 1118 1129 9382
f 1065 1066 9382
f 1087 1086 9382
f 1008 1002 9382
f 1011 1008 9382
f 1002 1003 9382
f 1076 1069 9382
f 838 841 9382
f 839 838 9382
f 1288 1242 9382
f 1130 1087 9382
f 1086 1076 9382
f 1069 1064 9382
f 2410 2414 9383
f 2411 2410 9383
f 9069 2285 9383
f 2394 2393 9383
f 2393 2396 9383
f 2281 2286 9383
f 2282 2280 9383
f 2398 2399 9383
f 2465 2464 9383
f 2396 2397 9383
f 2470 2469 9383
f 2399 2416 9383
f 2480 2395 9383
f 2459 2480 9383
f 2369 2282 9383
f 2460 2459 9383
f 2415 2411 9383
f 2416 2415 9383
f 2364 2363 9383
f 2286 9069 9383
f 2464 2470 9383
f 2469 9155 9383
f 2285 2465 9383
f 2414 2364 9383
f 2395 2394 9383
f 2363 2367 9383
f 2397 2398 9383
f 2280 2281 9383
f 9155 2460 9383
f 2367 2369 9383
f 9386 9389 9390
f 9386 9391 9387
f 9384 9389 9385
f 9390 9395 9391
f 9389 9392 9393
f 9389 9394 9390
f 9394 9399 9395
f 9393 9396 9397
f 9394 9397 9398
f 9399 9402 9403
f 9396 9401 9397
f 9397 9402 9398
f 9402 9407 9403
f 9401 9404 9405
f 9402 9405 9406
f 9407 9410 9411
f 9405 9408 9409
f 9405 9410 9406
f 9411 9414 9415
f 9409 9412 9413
f 9410 9413 9414
f 9414 9419 9415
f 9412 9417 9413
f 9413 9418 9414
f 9418 9423 9419
f 9417 9420 9421
f 9418 9421 9422
f 9422 9427 9423
f 9420 9425 9421
f 9421 9426 9422
f 9426 9431 9427
f 9425 9428 9429
f 9426 9429 9430
f 9431 9434 9435
f 9428 9433 9429
f 9429 9434 9430
f 9434 9439 9435
f 9433 9436 9437
f 9434 9437 9438
f 9439 9442 9443
f 9436 9441 9437
f 9437 9442 9438
f 9443 9446 9447
f 9441 9444 9445
f 9442 9445 9446
f 9447 9450 9451
f 9444 9449 9445
f 9445 9450 9446
f 9450 9455 9451
f 9449 9452 9453
f 9450 9453 9454
f 9454 9459 9455
f 9452 9457 9453
f 9453 9458 9454
f 9458 9463 9459
f 9457 9460 9461
f 9458 9461 9462
f 9463 9466 9467
f 9460 9465 9461
f 9461 9466 9462
f 9466 9471 9467
f 9465 9468 9469
f 9466 9469 9470
f 9471 9474 9475
f 9468 9473 9469
f 9469 9474 9470
f 9475 9478 9479
f 9473 9476 9477
f 9474 9477 9478
f 9479 9482 9483
f 9476 9481 9477
f 9477 9482 9478
f 9483 9486 9487
f 9481 9484 9485
f 9482 9485 9486
f 9486 9491 9487
f 9484 9489 9485
f 9485 9490 9486
f 9490 9495 9491
f 9489 9492 9493
f 9490 9493 9494
f 9495 9498 9499
f 9492 9497 9493
f 9493 9498 9494
f 9498 9503 9499
f 9497 9500 9501
f 9498 9501 9502
f 9503 9507 9508
f 9500 9506 9501
f 9501 9507 9502
f 9508 9511 9512
f 9505 9510 9506
f 9507 9510 9511
f 9384 9504 9388
f 9388 9504 9392
f 9392 9504 9396
f 9396 9504 9400
f 9400 9504 9404
f 9404 9504 9408
f 9408 9504 9412
f 9412 9504 9416
f 9416 9504 9420
f 9420 9504 9424
f 9424 9504 9428
f 9428 9504 9432
f 9432 9504 9436
f 9436 9504 9440
f 9440 9504 9444
f 9444 9504 9448
f 9448 9504 9452
f 9452 9504 9456
f 9456 9504 9460
f 9460 9504 9464
f 9464 9504 9468
f 9468 9504 9472
f 9472 9504 9476
f 9476 9504 9480
f 9480 9504 9484
f 9484 9504 9488
f 9488 9504 9492
f 9492 9504 9496
f 9496 9504 9500
f 9500 9504 9505
f 9505 9504 9509
f 9512 9386 9387
f 9510 9384 9385
f 9510 9386 9511
f 9509 9504 9384
f 9521 9533 9534
f 9518 9532 9519
f 9517 9529 9530
f 9515 9527 9528
f 9523 9537 9524
f 9521 9535 9522
f 9519 9533 9520
f 9518 9530 9531
f 9515 9529 9516
f 9513 9527 9514
f 9524 9538 9525
f 9523 9535 9536
f 9528 9542 9529
f 9526 9540 9527
f 9538 9550 9551
f 9535 9549 9536
f 9534 9546 9547
f 9531 9545 9532
f 9530 9542 9543
f 9528 9540 9541
f 9537 9549 9550
f 9534 9548 9535
f 9532 9546 9533
f 9531 9543 9544
f 9541 9555 9542
f 9540 9552 9553
f 9550 9564 9551
f 9548 9562 9549
f 9547 9559 9560
f 9544 9558 9545
f 9542 9556 9543
f 9541 9553 9554
f 9549 9563 9550
f 9547 9561 9548
f 9546 9558 9559
f 9544 9556 9557
f 9555 9567 9568
f 9552 9566 9553
f 9564 9576 9577
f 9562 9574 9575
f 9559 9573 9560
f 9557 9571 9558
f 9555 9569 9556
f 9553 9567 9554
f 9562 9576 9563
f 9561 9573 9574
f 9559 9571 9572
f 9557 9569 9570
f 9567 9581 9568
f 9566 9578 9579
f 9576 9590 9577
f 9575 9587 9588
f 9572 9586 9573
f 9571 9583 9584
f 9569 9581 9582
f 9566 9580 9567
f 9576 9588 9589
f 9574 9586 9587
f 9571 9585 9572
f 9569 9583 9570
f 9581 9593 9594
f 9578 9592 9579
f 9590 9602 9603
f 9588 9600 9601
f 9585 9599 9586
f 9583 9597 9584
f 9582 9594 9595
f 9579 9593 9580
f 9589 9601 9602
f 9587 9599 9600
f 9584 9598 9585
f 9583 9595 9596
f 9594 9606 9607
f 9592 9604 9605
f 9602 9616 9603
f 9601 9613 9614
f 9598 9612 9599
f 9596 9610 9597
f 9594 9608 9595
f 9592 9606 9593
f 9601 9615 9602
f 9600 9612 9613
f 9598 9610 9611
f 9596 9608 9609
f 9607 9619 9620
f 9605 9617 9618
f 9615 9629 9616
f 9613 9627 9614
f 9611 9625 9612
f 9610 9622 9623
f 9607 9621 9608
f 9605 9619 9606
f 9615 9627 9628
f 9613 9625 9626
f 9611 9623 9624
f 9608 9622 9609
f 9619 9633 9620
f 9617 9631 9618
f 9628 9642 9629
f 9627 9639 9640
f 9625 9637 9638
f 9622 9636 9623
f 9621 9633 9634
f 9619 9631 9632
f 9627 9641 9628
f 9625 9639 9626
f 9623 9637 9624
f 9622 9634 9635
f 9632 9646 9633
f 9630 9644 9631
f 9642 9654 9655
f 9639 9653 9640
f 9638 9650 9651
f 9635 9649 9636
f 9634 9646 9647
f 9632 9644 9645
f 9641 9653 9654
f 9638 9652 9639
f 9636 9650 9637
f 9635 9647 9648
f 9645 9659 9646
f 9644 9656 9657
f 9654 9668 9655
f 9652 9666 9653
f 9651 9663 9664
f 9648 9662 9649
f 9646 9660 9647
f 9645 9657 9658
f 9653 9667 9654
f 9651 9665 9652
f 9650 9662 9663
f 9648 9660 9661
f 9659 9671 9672
f 9656 9670 9657
f 9668 9680 9681
f 9665 9679 9666
f 9663 9677 9664
f 9661 9675 9662
f 9659 9673 9660
f 9657 9671 9658
f 9666 9680 9667
f 9665 9677 9678
f 9663 9675 9676
f 9661 9673 9674
f 9671 9685 9672
f 9670 9682 9683
f 9680 9694 9681
f 9678 9692 9679
f 9677 9689 9690
f 9675 9687 9688
f 9673 9685 9686
f 9670 9684 9671
f 9680 9692 9693
f 9678 9690 9691
f 9675 9689 9676
f 9673 9687 9674
f 9685 9697 9698
f 9682 9696 9683
f 9694 9706 9707
f 9692 9704 9705
f 9689 9703 9690
f 9687 9701 9688
f 9686 9698 9699
f 9683 9697 9684
f 9693 9705 9706
f 9691 9703 9704
f 9688 9702 9689
f 9687 9699 9700
f 9698 9710 9711
f 9696 9708 9709
f 9706 9720 9707
f 9705 9717 9718
f 9702 9716 9703
f 9700 9714 9701
f 9698 9712 9699
f 9696 9710 9697
f 9705 9719 9706
f 9704 9716 9717
f 9702 9714 9715
f 9700 9712 9713
f 9711 9723 9724
f 9709 9721 9722
f 9719 9733 9720
f 9717 9731 9718
f 9715 9729 9716
f 9714 9726 9727
f 9711 9725 9712
f 9709 9723 9710
f 9718 9732 9719
f 9717 9729 9730
f 9715 9727 9728
f 9712 9726 9713
f 9723 9737 9724
f 9721 9735 9722
f 9733 9745 9746
f 9731 9743 9744
f 9729 9741 9742
f 9726 9740 9727
f 9725 9737 9738
f 9723 9735 9736
f 9732 9744 9745
f 9729 9743 9730
f 9727 9741 9728
f 9726 9738 9739
f 9736 9750 9737
f 9734 9748 9735
f 9746 9758 9759
f 9743 9757 9744
f 9742 9754 9755
f 9739 9753 9740
f 9738 9750 9751
f 9736 9748 9749
f 9745 9757 9758
f 9742 9756 9743
f 9740 9754 9741
f 9739 9751 9752
f 9749 9763 9750
f 9748 9760 9761
f 9758 9772 9759
f 9756 9770 9757
f 9755 9767 9768
f 9752 9766 9753
f 9750 9764 9751
f 9749 9761 9762
f 9757 9771 9758
f 9756 9768 9769
f 9754 9766 9767
f 9752 9764 9765
f 9762 9776 9763
f 9760 9774 9761
f 9772 9784 9785
f 9770 9782 9783
f 9768 9780 9781
f 9765 9779 9766
f 9763 9777 9764
f 9762 9774 9775
f 9770 9784 9771
f 9768 9782 9769
f 9767 9779 9780
f 9764 9778 9765
f 9775 9789 9776
f 9774 9786 9787
f 9784 9798 9785
f 9782 9796 9783
f 9781 9793 9794
f 9779 9791 9792
f 9777 9789 9790
f 9774 9788 9775
f 9784 9796 9797
f 9782 9794 9795
f 9779 9793 9780
f 9777 9791 9778
f 9789 9802 9803
f 9786 9801 9787
f 9798 9811 9812
f 9796 9809 9810
f 9793 9808 9794
f 9792 9805 9806
f 9790 9803 9804
f 9787 9802 9788
f 9797 9810 9811
f 9795 9808 9809
f 9792 9807 9793
f 9790 9805 9791
f 9803 9815 9816
f 9801 9813 9814
f 9811 9825 9812
f 9810 9822 9823
f 9807 9821 9808
f 9806 9818 9819
f 9803 9817 9804
f 9801 9815 9802
f 9810 9824 9811
f 9809 9821 9822
f 9807 9819 9820
f 9804 9818 9805
f 9816 9828 9829
f 9814 9826 9827
f 9825 9837 9838
f 9822 9836 9823
f 9820 9834 9821
f 9819 9831 9832
f 9816 9830 9817
f 9814 9828 9815
f 9824 9836 9837
f 9822 9834 9835
f 9820 9832 9833
f 9817 9831 9818
f 9828 9842 9829
f 9826 9840 9827
f 9837 9851 9838
f 9836 9848 9849
f 9834 9846 9847
f 9831 9845 9832
f 9830 9842 9843
f 9828 9840 9841
f 9836 9850 9837
f 9834 9848 9835
f 9832 9846 9833
f 9831 9843 9844
f 9841 9855 9842
f 9839 9853 9840
f 9851 9863 9864
f 9848 9862 9849
f 9847 9859 9860
f 9845 9857 9858
f 9843 9855 9856
f 9841 9853 9854
f 9850 9862 9863
f 9847 9861 9848
f 9845 9859 9846
f 9843 9857 9844
f 9854 9868 9855
f 9853 9865 9866
f 9863 9877 9864
f 9861 9875 9862
f 9860 9872 9873
f 9858 9870 9871
f 9855 9869 9856
f 9854 9866 9867
f 9862 9876 9863
f 9860 9874 9861
f 9859 9871 9872
f 9856 9870 9857
f 9868 9880 9881
f 9865 9879 9866
f 9877 9889 9890
f 9875 9887 9888
f 9873 9885 9886
f 9870 9884 9871
f 9868 9882 9869
f 9867 9879 9880
f 9875 9889 9876
f 9873 9887 9874
f 9872 9884 9885
f 9870 9882 9883
f 9880 9894 9881
f 9878 9892 9879
f 9889 9903 9890
f 9887 9901 9888
f 9886 9898 9899
f 9884 9896 9897
f 9882 9894 9895
f 9879 9893 9880
f 9889 9901 9902
f 9887 9899 9900
f 9884 9898 9885
f 9882 9896 9883
f 9894 9906 9907
f 9891 9905 9892
f 9903 9915 9916
f 9901 9913 9914
f 9898 9912 9899
f 9896 9910 9897
f 9895 9907 9908
f 9892 9906 9893
f 9902 9914 9915
f 9899 9913 9900
f 9897 9911 9898
f 9896 9908 9909
f 9907 9919 9920
f 9905 9917 9918
f 9915 9929 9916
f 9914 9926 9927
f 9911 9925 9912
f 9909 9923 9910
f 9907 9921 9908
f 9905 9919 9906
f 9914 9928 9915
f 9913 9925 9926
f 9911 9923 9924
f 9909 9921 9922
f 9799 9525 9538
f 9799 9538 9551
f 9799 9551 9564
f 9799 9564 9577
f 9799 9577 9590
f 9799 9590 9603
f 9799 9603 9616
f 9799 9616 9629
f 9799 9629 9642
f 9799 9642 9655
f 9799 9655 9668
f 9799 9668 9681
f 9799 9681 9694
f 9799 9694 9707
f 9799 9707 9720
f 9799 9720 9733
f 9799 9733 9746
f 9799 9746 9759
f 9799 9759 9772
f 9799 9772 9785
f 9799 9785 9798
f 9799 9798 9812
f 9799 9812 9825
f 9799 9825 9838
f 9799 9838 9851
f 9799 9851 9864
f 9799 9864 9877
f 9799 9877 9890
f 9799 9890 9903
f 9799 9903 9916
f 9799 9916 9929
f 9920 9515 9516
f 9918 9513 9514
f 9929 9524 9525
f 9926 9523 9927
f 9924 9521 9925
f 9923 9518 9519
f 9920 9517 9921
f 9918 9515 9919
f 9799 9929 9525
f 9928 9523 9524
f 9926 9521 9522
f 9924 9519 9520
f 9921 9518 9922
f 9387 9917 9512
f 9917 9508 9512
f 9904 9503 9508
f 9891 9499 9503
f 9499 9865 9495
f 9495 9852 9491
f 9491 9839 9487
f 9839 9483 9487
f 9483 9813 9479
f 9813 9475 9479
f 9800 9471 9475
f 9786 9467 9471
f 9467 9760 9463
f 9463 9747 9459
f 9459 9734 9455
f 9734 9451 9455
f 9451 9708 9447
f 9708 9443 9447
f 9695 9439 9443
f 9682 9435 9439
f 9435 9656 9431
f 9431 9643 9427
f 9427 9630 9423
f 9630 9419 9423
f 9419 9604 9415
f 9604 9411 9415
f 9591 9407 9411
f 9578 9403 9407
f 9403 9552 9399
f 9399 9539 9395
f 9395 9526 9391
f 9526 9387 9391
f 9932 9935 9936
f 9932 9937 9933
f 9931 9934 9935
f 9936 9941 9937
f 9934 9939 9935
f 9935 9940 9936
f 9940 9945 9941
f 9939 9942 9943
f 9940 9943 9944
f 9945 9948 9949
f 9942 9947 9943
f 9943 9948 9944
f 9948 9953 9949
f 9947 9950 9951
f 9948 9951 9952
f 9953 9956 9957
f 9950 9955 9951
f 9951 9956 9952
f 9957 9960 9961
f 9955 9958 9959
f 9956 9959 9960
f 9961 9964 9965
f 9958 9963 9959
f 9959 9964 9960
f 9965 9968 9969
f 9963 9966 9967
f 9964 9967 9968
f 9968 9973 9969
f 9966 9971 9967
f 9967 9972 9968
f 9972 9977 9973
f 9970 9975 9971
f 9972 9975 9976
f 9977 9980 9981
f 9974 9979 9975
f 9975 9980 9976
f 9980 9985 9981
f 9979 9982 9983
f 9980 9983 9984
f 9985 9988 9989
f 9982 9987 9983
f 9983 9988 9984
f 9989 9992 9993
f 9986 9991 9987
f 9988 9991 9992
f 9993 9996 9997
f 9991 9994 9995
f 9991 9996 9992
f 9996 10001 9997
f 9994 9999 9995
f 9996 9999 10000
f 10000 10005 10001
f 9999 10002 10003
f 9999 10004 10000
f 10004 10009 10005
f 10003 10006 10007
f 10004 10007 10008
f 10009 10012 10013
f 10006 10011 10007
f 10007 10012 10008
f 10012 10017 10013
f 10011 10014 10015
f 10012 10015 10016
f 10017 10020 10021
f 10014 10019 10015
f 10015 10020 10016
f 10021 10024 10025
f 10019 10022 10023
f 10020 10023 10024
f 10024 10029 10025
f 10022 10027 10023
f 10023 10028 10024
f 10028 10033 10029
f 10027 10030 10031
f 10028 10031 10032
f 10032 10037 10033
f 10030 10035 10031
f 10031 10036 10032
f 10036 10041 10037
f 10035 10038 10039
f 10036 10039 10040
f 10041 10044 10045
f 10038 10043 10039
f 10039 10044 10040
f 10044 10049 10045
f 10043 10046 10047
f 10044 10047 10048
f 10049 10053 10054
f 10046 10052 10047
f 10047 10053 10048
f 10054 10057 10058
f 10052 10055 10056
f 10053 10056 10057
f 9930 10050 9934
f 9934 10050 9938
f 9938 10050 9942
f 9942 10050 9946
f 9946 10050 9950
f 9950 10050 9954
f 9954 10050 9958
f 9958 10050 9962
f 9962 10050 9966
f 9966 10050 9970
f 9970 10050 9974
f 9974 10050 9978
f 9978 10050 9982
f 9982 10050 9986
f 9986 10050 9990
f 9990 10050 9994
f 9994 10050 9998
f 9998 10050 10002
f 10002 10050 10006
f 10006 10050 10010
f 10010 10050 10014
f 10014 10050 10018
f 10018 10050 10022
f 10022 10050 10026
f 10026 10050 10030
f 10030 10050 10034
f 10034 10050 10038
f 10038 10050 10042
f 10042 10050 10046
f 10046 10050 10051
f 10051 10050 10055
f 10058 9932 9933
f 10055 9931 10056
f 10056 9932 10057
f 10055 10050 9930
f 10067 10079 10080
f 10064 10078 10065
f 10063 10075 10076
f 10061 10073 10074
f 10070 10082 10083
f 10067 10081 10068
f 10065 10079 10066
f 10064 10076 10077
f 10061 10075 10062
f 10059 10073 10060
f 10071 10083 10084
f 10069 10081 10082
f 10074 10088 10075
f 10072 10086 10073
f 10084 10096 10097
f 10081 10095 10082
f 10080 10092 10093
f 10078 10090 10091
f 10076 10088 10089
f 10074 10086 10087
f 10083 10095 10096
f 10080 10094 10081
f 10078 10092 10079
f 10076 10090 10077
f 10087 10101 10088
f 10086 10098 10099
f 10096 10110 10097
f 10094 10108 10095
f 10093 10105 10106
f 10091 10103 10104
f 10088 10102 10089
f 10087 10099 10100
f 10095 10109 10096
f 10094 10106 10107
f 10092 10104 10105
f 10089 10103 10090
f 10100 10114 10101
f 10098 10112 10099
f 10110 10122 10123
f 10108 10120 10121
f 10105 10119 10106
f 10103 10117 10104
f 10101 10115 10102
f 10100 10112 10113
f 10108 10122 10109
f 10106 10120 10107
f 10105 10117 10118
f 10103 10115 10116
f 10113 10127 10114
f 10112 10124 10125
f 10122 10136 10123
f 10120 10134 10121
f 10119 10131 10132
f 10117 10129 10130
f 10115 10127 10128
f 10113 10125 10126
f 10122 10134 10135
f 10119 10133 10120
f 10117 10131 10118
f 10115 10129 10116
f 10127 10139 10140
f 10124 10138 10125
f 10136 10148 10149
f 10134 10146 10147
f 10131 10145 10132
f 10130 10142 10143
f 10128 10140 10141
f 10125 10139 10126
f 10135 10147 10148
f 10133 10145 10146
f 10130 10144 10131
f 10128 10142 10129
f 10140 10152 10153
f 10138 10150 10151
f 10148 10162 10149
f 10147 10159 10160
f 10144 10158 10145
f 10143 10155 10156
f 10140 10154 10141
f 10138 10152 10139
f 10147 10161 10148
f 10146 10158 10159
f 10144 10156 10157
f 10141 10155 10142
f 10153 10165 10166
f 10151 10163 10164
f 10162 10174 10175
f 10159 10173 10160
f 10157 10171 10158
f 10156 10168 10169
f 10153 10167 10154
f 10151 10165 10152
f 10161 10173 10174
f 10159 10171 10172
f 10157 10169 10170
f 10154 10168 10155
f 10165 10179 10166
f 10163 10177 10164
f 10175 10187 10188
f 10173 10185 10186
f 10171 10183 10184
f 10168 10182 10169
f 10167 10179 10180
f 10165 10177 10178
f 10173 10187 10174
f 10171 10185 10172
f 10169 10183 10170
f 10168 10180 10181
f 10178 10192 10179
f 10176 10190 10177
f 10188 10200 10201
f 10185 10199 10186
f 10184 10196 10197
f 10182 10194 10195
f 10180 10192 10193
f 10178 10190 10191
f 10187 10199 10200
f 10184 10198 10185
f 10182 10196 10183
f 10180 10194 10181
f 10191 10205 10192
f 10190 10202 10203
f 10200 10214 10201
f 10198 10212 10199
f 10197 10209 10210
f 10195 10207 10208
f 10192 10206 10193
f 10191 10203 10204
f 10199 10213 10200
f 10197 10211 10198
f 10196 10208 10209
f 10193 10207 10194
f 10205 10217 10218
f 10202 10216 10203
f 10214 10226 10227
f 10211 10225 10212
f 10210 10222 10223
f 10207 10221 10208
f 10205 10219 10206
f 10204 10216 10217
f 10212 10226 10213
f 10210 10224 10211
f 10209 10221 10222
f 10207 10219 10220
f 10217 10231 10218
f 10216 10228 10229
f 10226 10240 10227
f 10224 10238 10225
f 10223 10235 10236
f 10221 10233 10234
f 10219 10231 10232
f 10217 10229 10230
f 10226 10238 10239
f 10223 10237 10224
f 10221 10235 10222
f 10219 10233 10220
f 10231 10243 10244
f 10228 10242 10229
f 10240 10252 10253
f 10238 10250 10251
f 10235 10249 10236
f 10234 10246 10247
f 10232 10244 10245
f 10229 10243 10230
f 10239 10251 10252
f 10237 10249 10250
f 10234 10248 10235
f 10232 10246 10233
f 10244 10256 10257
f 10242 10254 10255
f 10252 10266 10253
f 10251 10263 10264
f 10248 10262 10249
f 10247 10259 10260
f 10244 10258 10245
f 10242 10256 10243
f 10251 10265 10252
f 10250 10262 10263
f 10248 10260 10261
f 10245 10259 10246
f 10257 10269 10270
f 10255 10267 10268
f 10266 10278 10279
f 10263 10277 10264
f 10261 10275 10262
f 10260 10272 10273
f 10257 10271 10258
f 10255 10269 10256
f 10265 10277 10278
f 10263 10275 10276
f 10261 10273 10274
f 10258 10272 10259
f 10269 10283 10270
f 10267 10281 10268
f 10278 10292 10279
f 10277 10289 10290
f 10275 10287 10288
f 10272 10286 10273
f 10271 10283 10284
f 10269 10281 10282
f 10277 10291 10278
f 10275 10289 10276
f 10273 10287 10274
f 10272 10284 10285
f 10282 10296 10283
f 10280 10294 10281
f 10292 10304 10305
f 10289 10303 10290
f 10288 10300 10301
f 10286 10298 10299
f 10284 10296 10297
f 10282 10294 10295
f 10291 10303 10304
f 10288 10302 10289
f 10286 10300 10287
f 10284 10298 10285
f 10295 10309 10296
f 10294 10306 10307
f 10304 10318 10305
f 10302 10316 10303
f 10301 10313 10314
f 10299 10311 10312
f 10296 10310 10297
f 10295 10307 10308
f 10303 10317 10304
f 10301 10315 10302
f 10300 10312 10313
f 10297 10311 10298
f 10309 10321 10322
f 10307 10319 10320
f 10318 10330 10331
f 10316 10328 10329
f 10314 10326 10327
f 10311 10325 10312
f 10309 10323 10310
f 10308 10320 10321
f 10316 10330 10317
f 10314 10328 10315
f 10313 10325 10326
f 10311 10323 10324
f 10321 10335 10322
f 10320 10332 10333
f 10330 10344 10331
f 10329 10341 10342
f 10326 10340 10327
f 10325 10337 10338
f 10323 10335 10336
f 10320 10334 10321
f 10330 10342 10343
f 10328 10340 10341
f 10325 10339 10326
f 10323 10337 10324
f 10335 10348 10349
f 10332 10347 10333
f 10344 10357 10358
f 10342 10355 10356
f 10339 10354 10340
f 10337 10352 10338
f 10336 10349 10350
f 10333 10348 10334
f 10343 10356 10357
f 10341 10354 10355
f 10338 10353 10339
f 10337 10350 10351
f 10349 10361 10362
f 10347 10359 10360
f 10357 10371 10358
f 10356 10368 10369
f 10353 10367 10354
f 10351 10365 10352
f 10349 10363 10350
f 10347 10361 10348
f 10356 10370 10357
f 10355 10367 10368
f 10353 10365 10366
f 10351 10363 10364
f 10362 10374 10375
f 10360 10372 10373
f 10371 10383 10384
f 10368 10382 10369
f 10366 10380 10367
f 10365 10377 10378
f 10362 10376 10363
f 10360 10374 10361
f 10370 10382 10383
f 10368 10380 10381
f 10366 10378 10379
f 10363 10377 10364
f 10374 10388 10375
f 10372 10386 10373
f 10383 10397 10384
f 10382 10394 10395
f 10380 10392 10393
f 10377 10391 10378
f 10376 10388 10389
f 10374 10386 10387
f 10382 10396 10383
f 10380 10394 10381
f 10378 10392 10379
f 10377 10389 10390
f 10387 10401 10388
f 10385 10399 10386
f 10397 10409 10410
f 10394 10408 10395
f 10393 10405 10406
f 10390 10404 10391
f 10389 10401 10402
f 10387 10399 10400
f 10396 10408 10409
f 10393 10407 10394
f 10391 10405 10392
f 10390 10402 10403
f 10400 10414 10401
f 10399 10411 10412
f 10409 10423 10410
f 10407 10421 10408
f 10406 10418 10419
f 10403 10417 10404
f 10401 10415 10402
f 10400 10412 10413
f 10408 10422 10409
f 10406 10420 10407
f 10405 10417 10418
f 10403 10415 10416
f 10414 10426 10427
f 10411 10425 10412
f 10423 10435 10436
f 10420 10434 10421
f 10418 10432 10419
f 10416 10430 10417
f 10414 10428 10415
f 10412 10426 10413
f 10421 10435 10422
f 10419 10433 10420
f 10418 10430 10431
f 10416 10428 10429
f 10427 10439 10440
f 10425 10437 10438
f 10435 10449 10436
f 10433 10447 10434
f 10431 10445 10432
f 10430 10442 10443
f 10428 10440 10441
f 10425 10439 10426
f 10435 10447 10448
f 10433 10445 10446
f 10430 10444 10431
f 10428 10442 10429
f 10440 10452 10453
f 10437 10451 10438
f 10449 10461 10462
f 10447 10459 10460
f 10444 10458 10445
f 10443 10455 10456
f 10441 10453 10454
f 10438 10452 10439
f 10448 10460 10461
f 10446 10458 10459
f 10443 10457 10444
f 10441 10455 10442
f 10453 10465 10466
f 10451 10463 10464
f 10461 10475 10462
f 10460 10472 10473
f 10457 10471 10458
f 10456 10468 10469
f 10453 10467 10454
f 10451 10465 10452
f 10460 10474 10461
f 10459 10471 10472
f 10457 10469 10470
f 10454 10468 10455
f 10345 10071 10084
f 10345 10084 10097
f 10345 10097 10110
f 10345 10110 10123
f 10345 10123 10136
f 10345 10136 10149
f 10345 10149 10162
f 10345 10162 10175
f 10345 10175 10188
f 10345 10188 10201
f 10345 10201 10214
f 10345 10214 10227
f 10345 10227 10240
f 10345 10240 10253
f 10345 10253 10266
f 10345 10266 10279
f 10345 10279 10292
f 10345 10292 10305
f 10345 10305 10318
f 10345 10318 10331
f 10345 10331 10344
f 10345 10344 10358
f 10345 10358 10371
f 10345 10371 10384
f 10345 10384 10397
f 10345 10397 10410
f 10345 10410 10423
f 10345 10423 10436
f 10345 10436 10449
f 10345 10449 10462
f 10345 10462 10475
f 10466 10061 10062
f 10464 10059 10060
f 10474 10071 10475
f 10472 10069 10473
f 10470 10067 10471
f 10469 10064 10065
f 10466 10063 10467
f 10464 10061 10465
f 10345 10475 10071
f 10473 10070 10474
f 10472 10067 10068
f 10470 10065 10066
f 10467 10064 10468
f 9933 10463 10058
f 10463 10054 10058
f 10450 10049 10054
f 10437 10045 10049
f 10045 10411 10041
f 10041 10398 10037
f 10037 10385 10033
f 10385 10029 10033
f 10029 10359 10025
f 10359 10021 10025
f 10346 10017 10021
f 10332 10013 10017
f 10013 10306 10009
f 10009 10293 10005
f 10005 10280 10001
f 10280 9997 10001
f 9997 10254 9993
f 10254 9989 9993
f 10241 9985 9989
f 10228 9981 9985
f 9981 10202 9977
f 9977 10189 9973
f 9973 10176 9969
f 10176 9965 9969
f 9965 10150 9961
f 10150 9957 9961
f 10137 9953 9957
f 10124 9949 9953
f 9949 10098 9945
f 9945 10085 9941
f 9941 10072 9937
f 10072 9933 9937
f 4 3 2
f 8 7 6
f 13 16 15
f 17 28 19
f 32 31 30
f 36 35 34
f 37 40 39
f 21 22 23
f 25 26 27
f 41 44 43
f 48 47 46
f 52 51 50
f 53 56 55
f 60 59 58
f 29 30 62
f 66 65 64
f 67 5 6
f 72 71 70
f 76 75 74
f 77 80 79
f 81 84 83
f 59 87 86
f 88 91 90
f 96 95 94
f 100 99 98
f 101 104 103
f 106 105 34
f 108 116 115
f 117 119 36
f 124 127 126
f 131 130 129
f 132 102 134
f 142 141 140
f 148 106 60
f 144 143 127
f 149 152 151
f 156 155 154
f 159 150 158
f 116 108 164
f 171 170 169
f 174 126 173
f 179 182 181
f 186 189 188
f 194 197 196
f 199 142 139
f 206 209 208
f 213 212 211
f 202 215 214
f 96 93 216
f 92 238 43
f 97 184 246
f 250 249 229
f 252 254 58
f 258 257 256
f 260 91 229
f 110 111 112
f 114 264 263
f 265 268 267
f 56 53 270
f 274 273 249
f 185 183 63
f 280 279 278
f 285 284 283
f 288 219 211
f 141 142 92
f 289 290 175
f 148 116 105
f 312 311 170
f 238 262 42
f 318 163 160
f 310 309 308
f 241 239 325
f 160 230 240
f 47 48 307
f 108 109 315
f 345 85 86
f 348 351 350
f 356 359 358
f 355 354 353
f 363 31 32
f 364 252 253
f 366 125 368
f 183 372 371
f 163 162 161
f 209 226 101
f 378 377 165
f 379 295 381
f 383 382 3
f 284 285 386
f 387 127 389
f 391 259 229
f 73 281 397
f 405 408 407
f 203 218 411
f 414 121 413
f 1 356 357
f 277 276 131
f 254 344 57
f 358 384 415
f 417 416 386
f 401 400 192
f 419 389 127
f 421 181 182
f 103 301 302
f 428 367 368
f 380 390 359
f 62 204 266
f 140 141 431
f 357 358 351
f 356 1 379
f 415 392 403
f 437 428 436
f 438 441 440
f 188 451 450
f 265 455 181
f 224 185 64
f 237 212 213
f 275 131 128
f 281 282 460
f 50 462 79
f 73 74 282
f 468 467 466
f 390 355 352
f 482 485 484
f 489 488 487
f 493 496 495
f 472 471 470
f 502 501 500
f 220 221 222
f 512 419 143
f 518 517 511
f 513 239 230
f 205 30 31
f 189 370 451
f 163 318 532
f 533 224 225
f 446 448 447
f 335 541 540
f 544 512 546
f 329 519 291
f 199 534 262
f 385 386 416
f 532 190 191
f 363 117 118
f 578 581 580
f 573 572 571
f 561 563 562
f 241 260 259
f 590 593 592
f 545 546 595
f 503 154 155
f 606 625 624
f 478 481 480
f 646 649 648
f 590 591 689
f 564 565 651
f 728 246 184
f 714 724 716
f 692 574 575
f 541 335 581
f 346 68 248
f 161 231 230
f 128 129 94
f 698 705 704
f 574 577 576
f 290 289 401
f 630 631 725
f 733 736 735
f 755 466 496
f 759 480 481
f 757 763 762
f 764 496 466
f 768 767 9260
f 759 760 488
f 492 474 475
f 474 770 769
f 773 468 465
f 771 774 486
f 484 485 775
f 774 776 489
f 495 496 764
f 495 757 761
f 137 397 784
f 325 239 797
f 165 519 51
f 369 32 29
f 730 731 568
f 90 302 301
f 243 118 516
f 800 734 806
f 817 815 808
f 816 808 823
f 306 303 447
f 815 810 809
f 829 830 828
f 726 725 501
f 274 427 424
f 879 882 881
f 884 883 879
f 219 218 217
f 906 905 904
f 455 204 205
f 898 882 830
f 903 900 880
f 377 291 519
f 923 949 948
f 946 947 951
f 8963 740 739
f 900 899 886
f 225 64 65
f 182 445 442
f 809 952 947
f 954 960 962
f 927 950 965
f 885 879 880
f 925 927 966
f 343 342 341
f 965 964 971
f 968 971 970
f 972 968 969
f 963 961 981
f 336 337 338
f 992 993 827
f 810 815 996
f 1007 1001 1002
f 1012 826 827
f 1011 1009 1007
f 294 293 292
f 907 908 920
f 1017 579 1019
f 1020 1023 1022
f 1035 1024 1020
f 1061 1060 1047
f 1063 1061 1046
f 1044 1020 1021
f 1102 1094 1097
f 1116 1126 1118
f 1016 1015 1014
f 881 897 904
f 816 1116 1127
f 1094 948 949
f 514 342 167
f 146 145 81
f 1133 1135 1130
f 1102 1133 1126
f 822 1126 1116
f 1145 1143 1148
f 1076 1144 1151
f 1148 1143 1086
f 1109 1097 1114
f 1154 1153 1156
f 1153 925 967
f 8815 8941 463
f 1144 1147 1152
f 1156 967 1163
f 1164 1162 1169
f 1145 1171 1176
f 1114 1115 1154
f 1183 1155 1164
f 1184 1183 1177
f 1069 1151 1062
f 1023 1191 1194
f 1162 1163 1170
f 1195 1184 1185
f 1183 1196 1176
f 1201 1063 1152
f 1061 1063 1201
f 9277 847 843
f 1203 1202 1195
f 1202 1201 1184
f 1218 1060 1203
f 1060 1061 1202
f 1225 1218 1217
f 671 695 694
f 1219 1217 1024
f 1217 1203 1034
f 1226 1014 1015
f 1243 1242 1234
f 1231 1230 1229
f 847 1243 1233
f 843 1233 1244
f 1233 1234 1245
f 1923 9213 233
f 2100 2108 499
f 9366 9316 2135
f 61 62 323
f 210 211 217
f 1299 1310 1309
f 9315 1230 1231
f 1066 1047 1321
f 1322 1321 1228
f 1060 1218 1321
f 1325 1324 1323
f 1244 1245 1332
f 1290 1234 1242
f 1337 1330 1339
f 1330 1332 1340
f 1341 1332 1245
f 1342 1340 1332
f 1343 1342 1341
f 1344 1341 1294
f 9309 9308 1345
f 1347 1348 1342
f 9308 9306 1295
f 1349 1350 1348
f 9313 1349 1347
f 9305 1347 1343
f 906 898 829
f 905 906 1353
f 865 1356 1355
f 1355 1353 829
f 1357 1355 825
f 1356 1354 1353
f 9286 1337 1338
f 866 1358 1356
f 1358 1359 1354
f 9280 878 1337
f 838 1362 1012
f 1363 1364 1338
f 1368 1363 1339
f 1348 1368 1340
f 1371 1369 9276
f 524 525 526
f 528 529 530
f 1372 1370 1369
f 535 536 537
f 1367 1368 1348
f 1370 1354 1359
f 1369 1359 9285
f 1373 910 903
f 555 556 557
f 1374 909 910
f 1373 904 905
f 1374 1373 1375
f 1375 905 1354
f 1378 920 908
f 376 373 651
f 1388 928 973
f 586 587 588
f 1390 1389 1388
f 1391 1388 969
f 597 598 599
f 600 601 602
f 1392 1391 970
f 608 609 610
f 612 524 523
f 614 615 616
f 617 618 25
f 620 621 622
f 1397 1390 1391
f 1398 1397 1392
f 1400 987 920
f 1402 1403 1165
f 636 637 638
f 930 1404 1402
f 641 642 643
f 929 1402 1169
f 1404 1405 1403
f 1411 1366 1365
f 1412 1406 1415
f 652 653 654
f 609 656 657
f 659 660 661
f 558 663 586
f 665 666 667
f 1413 1411 1406
f 1418 1416 9262
f 1417 1372 1371
f 1416 1371 9281
f 1419 1417 1416
f 1386 909 1374
f 677 678 679
f 1385 1386 1420
f 1420 1374 1376
f 685 686 687
f 1421 1420 1422
f 528 690 691
f 1422 1376 1372
f 1018 1019 747
f 699 700 701
f 1424 578 579
f 9115 1597 1767
f 700 699 711
f 1093 9198 9206
f 717 718 530
f 721 722 723
f 704 1650 8987
f 19 1429 1426
f 1429 1428 1427
f 1658 1659 8986
f 1439 1437 1434
f 1437 1436 1435
f 1426 1427 1433
f 1442 1431 1432
f 742 743 744
f 1432 1433 1441
f 751 752 753
f 1438 1434 1403
f 1446 1445 1444
f 1447 1448 1446
f 9312 1447 1443
f 1415 1367 1445
f 1414 1415 1446
f 2173 1683 469
f 777 778 779
f 780 781 782
f 1676 1693 1806
f 9311 1451 1349
f 789 790 791
f 745 792 793
f 652 794 795
f 1455 1458 1457
f 1454 1367 1350
f 610 691 802
f 9283 9268 698
f 1352 1044 1045
f 1015 1016 1459
f 811 812 813
f 2118 9267 9269
f 819 820 821
f 1466 1463 1194
f 1467 1468 1465
f 1182 1165 1468
f 832 812 833
f 835 836 837
f 1467 1466 1190
f 1469 1470 1444
f 840 700 712
f 1453 1470 1469
f 599 844 845
f 1226 1450 9301
f 851 852 853
f 855 744 856
f 858 859 860
f 861 862 863
f 1014 1226 9307
f 867 676 868
f 870 871 872
f 874 875 876
f 1310 1323 1471
f 1476 1433 1427
f 1461 1476 1475
f 887 888 889
f 788 791 892
f 894 895 896
f 1460 1475 1227
f 901 902 524
f 1465 1478 1477
f 1865 8947 8944
f 911 912 913
f 916 917 918
f 1850 8949 8951
f 921 922 895
f 1479 1435 1436
f 926 664 667
f 1481 562 563
f 269 1483 84
f 931 932 933
f 934 935 614
f 936 685 688
f 938 659 662
f 1484 270 122
f 941 942 835
f 320 321 509
f 1849 8954 8949
f 84 1483 1484
f 1487 1490 1488
f 1757 1758 8946
f 365 1492 1491
f 461 79 80
f 117 363 362
f 1494 540 541
f 926 601 957
f 1477 1441 1433
f 1709 1588 1585
f 119 117 1496
f 271 1497 504
f 511 517 189
f 345 1496 1492
f 57 344 299
f 1501 1499 268
f 267 268 1499
f 974 975 976
f 1678 1652 1693
f 9298 1682 1807
f 557 982 663
f 983 941 984
f 1443 1444 9301
f 421 1500 268
f 989 990 991
f 1490 1487 418
f 279 280 309
f 997 868 676
f 998 26 999
f 1504 418 38
f 1506 1508 1507
f 360 361 1508
f 1506 1486 207
f 939 1005 1006
f 270 1484 1483
f 66 63 546
f 1010 742 793
f 367 428 437
f 244 31 363
f 1670 8976 8978
f 209 206 1510
f 388 389 426
f 427 274 250
f 161 520 521
f 100 246 45
f 1025 1026 608
f 1029 1030 1031
f 939 662 1033
f 41 42 594
f 1036 780 783
f 702 701 1038
f 1040 1041 1042
f 362 32 369
f 187 1520 477
f 70 1487 539
f 1049 600 603
f 613 867 869
f 860 1050 1051
f 1005 1052 1053
f 753 1055 1056
f 1057 1058 1059
f 293 288 1522
f 288 212 1521
f 292 1522 1523
f 331 1507 1508
f 306 452 453
f 100 44 41
f 462 1524 78
f 330 331 1524
f 635 1067 1068
f 1485 1527 1526
f 206 1485 1528
f 1070 1071 1072
f 942 941 1073
f 916 933 1075
f 440 1529 1530
f 157 158 1514
f 1529 162 5
f 371 595 546
f 790 586 663
f 1077 858 857
f 1403 1434 1435
f 1080 1081 1082
f 531 520 1529
f 21 1083 1084
f 272 1532 1531
f 690 712 802
f 335 9015 9011
f 1090 1030 1029
f 1092 795 794
f 1533 396 137
f 661 660 1095
f 69 444 445
f 1099 1100 1101
f 38 39 1536
f 1104 1105 1106
f 852 1107 1108
f 1377 908 909
f 291 377 411
f 316 1536 516
f 539 1488 1533
f 1505 1536 316
f 1110 1111 1112
f 1539 1537 460
f 522 441 1537
f 834 837 1120
f 1122 1123 1124
f 612 1125 1041
f 935 793 615
f 276 278 130
f 1686 8993 8966
f 193 190 1541
f 231 521 1540
f 556 1037 982
f 365 253 85
f 190 532 318
f 1810 765 9018
f 9376 1867 8956
f 1132 983 985
f 208 101 102
f 1134 1033 662
f 1491 518 80
f 429 133 1542
f 1137 1138 915
f 172 436 428
f 1139 1140 1141
f 549 96 54
f 1517 1519 1518
f 834 1119 984
f 1543 513 286
f 1544 797 239
f 133 134 1544
f 506 361 257
f 420 327 328
f 1158 1159 1160
f 587 1104 1103
f 607 1161 1027
f 304 1546 1545
f 364 1491 77
f 69 70 198
f 700 840 1112
f 9329 626 8969
f 1166 719 657
f 1167 1168 858
f 1300 8967 8968
f 1172 1173 1174
f 218 203 200
f 1179 1180 1181
f 372 183 97
f 89 104 227
f 1186 1187 1188
f 172 173 1517
f 1482 84 81
f 1090 1192 1193
f 394 395 353
f 526 525 1198
f 1199 1200 1026
f 606 623 697
f 1204 1205 1206
f 1207 1208 523
f 1209 1210 867
f 914 913 685
f 1478 1436 1441
f 1029 1028 1161
f 1211 1212 1213
f 9310 1453 1451
f 844 1215 1216
f 423 193 273
f 1220 1221 1222
f 22 1223 1224
f 882 898 897
f 1519 1517 173
f 1189 1188 1232
f 349 350 550
f 1071 1235 1236
f 1237 1238 1239
f 1221 1186 1189
f 1510 1528 1512
f 939 1032 1241
f 1556 1530 5
f 1553 1554 394
f 404 1556 67
f 1247 1248 1249
f 142 199 238
f 1251 1067 635
f 850 1252 1253
f 1254 1167 1077
f 57 132 133
f 443 430 552
f 1187 1172 1175
f 1256 1070 831
f 432 405 382
f 741 748 747
f 434 350 351
f 349 432 383
f 251 124 1481
f 395 384 352
f 1518 1519 1550
f 1558 410 378
f 109 263 314
f 285 1514 1513
f 395 394 393
f 202 203 410
f 417 408 405
f 1246 1257 1258
f 3 1559 297
f 1259 1260 1261
f 403 404 347
f 955 954 953
f 462 50 51
f 1096 1095 687
f 429 147 60
f 896 1264 1265
f 1267 721 1268
f 423 424 327
f 37 179 180
f 20 23 1187
f 1256 1168 1071
f 1188 1175 1269
f 1236 1270 1271
f 1272 536 535
f 565 564 463
f 1273 792 745
f 876 1254 1255
f 316 33 164
f 437 1516 503
f 194 1494 1495
f 1275 1276 864
f 624 625 631
f 1277 1274 1137
f 569 568 567
f 1481 124 125
f 324 325 547
f 1279 1108 1107
f 1525 332 329
f 1281 1278 1137
f 171 168 1553
f 1488 73 396
f 1557 1561 1562
f 1282 856 1206
f 1053 1277 1278
f 778 777 607
f 713 583 9010
f 251 225 144
f 4 357 348
f 709 708 707
f 728 48 45
f 261 135 1563
f 789 1286 1287
f 74 314 263
f 403 284 385
f 1178 1181 1240
f 1223 1259 1289
f 1220 20 1186
f 296 1518 354
f 784 459 1538
f 1181 1180 1291
f 1269 1292 1257
f 1566 1538 438
f 136 784 1566
f 1563 1564 169
f 107 114 109
f 1297 1282 1298
f 1464 1477 1476
f 1520 187 507
f 1301 1302 1303
f 1306 1307 1308
f 175 456 1532
f 1532 456 200
f 1311 1266 1312
f 872 1314 1315
f 9288 843 878
f 1305 1308 864
f 1040 1275 863
f 1564 1566 399
f 592 1576 1575
f 591 1575 1088
f 1581 1584 1583
f 1196 1152 1147
f 710 582 583
f 285 407 408
f 953 954 961
f 1594 1592 1589
f 1585 1588 1587
f 1592 1591 1590
f 9337 945 944
f 1600 1599 1598
f 1604 1603 1602
f 1399 1392 979
f 1589 1590 1596
f 1610 1609 1608
f 298 257 361
f 551 552 276
f 1627 1626 9266
f 859 811 818
f 1078 857 1328
f 1555 439 1530
f 572 573 680
f 772 465 776
f 977 1281 918
f 404 403 392
f 1054 1331 750
f 1644 1645 1643
f 932 1265 1082
f 1067 1333 1334
f 1540 1539 264
f 597 1335 643
f 471 761 762
f 1642 696 9283
f 1644 1642 9294
f 923 946 950
f 96 549 548
f 520 531 522
f 445 444 443
f 849 839 848
f 480 759 755
f 1646 760 481
f 311 426 1567
f 464 463 8941
f 8941 1360 1361
f 234 237 236
f 190 193 192
f 153 154 152
f 231 287 286
f 1552 1553 1551
f 760 1646 1648
f 9284 1647 1649
f 828 827 826
f 52 167 166
f 1663 1662 1661
f 287 107 115
f 668 671 670
f 634 645 640
f 553 560 559
f 118 36 33
f 492 484 491
f 8996 1652 1651
f 582 589 584
f 384 395 392
f 1381 1382 1383
f 1562 1561 435
f 952 953 951
f 8973 9010 583
f 1660 1661 1667
f 1394 1395 1396
f 1660 1665 1664
f 1671 1670 1669
f 1624 1625 1673
f 1407 1408 1409
f 1677 1676 1675
f 1613 1679 1677
f 1679 1678 1676
f 1626 1681 9263
f 534 199 198
f 803 733 734
f 400 248 191
f 65 66 143
f 8970 1657 1656
f 402 159 157
f 629 628 627
f 461 477 49
f 758 757 495
f 796 787 786
f 406 407 1513
f 342 343 166
f 1694 1659 1658
f 1692 1687 1694
f 9001 1693 1652
f 9373 1704 1703
f 326 547 302
f 9368 9373 1702
f 9371 9370 1698
f 1699 1691 9379
f 1557 406 1560
f 1127 1116 1117
f 400 401 289
f 1706 1702 1707
f 1707 1702 1599
f 1709 1706 1708
f 1714 1712 1711
f 9371 9367 1709
f 1704 1711 1577
f 1716 1714 1713
f 1559 1562 1549
f 1722 1721 1720
f 1335 597 596
f 410 411 377
f 973 1170 1163
f 168 169 399
f 1571 682 1089
f 1572 681 682
f 749 646 647
f 1730 1724 1723
f 1594 1582 1729
f 1729 1723 1591
f 1384 1378 1377
f 1732 1731 1712
f 1724 1730 1731
f 1722 1724 1732
f 1721 1722 1733
f 1734 1733 1716
f 1735 1737 1736
f 1733 1732 1714
f 1663 1664 1741
f 1742 1665 1740
f 1738 1739 1737
f 1665 1660 1666
f 1665 1742 1744
f 1725 1726 1746
f 1591 1725 1745
f 1590 1745 1747
f 1745 1746 1748
f 1659 1688 8982
f 5650 1760 8989
f 1185 1177 1182
f 1664 1744 1749
f 1741 1749 1739
f 1746 1742 1743
f 1726 1744 1742
f 1115 924 1153
f 1654 8990 9019
f 1896 9006 8993
f 1720 1749 1744
f 1721 1739 1749
f 1750 1718 1701
f 1697 1736 1750
f 1151 1152 1063
f 1751 1752 1670
f 1695 1658 1752
f 961 962 986
f 1770 1769 1768
f 1766 1594 1593
f 1731 1759 1579
f 1579 1777 1774
f 9380 1772 1771
f 1764 1772 9380
f 1777 1776 1775
f 9214 9215 1699
f 1004 1127 1128
f 1774 1775 1771
f 987 1400 1399
f 1578 1774 1772
f 1783 1782 1781
f 1597 1598 1770
f 639 1878 9347
f 9380 9381 1769
f 1793 1792 1789
f 9381 9372 1798
f 8952 8960 9225
f 1802 1867 9376
f 1788 1790 1794
f 1793 1794 1795
f 9225 9224 1675
f 1584 1581 1783
f 1771 1797 9372
f 1801 1799 1798
f 1768 1769 1798
f 1775 1796 1797
f 508 514 515
f 1796 1803 1802
f 1800 1798 9372
f 1794 1805 1804
f 8976 1670 1752
f 485 1808 1807
f 9261 9296 1640
f 9289 9296 1810
f 485 482 1640
f 1690 1691 9222
f 487 488 1648
f 9291 1813 1816
f 9290 1811 1648
f 9291 1812 1811
f 1812 1809 487
f 1641 1809 767
f 465 466 755
f 767 1815 9275
f 9274 1816 9278
f 1809 1812 1815
f 9289 1653 1651
f 675 672 8985
f 1814 1649 1822
f 1821 1822 9273
f 1824 1822 1649
f 1827 1849 1850
f 1668 1669 1662
f 1779 1780 1848
f 1790 1827 1805
f 1833 1836 1853
f 8965 8950 693
f 1614 1615 1616
f 1852 1853 8942
f 1620 1621 1622
f 1855 1765 1574
f 1847 1852 8945
f 1766 1765 1855
f 1629 1630 1631
f 1633 1622 1634
f 1635 1636 1637
f 1848 1833 1852
f 1855 1861 1863
f 1803 1866 1867
f 1862 1863 1831
f 1782 1855 1862
f 9374 9376 1865
f 1873 1872 1870
f 1874 1869 799
f 2045 9330 9349
f 1219 1345 1295
f 1615 1614 1396
f 9336 9347 1877
f 645 9350 9238
f 1345 1219 1035
f 634 639 9336
f 15 1887 1327
f 9362 9347 1878
f 1894 604 605
f 8950 8995 627
f 9004 640 645
f 340 341 454
f 1897 194 195
f 1889 1882 1877
f 1901 94 129
f 196 749 754
f 1705 1704 9373
f 340 378 166
f 1570 1480 563
f 1904 1494 194
f 1781 1862 1832
f 1905 549 55
f 1000 994 995
f 986 919 920
f 1191 1185 1190
f 2094 2077 2075
f 1920 1921 1919
f 453 454 1912
f 1915 1919 1918
f 9334 2112 2106
f 1655 9019 8975
f 1916 1918 1926
f 704 8998 9005
f 278 1916 1925
f 9009 9008 1818
f 1097 949 1115
f 1927 1928 727
f 9030 9031 9106
f 1920 310 307
f 1929 307 48
f 503 504 1497
f 1902 1903 787
f 1816 1821 9272
f 1925 1926 1923
f 1535 1569 1568
f 254 252 258
f 1509 1497 366
f 119 86 35
f 219 288 293
f 141 46 47
f 542 205 244
f 1940 552 430
f 1779 1828 1827
f 1701 1710 9367
f 1661 8994 8959
f 270 53 754
f 197 1947 749
f 1727 1728 1212
f 53 54 232
f 1465 1468 1479
f 1284 9314 9306
f 1951 446 412
f 168 398 1554
f 1486 1485 206
f 506 77 78
f 994 1001 1007
f 951 953 963
f 1013 9311 9313
f 9278 9272 1820
f 1498 1909 1954
f 299 298 543
f 1754 1755 1756
f 1681 469 1683
f 1696 1694 1695
f 13 14 738
f 473 476 475
f 482 1641 768
f 204 62 30
f 1761 1762 820
f 611 1763 1125
f 1501 1503 1908
f 1074 1073 711
f 1960 1944 82
f 120 1956 1960
f 35 86 87
f 1773 1199 1025
f 1965 1545 1569
f 494 761 471
f 1966 1967 1969
f 446 1951 1971
f 174 368 125
f 1580 1579 1578
f 1785 1786 1787
f 1972 1546 304
f 1254 876 875
f 1973 341 342
f 321 1912 1973
f 1910 277 275
f 509 1973 514
f 1486 1507 1527
f 1974 1874 804
f 1977 1976 1974
f 1980 448 1966
f 379 1 2
f 1718 1715 1710
f 884 995 992
f 1680 1684 1678
f 902 990 525
f 344 255 256
f 135 138 137
f 448 446 1967
f 589 605 604
f 910 909 908
f 1981 1966 1968
f 1982 1981 1987
f 1988 1979 1987
f 1990 1988 1989
f 1991 1989 1993
f 322 321 320
f 992 828 830
f 1144 1076 1086
f 1995 1977 1978
f 1133 1129 1118
f 1997 1995 1994
f 870 1823 1335
f 805 806 1982
f 727 184 2000
f 1996 1994 1988
f 1994 1978 1979
f 1829 616 792
f 1830 1073 941
f 798 803 800
f 729 732 731
f 2011 2012 2023
f 1834 1835 846
f 402 283 284
f 2022 2023 2024
f 1838 718 989
f 810 955 952
f 1823 1839 1840
f 1430 1426 1432
f 1215 844 1841
f 1316 1208 873
f 2112 1401 1384
f 1842 1843 1844
f 1159 846 845
f 837 27 1846
f 1971 1951 2030
f 517 369 370
f 1471 2026 2027
f 8995 8969 626
f 2174 2175 770
f 935 934 1854
f 1613 1619 1611
f 1231 1228 1225
f 1856 1857 891
f 1300 1309 748
f 1150 1149 1858
f 1643 606 696
f 1215 1265 1264
f 1320 1860 902
f 1956 1943 1944
f 2031 668 669
f 2034 1325 1310
f 1879 1880 1656
f 40 245 242
f 1992 1993 2039
f 888 958 957
f 1882 1889 1996
f 1078 1138 1255
f 1871 912 1192
f 294 411 218
f 1323 2041 2026
f 123 1960 83
f 1324 2036 2041
f 384 358 359
f 1324 1325 2038
f 1883 1884 1885
f 287 1540 114
f 1096 1886 1134
f 915 1329 931
f 806 1980 1981
f 8977 8973 584
f 1425 2030 2042
f 1018 2042 1948
f 9006 1896 740
f 1948 2042 649
f 1881 1882 1990
f 1900 129 130
f 992 995 994
f 923 927 925
f 9330 2045 2047
f 1643 2048 625
f 2050 2052 2051
f 2045 1405 1404
f 9328 2047 945
f 1139 1080 1079
f 1037 1856 892
f 2055 2053 2057
f 1198 989 718
f 1619 2058 1612
f 2058 1605 1606
f 2059 2060 1607
f 2058 1619 1624
f 71 72 179
f 405 406 1557
f 322 1548 1972
f 2061 2052 2063
f 2066 2065 2067
f 2052 2061 2064
f 1609 1610 2066
f 1515 151 152
f 1009 827 993
f 1644 9295 9267
f 279 1915 1916
f 1285 9315 9314
f 1647 2066 1825
f 2056 2057 2067
f 319 320 1953
f 667 666 1913
f 2070 631 625
f 2052 2050 2055
f 2038 1654 1655
f 1606 1601 2073
f 1235 1917 1270
f 2072 2073 2075
f 2059 1606 2072
f 2074 2075 2077
f 1601 1602 2078
f 2049 2048 1643
f 1000 1004 1001
f 1089 943 684
f 1931 1286 1306
f 1462 1459 1021
f 1932 1933 1934
f 875 874 1846
f 1936 1051 1937
f 44 45 46
f 1534 1955 1956
f 1541 318 317
f 2081 2082 2084
f 146 1945 1959
f 1360 1941 1942
f 985 984 1032
f 1995 1997 1892
f 2079 2080 2082
f 2095 2096 2076
f 2081 2093 2078
f 2055 2050 2054
f 501 2096 2095
f 2097 2100 2099
f 2098 2099 2094
f 2140 2141 9345
f 2141 2046 9346
f 2051 2070 2048
f 592 2102 2101
f 2071 2064 2076
f 2102 2097 2098
f 593 2103 2102
f 1019 1895 746
f 1950 11 12
f 725 2071 2096
f 1385 2105 2104
f 1379 2104 2106
f 2107 2108 2100
f 9360 726 502
f 9348 502 499
f 940 1389 2109
f 928 929 1170
f 9320 590 684
f 1962 1963 1964
f 9330 680 573
f 2039 1993 1968
f 1389 1390 2110
f 1398 2111 2113
f 9209 9207 9205
f 9363 9335 2107
f 949 923 924
f 260 241 324
f 1390 1397 2113
f 2070 2051 2064
f 9319 9363 2103
f 2105 1385 1421
f 2114 1421 1423
f 9344 2114 2115
f 9360 2105 2114
f 554 2116 1902
f 972 1163 967
f 1765 1593 1573
f 1984 1985 1986
f 2053 2117 2069
f 9017 9000 724
f 1625 1677 1674
f 9333 9340 2119
f 9355 2115 2123
f 56 1954 1906
f 626 9329 9331
f 2001 2002 2003
f 9364 9293 2127
f 2006 2007 2008
f 2127 1413 1412
f 2014 2015 2016
f 2018 2019 2020
f 1495 1424 1947
f 1379 1377 1386
f 9266 9263 1680
f 2029 1885 1884
f 9354 2128 2120
f 629 9331 9366
f 682 683 943
f 724 1650 2121
f 1757 1819 9273
f 765 1810 9296
f 9303 714 715
f 706 707 9322
f 981 986 987
f 1457 1868 1656
f 2017 2016 2032
f 1458 1655 1868
f 1776 1777 1792
f 1959 1945 1946
f 9115 9167 9177
f 9365 9333 2122
f 1093 1089 689
f 966 965 968
f 9304 715 9333
f 2172 9029 2170
f 670 2138 2137
f 9213 787 1903
f 1429 19 28
f 964 963 978
f 9293 9265 1413
f 1473 1474 669
f 9286 9285 1359
f 2138 798 1870
f 1872 1473 2137
f 715 716 9340
f 1881 1991 1992
f 9295 9294 739
f 1837 1847 8957
f 253 58 59
f 1808 9289 9292
f 1647 9284 9270
f 9317 9318 671
f 2112 9334 9335
f 1405 2045 2044
f 9281 9276 1364
f 273 1541 391
f 576 632 8964
f 9327 9317 668
f 1430 1431 2140
f 2136 9302 9312
f 1430 2139 18
f 9345 9346 570
f 1442 1439 2046
f 1431 1442 2141
f 9321 9365 9302
f 9260 9275 1817
f 9318 9345 695
f 2142 2025 798
f 571 2143 2142
f 9271 9266 1618
f 2143 2022 2025
f 694 2142 2138
f 681 1572 2144
f 2144 2011 2022
f 328 210 457
f 1572 2010 2011
f 630 9344 9355
f 2085 2086 2087
f 2090 2091 2092
f 572 2144 2143
f 1875 1976 2153
f 1873 1875 2149
f 2103 2107 2097
f 2157 2043 2155
f 2128 1412 1414
f 9326 9323 589
f 9324 9322 628
f 2149 2153 2158
f 2159 2158 9357
f 698 9359 9354
f 9275 9299 9279
f 2158 2156 9326
f 1438 2044 2046
f 2035 2154 2160
f 2161 2160 9341
f 9323 9343 605
f 9325 17 18
f 370 29 61
f 649 1951 413
f 2153 2157 2156
f 1428 1429 1449
f 1490 76 73
f 9342 9357 710
f 2155 1891 9343
f 1456 1457 1880
f 2125 2088 2087
f 2160 2159 9342
f 300 1959 505
f 1064 1062 1046
f 2043 1892 1891
f 2129 2130 2004
f 2131 2132 2133
f 9300 9301 1450
f 1998 1975 804
f 9331 673 9316
f 474 492 490
f 1164 1165 1182
f 707 2162 9361
f 708 1472 2162
f 2162 2161 9338
f 548 549 1905
f 1145 1136 1114
f 705 2121 1650
f 2043 2157 1977
f 737 738 554
f 1034 1195 1191
f 458 1905 1907
f 195 196 232
f 2040 2039 1969
f 2145 2146 2147
f 2054 2050 2049
f 9284 1646 1639
f 9 12 11
f 252 364 506
f 472 478 479
f 1865 9376 9243
f 900 903 910
f 1941 2150 2151
f 1921 1928 1927
f 2163 1897 1898
f 271 156 153
f 1904 1326 12
f 282 263 264
f 1872 1873 2154
f 1326 1904 1897
f 628 692 693
f 1724 1722 1719
f 1549 1562 436
f 1582 1583 1730
f 1921 1920 1929
f 9007 8955 10
f 2152 2037 1950
f 475 772 774
f 769 2172 2171
f 2171 2165 476
f 476 773 772
f 1791 565 464
f 2166 2167 2168
f 595 371 372
f 483 1809 1641
f 762 2174 2173
f 771 483 484
f 486 487 1809
f 297 1549 1517
f 763 2175 2174
f 776 755 759
f 184 185 2176
f 412 447 303
f 2005 2176 185
f 9263 1681 1682
f 2164 2170 756
f 1472 2035 2161
f 950 951 964
f 2177 2178 2179
f 227 226 1510
f 2182 2183 2184
f 2186 2019 2018
f 1985 2182 2181
f 214 736 729
f 865 849 842
f 849 865 1357
f 559 3187 3188
f 16 13 737
f 560 553 498
f 3193 3196 3195
f 3200 3197 3198
f 3211 3214 3213
f 3215 3218 3217
f 2187 2188 2002
f 3233 3236 3235
f 3223 3221 3222
f 3229 3232 3231
f 3245 3248 3247
f 2169 2168 2189
f 2192 2086 2085
f 2193 2194 2195
f 2198 2199 2200
f 1998 1982 1979
f 9116 9117 9120
f 3253 3256 3255
f 2116 1898 1903
f 1859 2006 2009
f 9356 2123 2126
f 1135 1148 1087
f 2201 2202 2015
f 1149 111 110
f 3261 3264 3263
f 3269 3272 3271
f 3265 3268 3267
f 3229 3230 3284
f 3289 3292 3291
f 3299 3302 3301
f 3307 3263 3264
f 3293 3296 3295
f 3297 3223 3224
f 3319 3321 3291
f 3322 3323 3318
f 3314 3313 3312
f 3285 3288 3287
f 3332 3333 3218
f 3329 3331 3330
f 3324 3325 3227
f 3298 3224 3326
f 2203 2204 2205
f 579 580 1895
f 1755 2207 2208
f 3337 3340 3339
f 9343 9362 1893
f 1211 2151 2150
f 868 997 2210
f 3347 3350 3349
f 944 945 930
f 2130 2129 2202
f 233 1903 1898
f 665 751 750
f 1167 1254 999
f 2211 2212 2213
f 2215 2216 2217
f 9319 593 590
f 2220 221 220
f 823 824 948
f 3375 3240 3377
f 3393 3392 3391
f 3353 3358 3357
f 3363 3366 3365
f 3402 3405 3404
f 266 204 455
f 9334 2108 2107
f 2221 2222 8963
f 2223 2224 2225
f 2207 2125 2124
f 3293 3309 3336
f 673 674 9321
f 817 1000 996
f 2227 2228 2146
f 1947 1948 646
f 9352 2135 17
f 2229 1635 1638
f 1679 1613 1618
f 1637 2231 2232
f 2233 2234 1617
f 2231 2235 2236
f 3406 3409 3408
f 1381 1638 2238
f 9038 2241 2242
f 3414 3416 3341
f 1630 2234 2233
f 1681 1626 472
f 1408 1407 2243
f 3423 3426 3425
f 3433 3351 3263
f 3434 3429 3430
f 3440 3443 3442
f 3444 3447 3446
f 3436 3451 3450
f 3442 3443 3456
f 1637 2230 2238
f 3445 3446 3437
f 3448 3443 3440
f 1409 1408 1634
f 1380 1383 2247
f 1628 2248 2245
f 3463 3466 3465
f 3308 3477 3462
f 2249 1623 1622
f 1632 1634 1408
f 2248 1628 1631
f 3478 3481 3480
f 3509 3512 3511
f 2235 2231 1637
f 3505 3508 3507
f 3457 3458 3199
f 631 2070 2071
f 515 167 52
f 782 781 2251
f 2253 2254 2255
f 397 281 459
f 1456 2039 2040
f 2040 2041 2036
f 3434 3475 3518
f 1401 2112 2111
f 2041 2040 1970
f 3367 3337 3338
f 1535 121 414
f 1586 1587 2080
f 2256 983 1132
f 3528 3531 3530
f 3519 3521 3520
f 3537 3505 3506
f 3543 3546 3545
f 1700 1699 9370
f 3486 3551 3550
f 3455 3456 3497
f 3558 3560 3559
f 3456 3568 3500
f 3572 3571 3252
f 3308 3264 3285
f 3316 3317 3574
f 3575 3478 3479
f 3576 3579 3578
f 3580 3583 3582
f 3584 3587 3586
f 3505 3537 3588
f 3589 3592 3591
f 3600 3603 3602
f 3542 3539 3595
f 3604 3605 3592
f 3611 3610 3613
f 3622 3625 3624
f 3618 3621 3620
f 3626 3629 3628
f 3644 3647 3646
f 3634 3637 3636
f 3638 3639 3641
f 9267 1896 1686
f 1263 2256 1886
f 3613 3655 3654
f 598 1841 844
f 2257 2258 2259
f 2258 2261 2262
f 2259 2262 2263
f 2260 2259 2216
f 1967 1971 1970
f 2212 1964 1963
f 922 921 2218
f 1312 1098 1101
f 1307 1306 1286
f 1548 1569 1546
f 2266 2267 2268
f 2265 2268 2270
f 2272 2265 2269
f 2273 2266 2265
f 2275 2276 2277
f 2278 2274 2277
f 2284 2285 9069
f 2287 2283 2286
f 2288 2289 2283
f 2290 2284 9091
f 2291 2292 2293
f 2295 2291 2294
f 2296 2297 2291
f 2297 2298 2292
f 2294 2293 2299
f 2279 2294 2300
f 2298 2301 2302
f 2292 2302 2303
f 2293 2303 2304
f 2304 2305 2306
f 2308 2309 2310
f 2302 2307 2310
f 2301 2311 2307
f 2312 2308 2307
f 2313 2314 2315
f 2318 2319 2320
f 9200 9223 2322
f 2324 2325 2273
f 2313 2324 2326
f 2328 2324 2313
f 2329 2325 2324
f 2331 2332 2333
f 2330 2333 2267
f 2325 2330 2266
f 2329 2331 2330
f 2333 2334 2335
f 2336 2334 2333
f 2338 2336 2332
f 2331 2339 2337
f 2329 2340 2339
f 2328 2341 2340
f 2316 2342 2341
f 2342 2316 2315
f 2344 2345 2346
f 2341 2344 2347
f 2342 2348 2344
f 2348 2349 2345
f 2350 2351 2352
f 2339 2350 2353
f 2340 2347 2350
f 2347 2346 2351
f 2337 2353 2354
f 2353 2352 2355
f 2356 2277 2276
f 2356 2357 2358
f 2356 2359 2296
f 2279 2277 2356
f 2360 2361 2270
f 2267 2335 2360
f 2362 2363 2364
f 2362 2365 2361
f 2366 2362 2358
f 2366 2367 2363
f 2357 2276 2368
f 2366 2368 2369
f 2276 2275 2370
f 2368 2370 2282
f 2372 2373 2374
f 2375 2376 2377
f 2378 2379 2380
f 2382 2378 2381
f 2384 2385 2378
f 2385 2386 2379
f 2388 2389 2390
f 2387 2390 2392
f 2393 2394 2387
f 2394 2395 2388
f 2186 2401 2402
f 2403 2404 2327
f 2272 2403 2326
f 2271 2405 2403
f 2405 2406 2404
f 2404 2407 2408
f 2409 2410 2411
f 2409 2412 2271
f 2413 2409 2269
f 2413 2414 2410
f 2417 2415 2416
f 2417 2418 2406
f 2412 2417 2405
f 2411 2415 2417
f 2406 2419 2407
f 9013 8964 632
f 2420 2398 2397
f 2420 2421 2423
f 2424 2420 2422
f 2424 2399 2398
f 2425 2391 2392
f 2421 2425 2426
f 2397 2396 2425
f 2396 2393 2391
f 2427 2314 2408
f 2430 2427 2428
f 2343 2315 2427
f 2432 2343 2430
f 2431 2430 2429
f 2435 2431 2433
f 2436 2432 2431
f 2428 2408 2407
f 2422 2437 2407
f 2438 2437 2422
f 2429 2428 2437
f 2440 2434 2433
f 2441 2439 2433
f 2442 2443 2439
f 2443 2444 2440
f 2445 2446 2444
f 2447 2445 2443
f 2383 2381 2445
f 2381 2380 2446
f 2448 2438 2423
f 2449 2448 2426
f 2441 2448 2449
f 2441 2429 2438
f 2449 2392 2390
f 2450 2390 2389
f 2447 2450 2451
f 2442 2449 2450
f 2451 2389 2453
f 2452 2453 2455
f 2382 2452 2454
f 2383 2451 2452
f 2456 2457 2373
f 2459 2460 2461
f 2463 2464 2465
f 2462 2465 2285
f 2466 2462 2284
f 2467 2463 2462
f 2461 2460 9155
f 2468 2469 2470
f 2472 2468 2471
f 2474 2461 9153
f 2475 2476 2477
f 2458 2455 2453
f 2479 2453 2389
f 2395 2480 2479
f 2480 2459 2458
f 2481 2482 2483
f 2484 113 2485
f 2471 2470 2464
f 2473 2471 2463
f 2487 2467 2466
f 2486 2466 2290
f 2490 2486 2488
f 2491 2487 2486
f 2492 2473 2467
f 2493 2492 2487
f 2494 2495 2492
f 2495 2472 2473
f 9142 2496 2474
f 9143 2497 2496
f 2498 2494 2493
f 2500 2498 2499
f 9152 9139 2498
f 9139 9143 2494
f 2306 2504 2278
f 2305 2505 2504
f 2504 2505 2507
f 2506 2507 2288
f 2274 2506 2508
f 2278 2504 2506
f 9085 9084 2489
f 9072 9085 2488
f 2507 2509 2289
f 2505 2510 2509
f 2508 2288 2287
f 2511 2287 2281
f 2370 2511 2280
f 2275 2508 2511
f 2512 2490 2489
f 2514 2512 2513
f 2517 2512 2514
f 2517 2491 2490
f 2499 2493 2491
f 2499 2517 2516
f 2510 2505 2519
f 2518 2519 2521
f 9068 2518 2520
f 9084 2510 2518
f 2522 2304 2303
f 2523 2522 2310
f 2305 2304 2522
f 2524 2522 2523
f 2519 2524 2525
f 2505 2305 2524
f 2308 2312 2527
f 2526 2527 2529
f 2531 2526 2528
f 2309 2308 2526
f 1214 2532 2151
f 2419 2406 2418
f 2533 2345 2349
f 2534 2533 2317
f 2535 2536 2533
f 2536 2346 2345
f 2537 2351 2346
f 2538 2537 2536
f 2539 2540 2537
f 2540 2352 2351
f 2312 2355 2541
f 2527 2541 2542
f 2543 2435 2434
f 2545 2543 2544
f 2319 2318 2543
f 2318 2436 2435
f 2514 2515 2548
f 2547 2548 2550
f 2552 2547 2549
f 2552 2516 2514
f 2520 2521 2554
f 2553 2554 2556
f 9042 2553 2555
f 9073 2520 2553
f 2523 2309 2531
f 2557 2531 2530
f 2525 2523 2557
f 2559 2557 2558
f 2554 2559 2560
f 2521 2525 2559
f 2561 2375 2007
f 2376 2562 2225
f 2564 2565 2566
f 2563 2566 338
f 2569 2563 2567
f 2570 2564 2563
f 2572 2573 2574
f 2571 2574 2576
f 2544 2571 2575
f 2544 2434 2572
f 2578 2570 2569
f 2579 2577 2569
f 2574 2577 2579
f 2573 2578 2577
f 2581 2582 2583
f 2584 2580 2583
f 9149 9127 2580
f 9128 2581 2580
f 2582 2516 2552
f 2583 2552 2551
f 2500 2501 2589
f 2590 2588 2589
f 9145 9147 2588
f 9147 9152 2500
f 2501 2516 2591
f 2592 2593 2594
f 2386 2385 2503
f 2596 2379 2386
f 2596 2374 2373
f 2599 2596 2597
f 2599 2380 2379
f 2600 2446 2380
f 2600 2599 2598
f 2603 2600 2601
f 2603 2444 2446
f 2604 2603 2602
f 2440 2604 2605
f 2444 2603 2604
f 2606 2582 2581
f 2606 2607 2590
f 2591 2516 2582
f 9128 2587 2456
f 9141 2456 2372
f 2478 2477 2608
f 2609 2610 2611
f 2564 2570 2613
f 2612 2613 2598
f 2457 2612 2597
f 2565 2564 2612
f 2614 2613 2570
f 2615 2614 2578
f 2602 2601 2614
f 2601 2598 2613
f 2572 2434 2605
f 2616 2605 2602
f 2573 2572 2616
f 1459 1016 1045
f 1265 1215 1079
f 1612 1608 1609
f 2067 2057 2069
f 1135 1109 1136
f 1938 1937 2618
f 95 548 458
f 2058 1607 1608
f 1454 1469 1445
f 655 2620 1048
f 722 1049 2621
f 3665 3639 3634
f 1131 985 1033
f 562 1481 366
f 1723 1719 1725
f 1786 1123 1122
f 267 300 323
f 1325 2034 1654
f 1468 1165 1435
f 658 657 529
f 8 532 247
f 382 1557 1559
f 3631 3681 3680
f 788 619 1307
f 940 930 929
f 911 2622 2623
f 2621 2620 655
f 2624 1857 2625
f 998 1846 27
f 635 638 2626
f 2627 641 644
f 2628 2627 1840
f 1200 1199 2627
f 1199 1773 641
f 1520 515 49
f 1452 1350 1349
f 2630 2631 1859
f 644 643 1335
f 3683 3700 3699
f 1197 1198 717
f 2632 717 719
f 2628 2632 1166
f 2629 1197 2632
f 1762 2633 1050
f 1823 870 873
f 2634 2635 794
f 1042 794 2635
f 93 94 1901
f 2036 2038 1458
f 1527 332 1525
f 877 876 1274
f 134 409 797
f 1328 893 931
f 607 777 1091
f 1043 2635 2637
f 2636 2637 2639
f 1275 2636 2638
f 1275 1040 1043
f 1272 2624 2626
f 2640 2626 638
f 1110 2641 2640
f 536 1272 2640
f 1472 708 1474
f 2042 2030 1951
f 3668 3632 3633
f 1058 1106 1105
f 2642 2623 2643
f 1192 2642 2644
f 912 2623 2642
f 9350 1657 8970
f 1049 1048 2620
f 616 1829 1885
f 1331 1913 666
f 990 989 1198
f 1911 1912 321
f 1298 1282 1205
f 76 1490 1504
f 1502 1500 421
f 610 609 658
f 1146 937 659
f 2646 911 914
f 1280 1239 1238
f 1453 1454 1452
f 835 942 1843
f 1271 1270 1173
f 1893 1878 1826
f 1050 2633 1937
f 2651 2652 814
f 1006 1053 1281
f 2653 1084 2654
f 1001 1004 1003
f 585 997 679
f 2624 1272 621
f 555 678 2028
f 1207 526 1197
f 1626 1627 478
f 3729 3732 3731
f 3746 3749 3748
f 3770 3752 3750
f 426 389 419
f 1030 1193 1773
f 9350 645 634
f 534 1533 138
f 1125 1092 1042
f 333 228 88
f 569 1570 561
f 3691 3694 3693
f 1489 2656 871
f 1857 2624 620
f 1673 1674 9222
f 622 861 864
f 619 788 891
f 261 544 545
f 393 1555 1556
f 2658 2659 2647
f 1075 2658 2657
f 1081 1080 2658
f 1080 1139 2659
f 2644 2643 1141
f 2660 1141 1140
f 642 2660 1336
f 1193 2644 2660
f 679 678 555
f 3762 3765 3764
f 1503 1501 1500
f 1318 1317 1101
f 2661 2659 1139
f 2661 1142 2663
f 2662 2647 2659
f 2662 2663 2622
f 2664 2622 911
f 2648 2664 2646
f 2648 2647 2662
f 3586 3658 3779
f 2083 2094 2093
f 1442 1440 1437
f 3732 3734 3733
f 519 329 330
f 1885 2029 1209
f 799 800 805
f 1946 1943 1952
f 1302 1301 1253
f 3741 3738 3757
f 3660 3663 3662
f 566 2005 224
f 1389 940 928
f 683 682 681
f 836 835 1842
f 2665 1842 1845
f 2666 2665 1303
f 24 836 2665
f 831 1072 2650
f 1845 1844 1304
f 2010 2013 2012
f 1051 1936 2667
f 1522 1521 1511
f 531 440 441
f 1250 635 2625
f 2669 2625 1857
f 783 2669 1856
f 782 1250 2669
f 720 2670 2671
f 1055 1931 1930
f 1333 1067 1251
f 619 622 1308
f 652 655 2619
f 521 522 1539
f 1838 988 537
f 2672 537 536
f 1113 2672 2641
f 1113 527 1838
f 1016 1013 1351
f 9349 573 570
f 226 227 104
f 9008 9121 9279
f 1036 1037 1884
f 2674 1301 1304
f 2673 1304 1844
f 1334 2673 2675
f 1333 2674 2673
f 2676 702 1039
f 1843 2676 2675
f 942 1074 2676
f 1074 699 702
f 752 1057 1055
f 1200 1166 656
f 1120 1846 874
f 2677 874 877
f 1241 2677 1052
f 1119 1120 2677
f 1560 1513 151
f 1208 1316 611
f 215 735 736
f 1460 1459 1462
f 3717 3720 3719
f 1208 1207 1839
f 854 856 1282
f 3682 3697 3696
f 72 445 182
f 544 1563 1565
f 217 200 456
f 3673 3647 3781
f 2047 1404 930
f 1204 2618 1937
f 913 777 686
f 3705 3708 3707
f 840 527 1113
f 1531 729 730
f 2678 778 1283
f 601 667 1914
f 1537 1538 459
f 1819 1757 8953
f 991 1860 862
f 2679 711 1073
f 3776 3775 3581
f 2680 1830 983
f 779 2680 2256
f 778 2678 2680
f 2678 2679 1830
f 180 542 245
f 1886 1132 1131
f 3766 3768 3767
f 1138 1137 1274
f 3777 3778 3585
f 1841 598 1140
f 75 313 314
f 193 423 420
f 2681 2682 1099
f 3658 3586 3587
f 170 1567 1565
f 349 416 417
f 1121 1124 2684
f 547 797 409
f 123 122 121
f 2643 2663 1142
f 1542 1544 513
f 899 900 907
f 1210 677 676
f 791 663 982
f 24 27 837
f 893 896 932
f 1860 1320 863
f 535 538 862
f 3640 3684 3683
f 1569 1548 1547
f 181 455 542
f 660 659 937
f 2013 567 568
f 3781 3647 3644
f 887 890 2631
f 1524 1508 361
f 520 161 162
f 2653 855 854
f 1238 1237 2655
f 718 1838 527
f 1492 1493 518
f 792 616 615
f 599 846 1835
f 290 457 456
f 312 171 1552
f 1248 2687 1179
f 153 149 177
f 1240 1181 1222
f 1257 1292 1235
f 1291 1084 1083
f 1052 877 1277
f 743 742 2618
f 444 140 430
f 23 1224 1172
f 2687 2654 1180
f 102 103 409
f 1283 607 610
f 373 497 650
f 1180 2654 1084
f 855 2653 2655
f 1173 1270 1917
f 2689 850 853
f 2688 853 1108
f 2686 2688 1279
f 2687 2689 2688
f 2691 1302 1252
f 2690 1252 850
f 1248 2690 2689
f 1248 1247 2691
f 2692 617 24
f 2691 2692 2666
f 1247 1258 2692
f 1258 1168 617
f 394 1554 1555
f 2693 1260 1259
f 1072 1236 1262
f 1257 1071 1168
f 398 439 1555
f 871 1784 1314
f 1178 1232 1249
f 1224 1289 1173
f 1010 2617 2618
f 1175 1174 1292
f 2654 2687 2686
f 2694 1157 1216
f 71 418 1487
f 701 1112 1111
f 1072 1261 2649
f 1085 2695 22
f 895 2694 1264
f 1601 1606 1605
f 1259 1262 1271
f 21 20 1220
f 988 991 538
f 3533 3479 3535
f 598 597 1336
f 1050 860 818
f 1298 2645 1761
f 1168 1167 618
f 3629 3671 3670
f 858 1168 1256
f 39 242 516
f 2652 1761 819
f 313 316 315
f 2026 1970 1971
f 2656 1489 596
f 814 819 818
f 2696 2651 813
f 1260 2696 2649
f 2693 2697 2696
f 2697 1296 2651
f 381 355 390
f 9270 9271 1611
f 1475 1427 1428
f 1292 1174 1917
f 1551 353 354
f 1526 1525 1523
f 1593 1589 1595
f 1232 1269 1246
f 2695 2693 1223
f 2698 1297 1296
f 2698 2697 2693
f 2685 2698 2695
f 2685 854 1297
f 562 1497 271
f 2652 2651 1296
f 1365 1366 1364
f 1958 1946 1953
f 585 588 2210
f 1561 1560 1515
f 975 2648 1146
f 347 67 68
f 1038 1111 636
f 2700 781 780
f 2699 780 1036
f 2701 2699 1883
f 851 2700 2699
f 2674 1333 2251
f 2702 2251 781
f 1253 2702 2700
f 1301 2674 2702
f 1519 387 388
f 1273 1239 1280
f 2703 1280 1107
f 2701 2703 852
f 1829 1273 2703
f 91 260 326
f 1784 871 2656
f 2683 2684 2705
f 604 1894 8943
f 1669 8978 8992
f 2062 2063 2060
f 621 535 861
f 2023 731 732
f 686 779 1263
f 857 1051 2668
f 883 830 882
f 3648 3651 3650
f 637 636 1111
f 2668 894 893
f 3692 3712 3711
f 2667 921 894
f 1039 1038 1068
f 313 75 1504
f 1911 1972 305
f 1936 2706 1964
f 2707 2402 2401
f 2708 2707 2183
f 738 2163 2116
f 3785 3787 3709
f 2349 2348 2432
f 2711 2712 2020
f 2400 2711 2019
f 2714 2715 2716
f 2717 2718 2719
f 2721 2722 2723
f 2726 2727 2728
f 2725 2728 2730
f 2731 2725 2729
f 2732 2726 2725
f 2734 2735 2736
f 2738 2739 2740
f 2737 2740 2741
f 2744 2745 2746
f 2745 2744 2748
f 2749 2750 2747
f 2753 2749 2751
f 2250 1380 2246
f 3417 3420 3419
f 2754 1396 1614
f 9050 2754 2755
f 9060 2745 2747
f 1617 2756 2755
f 2242 2758 1620
f 3429 3432 3431
f 2191 2085 2760
f 2761 2759 2760
f 9100 2759 2761
f 9075 2191 2759
f 3209 3460 3354
f 1395 1394 2236
f 1395 2235 1636
f 3741 3791 3790
f 1616 1635 2229
f 3410 3413 3412
f 1617 2234 2763
f 2756 2763 9080
f 2765 2763 2234
f 2766 2764 9080
f 3202 3199 3458
f 1516 437 435
f 2768 2769 8996
f 1495 541 578
f 2135 2136 28
f 8970 8984 2773
f 1690 1689 9378
f 2778 2779 2780
f 2777 2780 2781
f 2784 2778 2777
f 8999 8965 575
f 1494 1904 9
f 8973 2016 2015
f 451 61 505
f 2786 2787 2788
f 2779 2786 2785
f 2789 2752 2741
f 2790 2753 2752
f 2792 2793 2794
f 2793 2795 2796
f 2796 2797 2750
f 2794 2796 2749
f 2798 1393 1396
f 9043 2798 2754
f 2798 2799 2800
f 9043 9114 2799
f 2797 2796 2795
f 2791 2794 2753
f 216 233 232
f 9256 2806 2807
f 9257 2809 2804
f 2769 2810 9001
f 183 185 184
f 2811 2812 2775
f 2804 2811 2776
f 2809 2813 2811
f 2812 2811 2813
f 9257 2808 2816
f 9248 2818 2815
f 9250 9252 2820
f 9245 2823 2819
f 2824 2736 2735
f 2823 2825 2824
f 2825 2823 2826
f 9245 2822 2827
f 9248 2817 2826
f 2713 2716 2829
f 2828 2829 2831
f 2822 2821 2828
f 2821 2820 2713
f 2832 2827 2822
f 2833 2832 2830
f 2834 2835 2832
f 2835 2818 2827
f 2837 2838 2839
f 2836 2839 2841
f 2842 2836 2840
f 2843 2837 2836
f 2840 2841 2845
f 2718 2844 2845
f 2730 2728 2844
f 2727 2840 2844
f 2846 2845 2841
f 2829 2846 2847
f 2847 2841 2839
f 2848 2839 2838
f 2833 2848 2849
f 2831 2847 2848
f 2850 2814 2851
f 2853 2850 2852
f 2783 2777 2782
f 2785 2788 2853
f 2780 2785 2856
f 2857 2858 2855
f 2859 2857 2782
f 2861 2843 2842
f 2860 2842 2727
f 2862 2860 2726
f 2863 2861 2860
f 2861 2863 2858
f 2843 2861 2857
f 2856 2853 2854
f 2781 2856 2864
f 2837 2843 2859
f 2838 2837 2864
f 2852 2851 2834
f 2854 2852 2849
f 2865 2815 2818
f 2851 2865 2835
f 2813 2809 2815
f 2814 2813 2865
f 2866 2812 2814
f 2788 2866 2850
f 2866 2788 2787
f 2812 2866 2867
f 1892 1889 1890
f 2720 2719 2846
f 298 299 256
f 2872 2714 2713
f 9246 9252 2735
f 2729 2730 2874
f 2846 2716 2715
f 2876 2877 2878
f 2733 2875 2878
f 9258 9259 2879
f 9258 2880 2872
f 2882 2883 2884
f 2881 2884 2715
f 2880 2881 2714
f 2879 2882 2881
f 2885 2886 2887
f 2888 2889 2890
f 2885 2890 2892
f 2893 2886 2885
f 1942 2151 2532
f 2895 2892 2720
f 2884 2895 2870
f 2883 2896 2895
f 2896 2891 2892
f 2889 2874 2717
f 2890 2717 2720
f 2897 2893 2891
f 2898 2897 2896
f 2899 2898 2883
f 2900 2899 2882
f 9249 2900 2879
f 2876 2902 2901
f 2901 2902 2904
f 1785 2656 1835
f 2905 2906 2899
f 2907 2908 2897
f 9249 2901 2903
f 632 576 577
f 8976 8991 2867
f 434 385 550
f 2768 2770 9092
f 2910 2911 1623
f 2241 2912 2758
f 9092 2770 2913
f 1623 2911 2757
f 9039 2242 2757
f 2229 1381 1380
f 2765 1630 1629
f 2915 2914 1629
f 9094 9093 2914
f 9093 9074 2765
f 2919 2916 9094
f 2918 2915 2912
f 9066 2918 2241
f 9070 2919 9065
f 8985 2177 2180
f 8965 2002 2188
f 3694 3626 3627
f 9157 9017 714
f 2925 2766 2917
f 2924 2917 2916
f 9062 2924 2919
f 9063 2925 2924
f 2926 2927 2766
f 9110 2926 2925
f 1715 1713 1705
f 785 497 498
f 1387 651 565
f 374 375 1899
f 9017 2203 2206
f 2929 2930 2886
f 2932 2933 2934
f 1905 1906 1908
f 2930 2935 2936
f 2938 2935 2930
f 1493 369 517
f 1603 1585 1586
f 2939 2938 2929
f 2940 2939 2908
f 9117 1707 1600
f 2886 2930 2937
f 2906 2907 2898
f 2908 2929 2893
f 2942 2934 2933
f 2941 2933 2937
f 8945 2941 2936
f 8942 2942 2941
f 2943 2944 2710
f 2943 2873 2874
f 2945 2943 2889
f 2946 2944 2943
f 2932 2945 2888
f 2931 2946 2945
f 727 1928 1929
f 2903 2904 2947
f 545 594 42
f 1480 1570 533
f 2907 2906 2949
f 2906 2905 2950
f 1558 452 215
f 9251 2903 2948
f 2054 1645 1644
f 9157 9136 2203
f 1828 1837 1849
f 2953 2954 2955
f 2952 2955 2957
f 2956 2261 2258
f 2953 2952 2258
f 2454 2455 2474
f 9199 2958 2959
f 9199 2132 2131
f 2961 2962 2963
f 2958 2963 2964
f 222 221 2485
f 2477 2226 2966
f 2631 2561 2006
f 2384 2454 2496
f 2967 2968 2959
f 2968 2967 2970
f 9211 2033 2971
f 9236 2971 2960
f 2972 2971 2033
f 2007 2377 2973
f 9004 9003 2134
f 1836 1833 1832
f 8950 2188 2090
f 955 810 959
f 672 675 674
f 633 710 713
f 2024 732 733
f 2025 2024 803
f 425 1552 1550
f 2975 2976 888
f 1319 1158 1157
f 1212 1935 2977
f 889 957 2228
f 1978 1974 1975
f 1138 1078 1329
f 751 665 2979
f 1619 1613 1625
f 2252 2255 1728
f 1157 1160 845
f 2706 1936 1938
f 2980 2255 2254
f 2982 2975 887
f 802 712 711
f 678 677 2029
f 527 840 690
f 1839 1207 2629
f 2983 2984 602
f 2983 1914 1913
f 2985 2983 1331
f 2986 2984 2983
f 2987 2637 2635
f 2985 2988 2639
f 2990 1319 1318
f 2991 2992 2993
f 2995 2991 2994
f 1106 1058 2991
f 1058 1057 2992
f 1415 1406 1365
f 1317 922 2217
f 1932 1728 2255
f 926 2998 2999
f 3001 2993 2992
f 3000 2992 1057
f 2999 3000 2978
f 2998 3001 3000
f 3002 2998 2209
f 3002 3003 2996
f 2993 3001 3002
f 1103 1106 2995
f 3004 2995 2996
f 2209 2210 3004
f 588 1103 3004
f 295 296 433
f 2638 2639 2988
f 3005 2988 1056
f 1305 3005 1930
f 1276 2638 3005
f 1987 1968 1993
f 2633 1762 1761
f 1423 1422 1417
f 9005 8961 739
f 2671 2670 2704
f 1473 1872 2035
f 922 1317 2694
f 1401 1400 1378
f 556 2028 1884
f 842 848 9277
f 1854 2706 2617
f 933 1082 1081
f 1440 1441 1436
f 529 657 719
f 1031 1025 1027
f 777 913 912
f 2645 1205 1204
f 441 438 1538
f 3771 3774 3773
f 790 1287 587
f 2065 2066 1610
f 1860 991 990
f 60 106 87
f 1424 1017 1948
f 332 1527 1507
f 261 262 138
f 187 188 449
f 1719 1720 1726
f 1931 1055 1059
f 3006 1059 1105
f 1287 3006 1104
f 1286 1931 3006
f 3007 3008 3009
f 3009 3008 653
f 618 999 26
f 2029 677 1210
f 957 601 600
f 1049 2146 2228
f 2631 890 3011
f 890 889 2227
f 3011 2227 2145
f 2561 3011 3012
f 1026 656 609
f 2706 1854 1961
f 3013 2965 2485
f 2148 2147 1267
f 3015 1267 1266
f 2997 2264 1101
f 642 641 1773
f 186 477 461
f 1041 1040 1320
f 1121 3016 3017
f 2984 2986 2987
f 3018 2987 2634
f 1048 603 3018
f 603 602 2984
f 2679 2678 801
f 2062 2072 2074
f 2061 2074 2076
f 414 303 1545
f 3016 1121 2683
f 3019 2683 2704
f 3020 3019 2670
f 3007 3016 3019
f 1871 1090 1091
f 3021 1787 1122
f 3022 3021 3017
f 1314 3021 3022
f 1784 1787 3021
f 1316 1315 1763
f 3023 3022 3010
f 3023 3009 795
f 1763 3023 1092
f 1315 3022 3023
f 3016 3007 3010
f 752 751 2978
f 2986 2639 2637
f 3024 654 653
f 3020 3024 3008
f 720 723 3024
f 723 2621 654
f 2681 1098 1268
f 2671 3025 1268
f 2705 2681 3025
f 1313 3026 3027
f 3026 3028 3029
f 3027 3029 3030
f 1311 3027 3031
f 2012 568 731
f 917 2657 974
f 3742 3745 3744
f 743 1206 856
f 1888 2027 2030
f 2682 2705 2684
f 3032 2684 1124
f 1100 3032 2989
f 1099 2682 3032
f 1123 2990 2989
f 3033 1834 1159
f 2990 3033 1158
f 1123 1786 3033
f 1786 1785 1834
f 1054 1056 2988
f 2979 665 664
f 2623 2622 2663
f 1095 660 688
f 3034 3035 2261
f 3036 3034 2956
f 3037 3038 3034
f 3038 3039 3035
f 3040 3041 3026
f 2263 3042 3041
f 3042 3039 3043
f 3041 3043 3028
f 3044 3045 3043
f 3046 3047 3045
f 3047 3048 3049
f 3043 3045 3049
f 3038 3037 3051
f 3050 3051 3053
f 3052 3046 3044
f 3039 3038 3050
f 3054 3035 3039
f 3042 2263 2262
f 2261 3035 3054
f 2216 2263 2997
f 2212 2211 2667
f 3056 868 2209
f 934 3057 1961
f 2013 9207 9209
f 3058 3059 3060
f 3059 3062 3063
f 3060 3063 2213
f 3061 3060 1963
f 3063 3064 2214
f 3062 3065 3064
f 3065 2257 2260
f 3064 2260 2215
f 3066 3067 3031
f 2608 2966 3067
f 2966 2562 3068
f 3031 3067 3068
f 2455 2458 2461
f 2476 2223 2226
f 8995 2090 2089
f 8970 2774 9221
f 433 354 355
f 2115 1423 1419
f 8953 2868 2922
f 9221 9189 2131
f 3069 2611 2167
f 2971 2972 2928
f 2961 2774 2773
f 3070 2475 2478
f 2610 2609 3071
f 2502 2371 2374
f 3072 2592 2595
f 2964 3046 3052
f 3048 2593 3074
f 2593 2592 3075
f 3075 3030 3029
f 3074 3029 3028
f 3072 3076 3075
f 3076 3072 2482
f 2481 2608 3066
f 3076 3066 3030
f 2967 3052 3053
f 2482 3072 3073
f 479 480 493
f 706 9352 9325
f 9005 2194 2221
f 2013 2010 9206
f 8977 2032 2016
f 9006 8963 2222
f 1171 1154 1155
f 3782 3644 3689
f 2586 2566 2565
f 2982 110 113
f 2562 2376 3077
f 2376 2375 3012
f 3012 2145 2148
f 3077 2148 3015
f 2963 3047 3046
f 3051 3078 2970
f 1683 2173 491
f 9302 2122 1447
f 1986 2181 9186
f 3079 3080 2546
f 3081 3079 2575
f 1983 1986 9220
f 3082 2323 2319
f 3080 3082 2545
f 9186 9184 3082
f 9184 9200 2323
f 1309 1471 1888
f 3073 2595 2772
f 2760 3083 3084
f 2760 2085 2088
f 3085 3084 3086
f 3089 3085 3090
f 3089 2762 3084
f 3092 3088 3090
f 3093 2748 2744
f 2751 2747 2748
f 3093 2741 2752
f 2742 2741 3093
f 3094 3093 2743
f 3096 3097 3098
f 3099 3096 3087
f 3097 3094 3095
f 3100 2743 2746
f 3101 2927 3102
f 2764 2766 2927
f 2745 2764 3101
f 3102 3092 3091
f 3100 3091 3095
f 2869 2802 9044
f 3102 3103 3104
f 9110 2868 2869
f 2927 2926 3103
f 3098 3095 3091
f 3087 3098 3090
f 2088 2125 3105
f 3083 3105 3086
f 2483 3073 2771
f 2401 2186 2185
f 3099 3086 3105
f 2125 2207 3106
f 3108 2737 2742
f 3107 2742 3094
f 3110 3108 3107
f 3109 3107 3097
f 3111 3109 3096
f 3112 3110 3109
f 3113 2738 2737
f 3115 2723 2722
f 3117 3115 3114
f 3119 3117 3116
f 3118 3116 3120
f 3116 3114 3113
f 3122 3112 3111
f 3122 3123 1755
f 3124 3125 3126
f 3125 3118 3121
f 3128 3119 3118
f 3129 3128 3125
f 2020 2712 3128
f 9305 9309 1346
f 1065 1046 1047
f 1814 9290 9282
f 2021 2020 3129
f 3111 3099 3106
f 3123 3106 2207
f 2377 2225 2224
f 3014 2485 113
f 1756 2208 9234
f 3131 3132 2530
f 3133 3131 2528
f 1753 1756 9219
f 3134 3124 3127
f 2327 2408 2314
f 2436 2318 2317
f 2018 2021 9163
f 2534 3136 3137
f 2320 2322 3136
f 2185 2018 9164
f 3138 3139 2542
f 3134 3135 9196
f 9237 3130 3134
f 3140 3138 2539
f 2535 3137 3140
f 9163 2021 3130
f 2558 2530 3132
f 9234 9212 3141
f 2560 2558 3141
f 9212 9229 3142
f 958 888 2976
f 1933 1932 2980
f 3714 3704 3729
f 2399 2424 2418
f 2348 2342 2343
f 2322 2320 2319
f 2718 2717 2874
f 2709 2729 2873
f 2894 2871 1361
f 3788 3789 3720
f 346 289 176
f 1876 1877 1882
f 2802 2803 9059
f 3104 3144 3088
f 2974 2222 9101
f 3089 3145 2761
f 3088 3144 3145
f 2803 2974 9055
f 9322 9361 692
f 2123 1419 1418
f 1365 1363 1368
f 3346 3345 3344
f 1581 1766 1782
f 9013 2202 2129
f 8999 2003 2002
f 3146 2585 2551
f 9203 3146 3147
f 9194 3149 3146
f 3149 2584 2585
f 3196 3198 3197
f 9056 2192 2191
f 3142 3150 2556
f 9229 9230 3150
f 9098 3152 2550
f 3150 3151 2555
f 9230 9232 3151
f 9240 9233 3152
f 3153 3147 2551
f 3152 3153 2549
f 9233 9228 3153
f 9228 9202 3147
f 3148 2767 2206
f 2183 2401 2321
f 2132 2960 2928
f 3299 3300 3321
f 9136 9137 2204
f 9171 2198 2197
f 2594 2962 2773
f 2595 2594 2951
f 1870 798 799
f 3257 3260 3259
f 9165 2179 2178
f 9158 2178 9188
f 336 3154 9226
f 339 3155 3154
f 9241 9135 3149
f 9135 9149 2584
f 2963 2962 3048
f 9174 9182 337
f 339 338 2566
f 3156 3157 2168
f 2610 3156 2167
f 2954 2953 3156
f 3157 3156 2953
f 9159 2166 2169
f 2567 3158 3159
f 337 3158 2567
f 9182 3069 2166
f 9216 2190 1983
f 2579 3160 3081
f 2568 3159 3160
f 9161 2169 2190
f 3065 3062 3162
f 3161 3162 1984
f 3157 3161 2189
f 2257 3065 3161
f 734 735 1922
f 3059 3058 2708
f 3163 2708 2182
f 3162 3163 1985
f 3062 3059 3163
f 3203 3206 3205
f 3806 3809 3808
f 2122 2119 1448
f 9269 1686 1685
f 139 140 444
f 1570 569 566
f 2957 3164 3165
f 2955 3166 3164
f 1912 454 341
f 3130 3129 3124
f 1548 322 319
f 1949 1950 1327
f 2969 2970 3078
f 3167 3078 3169
f 9176 2014 2017
f 9172 2017 2033
f 3168 3169 3165
f 3170 3165 3164
f 9231 3170 3171
f 9176 3168 3170
f 3171 3164 3166
f 3172 3166 3071
f 9204 3172 3173
f 9208 3171 3172
f 3169 3037 3036
f 2593 3048 2962
f 3173 3071 2609
f 3174 2609 2199
f 9235 3174 2198
f 9201 3173 3174
f 2190 2189 1984
f 2196 2195 2767
f 3326 3329 3328
f 2119 2120 1414
f 1464 1463 1466
f 2199 2611 3069
f 2457 2456 2587
f 2226 2225 2562
f 481 478 1627
f 333 1512 235
f 3078 3051 3037
f 3040 2264 2997
f 3351 3352 3262
f 2219 1934 1933
f 2385 2384 2497
f 221 2220 3175
f 2220 1933 3143
f 3175 3143 2976
f 2484 3175 2975
f 2954 3071 3166
f 2630 1858 110
f 1547 319 1952
f 2091 2090 2188
f 9185 9188 2178
f 1918 1919 1927
f 9007 112 111
f 3398 3401 3400
f 955 956 960
f 2037 3014 112
f 3143 2980 2981
f 2218 2211 2214
f 672 9329 9239
f 2152 3013 3014
f 1147 1144 1143
f 2248 2246 1409
f 1615 1636 1635
f 1410 1409 2246
f 3486 3488 3487
f 3468 3469 3502
f 3451 3453 3452
f 1382 3176 3177
f 3177 1410 2247
f 2247 1383 3177
f 3176 2238 2230
f 1410 3177 3179
f 3179 3180 2243
f 1633 3181 2800
f 3816 3818 3817
f 1621 1620 2758
f 3642 3801 3662
f 3422 3421 3260
f 1622 1621 2245
f 2236 1394 3181
f 3793 3796 3795
f 3493 3496 3495
f 2237 2236 3182
f 3513 3516 3515
f 2250 1631 2233
f 3654 3666 3667
f 2912 1629 1628
f 3819 3822 3821
f 3432 3824 3823
f 135 136 1564
f 1567 419 512
f 1085 1084 2653
f 3184 869 868
f 869 3184 3057
f 3389 3388 3387
f 1266 1268 1098
f 1267 2147 722
f 937 1146 2646
f 2146 1049 722
f 2211 2218 921
f 1957 510 507
f 1313 1312 2264
f 1496 362 1493
f 2887 2937 2933
f 1687 1688 1659
f 145 1499 1498
f 3831 3829 3830
f 37 38 418
f 1935 1934 3185
f 104 89 301
f 2101 2098 2083
f 543 298 360
f 1934 2219 3186
f 234 1521 212
f 9297 9273 1822
f 3825 3828 3827
f 1976 1875 1874
f 223 3186 2219
f 9107 9108 9057
f 2165 2164 467
f 467 468 2165
f 773 476 2165
f 3673 3658 3659
f 1935 1212 1728
f 3490 3491 3840
f 3362 3359 3848
f 3862 3865 3864
f 3465 3466 3484
f 3893 3894 3525
f 3352 3351 3430
f 3869 3872 3871
f 3529 3530 3567
f 3420 3417 3922
f 3304 3235 3236
f 3929 3932 3931
f 3324 3326 3327
f 3219 3937 3939
f 3220 3938 3937
f 3450 3375 3376
f 3942 3832 3833
f 3215 3216 3454
f 3946 3332 3215
f 3422 3949 3948
f 3950 3457 3198
f 3205 3206 3957
f 3261 3962 3961
f 3852 3853 3964
f 3214 3211 3946
f 3965 3213 3214
f 3797 3800 3799
f 3988 3991 3990
f 3777 3779 3806
f 3855 3858 3447
f 3737 3799 3800
f 3949 3953 3952
f 3651 3782 3783
f 4001 3784 3787
f 4019 4022 4021
f 4027 4030 4029
f 3258 3259 4030
f 4033 4036 4035
f 3424 3425 4047
f 3242 3243 4058
f 3970 3489 3547
f 3829 3242 4057
f 3333 3332 3947
f 4063 4068 4065
f 4073 4076 4075
f 3568 3456 3443
f 3981 3334 3335
f 3540 3915 3862
f 4078 4079 4031
f 3565 3566 4088
f 3442 3455 4089
f 4092 4095 4094
f 4093 4094 4097
f 3619 3620 3623
f 3660 4098 3821
f 3809 3648 3649
f 3610 3652 3655
f 3656 3622 3623
f 3621 3803 3804
f 3503 3480 3481
f 3436 3439 3438
f 3356 3428 3427
f 3628 3670 3669
f 3734 3811 4002
f 3276 3273 3370
f 3763 4106 4107
f 4006 4007 3754
f 3747 3751 3752
f 3863 3864 4110
f 3994 3891 4003
f 3653 3801 3664
f 3296 4116 4115
f 4117 4120 4119
f 3249 3252 3251
f 4127 4130 4129
f 3478 3575 3903
f 3410 4136 3921
f 3977 4061 4038
f 3216 3452 3453
f 3967 3547 3548
f 4140 4078 4032
f 3509 4086 4149
f 4151 4152 3659
f 4153 4152 3656
f 4153 4154 3646
f 4156 3688 3645
f 4139 4077 4078
f 3743 3744 4163
f 3861 3918 3987
f 3468 4066 4067
f 3306 3981 3980
f 4172 4173 4010
f 4169 4170 3836
f 4187 4190 4189
f 4213 4216 4215
f 4220 4223 4222
f 4225 4226 4211
f 4230 4233 4232
f 4240 4243 4242
f 3606 3609 3608
f 4250 4253 4252
f 4258 4261 4260
f 4077 4080 4079
f 4276 4279 4278
f 4308 4262 4263
f 4017 4018 3872
f 3196 3193 3951
f 4316 4317 4270
f 3870 4306 4307
f 4324 4327 4326
f 4333 4334 4247
f 4338 4341 4340
f 4348 4351 4350
f 4283 4284 4289
f 4356 4359 4358
f 4359 4019 4020
f 4362 4363 4196
f 4320 4364 4279
f 4370 4372 4296
f 4377 4253 4303
f 4231 4232 4201
f 4203 4212 4331
f 4037 4040 4039
f 4371 4265 4386
f 4387 4346 4347
f 3309 3293 3294
f 4099 3723 3724
f 4355 3422 3257
f 3630 3680 3693
f 4277 4278 4302
f 4350 4318 4319
f 4353 4354 4351
f 3637 3634 3639
f 4394 4395 3827
f 3311 3312 4399
f 3755 3708 4005
f 4363 4362 4259
f 3454 3453 3919
f 3446 3447 3459
f 4298 4299 4404
f 3749 3746 3769
f 3791 3741 3756
f 3643 3685 3684
f 3845 3846 3399
f 4313 3257 3258
f 4411 4413 4408
f 3843 4424 4423
f 4214 4215 4329
f 4431 4434 4433
f 3918 3861 3798
f 3927 3928 3388
f 4453 3893 3874
f 4138 4458 4457
f 3346 4460 4459
f 4100 4109 4108
f 3974 3977 3976
f 3665 3655 3652
f 3773 3565 3993
f 3945 3454 3920
f 4144 4463 4462
f 4464 4467 4466
f 3268 4142 4479
f 4484 3921 4136
f 3348 3914 4487
f 3313 3314 3912
f 3803 3621 3617
f 4086 3509 3510
f 4034 3304 3305
f 3403 3404 4171
f 4481 4482 4492
f 4177 4180 4179
f 4398 4170 3923
f 4451 4493 4494
f 4501 4075 4076
f 4509 4510 4506
f 3304 4034 4462
f 4485 4399 3312
f 3419 4488 3349
f 4356 4345 4385
f 4026 4354 4358
f 4354 4353 4357
f 3599 3596 4091
f 4341 4338 4254
f 4251 4252 4524
f 3482 3485 3484
f 3843 3543 3544
f 4295 4341 4274
f 4381 4530 4206
f 4204 4205 4531
f 4533 4536 4535
f 4542 4545 4544
f 4546 4549 4548
f 4573 4574 4547
f 4575 4578 4577
f 4221 4581 4580
f 4587 4590 4589
f 4328 4592 4589
f 4187 4565 4563
f 4595 4583 4593
f 4597 4605 4604
f 4609 4608 4611
f 4620 4623 4622
f 4612 4615 4614
f 4636 4638 4600
f 4649 4651 4650
f 4652 4655 4654
f 4662 4665 4664
f 4666 4669 4668
f 4637 4639 4685
f 4627 4701 4700
f 4684 4686 4636
f 4663 4689 4661
f 4699 4698 4697
f 4647 4648 4703
f 4709 4711 4603
f 4724 4633 4726
f 4742 4745 4744
f 3311 3923 3924
f 4698 4759 4758
f 4749 4765 4609
f 4342 4345 4344
f 4797 4800 4799
f 4490 4048 3974
f 4019 4359 4306
f 4512 3955 4514
f 3991 3988 4508
f 4692 4695 4694
f 4680 4681 4818
f 4821 4822 4824
f 4367 4239 4243
f 4833 4832 4831
f 4837 4744 4757
f 4332 4563 4562
f 4683 4835 4819
f 4845 4843 4850
f 4751 4753 4752
f 4854 4855 4695
f 4858 4719 4718
f 4822 4559 4859
f 4674 4646 4647
f 4771 4774 4773
f 4726 4727 4537
f 4714 4718 4719
f 4633 4634 4688
f 4616 4619 4618
f 4686 4684 4842
f 4869 4707 4708
f 3502 3868 3528
f 4777 4660 4737
f 4734 4732 4779
f 4883 4755 4663
f 4375 4294 4274
f 4290 4343 4335
f 4816 4815 4812
f 4778 4779 4732
f 4158 3710 4160
f 4195 4198 4197
f 3860 3861 4166
f 3758 3759 3763
f 3694 3691 4157
f 4249 4248 4391
f 3467 3470 3469
f 4209 4212 4211
f 4142 3268 4144
f 3615 3614 3617
f 3479 3480 3536
f 4883 4753 4672
f 4802 4801 4642
f 3698 3637 3638
f 4105 3725 3726
f 4848 4645 4896
f 4878 4877 4744
f 4610 4874 4748
f 4036 3403 4489
f 4355 4313 4314
f 4171 4141 4049
f 3875 3452 3216
f 4868 4865 4863
f 4623 4900 4691
f 3629 3626 4155
f 4654 4887 4898
f 4012 4015 4014
f 4902 4903 4866
f 4768 4769 4908
f 4370 4386 4385
f 4888 4860 4914
f 3546 3543 3917
f 4932 4926 4931
f 3625 3622 4151
f 3804 3669 3670
f 3816 4104 4103
f 4911 4898 4887
f 4928 4930 4927
f 4925 4929 4927
f 3655 3665 3666
f 4932 4919 4910
f 4937 4923 4912
f 4939 4938 4942
f 4228 4529 4530
f 4946 4945 4942
f 4938 4922 4923
f 4942 4938 4937
f 4951 4950 4930
f 4955 4951 4928
f 4748 4750 4615
f 4914 4860 4847
f 4824 4859 4584
f 4940 4939 4941
f 4916 4961 4960
f 4909 4907 4891
f 4971 4967 4968
f 4966 4970 4948
f 4962 4952 4953
f 4940 4935 4924
f 4831 4916 4917
f 4935 4936 4925
f 4275 4255 4261
f 4679 4758 4791
f 4016 4309 4373
f 4668 4764 4766
f 4539 4537 4727
f 4929 4925 4936
f 4775 4776 4801
f 4801 4776 4742
f 4732 4734 4611
f 4985 4984 4983
f 4534 4586 4562
f 4847 4644 4645
f 4788 4787 4619
f 4787 4788 4678
f 4657 4606 4605
f 4994 4996 4878
f 5006 5009 5008
f 5001 5003 4973
f 4814 4618 4619
f 5014 4989 4974
f 5003 5002 4972
f 5019 5006 5007
f 5024 5016 5017
f 5036 5037 5035
f 4990 5019 4975
f 5045 5033 5034
f 5048 5049 5034
f 5025 5017 5014
f 5046 5038 5043
f 5051 5052 5055
f 5044 5050 5060
f 5011 4981 5021
f 5013 5069 5068
f 5028 5073 5072
f 5077 5074 5064
f 5065 5080 5079
f 5083 5079 5080
f 5063 5067 5080
f 5054 5055 5071
f 4602 4603 4711
f 5058 5082 5083
f 4982 4983 4792
f 5041 5033 5045
f 3909 3911 3278
f 3471 3474 3473
f 5002 5003 4994
f 5060 5080 5067
f 4892 4861 4862
f 4891 4813 4884
f 4996 4994 5003
f 4997 5015 5005
f 4813 4617 4614
f 4618 4814 4827
f 5089 5090 5093
f 3303 3306 3305
f 5100 5103 5102
f 5107 5110 5109
f 5110 5115 5092
f 4610 4611 4734
f 5112 5103 5100
f 5088 5091 5090
f 5119 5118 5117
f 5092 5115 5096
f 3826 3830 3829
f 5108 5109 5102
f 5100 5130 5087
f 5118 5131 5133
f 3783 3689 3690
f 4444 4447 4446
f 5151 5153 5150
f 4790 4616 4617
f 4332 4182 4190
f 3266 3267 4451
f 3211 3947 3332
f 4741 4796 4760
f 4775 4778 4777
f 4764 4665 4691
f 4489 4171 4048
f 4466 4477 4511
f 4518 3936 3930
f 4786 4787 4791
f 4980 5005 4984
f 5144 5152 5150
f 5159 5146 5148
f 5121 5119 5120
f 5169 5164 5162
f 5016 4978 4979
f 5123 5180 5179
f 5181 5180 5140
f 5175 5185 5184
f 4575 4581 4586
f 4984 4985 4976
f 4596 4599 4598
f 5182 5181 5183
f 4785 4619 4787
f 5137 5124 5122
f 5167 5179 5180
f 4835 4683 4898
f 4687 4727 4726
f 4176 3836 4170
f 4760 4761 4655
f 4681 4680 4649
f 5121 5093 5132
f 5171 5191 5178
f 5174 5178 5191
f 5169 5193 5194
f 4909 5094 5095
f 5105 5104 5112
f 4767 5108 5126
f 5201 5202 5205
f 5219 5218 5217
f 5229 5214 5200
f 5234 5237 5236
f 4069 4072 4071
f 4724 4725 4717
f 5108 4767 4768
f 5103 5195 5126
f 5227 5218 5211
f 5015 4997 4884
f 4997 4998 4892
f 5197 5198 5215
f 5241 5199 5247
f 5013 4975 5019
f 5205 5239 5232
f 4969 4967 4971
f 5239 5205 5249
f 4808 5243 5225
f 5216 5247 5199
f 5253 5245 5242
f 5235 5236 5255
f 5135 5148 5157
f 5264 5260 5267
f 5245 5203 5215
f 5260 5261 5269
f 5264 5266 5274
f 5154 5153 5173
f 5287 5272 5278
f 5256 5301 5300
f 5173 5174 5176
f 4631 4630 4629
f 4781 4784 4783
f 5309 5307 5311
f 5155 5156 5144
f 4826 4828 4827
f 5291 5295 5308
f 5310 5311 5281
f 5311 5307 5308
f 4036 4033 4176
f 4641 4716 4704
f 5220 5224 4804
f 4770 5206 5207
f 5188 5185 5175
f 5180 5123 5129
f 4626 4700 5314
f 4731 4728 5315
f 5222 5213 5210
f 4728 4882 5316
f 5230 5219 5216
f 5297 5296 5240
f 5204 5233 5208
f 5318 4868 4864
f 5273 5272 5287
f 5221 5210 5219
f 4700 4902 5321
f 5313 5314 5328
f 5157 5149 5154
f 5275 5276 5263
f 5324 5322 5318
f 5323 5332 5331
f 5343 5334 5345
f 5306 5310 5286
f 5278 5281 5311
f 4882 4625 5320
f 5109 5110 5114
f 5123 5087 5130
f 5299 5283 5284
f 5240 5198 5199
f 5229 5231 5197
f 5305 5302 5292
f 5233 5228 5225
f 5192 5190 5194
f 5104 5105 4670
f 5146 5159 5160
f 5337 5340 5347
f 5347 5340 5341
f 5353 5346 5335
f 5349 5355 5354
f 5355 5358 5357
f 5358 5355 5360
f 5355 5349 5348
f 5342 5366 5365
f 5345 5346 5362
f 5332 5364 5367
f 5372 5371 5315
f 5370 5365 5366
f 5361 5356 5354
f 5364 5365 5368
f 5369 5344 5362
f 5316 5320 5330
f 5373 5359 5371
f 5341 5342 5364
f 5374 5358 5359
f 5329 5376 5375
f 5377 5380 5379
f 5377 5376 5331
f 5380 5377 5367
f 5363 5383 5370
f 5357 5358 5374
f 5381 5385 5361
f 4814 4815 4825
f 4825 4815 4816
f 4806 4746 4747
f 5119 5121 5131
f 4696 4697 4893
f 4696 5389 5390
f 5213 5222 5388
f 5393 5389 5388
f 5380 5382 5384
f 5213 5387 4893
f 4813 4891 4908
f 5390 5392 4693
f 5294 5289 5287
f 5184 5185 5186
f 5285 5275 5253
f 4769 4789 4790
f 5327 5371 5359
f 4598 4621 4690
f 4608 4606 4733
f 4627 4624 4609
f 4596 4604 4851
f 4900 4623 4706
f 4668 4795 5395
f 4863 4865 4639
f 5392 5393 4666
f 4872 4650 4651
f 4807 4791 4758
f 5348 5338 5325
f 5176 5191 5190
f 5046 5031 5022
f 4853 4852 4869
f 5346 5353 5363
f 4709 4880 4620
f 4672 4673 4904
f 4680 4811 4651
f 4841 4844 4688
f 4823 4817 4818
f 4729 4730 4602
f 4881 4729 4851
f 5360 5348 5326
f 4852 4900 4707
f 4890 4751 4669
f 5392 5390 5389
f 5189 5182 5186
f 4881 4604 4605
f 5343 5344 5369
f 4607 4624 4625
f 5056 5055 5052
f 4850 4797 4798
f 3260 5399 5398
f 4855 4736 4899
f 5339 5343 5366
f 4789 4905 4808
f 5400 4040 3948
f 3872 3424 4046
f 4018 3423 3424
f 4025 4523 4172
f 4011 4023 4024
f 4065 4068 3900
f 3413 4012 4013
f 5056 5068 5069
f 5055 5056 5070
f 4062 5398 5399
f 5269 5289 5294
f 4685 4866 4903
f 5254 5242 5240
f 4606 4657 4658
f 4729 4881 4882
f 4030 4041 4043
f 4664 4752 4753
f 3575 3483 3904
f 3413 3410 3922
f 4949 4968 4955
f 4947 4937 4913
f 4849 4850 4894
f 4143 3974 3975
f 4912 4923 4932
f 3774 3771 3995
f 3956 3954 3342
f 4871 4872 4758
f 4270 4273 4272
f 4039 4040 5400
f 3555 3969 5402
f 5403 5404 3906
f 3908 4126 3823
f 4124 4121 5408
f 3901 3902 4046
f 4120 4117 5410
f 4124 3962 4125
f 5420 3906 5404
f 5424 4059 5425
f 3400 5429 5428
f 5432 5433 5435
f 4941 4942 4945
f 4935 4940 4949
f 3895 3898 3897
f 5426 5408 4121
f 5430 3905 3906
f 4045 4041 5398
f 5395 4693 5392
f 4846 4903 4701
f 4880 4709 4710
f 4624 4607 4608
f 4656 4690 4662
f 5305 5307 5309
f 5220 5223 5222
f 4230 4223 4327
f 5030 5073 5028
f 5213 5212 5211
f 5440 3272 3269
f 4396 4397 3980
f 5447 5448 3244
f 3328 3330 5451
f 4208 4391 4248
f 4599 4620 4621
f 4528 4339 4391
f 4529 4228 4199
f 4526 4338 4339
f 4256 4235 5452
f 4532 5452 4241
f 3834 4400 5446
f 5443 5445 5444
f 4530 4247 4334
f 4754 4886 4904
f 4229 4228 4381
f 4205 4382 4383
f 4892 4998 4987
f 4039 4032 3976
f 4738 4780 4796
f 4833 4835 4897
f 4232 4527 4200
f 4194 4240 4241
f 4889 4794 4750
f 4194 4191 4365
f 4531 4383 4195
f 5043 5042 5062
f 4182 4332 4561
f 5446 5447 3241
f 5237 5239 5248
f 4206 4334 4382
f 5210 5211 5218
f 3426 3922 3417
f 4216 4191 4192
f 4219 4210 4184
f 4180 4561 4380
f 4327 4595 4591
f 4223 4230 4231
f 4215 4192 4360
f 4186 4568 4218
f 4190 4330 4209
f 4223 4220 4595
f 4326 4591 4328
f 4366 4389 4568
f 4570 4548 4549
f 4579 4573 4548
f 4563 5453 4533
f 4583 4595 4220
f 4586 4380 4561
f 4239 4196 4363
f 4572 4571 4567
f 4536 4539 4585
f 4538 5453 4566
f 4536 4533 5453
f 3573 3986 3983
f 5427 3963 3552
f 4553 4587 4588
f 4593 4554 4555
f 4368 4365 4183
f 4361 5452 4235
f 4233 4369 4527
f 4233 4230 4324
f 4212 4209 4330
f 4237 4324 4325
f 4193 4241 5452
f 4983 5015 4885
f 5002 4995 4986
f 5074 5077 5076
f 4698 4699 5391
f 5391 4699 5390
f 4871 4899 4650
f 4546 4857 4543
f 4553 4550 4901
f 4552 4588 4555
f 5223 4804 4805
f 5386 5382 5383
f 5317 5315 5371
f 3240 3237 4429
f 5384 5385 5381
f 3938 3217 3218
f 3942 3943 5455
f 5361 5385 5386
f 4542 4540 4541
f 3910 5430 5420
f 3939 3333 4060
f 3851 5350 5351
f 3838 5427 3556
f 4547 4858 4857
f 5442 5443 4050
f 3385 3874 5428
f 4257 4234 4235
f 5312 5212 4893
f 4212 4203 4204
f 3854 3849 5461
f 4226 4184 4210
f 4202 4177 4178
f 3316 3983 3897
f 5464 5465 4432
f 5465 5466 3883
f 4472 4469 4449
f 4501 4472 4450
f 4074 4075 4080
f 5473 5474 5401
f 4173 4172 5475
f 3432 3429 3520
f 3462 5505 5504
f 4075 4501 4494
f 5482 5481 3387
f 5468 5471 5470
f 3427 5421 5422
f 4498 4499 4487
f 5403 3824 5414
f 3382 5523 5522
f 3492 5512 5511
f 3429 3434 3517
f 3873 5522 5524
f 5480 5479 3350
f 3477 5508 5505
f 4507 4508 5544
f 4396 5550 5551
f 3374 5552 5553
f 3373 5553 5554
f 5479 4521 4063
f 3390 5554 5555
f 5531 5525 5566
f 3368 5568 5567
f 5556 5557 5560
f 3393 5555 5557
f 4433 3364 5463
f 5464 5463 5458
f 4435 4437 4439
f 4055 4393 3277
f 3273 3278 3911
f 3395 3357 3358
f 5486 3894 4071
f 5526 4455 4453
f 5525 5570 5569
f 5568 3526 3527
f 3527 3362 3847
f 3365 5461 3849
f 5462 3849 3850
f 4435 4436 5571
f 3378 3379 3943
f 5573 5578 5577
f 4438 5455 3943
f 5477 5574 5579
f 5582 5581 5580
f 5583 5580 5581
f 5586 5585 5588
f 4074 5472 5586
f 5583 5585 5474
f 4507 5589 5590
f 5573 5478 4522
f 3989 5595 5596
f 5594 3406 3407
f 4436 3381 5572
f 5591 3990 3991
f 4507 4475 4476
f 3990 5591 5587
f 5578 3409 3406
f 5595 3989 5584
f 5484 3394 3358
f 4441 4442 5467
f 5472 4074 4077
f 5522 5599 5570
f 5486 3358 3353
f 5481 4498 3386
f 3475 5506 5492
f 5476 4523 3899
f 5540 5541 5606
f 5542 5540 5603
f 5608 5543 5542
f 5608 5607 5545
f 5607 5603 5609
f 5599 5600 5548
f 5598 5592 5543
f 5595 5594 5593
f 5588 5584 3989
f 5626 3265 3266
f 5627 3266 4448
f 5469 4449 4469
f 4515 4517 5625
f 4503 4473 4474
f 4481 5626 5627
f 4500 5628 5469
f 3414 4468 5466
f 5594 5595 5581
f 3376 3377 4430
f 3444 3944 3941
f 5572 3944 3444
f 4273 4286 4287
f 4345 4356 4357
f 4386 4304 4305
f 4517 4462 4463
f 4352 4349 4319
f 4352 4250 4251
f 4268 4277 4390
f 4264 5629 4320
f 4346 4387 4282
f 4337 4335 4343
f 4289 4244 4245
f 4303 4378 4287
f 4343 4290 4291
f 4284 4333 4244
f 4375 4519 4291
f 4379 4319 4271
f 4337 4353 4348
f 4524 4525 4295
f 4364 4362 4197
f 4285 4282 4390
f 5206 5209 5208
f 4297 5629 4371
f 4346 4283 4286
f 4285 4300 4333
f 3571 3572 4395
f 5341 5340 5339
f 5346 5345 5334
f 5269 5261 5273
f 4510 4509 5609
f 4509 4474 5545
f 4445 4446 5611
f 5566 5569 5568
f 5349 5336 5338
f 5489 5490 3401
f 5565 5566 3368
f 5496 5497 5417
f 5523 3382 3383
f 5325 5338 5347
f 5523 5600 5599
f 5429 3400 3401
f 3887 5632 5631
f 5634 5613 5600
f 5276 5280 5279
f 5298 5297 5257
f 5087 5086 5085
f 3361 3526 5612
f 5041 5061 5066
f 5487 5488 3383
f 5101 5116 5130
f 5299 5298 5300
f 5333 5336 5335
f 5302 5305 5304
f 5234 5247 5216
f 5301 5256 5255
f 4868 5318 5322
f 5281 5278 5277
f 5323 5321 5322
f 5298 5284 5296
f 4885 4829 4750
f 5231 5230 5196
f 4625 4626 5313
f 5111 5113 5085
f 5600 5613 5549
f 5531 5564 5563
f 5165 5166 5182
f 5283 5280 5285
f 4269 4276 4277
f 5610 5609 5603
f 5127 5090 5091
f 4907 5095 5125
f 5277 5278 5272
f 5596 5593 5592
f 5212 5312 5226
f 5273 5261 5262
f 5302 5301 5258
f 5635 5646 5645
f 4250 4352 4379
f 4485 4136 3405
f 4354 4026 4023
f 4265 4262 4304
f 4388 4390 4282
f 4345 4342 4384
f 4362 4364 4297
f 4836 4765 4612
f 4360 4361 4236
f 4369 4233 4237
f 5647 5636 3986
f 5650 3965 3192
f 5337 5338 5336
f 4467 4478 4477
f 4253 4377 4340
f 4429 3416 5457
f 3997 4133 3915
f 5535 3856 3839
f 5538 5541 4460
f 3439 3376 5571
f 5570 5525 5526
f 3438 5571 5572
f 4440 4468 3879
f 3440 5665 4407
f 3886 5685 5695
f 5534 5529 5396
f 5685 3886 3471
f 4278 4198 4301
f 5628 4448 4449
f 3579 3537 3538
f 4480 5627 5628
f 4402 5499 5517
f 4279 4197 4198
f 3603 3534 3532
f 3580 3594 4088
f 4095 3530 3531
f 5248 5249 5251
f 3778 3819 3999
f 4617 4618 4613
f 4375 4275 4372
f 3411 3405 4136
f 5094 5106 5111
f 3602 3532 3535
f 4023 4011 4350
f 4349 4352 4336
f 3605 3535 3536
f 4469 4472 4471
f 4094 3531 3593
f 4248 4249 4245
f 3519 5521 5518
f 5254 5296 5284
f 4852 4853 4795
f 4265 4371 5629
f 5632 5499 5503
f 3604 3611 3612
f 5549 5501 5502
f 3653 3606 3607
f 4780 4738 4873
f 4988 4989 4979
f 4491 5625 5626
f 4837 4904 4995
f 4615 4612 4765
f 5468 4469 4470
f 3514 3470 3467
f 5491 5680 4409
f 4093 3618 3619
f 4364 4320 5629
f 3488 5510 5509
f 5606 5539 5611
f 4210 4219 4189
f 4600 4603 4602
f 5242 5215 5198
f 5073 5074 5075
f 5651 5657 3940
f 3996 3541 3775
f 5200 5203 5202
f 5525 5531 5527
f 3364 4433 4434
f 3775 3541 3542
f 3941 3833 5485
f 3731 3706 4105
f 4997 5000 4999
f 4508 5598 5608
f 4101 4099 3818
f 3728 4109 4103
f 4591 4593 4592
f 4539 4536 4538
f 4550 4553 4552
f 4541 4566 4567
f 4389 4579 4570
f 4582 4583 4580
f 4976 4979 4978
f 4705 4708 4707
f 4797 4850 4843
f 3713 3729 3730
f 4675 4647 4702
f 4977 4978 4981
f 4810 4818 4817
f 4786 4811 4812
f 4715 4631 4628
f 4978 5016 5021
f 5010 5009 5006
f 3722 3743 4162
f 4558 4557 4560
f 4568 4570 4569
f 4584 4578 4535
f 4641 4631 4715
f 5026 5014 5012
f 4776 4777 4745
f 4714 4628 4712
f 4982 4996 5001
f 4576 4577 4560
f 4564 4567 4566
f 5069 5013 5018
f 5057 5052 5048
f 4810 4812 4811
f 3710 4158 3786
f 4991 4992 4999
f 5011 5009 5010
f 5008 5020 5022
f 5066 5067 5063
f 5047 5037 5024
f 5050 5049 5051
f 5023 5021 5016
f 5045 5044 5059
f 5047 5025 5026
f 3711 3712 3724
f 5048 5035 5037
f 5042 5040 5063
f 5058 5053 5051
f 5036 5038 5046
f 3715 3699 3700
f 5235 5256 5257
f 3732 3729 3704
f 5030 5031 5062
f 5020 5021 5023
f 5263 5262 5261
f 5049 5050 5044
f 5236 5248 5250
f 5031 5030 5027
f 5043 5038 5039
f 5320 5313 5329
f 5049 5048 5052
f 5326 5319 5317
f 3264 3261 3288
f 5264 5265 5263
f 4998 4999 4992
f 5009 5011 5020
f 5036 5032 5039
f 5032 5035 5034
f 4355 4317 3949
f 4269 4266 4374
f 4253 4250 4378
f 4525 4524 4252
f 3960 4112 4111
f 4372 4275 4258
f 5681 5672 5673
f 4378 4379 4272
f 4270 4347 4346
f 3244 5448 5644
f 4899 4703 4648
f 3734 3732 3702
f 4138 3346 3343
f 4192 4193 4361
f 3813 4001 3812
f 3817 3695 3696
f 5668 5683 5682
f 5690 5691 5687
f 5499 5632 5700
f 3999 3819 3820
f 3745 3742 4102
f 5684 3471 3472
f 5702 3859 3860
f 5712 5713 5693
f 3249 3277 4393
f 5695 5683 5715
f 5694 5715 5716
f 5719 3972 5601
f 4918 4919 4950
f 4774 4742 4743
f 5505 4415 4411
f 3583 3584 3585
f 3710 3687 4157
f 5513 5725 4417
f 5704 3563 4146
f 4141 4045 4062
f 5669 5689 5688
f 3898 3895 5653
f 5718 3973 3972
f 5684 5687 5686
f 3917 4131 5717
f 3463 5666 5662
f 5492 5506 5680
f 4931 4930 4950
f 5665 3440 3441
f 3788 3717 3740
f 3501 3502 3529
f 3569 3570 3477
f 5516 5728 5727
f 3564 3567 3566
f 3892 5405 5406
f 3962 4124 5407
f 4126 3908 4123
f 4116 3296 3287
f 3892 3887 5630
f 3824 3432 5413
f 4408 4409 5680
f 3969 3966 3978
f 4408 4413 3449
f 4414 3448 3449
f 3962 3261 3262
f 4425 5724 5616
f 4418 5725 5727
f 5716 5597 5575
f 5719 5720 5717
f 5698 5498 5692
f 3880 5621 4166
f 5652 3212 5520
f 5621 5623 4167
f 5679 4409 4410
f 3210 3209 3355
f 5622 5534 5451
f 5416 5417 5497
f 5729 5732 5731
f 5733 5734 3761
f 5735 5738 5737
f 5750 5752 5751
f 5744 5745 5740
f 5744 3770 3753
f 5753 5754 5730
f 5757 5758 5736
f 5731 5752 5765
f 5774 5777 5776
f 5790 5793 5792
f 5796 5786 5787
f 5817 5814 5819
f 5828 5831 5830
f 3725 4105 3751
f 4874 4734 4873
f 4700 4701 4903
f 4740 4820 4876
f 3199 3202 3201
f 4100 4102 4099
f 3749 3767 4108
f 3695 3817 3712
f 3378 3381 3380
f 5504 4411 4412
f 4405 4402 5518
f 5838 5839 5835
f 4705 4632 4712
f 5832 5831 5828
f 5697 5677 5678
f 3791 4006 4005
f 5848 5791 5794
f 3714 3700 3701
f 3995 4148 4042
f 3329 3326 3224
f 4005 3708 3705
f 4551 4762 4763
f 5855 5798 5808
f 5851 5795 5792
f 5803 5801 5858
f 5844 5843 5840
f 5762 5759 5743
f 5808 5809 5806
f 4012 3413 3426
f 5558 3513 3467
f 4550 4763 4720
f 4950 4951 4953
f 3885 3886 5694
f 5705 5706 4081
f 5508 4417 4415
f 3745 3759 3760
f 5507 4412 5680
f 3592 3536 3588
f 3895 5434 5658
f 5613 5500 5501
f 3834 3830 4393
f 5527 4454 4455
f 5775 5806 5809
f 5766 5767 5813
f 5858 5811 5812
f 5855 5815 5811
f 5863 5820 5819
f 5826 5859 5863
f 5862 5866 5833
f 5870 5871 5837
f 5782 5783 5831
f 5868 5838 5836
f 5778 5779 5843
f 5866 5870 5845
f 5785 5864 5867
f 5790 5788 5789
f 5796 5797 5794
f 5821 5818 5819
f 5657 5651 5620
f 5793 5849 5852
f 5855 5858 5801
f 5853 5847 5786
f 5804 5805 5802
f 5827 5867 5864
f 5767 5768 5821
f 5854 5857 5776
f 5860 5817 5818
f 5782 5832 5825
f 5781 5778 5844
f 5810 5811 5815
f 5867 5827 5830
f 5809 5808 5798
f 5828 5829 5863
f 5865 5841 5838
f 5801 5803 5802
f 4086 5707 3795
f 5779 5780 5842
f 5827 5826 5829
f 5839 5872 5869
f 5814 5815 5855
f 5711 4132 3859
f 4958 4957 4917
f 5861 5818 5821
f 5863 5859 5812
f 5865 5868 5823
f 5873 5836 5837
f 5872 5839 5842
f 4089 3455 3563
f 3812 3787 3785
f 5770 5771 5787
f 5789 5786 5847
f 5793 5789 5846
f 4145 4147 4146
f 5848 5773 5790
f 3953 4008 4009
f 5748 5875 5874
f 4624 4627 4626
f 4665 4764 4752
f 4775 4780 4779
f 4746 4670 4671
f 4637 4600 4601
f 4828 4612 4613
f 4704 4763 4762
f 4843 4845 4727
f 4543 4717 4725
f 4731 4864 4863
f 4723 4594 4558
f 4842 4846 4840
f 4717 4543 4857
f 4865 4868 4867
f 5841 5865 5866
f 4725 4726 4540
f 4798 4799 4816
f 4632 4635 4634
f 4720 4716 4715
f 4642 4645 4644
f 3754 4007 5874
f 4860 4761 4644
f 4674 4723 4722
f 4808 4809 4676
f 4721 4722 4822
f 5876 5878 5877
f 4836 4838 4840
f 4658 4661 4660
f 4826 4799 4800
f 4877 4782 4743
f 4948 4970 4971
f 4875 4739 4876
f 4954 4933 4934
f 5773 5770 5788
f 5825 5832 5833
f 5834 5837 5836
f 5834 5844 5845
f 3359 3362 3361
f 5732 5729 3756
f 3394 3397 3396
f 3766 3769 5741
f 5774 5809 5799
f 5805 5776 5857
f 5813 5821 5820
f 3969 3555 3964
f 5667 5668 5674
f 5729 5747 3792
f 3770 5744 5741
f 4741 4740 4739
f 4689 4737 4660
f 5772 5797 5787
f 5735 5733 3758
f 5850 5772 5773
f 5617 5528 3965
f 5799 5800 5854
f 5875 5748 5764
f 5840 5843 5842
f 5861 5768 5769
f 5807 5804 5853
f 5869 5781 5834
f 3765 3768 5739
f 5882 5884 5761
f 5881 5879 5887
f 5895 5896 5898
f 5907 5905 5906
f 5909 5907 5908
f 4234 4257 4526
f 3912 3927 3389
f 5934 8731 8730
f 8730 8731 5930
f 4920 4923 4922
f 8845 8847 8853
f 4141 4171 3404
f 3733 3705 3706
f 8849 8847 8848
f 4234 4237 4236
f 8863 8858 5919
f 3733 4002 4004
f 5908 5906 8859
f 8865 8866 8871
f 8859 8858 8863
f 5927 5924 5925
f 5911 5903 5904
f 8878 8871 8866
f 5635 5638 5637
f 5745 5744 5746
f 3552 3555 3554
f 8857 8889 8890
f 5924 5927 8860
f 3553 3557 3556
f 5919 5920 8861
f 8869 8865 8870
f 8873 8871 8878
f 8856 8857 8875
f 8862 8861 5889
f 8846 8845 8844
f 8864 8863 8866
f 8729 8730 8883
f 8848 8846 8887
f 8878 8879 5888
f 8896 8854 8855
f 8853 8854 8896
f 8841 8842 5882
f 3489 3492 3491
f 8867 8859 8864
f 5910 5908 8867
f 5914 5910 8898
f 5916 5914 8899
f 5889 8861 8860
f 8876 8878 8893
f 5918 5916 8900
f 4424 5722 5726
f 8904 8903 8900
f 8909 8908 8904
f 8908 8907 8903
f 8869 8909 8905
f 3632 3668 3667
f 3687 3690 3689
f 3636 3682 3681
f 3664 3641 3639
f 4304 4307 4306
f 8909 8869 8891
f 3681 3696 3695
f 3758 3761 3760
f 3684 3701 3700
f 3721 3724 3723
f 3941 3944 3943
f 3738 3741 3740
f 3687 3710 3709
f 3238 3239 3938
f 4249 4303 4288
f 4499 4498 3344
f 4240 4194 4368
f 3453 3451 3951
f 4401 3971 3547
f 3950 3951 3451
f 3702 3704 3701
f 3725 3728 3727
f 3194 3207 3208
f 4034 4035 4461
f 3914 3348 3913
f 3483 3575 3533
f 3191 3958 3957
f 4292 3489 3970
f 3909 3910 3428
f 3959 3960 3866
f 4017 4308 4309
f 4316 4318 4008
f 4448 4451 4450
f 4414 4415 4417
f 3435 3430 3351
f 4413 4411 4415
f 3899 3902 3901
f 3780 3781 3648
f 3474 3471 3886
f 3958 3191 3192
f 3221 3223 3935
f 3905 3908 3907
f 3913 4488 4486
f 4420 4422 4421
f 3881 3884 3883
f 4004 3788 3790
f 4271 4319 4318
f 4259 4297 4296
f 3501 4003 4066
f 5897 5898 5900
f 5901 5902 5904
f 8854 8849 8856
f 3789 3785 3786
f 3651 3648 3781
f 5924 5899 5901
f 8870 8871 8873
f 8876 8877 8874
f 5912 5917 5918
f 3805 3918 3799
f 3369 3370 3395
f 3923 3926 3925
f 3916 3917 3512
f 3641 3664 3801
f 4276 4269 4323
f 4181 4229 4331
f 4428 4430 3377
f 3495 4425 4321
f 4436 4435 3380
f 4430 4428 4437
f 3945 3957 3958
f 4065 3901 4047
f 4495 4497 3408
f 8913 8912 8915
f 8911 8910 8917
f 8889 8922 8923
f 8919 8935 8931
f 8884 8914 8918
f 8922 8921 8931
f 5852 5907 5909
f 5866 5862 5915
f 8926 8918 8914
f 8914 8884 8883
f 8886 8919 8921
f 5846 5847 5894
f 5873 5902 5900
f 8893 5888 5764
f 8894 8893 5754
f 5890 8860 5927
f 5885 8896 5755
f 5871 5904 5902
f 5763 8936 5883
f 5880 5890 8936
f 4175 4176 4398
f 4274 4254 4255
f 8883 8730 5931
f 8868 8905 8898
f 3289 4059 3247
f 3858 3855 5485
f 8850 8848 8886
f 4116 4120 5409
f 3889 5406 4127
f 3678 3679 8938
f 8857 8850 8888
f 3979 3551 3294
f 4126 3352 3431
f 3651 4000 3679
f 3460 3858 5921
f 4084 3309 3310
f 8905 8904 8899
f 3561 3327 5397
f 3213 3965 5528
f 4191 4194 4193
f 5449 5450 5532
f 4142 3975 4031
f 4060 3947 5652
f 4480 4483 4482
f 5519 5520 3212
f 5657 5451 3330
f 4473 4476 4475
f 3514 3515 5668
f 5663 5670 5669
f 8881 5929 5926
f 5734 5733 5749
f 4788 4789 4677
f 3997 3996 3538
f 3551 3486 3310
f 3577 3578 3998
f 4893 4697 4676
f 4753 4751 4671
f 8729 8884 8885
f 3813 3703 9021
f 8938 4001 3813
f 8882 5931 5929
f 4098 5701 3820
f 3399 5405 5416
f 5494 5495 5503
f 5880 5877 5878
f 4986 4673 4861
f 4999 5000 5004
f 4985 5001 4988
f 5816 5769 5766
f 4372 4370 4384
f 5688 5691 5692
f 8903 8902 8901
f 8879 8862 5887
f 8902 8881 8880
f 5919 5893 5895
f 4519 4384 4342
f 8847 8849 8854
f 5925 5901 5903
f 4021 3899 4523
f 5678 5677 5676
f 4424 3843 4085
f 5701 3576 3577
f 5928 5925 5926
f 5000 5005 4980
f 9022 4147 3545
f 9024 9025 5409
f 4008 4011 4010
f 3931 3234 4516
f 3822 3806 3807
f 8851 8852 8844
f 5728 5516 5509
f 9025 9023 4115
f 5209 5200 5201
f 4820 4740 4653
f 3988 5596 5598
f 3370 3911 3357
f 5639 5642 5641
f 5592 4511 4477
f 3378 3944 5572
f 5625 4463 3265
f 5594 5582 5577
f 3302 5649 5645
f 3274 3277 3278
f 5207 5208 5233
f 5071 5070 5072
f 4815 4814 4785
f 4796 4802 4643
f 3243 3244 5643
f 5301 5302 5303
f 5431 3562 5655
f 5251 5249 5244
f 3353 3427 3523
f 4174 3404 3405
f 3546 4114 4113
f 4002 3789 3788
f 4196 4239 4238
f 3232 5646 5647
f 4373 4374 4266
f 4867 5322 5321
f 5648 4054 4058
f 4455 4070 3893
f 5593 3407 4511
f 5275 5265 5252
f 5252 5265 5274
f 4092 3619 3624
f 3723 3742 3743
f 4780 4775 4802
f 4059 3289 3560
f 4317 4355 4347
f 5188 5190 5192
f 5570 5599 5612
f 3385 5429 5633
f 3526 5568 5569
f 3576 5701 3608
f 3581 3542 3594
f 5239 5237 5238
f 5081 5079 5083
f 4369 4526 4528
f 4325 4326 4329
f 3569 3285 3286
f 9022 9026 4112
f 3661 3662 3801
f 5074 5073 5030
f 5064 5062 5063
f 3563 3497 3498
f 3961 5407 4119
f 4854 4853 4870
f 5018 5007 5028
f 5007 5008 5027
f 5040 5042 5039
f 3240 3375 3875
f 5070 5069 5029
f 3504 3481 3866
f 3537 3579 3591
f 5033 5041 5039
f 4710 4638 4635
f 5017 4979 4989
f 5024 5037 5046
f 4991 5006 5019
f 4587 4553 4574
f 4996 4982 4793
f 5066 5061 5059
f 5221 5230 5231
f 5068 5056 5057
f 3675 3676 3643
f 3663 3674 3675
f 4722 4558 4559
f 3579 3576 3590
f 3686 3676 3677
f 4422 4420 3499
f 5142 5141 5138
f 5078 5071 5075
f 3609 3589 3590
f 3288 3961 5411
f 5424 9024 5410
f 5152 5144 5156
f 3960 5704 5709
f 4946 4956 4957
f 3867 3903 5705
f 9026 9022 4113
f 5192 5193 5189
f 5161 5164 5194
f 3637 3698 3682
f 4392 5461 3847
f 3796 4114 4149
f 4104 3716 3727
f 3594 3595 3993
f 3796 3793 4134
f 3687 3688 4156
f 3760 3761 4164
f 4464 3344 3345
f 3485 3528 3868
f 3846 3845 5423
f 3409 4520 4496
f 3767 3768 3765
f 3711 3721 4159
f 3797 4132 4087
f 4072 4069 5562
f 4502 4076 5590
f 5408 5426 9027
f 5683 5695 5714
f 5702 3772 4110
f 5623 4042 4148
f 5428 3874 3525
f 3668 3803 3802
f 4000 4001 8938
f 4221 4222 4179
f 4267 4268 4388
f 3721 3722 4161
f 3903 5659 5706
f 3583 3580 4090
f 3894 5486 3524
f 4635 4638 4636
f 4173 5401 4009
f 4890 4666 5393
f 5290 5291 5293
f 5339 5340 5337
f 5458 5459 4438
f 3251 5419 5430
f 3252 5418 5419
f 3428 5420 5421
f 3571 5426 5418
f 4583 4582 4554
f 4239 4367 4224
f 3322 3898 5450
f 5309 5310 5306
f 4109 3728 3748
f 5707 3865 3794
f 5139 5184 5183
f 5271 5270 5290
f 5280 5283 5282
f 5110 5107 5125
f 5319 4864 4731
f 5334 5343 5339
f 5423 3522 3523
f 5376 5377 5378
f 4721 4681 4646
f 3719 4158 4159
f 4853 4854 4692
f 5373 5372 5330
f 4428 5457 5456
f 5376 5329 5328
f 3337 3367 4434
f 4692 4693 5395
f 5475 4172 4523
f 5478 3900 4068
f 5421 5404 4129
f 5374 5373 5375
f 5283 5299 5306
f 5246 5247 5234
f 5154 5149 5150
f 4458 5562 5561
f 5163 5159 5158
f 5381 5374 5378
f 3397 3394 5484
f 4457 5561 5563
f 5147 5143 5150
f 4474 4475 5544
f 5325 5318 5319
f 5223 5394 5388
f 5517 5700 3521
f 4499 5480 3347
f 5404 5403 4128
f 3476 5507 5506
f 4084 5516 5515
f 3900 5478 5477
f 5536 5564 5547
f 5491 5498 5493
f 5474 5472 4139
f 4063 4521 4522
f 4459 4460 5541
f 5548 5549 3360
f 5444 5445 5550
f 3888 3889 5415
f 5546 5547 3339
f 5536 5539 5538
f 3570 5513 5508
f 4471 4502 5589
f 4280 3848 3359
f 5499 4402 4403
f 5189 5193 5169
f 5543 4477 4478
f 4051 5551 5552
f 3461 5504 5507
f 4629 4630 4870
f 5106 5094 4909
f 5286 5281 5279
f 5462 5463 3364
f 3491 5511 5514
f 5224 5220 5231
f 4478 4459 5540
f 4099 4102 3742
f 4803 4806 4805
f 4130 5423 5422
f 4470 4471 4476
f 4924 4925 4921
f 4920 4921 4927
f 4993 4986 4987
f 4887 4888 4913
f 3894 3893 4070
f 5472 5474 5585
f 3508 4135 4134
f 3603 3600 4096
f 3772 3773 3992
f 5712 5664 5671
f 3739 3718 4162
f 5683 5668 3515
f 5480 4465 4495
f 5698 5699 5493
f 3578 3538 3996
f 3645 3646 4154
f 5660 3904 3466
f 4135 9026 5710
f 5587 5591 4073
f 5687 5689 5693
f 3584 3583 4091
f 5585 5583 5584
f 4128 5414 5415
f 4257 4254 4338
f 4222 4231 4178
f 4366 4365 4191
f 5098 5099 5091
f 5761 5757 5737
f 5760 5737 5738
f 8852 8842 5934
f 8874 8877 8855
f 8895 8897 8855
f 5884 5882 8842
f 4557 4554 4582
f 8890 8923 8917
f 8918 8926 8930
f 8924 8926 8915
f 4182 4181 4330
f 3864 5708 5711
f 3574 3317 3230
f 3342 3954 3415
f 3488 3486 3549
f 4317 4316 3953
f 3672 3659 4152
f 5708 3864 3865
f 9021 3703 3685
f 3621 3618 3616
f 5728 4422 4419
f 4311 4027 4028
f 4131 3917 3543
f 4426 3496 3842
f 4518 3956 4168
f 5457 5465 5464
f 5425 3560 3558
f 5458 4439 4437
f 3416 3414 5465
f 5638 9028 5437
f 3985 3986 5636
f 5646 5635 5636
f 9023 9025 3554
f 5722 5510 5514
f 3256 3933 3934
f 4164 3761 5734
f 8885 8918 8920
f 3282 3932 3929
f 3292 4394 3320
f 3232 3229 3300
f 3303 3236 3271
f 3562 5431 5432
f 3392 3387 3388
f 3854 5922 5350
f 5463 5462 5459
f 5935 3474 3885
f 3879 3415 3954
f 3928 3372 3391
f 4137 5559 4458
f 5454 5455 3850
f 3548 3490 3549
f 4443 4500 5470
f 4452 4505 4506
f 4468 3414 3415
f 4443 4440 3876
f 3234 3235 4515
f 5434 3895 3896
f 5448 5440 5441
f 5447 5446 5443
f 4442 5470 5471
f 5550 4056 3275
f 5578 5573 4520
f 3464 5667 5666
f 4701 4627 4839
f 3259 5398 4041
f 4015 4012 3423
f 3558 3323 3982
f 4856 4894 4823
f 4741 4652 4653
f 3759 3745 4106
f 3560 3289 3290
f 9024 5424 3557
f 5438 3279 3280
f 3321 3283 3290
f 5557 5483 4072
f 5553 3369 3396
f 4045 4141 4174
f 4539 4845 4849
f 3536 3480 3503
f 5478 5573 5574
f 3800 3797 3510
f 4755 4883 4886
f 5561 4454 5527
f 5752 5731 5732
f 5752 5750 5756
f 3518 5492 5493
f 3767 3762 4107
f 3534 3603 4097
f 4395 3572 3826
f 3926 4052 3371
f 4446 4510 5610
f 4050 5444 3980
f 8887 8846 8843
f 5649 5639 5640
f 4643 4644 4761
f 3709 3787 3784
f 4778 4659 4660
f 5649 3302 4054
f 5646 3232 3301
f 3250 3251 3910
f 5884 5886 5757
f 5655 5656 5936
f 4224 4227 4226
f 4043 4044 3412
f 4286 4289 4288
f 4267 4311 4310
f 4493 4079 4080
f 3325 5432 3226
f 3925 3371 3372
f 4312 4315 4314
f 3996 3997 3540
f 8908 8911 8912
f 4023 4026 4025
f 3995 3890 3891
f 5482 5556 5559
f 4486 3420 3921
f 4300 4285 4302
f 5438 5642 5644
f 3233 3932 3282
f 3225 3228 3227
f 5446 4400 5445
f 5554 3396 3397
f 4834 4833 4830
f 4064 3349 3350
f 3596 3599 3598
f 5639 5649 5648
f 5434 5431 5654
f 4895 4896 4830
f 3674 3677 3676
f 3551 3979 3978
f 3835 3836 3305
f 3813 3810 3702
f 3691 3711 4160
f 4109 4100 4101
f 4565 4187 4188
f 3490 3548 3547
f 3672 3646 3647
f 8906 8907 8912
f 3810 3812 3811
f 4051 4052 4397
f 3566 3599 4090
f 5580 5475 5476
f 4456 4457 5537
f 5539 5536 5546
f 8844 5934 8729
f 8872 8873 8874
f 4383 4301 4198
f 4931 4926 4927
f 5529 5530 5397
f 5314 5321 5323
f 5347 5332 5323
f 4711 4709 4599
f 5387 5388 5389
f 5259 5290 5292
f 5195 4806 4803
f 5195 5104 4746
f 4639 4865 4866
f 4821 4818 4681
f 3421 4037 5399
f 4730 4863 4601
f 4807 4651 4811
f 4040 4037 3421
f 4844 4841 4800
f 3936 3933 3929
f 4894 4798 4817
f 5365 5370 5383
f 4657 4656 4661
f 5224 5206 4770
f 5368 5383 5382
f 5336 5349 5352
f 5353 5356 5386
f 4070 4455 4454
f 5396 5397 3327
f 5225 5226 5312
f 5384 5382 5386
f 5391 4694 4695
f 4407 4410 4409
f 4623 4620 4880
f 5356 5353 5352
f 4578 4584 4859
f 3239 3875 3217
f 3937 3218 3333
f 4578 4575 4534
f 5467 5471 4505
f 4836 4828 4826
f 4422 5728 5721
f 3392 3393 5556
f 5564 5531 5565
f 3807 3808 3663
f 5922 3854 4392
f 3680 3695 3692
f 3630 3633 3632
f 4416 4417 5725
f 4033 3305 3836
f 3238 3220 4168
f 3466 3904 3483
f 3678 3677 3650
f 3677 3674 3649
f 3340 3337 4431
f 3562 3561 5656
f 5658 5654 5938
f 3642 3643 3640
f 3306 3303 3334
f 3256 3253 3280
f 8910 8891 8892
f 5868 5900 5898
f 8924 8923 8922
f 8935 8930 8925
f 8882 8906 8913
f 8925 8930 8926
f 5852 5849 5905
f 5136 5128 5124
f 4243 4363 4260
f 5238 5227 5228
f 5642 5639 5643
f 3924 3925 3928
f 5412 3521 5700
f 3750 3752 3751
f 3746 3752 3770
f 3859 3798 3861
f 3972 3973 3493
f 5923 8860 8861
f 4945 4946 4958
f 3296 3293 3286
f 3824 5403 3907
f 3671 3629 4154
f 4137 3343 5481
f 3614 3654 3802
f 3283 3284 3559
f 4936 4935 4934
f 5511 5723 5726
f 4170 4169 3926
f 3572 4393 3830
f 3459 3447 3858
f 3496 4426 4425
f 3457 3950 3436
f 3984 3983 3986
f 3914 3389 3386
f 5512 5724 5723
f 4500 4443 4483
f 4501 4502 4471
f 4503 4506 4505
f 4143 4144 4461
f 3331 3329 3222
f 4016 4015 4018
f 3998 3775 3776
f 4114 3796 5710
f 4405 5678 4406
f 5602 5604 5720
f 4767 4803 4804
f 4929 4933 4954
f 4410 4407 5665
f 3888 5700 5632
f 4048 4049 3977
f 3947 3211 3212
f 5676 5677 3472
f 5782 5785 5784
f 4315 4312 4311
f 5699 5518 5521
f 5864 5785 5825
f 5826 5827 5822
f 5775 5776 5805
f 3236 3233 3270
f 5823 5868 5859
f 4957 4848 4895
f 8868 8864 8865
f 4281 4392 3848
f 4940 4943 4971
f 4013 4014 4029
f 3685 3703 3701
f 4339 4340 4377
f 8891 8870 8872
f 3753 3750 3755
f 4427 4168 3220
f 3809 3806 3779
f 3568 4416 4418
f 3880 3987 3918
f 3543 3843 3842
f 4646 4649 4648
f 4656 4657 4597
f 4781 4876 4820
f 4972 4975 4974
f 5101 5102 5109
f 5095 5096 5115
f 5090 5127 5132
f 5131 5132 5134
f 5134 5132 5127
f 5117 5139 5140
f 3539 3862 3863
f 4006 3791 3792
f 5128 5091 5099
f 5097 5088 5089
f 5274 5266 5271
f 4571 4572 4569
f 4225 4531 4238
f 5156 5155 5170
f 4538 4541 4540
f 4622 4691 4665
f 4981 5011 5004
f 5012 4974 4975
f 5148 5147 5149
f 5157 5142 5133
f 5161 5155 5145
f 4261 4532 4242
f 5294 5295 5291
f 4255 4256 4532
f 5274 5259 5250
f 4246 4529 4207
f 3314 3924 3927
f 4670 4673 4672
f 4995 4904 4673
f 4638 4710 4603
f 4341 4295 4525
f 5163 5166 5165
f 4834 4783 4784
f 4784 4820 4682
f 4844 4843 4687
f 5280 5276 5275
f 4217 4572 4564
f 4554 4557 4556
f 4551 4552 4556
f 4549 4546 4544
f 5141 5142 5173
f 4653 4654 4683
f 4973 4974 4989
f 4984 5005 5015
f 5177 5172 5170
f 5166 5167 5181
f 5141 5184 5139
f 5178 5174 5151
f 5244 5202 5203
f 5252 5244 5245
f 4479 4031 4079
f 4402 4405 4404
f 3500 4418 4419
f 5856 5851 5909
f 4488 3913 3348
f 8851 8853 5885
f 3607 3608 5701
f 3508 3505 3503
f 5847 5858 5896
f 4374 4373 4309
f 3380 4439 4438
f 9025 9024 3553
f 5718 5717 4131
f 3300 3229 3283
f 5551 3275 3276
f 5552 3276 3369
f 5555 3397 5483
f 5859 5898 5896
f 4133 3793 3794
f 3606 3653 3652
f 4900 4852 4766
f 4616 4790 4789
f 3738 4165 4164
f 4774 4771 4642
f 4399 4485 3402
f 5853 5796 5795
f 3936 4518 4427
f 3418 3419 4064
f 5510 3488 3840
f 3270 3282 3279
f 3274 3275 4056
f 4359 4356 4305
f 4135 3508 3504
f 3610 3611 3609
f 3837 3556 3557
f 5940 3971 4401
f 5853 5804 5803
f 5725 5513 5515
f 3246 5410 4117
f 5713 5712 5672
f 4918 4961 4916
f 4148 3995 3771
f 5106 5105 5113
f 4147 9022 5709
f 5152 5172 5177
f 9026 4135 4111
f 5104 5195 5103
f 3531 3528 3485
f 3713 3716 3715
f 3699 3715 3815
f 4467 3345 4459
f 4703 4899 4736
f 5405 3399 3846
f 3555 3552 3963
f 4120 4116 5411
f 4217 4219 4185
f 3279 5438 5441
f 4944 4945 4959
f 4353 4337 4344
f 3815 3715 3716
f 3374 3371 4052
f 4491 4492 4516
f 5865 5824 5833
f 5819 5814 5856
f 5807 5851 5856
f 3933 3256 3281
f 3208 3205 3920
f 8907 8906 8902
f 5288 5308 5295
f 3728 3725 3747
f 3309 4084 4083
f 5119 5116 5101
f 3811 3785 3789
f 3595 3863 3992
f 4106 4102 4100
f 5696 5575 5576
f 3708 3755 3750
f 3744 3760 4165
f 5905 5891 5892
f 3403 4036 4175
f 4133 3997 3506
f 4147 4145 3544
f 3561 3562 3325
f 3237 3240 3239
f 4877 4878 4793
f 3241 3244 3243
f 3597 3624 3625
f 3279 3282 3281
f 3371 3374 3373
f 3599 3566 3567
f 3975 3976 4032
f 3277 3249 3250
f 3774 3564 3565
f 3658 3673 3780
f 4961 4962 4963
f 3600 3615 3616
f 4228 4229 4202
f 4011 4008 4318
f 4307 4304 4262
f 4838 4800 4841
f 4782 4783 4773
f 4914 4956 4946
f 4839 4609 4765
f 4771 4896 4645
f 4962 4965 4964
f 4966 4959 4963
f 3601 3612 3615
f 5878 5875 5879
f 5890 5880 5881
f 3720 3786 4158
f 4755 4756 4689
f 3740 3717 3718
f 5695 5685 5686
f 5740 5743 5742
f 5733 5735 5736
f 5755 5756 5750
f 5745 5763 5762
f 5798 5801 5800
f 4706 4880 4879
f 5651 5652 5619
f 5850 5794 5797
f 5804 5807 5806
f 4087 5708 5707
f 5915 5913 5914
f 5703 3860 4167
f 5893 5894 5896
f 5892 5893 5919
f 5706 5671 5664
f 5786 5789 5788
f 3973 4131 3841
f 4831 4832 4915
f 5906 5892 8858
f 4965 4967 4969
f 4684 4685 4846
f 3589 3609 3611
f 3596 3625 4150
f 5877 5880 5763
f 4121 4124 4123
f 3469 3465 3868
f 3204 3205 3208
f 3716 3713 3726
f 5460 9027 5426
f 3465 3469 3470
f 5738 5735 3764
f 4887 4654 4655
f 4203 4206 4205
f 3959 5705 4082
f 5758 5757 5886
f 5781 5869 5872
f 4675 4762 4723
f 3757 4164 5751
f 3334 3271 3272
f 8880 5926 5903
f 5615 5676 3473
f 5759 5761 5760
f 8845 8846 8848
f 5778 5781 5780
f 8857 8856 8849
f 4132 3797 3798
f 5839 5838 5841
f 560 1899 3187
f 5747 5874 4007
f 5928 5930 8840
f 5766 5769 5768
f 4848 4957 4956
f 4953 4968 4967
f 4832 4897 4910
f 5879 5764 5888
f 3598 3567 3530
f 5747 5729 5730
f 5754 5764 5748
f 5810 5813 5812
f 5758 5755 5749
f 4315 4388 4387
f 5917 5915 5916
f 5913 5909 5910
f 5930 8731 8841
f 4951 4955 4968
f 3209 3210 3201
f 4059 5424 3246
f 8731 5934 8842
f 3776 3582 3585
f 5770 5773 5772
f 5891 5894 5893
f 9028 5638 5641
f 5814 5817 5816
f 5662 5675 5673
f 3522 3525 3524
f 5630 5631 5942
f 5791 5792 5795
f 5746 3753 3754
f 5928 5929 5931
f 5743 5760 5739
f 5876 5874 5875
f 3678 8937 9021
f 4200 4208 4207
f 4114 3546 3916
f 3601 3602 3605
f 3818 3724 3712
f 3315 3318 3317
f 5899 5900 5902
f 8840 8841 5883
f 5562 4458 5559
f 4416 3568 3448
f 3189 3192 3191
f 4751 4890 4747
f 4181 4182 4180
f 3832 3942 5454
f 3362 3527 3526
f 5678 4405 5699
f 3497 3500 3499
f 448 1980 807
f 647 648 122
f 5690 3472 5677
f 4183 4186 4185
f 1833 1848 1780
f 5920 5895 5897
f 510 509 508
f 4401 3967 5944
f 5656 5397 5530
f 3970 3971 5940
f 5653 5658 5939
f 5450 5653 5946
f 3384 5633 5945
f 4403 4404 4299
f 5944 3967 3968
f 3963 5427 5951
f 5614 3473 3474
f 5427 3838 3857
f 3210 1949 1887
f 1887 15 3200
f 15 16 3197
f 16 3188 3195
f 3195 3188 3187
f 3194 3187 1899
f 3207 1899 375
f 387 173 126
f 3189 1791 1760
f 9029 763 757
f 763 9029 2172
f 9035 9034 9032
f 9033 9032 9031
f 9046 9049 9048
f 8751 9053 9054
f 9078 9076 9077
f 9083 9087 9051
f 9088 9089 9047
f 9099 9036 9040
f 9102 9034 9036
f 9105 9031 9032
f 9105 2176 9106
f 1801 1864 9108
f 9103 9032 9034
f 9096 9090 9047
f 1767 1768 9111
f 1597 9115 9113
f 1708 1707 9117
f 9123 9120 9119
f 9118 9119 9125
f 1588 1708 9116
f 2080 9123 9118
f 2082 9118 9124
f 9126 9129 9087
f 9129 9130 9088
f 5512 3492 5943
f 5634 3383 5488
f 5724 5512 5947
f 9134 9099 9097
f 9144 9103 9102
f 9133 9097 9096
f 786 9146 9144
f 9146 9105 9103
f 785 9144 9138
f 497 9138 9134
f 650 9134 9133
f 9148 564 9133
f 8756 9058 9057
f 9154 9151 9130
f 9151 9150 9131
f 9097 9040 9090
f 1799 9109 9111
f 5949 3968 3964
f 9160 9156 8809
f 8813 9162 9160
f 9166 463 564
f 9067 9058 9054
f 9162 9166 9148
f 9087 9088 9048
f 9081 9078 9079
f 9049 9052 9051
f 9082 9168 9167
f 9079 9077 9049
f 9169 9168 9175
f 9167 9115 9112
f 9168 9169 9177
f 9120 9117 9113
f 9120 9177 9169
f 9119 9169 9170
f 9179 9180 9125
f 9180 1576 9124
f 9178 9179 9170
f 1576 2101 2084
f 9179 9178 9183
f 3203 376 1387
f 3190 1387 1791
f 5618 2152 1949
f 317 240 259
f 2000 2176 9105
f 9053 9051 9052
f 9041 9040 9036
f 9029 758 756
f 9037 9036 9034
f 9130 9131 9089
f 3204 375 376
f 1801 9107 9109
f 9181 9187 9180
f 1575 9187 9190
f 9187 1575 1576
f 1776 1795 1796
f 1293 1294 1290
f 1326 14 1327
f 1294 1245 1234
f 878 1244 1330
f 5633 3401 5490
f 5933 3359 3360
f 5613 5634 5948
f 5604 5605 3844
f 3972 3494 5950
f 3494 3495 4322
f 4406 5676 5615
f 3492 3489 4292
f 5631 5503 5495
f 497 373 374
f 122 648 413
f 5624 5489 3398
f 9151 9154 9156
f 9058 8756 8752
f 9160 9162 9150
f 8815 9166 9162
f 9156 9126 8794
f 439 398 399
f 1512 1528 1526
f 1668 1741 1738
f 839 849 1362
f 1362 1357 826
f 3425 3417 3418
f 4905 5207 5243
f 4621 4622 4662
f 5582 5579 5574
f 4754 4757 4756
f 3902 3899 4021
f 9295 740 1896
f 2053 2054 2118
f 9340 9339 2120
f 696 697 9268
f 4922 4938 4939
f 4365 4366 4186
f 5105 5106 4862
f 5228 5227 5226
f 4781 4782 4877
f 5218 5227 5238
f 4990 4993 4992
f 4335 4337 4336
f 4993 4990 4972
f 4794 4793 4792
f 5886 5884 8852
f 5405 3892 5417
f 4669 4752 4764
f 4676 4697 4698
f 1826 1878 639
f 9192 9191 9181
f 5232 5228 5233
f 5418 4121 4122
f 956 885 886
f 5720 3844 3512
f 4728 4731 4730
f 8879 8866 8863
f 1980 806 1922
f 4969 4970 4966
f 33 34 105
f 9028 3253 3254
f 3837 3558 3839
f 4382 4300 4301
f 3908 3905 4122
f 4290 4295 4294
f 4400 3834 4055
f 3219 3222 3221
f 8894 8895 8877
f 4640 4736 4735
f 4389 4366 4216
f 3267 4479 4493
f 3268 3265 4463
f 5097 5111 5098
f 5094 5097 5096
f 5654 5655 5937
f 4089 5704 3960
f 5159 5163 5162
f 5202 5244 5249
f 5412 5415 5414
f 5715 3515 3516
f 5723 4426 4423
f 4263 4264 4323
f 3994 3529 3564
f 1343 1344 9308
f 3470 3514 5667
f 5659 5661 5671
f 3319 3828 4053
f 9359 2127 2128
f 1766 1581 1582
f 14 1326 2163
f 595 98 99
f 5703 3771 3772
f 5206 5224 5229
f 3437 3446 3458
f 5516 4084 3487
f 5122 5086 5087
f 3223 3297 3934
f 3979 9023 5402
f 3828 3319 3320
f 5663 3441 4081
f 4035 4489 4490
f 4426 5723 5724
f 3881 4452 4447
f 5407 5408 4118
f 5691 5688 5689
f 5661 5673 5672
f 5911 5918 8901
f 3902 4022 3871
f 5541 5538 5539
f 4069 4454 5561
f 3248 4394 3292
f 1346 1035 1044
f 748 1888 1425
f 3297 3228 3255
f 5445 4400 4056
f 5783 5784 5830
f 4310 4028 4376
f 5857 5854 5800
f 3882 5467 4452
f 3193 3208 3919
f 3190 3191 3206
f 4266 4269 4268
f 4488 3419 3420
f 3331 3939 3940
f 4282 4285 4284
f 4606 4608 4607
f 4628 4629 4708
f 4659 4732 4733
f 4615 4750 4829
f 4718 4714 4713
f 5722 4424 4421
f 3307 3462 3461
f 4686 4688 4634
f 3966 3548 3550
f 4738 4739 4875
f 3416 4429 3237
f 4527 4528 4208
f 5093 5121 5114
f 5124 5099 5086
f 5117 5118 5138
f 4631 4641 4640
f 5166 5163 5168
f 5185 5188 5187
f 5194 5190 5191
f 3245 4117 4118
f 5214 5215 5203
f 3230 3317 3318
f 5237 5234 5217
f 5250 5259 5258
f 5113 5112 5084
f 5270 5267 5269
f 4906 5125 5107
f 5271 5266 5267
f 5276 5277 5262
f 5153 5151 5174
f 5290 5270 5268
f 5306 5299 5303
f 5147 5148 5146
f 4585 4849 4856
f 3226 5435 5436
f 4473 4503 4504
f 5765 5756 8897
f 4529 4246 4247
f 8923 8924 8916
f 5713 5681 5682
f 3315 3897 3898
f 5564 5536 5537
f 4468 4440 4441
f 3738 3739 4163
f 4577 4859 4559
f 5567 3527 3366
f 3587 3584 4150
f 5471 5468 4504
f 5860 5769 5816
f 3516 3513 5558
f 5436 3985 5637
f 5050 5053 5083
f 5547 5565 3338
f 9023 3979 3295
f 5708 4087 4132
f 4104 3816 3814
f 3718 3719 4161
f 5498 5491 5679
f 3884 4431 4432
f 3955 4512 3877
f 4049 4062 4061
f 8892 8872 8875
f 4572 4217 4218
f 4440 4443 4442
f 4497 4511 3407
f 8906 8882 8881
f 5664 5712 5670
f 3751 4105 3706
f 3511 3735 3736
f 5129 5130 5116
f 5086 5099 5098
f 5135 5127 5128
f 5143 5146 5145
f 5168 5158 5136
f 5297 5241 5246
f 5164 5161 5160
f 5155 5161 5171
f 5137 5179 5167
f 5293 5308 5307
f 5513 3570 4083
f 4053 3828 3825
f 3228 3297 3298
f 3631 3632 3635
f 5689 5669 5670
f 5759 5762 5883
f 3793 4133 3507
f 4906 4908 4891
f 4719 4858 4901
f 3597 3598 4095
f 3352 4126 4125
f 9064 9057 9058
f 9076 9064 9067
f 9083 8766 8794
f 9131 9132 9096
f 9138 9102 9099
f 9154 9129 9126
f 9077 9067 9052
f 9053 8751 8766
f 9191 9190 9187
f 9082 9079 9046
f 9193 9175 9168
f 1284 1290 1288
f 9150 9148 9132
f 3841 3842 3496
f 3570 3569 3336
f 4027 4311 4312
f 4889 4876 4781
f 4041 4045 4044
f 4885 4884 4813
f 5419 4122 3905
f 4367 4368 4227
f 1778 1781 1780
f 1792 1759 1584
f 4308 4017 3869
f 4594 4723 4762
f 4767 4770 4769
f 5461 3365 3366
f 4763 4704 4716
f 4919 4918 4915
f 4300 4382 4334
f 5196 5199 5198
f 5158 5148 5135
f 5431 5434 5433
f 4545 4567 4571
f 4557 4558 4594
f 695 570 571
f 4156 4155 3626
f 4861 4673 4670
f 5681 5675 5674
f 5473 5475 5580
f 3622 3656 4152
f 5647 3573 3574
f 3674 3663 3808
f 4420 4145 3498
f 5675 5662 5666
f 3253 9028 5439
f 5870 5866 5917
f 8887 8920 8919
f 5862 5856 5913
f 3534 3593 3485
f 3313 4486 4484
f 9090 9193 9046
f 4871 4759 4695
f 3778 3777 3822
f 4889 4748 4874
f 4000 3783 3784
f 4897 4898 4911
f 3856 3857 3838
f 4772 4830 4896
f 4015 4016 4376
f 3433 3461 3476
f 4053 4054 3302
f 3367 5567 3363
f 3242 3829 3831
f 3441 3442 4082
f 4735 4736 4855
f 4756 4757 4737
f 3382 3385 3384
f 3698 3699 3697
f 4676 4679 4678
f 4948 4943 4941
f 4890 5394 4805
f 4757 4744 4745
f 4581 4221 4380
f 5716 3516 5932
f 4923 4920 4926
f 5077 5079 5081
f 5078 5082 5058
f 4009 5401 5400
f 5081 5082 5078
f 3930 3931 4513
f 4014 4376 4028
f 4025 4026 4020
f 3618 4093 4096
f 4581 4575 4576
f 4219 4217 4188
f 5440 5442 3335
f 5449 3982 3323
f 4229 4181 4177
f 4590 4213 4214
f 4227 4183 4184
f 4574 4901 4858
f 4565 4566 5453
f 4592 4555 4588
f 4590 4587 4573
f 3517 3518 5521
f 3845 5428 3522
f 4444 3340 3884
f 3982 5449 5533
f 4465 4466 4497
f 4520 4522 4521
f 4076 4073 5591
f 3635 3667 3666
f 3343 3344 4498
f 4022 4019 3870
f 3661 3607 4098
f 5691 5690 5697
f 3768 3766 5742
f 4514 3955 3956
f 3697 3815 3814
f 4394 3248 5460
f 4054 4053 4057
f 3284 3318 3323
f 4052 3926 4169
f 4447 4506 4510
f 4456 4460 3346
f 4483 3876 3877
f 4482 3877 4512
f 4492 4512 4513
f 5642 5438 5439
f 5448 5447 5442
f 5466 4441 3882
f 3340 4444 4445
f 8908 8909 8910
f 4397 4169 3835
f 5413 3520 3521
f 3234 3931 3932
f 5753 5765 8895
f 8896 8897 5756
f 8921 8922 8889
f 8915 8912 8911
f 3933 3936 3935
f 3620 3804 3657
f 3966 3969 3968
f 4905 4789 4769
f 3225 5436 5437
f 5433 3896 3984
f 5714 5686 5693
f 5435 3984 3985
f 3954 3956 3955
f 4713 4712 4632
f 4879 4635 4632
f 3983 3984 3896
f 9027 5460 3248
f 5871 5870 5912
f 5849 5846 5891
f 4702 4703 4640
f 4213 4590 4579
f 3644 3645 3688
f 9193 9090 9040
f 8920 8930 8935
f 5406 3846 4130
f 4140 5400 5401
f 5659 3903 3904
f 4772 4773 4783
f 4244 4247 4246
f 4061 5399 4037
f 3669 3804 3803
f 3459 3460 3209
f 4072 5483 5484
f 4835 4833 4834
f 5660 5662 5661
f 4262 4265 4264
f 3633 3630 3627
f 3685 3643 3676
f 4517 4515 3235
f 4145 4420 4085
f 5455 4438 5459
f 5638 5635 5640
f 3228 3225 3254
f 4044 4174 3411
f 3614 3615 3612
f 3273 3276 3275
f 4952 4962 4961
f 4959 4958 4960
f 4888 4655 4761
f 4254 4257 4256
f 4199 4202 4201
f 4499 4464 4465
f 5479 4495 4496
f 5952 5953 5954
f 5956 5957 5958
f 5959 5958 5960
f 5962 5963 5964
f 5966 5967 5968
f 5967 5970 5971
f 5963 5962 5961
f 5972 5965 5964
f 5974 5975 5976
f 5978 5979 5980
f 5982 5983 5984
f 5986 5987 5985
f 5988 5989 5990
f 5992 5993 5994
f 5996 5997 5998
f 6000 6001 6002
f 6004 6005 6006
f 6008 6009 6010
f 6012 6013 6014
f 6016 6017 6018
f 6020 6021 6022
f 6024 6025 6026
f 6028 6029 6030
f 6032 6033 6034
f 6036 6037 6038
f 6040 6041 6013
f 6042 6043 6044
f 5992 6046 6047
f 6048 6049 6050
f 6052 6053 6054
f 6056 6057 6058
f 6060 6061 5987
f 6062 6063 6064
f 6066 6067 6068
f 6070 6071 6027
f 6072 6073 6057
f 6075 6076 6077
f 6078 6079 6080
f 6082 6083 6054
f 6085 6078 6081
f 6087 6061 5990
f 6061 6087 6089
f 6089 6090 6091
f 6092 6091 6093
f 6095 5978 5981
f 6062 6082 6084
f 6097 6098 6035
f 6056 6049 6099
f 6100 6101 6102
f 6001 6000 6104
f 6107 6108 6109
f 6110 6111 6112
f 6114 6026 6025
f 6116 6117 6118
f 6120 6121 6122
f 6124 6125 6126
f 6128 6129 6101
f 6039 6130 6131
f 6132 6133 6134
f 6136 6137 6138
f 6139 6140 6141
f 6143 6144 6145
f 6148 6149 6150
f 6152 6153 6154
f 6155 6156 6157
f 6159 6160 6161
f 6163 6164 6165
f 6167 6168 6169
f 6171 6172 6173
f 6175 6176 6104
f 6178 6179 6180
f 6023 6182 6183
f 6184 6185 6186
f 6117 6116 6188
f 6190 6191 6192
f 6194 6070 6026
f 6195 6196 6191
f 6197 6198 6199
f 6201 6202 6203
f 6205 6206 6207
f 6209 6210 6201
f 6197 6200 6211
f 6212 6211 6213
f 5979 6215 6214
f 6203 6216 6217
f 6206 6199 6198
f 6218 5961 5962
f 5965 6220 6219
f 5972 3355 3354
f 6070 6194 6222
f 6224 6225 6226
f 6228 6229 6230
f 6232 6233 6234
f 6196 6195 6236
f 6071 6070 6223
f 6239 6240 6241
f 6243 6244 6245
f 6247 6073 6248
f 6250 6251 6252
f 6254 6255 6256
f 6258 6259 6260
f 6229 6262 6263
f 6264 6265 6242
f 6266 6267 6268
f 6270 6271 6272
f 6274 6275 6276
f 6195 6278 6279
f 6280 6278 6281
f 6283 6284 6285
f 6123 6122 6287
f 6289 6290 6291
f 6293 6294 6243
f 6240 6296 6297
f 6298 6299 6267
f 6300 6301 6302
f 6304 6305 6306
f 6251 6250 6308
f 6247 6310 6311
f 6313 6314 6315
f 6314 6313 6317
f 6319 6086 6320
f 6322 6087 6088
f 6216 6324 6258
f 6325 6326 6327
f 6217 6258 6261
f 6330 6071 6238
f 6071 6330 6048
f 6015 6332 6333
f 6079 6334 6335
f 6336 6294 6240
f 6294 6293 6296
f 6337 6338 6339
f 6341 6342 6343
f 6345 6346 6347
f 6266 6264 6349
f 6350 6351 6352
f 6295 6243 6246
f 6303 6355 6356
f 6357 6358 6359
f 6361 6362 6363
f 6365 6350 6353
f 6367 6368 6369
f 6371 6367 6370
f 6372 6373 6374
f 6375 6374 6373
f 6376 6377 6378
f 6379 6380 6381
f 6383 6384 6385
f 6387 6388 6389
f 6391 6392 6393
f 6395 6396 6397
f 6398 6399 6400
f 6399 6401 6402
f 6403 6402 6401
f 6405 6406 6407
f 6409 6410 6411
f 6367 6371 6413
f 6374 6375 6415
f 6417 6418 6384
f 6419 6420 6348
f 6421 6422 6423
f 6425 6426 6400
f 6426 6427 6395
f 6393 6396 6428
f 6429 6430 6394
f 6390 6389 6431
f 6433 6434 6408
f 6435 6436 6437
f 6439 6440 6411
f 6392 6391 6441
f 6397 6392 6442
f 6401 6399 6444
f 6446 6447 6437
f 6448 6449 6450
f 6452 6453 6454
f 6442 6441 6456
f 6443 6442 6457
f 6444 6459 6460
f 6445 6444 6461
f 6463 6464 6462
f 6446 6445 6462
f 6466 6467 6468
f 6448 6451 6470
f 6453 6452 6472
f 6474 6475 6476
f 6478 6479 6480
f 6482 6483 6484
f 6486 6487 6488
f 6490 6491 6492
f 6493 6492 6494
f 6496 6497 6498
f 6500 6501 6502
f 6504 6505 6506
f 6508 6468 6509
f 6511 6512 6513
f 6499 6514 6515
f 6516 6517 6518
f 6520 6521 6522
f 6524 6507 6525
f 6507 6524 6527
f 6504 6527 6528
f 6528 6511 6508
f 6529 6530 6531
f 6342 6533 6534
f 6535 6347 6346
f 6347 6535 6537
f 6434 6538 6539
f 6539 6540 6405
f 6541 6542 6451
f 6543 6544 6470
f 6546 6478 6481
f 6499 6498 6548
f 6549 6550 6514
f 6551 6552 6553
f 6555 6556 6557
f 6403 6436 6423
f 6426 6425 6413
f 6415 6560 6428
f 6430 6429 6561
f 6434 6433 6420
f 6563 6564 6565
f 6404 6401 6445
f 6459 6444 6399
f 6455 6454 6388
f 6405 6450 6449
f 6540 6541 6450
f 6567 6495 6568
f 6570 6464 6463
f 6475 6474 6490
f 6458 6457 6571
f 6573 6571 6574
f 6576 6577 6578
f 6193 6192 6580
f 6582 6583 6584
f 6583 6582 6586
f 6588 6589 6587
f 6590 6069 6068
f 6592 6593 6594
f 6251 6310 6595
f 6304 6596 6597
f 6272 3735 6599
f 3737 3736 6558
f 6600 6161 6160
f 6123 6602 6603
f 6604 6605 6606
f 6608 6205 6208
f 5972 6221 6220
f 6610 6611 6612
f 6613 6614 6615
f 6242 6617 6618
f 6226 6619 6245
f 6620 6621 6622
f 6624 6143 6146
f 6626 6213 6211
f 6627 6628 6629
f 6631 6632 6633
f 6235 6635 6636
f 6637 6638 6639
f 6641 6625 6286
f 6643 6644 6645
f 6647 6648 6649
f 6244 6243 6294
f 6336 6651 6652
f 6194 6196 6237
f 6196 6194 6114
f 6115 6192 6191
f 6653 6654 6655
f 6657 6117 6189
f 6117 6657 6659
f 6130 6157 6156
f 6133 6152 6151
f 6661 6111 6662
f 6663 6613 6616
f 6664 6270 6273
f 6418 6417 6432
f 6290 6325 6328
f 6666 6557 6556
f 6557 6666 3805
f 5971 6667 6668
f 6181 6669 6670
f 6671 6672 6673
f 6676 6673 6672
f 6675 6150 6149
f 6067 6066 5999
f 6677 6678 6679
f 6681 6682 6683
f 6087 6322 6090
f 5983 5982 6685
f 5982 6094 6687
f 6094 6093 6688
f 6211 6200 6137
f 6689 6690 6691
f 6690 6689 3833
f 6001 5983 6686
f 5978 6693 6215
f 6694 6693 5978
f 5974 6694 6095
f 6183 6182 6696
f 6698 5959 5961
f 5959 6698 6699
f 6697 6696 6700
f 6702 6629 6703
f 5968 6668 6705
f 6706 5977 5955
f 6707 6618 6617
f 6024 6051 6709
f 6402 6403 6559
f 3852 6711 6712
f 3856 6594 6593
f 5977 6706 6694
f 6713 5955 5977
f 6714 6715 6716
f 6718 6719 6308
f 6720 6255 6254
f 6722 6723 6724
f 6312 6311 6726
f 6069 6590 6728
f 6319 6594 6730
f 6731 6645 6644
f 6732 6733 6734
f 6046 6053 6320
f 3880 3805 6666
f 6736 6737 6738
f 6531 6740 6741
f 6300 6356 6614
f 6742 6532 6325
f 6743 6742 3891
f 6744 6302 6301
f 6746 6747 6534
f 6536 6576 6579
f 6535 6579 6563
f 6566 6538 6537
f 6538 6566 6409
f 6412 6540 6539
f 6412 6748 6541
f 6748 6749 6542
f 6749 6569 6545
f 6568 6750 6547
f 6751 6752 6548
f 6753 6754 6550
f 6755 6756 6757
f 6759 6760 6761
f 6763 6764 6765
f 6764 6620 6623
f 6766 6767 6768
f 6770 6771 6772
f 6774 6775 6776
f 6021 6774 6777
f 6723 6778 6779
f 6780 6781 6782
f 6784 6785 6786
f 6788 6789 6790
f 6185 6792 6793
f 6794 6722 6725
f 6729 6796 6098
f 6135 6797 6798
f 6799 6062 6065
f 6037 6801 6802
f 6005 6004 6588
f 6005 6803 6804
f 6052 6055 6010
f 6586 6582 6803
f 6092 5985 5987
f 6094 5982 5985
f 6096 6806 6695
f 6082 6062 6799
f 6657 6013 6041
f 6013 6657 6658
f 6795 6725 6807
f 6809 6810 6811
f 6813 6814 6815
f 6817 6818 6819
f 6821 6822 6823
f 6329 6209 6204
f 6202 6825 6826
f 6072 6099 6827
f 6598 6829 6305
f 6301 6300 6613
f 6830 6831 6271
f 6822 6779 6778
f 6326 6741 6832
f 6203 6826 6833
f 6027 6048 6051
f 6360 6834 6835
f 6836 6837 6838
f 6837 6840 6841
f 6362 6365 6366
f 6380 6385 6384
f 6421 6564 6578
f 6566 6565 6410
f 6394 6389 6388
f 6414 6422 6368
f 6371 6374 6416
f 6561 6560 6378
f 6382 6381 6562
f 6381 6384 6418
f 6389 6394 6430
f 6391 6388 6454
f 6441 6454 6453
f 6456 6453 6473
f 6495 6494 6750
f 6843 6575 6485
f 6844 6845 6843
f 6573 6845 6847
f 6849 6491 6487
f 6513 6753 6752
f 6517 6521 6850
f 6521 6520 6851
f 6844 6851 6852
f 6505 6504 6510
f 6753 6513 6512
f 6516 6522 6521
f 6614 6740 6854
f 6742 6262 4003
f 6708 6617 6855
f 6307 6306 6857
f 6307 6664 6665
f 6414 6413 6425
f 6416 6415 6427
f 6562 6418 6431
f 6419 6537 6538
f 6358 6836 6839
f 6059 6058 6859
f 6861 6862 6863
f 6865 6866 6867
f 6115 6025 6869
f 6871 6872 6873
f 6721 6254 6596
f 6876 6610 6556
f 6877 6663 6552
f 6551 6878 6268
f 6879 6855 6265
f 6239 6618 6651
f 6230 6263 6619
f 6171 6670 6669
f 6106 6109 6882
f 6883 6884 6822
f 6759 6184 6187
f 6725 6724 6785
f 6885 6795 6808
f 6886 6887 6888
f 6701 6700 6756
f 6884 6786 6779
f 6715 6714 6309
f 6889 6259 6890
f 6743 3890 4042
f 6270 6664 6893
f 6386 6894 6895
f 6895 6348 6420
f 6897 6432 6417
f 6897 6433 6407
f 6390 6898 6899
f 6900 6899 6406
f 6455 6900 6901
f 6902 6903 6904
f 6482 6903 6905
f 6501 6906 6907
f 6496 6515 6908
f 6532 6531 6326
f 6532 6742 6743
f 6612 6910 6735
f 6611 6911 6910
f 6626 5980 5979
f 6704 6912 6105
f 6913 6590 6591
f 6915 6794 6795
f 6229 6228 4067
f 6263 6290 6289
f 6745 6301 6663
f 6916 6771 6757
f 6885 6918 6165
f 6920 6780 6783
f 6921 6922 6923
f 6925 6921 6924
f 6927 6928 6929
f 6931 6932 6933
f 6935 6936 6937
f 6939 6940 6941
f 6943 6944 6945
f 6947 6948 6949
f 6944 6943 6951
f 6953 6954 6955
f 6957 6958 6959
f 6961 6962 6929
f 6964 6965 6966
f 6968 6969 6970
f 6969 6948 6955
f 6972 6943 6946
f 6974 6975 6976
f 6978 6979 6980
f 6940 6939 6982
f 6984 6985 6986
f 6988 6989 6990
f 6992 6990 6989
f 6994 6995 6996
f 6998 6999 7000
f 7002 7003 7004
f 7006 7007 7008
f 7010 7011 7012
f 7014 7015 7016
f 7018 7019 6999
f 7020 7021 7022
f 7024 7025 7026
f 7028 7029 7030
f 7032 7033 7034
f 7003 7002 7036
f 7038 7039 7040
f 6993 6989 7030
f 7042 7043 7044
f 7046 7047 7007
f 7011 7010 7048
f 7050 7051 7052
f 7054 7015 7014
f 7015 7054 7056
f 6621 6620 7045
f 7049 7048 6775
f 7051 7050 6021
f 7055 6697 6701
f 7054 6701 6755
f 6764 6763 7047
f 7020 7058 7059
f 7060 7061 7062
f 6958 7064 7065
f 6925 7066 7067
f 7068 6931 6934
f 7069 6988 6991
f 7071 6995 7072
f 7074 7075 7076
f 7078 7079 7080
f 7014 7017 7082
f 7084 7085 7086
f 7025 7028 7031
f 7085 7084 7072
f 7089 7084 7087
f 7055 7014 7083
f 7090 7087 6770
f 7092 7093 7094
f 7091 6183 6697
f 6770 7087 7086
f 7095 7094 6767
f 7096 7061 6980
f 7098 6941 6940
f 7058 7020 7023
f 7101 6927 6930
f 6974 7060 7063
f 7103 6968 6971
f 7105 6978 6981
f 7106 7107 7036
f 7109 7048 7010
f 7111 7019 7018
f 7098 7003 7037
f 7048 7109 7112
f 7113 6993 7041
f 6994 7114 7115
f 6965 7116 6923
f 6975 6922 6945
f 7061 7096 7065
f 6954 6953 6933
f 6763 7112 7109
f 7046 7045 6620
f 6947 7117 7067
f 6758 7086 7056
f 7118 7119 7039
f 7038 7069 7070
f 7106 7120 7121
f 7123 7124 7053
f 7123 7052 7083
f 7045 7046 7006
f 7107 7106 7122
f 7091 7083 7052
f 7091 7051 6020
f 6936 7096 7097
f 7125 6957 6960
f 6774 6021 7050
f 7119 6939 6942
f 7019 7002 7005
f 7011 7053 7124
f 7021 7126 7040
f 7114 7029 7016
f 7053 7011 7049
f 7086 7085 7057
f 6993 7113 7127
f 7075 7127 7113
f 4281 4280 6603
f 6012 6333 7129
f 7130 6083 6584
f 6797 7132 7133
f 6074 7134 7135
f 6789 6760 6173
f 6760 6789 6776
f 7136 6802 6801
f 6914 6671 6674
f 7007 7110 7059
f 7099 7004 7003
f 6984 7103 7104
f 7110 7007 7047
f 6333 6583 6587
f 5956 6699 6667
f 5957 5956 5971
f 7137 6715 6308
f 4292 4293 6718
f 6693 6705 6668
f 6215 6668 6667
f 6214 6667 6699
f 6698 6197 6212
f 6219 6207 6198
f 6207 6219 6220
f 6220 6221 6609
f 6262 6229 4066
f 7138 7139 7140
f 4298 7142 7140
f 7143 7144 7145
f 7147 7148 7144
f 7149 7150 7151
f 7150 7152 7153
f 6329 6261 7154
f 6261 6260 7155
f 7156 6829 7157
f 6598 6597 7159
f 6257 6256 7161
f 6256 4322 4321
f 6693 6694 6706
f 5954 5969 6705
f 5953 5966 5969
f 7163 5984 5983
f 7164 7165 6138
f 7167 7168 7169
f 6141 7171 7172
f 7166 7171 7173
f 6141 6140 7174
f 7176 7177 7178
f 7180 7181 7182
f 7184 7185 7186
f 6631 7180 7183
f 6218 6198 6197
f 6625 6641 7189
f 6814 6813 7190
f 6882 7192 7193
f 7195 7196 6109
f 6888 7197 7198
f 7200 7201 7202
f 7176 6627 6630
f 6029 7184 7187
f 7205 7206 7207
f 7209 7210 7211
f 7203 7202 7213
f 6886 7215 6778
f 6031 6030 7215
f 7216 7217 7218
f 7220 7221 6880
f 6076 6075 7220
f 6074 6077 6672
f 6147 6150 6662
f 7223 6662 6111
f 6810 6809 6113
f 6920 7134 6914
f 6077 6660 6675
f 6660 6077 6076
f 7222 7220 6669
f 7224 7222 6181
f 6660 6662 6150
f 7225 7226 6794
f 6783 6782 7225
f 6781 6780 6068
f 7217 7227 7228
f 6031 6888 7199
f 6887 6886 6723
f 6164 7225 6915
f 6780 6920 6591
f 7134 6074 6671
f 7229 7230 6824
f 7187 7186 7230
f 7226 6887 6722
f 7231 7232 6169
f 7201 7231 7233
f 6107 7234 7235
f 7215 7229 6823
f 6030 7187 7229
f 7236 7216 7219
f 7237 7238 6820
f 7237 7208 7207
f 7239 7240 7241
f 6739 7243 7244
f 7245 7239 7242
f 7233 6169 6168
f 7247 7213 7202
f 7195 6108 7203
f 7248 7249 7250
f 7227 7251 7252
f 7253 6067 5998
f 6067 7253 7198
f 6781 7198 7197
f 5984 7163 6683
f 7254 7250 6678
f 6679 7249 7252
f 6887 7226 7197
f 6782 7197 7226
f 7135 6919 6163
f 7221 7220 6075
f 6661 6076 7222
f 7224 6112 6111
f 6180 6810 6112
f 6179 6811 6810
f 6811 6179 6793
f 6650 6792 6622
f 6766 6621 7044
f 7095 7044 7043
f 7092 7043 7121
f 7078 7120 7255
f 7256 7232 7257
f 6768 6772 7259
f 6773 6767 7094
f 7090 7094 7093
f 7089 7093 7080
f 7071 7079 7032
f 7077 7018 6998
f 6995 7071 7260
f 7077 7076 7261
f 7035 7034 7018
f 7108 7019 7111
f 6978 7105 7262
f 7105 7263 7264
f 7263 6944 6952
f 6990 6992 6951
f 6972 7117 7266
f 7117 6947 6950
f 6948 6969 7267
f 6969 6968 6982
f 7103 6984 6987
f 7005 7004 6986
f 6999 7005 7268
f 7269 7270 7271
f 7274 7272 7275
f 7274 7273 7276
f 7278 7279 7280
f 7282 7283 7284
f 7286 7287 7288
f 7290 7291 7292
f 7294 7295 7296
f 7068 7297 7298
f 7300 7301 7302
f 7304 6962 7305
f 7307 7285 7305
f 7309 7284 7283
f 7311 7312 7313
f 7125 7304 7306
f 7285 7307 7280
f 7277 7281 7303
f 6965 6964 7316
f 7318 7312 7316
f 7320 7321 7271
f 7312 7318 7296
f 7270 7269 7298
f 7311 7270 7322
f 6961 6932 7300
f 7323 7324 7325
f 7327 7064 7328
f 7064 6958 7325
f 7287 7330 7292
f 6931 7068 7299
f 7331 7327 7329
f 7332 7333 7334
f 7336 7337 7338
f 7340 7341 7333
f 7342 7341 7343
f 7345 7346 7347
f 7348 7349 7350
f 7352 7353 7354
f 7356 7357 7358
f 7360 7361 7362
f 7365 7366 7367
f 7368 7369 7370
f 7372 7373 7336
f 7373 7375 7337
f 7367 7366 7376
f 7378 7379 7380
f 7382 7383 7384
f 7386 7387 7385
f 7388 7389 7390
f 7392 7334 7333
f 7394 7395 7396
f 7398 7399 7400
f 7402 7403 7404
f 7406 7407 7408
f 7410 7411 7383
f 7412 7413 7414
f 7385 7416 7417
f 7389 7418 7419
f 7373 7420 7421
f 7420 7373 7372
f 7369 7423 7424
f 7399 7398 7397
f 7393 7333 7341
f 7398 7358 7357
f 7358 7398 7401
f 7428 7429 7430
f 7433 7434 7435
f 7363 7362 7436
f 7383 7438 7439
f 7411 7440 7438
f 7441 7442 7443
f 7445 7446 7339
f 7374 7336 7339
f 7444 7365 7364
f 7448 7364 7450
f 7364 7367 7451
f 7451 7367 7377
f 7449 7450 7454
f 7455 7454 7450
f 7456 7455 7451
f 7410 7457 7458
f 7460 7461 7462
f 7423 7369 7462
f 7464 7465 7466
f 7468 7469 7347
f 7376 7366 7471
f 7425 7397 7396
f 7475 7476 7477
f 7478 7479 7480
f 7482 7483 7407
f 7484 7485 7351
f 7487 7405 7488
f 7490 7491 7492
f 7412 7415 7434
f 7494 7495 7434
f 7496 7388 7391
f 7440 7411 7498
f 7401 7400 7488
f 7485 7346 7345
f 7500 7502 7427
f 7395 7394 7469
f 7503 7504 7505
f 7507 7508 7509
f 7511 7512 7513
f 7511 7514 7515
f 7517 7518 7519
f 7521 7522 7523
f 7352 7524 7525
f 7415 7414 7527
f 7528 7529 7530
f 7404 7531 7502
f 7477 7388 7496
f 7512 7478 7481
f 7405 7404 7500
f 7533 7534 7535
f 7378 7507 7510
f 7532 7496 7379
f 7539 7540 7541
f 7524 7352 7355
f 7351 7485 7501
f 7414 7524 7523
f 7522 7543 7527
f 7544 7413 7412
f 7546 7416 7547
f 7526 7549 7353
f 7550 7521 7355
f 7521 7550 7551
f 7552 7546 7548
f 7546 7552 7553
f 7522 7521 7548
f 7418 7556 7520
f 7416 7546 7554
f 7457 7557 7558
f 7557 7559 7560
f 7562 7561 7563
f 7564 7563 7349
f 7351 7350 7565
f 7567 7568 7569
f 7570 7555 7520
f 7419 7418 7555
f 7572 7564 7348
f 7389 7476 7556
f 7573 7490 7493
f 7552 7535 7534
f 7562 7574 7536
f 7572 7575 7576
f 7422 7577 7578
f 7423 7579 7580
f 7579 7423 7463
f 7578 7574 7576
f 7583 7584 7381
f 7586 7579 7581
f 7533 7580 7579
f 7447 7339 7338
f 7588 7502 7531
f 7590 7428 7431
f 7321 7320 7592
f 7275 7581 7463
f 7461 7278 7276
f 7279 7278 7461
f 7453 7454 7593
f 7594 7593 7454
f 7330 7287 7498
f 7459 7458 7294
f 7558 7560 7595
f 7560 7592 7320
f 7275 7321 7585
f 7462 7276 7273
f 7596 7583 7380
f 7597 7598 7406
f 7467 7466 7599
f 7601 7602 7603
f 7605 7365 7444
f 7365 7605 7606
f 7607 7495 7494
f 7513 7481 7473
f 7396 7395 7514
f 7514 7395 7468
f 7470 7609 7515
f 7610 7611 7609
f 7612 7556 7476
f 7613 7530 7529
f 7442 7441 7615
f 7574 7578 7577
f 7619 7400 7399
f 7518 7479 7509
f 7491 7399 7425
f 7549 7620 7621
f 7491 7490 7622
f 7377 7438 7440
f 7379 7496 7497
f 7453 7461 7460
f 7411 7410 7459
f 7623 7624 7391
f 7625 7611 7610
f 7487 7407 7483
f 7619 7622 7408
f 7627 7628 7620
f 7538 7379 7378
f 7389 7388 7477
f 7629 7545 7412
f 7489 7408 7407
f 7628 7627 7598
f 7413 7525 7524
f 7592 7560 7559
f 7584 7631 7632
f 7569 7568 7633
f 7570 7508 7566
f 7631 7567 7566
f 7508 7570 7519
f 7614 7573 7480
f 7346 7610 7470
f 7572 7574 7562
f 7571 7633 7634
f 7346 7485 7484
f 7607 7591 7431
f 7585 7592 7630
f 7624 7596 7497
f 7635 7386 7384
f 7636 7427 7502
f 7323 7309 7310
f 7420 7578 7582
f 7637 7594 7455
f 7287 7286 7499
f 7458 7558 7295
f 7439 7376 7472
f 7599 7601 7604
f 7359 7358 7427
f 7436 7638 7639
f 7490 7573 7640
f 7481 7480 7493
f 7641 7506 7505
f 7642 7643 7627
f 7492 7425 7473
f 7517 7612 7625
f 7625 7484 7486
f 7634 7623 7390
f 7474 7477 7532
f 7448 7368 7441
f 7368 7448 7449
f 7615 7441 7368
f 7638 7603 7602
f 7575 7572 7501
f 7571 7555 7570
f 7400 7619 7489
f 7508 7507 7632
f 7503 7506 7540
f 6957 7125 7315
f 7376 7439 7438
f 7507 7378 7381
f 7499 7456 7452
f 7286 7637 7456
f 7504 7642 7644
f 7645 7598 7627
f 7647 7634 7633
f 7647 7648 7623
f 7649 7624 7623
f 7650 7596 7624
f 7646 7633 7568
f 7651 7568 7567
f 7653 7652 7567
f 7651 7654 7655
f 7656 7657 7658
f 7660 7658 7657
f 7663 7657 7656
f 7664 7665 7663
f 7667 7666 7663
f 7667 7662 7668
f 7663 7665 7661
f 7670 7671 7672
f 7661 7672 7671
f 7659 7668 7662
f 7648 7647 7668
f 7648 7659 7673
f 7659 7658 7674
f 7658 7660 7675
f 7668 7647 7646
f 7660 7671 7676
f 7675 7677 7678
f 7677 7675 7676
f 7677 7680 7681
f 7682 7683 7678
f 7677 7679 7684
f 7673 7674 7678
f 7683 7650 7649
f 7685 7676 7671
f 7667 7655 7686
f 7666 7686 7687
f 7654 7688 7686
f 7689 7687 7686
f 7664 7687 7691
f 7650 7692 7583
f 7693 7653 7631
f 7584 7583 7692
f 7693 7692 7682
f 7694 7682 7681
f 7694 7696 7653
f 7650 7683 7682
f 7696 7697 7652
f 7654 7651 7652
f 7688 7654 7697
f 7699 7698 7697
f 7700 7701 7698
f 7695 7699 7696
f 7699 7695 7702
f 7689 7688 7698
f 7689 7701 7703
f 7705 7706 7707
f 7701 7700 7705
f 7704 7703 7707
f 7685 7670 7691
f 7687 7689 7704
f 7680 7702 7695
f 7684 7706 7702
f 7702 7706 7705
f 7684 7679 7707
f 7676 7685 7707
f 7665 7669 7672
f 7670 7669 7690
f 7665 7664 7690
f 7611 7475 7474
f 7510 7509 7479
f 7511 7538 7537
f 7516 7532 7538
f 7517 7530 7613
f 7537 7510 7478
f 7611 7625 7612
f 7613 7480 7479
f 7556 7612 7517
f 7516 7515 7609
f 7708 7709 7710
f 7712 7713 7714
f 7713 7716 7717
f 7719 7720 7721
f 7722 7723 7597
f 7724 7712 7715
f 7726 7727 7728
f 7731 7640 7573
f 7730 7573 7614
f 7733 7734 7735
f 7721 7712 7724
f 7731 7722 7409
f 7708 7726 7729
f 7737 7724 7709
f 7716 7741 7736
f 7742 7743 7744
f 7740 7736 7735
f 7717 7716 7740
f 7716 7713 7720
f 7748 7749 7711
f 7750 7748 7710
f 7720 7719 7751
f 7734 7723 7728
f 7709 7724 7725
f 7752 7753 7715
f 7739 7709 7708
f 7720 7713 7712
f 7749 7754 7755
f 7745 7744 7756
f 7746 7727 7742
f 7743 7742 7755
f 7727 7746 7735
f 7747 7756 7757
f 7753 7750 7725
f 7751 7621 7620
f 7757 7752 7714
f 7718 7721 7737
f 7747 7740 7746
f 7727 7726 7755
f 7726 7708 7711
f 7759 7757 7756
f 7759 7760 7752
f 7760 7761 7753
f 7761 7762 7750
f 7758 7756 7744
f 7763 7744 7743
f 7754 7765 7764
f 7763 7766 7767
f 7768 7769 7770
f 7772 7768 7771
f 7775 7768 7772
f 7776 7777 7775
f 7779 7778 7775
f 7775 7777 7769
f 7770 7769 7781
f 7782 7774 7772
f 7760 7759 7782
f 7760 7773 7783
f 7773 7771 7784
f 7770 7785 7784
f 7779 7774 7782
f 7782 7759 7758
f 7785 7770 7780
f 7785 7787 7788
f 7787 7785 7786
f 7787 7790 7791
f 7792 7793 7788
f 7787 7789 7794
f 7793 7783 7784
f 7762 7761 7783
f 7796 7786 7780
f 7795 7780 7781
f 7779 7767 7798
f 7799 7776 7778
f 7766 7800 7798
f 7800 7801 7799
f 7802 7776 7799
f 7795 7797 7802
f 7762 7804 7748
f 7805 7765 7754
f 7749 7748 7804
f 7805 7804 7792
f 7806 7792 7791
f 7806 7808 7765
f 7793 7792 7804
f 7808 7809 7764
f 7766 7763 7764
f 7766 7809 7810
f 7811 7810 7809
f 7812 7813 7810
f 7807 7811 7808
f 7811 7807 7814
f 7813 7801 7800
f 7801 7813 7815
f 7817 7818 7819
f 7813 7812 7817
f 7816 7815 7819
f 7796 7795 7803
f 7799 7801 7816
f 7790 7814 7807
f 7794 7818 7814
f 7814 7818 7817
f 7794 7789 7819
f 7786 7796 7819
f 7777 7797 7781
f 7777 7776 7802
f 7528 7719 7718
f 7729 7728 7723
f 7738 7731 7730
f 7732 7737 7739
f 7733 7620 7628
f 7722 7731 7738
f 7621 7751 7719
f 7628 7597 7723
f 7733 7736 7741
f 7732 7614 7529
f 7486 7565 7621
f 7549 7565 7350
f 7353 7350 7349
f 7354 7349 7563
f 7821 7822 7823
f 7824 7825 7826
f 7825 7828 7829
f 7830 7831 7832
f 7834 7824 7827
f 7836 7837 7838
f 7840 7482 7406
f 7841 7406 7598
f 7843 7844 7845
f 7833 7824 7834
f 7848 7820 7836
f 7847 7834 7821
f 7828 7851 7846
f 7853 7854 7855
f 7850 7846 7845
f 7829 7828 7850
f 7828 7825 7832
f 7858 7859 7823
f 7860 7858 7822
f 7831 7861 7851
f 7844 7862 7838
f 7834 7835 7822
f 7863 7864 7827
f 7849 7821 7820
f 7825 7824 7833
f 7859 7865 7866
f 7855 7854 7867
f 7837 7852 7855
f 7865 7853 7852
f 7837 7856 7845
f 7857 7867 7868
f 7864 7860 7835
f 7843 7861 7642
f 7868 7863 7826
f 7830 7833 7847
f 7857 7850 7856
f 7837 7836 7866
f 7836 7820 7823
f 7870 7868 7867
f 7870 7871 7863
f 7871 7872 7864
f 7872 7873 7860
f 7869 7867 7854
f 7874 7854 7853
f 7876 7875 7853
f 7874 7877 7878
f 7879 7880 7881
f 7883 7879 7882
f 7886 7879 7883
f 7887 7888 7886
f 7890 7889 7886
f 7886 7888 7880
f 7891 7881 7880
f 7884 7893 7885
f 7871 7870 7893
f 7871 7884 7894
f 7884 7882 7895
f 7882 7881 7896
f 7890 7885 7893
f 7893 7870 7869
f 7881 7891 7897
f 7898 7899 7895
f 7900 7898 7896
f 7901 7902 7899
f 7904 7899 7902
f 7898 7900 7905
f 7894 7895 7899
f 7904 7873 7872
f 7907 7897 7891
f 7906 7891 7892
f 7890 7878 7909
f 7910 7887 7889
f 7877 7911 7909
f 7912 7910 7909
f 7887 7910 7914
f 7906 7908 7913
f 7873 7915 7858
f 7916 7876 7865
f 7859 7858 7915
f 7916 7915 7903
f 7917 7903 7902
f 7917 7919 7876
f 7873 7904 7903
f 7919 7920 7875
f 7877 7874 7875
f 7911 7877 7920
f 7922 7921 7920
f 7923 7924 7921
f 7918 7922 7919
f 7922 7918 7925
f 7924 7912 7911
f 7912 7924 7926
f 7928 7929 7930
f 7924 7923 7928
f 7927 7926 7930
f 7907 7906 7914
f 7910 7912 7927
f 7901 7925 7918
f 7905 7929 7925
f 7925 7929 7928
f 7905 7900 7930
f 7897 7907 7930
f 7888 7908 7892
f 7888 7887 7913
f 7645 7643 7831
f 7839 7838 7862
f 7841 7849 7848
f 7842 7847 7849
f 7504 7503 7844
f 7839 7931 7840
f 7643 7642 7861
f 7503 7539 7862
f 7846 7851 7861
f 7842 7598 7645
f 7932 7933 7934
f 7936 7937 7938
f 7937 7940 7941
f 7942 7943 7944
f 7947 7948 7949
f 7950 7936 7939
f 7953 7954 7955
f 7956 7957 7958
f 7956 7959 7540
f 7962 7963 7964
f 7936 7950 7965
f 7946 7949 7958
f 7966 7932 7952
f 7965 7950 7933
f 7968 7940 7969
f 7970 7971 7972
f 7974 7968 7964
f 7941 7940 7968
f 7940 7937 7944
f 7976 7977 7935
f 7978 7976 7934
f 7943 7979 7969
f 7947 7954 7963
f 7933 7950 7951
f 7980 7981 7939
f 7967 7933 7932
f 7937 7936 7945
f 7977 7982 7983
f 7973 7972 7984
f 7953 7970 7973
f 7982 7971 7970
f 7974 7963 7954
f 7975 7984 7985
f 7981 7978 7951
f 7961 7979 7544
f 7985 7980 7938
f 7942 7945 7965
f 7975 7968 7974
f 7952 7983 7970
f 7952 7932 7935
f 7987 7985 7984
f 7987 7988 7980
f 7988 7989 7981
f 7989 7990 7978
f 7986 7984 7972
f 7991 7972 7971
f 7993 7992 7971
f 7986 7991 7994
f 7997 7998 7999
f 8000 7996 7999
f 8003 7996 8000
f 8005 8003 8006
f 8007 8006 8003
f 7996 8003 8005
f 7998 7997 8009
f 8010 8002 8000
f 7988 7987 8010
f 7988 8001 8011
f 8011 8001 7999
f 7998 8013 8012
f 8007 8002 8010
f 8010 7987 7986
f 8013 7998 8008
f 8015 8016 8012
f 8017 8015 8013
f 8018 8019 8016
f 8021 8016 8019
f 8015 8017 8022
f 8011 8012 8016
f 8021 7990 7989
f 8023 8024 8014
f 8023 8008 8009
f 8007 7995 8026
f 8026 8027 8004
f 8028 8026 7995
f 8029 8027 8026
f 8030 8004 8027
f 8023 8025 8030
f 7990 8032 7976
f 8033 7993 7982
f 7976 8032 8033
f 8034 8033 8032
f 8035 8034 8020
f 8034 8036 7993
f 7990 8021 8020
f 8036 8037 7992
f 7991 7992 8037
f 7994 8037 8038
f 8039 8038 8037
f 8040 8041 8038
f 8035 8039 8036
f 8039 8035 8042
f 8041 8029 8028
f 8029 8041 8043
f 8045 8046 8047
f 8041 8040 8045
f 8044 8043 8047
f 8024 8023 8031
f 8027 8029 8044
f 8042 8035 8019
f 8022 8046 8042
f 8042 8046 8045
f 8017 8047 8046
f 8014 8024 8047
f 8005 8025 8009
f 8005 8004 8030
f 7506 7641 7943
f 7954 7947 7946
f 7967 7966 7957
f 7960 7965 7967
f 7948 7947 7962
f 7955 7946 7957
f 7641 7544 7979
f 7969 7979 7961
f 7960 7540 7506
f 7362 8049 8050
f 8052 7618 7464
f 8051 7464 7467
f 8054 8055 7600
f 8056 7361 7618
f 7436 8050 8057
f 8049 7362 7361
f 8057 8058 7603
f 8055 8053 7467
f 8058 8054 7604
f 8059 8060 8058
f 8060 8061 8054
f 8061 8062 8055
f 8062 8063 8053
f 8059 8057 8050
f 8064 8050 8049
f 8056 8066 8065
f 8059 8064 8067
f 8069 8070 8071
f 8073 8069 8072
f 8075 8069 8073
f 8077 8078 8075
f 8075 8079 8070
f 8079 8080 8081
f 8082 8071 8070
f 8083 8076 8073
f 8061 8060 8083
f 8061 8074 8084
f 8074 8072 8085
f 8072 8071 8086
f 8077 8076 8083
f 8083 8060 8059
f 8071 8082 8087
f 8088 8089 8085
f 8090 8088 8086
f 8091 8092 8089
f 8094 8089 8092
f 8088 8090 8095
f 8084 8085 8089
f 8094 8063 8062
f 8097 8087 8082
f 8096 8082 8081
f 8077 8068 8098
f 8099 8100 8078
f 8101 8098 8068
f 8102 8099 8098
f 8100 8099 8104
f 8096 8080 8103
f 8075 8078 8100
f 8079 8100 8103
f 8105 8051 8053
f 8066 8056 8052
f 8051 8105 8106
f 8107 8106 8105
f 8108 8107 8093
f 8107 8109 8066
f 8063 8094 8093
f 8109 8110 8065
f 8064 8065 8110
f 8067 8110 8111
f 8112 8111 8110
f 8113 8114 8111
f 8108 8112 8109
f 8112 8108 8115
f 8114 8102 8101
f 8102 8114 8116
f 8118 8119 8120
f 8114 8113 8118
f 8117 8116 8120
f 8097 8096 8104
f 8099 8102 8117
f 8091 8115 8108
f 8095 8119 8115
f 8115 8119 8118
f 8095 8090 8120
f 8087 8097 8120
f 7550 7563 7561
f 7552 7551 7561
f 7931 7862 7539
f 7640 7409 7408
f 7549 7526 7644
f 7525 7413 7544
f 7931 7542 7482
f 7483 7482 7542
f 7626 7402 7405
f 7629 7433 7432
f 7629 8121 7949
f 8122 7958 7949
f 8123 8122 8121
f 8124 8123 7432
f 7434 7495 8125
f 8125 7430 8124
f 8124 7430 7429
f 8123 8124 8126
f 8122 8123 8127
f 7541 7540 7959
f 7404 7403 8129
f 8125 7495 7431
f 7526 7525 7505
f 7626 7483 7541
f 7959 7958 8122
f 7961 7545 8048
f 7629 7948 8048
f 8127 7402 7626
f 7402 8127 8126
f 8129 7403 8126
f 7428 7531 8129
f 7589 7531 7428
f 7334 7392 7426
f 7335 7334 7357
f 7616 7615 7446
f 7392 7397 7398
f 7393 7394 7397
f 7342 7469 7394
f 7344 7347 7469
f 7343 7618 7361
f 7360 7345 7344
f 7363 7575 7345
f 7437 7576 7575
f 7582 7576 7437
f 7421 7582 7639
f 7375 7421 7602
f 7599 7337 7375
f 7465 7464 7618
f 7332 7447 7587
f 7447 7332 7335
f 7445 7335 7356
f 7359 7442 7616
f 7636 7443 7442
f 7588 7605 7443
f 7589 7606 7605
f 7590 7471 7606
f 7471 7590 7591
f 7446 7615 7371
f 7371 7370 7372
f 7422 7372 7370
f 7577 7422 7424
f 7536 7577 7580
f 7591 7607 7635
f 7607 7608 7386
f 7543 7608 7494
f 7547 7387 7543
f 7608 7543 7387
f 7387 7547 7416
f 7457 7410 7382
f 7557 7457 7417
f 7559 7557 7554
f 7630 7559 7553
f 7534 7533 7586
f 7466 7338 7337
f 7465 7587 7338
f 7617 7340 7587
f 7341 7340 7617
f 8130 6091 6090
f 6023 6022 8132
f 6182 6023 8133
f 6623 6622 6792
f 6787 6696 6182
f 8134 6700 6696
f 6917 6757 6756
f 6762 6761 7112
f 6762 6765 6184
f 6765 6623 6185
f 6650 6769 6768
f 6772 6771 6916
f 6777 6776 6789
f 6022 6777 6788
f 6756 6700 8134
f 6758 6757 6771
f 6761 6776 6775
f 6769 6622 6621
f 6772 6768 6767
f 6174 6173 6760
f 6187 6186 6178
f 6811 6649 6648
f 6786 6785 6724
f 6791 6790 6918
f 6186 6793 6179
f 6808 6807 8133
f 6884 6883 8135
f 6174 6187 6670
f 6807 6785 6784
f 6791 6808 8132
f 6786 6884 8134
f 6790 6173 6172
f 6649 6793 6792
f 6316 6315 8136
f 8137 6655 6654
f 8139 8140 6601
f 6656 6655 6580
f 6868 8141 8142
f 6316 6712 6711
f 6864 8143 8144
f 6864 6863 8145
f 6868 6867 6869
f 6656 6867 6866
f 8146 8147 8148
f 8139 8150 8151
f 8152 8153 6866
f 8154 8155 8138
f 6874 6873 8156
f 8158 6318 8159
f 8160 8152 6865
f 8161 6317 6313
f 6161 6600 8162
f 8164 8154 6654
f 8153 8164 6653
f 8165 8166 8167
f 8166 5989 8169
f 5989 5988 8170
f 5988 6017 8171
f 8172 8173 6043
f 8174 8175 6032
f 8174 6035 6098
f 8176 6098 6796
f 8177 6796 8178
f 7132 8178 6728
f 6589 6588 8180
f 8180 6588 6004
f 8181 6004 6007
f 6334 6079 6731
f 6079 6078 6645
f 6078 6085 6646
f 6085 8183 8184
f 6091 8130 8185
f 6086 6730 8183
f 6950 6949 7118
f 6952 6951 6992
f 6983 6982 6968
f 6987 6986 7004
f 7001 7000 6979
f 7001 7262 7074
f 7262 7264 7075
f 7264 6952 7127
f 7265 6951 6943
f 7265 7266 6991
f 7266 6950 7070
f 6949 7267 7119
f 7267 6982 6939
f 6983 6987 7099
f 7268 6986 6985
f 7000 7268 8186
f 6938 6937 6985
f 6946 6945 6922
f 6956 6955 6948
f 6971 6970 6928
f 6970 6955 6954
f 6973 6946 6921
f 6977 6976 7263
f 6981 6980 7061
f 6973 7067 7117
f 7097 6980 6979
f 7104 6971 6927
f 6977 6981 7060
f 6976 6945 6944
f 6956 7067 7066
f 6937 7097 8186
f 6938 7104 7101
f 6924 6923 7116
f 6926 6924 7297
f 6930 6929 6962
f 6934 6933 6953
f 6960 6959 6936
f 6963 6929 6928
f 6967 6966 6975
f 7063 7062 7327
f 6959 7065 7096
f 6926 6934 7066
f 7102 6930 7304
f 6967 7063 7331
f 6966 6923 6922
f 7062 7065 7064
f 6963 6933 6932
f 7102 6960 6935
f 7299 7298 7269
f 7301 7300 6932
f 7306 7305 7285
f 7308 7305 6962
f 7315 7306 7284
f 7317 7316 7312
f 7319 7316 6964
f 7322 7298 7297
f 7317 7322 7116
f 7308 7300 7303
f 7326 7325 6958
f 7329 7328 7291
f 7328 7325 7324
f 7301 7299 8187
f 7319 7329 7290
f 7326 7315 7309
f 7272 7271 7321
f 7272 7274 8187
f 7274 7277 7302
f 7281 7280 7307
f 7283 7282 7593
f 7289 7288 7324
f 7293 7292 7330
f 7293 7296 7318
f 7310 7283 7594
f 7314 7313 7595
f 7282 7280 7279
f 7278 7281 7277
f 7314 7271 7270
f 7313 7296 7295
f 7288 7292 7291
f 7289 7310 7637
f 6003 6002 6626
f 6003 6138 7165
f 6690 8188 8189
f 6686 6685 5981
f 6685 6687 6096
f 6687 6688 6806
f 6002 6686 5980
f 6606 8188 5351
f 7164 7173 8190
f 8192 7175 7174
f 6015 6014 8153
f 6189 6188 8155
f 8157 8156 6284
f 6332 6015 8152
f 6593 6592 6317
f 6658 6189 8154
f 6014 6658 8164
f 6332 8194 7131
f 6805 8159 6321
f 6146 8163 8162
f 6607 7128 8195
f 8196 6126 6125
f 8198 7169 7168
f 8199 7168 6633
f 7177 6632 8201
f 8202 8203 8204
f 7208 7186 7185
f 7237 7230 7186
f 6819 6824 7230
f 6818 6821 6824
f 8206 6883 6821
f 8207 6917 8135
f 6917 8207 8209
f 8209 8210 7259
f 8210 8211 6647
f 6812 6648 8212
f 6809 6812 7258
f 6809 7257 8213
f 6113 8213 8214
f 7235 7223 6110
f 7223 7235 7234
f 6147 7234 8215
f 6148 8215 8216
f 8218 6155 6158
f 8219 6285 6116
f 6284 6188 6116
f 6188 6284 8156
f 8155 8156 6873
f 8138 6873 6872
f 8137 6872 8148
f 6193 8147 6281
f 6190 6281 6278
f 8220 8221 8222
f 8224 8225 7139
f 6223 6222 8226
f 6237 6236 8228
f 6238 6223 8227
f 6249 6248 8231
f 6253 6252 8233
f 6236 6279 8221
f 6331 6238 8230
f 6252 6595 8236
f 6222 6237 8229
f 6828 6827 8237
f 6280 8239 8240
f 8208 8135 6883
f 6648 6647 8211
f 6143 6624 8242
f 6624 7189 8244
f 8245 8246 8247
f 8249 8250 8251
f 7195 8253 8254
f 7214 8255 8253
f 8256 8255 7214
f 7243 7211 8257
f 7210 8258 8257
f 8259 7181 6102
f 8261 6122 6121
f 8178 7132 8263
f 7132 6797 8264
f 6797 6135 8265
f 6135 6134 8266
f 6134 6151 8267
f 6151 6154 8268
f 6154 8269 8270
f 8269 8271 8272
f 7194 7193 8273
f 7193 8250 8275
f 8249 8259 8260
f 8248 8277 8278
f 6129 6128 8279
f 7169 8198 8197
f 8198 8190 8192
f 7171 6141 7175
f 6589 6801 7129
f 6801 6037 6040
f 6037 6036 6041
f 6036 6131 6659
f 6131 6156 6118
f 6156 6155 6119
f 8218 8219 6119
f 8219 8218 6815
f 7191 7189 6641
f 8246 8244 7189
f 8245 8278 8281
f 8280 8279 6288
f 6125 6124 7170
f 6288 6127 6602
f 6126 8196 6604
f 8196 8193 6605
f 7174 6140 6691
f 6691 6140 6139
f 7171 7166 8283
f 7172 8283 8284
f 6139 6142 8284
f 8285 8286 8287
f 8211 8210 8289
f 8290 8291 8292
f 8293 8294 8291
f 8293 8207 8208
f 8296 8297 8298
f 6818 6817 8296
f 8285 7256 7258
f 7243 8299 7212
f 7243 6739 8300
f 8301 8300 6739
f 8302 8256 7213
f 8303 8302 7247
f 8304 8303 6168
f 6738 8298 8297
f 8288 8287 6167
f 8304 8292 8291
f 8305 8291 8294
f 6737 6736 8306
f 6736 7244 8307
f 8243 8242 8308
f 8242 8244 8282
f 8247 8246 7191
f 7196 8254 8251
f 8253 8310 8311
f 8255 8312 8310
f 8313 8312 8255
f 7244 8257 8313
f 8313 8257 8258
f 8312 8258 8314
f 8315 8311 8310
f 8311 8315 8316
f 8282 8281 8317
f 8308 8317 8261
f 8309 8261 8262
f 8248 8247 8275
f 8282 8244 8246
f 8307 8313 8256
f 8306 8307 8302
f 8305 8306 8303
f 8298 6738 6737
f 8287 8292 8304
f 7253 8319 7199
f 8319 8320 6028
f 8320 8321 6029
f 8321 8322 7184
f 8322 8203 7185
f 8203 8202 7205
f 8202 7240 7206
f 7239 7245 7210
f 7251 7227 8319
f 7227 7217 8320
f 7217 7216 8321
f 7216 7236 8322
f 7236 8204 8203
f 6175 8199 8200
f 7165 7164 8191
f 6137 8283 7166
f 6200 6199 8283
f 6199 6206 8284
f 8284 6206 6205
f 6205 6608 6689
f 6689 6608 5485
f 7009 7008 8323
f 7013 7012 7021
f 7017 7016 7029
f 7013 7059 7110
f 7073 7072 7084
f 7081 7080 7093
f 7082 7017 7028
f 7088 7072 6995
f 7088 7115 7057
f 7122 7121 7043
f 7124 7123 7024
f 7082 7025 7024
f 7009 7122 7042
f 7012 7124 7126
f 7115 7016 7015
f 7008 7059 7058
f 7081 7121 7120
f 7073 7080 7079
f 6997 6996 7076
f 7023 7022 6942
f 7027 7026 7069
f 7031 7030 6989
f 7079 7078 7033
f 7037 7036 7107
f 7027 7040 7126
f 7041 7030 7029
f 7026 7031 6988
f 7100 7023 6941
f 7108 7036 7002
f 7100 7037 8323
f 6997 7041 7114
f 7022 7040 7039
f 7111 7034 7033
f 7035 7261 7260
f 7261 7076 6996
f 7108 7255 7120
f 7245 8314 8258
f 7246 8315 8314
f 7181 8259 8316
f 8277 6101 6129
f 8278 6129 8280
f 6287 8317 8281
f 6122 8261 8317
f 5487 6145 6144
f 5489 6159 6162
f 6637 8324 8325
f 8326 8325 8225
f 5494 7139 8225
f 6160 6159 8150
f 5496 8324 8151
f 8163 8327 6162
f 6146 6145 8327
f 8243 8328 6144
f 8328 8243 8309
f 8318 8262 5501
f 8262 6121 5502
f 8329 8330 8331
f 8333 8334 8335
f 8338 8182 6007
f 8329 8334 8339
f 8341 6334 6734
f 6006 8342 8337
f 8342 6006 6804
f 6065 6064 8339
f 5995 5994 8341
f 6918 6172 6166
f 7221 6163 6166
f 6172 6171 6880
f 8344 5952 5955
f 5519 5976 5975
f 6806 8345 8346
f 6646 8184 8347
f 8165 8348 8349
f 6322 8350 8131
f 8345 6806 6688
f 6695 8346 5975
f 5976 5519 5528
f 5529 8130 8131
f 6643 8347 8352
f 8183 5533 5532
f 5534 8185 8130
f 6730 5535 5533
f 8351 6688 6093
f 5535 6730 6594
f 8353 8354 6652
f 8354 8353 8355
f 8357 8358 6825
f 8359 8357 6202
f 6224 8354 8356
f 6275 8361 8362
f 6201 6210 7143
f 7146 8363 8359
f 8357 8359 8363
f 8355 8365 8366
f 8361 8360 8368
f 8356 8355 8367
f 8370 8371 8372
f 8220 8373 7145
f 6275 6274 6228
f 5558 4067 6228
f 8375 8369 8367
f 8362 8368 8376
f 8378 8379 8380
f 8363 7146 8382
f 8384 8378 8381
f 8382 8373 8386
f 8383 8387 8364
f 6226 6225 6231
f 6231 6225 8361
f 6636 8388 8389
f 6635 8390 8388
f 8390 6635 5576
f 8379 8378 6232
f 8378 8384 6233
f 8384 8391 8371
f 8372 8392 8393
f 7138 8240 8239
f 8224 8239 8394
f 8146 6638 8394
f 6638 6637 8326
f 6340 6339 6299
f 6747 6338 6577
f 6344 6343 6346
f 6342 6341 6355
f 6353 6352 6349
f 6337 6351 6369
f 6360 6359 6328
f 6358 6357 6386
f 6364 6363 6293
f 6362 6361 6376
f 6366 6353 6297
f 6350 6365 6372
f 6533 6342 6303
f 6534 6536 6346
f 6744 6746 6533
f 6536 6534 6747
f 6357 6835 6894
f 6341 6834 6832
f 6839 6838 6292
f 6837 6836 6380
f 6838 6841 6354
f 6361 6840 6377
f 6363 6366 6296
f 6365 6362 6373
f 6359 6839 6291
f 6836 6358 6385
f 6481 6480 6902
f 6484 6483 6501
f 6477 6488 6487
f 6849 6467 6492
f 6494 6492 6467
f 6547 6481 6544
f 6750 6751 6546
f 6494 6466 6751
f 6843 6484 6500
f 6845 6573 6575
f 6489 6488 6847
f 6474 6487 6491
f 6483 6905 6906
f 6493 6463 6465
f 6471 6470 6544
f 6472 6482 6485
f 6476 6475 6461
f 6470 6451 6542
f 6570 6567 6569
f 6495 6567 6463
f 6475 6465 6462
f 6572 6848 6477
f 6574 6571 6457
f 6569 6568 6543
f 6575 6574 6473
f 6471 6904 6901
f 6469 6468 6508
f 6498 6497 6479
f 6503 6502 6518
f 6489 6506 6505
f 6467 6849 6509
f 6546 6548 6498
f 6549 6548 6752
f 6752 6751 6466
f 6503 6850 6846
f 6850 6851 6844
f 6507 6506 6852
f 6486 6505 6509
f 6502 6907 6909
f 6858 6893 6664
f 8396 8397 6611
f 6833 8398 6324
f 8399 6826 6825
f 6831 6830 8401
f 6707 6833 6826
f 8398 8403 6890
f 6858 6857 8404
f 8405 8396 6610
f 6830 6893 6553
f 8397 6892 6911
f 8400 6825 8358
f 8358 8357 8364
f 8406 8364 8387
f 8389 8408 8380
f 8389 8388 8409
f 8388 8390 8410
f 5575 5597 8410
f 6665 6273 8411
f 8412 8413 6720
f 8413 5602 5601
f 8411 8414 8413
f 6262 6742 6290
f 5602 8413 8414
f 7141 7140 7142
f 8393 8222 8241
f 8227 8226 7147
f 8229 8228 8374
f 8230 8227 7151
f 8232 8231 8415
f 8234 8233 8417
f 8221 8220 8374
f 8235 8230 7153
f 8233 8236 8420
f 8226 8229 7148
f 8238 8237 8421
f 7141 8393 8240
f 6581 6580 6655
f 6640 6639 8140
f 6710 6709 8141
f 6717 6716 6712
f 6860 6859 8143
f 6870 6869 6867
f 6717 8136 6726
f 6870 6580 6192
f 6860 8145 6050
f 6710 6869 6025
f 6639 8149 6871
f 6640 8151 8324
f 6581 8148 8147
f 5615 5614 6234
f 7144 7148 8374
f 7144 7143 6210
f 7150 7149 6210
f 7152 7150 6209
f 7152 7154 8419
f 7154 7155 8421
f 7158 7157 8415
f 7160 7159 8420
f 7162 7161 8418
f 7161 4321 5616
f 8370 6234 6233
f 8373 8382 7146
f 8392 8391 8386
f 8391 8392 8372
f 5617 8344 6713
f 5973 5618 3355
f 8345 5620 5619
f 3880 6735 6910
f 8351 5622 5620
f 8346 5619 5520
f 5621 6910 6911
f 5622 8351 8185
f 8150 5624 5497
f 8423 8424 8425
f 8427 6516 6519
f 8429 8430 8431
f 6523 8432 8433
f 8434 8435 8436
f 8438 8435 8434
f 8438 8440 6511
f 8441 8442 8424
f 8427 8443 8430
f 8444 8428 8445
f 8447 8425 8424
f 8449 8443 8444
f 8451 8431 8430
f 8453 8437 8454
f 8456 8434 8437
f 8439 8434 8456
f 8448 8424 8442
f 8452 8430 8443
f 8425 8447 8459
f 8460 8461 8462
f 8464 8465 8466
f 8468 8469 8470
f 8472 8473 8474
f 8476 8477 8478
f 8480 8481 8482
f 8484 8485 8486
f 8485 8488 8489
f 8490 8491 8481
f 8492 8493 8494
f 8495 8494 8496
f 8498 8499 8500
f 8502 8501 8500
f 8504 8505 8506
f 8508 8509 8510
f 8513 8508 8511
f 8507 8506 8514
f 8516 8517 8518
f 8520 8517 8516
f 8522 8523 8524
f 8526 8527 8522
f 8528 8529 8530
f 8532 8530 8529
f 8534 8535 8536
f 8538 8539 8534
f 8464 8482 8481
f 8483 8540 8541
f 8542 8485 8484
f 8487 8543 8540
f 8488 8485 8542
f 8545 8546 8486
f 8481 8491 8466
f 8547 8545 8489
f 8548 8494 8493
f 8549 8550 8502
f 8551 8496 8494
f 8497 8541 8552
f 8469 8500 8499
f 8547 8541 8497
f 8469 8468 8503
f 8501 8502 8550
f 8460 8504 8507
f 8552 8553 8506
f 8554 8511 8510
f 8549 8552 8505
f 8554 8555 8512
f 8513 8556 8550
f 8461 8507 8515
f 8557 8556 8513
f 8558 8516 8519
f 8559 8560 8527
f 8521 8516 8558
f 8553 8562 8517
f 8477 8525 8524
f 8520 8523 8557
f 8476 8526 8525
f 8527 8560 8556
f 8563 8529 8528
f 8564 8539 8531
f 8533 8529 8563
f 8562 8567 8530
f 8473 8537 8536
f 8559 8562 8532
f 8472 8538 8537
f 8560 8534 8539
f 8463 8462 8555
f 8544 8542 8467
f 8470 8551 8548
f 8475 8474 8566
f 8479 8478 8561
f 8484 8487 8483
f 8490 8489 8488
f 8503 8493 8492
f 8498 8497 8496
f 8504 8510 8509
f 8515 8514 8513
f 8519 8518 8527
f 8521 8524 8523
f 8528 8531 8539
f 8533 8536 8535
f 8467 8484 8482
f 8487 8486 8546
f 8544 8466 8491
f 8480 8541 8547
f 8493 8503 8468
f 8495 8552 8549
f 8551 8470 8499
f 8501 8545 8547
f 8460 8463 8510
f 8508 8550 8549
f 8555 8462 8515
f 8506 8553 8557
f 8519 8526 8476
f 8517 8562 8559
f 8561 8478 8524
f 8522 8556 8557
f 8475 8528 8538
f 8567 8565 8531
f 8566 8474 8536
f 8560 8559 8535
f 8442 8441 8568
f 6512 8570 8568
f 8570 8440 8571
f 8426 6515 6514
f 8428 8444 8443
f 6522 8429 8432
f 8437 8436 8433
f 6524 8436 8435
f 6528 6527 8435
f 8423 6514 6550
f 8429 6522 6516
f 6515 8426 8445
f 8441 6550 6754
f 8570 8572 8569
f 8440 8570 6512
f 8569 8573 8458
f 8574 8575 8572
f 8572 8575 8573
f 8453 8576 8577
f 8576 8453 8455
f 8452 8579 8580
f 8573 8581 8582
f 8575 8583 8581
f 8584 8583 8575
f 8571 8439 8457
f 8439 8571 8440
f 8585 8586 8587
f 8587 8589 8590
f 8589 8591 8592
f 8591 8593 8594
f 8593 8595 8596
f 8595 8597 8598
f 8599 8600 8586
f 8601 8602 8600
f 8603 8604 8602
f 8605 8606 8598
f 8607 8608 8604
f 8609 8610 8608
f 8611 8612 8610
f 8606 8605 8612
f 8613 8614 8589
f 8614 8615 8591
f 8615 8616 8593
f 8616 8617 8595
f 8617 8618 8597
f 8619 8620 8617
f 8620 8621 8618
f 8620 8622 8623
f 8624 8625 8626
f 8626 8623 8622
f 8620 8619 8628
f 8622 8628 8629
f 8627 8629 8630
f 8632 8633 8634
f 8636 8634 8633
f 8637 8638 8636
f 8639 8633 8632
f 8633 8639 8641
f 8635 8641 8642
f 8642 8643 8644
f 8645 8638 8637
f 8586 8646 8613
f 8600 8647 8646
f 8616 8615 8648
f 8615 8614 8649
f 8613 8650 8649
f 8651 8650 8613
f 8647 8652 8651
f 8652 8653 8654
f 8602 8655 8647
f 8655 8656 8652
f 8656 8657 8653
f 8653 8658 8659
f 8658 8660 8661
f 8644 8662 8663
f 8664 8661 8662
f 8661 8664 8666
f 8666 8667 8654
f 8667 8650 8651
f 8668 8605 8597
f 8669 8668 8618
f 8670 8669 8621
f 8671 8670 8623
f 8671 8626 8625
f 8625 8631 8673
f 8636 8674 8675
f 8638 8676 8674
f 8645 8677 8676
f 8645 8663 8678
f 8679 8680 8660
f 8657 8679 8658
f 8583 8584 8648
f 8650 8581 8583
f 8667 8582 8581
f 8666 8681 8582
f 8664 8682 8681
f 8682 8664 8665
f 8684 8685 8643
f 8684 8642 8641
f 8639 8580 8579
f 8580 8639 8640
f 8629 8577 8576
f 8604 8686 8655
f 8608 8687 8686
f 8610 8688 8687
f 8612 8689 8688
f 8605 8668 8689
f 8690 8689 8668
f 8691 8688 8689
f 8692 8687 8688
f 8693 8686 8687
f 8656 8655 8686
f 8694 8690 8669
f 8695 8691 8690
f 8696 8692 8691
f 8697 8693 8692
f 8657 8656 8693
f 8697 8698 8679
f 8696 8699 8698
f 8696 8695 8700
f 8694 8701 8700
f 8670 8671 8701
f 8702 8701 8671
f 8701 8702 8703
f 8703 8704 8699
f 8699 8704 8705
f 8698 8705 8680
f 8672 8673 8706
f 8675 8674 8707
f 8674 8676 8709
f 8709 8676 8677
f 8677 8678 8711
f 8712 8713 8710
f 8702 8706 8714
f 8713 8712 8714
f 8707 8709 8716
f 8717 8716 8713
f 8710 8713 8716
f 8708 8707 8717
f 8546 8601 8599
f 8546 8545 8603
f 8550 8607 8603
f 8556 8609 8607
f 8560 8611 8609
f 8564 8606 8611
f 8565 8598 8606
f 8565 8567 8596
f 8567 8562 8594
f 8562 8553 8592
f 8553 8552 8590
f 8590 8552 8541
f 8540 8585 8588
f 8543 8599 8585
f 8684 8449 8450
f 8579 8452 8449
f 8682 8447 8448
f 8447 8682 8683
f 8681 8448 8458
f 8584 8718 8619
f 8628 8718 8577
f 8457 8456 8577
f 8574 8457 8718
f 7134 6920 6919
f 6164 6163 6919
f 5485 6608 6609
f 3832 5351 8188
f 5921 6609 6221
f 5922 4281 7128
f 6439 8719 8720
f 8720 8719 6570
f 6570 8719 8721
f 6439 6447 8721
f 6727 6058 6057
f 6312 6057 6073
f 6828 6248 6073
f 6877 6268 6267
f 6745 6267 6299
f 6891 6306 6305
f 6338 6747 6746
f 6438 6411 6410
f 6412 6411 6440
f 6564 6421 6424
f 6842 6578 6577
f 6889 6305 6829
f 6579 6578 6564
f 6435 6410 6565
f 8722 6857 6306
f 8723 6859 6058
f 6269 6268 6878
f 7160 7157 6829
f 8724 8144 8143
f 8238 8231 6248
f 6339 6746 6744
f 8395 6577 6338
f 6879 6878 8404
f 8422 8415 8231
f 8725 8143 6859
f 8416 8415 7157
f 6059 6050 6049
f 6330 6099 6049
f 7156 6260 6259
f 6269 6265 6264
f 6297 6349 6264
f 6340 6352 6351
f 6368 6842 8395
f 6422 6414 6559
f 6436 6403 6404
f 6447 6439 6438
f 6424 6423 6436
f 6331 6827 6099
f 6422 6421 6842
f 8722 8403 6856
f 8141 6863 6862
f 6265 6855 6617
f 6324 6890 6259
f 7158 7155 6260
f 6709 8145 6863
f 8235 8237 6827
f 6298 6349 6352
f 6370 6369 6351
f 6891 6890 8403
f 8419 8421 8237
f 6051 6050 8145
f 8422 8421 7155
f 8721 6447 6446
f 6748 6440 8720
f 8727 6008 6011
f 8158 6009 8144
f 6009 6008 6861
f 6008 8727 6862
f 8142 6862 8727
f 6554 6553 6893
f 6833 6707 6708
f 6708 6856 8403
f 5623 6911 6892
f 8406 8366 8365
f 8407 8375 8366
f 8377 8376 8408
f 8397 8396 6530
f 6651 8399 8400
f 8402 8401 6616
f 6618 6707 8399
f 6554 8404 6878
f 8396 8405 6854
f 8401 6553 6552
f 6892 8397 6529
f 8353 8400 8365
f 8377 8409 6276
f 8409 8410 6277
f 8410 5597 5932
f 8726 8404 6857
f 8726 6856 6855
f 7234 6107 6106
f 8279 6124 6127
f 8354 6224 6227
f 6246 6245 6619
f 8239 6280 6282
f 8162 6283 6286
f 6292 6354 6246
f 6382 6378 6377
f 6392 6397 6396
f 6396 6395 6427
f 6398 6397 6443
f 6459 6443 6458
f 6525 6520 6523
f 6558 6272 6271
f 6429 6428 6560
f 6460 6458 6572
f 6272 6558 3736
f 7128 6603 6602
f 6227 6245 6244
f 7180 6631 6634
f 6642 6286 6285
f 6356 6741 6740
f 6816 6815 8218
f 6820 8300 8301
f 6355 6832 6741
f 6344 6835 6834
f 6364 6841 6840
f 6375 6378 6560
f 6848 6847 6488
f 6853 6852 6506
f 6530 6854 6740
f 8140 6871 6874
f 6555 6271 6831
f 8215 6106 6881
f 6348 6895 6894
f 6383 6895 6896
f 6433 6897 6896
f 6432 6897 6898
f 6406 6899 6898
f 6900 6455 6387
f 6900 6449 6448
f 6472 6904 6903
f 6480 6905 6903
f 6497 6907 6906
f 6908 6519 6518
f 4280 5933 6120
f 6100 7167 7170
f 6632 6631 7188
f 7235 8214 7201
f 7206 7209 7212
f 8213 7257 7232
f 8214 8213 7231
f 6108 6107 7200
f 7238 8299 8300
f 7207 7212 8299
f 8205 7241 7240
f 6170 6169 7232
f 6638 8146 8149
f 6601 6874 8157
f 6600 8157 6283
f 8392 8223 8222
f 6278 6280 8241
f 6816 8272 8274
f 6642 6815 6814
f 6128 7170 6124
f 8195 6602 6127
f 8212 8211 8286
f 8292 8287 8286
f 8290 8289 8210
f 8207 8293 8290
f 8294 8293 8295
f 8206 8296 8295
f 6817 8301 8297
f 8288 6170 7256
f 7209 7206 7240
f 6225 6224 8360
f 8369 8368 8360
f 8375 8376 8368
f 8381 8380 8387
f 8385 8381 8383
f 8385 8386 8391
f 8147 8146 6282
f 6345 6894 6835
f 6327 6832 6834
f 6295 6354 6841
f 6379 6377 6840
f 6853 6847 6845
f 6479 6906 6905
f 6848 6572 6571
f 6452 6901 6904
f 6525 6852 6851
f 6496 6909 6907
f 8402 8405 6876
f 8408 8407 8387
f 6279 8241 8222
f 6872 6871 8149
f 8223 8386 8373
f 6526 8433 8436
f 8446 8445 8426
f 8455 8454 8431
f 8446 8459 8450
f 8454 8433 8432
f 6908 8445 8428
f 8578 8455 8451
f 8632 8631 8625
f 8640 8632 8624
f 8660 8663 8662
f 8662 8644 8643
f 8675 8673 8631
f 8680 8678 8663
f 8683 8665 8643
f 8578 8640 8630
f 8673 8675 8708
f 8678 8680 8705
f 8711 8705 8704
f 8706 8708 8715
f 8703 8714 8712
f 8459 8683 8685
f 8407 8408 8376
f 6615 6854 8405
f 5993 6080 6335
f 6060 6682 6018
f 5993 6047 6081
f 6105 6104 6176
f 6177 6104 6000
f 6309 6311 6310
f 8725 6315 6314
f 8724 6314 6318
f 6321 6320 6053
f 6249 6595 6310
f 6596 6254 6257
f 8188 6606 6605
f 5986 6683 6682
f 6714 6726 6311
f 6047 6320 6086
f 6875 6596 6304
f 6001 6105 6912
f 7162 7159 6597
f 7254 7163 6912
f 6684 6683 7163
f 8723 8136 6315
f 6592 8159 6318
f 8332 8331 8171
f 6607 6606 5350
f 8191 8190 8198
f 8197 8192 8193
f 8159 6592 6319
f 8232 8236 6595
f 8192 8190 7173
f 8189 6605 8193
f 6177 8191 8199
f 6733 8331 8330
f 8340 8341 8330
f 8341 5994 6335
f 8412 6721 6875
f 8414 8411 6273
f 8416 8420 8236
f 6727 6726 8136
f 8417 8420 7159
f 6277 5932 5558
f 5935 5576 6635
f 5991 5990 6061
f 6019 6018 6682
f 5999 6034 6033
f 6045 6044 6677
f 6055 6054 6083
f 5995 6064 6063
f 6084 6054 6053
f 6088 5990 5989
f 6063 6084 6046
f 6066 6097 6034
f 6103 6102 7181
f 6673 6676 6133
f 6149 6148 6153
f 6323 6088 8166
f 6585 6584 6083
f 6630 6629 6702
f 6634 6633 7168
f 6676 6149 6152
f 6703 6629 6628
f 6796 6729 6728
f 6069 6729 6097
f 6132 6798 6674
f 6803 6799 6800
f 6011 6010 6055
f 6799 6803 6582
f 7194 8271 6881
f 7131 6584 6583
f 6798 7133 6913
f 7179 7178 8204
f 7183 7182 7246
f 7188 7183 7242
f 6109 7196 7192
f 7204 6630 6176
f 7219 7218 6628
f 7218 7228 7248
f 7179 7219 6627
f 7250 7254 6704
f 7228 7252 7249
f 6678 7250 7249
f 5997 7252 7251
f 8168 8167 6644
f 8167 8169 6732
f 8169 8170 6733
f 8170 8171 8331
f 8336 8335 8173
f 8182 8338 8175
f 8182 8174 8176
f 8181 8176 8177
f 8180 8177 8179
f 7133 6728 6590
f 7130 7131 8194
f 8200 6633 6632
f 7178 8201 8205
f 8269 6154 6153
f 8254 8311 8252
f 8260 6102 6101
f 8179 8263 6802
f 8263 8264 6038
f 8264 8265 6039
f 8265 8266 6130
f 8266 8267 6157
f 8267 8268 6158
f 8268 8270 8217
f 8270 8272 6816
f 6813 8274 8273
f 8273 8275 8247
f 8276 8260 8277
f 7192 8251 8250
f 8252 8316 8259
f 8276 8275 8250
f 7204 8200 7177
f 7182 8316 8315
f 8343 8339 8334
f 8333 8337 8342
f 8343 8342 6800
f 8340 8339 6064
f 6323 8349 8350
f 8168 8352 8348
f 8349 5937 5936
f 8352 5939 5938
f 6103 6634 7167
f 8271 8269 8216
f 8201 7188 7241
f 8274 8272 8271
f 5991 6018 6017
f 8728 8171 6017
f 5997 5996 6680
f 5996 6033 6045
f 6033 6032 6042
f 6042 6032 8175
f 8172 8175 8338
f 8336 8338 8337
f 6684 6678 6677
f 6681 6677 6044
f 6019 6044 6043
f 6016 6043 8173
f 8728 8173 8335
f 8332 8335 8334
f 8194 6332 8160
f 6805 6010 6009
f 5940 5941 7137
f 8324 5496 5942
f 8325 5942 5495
f 6253 5943 4292
f 7137 5941 5944
f 8348 5938 5937
f 8350 5936 5530
f 5624 8150 6159
f 6718 4293 5940
f 8327 5945 5490
f 8347 5946 5939
f 5933 5502 6121
f 8184 5532 5946
f 7142 4298 5615
f 6145 5487 5945
f 8234 5947 5943
f 8328 5948 5488
f 8318 5500 5948
f 7139 5494 4299
f 8418 5616 5947
f 5604 8414 6599
f 5949 3853 6712
f 5944 5949 6716
f 6720 5601 5950
f 6255 5950 4322
f 5614 5935 6235
f 6711 3852 5951
f 8161 5951 3857
f 5973 5964 2965
f 2965 5964 5963
f 222 5963 5960
f 223 5960 5958
f 5958 5957 3185
f 5957 5970 2977
f 5970 5967 1213
f 5967 5966 1214
f 2532 1214 5966
f 2894 2532 5953
f 2871 2894 5952
f 5510 5722 5721
f 5822 5825 5824
f 3511 3512 3844
f 3887 3892 3889
f 3876 3879 3878
f 3356 3357 3911
f 3372 3373 3390
f 3849 3854 3851
f 3481 3478 3867
f 3873 3874 3385
f 3875 3375 3450
f 3915 3794 3865
f 3657 3670 3671
f 5618 5973 3013
f 1997 1996 1889
f 1237 745 744
f 1535 1534 120
f 1531 1532 201
f 1119 1241 1032
f 946 948 824
f 163 8 5
f 9041 9178 9175
f 1155 1156 1162
f 427 213 327
f 553 1902 796
f 8732 2232 2231
f 8732 3178 2230
f 2237 3183 3180
f 8734 8735 8736
f 8735 8737 8738
f 8737 8739 8740
f 8739 8741 8742
f 8743 8744 8745
f 8746 8745 8747
f 8749 8750 8748
f 8751 8752 8750
f 8754 8755 8756
f 8757 8758 8755
f 8759 8760 8758
f 8761 8762 8760
f 8763 8764 8762
f 8766 8751 8749
f 8765 8749 8747
f 8767 8747 8745
f 8768 8745 8744
f 8744 8770 8771
f 8770 8741 8772
f 8741 8739 8773
f 8739 8737 8774
f 8737 8735 8775
f 8735 8734 8776
f 8776 8734 8777
f 2904 8778 8779
f 8780 8778 2904
f 8781 8780 2902
f 2875 8782 8781
f 8783 8784 2733
f 2825 8785 8786
f 8788 8789 8790
f 8792 8788 8787
f 2724 2723 8785
f 8787 8790 3115
f 8791 8787 3117
f 8794 8766 8765
f 8793 8765 8767
f 8795 8767 8768
f 8796 8768 8769
f 8797 8769 8771
f 8771 8772 8799
f 8772 8773 8800
f 8773 8774 8801
f 8774 8775 8802
f 8775 8776 8803
f 8776 3184 3056
f 8802 8803 2253
f 8801 8802 2252
f 8800 8801 1727
f 8799 8800 2150
f 8804 8798 8799
f 8805 8797 8798
f 8806 8796 8797
f 8807 8795 8796
f 8793 8795 8807
f 8794 8793 8808
f 8810 8811 8809
f 8808 8807 8806
f 8810 8806 8805
f 8813 8811 8810
f 8812 8805 8804
f 8815 8813 8812
f 8814 8804 1941
f 8755 8750 8752
f 8758 8748 8750
f 8760 8746 8748
f 8762 8743 8746
f 8816 8817 8764
f 8818 8819 8820
f 8816 8763 8782
f 8821 8818 8817
f 8789 8821 8783
f 8818 8821 8789
f 8819 8818 8788
f 8822 8820 8819
f 8823 8819 8792
f 8824 8792 8791
f 2712 8791 3119
f 8826 8822 8823
f 8825 8823 8824
f 8827 8824 2712
f 8828 8827 2711
f 8829 8825 8827
f 8830 8826 8825
f 8743 8762 8764
f 8817 8820 8831
f 8770 8744 8743
f 8741 8770 8831
f 8820 8822 8742
f 8740 8742 8822
f 8738 8740 8826
f 8736 8738 8830
f 8833 8828 2400
f 8834 8829 8828
f 8832 8830 8829
f 8835 8833 2402
f 3058 8835 2707
f 3061 8836 8835
f 8836 8834 8833
f 8733 8736 8832
f 8837 8832 8834
f 8777 8734 8733
f 8838 8733 8837
f 8837 8836 3061
f 1961 3057 8838
f 3057 3184 8777
f 8779 8754 8753
f 8778 8757 8754
f 8780 8759 8757
f 8781 8761 8759
f 8782 8763 8761
f 8821 8816 8784
f 8785 8790 8789
f 2723 3115 8790
f 2875 2733 8784
f 2736 2824 8786
f 2947 8779 8839
f 8815 8814 1360
f 1900 1925 1924
f 1736 1717 1718
f 1955 1952 1943
f 1671 1738 1735
f 1696 1750 1698
f 1800 1865 1864
f 2063 2055 2056
f 1737 1734 1717
f 1751 1735 1697
f 943 9337 9351
f 9108 8839 8753
f 1577 1578 1764
f 9369 1598 1599
f 1945 146 82
f 68 6 7
f 147 1542 1543
f 1109 1135 1133
f 1503 1910 1907
f 1499 1501 1909
f 452 1922 735
f 1824 2068 9287
f 1825 2067 2068
f 1463 1462 1022
f 841 1012 1009
f 1568 1547 1955
f 1910 1503 1502
f 1939 1502 422
f 309 280 1940
f 1804 1851 1866
f 269 1482 1954
f 2065 1607 2060
f 9264 1685 1758
f 280 276 552
f 1875 1873 1869
f 1739 1721 1734
f 5923 5897 5899
f 1778 1779 1790
f 310 1920 1915
f 1909 1908 1906
f 1789 1783 1778
f 978 981 980
f 1584 1759 1731
f 425 426 311
f 148 1543 115
f 2044 9349 9346
f 277 1910 1939
f 1943 1946 1945
f 1461 1462 1463
f 2253 8803 3056
f 2981 2254 8927
f 2209 2998 8927
f 2254 2253 3055
f 2998 926 958
f 2826 2817 2721
f 8928 2739 2721
f 2816 8929 8928
f 2334 2297 2296
f 2298 2297 2334
f 2301 2298 2336
f 2311 2301 2338
f 2312 2311 2354
f 2359 2358 2361
f 2335 2296 2359
f 2414 2413 2365
f 2413 2270 2361
f 2355 2352 2540
f 2541 2540 2539
f 2722 2721 2739
f 3114 2722 2738
f 3110 3112 3121
f 3108 3110 3120
f 3122 1754 3127
f 3112 3122 3126
f 3127 1754 1753
f 3139 3133 2529
f 9196 9227 3133
f 8928 2789 2740
f 8929 2790 2789
f 228 229 91
f 245 244 243
f 248 7 247
f 2 297 296
f 145 146 300
f 327 213 210
f 329 332 331
f 239 241 240
f 373 376 375
f 178 177 176
f 1218 1225 1228
f 9314 1231 1295
f 808 809 824
f 9310 9311 1013
f 9265 9262 1411
f 2154 2149 2159
f 9297 9287 1758
f 306 807 1922
f 2157 2153 1976
f 708 709 2031
f 1450 1226 1227
f 1672 1604 1605
f 1813 1814 1821
f 1717 1716 1715
f 176 159 402
f 1710 1705 9368
f 1712 1580 1577
f 1705 1713 1711
f 3435 3476 3475
f 971 978 979
f 822 823 1094
f 2909 2810 2793
f 2810 2769 2795
f 2799 2910 2249
f 9114 9095 2910
f 2769 2768 2801
f 3177 3176 3178
f 3178 8732 3180
f 3181 1394 1393
f 3181 1633 1632
f 3182 1632 2244
f 3183 2244 2243
f 8932 2791 2790
f 2808 8932 8929
f 2239 9018 9016
f 1149 1150 9015
f 1150 2009 9011
f 2202 9013 9010
f 2921 9008 9009
f 9012 9004 2133
f 1777 1579 1759
f 1201 1196 1183
f 9005 8998 2195
f 8997 9020 2770
f 9379 9377 1687
f 1516 152 154
f 8993 9006 2974
f 8994 8992 2779
f 2771 2772 9019
f 3070 2771 8990
f 8991 8988 2775
f 1376 1375 1370
f 2767 8987 9000
f 2195 8998 8987
f 2775 8988 8986
f 8344 5617 8989
f 9256 9254 8983
f 2776 8986 8982
f 2240 9016 8979
f 2920 8979 9121
f 8992 8978 2786
f 1805 1850 1851
f 8978 8976 2787
f 2951 2773 8984
f 2772 2951 8975
f 2973 2224 8974
f 2224 2223 8981
f 1957 1953 320
f 306 305 304
f 2770 9020 8972
f 2913 8972 9018
f 2923 9009 8971
f 308 1940 431
f 207 208 132
f 1879 1876 1881
f 9185 9239 8969
f 2475 3070 9002
f 2476 2475 8968
f 2223 2476 8967
f 8966 8993 2803
f 2037 9007 11
f 1959 1958 450
f 2003 8999 8964
f 9 10 334
f 2009 2008 8962
f 2008 2973 8980
f 9329 672 673
f 8959 8994 2778
f 2935 8958 8957
f 111 1149 9014
f 3238 3342 3341
f 8954 8958 2935
f 683 9328 9337
f 8952 9001 2810
f 736 733 732
f 1795 1804 1803
f 8949 8954 2938
f 8951 8949 2939
f 2950 8956 8948
f 2940 2949 8948
f 9253 9243 8956
f 2868 8953 8946
f 2869 8946 8966
f 1024 1034 1023
f 8944 8947 2948
f 551 1939 442
f 2972 8943 9012
f 2032 8977 8943
f 216 93 1924
f 3532 3534 3482
f 203 202 201
f 3539 3542 3541
f 1828 1848 1847
f 1958 1957 449
f 272 271 178
f 2871 8989 8939
f 9071 9121 9008
f 2801 2768 9095
f 2005 9210 9106
f 960 886 899
f 9109 9107 9064
f 9232 9240 9098
f 3151 9098 9045
f 2193 9056 9075
f 9059 9055 3145
f 9055 9101 2761
f 9044 9059 3144
f 2926 9110 9086
f 9086 9044 3104
f 9207 9206 9198
f 566 567 9210
f 8839 9108 1864
f 1602 1586 2079
f 2868 9110 9063
f 2922 9063 9062
f 2923 9062 9070
f 9122 9065 2918
f 9071 9122 9066
f 2921 9070 9122
f 2920 9066 9038
f 9065 9094 2915
f 2917 2766 9074
f 2916 2917 9093
f 2239 9039 9104
f 2911 9092 9104
f 9095 9092 2911
f 2797 2801 9114
f 2797 9043 9050
f 9074 9080 2763
f 9060 9080 2764
f 2194 9075 9100
f 2221 9100 9101
f 2756 9060 9061
f 2750 9050 9061
f 9121 8979 1817
f 9215 9222 1691
f 2515 9073 9042
f 2548 9042 9045
f 2513 2489 9084
f 2513 9068 9073
f 2509 9085 9072
f 2510 9084 9085
f 2289 9072 9091
f 2283 9091 9069
f 2240 9038 9039
f 9111 9109 9076
f 716 2121 9339
f 727 1999 9213
f 2165 2171 2170
f 9112 9111 9078
f 9195 9033 9030
f 2175 2172 769
f 2100 500 2095
f 9210 567 9209
f 640 9004 9012
f 1653 9020 8997
f 1895 8980 8974
f 746 8974 8981
f 1653 1810 8972
f 9214 1603 1604
f 2093 2075 2073
f 959 996 995
f 962 899 919
f 1400 1401 1398
f 1000 817 1127
f 956 959 884
f 1662 8992 8994
f 2034 9002 8990
f 9378 1689 8983
f 8979 9016 766
f 9016 9018 765
f 334 9014 9015
f 1868 8975 8984
f 1684 1651 1652
f 1682 1683 775
f 1585 1603 9214
f 9215 9214 1672
f 2173 2174 490
f 1658 8988 8991
f 9000 8987 1650
f 1571 9206 2010
f 1587 9116 9123
f 2099 2095 2077
f 787 9213 1999
f 2000 9146 786
f 3155 339 9149
f 9165 3155 9135
f 2180 2179 9137
f 8940 2180 9136
f 1684 9298 9292
f 1760 464 8939
f 2607 9141 9145
f 2581 9128 9141
f 2371 2502 9152
f 2371 9147 9145
f 2587 9128 9127
f 2586 9127 9149
f 2497 9143 9139
f 2502 2503 9139
f 2494 9143 9142
f 9142 9140 2472
f 9140 9153 2468
f 9153 9155 2469
f 726 9360 9344
f 581 9011 8962
f 10 8955 9014
f 1837 8958 8954
f 741 8981 8967
f 1299 8968 9002
f 1851 8951 8948
f 8971 9009 1820
f 580 8962 8980
f 1758 1685 8966
f 1693 9001 8952
f 8948 8956 1867
f 1894 1826 9012
f 2126 1418 9265
f 9358 2126 9293
f 2113 9363 9319
f 2179 9165 9241
f 624 9355 9356
f 2192 9056 9240
f 2177 8985 9239
f 1364 9276 9285
f 9310 9307 1470
f 3135 1753 9227
f 2069 9264 9287
f 1351 9313 9305
f 2108 9334 9353
f 2089 2092 9188
f 9280 9286 1358
f 2001 9201 9235
f 2187 9235 9171
f 2130 9208 9204
f 2004 9204 9201
f 2014 9176 9231
f 2201 9231 9208
f 3167 9172 9211
f 3168 9176 9172
f 3159 9161 9216
f 3160 9216 9217
f 9182 9159 3158
f 3158 9159 9161
f 2200 3069 9182
f 9137 9241 9194
f 9174 9226 2197
f 9242 9188 2092
f 9226 9242 9173
f 3154 9158 9242
f 3155 9165 9158
f 2091 9171 9173
f 2196 3148 9202
f 2193 2196 9228
f 9056 2193 9233
f 2086 2192 9232
f 2087 2086 9230
f 2204 9194 9203
f 2205 9203 9202
f 9361 9338 574
f 2124 2087 9229
f 2208 2124 9212
f 9163 9237 3140
f 9237 9197 3138
f 9197 9196 3139
f 9223 9164 3136
f 9164 9163 3137
f 9227 9219 3131
f 9219 9234 3132
f 1813 9291 9290
f 1293 9306 9308
f 2184 2321 9200
f 2181 2184 9184
f 9217 9220 3079
f 9220 9186 3080
f 709 9325 9327
f 2774 2961 9189
f 9238 9221 2134
f 9261 9260 766
f 2968 9236 9218
f 2969 9211 9236
f 2958 9199 9189
f 2132 9199 9218
f 2321 2185 9223
f 9312 9300 1449
f 9357 9326 582
f 9338 9341 577
f 9299 9278 1818
f 705 9354 9339
f 9268 9364 9359
f 2111 9335 9363
f 9262 9281 1366
f 1812 9291 9274
f 675 9303 9304
f 8940 9157 9303
f 2110 9319 9320
f 2104 9348 9353
f 2109 9320 9351
f 9294 9283 703
f 1680 9263 9298
f 1639 1627 9271
f 623 9356 9358
f 2139 2140 9318
f 1808 1640 9296
f 9272 9273 1819
f 9324 9366 9352
f 1646 9284 9282
f 9341 9342 633
f 2139 9317 9327
f 2156 2155 9323
f 674 9304 9365
f 2117 9269 9264
f 1815 9274 9299
f 9307 9301 1444
f 697 9358 9364
f 866 842 9288
f 9316 9321 2136
f 9037 9183 9178
f 9035 9192 9183
f 9205 9198 9190
f 9192 9035 9033
f 1088 9190 9198
f 9191 9192 9195
f 2791 8932 8933
f 8932 2808 2807
f 2792 8933 8934
f 8933 2807 2806
f 8952 2909 8934
f 8960 8934 2806
f 2948 8947 9243
f 2105 9360 9348
f 8982 9254 9256
f 680 9330 9328
f 1891 1890 9362
f 2905 9251 9253
f 2900 9249 9251
f 2901 9249 9259
f 2734 2878 9258
f 2877 9259 9258
f 2820 9252 9246
f 2818 9248 9244
f 2823 9245 9244
f 2822 9245 9250
f 2819 2735 9252
f 2817 9248 9247
f 2809 9257 9247
f 2808 9257 9255
f 2805 9256 9255
f 1702 9373 9375
f 9374 9372 1797
f 9367 9368 1706
f 9370 9379 1692
f 1657 9350 9332
f 1890 1877 9347
f 9224 9222 1674
f 1689 1690 9224
f 9378 9254 8982
f 8960 8983 1689
f 9369 9375 1703
f 1598 9369 9380
f 9332 9336 1876
f 1691 1690 9377
f 9377 9378 1688
f 9386 9385 9389
f 9386 9390 9391
f 9384 9388 9389
f 9390 9394 9395
f 9389 9388 9392
f 9389 9393 9394
f 9394 9398 9399
f 9393 9392 9396
f 9394 9393 9397
f 9399 9398 9402
f 9396 9400 9401
f 9397 9401 9402
f 9402 9406 9407
f 9401 9400 9404
f 9402 9401 9405
f 9407 9406 9410
f 9405 9404 9408
f 9405 9409 9410
f 9411 9410 9414
f 9409 9408 9412
f 9410 9409 9413
f 9414 9418 9419
f 9412 9416 9417
f 9413 9417 9418
f 9418 9422 9423
f 9417 9416 9420
f 9418 9417 9421
f 9422 9426 9427
f 9420 9424 9425
f 9421 9425 9426
f 9426 9430 9431
f 9425 9424 9428
f 9426 9425 9429
f 9431 9430 9434
f 9428 9432 9433
f 9429 9433 9434
f 9434 9438 9439
f 9433 9432 9436
f 9434 9433 9437
f 9439 9438 9442
f 9436 9440 9441
f 9437 9441 9442
f 9443 9442 9446
f 9441 9440 9444
f 9442 9441 9445
f 9447 9446 9450
f 9444 9448 9449
f 9445 9449 9450
f 9450 9454 9455
f 9449 9448 9452
f 9450 9449 9453
f 9454 9458 9459
f 9452 9456 9457
f 9453 9457 9458
f 9458 9462 9463
f 9457 9456 9460
f 9458 9457 9461
f 9463 9462 9466
f 9460 9464 9465
f 9461 9465 9466
f 9466 9470 9471
f 9465 9464 9468
f 9466 9465 9469
f 9471 9470 9474
f 9468 9472 9473
f 9469 9473 9474
f 9475 9474 9478
f 9473 9472 9476
f 9474 9473 9477
f 9479 9478 9482
f 9476 9480 9481
f 9477 9481 9482
f 9483 9482 9486
f 9481 9480 9484
f 9482 9481 9485
f 9486 9490 9491
f 9484 9488 9489
f 9485 9489 9490
f 9490 9494 9495
f 9489 9488 9492
f 9490 9489 9493
f 9495 9494 9498
f 9492 9496 9497
f 9493 9497 9498
f 9498 9502 9503
f 9497 9496 9500
f 9498 9497 9501
f 9503 9502 9507
f 9500 9505 9506
f 9501 9506 9507
f 9508 9507 9511
f 9505 9509 9510
f 9507 9506 9510
f 9512 9511 9386
f 9510 9509 9384
f 9510 9385 9386
f 9521 9520 9533
f 9518 9531 9532
f 9517 9516 9529
f 9515 9514 9527
f 9523 9536 9537
f 9521 9534 9535
f 9519 9532 9533
f 9518 9517 9530
f 9515 9528 9529
f 9513 9526 9527
f 9524 9537 9538
f 9523 9522 9535
f 9528 9541 9542
f 9526 9539 9540
f 9538 9537 9550
f 9535 9548 9549
f 9534 9533 9546
f 9531 9544 9545
f 9530 9529 9542
f 9528 9527 9540
f 9537 9536 9549
f 9534 9547 9548
f 9532 9545 9546
f 9531 9530 9543
f 9541 9554 9555
f 9540 9539 9552
f 9550 9563 9564
f 9548 9561 9562
f 9547 9546 9559
f 9544 9557 9558
f 9542 9555 9556
f 9541 9540 9553
f 9549 9562 9563
f 9547 9560 9561
f 9546 9545 9558
f 9544 9543 9556
f 9555 9554 9567
f 9552 9565 9566
f 9564 9563 9576
f 9562 9561 9574
f 9559 9572 9573
f 9557 9570 9571
f 9555 9568 9569
f 9553 9566 9567
f 9562 9575 9576
f 9561 9560 9573
f 9559 9558 9571
f 9557 9556 9569
f 9567 9580 9581
f 9566 9565 9578
f 9576 9589 9590
f 9575 9574 9587
f 9572 9585 9586
f 9571 9570 9583
f 9569 9568 9581
f 9566 9579 9580
f 9576 9575 9588
f 9574 9573 9586
f 9571 9584 9585
f 9569 9582 9583
f 9581 9580 9593
f 9578 9591 9592
f 9590 9589 9602
f 9588 9587 9600
f 9585 9598 9599
f 9583 9596 9597
f 9582 9581 9594
f 9579 9592 9593
f 9589 9588 9601
f 9587 9586 9599
f 9584 9597 9598
f 9583 9582 9595
f 9594 9593 9606
f 9592 9591 9604
f 9602 9615 9616
f 9601 9600 9613
f 9598 9611 9612
f 9596 9609 9610
f 9594 9607 9608
f 9592 9605 9606
f 9601 9614 9615
f 9600 9599 9612
f 9598 9597 9610
f 9596 9595 9608
f 9607 9606 9619
f 9605 9604 9617
f 9615 9628 9629
f 9613 9626 9627
f 9611 9624 9625
f 9610 9609 9622
f 9607 9620 9621
f 9605 9618 9619
f 9615 9614 9627
f 9613 9612 9625
f 9611 9610 9623
f 9608 9621 9622
f 9619 9632 9633
f 9617 9630 9631
f 9628 9641 9642
f 9627 9626 9639
f 9625 9624 9637
f 9622 9635 9636
f 9621 9620 9633
f 9619 9618 9631
f 9627 9640 9641
f 9625 9638 9639
f 9623 9636 9637
f 9622 9621 9634
f 9632 9645 9646
f 9630 9643 9644
f 9642 9641 9654
f 9639 9652 9653
f 9638 9637 9650
f 9635 9648 9649
f 9634 9633 9646
f 9632 9631 9644
f 9641 9640 9653
f 9638 9651 9652
f 9636 9649 9650
f 9635 9634 9647
f 9645 9658 9659
f 9644 9643 9656
f 9654 9667 9668
f 9652 9665 9666
f 9651 9650 9663
f 9648 9661 9662
f 9646 9659 9660
f 9645 9644 9657
f 9653 9666 9667
f 9651 9664 9665
f 9650 9649 9662
f 9648 9647 9660
f 9659 9658 9671
f 9656 9669 9670
f 9668 9667 9680
f 9665 9678 9679
f 9663 9676 9677
f 9661 9674 9675
f 9659 9672 9673
f 9657 9670 9671
f 9666 9679 9680
f 9665 9664 9677
f 9663 9662 9675
f 9661 9660 9673
f 9671 9684 9685
f 9670 9669 9682
f 9680 9693 9694
f 9678 9691 9692
f 9677 9676 9689
f 9675 9674 9687
f 9673 9672 9685
f 9670 9683 9684
f 9680 9679 9692
f 9678 9677 9690
f 9675 9688 9689
f 9673 9686 9687
f 9685 9684 9697
f 9682 9695 9696
f 9694 9693 9706
f 9692 9691 9704
f 9689 9702 9703
f 9687 9700 9701
f 9686 9685 9698
f 9683 9696 9697
f 9693 9692 9705
f 9691 9690 9703
f 9688 9701 9702
f 9687 9686 9699
f 9698 9697 9710
f 9696 9695 9708
f 9706 9719 9720
f 9705 9704 9717
f 9702 9715 9716
f 9700 9713 9714
f 9698 9711 9712
f 9696 9709 9710
f 9705 9718 9719
f 9704 9703 9716
f 9702 9701 9714
f 9700 9699 9712
f 9711 9710 9723
f 9709 9708 9721
f 9719 9732 9733
f 9717 9730 9731
f 9715 9728 9729
f 9714 9713 9726
f 9711 9724 9725
f 9709 9722 9723
f 9718 9731 9732
f 9717 9716 9729
f 9715 9714 9727
f 9712 9725 9726
f 9723 9736 9737
f 9721 9734 9735
f 9733 9732 9745
f 9731 9730 9743
f 9729 9728 9741
f 9726 9739 9740
f 9725 9724 9737
f 9723 9722 9735
f 9732 9731 9744
f 9729 9742 9743
f 9727 9740 9741
f 9726 9725 9738
f 9736 9749 9750
f 9734 9747 9748
f 9746 9745 9758
f 9743 9756 9757
f 9742 9741 9754
f 9739 9752 9753
f 9738 9737 9750
f 9736 9735 9748
f 9745 9744 9757
f 9742 9755 9756
f 9740 9753 9754
f 9739 9738 9751
f 9749 9762 9763
f 9748 9747 9760
f 9758 9771 9772
f 9756 9769 9770
f 9755 9754 9767
f 9752 9765 9766
f 9750 9763 9764
f 9749 9748 9761
f 9757 9770 9771
f 9756 9755 9768
f 9754 9753 9766
f 9752 9751 9764
f 9762 9775 9776
f 9760 9773 9774
f 9772 9771 9784
f 9770 9769 9782
f 9768 9767 9780
f 9765 9778 9779
f 9763 9776 9777
f 9762 9761 9774
f 9770 9783 9784
f 9768 9781 9782
f 9767 9766 9779
f 9764 9777 9778
f 9775 9788 9789
f 9774 9773 9786
f 9784 9797 9798
f 9782 9795 9796
f 9781 9780 9793
f 9779 9778 9791
f 9777 9776 9789
f 9774 9787 9788
f 9784 9783 9796
f 9782 9781 9794
f 9779 9792 9793
f 9777 9790 9791
f 9789 9788 9802
f 9786 9800 9801
f 9798 9797 9811
f 9796 9795 9809
f 9793 9807 9808
f 9792 9791 9805
f 9790 9789 9803
f 9787 9801 9802
f 9797 9796 9810
f 9795 9794 9808
f 9792 9806 9807
f 9790 9804 9805
f 9803 9802 9815
f 9801 9800 9813
f 9811 9824 9825
f 9810 9809 9822
f 9807 9820 9821
f 9806 9805 9818
f 9803 9816 9817
f 9801 9814 9815
f 9810 9823 9824
f 9809 9808 9821
f 9807 9806 9819
f 9804 9817 9818
f 9816 9815 9828
f 9814 9813 9826
f 9825 9824 9837
f 9822 9835 9836
f 9820 9833 9834
f 9819 9818 9831
f 9816 9829 9830
f 9814 9827 9828
f 9824 9823 9836
f 9822 9821 9834
f 9820 9819 9832
f 9817 9830 9831
f 9828 9841 9842
f 9826 9839 9840
f 9837 9850 9851
f 9836 9835 9848
f 9834 9833 9846
f 9831 9844 9845
f 9830 9829 9842
f 9828 9827 9840
f 9836 9849 9850
f 9834 9847 9848
f 9832 9845 9846
f 9831 9830 9843
f 9841 9854 9855
f 9839 9852 9853
f 9851 9850 9863
f 9848 9861 9862
f 9847 9846 9859
f 9845 9844 9857
f 9843 9842 9855
f 9841 9840 9853
f 9850 9849 9862
f 9847 9860 9861
f 9845 9858 9859
f 9843 9856 9857
f 9854 9867 9868
f 9853 9852 9865
f 9863 9876 9877
f 9861 9874 9875
f 9860 9859 9872
f 9858 9857 9870
f 9855 9868 9869
f 9854 9853 9866
f 9862 9875 9876
f 9860 9873 9874
f 9859 9858 9871
f 9856 9869 9870
f 9868 9867 9880
f 9865 9878 9879
f 9877 9876 9889
f 9875 9874 9887
f 9873 9872 9885
f 9870 9883 9884
f 9868 9881 9882
f 9867 9866 9879
f 9875 9888 9889
f 9873 9886 9887
f 9872 9871 9884
f 9870 9869 9882
f 9880 9893 9894
f 9878 9891 9892
f 9889 9902 9903
f 9887 9900 9901
f 9886 9885 9898
f 9884 9883 9896
f 9882 9881 9894
f 9879 9892 9893
f 9889 9888 9901
f 9887 9886 9899
f 9884 9897 9898
f 9882 9895 9896
f 9894 9893 9906
f 9891 9904 9905
f 9903 9902 9915
f 9901 9900 9913
f 9898 9911 9912
f 9896 9909 9910
f 9895 9894 9907
f 9892 9905 9906
f 9902 9901 9914
f 9899 9912 9913
f 9897 9910 9911
f 9896 9895 9908
f 9907 9906 9919
f 9905 9904 9917
f 9915 9928 9929
f 9914 9913 9926
f 9911 9924 9925
f 9909 9922 9923
f 9907 9920 9921
f 9905 9918 9919
f 9914 9927 9928
f 9913 9912 9925
f 9911 9910 9923
f 9909 9908 9921
f 9920 9919 9515
f 9918 9917 9513
f 9929 9928 9524
f 9926 9522 9523
f 9924 9520 9521
f 9923 9922 9518
f 9920 9516 9517
f 9918 9514 9515
f 9928 9927 9523
f 9926 9925 9521
f 9924 9923 9519
f 9921 9517 9518
f 9387 9513 9917
f 9917 9904 9508
f 9904 9891 9503
f 9891 9878 9499
f 9499 9878 9865
f 9495 9865 9852
f 9491 9852 9839
f 9839 9826 9483
f 9483 9826 9813
f 9813 9800 9475
f 9800 9786 9471
f 9786 9773 9467
f 9467 9773 9760
f 9463 9760 9747
f 9459 9747 9734
f 9734 9721 9451
f 9451 9721 9708
f 9708 9695 9443
f 9695 9682 9439
f 9682 9669 9435
f 9435 9669 9656
f 9431 9656 9643
f 9427 9643 9630
f 9630 9617 9419
f 9419 9617 9604
f 9604 9591 9411
f 9591 9578 9407
f 9578 9565 9403
f 9403 9565 9552
f 9399 9552 9539
f 9395 9539 9526
f 9526 9513 9387
f 9932 9931 9935
f 9932 9936 9937
f 9931 9930 9934
f 9936 9940 9941
f 9934 9938 9939
f 9935 9939 9940
f 9940 9944 9945
f 9939 9938 9942
f 9940 9939 9943
f 9945 9944 9948
f 9942 9946 9947
f 9943 9947 9948
f 9948 9952 9953
f 9947 9946 9950
f 9948 9947 9951
f 9953 9952 9956
f 9950 9954 9955
f 9951 9955 9956
f 9957 9956 9960
f 9955 9954 9958
f 9956 9955 9959
f 9961 9960 9964
f 9958 9962 9963
f 9959 9963 9964
f 9965 9964 9968
f 9963 9962 9966
f 9964 9963 9967
f 9968 9972 9973
f 9966 9970 9971
f 9967 9971 9972
f 9972 9976 9977
f 9970 9974 9975
f 9972 9971 9975
f 9977 9976 9980
f 9974 9978 9979
f 9975 9979 9980
f 9980 9984 9985
f 9979 9978 9982
f 9980 9979 9983
f 9985 9984 9988
f 9982 9986 9987
f 9983 9987 9988
f 9989 9988 9992
f 9986 9990 9991
f 9988 9987 9991
f 9993 9992 9996
f 9991 9990 9994
f 9991 9995 9996
f 9996 10000 10001
f 9994 9998 9999
f 9996 9995 9999
f 10000 10004 10005
f 9999 9998 10002
f 9999 10003 10004
f 10004 10008 10009
f 10003 10002 10006
f 10004 10003 10007
f 10009 10008 10012
f 10006 10010 10011
f 10007 10011 10012
f 10012 10016 10017
f 10011 10010 10014
f 10012 10011 10015
f 10017 10016 10020
f 10014 10018 10019
f 10015 10019 10020
f 10021 10020 10024
f 10019 10018 10022
f 10020 10019 10023
f 10024 10028 10029
f 10022 10026 10027
f 10023 10027 10028
f 10028 10032 10033
f 10027 10026 10030
f 10028 10027 10031
f 10032 10036 10037
f 10030 10034 10035
f 10031 10035 10036
f 10036 10040 10041
f 10035 10034 10038
f 10036 10035 10039
f 10041 10040 10044
f 10038 10042 10043
f 10039 10043 10044
f 10044 10048 10049
f 10043 10042 10046
f 10044 10043 10047
f 10049 10048 10053
f 10046 10051 10052
f 10047 10052 10053
f 10054 10053 10057
f 10052 10051 10055
f 10053 10052 10056
f 10058 10057 9932
f 10055 9930 9931
f 10056 9931 9932
f 10067 10066 10079
f 10064 10077 10078
f 10063 10062 10075
f 10061 10060 10073
f 10070 10069 10082
f 10067 10080 10081
f 10065 10078 10079
f 10064 10063 10076
f 10061 10074 10075
f 10059 10072 10073
f 10071 10070 10083
f 10069 10068 10081
f 10074 10087 10088
f 10072 10085 10086
f 10084 10083 10096
f 10081 10094 10095
f 10080 10079 10092
f 10078 10077 10090
f 10076 10075 10088
f 10074 10073 10086
f 10083 10082 10095
f 10080 10093 10094
f 10078 10091 10092
f 10076 10089 10090
f 10087 10100 10101
f 10086 10085 10098
f 10096 10109 10110
f 10094 10107 10108
f 10093 10092 10105
f 10091 10090 10103
f 10088 10101 10102
f 10087 10086 10099
f 10095 10108 10109
f 10094 10093 10106
f 10092 10091 10104
f 10089 10102 10103
f 10100 10113 10114
f 10098 10111 10112
f 10110 10109 10122
f 10108 10107 10120
f 10105 10118 10119
f 10103 10116 10117
f 10101 10114 10115
f 10100 10099 10112
f 10108 10121 10122
f 10106 10119 10120
f 10105 10104 10117
f 10103 10102 10115
f 10113 10126 10127
f 10112 10111 10124
f 10122 10135 10136
f 10120 10133 10134
f 10119 10118 10131
f 10117 10116 10129
f 10115 10114 10127
f 10113 10112 10125
f 10122 10121 10134
f 10119 10132 10133
f 10117 10130 10131
f 10115 10128 10129
f 10127 10126 10139
f 10124 10137 10138
f 10136 10135 10148
f 10134 10133 10146
f 10131 10144 10145
f 10130 10129 10142
f 10128 10127 10140
f 10125 10138 10139
f 10135 10134 10147
f 10133 10132 10145
f 10130 10143 10144
f 10128 10141 10142
f 10140 10139 10152
f 10138 10137 10150
f 10148 10161 10162
f 10147 10146 10159
f 10144 10157 10158
f 10143 10142 10155
f 10140 10153 10154
f 10138 10151 10152
f 10147 10160 10161
f 10146 10145 10158
f 10144 10143 10156
f 10141 10154 10155
f 10153 10152 10165
f 10151 10150 10163
f 10162 10161 10174
f 10159 10172 10173
f 10157 10170 10171
f 10156 10155 10168
f 10153 10166 10167
f 10151 10164 10165
f 10161 10160 10173
f 10159 10158 10171
f 10157 10156 10169
f 10154 10167 10168
f 10165 10178 10179
f 10163 10176 10177
f 10175 10174 10187
f 10173 10172 10185
f 10171 10170 10183
f 10168 10181 10182
f 10167 10166 10179
f 10165 10164 10177
f 10173 10186 10187
f 10171 10184 10185
f 10169 10182 10183
f 10168 10167 10180
f 10178 10191 10192
f 10176 10189 10190
f 10188 10187 10200
f 10185 10198 10199
f 10184 10183 10196
f 10182 10181 10194
f 10180 10179 10192
f 10178 10177 10190
f 10187 10186 10199
f 10184 10197 10198
f 10182 10195 10196
f 10180 10193 10194
f 10191 10204 10205
f 10190 10189 10202
f 10200 10213 10214
f 10198 10211 10212
f 10197 10196 10209
f 10195 10194 10207
f 10192 10205 10206
f 10191 10190 10203
f 10199 10212 10213
f 10197 10210 10211
f 10196 10195 10208
f 10193 10206 10207
f 10205 10204 10217
f 10202 10215 10216
f 10214 10213 10226
f 10211 10224 10225
f 10210 10209 10222
f 10207 10220 10221
f 10205 10218 10219
f 10204 10203 10216
f 10212 10225 10226
f 10210 10223 10224
f 10209 10208 10221
f 10207 10206 10219
f 10217 10230 10231
f 10216 10215 10228
f 10226 10239 10240
f 10224 10237 10238
f 10223 10222 10235
f 10221 10220 10233
f 10219 10218 10231
f 10217 10216 10229
f 10226 10225 10238
f 10223 10236 10237
f 10221 10234 10235
f 10219 10232 10233
f 10231 10230 10243
f 10228 10241 10242
f 10240 10239 10252
f 10238 10237 10250
f 10235 10248 10249
f 10234 10233 10246
f 10232 10231 10244
f 10229 10242 10243
f 10239 10238 10251
f 10237 10236 10249
f 10234 10247 10248
f 10232 10245 10246
f 10244 10243 10256
f 10242 10241 10254
f 10252 10265 10266
f 10251 10250 10263
f 10248 10261 10262
f 10247 10246 10259
f 10244 10257 10258
f 10242 10255 10256
f 10251 10264 10265
f 10250 10249 10262
f 10248 10247 10260
f 10245 10258 10259
f 10257 10256 10269
f 10255 10254 10267
f 10266 10265 10278
f 10263 10276 10277
f 10261 10274 10275
f 10260 10259 10272
f 10257 10270 10271
f 10255 10268 10269
f 10265 10264 10277
f 10263 10262 10275
f 10261 10260 10273
f 10258 10271 10272
f 10269 10282 10283
f 10267 10280 10281
f 10278 10291 10292
f 10277 10276 10289
f 10275 10274 10287
f 10272 10285 10286
f 10271 10270 10283
f 10269 10268 10281
f 10277 10290 10291
f 10275 10288 10289
f 10273 10286 10287
f 10272 10271 10284
f 10282 10295 10296
f 10280 10293 10294
f 10292 10291 10304
f 10289 10302 10303
f 10288 10287 10300
f 10286 10285 10298
f 10284 10283 10296
f 10282 10281 10294
f 10291 10290 10303
f 10288 10301 10302
f 10286 10299 10300
f 10284 10297 10298
f 10295 10308 10309
f 10294 10293 10306
f 10304 10317 10318
f 10302 10315 10316
f 10301 10300 10313
f 10299 10298 10311
f 10296 10309 10310
f 10295 10294 10307
f 10303 10316 10317
f 10301 10314 10315
f 10300 10299 10312
f 10297 10310 10311
f 10309 10308 10321
f 10307 10306 10319
f 10318 10317 10330
f 10316 10315 10328
f 10314 10313 10326
f 10311 10324 10325
f 10309 10322 10323
f 10308 10307 10320
f 10316 10329 10330
f 10314 10327 10328
f 10313 10312 10325
f 10311 10310 10323
f 10321 10334 10335
f 10320 10319 10332
f 10330 10343 10344
f 10329 10328 10341
f 10326 10339 10340
f 10325 10324 10337
f 10323 10322 10335
f 10320 10333 10334
f 10330 10329 10342
f 10328 10327 10340
f 10325 10338 10339
f 10323 10336 10337
f 10335 10334 10348
f 10332 10346 10347
f 10344 10343 10357
f 10342 10341 10355
f 10339 10353 10354
f 10337 10351 10352
f 10336 10335 10349
f 10333 10347 10348
f 10343 10342 10356
f 10341 10340 10354
f 10338 10352 10353
f 10337 10336 10350
f 10349 10348 10361
f 10347 10346 10359
f 10357 10370 10371
f 10356 10355 10368
f 10353 10366 10367
f 10351 10364 10365
f 10349 10362 10363
f 10347 10360 10361
f 10356 10369 10370
f 10355 10354 10367
f 10353 10352 10365
f 10351 10350 10363
f 10362 10361 10374
f 10360 10359 10372
f 10371 10370 10383
f 10368 10381 10382
f 10366 10379 10380
f 10365 10364 10377
f 10362 10375 10376
f 10360 10373 10374
f 10370 10369 10382
f 10368 10367 10380
f 10366 10365 10378
f 10363 10376 10377
f 10374 10387 10388
f 10372 10385 10386
f 10383 10396 10397
f 10382 10381 10394
f 10380 10379 10392
f 10377 10390 10391
f 10376 10375 10388
f 10374 10373 10386
f 10382 10395 10396
f 10380 10393 10394
f 10378 10391 10392
f 10377 10376 10389
f 10387 10400 10401
f 10385 10398 10399
f 10397 10396 10409
f 10394 10407 10408
f 10393 10392 10405
f 10390 10403 10404
f 10389 10388 10401
f 10387 10386 10399
f 10396 10395 10408
f 10393 10406 10407
f 10391 10404 10405
f 10390 10389 10402
f 10400 10413 10414
f 10399 10398 10411
f 10409 10422 10423
f 10407 10420 10421
f 10406 10405 10418
f 10403 10416 10417
f 10401 10414 10415
f 10400 10399 10412
f 10408 10421 10422
f 10406 10419 10420
f 10405 10404 10417
f 10403 10402 10415
f 10414 10413 10426
f 10411 10424 10425
f 10423 10422 10435
f 10420 10433 10434
f 10418 10431 10432
f 10416 10429 10430
f 10414 10427 10428
f 10412 10425 10426
f 10421 10434 10435
f 10419 10432 10433
f 10418 10417 10430
f 10416 10415 10428
f 10427 10426 10439
f 10425 10424 10437
f 10435 10448 10449
f 10433 10446 10447
f 10431 10444 10445
f 10430 10429 10442
f 10428 10427 10440
f 10425 10438 10439
f 10435 10434 10447
f 10433 10432 10445
f 10430 10443 10444
f 10428 10441 10442
f 10440 10439 10452
f 10437 10450 10451
f 10449 10448 10461
f 10447 10446 10459
f 10444 10457 10458
f 10443 10442 10455
f 10441 10440 10453
f 10438 10451 10452
f 10448 10447 10460
f 10446 10445 10458
f 10443 10456 10457
f 10441 10454 10455
f 10453 10452 10465
f 10451 10450 10463
f 10461 10474 10475
f 10460 10459 10472
f 10457 10470 10471
f 10456 10455 10468
f 10453 10466 10467
f 10451 10464 10465
f 10460 10473 10474
f 10459 10458 10471
f 10457 10456 10469
f 10454 10467 10468
f 10466 10465 10061
f 10464 10463 10059
f 10474 10070 10071
f 10472 10068 10069
f 10470 10066 10067
f 10469 10468 10064
f 10466 10062 10063
f 10464 10060 10061
f 10473 10069 10070
f 10472 10471 10067
f 10470 10469 10065
f 10467 10063 10064
f 9933 10059 10463
f 10463 10450 10054
f 10450 10437 10049
f 10437 10424 10045
f 10045 10424 10411
f 10041 10411 10398
f 10037 10398 10385
f 10385 10372 10029
f 10029 10372 10359
f 10359 10346 10021
f 10346 10332 10017
f 10332 10319 10013
f 10013 10319 10306
f 10009 10306 10293
f 10005 10293 10280
f 10280 10267 9997
f 9997 10267 10254
f 10254 10241 9989
f 10241 10228 9985
f 10228 10215 9981
f 9981 10215 10202
f 9977 10202 10189
f 9973 10189 10176
f 10176 10163 9965
f 9965 10163 10150
f 10150 10137 9957
f 10137 10124 9953
f 10124 10111 9949
f 9949 10111 10098
f 9945 10098 10085
f 9941 10085 10072
f 10072 10059 9933

