# https://github.com/mikedh/trimesh
v 0.05459931 -0.51041955 2.28859401
v 0.05869479 -0.50921077 2.28795195
v 0.05978248 -0.51027900 2.28764629
v 0.05511087 -0.51138252 2.28813481
v 0.06729180 -0.51531255 2.29725003
v 0.06704629 -0.51710492 2.29217100
v 0.06685486 -0.51953489 2.29093671
v 0.06676903 -0.52055353 2.29374027
v 0.02378624 -0.50005835 2.36365199
v 0.01019521 -0.50100881 2.37035418
v 0.01070261 -0.49109119 2.37220073
v 0.02397196 -0.48767132 2.36720061
v 0.04308774 -0.45800370 2.35918355
v 0.03792750 -0.46760517 2.36022043
v 0.03743288 -0.45850539 2.37004495
v 0.04577676 -0.44993377 2.36113954
v 0.02967282 -0.53073692 2.18431997
v 0.03707198 -0.53174746 2.18997765
v 0.03604712 -0.52454990 2.18928003
v -0.06821447 -0.50829488 2.29272485
v -0.07229403 -0.50697452 2.29221416
v -0.07330557 -0.50817049 2.29174733
v -0.06857123 -0.50946182 2.29205179
v -0.08027397 -0.51296461 2.30114222
v -0.08035690 -0.51475513 2.29623318
v -0.08041919 -0.51714694 2.29505682
v -0.07979079 -0.51812428 2.29763889
v 0.02914470 -0.52335078 2.18507862
v 0.08568934 -0.54095173 2.29838800
v 0.08575749 -0.53884560 2.30061388
v 0.08598415 -0.53672719 2.29950571
v 0.08573044 -0.53862298 2.29756856
v 0.08256646 -0.52274978 2.30419803
v 0.08183978 -0.53029490 2.30290651
v 0.08290942 -0.53321058 2.30249763
v 0.08327103 -0.53077453 2.30260634
v 0.08327205 -0.51162899 2.30553198
v 0.08217768 -0.51203394 2.30489492
v 0.08341785 -0.51713705 2.30480313
v 0.08448493 -0.51713794 2.30555487
v 0.06851368 -0.48520076 2.29198575
v 0.07121357 -0.48783690 2.29278779
v 0.07174297 -0.48619753 2.29487371
v 0.06712794 -0.48437583 2.29415965
v 0.06415427 -0.48563468 2.29470468
v 0.06847483 -0.48676509 2.29847503
v 0.06792138 -0.48982722 2.29820251
v 0.06450494 -0.48845494 2.29547191
v 0.08014812 -0.54436511 2.28095460
v 0.08055907 -0.54112923 2.28176498
v 0.07892072 -0.53927535 2.27976894
v 0.07839891 -0.54247570 2.27859640
v 0.06729354 -0.51683813 2.30295014
v 0.06620806 -0.50997478 2.30392265
v 0.07227181 -0.51562721 2.30473065
v 0.07257800 -0.51847887 2.30391693
v 0.07859573 -0.53751123 2.29220796
v 0.07966328 -0.53975618 2.29499102
v 0.07995383 -0.53809267 2.29690266
v 0.07876537 -0.53563160 2.29512405
v 0.08200201 -0.54293299 2.29876351
v 0.08235551 -0.54051620 2.30120015
v 0.06663256 -0.49217427 2.28719234
v 0.06550150 -0.49508291 2.28498459
v 0.06586456 -0.49707687 2.28548145
v 0.06644418 -0.49669248 2.28722906
v 0.06601903 -0.51363164 2.29387379
v 0.06773467 -0.51688570 2.29053378
v 0.07953753 -0.49989080 2.30496240
v 0.07937004 -0.50136060 2.30324841
v 0.08139590 -0.50639081 2.30477977
v 0.08165088 -0.50554883 2.30648661
v 0.07611087 -0.50295794 2.30066466
v 0.07834532 -0.50666708 2.30289149
v 0.07944906 -0.50791591 2.30423331
v 0.07847713 -0.50514680 2.30316114
v 0.08147051 -0.54031706 2.29035068
v 0.07943451 -0.54051822 2.28510284
v 0.08038612 -0.54010522 2.28501844
v 0.08241437 -0.53993279 2.29039550
v 0.07368338 -0.52961648 2.29877234
v 0.07260527 -0.53356755 2.29502392
v 0.07156690 -0.53292072 2.29517126
v 0.07296940 -0.52955264 2.29856682
v 0.08186701 -0.53985339 2.29800558
v 0.08225358 -0.53774768 2.30000806
v 0.08050843 -0.53606689 2.29913163
v 0.06865077 -0.53043890 2.28263760
v 0.06924091 -0.53190792 2.28314400
v 0.06962185 -0.53053868 2.28429222
v 0.06946151 -0.52886617 2.28407502
v 0.07135672 -0.48639816 2.29858780
v 0.06509084 -0.49914277 2.30195737
v 0.06684206 -0.50032431 2.30305123
v 0.06950819 -0.50533855 2.30411196
v 0.06809901 -0.50648171 2.30399394
v 0.06414384 -0.48553866 2.28987527
v 0.06714416 -0.48588741 2.28944421
v 0.06796840 -0.48527735 2.29086757
v 0.06497368 -0.48488295 2.29173160
v 0.07147207 -0.53537881 2.28191447
v 0.07404227 -0.53566951 2.28439260
v 0.07210033 -0.53439212 2.28416371
v 0.07040342 -0.53400159 2.28217387
v 0.08070480 -0.52782625 2.30217123
v 0.07938414 -0.53352427 2.29777932
v 0.08126557 -0.51704758 2.30077243
v 0.08118917 -0.51833308 2.30345058
v 0.08075746 -0.51394165 2.30368567
v -0.03093875 -0.49977458 2.36667633
v -0.01539998 -0.50069630 2.37162423
v -0.01490409 -0.49056804 2.37375760
v -0.02932131 -0.48731261 2.36991310
v 0.08068577 -0.51281041 2.30111408
v 0.07996950 -0.52460968 2.29759097
v 0.08031487 -0.52594960 2.30073977
v 0.08338340 -0.53547317 2.29860663
v 0.08385305 -0.52976596 2.30149102
v 0.08292090 -0.53629768 2.29922318
v 0.07001992 -0.53574717 2.29144168
v 0.06983376 -0.54014522 2.29385734
v 0.06904102 -0.53478801 2.29767561
v 0.07033932 -0.53396547 2.29373932
v 0.06566527 -0.50108600 2.28369498
v 0.06698995 -0.50353855 2.28405237
v 0.06592562 -0.50193924 2.28629041
v 0.06581683 -0.49956286 2.28722572
v 0.07016955 -0.50299561 2.30356932
v 0.06764720 -0.49900752 2.30275297
v 0.06815966 -0.49827725 2.30226374
v 0.07075714 -0.50080180 2.30286312
v 0.07632823 -0.53768933 2.28594232
v 0.07659394 -0.53323054 2.28887463
v 0.07500712 -0.53255314 2.28746057
v 0.07225011 -0.50115567 2.29256463
v 0.07292968 -0.50303972 2.29374623
v 0.07419494 -0.50093871 2.29661012
v 0.07352719 -0.49853396 2.29590273
v 0.07577121 -0.49154282 2.30218673
v 0.07330906 -0.49155486 2.30313444
v 0.07100614 -0.48861688 2.30095482
v 0.07349758 -0.48842084 2.30054712
v 0.06612823 -0.49834597 2.28703356
v 0.06595971 -0.49846238 2.28509641
v 0.07577798 -0.53061992 2.30044746
v 0.07492826 -0.53553295 2.29604530
v 0.07851030 -0.53317356 2.29370499
v 0.07873964 -0.53133768 2.29595590
v 0.06841788 -0.51462686 2.28425288
v 0.06597797 -0.51552224 2.28520560
v 0.06595988 -0.51476794 2.28555441
v 0.06902466 -0.51307791 2.28478146
v 0.06882606 -0.51405609 2.28298378
v 0.06935807 -0.51252282 2.28354907
v 0.06897519 -0.51189375 2.28253770
v 0.06860415 -0.51267231 2.28202581
v 0.06511693 -0.51591915 2.28557062
v 0.06542289 -0.51554871 2.28543353
v 0.06574675 -0.51616645 2.28545237
v 0.06960785 -0.52366191 2.29556990
v 0.07048822 -0.51711535 2.30056167
v 0.06838444 -0.51646841 2.29967809
v 0.06772754 -0.52210993 2.29503083
v 0.08164775 -0.52003849 2.30432820
v 0.07507384 -0.53744769 2.27576089
v 0.07334766 -0.53946131 2.27495408
v 0.07600874 -0.54443270 2.27769017
v 0.06718897 -0.50470006 2.29550886
v 0.06988735 -0.50466532 2.29248071
v 0.06790023 -0.50395185 2.29061770
v 0.06673793 -0.50377166 2.29400110
v 0.06526769 -0.50678402 2.28716445
v 0.06342806 -0.50339162 2.28782582
v 0.06740867 -0.50483418 2.28639841
v 0.06816821 -0.51965570 2.28036737
v 0.06692263 -0.51701510 2.28431129
v 0.06804323 -0.51545858 2.28357840
v 0.06838770 -0.51534289 2.28217125
v 0.08321072 -0.51146948 2.30705976
v 0.08447533 -0.51726717 2.30723643
v 0.08278778 -0.51766348 2.30879641
v 0.08157852 -0.51152462 2.30871558
v 0.06473836 -0.48826498 2.28696990
v 0.06182319 -0.48684710 2.29110622
v 0.06415733 -0.49063939 2.28544044
v 0.08458206 -0.54506010 2.29063487
v 0.08102422 -0.54721797 2.29022622
v 0.08155061 -0.54621822 2.29335332
v 0.08522107 -0.54408032 2.29355121
v 0.06563842 -0.52430749 2.28800893
v 0.06593034 -0.52214503 2.28839803
v 0.06608491 -0.52294576 2.28655457
v 0.06571293 -0.52494127 2.28597546
v 0.04674679 -0.50737572 2.34097362
v 0.05704811 -0.50037068 2.32409286
v 0.05950566 -0.51629966 2.32615638
v 0.05267614 -0.52106971 2.34134316
v 0.07662839 -0.49403626 2.30032992
v 0.07554600 -0.49115741 2.29882812
v 0.06920866 -0.52646238 2.27619481
v 0.06838822 -0.52776712 2.27381539
v 0.06922323 -0.53351337 2.27293730
v 0.07000668 -0.53052014 2.27434111
v 0.08323266 -0.53332949 2.30543637
v 0.08605004 -0.53217584 2.30430794
v 0.07084598 -0.53515089 2.28016376
v 0.07428893 -0.53958565 2.28186750
v 0.07243160 -0.53688186 2.28196168
v 0.07055646 -0.53477913 2.28069067
v 0.07075999 -0.52620351 2.28197479
v 0.07136679 -0.52730143 2.28106737
v 0.06952615 -0.52826935 2.28092670
v 0.06860411 -0.52697062 2.28171849
v 0.06782800 -0.53179044 2.27081633
v 0.06908257 -0.53771615 2.27185869
v 0.06266374 -0.49869341 2.30100536
v 0.07084032 -0.52648622 2.27888179
v 0.07160495 -0.52880073 2.27744842
v 0.07220311 -0.52875900 2.28008723
v -0.04668779 -0.45741761 2.36318374
v -0.04282546 -0.46707559 2.36400342
v -0.04003042 -0.45800763 2.37369823
v -0.04890009 -0.44932812 2.36548066
v 0.06465314 -0.49502546 2.28277111
v 0.06533500 -0.49747574 2.28389096
v 0.06987115 -0.53384227 2.28089833
v 0.06922234 -0.53263557 2.28136539
v 0.06806585 -0.52863175 2.28246593
v 0.06877466 -0.52731735 2.28460264
v 0.07571364 -0.52409101 2.29386187
v 0.07803341 -0.51684147 2.29872012
v 0.06220913 -0.51163852 2.31269574
v 0.05924492 -0.49249798 2.30463314
v 0.06834551 -0.52867788 2.28099656
v 0.06824941 -0.52912080 2.28108001
v 0.06756677 -0.52836752 2.28183579
v 0.06754761 -0.52767646 2.28174210
v 0.07431965 -0.48878354 2.29729271
v 0.07385414 -0.52920532 2.28913164
v 0.07100272 -0.52657169 2.28806543
v 0.07129393 -0.52836263 2.28628993
v 0.08438433 -0.52181000 2.30362797
v 0.08496920 -0.52964479 2.30138540
v 0.08642331 -0.53062415 2.30263019
v 0.08563201 -0.52221769 2.30485368
v 0.06258897 -0.48614591 2.29275179
v 0.06598602 -0.52176005 2.28950977
v 0.06724875 -0.51993632 2.28940582
v 0.06644615 -0.52626359 2.28565860
v 0.06658490 -0.52703315 2.28322792
v 0.06542379 -0.50012350 2.28222275
v 0.08089432 -0.54247391 2.29378343
v 0.08136066 -0.54136044 2.29589224
v 0.07935271 -0.54067636 2.29309773
v 0.07897250 -0.54116958 2.29106641
v 0.07815430 -0.54156530 2.28755021
v 0.07821035 -0.54269278 2.28652573
v 0.08000825 -0.54324538 2.29123473
v 0.06972320 -0.52683884 2.28622603
v 0.07032039 -0.52831948 2.28498411
v 0.07164590 -0.49956882 2.29190564
v 0.07256114 -0.49446380 2.29490018
v 0.07962402 -0.50979227 2.30296636
v 0.07920903 -0.50933683 2.30012202
v 0.07960249 -0.52348250 2.30707049
v 0.07876429 -0.53231251 2.30423141
v 0.07715345 -0.53130525 2.30235076
v 0.07835396 -0.52316457 2.30565333
v 0.07206019 -0.52411813 2.30180550
v 0.06849068 -0.52469844 2.30106521
v 0.06810016 -0.51346594 2.28111792
v 0.06707814 -0.51627541 2.27770710
v 0.06604785 -0.52561325 2.28595161
v 0.06628884 -0.52642018 2.28361249
v 0.07426004 -0.50641304 2.30489397
v 0.07039341 -0.49679804 2.30093813
v 0.07434586 -0.50375193 2.30403638
v 0.06627832 -0.49537331 2.29946733
v 0.06591909 -0.49365389 2.29772234
v 0.06849784 -0.49421895 2.29915738
v 0.07628317 -0.50431997 2.29912543
v 0.07802531 -0.50653154 2.30117559
v 0.06473231 -0.51587009 2.28613496
v 0.06292480 -0.51491863 2.28774261
v 0.06375726 -0.51544791 2.28585005
v 0.07888684 -0.52398390 2.29538631
v 0.08035714 -0.51675206 2.29903626
v 0.07098645 -0.52955085 2.28043699
v 0.06948180 -0.52030843 2.28498578
v 0.07023492 -0.52287936 2.28182268
v 0.07418581 -0.53259170 2.27821064
v 0.07239188 -0.53138566 2.27956104
v 0.07193674 -0.53040862 2.28008556
v 0.07306769 -0.53051353 2.27907419
v 0.05765038 -0.50703645 2.28952980
v 0.06094545 -0.50501025 2.28876686
v 0.06248086 -0.50791097 2.28734183
v 0.07714843 -0.54172659 2.28507042
v 0.07762671 -0.54033327 2.28696823
v 0.07619400 -0.53685355 2.29745722
v 0.07005553 -0.53259772 2.28399086
v 0.07053972 -0.53148913 2.28546119
v 0.07115314 -0.54590249 2.28495979
v 0.07069431 -0.54281652 2.28258705
v 0.07076324 -0.54256308 2.28128648
v 0.07120125 -0.54633766 2.27976990
v 0.06503163 -0.49009281 2.29579234
v 0.06782019 -0.49140739 2.29824829
v 0.06763482 -0.49263358 2.29815245
v 0.06553175 -0.49180722 2.29630518
v 0.06729341 -0.50332749 2.29016900
v 0.06646454 -0.50320250 2.29315567
v 0.08085829 -0.51207942 2.30498505
v 0.08011590 -0.51089716 2.30437875
v 0.08110153 -0.51545602 2.30475616
v 0.08195824 -0.51702124 2.30506110
v 0.06671283 -0.52596474 2.28992391
v 0.06599677 -0.52479303 2.29010487
v 0.07160975 -0.53791368 2.28649449
v 0.07366093 -0.54051870 2.28685498
v 0.07246462 -0.54171067 2.28243923
v 0.07078817 -0.53993863 2.28279042
v 0.07740616 -0.53843576 2.29928160
v 0.07061639 -0.52996999 2.28575563
v 0.07125603 -0.53059900 2.28674626
v 0.07015537 -0.53015208 2.28507328
v 0.06801730 -0.52616286 2.28237867
v 0.07015543 -0.52526814 2.28304982
v 0.07343458 -0.53342319 2.27962732
v 0.07729511 -0.53793204 2.28140116
v 0.07624855 -0.53810036 2.28162432
v 0.07281871 -0.53425837 2.27966785
v 0.06867764 -0.53091937 2.28122187
v 0.01135959 -0.51247263 2.37231994
v 0.01275388 -0.52471870 2.37433648
v -0.04801327 -0.52882898 2.18594837
v -0.05514190 -0.52957249 2.19213867
v -0.05370988 -0.52240300 2.19125366
v -0.04679430 -0.52144593 2.18646169
v 0.07131224 -0.53933978 2.27482510
v 0.07211865 -0.54249269 2.27788806
v 0.07313225 -0.54353201 2.27791739
v 0.07183959 -0.54052413 2.27542448
v 0.07885607 -0.53980893 2.29107499
v 0.08263939 -0.53836101 2.29735970
v 0.06837743 -0.51780534 2.28837609
v 0.06502096 -0.51485360 2.28935862
v 0.05485564 -0.51312828 2.28894258
v 0.05517047 -0.51424474 2.28844213
v 0.05572819 -0.51432806 2.28968072
v 0.05541826 -0.51319629 2.29041076
v 0.05841159 -0.50934714 2.29244781
v 0.06121461 -0.50794506 2.29155827
v 0.06042186 -0.50560266 2.29099989
v 0.05773472 -0.50709337 2.29262090
v 0.05445630 -0.51042211 2.29056454
v 0.05465403 -0.51177782 2.28963614
v 0.05533167 -0.51176250 2.29133940
v 0.05525313 -0.51024026 2.29255390
v 0.07642305 -0.54076004 2.28311729
v 0.07842930 -0.54138583 2.28471494
v 0.08412962 -0.53715283 2.29663730
v 0.08447167 -0.53536785 2.29844594
v 0.08203639 -0.54092485 2.29308367
v 0.08228482 -0.53984678 2.29518366
v 0.06734334 -0.50595343 2.28287077
v 0.06840003 -0.50681728 2.28446627
v 0.06788603 -0.50527483 2.28503609
v 0.08523520 -0.54010469 2.29541969
v 0.08542918 -0.54262871 2.29604292
v 0.06728329 -0.48906815 2.28789544
v 0.06623030 -0.48745167 2.28780675
v 0.04111882 -0.41575533 2.30728412
v 0.05029788 -0.42577106 2.31530881
v 0.04989903 -0.41669077 2.32028699
v 0.04084053 -0.40739542 2.31275797
v 0.07369317 -0.53452480 2.27556872
v 0.07226527 -0.53678048 2.27435040
v 0.05451789 -0.50871634 2.29007435
v 0.05440224 -0.50851905 2.29164410
v 0.05721773 -0.50671053 2.29122806
v 0.06011793 -0.51173395 2.28714204
v 0.05591233 -0.51254934 2.28767061
v 0.05867057 -0.51073378 2.29185629
v 0.05931926 -0.51487988 2.28867817
v 0.06007452 -0.51534754 2.28710461
v 0.06332713 -0.50150126 2.29031730
v 0.06497794 -0.50183344 2.29241443
v 0.06643760 -0.50065982 2.28936076
v 0.05531834 -0.50836885 2.29317451
v 0.06647000 -0.52615559 2.28750062
v 0.06180611 -0.51136649 2.29103494
v 0.06451084 -0.50997454 2.29346681
v 0.06438117 -0.50763768 2.29359508
v 0.06158821 -0.50955081 2.29175425
v 0.07470177 -0.50110543 2.29844761
v 0.07491512 -0.50268906 2.29760408
v 0.06733809 -0.50627565 2.29687285
v 0.07097585 -0.50567579 2.29510093
v 0.06782568 -0.52091873 2.28785324
v 0.06910250 -0.52330059 2.28510475
v 0.06528506 -0.51604259 2.28618407
v 0.06224885 -0.51310259 2.28956890
v 0.06476206 -0.51187801 2.29232168
v 0.06031274 -0.51305294 2.28685641
v 0.06406862 -0.51289487 2.28610420
v 0.06381240 -0.51398766 2.28585744
v 0.06026998 -0.51406682 2.28669953
v 0.07309687 -0.53212720 2.28654361
v 0.07108324 -0.53403479 2.27391171
v 0.07251593 -0.53166783 2.27606201
v 0.07200235 -0.55442303 2.29455376
v 0.07062454 -0.54863542 2.30259705
v 0.07083166 -0.54456788 2.28994155
v 0.05877743 -0.51231343 2.29089117
v 0.05574815 -0.51504266 2.28790903
v 0.05672766 -0.51415592 2.28730512
v 0.08048782 -0.50740117 2.30418181
v 0.06727726 -0.50021243 2.28927994
v 0.06686713 -0.52466738 2.28385949
v 0.07937539 -0.51789743 2.30785513
v 0.07853270 -0.51207083 2.30788803
v 0.06618413 -0.52594644 2.28375411
v 0.06684510 -0.52677763 2.28274846
v 0.06588598 -0.50244027 2.29296088
v 0.06682165 -0.50213540 2.28961873
v 0.06704982 -0.52708411 2.28236437
v 0.06813235 -0.50679338 2.28594828
v 0.07829762 -0.53418934 2.29185534
v 0.07174756 -0.49396193 2.30254865
v 0.06981964 -0.49156266 2.30045533
v 0.05636510 -0.51350677 2.28732157
v 0.05973388 -0.50553411 2.29022717
v 0.05908562 -0.51374120 2.28982067
v 0.06676470 -0.51060671 2.28634000
v 0.06583361 -0.50870472 2.28638077
v 0.06884092 -0.50864774 2.28554273
v 0.07238282 -0.50675803 2.29664087
v 0.06823632 -0.50852025 2.29875422
v 0.06913492 -0.51021659 2.30057192
v 0.07422272 -0.50813806 2.29802608
v 0.07731646 -0.50656945 2.30747247
v 0.07572669 -0.50120455 2.30608630
v 0.07811595 -0.49956262 2.30667162
v 0.08010613 -0.50531161 2.30818343
v 0.07196595 -0.57159054 2.29643250
v 0.07295458 -0.55707270 2.28590417
v 0.07293341 -0.57344520 2.28313041
v 0.07642824 -0.54404563 2.29130530
v 0.07674435 -0.54248971 2.29387832
v 0.08194346 -0.54483974 2.29621792
v 0.07030597 -0.54247820 2.27535295
v 0.07081940 -0.54183632 2.27977562
v 0.07128872 -0.54183590 2.27762914
v 0.08321095 -0.52364129 2.30807018
v 0.06854985 -0.52305931 2.27803707
v 0.07041834 -0.52454245 2.28017712
v 0.07328625 -0.50783789 2.30533266
v 0.07498692 -0.50580031 2.29663801
v 0.07710569 -0.50710249 2.29835343
v 0.08213980 -0.54217368 2.28436136
v 0.07893964 -0.53939414 2.28280735
v 0.00524168 -0.39470613 2.28961968
v 0.00550357 -0.38996422 2.29621649
v 0.00046130 -0.46996152 2.18934131
v 0.00170489 -0.47037613 2.19084334
v 0.00060797 -0.47255296 2.19102526
v -0.00003100 -0.47226882 2.19036341
v 0.00091606 -0.46188617 2.19422603
v 0.00022496 -0.46381253 2.19471097
v 0.00120878 -0.46396095 2.19571400
v 0.00211350 -0.46229309 2.19508362
v -0.00243940 -0.47217190 2.19137573
v -0.00386049 -0.46870881 2.18997002
v -0.00233065 -0.46905214 2.18821788
v -0.00136150 -0.47241515 2.19043994
v 0.08186441 -0.54544812 2.28393078
v 0.00419178 -0.46194404 2.19448781
v 0.00319969 -0.46406424 2.19499516
v 0.00382585 -0.46382535 2.19300199
v 0.00551916 -0.46213996 2.19241667
v -0.00284619 -0.45939803 2.18639541
v -0.00188100 -0.46135247 2.18542361
v -0.00291461 -0.46145189 2.18803215
v -0.00275747 -0.45970291 2.18909073
v -0.00014078 -0.46210152 2.18579102
v 0.00170067 -0.46109045 2.18421936
v 0.00342096 -0.46171325 2.18583322
v 0.00121883 -0.46261823 2.18725467
v -0.00350935 -0.46551466 2.19198799
v -0.00209000 -0.46317238 2.19138122
v -0.00407066 -0.46427101 2.18843746
v 0.00406740 -0.46669352 2.19386768
v 0.00277156 -0.46625662 2.19566536
v 0.00178276 -0.47000605 2.19463587
v 0.00303051 -0.47041357 2.19345355
v 0.04419820 -0.43032658 2.29853487
v 0.05160903 -0.43860495 2.30990720
v 0.02650027 -0.49151087 2.20492530
v 0.02590303 -0.48842019 2.20474935
v 0.02192825 -0.48921412 2.20364237
v 0.02276325 -0.49196368 2.20379400
v 0.06947707 -0.51047832 2.28391361
v 0.06890699 -0.51079488 2.28250766
v 0.07703397 -0.54071420 2.29660678
v 0.08117046 -0.54144752 2.29047894
v 0.07620535 -0.54484797 2.28850603
v 0.07481437 -0.54511482 2.28289080
v 0.07351236 -0.54319143 2.28283262
v 0.07467046 -0.54253805 2.28757691
v 0.08438310 -0.54185939 2.29062963
v 0.06854264 -0.49898547 2.28965163
v 0.07633038 -0.52914441 2.29092598
v 0.07402250 -0.54451740 2.28026319
v 0.07739535 -0.54627633 2.28026772
v 0.08333211 -0.52190268 2.30362296
v 0.08473156 -0.54127443 2.29310751
v 0.08309668 -0.53944498 2.29262590
v 0.07552816 -0.53504199 2.27785563
v 0.07005621 -0.51380837 2.30161381
v 0.07674501 -0.51316053 2.29944921
v 0.07605427 -0.50997615 2.29907918
v -0.09978583 -0.53762215 2.30318975
v -0.09968378 -0.53553051 2.30531311
v -0.09995274 -0.53338319 2.30414629
v -0.09990922 -0.53527302 2.30222631
v -0.09556589 -0.51969385 2.30853510
v -0.09569831 -0.52738440 2.30721331
v -0.09676214 -0.53001142 2.30704308
v -0.09715996 -0.52776062 2.30695224
v 0.06938466 -0.51165432 2.30135441
v 0.06580793 -0.52356100 2.28997278
v 0.06517491 -0.49991864 2.27973795
v 0.07453931 -0.49600577 2.29772806
v -0.09515437 -0.50865203 2.30964446
v -0.09420785 -0.50906408 2.30893707
v -0.09587747 -0.51404935 2.30895901
v -0.09683769 -0.51405990 2.30978251
v 0.07555230 -0.49784362 2.29951191
v 0.02731588 -0.51201028 2.36474824
v 0.03091487 -0.52442724 2.36683035
v 0.08532873 -0.52297837 2.30668855
v 0.07638797 -0.54084158 2.28424931
v 0.07051912 -0.49921083 2.29099989
v 0.07021491 -0.49374253 2.29236841
v 0.06869721 -0.49329734 2.29039979
v 0.07097599 -0.53090078 2.28622985
v 0.07253923 -0.50900608 2.30502439
v 0.07254529 -0.51161098 2.30513287
v 0.05603613 -0.51480651 2.28902316
v 0.07485314 -0.50249296 2.30481362
v 0.07119197 -0.49539632 2.30170250
v 0.05557103 -0.44758642 2.32105684
v 0.05337932 -0.45615023 2.33402443
v -0.08037409 -0.48264772 2.29606915
v -0.08329619 -0.48519123 2.29689693
v -0.08343922 -0.48358327 2.29902267
v -0.07878415 -0.48191762 2.29805541
v 0.05406407 -0.44505441 2.33757997
v 0.05486697 -0.43572736 2.32585287
v 0.06620211 -0.51331079 2.27507782
v 0.06694817 -0.50747061 2.28029060
v 0.06626592 -0.50576812 2.27906656
v 0.01949482 -0.40493649 2.28924894
v 0.01707236 -0.39577776 2.29815245
v 0.06544960 -0.49894637 2.27585745
v 0.06549311 -0.49421060 2.26596665
v 0.06610740 -0.50904751 2.25970626
v 0.06581388 -0.50792640 2.27136064
v 0.05173114 -0.52434361 2.21353650
v 0.05366835 -0.52665824 2.21727490
v 0.05457362 -0.51771569 2.22153950
v 0.05219188 -0.51737946 2.21765566
v 0.01034298 -0.57178265 2.17586708
v -0.00000081 -0.57146579 2.17382979
v 0.00024441 -0.58105189 2.17576075
v 0.01086559 -0.58130336 2.17809796
v 0.03269870 -0.53387052 2.36711240
v 0.03372277 -0.54538625 2.36637521
v 0.01464325 -0.54524511 2.37557602
v 0.01356439 -0.53416836 2.37525034
v 0.01065349 -0.60680109 2.19191933
v -0.00024141 -0.60702521 2.18882227
v -0.00018354 -0.61564469 2.19650650
v -0.07579798 -0.48334497 2.29846430
v -0.07930014 -0.48443526 2.30271006
v -0.07895433 -0.48750395 2.30230737
v -0.07623415 -0.48625350 2.29906964
v 0.01082073 -0.61482745 2.19959044
v 0.04526636 -0.49304479 2.21414018
v 0.04784526 -0.48714191 2.21653390
v 0.04363022 -0.48529553 2.21342230
v 0.04189387 -0.49145490 2.21167803
v 0.07014434 -0.48864478 2.29129744
v 0.06898970 -0.48886192 2.28987312
v -0.09512310 -0.54129857 2.28513670
v -0.09540176 -0.53803891 2.28598189
v -0.09386314 -0.53644437 2.28417683
v -0.09351488 -0.53962255 2.28291965
v -0.08002254 -0.51434290 2.30671549
v -0.07844914 -0.50764418 2.30742979
v -0.08472390 -0.51297933 2.30871391
v -0.08510675 -0.51571500 2.30781746
v 0.00005355 -0.62406528 2.20625806
v 0.01115643 -0.62287921 2.20909810
v 0.00440115 -0.49494600 2.19479203
v -0.09331039 -0.53456056 2.29648161
v -0.09401508 -0.53666127 2.29943037
v -0.09436098 -0.53502405 2.30128670
v -0.09336382 -0.53251135 2.29940701
v -0.09610894 -0.53966689 2.30332637
v -0.09621786 -0.53730333 2.30574393
v -0.07924512 -0.48946452 2.29073787
v -0.07838799 -0.49233752 2.28860521
v -0.07898917 -0.49428648 2.28912544
v -0.07936909 -0.49393952 2.29078031
v -0.07904667 -0.51144683 2.29806352
v -0.08130179 -0.51458567 2.29486036
v -0.09092058 -0.49718857 2.30857682
v -0.09094870 -0.49855477 2.30705810
v -0.09312187 -0.50353259 2.30881500
v -0.09311729 -0.50275868 2.31034422
v 0.00485346 -0.49778736 2.19676447
v 0.00855542 -0.49529958 2.19955730
v 0.00814194 -0.49259275 2.19797230
v -0.00243014 -0.54029435 2.17357826
v -0.00167761 -0.54875666 2.17304325
v 0.00746796 -0.54966247 2.17442632
v 0.00628786 -0.54100251 2.17438889
v 0.01290069 -0.49355191 2.20173025
v 0.01203387 -0.49104768 2.20090246
v 0.00001723 -0.59011495 2.17882657
v 0.01076647 -0.59038717 2.18178487
v 0.01022459 -0.64803416 2.25403833
v -0.08822117 -0.50016344 2.30428839
v -0.09051348 -0.50381750 2.30669498
v -0.09146917 -0.50505149 2.30817223
v -0.09043574 -0.50230193 2.30695820
v 0.01060796 -0.64465338 2.24592757
v -0.00070058 -0.64705378 2.24560690
v -0.09600216 -0.53723025 2.29456544
v -0.09419871 -0.53749228 2.28927660
v -0.09514634 -0.53702301 2.28921390
v -0.09694382 -0.53669596 2.29464746
v 0.00054386 -0.65168059 2.25760794
v 0.06397091 -0.53570211 2.32637358
v 0.06698661 -0.52911705 2.31209493
v 0.06852873 -0.54087746 2.30849934
v 0.06700861 -0.55261117 2.32165933
v 0.03106722 -0.41424847 2.29316735
v 0.02900718 -0.40475708 2.30219316
v -0.08687966 -0.52671391 2.30265522
v -0.08598773 -0.53081650 2.29894876
v -0.08504914 -0.53002685 2.29879093
v -0.08619484 -0.52667677 2.30242419
v -0.09625257 -0.53674221 2.30249381
v -0.09642735 -0.53459710 2.30455351
v -0.09469087 -0.53297091 2.30357862
v -0.08308970 -0.52785611 2.28623462
v -0.08370081 -0.52896732 2.28684878
v -0.08418900 -0.52777320 2.28781366
v -0.08373087 -0.52626860 2.28761029
v -0.08290724 -0.48387516 2.30249476
v -0.07631151 -0.49711829 2.30534434
v -0.07817146 -0.49811763 2.30652714
v -0.08109219 -0.50294095 2.30762410
v -0.07969056 -0.50419605 2.30754042
v 0.04421459 -0.54199350 2.19824004
v 0.04626781 -0.54878086 2.20030141
v 0.04971271 -0.54344654 2.20641375
v 0.04763001 -0.53738147 2.20362759
v -0.00320716 -0.52692598 2.17532396
v 0.00420253 -0.52724272 2.17559481
v 0.00245688 -0.52111274 2.17758918
v -0.00368818 -0.52074933 2.17728710
v -0.07615753 -0.48317474 2.29373407
v -0.07926197 -0.48344487 2.29355264
v -0.07994770 -0.48278934 2.29494119
v -0.07678162 -0.48247874 2.29566050
v 0.05183413 -0.51029533 2.22040367
v 0.05469972 -0.50864631 2.22402620
v 0.05377549 -0.49923795 2.22304320
v 0.05060725 -0.50232434 2.21985555
v 0.04781688 -0.49546313 2.21640444
v -0.08634952 -0.53227746 2.28583479
v -0.08882191 -0.53278333 2.28842425
v -0.08677267 -0.53157306 2.28807545
v -0.08513993 -0.53096557 2.28604031
v 0.05065669 -0.49011111 2.21900821
v -0.09455490 -0.52494538 2.30632639
v -0.09354147 -0.53048426 2.30205798
v 0.00889054 -0.56033093 2.17438269
v -0.00098400 -0.55955201 2.17247963
v 0.05216637 -0.53576446 2.21253276
v 0.05019753 -0.53118390 2.20898557
v 0.00138870 -0.49676979 2.19101191
v 0.00220467 -0.49954116 2.19391894
v -0.00061078 -0.50254613 2.18948579
v -0.09406205 -0.51411080 2.30484462
v -0.09398369 -0.51539654 2.30753994
v -0.09324233 -0.51105362 2.30776334
v -0.09337883 -0.50986493 2.30509639
v -0.00420329 -0.50004488 2.18403482
v -0.00441597 -0.50416303 2.18370986
v -0.00126465 -0.50548178 2.18729496
v 0.02424650 -0.54369307 2.18086314
v 0.02571789 -0.55192471 2.18144608
v 0.03342905 -0.55277336 2.18717146
v 0.03190624 -0.54497761 2.18612719
v 0.01069532 -0.59864408 2.18619847
v -0.09398778 -0.52179784 2.30163741
v -0.09421910 -0.52313209 2.30481958
v -0.00016663 -0.59859794 2.18303180
v -0.00426779 -0.51312476 2.18106246
v -0.00003984 -0.51380783 2.18254042
v -0.00086813 -0.51090330 2.18491364
v -0.09748109 -0.53223336 2.30313063
v -0.09767944 -0.52671903 2.30582118
v -0.09703648 -0.53312385 2.30378342
v -0.08383083 -0.53288758 2.29507589
v -0.08360297 -0.53719330 2.29743910
v -0.08304485 -0.53174281 2.30207872
v -0.08398481 -0.53110731 2.29747868
v -0.00422306 -0.51014280 2.18256688
v 0.01707692 -0.48995179 2.20242405
v 0.01792191 -0.49248910 2.20274067
v 0.06198677 -0.48946416 2.29475069
v 0.06327156 -0.48858058 2.29470587
v 0.06617934 -0.52896386 2.26522803
v 0.06572825 -0.51810312 2.26773787
v 0.06569537 -0.52192605 2.25502014
v 0.06481160 -0.53492576 2.25220013
v 0.06680477 -0.54724234 2.25074148
v 0.06900328 -0.55803818 2.25228786
v 0.06981234 -0.54586005 2.26521897
v 0.06793994 -0.53822291 2.26387191
v 0.04930948 -0.45263588 2.34847641
v 0.04681474 -0.46312290 2.34702587
v -0.00421400 -0.49615359 2.18267775
v -0.00431703 -0.49254102 2.18137431
v 0.01397590 -0.58820927 2.36874056
v -0.07939030 -0.49822319 2.28793859
v -0.08060844 -0.50064969 2.28829336
v -0.07969318 -0.49912924 2.29057837
v -0.07907651 -0.49678582 2.29087973
v 0.01367700 -0.57525361 2.37089229
v 0.03445930 -0.57630169 2.36235905
v 0.03390534 -0.58888626 2.35798144
v 0.06125909 -0.52461964 2.32672453
v -0.08172587 -0.50057876 2.30711198
v -0.07891500 -0.49683774 2.30621123
v -0.07942382 -0.49611616 2.30565023
v -0.08223654 -0.49844265 2.30641460
v 0.06484087 -0.51986706 2.31299901
v 0.00258883 -0.46669269 2.19026351
v -0.00052401 -0.47275066 2.19300818
v -0.00024063 -0.46971118 2.19482541
v -0.00072313 -0.47204250 2.19354677
v 0.00268804 -0.46320391 2.18950844
v 0.00509061 -0.46210933 2.18840885
v 0.00046247 -0.46603310 2.19616890
v -0.00044901 -0.46597707 2.19559336
v -0.00104021 -0.46985286 2.19446373
v 0.00059658 -0.47289747 2.19219160
v -0.00555711 -0.45681012 2.18503428
v -0.00506187 -0.45712119 2.18172050
v -0.00130010 -0.45882714 2.18211508
v -0.00271372 -0.45824701 2.18466616
v -0.00264864 -0.47159475 2.19213462
v -0.00355831 -0.46915418 2.19221640
v -0.00275882 -0.46438020 2.18610144
v -0.00092977 -0.46946931 2.18841982
v -0.00066248 -0.47239220 2.19023967
v -0.00103127 -0.46532977 2.18658710
v -0.00158206 -0.46074617 2.19151115
v 0.00067840 -0.46609104 2.18808460
v -0.09124156 -0.53476316 2.29011464
v -0.09124112 -0.53024179 2.29294443
v -0.08947956 -0.52965140 2.29147243
v -0.08511753 -0.49841994 2.29610252
v -0.08581160 -0.50028950 2.29738522
v -0.08638700 -0.49821353 2.30008984
v -0.08568218 -0.49582893 2.29935122
v 0.07354209 -0.50450981 2.29519582
v 0.05365701 -0.45130825 2.29597282
v 0.05729860 -0.46853006 2.29695892
v 0.05673891 -0.47046185 2.30278921
v -0.08692475 -0.48915190 2.30560756
v -0.08436702 -0.48929691 2.30638123
v -0.08204899 -0.48638010 2.30432487
v -0.08470069 -0.48602378 2.30403185
v -0.07927068 -0.49559242 2.29057384
v -0.07918139 -0.49563789 2.28884101
v -0.08892161 -0.52769661 2.30444765
v -0.08842915 -0.53263783 2.29981399
v 0.05465661 -0.45431501 2.30551195
v 0.07343548 -0.53084773 2.28777361
v 0.05814477 -0.55694187 2.22061300
v 0.06008471 -0.57180852 2.22469044
v 0.06632201 -0.56549215 2.23952889
v -0.09291725 -0.53020734 2.29799819
v -0.09306464 -0.52833724 2.30017853
v 0.06496236 -0.55307281 2.23879194
v 0.05945019 -0.58373839 2.22877860
v 0.06620972 -0.57826096 2.24218416
v 0.07075199 -0.57073069 2.25557017
v 0.07264363 -0.55677855 2.27668047
v 0.03421199 -0.50577694 2.20405054
v 0.03465333 -0.50552213 2.20392871
v 0.03292164 -0.50473672 2.20293045
v -0.08219595 -0.51213992 2.28853464
v -0.07972036 -0.51313984 2.28945351
v -0.07965852 -0.51237315 2.28979993
v -0.08273815 -0.51054907 2.28908968
v 0.03292212 -0.50495315 2.20298886
v 0.03372183 -0.50607336 2.20455313
v 0.03237289 -0.50519186 2.20369792
v -0.08268302 -0.51151109 2.28724408
v -0.08316178 -0.50993419 2.28783154
v -0.08280667 -0.50928575 2.28675914
v -0.08247479 -0.51008278 2.28623986
v 0.03461449 -0.50686020 2.20524621
v 0.03517513 -0.50650084 2.20491004
v 0.03545585 -0.50622255 2.20492625
v 0.01667419 -0.50474024 2.20127368
v 0.01739852 -0.50536138 2.20167708
v 0.01980838 -0.50443166 2.20170379
v 0.01910747 -0.50393611 2.20079947
v 0.01644882 -0.50433743 2.20105314
v 0.01908059 -0.50351459 2.20060253
v -0.07886879 -0.51358825 2.28985381
v -0.07915786 -0.51319653 2.28968906
v -0.07949075 -0.51379979 2.28972149
v -0.08283183 -0.52102751 2.29926729
v -0.08401841 -0.51439291 2.30397511
v -0.08193395 -0.51385200 2.30320358
v -0.08060835 -0.51971674 2.29885268
v 0.02053123 -0.50913572 2.20603204
v 0.02005619 -0.50944620 2.20604277
v -0.09455089 -0.51704037 2.30853319
v 0.02144230 -0.50879002 2.20590782
v 0.01514780 -0.50750488 2.20248199
v 0.01516783 -0.50834578 2.20188332
v -0.09040598 -0.53425056 2.27991295
v -0.08872365 -0.53624779 2.27898693
v -0.09139069 -0.54109454 2.28185821
v 0.02001430 -0.51011080 2.20544243
v 0.02002968 -0.50973362 2.20584130
v 0.01519676 -0.50694013 2.20264530
v -0.08011193 -0.50223863 2.29917336
v -0.08302885 -0.50207871 2.29607153
v -0.08135448 -0.50132287 2.29470110
v -0.07974639 -0.50130641 2.29769444
v -0.07895600 -0.50413400 2.29147792
v -0.07692744 -0.50076592 2.29193711
v -0.08110969 -0.50200349 2.29071116
v -0.08245261 -0.51719809 2.28453493
v -0.08100624 -0.51463187 2.28864050
v -0.08188707 -0.51298851 2.28783679
v -0.08228559 -0.51283234 2.28639817
v -0.09499553 -0.50851452 2.31106305
v -0.09664059 -0.51425976 2.31131721
v -0.09482332 -0.51469290 2.31255198
v -0.09327644 -0.50866646 2.31240916
v 0.01364188 -0.50661707 2.20277882
v 0.01299244 -0.50711536 2.20287704
v -0.07712298 -0.48572147 2.29078507
v -0.07347795 -0.48463613 2.29484105
v -0.07658892 -0.48801082 2.28894639
v -0.09920651 -0.54189050 2.29513597
v -0.09572747 -0.54422319 2.29453516
v -0.09607650 -0.54316658 2.29765821
v -0.09969510 -0.54093748 2.29805946
v -0.07879555 -0.52186692 2.29191852
v -0.07961591 -0.51978135 2.29237890
v -0.07996795 -0.52058250 2.29046440
v -0.07908051 -0.52247053 2.28985739
v 0.01299895 -0.50827277 2.20202351
v 0.02445824 -0.50263882 2.20077443
v 0.02469520 -0.50187391 2.20104694
v 0.01988448 -0.50198615 2.20081711
v 0.01940887 -0.50285625 2.20058751
v 0.02423120 -0.50316441 2.20073223
v 0.02773947 -0.50368178 2.20145679
v 0.02785390 -0.50312871 2.20154953
v 0.02802067 -0.50241995 2.20189214
v -0.05640506 -0.50559562 2.34521484
v -0.06586193 -0.49827498 2.32847452
v -0.07058306 -0.51381153 2.33020329
v -0.06275471 -0.51889884 2.34522843
v -0.08800614 -0.49142849 2.30401063
v -0.08701641 -0.48858249 2.30247879
v -0.08389477 -0.52392685 2.27998185
v -0.08324484 -0.52490151 2.27798676
v -0.08419216 -0.53054941 2.27710032
v -0.08494675 -0.52757978 2.27852154
v 0.01686166 -0.50296545 2.20060873
v 0.01660868 -0.50388902 2.20071149
v 0.02821020 -0.50181413 2.20212245
v 0.02497019 -0.50126606 2.20145345
v -0.09651519 -0.53021067 2.30988622
v -0.09941439 -0.52893287 2.30891228
v 0.02012081 -0.50134832 2.20114970
v 0.01668477 -0.50243121 2.20086241
v 0.01388297 -0.50370133 2.20117688
v 0.01503143 -0.50400406 2.20102191
v 0.02539286 -0.50063986 2.20192194
v 0.02530656 -0.49982762 2.20249057
v 0.02038907 -0.49981457 2.20193005
v 0.02040016 -0.50066572 2.20150256
v -0.08584158 -0.53211063 2.28412938
v -0.08948385 -0.53673017 2.28608489
v -0.08737345 -0.53406996 2.28597403
v -0.08551873 -0.53173721 2.28455639
v -0.08489168 -0.52365577 2.28577018
v -0.08557732 -0.52473629 2.28486109
v -0.08387301 -0.52566868 2.28465176
v -0.08282514 -0.52445048 2.28537941
v 0.02845531 -0.50117004 2.20273590
v 0.02839801 -0.50037891 2.20333004
v -0.08271818 -0.52886158 2.27500200
v -0.08409246 -0.53457880 2.27602291
v 0.03660348 -0.50696677 2.20648050
v 0.03707143 -0.50776911 2.20716000
v 0.03708491 -0.50721163 2.20727706
v -0.07477906 -0.49659806 2.30514956
v 0.03688208 -0.50663042 2.20701647
v 0.03991193 -0.50569123 2.21070576
v 0.04070744 -0.50733125 2.21116424
v 0.04238814 -0.50712174 2.21261692
v -0.08530089 -0.52394271 2.28276658
v -0.08611395 -0.52612668 2.28132534
v -0.08655281 -0.52608752 2.28399038
v -0.07758924 -0.49220616 2.28642225
v -0.07852247 -0.49463028 2.28755450
v -0.08471645 -0.53081965 2.28478551
v -0.08389306 -0.52969754 2.28523421
v -0.08241731 -0.52608109 2.28602672
v -0.08282880 -0.52477598 2.28826833
v 0.04136870 -0.50525588 2.21204686
v -0.08931492 -0.52108121 2.29739594
v -0.09104227 -0.51399374 2.30263042
v 0.04961656 -0.49842089 2.21841979
v 0.04347061 -0.50272512 2.21358871
v 0.04481542 -0.50485855 2.21475530
v 0.03614804 -0.50642210 2.20581794
v 0.03548633 -0.50578743 2.20510387
v 0.03602466 -0.50679272 2.20567465
v 0.03644908 -0.50746053 2.20643497
v 0.03646538 -0.50594848 2.20646214
v 0.03562928 -0.50520253 2.20555210
v 0.03456169 -0.50517720 2.20411229
v 0.03486630 -0.50443149 2.20448399
v 0.03306657 -0.50361061 2.20349097
v 0.03292327 -0.50434422 2.20310736
v 0.03074259 -0.50369608 2.20238686
v -0.07443296 -0.50912505 2.31650925
v -0.07096667 -0.49044234 2.30977130
v 0.03103733 -0.50426126 2.20228314
v 0.03090705 -0.50297499 2.20278764
v 0.03322963 -0.50308746 2.20397282
v 0.03107129 -0.50238162 2.20318389
v 0.03494998 -0.50393009 2.20509481
v 0.03578557 -0.50481635 2.20615911
v 0.03664972 -0.50568217 2.20709610
v 0.03721629 -0.50640595 2.20765662
v 0.03751228 -0.50722980 2.20791554
v 0.03701248 -0.50537544 2.20787621
v 0.03776825 -0.50498712 2.20894766
v 0.03647112 -0.50391698 2.20790505
v 0.03600400 -0.50442332 2.20686316
v 0.03775964 -0.50626421 2.20850229
v 0.03857576 -0.50603050 2.20963192
v -0.08275910 -0.52608436 2.28464818
v -0.08273339 -0.52653223 2.28470731
v -0.08191057 -0.52581036 2.28541803
v -0.08182111 -0.52516448 2.28534746
v 0.03494667 -0.50356191 2.20586681
v 0.03502764 -0.50299746 2.20663428
v 0.03346059 -0.50196856 2.20527744
v 0.03346469 -0.50253272 2.20454955
v -0.08569812 -0.48624784 2.30104709
v -0.08808870 -0.52627867 2.29271579
v -0.08460470 -0.52353197 2.29179692
v -0.08569372 -0.52551603 2.28975892
v 0.03125405 -0.50185078 2.20365477
v 0.03152505 -0.50113028 2.20436215
v -0.09715840 -0.51869589 2.30800128
v -0.09862678 -0.52657211 2.30577946
v -0.10002756 -0.52752733 2.30705261
v -0.09831429 -0.51907319 2.30928993
v 0.02414376 -0.50336951 2.20088029
v 0.02384161 -0.50386065 2.20182490
v 0.02743952 -0.50398237 2.20237875
v 0.02776722 -0.50389183 2.20160055
v 0.03105286 -0.50439227 2.20233512
v -0.07434874 -0.48392075 2.29648972
v -0.07960560 -0.51940328 2.29357290
v -0.08090099 -0.51755089 2.29361248
v 0.03046262 -0.50443459 2.20306373
v 0.02733756 -0.50435907 2.20336699
v 0.02574717 -0.50805259 2.20618153
v 0.02726129 -0.50821447 2.20646143
v 0.03006156 -0.50477576 2.20394516
v -0.08028709 -0.52379167 2.28927207
v -0.08075794 -0.52455044 2.28674197
v 0.02411793 -0.50438464 2.20283723
v 0.02437981 -0.50810075 2.20587945
v 0.02080506 -0.50510854 2.20249677
v -0.07865214 -0.49736118 2.28592181
v 0.02256286 -0.50840199 2.20582247
v 0.01817827 -0.50572366 2.20223236
v 0.02542383 -0.51461011 2.19596696
v 0.02549562 -0.51464540 2.19559312
v 0.03028088 -0.51443130 2.19612551
v 0.02985136 -0.51437485 2.19668674
v 0.04607896 -0.54542744 2.35498667
v 0.04668718 -0.56134844 2.35401082
v 0.03450103 -0.56054443 2.36516213
v 0.03281692 -0.51263559 2.19849038
v 0.03282392 -0.51362658 2.19849491
v 0.03535400 -0.51299900 2.20021868
v 0.03519746 -0.51220089 2.20045424
v 0.03284809 -0.51159209 2.19847798
v -0.09541202 -0.53928936 2.29805851
v -0.09587407 -0.53822494 2.30036592
v -0.09383795 -0.53754842 2.29727364
v -0.09356313 -0.53803170 2.29526949
v -0.09283100 -0.53840405 2.29175282
v -0.09295148 -0.53959566 2.29067588
v -0.09466437 -0.54003650 2.29550099
v -0.08337183 -0.52417535 2.29015231
v -0.08473293 -0.52556521 2.28853035
v 0.03487456 -0.51118231 2.20063996
v 0.03007066 -0.51200497 2.19647145
v -0.08445923 -0.49686450 2.29534149
v -0.08468670 -0.49188787 2.29845691
v -0.09197832 -0.50697154 2.30691147
v -0.09188358 -0.50645322 2.30393696
v -0.09220871 -0.52046418 2.31091118
v -0.09234041 -0.52932012 2.30798793
v -0.09086804 -0.52833605 2.30597186
v -0.09107628 -0.52020901 2.30944777
v 0.03002849 -0.51319176 2.19651628
v 0.02987951 -0.51411265 2.19672894
v 0.03431423 -0.51152492 2.20505857
v 0.03347765 -0.51210988 2.20405483
v -0.08509947 -0.52121824 2.30550456
v -0.08175072 -0.52192807 2.30477142
v -0.08202815 -0.51088488 2.28531742
v -0.08144580 -0.51378161 2.28187799
v -0.07972541 -0.52319282 2.28948903
v -0.08033150 -0.52400702 2.28714156
v -0.08594686 -0.50383341 2.30851388
v -0.08178612 -0.49455273 2.30430508
v -0.08602283 -0.50115186 2.30756140
v -0.07756423 -0.49332327 2.30272651
v -0.07723524 -0.49162173 2.30092168
v -0.07986131 -0.49206495 2.30241942
v 0.03395371 -0.51143676 2.20273185
v 0.03513350 -0.51121145 2.20424819
v 0.03490348 -0.51115459 2.20585084
v 0.03584217 -0.51091248 2.20537233
v 0.02969412 -0.51152092 2.20744920
v 0.02934310 -0.51173359 2.20702887
v 0.02886943 -0.51195687 2.20650101
v -0.08851124 -0.50159681 2.30270529
v -0.09037837 -0.50368726 2.30488086
v 0.02988690 -0.51130742 2.20775509
v -0.07845396 -0.51360816 2.29052472
v -0.07671069 -0.51279390 2.29214692
v -0.07749292 -0.51315075 2.29014158
v -0.09255529 -0.52119893 2.29930878
v -0.09323887 -0.51384449 2.30312085
v -0.08544219 -0.52690828 2.28426266
v 0.02997210 -0.51108205 2.20797396
v -0.08362965 -0.51776725 2.28924918
v -0.08457798 -0.52029997 2.28597713
v -0.08898158 -0.52952659 2.28236198
v -0.08711784 -0.52836835 2.28361511
v -0.08649497 -0.52766252 2.28394294
v -0.08766197 -0.52770138 2.28302312
v -0.07111137 -0.50485867 2.29368806
v -0.07438418 -0.50270671 2.29295564
v -0.07604028 -0.50550795 2.29167533
v 0.02996788 -0.51082855 2.20808649
v 0.02972139 -0.51054722 2.20807695
v 0.05314991 -0.48313338 2.22477388
v 0.05252563 -0.49404126 2.22118855
v -0.09217600 -0.53880787 2.28939772
v -0.09252651 -0.53736627 2.29131985
v -0.08972426 -0.53377116 2.30131555
v 0.05553420 -0.48773825 2.22707629
v 0.03569289 -0.50715131 2.20570016
v -0.08461638 -0.52957624 2.28767538
v -0.08517304 -0.52862900 2.28899336
v 0.03615708 -0.50784987 2.20638895
v -0.08576305 -0.54261726 2.28861809
v -0.08540993 -0.53956789 2.28624058
v -0.08553474 -0.53928214 2.28496122
v -0.08607976 -0.54295379 2.28355002
v 0.03509134 -0.50754583 2.20589280
v -0.07683815 -0.48789930 2.29933476
v -0.07892836 -0.48930728 2.30149603
v -0.07895366 -0.49052179 2.30136800
v -0.07732944 -0.48959965 2.29988694
v -0.08053603 -0.50069547 2.29423451
v -0.07952575 -0.50073367 2.29684138
v 0.03553820 -0.50822067 2.20643854
v -0.09297653 -0.50917751 2.30901074
v -0.09228671 -0.50803488 2.30835342
v -0.09362654 -0.51254469 2.30887961
v -0.09451059 -0.51400453 2.30915570
v 0.03665226 -0.50868094 2.20695758
v 0.03705966 -0.50845039 2.20715261
v 0.03308709 -0.50633329 2.20520306
v 0.02870455 -0.50896811 2.20726347
v 0.02914442 -0.50940913 2.20754862
v -0.07962117 -0.52338743 2.29377604
v -0.07898013 -0.52230734 2.29397535
v -0.08572310 -0.53506833 2.29008174
v -0.08806592 -0.53769612 2.29067564
v -0.08719765 -0.53884971 2.28619599
v -0.08539310 -0.53674948 2.28644061
v -0.09124724 -0.53532690 2.30324101
v 0.03380472 -0.50726402 2.20575047
v 0.03181877 -0.50549269 2.20449352
v 0.02801499 -0.50857794 2.20682526
v 0.02935859 -0.50979346 2.20776248
v 0.02968135 -0.51015764 2.20802236
v -0.08516312 -0.52715003 2.28923750
v -0.08585584 -0.52770633 2.29017973
v 0.03410536 -0.50789189 2.20622277
v -0.08474282 -0.52737886 2.28856301
v 0.03455706 -0.50856030 2.20672369
v 0.03589433 -0.50900638 2.20673871
v -0.08212890 -0.52371174 2.28602266
v -0.08419974 -0.52275866 2.28684115
v -0.08839338 -0.53034115 2.28375459
v -0.09226604 -0.53501934 2.28570056
v -0.09119295 -0.53522176 2.28588820
v -0.08780821 -0.53120488 2.28374100
v 0.03522840 -0.50986159 2.20702219
v 0.03528710 -0.51033199 2.20682573
v 0.03623020 -0.50958055 2.20662546
v -0.08317024 -0.52829516 2.28491759
v 0.03626839 -0.51008159 2.20646715
v 0.03490583 -0.50931388 2.20701098
v -0.01808725 -0.51245075 2.37369752
v -0.02134337 -0.52475870 2.37478876
v 0.03516987 -0.51077527 2.20643544
v 0.03611912 -0.51049250 2.20603609
v 0.03734090 -0.50804579 2.20750570
v 0.03728482 -0.50890976 2.20739055
v 0.03792017 -0.51008135 2.20737553
v 0.03782027 -0.50825185 2.20800424
v -0.08653699 -0.53618056 2.27875090
v -0.08723947 -0.53923708 2.28176284
v -0.08839262 -0.54026097 2.28190708
v -0.08711956 -0.53733230 2.27934432
v -0.09345458 -0.53688592 2.29543948
v 0.03854060 -0.50851345 2.20869374
v 0.03818331 -0.50724655 2.20882654
v 0.03869887 -0.51079601 2.20748854
v 0.04021609 -0.51146710 2.20802808
v -0.09694495 -0.53523237 2.30188274
v -0.08207148 -0.51544112 2.29276085
v -0.07835260 -0.51272273 2.29363894
v 0.03970627 -0.50888103 2.20962977
v 0.03917341 -0.50738323 2.20984745
v 0.03690326 -0.50934106 2.20715070
v -0.06833969 -0.51119787 2.29290605
v -0.06871619 -0.51230109 2.29239631
v -0.06919423 -0.51240355 2.29377270
v -0.06878126 -0.51127863 2.29455471
v 0.03720739 -0.51003349 2.20694399
v 0.03810411 -0.51121402 2.20580935
v -0.07161696 -0.50713170 2.29680467
v -0.07442756 -0.50570637 2.29587364
v -0.07374047 -0.50339711 2.29517174
v -0.07100948 -0.50494248 2.29680634
v 0.03882735 -0.51197773 2.20560884
v 0.03768005 -0.51067477 2.20595455
v 0.03709577 -0.51081818 2.20445037
v 0.03735942 -0.51149005 2.20415950
v -0.06787709 -0.50846344 2.29471183
v -0.06805471 -0.50984555 2.29369211
v -0.06852737 -0.50974959 2.29560757
v -0.06844106 -0.50835085 2.29668522
v 0.03776526 -0.51211840 2.20393491
v 0.03659465 -0.51173186 2.20232153
v -0.09159863 -0.53793937 2.28736353
v -0.09334699 -0.53852880 2.28910232
v 0.03700116 -0.51248664 2.20199895
v 0.03620277 -0.51093942 2.20269871
v 0.03709230 -0.51049960 2.20605659
v -0.09838015 -0.53383636 2.30120063
v -0.09847515 -0.53207666 2.30300474
v -0.09645455 -0.53774071 2.29742217
v -0.09675437 -0.53671235 2.29971528
v 0.03654100 -0.51070273 2.20485258
v 0.03570666 -0.51083916 2.20334101
v 0.03455224 -0.51063544 2.20137954
v -0.08104440 -0.50306910 2.28713560
v -0.08232238 -0.50394273 2.28889251
v -0.08164340 -0.50237477 2.28937984
v -0.09963421 -0.53681511 2.29998899
v -0.09971532 -0.53931844 2.30086517
v -0.07977825 -0.48645788 2.29182863
v -0.07861891 -0.48489702 2.29171157
v -0.04881895 -0.41451377 2.31123447
v -0.05744739 -0.42443925 2.32017922
v -0.05607201 -0.41545951 2.32560039
v -0.04775717 -0.40626377 2.31711936
v -0.08891731 -0.53136140 2.27966976
v -0.08756152 -0.53363574 2.27832150
v 0.03264003 -0.51085395 2.19916868
v 0.03166721 -0.51169538 2.20066667
v 0.02988575 -0.51131338 2.19716692
v -0.06797853 -0.50661004 2.29412055
v -0.06802081 -0.50638562 2.29588366
v -0.07059468 -0.50463593 2.29543090
v -0.07370378 -0.50961477 2.29127383
v -0.06947749 -0.51058000 2.29166269
v 0.02911584 -0.51174033 2.19923401
v 0.02615697 -0.51470441 2.19415140
v 0.03130150 -0.51469916 2.19458699
v 0.02831565 -0.51258552 2.20047164
v 0.02605568 -0.51221752 2.20469713
v 0.02456341 -0.51200670 2.20451331
v 0.02510175 -0.51204634 2.20004129
v -0.07178205 -0.50869727 2.29604530
v 0.01573777 -0.50882101 2.20112562
v 0.01652041 -0.50943780 2.20039344
v -0.07282454 -0.51293629 2.29295659
v -0.07374254 -0.51324499 2.29129219
v -0.07644337 -0.49884999 2.29391098
v -0.07801818 -0.49923247 2.29612279
v -0.07967087 -0.49793345 2.29310036
v -0.06843833 -0.50650227 2.29720163
v -0.07983115 -0.52354771 2.29141712
v 0.02058421 -0.51067227 2.20482993
v 0.02022936 -0.51035476 2.20514917
v 0.01426310 -0.50858086 2.20063066
v 0.01556545 -0.50913072 2.19968057
v -0.07492422 -0.50930542 2.29522824
v -0.07768176 -0.50755960 2.29783869
v -0.07740535 -0.50526446 2.29784632
v -0.07467872 -0.50744951 2.29586363
v -0.08680872 -0.49836022 2.30191898
v -0.08714921 -0.49999332 2.30113649
v -0.08020595 -0.50371706 2.30083418
v -0.08400785 -0.50319511 2.29875112
v -0.08169630 -0.51850498 2.29203868
v -0.08325485 -0.52073437 2.28911209
v -0.07893963 -0.51378590 2.29056191
v -0.07556893 -0.51102477 2.29385877
v -0.07781151 -0.50976747 2.29655409
v -0.07393827 -0.51092583 2.29099512
v -0.07774121 -0.51060903 2.29036903
v -0.07752485 -0.51172858 2.29018354
v -0.07391018 -0.51195085 2.29088116
v -0.08778329 -0.52915823 2.29018426
v -0.08615801 -0.53102320 2.27817225
v -0.08741701 -0.52861583 2.28035426
v -0.08650543 -0.55090410 2.29832888
v -0.08417004 -0.54555380 2.30645537
v -0.08503508 -0.54133058 2.29350257
v -0.07195951 -0.51033854 2.29514265
v -0.06936605 -0.51305872 2.29184628
v -0.07033939 -0.51217085 2.29134583
v -0.09234121 -0.50450206 2.30810618
v -0.08049039 -0.49749619 2.29288006
v -0.08097182 -0.52226496 2.28753114
v -0.09157656 -0.51499635 2.31151009
v -0.09027334 -0.50934047 2.31154680
v -0.08020269 -0.52357602 2.28729916
v -0.08094575 -0.52438569 2.28632307
v -0.07896417 -0.49989510 2.29667640
v -0.08026746 -0.49946302 2.29379916
v -0.08121137 -0.52464312 2.28594398
v -0.08200077 -0.50397098 2.29039001
v -0.09289857 -0.53114676 2.29614139
v 0.01954713 -0.51097643 2.19954205
v 0.02181647 -0.51136225 2.20434165
v -0.08292938 -0.49171776 2.30568933
v -0.08083817 -0.48939043 2.30372620
v 0.02113757 -0.51104993 2.20451665
v -0.06995707 -0.51151162 2.29130888
v 0.01805872 -0.51027822 2.20004439
v -0.07310123 -0.50331646 2.29445529
v -0.07249729 -0.51176214 2.29408526
v 0.01886550 -0.51065463 2.19773149
v 0.01672167 -0.50972110 2.19896412
v 0.02535308 -0.51161438 2.19818997
v -0.08040563 -0.50814998 2.29058504
v -0.07983299 -0.50606900 2.29087210
v -0.08252387 -0.50602561 2.28980064
v 0.01408570 -0.62127036 2.35095072
v 0.01457450 -0.60737461 2.36044955
v -0.08509606 -0.50429124 2.30016041
v -0.08090525 -0.50622094 2.30227208
v -0.08210203 -0.50786752 2.30386853
v -0.08689205 -0.50563836 2.30147433
v -0.08878180 -0.50393581 2.31101680
v -0.08705731 -0.49866462 2.30939960
v -0.08916859 -0.49716789 2.30994773
v -0.09149963 -0.50265056 2.31166458
v 0.03297937 -0.60629600 2.35015035
v 0.03212366 -0.61820340 2.34194732
v -0.08647756 -0.56804365 2.30035162
v -0.08775010 -0.55354977 2.28995609
v -0.08834226 -0.56995881 2.28730464
v -0.09069640 -0.54103380 2.29522657
v -0.09083131 -0.53946495 2.29780936
v -0.09611299 -0.54168707 2.30078602
v -0.08546523 -0.53912950 2.27921438
v -0.08570788 -0.53848839 2.28347993
v -0.08633100 -0.53857887 2.28142953
v -0.09571043 -0.52049744 2.31209373
v 0.03126435 -0.51237959 2.20226955
v 0.02780118 -0.51206958 2.20573688
v 0.04178368 -0.61696947 2.33386183
v 0.04024469 -0.62449116 2.32777882
v 0.03198666 -0.62799537 2.33279037
v 0.03377452 -0.48267484 2.35844207
v 0.02454577 -0.47588557 2.37152481
v -0.08309916 -0.52057773 2.28201509
v -0.08454181 -0.52205014 2.28401089
v 0.01213444 -0.50799125 2.19983482
v -0.08497996 -0.50527620 2.30899358
v 0.01381520 -0.50908589 2.19887257
v -0.08746392 -0.50313413 2.30015969
v -0.08968304 -0.50436324 2.30199003
v -0.09689295 -0.53903234 2.28865552
v -0.09387287 -0.53655154 2.28717065
v 0.01103038 -0.50696617 2.20061588
v 0.01041820 -0.50671679 2.20054531
v 0.01143711 -0.50799739 2.19977522
v 0.01284258 -0.50920826 2.19886708
v 0.01567635 -0.50999111 2.19795394
v 0.01496158 -0.51009697 2.19752622
v 0.01828819 -0.51107895 2.19589829
v 0.01838252 -0.51059192 2.19644809
v 0.02559225 -0.51145369 2.19615221
v 0.02558852 -0.51210076 2.19549370
v 0.01781768 -0.51197439 2.19616127
v 0.01439684 -0.51071376 2.19784522
v 0.01729814 -0.51294327 2.19647717
v 0.01426110 -0.51168853 2.19777179
v 0.02549350 -0.51421154 2.19582963
v 0.02564218 -0.51321679 2.19552946
v 0.01367474 -0.50475621 2.20133018
v 0.01149340 -0.50501710 2.20140123
v 0.01415098 -0.50514036 2.20138097
v 0.01178256 -0.50545645 2.20154119
v 0.01529993 -0.50592315 2.20209599
v 0.01117695 -0.50596809 2.20135570
v 0.01035216 -0.50556362 2.20129228
v -0.01485742 -0.39429569 2.29026198
v -0.01431302 -0.38944715 2.29685473
v 0.01614364 -0.50631082 2.20235658
v 0.01075064 -0.50815105 2.20006156
v 0.00956243 -0.50652885 2.20060182
v 0.00957465 -0.50886118 2.20055342
v 0.00883981 -0.50678569 2.20088387
v 0.01173146 -0.51081091 2.19920874
v 0.01211643 -0.50967777 2.19935155
v 0.00940496 -0.50536472 2.20137286
v 0.00994927 -0.50483698 2.20154357
v 0.00879339 -0.50524485 2.20136786
v 0.00933209 -0.50456983 2.20160151
v 0.01647541 -0.50172734 2.20111036
v 0.01635261 -0.50101453 2.20156932
v 0.01316989 -0.50310636 2.20132613
v 0.01263168 -0.50261205 2.20161533
v 0.02507583 -0.49890453 2.20307255
v 0.02819257 -0.49949104 2.20402670
v 0.02474342 -0.49781287 2.20367026
v -0.01554774 -0.46934509 2.18967581
v -0.01699873 -0.46975172 2.19115686
v -0.01572933 -0.47192818 2.19134045
v -0.01508548 -0.47165346 2.19065952
v 0.02797458 -0.49830300 2.20465326
v 0.01969950 -0.49788624 2.20281434
v 0.02017490 -0.49886280 2.20237923
v 0.02910032 -0.39876765 2.30775046
v 0.03867038 -0.50430655 2.20980310
v 0.03979120 -0.50348157 2.21091461
v 0.03802014 -0.50198406 2.20957375
v 0.03719157 -0.50320876 2.20872641
v 0.03526760 -0.50217754 2.20748663
v -0.01584112 -0.46135998 2.19452858
v -0.01510208 -0.46329522 2.19488263
v -0.01605195 -0.46342129 2.19593263
v -0.01690157 -0.46172279 2.19542408
v 0.03594499 -0.50077343 2.20821333
v 0.03354639 -0.49972874 2.20687556
v 0.03343016 -0.50105429 2.20607758
v 0.03143869 -0.50028133 2.20513225
v 0.03116837 -0.49885678 2.20581937
v 0.04155227 -0.50903928 2.21109080
v 0.04285471 -0.51211047 2.20991635
v 0.04335782 -0.50914431 2.21259880
v 0.04518922 -0.51268023 2.21187687
v 0.00793074 -0.50956398 2.19999456
v -0.01267691 -0.47169334 2.19151187
v -0.01122915 -0.46830338 2.19006538
v -0.01281723 -0.46854585 2.18839240
v -0.01381785 -0.47186732 2.19062495
v 0.00758113 -0.50723785 2.20098138
v 0.00608695 -0.50967920 2.19831777
v 0.00584086 -0.50707829 2.19999242
v 0.00729201 -0.51198423 2.19592571
v 0.00932051 -0.51193106 2.19805336
v 0.00793154 -0.50513744 2.20142817
v 0.00862694 -0.50424290 2.20165992
v 0.00665187 -0.50491953 2.20110488
v 0.00769272 -0.50357503 2.20160198
v 0.01579774 -0.50020432 2.20186448
v 0.01530762 -0.49930632 2.20219445
v 0.01208447 -0.50199336 2.20174098
v 0.01120176 -0.50114959 2.20186663
v 0.04526899 -0.53322250 2.35453439
v 0.04706046 -0.57705414 2.35054827
v 0.03856264 -0.51954007 2.19439125
v 0.03650269 -0.51666903 2.19523621
v 0.03288608 -0.51671869 2.19276452
v 0.03460687 -0.51984161 2.19077015
v 0.04128527 -0.52407539 2.19449377
v 0.04370296 -0.52210909 2.19830275
v 0.04116236 -0.51872683 2.19773865
v 0.03894487 -0.51622981 2.19766974
v 0.04349993 -0.51428479 2.20758700
v 0.04126320 -0.51351172 2.20613837
v 0.04129382 -0.51452416 2.20386195
v 0.04313594 -0.51583630 2.20446110
v 0.04595623 -0.51509893 2.20936894
v 0.04587239 -0.51741391 2.20582843
v 0.04232749 -0.51710218 2.20115709
v 0.04017243 -0.51540655 2.20064521
v 0.04500734 -0.51944143 2.20203376
v 0.01529711 -0.51526654 2.19223499
v 0.01604468 -0.51443034 2.19446158
v 0.01282324 -0.51329130 2.19643879
v 0.01147298 -0.51378316 2.19530821
v 0.01398326 -0.51608449 2.18997717
v 0.00922758 -0.51402676 2.19337583
v 0.02811974 -0.51907080 2.18828797
v 0.02730951 -0.51675689 2.19119287
v 0.01704274 -0.51348591 2.19656944
v 0.01492888 -0.51257783 2.19726753
v 0.01686087 -0.51369411 2.19645810
v 0.01429953 -0.51258099 2.19752526
v 0.04818898 -0.62922788 2.30652213
v 0.05065810 -0.63017792 2.29261923
v 0.03472017 -0.64390820 2.29505873
v 0.03362448 -0.64080215 2.30953026
v 0.03288052 -0.51393133 2.19827795
v 0.03347846 -0.51411366 2.19763327
v 0.03612803 -0.51361662 2.19939756
v 0.03552968 -0.51328993 2.19988656
v 0.03734301 -0.51291347 2.20164323
v 0.03807582 -0.51332802 2.20128489
v 0.03901173 -0.51305348 2.20339441
v 0.03828209 -0.51264507 2.20343494
v 0.03902607 -0.51247251 2.20482850
v 0.03963465 -0.51267397 2.20528221
v 0.01461182 -0.51315820 2.19662070
v 0.01681946 -0.51377088 2.19584441
v 0.04416526 -0.60624444 2.33996320
v 0.03557518 -0.56158710 2.18929529
v 0.04260972 -0.56096345 2.19658613
v 0.04045657 -0.55269909 2.19382930
v 0.03464163 -0.51461750 2.19637418
v 0.03738401 -0.51429510 2.19857907
v 0.03913015 -0.51406586 2.20100784
v 0.03989613 -0.51372582 2.20330215
v 0.04032965 -0.51334512 2.20488381
v 0.06569566 -0.50310189 2.28020000
v 0.06624746 -0.50376147 2.28191233
v 0.07400009 -0.52341509 2.30190849
v 0.07192735 -0.52933377 2.29848909
v 0.07056438 -0.53214002 2.29593611
v 0.07137923 -0.53497887 2.27970886
v 0.07472415 -0.53905541 2.28139949
v 0.07862658 -0.50329518 2.30270076
v 0.07532687 -0.50013667 2.29987311
v -0.09680223 -0.54242510 2.28814554
v 0.07847489 -0.50429976 2.30287075
v 0.08226551 -0.53978044 2.29278564
v 0.08253217 -0.53877097 2.29478240
v 0.08356464 -0.53842282 2.29455805
v 0.03813051 -0.50990683 2.35335636
v 0.04359413 -0.52355570 2.35504127
v 0.08305642 -0.53734523 2.29683232
v 0.06830278 -0.50902075 2.28241730
v 0.07533682 -0.52293581 2.30247164
v 0.07717858 -0.52299011 2.30445170
v 0.07824800 -0.51801407 2.30664659
v 0.07742795 -0.51825500 2.30554080
v 0.07769094 -0.51255596 2.30668736
v 0.07709949 -0.51318151 2.30575657
v 0.08002625 -0.50776327 2.30422497
v 0.08143058 -0.51214808 2.30495358
v 0.07605395 -0.53996259 2.28239822
v 0.07555304 -0.53862262 2.28143311
v 0.07700069 -0.53989953 2.28264952
v 0.06910561 -0.50839984 2.28418422
v 0.06960903 -0.53308153 2.28041720
v 0.06933194 -0.53041798 2.28032708
v 0.06898587 -0.53097409 2.28064728
v 0.06521106 -0.51429135 2.28563046
v 0.06519386 -0.51521528 2.28550959
v 0.06663110 -0.51280612 2.28608799
v 0.06920626 -0.51095909 2.28526974
v 0.06248477 -0.50406402 2.28810024
v 0.06201513 -0.50365233 2.29037404
v 0.06255633 -0.50254434 2.29015350
v 0.07888526 -0.54724789 2.28362679
v 0.06952378 -0.52936733 2.28040838
v 0.07083890 -0.53046966 2.27998304
v 0.07109198 -0.53179699 2.27947378
v 0.07792035 -0.53955275 2.28301954
v 0.07137292 -0.53282207 2.27936959
v 0.07051282 -0.53276950 2.27952075
v 0.07212545 -0.53471285 2.27961564
v 0.06992152 -0.53290862 2.27988100
v 0.06821255 -0.51308936 2.30053210
v 0.06719334 -0.51191896 2.29852986
v 0.06646692 -0.52308512 2.27223325
v 0.06738411 -0.52176070 2.27560377
v 0.07435372 -0.49881095 2.29802155
v 0.06979522 -0.53696090 2.28934312
v 0.06982674 -0.54001778 2.28967953
v 0.08257791 -0.51713496 2.30484486
v 0.07583167 -0.50783497 2.29776955
v 0.07356818 -0.50655389 2.29626179
v 0.07787842 -0.50963169 2.29901481
v 0.07873517 -0.51286006 2.29965305
v 0.06602582 -0.52530867 2.28782153
v 0.07699664 -0.53146887 2.29063845
v 0.07786396 -0.52970690 2.29264498
v 0.07535560 -0.53098792 2.28919387
v 0.07032880 -0.54291362 2.28584623
v 0.07020558 -0.54199046 2.28373051
v 0.07055997 -0.53748745 2.28699541
v 0.06994993 -0.54009241 2.28398538
v 0.06425000 -0.50741971 2.28697085
v 0.06475631 -0.50293523 2.29294491
v 0.06391363 -0.50520056 2.29261637
v 0.06584747 -0.50335217 2.29377937
v 0.06540120 -0.50490189 2.29435396
v 0.06573084 -0.50688237 2.29539871
v 0.06615888 -0.50916094 2.29603910
v 0.06614527 -0.51149476 2.29565930
v 0.06413008 -0.51131040 2.28647709
v 0.07041180 -0.53754419 2.27408886
v 0.06368848 -0.50952232 2.28697515
v 0.06556508 -0.51290452 2.28598690
v 0.06574982 -0.51109982 2.28634048
v 0.06545866 -0.50913769 2.28664589
v 0.07075677 -0.50177324 2.29145265
v 0.07149472 -0.50411558 2.29295135
v 0.06890357 -0.50218940 2.29006410
v 0.07213395 -0.50532609 2.29476404
v 0.06765053 -0.50215977 2.28959870
v 0.07018799 -0.53765684 2.28771877
v 0.06988658 -0.54074955 2.28589773
v 0.06585224 -0.50558710 2.27705693
v 0.05699172 -0.49463260 2.22933125
v 0.05827491 -0.50560760 2.23041677
v 0.02034714 -0.43844688 2.23164630
v 0.01966066 -0.43537557 2.23252964
v 0.04976334 -0.47879416 2.22198915
v 0.04518073 -0.47431952 2.21804118
v 0.01911909 -0.43884867 2.21856642
v 0.01836746 -0.43794501 2.21877170
v 0.01740904 -0.43838710 2.21843743
v 0.01819537 -0.43903011 2.21850371
v 0.01599864 -0.43953139 2.21992159
v 0.01686874 -0.43992281 2.22046041
v 0.01702052 -0.43957752 2.21961117
v 0.01625315 -0.43914890 2.21911764
v 0.02174983 -0.45358014 2.21006751
v 0.02510100 -0.45817608 2.21000957
v 0.02829646 -0.45436162 2.21298003
v 0.02498334 -0.45029318 2.21265793
v 0.01858093 -0.44179720 2.22764516
v 0.01819640 -0.44313288 2.22655439
v 0.01720358 -0.44143319 2.22294354
v 0.01757814 -0.44094092 2.22365522
v 0.01882577 -0.43938726 2.22856188
v 0.01755044 -0.43992114 2.22459531
v 0.02027378 -0.44214600 2.23010039
v 0.01949551 -0.44434828 2.22880363
v 0.02830083 -0.43435800 2.22439480
v 0.02445167 -0.43560398 2.22207284
v 0.02528383 -0.43860281 2.22027707
v 0.02922462 -0.43869638 2.22181416
v 0.01789993 -0.46496189 2.20622039
v 0.02177304 -0.46149856 2.20797157
v 0.01878033 -0.45705712 2.20836258
v 0.01472079 -0.46102816 2.20666265
v 0.01052226 -0.46525609 2.20421815
v 0.01360581 -0.46850288 2.20442557
v 0.00866167 -0.47123444 2.19756413
v 0.00909890 -0.46735632 2.19774389
v 0.00865091 -0.46523172 2.19471955
v 0.00898396 -0.46773827 2.19517970
v 0.00707383 -0.46204096 2.19779325
v 0.00920647 -0.46577114 2.20000958
v 0.00351073 -0.46068746 2.19791055
v -0.01898310 -0.46130854 2.19500089
v -0.01805979 -0.46346390 2.19537592
v -0.01876676 -0.46319646 2.19344974
v -0.02029797 -0.46147639 2.19307566
v 0.00314086 -0.46092099 2.19662571
v 0.00716966 -0.46201938 2.19963479
v -0.01232970 -0.45901680 2.18649721
v -0.01342669 -0.46095997 2.18559384
v -0.01224697 -0.46110243 2.18807292
v -0.01238970 -0.45930904 2.18916774
v 0.00733125 -0.46189088 2.20203328
v 0.00384880 -0.46044767 2.19943261
v 0.00263150 -0.46144629 2.19528723
v 0.00531024 -0.46137726 2.19516349
v -0.01511362 -0.46164507 2.18603230
v -0.01696629 -0.46055782 2.18457389
v -0.01845260 -0.46111512 2.18636870
v -0.01633052 -0.46202284 2.18761969
v -0.01164246 -0.46512181 2.19195366
v -0.01301011 -0.46273112 2.19142962
v -0.01120480 -0.46396375 2.18835330
v -0.01904904 -0.46604687 2.19430995
v -0.01769554 -0.46565330 2.19602370
v -0.01664176 -0.46939343 2.19498754
v -0.01789470 -0.46975476 2.19389868
v 0.00671065 -0.46269220 2.19296718
v -0.00325642 -0.45840460 2.18710947
v -0.00220140 -0.45893288 2.18465471
v 0.00135128 -0.49366105 2.18881273
v 0.00426819 -0.49164897 2.19323111
v 0.00132428 -0.49035704 2.18780422
v 0.00411130 -0.48866981 2.19200373
v 0.00609974 -0.46316773 2.18857598
v 0.00709647 -0.46573371 2.18961978
v 0.00371550 -0.46272475 2.18458652
v 0.00449369 -0.46553177 2.18405604
v -0.00439403 -0.50729573 2.18333507
v -0.00521309 -0.45676696 2.19249439
v -0.00496127 -0.45626920 2.19334769
v -0.00556146 -0.45698529 2.19029498
v 0.01378741 -0.63993782 2.33039761
v 0.01387330 -0.64888537 2.31514072
v 0.01246536 -0.65440631 2.28764725
v 0.00978057 -0.65387136 2.27403688
v -0.00127339 -0.44126105 2.20030975
v -0.00189041 -0.44354272 2.19936419
v 0.00660108 -0.44394350 2.21773124
v 0.00082091 -0.44351780 2.21603680
v 0.00059035 -0.44001353 2.21272874
v 0.00593110 -0.44048482 2.21395159
v 0.00998781 -0.44110686 2.21599102
v 0.01075303 -0.44435233 2.21961284
v 0.00669657 -0.44613069 2.21939969
v 0.00092601 -0.44576937 2.21802211
v 0.00538449 -0.43793833 2.21025944
v 0.00005037 -0.43732035 2.20818472
v -0.00025723 -0.43782717 2.20491838
v 0.00529765 -0.43849248 2.20760179
v 0.01044912 -0.45813513 2.20513034
v 0.00627429 -0.45776767 2.20252323
v 0.00230795 -0.45651537 2.19904423
v -0.00072940 -0.45526457 2.19648790
v -0.00139402 -0.45697331 2.19519353
v 0.00108753 -0.45859736 2.19706607
v -0.00162730 -0.45758963 2.19437122
v 0.00079768 -0.45908350 2.19604468
v 0.00076526 -0.45960385 2.19503069
v 0.00119716 -0.46085405 2.19418263
v -0.00064205 -0.46011460 2.19310260
v -0.00026279 -0.46141422 2.19302082
v -0.00165677 -0.45829707 2.19364166
v -0.00407190 -0.48017031 2.17825842
v -0.00428536 -0.48462230 2.17934704
v 0.00265125 -0.44587958 2.20042157
v -0.00219950 -0.44571894 2.19902515
v -0.00302833 -0.44954294 2.19781876
v 0.00134412 -0.45020902 2.19914436
v 0.00578857 -0.45049018 2.20180583
v 0.00766833 -0.44540167 2.20342255
v -0.00461596 -0.45568663 2.19411182
v 0.00303932 -0.44378364 2.20124698
v 0.00377224 -0.44162530 2.20243645
v 0.00856942 -0.44320780 2.20454288
v 0.00897272 -0.44130820 2.20593810
v 0.01265796 -0.44431084 2.20749116
v 0.01117441 -0.44984514 2.20528054
v 0.01726121 -0.44923109 2.20896482
v 0.01704315 -0.44284463 2.21194053
v 0.02503228 -0.44136018 2.21802306
v 0.02011985 -0.43866462 2.21887517
v 0.02044206 -0.43985218 2.21765423
v 0.02003402 -0.44078869 2.21625948
v 0.02418154 -0.44395572 2.21546435
v 0.02879950 -0.44276047 2.21883535
v 0.02734077 -0.44667262 2.21567225
v 0.02195648 -0.44648463 2.21262002
v 0.01913489 -0.44174498 2.21454549
v 0.01921750 -0.43954009 2.21770763
v 0.01825302 -0.43935752 2.21803546
v 0.01892084 -0.44005179 2.21658564
v 0.01796776 -0.43959606 2.21716404
v 0.01826476 -0.44041169 2.21526241
v 0.01744582 -0.43972641 2.21614385
v 0.01639373 -0.43995935 2.21457052
v 0.01689917 -0.44102758 2.21324658
v 0.01616641 -0.44015342 2.21932745
v 0.01515054 -0.43991882 2.21825504
v 0.01521312 -0.43945658 2.21704125
v 0.01618849 -0.43966532 2.21823311
v 0.01682178 -0.44014961 2.22008824
v 0.01673782 -0.43972665 2.21893978
v 0.01665173 -0.44172400 2.22192240
v 0.01568381 -0.44170970 2.22105289
v -0.05326836 -0.42911971 2.30213308
v -0.05976366 -0.43722004 2.31445599
v 0.01733536 -0.44019586 2.22083592
v 0.01736754 -0.43982291 2.21988678
v 0.01734896 -0.43933195 2.21857738
v 0.01721004 -0.43948609 2.21800494
v 0.01668941 -0.43951708 2.21716237
v 0.01574049 -0.43947941 2.21593904
v 0.00912114 -0.43992066 2.20785046
v 0.01279488 -0.44070762 2.20992827
v 0.01261476 -0.43971908 2.21189523
v 0.00914891 -0.43876392 2.21055365
v 0.01232953 -0.43913502 2.21380734
v 0.01127941 -0.44627911 2.22136116
v 0.00899069 -0.43851519 2.21262836
v 0.01474163 -0.44423383 2.22252512
v 0.01575107 -0.44613874 2.22437334
v 0.01377430 -0.44160426 2.21908092
v 0.01756183 -0.44382364 2.22519350
v 0.01671863 -0.44385856 2.22446251
v 0.01849782 -0.44559312 2.22708559
v 0.01737250 -0.44578332 2.22591901
v 0.01236868 -0.43925351 2.21577024
v 0.01298122 -0.44220465 2.20869446
v 0.00445668 -0.43990934 2.20469666
v -0.00084813 -0.43953645 2.20236230
v -0.04182130 -0.48993737 2.20642948
v -0.04112298 -0.48689520 2.20621800
v -0.03695599 -0.48786783 2.20506811
v -0.03788923 -0.49056321 2.20524025
v -0.00323407 -0.47041589 2.17514873
v -0.00361687 -0.47565633 2.17687845
v 0.01669877 -0.43871194 2.21844482
v 0.00655660 -0.38687122 2.30201840
v -0.08324523 -0.50783998 2.28816700
v -0.08270471 -0.50817835 2.28671718
v -0.09081342 -0.53762174 2.30069685
v 0.01980435 -0.43739653 2.21936202
v 0.01833515 -0.43709934 2.22950101
v 0.01688472 -0.43874538 2.22477150
v 0.02567540 -0.42977470 2.22595096
v 0.02121052 -0.42471415 2.22587800
v 0.01887170 -0.42785400 2.22260714
v 0.02258051 -0.43206954 2.22304130
v 0.01580089 -0.43264848 2.21818948
v 0.01838147 -0.43538153 2.21910763
v -0.09571079 -0.53837550 2.29477930
v 0.01705733 -0.43633437 2.21809268
v 0.01459026 -0.43432438 2.21683526
v 0.01361792 -0.43564594 2.21586156
v 0.01602825 -0.43726981 2.21765089
v 0.01147987 -0.43781531 2.21645141
v 0.00702803 -0.43682510 2.21393418
v 0.00701054 -0.43555248 2.21985149
v 0.01175879 -0.43639880 2.22191811
v 0.01576563 -0.43780565 2.22393322
v 0.01500721 -0.43912911 2.21915507
v -0.09063638 -0.54181945 2.29243779
v -0.08991207 -0.54188740 2.28693533
v -0.08830845 -0.54036176 2.28672814
v -0.08919850 -0.53967059 2.29150105
v 0.01206541 -0.43748873 2.21568418
v 0.01520030 -0.43863428 2.21829033
v 0.00753334 -0.43644184 2.21285629
v 0.01749383 -0.39156008 2.30408430
v 0.01549442 -0.43805897 2.21766663
v 0.01256267 -0.43695670 2.21552825
v 0.00838191 -0.43547630 2.21256304
v 0.00944286 -0.43359435 2.21284580
v 0.01040332 -0.43154693 2.21373558
v 0.01130250 -0.42930788 2.21572614
v 0.01298358 -0.42363107 2.22095251
v 0.01473187 -0.41936475 2.22421741
v 0.00685349 -0.42066729 2.21945024
v 0.00803117 -0.41585714 2.22171450
v 0.00591712 -0.42656225 2.21341538
v 0.00515127 -0.42906916 2.21063232
v 0.00461136 -0.43172419 2.20973206
v 0.00390950 -0.43404794 2.20972943
v -0.00406468 -0.45430702 2.19531488
v -0.00185719 -0.45942473 2.19190073
v -0.00299731 -0.45864183 2.18971801
v -0.00009366 -0.46000612 2.18323731
v -0.00568722 -0.45688969 2.18786860
v 0.00231355 -0.46179825 2.18298244
v 0.00072003 -0.46064037 2.18186951
v 0.00131902 -0.46192479 2.18030667
v 0.00244200 -0.46312404 2.18128705
v -0.00069412 -0.45951587 2.18097711
v 0.00049118 -0.46124822 2.17940140
v -0.00468566 -0.45776004 2.17992210
v -0.00394237 -0.46023828 2.17647958
v -0.00323154 -0.46593750 2.17449355
v -0.00363227 -0.46223044 2.17513514
v 0.00169347 -0.46334982 2.17917395
v 0.00295515 -0.46595645 2.18013477
v -0.09878498 -0.53861350 2.29502106
v 0.00300062 -0.46983010 2.18119121
v 0.00494639 -0.46914548 2.18552184
v -0.00009032 -0.64000875 2.23095918
v 0.00313019 -0.43535578 2.21023107
v 0.00227426 -0.43608266 2.21195984
v -0.08166097 -0.49622428 2.29303837
v -0.09048487 -0.52624226 2.29478407
v 0.00715883 -0.42892724 2.22973537
v 0.00720948 -0.43194973 2.22602534
v 0.00238363 -0.43103039 2.22494411
v -0.08920060 -0.54125470 2.28425002
v -0.09276600 -0.54301202 2.28449821
v 0.00235271 -0.42810589 2.22848368
v -0.00181378 -0.43563056 2.21126604
v -0.09625128 -0.51874810 2.30783439
v -0.09919368 -0.53804213 2.29768467
v -0.09747830 -0.53621298 2.29689789
v -0.09066687 -0.53185564 2.28207254
v -0.08357356 -0.51114661 2.30491567
v -0.09030966 -0.51026279 2.30307961
v -0.08875769 -0.50736755 2.30248880
v -0.08299056 -0.50909805 2.30470395
v -0.07869192 -0.52113771 2.29401517
v -0.00182158 -0.43429071 2.21768332
v 0.00218337 -0.43479204 2.21826434
v -0.00161306 -0.43481332 2.20912480
v -0.00110958 -0.43319672 2.20838094
v -0.00047025 -0.43067592 2.20811319
v -0.00160134 -0.43043101 2.22443771
v -0.00149308 -0.42737275 2.22809362
v -0.07830468 -0.49711239 2.28339934
v 0.01672304 -0.43516380 2.22920752
v -0.08624928 -0.49337023 2.30132675
v -0.08722302 -0.49516636 2.30313706
v -0.03499627 -0.51139945 2.36752176
v -0.03987937 -0.52328318 2.36854553
v -0.09793089 -0.51980984 2.31101131
v 0.01752011 -0.43256044 2.23250055
v 0.01218564 -0.43289000 2.22764444
v 0.01265688 -0.43027925 2.23103213
v 0.00127987 -0.41420341 2.21944976
v 0.00052345 -0.41923922 2.21804452
v -0.00020410 -0.42762411 2.20922112
v 0.00041820 -0.42482346 2.21241975
v 0.01343044 -0.65317237 2.30141807
v 0.05385789 -0.57564551 2.21529508
v 0.05194813 -0.56609118 2.21083307
v -0.09143161 -0.53788334 2.28852963
v 0.04497850 -0.57054228 2.20177531
v 0.04696679 -0.57851851 2.20603919
v 0.05411131 -0.58591783 2.22008061
v 0.04748254 -0.58765793 2.21053314
v 0.02979266 -0.63951582 2.25243139
v 0.03011244 -0.63332605 2.23935080
v 0.01105629 -0.63841683 2.23295999
v 0.02529330 -0.64619565 2.26533842
v 0.03756516 -0.64152545 2.27702188
v 0.03914502 -0.63544744 2.25808167
v 0.03881208 -0.62923574 2.24393773
v -0.08351779 -0.49647886 2.29434752
v -0.08273382 -0.49101222 2.29585123
v -0.08130378 -0.49057597 2.29398060
v -0.08559489 -0.52802074 2.28971839
v 0.02537140 -0.46254486 2.37994170
v 0.04645041 -0.58968508 2.34650588
v 0.03721545 -0.62297451 2.23156691
v 0.02924150 -0.62632298 2.22727203
v 0.02876298 -0.61875409 2.21667552
v 0.03591340 -0.61643738 2.22146583
v 0.01145383 -0.63065070 2.22040367
v 0.00026339 -0.63202971 2.21764970
v 0.01442038 -0.55880737 2.37454724
v -0.00440677 -0.48892099 2.18035579
v 0.04365804 -0.49042457 2.34321046
v 0.05508422 -0.48193449 2.32733130
v 0.05471992 -0.42662168 2.33078599
v 0.06527301 -0.49628657 2.30006742
v 0.06494475 -0.49717653 2.30058670
v 0.05665134 -0.46084327 2.31615448
v 0.05786682 -0.47394174 2.31127667
v 0.03428911 -0.49519801 2.35390019
v 0.07411509 -0.51129985 2.30537486
v 0.07433642 -0.51537025 2.30490971
v 0.07543001 -0.51030385 2.30539346
v 0.07578184 -0.51468617 2.30515766
v 0.07578386 -0.51892000 2.30410981
v 0.07605293 -0.50836068 2.30528355
v 0.07057952 -0.54091388 2.28130817
v 0.07191119 -0.54211318 2.27991343
v -0.08424371 -0.50653791 2.30883741
v -0.08431564 -0.50912720 2.30906868
v 0.06481945 -0.49317366 2.29682565
v 0.06466265 -0.49442190 2.29814482
v -0.06955113 -0.51287943 2.29307723
v 0.06416962 -0.49374318 2.29745722
v 0.06393512 -0.49278671 2.29648304
v 0.06442188 -0.49175781 2.29560828
v 0.06371509 -0.49182892 2.29548931
v 0.07167263 -0.55313653 2.26851368
v 0.06223254 -0.49357456 2.29852152
v 0.06426270 -0.49649870 2.30028152
v 0.06429338 -0.49530005 2.29920125
v 0.06360127 -0.49405390 2.29822326
v 0.06295353 -0.49245822 2.29630733
v 0.06286272 -0.49099535 2.29505134
v 0.06389160 -0.49024338 2.29517388
v -0.08636183 -0.49992096 2.30823851
v -0.08251665 -0.49311548 2.30498362
v -0.06292628 -0.44589895 2.32588911
v -0.06058826 -0.45466477 2.33946609
v -0.06029396 -0.44343853 2.34353948
v -0.06130486 -0.43425864 2.33119488
v -0.08024903 -0.51068437 2.27900243
v -0.08070856 -0.50482869 2.28432393
v -0.07974930 -0.50298345 2.28286695
v 0.07646301 -0.50747037 2.30612254
v 0.06924343 -0.49314481 2.29984355
v -0.02910646 -0.40422338 2.29095483
v -0.02559771 -0.39494723 2.29986453
v 0.07187407 -0.53612804 2.29060245
v 0.07205529 -0.53502095 2.29264331
v 0.07431157 -0.53709191 2.29357958
v 0.07401513 -0.53858858 2.29129100
v 0.05532837 -0.52999294 2.34237599
v 0.05603096 -0.54206002 2.34241343
v 0.01217351 -0.46818900 2.38259292
v 0.01104938 -0.48016661 2.37651348
v 0.06847598 -0.56787467 2.31453633
v 0.07168089 -0.53706598 2.28851271
v 0.07386650 -0.53963733 2.28916049
v 0.07449179 -0.51948738 2.30372405
v 0.07066771 -0.53651279 2.28876710
v 0.07092809 -0.53554380 2.29079199
v 0.07495347 -0.54179931 2.28999972
v 0.07524545 -0.54046237 2.29245090
v 0.07553888 -0.53893441 2.29489684
v 0.07109612 -0.53435415 2.29286981
v -0.07827017 -0.49615061 2.27956748
v -0.07842616 -0.49111927 2.26967096
v -0.08054815 -0.50596589 2.26324654
v -0.07942088 -0.50503016 2.27518940
v 0.07037313 -0.54228342 2.28822041
v 0.07118963 -0.58731669 2.28009605
v 0.07006826 -0.58683538 2.29570150
v 0.06643562 -0.60409749 2.27695227
v 0.06543142 -0.60499007 2.29299927
v 0.06150533 -0.60513407 2.31046176
v 0.06610609 -0.58572060 2.31360936
v 0.07022516 -0.54128039 2.28251219
v 0.07281922 -0.54321969 2.28006482
v 0.05382488 -0.59450191 2.22523427
v 0.05936990 -0.59230185 2.23405862
v 0.04705258 -0.59561300 2.21535587
v 0.04614941 -0.60273796 2.21995401
v 0.05229099 -0.60246897 2.22969437
v 0.06023199 -0.60051405 2.24360895
v 0.07261068 -0.57355911 2.26965404
v 0.07003775 -0.58721131 2.26491499
v 0.06711701 -0.58606040 2.25061727
v -0.06829400 -0.52160394 2.21694589
v -0.07016058 -0.52388918 2.22085357
v -0.07041281 -0.51494461 2.22466564
v -0.06804287 -0.51470017 2.22072935
v 0.06458481 -0.60295248 2.26090264
v 0.05533231 -0.61151284 2.24618888
v 0.05929853 -0.61355811 2.26087070
v 0.04826764 -0.62104607 2.24662948
v 0.05086282 -0.62503338 2.26074314
v 0.05119223 -0.62926781 2.27646923
v 0.06115811 -0.61599433 2.27619910
v 0.05017985 -0.60992849 2.23354983
v 0.04422429 -0.60910338 2.22334814
v 0.04504664 -0.61724460 2.23438525
v 0.04183624 -0.61451381 2.22613525
v 0.06528778 -0.58490407 2.24357843
v 0.05912277 -0.48575532 2.29721522
v 0.06040358 -0.48366755 2.29234505
v -0.03056137 -0.57048881 2.17621279
v -0.01965193 -0.57034570 2.17348838
v -0.02045385 -0.58061469 2.17622852
v -0.03129261 -0.58036917 2.17918444
v 0.06471569 -0.49127120 2.28100204
v -0.04125659 -0.53256392 2.36786556
v -0.04247921 -0.54425913 2.36705971
v -0.02281900 -0.54425073 2.37467861
v -0.02212352 -0.53363001 2.37454653
v 0.06189505 -0.50146383 2.23932552
v 0.06141529 -0.51432818 2.23637152
v 0.06504884 -0.51098865 2.24889874
v 0.06455238 -0.49631053 2.25326777
v -0.03196159 -0.60589159 2.19265819
v -0.02123326 -0.60681504 2.18894839
v -0.02130571 -0.61520720 2.19681835
v -0.03207714 -0.61384332 2.20037508
v -0.06051403 -0.49071747 2.21650290
v -0.06250014 -0.48472184 2.21903896
v -0.05874300 -0.48297876 2.21563482
v -0.05708690 -0.48927480 2.21391749
v 0.05970700 -0.52776784 2.23251891
v 0.06371509 -0.52473408 2.24438834
v 0.06303373 -0.53882474 2.24099660
v 0.05891058 -0.54173201 2.22731256
v 0.05367774 -0.60537153 2.32726359
v 0.05715798 -0.58904070 2.33231664
v -0.08232662 -0.48606962 2.29541492
v -0.08135508 -0.48625171 2.29387617
v 0.05825178 -0.57650131 2.33536792
v 0.03891997 -0.54544812 2.19226480
v -0.02127130 -0.62353241 2.20667982
v -0.03221220 -0.62191689 2.21001172
v 0.01368159 -0.63245654 2.33979797
v 0.03758639 -0.57169288 2.19310021
v 0.04485504 -0.62564224 2.31963348
v -0.00232651 -0.48141521 2.37788796
v 0.03257811 -0.63419753 2.32434416
v 0.06018280 -0.61708677 2.29187012
v 0.05696053 -0.61697030 2.30643845
v 0.05006700 -0.61631513 2.32328224
v 0.05780252 -0.56079173 2.33977747
v 0.03670185 -0.61017478 2.21559477
v 0.04842139 -0.51623768 2.21185708
v 0.04755863 -0.51247650 2.21460652
v 0.04836666 -0.52023906 2.20802832
v 0.04577040 -0.50753063 2.21528769
v 0.00768921 -0.48975950 2.19686604
v 0.00724967 -0.48701650 2.19568968
v 0.00683696 -0.48383653 2.19502091
v 0.01048264 -0.48540205 2.19900393
v 0.00992942 -0.48182428 2.19850302
v 0.00359849 -0.48190933 2.18973303
v 0.00395876 -0.48539227 2.19101334
v 0.00633878 -0.48063195 2.19408607
v 0.00583483 -0.47688437 2.19367123
v 0.00357814 -0.47810709 2.18889093
v 0.00990593 -0.46635097 2.20229912
v 0.01101441 -0.47158998 2.20207119
v 0.00838661 -0.47482145 2.19834995
v 0.01378633 -0.47972316 2.20096040
v 0.01262053 -0.47592413 2.20119953
v 0.00933902 -0.47858161 2.19810605
v 0.01486051 -0.48372668 2.20134449
v 0.00677549 -0.47266227 2.19280338
v 0.00761978 -0.46846652 2.19112682
v 0.00419791 -0.47363293 2.18728924
v 0.00243542 -0.47426081 2.18324065
v 0.00173919 -0.47890949 2.18474412
v 0.01121010 -0.48826224 2.19987130
v 0.01605389 -0.48679739 2.20186687
v 0.01620496 -0.47281462 2.20325065
v 0.02101257 -0.46978480 2.20477915
v 0.01836761 -0.47769928 2.20273638
v 0.02284504 -0.47524107 2.20400286
v 0.01955096 -0.48196578 2.20282364
v 0.02419570 -0.47982019 2.20413470
v 0.02521430 -0.46646971 2.20655823
v 0.02874696 -0.46306711 2.20914602
v 0.03194105 -0.45899874 2.21275043
v 0.03162067 -0.46868515 2.20856643
v 0.03522964 -0.46429360 2.21250319
v 0.03348656 -0.47443384 2.20835185
v 0.03771365 -0.47056258 2.21222305
v -0.02005211 -0.49421597 2.19541574
v -0.02045478 -0.49707305 2.19747472
v -0.02415390 -0.49467045 2.20008636
v -0.02358783 -0.49178261 2.19874001
v -0.01710616 -0.53983736 2.17390966
v -0.01825893 -0.54808962 2.17304897
v -0.02726812 -0.54835117 2.17448473
v -0.02554885 -0.54009587 2.17477608
v 0.02760855 -0.47216988 2.20587111
v 0.02908531 -0.47725397 2.20601368
v 0.02534599 -0.48424703 2.20445466
v 0.02080924 -0.48578024 2.20315456
v 0.03412822 -0.48669302 2.20773840
v 0.03419380 -0.48064995 2.20806837
v 0.02980748 -0.48254633 2.20615315
v 0.03013621 -0.48759657 2.20621419
v 0.03920282 -0.47792113 2.21161413
v 0.03868775 -0.48579121 2.21002221
v 0.03786245 -0.49113995 2.20934319
v 0.02408859 -0.49574822 2.20385480
v 0.01913158 -0.49598157 2.20294738
v 0.02748362 -0.49594104 2.20483255
v 0.03369008 -0.49111480 2.20756721
v 0.03029203 -0.49126464 2.20611954
v 0.04175420 -0.50080132 2.21208072
v 0.03939139 -0.49906921 2.21042037
v 0.03356845 -0.49689955 2.20723462
v 0.03087571 -0.49628282 2.20595312
v 0.03673339 -0.49786305 2.20873213
v 0.01442040 -0.49732965 2.20230913
v 0.00981843 -0.49910623 2.20141077
v 0.05381576 -0.46860218 2.33040380
v 0.00146348 -0.48295581 2.18548083
v 0.00135229 -0.48673087 2.18668103
v 0.00643756 -0.51330066 2.19112659
v 0.00459156 -0.51104522 2.19323158
v -0.00128189 -0.50822419 2.18605947
v 0.01053062 -0.51576918 2.18700695
v 0.00654432 -0.50123936 2.20031428
v -0.02868534 -0.49275821 2.20252013
v -0.02757416 -0.49026054 2.20164895
v 0.00485990 -0.50356120 2.19903231
v 0.00370254 -0.50591451 2.19735956
v 0.00350479 -0.50858891 2.19541264
v -0.02072783 -0.58957183 2.17923903
v -0.03166728 -0.58949065 2.18270254
v -0.03101878 -0.64735192 2.25519800
v -0.03155329 -0.64371800 2.24718595
v -0.02047707 -0.64683145 2.24617052
v -0.02133353 -0.65137506 2.25825500
v 0.02110705 -0.52898109 2.17965245
v 0.01810930 -0.52187777 2.18060350
v 0.04903201 -0.55626267 2.20495200
v 0.05283010 -0.54973549 2.21169090
v 0.04197486 -0.53041649 2.19525695
v 0.04541196 -0.52756417 2.19961619
v 0.04753907 -0.52400249 2.20412278
v 0.05517771 -0.53963888 2.21871233
v 0.05639807 -0.52811414 2.22391653
v 0.05787934 -0.51678216 2.22803569
v -0.07586281 -0.53325111 2.32989311
v -0.07942390 -0.52642441 2.31563473
v -0.08199370 -0.53801554 2.31229234
v -0.07912678 -0.54931247 2.32518721
v 0.03939449 -0.58849496 2.20101738
v -0.04026419 -0.41337097 2.29584813
v -0.03713769 -0.40373766 2.30505109
v -0.00145387 -0.47128642 2.38278174
v 0.03887865 -0.59638202 2.20552492
v 0.03870323 -0.58022130 2.19704342
v 0.02882845 -0.61168152 2.20894527
v 0.02942892 -0.60453469 2.20242333
v 0.03799741 -0.60351431 2.21044064
v 0.03015235 -0.59697586 2.19733310
v 0.03057931 -0.58931053 2.19321203
v 0.03040851 -0.58086443 2.18907952
v 0.02950167 -0.57186258 2.18544269
v 0.02761296 -0.56130481 2.18249512
v 0.04353971 -0.47674632 2.34664941
v -0.00014104 -0.47292209 2.19177866
v -0.00086106 -0.47275007 2.19107771
v -0.06246164 -0.53955483 2.20083380
v -0.06443125 -0.54628539 2.20306778
v -0.06765220 -0.54069644 2.20943785
v -0.06520941 -0.53488201 2.20649767
v -0.00120852 -0.47278154 2.19249415
v -0.00192169 -0.47259098 2.19182491
v -0.00213563 -0.47149664 2.19277859
v -0.00094164 -0.46357477 2.19331503
v -0.00248204 -0.46584499 2.19384289
v -0.00272208 -0.46954852 2.19338965
v 0.06350494 -0.48584461 2.28546166
v -0.01507121 -0.52673495 2.17543387
v -0.02269217 -0.52678937 2.17599511
v -0.02057697 -0.52072108 2.17788029
v -0.01413425 -0.52046913 2.17732143
v -0.06742042 -0.50764495 2.22313118
v -0.07024632 -0.50585878 2.22684169
v -0.06897780 -0.49648988 2.22574782
v -0.06606981 -0.49969840 2.22237015
v -0.06310636 -0.49299514 2.21884632
v -0.06538448 -0.48753601 2.22172379
v -0.02914114 -0.55877203 2.17426920
v -0.01913167 -0.55859292 2.17204642
v -0.06937194 -0.53309751 2.21576691
v -0.06722663 -0.52866930 2.21204376
v -0.01733932 -0.49619007 2.19146442
v -0.01799005 -0.49893492 2.19448161
v -0.01551642 -0.50212222 2.18990397
v -0.01213408 -0.49979842 2.18422842
v -0.01195511 -0.50398356 2.18392134
v -0.01498898 -0.50516367 2.18771362
v -0.04366025 -0.54186398 2.18196249
v -0.04576571 -0.54989451 2.18246698
v -0.05341801 -0.55043519 2.18877387
v -0.05143837 -0.54268491 2.18768096
v -0.03186337 -0.59772897 2.18699598
v -0.02103665 -0.59822482 2.18340707
v -0.01274231 -0.51308632 2.18107009
v -0.01723624 -0.51361978 2.18258500
v -0.01605339 -0.51077753 2.18496966
v -0.01248952 -0.51010883 2.18263006
v -0.03236087 -0.48888069 2.20347571
v -0.03345548 -0.49135733 2.20375323
v -0.07292157 -0.48751014 2.29909897
v -0.07493327 -0.48645556 2.29844427
v -0.08121739 -0.52598530 2.26942277
v -0.07976715 -0.51529396 2.27207708
v -0.08071947 -0.51886630 2.25909328
v -0.08135215 -0.53192240 2.25610685
v -0.08385994 -0.54381984 2.25494266
v -0.08616915 -0.55444908 2.25657725
v -0.08571919 -0.54253781 2.26909947
v -0.08351640 -0.53509766 2.26782465
v -0.05290814 -0.45128000 2.35417771
v -0.05255252 -0.46229237 2.35177159
v -0.01213549 -0.49597967 2.18283963
v -0.01211370 -0.49231040 2.18161869
v -0.02692946 -0.58771861 2.36959100
v -0.02585704 -0.57441384 2.37244821
v -0.04648642 -0.57474184 2.36414003
v -0.04670190 -0.58750403 2.36028123
v -0.07296786 -0.52195764 2.33070254
v -0.07694405 -0.51738757 2.31668234
v -0.01778117 -0.46606827 2.19064212
v -0.01451503 -0.47219759 2.19325304
v -0.01464006 -0.46916324 2.19506621
v -0.01438158 -0.47155130 2.19373846
v -0.01773267 -0.46255893 2.18995500
v -0.01994613 -0.46148777 2.18905902
v -0.01534879 -0.46550643 2.19636822
v -0.01447651 -0.46548659 2.19571733
v -0.01386256 -0.46933013 2.19465041
v -0.01567100 -0.47228825 2.19251204
v -0.00941758 -0.45664513 2.18503284
v -0.01001863 -0.45697254 2.18174696
v -0.01395920 -0.45846379 2.18233156
v -0.01243429 -0.45790279 2.18479085
v -0.01244084 -0.47112989 2.19228649
v -0.01140479 -0.46871823 2.19228387
v -0.01261107 -0.46400297 2.18615580
v -0.01418786 -0.46891272 2.18868399
v -0.01446858 -0.47180086 2.19049692
v -0.01440196 -0.46486086 2.18672109
v -0.01341491 -0.46024537 2.19183660
v -0.01598204 -0.46553731 2.18834877
v -0.08613764 -0.50185567 2.29866505
v -0.06341125 -0.44983011 2.30048561
v -0.06816787 -0.46642405 2.30168676
v -0.06739310 -0.46829897 2.30776620
v -0.06366354 -0.45264393 2.31023121
v -0.08803876 -0.52785480 2.29137516
v -0.07634714 -0.55402142 2.22399354
v -0.07850546 -0.56860358 2.22857666
v -0.08387987 -0.56189150 2.24382281
v -0.08231309 -0.54955196 2.24296308
v -0.07850320 -0.58046240 2.23249531
v -0.08416855 -0.57467568 2.24648309
v -0.08741385 -0.56704998 2.26002026
v -0.08791143 -0.55334783 2.28103757
v -0.05028833 -0.50404269 2.20591426
v -0.05046988 -0.50373322 2.20595145
v -0.04894188 -0.50297731 2.20483041
v -0.04896426 -0.50322217 2.20488763
v -0.04979882 -0.50439543 2.20642281
v -0.04841002 -0.50349921 2.20559502
v -0.05070291 -0.50510716 2.20714283
v -0.05124090 -0.50472927 2.20681357
v -0.05147422 -0.50445116 2.20687342
v -0.03277627 -0.50368261 2.20224905
v -0.03349965 -0.50425243 2.20274687
v -0.03622693 -0.50325865 2.20280027
v -0.03552098 -0.50280905 2.20183635
v -0.03250325 -0.50326097 2.20197511
v -0.03543055 -0.50233752 2.20160508
v -0.03682144 -0.50813681 2.20700407
v -0.03630523 -0.50846720 2.20702457
v -0.03750056 -0.50762194 2.20714903
v -0.03105335 -0.50658208 2.20354533
v -0.03115056 -0.50742829 2.20296288
v -0.03589479 -0.50899017 2.20681119
v -0.03586699 -0.50861287 2.20719314
v -0.03153628 -0.50614709 2.20330262
v -0.02988966 -0.50590020 2.20334268
v -0.02878513 -0.50628328 2.20381451
v -0.02888728 -0.50746614 2.20300293
v -0.04063197 -0.50124180 2.20212388
v -0.04078563 -0.50046217 2.20242882
v -0.03606478 -0.50077164 2.20192075
v -0.03569331 -0.50165212 2.20163274
v -0.04045159 -0.50177062 2.20207739
v -0.04382420 -0.50213200 2.20299530
v -0.04387579 -0.50157988 2.20309138
v -0.04402697 -0.50090587 2.20345283
v -0.03269016 -0.50178945 2.20173955
v -0.03261584 -0.50273120 2.20170259
v -0.04403148 -0.50030017 2.20384431
v -0.04101162 -0.49988317 2.20287776
v -0.03621059 -0.50011283 2.20229316
v -0.03263389 -0.50130934 2.20187092
v -0.02987261 -0.50288558 2.20200086
v -0.03100517 -0.50302458 2.20191264
v -0.04098706 -0.49915498 2.20348048
v -0.04079908 -0.49834991 2.20406246
v -0.03590382 -0.49847347 2.20331573
v -0.03612357 -0.49934775 2.20283222
v -0.04405184 -0.49965179 2.20445132
v -0.04391247 -0.49885362 2.20502710
v -0.05255665 -0.50505942 2.20843983
v -0.05301434 -0.50583792 2.20914340
v -0.05299151 -0.50526047 2.20924163
v -0.05271359 -0.50466520 2.20894289
v -0.05529331 -0.50353080 2.21291637
v -0.05610209 -0.50514275 2.21341586
v -0.05776715 -0.50485176 2.21491838
v -0.05671500 -0.50304240 2.21431184
v -0.06488888 -0.49590158 2.22098851
v -0.05901942 -0.50037915 2.21582723
v -0.06034819 -0.50244987 2.21704006
v -0.05210740 -0.50455129 2.20776749
v -0.05144655 -0.50398856 2.20706677
v -0.05202987 -0.50494921 2.20763111
v -0.05244165 -0.50558412 2.20840812
v -0.05224099 -0.50402403 2.20836902
v -0.05152305 -0.50336474 2.20752096
v -0.05051005 -0.50335908 2.20612407
v -0.05056366 -0.50256723 2.20651698
v -0.04895205 -0.50178218 2.20539093
v -0.04888863 -0.50253218 2.20500398
v -0.04679565 -0.50199556 2.20404506
v -0.04712592 -0.50256574 2.20397758
v -0.04687230 -0.50124961 2.20443392
v -0.04906158 -0.50123352 2.20586705
v -0.04696300 -0.50063688 2.20482516
v -0.05064501 -0.50210202 2.20712590
v -0.05161462 -0.50294179 2.20811868
v -0.05236983 -0.50373381 2.20900416
v -0.05297681 -0.50440824 2.20958281
v -0.05337801 -0.50524235 2.20988512
v -0.05265438 -0.50340742 2.20980287
v -0.05326132 -0.50292742 2.21086192
v -0.05207009 -0.50195718 2.20978355
v -0.05177843 -0.50252950 2.20880818
v -0.05341798 -0.50427598 2.21050406
v -0.05419416 -0.50399017 2.21168399
v -0.05076910 -0.50174648 2.20778489
v -0.05079314 -0.50116426 2.20853686
v -0.04904305 -0.50020051 2.20723534
v -0.04911214 -0.50077307 2.20652819
v -0.04688771 -0.50012279 2.20539856
v -0.04700433 -0.49946034 2.20612168
v -0.04042026 -0.50198561 2.20219970
v -0.04015041 -0.50254428 2.20313597
v -0.04358799 -0.50250250 2.20391202
v -0.04390093 -0.50234860 2.20313358
v -0.04716725 -0.50274777 2.20403600
v -0.04658369 -0.50282568 2.20477057
v -0.04351695 -0.50295520 2.20491529
v -0.04182651 -0.50675297 2.20781422
v -0.04308345 -0.50678265 2.20812154
v -0.04617318 -0.50319713 2.20565462
v -0.04036092 -0.50305104 2.20420027
v -0.04025980 -0.50679773 2.20749092
v -0.03701143 -0.50386494 2.20380592
v -0.03867639 -0.50708741 2.20727038
v -0.03428720 -0.50462979 2.20334673
v -0.04199148 -0.51310414 2.19752097
v -0.04204915 -0.51315254 2.19716597
v -0.04662388 -0.51267481 2.19805002
v -0.04620576 -0.51264954 2.19857121
v -0.05636495 -0.54338050 2.35720491
v -0.05784911 -0.55925065 2.35587311
v -0.04515571 -0.55863899 2.36647034
v -0.04910683 -0.51080132 2.20046401
v -0.04907681 -0.51179779 2.20047855
v -0.05147861 -0.51107061 2.20228004
v -0.05134571 -0.51029789 2.20254087
v -0.04913490 -0.50974959 2.20047903
v -0.05099989 -0.50934303 2.20289254
v -0.04647240 -0.51028234 2.19834256
v -0.04643941 -0.51146454 2.19837713
v -0.04626158 -0.51238883 2.19858027
v -0.05033628 -0.50976843 2.20721889
v -0.04962609 -0.51044196 2.20612693
v -0.05016970 -0.50968850 2.20486665
v -0.05114071 -0.50944257 2.20643401
v -0.05089867 -0.50935358 2.20808434
v -0.05178493 -0.50907725 2.20758915
v -0.04565702 -0.50991809 2.20938420
v -0.04533347 -0.51015776 2.20893908
v -0.04484813 -0.51044512 2.20836234
v -0.04581780 -0.50969177 2.20969820
v -0.04587499 -0.50945854 2.20990968
v -0.04584134 -0.50919640 2.21000051
v -0.04577429 -0.50891280 2.20997047
v -0.06719659 -0.48041403 2.22761440
v -0.06745867 -0.49134552 2.22392917
v -0.06978884 -0.48489517 2.23005366
v -0.05174455 -0.50533509 2.20764637
v -0.05220388 -0.50599891 2.20836449
v -0.05117641 -0.50575072 2.20785427
v -0.05162315 -0.50639749 2.20844674
v -0.05267977 -0.50678009 2.20899987
v -0.05305238 -0.50653380 2.20915484
v -0.04917312 -0.50465930 2.20707464
v -0.04480617 -0.50746566 2.20891786
v -0.04526724 -0.50786394 2.20919704
v -0.04991418 -0.50554669 2.20764303
v -0.04787049 -0.50381333 2.20640230
v -0.04408946 -0.50705880 2.20854616
v -0.04550505 -0.50822872 2.20945477
v -0.04566230 -0.50861287 2.20975876
v -0.05023935 -0.50614053 2.20817637
v -0.05068066 -0.50679040 2.20871329
v -0.05199631 -0.50716281 2.20876551
v -0.05109538 -0.50803030 2.20922375
v -0.05118341 -0.50849771 2.20904994
v -0.05207511 -0.50768930 2.20883727
v -0.05214851 -0.50818408 2.20869064
v -0.05090945 -0.50748873 2.20917487
v -0.05111944 -0.50895119 2.20867276
v -0.05203689 -0.50861317 2.20827484
v -0.05327147 -0.50608903 2.20948720
v -0.05325377 -0.50694996 2.20942020
v -0.05367581 -0.50804579 2.20957828
v -0.05365874 -0.50629544 2.21001601
v -0.05427762 -0.50650668 2.21072149
v -0.05389846 -0.50526524 2.21085858
v -0.05461150 -0.50866526 2.20970607
v -0.05600727 -0.50928861 2.21027136
v -0.05545512 -0.50674635 2.21179295
v -0.05482403 -0.50528216 2.21197414
v -0.05294162 -0.50741279 2.20917439
v -0.05302381 -0.50807220 2.20916557
v -0.05411297 -0.50915092 2.20801735
v -0.05494059 -0.50990361 2.20774102
v -0.05349657 -0.50868708 2.20815563
v -0.05297593 -0.50890881 2.20665431
v -0.05346492 -0.50948465 2.20636821
v -0.05403478 -0.51009750 2.20603323
v -0.05259221 -0.50977719 2.20455956
v -0.05301033 -0.51048541 2.20414257
v -0.05223398 -0.50908160 2.20492625
v -0.05292683 -0.50855756 2.20826101
v -0.05246912 -0.50883627 2.20705414
v -0.05171188 -0.50905192 2.20551896
v -0.05071322 -0.50889146 2.20352626
v -0.04884495 -0.50913537 2.20131874
v -0.04820129 -0.50992578 2.20298123
v -0.04622212 -0.50969636 2.19913960
v -0.04540848 -0.51019579 2.20118070
v -0.04275179 -0.51315898 2.19578052
v -0.04777375 -0.51286989 2.19655800
v -0.04517039 -0.51093960 2.20271993
v -0.04258424 -0.51070446 2.20672464
v -0.04093728 -0.51059395 2.20617437
v -0.04184733 -0.51063174 2.20165682
v -0.03182751 -0.50784707 2.20221949
v -0.03270516 -0.50841588 2.20152664
v -0.03656514 -0.50950795 2.20621896
v -0.03615994 -0.50921917 2.20652199
v -0.03030736 -0.50769168 2.20165610
v -0.03173950 -0.50810599 2.20075965
v -0.03604395 -0.50978774 2.20073581
v -0.03805637 -0.51008654 2.20568728
v -0.03717652 -0.50983149 2.20593309
v -0.03434737 -0.50918180 2.20126224
v -0.03542489 -0.50950974 2.19887614
v -0.03313729 -0.50875688 2.20002365
v -0.04200433 -0.51025569 2.19974375
v -0.02844519 -0.62053120 2.35213137
v -0.02807470 -0.60669267 2.36136103
v -0.04645035 -0.60454440 2.35204744
v -0.04640156 -0.61645985 2.34396172
v -0.04761004 -0.51075763 2.20427299
v -0.04389471 -0.51063401 2.20748043
v -0.05639256 -0.61460227 2.33613062
v -0.05585429 -0.62220418 2.33012390
v -0.04723100 -0.62626249 2.33472252
v -0.03971472 -0.48218453 2.36234927
v -0.02896700 -0.47533500 2.37412000
v -0.02813738 -0.50713509 2.20076919
v -0.02996511 -0.50812864 2.19987965
v -0.02690364 -0.50616974 2.20151210
v -0.02621761 -0.50591058 2.20143747
v -0.02736377 -0.50714624 2.20072007
v -0.02895159 -0.50826764 2.19985223
v -0.03210802 -0.50892425 2.19895482
v -0.03134317 -0.50906628 2.19851661
v -0.03482591 -0.50991666 2.19698620
v -0.03497091 -0.50944108 2.19755125
v -0.04228824 -0.51008379 2.19770360
v -0.04232686 -0.51064742 2.19694471
v -0.03431610 -0.51082534 2.19732261
v -0.03070589 -0.50969803 2.19885468
v -0.03374511 -0.51178074 2.19759274
v -0.03052502 -0.51062596 2.19875574
v -0.04206372 -0.51268411 2.19737220
v -0.04229619 -0.51173818 2.19703245
v -0.02967341 -0.50389791 2.20215797
v -0.02763143 -0.50433475 2.20189667
v -0.03023020 -0.50432682 2.20217943
v -0.02797370 -0.50478363 2.20202017
v -0.03152244 -0.50510603 2.20286107
v -0.02704408 -0.50516349 2.20220089
v -0.02642182 -0.50489765 2.20184755
v -0.03252942 -0.50546610 2.20303273
v -0.02659538 -0.50730628 2.20098019
v -0.02528250 -0.50573409 2.20147491
v -0.02535705 -0.50804371 2.20146251
v -0.02449723 -0.50600213 2.20174432
v -0.02772714 -0.50985146 2.20017481
v -0.02817179 -0.50876707 2.20035791
v -0.02544385 -0.50472009 2.20189261
v -0.02602999 -0.50421631 2.20202184
v -0.02471041 -0.50458413 2.20196795
v -0.02533055 -0.50393784 2.20211864
v -0.03233681 -0.50062269 2.20218253
v -0.03200908 -0.49995571 2.20257521
v -0.02918672 -0.50232172 2.20198298
v -0.02851662 -0.50185788 2.20231009
v -0.04041560 -0.49737805 2.20463300
v -0.04361628 -0.49795586 2.20569181
v -0.04002001 -0.49635780 2.20521140
v -0.04339696 -0.49668515 2.20629859
v -0.03526500 -0.49673778 2.20397639
v -0.03561361 -0.49756855 2.20381212
v -0.03650454 -0.39773381 2.31068611
v -0.05402003 -0.50218391 2.21196985
v -0.05510737 -0.50134236 2.21314025
v -0.05338987 -0.49991184 2.21171045
v -0.05254422 -0.50119615 2.21083784
v -0.05095663 -0.50030077 2.20944238
v -0.05125317 -0.49879152 2.21022916
v -0.04884585 -0.49783307 2.20874977
v -0.04893878 -0.49926537 2.20800304
v -0.04684413 -0.49857581 2.20686555
v -0.04648362 -0.49705493 2.20758128
v -0.05699055 -0.50682962 2.21339583
v -0.05838839 -0.50990921 2.21226907
v -0.05881834 -0.50680548 2.21493077
v -0.06069833 -0.51037705 2.21429825
v -0.02369231 -0.50878012 2.20079565
v -0.02327918 -0.50648665 2.20177650
v -0.02189174 -0.50900215 2.19912291
v -0.02189954 -0.50651127 2.20036912
v -0.02346483 -0.51125991 2.19685459
v -0.02532052 -0.51110023 2.19896030
v -0.02387776 -0.50450569 2.20193720
v -0.02455646 -0.50362933 2.20219898
v -0.02263142 -0.50432491 2.20154428
v -0.02356539 -0.50295544 2.20210910
v -0.03152774 -0.49919862 2.20295119
v -0.03113468 -0.49839181 2.20319080
v -0.02787419 -0.50123894 2.20250368
v -0.02685064 -0.50032926 2.20288038
v -0.05487472 -0.53125268 2.35774112
v -0.05917183 -0.57487732 2.35274386
v -0.05553913 -0.51743239 2.19672942
v -0.05308726 -0.51457649 2.19742751
v -0.04962066 -0.51478821 2.19479346
v -0.05183880 -0.51771361 2.19271398
v -0.05860282 -0.52191287 2.19695520
v -0.06091998 -0.51969546 2.20122480
v -0.05815503 -0.51642972 2.20065570
v -0.05566822 -0.51396769 2.20042372
v -0.05921112 -0.51210535 2.21006632
v -0.05727239 -0.51141846 2.20842075
v -0.05739808 -0.51244372 2.20621753
v -0.05939978 -0.51349354 2.20732164
v -0.06159101 -0.51284128 2.21194410
v -0.06210835 -0.51491439 2.20879674
v -0.05904849 -0.51476222 2.20409250
v -0.05682611 -0.51310444 2.20348072
v -0.06187385 -0.51693612 2.20506978
v -0.03188536 -0.51417679 2.19319701
v -0.03251928 -0.51332277 2.19551611
v -0.02912881 -0.51228648 2.19737220
v -0.02774432 -0.51281774 2.19625354
v -0.03071756 -0.51500088 2.19079947
v -0.02567081 -0.51319909 2.19425368
v -0.04526700 -0.51721084 2.18988204
v -0.04410463 -0.51506752 2.19289279
v -0.03344580 -0.51231015 2.19763160
v -0.03125986 -0.51147193 2.19824362
v -0.03324773 -0.51253539 2.19754148
v -0.03059003 -0.51151329 2.19849420
v -0.06516618 -0.62649548 2.30938482
v -0.06767622 -0.62756878 2.29532909
v -0.05253635 -0.64238125 2.29702544
v -0.05094649 -0.63931030 2.31173158
v -0.04910531 -0.51210934 2.20029950
v -0.04968676 -0.51226664 2.19972372
v -0.05221638 -0.51163810 2.20153618
v -0.05163205 -0.51137102 2.20199132
v -0.05336257 -0.51090252 2.20382261
v -0.05405300 -0.51124054 2.20349884
v -0.05510230 -0.51096654 2.20559621
v -0.05449324 -0.51060694 2.20558834
v -0.05510272 -0.51040155 2.20700860
v -0.05570812 -0.51057804 2.20747471
v -0.03093777 -0.51207381 2.19759202
v -0.03319709 -0.51262796 2.19691372
v -0.05808273 -0.60388988 2.34248757
v -0.05541795 -0.55957979 2.19099355
v -0.06195536 -0.55846786 2.19903111
v -0.05991770 -0.55005717 2.19586468
v -0.05093986 -0.51265651 2.19849825
v -0.05348885 -0.51225865 2.20078564
v -0.05511234 -0.51195031 2.20328379
v -0.05598989 -0.51162827 2.20554948
v -0.05636716 -0.51124907 2.20712662
v -0.07901890 -0.50032133 2.28394532
v -0.07970636 -0.50098556 2.28569818
v -0.08684766 -0.52054226 2.30572629
v -0.08521807 -0.52648914 2.30236721
v -0.08408479 -0.52920085 2.29949927
v -0.08638486 -0.53196800 2.28372025
v -0.08994325 -0.53624386 2.28562069
v -0.09042199 -0.50043750 2.30640388
v -0.08724575 -0.49735147 2.30338359
v -0.09038349 -0.50142878 2.30660224
v -0.09669218 -0.53656512 2.29703569
v -0.09698497 -0.53559947 2.29922843
v -0.09797976 -0.53518128 2.29902315
v -0.04655571 -0.50872129 2.35720491
v -0.05244094 -0.52158487 2.35792279
v -0.09734828 -0.53415906 2.30128264
v -0.08207213 -0.50636244 2.28655720
v -0.08814164 -0.52002090 2.30626273
v -0.08989231 -0.52006036 2.30825734
v -0.09064364 -0.51515943 2.31035233
v -0.08993443 -0.51538736 2.30929494
v -0.08965157 -0.50978988 2.31027484
v -0.08916251 -0.51041442 2.30946207
v -0.09200418 -0.50486231 2.30814195
v -0.09359769 -0.50916904 2.30891967
v -0.09120413 -0.53713733 2.28665900
v -0.09051082 -0.53577089 2.28567052
v -0.09197313 -0.53706771 2.28696609
v -0.08276910 -0.50572139 2.28839135
v -0.08446126 -0.53011250 2.28423548
v -0.08392362 -0.52777976 2.28404689
v -0.08362212 -0.52832639 2.28434777
v -0.07893421 -0.51195419 2.28992891
v -0.07893153 -0.51287323 2.28978252
v -0.08029165 -0.51037067 2.29033327
v -0.08291952 -0.50841153 2.28958082
v -0.07596590 -0.50160748 2.29226375
v -0.07529692 -0.50128263 2.29454875
v -0.07580015 -0.50003731 2.29424381
v -0.09383567 -0.54425734 2.28773546
v -0.08401874 -0.52674806 2.28414726
v -0.08543214 -0.52778959 2.28380013
v -0.08590488 -0.52883327 2.28342748
v -0.09287331 -0.53671050 2.28735900
v -0.08630601 -0.52982557 2.28335953
v -0.08539497 -0.52981979 2.28346157
v -0.08714681 -0.53168166 2.28363895
v -0.08480743 -0.52996069 2.28374147
v -0.08188065 -0.51055938 2.30398464
v -0.08044609 -0.50955135 2.30213213
v -0.08077430 -0.52037257 2.27658129
v -0.08210958 -0.51929474 2.27963877
v -0.08632276 -0.49605477 2.30147791
v -0.08385671 -0.53415519 2.29290366
v -0.08410745 -0.53735965 2.29302835
v -0.09515796 -0.51408798 2.30888081
v -0.08846275 -0.50519150 2.30128694
v -0.08626734 -0.50397879 2.29972029
v -0.09056500 -0.50683945 2.30265450
v -0.09225325 -0.50991201 2.30346417
v -0.07929631 -0.52280456 2.29163408
v -0.09138425 -0.52853072 2.29477406
v -0.09208718 -0.52682805 2.29670405
v -0.08973185 -0.52803439 2.29311895
v -0.08501779 -0.53963077 2.28948545
v -0.08492222 -0.53878206 2.28730869
v -0.08476774 -0.53460330 2.29046535
v -0.08458981 -0.53690100 2.28754425
v -0.07794838 -0.50488448 2.29132414
v -0.07779984 -0.50047910 2.29673028
v -0.07731535 -0.50284481 2.29698706
v -0.07887468 -0.50094271 2.29753470
v -0.07875592 -0.50244695 2.29858017
v -0.07884405 -0.50444406 2.29948139
v -0.07919069 -0.50672156 2.30010581
v -0.07917726 -0.50927120 2.29968548
v -0.07775731 -0.50900853 2.29071760
v -0.08559890 -0.53443485 2.27800345
v -0.07725602 -0.50723976 2.29121399
v -0.07924080 -0.51053643 2.29025030
v -0.07938458 -0.50870734 2.29056835
v -0.07906186 -0.50673938 2.29088640
v -0.08382919 -0.49912900 2.29492044
v -0.08457050 -0.50144607 2.29653835
v -0.08219660 -0.49948663 2.29391670
v -0.08493248 -0.50275588 2.29827023
v -0.08090980 -0.49946988 2.29356909
v -0.08441526 -0.53476417 2.29106736
v -0.08447937 -0.53756219 2.28942370
v -0.07926171 -0.50278890 2.28081346
v -0.07198073 -0.49166870 2.23217535
v -0.07377218 -0.50258797 2.23335409
v -0.03210923 -0.43720770 2.23310781
v -0.03132668 -0.43408155 2.23405671
v -0.06397128 -0.47622120 2.22460985
v -0.05962246 -0.47204077 2.22040105
v -0.03154067 -0.43757349 2.21989322
v -0.03072001 -0.43674815 2.22016335
v -0.02978710 -0.43721104 2.21977758
v -0.03058451 -0.43784928 2.21983552
v -0.02818505 -0.43840331 2.22129989
v -0.02895922 -0.43876785 2.22184253
v -0.02922316 -0.43843943 2.22097349
v -0.02855430 -0.43799281 2.22048926
v -0.03560877 -0.45231313 2.21140528
v -0.03915768 -0.45671231 2.21152306
v -0.04232254 -0.45285749 2.21452141
v -0.03875166 -0.44896209 2.21405959
v -0.03064961 -0.44057983 2.22900581
v -0.03067015 -0.44193745 2.22774816
v -0.02970699 -0.44023365 2.22415328
v -0.03006996 -0.43969816 2.22489691
v -0.03021991 -0.43812346 2.23012972
v -0.02959524 -0.43872988 2.22594023
v -0.03234014 -0.44089007 2.23150206
v -0.03187848 -0.44313419 2.23007107
v -0.04100703 -0.43270814 2.22600746
v -0.03745890 -0.43413001 2.22346449
v -0.03851685 -0.43714041 2.22167993
v -0.04224550 -0.43703157 2.22351360
v -0.03217236 -0.46379632 2.20738244
v -0.03596407 -0.46016175 2.20929909
v -0.03276776 -0.45590740 2.20956063
v -0.02891190 -0.46003377 2.20769358
v -0.02492931 -0.46446788 2.20507574
v -0.02797107 -0.46755284 2.20539045
v -0.02372033 -0.47049677 2.19824529
v -0.02398993 -0.46659833 2.19846535
v -0.02353304 -0.46447420 2.19553423
v -0.02396137 -0.46698368 2.19592071
v -0.02175454 -0.46128315 2.19846034
v -0.02386210 -0.46501213 2.20073891
v -0.01808435 -0.46009725 2.19835305
v -0.01786371 -0.46034569 2.19706130
v -0.02179484 -0.46131337 2.20029426
v -0.02189063 -0.46122038 2.20262694
v -0.01835682 -0.45985371 2.19988680
v -0.01735457 -0.46085697 2.19570947
v -0.02000947 -0.46072888 2.19576001
v -0.02152494 -0.46201736 2.19368672
v -0.01181525 -0.45806170 2.18718481
v -0.01300662 -0.45853955 2.18482614
v -0.01732353 -0.49313313 2.18925524
v -0.01997934 -0.49098736 2.19379807
v -0.01732386 -0.48985684 2.18820739
v -0.01983140 -0.48803592 2.19254899
v -0.02094776 -0.46253002 2.18931007
v -0.02222151 -0.46509826 2.19033885
v -0.01884231 -0.46213174 2.18515205
v -0.02000128 -0.46499753 2.18455958
v -0.01217705 -0.50725305 2.18343425
v -0.00952804 -0.45657831 2.19264746
v -0.00975724 -0.45609891 2.19349718
v -0.00918571 -0.45683432 2.19041324
v -0.02986253 -0.63939214 2.33193207
v -0.03110598 -0.64798546 2.31652355
v -0.03189661 -0.65424335 2.28866100
v -0.02983056 -0.65333509 2.27514648
v -0.01260144 -0.44104362 2.20056415
v -0.01234458 -0.44346929 2.19949007
v -0.01959216 -0.44333869 2.21800184
v -0.01377168 -0.44317526 2.21654320
v -0.01364090 -0.43974060 2.21283436
v -0.01911214 -0.43994170 2.21421361
v -0.02302594 -0.44039404 2.21653485
v -0.02355765 -0.44357169 2.22067022
v -0.01953182 -0.44548893 2.22021341
v -0.01380588 -0.44538617 2.21856999
v -0.01844122 -0.43743831 2.21058130
v -0.01301025 -0.43703860 2.20849967
v -0.01308299 -0.43754148 2.20518994
v -0.01855461 -0.43799698 2.20791459
v -0.02470285 -0.45736408 2.20589471
v -0.02075783 -0.45714861 2.20311379
v -0.01700290 -0.45600480 2.19949079
v -0.01385842 -0.45486349 2.19689584
v -0.01327915 -0.45662028 2.19556689
v -0.01569190 -0.45812118 2.19746757
v -0.01307793 -0.45724392 2.19474459
v -0.01546189 -0.45860773 2.19646907
v -0.01544953 -0.45912677 2.19549012
v -0.01590422 -0.46031374 2.19460225
v -0.01419405 -0.45960033 2.19347024
v -0.01455807 -0.46089602 2.19340491
v -0.01310292 -0.45790797 2.19400430
v -0.01219534 -0.48002863 2.17833090
v -0.01199898 -0.48446667 2.17945814
v -0.01703464 -0.44550890 2.20085573
v -0.01212615 -0.44557178 2.19915700
v -0.01142767 -0.44939786 2.19792390
v -0.01570714 -0.44986171 2.19943166
v -0.02006053 -0.44996458 2.20220804
v -0.02179418 -0.44477504 2.20423675
v -0.01005188 -0.45552385 2.19431162
v -0.01715496 -0.44342721 2.20160437
v -0.01751893 -0.44120049 2.20288086
v -0.02246494 -0.44258064 2.20504355
v -0.02281448 -0.44065291 2.20635033
v -0.02639065 -0.44347125 2.20858121
v -0.02538393 -0.44910878 2.20597553
v -0.03114730 -0.44816709 2.21028662
v -0.03034882 -0.44183290 2.21276665
v -0.03848870 -0.43991357 2.21940303
v -0.03313464 -0.43740261 2.22008085
v -0.03329799 -0.43857574 2.21894121
v -0.03302884 -0.43956441 2.21743035
v -0.03769868 -0.44255567 2.21676540
v -0.04214088 -0.44114840 2.22049236
v -0.04101077 -0.44517136 2.21720791
v -0.03568434 -0.44527537 2.21375895
v -0.03244166 -0.44055724 2.21551228
v -0.03169073 -0.43826616 2.21897912
v -0.03066469 -0.43814701 2.21931934
v -0.03146567 -0.43881088 2.21779466
v -0.03041778 -0.43840349 2.21836495
v -0.03090723 -0.43924248 2.21637082
v -0.02995609 -0.43857497 2.21725535
v -0.02898916 -0.43888843 2.21556497
v -0.02967485 -0.43999285 2.21422195
v -0.02834913 -0.43906337 2.22049308
v -0.02740418 -0.43890762 2.21930885
v -0.02755529 -0.43843412 2.21805811
v -0.02846116 -0.43857944 2.21935606
v -0.02893396 -0.43899786 2.22137761
v -0.02896463 -0.43861824 2.22015262
v -0.02923198 -0.44060224 2.22304630
v -0.02806422 -0.44069028 2.22214699
v -0.02951339 -0.43901521 2.22218823
v -0.02952745 -0.43865138 2.22123671
v -0.02967433 -0.43819225 2.21986461
v -0.02955220 -0.43834633 2.21921825
v -0.02907152 -0.43841207 2.21827698
v -0.02819859 -0.43841547 2.21694374
v -0.02274298 -0.43924123 2.20828676
v -0.02630614 -0.43991327 2.21057343
v -0.02595846 -0.43885928 2.21252179
v -0.02251003 -0.43808591 2.21098566
v -0.02550714 -0.43829930 2.21445537
v -0.02402936 -0.44543087 2.22258496
v -0.02216766 -0.43785375 2.21307611
v -0.02734802 -0.44330257 2.22343707
v -0.02830495 -0.44513828 2.22535610
v -0.02604958 -0.44070441 2.22001410
v -0.03017452 -0.44268548 2.22631526
v -0.02919163 -0.44277960 2.22555637
v -0.03106827 -0.44443339 2.22826290
v -0.03001420 -0.44468480 2.22702527
v -0.02503052 -0.43843359 2.21654272
v -0.02667805 -0.44138920 2.20928264
v -0.01823610 -0.43944877 2.20489717
v -0.01280005 -0.43929815 2.20260882
v -0.01289931 -0.47023714 2.17525387
v -0.01246081 -0.47550255 2.17696500
v -0.02908218 -0.43755472 2.21978998
v -0.01475644 -0.38628173 2.30264115
v -0.03236064 -0.43612224 2.22072244
v -0.02949854 -0.43586242 2.23110366
v -0.02873039 -0.43763345 2.22611117
v -0.03790147 -0.42821127 2.22754216
v -0.03315923 -0.42326385 2.22724438
v -0.03115420 -0.42652583 2.22387719
v -0.03498830 -0.43065351 2.22446513
v -0.02864958 -0.43142313 2.21926641
v -0.03082425 -0.43413383 2.22047615
v -0.02947475 -0.43514752 2.21944785
v -0.02730613 -0.43322402 2.21793127
v -0.02644525 -0.43457919 2.21694636
v -0.02845614 -0.43613923 2.21896911
v -0.02479825 -0.43684220 2.21743679
v -0.02026847 -0.43613398 2.21467853
v -0.01916792 -0.43485528 2.22066569
v -0.02417289 -0.43547469 2.22287703
v -0.02770469 -0.43678808 2.22521472
v -0.02730539 -0.43800467 2.22050047
v -0.02544531 -0.43647784 2.21670389
v -0.02759786 -0.43754452 2.21963906
v -0.02076221 -0.43570781 2.21356702
v -0.02544275 -0.39072388 2.30579734
v -0.02795250 -0.43693691 2.21901035
v -0.02593837 -0.43589818 2.21656847
v -0.02149281 -0.43462682 2.21329904
v -0.02251767 -0.43265820 2.21360683
v -0.02356023 -0.43050432 2.21447992
v -0.02425368 -0.42818725 2.21645689
v -0.02574802 -0.42245173 2.22207832
v -0.02682484 -0.41810805 2.22539282
v -0.01963430 -0.41982937 2.22020221
v -0.02061093 -0.41498190 2.22256827
v -0.01857658 -0.42572331 2.21398687
v -0.01842827 -0.42836750 2.21113706
v -0.01784830 -0.43099856 2.21026301
v -0.01717101 -0.43340105 2.21025729
v -0.01054084 -0.45409358 2.19550490
v -0.01302261 -0.45897192 2.19223309
v -0.01196451 -0.45827407 2.19001436
v -0.01521086 -0.45955455 2.18352151
v -0.00913734 -0.45672780 2.18787074
v -0.01763395 -0.46128410 2.18337679
v -0.01605464 -0.46021438 2.18216729
v -0.01676263 -0.46151549 2.18062186
v -0.01788056 -0.46270078 2.18165970
v -0.01460552 -0.45916080 2.18121052
v -0.01591890 -0.46089512 2.17967343
v -0.01045848 -0.45761245 2.17997384
v -0.01148188 -0.46008462 2.17658138
v -0.01263916 -0.46575916 2.17464042
v -0.01190013 -0.46205837 2.17535567
v -0.01725831 -0.46298701 2.17948651
v -0.01861583 -0.46553177 2.18050814
v -0.01881670 -0.46937245 2.18157840
v -0.02057255 -0.46856177 2.18608761
v -0.02125124 -0.63961786 2.23147368
v -0.01642542 -0.43482035 2.21072388
v -0.01543425 -0.43561584 2.21246791
v -0.01883914 -0.42812139 2.23054194
v -0.01882181 -0.43128186 2.22670841
v -0.01398749 -0.43055284 2.22541213
v -0.01406254 -0.42755741 2.22892118
v -0.01142148 -0.43544984 2.21158051
v -0.01112920 -0.43411320 2.21788192
v -0.01454338 -0.43436050 2.21870971
v -0.01175255 -0.43460208 2.20941043
v -0.01227704 -0.43292820 2.20868564
v -0.01280125 -0.43030214 2.20842361
v -0.01057386 -0.43017054 2.22460556
v -0.01048119 -0.42712653 2.22842646
v -0.02797698 -0.43407947 2.23067045
v -0.02876161 -0.43140042 2.23390436
v -0.02389649 -0.43204468 2.22858381
v -0.02400074 -0.42932492 2.23212075
v -0.01431962 -0.41370445 2.22002673
v -0.01329539 -0.41874629 2.21854115
v -0.01307368 -0.42720234 2.20949531
v -0.01324976 -0.42440099 2.21255445
v -0.03169049 -0.65235096 2.30271244
v -0.07333703 -0.57279712 2.21868873
v -0.07142783 -0.56327355 2.21386170
v -0.06465287 -0.56803429 2.20448971
v -0.06679539 -0.57596475 2.20901036
v -0.07353538 -0.58294827 2.22355008
v -0.06731888 -0.58505720 2.21361732
v -0.04953237 -0.63781917 2.25441027
v -0.05026845 -0.63156104 2.24143314
v -0.03222570 -0.63731068 2.23414993
v -0.04481648 -0.64493537 2.26696301
v -0.05628932 -0.63975519 2.27917123
v -0.05858257 -0.63358080 2.26037860
v -0.05855426 -0.62712950 2.24637175
v -0.02754673 -0.46207142 2.38326764
v -0.05915475 -0.58724099 2.34906292
v -0.05741300 -0.62105495 2.23376298
v -0.04978647 -0.62469208 2.22905755
v -0.04964462 -0.61732805 2.21843243
v -0.05646848 -0.61473238 2.22356200
v -0.03209387 -0.62972480 2.22142124
v -0.02106954 -0.63153291 2.21818352
v -0.02447984 -0.55803657 2.37482119
v -0.01199504 -0.48874950 2.18053913
v -0.05150190 -0.48946863 2.34780478
v -0.06425063 -0.47982609 2.33247375
v -0.06003603 -0.42551780 2.33647346
v -0.07653243 -0.49426824 2.30338907
v -0.07624899 -0.49516100 2.30390668
v -0.06465355 -0.45905697 2.32099152
v -0.06771831 -0.47203606 2.31613946
v -0.04162612 -0.49473864 2.35790539
v -0.08603182 -0.50868875 2.30925179
v -0.08678363 -0.51260084 2.30880356
v -0.08730682 -0.50765324 2.30918407
v -0.08822133 -0.51188105 2.30896401
v -0.08837745 -0.51608258 2.30791330
v -0.08792025 -0.50567275 2.30895495
v -0.08528593 -0.53768098 2.28493476
v -0.08686409 -0.53879869 2.28368759
v -0.07646390 -0.49103153 2.30021310
v -0.07604919 -0.49245113 2.30137920
v -0.07573406 -0.49162269 2.30093622
v -0.07552092 -0.49071079 2.29988718
v -0.07617565 -0.48961884 2.29922080
v -0.07536720 -0.48973107 2.29914784
v -0.08732434 -0.54977190 2.27248597
v -0.07352477 -0.49167329 2.30238104
v -0.07543027 -0.49457806 2.30363917
v -0.07543319 -0.49340874 2.30248952
v -0.07508588 -0.49201572 2.30169845
v -0.07395949 -0.49043822 2.30057311
v -0.07392797 -0.48897445 2.29929852
v -0.07557064 -0.48810601 2.29883814
v -0.08813762 -0.50480717 2.30967665
v -0.08054545 -0.49094242 2.30303073
v -0.08569639 -0.53327495 2.29434395
v -0.08566348 -0.53218138 2.29645658
v -0.08820236 -0.53429949 2.29724336
v -0.08797920 -0.53581023 2.29512811
v -0.06509447 -0.52789074 2.34567189
v -0.06685378 -0.53993922 2.34537148
v -0.01445391 -0.46790332 2.38420153
v -0.01526324 -0.48015821 2.37760544
v -0.08167458 -0.56450075 2.31814599
v -0.08563851 -0.53421628 2.29222107
v -0.08800463 -0.53682810 2.29297686
v -0.08713277 -0.51666778 2.30757904
v -0.08468547 -0.53361738 2.29239535
v -0.08477726 -0.53262842 2.29445100
v -0.08919790 -0.53896701 2.29394484
v -0.08925758 -0.53765970 2.29640651
v -0.08930770 -0.53596616 2.29867530
v -0.08472867 -0.53147143 2.29661989
v -0.08494741 -0.53899258 2.29182720
v -0.08727301 -0.58385015 2.28424525
v -0.08543778 -0.58338505 2.29955482
v -0.08325574 -0.60075980 2.28096128
v -0.08173052 -0.60170460 2.29688358
v -0.07671896 -0.60197490 2.31388593
v -0.08020476 -0.58249575 2.31712270
v -0.08497631 -0.53805447 2.28611588
v -0.08793724 -0.53992504 2.28392458
v -0.07325251 -0.59167415 2.22877431
v -0.07808106 -0.58929497 2.23746252
v -0.06721748 -0.59299260 2.21815133
v -0.06620985 -0.60027719 2.22303748
v -0.07177821 -0.59975469 2.23324347
v -0.07872818 -0.59753603 2.24702978
v -0.08843748 -0.57007712 2.27389526
v -0.08692625 -0.58376563 2.26905584
v -0.08488769 -0.58252251 2.25495553
v -0.08227162 -0.59969062 2.26473665
v -0.07406069 -0.60859460 2.24960089
v -0.07740028 -0.61066610 2.26437998
v -0.06768028 -0.61859417 2.24964285
v -0.06946795 -0.62245929 2.26385593
v -0.06912700 -0.62655252 2.27945304
v -0.07825360 -0.61282784 2.27968717
v -0.06970780 -0.60725248 2.23697948
v -0.06434996 -0.60680711 2.22639227
v -0.06482098 -0.61476803 2.23762393
v -0.06198092 -0.61229384 2.22911525
v -0.08304743 -0.58165836 2.24730039
v -0.06933980 -0.48379689 2.30166674
v -0.07144835 -0.48152697 2.29656887
v -0.07733747 -0.48854268 2.28464365
v -0.07629108 -0.49874544 2.24227548
v -0.07701540 -0.51141667 2.23967981
v -0.07994142 -0.50772333 2.25255942
v -0.07854558 -0.49311811 2.25686383
v -0.07620436 -0.52500916 2.23601294
v -0.07929199 -0.52187169 2.24831033
v -0.08021680 -0.53588349 2.24484825
v -0.07616211 -0.53892958 2.23079777
v -0.06811170 -0.60270756 2.33020091
v -0.07030555 -0.58619696 2.33529973
v -0.07066190 -0.57358140 2.33855557
v -0.05815382 -0.54290491 2.19425035
v -0.02923038 -0.63197052 2.34116483
v -0.05760613 -0.56955510 2.19542837
v -0.06125059 -0.62326676 2.32249117
v -0.04860409 -0.63256234 2.32657313
v -0.07682715 -0.61387038 2.29526758
v -0.07316756 -0.61372006 2.30984616
v -0.06532166 -0.61348641 2.32618904
v -0.06900951 -0.55800557 2.34268928
v -0.05735372 -0.60839063 2.21783781
v -0.06410704 -0.51387650 2.21469021
v -0.06306305 -0.51006085 2.21732092
v -0.06486331 -0.51760232 2.21115565
v -0.06133316 -0.50506586 2.21769094
v -0.02327777 -0.48894411 2.19754815
v -0.02275441 -0.48624879 2.19638324
v -0.02232674 -0.48312449 2.19563842
v -0.02585051 -0.48458308 2.19977117
v -0.02515112 -0.48100781 2.19928622
v -0.01920787 -0.48139507 2.19023681
v -0.01962026 -0.48483145 2.19152117
v -0.02164578 -0.47996670 2.19469404
v -0.02111254 -0.47623330 2.19427490
v -0.01915960 -0.47754776 2.18939877
v -0.02440756 -0.46557760 2.20311236
v -0.02565209 -0.47079426 2.20288825
v -0.02349086 -0.47408050 2.19899774
v -0.02878749 -0.47878063 2.20198417
v -0.02751591 -0.47503543 2.20213318
v -0.02435716 -0.47778326 2.19890618
v -0.02999353 -0.48274088 2.20241117
v -0.02195466 -0.47196078 2.19350481
v -0.02289579 -0.46777982 2.19181991
v -0.01972696 -0.47305232 2.18785024
v -0.01815441 -0.47377729 2.18369412
v -0.01755600 -0.47845340 2.18513918
v -0.02659157 -0.48738265 2.20068789
v -0.03126431 -0.48572338 2.20293021
v -0.03097301 -0.47177851 2.20431757
v -0.03560178 -0.46845394 2.20600080
v -0.03331766 -0.47657102 2.20393300
v -0.03769768 -0.47388518 2.20542336
v -0.03458206 -0.48078382 2.20408607
v -0.03917708 -0.47841018 2.20558143
v -0.03971829 -0.46494734 2.20801926
v -0.04311226 -0.46141285 2.21089196
v -0.04619620 -0.45727348 2.21474695
v -0.04630822 -0.46695822 2.21030426
v -0.04971380 -0.46242750 2.21462917
v -0.04841577 -0.47263491 2.21009779
v -0.05251658 -0.46854955 2.21433949
v -0.04245642 -0.47063589 2.20740795
v -0.04420400 -0.47565299 2.20752954
v -0.04029694 -0.48276746 2.20600486
v -0.03583818 -0.48448402 2.20456219
v -0.04948346 -0.48483324 2.20949507
v -0.04935749 -0.47884071 2.20980310
v -0.04493771 -0.48088038 2.20777488
v -0.04538364 -0.48589063 2.20781898
v -0.05419075 -0.47588688 2.21363711
v -0.05402683 -0.48379773 2.21197128
v -0.05310928 -0.48915988 2.21139050
v -0.03931176 -0.49430346 2.20528221
v -0.03483247 -0.49482274 2.20393658
v -0.04281530 -0.49427921 2.20642209
v -0.04911144 -0.48924381 2.20931387
v -0.04563491 -0.48954415 2.20777631
v -0.05711751 -0.49856967 2.21434259
v -0.05480086 -0.49696469 2.21256828
v -0.04902900 -0.49496955 2.20903993
v -0.04615781 -0.49449682 2.20767426
v -0.05202469 -0.49585444 2.21073294
v -0.03032797 -0.49651498 2.20316792
v -0.02541150 -0.49828887 2.20229721
v -0.06211778 -0.46689689 2.33571863
v -0.01730692 -0.48255694 2.18589473
v -0.01731728 -0.48629349 2.18707228
v -0.02290868 -0.51258916 2.19184709
v -0.02076193 -0.51047283 2.19398713
v -0.01531480 -0.50813830 2.18622327
v -0.02755291 -0.51494950 2.18757105
v -0.02240167 -0.50060970 2.20075154
v -0.02042847 -0.50282842 2.19976807
v -0.01947086 -0.50528234 2.19806123
v -0.01948296 -0.50802511 2.19616699
v -0.03956115 -0.52749938 2.18064117
v -0.03594735 -0.52071249 2.18144560
v -0.06793772 -0.55355740 2.20799828
v -0.07151476 -0.54662877 2.21479559
v -0.05983208 -0.52812910 2.19772363
v -0.06284737 -0.52518660 2.20232081
v -0.06454317 -0.52150375 2.20693326
v -0.07261713 -0.53673965 2.22216415
v -0.07293739 -0.52523655 2.22747350
v -0.07359622 -0.51384115 2.23141336
v -0.05947248 -0.58630037 2.20364499
v -0.05921127 -0.59412515 2.20793104
v -0.05904407 -0.57817310 2.19939470
v -0.04978353 -0.61026949 2.21073580
v -0.05004970 -0.60282004 2.20439243
v -0.05845835 -0.60149592 2.21273804
v -0.05078780 -0.59544200 2.19934273
v -0.05119625 -0.58778036 2.19515562
v -0.05070725 -0.57937866 2.19083309
v -0.04978568 -0.57044107 2.18703079
v -0.04783253 -0.55951250 2.18353176
v -0.04986459 -0.47577876 2.35114932
v -0.01498923 -0.47232944 2.19204259
v -0.01430733 -0.47218484 2.19129586
v -0.01388491 -0.47224158 2.19269323
v -0.01320089 -0.47207904 2.19198346
v -0.01296542 -0.47104001 2.19290113
v -0.01404230 -0.46310258 2.19340611
v -0.01255245 -0.46540695 2.19383478
v -0.01226407 -0.46910959 2.19348335
v -0.07561372 -0.48334181 2.28936625
v -0.05860354 -0.43534452 2.34810686
v -0.05360181 -0.44294041 2.35669899
v 0.05441951 -0.43637294 2.34264970
v 0.05070403 -0.44453621 2.35092974
v 0.01782839 -0.38666010 2.30925846
v 0.02931422 -0.39272475 2.31224632
v 0.03101633 -0.38692862 2.31759644
v 0.01932495 -0.38117734 2.31482077
v 0.05735546 -0.42158592 2.35684013
v 0.05536016 -0.42670774 2.34590173
v 0.05258245 -0.43692273 2.35846043
v 0.05601078 -0.43097466 2.37014890
v 0.04661039 -0.44433415 2.37111568
v 0.05035609 -0.43737328 2.38235545
v 0.04115464 -0.44125366 2.39235687
v 0.03807147 -0.44973648 2.38113022
v 0.02720313 -0.45160663 2.38920617
v 0.03095296 -0.44198334 2.39959335
v 0.04057049 -0.40011710 2.31703115
v 0.04944896 -0.40885603 2.32485914
v 0.04906301 -0.40025508 2.32916594
v 0.04034254 -0.39390320 2.32137918
v 0.05446970 -0.41856676 2.33408284
v 0.05589673 -0.41112059 2.34146905
v 0.01664402 -0.44439363 2.40207672
v 0.01368879 -0.45630306 2.39042544
v 0.02303108 -0.36828947 2.32450056
v 0.00952546 -0.36564022 2.32372928
v 0.00873962 -0.37217888 2.31967664
v 0.02134370 -0.37491503 2.32045221
v 0.05647957 -0.37533516 2.34242320
v 0.07188167 -0.38626903 2.35605431
v 0.07756044 -0.37603861 2.35292721
v 0.06134678 -0.36471832 2.34061480
v 0.07025303 -0.34158599 2.32719946
v 0.09649368 -0.35202989 2.34066296
v 0.09191501 -0.32844591 2.32457447
v 0.07047099 -0.32248908 2.31972933
v 0.08834961 -0.30813998 2.31338835
v 0.06913239 -0.30379158 2.31078267
v 0.07938395 -0.25293329 2.28811955
v 0.06158515 -0.25172687 2.28622746
v 0.06412216 -0.26876700 2.29368305
v 0.08230276 -0.27067158 2.29561138
v 0.08977240 -0.15529886 2.28371263
v 0.07641578 -0.15821907 2.27769589
v 0.08375965 -0.17377734 2.27315569
v 0.09569221 -0.17228413 2.27705789
v 0.15342639 -0.27986595 2.31454849
v 0.15686218 -0.30024695 2.31894159
v 0.16860402 -0.28869197 2.32051277
v 0.16347893 -0.26851013 2.31932616
v 0.11633128 -0.39233661 2.38185120
v 0.10891383 -0.37486991 2.36121345
v 0.09676676 -0.38107720 2.36690760
v 0.10327507 -0.39734632 2.38521123
v 0.14275232 -0.18965527 2.32095957
v 0.13654457 -0.17673689 2.31554341
v 0.13253312 -0.18485671 2.30521584
v 0.13779522 -0.19748473 2.30911279
v 0.11379507 -0.07062051 2.33552480
v 0.09754259 -0.06724524 2.31900263
v 0.09850045 -0.08944952 2.31575418
v 0.11426656 -0.09273466 2.33100700
v 0.15394604 -0.12626117 2.39490604
v 0.15686491 -0.12902766 2.42189956
v 0.15350775 -0.11135083 2.42539144
v 0.15142578 -0.10682034 2.39814758
v 0.11076688 -0.25377694 2.29442692
v 0.09582156 -0.25377879 2.29090738
v 0.09925504 -0.27166778 2.29832888
v 0.11436023 -0.27196401 2.30137229
v 0.33346030 -0.26039800 2.33529186
v 0.33040461 -0.24281073 2.33564544
v 0.30717483 -0.25262949 2.33767605
v 0.31031957 -0.27015907 2.33730578
v 0.14398448 -0.00512785 2.40974045
v 0.14487962 -0.01268584 2.43508196
v 0.14757337 0.00590581 2.43689036
v 0.14549072 0.01351684 2.41066551
v 0.20166713 -0.35195801 2.33934641
v 0.20677774 -0.37161192 2.35809278
v 0.21893352 -0.36346748 2.35665202
v 0.21432175 -0.34300387 2.33942032
v 0.14475022 -0.24723801 2.30921292
v 0.14925641 -0.26307979 2.31131744
v 0.15807787 -0.25359333 2.31868339
v 0.15287787 -0.24035889 2.31794524
v 0.16644651 -0.16125116 2.41968846
v 0.16392401 -0.15983957 2.39698410
v 0.16815697 -0.17734730 2.39916587
v 0.17104667 -0.17845434 2.41963053
v 0.15908910 -0.14278463 2.39543819
v 0.16144343 -0.14455605 2.42040801
v 0.13508612 -0.25132218 2.30328012
v 0.12378106 -0.25304440 2.29851794
v 0.12740758 -0.27153242 2.30395293
v 0.13846181 -0.26969215 2.30722260
v 0.08400003 -0.14019924 2.29152298
v 0.06771232 -0.14409050 2.28398085
v 0.13715252 0.02146727 2.38582659
v 0.12368779 0.02912945 2.36452532
v 0.12419020 0.00983846 2.36383057
v 0.13671106 0.00257558 2.38533449
v 0.08096562 -0.10840985 2.30236578
v 0.08113375 -0.12565270 2.29841113
v 0.09657715 -0.12607127 2.30760145
v 0.09742644 -0.10928011 2.31342006
v 0.10629053 0.03581095 2.34655643
v 0.08740474 0.04155290 2.33001375
v 0.08833568 0.02127361 2.32945347
v 0.10739724 0.01638883 2.34560609
v 0.08532260 -0.28902906 2.30406237
v 0.06679485 -0.28621188 2.30186200
v 0.11248560 -0.15712819 2.29709554
v 0.10196903 -0.15541318 2.29017496
v 0.10679250 -0.17229706 2.28288460
v 0.11582918 -0.17322171 2.29005289
v 0.17019545 -0.25446472 2.33042669
v 0.18077528 -0.27240065 2.32941389
v 0.17883952 -0.25052825 2.34948659
v 0.17119716 -0.24167511 2.34807825
v 0.14824586 0.02290082 2.43751884
v 0.14668214 0.03094268 2.41048265
v 0.10550842 0.05455470 2.34706736
v 0.08662520 0.06090230 2.33081913
v 0.19518292 -0.23330405 2.40236402
v 0.20333798 -0.23933974 2.40168238
v 0.20705225 -0.23810115 2.41449809
v 0.20006579 -0.23284501 2.41627216
v 0.04348111 -0.17557123 2.27160978
v 0.05879600 -0.18414268 2.26896763
v 0.06466276 -0.16778186 2.27212977
v 0.05238096 -0.15557694 2.27720404
v 0.10959774 -0.14233214 2.30694580
v 0.10999000 -0.12890962 2.31698132
v 0.09770012 -0.14032778 2.29910517
v 0.02761961 -0.16639873 2.27760077
v 0.03818696 -0.13959417 2.28431845
v 0.04731540 -0.28303549 2.30019546
v 0.04509232 -0.26662374 2.29286385
v 0.04898715 -0.29959303 2.30753899
v 0.02905280 -0.29570359 2.30502844
v 0.02903711 -0.31255233 2.31127620
v 0.04903359 -0.31666774 2.31469131
v 0.02765698 -0.32882944 2.31574821
v 0.04766480 -0.33362976 2.31981039
v 0.03968441 -0.36555004 2.33328867
v 0.04266864 -0.35641530 2.33157706
v 0.16355878 -0.24260849 2.33053970
v 0.15823807 -0.23142979 2.33033609
v 0.12320840 0.04769319 2.36486435
v 0.12946215 -0.33155066 2.48517299
v 0.12550534 -0.31528345 2.49354911
v 0.14420152 -0.31609192 2.48335004
v 0.14807329 -0.33281052 2.47568274
v 0.12757678 -0.39306140 2.38010526
v 0.12350538 -0.37628147 2.35847402
v 0.18337801 -0.24713352 2.46378040
v 0.19320107 -0.24958086 2.45592093
v 0.19358304 -0.25785336 2.45814252
v 0.18272164 -0.25618491 2.46612263
v 0.21349336 -0.25039706 2.43647480
v 0.21174936 -0.24477509 2.43185973
v 0.23009560 -0.24527764 2.42984176
v 0.23104328 -0.25185996 2.43540049
v 0.14043845 -0.00147530 2.46211004
v 0.13886301 -0.01966316 2.45942879
v 0.13526151 -0.15469006 2.48627615
v 0.00206128 -0.43870473 2.41252470
v 0.00047308 -0.44910675 2.40015936
v 0.14659798 -0.14309469 2.46775794
v 0.15404065 -0.15989247 2.46337271
v 0.14476250 -0.17131168 2.48037267
v 0.02356059 -0.31293315 2.49590254
v 0.02314672 -0.29811528 2.50096035
v 0.04229651 -0.30150419 2.50404215
v 0.04305245 -0.31660020 2.49889708
v 0.08797411 -0.34123695 2.49164915
v 0.08982018 -0.35644236 2.48354769
v 0.06541657 -0.34973788 2.48770022
v 0.06465201 -0.33594143 2.49457669
v 0.10813635 -0.32955286 2.49357486
v 0.10449395 -0.31288746 2.50090981
v 0.17088781 -0.18305430 2.43859982
v 0.16545290 -0.16714853 2.44061494
v 0.18242973 -0.21156207 2.42049813
v 0.18312927 -0.21436986 2.43620157
v 0.18013436 -0.20660412 2.43713498
v 0.17952907 -0.20362344 2.42040420
v 0.09424096 -0.40367365 2.38784933
v 0.09147315 -0.41254675 2.40583777
v 0.10315807 -0.40744931 2.40548515
v 0.05805372 -0.39891165 2.45105386
v 0.05827155 -0.39216799 2.45766783
v 0.07246654 -0.39660293 2.45189166
v 0.06775213 -0.40225458 2.44563246
v 0.04480423 -0.23178074 2.52004981
v 0.02351960 -0.23130175 2.51882815
v 0.02397841 -0.20948398 2.51976943
v 0.04628969 -0.20818689 2.52123165
v 0.19272393 -0.23622498 2.44871497
v 0.18511303 -0.23164913 2.45475364
v 0.18634661 -0.22522500 2.44665027
v 0.19238475 -0.22962600 2.44202518
v 0.17808971 -0.21189508 2.45067644
v 0.18195273 -0.21951553 2.44900632
v 0.17945464 -0.22639763 2.45885515
v 0.17450671 -0.21924254 2.46204710
v 0.15404840 -0.18625531 2.47410059
v 0.16142799 -0.17612603 2.45850730
v 0.16866067 -0.19053069 2.45498681
v 0.16310121 -0.19957390 2.46951699
v 0.01892731 -0.13409662 2.52130032
v 0.03875158 -0.13047522 2.52469969
v 0.04107231 -0.15688291 2.52414465
v 0.02047898 -0.15978837 2.52226591
v 0.21551919 -0.25080279 2.37440681
v 0.21495438 -0.25804961 2.35949516
v 0.22798699 -0.25476673 2.36052132
v 0.23143204 -0.24666792 2.37539864
v 0.25546148 -0.28159893 2.44607019
v 0.24389309 -0.27983159 2.44786239
v 0.24364454 -0.27234182 2.44656825
v 0.25511181 -0.27490193 2.44575095
v 0.25309142 -0.23288259 2.38892913
v 0.24791834 -0.24025312 2.37551475
v 0.26730397 -0.23216406 2.37475872
v 0.27208790 -0.22442400 2.38870263
v 0.14176363 -0.39564860 2.40802574
v 0.13940728 -0.39369279 2.37887526
v 0.13090149 -0.39962107 2.40610290
v 0.25856933 -0.22751391 2.41349483
v 0.26007828 -0.23172286 2.42400742
v 0.24363667 -0.23653314 2.42297196
v 0.24228534 -0.23430067 2.41260958
v 0.31543943 -0.28676537 2.34587598
v 0.33837703 -0.27713823 2.34387136
v 0.29638588 -0.21394590 2.40055895
v 0.30014655 -0.21578881 2.41309214
v 0.27843422 -0.22137994 2.41350102
v 0.27585536 -0.22034922 2.40152574
v 0.12707770 -0.13738763 2.48994541
v 0.14053096 -0.12619519 2.47197938
v 0.11314142 -0.01055497 2.50237441
v 0.12837458 -0.00671977 2.48482633
v 0.12435627 -0.02688634 2.48218918
v 0.10932139 -0.03218937 2.49953341
v 0.14158559 0.01689821 2.46440625
v 0.11633602 0.01054549 2.50402045
v 0.13115241 0.01287651 2.48643637
v 0.07046978 -0.42108411 2.39599872
v 0.05899430 -0.42562962 2.41029835
v 0.06995466 -0.41940391 2.41781569
v 0.08081950 -0.41717523 2.40535092
v 0.16013493 0.12905955 2.46867633
v 0.15838821 0.15373510 2.47469950
v 0.16491242 0.15083343 2.44674587
v 0.16357125 0.12984145 2.43830609
v 0.04202763 -0.41325086 2.43674970
v 0.05697173 -0.41824925 2.42640924
v 0.04636250 -0.42483747 2.41976953
v 0.03371598 -0.42189163 2.42742920
v 0.16151343 0.10765290 2.43598485
v 0.15866227 0.10392010 2.46524572
v 0.08382800 -0.40872288 2.38584423
v 0.07280789 -0.41209257 2.37778521
v 0.07830568 -0.39765567 2.36930513
v 0.06891477 -0.40050918 2.36254025
v 0.06144835 -0.39036930 2.34822440
v 0.16396874 0.15072531 2.41412020
v 0.15965357 0.13353974 2.41061306
v 0.05615423 -0.43106848 2.39499402
v 0.04480694 -0.43333763 2.40496564
v 0.03042977 -0.43231857 2.41353726
v 0.01506163 -0.43419701 2.41610432
v 0.14460017 0.03502220 2.46366215
v 0.14823681 0.04000527 2.43711638
v 0.11656323 0.26641285 2.53411365
v 0.08924752 0.27646893 2.54161954
v 0.09245586 0.28986990 2.52655554
v 0.12549721 0.27832043 2.52038789
v 0.01717061 0.27605551 2.54262257
v 0.01711469 0.29154164 2.52017069
v 0.05527437 0.29497719 2.52605820
v 0.05528574 0.28051579 2.54405785
v 0.05424102 0.14001936 2.57632995
v 0.05507812 0.11621678 2.56882071
v 0.02499714 0.11592370 2.57047749
v 0.02363819 0.14014453 2.57728481
v 0.11944662 0.03050178 2.50544572
v 0.13388714 0.03180617 2.48723173
v 0.14394699 0.04666829 2.41076946
v 0.20433411 0.24905944 2.43291688
v 0.21730903 0.27914858 2.42724800
v 0.22191632 0.27563047 2.38767147
v 0.20729761 0.24436748 2.39180923
v 0.17555362 0.30411941 2.48639107
v 0.16604614 0.27781492 2.49319983
v 0.13462527 0.29575503 2.50681853
v 0.14416835 0.31851673 2.49886203
v 0.06714489 0.06666583 2.31578064
v 0.08502485 0.07883286 2.33283520
v 0.06512720 0.08502460 2.31879497
v 0.00530839 0.07567602 2.29438543
v 0.02746646 0.07426250 2.29722071
v 0.02364604 0.09237671 2.30116773
v 0.00244146 0.09382486 2.29847550
v 0.00717813 0.19984698 2.31201172
v -0.00828362 0.20093250 2.31179428
v -0.00626422 0.17781895 2.31196642
v 0.01089882 0.17541581 2.31417012
v 0.14960805 0.13711417 2.38407254
v 0.13104148 0.14259040 2.36283445
v 0.12733439 0.12932885 2.36345100
v 0.14541917 0.12248164 2.38384676
v 0.01896998 0.30346775 2.49514771
v 0.05641323 0.30760270 2.50534344
v 0.21310422 0.27673191 2.34867668
v 0.19631334 0.24587297 2.35298038
v 0.19279742 0.28546172 2.31969738
v 0.16260850 0.29642636 2.30540729
v 0.14825638 0.26771414 2.31054282
v 0.17624186 0.25473619 2.32453537
v 0.02900277 0.26972473 2.32565093
v 0.01726223 0.29077137 2.34687376
v 0.00418696 0.28615707 2.34244585
v 0.01449725 0.26135719 2.32024097
v 0.01754508 0.25771183 2.55838609
v 0.05212466 0.26267684 2.55910921
v 0.05032799 0.24133897 2.57059717
v 0.01776716 0.23756641 2.56943226
v 0.09903981 0.00906694 2.51651669
v 0.10211579 0.03056365 2.51884985
v 0.08099396 0.00853658 2.52433848
v 0.09826631 -0.01367131 2.51324606
v 0.07836358 -0.01601428 2.52120495
v 0.08991427 -0.16356885 2.51273894
v 0.10996251 -0.14994529 2.50338840
v 0.11896951 -0.16740772 2.50090742
v 0.09989010 -0.18298844 2.51086450
v 0.06249512 -0.30554697 2.50646162
v 0.06360365 -0.32100737 2.50098562
v 0.10340271 0.32775891 2.49880719
v 0.05703546 0.32648486 2.48672009
v 0.08936865 0.35867023 2.47977114
v 0.12483852 0.35283738 2.49032950
v 0.21240196 0.31852710 2.45360303
v 0.20153213 0.28837180 2.46145749
v 0.18801886 0.33149481 2.47705913
v 0.23009321 0.30965674 2.42012048
v 0.23635900 0.30553192 2.38105130
v 0.20708153 0.31671453 2.31462598
v 0.17676418 0.32682323 2.30158567
v 0.07631761 0.33583266 2.33965564
v 0.10029210 0.32417226 2.32132149
v 0.11462809 0.34892929 2.32143259
v 0.09018325 0.35919076 2.34239531
v 0.04984960 0.19616753 2.31938553
v 0.08165661 0.17090714 2.33303761
v 0.08975378 0.18802762 2.33033252
v 0.06604657 0.21353638 2.32052708
v 0.01152665 0.05678189 2.29183245
v 0.02996024 0.05420250 2.29393029
v 0.04700366 0.07106102 2.30386782
v 0.04867659 0.05093199 2.30098176
v 0.06829222 0.04675990 2.31387663
v 0.03339322 -0.03881723 2.28471160
v 0.05616235 -0.03997234 2.29326606
v 0.05258266 -0.01635545 2.29534507
v 0.03067546 -0.01484987 2.28645515
v 0.03632538 -0.06414282 2.28363681
v 0.05968470 -0.06464186 2.29126596
v 0.03816513 -0.11395442 2.28750157
v 0.06181260 -0.12893641 2.29022145
v 0.06108152 -0.11033517 2.29348683
v 0.02783605 -0.27948162 2.29893398
v 0.02616535 -0.26326209 2.29312325
v 0.15507327 0.15137613 2.38684297
v 0.03623026 0.33738595 2.45442438
v 0.03567267 0.34470004 2.42152905
v 0.05520121 0.36953342 2.42474270
v 0.06330031 0.36526793 2.45531964
v 0.15729791 0.11594421 2.40808845
v 0.13771437 0.03972030 2.38558531
v 0.13448782 0.05525756 2.38656163
v 0.14241108 -0.10379046 2.37088966
v 0.14337003 -0.12763578 2.36298275
v 0.07340509 -0.18930164 2.26957369
v 0.07434112 -0.17685500 2.27084541
v 0.18987267 0.25956845 2.46833801
v 0.22765991 0.37874395 2.30694056
v 0.19712213 0.39014435 2.29612350
v 0.18731940 0.35877782 2.29844189
v 0.21806291 0.34824693 2.31050491
v 0.09096570 0.39232731 2.36856556
v 0.10578573 0.38555694 2.34504771
v 0.12237138 0.41291571 2.34604359
v 0.11119393 0.41901505 2.37072778
v 0.13062148 0.44562507 2.36975884
v 0.13967118 0.44126141 2.34428883
v 0.15446754 0.47030020 2.34491014
v 0.14787942 0.47215438 2.36949682
v 0.22804181 0.30950320 2.34324813
v 0.25742292 0.36774755 2.36569285
v 0.24961203 0.37113160 2.33223128
v 0.23941103 0.34083307 2.33747911
v 0.24747375 0.33722550 2.37306261
v 0.15982166 0.34361637 2.48750830
v 0.07354549 0.36676121 2.36553049
v 0.05837629 0.34466642 2.36119723
v 0.10859020 0.42374355 2.42112327
v 0.11962979 0.42128611 2.44610119
v 0.09256465 0.39524758 2.45111513
v 0.08192391 0.39766812 2.42302752
v 0.21848017 0.38171375 2.45503426
v 0.23874447 0.37223434 2.43191361
v 0.22658665 0.34526592 2.44181752
v 0.20413314 0.35656357 2.46460938
v 0.25222215 0.36817229 2.40050459
v 0.24237758 0.33851993 2.40979767
v 0.27605814 0.42639804 2.35036063
v 0.26548010 0.43110406 2.32063007
v 0.25812331 0.40140331 2.32628059
v 0.26711631 0.39730197 2.35814857
v 0.27277869 0.42483068 2.38394690
v 0.26255786 0.39673245 2.39239407
v 0.25094295 0.39921784 2.42332816
v 0.26301524 0.42590928 2.41351628
v 0.24530745 0.43124473 2.43416071
v 0.23241730 0.40628183 2.44487238
v 0.21000829 0.41673499 2.45854950
v 0.22455662 0.43973190 2.44773865
v 0.18608581 0.42736948 2.46219802
v 0.16255070 0.43633032 2.45578980
v 0.18227592 0.45757604 2.44642735
v 0.20311947 0.44894922 2.45187187
v 0.15240866 0.47051764 2.41587639
v 0.16438325 0.46535194 2.43461394
v 0.14356095 0.44380432 2.44074988
v 0.13229565 0.44774735 2.41847992
v 0.22209722 0.55664337 2.41435432
v 0.23626287 0.54700208 2.42019677
v 0.21908370 0.52674639 2.42219400
v 0.20365903 0.53601766 2.41394520
v 0.25081405 0.53869402 2.42617583
v 0.26684996 0.53085518 2.42656302
v 0.25145191 0.51069295 2.42806387
v 0.23496147 0.51850903 2.42654991
v 0.28469878 0.50049961 2.40657830
v 0.26822132 0.50434291 2.42172384
v 0.28372082 0.52499092 2.41951370
v 0.29975069 0.52247608 2.40413976
v 0.31415218 0.52132201 2.38439846
v 0.30177191 0.49794573 2.38830233
v 0.31662875 0.52671111 2.36001372
v 0.30805278 0.50111902 2.36351538
v 0.30062583 0.50931752 2.33364773
v 0.30973160 0.53532398 2.33184981
v 0.20905241 0.57394373 2.36423230
v 0.20566632 0.57089257 2.38541365
v 0.18990113 0.54782164 2.37905145
v 0.19609953 0.54920959 2.35877371
v 0.22452931 0.54282832 2.31868076
v 0.24267131 0.53528464 2.29589415
v 0.25230446 0.56309915 2.30599141
v 0.23646456 0.56955826 2.32895303
v 0.28359964 0.45136595 2.37615132
v 0.28454879 0.45450604 2.34356093
v 0.25755763 0.45555651 2.42321515
v 0.27487960 0.45117873 2.40352464
v 0.17016827 0.49251539 2.41382504
v 0.18290833 0.48612326 2.42929745
v 0.16872071 0.49806559 2.34768462
v 0.16244422 0.49846023 2.37107849
v 0.25065911 0.46859705 2.29629230
v 0.27220333 0.46087170 2.31497407
v 0.28152952 0.48855835 2.30902886
v 0.26014271 0.49700129 2.29098654
v 0.29567173 0.47667146 2.36906862
v 0.28763866 0.47498393 2.39514446
v 0.27035660 0.47847927 2.41356611
v 0.25333425 0.48351991 2.42790961
v 0.23556520 0.49046499 2.43343019
v 0.21837869 0.49816775 2.43129635
v 0.20095493 0.50647247 2.42548370
v 0.18678606 0.51423848 2.41344976
v 0.17641556 0.52360570 2.37454414
v 0.18320629 0.52411950 2.35285926
v 0.26841828 0.52537262 2.28947592
v 0.29164842 0.51527917 2.30524778
v 0.30083877 0.54153931 2.30858636
v 0.27609652 0.55233252 2.29737067
v 0.28399548 0.57675374 2.31005716
v 0.26309374 0.58488178 2.31874490
v 0.26666680 0.55987191 2.42937851
v 0.28322345 0.55259907 2.42825818
v 0.29941025 0.54743588 2.42066169
v 0.32629341 0.54534471 2.38589191
v 0.32657486 0.55347168 2.35804510
v 0.31789523 0.56297040 2.33330464
v 0.30504239 0.56647360 2.31528401
v 0.24085540 0.61471725 2.39739537
v 0.22374175 0.59164786 2.38990617
v 0.22582795 0.59565437 2.37133384
v 0.24296278 0.61872399 2.37864017
v 0.25427628 0.60222220 2.42598486
v 0.26608175 0.59302616 2.43686438
v 0.25300744 0.56856096 2.42340398
v 0.24003401 0.57739830 2.41431451
v 0.28231034 0.58383930 2.44091439
v 0.30011234 0.57614315 2.43759871
v 0.31716579 0.57003701 2.42885756
v 0.31489941 0.54428697 2.40669680
v 0.33215186 0.56760478 2.41277075
v 0.34003520 0.57168984 2.38813996
v 0.33891442 0.58134758 2.35609555
v 0.33681059 0.62408102 2.34089732
v 0.32214755 0.59544802 2.33414006
v 0.35374451 0.60957778 2.36030602
v 0.35094231 0.73091614 2.36479998
v 0.37310183 0.71876466 2.36470556
v 0.38290775 0.75374758 2.37536669
v 0.36363113 0.76501977 2.37527752
v 0.25639805 0.64520156 2.38678312
v 0.25310117 0.64323890 2.40769935
v 0.26601058 0.63099432 2.43953371
v 0.27989453 0.62064290 2.45002675
v 0.37331250 0.62683809 2.39944410
v 0.35727081 0.59833884 2.39167237
v 0.34989411 0.59345210 2.41920137
v 0.36617768 0.62236881 2.42755222
v 0.29208708 0.74175966 2.40966296
v 0.28975162 0.73987472 2.43087339
v 0.27498099 0.70771897 2.42478156
v 0.27740431 0.70986784 2.40210342
v 0.27764085 0.66288364 2.45020533
v 0.29014948 0.69529951 2.45796871
v 0.30561313 0.68469262 2.46898150
v 0.29241934 0.65205395 2.46136069
v 0.39674529 0.69557035 2.41325974
v 0.38638347 0.65930057 2.40695596
v 0.38047320 0.65523803 2.43470526
v 0.39190182 0.69245279 2.43933296
v 0.36851123 0.63794982 2.36850166
v 0.38016117 0.66949046 2.37664747
v 0.36274502 0.68470562 2.35599756
v 0.34958589 0.65358543 2.34743524
v 0.33800423 0.69742143 2.35503459
v 0.32405886 0.66630816 2.34710145
v -0.02111649 0.28134865 2.33640981
v -0.01942655 0.29520148 2.35687041
v -0.01817147 0.29932380 2.37435579
v 0.33284554 0.80520356 2.43785810
v 0.31111264 0.77164042 2.43441844
v 0.31328395 0.77479351 2.41539097
v 0.33505672 0.80948555 2.42151570
v 0.32234076 0.71831799 2.47210956
v 0.30585450 0.72780097 2.46263027
v 0.32582960 0.76116192 2.46231246
v 0.34016007 0.75351620 2.47090316
v 0.41559139 0.77544785 2.42379284
v 0.40612850 0.73457348 2.41895819
v 0.40199438 0.73250449 2.44255161
v 0.41110909 0.77349555 2.44558692
v 0.39475396 0.79141104 2.38689494
v 0.40053204 0.74164760 2.39186239
v 0.41050962 0.78138161 2.40112329
v 0.40578729 0.82912815 2.39475203
v 0.39077905 0.83762848 2.39397264
v 0.37700513 0.80142117 2.38619232
v 0.35489422 0.84239531 2.42645097
v 0.35168800 0.83947289 2.44156814
v 0.37041125 0.82539737 2.47125864
v 0.35644880 0.78934371 2.46996212
v 0.34422925 0.79646873 2.46195984
v 0.35979545 0.83218956 2.46308708
v 0.38934305 0.77914369 2.46968317
v 0.37219629 0.78349960 2.47330832
v 0.38531381 0.81978214 2.47422385
v 0.40111199 0.81619501 2.47021747
v 0.41855273 0.81173408 2.44864368
v 0.40157154 0.77540696 2.46161866
v 0.41089752 0.81353831 2.46187782
v 0.42333636 0.81269729 2.42799377
v 0.41946211 0.81940651 2.40730500
v 0.01117714 0.31373823 2.43320417
v 0.01925443 0.31873679 2.40124488
v 0.02521323 0.32810587 2.41231847
v 0.02040575 0.31843805 2.44434786
v 0.12838589 0.37671149 2.32094860
v 0.14230354 0.40700769 2.32066417
v 0.16834521 0.46658480 2.32064176
v 0.15617983 0.43726802 2.31959724
v 0.18223229 0.49505305 2.32464147
v 0.19683316 0.52228808 2.33081841
v 0.20874467 0.54872417 2.33943748
v 0.22058097 0.57387364 2.34729719
v 0.23563357 0.59635258 2.35350490
v 0.25304037 0.62004685 2.35939550
v 0.27843130 0.67494822 2.37462163
v 0.26664743 0.67697370 2.39454627
v 0.26759237 0.64530206 2.36774540
v 0.30517229 0.74086618 2.38833904
v 0.28993389 0.70753074 2.38100648
v 0.32452813 0.77577484 2.39693666
v 0.34491217 0.81094420 2.40618110
v 0.36445293 0.84343433 2.41249180
v 0.10405279 0.26114953 2.31524992
v 0.07905006 0.28087801 2.32123041
v 0.06972710 0.26521409 2.32083607
v 0.09150142 0.24283230 2.31847262
v 0.01051529 0.29906207 2.36396551
v 0.00530474 0.30265331 2.37993360
v -0.00341994 0.29924685 2.37637782
v -0.00002370 0.29569817 2.36065483
v 0.29227495 0.48185635 2.33789229
v 0.23912621 0.46192920 2.43633556
v 0.21942367 0.46990454 2.44173312
v 0.20021914 0.47808433 2.43738198
v -0.01674582 0.29910737 2.39170718
v 0.20104244 0.48875809 2.30334878
v 0.22424446 0.47921056 2.29206991
v 0.23385447 0.50753546 2.29229331
v 0.21154150 0.51745212 2.30748630
v 0.31074333 0.64081132 2.34071350
v 0.29982275 0.67224038 2.35953760
v 0.28712550 0.64458966 2.35096622
v 0.30086958 0.61652386 2.33137202
v 0.31765363 0.60082614 2.44925165
v 0.33549047 0.59466290 2.43874979
v 0.33334959 0.62981379 2.46098828
v 0.29802674 0.60985398 2.45285559
v 0.31198540 0.63995969 2.46494985
v 0.17931280 0.43116069 2.30086064
v 0.20626147 0.42070568 2.29495382
v 0.21520497 0.45026124 2.29399014
v 0.18941084 0.45999682 2.30190396
v 0.12325561 -0.04641819 2.47902060
v 0.10880759 -0.05338073 2.49576473
v 0.13146678 -0.15525368 2.32253623
v 0.13578369 -0.14311135 2.33931422
v 0.12264839 -0.13425335 2.32824159
v 0.12095946 -0.14684859 2.31520772
v 0.14003809 -0.16623449 2.32898140
v 0.14483528 -0.15513775 2.34668946
v 0.14675122 -0.17942908 2.33495808
v 0.00615978 -0.38402468 2.46146965
v 0.00594322 -0.39632815 2.45333743
v 0.15175982 -0.16910356 2.35238147
v 0.17211100 -0.23279911 2.36644483
v 0.17656519 -0.23873031 2.36898541
v 0.03801189 -0.08947611 2.28435946
v 0.01309230 -0.08850437 2.28206182
v 0.01371769 -0.11209124 2.28473353
v 0.04428069 0.08972520 2.30795836
v 0.02495615 0.19860882 2.31638002
v 0.02969922 0.17100096 2.31867790
v 0.05168675 0.16377395 2.32594085
v -0.00815198 0.26780093 2.32378364
v 0.06238278 -0.15094626 2.52126026
v 0.05938973 -0.12477154 2.52292752
v 0.04351057 -0.33062625 2.49304891
v 0.02383314 -0.32698259 2.49055338
v 0.04340084 -0.35655233 2.48092914
v 0.04260557 -0.36834383 2.47451067
v 0.02381273 -0.36456713 2.47369385
v -0.01463189 -0.03759101 2.28223896
v -0.01553339 -0.01471472 2.28331685
v 0.02406850 -0.35283411 2.47965193
v 0.02392084 -0.41335285 2.43841386
v -0.01217734 -0.10978585 2.28665280
v -0.01281888 -0.08656007 2.28426409
v 0.01908515 -0.42311311 2.42804289
v 0.01167062 0.30658841 2.38337755
v 0.00339017 0.30651796 2.40782213
v 0.00022415 0.30331963 2.39838767
v 0.06672483 0.31456047 2.33570075
v 0.04923857 0.32596779 2.35535645
v 0.04291579 0.31166190 2.35066152
v 0.05883257 0.29843807 2.33291030
v 0.19174722 0.21449441 2.39570689
v 0.19100101 0.21878511 2.43590689
v 0.09695524 0.30563658 2.51183319
v 0.34585884 -0.20500779 2.40842295
v 0.35086849 -0.21367660 2.41803074
v 0.32716149 -0.21865156 2.42173934
v 0.32245451 -0.21060777 2.41137934
v 0.06859541 -0.23194367 2.51974630
v 0.07608456 -0.20400155 2.51764894
v 0.08801877 -0.39053321 2.37044358
v 0.16266021 -0.39099848 2.37343740
v 0.15788013 -0.37769014 2.34884834
v 0.14769970 -0.37892219 2.35283184
v 0.15106972 -0.39264160 2.37676477
v -0.01609619 0.29807174 2.40874314
v 0.16385633 -0.34833971 2.45880055
v 0.16463742 -0.36427712 2.44433928
v 0.15215591 -0.36531529 2.45217729
v 0.15046513 -0.34846148 2.46638012
v 0.02136354 0.16495496 2.58134532
v 0.05197379 0.16520411 2.58135056
v 0.03642755 -0.04780912 2.52579641
v 0.05672873 -0.04467326 2.52448201
v 0.05614311 -0.07104310 2.52442741
v -0.01274405 0.30257440 2.46257067
v -0.01178760 0.29855049 2.47493577
v 0.03650494 -0.07481229 2.52545691
v 0.10088715 -0.21642926 2.51370716
v 0.11583386 -0.19824302 2.50617003
v 0.02315015 -0.21229252 2.27771521
v 0.04045612 -0.21604198 2.27475691
v 0.04090183 -0.19699454 2.27126956
v 0.02378050 -0.19162539 2.27511001
v 0.30353913 -0.25676605 2.43752551
v 0.28070951 -0.25270748 2.43956113
v 0.28160864 -0.23795965 2.43341923
v 0.30487117 -0.23546711 2.43276596
v 0.17651559 0.22876358 2.47597623
v 0.15508741 0.25710624 2.50471640
v 0.14156395 -0.07887208 2.45681119
v 0.12959813 -0.08756119 2.47926092
v 0.12494175 -0.06662154 2.47948647
v 0.13732532 -0.05842182 2.45766711
v 0.15389204 -0.13481227 2.44626474
v 0.14897150 -0.11743635 2.45038605
v 0.15962969 -0.15078649 2.44323945
v 0.20235172 -0.23572153 2.42758894
v 0.20964438 -0.23985463 2.42484331
v 0.20397478 -0.24127415 2.43508267
v 0.08929070 0.30027342 2.32098603
v 0.04774984 0.24167711 2.31729841
v 0.03352240 0.23095739 2.31450534
v -0.00626010 0.30034465 2.39301825
v 0.06097906 -0.40532804 2.35295558
v 0.05446822 -0.39593095 2.33928275
v 0.24004492 -0.23618835 2.40091062
v 0.25674510 -0.22818774 2.40144157
v 0.18607868 -0.22391158 2.40354657
v 0.19024502 -0.22265628 2.41937423
v 0.18535835 -0.21733037 2.42042518
v 0.18139704 -0.21837425 2.40292096
v 0.19216163 -0.22496951 2.43218851
v 0.18676014 -0.22000420 2.43517113
v 0.13090755 -0.29078582 2.31050801
v 0.13465792 -0.30998558 2.31837416
v 0.14582446 -0.30709240 2.31909394
v 0.14242485 -0.28751329 2.31238532
v 0.11775088 -0.29114458 2.30886841
v 0.10246527 -0.29055679 2.30666137
v 0.10597523 -0.31051472 2.31594133
v 0.12149067 -0.31113636 2.31754827
v 0.06694097 -0.35565007 2.33388209
v 0.08514610 -0.36699134 2.34809971
v 0.04582163 -0.34703925 2.32539797
v 0.02693625 -0.34181735 2.32012701
v 0.02529300 -0.40106869 2.44963884
v 0.02347841 -0.38792074 2.45978856
v 0.04399332 -0.39190978 2.45861816
v 0.04645473 -0.40262622 2.44831657
v 0.04847384 -0.38335598 2.33578014
v 0.03670994 -0.37405011 2.32987976
v 0.02396428 -0.36022297 2.32651925
v 0.32093143 -0.29747564 2.35985351
v 0.34293121 -0.28746560 2.35702014
v 0.06270488 -0.42506570 2.38179731
v 0.06353150 -0.41553497 2.36767673
v 0.32586733 -0.30301842 2.37669325
v 0.34845749 -0.29184949 2.37376976
v 0.13650009 -0.37775758 2.35613751
v 0.14362669 -0.35604072 2.33715606
v 0.13191697 -0.35451654 2.33947611
v 0.04359498 -0.38908696 2.32809877
v 0.03367670 -0.38069010 2.32394505
v 0.17913452 0.19012594 2.42908478
v 0.17655355 0.18841165 2.39338541
v 0.13685296 -0.01671031 2.38408422
v 0.14303705 -0.02411655 2.40832567
v 0.00970126 -0.03786641 2.28147244
v 0.00767494 -0.01388973 2.28273296
v 0.00758760 -0.37774798 2.31352472
v 0.02893846 0.03217846 2.29102206
v 0.00556333 0.03519219 2.28918695
v 0.00629156 0.00997448 2.28575277
v 0.02894332 0.00868589 2.28882933
v -0.00498076 0.06853825 2.29392552
v -0.00319351 0.05802143 2.29339862
v -0.00933304 0.22035074 2.31057239
v 0.00373352 0.21990007 2.31027699
v 0.23786955 -0.30450368 2.33788204
v 0.24045041 -0.32522136 2.34337282
v 0.25643757 -0.31626847 2.34590244
v 0.25271672 -0.29713321 2.33924603
v 0.04923871 0.02859509 2.29915547
v 0.06917641 0.02529109 2.31316042
v 0.16819704 -0.22445908 2.36562443
v 0.16582592 -0.23209652 2.34733653
v 0.01330538 -0.13603607 2.28567719
v 0.05777344 -0.20151952 2.26992369
v 0.05817687 -0.21845990 2.27376652
v 0.07481945 -0.22043082 2.27509141
v 0.07383832 -0.20475614 2.27098489
v -0.00798313 0.30102837 2.40336347
v 0.24454287 -0.31148973 2.44537783
v 0.25687164 -0.31126025 2.44080687
v 0.25545600 -0.32144392 2.43656898
v 0.24356291 -0.32294211 2.44120550
v 0.03571687 0.33118069 2.38027143
v 0.04551876 0.34795874 2.38718057
v 0.01845524 0.30984247 2.47135234
v 0.00190612 0.30736828 2.45615888
v 0.14372276 0.33877242 2.30486608
v 0.12963837 0.30981505 2.30721211
v 0.15620799 0.36983854 2.30339360
v 0.16838636 0.40082556 2.30162406
v 0.25067583 0.59313190 2.33720517
v 0.27213520 0.61692488 2.34051371
v 0.31337553 0.70350659 2.36774850
v -0.01153671 0.29623771 2.49264359
v 0.32790932 0.73665917 2.37605238
v 0.34382951 0.77172220 2.38537788
v 0.36062300 0.80796039 2.39492869
v 0.37690172 0.84236491 2.40126824
v 0.35291290 -0.28910413 2.39107776
v 0.33009458 -0.30182558 2.39542532
v 0.33314472 -0.29082045 2.41181469
v 0.35675567 -0.28018987 2.40613532
v 0.29250920 -0.21719149 2.38736510
v 0.28868479 -0.22461525 2.37329459
v 0.30969715 -0.21618375 2.37106943
v 0.31308088 -0.21012533 2.38540745
v 0.33515808 -0.20192879 2.38329792
v 0.34011179 -0.20075789 2.39660597
v 0.31737548 -0.20794436 2.39900446
v 0.35425982 -0.22697878 2.42455196
v 0.35670340 -0.24149761 2.42665124
v 0.33211499 -0.24890098 2.43189311
v 0.33015278 -0.23123950 2.42897248
v 0.35792494 -0.26852942 2.41762877
v 0.33480933 -0.27700740 2.42326236
v 0.33409616 -0.26302907 2.42989874
v 0.35787794 -0.25504526 2.42439198
v 0.32873777 -0.22746235 2.34318137
v 0.32908806 -0.21564361 2.35476518
v 0.30693033 -0.22545314 2.35735559
v 0.30603263 -0.23743844 2.34530783
v 0.24543959 -0.34457132 2.35680008
v 0.26163974 -0.33272853 2.35919309
v 0.18821451 -0.26010394 2.35494566
v 0.19031632 -0.27312583 2.33871937
v 0.20237963 -0.27327859 2.34263515
v 0.19574103 -0.25982702 2.35893655
v 0.29306296 -0.29667464 2.34693432
v 0.27346453 -0.30684486 2.34695053
v 0.27890980 -0.31995818 2.36067486
v 0.29905114 -0.30776191 2.36080670
v 0.28388244 -0.24702328 2.34763575
v -0.01283511 0.30190623 2.44888163
v 0.28538534 -0.23523098 2.35965753
v 0.26376429 -0.24289384 2.36074233
v 0.26277596 -0.25461370 2.34834337
v 0.30331415 -0.22373039 2.42397690
v 0.28055495 -0.22784629 2.42417526
v 0.23426184 -0.28498006 2.33824492
v 0.24895170 -0.27753004 2.33990908
v 0.16055186 -0.22150141 2.34694600
v 0.17545784 -0.20399264 2.40148282
v 0.17825352 -0.21231052 2.40200496
v 0.12106436 -0.16073331 2.30363607
v 0.12313312 -0.17462617 2.29709411
v 0.15834083 -0.16238654 2.37369585
v 0.16280547 -0.17927730 2.37766027
v 0.12910827 -0.16681868 2.30984330
v 0.12819898 -0.17577046 2.30305171
v 0.08130582 -0.08841172 2.30252194
v 0.02511099 -0.35136044 2.32477713
v 0.26895568 -0.28860295 2.33953309
v 0.26469782 -0.26998258 2.34065151
v 0.24557087 -0.25090301 2.43789577
v 0.24446312 -0.24272463 2.43140197
v 0.26154706 -0.24022365 2.43283391
v -0.01139494 0.28469527 2.51101160
v -0.01202593 0.26884449 2.53201056
v 0.26219913 -0.25117171 2.43930125
v 0.13748473 -0.23567218 2.49872398
v 0.12019694 -0.22665989 2.50703478
v 0.13189702 -0.21126109 2.49890637
v 0.14629768 -0.22214529 2.49113989
v 0.25633535 -0.33653787 2.42378807
v 0.26024023 -0.34093493 2.41261268
v 0.24517804 -0.34987277 2.41452265
v 0.24340695 -0.34261653 2.42685604
v 0.26342356 -0.34391412 2.39715886
v 0.26470745 -0.34239218 2.37786627
v 0.24813190 -0.35530400 2.37762880
v 0.24698630 -0.35532552 2.39847779
v 0.15847057 0.17782652 2.48152423
v 0.16689394 0.17110485 2.45228720
v 0.12105279 0.06429422 2.36604238
v 0.10394622 0.07204241 2.34851313
v 0.07889393 0.14964330 2.33535862
v 0.04040897 0.27662402 2.32863188
v 0.02647566 0.29549038 2.34752607
v 0.06053894 0.37024045 2.39417720
v 0.16935967 0.17040610 2.41877675
v 0.08389279 0.39621782 2.39471221
v 0.10694524 0.42239594 2.39546156
v 0.14100261 0.41420650 2.46425843
v 0.16709563 0.40478373 2.47218537
v 0.14692953 0.38029301 2.48122573
v 0.11638746 0.38892090 2.47228312
v 0.19424675 0.39322805 2.46872616
v 0.17745283 0.36903346 2.47816348
v 0.24267620 0.43867117 2.30107284
v 0.32624128 0.67345989 2.47311902
v 0.36158821 0.70089638 2.47106910
v 0.34741196 0.66327143 2.46875978
v 0.34179950 0.70912230 2.47535801
v 0.36638260 0.65678728 2.45569372
v 0.35172057 0.62357295 2.44871163
v 0.39030698 0.70427787 2.38326621
v 0.35778522 0.74577308 2.47380257
v 0.37588796 0.73993719 2.46982646
v 0.39129156 0.73449814 2.45907640
v 0.37947449 0.69437861 2.45820260
v 0.03038720 0.31898624 2.37320495
v 0.17950378 0.21823585 2.35643148
v 0.16342515 0.19409269 2.35868454
v 0.10253119 0.20386887 2.32670999
v 0.07961861 0.22751975 2.31998158
v 0.08966471 0.00063688 2.32848048
v 0.10846147 -0.00359860 2.34448600
v 0.11214390 -0.04753986 2.33955836
v 0.12772357 -0.05266255 2.35782599
v 0.12621227 -0.03052115 2.36058187
v 0.11026713 -0.02470687 2.34237480
v 0.14638841 -0.06447649 2.40429139
v 0.14724663 -0.07139432 2.43111634
v 0.14401887 -0.05085918 2.43261909
v 0.14385149 -0.04385513 2.40658498
v 0.14285518 -0.03161800 2.43364573
v 0.13590863 -0.03870213 2.45786381
v 0.07634700 -0.09100479 2.51816797
v 0.09422195 -0.08351657 2.50881696
v 0.09743202 -0.10761800 2.50855660
v 0.07911940 -0.11676878 2.51713109
v 0.01840293 0.22259325 2.31300592
v 0.01900811 0.30393696 2.36541677
v 0.11747611 0.28298843 2.31048727
v 0.13302653 0.24192959 2.31579733
v 0.15947688 0.22748637 2.32956314
v 0.23635137 -0.24030399 2.38863397
v 0.17426914 -0.24344602 2.47098422
v 0.17276320 -0.25390869 2.47401738
v 0.28183243 -0.33105642 2.39789295
v 0.28314921 -0.32868528 2.37920284
v 0.24494264 -0.26072758 2.34738302
v 0.22686562 -0.33388743 2.34074712
v 0.22374932 -0.31132373 2.33482146
v 0.21038744 -0.31765941 2.33120108
v 0.10704543 0.15459365 2.34692264
v 0.13675809 0.15803438 2.36106491
v 0.11443897 0.16960764 2.34516954
v -0.00171122 0.30562490 2.44080043
v 0.05859367 0.25257379 2.31935120
v 0.12780792 0.44828737 2.39399934
v 0.14611414 0.47317231 2.39331579
v 0.16257934 0.49687386 2.39379644
v 0.17841965 0.51999915 2.39534354
v 0.19296545 0.54330313 2.39871979
v 0.21026757 0.56484461 2.40264869
v 0.23017341 0.58542192 2.40414023
v 0.24543148 0.60947871 2.41254854
v 0.26371792 0.67500031 2.41685605
v 0.26771832 0.67011440 2.43477726
v 0.25671288 0.63825643 2.42470837
v 0.27978837 0.70290971 2.44291592
v 0.29505700 0.73476255 2.44861150
v 0.31620565 0.76700914 2.45025373
v 0.35347736 0.83579195 2.45389462
v 0.33645502 0.80073369 2.45175958
v -0.00578243 0.30167425 2.41491508
v -0.00424246 0.30370116 2.42738128
v 0.11760449 -0.35205790 2.34161210
v 0.17604946 -0.22441185 2.38473439
v 0.18078712 -0.22943541 2.38663864
v 0.22977792 -0.26652929 2.34595442
v 0.31253424 -0.28434700 2.42820883
v 0.31127658 -0.30045760 2.41809630
v 0.24386361 -0.24938926 2.36093760
v 0.19300406 -0.25028676 2.37436223
v 0.18665799 -0.24795988 2.37074804
v 0.53653574 -0.21937382 2.32338071
v 0.53996968 -0.22155657 2.33712816
v 0.55757153 -0.21271840 2.32733274
v 0.55364674 -0.20973197 2.31498075
v 0.53163636 -0.21148241 2.31264043
v 0.54873556 -0.20193025 2.30566120
v 0.51922107 -0.14927083 2.32507920
v 0.51757419 -0.16015857 2.31466508
v 0.53793871 -0.15422609 2.31075883
v 0.53985757 -0.14415878 2.32133961
v 0.56113082 -0.18244275 2.29367852
v 0.55808502 -0.17050222 2.29411626
v 0.53988713 -0.17839622 2.29949760
v 0.54386991 -0.19106928 2.30016971
v 0.52676439 -0.14526713 2.35489464
v 0.53062332 -0.15297732 2.36693454
v 0.50987709 -0.15548378 2.37220383
v 0.50598907 -0.14832571 2.35873652
v 0.43746746 -0.18033972 2.33830047
v 0.43897226 -0.16821399 2.34729433
v 0.42222753 -0.17473349 2.34784412
v 0.42113811 -0.18783739 2.34000468
v 0.50051445 -0.23816890 2.33981848
v 0.50236356 -0.23770964 2.35551906
v 0.52147669 -0.23010314 2.34652257
v 0.51868367 -0.22888836 2.33162022
v 0.48356465 -0.20450753 2.31523252
v 0.47903419 -0.18933940 2.31797004
v 0.45952305 -0.19863585 2.32433319
v 0.46405503 -0.21430317 2.32248783
v 0.48247895 -0.24731061 2.34885192
v 0.48321515 -0.24407968 2.36416721
v 0.52124733 -0.18679571 2.30418754
v 0.51809150 -0.17327145 2.30784512
v 0.49843627 -0.18107066 2.31238914
v 0.50255680 -0.19567272 2.30916953
v 0.56710112 -0.14034680 2.34273195
v 0.57076722 -0.14828658 2.35205245
v 0.55097497 -0.15070692 2.36012030
v 0.54726201 -0.14265296 2.34949207
v 0.55699819 -0.15929946 2.29897475
v 0.55761254 -0.14872849 2.30644488
v 0.53784603 -0.16601822 2.30368710
v 0.57910007 -0.19569740 2.34215546
v 0.57762486 -0.20202368 2.33031034
v 0.55971253 -0.20988262 2.34109640
v 0.56062835 -0.20223826 2.35378170
v 0.47710279 -0.16250008 2.33181953
v 0.47669369 -0.17512000 2.32333970
v 0.49703217 -0.16712698 2.31852865
v 0.49806023 -0.15570018 2.32850409
v 0.49543381 -0.23115900 2.32652116
v 0.51376992 -0.22122553 2.31939483
v 0.54154050 -0.20824289 2.36473680
v 0.54113519 -0.21743697 2.35158491
v 0.52191633 -0.22388369 2.36105776
v 0.52184111 -0.21335468 2.37483501
v 0.49957281 -0.20260489 2.39107013
v 0.49592155 -0.18597645 2.39110374
v 0.51660407 -0.18333092 2.38394046
v 0.51987499 -0.19935262 2.38250589
v 0.45674986 -0.17125705 2.33538008
v 0.45899007 -0.16049021 2.34651875
v 0.48504165 -0.15191826 2.36143541
v 0.48897243 -0.15821835 2.37646246
v 0.46775323 -0.16110697 2.37898159
v 0.46348464 -0.15625337 2.36267900
v 0.43660107 -0.24714607 2.34005713
v 0.44276452 -0.25746283 2.35078335
v 0.45730662 -0.25171220 2.34351206
v 0.45064715 -0.24027300 2.33310056
v 0.46271098 -0.25548241 2.35829210
v 0.44538730 -0.26085779 2.36709571
v 0.41841289 -0.25944042 2.39111114
v 0.41748616 -0.24754065 2.40043855
v 0.42837939 -0.24355724 2.39660764
v 0.43120158 -0.25625348 2.38683653
v 0.45964581 -0.20524782 2.40743232
v 0.45423064 -0.18806592 2.40344071
v 0.47507969 -0.18735433 2.39761806
v 0.47965503 -0.20441759 2.39979076
v 0.43255997 -0.17348719 2.39547801
v 0.43007225 -0.16500080 2.37992096
v 0.44753340 -0.16351432 2.37989783
v 0.45056209 -0.17354116 2.39405012
v 0.37918741 -0.18790027 2.39345264
v 0.37506917 -0.18614557 2.38012457
v 0.38846174 -0.17955104 2.37842894
v 0.39324716 -0.18145397 2.39238787
v 0.36911562 -0.19922239 2.35195804
v 0.36922249 -0.21156996 2.34171796
v 0.38298410 -0.20552802 2.34118915
v 0.38252318 -0.19330510 2.35049486
v 0.38638875 -0.26805335 2.35290837
v 0.39012188 -0.27444723 2.36879635
v 0.40279150 -0.27077574 2.36569715
v 0.39857566 -0.26222977 2.35068607
v 0.44260734 -0.20615813 2.41262174
v 0.43416619 -0.18773207 2.40845418
v 0.39481986 -0.18684325 2.34957671
v 0.39479390 -0.19985539 2.34099936
v 0.40740705 -0.19324026 2.34061122
v 0.40755367 -0.18036970 2.34875035
v 0.00626333 -0.32516438 2.48869681
v 0.00630480 -0.33816457 2.48363066
v 0.40033731 -0.22995847 2.33914399
v 0.40479940 -0.24327064 2.34130096
v 0.41640097 -0.23809355 2.34006357
v 0.41244641 -0.22273430 2.33902907
v 0.40983790 -0.25778127 2.34824443
v 0.41479260 -0.26643169 2.36143088
v 0.42745250 -0.26212528 2.35688949
v 0.42182606 -0.25213853 2.34512043
v 0.42421716 -0.22086179 2.41224003
v 0.42296684 -0.20751545 2.41601253
v -0.01857001 0.07972747 2.29644752
v -0.01829403 0.06873202 2.29587698
v 0.43183687 -0.20725006 2.41533041
v 0.43337277 -0.22045770 2.41097093
v 0.41849354 -0.17461491 2.39389873
v 0.41516393 -0.16785577 2.37900829
v -0.00919556 0.06901187 2.55148983
v -0.00895724 0.04923916 2.54133248
v 0.42553231 -0.21580210 2.33782697
v 0.42376146 -0.20104641 2.33661032
v 0.40896088 -0.20786935 2.33833385
v 0.43127334 -0.26422200 2.37316704
v 0.38397616 -0.19411793 2.40432858
v 0.38831696 -0.20252261 2.41333604
v 0.37256253 -0.20767680 2.41518116
v 0.36830139 -0.19923723 2.40594053
v 0.36357042 -0.19471118 2.39442730
v 0.35893038 -0.19396219 2.38131714
v 0.35169443 -0.20655069 2.35277534
v 0.35121286 -0.21873090 2.34183788
v 0.35312110 -0.23437256 2.33532786
v 0.35620090 -0.25169289 2.33527398
v 0.37543309 -0.24434793 2.33741927
v 0.37176299 -0.22702694 2.33655286
v 0.37057593 -0.28217292 2.37119603
v 0.36558920 -0.27773422 2.35476851
v 0.37515870 -0.27885410 2.38706541
v 0.39289933 -0.27240422 2.38349962
v 0.39734295 -0.17655957 2.36238599
v -0.02038069 0.15498763 2.30946922
v -0.02097191 0.17922789 2.31148767
v 0.38494980 -0.18357503 2.36348438
v 0.53996760 -0.19533476 2.37344122
v 0.53689355 -0.18030456 2.37582064
v 0.55688471 -0.17663592 2.36638856
v 0.55970448 -0.19051993 2.36275530
v 0.57379889 -0.15963554 2.35641360
v 0.55415910 -0.16285959 2.36579490
v 0.52623552 -0.20023230 2.30587745
v 0.50818741 -0.20994753 2.31161094
v 0.56517470 -0.19288298 2.29787207
v 0.43039957 -0.23075187 2.33627510
v 0.44515786 -0.22336558 2.33062983
v 0.41628778 -0.23534676 2.40840578
v 0.40679187 -0.25140002 2.40379000
v 0.40684131 -0.23893452 2.41180754
v 0.46227416 -0.22257566 2.40055013
v 0.46204177 -0.23700425 2.38556170
v 0.44198620 -0.23753530 2.39410543
v 0.44503623 -0.22258675 2.40697145
v 0.41426882 -0.20838773 2.41574454
v 0.41558480 -0.22223276 2.41363168
v 0.40582612 -0.22524765 2.41588330
v 0.40397128 -0.21115860 2.41662359
v 0.39340076 -0.24964961 2.34193707
v 0.38063672 -0.25746036 2.34256101
v 0.39485562 -0.25514972 2.40709758
v 0.39444149 -0.26460224 2.39622283
v 0.37905446 -0.27005529 2.40087652
v 0.37953639 -0.25994936 2.41191506
v 0.40671700 -0.26186568 2.39329815
v 0.39467624 -0.24336958 2.41499615
v 0.37926736 -0.24817184 2.41909027
v 0.36047044 -0.26707003 2.34213018
v 0.39134181 -0.21534351 2.41865206
v 0.39379653 -0.22933713 2.41879368
v 0.37786010 -0.23459888 2.42222905
v 0.37551886 -0.22032213 2.42117548
v 0.53395021 -0.16562191 2.37380600
v 0.51329893 -0.16834995 2.38047171
v 0.42590892 -0.16478482 2.36232543
v 0.44306287 -0.16010943 2.36264992
v 0.41076037 -0.17033738 2.36215329
v 0.52251780 -0.14377400 2.33943129
v 0.54315323 -0.14013290 2.33546734
v 0.48030010 -0.15337199 2.34477854
v 0.50168771 -0.14802641 2.34250021
v 0.50164896 -0.21769229 2.38389945
v 0.40973431 -0.18538678 2.40315342
v 0.40618968 -0.17687544 2.39216542
v 0.42053914 -0.18402645 2.40568519
v 0.35380822 -0.19853994 2.36658382
v 0.37156716 -0.19026467 2.36511588
v 0.42850214 -0.19591704 2.41447997
v 0.33155605 -0.20713603 2.36877537
v 0.44484907 -0.25342503 2.38150239
v 0.41786182 -0.26666972 2.37710023
v 0.40556410 -0.26923072 2.38037395
v 0.57453412 -0.20429885 2.31744337
v 0.48945749 -0.21910137 2.31780028
v 0.44081095 -0.20805183 2.33185124
v 0.43819731 -0.19354358 2.33367682
v 0.41204584 -0.19532448 2.41230512
v 0.40119058 -0.19856080 2.41206431
v 0.39760533 -0.18951857 2.40302134
v 0.38866356 -0.23807704 2.33880043
v 0.38520983 -0.22111243 2.33717775
v 0.56317282 -0.13732108 2.33018708
v 0.39683053 -0.21489027 2.33782816
v 0.46374846 -0.24991393 2.37293315
v 0.02379740 -0.34034652 2.48511624
v 0.15211757 -0.14598870 2.36934423
v 0.11209337 -0.11311889 2.32629013
v 0.12674008 -0.11851725 2.34183240
v 0.16953069 -0.20814079 2.38263273
v 0.17266163 -0.21784860 2.38357306
v 0.18956627 -0.23806128 2.38693857
v 0.19696991 -0.24260831 2.38826609
v 0.15671569 -0.18434969 2.35788846
v -0.00498625 0.04640728 2.29300475
v 0.04157621 0.03213286 2.53343582
v 0.01726662 0.03134406 2.53323007
v 0.01948828 0.05168253 2.54161930
v 0.04556108 0.05259025 2.54047251
v 0.02227592 0.07226545 2.55165768
v 0.15009968 0.10579544 2.49372959
v 0.14579411 0.08414811 2.49130940
v 0.13278867 0.08676726 2.51501822
v 0.13657871 0.11030841 2.51874113
v 0.14845577 0.06750947 2.46416974
v 0.13999704 0.06581318 2.48948574
v 0.15379053 0.08422929 2.46399403
v 0.15621051 0.08865118 2.43549156
v 0.15073788 0.07137752 2.43638706
v 0.15259396 0.09674186 2.40877509
v 0.14702989 0.07837093 2.40962005
v 0.14212783 0.10557711 2.38516712
v 0.12485532 0.11379904 2.36505055
v 0.10387119 0.13870937 2.34953761
v 0.07957341 0.13154060 2.33586955
v 0.10289823 0.12232292 2.34858203
v 0.03357121 0.14673710 2.31738448
v 0.05566273 0.14040220 2.32568407
v -0.00412111 0.15371776 2.30998564
v 0.01404206 0.15103269 2.31228852
v 0.11052990 -0.33133635 2.32770753
v 0.11054666 -0.40129858 2.42839599
v 0.11918877 -0.40290326 2.40467072
v 0.09553146 -0.40830582 2.42600918
v 0.13314821 -0.34810197 2.47574353
v 0.13592452 -0.36550874 2.46203017
v 0.11453529 -0.36159247 2.47492623
v 0.11173830 -0.34540260 2.48556304
v 0.08420817 -0.40261745 2.44162130
v 0.07618637 -0.40530676 2.43998551
v 0.09612499 -0.39519238 2.44665194
v 0.06127842 -0.38320619 2.46568799
v 0.07916714 -0.38822925 2.45921683
v 0.16489911 -0.39017594 2.40154886
v 0.16471654 -0.37920055 2.42681384
v 0.17476144 -0.37685892 2.42068720
v 0.17665642 -0.38870597 2.39661860
v 0.16232915 -0.33231264 2.46845675
v 0.15995346 -0.31632575 2.47524548
v 0.17226104 -0.31740096 2.46878123
v 0.17359954 -0.33303124 2.46262240
v 0.20799622 -0.37825552 2.38273454
v 0.20590992 -0.37425894 2.40547609
v 0.21848236 -0.37071812 2.40222216
v 0.22045864 -0.37263906 2.38000250
v 0.17389809 -0.34936929 2.45221424
v 0.09125117 -0.23734707 2.51718020
v 0.12950215 -0.24992162 2.50394702
v 0.11150341 -0.24393284 2.51138043
v 0.17100510 -0.26508948 2.47571421
v 0.15951495 -0.26202059 2.48394227
v 0.16234384 -0.24955976 2.48200369
v 0.19195862 -0.26861015 2.46116376
v 0.18194321 -0.26725110 2.46813107
v 0.20738424 -0.29322028 2.33192658
v 0.19484976 -0.29637811 2.32704306
v 0.19718754 -0.32445782 2.32907104
v 0.20377447 -0.25937232 2.44682479
v 0.21374364 -0.26185277 2.44315910
v 0.21338905 -0.26775378 2.44572711
v 0.20249750 -0.26531973 2.44976664
v 0.15286927 -0.39233750 2.40562487
v 0.20475979 -0.36347812 2.42313409
v 0.20442875 -0.35161683 2.43687916
v 0.21731943 -0.35078907 2.43381023
v 0.21766104 -0.36128184 2.42054915
v 0.20526899 -0.33825144 2.44771576
v 0.20510510 -0.32331347 2.45451212
v 0.21773583 -0.32488331 2.45002580
v 0.21779804 -0.33859366 2.44347143
v 0.21458153 -0.27468830 2.44918299
v 0.20101430 -0.27284914 2.45251513
v 0.23161137 -0.35458949 2.35618114
v 0.18448409 -0.38518053 2.36417103
v 0.17757986 -0.36842906 2.34237695
v 0.16768275 -0.37450767 2.34494567
v 0.17388302 -0.38898474 2.36867833
v 0.22256911 -0.24117455 2.40134549
v 0.21810155 -0.24518093 2.38849878
v 0.22587378 -0.23854566 2.41282296
v 0.20438333 -0.24739361 2.44050002
v 0.22844602 -0.23948398 2.42252517
v 0.21596405 -0.27082047 2.34465194
v 0.22045644 -0.28958374 2.33607650
v 0.17211020 -0.34196606 2.33047438
v 0.16215181 -0.34935224 2.33227158
v 0.23367226 -0.36499706 2.37850904
v 0.23218851 -0.36415413 2.40019751
v 0.23108898 -0.26365477 2.44300342
v 0.24448916 -0.26603904 2.44452882
v 0.23045252 -0.26950538 2.44577909
v 0.19258235 -0.24275652 2.45315266
v 0.20439771 -0.25363630 2.44348907
v 0.18683505 -0.38648295 2.39163923
v 0.23103456 -0.35701710 2.41758251
v 0.23019452 -0.34677365 2.43139410
v 0.19404593 -0.33599275 2.45220828
v 0.19292429 -0.35037008 2.44162774
v 0.18314987 -0.34913209 2.44705153
v 0.18399109 -0.33447835 2.45703816
v 0.23067977 -0.32500535 2.44644141
v 0.23119780 -0.31054646 2.45028877
v 0.19366704 -0.32130533 2.45871019
v 0.18320036 -0.31961367 2.46318340
v 0.23050794 -0.27689844 2.44809484
v 0.15302950 -0.35463923 2.33490515
v 0.14918008 -0.32971320 2.32681990
v 0.13890845 -0.33201191 2.32760525
v 0.16987835 -0.31506437 2.32322574
v 0.15878755 -0.32342896 2.32477283
v 0.18265496 -0.30411953 2.32355881
v 0.12672143 -0.33126229 2.32800126
v 0.42186758 -0.19464463 2.41397166
v 0.25730312 -0.26874971 2.44471979
v 0.24586549 -0.25913748 2.44227910
v 0.26020464 -0.26118374 2.44285297
v 0.31070265 -0.27078375 2.43389392
v 0.42531541 -0.23226401 2.40548563
v 0.43298119 -0.23026145 2.40363860
v 0.48172924 -0.22085023 2.39236164
v 0.50214583 -0.22986197 2.37006140
v 0.48235187 -0.23463601 2.37781501
v 0.47686663 -0.24226001 2.33415771
v 0.47040308 -0.23011762 2.32465816
v 0.45673093 -0.18428630 2.32860899
v 0.47121635 -0.17252597 2.39091396
v 0.60199571 -0.18470258 2.28675747
v 0.60712361 -0.18897152 2.29686284
v 0.62265974 -0.18162134 2.28700924
v 0.61733085 -0.17609057 2.27784014
v 0.62803304 -0.15974790 2.26542664
v 0.61341316 -0.16679063 2.27311373
v 0.63134056 -0.16989055 2.26889300
v 0.62709612 -0.14962330 2.26639891
v 0.61176479 -0.15700552 2.27339840
v 0.62787122 -0.14092177 2.27113771
v 0.62978929 -0.13346219 2.27789617
v 0.61244822 -0.13926494 2.28355265
v 0.61133713 -0.14762491 2.27719474
v 0.61519456 -0.13300574 2.29164171
v 0.61867249 -0.12914670 2.30087757
v 0.59880561 -0.13260111 2.30674863
v 0.59593379 -0.13820615 2.29692888
v 0.64513445 -0.13028824 2.31060505
v 0.64741367 -0.13733372 2.31514215
v 0.62926143 -0.14018872 2.32449961
v 0.62624985 -0.13241318 2.31939077
v 0.61427504 -0.16452456 2.33368421
v 0.61239648 -0.15330949 2.33584452
v 0.63147831 -0.15012392 2.32562423
v 0.63277608 -0.16068020 2.32402921
v 0.65008527 -0.15776315 2.31637597
v 0.64870822 -0.16631791 2.31007338
v 0.63276553 -0.16965500 2.31851649
v 0.57006055 -0.20096809 2.30597448
v 0.58631581 -0.19296595 2.29642606
v 0.58156663 -0.18447268 2.28924298
v 0.57562071 -0.16265169 2.28870058
v 0.57771981 -0.17360187 2.28696156
v 0.59457737 -0.16500619 2.27999854
v 0.59342885 -0.15481746 2.28277206
v 0.55961990 -0.14025685 2.31728077
v 0.57670039 -0.14350829 2.30199933
v 0.57931882 -0.13647237 2.31227994
v 0.59401631 -0.14587483 2.28866792
v 0.57542843 -0.15268600 2.29409719
v 0.60244745 -0.13136590 2.31772947
v 0.62251109 -0.12882054 2.31079507
v 0.61143786 -0.18744832 2.30838013
v 0.61424714 -0.18230858 2.31915712
v 0.63072437 -0.17625993 2.30887890
v 0.62740570 -0.18110204 2.29819560
v 0.58290291 -0.13460743 2.32403541
v 0.59707832 -0.18898547 2.33031988
v 0.59490967 -0.19464323 2.31916165
v 0.61529815 -0.17465550 2.32822752
v 0.59727079 -0.17986476 2.33920622
v 0.64192474 -0.17633647 2.28936410
v 0.63694912 -0.17614701 2.27802634
v 0.59109414 -0.19660193 2.30707240
v 0.60644102 -0.13498193 2.32776284
v 0.60988438 -0.14301577 2.33424234
v 0.59032553 -0.14579949 2.34323168
v 0.58674794 -0.13776720 2.33535624
v 0.57633090 -0.17259619 2.35578942
v 0.59312457 -0.15666217 2.34613705
v 0.59546095 -0.16854218 2.34450841
v 0.64919949 -0.14700437 2.31700325
v 0.57874662 -0.18505868 2.35102677
v 0.69774634 -0.14260477 2.22978759
v 0.70507020 -0.14805484 2.22529840
v 0.70381308 -0.14653337 2.23450637
v 0.69446933 -0.14299068 2.23872209
v 0.67337692 -0.12163252 2.22473192
v 0.68262452 -0.12325826 2.21246076
v 0.69164771 -0.12355882 2.21798372
v 0.68405050 -0.12335765 2.23066306
v 0.70050204 -0.14191419 2.22140217
v 0.70585769 -0.14987525 2.21811152
v 0.71117502 -0.15772721 2.21454811
v 0.70315146 -0.15114540 2.21548390
v 0.70853502 -0.16460314 2.21359038
v 0.70281929 -0.17305106 2.21984458
v 0.71572995 -0.17894015 2.21774006
v 0.71559995 -0.17105821 2.21179938
v 0.70901269 -0.17772573 2.24797487
v 0.71257526 -0.17396322 2.25889301
v 0.72718829 -0.17725354 2.25212002
v 0.72300166 -0.18004617 2.24080420
v 0.72959751 -0.16379750 2.26996779
v 0.72916478 -0.17054671 2.26027822
v 0.71433926 -0.16850865 2.26697850
v 0.71521664 -0.16244957 2.27509022
v 0.69409657 -0.14148197 2.24799085
v 0.70385003 -0.14428899 2.24353075
v 0.70573431 -0.14172834 2.24941111
v 0.69608682 -0.13830537 2.25445318
v 0.70023221 -0.15783352 2.21472168
v 0.70343429 -0.14564213 2.20853877
v 0.70107448 -0.14921933 2.20717692
v 0.69375443 -0.15965581 2.21459055
v 0.66620791 -0.12212914 2.27295208
v 0.67740679 -0.12149599 2.26906776
v 0.68225288 -0.11842918 2.27470493
v 0.66995734 -0.11856622 2.28023696
v 0.65476900 -0.12680274 2.25496650
v 0.64547491 -0.13870725 2.25154114
v 0.64940798 -0.13636783 2.24192572
v 0.65854615 -0.12342927 2.24527764
v 0.65614992 -0.13270855 2.23084140
v 0.66544473 -0.13023376 2.21980834
v 0.66542482 -0.12139273 2.23515105
v 0.67670953 -0.13083845 2.20815778
v 0.68425149 -0.11675078 2.28887415
v 0.67410141 -0.11884665 2.29168224
v 0.75600463 -0.15207693 2.20027924
v 0.75426131 -0.15538478 2.19520807
v 0.75756270 -0.15279195 2.19393468
v 0.75927371 -0.14957881 2.19899368
v 0.67820853 -0.14248914 2.30479574
v 0.67785043 -0.13251561 2.30357504
v 0.68540388 -0.13342822 2.30202198
v 0.68491137 -0.14383948 2.30159473
v 0.69516349 -0.13497078 2.30024886
v 0.69362479 -0.14623585 2.29799771
v 0.75888211 -0.16502029 2.19195652
v 0.76278245 -0.16831449 2.19429159
v 0.76689613 -0.16347486 2.19108200
v 0.76255482 -0.16073263 2.18943214
v 0.71247786 -0.14946571 2.22936702
v 0.71243173 -0.15198517 2.22016525
v 0.71895963 -0.15607515 2.21472931
v 0.72477031 -0.15947101 2.21064043
v 0.72885579 -0.15606731 2.21474743
v 0.72230285 -0.15263358 2.22301149
v 0.71579939 -0.14665154 2.24065208
v 0.72610581 -0.14868379 2.23534012
v 0.72587645 -0.14582130 2.24359918
v 0.71628827 -0.14316839 2.24867797
v 0.73124975 -0.13442194 2.26059413
v 0.72327739 -0.13155788 2.26342368
v 0.72006905 -0.13550642 2.25925541
v 0.72917110 -0.13877088 2.25500727
v 0.75281614 -0.14802721 2.24299836
v 0.74539351 -0.14487678 2.24699879
v 0.74378395 -0.14792326 2.24231839
v 0.75066584 -0.15017793 2.23889875
v 0.67130458 -0.14285555 2.30815434
v 0.67060560 -0.13295615 2.30599713
v 0.74139279 -0.13846862 2.28659916
v 0.74198735 -0.14962798 2.28319383
v 0.73060232 -0.14890394 2.28562593
v 0.72944182 -0.13871503 2.28977871
v 0.68370128 -0.15384620 2.29711413
v 0.67725539 -0.15300643 2.30134702
v 0.76709414 -0.16928160 2.19859934
v 0.77096426 -0.16411948 2.19560862
v 0.66171026 -0.14527729 2.22126365
v 0.67475814 -0.14175886 2.20739126
v 0.65331739 -0.14861166 2.23479557
v 0.64504915 -0.15268883 2.25162315
v 0.64903969 -0.15071338 2.24464869
v 0.72907513 -0.15235192 2.22503543
v 0.71061498 -0.14691088 2.23839188
v 0.70691222 -0.13911009 2.25393820
v 0.71016014 -0.12286207 2.27099419
v 0.71764785 -0.12490085 2.26996636
v 0.71931762 -0.12163323 2.27712083
v 0.71200198 -0.11933875 2.28097177
v 0.73678410 -0.12643230 2.27822828
v 0.73932785 -0.12991273 2.28451943
v 0.72932088 -0.12880230 2.28757000
v 0.72886145 -0.12434390 2.28074121
v 0.69809127 -0.15171057 2.20321918
v 0.68720114 -0.15867332 2.21123314
v 0.67644185 -0.12391490 2.29916644
v 0.68519914 -0.12355572 2.29802155
v 0.66850638 -0.12602162 2.30104160
v 0.67218232 -0.12400359 2.25892520
v 0.68504995 -0.13217190 2.25798225
v 0.68686461 -0.12948036 2.26226664
v 0.67431444 -0.12343067 2.26492715
v 0.68710750 -0.13433391 2.24200678
v 0.67723072 -0.12333924 2.24136972
v 0.69232476 -0.13329172 2.23240280
v 0.66128856 -0.12441275 2.26584935
v 0.65250629 -0.12782395 2.26902938
v 0.65751094 -0.12507862 2.27721071
v 0.66175687 -0.12213349 2.28580236
v 0.66609508 -0.12238309 2.29460764
v 0.64339727 -0.13004416 2.27285004
v 0.64809567 -0.12672365 2.28084612
v 0.65273309 -0.12445188 2.28976774
v 0.65670633 -0.12478501 2.29796934
v 0.67015797 -0.15399888 2.30595326
v 0.66216588 -0.15557280 2.31086946
v 0.66222751 -0.14407378 2.31186843
v 0.64827836 -0.13263416 2.26070690
v 0.64065593 -0.13622630 2.26543951
v 0.63819921 -0.14490804 2.25923729
v 0.63916862 -0.15635684 2.25845337
v 0.70268649 -0.13069227 2.20535588
v 0.70038974 -0.13043433 2.21259165
v 0.69501406 -0.12529302 2.20836544
v 0.69799948 -0.12758678 2.20025158
v 0.72320580 -0.16562602 2.20834684
v 0.71661919 -0.16304174 2.21137285
v 0.72399879 -0.17328602 2.20924044
v 0.69335985 -0.11868566 2.27490664
v 0.69492811 -0.11691558 2.28689098
v 0.73349428 -0.15498939 2.21869040
v 0.74009919 -0.17088181 2.20166421
v 0.74405819 -0.17594385 2.20456266
v 0.75642693 -0.17198366 2.19823790
v 0.75258023 -0.16794342 2.19540906
v 0.74368823 -0.15536308 2.21310377
v 0.74866700 -0.15829945 2.21696925
v 0.74284518 -0.15820161 2.21992850
v 0.73795503 -0.15634432 2.21593165
v 0.75318390 -0.14274138 2.24907804
v 0.74649769 -0.14019451 2.25281477
v 0.73027456 -0.18440112 2.22355604
v 0.71775663 -0.18339628 2.22924614
v 0.73694670 -0.17797136 2.23221946
v 0.73773378 -0.14176387 2.25079942
v 0.72728771 -0.14233318 2.24995875
v 0.73608357 -0.14479297 2.24593973
v 0.73858404 -0.15390930 2.22767091
v 0.73315138 -0.15070555 2.23160696
v 0.73329836 -0.15280402 2.22590613
v 0.73703891 -0.15520403 2.22230244
v 0.71737921 -0.13790703 2.29380035
v 0.71777135 -0.12526548 2.29079199
v 0.75569457 -0.16020516 2.19219375
v 0.75921869 -0.15672907 2.19063449
v 0.66109717 -0.13440585 2.30872297
v 0.65945256 -0.12798423 2.30401444
v 0.71759385 -0.13956627 2.25435758
v 0.70460570 -0.17931524 2.23501444
v 0.70827246 -0.13568321 2.25840616
v 0.75751090 -0.14591295 2.25881290
v 0.75857586 -0.15289044 2.25928402
v 0.75103694 -0.15428844 2.26490712
v 0.75190973 -0.14536074 2.26478648
v 0.75975519 -0.15235242 2.20487976
v 0.76430249 -0.15550527 2.20779037
v 0.75867844 -0.15762642 2.21101570
v 0.75452667 -0.15417397 2.20764184
v 0.73785621 -0.15886706 2.20431161
v 0.74019974 -0.15559372 2.20857215
v 0.73362088 -0.15684998 2.21222973
v 0.73046327 -0.15997443 2.20828462
v 0.72987729 -0.16574600 2.20612764
v 0.73795706 -0.16486832 2.20207143
v 0.75161785 -0.17334929 2.21611810
v 0.75241005 -0.16548476 2.21813965
v 0.76277059 -0.16328928 2.21201444
v 0.76338959 -0.16964695 2.20843506
v 0.70183456 -0.16180876 2.28064823
v 0.70346969 -0.15517300 2.28796506
v 0.71676922 -0.15557486 2.28288722
v 0.73066759 -0.15619075 2.27821016
v 0.74329913 -0.15505669 2.27274108
v 0.74261534 -0.16484478 2.26488233
v 0.71732575 -0.14841744 2.28899717
v 0.74682134 -0.17145297 2.22908449
v 0.74589288 -0.16600814 2.22592020
v 0.74368578 -0.17441657 2.22285438
v 0.71081364 -0.13066500 2.26405883
v 0.74983680 -0.16251519 2.19554114
v 0.65961462 -0.16995451 2.26121712
v 0.66613775 -0.17173102 2.27377129
v 0.67457187 -0.17204794 2.26950717
v 0.66557735 -0.16966280 2.25478959
v 0.75112343 -0.15390423 2.20288444
v 0.74901599 -0.15673801 2.19810820
v 0.75764757 -0.14025217 2.25675869
v 0.75272810 -0.13667458 2.26040030
v 0.74895418 -0.13693959 2.25784063
v 0.75499541 -0.14005065 2.25360656
v 0.70459521 -0.14811069 2.29368424
v 0.75008005 -0.14654899 2.27968931
v 0.75023842 -0.13470554 2.28088975
v 0.68116695 -0.16178149 2.28955078
v 0.69214147 -0.15471223 2.29285049
v 0.69013298 -0.16170123 2.28568625
v 0.74389273 -0.16957095 2.25151587
v 0.70089513 -0.16731003 2.27337980
v 0.68866748 -0.16676036 2.27856779
v 0.67823172 -0.16736424 2.28190112
v 0.67075950 -0.16804174 2.28518796
v 0.67421031 -0.16199380 2.29332042
v 0.76965624 -0.16580099 2.20455790
v 0.76052940 -0.17302528 2.20288372
v 0.66675901 -0.16296798 2.29794002
v 0.65938008 -0.16458163 2.30369163
v 0.66329455 -0.16892481 2.28922129
v 0.65579808 -0.16986161 2.29428983
v 0.68676943 -0.17110002 2.27037764
v 0.68316633 -0.17354277 2.26029110
v 0.69910342 -0.17187843 2.26547813
v 0.69618887 -0.17529479 2.25487375
v 0.74083114 -0.17925799 2.24470639
v 0.76873016 -0.15179658 2.20547557
v 0.77514046 -0.14682677 2.20204759
v 0.77823699 -0.15039980 2.20004392
v 0.77237904 -0.15603927 2.20452046
v 0.76816785 -0.16004303 2.20799112
v 0.77353024 -0.16015095 2.20110679
v 0.69119740 -0.17605087 2.24043655
v 0.74373311 -0.15685436 2.22458196
v 0.67478800 -0.17073348 2.24259281
v 0.69011211 -0.17250073 2.22436237
v 0.67900801 -0.16748717 2.22338772
v 0.65639687 -0.16207126 2.24192238
v 0.66291469 -0.16013122 2.22803378
v 0.64870048 -0.16345784 2.25683284
v 0.65287644 -0.16249862 2.25113106
v 0.64198399 -0.16596687 2.26246357
v 0.67295569 -0.15545565 2.21344018
v 0.76233834 -0.14729589 2.19231629
v 0.76457596 -0.14493802 2.19762635
v 0.64705122 -0.17259029 2.27106357
v 0.65386117 -0.17043158 2.26578832
v 0.69750005 -0.13172525 2.22199655
v 0.69882685 -0.13196173 2.26209593
v 0.70076174 -0.12720144 2.26623392
v 0.70251411 -0.12084180 2.27272463
v 0.70451128 -0.11783195 2.28436852
v 0.65196455 -0.17395672 2.28308916
v 0.63370806 -0.12881213 2.28594065
v 0.63798666 -0.12659550 2.29500985
v 0.64551878 -0.17183617 2.30035901
v 0.76380426 -0.15095419 2.18829799
v 0.75536662 -0.15407470 2.24016929
v 0.75619507 -0.15450281 2.24207163
v 0.68844432 -0.12623483 2.20354009
v 0.69324040 -0.12977982 2.19615650
v 0.68436408 -0.13338071 2.20004988
v 0.68353909 -0.14274216 2.19901633
v 0.69212204 -0.14367342 2.19370985
v 0.69205987 -0.13553280 2.19401288
v 0.68896919 -0.12662482 2.26525545
v 0.69161308 -0.12327355 2.26899147
v 0.70663416 -0.12450203 2.29484415
v 0.70593995 -0.13678193 2.29763722
v 0.73147517 -0.17277020 2.20640993
v 0.72668618 -0.17988998 2.21417999
v 0.73483360 -0.17795196 2.21016407
v 0.74774891 -0.17752793 2.21066713
v 0.74637699 -0.16511336 2.22202373
v 0.74585187 -0.16179818 2.22343564
v 0.67318082 -0.12370268 2.25071478
v 0.68460339 -0.13407069 2.25077963
v 0.70204306 -0.13974702 2.21513534
v 0.70438242 -0.13810664 2.20936370
v 0.73392993 -0.14792785 2.23918486
v 0.75394487 -0.16735509 2.24145913
v 0.75010747 -0.17396939 2.23684669
v 0.74091434 -0.15104869 2.23546362
v 0.77225786 -0.15617511 2.18713021
v 0.76742160 -0.15375081 2.18637562
v 0.73852307 -0.18049401 2.21726894
v 0.73925126 -0.13735601 2.25677085
v 0.75295907 -0.16310993 2.24857521
v 0.75636685 -0.16053441 2.24136782
v 0.74531072 -0.12941408 2.28040457
v 0.65929210 -0.17229307 2.27783251
v 0.76918972 -0.14457223 2.20155954
v 0.76355195 -0.14917767 2.20362186
v 0.77867436 -0.15372053 2.19657326
v 0.77621746 -0.15655333 2.19165659
v 0.69581342 -0.12381971 2.29691815
v 0.69753462 -0.13527438 2.25857806
v 0.64193535 -0.12693885 2.30360126
v 0.69417059 -0.15038097 2.19775724
v 0.68465495 -0.15145573 2.20421457
v 0.74616247 -0.15323257 2.23250747
v 0.75061566 -0.14825481 2.27159238
v 0.75934500 -0.16067380 2.25512910
v 0.75855392 -0.16217956 2.24765444
v 0.75141919 -0.16260117 2.25987482
v 0.75875145 -0.15860957 2.24303532
v 0.78274906 -0.14797252 2.19340897
v 0.78022867 -0.15060240 2.18866420
v 0.77588284 -0.15047842 2.18458033
v 0.77063328 -0.14881620 2.18458414
v 0.76708078 -0.14651439 2.18701911
v 0.78194737 -0.14462879 2.19693017
v 0.77865827 -0.14198005 2.19922256
v 0.77252841 -0.14083233 2.19957423
v 0.78430313 -0.13905469 2.19488001
v 0.78594738 -0.14101052 2.19027090
v 0.78181845 -0.14021024 2.18179154
v 0.78239805 -0.13643262 2.18027425
v 0.77883810 -0.13732919 2.17951202
v 0.77890563 -0.14332494 2.18164611
v 0.78014547 -0.13200197 2.17862368
v 0.78385580 -0.13184747 2.17899346
v 0.78419399 -0.14086998 2.18437243
v 0.78591895 -0.13620642 2.18296528
v 0.78856963 -0.13026410 2.18529058
v 0.78749979 -0.13129473 2.18148565
v 0.78702003 -0.13489899 2.18676996
v 0.78590727 -0.13900697 2.18724465
v 0.78328073 -0.14471397 2.18574667
v 0.78831291 -0.12718976 2.18030190
v 0.78622234 -0.12462103 2.18124676
v 0.78247869 -0.12752381 2.17874551
v 0.78510153 -0.12863600 2.17838192
v 0.77308500 -0.14365911 2.18297672
v 0.77515703 -0.13702413 2.18108559
v 0.77714097 -0.13109621 2.18047762
v 0.77981752 -0.12649316 2.18082261
v 0.77540040 -0.12961942 2.18325543
v 0.77279615 -0.13512039 2.18385577
v 0.77812725 -0.12602735 2.18373489
v 0.77529633 -0.12806743 2.18634200
v 0.77224058 -0.13270396 2.18759322
v 0.76841938 -0.14018831 2.18998599
v 0.76945275 -0.14253065 2.18601203
v 0.77746058 -0.12596995 2.18587565
v 0.78392947 -0.12370232 2.18330050
v 0.78732663 -0.13445744 2.19007802
v 0.78830034 -0.12910080 2.18821549
v 0.78568977 -0.13317662 2.19279218
v 0.78680652 -0.12801129 2.19029856
v 0.78959870 -0.12706268 2.18380785
v 0.78850645 -0.12530869 2.18562484
v 0.76542997 -0.14369944 2.19124603
v 0.76794940 -0.14161336 2.19652605
v 0.77082169 -0.13781616 2.19503570
v 0.77426511 -0.13070148 2.19227719
v 0.77560139 -0.13677734 2.19764376
v 0.78133738 -0.13702759 2.19694304
v 0.78300118 -0.13176966 2.19437957
v 0.77892309 -0.13061243 2.19477153
v 0.78051955 -0.12657595 2.19181967
v 0.78372049 -0.12705907 2.19173670
v 0.77727658 -0.12674230 2.18957949
v 0.78342509 -0.12439060 2.18895984
v 0.78620785 -0.12450820 2.18749332
v 0.78124434 -0.12484092 2.18959427
v 0.77937204 -0.12499401 2.18760657
v 0.78129745 -0.12414777 2.18577433
v 0.76964325 -0.14388368 2.21900320
v 0.76830494 -0.14692989 2.21493697
v 0.77109373 -0.14141744 2.21215081
v 0.77237809 -0.13821355 2.21661854
v 0.77330536 -0.15501145 2.21105981
v 0.77848142 -0.15867496 2.21246433
v 0.78110605 -0.15163854 2.20871329
v 0.77573204 -0.14807943 2.20775032
v 0.78316796 -0.15864113 2.21811104
v 0.78547400 -0.15160203 2.21433258
v 0.75445640 -0.16304076 2.22167826
v 0.75722826 -0.16802552 2.22413182
v 0.77168971 -0.16401213 2.21676922
v 0.76722383 -0.15978989 2.21479034
v 0.75662130 -0.14972091 2.23370099
v 0.76091051 -0.15155187 2.23645496
v 0.76980907 -0.15075478 2.21236944
v 0.77235204 -0.14449155 2.20932817
v 0.77245021 -0.14253756 2.22293377
v 0.77685589 -0.14343864 2.22562957
v 0.77167654 -0.14835975 2.22953582
v 0.76756752 -0.14670619 2.22671223
v 0.75085819 -0.15429714 2.22292638
v 0.75327843 -0.15132147 2.22846174
v 0.75207561 -0.15866035 2.22115445
v 0.76448214 -0.16443908 2.23526621
v 0.76452386 -0.15755925 2.23719358
v 0.77601999 -0.15255210 2.23036623
v 0.77807361 -0.15867007 2.22797394
v 0.76423115 -0.15534732 2.21565986
v 0.76442498 -0.14787889 2.22230124
v 0.76285565 -0.15097585 2.21781635
v 0.78405237 -0.15238607 2.22339368
v 0.77570254 -0.16408923 2.22274780
v 0.78005624 -0.13727176 2.22279549
v 0.78435671 -0.12979114 2.21793771
v 0.78794086 -0.13293177 2.21652246
v 0.78405017 -0.14027491 2.22190142
v 0.78082228 -0.14655483 2.22555041
v 0.78651613 -0.14554763 2.21938181
v 0.77505982 -0.13260254 2.20812654
v 0.77658772 -0.12976712 2.21294761
v 0.77617335 -0.13536930 2.20472717
v 0.76136094 -0.16973028 2.22993708
v 0.78448182 -0.14142665 2.20363617
v 0.77935934 -0.13835341 2.20318604
v 0.77972573 -0.12839216 2.21678925
v 0.77538067 -0.13659242 2.22060943
v 0.78981966 -0.13703826 2.21361065
v 0.78857857 -0.14145273 2.20855045
v 0.79190785 -0.13044429 2.20934916
v 0.79124898 -0.13379720 2.20452499
v 0.78709006 -0.13452083 2.20017457
v 0.78165144 -0.13266650 2.20053291
v 0.77842796 -0.13056013 2.20276237
v 0.79034400 -0.12691087 2.21215582
v 0.78710151 -0.12458658 2.21406770
v 0.78222746 -0.12394458 2.21395779
v 0.79074162 -0.11963922 2.20878267
v 0.79310197 -0.12164068 2.20507550
v 0.78922814 -0.11850744 2.19473124
v 0.78948849 -0.11344153 2.19239712
v 0.78607279 -0.11400497 2.19234490
v 0.78633064 -0.12015632 2.19398975
v 0.78984177 -0.12229031 2.19654441
v 0.78798813 -0.12619984 2.19657993
v 0.79186320 -0.12165266 2.19920349
v 0.79233116 -0.11700565 2.19727039
v 0.79347551 -0.10970914 2.19857883
v 0.79310262 -0.11134708 2.19466400
v 0.79237986 -0.11527708 2.20085168
v 0.79222947 -0.11955202 2.20195508
v 0.78726745 -0.10831818 2.19174314
v 0.78986007 -0.10929382 2.19112062
v 0.79242283 -0.12638935 2.20081782
v 0.78256083 -0.12755704 2.19802356
v 0.78246844 -0.12034833 2.19527602
v 0.78289974 -0.11335832 2.19384813
v 0.78446722 -0.10752401 2.19376063
v 0.78053463 -0.11222598 2.19627452
v 0.77935791 -0.11894560 2.19799662
v 0.78266543 -0.10749438 2.19633508
v 0.77992797 -0.11050174 2.19944143
v 0.77796388 -0.11662704 2.20179582
v 0.77783465 -0.12460104 2.20485139
v 0.77902693 -0.12666303 2.20087647
v 0.78186339 -0.10766518 2.19844866
v 0.79044235 -0.10439128 2.19337010
v 0.78748369 -0.10400087 2.19551897
v 0.79334074 -0.10641494 2.19221592
v 0.79147083 -0.11453575 2.20330405
v 0.79175234 -0.10861528 2.20063949
v 0.79038036 -0.11309087 2.20572519
v 0.79045194 -0.10734785 2.20245910
v 0.79398459 -0.10580605 2.19627571
v 0.79223466 -0.10440823 2.19750524
v 0.77750051 -0.12818930 2.20632315
v 0.77890241 -0.12559754 2.21076560
v 0.77909821 -0.12195447 2.20929480
v 0.77979022 -0.11404151 2.20603299
v 0.78270698 -0.12000602 2.21200728
v 0.78722548 -0.11905533 2.21126223
v 0.78775173 -0.11249477 2.20769095
v 0.78373617 -0.11262065 2.20830727
v 0.78482187 -0.10756731 2.20473242
v 0.78814840 -0.10715526 2.20394492
v 0.78144568 -0.10862845 2.20287180
v 0.78753418 -0.10432357 2.20073938
v 0.78997219 -0.10381120 2.19907713
v 0.78527486 -0.10539508 2.20203638
v 0.78329557 -0.10604835 2.20017147
v 0.78514427 -0.10468110 2.19784474
v 0.77382261 -0.13913977 2.23599935
v 0.77352965 -0.14328063 2.23232102
v 0.77459288 -0.13945872 2.22929144
v 0.77451700 -0.13504153 2.23329592
v 0.77842826 -0.15127781 2.23034573
v 0.78151619 -0.15408143 2.23270345
v 0.78386962 -0.14708620 2.22841978
v 0.78070658 -0.14560333 2.22661209
v 0.78528154 -0.15288830 2.23814893
v 0.78708655 -0.14542726 2.23223948
v 0.76386136 -0.15662420 2.24038839
v 0.76562226 -0.16041374 2.24389029
v 0.77621198 -0.15812239 2.23744035
v 0.77378726 -0.15468127 2.23423886
v 0.77542037 -0.14731446 2.23049378
v 0.77743834 -0.14277467 2.22702432
v 0.77574122 -0.13642296 2.23965359
v 0.77856761 -0.13639775 2.24205899
v 0.77427411 -0.13955206 2.24597120
v 0.77167147 -0.13918149 2.24325347
v 0.75981981 -0.14309064 2.24536967
v 0.75965935 -0.14705303 2.24148726
v 0.76147157 -0.15178430 2.23999643
v 0.76839197 -0.15220284 2.25419807
v 0.76644880 -0.14557433 2.25420237
v 0.77783120 -0.14336312 2.24791360
v 0.78005904 -0.15039769 2.24745584
v 0.77134401 -0.14996752 2.23415422
v 0.76949644 -0.14078856 2.23883367
v 0.76930255 -0.14526135 2.23545766
v 0.78556895 -0.14622340 2.24215698
v 0.77847677 -0.15667626 2.24327850
v 0.78048366 -0.13230556 2.23940420
v 0.78446156 -0.12578928 2.23245072
v 0.78807980 -0.12849963 2.23146009
v 0.78505194 -0.13528106 2.23909664
v 0.78263640 -0.13977537 2.24336123
v 0.78744733 -0.14052281 2.23671722
v 0.77684051 -0.13257545 2.22412491
v 0.77710468 -0.12876251 2.22810984
v 0.77980709 -0.13563365 2.22171354
v 0.76773906 -0.15900019 2.24988437
v 0.76391226 -0.14065289 2.25244308
v 0.78701484 -0.13865605 2.22150540
v 0.78318363 -0.13769481 2.22071481
v 0.77986562 -0.12609082 2.23164868
v 0.77683091 -0.13247705 2.23722315
v 0.79050255 -0.13279706 2.22902417
v 0.79004890 -0.13735980 2.22522712
v 0.79204041 -0.12699246 2.22353959
v 0.79188055 -0.13139689 2.21953106
v 0.78877163 -0.13325831 2.21596313
v 0.78451639 -0.13273513 2.21603322
v 0.78112215 -0.13134140 2.21770644
v 0.78866881 -0.12328941 2.22607350
v 0.78531688 -0.12191465 2.22706199
v 0.78138149 -0.12295905 2.22720385
v 0.78824019 -0.11903661 2.22297478
v 0.79125035 -0.12168986 2.21908903
v 0.78830904 -0.12112772 2.20830441
v 0.78823900 -0.11741021 2.20475483
v 0.78605407 -0.11824381 2.20435023
v 0.78664368 -0.12259760 2.20765400
v 0.78948426 -0.12414712 2.21087217
v 0.78889358 -0.12721294 2.21172762
v 0.79124206 -0.12309885 2.21330905
v 0.79112470 -0.11918491 2.21042585
v 0.79024881 -0.11317891 2.21079445
v 0.79101992 -0.11518240 2.20697904
v 0.79027385 -0.11710012 2.21425319
v 0.79117519 -0.12067837 2.21597433
v 0.78654867 -0.11421007 2.20218992
v 0.78848326 -0.11450922 2.20276356
v 0.79166269 -0.12621680 2.21553135
v 0.78472447 -0.12850040 2.21219778
v 0.78361380 -0.12328881 2.20825505
v 0.78308910 -0.11838478 2.20489001
v 0.78338945 -0.11388487 2.20347476
v 0.78055036 -0.11779809 2.20701957
v 0.78055114 -0.12264574 2.21024656
v 0.78104633 -0.11380935 2.20579576
v 0.77905768 -0.11650395 2.20947528
v 0.77835679 -0.12102017 2.21292591
v 0.77899355 -0.12607136 2.21738768
v 0.78125876 -0.12779000 2.21435761
v 0.78004003 -0.11389929 2.20798063
v 0.78846729 -0.11027926 2.20392394
v 0.78506029 -0.10954154 2.20552039
v 0.79073370 -0.11197594 2.20413852
v 0.78948963 -0.11592856 2.21681333
v 0.78911126 -0.11179310 2.21288323
v 0.78699994 -0.11478943 2.21893120
v 0.78690648 -0.11089605 2.21443081
v 0.79068547 -0.11069506 2.20778751
v 0.78936374 -0.10936642 2.20863652
v 0.77897686 -0.12900859 2.22082782
v 0.77896231 -0.12586877 2.22451520
v 0.77889282 -0.12330991 2.22100902
v 0.77820837 -0.11795428 2.21633887
v 0.78103447 -0.12041035 2.22390103
v 0.78412563 -0.11884293 2.22388291
v 0.78402871 -0.11468923 2.21985054
v 0.78041494 -0.11567044 2.21917677
v 0.78099817 -0.11198461 2.21499395
v 0.78393292 -0.11089176 2.21529222
v 0.77895147 -0.11406603 2.21240854
v 0.78366578 -0.10944000 2.21121120
v 0.78649139 -0.10889107 2.20999122
v 0.78158474 -0.11052206 2.21197486
v 0.78051990 -0.11178529 2.20962620
v 0.78220683 -0.11055276 2.20760345
v 0.76154178 -0.14106378 2.24945641
v 0.76553410 -0.12718451 2.25695872
v 0.76579791 -0.13095078 2.25451922
v 0.76745355 -0.12829784 2.25198984
v 0.76686698 -0.12477410 2.25468516
v 0.77057034 -0.13840929 2.25477457
v 0.77380753 -0.13931993 2.25773406
v 0.77618843 -0.13464892 2.25380564
v 0.77302992 -0.13422820 2.25108433
v 0.77588826 -0.13602105 2.26215386
v 0.77779138 -0.13172960 2.25789237
v 0.75663453 -0.14306492 2.26338696
v 0.75772548 -0.14544111 2.26795244
v 0.76874703 -0.14203557 2.26190376
v 0.76587939 -0.14061967 2.25850391
v 0.75523722 -0.12574542 2.26718903
v 0.75698316 -0.12590128 2.27107430
v 0.75023496 -0.12731969 2.27499676
v 0.74743116 -0.12699339 2.27249694
v 0.76749128 -0.13524666 2.25384021
v 0.76987267 -0.13157818 2.25078154
v 0.76645619 -0.12425661 2.25979853
v 0.76870477 -0.12284592 2.26267266
v 0.76616216 -0.12448406 2.26573801
v 0.76372308 -0.12526494 2.26235914
v 0.75434202 -0.13174528 2.26198339
v 0.75473112 -0.12803310 2.26359177
v 0.74695086 -0.12808353 2.26770449
v 0.74893337 -0.13188529 2.26392174
v 0.75585598 -0.13656545 2.26167560
v 0.75946015 -0.13423669 2.27615452
v 0.75852340 -0.12875581 2.27415657
v 0.76876014 -0.12703311 2.26840854
v 0.77098298 -0.13251889 2.26885438
v 0.76433367 -0.13663983 2.25706339
v 0.76232105 -0.12831667 2.25962186
v 0.76308244 -0.13209444 2.25732088
v 0.77480859 -0.12978649 2.26444578
v 0.77062845 -0.13930055 2.26678801
v 0.77016759 -0.11999285 2.26020384
v 0.77316332 -0.11581406 2.25543237
v 0.77651781 -0.11691895 2.25602579
v 0.77389920 -0.12165827 2.26160955
v 0.77226841 -0.12468776 2.26442790
v 0.77692556 -0.12589648 2.26072836
v 0.77010500 -0.12401795 2.24720430
v 0.76924580 -0.12067336 2.25035930
v 0.77265173 -0.12674913 2.24591446
v 0.75868714 -0.14293423 2.27402830
v 0.77915567 -0.12883294 2.24774623
v 0.77590197 -0.12853456 2.24575806
v 0.77042532 -0.11756453 2.25319958
v 0.76781923 -0.12171471 2.25750852
v 0.77963781 -0.12057245 2.25475240
v 0.78060132 -0.12593949 2.25174546
v 0.78146040 -0.11638916 2.24974012
v 0.78303498 -0.12207058 2.24687600
v 0.78084427 -0.12515840 2.24342108
v 0.77733231 -0.12556762 2.24223208
v 0.77410239 -0.12418091 2.24282813
v 0.77777374 -0.11299729 2.25141954
v 0.77446413 -0.11287525 2.25114107
v 0.77214289 -0.11525393 2.24959779
v 0.77869123 -0.11041021 2.24667168
v 0.78233927 -0.11314446 2.24446368
v 0.78242815 -0.11739483 2.23490310
v 0.78294396 -0.11548117 2.23159790
v 0.78121066 -0.11598501 2.23082685
v 0.78095883 -0.11886024 2.23439860
v 0.78273576 -0.11901969 2.23820114
v 0.78162330 -0.12128079 2.23936296
v 0.78362703 -0.11711660 2.24048805
v 0.78436500 -0.11513615 2.23682046
v 0.78415620 -0.10906452 2.23522902
v 0.78534400 -0.11293042 2.23320675
v 0.78378439 -0.11120862 2.23896217
v 0.78348708 -0.11367795 2.24151134
v 0.78221273 -0.11298046 2.22815347
v 0.78385925 -0.11354831 2.22922635
v 0.78332764 -0.11870545 2.24316120
v 0.77817386 -0.12245333 2.23907757
v 0.77860540 -0.11917824 2.23425007
v 0.77905124 -0.11548391 2.23003602
v 0.77984232 -0.11169404 2.22800303
v 0.77681327 -0.11461356 2.23117900
v 0.77608180 -0.11844116 2.23530483
v 0.77775395 -0.11118707 2.22944593
v 0.77528501 -0.11339545 2.23293281
v 0.77394176 -0.11675608 2.23710322
v 0.77265865 -0.11977655 2.24187660
v 0.77509630 -0.12176353 2.24003315
v 0.77642876 -0.11118078 2.23095489
v 0.78348345 -0.10917613 2.22881150
v 0.78070164 -0.10837853 2.22899127
v 0.78568226 -0.11072326 2.23015141
v 0.78224158 -0.10922027 2.24039936
v 0.78266370 -0.10698640 2.23587155
v 0.77954501 -0.10806251 2.24163055
v 0.78023458 -0.10615438 2.23616433
v 0.78485036 -0.10824671 2.23238826
v 0.78326976 -0.10680103 2.23185015
v 0.77150714 -0.12171263 2.24443340
v 0.77096027 -0.11846483 2.24704766
v 0.77170181 -0.11651194 2.24422145
v 0.77290845 -0.11379784 2.23923850
v 0.77279133 -0.11300275 2.24624920
v 0.77525747 -0.11061415 2.24714375
v 0.77656448 -0.10826921 2.24173450
v 0.77384502 -0.11019814 2.24095058
v 0.77546954 -0.10831374 2.23574328
v 0.77765661 -0.10666192 2.23617840
v 0.77457315 -0.11103052 2.23449302
v 0.77843493 -0.10701376 2.23214674
v 0.78066826 -0.10635835 2.23173928
v 0.77681398 -0.10798231 2.23275518
v 0.77657628 -0.10942847 2.23161149
v 0.77839965 -0.10860088 2.23003983
v 0.75253433 -0.12984627 2.27689505
v 0.71058893 -0.14778259 2.20043492
v 0.70814079 -0.15010944 2.19627237
v 0.70783782 -0.13010144 2.19903922
v 0.71073121 -0.13650116 2.20229387
v 0.70399249 -0.12774473 2.19350934
v 0.70068508 -0.13596132 2.18634844
v 0.70151341 -0.13076150 2.18902659
v 0.71137738 -0.14281085 2.20222020
v 0.70500171 -0.14952093 2.19143724
v 0.70149314 -0.14341164 2.18688202
v 0.71319586 -0.14719397 2.18274570
v 0.71018678 -0.14052638 2.17946315
v 0.70867729 -0.13210464 2.18035555
v 0.70883214 -0.12798709 2.18489289
v 0.70994306 -0.12623417 2.19041944
v 0.71537995 -0.14981210 2.18975496
v 0.71683800 -0.14786586 2.19473433
v 0.71674430 -0.14256573 2.19783330
v 0.72373945 -0.14813462 2.18316388
v 0.72564971 -0.14351445 2.17613339
v 0.72698802 -0.12896514 2.17306352
v 0.73121834 -0.12835681 2.17120028
v 0.73117262 -0.12552661 2.17492080
v 0.72590971 -0.12587500 2.17653418
v 0.72438461 -0.13066715 2.17430115
v 0.72068650 -0.12867320 2.17723036
v 0.72872329 -0.13489804 2.17056346
v 0.72554785 -0.13577867 2.17298841
v 0.72766417 -0.14019960 2.17292833
v 0.73112369 -0.14069593 2.17148590
v 0.73288769 -0.13369533 2.16819596
v 0.73693848 -0.13248628 2.16822886
v 0.73498535 -0.12859583 2.17003059
v 0.73594606 -0.12727466 2.17279053
v 0.72196996 -0.13702485 2.17436671
v 0.71713769 -0.12527293 2.18319464
v 0.72494137 -0.12385815 2.18140340
v 0.00648438 -0.36201134 2.47308254
v 0.00653228 -0.37302053 2.46746063
v 0.73175859 -0.12451971 2.17940021
v 0.73690379 -0.12750423 2.17708254
v 0.73266488 -0.12605926 2.18407726
v 0.72565919 -0.12444878 2.18705511
v 0.73689258 -0.12915945 2.18130040
v 0.73358625 -0.12978312 2.18715382
v 0.72717363 -0.12878880 2.19120812
v 0.71753728 -0.12892732 2.19474673
v 0.71628672 -0.12510002 2.18976116
v 0.73655802 -0.13098592 2.18426037
v 0.73972470 -0.13201928 2.17090654
v 0.73997355 -0.13274047 2.17559624
v 0.73193628 -0.14364278 2.17518806
v 0.73644763 -0.14181751 2.17321420
v 0.73483092 -0.13941059 2.16962337
v 0.73176444 -0.14561468 2.18019247
v 0.73723632 -0.14265594 2.17775154
v 0.73760152 -0.13700891 2.16853046
v 0.73943961 -0.13805833 2.17136908
v 0.71245098 -0.12899747 2.19595695
v 0.71529126 -0.13541773 2.19849253
v 0.72014165 -0.13593107 2.19634080
v 0.72888446 -0.13535208 2.19176507
v 0.72277683 -0.14318559 2.19447684
v 0.72353756 -0.14804605 2.18933034
v 0.73176610 -0.14521745 2.18527198
v 0.73057640 -0.14160392 2.18976855
v 0.73594689 -0.13921261 2.18544388
v 0.73703408 -0.14169335 2.18215990
v 0.73481023 -0.13463554 2.18695545
v 0.73926431 -0.13789475 2.18014717
v 0.74006039 -0.13835895 2.17600203
v 0.73793203 -0.13714689 2.18280816
v 0.73755497 -0.13408977 2.18320608
v 0.73904914 -0.13349056 2.17997265
v 0.74250239 -0.12723407 2.27555847
v 0.74171430 -0.12844869 2.26947021
v 0.73528290 -0.12748522 2.27203989
v 0.72762823 -0.12436467 2.27434659
v 0.72188532 -0.12217116 2.28283930
v 0.72573507 -0.12750894 2.26829267
v 0.73386115 -0.13041070 2.26608872
v 0.74246478 -0.13264853 2.26256728
v 0.71722454 -0.12890202 2.26553035
v 0.01073509 -0.30927759 2.31016278
v 0.01018768 -0.29208070 2.30384302
v 0.28489390 -0.26177412 2.33977222
v 0.28796375 -0.27952218 2.33886743
v 0.30361483 -0.31553164 2.37892604
v 0.30422372 -0.31600884 2.40196562
v 0.05007678 0.00638795 2.29781055
v 0.11007293 -0.07510054 2.49630070
v 0.11421883 -0.09746304 2.49654675
v 0.03664112 -0.10322598 2.52527261
v 0.05686447 -0.09770244 2.52407002
v 0.13769238 -0.03703824 2.38210726
v 0.13966794 -0.05851692 2.37935162
v 0.09210966 -0.02087229 2.32632351
v 0.09506486 -0.04377526 2.32291317
v 0.12502958 -0.00942397 2.36251616
v 0.07445464 -0.04093963 2.52040720
v 0.09243254 -0.03672031 2.51228571
v 0.09089117 -0.05982035 2.50995946
v 0.07365482 -0.06552792 2.51927042
v 0.01736414 -0.10713744 2.52152443
v 0.01649499 -0.07944527 2.52149725
v 0.14945166 -0.08597106 2.40125823
v 0.15035592 -0.09202600 2.42841959
v 0.13450310 -0.10801113 2.47663069
v 0.11985236 -0.11834377 2.49429631
v 0.10238834 -0.12979496 2.50639510
v 0.08294570 -0.14106509 2.51486397
v 0.08014473 -0.06530732 2.30359244
v 0.06114396 -0.08861861 2.29168510
v 0.14171696 -0.08075041 2.37544060
v 0.01182864 -0.06290495 2.28109360
v 0.06749330 -0.17630929 2.51978588
v 0.04378587 -0.18252730 2.52316356
v 0.14530848 -0.09930146 2.45400548
v 0.02449428 -0.24691376 2.28725052
v 0.04322959 -0.25003830 2.28589082
v 0.04153865 -0.23332557 2.27974343
v 0.02330686 -0.22969738 2.28217220
v 0.05940400 -0.23516890 2.27950168
v 0.07664510 -0.23635885 2.28117728
v 0.09262628 -0.23699260 2.28420544
v 0.13044298 -0.23440123 2.29930091
v 0.11947420 -0.23599496 2.29353642
v 0.14798182 -0.22736499 2.31587076
v 0.14011733 -0.23185477 2.30648112
v 0.15339467 -0.21889475 2.32891941
v 0.15608457 -0.20878658 2.34515262
v 0.16380626 -0.21321246 2.36508775
v 0.16023180 -0.19876444 2.36229777
v 0.15176368 -0.19405413 2.34078264
v 0.14821124 -0.20451403 2.32566452
v 0.14301391 -0.21241891 2.31277347
v 0.00911148 -0.16140109 2.28318524
v 0.00672215 -0.18649712 2.28127193
v 0.01043582 -0.32599977 2.31586504
v 0.49226964 -0.17068091 2.38622284
v 0.59763575 -0.17590430 2.28074574
v 0.02361306 -0.37542880 2.46761632
v 0.04217899 -0.37878597 2.46823525
v 0.10671327 -0.38704610 2.45322418
v 0.12311769 -0.39533073 2.43221760
v 0.08542863 -0.37997967 2.46655250
v 0.06357276 -0.37332508 2.47332668
v 0.12933153 -0.09788048 2.34863281
v 0.04390424 -0.34369174 2.48772359
v 0.06527091 -0.36184770 2.48113990
v 0.08888746 -0.36933893 2.47532701
v 0.11340219 -0.37652481 2.46230984
v 0.13674621 -0.38486016 2.44087791
v 0.15322682 -0.38154286 2.43284488
v 0.17364171 -0.36282954 2.43945241
v 0.19264652 -0.36453730 2.42801142
v 0.19496007 -0.37630746 2.40970373
v 0.18475562 -0.37598798 2.41563058
v 0.18278119 -0.36290258 2.43307519
v 0.27482006 -0.33137530 2.41366911
v 0.29450327 -0.30521181 2.42601633
v 0.28801811 -0.31914768 2.41786861
v 0.29491207 -0.28987750 2.43336034
v 0.29310846 -0.27935269 2.43733406
v 0.28646320 -0.27024591 2.44000149
v 0.27412245 -0.26427409 2.44194603
v 0.23144607 -0.25762898 2.44005728
v 0.21436910 -0.25636032 2.44000196
v 0.18411076 -0.23906782 2.46007347
v 0.17668760 -0.23436680 2.46601558
v 0.15551455 -0.20974901 2.48116994
v 0.14400101 -0.19743830 2.48764277
v 0.00471053 -0.41214037 2.44107771
v 0.13138585 -0.18311447 2.49501538
v 0.00376734 -0.21044570 2.51819158
v 0.00459912 -0.23144805 2.51673603
v -0.00001748 -0.13710132 2.51535749
v 0.00148443 -0.16167811 2.51872969
v 0.11074729 0.06833816 2.52770972
v 0.10552367 0.04967630 2.52240419
v 0.08681540 0.05098790 2.53303385
v -0.00673313 0.03080225 2.53214645
v -0.00565010 0.00513482 2.52477288
v -0.00315314 -0.05421197 2.51702952
v -0.00209721 -0.08230430 2.51536965
v 0.09255100 0.07075989 2.53938365
v 0.03846559 0.00668228 2.52942681
v 0.00542237 -0.26710081 2.51097417
v 0.00564686 -0.28078166 2.50449800
v 0.00577473 -0.29598007 2.49960017
v 0.01669111 0.00591737 2.52797127
v 0.14472832 0.05114633 2.46412897
v 0.14707661 0.05550587 2.43680215
v 0.12213334 0.04850894 2.50721169
v 0.13577041 0.04897952 2.48782229
v 0.14317292 0.06209308 2.41011000
v 0.08288324 0.09614956 2.33461928
v 0.06248764 0.10257715 2.32161140
v 0.02059058 0.11006063 2.30468893
v 0.00012021 0.11134410 2.30144882
v 0.13407427 0.07060671 2.38636351
v 0.04142454 0.10719174 2.31129622
v 0.12003636 0.07987273 2.36656785
v 0.10228534 0.08840752 2.34948945
v 0.06030638 0.00749415 2.52858233
v 0.06340782 0.03160274 2.53214121
v -0.00354918 -0.37044513 2.32133460
v -0.00357876 -0.36389223 2.32564235
v 0.08410001 0.03117889 2.52757788
v 0.06312229 -0.25386560 2.51882434
v 0.04261017 -0.25253943 2.51763844
v 0.08466221 -0.25677896 2.51728868
v 0.10264678 -0.27845621 2.51124501
v 0.10516535 -0.26082474 2.51275802
v 0.12428157 -0.26581392 2.50525475
v -0.00365272 -0.37580732 2.31516051
v -0.00644637 -0.30821356 2.31092334
v -0.00748119 -0.29056951 2.30446649
v 0.12236665 -0.28223357 2.50360370
v -0.01074247 -0.18394303 2.28533292
v -0.01126128 -0.15899763 2.28677034
v -0.00554952 -0.32468992 2.31701398
v -0.01166244 -0.13332653 2.28759336
v 0.15636811 -0.28736869 2.48277688
v 0.15705788 -0.27441555 2.48433781
v 0.16974163 -0.27679965 2.47596812
v 0.16956273 -0.28887618 2.47544932
v 0.19099991 -0.27987573 2.46272039
v 0.18097702 -0.27829713 2.46953177
v 0.20134391 -0.28192052 2.45539212
v 0.21604951 -0.28400314 2.45226979
v 0.21714222 -0.31058374 2.45406938
v 0.20389971 -0.30857971 2.45763469
v 0.15745355 -0.30116776 2.48017073
v 0.14128277 -0.30054244 2.48947978
v 0.04149752 -0.28585920 2.50874519
v 0.02285919 -0.28291216 2.50559545
v 0.16615395 -0.19424120 2.38077545
v 0.17183113 -0.19169366 2.40099549
v 0.17537667 -0.19225487 2.42034030
v 0.17546012 -0.19628271 2.43717766
v 0.17409508 -0.20220441 2.45255351
v 0.16952461 -0.21025455 2.46538258
v 0.17030001 -0.22808039 2.47120905
v 0.16359441 -0.21995255 2.47587776
v -0.01279595 0.25081289 2.54951572
v 0.16591908 -0.23810393 2.47772193
v 0.15724379 -0.23081577 2.48408008
v 0.14568973 -0.25646222 2.49383736
v 0.15127230 -0.24299848 2.49005461
v 0.14191996 -0.27056351 2.49502039
v 0.14028035 -0.28537774 2.49354076
v 0.12265475 -0.29882693 2.49996734
v 0.10272186 -0.29584262 2.50717306
v 0.08538564 -0.32592967 2.49903154
v 0.08348399 -0.30967337 2.50582337
v 0.08190074 -0.29273421 2.51145101
v 0.08153356 -0.27531558 2.51538157
v 0.08138670 -0.41266489 2.42647099
v 0.06320919 -0.40952617 2.43815804
v 0.26799580 -0.27202955 2.44367933
v 0.27524543 -0.27716336 2.44225621
v -0.01148645 0.19097465 2.57765555
v -0.01092706 0.16548175 2.58012748
v 0.26590133 -0.28110194 2.44400215
v 0.26339158 -0.27663499 2.44456315
v 0.27922332 -0.28474504 2.44030213
v 0.28111881 -0.29511958 2.43735218
v 0.26911107 -0.29883075 2.44080997
v 0.26773190 -0.28749537 2.44300985
v 0.28042582 -0.30815372 2.43216538
v 0.26879245 -0.31000850 2.43700743
v 0.27597195 -0.32019156 2.42676616
v 0.26782468 -0.32947728 2.42350912
v 0.26311025 -0.32749602 2.42902946
v 0.26616192 -0.32048738 2.43272090
v 0.23065773 -0.33664206 2.43990040
v 0.24303418 -0.33434409 2.43525529
v 0.25465345 -0.33076504 2.43141913
v 0.23118000 -0.28609696 2.45036221
v 0.24496341 -0.28898722 2.44842124
v 0.25678158 -0.28982770 2.44583631
v 0.25763953 -0.30052155 2.44431067
v 0.24532455 -0.29972652 2.44786787
v -0.01215356 0.21234739 2.57108212
v 0.23143065 -0.29760569 2.45121336
v 0.06097276 -0.27310863 2.51599884
v 0.04130740 -0.26990241 2.51447749
v -0.02182720 0.22248989 2.31042814
v -0.02164708 0.23889059 2.31160808
v 0.19090131 -0.29206097 2.46288919
v -0.02322674 0.25397372 2.31735992
v -0.02297539 0.26831198 2.32539630
v 0.18114631 -0.29070619 2.46911240
v 0.20193873 -0.29403034 2.45749474
v 0.21656246 -0.29632530 2.45422769
v 0.19237645 -0.30614641 2.46218300
v 0.18189904 -0.30419549 2.46730924
v 0.17044386 -0.30263388 2.47300863
v 0.06147456 -0.28945386 2.51150417
v 0.02280820 -0.26739743 2.51244092
v -0.00987585 0.11530852 2.57134533
v -0.00945114 0.09193581 2.56218767
v -0.02006985 0.13238597 2.30564761
v -0.00398806 -0.38044864 2.30849767
v -0.00068202 -0.45971012 2.39061666
v -0.00381216 -0.35531244 2.32781982
v -0.00427182 -0.34571892 2.32629800
v -0.01513422 0.29990435 2.42257571
v -0.00488424 -0.33497441 2.32152128
v -0.01425519 0.30168128 2.43489671
v -0.00117196 -0.11043024 2.51538992
v 0.18391606 -0.33371311 2.32921147
v 0.18922395 -0.36065629 2.34058022
v 0.19516358 -0.37884724 2.36057878
v 0.19687317 -0.38296235 2.38627410
v 0.40151772 -0.17294410 2.37823057
v 0.01611260 -0.05128103 2.52257347
v 0.01621411 -0.02289677 2.52403927
v 0.03628790 -0.02150512 2.52619886
v 0.02217717 -0.18514332 2.52159452
v 0.02310962 -0.25097853 2.51662207
v 0.10107940 -0.20533705 2.27783895
v 0.08815088 -0.20551711 2.27374744
v 0.09001458 -0.22108129 2.27815175
v 0.10363596 -0.22092226 2.28248382
v 0.12238906 -0.20437488 2.29090452
v 0.11255459 -0.20497575 2.28393269
v 0.11571735 -0.22024387 2.28836012
v 0.12621796 -0.21898773 2.29506588
v 0.13078302 -0.20214957 2.29919124
v 0.13535246 -0.21665922 2.30291057
v 0.10981074 -0.18921453 2.28117299
v 0.09887929 -0.18929005 2.27516079
v 0.08653081 -0.18959320 2.27153993
v 0.12647229 -0.18818858 2.29637885
v 0.11884132 -0.18911511 2.28840089
v 0.00666660 -0.38278785 2.30771494
v 0.00988296 -0.34880519 2.32441211
v 0.00966194 -0.35796407 2.32569170
v 0.00587850 -0.20720860 2.28233695
v 0.00678262 -0.24205825 2.29004669
v 0.00770759 -0.25770584 2.29532242
v 0.00904774 -0.27482536 2.29926944
v 0.01046597 -0.33815378 2.32057357
v 0.00619259 -0.22487715 2.28588414
v 0.15476917 0.22633493 2.50316882
v 0.14086175 0.24820471 2.52038646
v 0.14135303 0.22601843 2.52075195
v 0.12913346 0.24147004 2.53292799
v 0.14885665 0.15898514 2.50041032
v 0.14731066 0.18388534 2.50643444
v 0.15075561 0.13258326 2.49625587
v 0.11035360 0.25354397 2.54542971
v 0.08469512 0.26053947 2.55482674
v 0.08113389 0.24098325 2.56566954
v 0.13751212 0.13674045 2.52148890
v 0.13699403 0.16359603 2.52442217
v 0.14719447 0.20655000 2.51500225
v 0.13543123 0.21063083 2.53101063
v 0.13421838 0.22476971 2.53136516
v 0.10569493 0.23770773 2.55402899
v 0.12380150 0.23178029 2.54184699
v 0.02489568 0.09374523 2.56146026
v 0.05412620 0.09439647 2.55971074
v 0.05040258 0.07311106 2.55033755
v 0.11657579 0.08940697 2.53342748
v 0.12727559 0.06675011 2.51013279
v 0.12214956 0.21552944 2.54641509
v 0.10389401 0.21770674 2.56076050
v 0.07892812 0.21837974 2.57209134
v 0.08065896 0.14029652 2.56983614
v 0.07921838 0.16557753 2.57406569
v 0.10238821 0.16728008 2.56207585
v 0.10307891 0.14061427 2.55814266
v 0.12022187 0.11329746 2.53841829
v 0.12170437 0.13975954 2.54216552
v 0.08030608 0.11572576 2.56304336
v 0.10172907 0.11477625 2.55280972
v 0.09800310 0.09139317 2.54641390
v 0.12172270 0.16716141 2.54526281
v 0.04920075 0.19132322 2.58245444
v 0.07843999 0.19189876 2.57559180
v 0.01921338 0.18987232 2.58134556
v 0.07762441 0.09297293 2.55480218
v 0.07298316 0.07192814 2.54626226
v 0.06767467 0.05199301 2.53760195
v 0.05755490 -0.01852113 2.52498770
v 0.23527199 0.40899491 2.30357599
v 0.01558731 0.31162870 2.39006257
v 0.00637630 0.31009346 2.41875720
v 0.16332215 0.16831088 2.38998508
v 0.17140682 0.19620323 2.46230698
v 0.15799539 0.20150435 2.48941064
v 0.05065039 0.28593767 2.33067346
v 0.03563714 0.30173218 2.34799576
v 0.14946225 0.17290127 2.35928011
v 0.11779588 0.22064942 2.32144094
v 0.02434728 0.30977184 2.36802077
v 0.13602237 0.18924481 2.52745056
v 0.12135820 0.19354838 2.54623342
v 0.10255786 0.19396007 2.56276536
v 0.04931008 0.21716809 2.57838702
v 0.01797183 0.21433896 2.57748055
v 0.00818484 0.24211538 2.31366944
v 0.00077902 0.23280740 2.31177807
v -0.00939508 0.23640233 2.31175160
v -0.00665377 0.25109470 2.31594539
v 0.08082939 0.11371011 2.33659172
v 0.05889742 0.12066966 2.32448339
v 0.01720121 0.12927133 2.30901933
v -0.00192449 0.13141173 2.30600190
v 0.13744052 0.08757967 2.38618755
v 0.03752581 0.12588769 2.31503940
v 0.12236260 0.09696996 2.36642885
v 0.10225318 0.10565931 2.34981489
v 0.37249190 0.87149549 2.42832494
v 0.38407919 0.89962995 2.42670369
v 0.38339859 0.89758790 2.44215822
v 0.36887762 0.86968553 2.44350696
v 0.38213843 0.85852373 2.47294664
v 0.37242350 0.86473763 2.46424818
v 0.39541256 0.85301507 2.47604895
v 0.40542758 0.88463855 2.47744322
v 0.41655624 0.88129830 2.47107625
v 0.40926385 0.84944355 2.47120142
v 0.41850916 0.84714139 2.46222496
v 0.43466300 0.87622535 2.43247962
v 0.42896649 0.84603262 2.43041325
v 0.42486945 0.84538472 2.45064211
v 0.43243399 0.87663662 2.45198154
v 0.42628828 0.85293984 2.41058517
v 0.43226314 0.88157308 2.41261816
v 0.41438663 0.86218536 2.39877248
v 0.37984368 0.87273884 2.41353297
v 0.38995153 0.90011823 2.40987468
v 0.39287910 0.88949311 2.47487497
v 0.38455269 0.89452493 2.46525192
v 0.36863548 0.86831081 2.45406318
v 0.38374367 0.89613307 2.45345950
v 0.39263114 0.92748225 2.43924594
v 0.38781714 0.92938066 2.42120647
v 0.40214181 0.92058241 2.47701907
v 0.39813438 0.92318404 2.46357584
v 0.42309117 0.91292787 2.47032475
v 0.41343692 0.91595089 2.48044443
v 0.44412622 0.90557683 2.45336843
v 0.42548293 0.87854731 2.46262264
v 0.43467334 0.90878630 2.46270275
v 0.44548145 0.90422988 2.43425369
v 0.44238272 0.90743637 2.41031623
v 0.39560831 0.92574620 2.40326476
v 0.39569533 0.92608845 2.45200896
v 0.48376095 0.96391773 2.24284172
v 0.48808658 0.96276557 2.24432564
v 0.49082816 0.96661043 2.24307871
v 0.48445109 0.96905422 2.24074101
v 0.43916157 0.97047246 2.22568846
v 0.44728583 0.96601343 2.22497320
v 0.45208624 0.97454584 2.22551131
v 0.44089383 0.98073685 2.22588658
v 0.47703356 0.97384036 2.23305035
v 0.47224653 0.97504652 2.23197603
v 0.47023505 0.97093570 2.22877240
v 0.47815961 0.96877038 2.23051620
v 0.51304489 0.96832716 2.28145051
v 0.50931960 0.96936953 2.27941966
v 0.50784743 0.96458983 2.27767539
v 0.51318139 0.96398389 2.28092909
v 0.50288403 0.97082937 2.26100326
v 0.49943900 0.97224605 2.25892448
v 0.49795610 0.96742952 2.25670981
v 0.50382602 0.96651208 2.25998950
v 0.44708100 0.96609569 2.25040436
v 0.44796932 0.96407616 2.23547530
v 0.43592164 0.97080362 2.23588681
v 0.43188813 0.96966767 2.25131440
v 0.43182865 0.98238993 2.23730898
v 0.44107771 0.98609614 2.23996377
v 0.43862239 0.98977888 2.25467062
v 0.42875153 0.98355114 2.25394487
v 0.45386341 0.98235118 2.23924351
v 0.45254433 0.98486245 2.25289345
v 0.45712915 0.97360790 2.25065851
v 0.45988324 0.97031343 2.23611236
v 0.47631174 0.96786439 2.25237846
v 0.48116794 0.96675766 2.24004149
v 0.47342524 0.96251690 2.23890877
v 0.46907851 0.96184564 2.25206113
v 0.46550217 0.96495092 2.23671722
v 0.45850798 0.96516168 2.24900460
v 0.45840719 0.97551596 2.24802232
v 0.46211606 0.97308183 2.23474002
v 0.46886241 0.97748148 2.23840666
v 0.46451774 0.98011339 2.25140524
v 0.47327870 0.97663200 2.25328803
v 0.47759038 0.97510064 2.24070668
v 0.48095709 0.96409714 2.24874401
v 0.47614190 0.96246302 2.25861311
v 0.48571306 0.95887697 2.26241660
v 0.48808354 0.96161997 2.25076032
v 0.48203558 0.97604489 2.25915384
v 0.47581163 0.97246623 2.25649524
v 0.47899002 0.97228301 2.24674296
v 0.48487037 0.97502279 2.24855971
v 0.49218953 0.97274756 2.25036287
v 0.49055809 0.97276831 2.26187420
v 0.49231166 0.96436822 2.26214266
v 0.49436533 0.96558285 2.25071549
v 0.50174516 0.96056855 2.26697469
v 0.50021154 0.95701778 2.27791977
v 0.50587368 0.96310890 2.27824831
v 0.50656170 0.96552241 2.26772571
v 0.49304163 0.95925319 2.27306271
v 0.49586040 0.96133363 2.26442909
v 0.49667203 0.97305334 2.27247262
v 0.49210107 0.96591580 2.26976728
v 0.49273473 0.96721590 2.26232219
v 0.49713975 0.97375512 2.26392221
v 0.50442135 0.97211683 2.26673770
v 0.50414175 0.97149217 2.27705789
v 0.51564169 0.96322238 2.28824949
v 0.51252830 0.95783377 2.28737807
v 0.51174384 0.95649016 2.29693389
v 0.51477319 0.96351612 2.29872370
v 0.50561589 0.95696640 2.29125023
v 0.50660825 0.95851052 2.28445148
v 0.50732815 0.97115135 2.29051161
v 0.50503951 0.96337271 2.28847146
v 0.50457931 0.96451616 2.28299093
v 0.50745231 0.97112620 2.28398514
v 0.51417851 0.96982205 2.28713369
v 0.51287401 0.96978939 2.29576874
v 0.42999479 0.96930563 2.26679611
v 0.44954595 0.96736348 2.26544404
v 0.44415396 0.98309743 2.23071957
v 0.42824987 0.98481643 2.26948500
v 0.45128024 0.98079157 2.23047876
v 0.45562702 0.98562610 2.26649570
v 0.43870643 0.99120796 2.27011895
v 0.45536062 0.97544038 2.25726032
v 0.47453776 0.96430290 2.23170280
v 0.47338048 0.97119009 2.26192713
v 0.47513545 0.97986209 2.27048182
v 0.46983147 0.96564424 2.23051739
v 0.46803683 0.96244192 2.26986861
v 0.48508635 0.96016324 2.28109050
v 0.48719794 0.97282040 2.24307036
v 0.49094945 0.97138441 2.24406838
v 0.49232727 0.97597861 2.27989507
v 0.49141449 0.96511519 2.27193189
v 0.50177777 0.96259296 2.26080894
v 0.50540906 0.96280825 2.28838730
v 0.50520104 0.97337830 2.29334831
v 0.49814427 0.96293390 2.25947356
v 0.49977714 0.95652580 2.29512167
v 0.51085269 0.96077108 2.28226256
v 0.51313514 0.97244036 2.30663562
v 0.51523530 0.96451437 2.31140399
v 0.50778937 0.96056330 2.28022599
v 0.51013440 0.95607543 2.30802011
v 0.38996106 0.87230515 2.40206385
v 0.39977744 0.89788938 2.39892960
v 0.40189525 0.86896539 2.39740229
v 0.42236739 0.88887119 2.39945006
v 0.41165486 0.89395392 2.39574504
v 0.40752122 0.92091298 2.39061999
v 0.43224835 0.91283119 2.39499545
v 0.42097172 0.91510034 2.38825059
v 0.45409146 0.92758667 2.45695400
v 0.45695898 0.92644346 2.43781257
v 0.44059366 0.93195784 2.46531868
v 0.42058048 0.93982375 2.48480463
v 0.43013841 0.93609369 2.47479200
v 0.41431624 0.93725514 2.37872481
v 0.40377766 0.94446123 2.39624381
v 0.42870575 0.92991555 2.37392688
v 0.44322488 0.92700517 2.38399839
v 0.42339137 0.96878779 2.28435302
v 0.42331401 0.97081411 2.30557942
v 0.43473101 0.95652437 2.30542779
v 0.44085839 0.96125424 2.28553176
v 0.45325956 0.95290327 2.31117988
v 0.46095690 0.95949101 2.29082561
v 0.47039798 0.95357835 2.32051945
v 0.47799665 0.95781958 2.30044866
v 0.48617294 0.95471919 2.33114457
v 0.49372774 0.95615721 2.31220913
v 0.50068843 0.95841718 2.34158444
v 0.50736851 0.95688558 2.32271600
v 0.51115960 0.96672547 2.34649587
v 0.51634711 0.96512926 2.32681108
v 0.42386761 0.98753226 2.28648233
v 0.42339671 0.98832428 2.30841184
v 0.43686751 0.99653280 2.28909945
v 0.43735498 0.99879003 2.31045651
v 0.45479640 0.99211991 2.29197407
v 0.45320705 0.99543774 2.31410670
v 0.51046371 0.97952354 2.34280109
v 0.51400119 0.97683370 2.32250071
v 0.47262439 0.98669207 2.29857111
v 0.46944645 0.98974442 2.32083154
v 0.48951858 0.98390543 2.30678034
v 0.48604843 0.98737395 2.32867622
v 0.50309926 0.98128676 2.31518459
v 0.50003505 0.98506963 2.33642721
v 0.42716888 0.95421326 2.32893014
v 0.44436419 0.94446623 2.33291984
v 0.00351784 -0.42717969 2.42639780
v 0.00649677 -0.35060918 2.47830391
v 0.46139127 0.94611728 2.34327078
v 0.47716257 0.95076072 2.35484266
v 0.49132067 0.95911157 2.36512208
v 0.50336951 0.96784806 2.36991048
v 0.47022679 0.94266427 2.38528657
v 0.48301387 0.96126783 2.39219594
v 0.49379045 0.97239625 2.39332724
v 0.47607508 0.96395099 2.41927838
v 0.48490337 0.97644782 2.41779733
v -0.01297286 0.23159766 2.56206274
v 0.00608276 -0.31076381 2.49454355
v 0.46391261 0.97158253 2.46200323
v -0.01027750 0.13965625 2.57758570
v -0.00822798 -0.27243719 2.30087137
v -0.00903840 -0.25553671 2.29674530
v -0.00933192 -0.24041745 2.29152989
v -0.00974151 -0.22315842 2.28824449
v -0.01785121 0.05678385 2.29769778
v -0.01736052 0.04410970 2.29796457
v -0.00436363 -0.02503800 2.51916194
v -0.01917913 0.09439683 2.29823327
v -0.01717985 0.02960110 2.29117012
v 0.00273020 -0.18667898 2.51871490
v -0.01015844 -0.20532537 2.28583670
v -0.01960687 0.11212039 2.30139995
v 0.00531543 -0.25084028 2.51459646
v -0.01632950 0.00815815 2.28603172
v -0.02140842 0.20217884 2.31112146
v -0.01357120 -0.06168404 2.28262758
v -0.02573701 -0.38567084 2.31103349
v -0.03669148 -0.39157605 2.31529212
v -0.03758243 -0.38593000 2.32088375
v -0.02642741 -0.38030764 2.31682563
v -0.05935830 -0.42081994 2.36325979
v -0.05922696 -0.42560214 2.35173225
v -0.05520435 -0.43606514 2.36384869
v -0.05619816 -0.43058002 2.37640643
v -0.04799045 -0.44403875 2.37577677
v -0.04945622 -0.43767869 2.38790917
v -0.03875458 -0.44159204 2.39702225
v -0.03835635 -0.44975197 2.38531446
v -0.02674374 -0.45159096 2.39297199
v -0.02789296 -0.44233429 2.40301800
v -0.04735831 -0.39875662 2.32150197
v -0.05544677 -0.40732872 2.33031893
v -0.05428855 -0.39907086 2.33478546
v -0.04647142 -0.39273459 2.32589102
v -0.05963160 -0.41735017 2.33991194
v -0.06003935 -0.41029328 2.34781599
v -0.01399227 -0.44475520 2.40395451
v -0.01380001 -0.45610547 2.39292431
v -0.02924625 -0.36804941 2.32721639
v -0.01641609 -0.36560854 2.32489228
v -0.01569535 -0.37197885 2.32088065
v -0.02789659 -0.37442976 2.32275105
v -0.05989969 -0.37637612 2.35051918
v -0.07338438 -0.38808060 2.36605811
v -0.07985390 -0.37847129 2.36457849
v -0.06570667 -0.36662707 2.34973097
v -0.07862319 -0.34535620 2.33775663
v -0.10197655 -0.35759011 2.35555768
v -0.10137191 -0.33402315 2.33831501
v -0.08094545 -0.32639635 2.32981324
v -0.10053499 -0.31329575 2.32610202
v -0.08167847 -0.30772331 2.32062864
v -0.09718543 -0.25750118 2.29895020
v -0.07976531 -0.25521228 2.29490352
v -0.08075847 -0.27225733 2.30291510
v -0.09867504 -0.27524334 2.30701590
v -0.11124517 -0.16183615 2.29467916
v -0.09839238 -0.16391674 2.28757524
v -0.10578129 -0.17977250 2.28396249
v -0.11737964 -0.17899808 2.28920650
v -0.16712053 -0.28996280 2.33646441
v -0.16854411 -0.31003141 2.34229159
v -0.18056728 -0.29902524 2.34525418
v -0.17671244 -0.27846014 2.34244323
v -0.11354287 -0.39803088 2.40127301
v -0.10973399 -0.38079160 2.37926483
v -0.09707189 -0.38472080 2.38216829
v -0.10071588 -0.40128517 2.40098190
v -0.15886877 -0.19848523 2.33847523
v -0.15382396 -0.18562967 2.33201647
v -0.15098719 -0.19310135 2.32174826
v -0.15541834 -0.20554104 2.32647896
v -0.13489836 -0.08134317 2.34714270
v -0.12004289 -0.07655895 2.32971954
v -0.11947213 -0.09845945 2.32715106
v -0.13394949 -0.10308456 2.34347010
v -0.16434841 -0.13846108 2.41157746
v -0.16391282 -0.14153552 2.43876147
v -0.16238534 -0.12469542 2.44100809
v -0.16369455 -0.11994952 2.41379309
v -0.12794188 -0.26026437 2.30932522
v -0.11337116 -0.25936967 2.30385065
v -0.11522207 -0.27769375 2.31171799
v -0.13013063 -0.27905557 2.31671882
v -0.34240520 -0.27261332 2.39202881
v -0.34006765 -0.25469631 2.39124656
v -0.31666607 -0.26333153 2.38858938
v -0.31901112 -0.28135940 2.38923430
v -0.16501142 -0.01788777 2.42085290
v -0.16342300 -0.02547446 2.44585681
v -0.16799469 -0.00649613 2.44766903
v -0.16875675 0.00102806 2.42160606
v -0.20623705 -0.36183175 2.37142920
v -0.20712134 -0.38098857 2.39125204
v -0.22023511 -0.37286863 2.39211440
v -0.21976641 -0.35259730 2.37412834
v -0.16049761 -0.25555170 2.32863164
v -0.16398546 -0.27213904 2.33194780
v -0.17173162 -0.26264092 2.34041810
v -0.16752216 -0.24872252 2.33811688
v -0.17084530 -0.17283455 2.43901491
v -0.17174916 -0.17113593 2.41613746
v -0.17449412 -0.18807244 2.41964126
v -0.17422342 -0.18941399 2.44025707
v -0.16874044 -0.15450379 2.41347599
v -0.16772334 -0.15673405 2.43858409
v -0.15166721 -0.25923440 2.32144547
v -0.14072171 -0.26034650 2.31518888
v -0.14316745 -0.27943736 2.32152605
v -0.15377137 -0.27832177 2.32634497
v -0.10524694 -0.14655194 2.30142307
v -0.08960792 -0.14934874 2.29252172
v -0.16240014 0.00947773 2.39633512
v -0.15109003 0.01827264 2.37430191
v -0.14999351 -0.00140521 2.37368274
v -0.16000198 -0.00973493 2.39596510
v -0.10258417 -0.11541474 2.31240845
v -0.10208821 -0.13234490 2.30804372
v -0.11681788 -0.13372809 2.31852937
v -0.11790131 -0.11776730 2.32489491
v -0.13585258 0.02638024 2.35512829
v -0.11888182 0.03386712 2.33758783
v -0.11833509 0.01287049 2.33708620
v -0.13544101 0.00641555 2.35442352
v -0.09960524 -0.29383397 2.31620002
v -0.08145522 -0.28984508 2.31148124
v -0.13230504 -0.16510352 2.31029582
v -0.12269869 -0.16263366 2.30228519
v -0.12786412 -0.17964169 2.29625964
v -0.13614590 -0.18107948 2.30450106
v -0.18187866 -0.26392815 2.35414529
v -0.19124661 -0.28226334 2.35527301
v -0.18668862 -0.25917542 2.37357259
v -0.18035792 -0.25045794 2.37106323
v -0.16941033 0.01046586 2.44879937
v -0.16959302 0.01819402 2.42189336
v -0.13658282 0.04569757 2.35545135
v -0.11991753 0.05359030 2.33818507
v -0.19540721 -0.24072787 2.42841244
v -0.20342571 -0.24606624 2.42918825
v -0.20501336 -0.24449801 2.44273949
v -0.19828691 -0.23996308 2.44319153
v -0.06569728 -0.17892721 2.27790070
v -0.08088996 -0.18839860 2.27712464
v -0.08702424 -0.17250535 2.28090382
v -0.07476045 -0.15966529 2.28430128
v -0.12963702 -0.15013033 2.31941819
v -0.12942621 -0.13730133 2.32935119
v -0.11851942 -0.14750305 2.31034565
v -0.04951805 -0.16898432 2.28204823
v -0.06084497 -0.14289102 2.28963280
v -0.06264920 -0.28524917 2.30715442
v -0.06222023 -0.26892453 2.29945087
v -0.06239714 -0.30191439 2.31497693
v -0.04319211 -0.29698366 2.30963659
v -0.04125584 -0.31398183 2.31574988
v -0.06054318 -0.31918168 2.32189965
v -0.03837692 -0.33056480 2.32015777
v -0.05751424 -0.33633211 2.32712126
v -0.04454491 -0.36607280 2.33892894
v -0.04869560 -0.35770953 2.33788204
v -0.17602202 -0.25134310 2.35263491
v -0.17142823 -0.23981389 2.35086966
v -0.15225150 0.03728431 2.37459040
v -0.11390202 -0.33597317 2.50377536
v -0.10962485 -0.31962356 2.51106334
v -0.12917535 -0.32108650 2.50374651
v -0.13308099 -0.33713952 2.49724841
v -0.12488735 -0.39950037 2.40169930
v -0.12466992 -0.38356987 2.37887669
v -0.17442569 -0.25363398 2.48855829
v -0.18484770 -0.25561401 2.48259664
v -0.18415521 -0.26397964 2.48523736
v -0.17265789 -0.26232937 2.49103761
v -0.20666033 -0.25623047 2.46658897
v -0.20659515 -0.24998102 2.46135306
v -0.22385043 -0.25158688 2.46315360
v -0.22302048 -0.25820813 2.46925044
v -0.15848635 -0.01334870 2.47254896
v -0.15328395 -0.03251129 2.47001314
v -0.13244642 -0.16566744 2.50098157
v -0.14698449 -0.15523714 2.48333645
v -0.15295346 -0.17155904 2.48057032
v -0.14020486 -0.18239868 2.49699712
v -0.01055955 -0.31402186 2.49790025
v -0.01039469 -0.29927796 2.50291920
v -0.02885609 -0.30372256 2.50861716
v -0.02915780 -0.31860840 2.50333834
v -0.07196779 -0.34458947 2.50385785
v -0.07421951 -0.35959375 2.49639630
v -0.04954062 -0.35268241 2.49636722
v -0.04893610 -0.33863005 2.50242472
v -0.09204920 -0.33296847 2.50864315
v -0.08845317 -0.31679264 2.51561213
v -0.17083980 -0.19360614 2.45943213
v -0.16638871 -0.17864677 2.45947766
v -0.18144336 -0.22086626 2.44392514
v -0.18015088 -0.22366056 2.46011996
v -0.17748661 -0.21634004 2.45997167
v -0.17939779 -0.21333882 2.44324350
v -0.09200799 -0.40769535 2.40206504
v -0.08679281 -0.41667795 2.41912723
v -0.09862326 -0.41238564 2.42090702
v -0.04696792 -0.40155500 2.45880222
v -0.04649393 -0.39517790 2.46596360
v -0.06138274 -0.40016812 2.46206665
v -0.05757895 -0.40524024 2.45500159
v -0.03438200 -0.23462418 2.52547789
v -0.01418707 -0.23233134 2.52147055
v -0.01592356 -0.21057886 2.52299881
v -0.03774871 -0.21160966 2.52658868
v -0.18659765 -0.24247369 2.47472668
v -0.17864144 -0.23924679 2.47934031
v -0.18143463 -0.23341161 2.47106910
v -0.18746324 -0.23661512 2.46752858
v -0.17351116 -0.22151369 2.47345972
v -0.17726344 -0.22844711 2.47251511
v -0.17280196 -0.23471624 2.48218584
v -0.16761969 -0.22843754 2.48438168
v -0.14849263 -0.19764176 2.49225116
v -0.15888962 -0.18736842 2.47708941
v -0.16452590 -0.20143697 2.47559452
v -0.15565000 -0.21067882 2.48858356
v -0.01881634 -0.13581684 2.52285361
v -0.03875233 -0.13389677 2.52787924
v -0.03816324 -0.16023916 2.52793717
v -0.01761643 -0.16156933 2.52394223
v -0.21921599 -0.25801632 2.40485764
v -0.22099933 -0.26637205 2.39051890
v -0.23388585 -0.26266119 2.39415860
v -0.23493131 -0.25427914 2.40946269
v -0.24298367 -0.28842860 2.48568249
v -0.23169963 -0.28644896 2.48492241
v -0.23205975 -0.27884525 2.48333573
v -0.24306718 -0.28160492 2.48487425
v -0.25431329 -0.24107668 2.42722440
v -0.25164700 -0.24792588 2.41304779
v -0.27107444 -0.24078482 2.41603804
v -0.27293709 -0.23304224 2.43039942
v -0.13432182 -0.40198249 2.43045974
v -0.13667092 -0.40107358 2.40154052
v -0.12381479 -0.40532607 2.42737150
v -0.25514236 -0.23510486 2.45194411
v -0.25406021 -0.23891178 2.46295547
v -0.23846519 -0.24332023 2.45864511
v -0.23954399 -0.24131811 2.44800925
v -0.32147539 -0.29831284 2.39916801
v -0.34478289 -0.28954586 2.40182304
v -0.29428378 -0.22332478 2.44637728
v -0.29531431 -0.22521141 2.45954180
v -0.27412170 -0.22940403 2.45591521
v -0.27472615 -0.22808769 2.44388962
v -0.12659819 -0.14804149 2.50359297
v -0.14266609 -0.13809249 2.48665905
v -0.12875012 -0.02019733 2.51023889
v -0.14534554 -0.01752159 2.49376750
v -0.13898818 -0.03795555 2.49107361
v -0.12251852 -0.04200739 2.50733376
v -0.16185279 0.00548553 2.47425342
v -0.13447101 0.00080174 2.51138163
v -0.15080303 0.00208282 2.49463844
v -0.06762906 -0.42387062 2.40576577
v -0.05410555 -0.42806572 2.41816020
v -0.06312592 -0.42209041 2.42725611
v -0.07568731 -0.42022711 2.41654158
v -0.18842046 0.11984771 2.48106670
v -0.18679027 0.14625806 2.48812294
v -0.19439292 0.14374727 2.45882201
v -0.19365144 0.12068230 2.45086575
v -0.03220341 -0.41469467 2.44159913
v -0.04841632 -0.42063856 2.43372679
v -0.03936473 -0.42643863 2.42587948
v -0.02519190 -0.42263758 2.43122506
v -0.19058028 0.09773058 2.44811344
v -0.18610257 0.09389472 2.47730780
v -0.08133094 -0.41162342 2.39776897
v -0.07062455 -0.41332161 2.38683629
v -0.07798799 -0.39973885 2.38011503
v -0.06967652 -0.40151304 2.37146926
v -0.06405023 -0.39081550 2.35633993
v -0.19710952 0.14515257 2.43049288
v -0.19383992 0.12558562 2.42469668
v -0.05249476 -0.43246049 2.40154910
v -0.04010656 -0.43441218 2.41009831
v -0.02494370 -0.43334383 2.41720486
v -0.00984626 -0.43474478 2.41770720
v -0.16586907 0.02395177 2.47471237
v -0.17116331 0.02836818 2.44865561
v -0.14143136 0.26423812 2.54669261
v -0.11408534 0.27451599 2.55159020
v -0.11608579 0.28935623 2.53734684
v -0.14950082 0.27752638 2.53475142
v -0.04174786 0.27497369 2.54458022
v -0.04087733 0.29124647 2.52279592
v -0.07954548 0.29408717 2.53285646
v -0.08011041 0.27937901 2.55049062
v -0.07498194 0.13635683 2.58076119
v -0.07486624 0.11268324 2.57283401
v -0.04483507 0.11427832 2.57272673
v -0.04428942 0.13828140 2.57954407
v -0.14174598 0.02159458 2.51244593
v -0.15799145 0.02211702 2.49504757
v -0.16948499 0.03514796 2.42175031
v -0.23363087 0.25013173 2.45718074
v -0.24523367 0.28139222 2.45369411
v -0.25336692 0.27927160 2.41458082
v -0.24016887 0.24675930 2.41631389
v -0.19916636 0.30453718 2.50742316
v -0.18919292 0.27809298 2.51486039
v -0.15649624 0.29538482 2.52574492
v -0.16617148 0.31850243 2.51684690
v -0.10182488 0.06085014 2.32154274
v -0.11932342 0.07206649 2.34002686
v -0.10109393 0.07972622 2.32454610
v -0.04229987 0.07423818 2.29601860
v -0.06422435 0.07128775 2.30006599
v -0.06137060 0.08995146 2.30405140
v -0.04056956 0.09277821 2.29960036
v -0.04932692 0.19830149 2.31509662
v -0.03408952 0.20031375 2.31275439
v -0.03545855 0.17705435 2.31301951
v -0.05233460 0.17382556 2.31688452
v -0.18438360 0.13093215 2.39840436
v -0.16762930 0.13765335 2.37642288
v -0.16305561 0.12229317 2.37567711
v -0.17945875 0.11428636 2.39626765
v -0.04288309 0.30307674 2.49870825
v -0.07997115 0.30708718 2.51300049
v -0.24783118 0.28183210 2.37485147
v -0.23210882 0.24923587 2.37722063
v -0.22990069 0.29012585 2.34290290
v -0.20097323 0.30024129 2.32605696
v -0.18696526 0.27144247 2.32924581
v -0.21463993 0.25873023 2.34694576
v -0.07262588 0.26871943 2.33085060
v -0.05729616 0.28994113 2.35095501
v -0.04474798 0.28602624 2.34532404
v -0.05981335 0.26075780 2.32413340
v -0.04286689 0.25581539 2.56068563
v -0.07700437 0.26057696 2.56487679
v -0.07525356 0.23703945 2.57600403
v -0.04272512 0.23548818 2.57190084
v -0.11732366 0.00129348 2.52237725
v -0.12217949 0.02299607 2.52506924
v -0.09683709 0.00183392 2.52962375
v -0.11068785 -0.02239755 2.52081537
v -0.09038163 -0.02301189 2.52731156
v -0.08565173 -0.17053211 2.52336907
v -0.10738234 -0.15870389 2.51584768
v -0.11412898 -0.17703310 2.51466870
v -0.09294240 -0.19104826 2.52316236
v -0.04766995 -0.30878502 2.51355219
v -0.04826878 -0.32405916 2.50830770
v -0.12494276 0.32749814 2.51408768
v -0.08047473 0.32504410 2.49564290
v -0.11163282 0.35792613 2.49309111
v -0.14611290 0.35275698 2.50757551
v -0.23632196 0.32108855 2.48046660
v -0.22604647 0.28989899 2.48565674
v -0.20978253 0.33257204 2.49994898
v -0.25647262 0.31322634 2.44779491
v -0.26596284 0.31050485 2.40948272
v -0.24231854 0.32203561 2.33963180
v -0.21281992 0.33107221 2.32411909
v -0.11219370 0.33607423 2.34980059
v -0.13626675 0.32571232 2.33475280
v -0.14740814 0.35161996 2.33680344
v -0.12282665 0.36010581 2.35455251
v -0.09350616 0.19367719 2.32778287
v -0.12268093 0.16799355 2.34372830
v -0.13187501 0.18678898 2.34234691
v -0.10937369 0.21230376 2.32975793
v -0.04738891 0.05467844 2.29391551
v -0.06527108 0.05101681 2.29743910
v -0.08309330 0.06696463 2.30832529
v -0.08316083 0.04618967 2.30585027
v -0.10131709 0.04044867 2.32012296
v -0.06198369 -0.04290670 2.28885651
v -0.08375246 -0.04590315 2.29966807
v -0.08182207 -0.02224380 2.30091262
v -0.06093835 -0.01868200 2.29016876
v -0.06319578 -0.06817931 2.28854775
v -0.08543640 -0.07057065 2.29875636
v -0.06200144 -0.11759955 2.29277825
v -0.08382508 -0.13398525 2.29817343
v -0.08378731 -0.11564952 2.30136275
v -0.04376738 -0.28060487 2.30340481
v -0.04372766 -0.26455531 2.29718423
v -0.18973146 0.14701670 2.40152478
v -0.06347544 0.33615124 2.46048284
v -0.06513802 0.34359413 2.42799878
v -0.08355621 0.36825252 2.43448687
v -0.08905941 0.36391759 2.46586084
v -0.18922250 0.10572779 2.42094684
v -0.16443576 0.02796471 2.39631915
v -0.16178299 0.04402113 2.39702082
v -0.15749425 -0.11611331 2.38603401
v -0.15726130 -0.13871911 2.37887764
v -0.09541128 -0.19429654 2.27943516
v -0.09657976 -0.18210772 2.28071499
v -0.21553366 0.26002395 2.49251127
v -0.26044083 0.38419884 2.33531594
v -0.23061515 0.39492810 2.32203197
v -0.22249494 0.36332107 2.32281375
v -0.25249353 0.35370535 2.33745146
v -0.12143067 0.39255178 2.38147330
v -0.13673694 0.38661897 2.35985661
v -0.15222812 0.41422009 2.36428881
v -0.13915893 0.41980946 2.38803697
v -0.15680882 0.44705439 2.38980865
v -0.16735126 0.44369066 2.36558318
v -0.18054625 0.47308367 2.36853886
v -0.17168024 0.47443867 2.39244509
v -0.26190788 0.31458795 2.37073326
v -0.28607127 0.37345469 2.39722037
v -0.28071111 0.37717634 2.36267209
v -0.27211913 0.34663522 2.36660433
v -0.27695796 0.34289682 2.40328670
v -0.18043406 0.34412074 2.50887585
v -0.10386372 0.36663938 2.37663221
v -0.09227621 0.34476644 2.37028670
v -0.13353617 0.42340159 2.43830180
v -0.14270806 0.42107683 2.46423674
v -0.11650185 0.39451683 2.46609211
v -0.10842171 0.39682060 2.43674374
v -0.23905711 0.38501889 2.48323202
v -0.26126149 0.37676573 2.46197724
v -0.24986114 0.34892279 2.47020149
v -0.22557221 0.35877442 2.49102807
v -0.27751455 0.37333274 2.43164968
v -0.26827618 0.34337908 2.43914795
v -0.30227047 0.43273491 2.38503695
v -0.29396573 0.43755847 2.35442376
v -0.28801212 0.40752661 2.35839605
v -0.29457584 0.40329373 2.39118266
v -0.29620630 0.43097955 2.41822481
v -0.28685069 0.40237582 2.42489910
v -0.27273241 0.40414095 2.45467067
v -0.28408375 0.43145573 2.44669294
v -0.26481044 0.43616116 2.46571732
v -0.25264284 0.41052783 2.47459865
v -0.22869185 0.42018604 2.48665953
v -0.24297363 0.44398069 2.47772360
v -0.20411316 0.42967820 2.48805594
v -0.18168764 0.43841910 2.47839236
v -0.20047669 0.46047699 2.47224045
v -0.22076781 0.45237863 2.47967267
v -0.17277914 0.47295368 2.43886304
v -0.18351424 0.46802807 2.45863008
v -0.16409497 0.44529903 2.46137571
v -0.15443057 0.44874132 2.43826103
v -0.24127007 0.56317079 2.44160032
v -0.25548047 0.55380523 2.44865799
v -0.23761889 0.53254116 2.44967985
v -0.22284761 0.54149604 2.44015908
v -0.26928401 0.54553163 2.45679450
v -0.28527147 0.53832567 2.45945978
v -0.26937956 0.51758516 2.45906830
v -0.25359553 0.52470934 2.45581055
v -0.30339888 0.50784814 2.44189119
v -0.28604215 0.51150262 2.45516133
v -0.30175731 0.53272784 2.45489931
v -0.31823057 0.52999616 2.44075441
v -0.33523437 0.52823317 2.42342544
v -0.32228491 0.50491774 2.42591357
v -0.33886340 0.53294873 2.39899349
v -0.32952410 0.50719118 2.40216351
v -0.32359108 0.51476538 2.37172794
v -0.33361790 0.54034460 2.37041593
v -0.23126045 0.57950664 2.39216876
v -0.22604330 0.57642925 2.41193700
v -0.21076512 0.55328906 2.40599990
v -0.21777232 0.55472696 2.38660526
v -0.24939875 0.54710829 2.35049677
v -0.26917550 0.53911102 2.32797408
v -0.27806038 0.56723201 2.33778000
v -0.26091316 0.57401371 2.35993004
v -0.30607620 0.45775139 2.41201305
v -0.30950224 0.46102482 2.37959790
v -0.27688861 0.46143699 2.45653033
v -0.29539558 0.45748162 2.43839025
v -0.18954110 0.49611115 2.43892264
v -0.20161697 0.48982048 2.45538116
v -0.19338809 0.50170279 2.37339306
v -0.18518668 0.50175846 2.39577603
v -0.28066081 0.47415996 2.32907557
v -0.30021828 0.46672440 2.34965539
v -0.30873832 0.49455035 2.34513593
v -0.28931215 0.50225568 2.32541323
v -0.31747562 0.48296237 2.40665174
v -0.30815032 0.48179865 2.43161821
v -0.28950372 0.48512101 2.44807029
v -0.27140668 0.48968399 2.46040463
v -0.25349844 0.49628580 2.46358538
v -0.23645747 0.50310612 2.46001649
v -0.21957333 0.51109850 2.45285058
v -0.20611264 0.51872075 2.43898177
v -0.19810437 0.52808440 2.40056729
v -0.20608512 0.52869761 2.38026524
v -0.29583633 0.52943563 2.32396221
v -0.31750140 0.52002609 2.34233212
v -0.32642063 0.54557002 2.34595418
v -0.30281359 0.55610657 2.33209991
v -0.31023923 0.58031917 2.34368324
v -0.28873110 0.58875740 2.35029697
v -0.28528884 0.56866372 2.46033525
v -0.30148679 0.56124985 2.46153498
v -0.31787330 0.55579674 2.45615602
v -0.34717739 0.55234182 2.42392659
v -0.34943870 0.55949175 2.39620924
v -0.34319100 0.56757557 2.37065744
v -0.33136848 0.57041109 2.35142112
v -0.26237237 0.62236285 2.42338324
v -0.24532662 0.59827793 2.41691399
v -0.24885006 0.60137105 2.39852881
v -0.26607388 0.62518752 2.40495515
v -0.27377567 0.61147165 2.45276642
v -0.28499764 0.60305774 2.46519756
v -0.27200720 0.57671809 2.45240927
v -0.26061758 0.58500254 2.44250584
v -0.30101556 0.59379590 2.47137690
v -0.31831777 0.58615434 2.47011185
v -0.33580917 0.57951391 2.46360421
v -0.33456382 0.55215108 2.44356203
v -0.35179347 0.57608604 2.44943619
v -0.36142361 0.57907903 2.42569184
v -0.36297992 0.58697939 2.39295316
v -0.36314282 0.62804544 2.37389827
v -0.34828380 0.59952390 2.36901832
v -0.37824136 0.61491501 2.39582968
v -0.37670875 0.73515260 2.38822293
v -0.39926803 0.72275245 2.39155388
v -0.40861481 0.75837362 2.39992189
v -0.38898125 0.76976287 2.39704800
v -0.27945620 0.65240848 2.41143394
v -0.27496096 0.65150583 2.43162823
v -0.28467244 0.64129519 2.46466184
v -0.29807916 0.63169348 2.47704816
v -0.39467895 0.63429856 2.43443680
v -0.37881163 0.60556972 2.42803335
v -0.36962467 0.60253429 2.45509481
v -0.38564944 0.63187730 2.46196485
v -0.31501845 0.74956143 2.42762089
v -0.31077129 0.74928761 2.44855332
v -0.29594448 0.71705377 2.44435191
v -0.30028671 0.71775091 2.42202711
v -0.29603922 0.67398226 2.47315812
v -0.30842587 0.70679486 2.47905874
v -0.32318318 0.69696307 2.49205184
v -0.30958721 0.66389430 2.48611927
v -0.41805902 0.70353758 2.44436526
v -0.40759560 0.66701829 2.44018936
v -0.39986825 0.66499329 2.46721959
v -0.41164109 0.70232189 2.46963382
v -0.39255962 0.64315820 2.40241289
v -0.40417013 0.67486322 2.40881872
v -0.38932371 0.68858647 2.38528872
v -0.37598196 0.65733588 2.37835264
v -0.36442047 0.70119536 2.38058901
v -0.35038763 0.67003381 2.37423754
v -0.35393992 0.81477225 2.45314860
v -0.33213493 0.78121030 2.45086741
v -0.33592594 0.78271055 2.43217850
v -0.35750404 0.81757438 2.43697953
v -0.33980918 0.73061967 2.49351549
v -0.32406518 0.73971140 2.48198414
v -0.34442005 0.77268815 2.48046565
v -0.35805517 0.76557362 2.49064445
v -0.43740311 0.78373873 2.44884539
v -0.42768848 0.74284875 2.44658685
v -0.42193264 0.74254131 2.46974540
v -0.43118301 0.78357565 2.47012305
v -0.41967595 0.79670703 2.40888309
v -0.42424783 0.74749660 2.41872311
v -0.43428189 0.78774059 2.42546988
v -0.43051052 0.83469939 2.41443348
v -0.41548833 0.84304261 2.41139913
v -0.40192345 0.80664432 2.40570784
v -0.37725902 0.85011876 2.44081330
v -0.37277615 0.84844291 2.45558023
v -0.38896918 0.83686483 2.48689127
v -0.37473920 0.80112743 2.48795176
v -0.36314195 0.80773890 2.47826576
v -0.37898800 0.84305608 2.47731662
v -0.40754592 0.79079044 2.49133992
v -0.39046374 0.79535019 2.49258351
v -0.40382996 0.83127129 2.49119377
v -0.41971064 0.82744873 2.48916435
v -0.43895742 0.82146358 2.46931648
v -0.42118984 0.78639555 2.48384857
v -0.43020868 0.82417881 2.48195696
v -0.44528961 0.82092583 2.44992280
v -0.44348189 0.82594407 2.42867088
v -0.04012826 0.31209725 2.43644261
v -0.05146742 0.31751436 2.40523005
v -0.05570213 0.32700998 2.41668582
v -0.04792917 0.31740731 2.44919205
v -0.16049951 0.37941146 2.33873081
v -0.17388646 0.41003418 2.34125757
v -0.19730873 0.47023386 2.34587216
v -0.18655357 0.44038540 2.34266520
v -0.20832628 0.49873900 2.35197520
v -0.22042227 0.52663040 2.36018515
v -0.23153979 0.55359888 2.36926270
v -0.24398623 0.57880819 2.37635255
v -0.26030466 0.60146415 2.38217211
v -0.27751660 0.62550533 2.38675642
v -0.30280611 0.68106103 2.39835405
v -0.28959489 0.68439519 2.41660166
v -0.29206523 0.65123689 2.39343071
v -0.32956660 0.74692118 2.40786934
v -0.31447017 0.71345103 2.40239525
v -0.34843123 0.78212118 2.41486025
v -0.36843297 0.81772685 2.42240238
v -0.38768959 0.84998763 2.42700458
v -0.14566833 0.26262999 2.32817721
v -0.11921445 0.28150189 2.33184791
v -0.11118589 0.26547772 2.32995772
v -0.13462551 0.24323833 2.33030081
v -0.04770171 0.29788232 2.36717439
v -0.04062350 0.30102140 2.38243580
v -0.03198354 0.29927909 2.37855625
v -0.03701461 0.29504907 2.36297369
v -0.31645072 0.48796880 2.37486267
v -0.25711721 0.46705806 2.46801209
v -0.23751967 0.47447056 2.47038436
v -0.21872333 0.48196721 2.46488667
v -0.22959629 0.49297976 2.33212018
v -0.25402296 0.48393202 2.32280254
v -0.26174071 0.51182806 2.32382083
v -0.23837996 0.52183545 2.33763170
v -0.33744267 0.64440548 2.37012243
v -0.32544243 0.67694855 2.38521791
v -0.31299815 0.64911187 2.37835693
v -0.32751572 0.62013257 2.36260056
v -0.33546799 0.61197245 2.48101759
v -0.35381600 0.60525560 2.47268224
v -0.35031357 0.64175618 2.49128222
v -0.31577700 0.62159526 2.48232412
v -0.32938042 0.65211689 2.49255872
v -0.21111950 0.43497622 2.32632589
v -0.23851304 0.42533422 2.32240438
v -0.24616449 0.45502448 2.32298422
v -0.21946812 0.46407717 2.32909918
v -0.13398068 -0.05818427 2.48866439
v -0.11931135 -0.06366730 2.50380492
v -0.14898425 -0.16432858 2.33774376
v -0.15221736 -0.15291381 2.35472560
v -0.14161767 -0.14326212 2.34182763
v -0.13984117 -0.15539593 2.32890177
v -0.15614966 -0.17570609 2.34539032
v -0.15950328 -0.16535532 2.36350417
v -0.16143893 -0.18898892 2.35244775
v -0.16476971 -0.17940834 2.37036538
v -0.17823179 -0.24149904 2.38923407
v -0.18188776 -0.24769172 2.39244962
v -0.06343415 -0.09353724 2.28964019
v -0.03871912 -0.09068075 2.28469753
v -0.03809377 -0.11407274 2.28731132
v -0.08142295 0.08598912 2.31225872
v -0.06875016 0.19693160 2.31972766
v -0.07219687 0.16873205 2.32230544
v -0.09373013 0.16113955 2.33123732
v -0.03517602 0.26743531 2.32580614
v -0.06011876 -0.15613812 2.52751732
v -0.05986852 -0.12979960 2.52812219
v -0.02925784 -0.33261499 2.49755454
v -0.01061369 -0.32794631 2.49264240
v -0.02860707 -0.35905963 2.48632455
v -0.02816201 -0.37063834 2.48008394
v -0.01012503 -0.36546305 2.47608018
v -0.01040129 -0.35359344 2.48196316
v -0.01447365 -0.41378832 2.44078732
v -0.01178453 -0.42444772 2.42990065
v -0.04639371 0.30507785 2.38680530
v -0.03514288 0.30488145 2.40995073
v -0.03276715 0.30211508 2.40033650
v -0.10356492 0.31498688 2.34531736
v -0.08447681 0.32572711 2.36302137
v -0.07947575 0.31096959 2.35761905
v -0.09802509 0.29836577 2.34229493
v -0.22622855 0.21620446 2.41533399
v -0.22232774 0.21867728 2.45574880
v -0.11942212 0.30584753 2.52452731
v -0.34111702 -0.21452254 2.46323609
v -0.34347990 -0.22297356 2.47412920
v -0.31985322 -0.22766498 2.47317576
v -0.31787565 -0.21982300 2.46203661
v -0.05762956 -0.23693973 2.52866244
v -0.06756066 -0.20967314 2.52751589
v -0.08766603 -0.39357150 2.38356519
v -0.16022435 -0.39949799 2.39914179
v -0.15995409 -0.38742864 2.37387609
v -0.14917195 -0.38792568 2.37630796
v -0.14819923 -0.40077078 2.40094495
v -0.15049596 -0.35430253 2.48295331
v -0.15228400 -0.37031201 2.46975398
v -0.13929820 -0.37107414 2.47473621
v -0.13653439 -0.35380474 2.48807645
v -0.04306855 0.16321146 2.58310676
v -0.07396664 0.16152257 2.58615375
v -0.04468167 -0.05266219 2.52819848
v -0.06493642 -0.04993504 2.52909160
v -0.06148141 -0.07642472 2.52889633
v -0.04150675 -0.07989389 2.52811289
v -0.09040387 -0.22358003 2.52710724
v -0.10706983 -0.20677158 2.52075815
v -0.04364001 -0.21379563 2.28146887
v -0.06136787 -0.21854028 2.28040361
v -0.06219515 -0.19994891 2.27724504
v -0.04536016 -0.19339690 2.27908182
v -0.29181656 -0.26494172 2.48599982
v -0.26937476 -0.26021740 2.48322797
v -0.27254295 -0.24551171 2.47659636
v -0.29519874 -0.24391413 2.48044872
v -0.20308168 0.22833300 2.49656081
v -0.17933418 0.25610352 2.52325249
v -0.15083483 -0.09205264 2.46881723
v -0.13615617 -0.09962267 2.49011660
v -0.13426898 -0.07830596 2.48910880
v -0.14918181 -0.07120657 2.46842146
v -0.15732704 -0.14732796 2.46259832
v -0.15494937 -0.13047677 2.46497941
v -0.16209409 -0.16299972 2.46108913
v -0.19878624 -0.24218515 2.45491719
v -0.20573033 -0.24543840 2.45363235
v -0.19891419 -0.24729046 2.46302199
v -0.12696703 0.30164135 2.33279204
v -0.09144643 0.24100029 2.32396007
v -0.07826684 0.22990066 2.32032371
v -0.02690102 0.29960746 2.39429593
v -0.06311152 -0.40527344 2.36023831
v -0.05820953 -0.39536220 2.34573746
v -0.23936744 -0.24326745 2.43620420
v -0.25549734 -0.23612016 2.44009781
v -0.18671550 -0.23221049 2.42799497
v -0.18877010 -0.23049626 2.44404745
v -0.18433583 -0.22603253 2.44443941
v -0.18261260 -0.22743213 2.42684627
v -0.18869261 -0.23239368 2.45724869
v -0.18349254 -0.22850928 2.45932364
v -0.14478037 -0.29934403 2.32929659
v -0.14610387 -0.31889135 2.33835816
v -0.15734433 -0.31622288 2.34059429
v -0.15610585 -0.29694456 2.33283186
v -0.13174488 -0.29879433 2.32524562
v -0.11660631 -0.29688290 2.32087588
v -0.11792952 -0.31684950 2.33146095
v -0.13318756 -0.31881332 2.33540487
v -0.07299881 -0.35852411 2.34379482
v -0.08856840 -0.37041745 2.36124158
v -0.05360370 -0.34893972 2.33239722
v -0.03581050 -0.34290981 2.32446218
v -0.01520363 -0.40254265 2.45241880
v -0.01134783 -0.38865393 2.46235347
v -0.03071641 -0.39321548 2.46374393
v -0.03494937 -0.40455735 2.45395589
v -0.05246955 -0.38332266 2.34209132
v -0.04161581 -0.37393630 2.33449697
v -0.03059649 -0.36033717 2.32965326
v -0.32368612 -0.30844498 2.41436315
v -0.34611058 -0.29935554 2.41613698
v -0.06089042 -0.42622709 2.38913417
v -0.06349724 -0.41592520 2.37515664
v -0.32483789 -0.31312799 2.43252397
v -0.34776473 -0.30311683 2.43369293
v -0.13785465 -0.38613373 2.37792945
v -0.14895934 -0.36528400 2.35980105
v -0.13726553 -0.36289769 2.36043477
v -0.04873353 -0.38829410 2.33312178
v -0.03950561 -0.37998521 2.32762814
v -0.21089695 0.18894237 2.44785118
v -0.21075512 0.19007444 2.41126633
v -0.15812248 -0.02940753 2.39529300
v -0.16204965 -0.03729072 2.41967034
v -0.03859437 -0.03997290 2.28345084
v -0.03853500 -0.01559171 2.28442717
v -0.01511749 -0.37733412 2.31450653
v -0.06285672 0.02873290 2.29463100
v -0.04017105 0.03381753 2.29093981
v -0.03918863 0.00840002 2.28739834
v -0.06125999 0.00511658 2.29231143
v -0.03163665 0.06774855 2.29474592
v -0.03280470 0.05710149 2.29444051
v -0.03428916 0.22034907 2.31136775
v -0.04743246 0.21907473 2.31345081
v -0.24596573 -0.31384766 2.37591887
v -0.24661370 -0.33444524 2.38270974
v -0.26257125 -0.32597744 2.38789344
v -0.26099464 -0.30674714 2.37999845
v -0.08205317 0.02377230 2.30408931
v -0.10072817 0.01854372 2.31957483
v -0.17575434 -0.23320538 2.38745475
v -0.17609891 -0.24062672 2.36894989
v -0.03666779 -0.13787758 2.28827763
v -0.07934710 -0.20539784 2.27783203
v -0.07879586 -0.22214472 2.28165889
v -0.09521738 -0.22503579 2.28517652
v -0.09501556 -0.20956376 2.28087401
v -0.02558632 0.30024219 2.40425873
v -0.23125005 -0.31881157 2.48374081
v -0.24376959 -0.31875581 2.48194051
v -0.24267146 -0.32912028 2.47758889
v -0.23037258 -0.33040613 2.47954082
v -0.06878839 0.33052534 2.38670897
v -0.07687305 0.34744149 2.39557648
v -0.04308110 0.30962127 2.47503996
v -0.02764554 0.30664581 2.45761681
v -0.17981122 0.34217006 2.32415819
v -0.16737175 0.31246620 2.32440734
v -0.19072887 0.37310958 2.32512832
v -0.20146817 0.40430444 2.32539368
v -0.27559170 0.59727252 2.36735201
v -0.29818884 0.62110817 2.36939406
v -0.33885103 0.70824873 2.39132190
v -0.35321239 0.74158204 2.39771128
v -0.36842111 0.77730405 2.40530562
v -0.38463345 0.81364071 2.41278625
v -0.40098938 0.84798861 2.41691113
v -0.34868148 -0.29981250 2.45145679
v -0.32508779 -0.31137446 2.45171571
v -0.32530671 -0.29975474 2.46779537
v -0.34939194 -0.29032156 2.46667933
v -0.29354960 -0.22599244 2.43289614
v -0.29254436 -0.23345846 2.41856980
v -0.31371608 -0.22593164 2.42034674
v -0.31423751 -0.21979785 2.43467236
v -0.33629113 -0.21229091 2.43648529
v -0.33842167 -0.21095634 2.45050955
v -0.31572676 -0.21745750 2.44886732
v -0.34487918 -0.23562688 2.48242259
v -0.34625611 -0.25000164 2.48561263
v -0.32143208 -0.25710079 2.48569012
v -0.32072023 -0.23963010 2.48148870
v -0.34868020 -0.27741286 2.47809243
v -0.32482529 -0.28513351 2.47915268
v -0.32322431 -0.27084965 2.48496938
v -0.34750205 -0.26348636 2.48425078
v -0.33754948 -0.23883814 2.39784431
v -0.33610874 -0.22639725 2.40876055
v -0.31358990 -0.23582256 2.40683627
v -0.31486666 -0.24770233 2.39561129
v -0.24773122 -0.35366446 2.39789891
v -0.26394665 -0.34221247 2.40239859
v -0.19459336 -0.26852310 2.38040876
v -0.19899486 -0.28229874 2.36555529
v -0.21064569 -0.28214812 2.37172794
v -0.20187628 -0.26791844 2.38601518
v -0.29901567 -0.30714574 2.39576578
v -0.27936140 -0.31683609 2.39199185
v -0.28146690 -0.32967225 2.40715814
v -0.30144423 -0.31810907 2.41131139
v -0.29227960 -0.25618774 2.39342546
v -0.29181802 -0.24400309 2.40516329
v -0.27040604 -0.25087205 2.40193939
v -0.27139190 -0.26327473 2.38989091
v -0.29628620 -0.23171374 2.47101617
v -0.27366713 -0.23542187 2.46713614
v -0.24334675 -0.29348528 2.37494183
v -0.25818983 -0.28645229 2.37914896
v -0.17209294 -0.22992101 2.36736870
v -0.17885421 -0.21341386 2.42407370
v -0.18054451 -0.22166616 2.42543745
v -0.14044596 -0.16891035 2.31805563
v -0.14259656 -0.18282998 2.31220770
v -0.16907011 -0.17340708 2.39224529
v -0.17212878 -0.18993148 2.39738178
v -0.14752066 -0.17539895 2.32520056
v -0.14702980 -0.18414378 2.31873727
v -0.10367563 -0.09572065 2.31259799
v -0.03271658 -0.35229963 2.32861018
v -0.27726960 -0.29875460 2.38336110
v -0.27367470 -0.27959648 2.38293481
v -0.23638545 -0.25768268 2.47435522
v -0.23702617 -0.24947530 2.46737528
v -0.25317648 -0.24747509 2.47229338
v -0.25197616 -0.25860056 2.47920990
v -0.12510782 -0.24397492 2.51615906
v -0.10858609 -0.23473766 2.52228832
v -0.12140027 -0.22058004 2.51515508
v -0.13467273 -0.23209199 2.50903749
v -0.24559711 -0.34440559 2.46527767
v -0.25097042 -0.34915218 2.45559716
v -0.23573263 -0.35778233 2.45458317
v -0.23226425 -0.35010204 2.46577311
v -0.25755575 -0.35220516 2.44095469
v -0.26299158 -0.35112473 2.42227292
v -0.24589016 -0.36378598 2.41870499
v -0.24052462 -0.36352837 2.43910980
v -0.18704975 0.17200911 2.49661088
v -0.19682673 0.16727912 2.46776438
v -0.15024905 0.05406505 2.37578750
v -0.13566224 0.06351078 2.35725379
v -0.11801970 0.14685190 2.34334612
v -0.08225533 0.27648050 2.33476806
v -0.06588742 0.29488188 2.35284710
v -0.09081333 0.36971235 2.40338635
v -0.20192865 0.16588181 2.43771315
v -0.11194468 0.39596647 2.40788317
v -0.13359252 0.42269325 2.41155410
v -0.16103223 0.41503322 2.48456812
v -0.18647680 0.40628028 2.49528933
v -0.16678873 0.38066518 2.50179029
v -0.13754074 0.38849944 2.49010754
v -0.21358983 0.39572144 2.49462700
v -0.19689772 0.37046802 2.50205088
v -0.27317682 0.44481373 2.33258319
v -0.34268093 0.68607390 2.49856114
v -0.37887752 0.71330559 2.49769878
v -0.36415228 0.67545998 2.49706650
v -0.35886818 0.72167647 2.49904323
v -0.38395804 0.66830957 2.48609900
v -0.36945865 0.63482916 2.48111343
v -0.41460913 0.70990157 2.41333389
v -0.37528878 0.75811231 2.49587369
v -0.39369398 0.75191033 2.49411583
v -0.41007796 0.74576390 2.48531246
v -0.39771107 0.70578134 2.48708367
v -0.06496457 0.31832957 2.37959504
v -0.21647708 0.22015524 2.37764883
v -0.19928458 0.19466454 2.37674856
v -0.14454892 0.20415491 2.34005499
v -0.12260528 0.22721529 2.33034873
v -0.11754769 -0.00843814 2.33637214
v -0.13450883 -0.01421577 2.35365653
v -0.13456202 -0.05848736 2.35042095
v -0.14809689 -0.06473446 2.36982703
v -0.14811793 -0.04262280 2.37186337
v -0.13444845 -0.03569940 2.35254812
v -0.16166405 -0.07817072 2.41751528
v -0.15960734 -0.08503193 2.44417214
v -0.15848006 -0.06431985 2.44434524
v -0.16079350 -0.05743647 2.41857362
v -0.15914889 -0.04464889 2.44454336
v -0.14995100 -0.05116093 2.46802425
v -0.08086146 -0.09821412 2.52447891
v -0.09921899 -0.09233898 2.51664829
v -0.10018869 -0.11634409 2.51725459
v -0.08060953 -0.12372586 2.52429342
v -0.06259024 0.22165018 2.31668425
v -0.05600822 0.30279297 2.37000751
v -0.15656127 0.28558129 2.32592678
v -0.17297323 0.24470073 2.33266377
v -0.19836654 0.22969627 2.34966350
v -0.23762085 -0.24802178 2.42337728
v -0.16476597 -0.25053149 2.49418092
v -0.16193679 -0.26037255 2.49736547
v -0.27591741 -0.33975476 2.44483757
v -0.28110081 -0.33799633 2.42651725
v -0.25329801 -0.26945496 2.38526034
v -0.23275022 -0.34307683 2.37773633
v -0.23212136 -0.32076338 2.37042618
v -0.21869576 -0.32742327 2.36445427
v -0.14637212 0.15070373 2.35817266
v -0.17513472 0.15494001 2.37587857
v -0.15502532 0.16780865 2.35768414
v -0.02482488 0.30521464 2.44249797
v -0.10147726 0.25195575 2.32762837
v -0.15199947 0.44944841 2.41347575
v -0.16864213 0.47526354 2.41564989
v -0.18372245 0.50018394 2.41820931
v -0.19842106 0.52459681 2.42090416
v -0.21305270 0.54870427 2.42463088
v -0.23037072 0.57081878 2.42906380
v -0.24964698 0.59218872 2.43127489
v -0.26564905 0.61782324 2.43883133
v -0.28480518 0.68402863 2.43873191
v -0.28727970 0.68030024 2.45699668
v -0.27662468 0.64782548 2.44896364
v -0.29932776 0.71350443 2.46314692
v -0.31441569 0.74581397 2.46659994
v -0.33574614 0.77775276 2.46714091
v -0.37377909 0.84580600 2.46721292
v -0.35640991 0.81133926 2.46685052
v -0.02377781 0.30052859 2.41679525
v -0.02438111 0.30277014 2.42882776
v -0.12267278 -0.35911274 2.36050272
v -0.17977639 -0.23350441 2.40824461
v -0.18345840 -0.23803273 2.41080618
v -0.23814946 -0.27508846 2.38056016
v -0.30194959 -0.29195571 2.48010516
v -0.30200669 -0.30853900 2.47032619
v -0.25043276 -0.25677568 2.39808154
v -0.19717401 -0.25724578 2.40021086
v -0.19134255 -0.25592253 2.39578199
v -0.54625899 -0.24136671 2.42151690
v -0.54585201 -0.24235168 2.43603516
v -0.56561375 -0.23492879 2.43063688
v -0.56511986 -0.23305568 2.41716409
v -0.54438263 -0.23397526 2.40913177
v -0.56296235 -0.22558951 2.40602779
v -0.53199774 -0.16998100 2.41409039
v -0.53242815 -0.18157086 2.40404868
v -0.55309618 -0.17661121 2.40482640
v -0.55286300 -0.16592842 2.41507077
v -0.57872736 -0.20714009 2.39623904
v -0.57605964 -0.19516858 2.39509177
v -0.55683708 -0.20189571 2.39594793
v -0.56010550 -0.21462587 2.39848566
v -0.53234822 -0.16402566 2.44473076
v -0.53276086 -0.17104053 2.45792317
v -0.51152676 -0.17225406 2.45817542
v -0.51161927 -0.16589245 2.44362521
v -0.44839141 -0.19706720 2.40966415
v -0.44881889 -0.18426916 2.41825938
v -0.43205670 -0.19052270 2.41572165
v -0.43210268 -0.20405963 2.40846586
v -0.50690824 -0.25710595 2.42915893
v -0.50477797 -0.25553244 2.44489861
v -0.52545065 -0.24923539 2.44071102
v -0.52677286 -0.24943706 2.42546701
v -0.49724159 -0.22482079 2.39914274
v -0.49272493 -0.20906261 2.39942956
v -0.47191286 -0.21714595 2.40161228
v -0.47543681 -0.23291880 2.40187287
v -0.48566762 -0.26458248 2.43347120
v -0.48367760 -0.26050699 2.44851923
v -0.53735048 -0.20924130 2.39641213
v -0.53405374 -0.19491827 2.39816236
v -0.51353776 -0.20161742 2.39810824
v -0.51765037 -0.21671596 2.39717770
v -0.57416201 -0.16152135 2.44265437
v -0.57500261 -0.16889766 2.45329261
v -0.55396450 -0.17009363 2.45623183
v -0.55340552 -0.16269347 2.44438744
v -0.57422006 -0.18337917 2.39842272
v -0.57345444 -0.17226401 2.40535307
v -0.55437648 -0.18896484 2.39854980
v -0.58306408 -0.21700785 2.44974971
v -0.58458829 -0.22447592 2.43828249
v -0.56435895 -0.23086333 2.44454479
v -0.56210238 -0.22201550 2.45656610
v -0.48920345 -0.18083358 2.41130686
v -0.49010244 -0.19404873 2.40356135
v -0.51126498 -0.18726107 2.40326357
v -0.51048088 -0.17498165 2.41264176
v -0.50533509 -0.25110772 2.41471744
v -0.52553290 -0.24259192 2.41182470
v -0.54085493 -0.22654215 2.46242905
v -0.54338676 -0.23676017 2.45017099
v -0.52244020 -0.24173376 2.45457697
v -0.51937133 -0.23007330 2.46735358
v -0.49471706 -0.21701974 2.47660112
v -0.49212399 -0.20031390 2.47466564
v -0.51359785 -0.19907722 2.47307324
v -0.51628971 -0.21525672 2.47349310
v -0.46839634 -0.18850523 2.41055608
v -0.46864587 -0.17704681 2.42145395
v -0.49047208 -0.16863215 2.44150472
v -0.49031010 -0.17376012 2.45736265
v -0.46946311 -0.17574552 2.45510244
v -0.46932641 -0.17187861 2.43801498
v -0.44354671 -0.26223651 2.41290975
v -0.44674042 -0.27242216 2.42513895
v -0.46305451 -0.26762035 2.42198610
v -0.46003106 -0.25661916 2.40991163
v -0.46498671 -0.27090830 2.43789744
v -0.44517511 -0.27526224 2.44230533
v -0.41413409 -0.27164990 2.46145010
v -0.41175336 -0.25998312 2.47006273
v -0.42340511 -0.25691065 2.46733856
v -0.42761347 -0.26946023 2.45848107
v -0.45276877 -0.21762192 2.48250628
v -0.44963458 -0.20060751 2.47678638
v -0.47065318 -0.20068619 2.47598934
v -0.47335765 -0.21772435 2.47995424
v -0.43141714 -0.18644655 2.46417952
v -0.43292725 -0.17883450 2.44828296
v -0.44983220 -0.17730904 2.45174670
v -0.44900045 -0.18658605 2.46646953
v -0.37712556 -0.19925287 2.45443964
v -0.37607896 -0.19794375 2.44032931
v -0.39072359 -0.19172618 2.44045997
v -0.39206573 -0.19331095 2.45527101
v -0.37597212 -0.21242532 2.41268444
v -0.37768018 -0.22490612 2.40405107
v -0.39241406 -0.22011462 2.40519547
v -0.39014739 -0.20697036 2.41324782
v -0.39038461 -0.28211072 2.41995502
v -0.39026177 -0.28680751 2.43675518
v -0.40359250 -0.28427574 2.43544459
v -0.40342149 -0.27755383 2.41937566
v -0.43537343 -0.21804282 2.48368955
v -0.42911428 -0.20000690 2.47721505
v -0.40356493 -0.20178071 2.41363358
v -0.40510619 -0.21503282 2.40607786
v -0.41783196 -0.20946294 2.40703797
v -0.41719005 -0.19624269 2.41437149
v -0.40900353 -0.24584472 2.40712738
v -0.41257766 -0.25920418 2.40986109
v -0.42398879 -0.25489283 2.41016769
v -0.42220250 -0.23967326 2.40762877
v -0.41523165 -0.27397272 2.41841912
v -0.41587985 -0.28131384 2.43259215
v -0.42960888 -0.27793300 2.42957926
v -0.42739382 -0.26880020 2.41647506
v -0.41685992 -0.23299846 2.48141670
v -0.41588661 -0.21953166 2.48445201
v -0.42461708 -0.21949100 2.48473072
v -0.42596945 -0.23329869 2.48106265
v -0.41774127 -0.18773848 2.46039438
v -0.41819423 -0.18193498 2.44477916
v -0.43553171 -0.23246753 2.40770030
v -0.43387386 -0.21817321 2.40605259
v -0.42007723 -0.22436327 2.40550590
v -0.42958757 -0.27844051 2.44596839
v -0.37941012 -0.20493618 2.46641111
v -0.38145027 -0.21283072 2.47684216
v -0.36529097 -0.21777987 2.47590709
v -0.36339149 -0.20964819 2.46541739
v -0.36114320 -0.20465395 2.45327210
v -0.35971782 -0.20456022 2.43892002
v -0.35885483 -0.21847111 2.41111875
v -0.36019391 -0.23054209 2.40104938
v -0.36256656 -0.24703640 2.39545655
v -0.36508945 -0.26475412 2.39639068
v -0.38376701 -0.25835460 2.40198231
v -0.38051245 -0.24100426 2.40021968
v -0.37040025 -0.29323611 2.43556881
v -0.36903107 -0.29015610 2.41820502
v -0.37154683 -0.28935206 2.45194745
v -0.38984960 -0.28353769 2.45153379
v -0.40360713 -0.19122258 2.42594528
v -0.38995489 -0.19698328 2.42546678
v -0.53802842 -0.21266240 2.46974516
v -0.53511918 -0.19737908 2.47023535
v -0.55679733 -0.19509369 2.46603894
v -0.55987769 -0.20944798 2.46439266
v -0.57630926 -0.17993599 2.45933223
v -0.55503988 -0.18163824 2.46350932
v -0.54127985 -0.22280091 2.40027380
v -0.52199209 -0.23100436 2.40196228
v -0.58125073 -0.21764567 2.40229797
v -0.43852568 -0.24787846 2.40858197
v -0.45521453 -0.24090707 2.40537238
v -0.40928540 -0.24746183 2.47762656
v -0.40005320 -0.26250479 2.47269559
v -0.39878485 -0.25007543 2.48030829
v -0.45569068 -0.23596570 2.47748899
v -0.45826825 -0.25109914 2.46341515
v -0.43698686 -0.25093496 2.46735358
v -0.43798670 -0.23502460 2.47964334
v -0.40712219 -0.22004604 2.48358941
v -0.40809590 -0.23411274 2.48226357
v -0.39762264 -0.23640636 2.48353338
v -0.39627084 -0.22199878 2.48322535
v -0.40083385 -0.26497459 2.40949607
v -0.38721320 -0.27147859 2.40844774
v -0.38743895 -0.26556361 2.47438192
v -0.38906038 -0.27532825 2.46381617
v -0.37266171 -0.28034976 2.46578646
v -0.37105843 -0.26999536 2.47662115
v -0.40181789 -0.27328664 2.46269274
v -0.38613617 -0.25365183 2.48193359
v -0.36954957 -0.25819549 2.48340082
v -0.36723986 -0.28001395 2.40454030
v -0.38283145 -0.22550061 2.48324132
v -0.38475114 -0.23984692 2.48465776
v -0.36802939 -0.24456799 2.48542023
v -0.36642075 -0.23021081 2.48313284
v -0.53353214 -0.18321633 2.46638441
v -0.51204705 -0.18453631 2.46783066
v -0.43287730 -0.18002588 2.43014240
v -0.44990551 -0.17536601 2.43365455
v -0.41780397 -0.18552750 2.42744398
v -0.53214383 -0.16327196 2.42857885
v -0.55303657 -0.16084650 2.42939186
v -0.48980978 -0.17096749 2.42427683
v -0.51108503 -0.16668859 2.42680335
v -0.49744627 -0.23308149 2.47099543
v -0.40623444 -0.19758993 2.46922731
v -0.40567717 -0.18989229 2.45693970
v -0.41672477 -0.19669583 2.47263956
v -0.35776275 -0.21030334 2.42396808
v -0.37577352 -0.20301592 2.42517495
v -0.42193297 -0.20830765 2.48264456
v -0.33535936 -0.21811354 2.42220855
v -0.44191906 -0.26680741 2.45591068
v -0.41591999 -0.27991834 2.44818449
v -0.40301463 -0.28145137 2.45030117
v -0.58478630 -0.22770026 2.42490530
v -0.50183433 -0.23938948 2.40417528
v -0.45150563 -0.22552443 2.40495515
v -0.44927946 -0.21097073 2.40578103
v -0.40637112 -0.20700413 2.47919750
v -0.39504561 -0.20903823 2.47762942
v -0.39382124 -0.20074576 2.46725011
v -0.39711633 -0.25271633 2.40563560
v -0.39466655 -0.23576313 2.40286231
v -0.57360810 -0.15931058 2.42914557
v -0.40726557 -0.23033404 2.40422082
v -0.46185896 -0.26415610 2.45164561
v -0.01065663 -0.34117240 2.48718596
v -0.16462234 -0.15683517 2.38663507
v -0.13127697 -0.12243000 2.33854032
v -0.14443918 -0.12881690 2.35541224
v -0.17562121 -0.21677506 2.40397000
v -0.17759663 -0.22638956 2.40576768
v -0.19227056 -0.24582797 2.41191411
v -0.19951767 -0.24933532 2.41455603
v -0.16819780 -0.19447872 2.37667871
v -0.03073615 0.04494220 2.29400325
v -0.05865255 0.02901596 2.53628707
v -0.03248879 0.03075081 2.53540063
v -0.03738865 0.05017489 2.54299641
v -0.06344649 0.04940259 2.54318929
v -0.04054303 0.07056737 2.55319595
v -0.17620622 0.09660131 2.50490308
v -0.17077649 0.07490450 2.50132775
v -0.15626529 0.07819533 2.52418280
v -0.16117574 0.10171050 2.52900958
v -0.17466742 0.05722731 2.47449255
v -0.16410518 0.05606341 2.49890471
v -0.18057716 0.07463849 2.47474742
v -0.18471204 0.07873881 2.44645524
v -0.17868093 0.06115925 2.44667578
v -0.18279958 0.08671248 2.41973019
v -0.17662151 0.06833887 2.41995692
v -0.17431647 0.09628582 2.39585710
v -0.15938571 0.10595423 2.37584090
v -0.14163522 0.13258606 2.35932541
v -0.11677346 0.12597495 2.34368038
v -0.13858190 0.11557871 2.35835075
v -0.07334828 0.14409691 2.32176757
v -0.09450470 0.13627833 2.33115387
v -0.03664720 0.15280539 2.31086969
v -0.05446984 0.14931524 2.31518555
v -0.11948426 -0.33752805 2.34432554
v -0.10040691 -0.40657681 2.44508052
v -0.11259696 -0.40826803 2.42375994
v -0.08737180 -0.41241217 2.43859076
v -0.11809109 -0.35263285 2.49503851
v -0.12177943 -0.37095484 2.48124886
v -0.09906719 -0.36573717 2.49134350
v -0.09568804 -0.34959084 2.50056672
v -0.07464781 -0.40631604 2.45264840
v -0.06647439 -0.40854591 2.44939852
v -0.08421233 -0.39948189 2.46072340
v -0.04680162 -0.38598138 2.47381783
v -0.06659380 -0.39234209 2.47067952
v -0.15776737 -0.39787722 2.42752624
v -0.15481406 -0.38610303 2.45225191
v -0.16504791 -0.38425618 2.44740272
v -0.17010748 -0.39701957 2.42414260
v -0.14876294 -0.33807930 2.49216962
v -0.14624688 -0.32219762 2.49840045
v -0.15904063 -0.32365066 2.49413252
v -0.16041151 -0.33932114 2.48827028
v -0.20359616 -0.38743359 2.41566038
v -0.19767387 -0.38193062 2.43784475
v -0.21079621 -0.37857372 2.43685961
v -0.21681055 -0.38164812 2.41553116
v -0.16117406 -0.35549662 2.47833610
v -0.07931963 -0.24327660 2.52964115
v -0.11619335 -0.25699538 2.52067065
v -0.09871534 -0.25089642 2.52589154
v -0.15924153 -0.27095082 2.49909353
v -0.14720000 -0.26849225 2.50528502
v -0.15109184 -0.25650504 2.50313401
v -0.18163402 -0.27477929 2.48785591
v -0.17082225 -0.27307799 2.49317884
v -0.21645166 -0.30330247 2.36235428
v -0.20457676 -0.30684480 2.35574222
v -0.20503478 -0.33494622 2.35995889
v -0.19565099 -0.26556215 2.47572708
v -0.20518105 -0.26797655 2.47377205
v -0.20397812 -0.27410686 2.47668862
v -0.19344743 -0.27167332 2.47861338
v -0.14534514 -0.39940375 2.42987490
v -0.19419505 -0.37009972 2.45549321
v -0.19195515 -0.35793313 2.46843481
v -0.20506990 -0.35746741 2.46755552
v -0.20750903 -0.36876976 2.45441937
v -0.19192068 -0.34404042 2.47919178
v -0.19140959 -0.32925233 2.48577499
v -0.20408607 -0.33105314 2.48363829
v -0.20439067 -0.34479868 2.47740698
v -0.20433387 -0.28133455 2.47963333
v -0.19095206 -0.27926448 2.48176241
v -0.23341887 -0.36382675 2.39452648
v -0.18323410 -0.39432514 2.39337778
v -0.18102214 -0.37848470 2.37049842
v -0.17041598 -0.38418919 2.37154222
v -0.17212723 -0.39795607 2.39604998
v -0.22239615 -0.24818638 2.43300343
v -0.21996313 -0.25214097 2.41941810
v -0.22370519 -0.24589410 2.44546676
v -0.19879489 -0.25363460 2.46873760
v -0.22423956 -0.24663526 2.45526266
v -0.22413816 -0.27970782 2.37646627
v -0.22929767 -0.29908755 2.36993575
v -0.17882633 -0.35213584 2.35741115
v -0.16837499 -0.35924214 2.35786009
v -0.23078866 -0.37399411 2.41679645
v -0.22517659 -0.37224612 2.43784094
v -0.22116400 -0.27007839 2.47706223
v -0.23322178 -0.27254769 2.48149109
v -0.21974464 -0.27598268 2.47978830
v -0.18588735 -0.24877325 2.47932792
v -0.19729379 -0.26003072 2.47233605
v -0.18105170 -0.39499664 2.42059755
v -0.22048967 -0.36457324 2.45442700
v -0.21815914 -0.35406080 2.46754456
v -0.18071961 -0.34228063 2.48193884
v -0.18054953 -0.35681665 2.47134733
v -0.17063968 -0.35580054 2.47502661
v -0.17041838 -0.34070799 2.48499322
v -0.21688442 -0.33222166 2.48233485
v -0.21784164 -0.31786889 2.48547935
v -0.18012589 -0.32742953 2.48736620
v -0.16965230 -0.32561746 2.49011636
v -0.21915744 -0.28349262 2.48274684
v -0.15883277 -0.36404309 2.35908270
v -0.15796077 -0.33913153 2.34969091
v -0.14746293 -0.34080499 2.34909940
v -0.17950913 -0.32507768 2.34886479
v -0.16783676 -0.33350396 2.34924197
v -0.19265665 -0.31415555 2.35098743
v -0.13518398 -0.33940336 2.34738708
v -0.41575187 -0.20707744 2.48159075
v -0.24552096 -0.27550116 2.48435879
v -0.23539352 -0.26603881 2.47902536
v -0.24897777 -0.26815373 2.48257375
v -0.29933438 -0.27911445 2.48434281
v -0.41882807 -0.24535343 2.47528243
v -0.42664135 -0.24312985 2.47431445
v -0.47647759 -0.23499349 2.47446895
v -0.50072026 -0.24617451 2.45841980
v -0.47985169 -0.24965182 2.46091580
v -0.48460206 -0.26016864 2.41783047
v -0.48087284 -0.24827933 2.40652442
v -0.46930197 -0.20205778 2.40453792
v -0.46936780 -0.18622866 2.46792841
v -0.62042397 -0.21233618 2.40073299
v -0.62256193 -0.21546581 2.41242695
v -0.64145249 -0.20989123 2.40655327
v -0.63879055 -0.20558238 2.39576173
v -0.65347123 -0.19144216 2.38510084
v -0.63615388 -0.19692901 2.38927054
v -0.65643954 -0.20077887 2.39018369
v -0.65134698 -0.18113774 2.38490319
v -0.63410717 -0.18677139 2.38819003
v -0.65028477 -0.17161924 2.38895011
v -0.65023667 -0.16345936 2.39494276
v -0.63223290 -0.16806644 2.39658594
v -0.63266879 -0.17675793 2.39094567
v -0.63287532 -0.16093063 2.40430737
v -0.63381785 -0.15585938 2.41376638
v -0.61356461 -0.15805635 2.41474032
v -0.61313188 -0.16460031 2.40495586
v -0.65656197 -0.15517271 2.42983794
v -0.65794736 -0.16161206 2.43571448
v -0.63808244 -0.16403681 2.44091392
v -0.63643950 -0.15679777 2.43418574
v -0.62085229 -0.18716741 2.44861126
v -0.61877412 -0.17600006 2.44909286
v -0.63998014 -0.17376897 2.44378471
v -0.64157903 -0.18442491 2.44336987
v -0.66115057 -0.18173802 2.43981886
v -0.66182631 -0.19085684 2.43423390
v -0.64288318 -0.19389367 2.43865681
v -0.58358991 -0.22515428 2.41216731
v -0.60202515 -0.21866587 2.40659308
v -0.59960020 -0.21067205 2.39772248
v -0.59476382 -0.18853426 2.39382386
v -0.59691715 -0.19985303 2.39363623
v -0.61545080 -0.19292051 2.39064908
v -0.61378449 -0.18227047 2.39219093
v -0.57326192 -0.16304567 2.41575742
v -0.59328073 -0.16830587 2.40549278
v -0.59352583 -0.16058680 2.41547155
v -0.61312515 -0.17288002 2.39736891
v -0.59367889 -0.17785668 2.39827752
v -0.61436272 -0.15570834 2.42642450
v -0.63492912 -0.15409607 2.42436218
v -0.62383354 -0.21287477 2.42468953
v -0.62393492 -0.20671678 2.43573427
v -0.64343679 -0.20153454 2.42945027
v -0.64305282 -0.20769557 2.41861582
v -0.59408146 -0.15775469 2.42785907
v -0.60402340 -0.21194875 2.44257832
v -0.60444587 -0.21852601 2.43136048
v -0.62297207 -0.19812170 2.44436193
v -0.60241181 -0.20191348 2.45074987
v -0.66131324 -0.20372930 2.41358113
v -0.65950757 -0.20539930 2.40144634
v -0.60384429 -0.22158620 2.41873646
v -0.61547571 -0.15831882 2.43751550
v -0.61693692 -0.16580588 2.44554663
v -0.59598005 -0.16749465 2.44959092
v -0.59486079 -0.16001701 2.44025016
v -0.57828051 -0.19240025 2.46058679
v -0.59753525 -0.17805284 2.45428944
v -0.59972262 -0.18976852 2.45456219
v -0.65960056 -0.17096829 2.43920875
v -0.58130008 -0.20564038 2.45771813
v -0.72838813 -0.16202787 2.36330175
v -0.73743558 -0.16569582 2.36114097
v -0.73389441 -0.16364378 2.36941695
v -0.72341663 -0.16250482 2.37124276
v -0.70195895 -0.14937770 2.35003662
v -0.71392405 -0.14917839 2.34028554
v -0.72144783 -0.14650536 2.34797096
v -0.71104634 -0.14759356 2.35855079
v -0.73283380 -0.16151935 2.35564232
v -0.74052131 -0.16788825 2.35469341
v -0.74839944 -0.17409670 2.35338807
v -0.73939323 -0.16996926 2.35191989
v -0.74806595 -0.18129253 2.35286522
v -0.74346799 -0.19042337 2.35882902
v -0.75764912 -0.19233668 2.36008048
v -0.75685209 -0.18551874 2.35317445
v -0.74402696 -0.19030371 2.38778996
v -0.74388915 -0.18465739 2.39851046
v -0.76006860 -0.18390754 2.39532208
v -0.75944614 -0.18886769 2.38398004
v -0.75476080 -0.16902444 2.41137123
v -0.75839484 -0.17642188 2.40280747
v -0.74225140 -0.17837965 2.40595722
v -0.73956305 -0.17176756 2.41323352
v -0.72060269 -0.16056174 2.37982368
v -0.73142886 -0.16064602 2.37777758
v -0.73119521 -0.15714425 2.38337827
v -0.72018903 -0.15644765 2.38591576
v -0.73851395 -0.17727321 2.35141397
v -0.74019074 -0.16529089 2.34456348
v -0.73914683 -0.16937840 2.34310818
v -0.73281956 -0.18064553 2.35034847
v -0.68454993 -0.14834622 2.39618969
v -0.69550973 -0.14496976 2.39430165
v -0.69782603 -0.14004970 2.40003204
v -0.68550783 -0.14317957 2.40336370
v -0.67936140 -0.15706289 2.37697673
v -0.67343700 -0.17082220 2.37335610
v -0.67940938 -0.16847551 2.36419153
v -0.68445468 -0.15345842 2.36769414
v -0.68754965 -0.16422990 2.35436535
v -0.69769156 -0.16036853 2.34501886
v -0.69241303 -0.15052152 2.35892487
v -0.71125978 -0.15839937 2.33605933
v -0.69607186 -0.13687587 2.41379452
v -0.68693888 -0.14165166 2.41516662
v -0.79219013 -0.15606201 2.34624267
v -0.79248065 -0.16000122 2.34167504
v -0.79577243 -0.15652215 2.34099078
v -0.79567266 -0.15282100 2.34570026
v -0.69230306 -0.16217828 2.43209481
v -0.69031680 -0.15274611 2.42933536
v -0.69799185 -0.15148211 2.42913222
v -0.69995064 -0.16162416 2.43035054
v -0.70782846 -0.14995572 2.42942405
v -0.70962548 -0.16144380 2.42881036
v -0.79966748 -0.16798040 2.34094501
v -0.80360073 -0.16968337 2.34446073
v -0.80720484 -0.16473544 2.34154081
v -0.80288601 -0.16317824 2.33879161
v -0.74395883 -0.16430968 2.36643815
v -0.74665576 -0.16779572 2.35815096
v -0.75526893 -0.17020628 2.35466456
v -0.76262641 -0.17229474 2.35199618
v -0.76448655 -0.16734418 2.35609698
v -0.75560886 -0.16503003 2.36258125
v -0.74390292 -0.15952790 2.37756014
v -0.75535935 -0.15901479 2.37466908
v -0.75246775 -0.15543911 2.38222456
v -0.74158490 -0.15537766 2.38491488
v -0.75024390 -0.14138034 2.39822769
v -0.74144453 -0.14067391 2.39887094
v -0.74055803 -0.14581406 2.39476013
v -0.75094980 -0.14669102 2.39302874
v -0.77789891 -0.14936274 2.38753462
v -0.76959485 -0.14854515 2.38926554
v -0.77007353 -0.15224367 2.38476133
v -0.77777421 -0.15265048 2.38308406
v -0.68455100 -0.16428125 2.43434978
v -0.68266904 -0.15498602 2.43064141
v -0.75476980 -0.13985509 2.42586064
v -0.75945073 -0.15039733 2.42455077
v -0.74798751 -0.15307841 2.42452264
v -0.74304050 -0.14374897 2.42652893
v -0.70216739 -0.17194429 2.42724037
v -0.69427794 -0.17297083 2.43005800
v -0.80685169 -0.16890287 2.34963417
v -0.81012458 -0.16379282 2.34686542
v -0.69755101 -0.17554405 2.34800148
v -0.71207064 -0.16953030 2.33653569
v -0.68775165 -0.17981467 2.35981560
v -0.67531550 -0.18472946 2.37529850
v -0.68142259 -0.18229172 2.36888933
v -0.76146209 -0.16276920 2.36579847
v -0.73960572 -0.16156420 2.37445498
v -0.73057532 -0.15380788 2.38748765
v -0.72532749 -0.13591680 2.40219545
v -0.73293483 -0.13558355 2.40304852
v -0.73196095 -0.13140222 2.40986705
v -0.72390169 -0.13115871 2.41160870
v -0.74891156 -0.13057935 2.41502571
v -0.75078446 -0.13267425 2.42214823
v -0.74074113 -0.13448784 2.42291331
v -0.74065191 -0.13081270 2.41562963
v -0.73764515 -0.17303154 2.33869958
v -0.72706532 -0.18178916 2.34546185
v -0.68836826 -0.14517647 2.42349863
v -0.69655025 -0.14232528 2.42370105
v -0.68069237 -0.14920264 2.42430806
v -0.69393015 -0.14981541 2.38371372
v -0.70777267 -0.15376642 2.38630557
v -0.70774066 -0.15033934 2.39051414
v -0.69424051 -0.14804026 2.38996696
v -0.71383631 -0.15600163 2.37182879
v -0.70238918 -0.14851955 2.36751199
v -0.72078598 -0.15451366 2.36368299
v -0.68225324 -0.15245947 2.38861799
v -0.67363161 -0.15720567 2.39050770
v -0.67572039 -0.15273502 2.39906359
v -0.67719352 -0.14823902 2.40784049
v -0.67927116 -0.14695379 2.41719508
v -0.66428894 -0.16012233 2.39281654
v -0.66632652 -0.15516138 2.40101719
v -0.66822594 -0.15127364 2.41054678
v -0.67011946 -0.15015393 2.41954350
v -0.68573302 -0.17568290 2.43352818
v -0.67552662 -0.17879409 2.43705392
v -0.67414272 -0.16706231 2.43676448
v -0.67263180 -0.16366002 2.38232374
v -0.66411465 -0.16748187 2.38595676
v -0.66465998 -0.17705637 2.38013005
v -0.66709548 -0.18835089 2.38101578
v -0.73704714 -0.15143433 2.33931279
v -0.73279411 -0.15135929 2.34579825
v -0.72739881 -0.14815819 2.33965850
v -0.73303419 -0.14998099 2.33278108
v -0.76345277 -0.17874452 2.35023212
v -0.75575584 -0.17786577 2.35208678
v -0.76609498 -0.18549994 2.35242867
v -0.70803952 -0.13690847 2.40216541
v -0.70630741 -0.13394457 2.41374159
v -0.76753008 -0.16462877 2.36055684
v -0.78185177 -0.17873472 2.34736156
v -0.78634477 -0.18162587 2.35176420
v -0.79797018 -0.17443052 2.34765410
v -0.79397058 -0.17224607 2.34343910
v -0.77808738 -0.16241202 2.35658574
v -0.78278983 -0.16307354 2.36168337
v -0.77669019 -0.16468549 2.36360717
v -0.77234650 -0.16487899 2.35847139
v -0.77505660 -0.14366758 2.39280152
v -0.76778179 -0.14330760 2.39452314
v -0.77157760 -0.19282621 2.36923623
v -0.75799006 -0.19485503 2.37222052
v -0.77386713 -0.18350035 2.37800550
v -0.76078194 -0.14749181 2.39106917
v -0.75138801 -0.15111524 2.38820863
v -0.76124656 -0.15132326 2.38643384
v -0.77024382 -0.16110140 2.37045097
v -0.76342201 -0.15927443 2.37277746
v -0.76533431 -0.16183665 2.36753201
v -0.77015293 -0.16334167 2.36490512
v -0.73076433 -0.14631310 2.42823553
v -0.72847402 -0.13433349 2.42323613
v -0.79554611 -0.16441333 2.33983803
v -0.79872221 -0.16015539 2.33867550
v -0.67274147 -0.15802321 2.43231463
v -0.67170262 -0.15245274 2.42649865
v -0.74053901 -0.15097010 2.39008141
v -0.74320036 -0.19436496 2.37461495
v -0.72990316 -0.14970303 2.39151573
v -0.77781826 -0.14423275 2.40338516
v -0.78097564 -0.15045699 2.40494800
v -0.77338415 -0.15405309 2.40928841
v -0.77127129 -0.14504945 2.40797782
v -0.79468673 -0.15476730 2.35144377
v -0.79902399 -0.15603134 2.35570168
v -0.79340219 -0.15942949 2.35792828
v -0.78932089 -0.15809888 2.35324621
v -0.77552521 -0.16846904 2.34743261
v -0.77581614 -0.16423699 2.35155225
v -0.76929164 -0.16714793 2.35402822
v -0.76828015 -0.17132604 2.35003471
v -0.76988792 -0.17719784 2.34865069
v -0.77800930 -0.17407241 2.34628248
v -0.79021847 -0.17569470 2.36385560
v -0.78816599 -0.16812810 2.36466527
v -0.79847735 -0.16325369 2.36063313
v -0.80147171 -0.16918802 2.35842252
v -0.72554827 -0.17481515 2.41592813
v -0.72365165 -0.16749939 2.42244172
v -0.73748356 -0.16411054 2.42017221
v -0.75180155 -0.16061917 2.41840601
v -0.76457721 -0.15610322 2.41546822
v -0.76866615 -0.16676480 2.40937185
v -0.73463023 -0.15674511 2.42513442
v -0.78182024 -0.17496222 2.37576389
v -0.78021091 -0.17048383 2.37159157
v -0.78141159 -0.17921406 2.36908960
v -0.72960794 -0.14356765 2.39677238
v -0.78997976 -0.16838965 2.34210849
v -0.69118923 -0.19674855 2.39003086
v -0.69458467 -0.19585702 2.40375662
v -0.70453137 -0.19385481 2.40111876
v -0.69899392 -0.19515595 2.38478661
v -0.78712195 -0.15947145 2.34795952
v -0.78702021 -0.16311553 2.34339714
v -0.77656466 -0.13895184 2.40079880
v -0.77018267 -0.13704777 2.40270329
v -0.76765990 -0.13878715 2.39932156
v -0.77493882 -0.14009070 2.39710617
v -0.72152591 -0.16012076 2.42710733
v -0.76680022 -0.14521596 2.42228484
v -0.76299512 -0.13371003 2.42184639
v -0.70344394 -0.18073922 2.42054510
v -0.71163219 -0.17025855 2.42482591
v -0.71319342 -0.17798933 2.41846442
v -0.77400482 -0.17178997 2.39701772
v -0.72780794 -0.18077838 2.40934324
v -0.71481067 -0.18363333 2.41189146
v -0.70394832 -0.18726012 2.41321492
v -0.69526374 -0.19014415 2.41519856
v -0.69521755 -0.18307516 2.42302108
v -0.80710626 -0.16462517 2.35518599
v -0.80103505 -0.17378893 2.35307789
v -0.68592060 -0.18575728 2.42628479
v -0.67573678 -0.18860704 2.43066788
v -0.68591505 -0.19295859 2.41793156
v -0.67539912 -0.19519803 2.42137885
v -0.71604782 -0.18909359 2.40417719
v -0.71561718 -0.19336128 2.39408326
v -0.72915423 -0.18638420 2.40194416
v -0.72978681 -0.19130442 2.39160371
v -0.77516085 -0.18255332 2.39123917
v -0.80349821 -0.15203097 2.35409117
v -0.80987847 -0.14611334 2.35138035
v -0.81373709 -0.14882264 2.35061860
v -0.80806834 -0.15497306 2.35438299
v -0.80372131 -0.15939367 2.35730910
v -0.81057036 -0.15954459 2.35212135
v -0.72852278 -0.19487160 2.37682724
v -0.77643687 -0.16244814 2.36871552
v -0.71122622 -0.19428667 2.37491274
v -0.73033732 -0.19306991 2.36074281
v -0.71871722 -0.19167310 2.35683203
v -0.69186330 -0.19125670 2.36923051
v -0.70078909 -0.18851405 2.35705757
v -0.67936110 -0.19404301 2.38276386
v -0.68583173 -0.19229457 2.37772393
v -0.67019790 -0.19676569 2.38679743
v -0.71236730 -0.18251610 2.34434271
v -0.79995555 -0.15014100 2.33954620
v -0.80044937 -0.14685994 2.34472036
v -0.67335868 -0.20170286 2.39697766
v -0.68331265 -0.19856179 2.39353657
v -0.72777587 -0.15260434 2.35449266
v -0.71931785 -0.14882496 2.39283252
v -0.71893471 -0.14334729 2.39648962
v -0.71748400 -0.13631365 2.40206528
v -0.71590972 -0.13189602 2.41320896
v -0.67504770 -0.20096791 2.40985703
v -0.65172929 -0.15755612 2.40287042
v -0.65329552 -0.15368629 2.41233087
v -0.66172779 -0.19761282 2.42472625
v -0.80287087 -0.15359861 2.33654571
v -0.78263152 -0.15457845 2.38583970
v -0.78304195 -0.15444839 2.38798904
v -0.72255743 -0.15127438 2.33329701
v -0.73007166 -0.15374973 2.32790256
v -0.72101283 -0.15933141 2.32977939
v -0.72278607 -0.16838729 2.33031654
v -0.73263878 -0.16735718 2.32718945
v -0.73052043 -0.15965638 2.32603693
v -0.70815551 -0.14661118 2.39336562
v -0.70880425 -0.14219916 2.39686799
v -0.71707207 -0.13678023 2.42480779
v -0.71891677 -0.14857557 2.42940307
v -0.77336305 -0.18319821 2.35044479
v -0.76929295 -0.19049358 2.35847449
v -0.77712369 -0.18631390 2.35549808
v -0.78894705 -0.18129715 2.35856438
v -0.78156453 -0.16971380 2.36724997
v -0.77974355 -0.16665620 2.36858296
v -0.69682986 -0.14957890 2.37587810
v -0.70951188 -0.15604213 2.37957287
v -0.73574692 -0.15952757 2.34980011
v -0.73926401 -0.15787739 2.34462976
v -0.76164961 -0.15559101 2.37988591
v -0.78460628 -0.16783521 2.38860965
v -0.78382701 -0.17575079 2.38444018
v -0.76989377 -0.15687945 2.37803960
v -0.81189907 -0.15688336 2.33798361
v -0.80714726 -0.15565538 2.33588099
v -0.77977413 -0.18685251 2.36341763
v -0.75938344 -0.14229232 2.39654469
v -0.78137016 -0.16323134 2.39485693
v -0.78492779 -0.16059008 2.38810563
v -0.75676924 -0.13057059 2.41939497
v -0.68567252 -0.19790637 2.40646815
v -0.80379504 -0.14509976 2.34942389
v -0.79849333 -0.15090734 2.35087705
v -0.81533051 -0.15241459 2.34796667
v -0.81461453 -0.15600127 2.34316754
v -0.70650852 -0.13943830 2.42460227
v -0.71983093 -0.15274319 2.38966775
v -0.65490431 -0.15252605 2.42182684
v -0.73508167 -0.17310125 2.33224893
v -0.72451490 -0.17620984 2.33664227
v -0.77598226 -0.15755543 2.37628722
v -0.76955414 -0.14726216 2.41481304
v -0.78517658 -0.15786719 2.40194726
v -0.78659004 -0.16010547 2.39450955
v -0.77751607 -0.16230488 2.40559888
v -0.78656745 -0.15712738 2.38963270
v -0.81894475 -0.14648569 2.34445739
v -0.81806284 -0.14979506 2.34017873
v -0.81468391 -0.15068457 2.33511925
v -0.80984008 -0.15003335 2.33406925
v -0.80555677 -0.14838475 2.33532691
v -0.81724471 -0.14313143 2.34719610
v -0.81338751 -0.14087740 2.34811044
v -0.80716443 -0.14061603 2.34745574
v -0.81920737 -0.13816017 2.34385896
v -0.82174110 -0.14033979 2.34019995
v -0.81963009 -0.14097342 2.33118343
v -0.82032430 -0.13749397 2.32907677
v -0.81703681 -0.13880089 2.32777452
v -0.81703305 -0.14420506 2.33103132
v -0.81818074 -0.13368756 2.32618952
v -0.82171679 -0.13317892 2.32730174
v -0.82139468 -0.14104354 2.33429003
v -0.82310182 -0.13661578 2.33243108
v -0.82475400 -0.13041097 2.33411479
v -0.82455468 -0.13197449 2.33044791
v -0.82324755 -0.13479736 2.33604789
v -0.82227099 -0.13876218 2.33702350
v -0.82041925 -0.14447543 2.33607364
v -0.82538426 -0.12813464 2.32865739
v -0.82301754 -0.12570286 2.32859397
v -0.82011133 -0.12915999 2.32597566
v -0.82277799 -0.13005814 2.32640862
v -0.81123585 -0.14491951 2.33124328
v -0.81312400 -0.13863203 2.32854772
v -0.81479287 -0.13284165 2.32721782
v -0.81715721 -0.12816495 2.32719326
v -0.81249201 -0.13130704 2.32919908
v -0.80998451 -0.13678953 2.33038044
v -0.81490469 -0.12750822 2.32952309
v -0.81172532 -0.12948942 2.33183289
v -0.80855089 -0.13416874 2.33336616
v -0.80508715 -0.14137977 2.33659768
v -0.80710697 -0.14393318 2.33332062
v -0.81381965 -0.12728652 2.33139944
v -0.82008767 -0.12478590 2.32993627
v -0.82261455 -0.13403472 2.33919263
v -0.82368660 -0.12903634 2.33660722
v -0.82060468 -0.13266671 2.34112573
v -0.82165539 -0.12785587 2.33814144
v -0.82605559 -0.12751749 2.33223486
v -0.82455361 -0.12566084 2.33337092
v -0.80271900 -0.14567307 2.33863163
v -0.80370009 -0.14254436 2.34380054
v -0.80601257 -0.13838950 2.34130526
v -0.80941212 -0.13158113 2.33787322
v -0.80983353 -0.13666898 2.34458852
v -0.81543291 -0.13640806 2.34508395
v -0.81755453 -0.13132745 2.34180355
v -0.81321734 -0.13074994 2.34125876
v -0.81553948 -0.12688762 2.33787227
v -0.81865656 -0.12706056 2.33860373
v -0.81286985 -0.12760317 2.33504295
v -0.81893188 -0.12478140 2.33530998
v -0.82195312 -0.12479198 2.33448935
v -0.81666791 -0.12537542 2.33553720
v -0.81527776 -0.12595606 2.33325076
v -0.81751025 -0.12514812 2.33173490
v -0.79972982 -0.14321145 2.36623240
v -0.80035770 -0.14698181 2.36238241
v -0.80344778 -0.14168695 2.35933828
v -0.80263025 -0.13777041 2.36340332
v -0.80776232 -0.15409040 2.36099052
v -0.81291085 -0.15627226 2.36450744
v -0.81570148 -0.14965349 2.36022401
v -0.81027830 -0.14765722 2.35733390
v -0.81548417 -0.15441152 2.37123656
v -0.81829178 -0.14787546 2.36676598
v -0.78872579 -0.16592643 2.36902976
v -0.79189068 -0.16966963 2.37293744
v -0.80646920 -0.16256320 2.36830735
v -0.80194497 -0.15988854 2.36443710
v -0.78434306 -0.15091634 2.37889385
v -0.78798252 -0.15108490 2.38274956
v -0.80330694 -0.15062287 2.36079907
v -0.80604392 -0.14473763 2.35744786
v -0.80112290 -0.14087188 2.37056065
v -0.80457705 -0.14040050 2.37438726
v -0.79936194 -0.14576229 2.37775040
v -0.79600263 -0.14569372 2.37373376
v -0.78290558 -0.15820205 2.36799550
v -0.78295082 -0.15397742 2.37331033
v -0.78561604 -0.16232392 2.36733651
v -0.79495120 -0.16290343 2.38464928
v -0.79263091 -0.15591639 2.38534808
v -0.80412304 -0.14871371 2.38020825
v -0.80811125 -0.15439785 2.37962151
v -0.79794550 -0.15632072 2.36384892
v -0.79442203 -0.14826959 2.36900902
v -0.79503810 -0.15218028 2.36495399
v -0.81358576 -0.14765617 2.37553644
v -0.80865586 -0.16090831 2.37505913
v -0.80771118 -0.13445666 2.37103152
v -0.81178486 -0.12676546 2.36628151
v -0.81608200 -0.12929523 2.36629939
v -0.81230831 -0.13656804 2.37162614
v -0.80909419 -0.14258134 2.37581134
v -0.81656277 -0.14128563 2.37086129
v -0.80671340 -0.13243014 2.35498071
v -0.80616301 -0.12887582 2.35945964
v -0.80934775 -0.13534042 2.35258079
v -0.79477572 -0.16961893 2.37978077
v -0.81853932 -0.13959235 2.35470104
v -0.81331974 -0.13773590 2.35242844
v -0.80761474 -0.12663481 2.36374307
v -0.80386698 -0.13522020 2.36766338
v -0.81954134 -0.13310862 2.36477780
v -0.82083583 -0.13812837 2.36043262
v -0.82126987 -0.12648991 2.35968876
v -0.82279831 -0.13068289 2.35591722
v -0.82040387 -0.13223261 2.35068321
v -0.81520808 -0.13164163 2.34942722
v -0.81121933 -0.13011581 2.35037947
v -0.81830662 -0.12336698 2.36151195
v -0.81446344 -0.12166819 2.36228251
v -0.81014818 -0.12198851 2.36093092
v -0.81812823 -0.11629844 2.35701609
v -0.82160640 -0.11813441 2.35443544
v -0.82104313 -0.11706614 2.34323907
v -0.82132506 -0.11251676 2.34013796
v -0.81830120 -0.11370406 2.33925533
v -0.81879497 -0.11929637 2.34205389
v -0.82151973 -0.12026918 2.34581876
v -0.82033712 -0.12424129 2.34606981
v -0.82249707 -0.11891663 2.34861946
v -0.82295114 -0.11466649 2.34610677
v -0.82275212 -0.10744387 2.34630489
v -0.82374674 -0.10958183 2.34287000
v -0.82173443 -0.11244008 2.34907508
v -0.82181394 -0.11646974 2.35082102
v -0.81889611 -0.10814708 2.33795381
v -0.82157075 -0.10869390 2.33830166
v -0.82314581 -0.12298030 2.35107851
v -0.81538701 -0.12628737 2.34619164
v -0.81503469 -0.11992726 2.34233189
v -0.81493777 -0.11346143 2.33969378
v -0.81565267 -0.10759896 2.33891559
v -0.81197733 -0.11239851 2.34108901
v -0.81129473 -0.11877602 2.34368134
v -0.81325537 -0.10749060 2.34074116
v -0.81018525 -0.11044693 2.34345531
v -0.80853963 -0.11633164 2.34632969
v -0.80867743 -0.12378046 2.35076284
v -0.81128430 -0.12587845 2.34776115
v -0.81185275 -0.10753292 2.34249711
v -0.82070637 -0.10359544 2.33952284
v -0.81738567 -0.10348248 2.34065223
v -0.82394481 -0.10517710 2.33967781
v -0.82002199 -0.11163801 2.35094094
v -0.82038879 -0.10645539 2.34756875
v -0.81807947 -0.11025268 2.35273147
v -0.81841129 -0.10520452 2.34873438
v -0.82340121 -0.10400313 2.34356713
v -0.82124209 -0.10280263 2.34396458
v -0.80887592 -0.12765774 2.35315347
v -0.80842721 -0.12441146 2.35734367
v -0.80810535 -0.12060034 2.35481811
v -0.80838275 -0.11305678 2.35028911
v -0.81011266 -0.11786097 2.35794353
v -0.81426823 -0.11602187 2.35818839
v -0.81489414 -0.11000282 2.35373259
v -0.81100869 -0.11077720 2.35320091
v -0.81240892 -0.10622072 2.34923244
v -0.81565094 -0.10532600 2.34943295
v -0.81007367 -0.10796630 2.34668565
v -0.81556845 -0.10299671 2.34559608
v -0.81835288 -0.10230812 2.34462857
v -0.81322843 -0.10427457 2.34634852
v -0.81221235 -0.10549301 2.34416318
v -0.81444979 -0.10420501 2.34224391
v -0.79630882 -0.13360196 2.38203192
v -0.79824841 -0.13792530 2.37916422
v -0.80025065 -0.13431126 2.37587905
v -0.79786849 -0.12985659 2.37875795
v -0.80535108 -0.14407519 2.37993646
v -0.80811149 -0.14563054 2.38332057
v -0.81040496 -0.13918635 2.37893534
v -0.80773795 -0.13877618 2.37616563
v -0.80958450 -0.14286700 2.38881493
v -0.81188035 -0.13646623 2.38302040
v -0.79100847 -0.15349212 2.38757157
v -0.79319721 -0.15621093 2.39184046
v -0.80316722 -0.15078637 2.38693023
v -0.80063802 -0.14855489 2.38267970
v -0.80161315 -0.14127705 2.37862968
v -0.80410272 -0.13696283 2.37516665
v -0.79665041 -0.13043439 2.38553929
v -0.79883540 -0.12959921 2.38839793
v -0.79377228 -0.13341793 2.39216375
v -0.79192281 -0.13419694 2.38906550
v -0.78171664 -0.14187631 2.39009571
v -0.78382534 -0.14610034 2.38688779
v -0.78735155 -0.14994067 2.38618445
v -0.79048729 -0.14680919 2.40133643
v -0.78646225 -0.14117029 2.40001917
v -0.79775006 -0.13570887 2.39517522
v -0.80202293 -0.14167711 2.39648533
v -0.79720289 -0.14505693 2.38138771
v -0.79156822 -0.13673291 2.38460898
v -0.79366356 -0.14126933 2.38178968
v -0.80736285 -0.13639280 2.39177036
v -0.80357373 -0.14833450 2.39301968
v -0.80080462 -0.12544376 2.38522935
v -0.80544817 -0.11874598 2.37827182
v -0.80972600 -0.12029964 2.37910676
v -0.80552101 -0.12700629 2.38681054
v -0.80281186 -0.13130450 2.39116049
v -0.80983865 -0.13141322 2.38643003
v -0.80297947 -0.12765759 2.37000537
v -0.80105901 -0.12358344 2.37291265
v -0.80683887 -0.13007182 2.36931038
v -0.79331571 -0.15375504 2.39800239
v -0.78298867 -0.13753870 2.39727378
v -0.81376737 -0.13115066 2.37185812
v -0.81053770 -0.13130182 2.36981535
v -0.80191869 -0.12006193 2.37630916
v -0.79818869 -0.12657142 2.38239670
v -0.81359529 -0.12400123 2.37848616
v -0.81531632 -0.12887865 2.37580895
v -0.81547976 -0.11890429 2.37291908
v -0.81742728 -0.12352613 2.37014174
v -0.81589240 -0.12622955 2.36644125
v -0.81213820 -0.12687030 2.36503291
v -0.80840719 -0.12616295 2.36512971
v -0.81097400 -0.11585405 2.37333608
v -0.80682659 -0.11533198 2.37291241
v -0.80390161 -0.11724690 2.37188578
v -0.81020617 -0.11210668 2.36919761
v -0.81459057 -0.11433715 2.36733985
v -0.81598091 -0.11592880 2.35630965
v -0.81679511 -0.11289358 2.35232377
v -0.81516701 -0.11422101 2.35132384
v -0.81501317 -0.11776134 2.35547590
v -0.81644678 -0.11811179 2.35971355
v -0.81601161 -0.12099218 2.36097908
v -0.81682140 -0.11633864 2.36229992
v -0.81720310 -0.11315382 2.35873103
v -0.81562161 -0.10758352 2.35769868
v -0.81791890 -0.10996670 2.35475659
v -0.81477153 -0.11074167 2.36155081
v -0.81548363 -0.11365360 2.36414027
v -0.81588858 -0.11061105 2.34878278
v -0.81735945 -0.11039400 2.35006499
v -0.81693041 -0.11893365 2.36523438
v -0.81247932 -0.12317854 2.36036825
v -0.81223381 -0.11906371 2.35521197
v -0.81237769 -0.11497629 2.35086036
v -0.81256670 -0.11082816 2.34882331
v -0.80916804 -0.11471158 2.35188055
v -0.80870509 -0.11889446 2.35592580
v -0.80950457 -0.11095074 2.35013771
v -0.80671191 -0.11346602 2.35344672
v -0.80555308 -0.11747438 2.35739875
v -0.80540341 -0.12160569 2.36308932
v -0.80858970 -0.12308544 2.36118984
v -0.80776685 -0.11096308 2.35180140
v -0.81601834 -0.10632280 2.35008168
v -0.81248611 -0.10620451 2.35035205
v -0.81827563 -0.10742640 2.35148644
v -0.81299627 -0.10945353 2.36337090
v -0.81347656 -0.10618827 2.35886598
v -0.80998605 -0.10865971 2.36416101
v -0.81090963 -0.10557771 2.35930181
v -0.81666636 -0.10572541 2.35456753
v -0.81495190 -0.10468990 2.35461235
v -0.80519921 -0.12408495 2.36665130
v -0.80323219 -0.12074804 2.36931682
v -0.80320293 -0.11876270 2.36559463
v -0.80350035 -0.11429143 2.35969925
v -0.80343693 -0.11523980 2.36813593
v -0.80631286 -0.11259049 2.36870360
v -0.80694431 -0.10908490 2.36379576
v -0.80416018 -0.11099178 2.36244059
v -0.80592555 -0.10790676 2.35816193
v -0.80820137 -0.10617185 2.35917258
v -0.80518419 -0.11071593 2.35551071
v -0.80915600 -0.10536510 2.35496402
v -0.81193399 -0.10440475 2.35471272
v -0.80720586 -0.10676068 2.35521626
v -0.80727410 -0.10857034 2.35298657
v -0.80940622 -0.10728097 2.35146117
v -0.78170455 -0.13903543 2.39410543
v -0.78041673 -0.12266016 2.39962053
v -0.78200436 -0.12617344 2.39772010
v -0.78421664 -0.12314758 2.39509916
v -0.78229898 -0.11992520 2.39709544
v -0.78810656 -0.13180405 2.39962006
v -0.79064566 -0.13164479 2.40324187
v -0.79309136 -0.12679380 2.39945126
v -0.79076171 -0.12735277 2.39610028
v -0.79079586 -0.12782347 2.40761447
v -0.79287100 -0.12341341 2.40331864
v -0.77506357 -0.14054081 2.40678263
v -0.77593595 -0.14203593 2.41191626
v -0.78579694 -0.13585401 2.40697837
v -0.78355861 -0.13560089 2.40273857
v -0.76778710 -0.12374568 2.40801048
v -0.76883596 -0.12313765 2.41226912
v -0.76200229 -0.12684101 2.41533709
v -0.75936753 -0.12803400 2.41182375
v -0.78479511 -0.12971392 2.39775515
v -0.78741330 -0.12569779 2.39480948
v -0.77995747 -0.11948588 2.40225029
v -0.78100950 -0.11744416 2.40540743
v -0.77787954 -0.11953205 2.40818787
v -0.77665418 -0.12113696 2.40432215
v -0.76953113 -0.13086599 2.40356612
v -0.76871157 -0.12645146 2.40458584
v -0.76025045 -0.12975681 2.40718627
v -0.76421279 -0.13337016 2.40449357
v -0.77264810 -0.13488233 2.40418887
v -0.77286536 -0.13007259 2.41895032
v -0.77049589 -0.12519282 2.41600013
v -0.78046793 -0.12102371 2.41178131
v -0.78395069 -0.12569779 2.41344380
v -0.78128231 -0.13235343 2.40047789
v -0.77683133 -0.12468356 2.40159082
v -0.77888310 -0.12833077 2.39988589
v -0.78778577 -0.12221086 2.40913892
v -0.78588760 -0.13248360 2.41201711
v -0.78281516 -0.11439744 2.40260768
v -0.78636372 -0.10949081 2.39796090
v -0.78940910 -0.10979131 2.39949751
v -0.78613299 -0.11491710 2.40504861
v -0.78408265 -0.11806786 2.40818691
v -0.79012823 -0.11811170 2.40537381
v -0.78751004 -0.11834443 2.39045191
v -0.78508943 -0.11523384 2.39275789
v -0.79067415 -0.12048942 2.39014697
v -0.77498668 -0.13884687 2.41785812
v -0.79649669 -0.12077075 2.39384341
v -0.79400229 -0.12143391 2.39104152
v -0.78481805 -0.11189502 2.39542294
v -0.78185731 -0.11673102 2.39969945
v -0.79308081 -0.11251220 2.39957142
v -0.79608959 -0.11742085 2.39758801
v -0.79546684 -0.10861349 2.39506507
v -0.79902601 -0.11360690 2.39331007
v -0.79870838 -0.11741102 2.39014745
v -0.79591233 -0.11865777 2.38788700
v -0.79251850 -0.11803156 2.38737583
v -0.79152644 -0.10608447 2.39488244
v -0.78852397 -0.10679704 2.39366055
v -0.78720313 -0.10943562 2.39189291
v -0.79348171 -0.10428399 2.39069414
v -0.79800278 -0.10629314 2.39034772
v -0.80255795 -0.11117232 2.38228059
v -0.80394918 -0.10955542 2.37908340
v -0.80277997 -0.11054644 2.37783718
v -0.80167675 -0.11295259 2.38141537
v -0.80176854 -0.11230916 2.38562369
v -0.80070627 -0.11462957 2.38658881
v -0.80125177 -0.11012113 2.38771963
v -0.80305791 -0.10842752 2.38437629
v -0.80262399 -0.10283905 2.38197684
v -0.80503714 -0.10648966 2.38123441
v -0.80114669 -0.10463113 2.38556814
v -0.80024368 -0.10685769 2.38813329
v -0.80422044 -0.10780153 2.37539315
v -0.80534977 -0.10782984 2.37704206
v -0.80023009 -0.11141104 2.39024758
v -0.79792649 -0.11661646 2.38535738
v -0.79965401 -0.11387146 2.38050747
v -0.80105799 -0.11069572 2.37634754
v -0.80196249 -0.10716864 2.37424183
v -0.79845631 -0.11025804 2.37647891
v -0.79679203 -0.11367548 2.38058949
v -0.79942042 -0.10696802 2.37472296
v -0.79611742 -0.10921049 2.37737775
v -0.79377002 -0.11233145 2.38122845
v -0.79124236 -0.11498165 2.38564706
v -0.79463911 -0.11658794 2.38513589
v -0.79762369 -0.10704842 2.37561011
v -0.80451959 -0.10377389 2.37588859
v -0.80180997 -0.10364318 2.37493849
v -0.80618960 -0.10460144 2.37812233
v -0.79889524 -0.10298517 2.38607311
v -0.80070704 -0.10108513 2.38173342
v -0.79581481 -0.10235935 2.38605070
v -0.79826069 -0.10078177 2.38100195
v -0.80419040 -0.10216177 2.37950182
v -0.80275840 -0.10115233 2.37821484
v -0.78923792 -0.11620131 2.38785458
v -0.78732330 -0.11282891 2.38965797
v -0.78889501 -0.11168414 2.38701606
v -0.79151613 -0.10945582 2.38235712
v -0.78876102 -0.10803789 2.38860965
v -0.79025763 -0.10525572 2.38987851
v -0.79320037 -0.10311961 2.38504219
v -0.79131943 -0.10565525 2.38364196
v -0.79447240 -0.10398155 2.37919164
v -0.79600805 -0.10184056 2.38010311
v -0.79450864 -0.10691738 2.37817955
v -0.79829371 -0.10247380 2.37679219
v -0.80035633 -0.10136712 2.37714052
v -0.79674929 -0.10369313 2.37688708
v -0.79722559 -0.10526931 2.37598038
v -0.79934752 -0.10427034 2.37510228
v -0.76457185 -0.12820208 2.41804767
v -0.74929357 -0.16595110 2.33822989
v -0.74833602 -0.16904178 2.33396006
v -0.74318933 -0.14976498 2.33431840
v -0.74649626 -0.15505940 2.33868957
v -0.74019629 -0.14890000 2.32775116
v -0.74035287 -0.15807879 2.32112503
v -0.73952627 -0.15282834 2.32330728
v -0.74863029 -0.16096291 2.33973622
v -0.74633116 -0.16951600 2.32852364
v -0.74264175 -0.16487309 2.32273531
v -0.75489020 -0.16494399 2.32199311
v -0.75131929 -0.16013768 2.31703544
v -0.74784750 -0.15212142 2.31669950
v -0.74639493 -0.14829639 2.32051229
v -0.74583399 -0.14611527 2.32583714
v -0.75625032 -0.16658711 2.32926512
v -0.75624877 -0.16454405 2.33401251
v -0.75432515 -0.15956721 2.33634210
v -0.76443708 -0.16256621 2.32433343
v -0.76645780 -0.15820664 2.31730008
v -0.76515830 -0.14400473 2.31222320
v -0.76927775 -0.14247200 2.31099272
v -0.76800281 -0.13942701 2.31408405
v -0.76281476 -0.14095214 2.31503534
v -0.76280522 -0.14619461 2.31316805
v -0.75823188 -0.14498165 2.31528878
v -0.76850414 -0.14957964 2.31091309
v -0.76526248 -0.15104455 2.31286693
v -0.76822007 -0.15475294 2.31392694
v -0.77184492 -0.15448913 2.31300831
v -0.77250665 -0.14756861 2.30908132
v -0.77608991 -0.14530933 2.30950189
v -0.77308661 -0.14183667 2.31032538
v -0.77333081 -0.14002854 2.31316423
v -0.76191509 -0.15299010 2.31411123
v -0.75320077 -0.14235738 2.32034636
v -0.76058966 -0.13896629 2.31940651
v -0.76768023 -0.13793853 2.31842518
v -0.77349722 -0.13985828 2.31752777
v -0.76804876 -0.13897732 2.32359338
v -0.76036763 -0.13912782 2.32519889
v -0.77322388 -0.14109588 2.32196593
v -0.76915449 -0.14223135 2.32693505
v -0.76212448 -0.14276966 2.32993293
v -0.75251675 -0.14524242 2.33203483
v -0.75128782 -0.14224270 2.32633448
v -0.77271050 -0.14280289 2.32462740
v -0.77829576 -0.14379901 2.31263804
v -0.77792269 -0.14415142 2.31731224
v -0.77265501 -0.15684703 2.31713414
v -0.77699327 -0.15425920 2.31555700
v -0.77541381 -0.15253791 2.31149697
v -0.77205777 -0.15853095 2.32224107
v -0.77710366 -0.15456492 2.32022667
v -0.77777642 -0.14959520 2.31047249
v -0.77933151 -0.14990535 2.31380582
v -0.74771363 -0.14774755 2.33209252
v -0.75125891 -0.15323713 2.33579350
v -0.75628549 -0.15138668 2.33494353
v -0.76486391 -0.14859325 2.33185911
v -0.76047343 -0.15755245 2.33441830
v -0.76320004 -0.16241929 2.33031988
v -0.77104193 -0.15775558 2.32723904
v -0.76828557 -0.15421003 2.33095241
v -0.77364337 -0.15084568 2.32722688
v -0.77581257 -0.15332144 2.32451320
v -0.77133429 -0.14657909 2.32801104
v -0.77749550 -0.14914018 2.32238412
v -0.77911806 -0.14970157 2.31843972
v -0.77556777 -0.14853033 2.32469273
v -0.77448833 -0.14562762 2.32462263
v -0.77634674 -0.14486933 2.32150912
v -0.75472701 -0.12974679 2.41374707
v -0.75568771 -0.13169950 2.40776539
v -0.74928683 -0.13255304 2.40892816
v -0.74101901 -0.13161612 2.40920019
v -0.73320019 -0.13068971 2.41594052
v -0.74154246 -0.13567927 2.40347457
v -0.75017750 -0.13632140 2.40339875
v -0.75931561 -0.13614443 2.40188146
v -0.73464483 -0.13978153 2.39928746
v -0.02337013 -0.31003127 2.31260753
v -0.02479706 -0.29269677 2.30628920
v -0.29384488 -0.27188015 2.38636327
v -0.29634228 -0.29003868 2.38633394
v -0.30185774 -0.32539520 2.43037939
v -0.29753757 -0.32551572 2.45317554
v -0.08135248 0.00064850 2.30280614
v -0.11731426 -0.08527493 2.50495219
v -0.11856601 -0.10778826 2.50663042
v -0.03935808 -0.10657215 2.52817941
v -0.06013310 -0.10282987 2.52871728
v -0.15716057 -0.05023599 2.39424229
v -0.15744476 -0.07157534 2.39239764
v -0.11798280 -0.03024581 2.33509469
v -0.11932313 -0.05334872 2.33262777
v -0.14862865 -0.02183890 2.37323213
v -0.08410732 -0.04689229 2.52633810
v -0.10353230 -0.04468238 2.51942205
v -0.09898259 -0.06789011 2.51721096
v -0.08032105 -0.07170570 2.52529621
v -0.01896569 -0.10867810 2.52312613
v -0.01979266 -0.08041766 2.52296162
v -0.16301700 -0.09958664 2.41596556
v -0.16111033 -0.10567659 2.44303894
v -0.13907410 -0.11991414 2.48951817
v -0.12199312 -0.12894675 2.50604844
v -0.10261796 -0.13877851 2.51669407
v -0.08177590 -0.14816365 2.52353787
v -0.10417295 -0.07331523 2.31321478
v -0.08520663 -0.09439188 2.29951406
v -0.15797797 -0.09363586 2.38960600
v -0.03904436 -0.06524068 2.28349185
v -0.06226845 -0.18182942 2.52742863
v -0.03817610 -0.18592978 2.52794409
v -0.15277275 -0.11225653 2.46799040
v -0.04301179 -0.24882808 2.29123092
v -0.06162702 -0.25262690 2.29231358
v -0.06121365 -0.23601007 2.28584981
v -0.04271513 -0.23155746 2.28602386
v -0.07889620 -0.23877859 2.28781343
v -0.09579024 -0.24087280 2.29163074
v -0.11140728 -0.24231523 2.29678535
v -0.14805491 -0.24201071 2.31626844
v -0.13759619 -0.24288800 2.30923700
v -0.16342443 -0.23541263 2.33493352
v -0.15683939 -0.23971123 2.32466841
v -0.16740696 -0.22701806 2.34842706
v -0.16852906 -0.21744531 2.36458516
v -0.17281093 -0.22226879 2.38579655
v -0.17058660 -0.20835757 2.38206100
v -0.16500744 -0.20346090 2.35938549
v -0.16326660 -0.21280879 2.34433699
v -0.15957239 -0.22038415 2.33091664
v -0.03142812 -0.16266903 2.28564906
v -0.02779068 -0.18740547 2.28328705
v -0.02136023 -0.32630679 2.31819129
v -0.49048582 -0.18567926 2.46832466
v -0.61793697 -0.20392299 2.39297032
v -0.01010954 -0.37637091 2.46982312
v -0.02831492 -0.38068038 2.47335887
v -0.09369444 -0.39214933 2.46854496
v -0.11190405 -0.40012288 2.45126200
v -0.07072780 -0.38405812 2.47914743
v -0.04861881 -0.37652630 2.48214269
v -0.14679350 -0.10916889 2.36248088
v -0.02925603 -0.34567505 2.49244356
v -0.04970649 -0.36554426 2.48950672
v -0.07427654 -0.37350163 2.48776174
v -0.09965097 -0.38181388 2.47834444
v -0.12496644 -0.39051402 2.46100593
v -0.14218561 -0.38804674 2.45563006
v -0.16249171 -0.36989400 2.46551037
v -0.18216401 -0.37085763 2.45791650
v -0.18622322 -0.38346076 2.44062829
v -0.17573577 -0.38379741 2.44380307
v -0.17175056 -0.36996558 2.46128798
v -0.26567733 -0.33963931 2.45941305
v -0.28371373 -0.31389996 2.47472501
v -0.27858323 -0.32779938 2.46565413
v -0.28355604 -0.29821271 2.48166776
v -0.28104222 -0.28696272 2.48489428
v -0.27414483 -0.27729535 2.48615527
v -0.26232541 -0.27162611 2.48491645
v -0.22204983 -0.26396614 2.47431421
v -0.20618774 -0.26243111 2.47090530
v -0.17658408 -0.24598536 2.48474717
v -0.16854705 -0.24199137 2.48909879
v -0.14528650 -0.22182682 2.50040698
v -0.13511617 -0.20973465 2.50490594
v -0.12453820 -0.19354203 2.51051950
v -0.13208628 0.06099027 2.53419375
v -0.12685612 0.04185152 2.52839017
v -0.10699440 0.04502273 2.53708458
v -0.11310322 0.06479269 2.54456687
v -0.05128432 0.00455856 2.53317904
v -0.02834020 0.00550592 2.53007746
v -0.16852687 0.04066122 2.47405386
v -0.17300548 0.04455888 2.44771671
v -0.14417866 0.03944570 2.51438999
v -0.15785840 0.03923869 2.49688029
v -0.17046936 0.05106378 2.42120552
v -0.11743995 0.08981341 2.34162235
v -0.09901427 0.09754729 2.32730222
v -0.05922018 0.10796732 2.30747461
v -0.03918370 0.11066055 2.30286884
v -0.16303916 0.06002891 2.39687228
v -0.07927967 0.10393488 2.31541777
v -0.15115550 0.07038146 2.37629294
v -0.13513120 0.08053923 2.35812306
v -0.07574296 0.00275844 2.53275204
v -0.08018536 0.02675354 2.53646469
v -0.10156648 0.02482712 2.53300381
v -0.05105549 -0.25775534 2.52657604
v -0.03069222 -0.25491601 2.52267647
v -0.07185265 -0.26209396 2.52878284
v -0.08795134 -0.28329232 2.52559996
v -0.09142473 -0.26684609 2.52692080
v -0.10999754 -0.27186230 2.52214336
v -0.10689402 -0.28736347 2.52049589
v -0.14263731 -0.29282108 2.50454640
v -0.14372261 -0.28018028 2.50591350
v -0.15720016 -0.28236720 2.49959183
v -0.15669544 -0.29467639 2.49947548
v -0.17969182 -0.28593838 2.48966932
v -0.16909793 -0.28407472 2.49494672
v -0.19049081 -0.28846559 2.48427534
v -0.20468199 -0.29075804 2.48386741
v -0.20389628 -0.31748015 2.48673820
v -0.19082047 -0.31516698 2.48770452
v -0.14360879 -0.30681342 2.50253201
v -0.12617552 -0.30530056 2.50904322
v -0.02885425 -0.28772169 2.51362967
v -0.01084399 -0.28366095 2.50759888
v -0.17378524 -0.20396218 2.40143347
v -0.17653337 -0.20152161 2.42212939
v -0.17674829 -0.20237124 2.44200897
v -0.17408578 -0.20683274 2.45935154
v -0.16912885 -0.21258923 2.47405887
v -0.16218145 -0.22044533 2.48651481
v -0.16151655 -0.23645294 2.49283409
v -0.15416813 -0.22949842 2.49649811
v -0.15575100 -0.24578130 2.49925828
v -0.14638345 -0.23964557 2.50397110
v -0.13283946 -0.26367861 2.51298308
v -0.13953067 -0.25104558 2.50950694
v -0.12775742 -0.27666920 2.51413107
v -0.12552735 -0.29061797 2.51275659
v -0.10696723 -0.30330369 2.51691270
v -0.08701547 -0.30020079 2.52160239
v -0.06920859 -0.32906336 2.51034355
v -0.06746703 -0.31330493 2.51641369
v -0.06704141 -0.29660392 2.52195883
v -0.06773187 -0.27987340 2.52588105
v -0.07290753 -0.41553539 2.43660831
v -0.05323459 -0.41184604 2.44564915
v -0.25557205 -0.27906519 2.48578739
v -0.26279929 -0.28439617 2.48602200
v -0.25317168 -0.28819501 2.48614454
v -0.25087386 -0.28347889 2.48605490
v -0.26663330 -0.29214165 2.48559070
v -0.26864418 -0.30322203 2.48337078
v -0.25627369 -0.30610320 2.48441648
v -0.25475866 -0.29493108 2.48610091
v -0.26853532 -0.31645691 2.47835326
v -0.25606248 -0.31797817 2.48072863
v -0.26458359 -0.32834929 2.47236824
v -0.25682822 -0.33761141 2.46772623
v -0.25137806 -0.33543205 2.47207284
v -0.25391528 -0.32842475 2.47616768
v -0.21739098 -0.34386218 2.47614145
v -0.23024838 -0.34186637 2.47406816
v -0.24242856 -0.33857369 2.47250080
v -0.21904761 -0.29291937 2.48523998
v -0.23212339 -0.29576477 2.48622155
v -0.24377108 -0.29653132 2.48658586
v -0.24435307 -0.30770403 2.48557591
v -0.23223372 -0.30674103 2.48612142
v -0.21875094 -0.30450362 2.48646331
v -0.04797607 -0.27646950 2.52312994
v -0.02897475 -0.27201542 2.51911402
v -0.17880990 -0.29847732 2.49027419
v -0.16867423 -0.29675260 2.49488640
v -0.19020556 -0.30066100 2.48687983
v -0.20433131 -0.30322823 2.48636699
v -0.17971367 -0.31251103 2.49042034
v -0.16907349 -0.31059805 2.49370742
v -0.15733629 -0.30864877 2.49755096
v -0.04759932 -0.29275858 2.51850629
v -0.01128334 -0.26858661 2.51449895
v -0.19089481 -0.34383249 2.35764670
v -0.19286875 -0.37054649 2.37024760
v -0.19466753 -0.38814056 2.39171886
v -0.19202885 -0.39171541 2.41748524
v -0.40446678 -0.18633315 2.44187832
v -0.02170040 -0.05297440 2.52378535
v -0.02472270 -0.02439708 2.52580667
v -0.04637994 -0.02341264 2.52986813
v -0.01666432 -0.18684220 2.52379918
v -0.01211178 -0.25197792 2.51877689
v -0.12147087 -0.21149626 2.29119015
v -0.10900740 -0.21101710 2.28542256
v -0.10997000 -0.22642717 2.29030657
v -0.12306848 -0.22702226 2.29627371
v -0.14164531 -0.21160612 2.30662584
v -0.13232514 -0.21172890 2.29865599
v -0.13476275 -0.22687885 2.30348325
v -0.14478633 -0.22621778 2.31139183
v -0.14939447 -0.20988294 2.31585526
v -0.15317692 -0.22433579 2.32029843
v -0.13037206 -0.19636256 2.29536915
v -0.12002350 -0.19581920 2.28808117
v -0.10806834 -0.19536358 2.28288913
v -0.14563562 -0.19611436 2.31242013
v -0.13873903 -0.19664377 2.30370402
v -0.01488261 -0.38121092 2.30736065
v -0.01813195 -0.34849256 2.32602882
v -0.01708982 -0.35720110 2.32657266
v -0.02618301 -0.20785192 2.28442025
v -0.02508348 -0.24360722 2.29166341
v -0.02527657 -0.25858882 2.29689884
v -0.02520846 -0.27528536 2.30141115
v -0.01964024 -0.33836094 2.32288694
v -0.02555700 -0.22572815 2.28769398
v -0.18114890 0.22378302 2.52000666
v -0.16501056 0.24689281 2.53610229
v -0.16823810 0.22158384 2.53632736
v -0.15492675 0.23767531 2.54736757
v -0.17662090 0.15113270 2.51301622
v -0.17582984 0.17732197 2.51948977
v -0.17766760 0.12342620 2.50890112
v -0.13565233 0.24994218 2.55742645
v -0.10983943 0.25733656 2.56377459
v -0.10596088 0.23668844 2.57300901
v -0.16314073 0.12833607 2.53256083
v -0.16332497 0.15615982 2.53607368
v -0.17414263 0.20130390 2.52749968
v -0.16225085 0.20477998 2.54321957
v -0.16075920 0.21948987 2.54479194
v -0.13121851 0.23307008 2.56499982
v -0.14961329 0.22675055 2.55400777
v -0.04377143 0.09215182 2.56337690
v -0.07315598 0.09088451 2.56310463
v -0.06873553 0.06971771 2.55329442
v -0.13857491 0.08169079 2.54119873
v -0.14900692 0.05760247 2.51934552
v -0.14780414 0.20967543 2.55685806
v -0.12852146 0.21223265 2.56960273
v -0.10320093 0.21343905 2.57946587
v -0.10211640 0.13469297 2.57639170
v -0.10140336 0.16018009 2.58104134
v -0.12543333 0.16033846 2.57082653
v -0.12593989 0.13397646 2.56630969
v -0.14338024 0.10555416 2.54700828
v -0.14600946 0.13221902 2.55189705
v -0.10058755 0.11065423 2.56868839
v -0.12350480 0.10828358 2.55989313
v -0.11883414 0.08499467 2.55267620
v -0.14672866 0.15997881 2.55560327
v -0.07232367 0.18756723 2.58724141
v -0.10187341 0.18667787 2.58248854
v -0.04221157 0.18735480 2.58336520
v -0.09718730 0.08791292 2.55959654
v -0.09207383 0.06732899 2.55051374
v -0.08457471 0.04733866 2.54209161
v -0.06862387 -0.02345878 2.53000093
v -0.26676789 0.41467738 2.33393788
v -0.05017524 0.31026906 2.39395881
v -0.03759071 0.30876231 2.42138267
v -0.19911864 0.16625905 2.40559888
v -0.20082654 0.19450086 2.48055053
v -0.18707080 0.19757891 2.50724077
v -0.09133307 0.28562444 2.33833122
v -0.07509128 0.30129278 2.35512567
v -0.18629096 0.17297238 2.37804031
v -0.15868536 0.22230542 2.33606815
v -0.06159911 0.30898827 2.37313414
v -0.16287120 0.18252152 2.53930926
v -0.14682636 0.18710351 2.55707002
v -0.12699364 0.18750048 2.57188010
v -0.07304619 0.21327370 2.58373284
v -0.04195650 0.21191418 2.57953334
v -0.05316148 0.24179673 2.31646967
v -0.04568045 0.23234624 2.31374121
v -0.03552330 0.23622853 2.31310129
v -0.03828169 0.25118959 2.31767583
v -0.11624422 0.10765105 2.34297657
v -0.09617773 0.11578846 2.32946277
v -0.05664569 0.12735325 2.31183100
v -0.03781871 0.13046730 2.30718470
v -0.16840404 0.07788897 2.39619422
v -0.07621291 0.12262338 2.31938767
v -0.15493274 0.08838284 2.37600613
v -0.13602416 0.09863955 2.35842752
v -0.39509585 0.87889349 2.44099998
v -0.40729833 0.90639579 2.43756151
v -0.40514424 0.90540946 2.45305133
v -0.39020580 0.87823761 2.45565104
v -0.40083784 0.86966002 2.48657393
v -0.39192948 0.87477732 2.47675014
v -0.41437981 0.86400163 2.49091363
v -0.42389822 0.89468992 2.49092484
v -0.43582469 0.89085090 2.48553181
v -0.42811692 0.86004579 2.48780823
v -0.43797728 0.85729754 2.47982311
v -0.45717147 0.88400257 2.44925117
v -0.45132273 0.85421312 2.44932365
v -0.44561377 0.85500836 2.46857524
v -0.45360199 0.88544476 2.46803880
v -0.45000556 0.85961807 2.42863774
v -0.45662937 0.88801265 2.42906189
v -0.43913263 0.86748588 2.41567159
v -0.40373683 0.87905014 2.42656255
v -0.41434485 0.90591872 2.42130184
v -0.41130668 0.89937627 2.48720789
v -0.40423480 0.90369511 2.47573280
v -0.38884035 0.87756658 2.46621585
v -0.40443480 0.90446651 2.46414804
v -0.41473085 0.93464506 2.44798803
v -0.41132933 0.93591058 2.43017483
v -0.42007384 0.92989719 2.48756409
v -0.41763198 0.93172336 2.47327638
v -0.44289917 0.92158926 2.48269749
v -0.43174830 0.92532670 2.49219441
v -0.46549320 0.91426539 2.46851087
v -0.44577545 0.88789070 2.47791457
v -0.45507666 0.91757929 2.47636199
v -0.46847486 0.91191888 2.45002747
v -0.46761885 0.91406429 2.42577076
v -0.42095584 0.93215525 2.41274285
v -0.41688898 0.93336058 2.46108246
v -0.52955753 0.97268951 2.26255035
v -0.53376979 0.97172987 2.26458097
v -0.53667688 0.97564280 2.26360321
v -0.52992517 0.97781289 2.26041603
v -0.48681629 0.97776735 2.23990750
v -0.49550858 0.97366190 2.24032068
v -0.49982443 0.98235142 2.24123979
v -0.48829186 0.98808455 2.24020743
v -0.52377850 0.98225009 2.25195360
v -0.51904595 0.98329163 2.25031066
v -0.51752293 0.97902238 2.24702406
v -0.52537763 0.97711289 2.24970484
v -0.55351430 0.97818506 2.30432439
v -0.55042672 0.97906816 2.30199027
v -0.54888982 0.97423303 2.30009127
v -0.55348849 0.97392797 2.30392766
v -0.54644310 0.98016703 2.28285170
v -0.54309225 0.98140275 2.28036571
v -0.54207247 0.97659504 2.27809191
v -0.54688537 0.97597396 2.28186321
v -0.49204287 0.97356308 2.26530671
v -0.49475107 0.97158635 2.25073552
v -0.48211214 0.97808731 2.24957395
v -0.47627977 0.97685349 2.26431322
v -0.47754082 0.98953879 2.25028038
v -0.48635468 0.99363756 2.25402427
v -0.48174933 0.99743748 2.26817513
v -0.47159797 0.99088252 2.26620555
v -0.49927893 0.99009621 2.25497365
v -0.49642423 0.99263918 2.26822114
v -0.50168902 0.98141468 2.26667190
v -0.50637794 0.97834051 2.25266790
v -0.52105278 0.97617257 2.27111149
v -0.52744132 0.97526014 2.25950670
v -0.51980162 0.97078836 2.25755072
v -0.51406157 0.96970189 2.26996231
v -0.51206088 0.97283590 2.25428462
v -0.50365722 0.97289455 2.26555514
v -0.50326425 0.98325682 2.26447582
v -0.50852382 0.98095655 2.25189042
v -0.51462734 0.98576880 2.25622249
v -0.50872833 0.98815358 2.26843286
v -0.51746476 0.98497140 2.27146935
v -0.52324057 0.98361099 2.25959134
v -0.52610773 0.97265995 2.26809049
v -0.52006662 0.97059786 2.27726007
v -0.52918226 0.96752930 2.28230786
v -0.53260702 0.97058952 2.27097893
v -0.52534622 0.98470032 2.27838016
v -0.51959336 0.98082078 2.27507186
v -0.52411824 0.98070467 2.26578426
v -0.52944285 0.98370230 2.26832700
v -0.53693438 0.98179519 2.27102685
v -0.53370994 0.98173189 2.28213429
v -0.53596562 0.97334802 2.28264666
v -0.53915673 0.97470200 2.27173400
v -0.54477787 0.96982396 2.28867507
v -0.54187435 0.96624935 2.29938269
v -0.54736090 0.97262847 2.30031824
v -0.54908514 0.97511876 2.28987288
v -0.53510910 0.96799815 2.29365206
v -0.53879637 0.97030890 2.28551435
v -0.53883618 0.98215926 2.29340029
v -0.53506172 0.97472394 2.29031110
v -0.53652185 0.97610962 2.28309870
v -0.54014820 0.98284364 2.28507090
v -0.54678452 0.98161304 2.28856754
v -0.54579115 0.98095310 2.29885769
v -0.55591166 0.97329009 2.31154490
v -0.55291462 0.96781361 2.31039238
v -0.55111593 0.96638227 2.31971693
v -0.55365890 0.97362375 2.32187104
v -0.54562640 0.96663761 2.31329989
v -0.54757041 0.96820223 2.30669832
v -0.54693365 0.98097861 2.31263781
v -0.54522371 0.97301042 2.31041002
v -0.54559457 0.97408855 2.30495453
v -0.54810745 0.98088491 2.30626488
v -0.55430520 0.97983813 2.30999947
v -0.55191720 0.97987592 2.31858635
v -0.47200212 0.97666657 2.27928209
v -0.49260867 0.97505486 2.28058457
v -0.49066982 0.99059808 2.24532986
v -0.46917361 0.99232543 2.28145337
v -0.49782190 0.98846245 2.24601030
v -0.49744311 0.99369979 2.28208971
v -0.47921774 0.99908197 2.28344798
v -0.49911138 0.98318589 2.27317715
v -0.52194792 0.97256577 2.25051379
v -0.51662022 0.97944105 2.28012657
v -0.51672721 0.98852289 2.28868246
v -0.51721251 0.97374117 2.24873519
v -0.51029366 0.97018921 2.28728628
v -0.52645117 0.96833491 2.30057812
v -0.53269249 0.98163521 2.26305246
v -0.53640896 0.98039544 2.26449871
v -0.53318787 0.98516893 2.30011272
v -0.53371686 0.97392178 2.29229474
v -0.54529655 0.97187626 2.28262401
v -0.54554850 0.97244084 2.31033874
v -0.54449099 0.98318577 2.31510043
v -0.54138088 0.97216594 2.28084493
v -0.53952897 0.96581566 2.31645155
v -0.55126727 0.97077858 2.30503082
v -0.55074888 0.98269594 2.32950830
v -0.55249488 0.97456348 2.33470154
v -0.54881066 0.97033834 2.30267692
v -0.54824227 0.96584904 2.33068609
v -0.41466734 0.87775934 2.41641855
v -0.42520168 0.90354967 2.41109514
v -0.42722735 0.87429845 2.41264462
v -0.44807145 0.89456666 2.41469502
v -0.43818170 0.89953911 2.40908527
v -0.43432996 0.92742288 2.40117431
v -0.45922199 0.91895759 2.40891218
v -0.44784692 0.92239797 2.40018392
v -0.47435108 0.93730891 2.47158074
v -0.47990382 0.93489230 2.45329642
v -0.45976329 0.94178903 2.47806454
v -0.43707520 0.94976270 2.49532914
v -0.44827652 0.94572234 2.48641801
v -0.44173434 0.94444549 2.38900232
v -0.42940196 0.95175660 2.40516090
v -0.45695958 0.93750942 2.38671684
v -0.47089183 0.93448722 2.39849925
v -0.46310624 0.97605288 2.29567027
v -0.45888478 0.97874749 2.31696677
v -0.47098064 0.96431661 2.31838226
v -0.48143241 0.96871412 2.29929805
v -0.49027240 0.96092749 2.32674456
v -0.49991682 0.96758711 2.30736279
v -0.50635219 0.96188438 2.33835673
v -0.51582503 0.96627891 2.31910396
v -0.52057189 0.96346986 2.35110736
v -0.53100616 0.96535671 2.33296728
v -0.53341162 0.96766543 2.36355972
v -0.54267472 0.96673191 2.34539795
v -0.54224861 0.97664535 2.36975789
v -0.55062455 0.97519171 2.35074902
v -0.46114802 0.99526966 2.29797959
v -0.45821172 0.99666011 2.31996107
v -0.47490868 1.00472283 2.30208421
v -0.47180298 1.00764644 2.32362080
v -0.49230799 1.00073338 2.30723929
v -0.48809898 1.00464547 2.32919240
v -0.54234755 0.98955667 2.36581874
v -0.54863137 0.98698103 2.34567690
v -0.50983685 0.99581110 2.31620264
v -0.50435776 0.99932349 2.33816409
v -0.52591437 0.99354684 2.32647657
v -0.51993686 0.99703276 2.34824371
v -0.53878891 0.99123681 2.33676362
v -0.53283763 0.99491429 2.35793662
v -0.46107233 0.96236026 2.34093118
v -0.47820657 0.95262170 2.34739423
v -0.49383441 0.95410883 2.35991120
v -0.50803417 0.95903647 2.37357330
v -0.52065104 0.96824658 2.38551974
v -0.53144097 0.97772634 2.39169955
v -0.49750355 0.95078325 2.40280676
v -0.50903797 0.97035491 2.41105962
v -0.51914525 0.98220885 2.41353011
v -0.49888614 0.97317111 2.43667006
v -0.50687337 0.98625982 2.43638277
v -0.48136953 0.98146188 2.47697234
v -0.49047324 0.99602246 2.47881532
v -0.49766883 0.98970807 2.45974612
v -0.48913902 0.97681487 2.45932460
v -0.49064785 0.95410430 2.43240666
v -0.48289338 0.95695984 2.45629406
v -0.47368646 0.96011555 2.47283673
v -0.48159784 1.00066543 2.49110794
v -0.47373527 0.98520386 2.48971057
v -0.46328673 0.98813212 2.50067616
v -0.46957839 1.00457036 2.49903011
v -0.44579890 0.99472022 2.50351405
v -0.45226759 1.01149952 2.50006175
v -0.43334240 1.00025070 2.48979425
v -0.43819946 1.01646245 2.48735046
v -0.45533240 0.96638119 2.49345779
v -0.46440378 0.96403396 2.48303509
v -0.44197792 0.97109210 2.49940443
v -0.43005753 0.97608793 2.48841453
v -0.43029711 0.97577631 2.46952295
v -0.43290460 0.99918544 2.46860337
v -0.43450406 1.01602185 2.46725154
v -0.45496640 0.98128688 2.34237123
v -0.45747286 0.99531305 2.34581637
v -0.48256311 0.94343662 2.38069701
v -0.46622771 0.94462264 2.36810899
v -0.44854894 0.95902944 2.37038112
v -0.44715768 0.98319244 2.36939883
v -0.45466495 0.99722064 2.37327385
v -0.44989118 1.00088525 2.39767528
v -0.44080800 0.98897588 2.39544320
v -0.46839637 1.00442982 2.34982491
v -0.46486935 1.00251138 2.37714338
v -0.45943210 1.00598347 2.40103245
v -0.44382459 1.00593913 2.41892886
v -0.43588856 0.99342167 2.41773152
v -0.44014779 1.00956714 2.43649220
v -0.43544465 0.99501002 2.43705273
v -0.43459085 0.99665046 2.45246863
v -0.43672141 1.01294696 2.45111251
v -0.42979777 0.97534454 2.44050097
v -0.43002042 0.97519803 2.45464444
v -0.42992553 0.97499526 2.42042661
v -0.43529385 0.96978652 2.39694452
v -0.53267115 0.99103224 2.38890243
v -0.52191961 0.99313295 2.41167450
v -0.50880796 0.99622333 2.43369961
v -0.49918023 1.00194883 2.45611620
v -0.48996380 1.00829589 2.47337461
v -0.48154232 1.01235998 2.48366237
v -0.45658278 1.02002823 2.49043608
v -0.47108638 1.01589286 2.49083948
v -0.44609043 1.02305210 2.48176003
v -0.44438514 1.02375054 2.46536803
v -0.44545475 1.02265632 2.45158100
v -0.45266601 1.01316226 2.42158651
v -0.44792041 1.01932395 2.43779063
v -0.41880322 0.95765686 2.42481494
v -0.42028356 0.95695817 2.44389820
v -0.42280367 0.95573437 2.45746255
v -0.42588025 0.95393288 2.48706841
v -0.42523518 0.95445001 2.47038770
v -0.48238376 1.00505602 2.35553241
v -0.49779525 1.00117791 2.36411262
v -0.51223701 0.99889553 2.37350678
v -0.52436399 0.99662101 2.38184452
v -0.51468146 0.99893248 2.40581059
v -0.50378805 1.00146401 2.39892936
v -0.49078014 1.00417793 2.39055920
v -0.47659630 1.00444925 2.38249540
v -0.50339687 1.00278699 2.42797828
v -0.49415138 1.00585723 2.42149830
v -0.48141086 1.00895798 2.41441345
v -0.47008455 1.00908840 2.40624285
v -0.46246698 1.01649392 2.42683482
v -0.47222301 1.01555669 2.43499589
v -0.48421341 1.01196754 2.44153833
v -0.49226230 1.00859785 2.44877362
v -0.48359859 1.01331961 2.46487784
v -0.47555381 1.01611650 2.45716119
v -0.46545795 1.01937282 2.45037961
v -0.45713082 1.02088356 2.44321895
v -0.47660032 1.01631927 2.47408032
v -0.46021995 1.02158844 2.48193169
v -0.46940041 1.01885808 2.48025751
v -0.45312861 1.02405298 2.47698426
v -0.45252216 1.02403808 2.46576238
v -0.45428085 1.02297246 2.45479727
v -0.46169722 1.02098691 2.45986199
v -0.45925134 1.02203071 2.46754622
v -0.47069731 1.01806176 2.46601820
v -0.46594423 1.01972234 2.47262812
v -0.45780125 1.02256906 2.47376800
v -0.46157289 1.02123559 2.47621274
v -0.47839931 0.93636525 2.42226791
v -0.31855810 0.59954560 2.35513496
v -0.30228579 0.60251331 2.35867333
v -0.33316553 0.59067059 2.35659051
v -0.16758654 0.18632817 2.35464668
v -0.10040851 -0.00388080 2.31887722
v -0.10294137 -0.04927409 2.31536984
v -0.10111256 -0.02608401 2.31735826
v -0.18303160 0.20639056 2.35245848
v -0.14803442 -0.08723855 2.36675286
v -0.12535173 -0.24305299 2.30253839
v 0.47400618 0.98586130 2.46231794
v 0.47879782 0.97973275 2.44244719
v 0.46928209 0.96717870 2.44342422
v -0.01414694 -0.47132909 2.19369936
v -0.07470609 -0.47277451 2.26987267
v -0.07360695 -0.46846449 2.27975035
v -0.06954759 -0.45548475 2.27775383
v -0.07115512 -0.46034563 2.26682591
v -0.06419329 -0.44283897 2.27480698
v -0.06757309 -0.44989270 2.26481152
v -0.05824460 -0.43164980 2.27024484
v -0.06280936 -0.43968368 2.26171613
v -0.05283089 -0.42339087 2.26319337
v -0.05753095 -0.43184304 2.25636935
v -0.03838252 -0.41093332 2.24459219
v -0.03659010 -0.40739393 2.25028348
v -0.03043951 -0.40195602 2.24455762
v -0.03110099 -0.40416300 2.23889804
v -0.02283761 -0.39742529 2.23918557
v -0.02377017 -0.39950430 2.23386669
v -0.01539444 -0.39526010 2.23619437
v -0.01564106 -0.39696079 2.23074937
v -0.00569802 -0.39473891 2.23443317
v -0.00583563 -0.39650375 2.22889304
v -0.00616209 -0.40403986 2.22172141
v -0.01525670 -0.40415037 2.22290754
v -0.01570274 -0.40007436 2.22621775
v -0.00598673 -0.39954942 2.22497463
v -0.02250452 -0.40629065 2.22619939
v -0.02360420 -0.40233922 2.22973108
v -0.02924866 -0.41061223 2.23002911
v -0.03075977 -0.40708190 2.23416567
v -0.03724056 -0.41725671 2.23432970
v -0.03852998 -0.41394019 2.23948646
v -0.04339482 -0.42404550 2.23587847
v -0.04591052 -0.42302173 2.24141455
v -0.01441393 -0.39455926 2.24320149
v -0.00593110 -0.39381111 2.24078178
v -0.02169821 -0.39654219 2.24625254
v -0.02838625 -0.40002632 2.25081539
v -0.03366187 -0.40440130 2.25608730
v -0.04626581 -0.41632915 2.25578690
v -0.03995090 -0.41019207 2.26286960
v -0.04743453 -0.41792518 2.26895380
v -0.05333007 -0.42656940 2.27678776
v -0.06084834 -0.43870836 2.28279400
v -0.06749295 -0.45299798 2.28707600
v -0.07163919 -0.46735251 2.28886485
v -0.07565758 -0.47793019 2.28165913
v -0.02178888 -0.41038561 2.22424459
v -0.01483870 -0.40865666 2.22109890
v -0.02791271 -0.41394603 2.22768927
v -0.03514385 -0.42016548 2.23052979
v -0.04062841 -0.42594093 2.23118496
v -0.04603759 -0.43734241 2.22647142
v -0.04459570 -0.43167514 2.22958422
v -0.04456942 -0.44816840 2.21843338
v -0.04578120 -0.44287515 2.22251844
v -0.05248914 -0.45672339 2.22028780
v -0.05398350 -0.44961464 2.22699356
v -0.05009207 -0.44558084 2.22502232
v -0.04859246 -0.45198941 2.21952987
v -0.05619466 -0.46316898 2.22069335
v -0.05806496 -0.45539504 2.22879839
v -0.01348579 -0.39407957 2.24939609
v -0.00602739 -0.39360267 2.24825478
v -0.01978680 -0.39588350 2.25235248
v -0.02541788 -0.39874828 2.25721407
v -0.02972613 -0.40207988 2.26309681
v -0.03443477 -0.40622312 2.26981282
v -0.03976125 -0.41218787 2.27675796
v -0.04700131 -0.42047876 2.28406262
v -0.05644864 -0.43337077 2.29113340
v -0.06487754 -0.45098364 2.29517269
v -0.06945374 -0.46585870 2.29687095
v -0.02532402 -0.40193397 2.27845240
v -0.02177682 -0.39996946 2.27207303
v -0.01873826 -0.39824194 2.26677179
v -0.01561425 -0.39659882 2.26230311
v -0.01142737 -0.39608806 2.26328993
v -0.00583387 -0.39594549 2.26371312
v -0.01033344 -0.39706856 2.27180958
v -0.00515206 -0.39686233 2.27150726
v -0.01209652 -0.39640683 2.27752900
v -0.00447165 -0.39584976 2.27748704
v -0.01412281 -0.39504588 2.28247786
v -0.00495647 -0.39628130 2.28612328
v -0.04825332 -0.43129873 2.23409295
v -0.05163777 -0.43243957 2.23879170
v -0.05387282 -0.44148350 2.23363924
v -0.05820284 -0.44636470 2.23704028
v -0.05584027 -0.43583018 2.24397111
v -0.05018909 -0.43846935 2.23017526
v -0.06127648 -0.44223493 2.24929380
v -0.06282685 -0.45300549 2.24049067
v -0.06217698 -0.46237606 2.23036385
v -0.06638392 -0.46001118 2.24291515
v -0.06573137 -0.45028150 2.25327086
v -0.06575181 -0.46820140 2.23294997
v -0.06867700 -0.47373396 2.23533869
v -0.06899631 -0.46629459 2.24486279
v -0.06880522 -0.45801741 2.25494695
v -0.04956051 -0.42325509 2.24883914
v -0.07150593 -0.46594656 2.25719118
v -0.07133336 -0.47948480 2.23765898
v -0.07154908 -0.47308820 2.24725914
v -0.07390691 -0.48690343 2.24044561
v -0.07456223 -0.48157036 2.25183988
v -0.07476972 -0.47650295 2.26154089
v -0.07741926 -0.48400903 2.27450609
v -0.00652063 -0.40853548 2.21975565
v 0.46694633 0.94519365 2.41605783
v 0.46145350 0.94791281 2.44107151
v 0.45468861 0.95028841 2.45878911
v 0.46731809 0.99053967 2.47579169
v 0.45815843 0.97500908 2.47562337
v 0.44933817 0.97773921 2.48783708
v 0.45633072 0.99442351 2.48560858
v 0.43251076 0.98480213 2.49280286
v 0.43941060 1.00206423 2.48867035
v 0.41875413 0.99099338 2.48083544
v 0.42427200 1.00755084 2.47771478
v 0.43924290 0.95638216 2.48146367
v 0.44678512 0.95424199 2.46999526
v 0.42696676 0.96115208 2.48900843
v 0.41411883 0.96669531 2.47943425
v 0.41208047 0.96652901 2.46071529
v 0.41551900 0.99036252 2.45990324
v 0.41793245 1.00755489 2.45803761
v 0.42257398 0.97287357 2.33125639
v 0.42502937 0.98657715 2.33474851
v 0.45294133 0.93565643 2.36512065
v 0.43563670 0.93678772 2.35483193
v 0.41897199 0.95151269 2.35948753
v 0.41761431 0.97504866 2.35911679
v 0.42502472 0.98866856 2.36260486
v 0.42351180 0.99252498 2.38741565
v 0.41396156 0.98097515 2.38634157
v 0.43614703 0.99510550 2.33717012
v 0.43558580 0.99334753 2.36499500
v 0.43344244 0.99711740 2.38950467
v 0.42073855 0.99756205 2.40921402
v 0.41274226 0.98523843 2.40891027
v 0.41927937 1.00120592 2.42711329
v 0.41411623 0.98682439 2.42826366
v 0.41515541 0.98814857 2.44376397
v 0.41794673 1.00441742 2.44208574
v 0.40821099 0.96740425 2.43203259
v 0.40989754 0.96669495 2.44608378
v 0.40698913 0.96697414 2.41212749
v 0.40901333 0.96191525 2.38830352
v 0.50450891 0.98079491 2.36693144
v 0.49659461 0.98295486 2.39101076
v 0.48690584 0.98618591 2.41471887
v 0.48025709 0.99199426 2.43834043
v 0.47371703 0.99840093 2.45681691
v 0.46685937 1.00264716 2.46826792
v 0.44330809 1.01094663 2.47864294
v 0.45741820 1.00641692 2.47700286
v 0.43187827 1.01435673 2.47126508
v 0.42779246 1.01548922 2.45523524
v 0.42731693 1.01427889 2.44125938
v 0.43045929 1.00457513 2.41062355
v 0.42813274 1.01085162 2.42728734
v 0.39510840 0.95029199 2.41719723
v 0.39852270 0.94902503 2.43592787
v 0.40225869 0.94738448 2.44877863
v 0.40882981 0.94400454 2.47769976
v 0.40615094 0.94546878 2.46104574
v 0.45042592 0.99536657 2.34082842
v 0.46644118 0.99152911 2.34719777
v 0.48216182 0.98921371 2.35447693
v 0.49538463 0.98661673 2.36118484
v 0.48909032 0.98885512 2.38628173
v 0.47739851 0.99180591 2.38098979
v 0.46290189 0.99480808 2.37466669
v 0.44789940 0.99508488 2.36862850
v 0.48114857 0.99280620 2.40981460
v 0.47132626 0.99628723 2.40466070
v 0.45776987 0.99976742 2.39947152
v 0.44484672 0.99999094 2.39316607
v 0.44096017 1.00775230 2.41446352
v 0.45180306 1.00663912 2.42104602
v 0.46435040 1.00258195 2.42591643
v 0.47312617 0.99888003 2.43200111
v 0.46638668 1.00387585 2.44933987
v 0.45789027 1.00695479 2.44264340
v 0.44687349 1.01067746 2.43744493
v 0.43799973 1.01233900 2.43132257
v 0.46091905 1.00700414 2.45934296
v 0.44596827 1.01275790 2.46949840
v 0.45471296 1.00975394 2.46654749
v 0.43844667 1.01537120 2.46552038
v 0.43638816 1.01559138 2.45438814
v 0.43664154 1.01453507 2.44322276
v 0.44465575 1.01232469 2.44723463
v 0.44321758 1.01339364 2.45521069
v 0.45398003 1.00911236 2.45225191
v -0.07036324 -0.48692244 2.30581069
v -0.02828074 -0.45223254 2.20791888
v -0.02316396 -0.45342958 2.20446825
v 0.45044518 1.01079190 2.45938921
v 0.44264999 1.01386154 2.46164465
v -0.01833682 -0.45301872 2.20082355
v -0.01470488 -0.45239294 2.19819427
v -0.01096034 -0.45169723 2.19677615
v 0.44660798 1.01239860 2.46358728
v 0.45297271 0.92860305 2.40706038
v 0.29180112 0.59594262 2.32267618
v 0.27631822 0.59864545 2.32774186
v -0.00472064 -0.38793361 2.29542851
v -0.00882746 -0.52012742 2.17725968
v -0.00496162 -0.39233649 2.28944540
v -0.00617210 -0.42698658 2.22811222
v -0.01041096 -0.63216609 2.21624160
v -0.00672686 -0.41343576 2.21828175
v -0.00630625 -0.43034196 2.22404456
v -0.00804948 -0.47552621 2.17512131
v -0.00635522 -0.41860718 2.21763706
v -0.00648975 -0.42679167 2.20905447
v -0.00677723 -0.43263960 2.20817041
v -0.01032194 -0.55827045 2.17160940
v -0.00670862 -0.42984653 2.20787764
v -0.00731302 -0.45390350 2.19536734
v -0.00800568 -0.47033238 2.17353797
v -0.00678208 -0.43460280 2.20892167
v -0.00264884 -0.50075364 2.37205148
v -0.00647617 -0.42433780 2.21202040
v -0.00653046 -0.43439031 2.21726513
v -0.00671626 -0.43535668 2.21092463
v -0.00630907 -0.44538361 2.21797681
v -0.00736327 -0.45147932 2.19704461
v -0.00827005 -0.49701291 2.18088365
v -0.00448616 -0.54404789 2.37777758
v -0.00834299 -0.49333888 2.17979527
v -0.01020507 -0.58951455 2.17795515
v -0.00977315 -0.57038522 2.17250323
v -0.00821692 -0.48052073 2.17650175
v -0.00729721 -0.60744965 2.36514974
v -0.00731261 -0.62313622 2.35628343
v -0.00992358 -0.53977555 2.17356348
v -0.00961531 -0.65661269 2.27714682
v -0.00791463 -0.46567374 2.17282128
v -0.00730478 -0.45636964 2.18804574
v -0.01072705 -0.61551082 2.19519830
v -0.00538820 -0.57449222 2.37402582
v -0.00938215 -0.65576130 2.30465770
v -0.00665394 -0.43718696 2.20449066
v -0.01061398 -0.62418926 2.20485306
v -0.00655554 -0.43682241 2.20789337
v -0.00751174 -0.45699310 2.17968106
v -0.00495303 -0.55906385 2.37674308
v -0.00656788 -0.58743382 2.37108755
v -0.00711229 -0.44536781 2.19939280
v -0.00728545 -0.44910818 2.19839716
v -0.00929447 -0.65770787 2.29107904
v -0.00904969 -0.52646172 2.17546558
v -0.00710561 -0.44289410 2.19942760
v -0.00827033 -0.50687253 2.18218994
v -0.00692647 -0.44047129 2.20008683
v -0.00434699 -0.38469601 2.30220461
v -0.00815420 -0.64202172 2.33378625
v -0.00680475 -0.43863219 2.20216084
v -0.00647091 -0.43986022 2.21216917
v -0.00826259 -0.48522282 2.17775321
v -0.00635813 -0.44285262 2.21579289
v -0.01017221 -0.54778260 2.17264247
v -0.00731250 -0.45575637 2.19294214
v -0.00731981 -0.45619327 2.19204569
v -0.00826366 -0.50379717 2.18230748
v -0.00973413 -0.58037335 2.17507935
v -0.00830698 -0.50954658 2.18146563
v -0.00727109 -0.45525861 2.19388747
v -0.00767198 -0.63482010 2.34391069
v -0.01039709 -0.65300500 2.25860000
v -0.01060255 -0.64814979 2.24588990
v -0.00823270 -0.50045180 2.18195963
v -0.00832465 -0.48966074 2.17882895
v -0.00196284 -0.49274457 2.37382984
v -0.00763742 -0.45922130 2.17573619
v -0.00775894 -0.46170038 2.17374849
v -0.01068638 -0.60666466 2.18750787
v -0.00443564 -0.53349334 2.37748122
v -0.01060556 -0.64040136 2.22987342
v -0.01053555 -0.59815997 2.18169379
v -0.00366970 -0.51264024 2.37450886
v -0.00417268 -0.52406311 2.37650990
v -0.00743433 -0.45640582 2.18179560
v -0.00837628 -0.51267803 2.18029094
v -0.00737887 -0.45622158 2.18523717
v -0.00881180 -0.65124655 2.31823087
v -0.00731131 -0.45642853 2.19036913
v 0.30667323 0.58691514 2.32212806
v 0.12823747 0.18421954 2.33910131
v 0.07002323 0.00300568 2.31254840
v 0.07674561 -0.04155761 2.30714726
v 0.07284673 -0.01862073 2.31021619
v 0.14314753 0.20401990 2.33425093
v 0.12915905 -0.07542741 2.35363483
v 0.10662270 -0.23707175 2.28850937
v -0.00094362 -0.47183770 2.19352508
v 0.06195968 -0.47544640 2.26637459
v 0.06168205 -0.47089237 2.27605271
v 0.05799262 -0.45779008 2.27428818
v 0.05866477 -0.46286619 2.26364422
v 0.05299351 -0.44505483 2.27157474
v 0.05529459 -0.45235723 2.26181269
v 0.04682651 -0.43384260 2.26695466
v 0.05064351 -0.44210529 2.25880933
v -0.01202647 -0.45771724 2.18199062
v -0.01096032 -0.45725036 2.18487930
v 0.04157976 -0.42533958 2.25999808
v 0.04587356 -0.43398517 2.25336266
v -0.02351705 -0.50549656 2.20187449
v -0.01570749 -0.45987171 2.19484615
v -0.01492395 -0.47944158 2.18124986
v -0.02226945 -0.50539553 2.20097089
v 0.02698148 -0.41252214 2.24251962
v 0.02574109 -0.40862334 2.24805140
v 0.01888806 -0.40307945 2.24285078
v 0.01984519 -0.40546864 2.23720217
v -0.01758849 -0.46066803 2.19609618
v 0.01204354 -0.39839703 2.23801517
v 0.01268772 -0.40046382 2.23260832
v 0.00347830 -0.39573383 2.23562455
v 0.00356844 -0.39745027 2.23008895
v -0.01460183 -0.48789275 2.18338370
v -0.01641711 -0.50064433 2.19198465
v 0.00288449 -0.40474504 2.22229981
v 0.00325413 -0.40059960 2.22555065
v -0.01468189 -0.48361462 2.18213058
v -0.02256699 -0.46310699 2.19482684
v -0.02097512 -0.46104932 2.19695497
v -0.01472295 -0.46253169 2.17731977
v -0.01570407 -0.46575338 2.17718554
v 0.01076275 -0.40728199 2.22513771
v -0.01538047 -0.46010727 2.18027329
v -0.01261909 -0.45840180 2.18049049
v 0.01215653 -0.40333784 2.22847223
v -0.02518913 -0.50523168 2.20167494
v -0.03576783 -0.50880045 2.20707464
v -0.01392448 -0.46061397 2.17812490
v -0.01089585 -0.45846558 2.17836809
v -0.02841273 -0.50694948 2.20360994
v -0.02448031 -0.50529742 2.20186138
v -0.01941943 -0.46359819 2.18465853
v -0.01515719 -0.49809295 2.18815565
v 0.01724098 -0.41195542 2.22869968
v 0.01903419 -0.40845615 2.23262358
v 0.02534642 -0.41894954 2.23272848
v 0.02693023 -0.41571414 2.23740149
v -0.02161748 -0.46383572 2.18961334
v 0.03140979 -0.42593151 2.23374987
v 0.03380853 -0.42501265 2.23901248
v 0.00243199 -0.39499098 2.24265051
v -0.02603094 -0.50536549 2.20181608
v -0.02661857 -0.50563961 2.20194364
v -0.01547418 -0.47472173 2.18005586
v 0.00975559 -0.39731759 2.24522996
v 0.01663994 -0.40091443 2.24918962
v 0.02255139 -0.40544426 2.25401521
v 0.03479387 -0.41800636 2.25308561
v -0.03098045 -0.50704151 2.20337868
v -0.01054339 -0.45757425 2.19023180
v -0.01782397 -0.46202374 2.18246222
v -0.01651130 -0.46092182 2.18119383
v -0.01112465 -0.45779204 2.19229507
v 0.02881924 -0.41132993 2.26023746
v 0.03645634 -0.41936195 2.26587653
v -0.01983691 -0.50406152 2.19885421
v 0.04266739 -0.42828143 2.27342916
v -0.01481220 -0.49479550 2.18564653
v -0.01469212 -0.49131620 2.18403435
v 0.05006988 -0.44057232 2.27926064
v 0.05636178 -0.45504916 2.28325701
v -0.01052724 -0.45737153 2.18749905
v 0.05969040 -0.46962947 2.28497124
v 0.06350926 -0.48049963 2.27784991
v 0.00955649 -0.41136307 2.22324395
v 0.00220681 -0.40919441 2.22048259
v 0.01567315 -0.41524899 2.22636962
v -0.01601165 -0.46993643 2.17809629
v 0.02305640 -0.42175347 2.22909164
v 0.02854722 -0.42764902 2.22947550
v 0.03301306 -0.43914419 2.22445250
v -0.01352194 -0.45893198 2.19357085
v 0.03191829 -0.43344629 2.22759962
v 0.03082243 -0.44982147 2.21667242
v 0.03221860 -0.44460279 2.22078848
v 0.03830239 -0.45863146 2.21808720
v 0.03993593 -0.45171821 2.22477698
v 0.03628132 -0.44755489 2.22284245
v -0.00752949 -0.45788240 2.17767978
v -0.01317258 -0.45930362 2.17927647
v 0.03461951 -0.45375639 2.21754193
v 0.04174023 -0.46521062 2.21839046
v 0.04399561 -0.45755500 2.22643566
v 0.00169603 -0.39439148 2.24896359
v -0.03838373 -0.51587188 2.19073915
v -0.03823920 -0.51440650 2.19368792
v 0.00816051 -0.39647818 2.25145912
v 0.01381423 -0.39947176 2.25575137
v 0.01818731 -0.40291077 2.26136637
v 0.02305553 -0.40720123 2.26771402
v 0.02959740 -0.41318977 2.27409887
v 0.03791615 -0.42170507 2.28090572
v -0.03165977 -0.51746291 2.18432641
v -0.01337505 -0.51651096 2.17940140
v -0.01874911 -0.51688391 2.18035841
v 0.04656659 -0.43494028 2.28742361
v -0.03823771 -0.51126486 2.19707918
v -0.03848291 -0.51000410 2.19908762
v -0.03788008 -0.51307213 2.19614291
v -0.03856629 -0.50969988 2.19755816
v -0.03855018 -0.51022780 2.19688272
v 0.05473742 -0.45272595 2.29108834
v -0.03757010 -0.51287168 2.19734979
v 0.05848944 -0.46791583 2.29256415
v -0.03766596 -0.51271844 2.19755340
v 0.01609903 -0.40280443 2.27717352
v -0.03659860 -0.51741189 2.18730164
v 0.01126646 -0.40060586 2.27110982
v 0.00773341 -0.39881253 2.26586580
v -0.03785250 -0.51221645 2.19743657
v -0.03866301 -0.51029700 2.20089030
v 0.00486260 -0.39706033 2.26158500
v -0.03936417 -0.51038605 2.20579576
v 0.00040885 -0.39637101 2.26292968
v -0.00854757 -0.51629728 2.17886972
v -0.03081528 -0.52695656 2.17746353
v -0.06080716 -0.53343701 2.19927502
v 0.00018953 -0.39727283 2.27166295
v -0.06365594 -0.52934611 2.20412540
v 0.00314210 -0.39677376 2.27725482
v -0.05575067 -0.49356186 2.21320653
v -0.05842012 -0.49544626 2.21521688
v -0.02778477 -0.52076513 2.17900777
v 0.00530877 -0.39561534 2.28202105
v 0.03558217 -0.43325311 2.23180032
v 0.03866429 -0.43448722 2.23643327
v 0.04035686 -0.44361132 2.23127580
v 0.04463993 -0.44858754 2.23456240
v -0.03673706 -0.54904121 2.17786217
v -0.04181020 -0.61192065 2.20532942
v -0.03479854 -0.54084450 2.17740917
v -0.04899382 -0.53520137 2.18661666
v 0.04325393 -0.43794292 2.24128723
v -0.04210268 -0.60425478 2.19820452
v 0.03695859 -0.44049984 2.22780848
v 0.04855663 -0.44444537 2.24649096
v 0.04902018 -0.45532125 2.23796129
v 0.04785347 -0.46467519 2.22785521
v 0.05248865 -0.46257514 2.24007964
v -0.05631042 -0.53601879 2.19325161
v 0.05269602 -0.45275700 2.25052071
v -0.06318507 -0.50297099 2.21957183
v -0.01596663 -0.53282249 2.17450070
v -0.06476095 -0.50916433 2.21971869
v 0.05140240 -0.47078657 2.23022962
v -0.02405348 -0.53293335 2.17507887
v -0.03759020 -0.64647025 2.26049042
v 0.05457163 -0.47655964 2.23233366
v 0.05498971 -0.46901846 2.24191689
v 0.05557955 -0.46054941 2.25208306
v 0.03776572 -0.42524177 2.24617338
v -0.02211735 -0.51411194 2.18475771
v 0.05796906 -0.46862471 2.25409555
v -0.04591637 -0.49236625 2.20778370
v -0.04895739 -0.49242842 2.20922327
v 0.05696931 -0.48239309 2.23458529
v -0.04129841 -0.64084065 2.25038815
v -0.06218440 -0.49989533 2.21859360
v -0.04095848 -0.57065839 2.18050766
v -0.01783167 -0.50920659 2.18957829
v -0.01933946 -0.51169306 2.18824339
v -0.04166595 -0.58007437 2.18401575
v 0.05718119 -0.47600871 2.24410892
v 0.05960898 -0.48974937 2.23735237
v 0.06075640 -0.48459744 2.24841928
v -0.04204678 -0.58874655 2.18783498
v 0.06127341 -0.47954088 2.25806761
v 0.06464483 -0.48680693 2.27078462
v -0.04170347 -0.61957288 2.21429777
v -0.02951474 -0.49476171 2.20312715
v 0.05894705 -0.48891491 2.30109525
v 0.01405262 -0.45313668 2.20710683
v 0.00887354 -0.45412642 2.20384026
v -0.06564286 -0.52453744 2.20902395
v -0.06631807 -0.51926297 2.21343899
v -0.04203140 -0.63458240 2.23762560
v -0.03863941 -0.49261057 2.20532465
v -0.06571697 -0.51428062 2.21711993
v -0.02585069 -0.65239143 2.26684809
v 0.00397203 -0.45351446 2.20045280
v -0.06075271 -0.49736208 2.21701145
v 0.00023807 -0.45281512 2.19783998
v -0.00364443 -0.45193571 2.19655514
v -0.04156889 -0.53436989 2.18122315
v -0.04239352 -0.49231356 2.20651197
v -0.01701781 -0.50654465 2.19185901
v -0.02467812 -0.49668247 2.20170665
v -0.02150545 -0.49907887 2.19954658
v -0.04216484 -0.59655148 2.19241786
v -0.01903573 -0.50121653 2.19731641
v -0.01725209 -0.50379586 2.19410062
v -0.03420176 -0.49326712 2.20392108
v -0.03910892 -0.55918658 2.17794275
v -0.04166761 -0.62733471 2.22518778
v -0.05227381 -0.49292046 2.21114111
v -0.00993286 -0.65519369 2.26867270
v -0.00937679 -0.53270215 2.17446971
v -0.01794750 -0.50240690 2.19558620
v -0.02489776 -0.51722002 2.18194246
v -0.03308414 -0.53343946 2.17715502
v -0.00627826 -0.42185777 2.21521044
v -0.03379714 -0.44250584 2.21451283
v -0.03509227 -0.44076121 2.21700835
v -0.03448961 -0.43533188 2.22170091
v -0.02627933 -0.44612378 2.20735717
v -0.03064129 -0.44433457 2.21151209
v -0.02474484 -0.42564273 2.21920037
v -0.03556952 -0.43911600 2.21906710
v -0.01875249 -0.42312956 2.21707201
v -0.03545187 -0.43729079 2.22065544
v -0.01318095 -0.42201185 2.21559262
v -0.00725767 -0.44723517 2.19892836
v -0.01648360 -0.44774127 2.20009708
v -0.01172026 -0.44753778 2.19854212
v -0.02130713 -0.44732749 2.20323801
v -0.03269543 -0.43260658 2.22207427
v -0.02947037 -0.42929685 2.22165942
v -0.00317134 -0.45795244 2.18189049
v -0.00412925 -0.45751429 2.18483663
v 0.00770628 -0.50618112 2.20122504
v 0.00098445 -0.46040726 2.19443035
v -0.00118646 -0.47971374 2.18103886
v 0.00622893 -0.50596225 2.20060182
v 0.00285353 -0.46125162 2.19566393
v -0.00158609 -0.48816538 2.18309546
v 0.00035888 -0.50115865 2.19152021
v -0.00144105 -0.48389989 2.18190503
v 0.00772895 -0.46385032 2.19406462
v 0.00628931 -0.46175480 2.19629002
v -0.00094413 -0.46281743 2.17705011
v -0.00014211 -0.46604651 2.17698789
v 0.00000402 -0.46046197 2.18002033
v -0.00264312 -0.45864975 2.18036580
v 0.00927859 -0.50594467 2.20096374
v 0.01991643 -0.50990397 2.20571113
v -0.00157531 -0.46087474 2.17792439
v -0.00434405 -0.45862681 2.17830086
v 0.01259713 -0.50777668 2.20265436
v 0.00872218 -0.50605571 2.20104885
v 0.00413042 -0.46418273 2.18411589
v -0.00103515 -0.49853569 2.18781662
v 0.00652816 -0.46452260 2.18890619
v 0.01020114 -0.50615764 2.20094872
v 0.01081246 -0.50643378 2.20106316
v -0.00048717 -0.47501677 2.17980218
v 0.01506161 -0.50794375 2.20229220
v -0.00428508 -0.45785320 2.19001007
v 0.00241911 -0.46250862 2.18207979
v 0.00109376 -0.46134818 2.18088579
v -0.00369696 -0.45814496 2.19205141
v 0.00415924 -0.50473750 2.19814253
v -0.00136738 -0.49514097 2.18532610
v -0.00156139 -0.49162883 2.18372703
v -0.00447600 -0.45764989 2.18747878
v -0.00003072 -0.47025841 2.17791820
v -0.00127929 -0.45937455 2.19321084
v -0.00215353 -0.45955402 2.17912865
v 0.02151186 -0.51727611 2.18944550
v 0.02155903 -0.51573199 2.19230700
v 0.01411095 -0.51837498 2.18370414
v -0.00402301 -0.51660752 2.17940569
v 0.00105706 -0.51715022 2.18022871
v 0.02165447 -0.51255184 2.19576478
v 0.02182806 -0.51125389 2.19778514
v 0.02132508 -0.51439244 2.19481277
v 0.02187486 -0.51097357 2.19626498
v 0.02190118 -0.51152039 2.19559169
v 0.02104988 -0.51416528 2.19604683
v 0.02110201 -0.51398540 2.19624043
v 0.01931942 -0.51869529 2.18637443
v 0.02127206 -0.51350594 2.19610023
v 0.02206369 -0.51160949 2.19956946
v 0.02308682 -0.51169258 2.20437622
v 0.01234805 -0.52784401 2.17677093
v 0.04276759 -0.53578794 2.19679523
v 0.04615988 -0.53173304 2.20140171
v 0.04052980 -0.49566275 2.21097541
v 0.04305601 -0.49768645 2.21289062
v 0.00971554 -0.52143145 2.17844057
v 0.01682082 -0.55067116 2.17711258
v 0.02072725 -0.61323380 2.20396829
v 0.01543394 -0.54220355 2.17667556
v 0.03031140 -0.53709638 2.18494487
v 0.02104859 -0.60562098 2.19680858
v 0.03765579 -0.53839314 2.19107604
v 0.04762502 -0.50550604 2.21713972
v -0.00305495 -0.53299332 2.17433405
v 0.04914985 -0.51168245 2.21700072
v 0.00515638 -0.53354973 2.17463851
v 0.01710442 -0.64750338 2.25898218
v 0.00482632 -0.51452637 2.18448591
v 0.03055221 -0.49412268 2.20608687
v 0.03354180 -0.49431473 2.20742631
v 0.02083779 -0.64223790 2.24867249
v 0.04674907 -0.50232190 2.21619463
v 0.02057756 -0.57192582 2.17954803
v 0.00132653 -0.50947040 2.18929958
v 0.00266162 -0.51207244 2.18786430
v 0.02136997 -0.58120257 2.18257809
v 0.02142374 -0.58983505 2.18661213
v 0.02095599 -0.62087172 2.21286297
v 0.01366237 -0.49558699 2.20229816
v 0.04868874 -0.52701300 2.20610213
v 0.04977774 -0.52192611 2.21018982
v 0.02120196 -0.63603693 2.23590326
v 0.02346009 -0.49404645 2.20387030
v 0.04998868 -0.51676649 2.21416044
v 0.00542884 -0.65290344 2.26591873
v 0.04528568 -0.49973798 2.21469188
v 0.02267808 -0.53609776 2.18000245
v 0.02706388 -0.49393880 2.20497775
v 0.00086395 -0.50700492 2.19126344
v 0.00909700 -0.49737769 2.20101929
v 0.00575177 -0.49972177 2.19898796
v 0.02123244 -0.59793419 2.19114804
v 0.00338218 -0.50187004 2.19667029
v 0.00130219 -0.50431961 2.19351053
v 0.01858203 -0.49441463 2.20287824
v 0.01868621 -0.56090349 2.17750525
v 0.02112616 -0.62858510 2.22378016
v 0.03717474 -0.49487203 2.20903301
v 0.00212992 -0.50298941 2.19498253
v 0.00723744 -0.51773101 2.18154693
v 0.01423722 -0.53447384 2.17632318
v 0.02026942 -0.44368917 2.21352196
v 0.02178051 -0.44206578 2.21584535
v 0.02138915 -0.43665719 2.22048116
v 0.01238555 -0.44693476 2.20626950
v 0.01699486 -0.44537437 2.21026611
v 0.01198700 -0.42673153 2.21807671
v 0.02224249 -0.44041890 2.21781015
v 0.00662764 -0.42395282 2.21647382
v 0.02220107 -0.43860424 2.21939921
v 0.00070203 -0.42240566 2.21549773
v 0.00201972 -0.44810581 2.19973588
v -0.00265443 -0.44767386 2.19843578
v 0.00691436 -0.44792384 2.20267129
v 0.02011936 -0.43394357 2.22076464
v 0.01709507 -0.43055826 2.22022986
v 0.02354318 -0.51234323 2.20989823
v -0.03962075 -0.51106554 2.21144366
v 0.02175572 -0.50700146 2.19761467
v 0.02020088 -0.50717461 2.19808102
v 0.01877853 -0.50746763 2.19881415
v 0.01759702 -0.50785285 2.19974756
v 0.02178883 -0.50729567 2.19748831
v 0.02026366 -0.50775307 2.19783211
v 0.01886982 -0.50830609 2.19845223
v 0.01771397 -0.50891089 2.19929218
v 0.02188160 -0.50758022 2.19736433
v 0.02044819 -0.50830895 2.19759083
v 0.01913738 -0.50911415 2.19810152
v 0.01805018 -0.50992846 2.19884968
v 0.02203290 -0.50784200 2.19724965
v 0.02074574 -0.50882399 2.19736505
v 0.01956929 -0.50986046 2.19777393
v 0.01859507 -0.51087004 2.19843674
v 0.02223774 -0.50807244 2.19714808
v 0.02114636 -0.50927544 2.19716477
v 0.02015000 -0.51051718 2.19748306
v 0.01932644 -0.51169819 2.19806886
v 0.02248512 -0.50826323 2.19706249
v 0.02163196 -0.50964832 2.19699740
v 0.02085620 -0.51105893 2.19723964
v 0.02021807 -0.51238078 2.19776225
v 0.02276769 -0.50840539 2.19699669
v 0.02218682 -0.50992751 2.19686866
v 0.02166150 -0.51146382 2.19705224
v 0.02123342 -0.51289165 2.19752550
v 0.02307493 -0.50849473 2.19695306
v 0.02278800 -0.51010269 2.19678307
v 0.02253475 -0.51171744 2.19692850
v 0.02233362 -0.51321101 2.19737029
v 0.02339361 -0.50852662 2.19693398
v 0.02341326 -0.51016557 2.19674516
v 0.02344246 -0.51180917 2.19687319
v 0.02347832 -0.51332766 2.19729996
v 0.02371169 -0.50850093 2.19693851
v 0.02403856 -0.51011550 2.19675565
v 0.02434977 -0.51173604 2.19688869
v 0.02462216 -0.51323467 2.19731975
v 0.02401882 -0.50841779 2.19696879
v 0.02463842 -0.50995332 2.19681406
v 0.02522132 -0.51150054 2.19697428
v 0.02572046 -0.51293856 2.19742775
v 0.02430067 -0.50828207 2.19702172
v 0.02519196 -0.50968552 2.19691873
v 0.02602432 -0.51111263 2.19712639
v 0.02673297 -0.51244891 2.19761968
v 0.02454690 -0.50809622 2.19709754
v 0.02567561 -0.50932252 2.19706583
v 0.02672729 -0.51058573 2.19734001
v 0.02762054 -0.51178539 2.19788933
v 0.02475004 -0.50787061 2.19719076
v 0.02607282 -0.50887895 2.19725013
v 0.02730353 -0.50994152 2.19760728
v 0.02834681 -0.51097137 2.19822574
v 0.02489992 -0.50761157 2.19729972
v 0.02636721 -0.50837088 2.19746304
v 0.02773130 -0.50920373 2.19791627
v 0.02888661 -0.51004106 2.19861555
v 0.02499278 -0.50732940 2.19741917
v 0.02654872 -0.50781864 2.19769692
v 0.02799437 -0.50840145 2.19825602
v 0.02921670 -0.50902998 2.19904399
v 0.02502234 -0.50703639 2.19754553
v 0.02660804 -0.50724232 2.19794297
v 0.02808127 -0.50756466 2.19861341
v 0.02932841 -0.50797468 2.19949412
v 0.02499066 -0.50674176 2.19767308
v 0.02654496 -0.50666398 2.19819403
v 0.02798921 -0.50672656 2.19897652
v 0.02921124 -0.50691819 2.19995070
v 0.02489650 -0.50645721 2.19779634
v 0.02636070 -0.50610852 2.19843578
v 0.02772140 -0.50591892 2.19932818
v 0.02887453 -0.50590003 2.20039463
v 0.02474581 -0.50619495 2.19791150
v 0.02606344 -0.50559396 2.19866204
v 0.02728935 -0.50517207 2.19965601
v 0.02832889 -0.50495946 2.20080853
v 0.02454107 -0.50596535 2.19801378
v 0.02566371 -0.50514251 2.19886231
v 0.02671005 -0.50451565 2.19994783
v 0.02759808 -0.50413007 2.20117617
v 0.02429356 -0.50577503 2.19810033
v 0.02517797 -0.50476933 2.19903159
v 0.02600375 -0.50397438 2.20019197
v 0.02670693 -0.50344825 2.20148444
v 0.02401085 -0.50563234 2.19816542
v 0.02462297 -0.50449002 2.19916081
v 0.02519833 -0.50356948 2.20037937
v 0.02569159 -0.50293732 2.20172095
v 0.02370352 -0.50554293 2.19820929
v 0.02402211 -0.50431496 2.19924569
v 0.02432548 -0.50331569 2.20050359
v 0.02459165 -0.50261807 2.20187712
v 0.02338525 -0.50551075 2.19822860
v 0.02339669 -0.50425166 2.19928336
v 0.02341786 -0.50322354 2.20055819
v 0.02344705 -0.50250089 2.20194626
v 0.02306712 -0.50553632 2.19822335
v 0.02277141 -0.50430208 2.19927311
v 0.02251075 -0.50329602 2.20054269
v 0.02230325 -0.50259399 2.20192599
v 0.02276019 -0.50561911 2.19819236
v 0.02217192 -0.50446397 2.19921279
v 0.02163898 -0.50353134 2.20045614
v 0.02120502 -0.50288939 2.20181775
v 0.02247857 -0.50575465 2.19813871
v 0.02161827 -0.50473094 2.19910741
v 0.02083610 -0.50391918 2.20030332
v 0.02019245 -0.50337905 2.20162487
v 0.02223201 -0.50594008 2.19806314
v 0.02113433 -0.50509346 2.19896007
v 0.02013288 -0.50444537 2.20008945
v 0.01930503 -0.50404203 2.20135522
v 0.02202880 -0.50616610 2.19796991
v 0.02073693 -0.50553709 2.19877625
v 0.01955686 -0.50508976 2.19982219
v 0.01857849 -0.50485522 2.20101810
v 0.02338422 -0.50695407 2.19743538
v 0.02187912 -0.50642627 2.19786048
v 0.02044230 -0.50604516 2.19856286
v 0.01912870 -0.50582725 2.19951248
v 0.01803886 -0.50578576 2.20062804
v 0.02178700 -0.50670803 2.19774032
v 0.02026131 -0.50659877 2.19832802
v 0.01886595 -0.50663114 2.19917178
v 0.01770848 -0.50679785 2.20019865
v 0.01644227 -0.50818163 2.20055246
v 0.01465978 -0.50874180 2.20191312
v 0.01315998 -0.50948256 2.20367432
v 0.01207064 -0.51033396 2.20567012
v 0.01143435 -0.51126462 2.20782518
v 0.01127264 -0.51223737 2.21005440
v 0.01159444 -0.51321566 2.21227217
v 0.01238485 -0.51416105 2.21439433
v 0.01361594 -0.51503766 2.21634007
v 0.01523912 -0.51581192 2.21803284
v 0.01719133 -0.51645362 2.21940947
v 0.01940029 -0.51693851 2.22041559
v 0.02177794 -0.51724756 2.22101283
v 0.01658099 -0.50945270 2.20000505
v 0.01483501 -0.51034212 2.20122385
v 0.01336591 -0.51136482 2.20286322
v 0.01229951 -0.51242512 2.20476961
v 0.01167653 -0.51348460 2.20686865
v 0.01152096 -0.51450098 2.20907879
v 0.01183691 -0.51543510 2.21131587
v 0.01261362 -0.51625192 2.21349311
v 0.01382178 -0.51692015 2.21552920
v 0.01541433 -0.51741213 2.21734381
v 0.01732984 -0.51771152 2.21886730
v 0.01949370 -0.51780480 2.22004247
v 0.02182596 -0.51768881 2.22082233
v 0.01698650 -0.51067746 2.19947290
v 0.01534431 -0.51188564 2.20055294
v 0.01396580 -0.51317918 2.20207524
v 0.01296615 -0.51444131 2.20389438
v 0.01238398 -0.51562530 2.20593834
v 0.01224105 -0.51668352 2.20813012
v 0.01254333 -0.51757592 2.21038556
v 0.01327986 -0.51826757 2.21261764
v 0.01442126 -0.51873404 2.21474051
v 0.01592360 -0.51895541 2.21667266
v 0.01772946 -0.51892304 2.21834111
v 0.01977020 -0.51863992 2.21967983
v 0.02196681 -0.51811457 2.22063732
v 0.01764000 -0.51180905 2.19897604
v 0.01616910 -0.51331091 2.19992805
v 0.01493570 -0.51485503 2.20133972
v 0.01404383 -0.51630419 2.20307684
v 0.01352751 -0.51760203 2.20507097
v 0.01340721 -0.51869899 2.20724583
v 0.01368765 -0.51955241 2.20951819
v 0.01435721 -0.52013069 2.21179986
v 0.01539045 -0.52041024 2.21400547
v 0.01674726 -0.52038074 2.21604681
v 0.01837696 -0.52004343 2.21784949
v 0.02021631 -0.51941049 2.21934128
v 0.02219365 -0.51850778 2.22046471
v 0.01851999 -0.51280457 2.19853449
v 0.01727694 -0.51456434 2.19937229
v 0.01623801 -0.51632905 2.20068550
v 0.01549103 -0.51794195 2.20234966
v 0.01506435 -0.51934046 2.20429897
v 0.01497416 -0.52047163 2.20645857
v 0.01522411 -0.52129090 2.20874596
v 0.01580418 -0.52176791 2.21107292
v 0.01669245 -0.52188408 2.21335053
v 0.01785542 -0.52163392 2.21549034
v 0.01924735 -0.52102828 2.21741176
v 0.02081523 -0.52008957 2.21903944
v 0.02249976 -0.51885343 2.22031140
v 0.01959069 -0.51362455 2.19816494
v 0.01862515 -0.51559800 2.19890571
v 0.01782322 -0.51754397 2.20013762
v 0.01725257 -0.51929212 2.20174074
v 0.01693424 -0.52077442 2.20365214
v 0.01688040 -0.52193362 2.20579910
v 0.01709418 -0.52272481 2.20809937
v 0.01756543 -0.52311802 2.21046352
v 0.01827762 -0.52309859 2.21280217
v 0.01920292 -0.52266747 2.21502399
v 0.02030643 -0.52183980 2.21704578
v 0.02154583 -0.52064830 2.21878719
v 0.02287102 -0.51913857 2.22018218
v 0.02081119 -0.51423818 2.19788170
v 0.02016266 -0.51637131 2.19854808
v 0.01963056 -0.51845360 2.19971657
v 0.01926084 -0.52030295 2.20127296
v 0.01906555 -0.52184725 2.20315528
v 0.01905431 -0.52302724 2.20529294
v 0.01922446 -0.52379769 2.20760226
v 0.01957333 -0.52412862 2.20999551
v 0.02008449 -0.52400798 2.21238136
v 0.02074010 -0.52344042 2.21466637
v 0.02151449 -0.52244753 2.21676445
v 0.02237712 -0.52106708 2.21859360
v 0.02329505 -0.51935166 2.22008371
v 0.02213414 -0.51462269 2.19769430
v 0.02183019 -0.51685494 2.19831228
v 0.02159080 -0.51902300 2.19943881
v 0.02143890 -0.52093565 2.20096421
v 0.02137809 -0.52251840 2.20282793
v 0.02141116 -0.52371043 2.20495915
v 0.02153719 -0.52446866 2.20727468
v 0.02175114 -0.52476078 2.20968699
v 0.02204461 -0.52457708 2.21210337
v 0.02240720 -0.52392370 2.21443009
v 0.02282325 -0.52282721 2.21657896
v 0.02327871 -0.52132928 2.21846557
v 0.02375532 -0.51948512 2.22001863
v 0.02350988 -0.51476192 2.19761038
v 0.02356251 -0.51703066 2.19820666
v 0.02362820 -0.51922977 2.19931531
v 0.02370181 -0.52116472 2.20082712
v 0.02378012 -0.52276105 2.20268226
v 0.02386036 -0.52395898 2.20481110
v 0.02393975 -0.52471155 2.20712948
v 0.02401398 -0.52499020 2.20954943
v 0.02408138 -0.52478367 2.21197987
v 0.02413891 -0.52409929 2.21432495
v 0.02418458 -0.52296561 2.21649599
v 0.02421626 -0.52142411 2.21840882
v 0.02423295 -0.51953375 2.21998954
v 0.02488478 -0.51465136 2.19763398
v 0.02529321 -0.51689160 2.19823647
v 0.02566461 -0.51906580 2.19935036
v 0.02596352 -0.52098280 2.20086622
v 0.02618139 -0.52256846 2.20272374
v 0.02630890 -0.52376217 2.20485258
v 0.02634059 -0.52451843 2.20717049
v 0.02627557 -0.52480841 2.20958829
v 0.02611723 -0.52461982 2.21201491
v 0.02586986 -0.52396029 2.21435499
v 0.02554505 -0.52285576 2.21651936
v 0.02515362 -0.52134883 2.21842480
v 0.02471087 -0.51949543 2.21999812
v 0.02620582 -0.51429468 2.19776416
v 0.02695818 -0.51644307 2.19840050
v 0.02762142 -0.51853764 2.19954276
v 0.02813804 -0.52039611 2.20108008
v 0.02849023 -0.52194619 2.20295048
v 0.02866283 -0.52312773 2.20508409
v 0.02864910 -0.52389628 2.20739722
v 0.02844982 -0.52422160 2.20980263
v 0.02807383 -0.52409184 2.21220756
v 0.02753436 -0.52351135 2.21451855
v 0.02685188 -0.52250326 2.21664810
v 0.02605401 -0.52110529 2.21851397
v 0.02516994 -0.51937127 2.22004318
v 0.02742246 -0.51370692 2.19799471
v 0.02849106 -0.51570153 2.19869161
v 0.02942362 -0.51766610 2.19988537
v 0.03014061 -0.51942784 2.20146060
v 0.03061495 -0.52091759 2.20335507
v 0.03082928 -0.52207917 2.20549583
v 0.03077338 -0.52286762 2.20780182
v 0.03045204 -0.52325261 2.21018362
v 0.02987560 -0.52322042 2.21255040
v 0.02906707 -0.52277029 2.21480989
v 0.02805653 -0.52192134 2.21687722
v 0.02688286 -0.52070475 2.21867156
v 0.02559302 -0.51916713 2.22012329
v 0.02848820 -0.51290864 2.19831896
v 0.02983309 -0.51469630 2.19909930
v 0.03100166 -0.51648456 2.20036507
v 0.03189444 -0.51811433 2.20199370
v 0.03247692 -0.51952362 2.20392084
v 0.03272730 -0.52065742 2.20607257
v 0.03263579 -0.52147359 2.20836782
v 0.03220553 -0.52193981 2.21071601
v 0.03145376 -0.52203852 2.21302986
v 0.03040898 -0.52176511 2.21521807
v 0.02911067 -0.52113163 2.21719790
v 0.02760989 -0.52016091 2.21889234
v 0.02596237 -0.51888919 2.22023606
v 0.02936219 -0.51193208 2.19872236
v 0.03093433 -0.51346594 2.19960785
v 0.03229603 -0.51503736 2.20096326
v 0.03333243 -0.51650709 2.20265794
v 0.03400360 -0.51781648 2.20462656
v 0.03428395 -0.51891768 2.20679212
v 0.03416276 -0.51976657 2.20907331
v 0.03364317 -0.52033240 2.21138120
v 0.03274720 -0.52059186 2.21362805
v 0.03150946 -0.52053469 2.21572638
v 0.02997530 -0.52016491 2.21759748
v 0.02820518 -0.51949412 2.21916771
v 0.02626648 -0.51855046 2.22037625
v 0.03000942 -0.51081401 2.19919086
v 0.03175050 -0.51205766 2.20019794
v 0.03325575 -0.51338136 2.20165658
v 0.03439928 -0.51466638 2.20342851
v 0.03513596 -0.51586372 2.20544434
v 0.03543850 -0.51692528 2.20762658
v 0.03529507 -0.51781434 2.20989132
v 0.03470985 -0.51849180 2.21215200
v 0.03370734 -0.51893586 2.21432185
v 0.03232536 -0.51912653 2.21631622
v 0.03061654 -0.51905781 2.21806145
v 0.02864644 -0.51873237 2.21948719
v 0.02649135 -0.51816148 2.22053885
v 0.03040787 -0.50959778 2.19970560
v 0.03225193 -0.51052392 2.20084596
v 0.03384578 -0.51157939 2.20241904
v 0.03505473 -0.51266366 2.20427442
v 0.03583071 -0.51373810 2.20634389
v 0.03614555 -0.51475900 2.20854354
v 0.03598936 -0.51568824 2.21079111
v 0.03536486 -0.51648986 2.21299958
v 0.03429592 -0.51713425 2.21508431
v 0.03282559 -0.51759362 2.21696544
v 0.03100944 -0.51785445 2.21857047
v 0.02891810 -0.51790333 2.21983790
v 0.02662959 -0.51773900 2.22071791
v 0.03054099 -0.50832802 2.20024610
v 0.03241900 -0.50892586 2.20152688
v 0.03404214 -0.50969952 2.20322037
v 0.03527162 -0.51057613 2.20516634
v 0.03606041 -0.51152301 2.20728922
v 0.03638111 -0.51250017 2.20950890
v 0.03621850 -0.51347321 2.21173739
v 0.03558127 -0.51440370 2.21389055
v 0.03449183 -0.51525599 2.21588659
v 0.03299146 -0.51599705 2.21764731
v 0.03114040 -0.51659948 2.21910620
v 0.02900781 -0.51703864 2.22020721
v 0.02667576 -0.51729834 2.22090626
v 0.03040127 -0.50705838 2.20079446
v 0.03224390 -0.50732619 2.20221639
v 0.03383534 -0.50781822 2.20403171
v 0.03504253 -0.50848627 2.20606685
v 0.03581797 -0.50930297 2.20824623
v 0.03613261 -0.51023763 2.21048379
v 0.03597633 -0.51125377 2.21269369
v 0.03535239 -0.51231271 2.21479106
v 0.03428499 -0.51337415 2.21669769
v 0.03281610 -0.51439691 2.21833682
v 0.03100189 -0.51534158 2.21964836
v 0.02891322 -0.51617253 2.22058058
v 0.02662717 -0.51685709 2.22109628
v 0.02999462 -0.50583488 2.20132828
v 0.03173206 -0.50578421 2.20288920
v 0.03323428 -0.50600505 2.20482087
v 0.03437539 -0.50647116 2.20694304
v 0.03511115 -0.50716305 2.20917654
v 0.03541299 -0.50805545 2.21143198
v 0.03526954 -0.50911349 2.21362376
v 0.03468611 -0.51029718 2.21566725
v 0.03368599 -0.51156014 2.21748590
v 0.03230659 -0.51285398 2.21900749
v 0.03060198 -0.51413023 2.22017455
v 0.02863664 -0.51533759 2.22094297
v 0.02648632 -0.51643115 2.22128153
v 0.02934058 -0.50470412 2.20182538
v 0.03090721 -0.50435972 2.20351529
v 0.03226420 -0.50432992 2.20555687
v 0.03329821 -0.50460863 2.20776129
v 0.03396700 -0.50518686 2.21004415
v 0.03424655 -0.50604004 2.21231651
v 0.03412547 -0.50713712 2.21449113
v 0.03360905 -0.50843507 2.21648455
v 0.03271614 -0.50988436 2.21822143
v 0.03148275 -0.51142865 2.21963310
v 0.02995441 -0.51300949 2.22066641
v 0.02819057 -0.51456654 2.22128153
v 0.02625948 -0.51603752 2.22145414
v 0.02846094 -0.50370908 2.20226765
v 0.02979851 -0.50310707 2.20407271
v 0.03096193 -0.50285661 2.20621228
v 0.03185019 -0.50297177 2.20848870
v 0.03243008 -0.50344914 2.21081638
v 0.03268008 -0.50426781 2.21310377
v 0.03258881 -0.50539929 2.21526337
v 0.03216156 -0.50679737 2.21721220
v 0.03141415 -0.50841051 2.21887565
v 0.03037505 -0.51017535 2.22018933
v 0.02908448 -0.51202458 2.22110391
v 0.02759170 -0.51388747 2.22158313
v 0.02595329 -0.51569241 2.22160745
v 0.02739059 -0.50288934 2.20263767
v 0.02845049 -0.50207376 2.20453906
v 0.02937646 -0.50164229 2.20676088
v 0.03008885 -0.50162184 2.20909858
v 0.03055977 -0.50201541 2.21146393
v 0.03077370 -0.50280643 2.21376371
v 0.03071861 -0.50396538 2.21591067
v 0.03040056 -0.50544780 2.21782136
v 0.02982876 -0.50719601 2.21942401
v 0.02902720 -0.50914240 2.22065616
v 0.02802493 -0.51121318 2.22147012
v 0.02686136 -0.51332885 2.22183537
v 0.02558213 -0.51540715 2.22173595
v 0.02423431 -0.51736921 2.22117901
v 0.02617044 -0.50227630 2.20292187
v 0.02691369 -0.50130129 2.20489717
v 0.02756888 -0.50073278 2.20718169
v 0.02807984 -0.50061119 2.20956683
v 0.02842896 -0.50094235 2.21196103
v 0.02859994 -0.50171286 2.21427059
v 0.02858766 -0.50289255 2.21640778
v 0.02839171 -0.50443697 2.21828938
v 0.02802210 -0.50628668 2.21984553
v 0.02749049 -0.50836921 2.22101426
v 0.02681707 -0.51060569 2.22175193
v 0.02603026 -0.51291090 2.22202897
v 0.02515792 -0.51519394 2.22183490
v 0.02484749 -0.50189120 2.20310926
v 0.02524609 -0.50081760 2.20513344
v 0.02560932 -0.50016367 2.20745969
v 0.02590229 -0.49997908 2.20987558
v 0.02611669 -0.50027138 2.21228909
v 0.02624272 -0.50102943 2.21460462
v 0.02627567 -0.50222123 2.21673560
v 0.02621407 -0.50380439 2.21859860
v 0.02606237 -0.50571740 2.22012377
v 0.02582272 -0.50788569 2.22125006
v 0.02550836 -0.51022595 2.22193718
v 0.02512797 -0.51264793 2.22215724
v 0.02469787 -0.51506078 2.22190046
v 0.02347207 -0.50175124 2.20319271
v 0.02351452 -0.50064141 2.20523834
v 0.02357222 -0.49995708 2.20758367
v 0.02363984 -0.49974954 2.21001315
v 0.02371416 -0.50002831 2.21243453
v 0.02379308 -0.50077975 2.21475387
v 0.02387311 -0.50197870 2.21688104
v 0.02395185 -0.50357521 2.21873569
v 0.02402515 -0.50551063 2.22024727
v 0.02409109 -0.50770980 2.22135544
v 0.02414704 -0.51008779 2.22202015
v 0.02419051 -0.51255381 2.22221375
v 0.02422000 -0.51501203 2.22192907
v 0.02209725 -0.50186223 2.20316887
v 0.02178399 -0.50078076 2.20520830
v 0.02153608 -0.50012064 2.20754838
v 0.02137828 -0.49993140 2.20997429
v 0.02131327 -0.50022072 2.21239328
v 0.02134477 -0.50097746 2.21471071
v 0.02147209 -0.50217122 2.21683979
v 0.02169041 -0.50375700 2.21869659
v 0.02198964 -0.50567466 2.22021151
v 0.02236023 -0.50784934 2.22132587
v 0.02278649 -0.51019770 2.22199607
v 0.02325318 -0.51262832 2.22219801
v 0.02374226 -0.51505029 2.22192097
v 0.02077665 -0.50221854 2.20303798
v 0.02011863 -0.50122941 2.20504451
v 0.01957958 -0.50064868 2.20735502
v 0.01920388 -0.50051802 2.20975947
v 0.01900472 -0.50084323 2.21216559
v 0.01899252 -0.50161213 2.21447921
v 0.01916383 -0.50279367 2.21661186
v 0.01951620 -0.50434417 2.21848249
v 0.02003271 -0.50620276 2.22001863
v 0.02069598 -0.50829780 2.22116137
v 0.02148017 -0.51055026 2.22186804
v 0.02235316 -0.51287192 2.22210884
v 0.02328306 -0.51517439 2.22187591
v 0.01955953 -0.50280529 2.20280647
v 0.01858632 -0.50197005 2.20475245
v 0.01777728 -0.50151974 2.20701194
v 0.01720097 -0.50148690 2.20937824
v 0.01687950 -0.50187194 2.21176076
v 0.01682414 -0.50266004 2.21406674
v 0.01703927 -0.50382251 2.21620727
v 0.01751365 -0.50531256 2.21810126
v 0.01823115 -0.50707424 2.21967626
v 0.01916360 -0.50903910 2.22086978
v 0.02027537 -0.51113236 2.22163820
v 0.02152413 -0.51327235 2.22195101
v 0.02286010 -0.51537842 2.22179556
v 0.01849356 -0.50360322 2.20248222
v 0.01724400 -0.50297463 2.20434427
v 0.01619854 -0.50270075 2.20653224
v 0.01544735 -0.50279933 2.20884514
v 0.01501800 -0.50326610 2.21119428
v 0.01492652 -0.50408226 2.21348906
v 0.01517742 -0.50521654 2.21564150
v 0.01576014 -0.50662571 2.21756792
v 0.01665289 -0.50825578 2.21919680
v 0.01782167 -0.51004386 2.22046185
v 0.01922081 -0.51192164 2.22131777
v 0.02079676 -0.51381660 2.22173023
v 0.02249048 -0.51565641 2.22168207
v 0.01761974 -0.50457972 2.20207834
v 0.01614323 -0.50420445 2.20383501
v 0.01490515 -0.50414747 2.20593357
v 0.01400953 -0.50440681 2.20817971
v 0.01349108 -0.50497264 2.21048880
v 0.01336985 -0.50582147 2.21276999
v 0.01365089 -0.50692302 2.21493530
v 0.01432259 -0.50823271 2.21690345
v 0.01535953 -0.50970244 2.21859813
v 0.01672133 -0.51127434 2.21995330
v 0.01835618 -0.51288813 2.22091842
v 0.02020190 -0.51448298 2.22145510
v 0.02218637 -0.51599514 2.22154260
v 0.01697241 -0.50569797 2.20160961
v 0.01532698 -0.50561261 2.20324492
v 0.01394528 -0.50580353 2.20523977
v 0.01294261 -0.50624669 2.20740891
v 0.01235873 -0.50692487 2.20967078
v 0.01221565 -0.50781339 2.21193552
v 0.01251836 -0.50887519 2.21411753
v 0.01325596 -0.51007283 2.21613264
v 0.01439985 -0.51135832 2.21790409
v 0.01590541 -0.51268238 2.21936321
v 0.01771551 -0.51399517 2.22045445
v 0.01976033 -0.51524490 2.22113609
v 0.02196179 -0.51638389 2.22137976
v 0.01657425 -0.50691408 2.20109463
v 0.01482618 -0.50714558 2.20259571
v 0.01335586 -0.50760490 2.20447683
v 0.01228772 -0.50824803 2.20656133
v 0.01166403 -0.50905007 2.20877099
v 0.01150802 -0.50997943 2.21101832
v 0.01182370 -0.51100081 2.21321797
v 0.01260163 -0.51207477 2.21528530
v 0.01381086 -0.51316011 2.21714187
v 0.01540519 -0.51421517 2.21871424
v 0.01732258 -0.51519835 2.21994543
v 0.01948866 -0.51607382 2.22078466
v 0.02182346 -0.51680642 2.22120094
v -0.04125788 -0.50515276 2.19922566
v -0.04284560 -0.50529975 2.19965816
v -0.04431751 -0.50557733 2.20036006
v -0.04556048 -0.50596005 2.20126557
v -0.04123785 -0.50544226 2.19909024
v -0.04280600 -0.50586885 2.19939423
v -0.04425904 -0.50640357 2.19997668
v -0.04548507 -0.50700188 2.20078230
v -0.04115472 -0.50572401 2.19896078
v -0.04264307 -0.50641984 2.19914031
v -0.04402312 -0.50720370 2.19960737
v -0.04518859 -0.50801045 2.20031738
v -0.04101356 -0.50598526 2.19884038
v -0.04236503 -0.50693226 2.19890475
v -0.04361940 -0.50794828 2.19926643
v -0.04467944 -0.50894898 2.19988751
v -0.04081725 -0.50621611 2.19873619
v -0.04198194 -0.50738657 2.19869971
v -0.04306358 -0.50860751 2.19896722
v -0.04397885 -0.50978202 2.19951010
v -0.04057647 -0.50641012 2.19864941
v -0.04150878 -0.50776511 2.19852996
v -0.04237634 -0.50915742 2.19872189
v -0.04311097 -0.51047480 2.19920039
v -0.04029821 -0.50655651 2.19858599
v -0.04096266 -0.50805378 2.19840479
v -0.04158381 -0.50957566 2.19853950
v -0.04211169 -0.51100278 2.19897056
v -0.03999293 -0.50665230 2.19854593
v -0.04036630 -0.50824058 2.19832706
v -0.04071695 -0.50984710 2.19842601
v -0.04101947 -0.51134455 2.19882798
v -0.03967448 -0.50669199 2.19853210
v -0.03974030 -0.50831878 2.19830012
v -0.03980879 -0.50996083 2.19838715
v -0.03987436 -0.51148832 2.19877815
v -0.03935376 -0.50667536 2.19854426
v -0.03911055 -0.50828588 2.19832444
v -0.03889444 -0.50991291 2.19842291
v -0.03872132 -0.51142710 2.19882464
v -0.03904217 -0.50660187 2.19858360
v -0.03850116 -0.50814170 2.19840097
v -0.03800943 -0.50970411 2.19853401
v -0.03760597 -0.51116431 2.19896317
v -0.03875386 -0.50647527 2.19864774
v -0.03793454 -0.50789326 2.19852567
v -0.03718722 -0.50934368 2.19871473
v -0.03656923 -0.51070952 2.19919133
v -0.03849889 -0.50629956 2.19873333
v -0.03743429 -0.50754988 2.19869328
v -0.03645973 -0.50884473 2.19895768
v -0.03565077 -0.51008064 2.19949698
v -0.03828558 -0.50608295 2.19883680
v -0.03701675 -0.50712502 2.19889736
v -0.03585432 -0.50822681 2.19925451
v -0.03488806 -0.50930125 2.19987202
v -0.03812451 -0.50583279 2.19895506
v -0.03670032 -0.50663304 2.19913125
v -0.03539497 -0.50751364 2.19959331
v -0.03430859 -0.50840151 2.20029926
v -0.03802140 -0.50555760 2.19908476
v -0.03649576 -0.50609547 2.19938350
v -0.03509830 -0.50673246 2.19996119
v -0.03393553 -0.50741732 2.20076299
v -0.03797785 -0.50527024 2.19921970
v -0.03641248 -0.50553077 2.19964838
v -0.03497720 -0.50591320 2.20034528
v -0.03378117 -0.50638360 2.20124626
v -0.03799895 -0.50498062 2.19935417
v -0.03645268 -0.50496209 2.19991279
v -0.03503530 -0.50508744 2.20072842
v -0.03385810 -0.50534219 2.20172787
v -0.03808368 -0.50470072 2.19948268
v -0.03661723 -0.50441223 2.20016384
v -0.03527343 -0.50428772 2.20109487
v -0.03415469 -0.50433469 2.20219302
v -0.03822478 -0.50444007 2.19960165
v -0.03689545 -0.50389987 2.20039868
v -0.03567751 -0.50354385 2.20143557
v -0.03466429 -0.50339627 2.20262241
v -0.03842118 -0.50420892 2.19970608
v -0.03727920 -0.50344610 2.20060492
v -0.03623353 -0.50288486 2.20173478
v -0.03536546 -0.50256437 2.20299983
v -0.03866201 -0.50401539 2.19979286
v -0.03775214 -0.50306779 2.20077419
v -0.03692124 -0.50233555 2.20198059
v -0.03623337 -0.50187266 2.20331001
v -0.03894028 -0.50386935 2.19985771
v -0.03829890 -0.50278002 2.20090055
v -0.03771372 -0.50191784 2.20216370
v -0.03723282 -0.50134528 2.20354128
v -0.03924550 -0.50377417 2.19989777
v -0.03889499 -0.50259322 2.20097947
v -0.03858068 -0.50164640 2.20227742
v -0.03832497 -0.50100404 2.20368361
v -0.03956403 -0.50373447 2.19991159
v -0.03952082 -0.50251532 2.20100617
v -0.03948874 -0.50153357 2.20231700
v -0.03947004 -0.50086004 2.20373416
v -0.03988449 -0.50375122 2.19989872
v -0.04015094 -0.50254864 2.20098162
v -0.04040325 -0.50158209 2.20228100
v -0.04062329 -0.50092238 2.20368838
v -0.04019617 -0.50382483 2.19986010
v -0.04075989 -0.50269276 2.20090580
v -0.04128809 -0.50179130 2.20217061
v -0.04173848 -0.50118518 2.20354939
v -0.04048467 -0.50395137 2.19979692
v -0.04132674 -0.50294101 2.20078111
v -0.04211051 -0.50215149 2.20199037
v -0.04277535 -0.50164032 2.20332241
v -0.04073959 -0.50412697 2.19971108
v -0.04182718 -0.50328541 2.20061374
v -0.04283820 -0.50265032 2.20174742
v -0.04369370 -0.50226825 2.20301557
v -0.04095275 -0.50434339 2.19960737
v -0.04224410 -0.50370997 2.20040965
v -0.04344316 -0.50326741 2.20145011
v -0.04445630 -0.50304860 2.20264101
v -0.03961660 -0.50514555 2.19907570
v -0.04111380 -0.50459403 2.19948792
v -0.04256051 -0.50420177 2.20017576
v -0.04390263 -0.50398129 2.20111108
v -0.04503632 -0.50394750 2.20221281
v -0.04121855 -0.50486869 2.19935799
v -0.04276487 -0.50473833 2.19992161
v -0.04419882 -0.50476271 2.20074272
v -0.04540820 -0.50493228 2.20174909
v -0.04677254 -0.50628811 2.20204163
v -0.04864399 -0.50684440 2.20336199
v -0.05025700 -0.50760174 2.20508528
v -0.05147279 -0.50848800 2.20705175
v -0.05224321 -0.50946933 2.20918536
v -0.05254140 -0.51050752 2.21140337
v -0.05235511 -0.51156402 2.21361876
v -0.05169323 -0.51259679 2.21574831
v -0.05057864 -0.51356643 2.21771026
v -0.04905402 -0.51443559 2.21942854
v -0.04718072 -0.51517159 2.22083807
v -0.04502843 -0.51574492 2.22188425
v -0.04267978 -0.51613420 2.22252560
v -0.04668259 -0.50754058 2.20146132
v -0.04853204 -0.50842053 2.20263028
v -0.05012488 -0.50945568 2.20422554
v -0.05132628 -0.51054698 2.20609522
v -0.05208883 -0.51165587 2.20817065
v -0.05238344 -0.51273727 2.21036744
v -0.05220148 -0.51375008 2.21260309
v -0.05154754 -0.51465541 2.21479177
v -0.05044687 -0.51541990 2.21684909
v -0.04894264 -0.51601112 2.21869659
v -0.04709244 -0.51641005 2.22026253
v -0.04496818 -0.51659822 2.22148752
v -0.04264878 -0.51656896 2.22232342
v -0.04632453 -0.50875342 2.20090222
v -0.04808184 -0.50994974 2.20192552
v -0.04959476 -0.51125252 2.20339656
v -0.05073728 -0.51254410 2.20517588
v -0.05146458 -0.51377583 2.20719290
v -0.05174810 -0.51489747 2.20937085
v -0.05157759 -0.51587015 2.21162510
v -0.05095936 -0.51665187 2.21387053
v -0.04991810 -0.51721650 2.21602058
v -0.04849338 -0.51753956 2.21799111
v -0.04673963 -0.51760978 2.21970940
v -0.04472401 -0.51742488 2.22110653
v -0.04252464 -0.51699030 2.22212887
v -0.04571361 -0.50988108 2.20038581
v -0.04731112 -0.51137036 2.20127559
v -0.04868826 -0.51292342 2.20263314
v -0.04972946 -0.51440150 2.20432663
v -0.05039493 -0.51574588 2.20629144
v -0.05065761 -0.51690722 2.20845103
v -0.05050824 -0.51783943 2.21072388
v -0.04995201 -0.51850843 2.21302104
v -0.04901132 -0.51888698 2.21525621
v -0.04772291 -0.51896006 2.21734118
v -0.04613422 -0.51872671 2.21919823
v -0.04430756 -0.51819324 2.22075438
v -0.04231245 -0.51738274 2.22194958
v -0.04487007 -0.51088053 2.19993281
v -0.04624819 -0.51262951 2.20070529
v -0.04743888 -0.51440412 2.20196223
v -0.04834139 -0.51604611 2.20358181
v -0.04892066 -0.51749271 2.20550013
v -0.04915452 -0.51868755 2.20764422
v -0.04903427 -0.51958638 2.20993233
v -0.04856438 -0.52015352 2.21227551
v -0.04776276 -0.52036756 2.21458507
v -0.04666052 -0.52021915 2.21677089
v -0.04529950 -0.51971579 2.21875000
v -0.04373272 -0.51887530 2.22044563
v -0.04201869 -0.51772940 2.22179222
v -0.04382770 -0.51171362 2.19956064
v -0.04493548 -0.51367849 2.20023656
v -0.04589529 -0.51563704 2.20141077
v -0.04662592 -0.51741666 2.20296907
v -0.04709921 -0.51894736 2.20484972
v -0.04729808 -0.52017140 2.20698094
v -0.04721266 -0.52104127 2.20928192
v -0.04684917 -0.52152336 2.21166301
v -0.04621929 -0.52160084 2.21403384
v -0.04534825 -0.52126801 2.21630168
v -0.04426838 -0.52053994 2.21838140
v -0.04302184 -0.51944304 2.22019172
v -0.04165752 -0.51801920 2.22166276
v -0.04262649 -0.51234668 2.19928408
v -0.04342209 -0.51447713 2.19988751
v -0.04411633 -0.51657593 2.20100021
v -0.04464887 -0.51845986 2.20251274
v -0.04500151 -0.52005541 2.20436502
v -0.04515919 -0.52130079 2.20648718
v -0.04511558 -0.52214897 2.20879698
v -0.04487246 -0.52256703 2.21120644
v -0.04444056 -0.52253950 2.21362281
v -0.04383532 -0.52206641 2.21595240
v -0.04307920 -0.52116668 2.21810699
v -0.04220351 -0.51987445 2.22000265
v -0.04123979 -0.51823932 2.22156668
v -0.04131272 -0.51275766 2.19911218
v -0.04176621 -0.51499414 2.19967103
v -0.04217000 -0.51718473 2.20074558
v -0.04248623 -0.51913607 2.20222974
v -0.04270546 -0.52077293 2.20406508
v -0.04281815 -0.52203226 2.20618129
v -0.04281937 -0.52286661 2.20849705
v -0.04270993 -0.52324361 2.21092319
v -0.04249484 -0.52314794 2.21336842
v -0.04217956 -0.52258378 2.21573615
v -0.04177960 -0.52157313 2.21793675
v -0.04130793 -0.52015525 2.21988535
v -0.04078312 -0.51838237 2.22150731
v -0.03993624 -0.51292962 2.19905257
v -0.04003374 -0.51521045 2.19959617
v -0.04013159 -0.51743931 2.20065713
v -0.04022213 -0.51941913 2.20213151
v -0.04030158 -0.52107257 2.20396066
v -0.04036659 -0.52233827 2.20607543
v -0.04041595 -0.52316672 2.20839310
v -0.04044591 -0.52352637 2.21082520
v -0.04045643 -0.52340281 2.21327972
v -0.04044702 -0.52279997 2.21566081
v -0.04041765 -0.52174383 2.21787786
v -0.04036961 -0.52027237 2.21984458
v -0.04030495 -0.51844203 2.22148609
v -0.03855063 -0.51285607 2.19910789
v -0.03828878 -0.51511765 2.19966531
v -0.03807933 -0.51733017 2.20073843
v -0.03794263 -0.51929814 2.20222139
v -0.03788171 -0.52094489 2.20405626
v -0.03789954 -0.52220702 2.20617270
v -0.03799592 -0.52303874 2.20848799
v -0.03816650 -0.52340519 2.21091533
v -0.03840485 -0.52329350 2.21336102
v -0.03870246 -0.52270728 2.21572948
v -0.03904643 -0.52167052 2.21793222
v -0.03942523 -0.52022231 2.21988201
v -0.03982354 -0.51841629 2.22150517
v -0.03720956 -0.51253939 2.19927454
v -0.03659838 -0.51471919 2.19987559
v -0.03609217 -0.51686138 2.20098591
v -0.03573449 -0.51877725 2.20249653
v -0.03553741 -0.52039218 2.20434761
v -0.03551016 -0.52164453 2.20646977
v -0.03565123 -0.52248627 2.20878005
v -0.03595852 -0.52288449 2.21118999
v -0.03641757 -0.52282476 2.21360826
v -0.03701229 -0.52230960 2.21594000
v -0.03771938 -0.52135783 2.21809745
v -0.03851097 -0.52000636 2.21999598
v -0.03935702 -0.51830631 2.22156334
v -0.03596311 -0.51199287 2.19954681
v -0.03502828 -0.51403087 2.20021892
v -0.03424637 -0.51605135 2.20139027
v -0.03368373 -0.51787716 2.20294571
v -0.03336097 -0.51943684 2.20482469
v -0.03329032 -0.52067059 2.20695591
v -0.03347566 -0.52153069 2.20925713
v -0.03390818 -0.52198458 2.21163917
v -0.03457255 -0.52201498 2.21401238
v -0.03544253 -0.52162087 2.21628332
v -0.03648587 -0.52081656 2.21836734
v -0.03766212 -0.51963329 2.22018194
v -0.03892400 -0.51811677 2.22165775
v -0.03486005 -0.51123697 2.19991517
v -0.03363914 -0.51307791 2.20068312
v -0.03261326 -0.51493174 2.20193553
v -0.03186889 -0.51663250 2.20355177
v -0.03143461 -0.51811486 2.20546842
v -0.03132636 -0.51932287 2.20761228
v -0.03154903 -0.52020866 2.20990086
v -0.03209368 -0.52073973 2.21224570
v -0.03293926 -0.52089518 2.21455789
v -0.03405442 -0.52066791 2.21674728
v -0.03539475 -0.52006841 2.21873164
v -0.03690938 -0.51911825 2.22043300
v -0.03854141 -0.51785374 2.22178626
v -0.03394253 -0.51029974 2.20036459
v -0.03248355 -0.51189888 2.20124865
v -0.03125509 -0.51354438 2.20260119
v -0.03035952 -0.51509076 2.20429158
v -0.02983164 -0.51647854 2.20625377
v -0.02969237 -0.51765406 2.20841336
v -0.02994676 -0.51857221 2.21068645
v -0.03058457 -0.51919836 2.21298552
v -0.03158152 -0.51950753 2.21522450
v -0.03289868 -0.51948833 2.21731377
v -0.03448707 -0.51914114 2.21917677
v -0.03628487 -0.51847899 2.22073960
v -0.03822238 -0.51752836 2.22194219
v -0.03324756 -0.50921857 2.20087886
v -0.03160666 -0.51053661 2.20189524
v -0.03022364 -0.51194304 2.20336175
v -0.02921316 -0.51331103 2.20513701
v -0.02861531 -0.51459008 2.20715094
v -0.02845199 -0.51572871 2.20932794
v -0.02872970 -0.51668382 2.21158361
v -0.02943884 -0.51741832 2.21383142
v -0.03055083 -0.51790601 2.21598506
v -0.03202277 -0.51812643 2.21796107
v -0.03379839 -0.51807040 2.21968555
v -0.03581052 -0.51774257 2.22109008
v -0.03798101 -0.51715273 2.22212076
v -0.03279806 -0.50803423 2.20143652
v -0.03104172 -0.50904405 2.20259857
v -0.02955889 -0.51018876 2.20418787
v -0.02847400 -0.51136166 2.20605469
v -0.02783139 -0.51252013 2.20812631
v -0.02765381 -0.51361817 2.21032238
v -0.02794677 -0.51461375 2.21255898
v -0.02870029 -0.51546943 2.21474934
v -0.02988634 -0.51615202 2.21681190
v -0.03145836 -0.51663417 2.21866465
v -0.03335555 -0.51689893 2.22023749
v -0.03550413 -0.51693511 2.22147012
v -0.03782504 -0.51674092 2.22231436
v -0.03261451 -0.50679243 2.20201731
v -0.03081090 -0.50748032 2.20333004
v -0.02928673 -0.50834942 2.20504856
v -0.02817249 -0.50931835 2.20701027
v -0.02751132 -0.51035082 2.20914125
v -0.02732601 -0.51140612 2.21135736
v -0.02762678 -0.51244497 2.21357346
v -0.02839868 -0.51342624 2.21570539
v -0.02961477 -0.51431286 2.21767211
v -0.03122713 -0.51507056 2.21939564
v -0.03317308 -0.51567006 2.22081256
v -0.03538052 -0.51608860 2.22186613
v -0.03776156 -0.51630980 2.22251678
v -0.03270318 -0.50554127 2.20259929
v -0.03092272 -0.50590497 2.20406294
v -0.02941878 -0.50649595 2.20590997
v -0.02831836 -0.50725925 2.20796704
v -0.02766553 -0.50816500 2.21015668
v -0.02748479 -0.50917768 2.21239257
v -0.02778055 -0.51025915 2.21458888
v -0.02854421 -0.51136738 2.21666169
v -0.02974572 -0.51245999 2.21853280
v -0.03133865 -0.51349485 2.22012734
v -0.03326145 -0.51443124 2.22138786
v -0.03543939 -0.51523530 2.22226262
v -0.03779193 -0.51587439 2.22271872
v -0.03306108 -0.50432879 2.20315909
v -0.03137266 -0.50437593 2.20476842
v -0.02994830 -0.50469959 2.20673943
v -0.02890714 -0.50526345 2.20888829
v -0.02828964 -0.50604552 2.21113467
v -0.02812045 -0.50701761 2.21338916
v -0.02840457 -0.50813943 2.21556664
v -0.02913224 -0.50937098 2.21758270
v -0.03027472 -0.51066315 2.21936131
v -0.03178809 -0.51196641 2.22083282
v -0.03361438 -0.51323158 2.22194123
v -0.03568354 -0.51440871 2.22264433
v -0.03791618 -0.51545292 2.22291327
v -0.03367228 -0.50320089 2.20367551
v -0.03214345 -0.50295562 2.20541906
v -0.03085497 -0.50302911 2.20750403
v -0.02991487 -0.50340718 2.20973778
v -0.02935931 -0.50407594 2.21203613
v -0.02921056 -0.50500804 2.21430874
v -0.02947427 -0.50617009 2.21646786
v -0.03013963 -0.50751466 2.21843243
v -0.03118109 -0.50899255 2.22012615
v -0.03255843 -0.51054597 2.22148275
v -0.03421949 -0.51211488 2.22245264
v -0.03610064 -0.51364017 2.22299576
v -0.03812834 -0.51506090 2.22309256
v -0.03451583 -0.50220197 2.20412850
v -0.03320607 -0.50169730 2.20598960
v -0.03210336 -0.50154853 2.20817518
v -0.03130278 -0.50176239 2.21048403
v -0.03083327 -0.50232977 2.21282744
v -0.03071341 -0.50322837 2.21511531
v -0.03094779 -0.50442374 2.21725965
v -0.03152731 -0.50587028 2.21917748
v -0.03242968 -0.50751227 2.22079730
v -0.03362064 -0.50928700 2.22205329
v -0.03505414 -0.51112598 2.22290087
v -0.03667482 -0.51295817 2.22330451
v -0.03842204 -0.51471430 2.22324920
v -0.03555829 -0.50136924 2.20450091
v -0.03451882 -0.50064862 2.20645857
v -0.03364756 -0.50031590 2.20872664
v -0.03301791 -0.50039250 2.21109676
v -0.03265393 -0.50087464 2.21347880
v -0.03256905 -0.50174433 2.21577907
v -0.03276861 -0.50296903 2.21791053
v -0.03324223 -0.50449973 2.21979046
v -0.03397314 -0.50627935 2.22134876
v -0.03493307 -0.50823820 2.22252250
v -0.03608547 -0.51030213 2.22326875
v -0.03738612 -0.51239032 2.22355866
v -0.03878332 -0.51442415 2.22337937
v -0.04022602 -0.51632500 2.22273993
v -0.03675974 -0.50073689 2.20477867
v -0.03603142 -0.49985069 2.20680904
v -0.03542650 -0.49937725 2.20913792
v -0.03499478 -0.49934876 2.21155357
v -0.03475162 -0.49976647 2.21396375
v -0.03470953 -0.50061488 2.21627402
v -0.03486596 -0.50186074 2.21839523
v -0.03521891 -0.50345629 2.22024751
v -0.03575158 -0.50534040 2.22175908
v -0.03644586 -0.50743955 2.22287202
v -0.03727465 -0.50967491 2.22354412
v -0.03820452 -0.51195902 2.22374773
v -0.03920084 -0.51420426 2.22347546
v -0.03807313 -0.50032598 2.20495105
v -0.03768776 -0.49933344 2.20702529
v -0.03737213 -0.49876851 2.20939302
v -0.03715720 -0.49867237 2.21183729
v -0.03704764 -0.49904907 2.21426415
v -0.03704881 -0.49988347 2.21657968
v -0.03716142 -0.50114286 2.21869612
v -0.03738119 -0.50277948 2.22053051
v -0.03769778 -0.50473160 2.22201395
v -0.03810105 -0.50692260 2.22308874
v -0.03857386 -0.50926840 2.22371340
v -0.03909959 -0.51167822 2.22386503
v -0.03965772 -0.51406133 2.22353530
v -0.03944949 -0.50015384 2.20501065
v -0.03942018 -0.49911672 2.20710039
v -0.03941040 -0.49851406 2.20948148
v -0.03942124 -0.49838936 2.21193552
v -0.03945100 -0.49874938 2.21436858
v -0.03949941 -0.49957633 2.21668720
v -0.03956505 -0.50084311 2.21880007
v -0.03964500 -0.50249696 2.22062898
v -0.03973557 -0.50447685 2.22210288
v -0.03983356 -0.50670582 2.22316408
v -0.03993588 -0.50909799 2.22377300
v -0.04003786 -0.51156175 2.22390556
v -0.04013577 -0.51400167 2.22355580
v -0.04083518 -0.50022751 2.20495582
v -0.04116470 -0.49921006 2.20703149
v -0.04146273 -0.49862301 2.20940018
v -0.04170046 -0.49851066 2.21184516
v -0.04187113 -0.49887705 2.21427321
v -0.04196745 -0.49970889 2.21658897
v -0.04198522 -0.50097096 2.21870494
v -0.04192384 -0.50261784 2.22053933
v -0.04178744 -0.50458598 2.22202206
v -0.04157814 -0.50679886 2.22309470
v -0.04130718 -0.50917113 2.22371888
v -0.04098226 -0.51161128 2.22386861
v -0.04061727 -0.51402771 2.22353721
v -0.04217670 -0.50054449 2.20478892
v -0.04285542 -0.49960798 2.20682120
v -0.04344970 -0.49909145 2.20915222
v -0.04390815 -0.49903113 2.21156979
v -0.04421580 -0.49942964 2.21398091
v -0.04435749 -0.50027138 2.21629119
v -0.04432942 -0.50152373 2.21841288
v -0.04413173 -0.50313884 2.22026372
v -0.04377454 -0.50505465 2.22177410
v -0.04326878 -0.50719672 2.22288489
v -0.04263419 -0.50948370 2.22355366
v -0.04189685 -0.51182783 2.22375441
v -0.04108359 -0.51413727 2.22347879
v -0.04342264 -0.50108999 2.20451546
v -0.04442510 -0.50029570 2.20647717
v -0.04529585 -0.49990147 2.20874810
v -0.04596009 -0.49993104 2.21112013
v -0.04639198 -0.50038546 2.21350360
v -0.04657740 -0.50124550 2.21580458
v -0.04650548 -0.50247937 2.21793580
v -0.04618304 -0.50403917 2.21981406
v -0.04561944 -0.50586486 2.22136950
v -0.04483830 -0.50788540 2.22254086
v -0.04386757 -0.51002461 2.22328305
v -0.04274559 -0.51220006 2.22356844
v -0.04151679 -0.51432717 2.22338390
v -0.04452569 -0.50184596 2.20414710
v -0.04581428 -0.50124800 2.20601273
v -0.04692949 -0.50102085 2.20820189
v -0.04777509 -0.50117564 2.21051311
v -0.04831891 -0.50170749 2.21285939
v -0.04854134 -0.50259334 2.21514773
v -0.04843244 -0.50380147 2.21729159
v -0.04799761 -0.50528353 2.21920800
v -0.04725292 -0.50698459 2.22082400
v -0.04622706 -0.50883812 2.22207642
v -0.04495897 -0.51077294 2.22291851
v -0.04349824 -0.51271510 2.22331738
v -0.04189929 -0.51459032 2.22325611
v -0.04544348 -0.50278234 2.20369673
v -0.04697047 -0.50242746 2.20544529
v -0.04828781 -0.50240797 2.20753527
v -0.04928509 -0.50271666 2.20977330
v -0.04992190 -0.50334340 2.21207333
v -0.05017522 -0.50426155 2.21434689
v -0.05003512 -0.50543767 2.21650577
v -0.04950706 -0.50682533 2.21846747
v -0.04861074 -0.50837231 2.22015762
v -0.04738228 -0.51001781 2.22151041
v -0.04586646 -0.51170009 2.22247362
v -0.04412279 -0.51335442 2.22301054
v -0.04221847 -0.51491511 2.22310019
v -0.04613898 -0.50386286 2.20318246
v -0.04784753 -0.50378895 2.20479751
v -0.04931937 -0.50400859 2.20677376
v -0.05043105 -0.50449628 2.20892692
v -0.05113863 -0.50523138 2.21117616
v -0.05141539 -0.50618720 2.21343184
v -0.05125175 -0.50732589 2.21560860
v -0.05065278 -0.50860447 2.21762204
v -0.04964216 -0.50997353 2.21939707
v -0.04825815 -0.51137978 2.22086334
v -0.04655515 -0.51277095 2.22196484
v -0.04459716 -0.51409113 2.22266054
v -0.04245981 -0.51529121 2.22292137
v -0.04658831 -0.50504673 2.20262361
v -0.04841353 -0.50528073 2.20409298
v -0.04998502 -0.50576222 2.20594668
v -0.05117074 -0.50644469 2.20800781
v -0.05192303 -0.50730032 2.21020079
v -0.05221392 -0.50829691 2.21243763
v -0.05203522 -0.50939542 2.21463370
v -0.05139114 -0.51055372 2.21670389
v -0.05030607 -0.51172751 2.21857095
v -0.04882276 -0.51287210 2.22016001
v -0.04699826 -0.51394242 2.22141290
v -0.04490355 -0.51489830 2.22228026
v -0.04261586 -0.51570302 2.22272730
f 4 2 1
f 8 6 5
f 13 15 14
f 17 19 18
f 32 30 29
f 36 34 33
f 37 39 38
f 21 23 20
f 25 27 24
f 41 43 42
f 48 46 45
f 52 50 49
f 53 55 54
f 60 58 57
f 29 62 61
f 66 64 63
f 67 6 68
f 72 70 69
f 76 74 73
f 77 79 78
f 81 83 82
f 59 86 85
f 88 90 89
f 96 94 93
f 100 98 97
f 101 103 102
f 106 34 87
f 108 115 107
f 117 36 118
f 124 126 125
f 131 129 128
f 132 134 133
f 142 140 139
f 148 60 147
f 144 127 124
f 149 151 150
f 156 154 153
f 159 158 157
f 116 164 105
f 171 169 168
f 174 173 172
f 179 181 180
f 186 188 187
f 194 196 195
f 199 139 198
f 206 208 207
f 213 211 210
f 202 214 201
f 96 216 54
f 92 43 44
f 97 246 100
f 250 229 228
f 252 58 253
f 258 256 255
f 260 229 259
f 110 112 113
f 114 263 109
f 265 267 266
f 56 270 269
f 274 249 250
f 185 63 64
f 280 278 276
f 285 283 157
f 288 211 212
f 141 92 46
f 289 175 176
f 148 105 106
f 312 170 171
f 238 42 43
f 318 160 317
f 310 308 307
f 241 325 324
f 160 240 317
f 47 307 308
f 108 315 164
f 345 86 119
f 348 350 349
f 356 358 357
f 355 353 352
f 363 32 362
f 149 150 176
f 364 253 365
f 366 368 367
f 183 371 63
f 163 161 160
f 209 101 208
f 378 165 166
f 379 381 380
f 383 3 4
f 284 386 385
f 387 389 388
f 391 229 249
f 73 397 396
f 405 407 406
f 203 411 410
f 414 413 412
f 1 357 4
f 277 131 275
f 254 57 58
f 358 415 351
f 417 386 408
f 401 192 420
f 419 127 143
f 421 182 422
f 103 302 409
f 428 368 174
f 380 359 356
f 62 266 323
f 140 431 430
f 357 351 348
f 356 379 380
f 415 403 434
f 437 436 435
f 438 440 439
f 188 450 449
f 452 454 453
f 265 181 421
f 224 64 225
f 237 213 427
f 275 128 458
f 281 460 459
f 50 79 461
f 73 282 281
f 468 466 465
f 390 352 359
f 482 484 483
f 489 487 486
f 493 495 494
f 472 470 469
f 502 500 499
f 220 222 223
f 512 143 66
f 518 511 80
f 513 230 286
f 205 31 244
f 189 451 188
f 163 532 8
f 533 225 251
f 446 447 412
f 335 540 334
f 544 546 545
f 329 291 292
f 199 262 238
f 385 416 550
f 532 191 247
f 363 118 243
f 236 237 250
f 578 580 579
f 573 571 570
f 561 562 272
f 241 259 240
f 590 592 591
f 545 595 594
f 503 155 504
f 606 624 623
f 478 480 479
f 646 648 647
f 590 689 684
f 564 651 650
f 728 184 727
f 714 716 715
f 692 575 693
f 541 581 578
f 346 248 400
f 161 230 160
f 128 94 95
f 698 704 703
f 574 576 575
f 290 401 328
f 630 725 726
f 733 735 734
f 755 496 493
f 759 481 760
f 757 762 761
f 764 466 467
f 768 9260 9261
f 759 488 489
f 492 475 771
f 474 769 473
f 773 465 772
f 771 486 483
f 484 775 491
f 774 489 486
f 495 764 756
f 495 761 494
f 137 784 136
f 325 797 547
f 165 51 52
f 369 29 370
f 730 568 569
f 90 301 89
f 243 516 242
f 800 806 805
f 817 808 816
f 816 823 822
f 306 447 807
f 815 809 808
f 829 828 825
f 726 501 502
f 274 424 423
f 879 881 880
f 884 879 885
f 219 217 211
f 906 904 897
f 455 205 542
f 898 830 829
f 903 880 881
f 906 897 898
f 377 519 165
f 923 948 946
f 946 951 950
f 8963 739 8961
f 900 886 880
f 225 65 144
f 182 442 422
f 809 947 824
f 954 962 961
f 927 965 966
f 885 880 886
f 925 966 967
f 343 341 340
f 965 971 968
f 968 970 969
f 972 969 973
f 963 981 978
f 336 338 339
f 992 827 828
f 810 996 959
f 1007 1002 1008
f 1012 827 1009
f 1011 1007 1008
f 294 292 291
f 907 920 919
f 1017 1019 1018
f 1020 1022 1021
f 1035 1020 1044
f 1061 1047 1046
f 1063 1046 1062
f 1044 1021 1045
f 1102 1097 1109
f 1116 1118 1117
f 1016 1014 1013
f 881 904 903
f 816 1127 817
f 1094 949 1097
f 514 167 515
f 146 81 82
f 1133 1130 1129
f 1102 1126 822
f 822 1116 816
f 1145 1148 1136
f 1076 1151 1069
f 1148 1086 1087
f 1109 1114 1136
f 1154 1156 1155
f 1153 967 1156
f 8815 463 9166
f 1144 1152 1151
f 1156 1163 1162
f 1164 1169 1165
f 1145 1176 1147
f 1114 1154 1171
f 1183 1164 1177
f 1184 1177 1185
f 1069 1062 1064
f 1023 1194 1022
f 1162 1170 1169
f 1195 1185 1191
f 1183 1176 1155
f 1201 1152 1196
f 1061 1201 1202
f 9277 843 9288
f 1203 1195 1034
f 1202 1184 1195
f 1218 1203 1217
f 1060 1202 1203
f 1225 1217 1219
f 671 694 670
f 1219 1024 1035
f 1217 1034 1024
f 1226 1015 1227
f 1243 1234 1233
f 1231 1229 1228
f 847 1233 843
f 843 1244 878
f 1233 1245 1244
f 1923 233 216
f 2100 499 500
f 9366 2135 9352
f 61 323 505
f 210 217 457
f 1299 1309 1300
f 9315 1231 9314
f 1066 1321 1322
f 1322 1228 1229
f 1060 1321 1047
f 1325 1323 1310
f 1244 1332 1330
f 1290 1242 1288
f 1337 1339 1338
f 1330 1340 1339
f 1341 1245 1294
f 1342 1332 1341
f 1343 1341 1344
f 1344 1294 1293
f 9309 1345 1346
f 1347 1342 1343
f 9308 1295 1345
f 1349 1348 1347
f 9313 1347 9305
f 9305 1343 9309
f 906 829 1353
f 905 1353 1354
f 865 1355 1357
f 1355 829 825
f 1357 825 826
f 1356 1353 1355
f 9286 1338 9285
f 866 1356 865
f 1358 1354 1356
f 9280 1337 9286
f 838 1012 841
f 1363 1338 1339
f 1368 1339 1340
f 1348 1340 1342
f 1371 9276 9281
f 524 526 523
f 528 530 527
f 1372 1369 1371
f 535 537 538
f 1367 1348 1350
f 1370 1359 1369
f 1369 9285 9276
f 1373 903 904
f 555 557 558
f 1374 910 1373
f 1373 905 1375
f 1374 1375 1376
f 1375 1354 1370
f 1378 908 1377
f 376 651 1387
f 1388 973 969
f 586 588 585
f 1390 1388 1391
f 1391 969 970
f 597 599 596
f 600 602 603
f 1392 970 979
f 608 610 607
f 612 523 611
f 614 616 613
f 617 25 24
f 620 622 619
f 1397 1391 1392
f 1398 1392 1399
f 1400 920 1378
f 1402 1165 1169
f 636 638 635
f 930 1402 929
f 641 643 644
f 929 1169 1170
f 1404 1403 1402
f 1411 1365 1406
f 1412 1415 1414
f 652 654 655
f 609 657 658
f 659 661 662
f 558 586 585
f 665 667 664
f 1413 1406 1412
f 1418 9262 9265
f 1417 1371 1416
f 1416 9281 9262
f 1419 1416 1418
f 1386 1374 1420
f 677 679 676
f 1385 1420 1421
f 1420 1376 1422
f 685 687 688
f 1421 1422 1423
f 528 691 658
f 1422 1372 1417
f 1018 747 1425
f 699 701 702
f 1424 579 1017
f 9115 1767 9112
f 700 711 712
f 1093 9206 1571
f 717 530 719
f 721 723 720
f 704 8987 8998
f 19 1426 1430
f 1429 1427 1426
f 1658 8986 8988
f 1439 1434 1438
f 1437 1435 1434
f 1426 1433 1432
f 1442 1432 1440
f 742 744 745
f 1432 1441 1440
f 751 753 750
f 1438 1403 1405
f 1446 1444 1443
f 1447 1446 1443
f 9312 1443 9300
f 1415 1445 1446
f 1414 1446 1448
f 2173 469 470
f 777 779 686
f 780 782 783
f 1676 1806 1675
f 9311 1349 9313
f 789 791 788
f 745 793 742
f 652 795 653
f 1455 1457 1456
f 1454 1350 1452
f 610 802 801
f 9283 698 703
f 1352 1045 1351
f 1015 1459 1460
f 811 813 814
f 2118 9269 2117
f 819 821 818
f 1466 1194 1190
f 1467 1465 1466
f 1182 1468 1467
f 832 833 831
f 835 837 834
f 1467 1190 1182
f 1469 1444 1445
f 840 712 690
f 1453 1469 1454
f 599 845 846
f 1226 9301 9307
f 851 853 850
f 855 856 854
f 858 860 857
f 861 863 864
f 1014 9307 9310
f 867 868 869
f 870 872 873
f 874 876 877
f 1310 1471 1309
f 1476 1427 1475
f 1461 1475 1460
f 887 889 890
f 788 892 891
f 894 896 893
f 1460 1227 1015
f 901 524 612
f 1465 1477 1464
f 1865 8944 1864
f 911 913 914
f 916 918 915
f 1850 8951 1851
f 921 895 894
f 1479 1436 1478
f 926 667 601
f 1481 563 1480
f 269 84 1482
f 931 933 916
f 934 614 869
f 936 688 937
f 938 662 939
f 1484 122 123
f 941 835 834
f 320 509 510
f 1849 8949 1850
f 84 1484 83
f 1487 1488 539
f 1757 8946 8953
f 365 1491 364
f 461 80 511
f 117 362 1496
f 1494 541 1495
f 926 957 958
f 1477 1433 1476
f 1709 1585 1700
f 119 1496 345
f 271 504 156
f 511 189 186
f 345 1492 365
f 255 344 254
f 57 299 132
f 1501 268 1500
f 267 1499 145
f 974 976 977
f 1678 1693 1676
f 9298 1807 9292
f 557 663 558
f 983 984 985
f 1443 9301 9300
f 421 268 265
f 989 991 988
f 1490 418 1504
f 279 309 310
f 997 676 679
f 998 999 875
f 1504 38 1505
f 1506 1507 1486
f 360 1508 1506
f 1506 207 360
f 939 1006 938
f 270 1483 269
f 66 546 512
f 1010 793 935
f 367 437 1509
f 244 363 243
f 1670 8978 1669
f 209 1510 226
f 235 1512 1511
f 1511 234 235
f 388 426 425
f 427 250 237
f 161 521 231
f 100 45 44
f 1025 608 1027
f 1029 1031 1028
f 939 1033 1032
f 41 594 99
f 1036 783 1037
f 702 1038 1039
f 1040 1042 1043
f 362 369 1493
f 187 477 186
f 70 539 198
f 1511 1521 234
f 1049 603 1048
f 613 869 614
f 860 1051 857
f 1005 1053 1006
f 753 1056 1054
f 1057 1059 1055
f 293 1522 292
f 288 1521 1522
f 292 1523 329
f 331 1508 1524
f 306 453 305
f 100 41 99
f 462 78 79
f 330 1524 462
f 635 1068 636
f 1485 1526 1528
f 206 1528 1510
f 1070 1072 831
f 942 1073 1074
f 916 1075 917
f 440 1530 439
f 157 1514 285
f 1529 5 1530
f 371 546 63
f 790 663 791
f 1077 857 1078
f 1403 1435 1165
f 1080 1082 1079
f 531 1529 440
f 21 1084 1085
f 272 1531 561
f 137 396 397
f 690 802 691
f 335 9011 581
f 1090 1029 1091
f 1092 794 1042
f 1533 137 138
f 661 1095 1096
f 69 445 72
f 1099 1101 1098
f 38 1536 1505
f 1104 1106 1103
f 852 1108 853
f 1377 909 1386
f 291 411 294
f 316 516 33
f 539 1533 534
f 1505 316 313
f 1110 1112 1113
f 1539 460 264
f 522 1537 1539
f 834 1120 1119
f 1122 1124 1121
f 612 1041 901
f 935 615 614
f 276 130 131
f 1686 8966 1685
f 193 1541 273
f 231 1540 287
f 556 982 557
f 365 85 345
f 190 318 1541
f 1810 9018 8972
f 9376 8956 9243
f 1132 985 1131
f 208 102 132
f 1134 662 661
f 1491 80 77
f 429 1542 147
f 1137 915 918
f 172 428 174
f 1139 1141 1142
f 549 54 55
f 1517 1518 296
f 976 1146 938
f 834 984 941
f 1543 286 115
f 1544 239 513
f 133 1544 1542
f 506 257 258
f 420 328 401
f 1158 1160 1157
f 587 1103 588
f 1513 1514 151
f 607 1027 608
f 304 1545 303
f 364 77 506
f 69 198 139
f 1006 976 938
f 700 1112 701
f 9329 8969 9239
f 1166 657 656
f 1167 858 1077
f 1300 8968 1299
f 1172 1174 1175
f 218 200 217
f 1179 1181 1178
f 372 97 98
f 89 227 88
f 1186 1188 1189
f 172 1517 1549
f 1482 81 1498
f 1090 1193 1030
f 394 353 1551
f 526 1198 1197
f 811 858 812
f 1199 1026 1025
f 606 697 696
f 1204 1206 743
f 1207 523 526
f 1209 867 613
f 914 685 936
f 1478 1441 1477
f 1029 1161 1091
f 1211 1213 1214
f 9310 1451 9311
f 844 1216 845
f 423 273 274
f 1220 1222 1083
f 22 1224 23
f 882 897 881
f 1519 173 387
f 1189 1232 1178
f 349 550 416
f 1071 1236 1072
f 1237 1239 745
f 1221 1189 1240
f 1510 1512 333
f 939 1241 1005
f 1556 5 67
f 1553 394 1551
f 404 67 347
f 1247 1249 1246
f 142 238 92
f 1251 635 1250
f 850 1253 851
f 1254 1077 1255
f 57 133 429
f 443 552 551
f 1187 1175 1188
f 1256 831 833
f 432 382 383
f 741 747 746
f 434 351 415
f 349 383 348
f 251 1481 1480
f 395 352 353
f 1518 1550 1551
f 1558 378 340
f 109 314 315
f 285 1513 407
f 395 393 392
f 202 410 1558
f 417 405 432
f 1246 1258 1247
f 3 297 2
f 1259 1261 1262
f 403 347 284
f 955 953 952
f 462 51 330
f 1096 687 1263
f 429 60 57
f 896 1265 932
f 1267 1268 1266
f 423 327 420
f 37 180 40
f 20 1187 1186
f 1256 1071 1070
f 155 156 504
f 1188 1269 1232
f 1236 1271 1262
f 1272 535 621
f 565 463 464
f 1273 745 1239
f 876 1255 1274
f 316 164 315
f 437 503 1509
f 194 1495 197
f 1275 864 863
f 624 631 630
f 1277 1137 1278
f 569 567 566
f 1481 125 366
f 324 547 326
f 1279 1107 1280
f 1525 329 1523
f 1281 1137 918
f 171 1553 1552
f 1488 396 1533
f 1557 1562 1559
f 1282 1206 1205
f 1053 1278 1281
f 778 607 1283
f 713 9010 9013
f 251 144 124
f 4 348 383
f 709 707 706
f 728 45 246
f 261 1563 544
f 789 1287 790
f 74 263 282
f 403 385 434
f 1178 1240 1189
f 1223 1289 1224
f 158 150 151
f 1220 1186 1221
f 296 354 433
f 784 1538 1566
f 1181 1291 1222
f 1269 1257 1246
f 1566 438 399
f 136 1566 1564
f 1563 169 1565
f 107 109 108
f 1297 1298 1296
f 1464 1476 1461
f 1520 507 508
f 1301 1303 1304
f 1306 1308 1305
f 175 1532 272
f 1532 200 201
f 1311 1312 1313
f 872 1315 1316
f 1317 1318 1319
f 9288 878 9280
f 1305 864 1276
f 1040 863 1320
f 1564 399 169
f 592 1575 591
f 591 1088 689
f 1581 1583 1582
f 1196 1147 1176
f 710 583 713
f 285 408 386
f 953 961 963
f 1594 1589 1593
f 1585 1587 1586
f 1592 1590 1589
f 9337 944 9351
f 1600 1598 1597
f 1604 1602 1601
f 1399 979 980
f 1589 1596 1595
f 1610 1608 1607
f 298 361 360
f 551 276 277
f 1627 9266 9271
f 859 818 860
f 1078 1328 1329
f 1555 1530 1556
f 572 680 681
f 772 776 774
f 977 918 917
f 404 392 393
f 1054 750 753
f 1644 1643 1642
f 932 1082 933
f 1067 1334 1068
f 1540 264 114
f 597 643 1336
f 471 762 470
f 1642 9283 9294
f 1644 9294 9295
f 923 950 927
f 96 548 95
f 520 522 521
f 445 443 442
f 849 848 842
f 480 755 493
f 1646 481 1639
f 311 1567 170
f 464 8941 8939
f 8941 1361 8939
f 234 236 235
f 190 192 191
f 153 152 149
f 231 286 230
f 1552 1551 1550
f 760 1648 488
f 9284 1649 9282
f 828 826 825
f 52 166 165
f 1663 1661 1660
f 287 115 286
f 668 670 669
f 634 640 639
f 553 559 554
f 118 33 516
f 492 491 490
f 8996 1651 8997
f 582 584 583
f 384 392 415
f 1381 1383 1380
f 1562 435 436
f 952 951 947
f 8973 583 584
f 1660 1667 1666
f 1394 1396 1393
f 1660 1664 1663
f 1671 1669 1668
f 1624 1673 1672
f 1407 1409 1410
f 1677 1675 1674
f 1613 1677 1625
f 1679 1676 1677
f 1626 9263 9266
f 534 198 539
f 176 150 159
f 803 734 800
f 400 191 192
f 65 143 144
f 8970 1656 8984
f 402 157 283
f 629 627 626
f 461 49 50
f 758 495 756
f 796 786 785
f 406 1513 1560
f 342 166 167
f 1694 1658 1695
f 1692 1694 1696
f 9001 1652 8996
f 9373 1703 9375
f 326 302 90
f 9368 1702 1706
f 9371 1698 1701
f 1699 9379 9370
f 1557 1560 1561
f 1127 1117 1128
f 400 289 346
f 1706 1707 1708
f 1707 1599 1600
f 1709 1708 1588
f 1714 1711 1713
f 9371 1709 1700
f 1704 1577 1703
f 1716 1713 1715
f 1559 1549 297
f 1722 1720 1719
f 1335 596 1489
f 410 377 378
f 973 1163 972
f 168 399 398
f 1571 1089 1093
f 1572 682 1571
f 749 647 754
f 1730 1723 1729
f 1594 1729 1592
f 1729 1591 1592
f 1731 1730 1583
f 1384 1377 1379
f 1732 1712 1714
f 1724 1731 1732
f 1712 1731 1580
f 1722 1732 1733
f 1721 1733 1734
f 1734 1716 1717
f 1735 1736 1697
f 1733 1714 1716
f 1663 1741 1668
f 1742 1740 1743
f 1738 1737 1735
f 1665 1666 1740
f 1665 1744 1664
f 1725 1746 1745
f 1591 1745 1590
f 1590 1747 1596
f 1745 1748 1747
f 1659 8982 8986
f 5650 8989 5617
f 1185 1182 1190
f 1664 1749 1741
f 1741 1739 1738
f 1746 1743 1748
f 1726 1742 1746
f 1153 924 925
f 1115 1153 1154
f 1654 9019 1655
f 1896 8993 1686
f 1720 1744 1726
f 1721 1749 1720
f 1750 1701 1698
f 1697 1750 1696
f 1151 1063 1062
f 1751 1670 1671
f 1695 1752 1751
f 961 986 981
f 1770 1768 1767
f 1766 1593 1765
f 1731 1579 1580
f 1579 1774 1578
f 9380 1771 9381
f 1764 9380 9369
f 1777 1775 1774
f 9214 1699 1700
f 1004 1128 1003
f 1774 1771 1772
f 987 1399 980
f 1578 1772 1764
f 1783 1781 1778
f 1597 1770 1767
f 639 9347 9336
f 9380 1769 1770
f 1793 1789 1788
f 9381 1798 1769
f 8952 9225 1806
f 1802 9376 9374
f 1788 1794 1793
f 1793 1795 1776
f 9225 1675 1806
f 1584 1783 1789
f 1771 9372 9381
f 1801 1798 1800
f 1768 1798 1799
f 1775 1797 1771
f 508 515 1520
f 1796 1802 1797
f 1800 9372 9374
f 1794 1804 1795
f 8976 1752 8991
f 485 1807 775
f 9261 1640 768
f 9289 1810 1653
f 485 1640 1808
f 1690 9222 9224
f 487 1648 1811
f 9291 1816 9274
f 9290 1648 9282
f 9291 1811 9290
f 1812 487 1811
f 1641 767 768
f 465 755 776
f 767 9275 9260
f 9274 9278 9299
f 1809 1815 767
f 9289 1651 9292
f 675 8985 8940
f 1814 1822 1821
f 1821 9273 9272
f 1824 1649 1825
f 1827 1850 1805
f 1668 1662 1663
f 1779 1848 1828
f 1790 1805 1794
f 1833 1853 1852
f 8965 693 575
f 1614 1616 1617
f 1852 8942 8945
f 1620 1622 1623
f 1855 1574 1861
f 1847 8945 8957
f 1766 1855 1782
f 1629 1631 1628
f 1633 1634 1632
f 1635 1637 1638
f 1848 1852 1847
f 1855 1863 1862
f 1803 1867 1802
f 1862 1831 1832
f 1782 1862 1781
f 9374 1865 1800
f 1873 1870 1869
f 1874 799 804
f 2045 9349 2044
f 1219 1295 1225
f 1615 1396 1395
f 9336 1877 1876
f 645 9238 9003
f 1345 1035 1346
f 634 9336 9332
f 15 1327 14
f 9362 1878 1893
f 1894 605 1893
f 8950 627 693
f 9004 645 9003
f 340 454 1558
f 1897 195 1898
f 1889 1877 1890
f 1901 129 1900
f 196 754 232
f 1705 9373 9368
f 340 166 343
f 1570 563 561
f 1904 194 1897
f 1781 1832 1780
f 1905 55 1906
f 1000 995 996
f 986 920 987
f 1191 1190 1194
f 2094 2075 2093
f 1920 1919 1915
f 453 1912 1911
f 1915 1918 1916
f 9334 2106 9353
f 1655 8975 1868
f 1916 1926 1925
f 704 9005 703
f 278 1925 1900
f 9009 1818 1820
f 1097 1115 1114
f 1927 727 1923
f 9030 9106 9210
f 1920 307 1929
f 1929 48 728
f 503 1497 1509
f 1902 787 796
f 1816 9272 9278
f 1925 1923 1924
f 1535 1568 1534
f 254 258 255
f 1509 366 367
f 119 35 36
f 219 293 294
f 141 47 431
f 542 244 245
f 1940 430 431
f 1779 1827 1790
f 1701 9367 9371
f 1661 8959 1667
f 270 754 647
f 197 749 196
f 1727 1212 1211
f 53 232 754
f 1465 1479 1478
f 1284 9306 1293
f 1951 412 413
f 168 1554 1553
f 1486 206 207
f 506 78 361
f 994 1007 993
f 951 963 964
f 1013 9313 1351
f 9278 1820 1818
f 1498 1954 1482
f 299 543 132
f 1754 1756 1753
f 1681 1683 1682
f 1696 1695 1697
f 13 738 737
f 473 475 474
f 482 768 1640
f 204 30 205
f 1761 820 819
f 611 1125 612
f 1501 1908 1909
f 1074 711 699
f 1960 82 83
f 120 1960 123
f 35 87 34
f 1773 1025 1031
f 1965 1569 1535
f 494 471 479
f 1966 1969 1968
f 446 1971 1967
f 174 125 126
f 1580 1578 1577
f 1785 1787 1784
f 1972 304 305
f 1254 875 999
f 1973 342 514
f 321 1973 509
f 1910 275 1907
f 509 514 508
f 1486 1527 1485
f 1974 804 1975
f 1977 1974 1978
f 1980 1966 1981
f 379 2 295
f 1718 1710 1701
f 884 992 883
f 1680 1678 1679
f 902 525 524
f 344 256 299
f 135 137 136
f 236 228 333
f 448 1967 1966
f 589 604 584
f 910 908 907
f 1981 1968 1987
f 1982 1987 1979
f 1988 1987 1989
f 1990 1989 1991
f 1991 1993 1992
f 322 320 319
f 992 830 883
f 1144 1086 1143
f 1995 1978 1994
f 1133 1118 1126
f 1997 1994 1996
f 870 1335 1489
f 805 1982 1998
f 727 2000 1999
f 1996 1988 1990
f 1994 1979 1988
f 1829 792 1273
f 1830 941 983
f 798 800 799
f 729 731 730
f 2011 2023 2022
f 1834 846 1159
f 402 284 347
f 2022 2024 2025
f 1838 989 988
f 810 952 809
f 1823 1840 644
f 1430 1432 1431
f 1215 1841 1079
f 149 176 177
f 1316 873 872
f 2112 1384 2106
f 1842 1844 1845
f 1159 845 1160
f 837 1846 1120
f 1971 2030 2027
f 517 370 189
f 858 833 812
f 1471 2027 1888
f 8995 626 627
f 2174 770 490
f 935 1854 1010
f 1613 1611 1618
f 1231 1225 1295
f 1856 891 892
f 1300 748 741
f 1150 1858 1859
f 1643 696 1642
f 1215 1264 1216
f 1320 902 901
f 1956 1944 1960
f 2031 669 1474
f 2034 1310 1299
f 1879 1656 1657
f 40 242 39
f 1992 2039 1456
f 888 957 889
f 1882 1996 1990
f 1078 1255 1077
f 1871 1192 1090
f 294 218 219
f 1323 2026 1471
f 123 83 1484
f 1324 2041 1323
f 384 359 352
f 1324 2038 2036
f 1883 1885 1829
f 287 114 107
f 1096 1134 661
f 915 931 916
f 806 1981 1982
f 8977 584 604
f 1425 2042 1018
f 1018 1948 1017
f 9006 740 8963
f 1948 649 646
f 1881 1990 1991
f 1900 130 278
f 992 994 993
f 923 925 924
f 9330 2047 9328
f 1643 625 606
f 2050 2051 2049
f 2045 1404 2047
f 9328 945 9337
f 1139 1079 1841
f 1037 892 982
f 2055 2057 2056
f 1198 718 717
f 1619 1612 1611
f 2058 1606 2059
f 2059 1607 2058
f 2058 1624 1605
f 71 179 37
f 405 1557 382
f 976 1006 977
f 322 1972 1911
f 2061 2063 2062
f 2066 2067 1825
f 2052 2064 2051
f 1609 2066 1647
f 1515 152 1516
f 1009 993 1007
f 1644 9267 2118
f 279 1916 278
f 1285 9314 1284
f 1647 1825 1649
f 2056 2067 2065
f 319 1953 1952
f 667 1913 1914
f 2070 625 2048
f 2052 2055 2063
f 2038 1655 1458
f 1606 2073 2072
f 1235 1270 1236
f 2072 2075 2074
f 2059 2072 2062
f 2074 2077 2076
f 1601 2078 2073
f 2049 1643 1645
f 1000 1001 994
f 1089 684 689
f 1931 1306 1930
f 1462 1021 1022
f 1932 1934 1935
f 875 1846 998
f 1936 1937 1938
f 44 46 92
f 1534 1956 120
f 1541 317 391
f 2081 2084 2083
f 146 1959 300
f 1360 1942 1361
f 985 1032 1033
f 1995 1892 2043
f 2079 2082 2081
f 2095 2076 2077
f 2081 2078 2079
f 2055 2054 2053
f 501 2095 500
f 2097 2099 2098
f 2098 2094 2083
f 2140 9345 9318
f 2141 9346 9345
f 2051 2048 2049
f 592 2101 1576
f 2071 2076 2096
f 2102 2098 2101
f 593 2102 592
f 1019 746 747
f 1950 12 1327
f 725 2096 501
f 1385 2104 1379
f 1379 2106 1384
f 2107 2100 2097
f 9360 502 9348
f 9348 499 9353
f 940 2109 944
f 928 1170 973
f 9320 684 9351
f 1962 1964 1961
f 9330 573 9349
f 2039 1968 1969
f 1389 2110 2109
f 1398 2113 1397
f 9209 9205 9195
f 9363 2107 2103
f 949 924 1115
f 260 324 326
f 1390 2113 2110
f 2070 2064 2071
f 9319 2103 593
f 2105 1421 2114
f 2114 1423 2115
f 9344 2115 9355
f 9360 2114 9344
f 554 1902 553
f 972 967 966
f 1765 1573 1574
f 1984 1986 1983
f 2053 2069 2057
f 9017 724 714
f 1625 1674 1673
f 9333 2119 2122
f 9355 2123 9356
f 56 1906 55
f 626 9331 629
f 2001 2003 2004
f 9364 2127 9359
f 2006 2008 2009
f 2127 1412 2128
f 2014 2016 2017
f 2018 2020 2021
f 1495 1947 197
f 1379 1386 1385
f 9266 1680 1618
f 2029 1884 2028
f 9354 2120 9339
f 629 9366 9324
f 682 943 1089
f 724 2121 716
f 1757 9273 9297
f 765 9296 9261
f 9303 715 9304
f 706 9322 9324
f 981 987 980
f 1457 1656 1880
f 2017 2032 2033
f 1458 1868 1457
f 1776 1792 1793
f 1959 1946 1958
f 9115 9177 9113
f 9365 2122 9302
f 1093 689 1088
f 966 968 972
f 9304 9333 9365
f 2172 2170 2171
f 670 2137 669
f 9213 1903 233
f 1429 28 1449
f 964 978 971
f 9293 1413 2127
f 1473 669 2137
f 9286 1359 1358
f 2138 1870 2137
f 1872 2137 1870
f 715 9340 9333
f 1881 1992 1880
f 9295 739 740
f 1837 8957 8958
f 253 59 85
f 1808 9292 1807
f 1647 9270 1609
f 9317 671 668
f 2112 9335 2111
f 1405 2044 1438
f 9281 1364 1366
f 273 391 249
f 576 8964 8999
f 9327 668 2031
f 1430 2140 2139
f 2136 9312 28
f 1430 18 19
f 9345 570 695
f 1442 2046 2141
f 1431 2141 2140
f 9321 9302 2136
f 9260 1817 766
f 9318 695 671
f 2142 798 2138
f 571 2142 694
f 9271 1618 1611
f 2143 2025 2142
f 694 2138 670
f 681 2144 572
f 2144 2022 2143
f 328 457 290
f 1572 2011 2144
f 630 9355 624
f 2085 2087 2088
f 2090 2092 2089
f 572 2143 571
f 1875 2153 2149
f 1873 2149 2154
f 2103 2097 2102
f 2157 2155 2156
f 2128 1414 2120
f 9326 589 582
f 9324 628 629
f 2149 2158 2159
f 2159 9357 9342
f 698 9354 705
f 9275 9279 1817
f 2158 9326 9357
f 1438 2046 1439
f 2035 2160 2161
f 2161 9341 9338
f 9323 605 589
f 9325 18 9327
f 370 61 451
f 649 413 648
f 2153 2156 2158
f 1428 1449 1450
f 1490 73 1488
f 9342 710 633
f 2155 9343 9323
f 1456 1880 1992
f 2125 2087 2124
f 2160 9342 9341
f 300 505 323
f 1064 1046 1065
f 2043 1891 2155
f 2129 2004 2003
f 2131 2133 2134
f 9300 1450 1449
f 1998 804 805
f 9331 9316 9366
f 474 490 770
f 1164 1182 1177
f 707 9361 9322
f 708 2162 707
f 2162 9338 9361
f 548 1905 458
f 1145 1114 1171
f 705 1650 704
f 2043 1977 1995
f 737 554 559
f 1034 1191 1023
f 458 1907 275
f 195 232 233
f 2040 1969 1970
f 2145 2147 2148
f 2054 2049 1645
f 9284 1639 9270
f 9 11 10
f 252 506 258
f 472 479 471
f 1865 9243 8947
f 900 910 907
f 1941 2151 1942
f 1921 1927 1919
f 2163 1898 2116
f 271 153 178
f 1904 12 9
f 282 264 460
f 1872 2154 2035
f 1326 1897 2163
f 628 693 627
f 1724 1719 1723
f 1549 436 172
f 1582 1730 1729
f 1921 1929 1928
f 9007 10 11
f 2152 1950 1949
f 475 774 771
f 769 2171 473
f 2171 476 473
f 476 772 475
f 1791 464 1760
f 2166 2168 2169
f 595 372 98
f 483 1641 482
f 762 2173 470
f 771 484 492
f 486 1809 483
f 297 1517 296
f 763 2174 762
f 776 759 489
f 184 2176 2000
f 412 303 414
f 2005 185 224
f 9263 1682 9298
f 2164 756 764
f 1472 2161 2162
f 950 964 965
f 2177 2179 2180
f 227 1510 333
f 764 467 2164
f 2182 2184 2181
f 2186 2018 2185
f 1985 2181 1986
f 214 729 1531
f 1545 1546 1569
f 865 842 866
f 849 1357 1362
f 452 1558 454
f 559 3188 737
f 16 737 3188
f 560 498 374
f 3193 3195 3194
f 3200 3198 3199
f 3211 3213 3212
f 3215 3217 3216
f 2187 2002 2001
f 3233 3235 3234
f 3223 3222 3224
f 3229 3231 3230
f 3245 3247 3246
f 2169 2189 2190
f 2192 2085 2191
f 2193 2195 2196
f 2198 2200 2197
f 1998 1979 1975
f 9116 9120 9123
f 3253 3255 3254
f 2116 1903 1902
f 1859 2009 1150
f 9356 2126 9358
f 1135 1087 1130
f 2201 2015 2014
f 1149 110 1858
f 3261 3263 3262
f 3269 3271 3270
f 3265 3267 3266
f 3229 3284 3283
f 3289 3291 3290
f 3299 3301 3300
f 3307 3264 3308
f 3293 3295 3294
f 3297 3224 3298
f 3319 3291 3320
f 3322 3318 3315
f 3314 3312 3311
f 3285 3287 3286
f 3332 3218 3215
f 3329 3330 3328
f 3324 3227 3298
f 3298 3326 3324
f 2203 2205 2206
f 579 1895 1019
f 1755 2208 1756
f 3337 3339 3338
f 9343 1893 605
f 1211 2150 1727
f 868 2210 2209
f 3347 3349 3348
f 944 930 940
f 2130 2202 2201
f 233 1898 195
f 665 750 666
f 1167 999 618
f 2211 2213 2214
f 2215 2217 2218
f 9319 590 9320
f 2220 220 2219
f 823 948 1094
f 3375 3377 3376
f 3393 3391 3390
f 3353 3357 3356
f 3363 3365 3364
f 3402 3404 3403
f 266 455 265
f 9334 2107 9335
f 2221 8963 8961
f 2223 2225 2226
f 2207 2124 2208
f 3293 3336 3286
f 673 9321 9316
f 817 996 815
f 2227 2146 2145
f 1947 646 749
f 9352 17 9325
f 2229 1638 1381
f 1679 1618 1680
f 1637 2232 2230
f 2233 1617 1616
f 2231 2236 2237
f 3406 3408 3407
f 1381 2238 1382
f 9038 2242 9039
f 3414 3341 3415
f 1630 2233 1631
f 1681 472 469
f 1408 2243 2244
f 3423 3425 3424
f 3433 3263 3307
f 3434 3430 3435
f 3440 3442 3441
f 3444 3446 3445
f 3436 3450 3439
f 3442 3456 3455
f 1637 2238 1638
f 3445 3437 3438
f 3448 3440 3449
f 1409 1634 2245
f 1380 2247 2246
f 1628 2245 1621
f 3463 3465 3464
f 3308 3462 3307
f 2249 1622 1633
f 1632 1408 2244
f 2248 1631 2250
f 3478 3480 3479
f 3509 3511 3510
f 2235 1637 1636
f 3505 3507 3506
f 3457 3199 3198
f 631 2071 725
f 515 52 49
f 782 2251 1251
f 2253 2255 2252
f 397 459 784
f 1456 2040 1455
f 2040 2036 1455
f 3434 3518 3517
f 1401 2111 1398
f 2041 1970 2026
f 3367 3338 3368
f 1535 414 1965
f 1586 2080 2079
f 2256 1132 1886
f 3528 3530 3529
f 3519 3520 3517
f 3537 3506 3538
f 3543 3545 3544
f 1700 9370 9371
f 3486 3550 3549
f 3455 3497 3563
f 3558 3559 3323
f 3456 3500 3497
f 3572 3252 3249
f 3308 3285 3569
f 3316 3574 3573
f 3575 3479 3533
f 3576 3578 3577
f 3580 3582 3581
f 3584 3586 3585
f 3505 3588 3503
f 3589 3591 3590
f 3600 3602 3601
f 3542 3595 3594
f 3604 3592 3589
f 3611 3613 3612
f 3622 3624 3623
f 3618 3620 3619
f 3626 3628 3627
f 3644 3646 3645
f 3634 3636 3635
f 3638 3641 3640
f 9267 1686 9269
f 1263 1886 1096
f 3613 3654 3614
f 598 844 599
f 2257 2259 2260
f 2258 2262 2259
f 2259 2263 2216
f 2260 2216 2215
f 1967 1970 1969
f 2212 1963 2213
f 922 2218 2217
f 1312 1101 2264
f 1307 1286 789
f 1548 1546 1972
f 2266 2268 2265
f 2265 2270 2269
f 2272 2269 2271
f 2273 2265 2272
f 2275 2277 2274
f 2278 2277 2279
f 2284 9069 9091
f 2287 2286 2281
f 2288 2283 2287
f 2290 9091 9072
f 2291 2293 2294
f 2295 2294 2279
f 2296 2291 2295
f 2297 2292 2291
f 2294 2299 2300
f 2279 2300 2278
f 2298 2302 2292
f 2292 2303 2293
f 2293 2304 2299
f 2304 2306 2299
f 2306 2300 2299
f 2308 2310 2307
f 2302 2310 2303
f 2301 2307 2302
f 2312 2307 2311
f 2313 2315 2316
f 2318 2320 2317
f 9200 2322 2323
f 2324 2273 2326
f 2313 2326 2327
f 2328 2313 2316
f 2329 2324 2328
f 2331 2333 2330
f 2330 2267 2266
f 2325 2266 2273
f 2329 2330 2325
f 2333 2335 2267
f 2336 2333 2332
f 2338 2332 2337
f 2331 2337 2332
f 2329 2339 2331
f 2328 2340 2329
f 2316 2341 2328
f 2342 2315 2343
f 2344 2346 2347
f 2341 2347 2340
f 2342 2344 2341
f 2348 2345 2344
f 2350 2352 2353
f 2339 2353 2337
f 2340 2350 2339
f 2347 2351 2350
f 2337 2354 2338
f 2353 2355 2354
f 2356 2276 2357
f 2356 2358 2359
f 2356 2296 2295
f 2279 2356 2295
f 2360 2270 2268
f 2267 2360 2268
f 2362 2364 2365
f 2362 2361 2358
f 2366 2358 2357
f 2366 2363 2362
f 2357 2368 2366
f 2366 2369 2367
f 2276 2370 2368
f 2368 2282 2369
f 2372 2374 2371
f 2375 2377 2007
f 2378 2380 2381
f 2382 2381 2383
f 2384 2378 2382
f 2385 2379 2378
f 2388 2390 2387
f 2387 2392 2391
f 2393 2387 2391
f 2394 2388 2387
f 2186 2402 2400
f 2403 2327 2326
f 2272 2326 2273
f 2271 2403 2272
f 2405 2404 2403
f 2404 2408 2327
f 2409 2411 2412
f 2409 2271 2269
f 2413 2269 2270
f 2413 2410 2409
f 2417 2416 2418
f 2417 2406 2405
f 2412 2405 2271
f 2411 2417 2412
f 2406 2407 2404
f 9013 632 713
f 2420 2397 2421
f 2420 2423 2422
f 2424 2422 2419
f 2424 2398 2420
f 2425 2392 2426
f 2421 2426 2423
f 2397 2425 2421
f 2396 2391 2425
f 2427 2315 2314
f 2427 2408 2428
f 2430 2428 2429
f 2343 2427 2430
f 2432 2430 2431
f 2431 2429 2433
f 2435 2433 2434
f 2436 2431 2435
f 2428 2407 2437
f 2422 2407 2419
f 2438 2422 2423
f 2429 2437 2438
f 2440 2433 2439
f 2441 2433 2429
f 2442 2439 2441
f 2443 2440 2439
f 2445 2444 2443
f 2447 2443 2442
f 2383 2445 2447
f 2381 2446 2445
f 2448 2423 2426
f 2449 2426 2392
f 2441 2449 2442
f 2441 2438 2448
f 2449 2390 2450
f 2450 2389 2451
f 2447 2451 2383
f 2442 2450 2447
f 2451 2453 2452
f 2452 2455 2454
f 2382 2454 2384
f 2383 2452 2382
f 2456 2373 2372
f 2459 2461 2458
f 2463 2465 2462
f 2462 2285 2284
f 2466 2284 2290
f 2467 2462 2466
f 2461 9155 9153
f 2468 2470 2471
f 2472 2471 2473
f 2474 9153 9140
f 2475 2477 2478
f 2458 2453 2479
f 2479 2389 2388
f 2395 2479 2388
f 2480 2458 2479
f 2481 2483 2478
f 2484 2485 221
f 2471 2464 2463
f 2473 2463 2467
f 2487 2466 2486
f 2486 2290 2488
f 2490 2488 2489
f 2491 2486 2490
f 2492 2467 2487
f 2493 2487 2491
f 2494 2492 2493
f 2495 2473 2492
f 9142 2474 9140
f 9143 2496 9142
f 2498 2493 2499
f 2500 2499 2501
f 9152 2498 2500
f 9139 2494 2498
f 2306 2278 2300
f 2305 2504 2306
f 2504 2507 2506
f 2506 2288 2508
f 2274 2508 2275
f 2278 2506 2274
f 9085 2489 2488
f 9072 2488 2290
f 2507 2289 2288
f 2505 2509 2507
f 2508 2287 2511
f 2511 2281 2280
f 2370 2280 2282
f 2275 2511 2370
f 2512 2489 2513
f 2514 2513 2515
f 2517 2514 2516
f 2517 2490 2512
f 2499 2491 2517
f 2499 2516 2501
f 2510 2519 2518
f 2518 2521 2520
f 9068 2520 9073
f 9084 2518 9068
f 2522 2303 2310
f 2523 2310 2309
f 2305 2522 2524
f 2524 2523 2525
f 2519 2525 2521
f 2505 2524 2519
f 2308 2527 2526
f 2526 2529 2528
f 2531 2528 2530
f 2309 2526 2531
f 1214 2151 1211
f 2419 2418 2424
f 2533 2349 2317
f 2534 2317 2320
f 2535 2533 2534
f 2536 2345 2533
f 2537 2346 2536
f 2538 2536 2535
f 2539 2537 2538
f 2540 2351 2537
f 2312 2541 2527
f 2527 2542 2529
f 2543 2434 2544
f 2545 2544 2546
f 2319 2543 2545
f 2318 2435 2543
f 2514 2548 2547
f 2547 2550 2549
f 2552 2549 2551
f 2552 2514 2547
f 2520 2554 2553
f 2553 2556 2555
f 9042 2555 9045
f 9073 2553 9042
f 2523 2531 2557
f 2557 2530 2558
f 2525 2557 2559
f 2559 2558 2560
f 2554 2560 2556
f 2521 2559 2554
f 2561 2007 2006
f 2376 2225 2377
f 2564 2566 2563
f 2563 338 2567
f 2569 2567 2568
f 2570 2563 2569
f 2572 2574 2571
f 2571 2576 2575
f 2544 2575 2546
f 2544 2572 2571
f 2578 2569 2577
f 2579 2569 2568
f 2574 2579 2576
f 2573 2577 2574
f 2581 2583 2580
f 2584 2583 2585
f 9149 2580 2584
f 9128 2580 9127
f 2582 2552 2583
f 2583 2551 2585
f 2500 2589 2588
f 2590 2589 2591
f 9145 2588 2590
f 9147 2500 2588
f 2501 2591 2589
f 2592 2594 2595
f 2386 2503 2502
f 2596 2386 2374
f 2596 2373 2597
f 2599 2597 2598
f 2599 2379 2596
f 2600 2380 2599
f 2600 2598 2601
f 2603 2601 2602
f 2603 2446 2600
f 2604 2602 2605
f 2440 2605 2434
f 2444 2604 2440
f 2606 2581 2607
f 2606 2590 2591
f 2591 2582 2606
f 9128 2456 9141
f 9141 2372 9145
f 2478 2608 2481
f 2609 2611 2199
f 2564 2613 2612
f 2612 2598 2597
f 2457 2597 2373
f 2565 2612 2457
f 2614 2570 2578
f 2615 2578 2573
f 2602 2614 2615
f 2601 2613 2614
f 2572 2605 2616
f 2616 2602 2615
f 2573 2616 2615
f 1459 1045 1021
f 1265 1079 1082
f 1612 1609 1611
f 2067 2069 2068
f 1135 1136 1148
f 1938 2618 2617
f 95 458 128
f 2058 1608 1612
f 1454 1445 1367
f 655 1048 2619
f 722 2621 723
f 3665 3634 3666
f 1131 1033 1134
f 562 366 1497
f 1723 1725 1591
f 1786 1122 1787
f 267 323 266
f 1325 1654 2038
f 1468 1435 1479
f 658 529 528
f 8 247 7
f 382 1559 3
f 3631 3680 3630
f 788 1307 789
f 940 929 928
f 911 2623 912
f 2621 655 654
f 2624 2625 2626
f 998 27 26
f 635 2626 2625
f 2627 644 1840
f 2628 1840 2629
f 1200 2627 2628
f 1199 641 2627
f 1520 49 477
f 1452 1349 1451
f 2630 1859 1858
f 644 1335 1823
f 3683 3699 3698
f 1197 717 2632
f 2632 719 1166
f 2628 1166 1200
f 2629 2632 2628
f 1762 1050 821
f 1823 873 1839
f 2634 794 652
f 1028 1027 1161
f 1042 2635 1043
f 93 1901 1924
f 2036 1458 1455
f 1527 1525 1526
f 877 1274 1277
f 134 797 1544
f 1328 931 1329
f 607 1091 1161
f 1043 2637 2636
f 2636 2639 2638
f 1275 2638 1276
f 1275 1043 2636
f 1272 2626 2640
f 2640 638 637
f 1110 2640 637
f 536 2640 2641
f 1472 1474 1473
f 2042 1951 649
f 3668 3633 3669
f 1058 1105 1059
f 2642 2643 2644
f 1192 2644 1193
f 912 2642 1192
f 9350 8970 9238
f 1049 2620 2621
f 616 1885 613
f 1331 666 750
f 990 1198 525
f 1911 321 322
f 1298 1205 2645
f 76 1504 75
f 1502 421 422
f 610 658 691
f 1146 659 938
f 2646 914 936
f 1280 1238 1279
f 975 2647 2648
f 2647 975 974
f 1453 1452 1451
f 1514 158 151
f 835 1843 1842
f 1271 1173 1289
f 2649 813 2650
f 1893 1826 1894
f 1050 1937 1051
f 2651 814 813
f 1006 1281 977
f 2653 2654 2655
f 1001 1003 1002
f 585 679 558
f 2624 621 620
f 555 2028 556
f 1207 1197 2629
f 1626 478 472
f 3729 3731 3730
f 3746 3748 3747
f 3770 3750 3753
f 426 419 1567
f 1030 1773 1031
f 9350 634 9332
f 534 138 262
f 1125 1042 1041
f 333 88 227
f 569 561 730
f 3691 3693 3692
f 1489 871 870
f 1857 620 891
f 1673 9222 9215
f 622 864 1308
f 2647 974 2657
f 619 891 620
f 261 545 262
f 393 1556 404
f 2658 2647 2657
f 1075 2657 917
f 1081 2658 1075
f 1080 2659 2658
f 2644 1141 2660
f 2660 1140 1336
f 642 1336 643
f 1193 2660 642
f 679 555 558
f 3762 3764 3763
f 1503 1500 1502
f 1318 1101 1100
f 2661 1139 1142
f 2661 2663 2662
f 2662 2659 2661
f 2662 2622 2664
f 2664 911 2646
f 2648 2646 1146
f 2648 2662 2664
f 3586 3779 3777
f 2083 2093 2081
f 1442 1437 1439
f 3732 3733 3731
f 519 330 51
f 1885 1209 613
f 799 805 804
f 1946 1952 1953
f 1302 1253 1252
f 3741 3757 3756
f 3660 3662 3661
f 566 224 533
f 1389 928 1388
f 683 681 680
f 836 1842 2665
f 2665 1845 1303
f 2666 1303 1302
f 24 2665 2666
f 831 2650 832
f 1845 1304 1303
f 2010 2012 2011
f 1051 2667 2668
f 1522 1511 1523
f 531 441 522
f 782 1251 1250
f 1250 2625 2669
f 2669 1857 1856
f 783 1856 1037
f 782 2669 783
f 720 2671 721
f 1055 1930 1056
f 1333 1251 2251
f 619 1308 1307
f 652 2619 2634
f 521 1539 1540
f 1838 537 2672
f 2672 536 2641
f 1113 2641 1110
f 1113 1838 2672
f 1016 1351 1045
f 9349 570 9346
f 226 104 101
f 9008 9279 1818
f 1036 1884 1883
f 2674 1304 2673
f 2673 1844 2675
f 1334 2675 1039
f 1333 2673 1334
f 2676 1039 2675
f 1843 2675 1844
f 942 2676 1843
f 1074 702 2676
f 811 859 858
f 752 1055 753
f 1200 656 1026
f 1120 874 2677
f 2677 877 1052
f 1241 1052 1005
f 1119 2677 1241
f 1560 151 1515
f 1208 611 523
f 215 736 214
f 1460 1462 1461
f 3717 3719 3718
f 1208 1839 873
f 854 1282 1297
f 3682 3696 3681
f 72 182 179
f 544 1565 512
f 217 456 457
f 3673 3781 3780
f 2047 930 945
f 1204 1937 2633
f 913 686 685
f 3705 3707 3706
f 840 1113 1112
f 1531 730 561
f 2678 1283 801
f 601 1914 602
f 1537 459 460
f 1819 8953 8971
f 991 862 538
f 2679 1073 1830
f 3776 3581 3582
f 2680 983 2256
f 779 2256 1263
f 778 2680 779
f 2678 1830 2680
f 180 245 40
f 1886 1131 1134
f 3766 3767 3749
f 1138 1274 1255
f 3777 3585 3586
f 1841 1140 1139
f 75 314 74
f 193 420 192
f 2681 1099 1098
f 3658 3587 3659
f 170 1565 169
f 349 417 432
f 1121 2684 2683
f 547 409 302
f 123 121 120
f 2643 1142 1141
f 1542 513 1543
f 899 907 919
f 1210 676 867
f 791 982 892
f 24 837 836
f 893 932 931
f 1860 863 862
f 535 862 861
f 3640 3683 3638
f 832 813 812
f 2650 813 832
f 1569 1547 1568
f 181 542 180
f 660 937 688
f 2013 568 2012
f 3781 3644 3782
f 887 2631 2630
f 1524 361 78
f 520 162 1529
f 2653 854 2685
f 1238 2655 2686
f 718 527 530
f 1492 518 1491
f 792 615 793
f 599 1835 596
f 290 456 175
f 312 1552 425
f 1248 1179 1249
f 153 177 178
f 1240 1222 1221
f 1257 1235 1071
f 1291 1083 1222
f 1052 1277 1053
f 743 2618 1204
f 444 430 443
f 23 1172 1187
f 2687 1180 1179
f 102 409 134
f 1283 610 801
f 373 650 651
f 1180 1084 1291
f 855 2655 1237
f 1173 1917 1174
f 2689 853 2688
f 2688 1108 1279
f 2686 1279 1238
f 2687 2688 2686
f 2691 1252 2690
f 2690 850 2689
f 1248 2689 2687
f 1248 2691 2690
f 2692 24 2666
f 2691 2666 1302
f 1247 2692 2691
f 1258 617 2692
f 394 1555 393
f 2693 1259 1223
f 1072 1262 1261
f 1257 1168 1258
f 398 1555 1554
f 871 1314 872
f 1178 1249 1179
f 1224 1173 1172
f 1010 2618 742
f 1175 1292 1269
f 2654 2686 2655
f 2694 1216 1264
f 71 1487 70
f 701 1111 1038
f 1072 2649 2650
f 1085 22 21
f 895 1264 896
f 1601 1605 1604
f 1259 1271 1289
f 21 1220 1083
f 988 538 537
f 3533 3535 3532
f 598 1336 1140
f 820 1762 821
f 1050 818 821
f 1298 1761 2652
f 1168 618 617
f 3629 3670 3628
f 858 1256 833
f 39 516 1536
f 2652 819 814
f 313 315 314
f 2026 1971 2027
f 2656 596 1835
f 814 818 811
f 2696 813 2649
f 1260 2649 1261
f 2693 2696 1260
f 2697 2651 2696
f 381 390 380
f 9270 1611 1609
f 1475 1428 1227
f 1292 1917 1235
f 1551 354 1518
f 1526 1523 1511
f 1593 1595 1573
f 1232 1246 1249
f 2695 1223 22
f 2698 1296 2697
f 2698 2693 2695
f 2685 2695 1085
f 2685 1297 2698
f 562 271 272
f 2652 1296 1298
f 1365 1364 1363
f 1958 1953 1957
f 585 2210 997
f 1561 1515 435
f 975 1146 976
f 347 68 346
f 1038 636 1068
f 2700 780 2699
f 2699 1036 1883
f 2701 1883 1829
f 851 2699 2701
f 2674 2251 2702
f 2702 781 2700
f 1253 2700 851
f 1301 2702 1253
f 1519 388 1550
f 1273 1280 2703
f 2703 1107 852
f 2701 852 851
f 1829 2703 2701
f 91 326 90
f 1784 2656 1785
f 2683 2705 2704
f 604 8943 8977
f 1669 8992 1662
f 2062 2060 2059
f 621 861 622
f 2023 732 2024
f 686 1263 687
f 857 2668 1328
f 883 882 879
f 3648 3650 3649
f 637 1111 1110
f 2668 893 1328
f 3692 3711 3691
f 2667 894 2668
f 1039 1068 1334
f 313 1504 1505
f 1911 305 453
f 1936 1964 2212
f 2707 2401 2183
f 2708 2183 2182
f 738 2116 554
f 3785 3709 3786
f 2349 2432 2436
f 2711 2020 2019
f 2400 2019 2186
f 2714 2716 2713
f 2717 2719 2720
f 2721 2723 2724
f 2726 2728 2725
f 2725 2730 2729
f 2731 2729 2709
f 2732 2725 2731
f 2734 2736 2733
f 2738 2740 2737
f 2737 2741 2742
f 2744 2746 2743
f 2745 2748 2747
f 2749 2747 2751
f 2753 2751 2752
f 2250 2246 2248
f 3417 3419 3418
f 2754 1614 2755
f 9050 2755 9061
f 9060 2747 9061
f 1617 2755 1614
f 2242 1620 2757
f 3429 3431 3430
f 2191 2760 2759
f 2761 2760 2762
f 9100 2761 9101
f 9075 2759 9100
f 3209 3354 3355
f 1395 2236 2235
f 1395 1636 1615
f 3741 3790 3740
f 1616 2229 2233
f 3410 3412 3411
f 1617 2763 2756
f 2756 9080 9060
f 2765 2234 1630
f 2766 9080 9074
f 3202 3458 3459
f 1516 435 1515
f 2768 8996 8997
f 1495 578 1424
f 2135 28 17
f 8970 2773 2774
f 1690 9378 9377
f 2778 2780 2777
f 2777 2781 2782
f 2784 2777 2783
f 8999 575 576
f 1494 9 540
f 8973 2015 9010
f 451 505 450
f 2786 2788 2785
f 2779 2785 2780
f 2789 2741 2740
f 2790 2752 2789
f 2792 2794 2791
f 2793 2796 2794
f 2796 2750 2749
f 2794 2749 2753
f 2798 1396 2754
f 9043 2754 9050
f 2798 2800 1393
f 9043 2799 2798
f 2797 2795 2801
f 2791 2753 2790
f 216 232 54
f 9256 2807 9255
f 9257 2804 9255
f 2769 9001 8996
f 183 184 97
f 2811 2775 2776
f 2804 2776 2805
f 2809 2811 2804
f 2812 2813 2814
f 9257 2816 9247
f 9248 2815 9247
f 9250 2820 2821
f 9245 2819 9250
f 2824 2735 2819
f 2823 2824 2819
f 2825 2826 2724
f 9245 2827 9244
f 9248 2826 9244
f 2713 2829 2828
f 2828 2831 2830
f 2822 2828 2830
f 2821 2713 2828
f 2832 2822 2830
f 2833 2830 2831
f 2834 2832 2833
f 2835 2827 2832
f 2837 2839 2836
f 2836 2841 2840
f 2842 2840 2727
f 2843 2836 2842
f 2840 2845 2844
f 2718 2845 2719
f 2730 2844 2718
f 2727 2844 2728
f 2846 2719 2845
f 2846 2841 2847
f 2829 2847 2831
f 2829 2716 2846
f 2847 2839 2848
f 2848 2838 2849
f 2833 2849 2834
f 2831 2848 2833
f 2850 2851 2852
f 2853 2852 2854
f 2783 2782 2855
f 2785 2853 2856
f 2780 2856 2781
f 2857 2855 2782
f 2859 2782 2781
f 2861 2842 2860
f 2860 2727 2726
f 2862 2726 2732
f 2863 2860 2862
f 2861 2858 2857
f 2843 2857 2859
f 2856 2854 2864
f 2781 2864 2859
f 2837 2859 2864
f 2838 2864 2854
f 2852 2834 2849
f 2854 2849 2838
f 2865 2818 2835
f 2851 2835 2834
f 2813 2815 2865
f 2814 2865 2851
f 2866 2814 2850
f 2788 2850 2853
f 2866 2787 2867
f 2812 2867 2775
f 1892 1890 1891
f 2720 2846 2870
f 298 256 257
f 2872 2713 2820
f 9246 2735 2734
f 2729 2874 2873
f 2846 2715 2870
f 2876 2878 2875
f 2733 2878 2734
f 9258 2879 2880
f 9258 2872 9246
f 2882 2884 2881
f 2881 2715 2714
f 2880 2714 2872
f 2879 2881 2880
f 2885 2887 2888
f 2888 2890 2885
f 2885 2892 2891
f 2893 2885 2891
f 1942 2532 2894
f 2895 2720 2870
f 2884 2870 2715
f 2883 2895 2884
f 2896 2892 2895
f 2889 2717 2890
f 2890 2720 2892
f 2897 2891 2896
f 2898 2896 2883
f 2899 2883 2882
f 2900 2882 2879
f 9249 2879 9259
f 2876 2901 2877
f 2901 2904 2903
f 1785 1835 1834
f 2905 2899 2900
f 2907 2897 2898
f 9249 2903 9251
f 632 577 633
f 8976 2867 2787
f 434 550 350
f 2768 9092 9095
f 2910 1623 2249
f 2241 2758 2242
f 9092 2913 9104
f 1623 2757 1620
f 9039 2757 9104
f 2229 1380 2250
f 2765 1629 2914
f 2915 1629 2912
f 9094 2914 2915
f 9093 2765 2914
f 2919 9094 9065
f 2918 2912 2241
f 9066 2241 9038
f 9070 9065 9122
f 8985 2180 8940
f 8965 2188 8950
f 3694 3627 3693
f 9157 714 9303
f 2925 2917 2924
f 2924 2916 2919
f 9062 2919 9070
f 9063 2924 9062
f 2926 2766 2925
f 9110 2925 9063
f 1715 1705 1710
f 785 498 796
f 1387 565 1791
f 374 1899 560
f 9017 2206 9000
f 2929 2886 2893
f 2932 2934 2931
f 1905 1908 1907
f 2930 2936 2937
f 2938 2930 2929
f 1493 517 518
f 1603 1586 1602
f 2939 2929 2908
f 2940 2908 2907
f 9117 1600 9113
f 2886 2937 2887
f 2906 2898 2899
f 2908 2893 2897
f 2942 2933 2941
f 2941 2937 2936
f 8945 2936 8957
f 8942 2941 8945
f 2943 2710 2873
f 2943 2874 2889
f 2945 2889 2888
f 2946 2943 2945
f 2932 2888 2887
f 2931 2945 2932
f 727 1929 728
f 2903 2947 2948
f 545 42 262
f 1480 533 251
f 2907 2949 2940
f 2906 2950 2949
f 1558 215 202
f 9251 2948 9253
f 2054 1644 2118
f 9157 2203 9017
f 1828 1849 1827
f 2953 2955 2952
f 2952 2957 2956
f 2956 2258 2952
f 2953 2258 2257
f 2454 2474 2496
f 9199 2959 9218
f 9199 2131 9189
f 2961 2963 2958
f 2958 2964 2959
f 222 2485 2965
f 2477 2966 2608
f 2631 2006 1859
f 2384 2496 2497
f 2967 2959 2964
f 2968 2970 2969
f 9211 2971 9236
f 9236 2960 9218
f 2972 2033 2032
f 2007 2973 2008
f 9004 2134 2133
f 1836 1832 1831
f 8950 2090 8995
f 955 959 956
f 672 674 673
f 633 713 632
f 2024 733 803
f 2025 803 798
f 425 1550 388
f 2975 888 887
f 1319 1157 2694
f 1212 2977 1213
f 889 2228 2227
f 1978 1975 1979
f 1138 1329 915
f 751 2979 2978
f 1619 1625 1624
f 2252 1728 1727
f 1157 845 1216
f 2706 1938 2617
f 2980 2254 2981
f 2982 887 2630
f 802 711 2679
f 678 2029 2028
f 527 690 528
f 1839 2629 1840
f 2983 602 1914
f 2983 1913 1331
f 2985 1331 1054
f 2986 2983 2985
f 2987 2635 2634
f 2985 2639 2986
f 2990 1318 2989
f 2991 2993 2994
f 2995 2994 2996
f 1106 2991 2995
f 1058 2992 2991
f 1415 1365 1367
f 1317 2217 2997
f 1932 2255 2980
f 926 2999 664
f 3001 2992 3000
f 3000 1057 2978
f 2999 2978 2979
f 2998 3000 2999
f 3002 2209 3003
f 3002 2996 2994
f 2993 3002 2994
f 3001 2998 3002
f 1103 2995 3004
f 3004 2996 3003
f 2209 3004 3003
f 588 3004 2210
f 295 433 381
f 2638 2988 3005
f 3005 1056 1930
f 1305 1930 1306
f 1276 3005 1305
f 1987 1993 1989
f 2633 1761 2645
f 1423 1417 1419
f 9005 739 703
f 2671 2704 2705
f 1473 2035 1472
f 922 2694 895
f 1401 1378 1384
f 556 1884 1037
f 842 9277 9288
f 1854 2617 1010
f 933 1081 1075
f 1440 1436 1437
f 529 719 530
f 1031 1027 1028
f 777 912 1871
f 2645 1204 2633
f 441 1538 1537
f 3771 3773 3772
f 790 587 586
f 2065 1610 1607
f 1860 990 902
f 60 87 59
f 1424 1948 1947
f 332 1507 331
f 261 138 135
f 187 449 507
f 1719 1726 1725
f 1931 1059 3006
f 3006 1105 1104
f 1287 1104 587
f 1286 3006 1287
f 3007 3009 3010
f 3009 653 795
f 618 26 25
f 2029 1210 1209
f 957 600 2228
f 1049 2228 600
f 2631 3011 2561
f 890 2227 3011
f 3011 2145 3012
f 2561 3012 2375
f 1026 609 608
f 2706 1961 1964
f 3013 2485 3014
f 2148 1267 3015
f 3015 1266 1311
f 2997 1101 1317
f 642 1773 1193
f 186 461 511
f 1041 1320 901
f 1121 3017 1122
f 2984 2987 3018
f 3018 2634 2619
f 1048 3018 2619
f 603 2984 3018
f 2679 801 802
f 2062 2074 2061
f 2061 2076 2064
f 414 1545 1965
f 3016 2683 3019
f 3019 2704 2670
f 3020 2670 720
f 3007 3019 3020
f 1871 1091 777
f 3021 1122 3017
f 3022 3017 3010
f 1314 3022 1315
f 1784 3021 1314
f 1316 1763 611
f 3023 3010 3009
f 3023 795 1092
f 1763 1092 1125
f 1315 3023 1763
f 3016 3010 3017
f 752 2978 1057
f 2986 2637 2987
f 3024 653 3008
f 3020 3008 3007
f 720 3024 3020
f 723 654 3024
f 2681 1268 3025
f 2671 1268 721
f 2705 3025 2671
f 1313 3027 1311
f 3026 3029 3027
f 3027 3030 3031
f 1311 3031 3015
f 2012 731 2023
f 917 974 977
f 3742 3744 3743
f 743 856 744
f 1888 2030 1425
f 2682 2684 3032
f 3032 1124 2989
f 1100 2989 1318
f 1099 3032 1100
f 1123 2989 1124
f 3033 1159 1158
f 2990 1158 1319
f 1123 3033 2990
f 1786 1834 3033
f 1054 2988 2985
f 2979 664 2999
f 2623 2663 2643
f 1095 688 687
f 3034 2261 2956
f 3036 2956 2957
f 3037 3034 3036
f 3038 3035 3034
f 3040 3026 1313
f 2263 3041 3040
f 3042 3043 3041
f 3041 3028 3026
f 3044 3043 3039
f 3046 3045 3044
f 3047 3049 3045
f 3043 3049 3028
f 3038 3051 3050
f 3050 3053 3052
f 3052 3044 3050
f 3039 3050 3044
f 3054 3039 3042
f 3042 2262 3054
f 2261 3054 2262
f 2216 2997 2217
f 2212 2667 1936
f 3056 2209 3055
f 934 1961 1854
f 2013 9209 567
f 3058 3060 3061
f 3059 3063 3060
f 3060 2213 1963
f 3061 1963 1962
f 3063 2214 2213
f 3062 3064 3063
f 3065 2260 3064
f 3064 2215 2214
f 3066 3031 3030
f 2608 3067 3066
f 2966 3068 3067
f 3031 3068 3015
f 2455 2461 2474
f 2476 2226 2477
f 8995 2089 8969
f 8970 9221 9238
f 433 355 381
f 2115 1419 2123
f 8953 2922 8971
f 9221 2131 2134
f 3069 2167 2166
f 2971 2928 2960
f 2961 2773 2962
f 3070 2478 2483
f 2610 3071 2954
f 2502 2374 2386
f 3072 2595 3073
f 2964 3052 2967
f 3048 3074 3049
f 2593 3075 3074
f 3075 3029 3074
f 3074 3028 3049
f 3072 3075 2592
f 3076 2482 2481
f 2481 3066 3076
f 3076 3030 3075
f 2967 3053 2970
f 2482 3073 2483
f 479 493 494
f 706 9325 709
f 9005 2221 8961
f 2013 9206 9207
f 8977 2016 8973
f 9006 2222 2974
f 1171 1155 1176
f 3782 3689 3783
f 2586 2565 2587
f 2982 113 2484
f 2562 3077 3068
f 2376 3012 3077
f 3012 2148 3077
f 3077 3015 3068
f 2963 3046 2964
f 3051 2970 3053
f 1683 491 775
f 9302 1447 9312
f 1986 9186 9220
f 3079 2546 2575
f 3081 2575 2576
f 1983 9220 9217
f 3082 2319 2545
f 3080 2545 2546
f 9186 3082 3080
f 9184 2323 3082
f 1309 1888 748
f 3073 2772 2771
f 2760 3084 2762
f 2760 2088 3083
f 3085 3086 3087
f 3089 3090 3088
f 3089 3084 3085
f 3092 3090 3091
f 3093 2744 2743
f 2751 2748 3093
f 3093 2752 2751
f 2742 3093 3094
f 3094 2743 3095
f 3096 3098 3087
f 3099 3087 3086
f 3097 3095 3098
f 3100 2746 3101
f 3101 3102 3100
f 2764 2927 3101
f 2745 3101 2746
f 3102 3091 3100
f 3100 3095 2743
f 2869 9044 9086
f 3102 3104 3092
f 9110 2869 9086
f 2927 3103 3102
f 3098 3091 3090
f 3087 3090 3085
f 2088 3105 3083
f 3083 3086 3084
f 2483 2771 3070
f 2401 2185 2321
f 3099 3105 3106
f 2125 3106 3105
f 3108 2742 3107
f 3107 3094 3097
f 3110 3107 3109
f 3109 3097 3096
f 3111 3096 3099
f 3112 3109 3111
f 3113 2737 3108
f 3115 2722 3114
f 3117 3114 3116
f 3119 3116 3118
f 3118 3120 3121
f 3116 3113 3120
f 3122 3111 3123
f 3122 1755 1754
f 3124 3126 3127
f 3125 3121 3126
f 3128 3118 3125
f 3129 3125 3124
f 2020 3128 3129
f 9305 1346 1352
f 1065 1047 1066
f 1814 9282 1649
f 2021 3129 3130
f 3111 3106 3123
f 3123 2207 1755
f 2377 2224 2973
f 3014 113 112
f 1756 9234 9219
f 3131 2530 2528
f 3133 2528 2529
f 1753 9219 9227
f 3134 3127 3135
f 2327 2314 2313
f 2436 2317 2349
f 2018 9163 9164
f 2534 3137 2535
f 2320 3136 2534
f 2185 9164 9223
f 3138 2542 2539
f 3134 9196 9197
f 9237 3134 9197
f 3140 2539 2538
f 2535 3140 2538
f 9163 3130 9237
f 2558 3132 3141
f 9234 3141 3132
f 2560 3141 3142
f 9212 3142 3141
f 958 2976 2981
f 1933 2980 3143
f 3714 3729 3713
f 2399 2418 2416
f 2348 2343 2432
f 2322 2319 2323
f 2718 2874 2730
f 2709 2873 2710
f 2894 1361 1942
f 3788 3720 3717
f 346 176 347
f 1876 1882 1881
f 2802 9059 9044
f 3104 3088 3092
f 2974 9101 9055
f 3089 2761 2762
f 3088 3145 3089
f 2803 9055 9059
f 9322 692 628
f 2123 1418 2126
f 1365 1368 1367
f 3346 3344 3343
f 1581 1782 1783
f 9013 2129 8964
f 8999 2002 8965
f 3146 2551 3147
f 9203 3147 9202
f 9194 3146 9203
f 3149 2585 3146
f 3196 3197 3195
f 9056 2191 9075
f 3142 2556 2560
f 9229 3150 3142
f 9098 2550 9045
f 3150 2555 2556
f 9230 3151 3150
f 9240 3152 9098
f 3153 2551 2549
f 3152 2549 2550
f 9233 3153 3152
f 9228 3147 3153
f 3148 2206 2205
f 2183 2321 2184
f 2132 2928 2133
f 3299 3321 3319
f 9136 2204 2203
f 9171 2197 9173
f 2594 2773 2951
f 2595 2951 2772
f 1870 799 1869
f 3257 3259 3258
f 9165 2178 9158
f 9158 9188 9242
f 336 9226 9174
f 339 3154 336
f 9241 3149 9194
f 9135 2584 3149
f 2963 3048 3047
f 9174 337 336
f 339 2566 2586
f 3156 2168 2167
f 2610 2167 2611
f 2954 3156 2610
f 3157 2953 2257
f 9159 2169 9161
f 2567 3159 2568
f 337 2567 338
f 9182 2166 9159
f 9216 1983 9217
f 2579 3081 2576
f 2568 3160 2579
f 9161 2190 9216
f 3065 3162 3161
f 3161 1984 2189
f 3157 2189 2168
f 2257 3161 3157
f 734 1922 806
f 3059 2708 3163
f 3163 2182 1985
f 3162 1985 1984
f 3062 3163 3162
f 3203 3205 3204
f 3806 3808 3807
f 2122 1448 1447
f 9269 1685 9264
f 139 444 69
f 1570 566 533
f 2957 3165 3036
f 2955 3164 2957
f 1912 341 1973
f 3130 3124 3134
f 1548 319 1547
f 1949 1327 1887
f 2969 3078 3167
f 3167 3169 3168
f 9176 2017 9172
f 9172 2033 9211
f 3168 3165 3170
f 3170 3164 3171
f 9231 3171 9208
f 9176 3170 9231
f 3171 3166 3172
f 3172 3071 3173
f 9204 3173 9201
f 9208 3172 9204
f 3169 3036 3165
f 2593 2962 2594
f 3173 2609 3174
f 3174 2199 2198
f 9235 2198 9171
f 9201 3174 9235
f 2190 1984 1983
f 2196 2767 3148
f 3326 3328 3327
f 2119 1414 1448
f 1464 1466 1465
f 2199 3069 2200
f 2457 2587 2565
f 2226 2562 2966
f 481 1627 1639
f 333 235 236
f 3078 3037 3169
f 3040 2997 2263
f 3351 3262 3263
f 2219 1933 2220
f 2385 2497 2503
f 221 3175 2484
f 2220 3143 3175
f 3175 2976 2975
f 2484 2975 2982
f 2954 3166 2955
f 2630 110 2982
f 1547 1952 1955
f 2091 2188 2187
f 9185 2178 2177
f 1918 1927 1926
f 9007 111 8955
f 3398 3400 3399
f 955 960 954
f 2037 112 9007
f 3143 2981 2976
f 2218 2214 2215
f 672 9239 8985
f 2152 3014 2037
f 1147 1143 1145
f 2248 1409 2245
f 1615 1635 1616
f 1410 2246 2247
f 3486 3487 3310
f 3468 3502 3501
f 3451 3452 3450
f 3177 1383 1382
f 2238 3176 1382
f 3176 2230 3178
f 1410 3179 1407
f 3179 2243 1407
f 1633 2800 2249
f 3816 3817 3814
f 1621 2758 2912
f 3642 3662 3675
f 3422 3260 3257
f 1622 2245 1634
f 2236 3181 3182
f 3793 3795 3794
f 3493 3495 3494
f 2237 3182 3183
f 3513 3515 3514
f 2250 2233 2229
f 3654 3667 3802
f 2912 1628 1621
f 3819 3821 3820
f 3432 3823 3431
f 135 1564 1563
f 1567 512 1565
f 1085 2653 2685
f 3184 868 3056
f 869 3057 934
f 3389 3387 3386
f 1266 1098 1312
f 1267 722 721
f 937 2646 936
f 2146 722 2147
f 2211 921 2667
f 1957 507 449
f 1313 2264 3040
f 1496 1493 1492
f 2681 2705 2682
f 2887 2933 2932
f 1687 1659 1694
f 145 1498 81
f 1317 1319 2694
f 3831 3830 3834
f 37 418 71
f 1935 3185 2977
f 104 301 103
f 2101 2083 2084
f 543 360 207
f 1934 3186 3185
f 234 212 237
f 9297 1822 1824
f 3825 3827 3826
f 1976 1874 1974
f 223 2219 220
f 9107 9057 9064
f 468 773 2165
f 3673 3659 3672
f 1935 1728 1932
f 3490 3840 3549
f 3362 3848 3847
f 3862 3864 3863
f 3465 3484 3868
f 3893 3525 3874
f 3352 3430 3431
f 3869 3871 3870
f 3529 3567 3564
f 3420 3922 3921
f 3304 3236 3303
f 3929 3931 3930
f 3324 3327 3561
f 3219 3939 3331
f 3220 3937 3219
f 3450 3376 3439
f 3942 3833 3941
f 3215 3454 3945
f 3946 3215 3945
f 3422 3948 3421
f 3950 3198 3196
f 3205 3957 3920
f 3261 3961 3288
f 3852 3964 3963
f 3214 3946 3958
f 3965 3214 3192
f 3797 3799 3798
f 3988 3990 3989
f 3777 3806 3822
f 3855 3447 3444
f 3737 3800 3736
f 3949 3952 3948
f 3651 3783 4000
f 4001 3787 3812
f 4019 4021 4020
f 4027 4029 4028
f 3258 4030 4027
f 4033 4035 4034
f 3424 4047 4046
f 3242 4058 4057
f 3970 3547 3971
f 3829 4057 3825
f 3333 3947 4060
f 4063 4065 4064
f 4073 4075 4074
f 3568 3443 3448
f 3981 3335 4050
f 3540 3862 3539
f 4078 4031 4032
f 3565 4088 3993
f 3442 4089 4082
f 4092 4094 4093
f 4093 4097 4096
f 3619 3623 3624
f 3660 3821 3807
f 3809 3649 3808
f 3610 3655 3613
f 3656 3623 3657
f 3621 3804 3620
f 3503 3481 3504
f 3436 3438 3437
f 3356 3427 3353
f 3628 3669 3633
f 3734 4002 3733
f 3276 3370 3369
f 3763 4107 3762
f 4006 3754 3755
f 3747 3752 3746
f 3863 4110 3992
f 3994 4003 3501
f 3653 3664 3652
f 3296 4115 3295
f 4117 4119 4118
f 3249 3251 3250
f 4127 4129 4128
f 3478 3903 3867
f 3410 3921 3922
f 3977 4038 3976
f 3216 3453 3454
f 3967 3548 3966
f 4140 4032 4039
f 3509 4149 3916
f 4151 3659 3587
f 4153 3656 3671
f 4153 3646 3672
f 4156 3645 4155
f 4139 4078 4140
f 3743 4163 4162
f 3861 3987 4166
f 3468 4067 3467
f 3306 3980 3835
f 4172 4010 4024
f 4169 3836 3835
f 4187 4189 4188
f 4213 4215 4214
f 4220 4222 4221
f 4225 4211 4204
f 4230 4232 4231
f 4240 4242 4241
f 3606 3608 3607
f 4250 4252 4251
f 4258 4260 4259
f 4077 4079 4078
f 4276 4278 4277
f 4308 4263 4309
f 4017 3872 3869
f 3196 3951 3950
f 4316 4270 4271
f 3870 4307 3869
f 4324 4326 4325
f 4333 4247 4244
f 4338 4340 4339
f 4348 4350 4349
f 4283 4289 4286
f 4356 4358 4357
f 4359 4020 4358
f 4362 4196 4197
f 4320 4279 4276
f 4370 4296 4371
f 4377 4303 4249
f 4231 4201 4178
f 4203 4331 4381
f 4037 4039 4038
f 4371 4386 4370
f 4387 4347 4314
f 3309 3294 3310
f 4099 3724 3818
f 4355 3257 4313
f 3630 3693 3627
f 4277 4302 4390
f 4350 4319 4349
f 4353 4351 4348
f 3637 3639 3638
f 4394 3827 3320
f 3311 4399 4398
f 3755 4005 4006
f 4363 4259 4260
f 3454 3919 3920
f 3446 3459 3458
f 4298 4404 4406
f 3749 3769 3766
f 3791 3756 3792
f 3643 3684 3640
f 3845 3399 3400
f 4313 3258 4312
f 4411 4408 4412
f 3843 4423 3842
f 4214 4329 4328
f 4431 4433 4432
f 3918 3798 3799
f 3927 3388 3389
f 4453 3874 3873
f 4138 4457 4456
f 3346 4459 3345
f 4100 4108 4107
f 3974 3976 3975
f 3665 3652 3664
f 3773 3993 3992
f 3945 3920 3957
f 4144 4462 4461
f 4464 4466 4465
f 3268 4479 3267
f 4484 4136 4485
f 3348 4487 3347
f 3313 3912 3913
f 3803 3617 3802
f 4086 3510 4087
f 4034 3305 4033
f 3403 4171 4489
f 4481 4492 4491
f 4177 4179 4178
f 4398 3923 3311
f 4451 4494 4450
f 4501 4076 4502
f 4509 4506 4503
f 3304 4462 4517
f 4485 3312 4484
f 3419 3349 4064
f 4356 4385 4305
f 4026 4358 4020
f 4354 4357 4358
f 3599 4091 4090
f 4341 4254 4274
f 4251 4524 4335
f 3482 3484 3483
f 3843 3544 4085
f 4295 4274 4294
f 4381 4206 4203
f 4204 4531 4225
f 4533 4535 4534
f 4542 4544 4543
f 4546 4548 4547
f 4573 4547 4548
f 4575 4577 4576
f 4221 4580 4220
f 4587 4589 4588
f 4328 4589 4214
f 4187 4563 4332
f 4595 4593 4591
f 4597 4604 4596
f 4609 4611 4610
f 4620 4622 4621
f 4612 4614 4613
f 4636 4600 4637
f 4649 4650 4648
f 4652 4654 4653
f 4662 4664 4663
f 4666 4668 4667
f 4637 4685 4684
f 4627 4700 4626
f 4684 4636 4637
f 4663 4661 4662
f 4699 4697 4696
f 4647 4703 4702
f 4709 4603 4710
f 4724 4726 4725
f 4742 4744 4743
f 3311 3924 3314
f 4698 4758 4679
f 4749 4609 4610
f 4342 4344 4343
f 4797 4799 4798
f 4490 3974 4143
f 4019 4306 3870
f 4512 4514 4513
f 3991 4508 4507
f 4692 4694 4693
f 4680 4818 4810
f 4821 4824 4823
f 4367 4243 4240
f 4833 4831 4830
f 4837 4757 4754
f 4332 4562 4561
f 4683 4819 4682
f 4845 4850 4849
f 4751 4752 4669
f 4854 4695 4692
f 4858 4718 4857
f 4822 4859 4824
f 4674 4647 4675
f 4771 4773 4772
f 4726 4537 4540
f 4714 4719 4715
f 4633 4688 4687
f 4616 4618 4617
f 4686 4842 4841
f 4869 4708 4629
f 3502 3528 3529
f 4777 4737 4745
f 4734 4779 4873
f 4883 4663 4664
f 4375 4274 4275
f 4290 4335 4524
f 4799 4826 4825
f 4816 4812 4810
f 4778 4732 4659
f 4158 4160 4159
f 4195 4197 4196
f 3860 4166 4167
f 3758 3763 3764
f 3694 4157 4156
f 4249 4391 4377
f 3467 3469 3468
f 4209 4211 4210
f 4142 4144 4143
f 3615 3617 3616
f 3479 3536 3535
f 4883 4672 4886
f 4802 4642 4643
f 3698 3638 3683
f 4105 3726 3730
f 4848 4896 4895
f 4878 4744 4837
f 4610 4748 4749
f 4036 4489 4035
f 4355 4314 4347
f 4171 4049 4048
f 3875 3216 3217
f 4868 4863 4864
f 4623 4691 4622
f 3629 4155 4154
f 4654 4898 4683
f 4012 4014 4013
f 4902 4866 4867
f 4768 4908 4906
f 4370 4385 4384
f 4888 4914 4913
f 3546 3917 3916
f 4932 4931 4919
f 3625 4151 4150
f 3804 3670 3657
f 3816 4103 4101
f 4911 4887 4912
f 4928 4927 4929
f 4925 4927 4921
f 3655 3666 3654
f 4932 4910 4911
f 4937 4912 4913
f 4939 4942 4941
f 4228 4530 4381
f 4946 4942 4947
f 4938 4923 4937
f 4942 4937 4947
f 4951 4930 4928
f 4955 4928 4954
f 4748 4615 4749
f 4914 4847 4956
f 4824 4584 4856
f 4940 4941 4943
f 4916 4960 4917
f 4909 4891 4862
f 4971 4968 4949
f 4966 4948 4944
f 4962 4953 4965
f 4940 4924 4939
f 4831 4917 4895
f 4935 4925 4924
f 4275 4261 4258
f 4679 4791 4678
f 4016 4373 4376
f 4668 4766 4795
f 4539 4727 4845
f 4929 4936 4933
f 4607 4882 4881
f 4775 4801 4802
f 4801 4742 4774
f 4732 4611 4733
f 4985 4983 4982
f 4534 4562 4533
f 4847 4645 4848
f 4788 4619 4616
f 4787 4678 4791
f 4657 4605 4597
f 4994 4878 4837
f 5006 5008 5007
f 5001 4973 4988
f 4814 4619 4785
f 5014 4974 5012
f 5003 4972 4973
f 5019 5007 5018
f 5024 5017 5025
f 5036 5035 5032
f 4990 4975 4972
f 5045 5034 5044
f 5048 5034 5035
f 5025 5014 5026
f 5046 5043 5031
f 5051 5055 5054
f 5044 5060 5059
f 5011 5021 5020
f 5013 5068 5012
f 5028 5072 5029
f 5077 5064 5065
f 5065 5079 5077
f 5083 5080 5060
f 5063 5080 5065
f 5054 5071 5078
f 4602 4711 4851
f 5058 5083 5053
f 4982 4792 4793
f 5041 5045 5061
f 3909 3278 3250
f 3471 3473 3472
f 5002 4994 4995
f 5060 5067 5059
f 4892 4862 4891
f 4891 4884 4892
f 4996 5003 5001
f 4997 5005 5000
f 4813 4614 4829
f 4618 4827 4613
f 5089 5093 5092
f 3303 3305 3304
f 5100 5102 5101
f 5107 5109 5108
f 5110 5092 5114
f 4610 4734 4874
f 5112 5100 5084
f 5088 5090 5089
f 5119 5117 5116
f 5092 5096 5089
f 3826 3829 3825
f 5108 5102 5126
f 5100 5087 5084
f 5118 5133 5138
f 3783 3690 3784
f 4444 4446 4445
f 5151 5150 5152
f 4790 4617 4813
f 4332 4190 4187
f 3266 4451 4448
f 3211 3332 3946
f 4741 4760 4652
f 4775 4777 4776
f 4764 4691 4766
f 4489 4048 4490
f 4466 4511 4497
f 4518 3930 4514
f 4786 4791 4807
f 4980 4984 4977
f 5144 5150 5143
f 5159 5148 5158
f 5121 5120 5114
f 5169 5162 5165
f 5016 4979 5017
f 5123 5179 5122
f 5181 5140 5183
f 5175 5184 5141
f 4575 4586 4534
f 4984 4976 4977
f 4596 4598 4597
f 5182 5183 5186
f 4785 4787 4786
f 5137 5122 5179
f 5167 5180 5181
f 4835 4898 4897
f 4687 4726 4633
f 4176 4170 4398
f 4760 4655 4652
f 4681 4649 4646
f 5121 5132 5131
f 5171 5178 5170
f 5174 5191 5176
f 5169 5194 5164
f 4909 5095 4907
f 5105 5112 5113
f 4767 5126 4803
f 5201 5205 5204
f 5219 5217 5216
f 5229 5200 5209
f 5234 5236 5235
f 4069 4071 4070
f 4724 4717 4713
f 5108 4768 5107
f 5103 5126 5102
f 5227 5211 5226
f 5015 4884 4885
f 4997 4892 4884
f 5197 5215 5214
f 5241 5247 5246
f 5013 5019 5018
f 5205 5232 5204
f 4969 4971 4970
f 5239 5249 5248
f 4808 5225 4809
f 5216 5199 5196
f 5253 5242 5254
f 5235 5255 5256
f 5135 5157 5134
f 5264 5267 5266
f 5245 5215 5242
f 5260 5269 5267
f 5264 5274 5265
f 5154 5173 5142
f 5287 5278 5288
f 5256 5300 5257
f 5173 5176 5175
f 4631 4629 4628
f 4781 4783 4782
f 5309 5311 5310
f 5155 5144 5145
f 4826 4827 4825
f 5291 5308 5293
f 5310 5281 5286
f 5311 5308 5288
f 4036 4176 4175
f 4641 4704 4702
f 5220 4804 5223
f 4770 5207 4905
f 5188 5175 5176
f 5180 5129 5140
f 4626 5314 5313
f 4731 5315 5317
f 5222 5210 5221
f 4728 5316 5315
f 5230 5216 5196
f 5297 5240 5241
f 5204 5208 5201
f 5318 4864 5319
f 5273 5287 5289
f 5221 5219 5230
f 4700 5321 5314
f 5313 5328 5329
f 5157 5154 5142
f 5275 5263 5265
f 5324 5318 5325
f 5323 5331 5328
f 5343 5345 5344
f 5306 5286 5282
f 5278 5311 5288
f 4882 5320 5316
f 5109 5114 5120
f 5123 5130 5129
f 5299 5284 5298
f 5240 5199 5241
f 5229 5197 5214
f 5305 5292 5293
f 5233 5225 5243
f 5192 5194 5193
f 5104 4670 4746
f 5146 5160 5145
f 5337 5347 5338
f 5347 5341 5332
f 5353 5335 5352
f 5349 5354 5352
f 5355 5357 5354
f 5358 5360 5359
f 5355 5348 5360
f 5342 5365 5364
f 5345 5362 5344
f 5332 5367 5331
f 5372 5315 5316
f 5370 5366 5369
f 5361 5354 5357
f 5364 5368 5367
f 5369 5362 5370
f 5316 5330 5372
f 5373 5371 5372
f 5341 5364 5332
f 5374 5359 5373
f 5329 5375 5330
f 5377 5379 5378
f 5377 5331 5367
f 5380 5367 5368
f 5363 5370 5362
f 5357 5374 5381
f 5381 5361 5357
f 4814 4825 4827
f 4825 4816 4799
f 4806 4747 4805
f 5119 5131 5118
f 4696 4893 5387
f 4696 5390 4699
f 5213 5388 5387
f 5393 5388 5394
f 5380 5384 5379
f 5213 4893 5212
f 4813 4908 4790
f 5390 4693 4694
f 5294 5287 5295
f 5184 5186 5183
f 5285 5253 5254
f 4769 4790 4908
f 5327 5359 5360
f 4598 4690 4656
f 4608 4733 4611
f 4627 4609 4839
f 4596 4851 4711
f 4900 4706 4707
f 4668 5395 4667
f 4863 4639 4601
f 5392 4666 4667
f 4872 4651 4807
f 4807 4758 4872
f 5348 5325 5326
f 5176 5190 5188
f 5046 5022 5023
f 4853 4869 4870
f 5346 5363 5362
f 4709 4620 4599
f 4672 4904 4886
f 4680 4651 4649
f 4841 4688 4686
f 4823 4818 4821
f 4729 4602 4851
f 4881 4851 4604
f 5360 5326 5327
f 4852 4707 4869
f 4890 4669 4666
f 5392 5389 5393
f 5189 5186 5187
f 4881 4605 4607
f 5343 5369 5366
f 4607 4625 4882
f 5056 5052 5057
f 4850 4798 4894
f 3260 5398 3259
f 4855 4899 4871
f 5339 5366 5342
f 4789 4808 4677
f 5400 3948 3952
f 3872 4046 3871
f 4018 3424 3872
f 4025 4172 4024
f 4011 4024 4010
f 4065 3900 3901
f 3413 4013 3412
f 5056 5069 5070
f 5055 5070 5071
f 4062 5399 4061
f 5269 5294 5268
f 4685 4903 4846
f 5254 5240 5296
f 4606 4658 4733
f 4729 4882 4728
f 4030 4043 4029
f 4664 4753 4883
f 3575 3904 3903
f 3413 3922 3426
f 4949 4955 4934
f 4947 4913 4914
f 4849 4894 4856
f 4143 3975 4142
f 4912 4932 4911
f 3774 3995 3994
f 3956 3342 4168
f 4871 4758 4759
f 4270 4272 4271
f 4039 5400 4140
f 3555 5402 3554
f 5403 3906 3907
f 3908 3823 3907
f 4124 5408 5407
f 3901 4046 4047
f 4120 5410 5409
f 4124 4125 4123
f 5420 5404 5421
f 5424 5425 3557
f 3400 5428 3845
f 5432 5435 3226
f 4941 4945 4944
f 4935 4949 4934
f 3895 3897 3896
f 5426 4121 5418
f 5430 3906 5420
f 4045 5398 4062
f 5395 5392 4667
f 4846 4701 4840
f 4880 4710 4879
f 4624 4608 4609
f 4656 4662 4661
f 5305 5309 5304
f 5220 5222 5221
f 4230 4327 4324
f 5030 5028 5027
f 5213 5211 5210
f 5440 3269 5441
f 4396 3980 5444
f 5447 3244 3241
f 3328 5451 5396
f 4208 4248 4207
f 4599 4621 4598
f 4528 4391 4208
f 4529 4199 4207
f 4526 4339 4528
f 4256 5452 4532
f 4532 4241 4242
f 3834 5446 3831
f 5443 5444 4050
f 4530 4334 4206
f 4754 4904 4837
f 4229 4381 4331
f 4205 4383 4531
f 4892 4987 4861
f 4039 3976 4038
f 4738 4796 4741
f 4833 4897 4832
f 4232 4200 4201
f 4194 4241 4193
f 4889 4750 4748
f 4194 4365 4368
f 4531 4195 4238
f 5043 5062 5031
f 4182 4561 4180
f 5446 3241 3831
f 5237 5248 5236
f 4206 4382 4205
f 5210 5218 5219
f 3426 3417 3425
f 4216 4192 4215
f 4219 4184 4185
f 4180 4380 4179
f 4327 4591 4326
f 4223 4231 4222
f 4215 4360 4329
f 4186 4218 4185
f 4190 4209 4189
f 4223 4595 4327
f 4326 4328 4329
f 4366 4568 4186
f 4570 4549 4569
f 4579 4548 4570
f 4563 4533 4562
f 4583 4220 4580
f 4586 4561 4562
f 4239 4363 4243
f 4572 4567 4564
f 4536 4585 4535
f 4538 4566 4541
f 4536 5453 4538
f 3573 3983 3316
f 5427 3552 3556
f 4553 4588 4552
f 4593 4555 4592
f 4368 4183 4227
f 4361 4235 4236
f 4233 4527 4232
f 4233 4324 4237
f 4212 4330 4331
f 4237 4325 4236
f 4193 5452 4361
f 4983 4885 4792
f 5002 4986 4993
f 5074 5076 5075
f 4698 5391 4759
f 5391 5390 4694
f 4871 4650 4872
f 4546 4543 4544
f 4553 4901 4574
f 4552 4555 4556
f 5223 4805 5394
f 5386 5383 5363
f 5317 5371 5327
f 3240 4429 3377
f 5384 5381 5379
f 3938 3218 3937
f 3942 5455 5454
f 5361 5386 5356
f 4542 4541 4545
f 3910 5420 3428
f 3939 4060 3940
f 3851 5351 5454
f 3838 3556 3837
f 4547 4857 4546
f 5442 4050 3335
f 3385 5428 5429
f 4257 4235 4256
f 5312 4893 4809
f 4212 4204 4211
f 3854 5461 4392
f 4226 4210 4211
f 4202 4178 4201
f 3316 3897 3315
f 5464 4432 4433
f 5465 3883 4432
f 4472 4449 4450
f 4501 4450 4494
f 4074 4080 4077
f 5473 5401 4173
f 4173 5475 5473
f 3432 3520 5413
f 3462 5504 3461
f 4075 4494 4080
f 5482 3387 3392
f 5468 5470 5469
f 3427 5422 3523
f 4498 4487 3386
f 5403 5414 4128
f 3382 5522 3873
f 3492 5511 3491
f 3429 3517 3520
f 3873 5524 4453
f 5480 3350 3347
f 3477 5505 3462
f 4507 5544 4475
f 4396 5551 4051
f 3374 5553 3373
f 3373 5554 3390
f 5479 4063 3350
f 3390 5555 3393
f 5531 5566 5565
f 3368 5567 3367
f 5556 5560 5559
f 3393 5557 5556
f 4433 5463 5464
f 5464 5458 5456
f 4435 4439 3380
f 4055 3277 3274
f 3273 3911 3370
f 3395 3358 3394
f 5486 4071 5484
f 5526 4453 5524
f 5525 5569 5566
f 5568 3527 5567
f 3527 3847 3366
f 3365 3849 5462
f 5462 3850 5459
f 4435 5571 4430
f 3378 3943 3944
f 5573 5577 5574
f 4438 3943 3379
f 5477 5579 5476
f 5582 5580 5579
f 5583 5581 5584
f 5586 5588 5587
f 4074 5586 4073
f 5583 5474 5473
f 4507 5590 3991
f 5573 4522 4520
f 3989 5596 3988
f 5594 3407 5593
f 4436 5572 5571
f 5591 3991 5590
f 4507 4476 5589
f 3990 5587 5588
f 5578 3406 5577
f 5595 5584 5581
f 5484 3358 5486
f 4441 5467 3882
f 5472 4077 4139
f 5522 5570 5524
f 5486 3353 3524
f 5481 3386 3387
f 3475 5492 3518
f 5476 3899 5477
f 5540 5606 5603
f 5542 5603 5607
f 5608 5542 5607
f 5608 5545 5544
f 5607 5609 5545
f 5599 5548 5612
f 5598 5543 5608
f 5595 5593 5596
f 5588 3989 3990
f 5626 3266 5627
f 5627 4448 5628
f 5469 4469 5468
f 4515 5625 4491
f 4503 4474 4509
f 4481 5627 4480
f 4500 5469 5470
f 3414 5466 5465
f 5594 5581 5582
f 3376 4430 5571
f 3444 3941 3855
f 5572 3444 3445
f 4273 4287 4272
f 4345 4357 4344
f 4386 4305 4385
f 4517 4463 5625
f 4352 4319 4379
f 4352 4251 4336
f 4268 4390 4388
f 4264 4320 4323
f 4346 4282 4283
f 4337 4343 4344
f 4289 4245 4288
f 4303 4287 4288
f 4343 4291 4342
f 4284 4244 4289
f 4375 4291 4294
f 4379 4271 4272
f 4337 4348 4336
f 4524 4295 4290
f 4364 4197 4279
f 4285 4390 4302
f 5206 5208 5207
f 4297 4371 4296
f 4346 4286 4273
f 4285 4333 4284
f 3571 4395 5460
f 5341 5339 5342
f 5346 5334 5335
f 5269 5273 5289
f 4510 5609 5610
f 4509 5545 5609
f 4445 5611 5546
f 5566 5568 3368
f 5349 5338 5348
f 5489 3401 3398
f 5565 3368 3338
f 5496 5417 5630
f 5523 3383 5634
f 5325 5347 5324
f 5523 5599 5522
f 5429 3401 5633
f 3887 5631 5630
f 5634 5600 5523
f 5276 5279 5277
f 5298 5257 5300
f 5087 5085 5084
f 3361 5612 5548
f 5041 5066 5040
f 5487 3383 3384
f 5101 5130 5100
f 5299 5300 5303
f 5333 5335 5334
f 5302 5304 5303
f 5234 5216 5217
f 5301 5255 5258
f 4868 5322 4867
f 5281 5277 5279
f 5323 5322 5324
f 5298 5296 5297
f 4885 4750 4792
f 5231 5196 5197
f 4625 5313 5320
f 5111 5085 5098
f 5600 5549 5548
f 5531 5563 5527
f 5165 5182 5189
f 5283 5285 5284
f 4269 4277 4268
f 5610 5603 5606
f 5127 5091 5128
f 4907 5125 4906
f 5277 5272 5262
f 5596 5592 5598
f 5212 5226 5211
f 5273 5262 5272
f 5302 5258 5292
f 5635 5645 5640
f 4250 4379 4378
f 4485 3405 3402
f 4354 4023 4351
f 4265 4304 4386
f 4388 4282 4387
f 4345 4384 4385
f 4362 4297 4259
f 4836 4612 4828
f 4360 4236 4325
f 4369 4237 4234
f 5647 3986 3573
f 5650 3192 3189
f 5337 5336 5333
f 4467 4477 4466
f 4253 4340 4252
f 4429 5457 4428
f 3997 3915 3540
f 5535 3839 3982
f 5538 4460 4456
f 3439 5571 3438
f 5570 5526 5524
f 3438 5572 3445
f 4440 3879 3876
f 3440 4407 3449
f 3886 5695 5694
f 5534 5396 5451
f 5685 3471 5684
f 4278 4301 4302
f 5628 4449 5469
f 3579 3538 3578
f 4480 5628 4500
f 4402 5517 5518
f 4279 4198 4278
f 3603 3532 3602
f 3580 4088 4090
f 4095 3531 4094
f 5248 5251 5250
f 3778 3999 3776
f 4617 4613 4614
f 4375 4372 4519
f 3411 4136 3410
f 5094 5111 5097
f 3602 3535 3605
f 4023 4350 4351
f 4349 4336 4348
f 3605 3536 3592
f 4469 4471 4470
f 4094 3593 4097
f 4248 4245 4246
f 3519 5518 5517
f 5254 5284 5285
f 4852 4795 4766
f 4265 5629 4264
f 5632 5503 5631
f 3604 3612 3601
f 5549 5502 3360
f 3653 3607 3661
f 4780 4873 4779
f 4988 4979 4976
f 4491 5626 4481
f 4837 4995 4994
f 4615 4765 4749
f 5468 4470 4504
f 3514 3467 3513
f 5491 4409 5679
f 4093 3619 4092
f 4364 5629 4297
f 3488 5509 3487
f 5606 5611 5610
f 4210 4189 4209
f 4600 4602 4601
f 5242 5198 5240
f 5073 5075 5072
f 5651 3940 4060
f 3996 3775 3998
f 5200 5202 5201
f 5525 5527 5526
f 3364 4434 3363
f 3775 3542 3581
f 3941 5485 3855
f 3731 4105 3730
f 4997 4999 4998
f 4508 5608 5544
f 4101 3818 3816
f 3728 4103 3727
f 4591 4592 4328
f 4539 4538 4537
f 4550 4552 4551
f 4541 4567 4545
f 4389 4570 4568
f 4582 4580 4576
f 4976 4978 4977
f 4705 4707 4706
f 4797 4843 4844
f 3713 3730 3726
f 4675 4702 4704
f 4977 4981 4980
f 4810 4817 4816
f 4786 4812 4785
f 4715 4628 4714
f 4978 5021 4981
f 5010 5006 4991
f 3722 4162 4161
f 4558 4560 4559
f 4568 4569 4218
f 4584 4535 4585
f 4641 4715 4716
f 5026 5012 5068
f 4776 4745 4742
f 4714 4712 4713
f 4982 5001 4985
f 4576 4560 4582
f 4564 4566 4565
f 5069 5018 5029
f 5057 5048 5047
f 4810 4811 4680
f 3710 3786 3709
f 4991 4999 5010
f 5011 5010 5004
f 5008 5022 5027
f 5066 5063 5040
f 5047 5024 5025
f 5050 5051 5053
f 5023 5016 5024
f 5045 5059 5061
f 5047 5026 5057
f 3711 3724 3721
f 5048 5037 5047
f 5042 5063 5062
f 5058 5051 5054
f 5036 5046 5037
f 3715 3700 3714
f 5235 5257 5246
f 3732 3704 3702
f 5030 5062 5064
f 5020 5023 5022
f 5263 5261 5260
f 5049 5044 5034
f 5236 5250 5255
f 5031 5027 5022
f 5043 5039 5042
f 5320 5329 5330
f 5049 5052 5051
f 5326 5317 5327
f 3264 3288 3285
f 5264 5263 5260
f 4998 4992 4987
f 5009 5020 5008
f 5036 5039 5038
f 5032 5034 5033
f 4355 3949 3422
f 4269 4374 4323
f 4253 4378 4303
f 4525 4252 4340
f 3960 4111 3866
f 4372 4258 4296
f 5681 5673 5675
f 4378 4272 4287
f 4270 4346 4273
f 3244 5644 5643
f 4899 4648 4650
f 3734 3702 3810
f 4138 3343 4137
f 4192 4361 4360
f 3813 3812 3810
f 3817 3696 3814
f 5668 5682 5674
f 5690 5687 5684
f 5499 5700 5517
f 3999 3820 3577
f 3745 4102 4106
f 5684 3472 5690
f 5702 3860 5703
f 5712 5693 5670
f 3249 4393 3572
f 5695 5715 5694
f 5694 5716 5696
f 5719 5601 5602
f 4918 4950 4952
f 4774 4743 4773
f 3844 5605 3735
f 5505 4411 5504
f 3583 3585 3582
f 3710 4157 4160
f 5513 4417 5508
f 5704 4146 5709
f 4141 4062 4049
f 5669 5688 4410
f 3898 5653 5450
f 5718 3972 5719
f 5684 5686 5685
f 3917 5717 3512
f 3463 5662 5660
f 5492 5680 5491
f 4931 4950 4919
f 5665 3441 5663
f 3788 3740 3790
f 3501 3529 3994
f 3569 3477 3308
f 5516 5727 5515
f 3564 3566 3565
f 3892 5406 3889
f 3962 5407 3961
f 4126 4123 4125
f 4116 3287 5411
f 3892 5630 5417
f 3824 5413 5414
f 4408 5680 4412
f 3969 3978 5402
f 4408 3449 4407
f 4414 3449 4413
f 3962 3262 4125
f 4425 5616 4321
f 4418 5727 4419
f 5716 5575 5696
f 5719 5717 5718
f 5698 5692 5697
f 3880 4166 3987
f 5652 5520 5619
f 5621 4167 4166
f 5679 4410 5688
f 3210 3355 5618
f 5622 5451 5657
f 5416 5497 5624
f 5729 5731 5730
f 5733 3761 3758
f 5735 5737 5736
f 5750 5751 5734
f 5744 5740 5741
f 5744 3753 5746
f 5753 5730 5731
f 5757 5736 5737
f 5731 5765 5753
f 5774 5776 5775
f 5790 5792 5791
f 5796 5787 5797
f 5817 5819 5818
f 5828 5830 5829
f 3725 3751 3747
f 4874 4873 4875
f 4700 4903 4902
f 4740 4876 4739
f 3199 3201 3200
f 4100 4099 4101
f 3749 4108 3748
f 3695 3712 3692
f 3378 3380 3379
f 5504 4412 5507
f 4405 5518 5699
f 5838 5835 5836
f 4705 4712 4708
f 5832 5828 5833
f 5697 5678 5698
f 3791 4005 3790
f 5848 5794 5850
f 3714 3701 3704
f 3995 4042 3890
f 3329 3224 3222
f 4005 3705 4004
f 4551 4763 4550
f 5855 5808 5856
f 5851 5792 5852
f 5803 5858 5847
f 5844 5840 5845
f 5762 5743 5740
f 5808 5806 5807
f 4012 3426 3423
f 5558 3467 4067
f 4550 4720 4901
f 4950 4953 4952
f 3885 5694 5696
f 5705 4081 4082
f 5508 4415 5505
f 3745 3760 3744
f 5507 5680 5506
f 3592 3588 3591
f 3895 5658 5653
f 5613 5501 5549
f 3834 4393 4055
f 5527 4455 5526
f 5775 5809 5774
f 5766 5813 5810
f 5858 5812 5859
f 5855 5811 5858
f 5863 5819 5862
f 5826 5863 5829
f 5862 5833 5828
f 5870 5837 5845
f 5782 5831 5832
f 5868 5836 5873
f 5778 5843 5844
f 5866 5845 5840
f 5785 5867 5784
f 5790 5789 5793
f 5796 5794 5795
f 5821 5819 5820
f 5657 5620 5622
f 5793 5852 5792
f 5855 5801 5798
f 5853 5786 5796
f 5804 5802 5803
f 5827 5864 5822
f 5767 5821 5813
f 5854 5776 5777
f 5860 5818 5861
f 5782 5825 5785
f 5781 5844 5834
f 5810 5815 5816
f 5867 5830 5784
f 5809 5798 5799
f 5828 5863 5862
f 5865 5838 5868
f 5801 5802 5800
f 4086 3795 4149
f 5779 5842 5843
f 5827 5829 5830
f 5839 5869 5835
f 5814 5855 5856
f 5711 3859 5702
f 4958 4917 4960
f 5861 5821 5768
f 5863 5812 5820
f 5865 5823 5824
f 5873 5837 5871
f 5872 5842 5780
f 4089 3563 5704
f 3812 3785 3811
f 5770 5787 5788
f 5789 5847 5846
f 5793 5846 5849
f 4145 4146 3498
f 5848 5790 5791
f 3953 4009 3952
f 5748 5874 5747
f 4624 4626 4625
f 4665 4752 4664
f 4775 4779 4778
f 4746 4671 4747
f 4637 4601 4639
f 4828 4613 4827
f 4704 4762 4675
f 4843 4727 4687
f 4543 4725 4542
f 4731 4863 4730
f 4723 4558 4722
f 4842 4840 4838
f 4717 4857 4718
f 4865 4867 4866
f 5841 5866 5840
f 4725 4540 4542
f 4798 4816 4817
f 4632 4634 4633
f 4720 4715 4719
f 4642 4644 4643
f 3754 5874 5876
f 4860 4644 4847
f 4674 4722 4721
f 4808 4676 4677
f 4721 4822 4821
f 5876 5877 5746
f 4836 4840 4839
f 4658 4660 4659
f 4826 4800 4838
f 4877 4743 4744
f 4948 4971 4943
f 4875 4876 4889
f 4954 4934 4955
f 5773 5788 5790
f 5825 5833 5824
f 5834 5836 5835
f 5834 5845 5837
f 3359 3361 3360
f 5732 3756 3757
f 3394 3396 3395
f 3766 5741 5742
f 5774 5799 5777
f 5805 5857 5802
f 5813 5820 5812
f 3969 3964 3968
f 5667 5674 5666
f 5729 3792 3756
f 3770 5741 3769
f 4741 4739 4738
f 4689 4660 4661
f 5772 5787 5771
f 5735 3758 3764
f 5850 5773 5848
f 5617 3965 5650
f 5799 5854 5777
f 5875 5764 5879
f 5840 5842 5841
f 5861 5769 5860
f 5807 5853 5851
f 5869 5834 5835
f 3765 5739 5738
f 5882 5761 5759
f 5881 5887 5889
f 5895 5898 5897
f 5907 5906 5908
f 5909 5908 5910
f 4234 4526 4369
f 3912 3389 3914
f 5934 8730 8729
f 8730 5930 5931
f 4920 4922 4921
f 8845 8853 8851
f 4141 3404 4174
f 3733 3706 3731
f 8849 8848 8850
f 4234 4236 4235
f 8863 5919 8862
f 3733 4004 3705
f 5908 8859 8867
f 8865 8871 8870
f 8859 8863 8864
f 5927 5925 5928
f 5911 5904 5912
f 8878 8866 8879
f 5635 5637 5636
f 5745 5746 5877
f 3552 3554 3553
f 8857 8890 8875
f 5924 8860 5923
f 3553 3556 3552
f 5919 8861 8862
f 8869 8870 8891
f 8873 8878 8876
f 8856 8875 8874
f 8862 5889 5887
f 8846 8844 8843
f 8864 8866 8865
f 8729 8883 8884
f 8848 8887 8886
f 8878 5888 8893
f 8896 8855 8897
f 8853 8896 5885
f 8841 5882 5883
f 3489 3491 3490
f 8867 8864 8868
f 5910 8867 8898
f 5914 8898 8899
f 5916 8899 8900
f 5889 8860 5890
f 8876 8893 8894
f 5918 8900 8901
f 4424 5726 4423
f 8904 8900 8899
f 8909 8904 8905
f 8908 8903 8904
f 8869 8905 8868
f 3632 3667 3635
f 3687 3689 3688
f 3636 3681 3631
f 3664 3639 3665
f 4304 4306 4305
f 8909 8891 8910
f 3681 3695 3680
f 3758 3760 3759
f 3684 3700 3683
f 3721 3723 3722
f 3941 3943 3942
f 3738 3740 3739
f 3687 3709 3690
f 3238 3938 3220
f 4249 4288 4245
f 4499 3344 4464
f 4240 4368 4367
f 3453 3951 3919
f 4401 3547 3967
f 3950 3451 3436
f 3702 3701 3703
f 3725 3727 3726
f 3194 3208 3193
f 4034 4461 4462
f 3914 3913 3912
f 3483 3533 3482
f 3191 3957 3206
f 4292 3970 4293
f 3909 3428 3356
f 3959 3866 3867
f 4017 4309 4016
f 4316 4008 3953
f 4448 4450 4449
f 4414 4417 4416
f 3435 3351 3433
f 4413 4415 4414
f 3899 3901 3900
f 3780 3648 3809
f 3474 3886 3885
f 3958 3192 3214
f 3221 3935 4427
f 3905 3907 3906
f 3913 4486 3313
f 4420 4421 4085
f 3881 3883 3882
f 4004 3790 4005
f 4271 4318 4316
f 4259 4296 4258
f 3501 4066 3468
f 5897 5900 5899
f 5901 5904 5903
f 8854 8856 8855
f 3789 3786 3720
f 3651 3781 3782
f 5924 5901 5925
f 8870 8873 8872
f 8876 8874 8873
f 5912 5918 5911
f 3805 3799 3737
f 3369 3395 3396
f 3923 3925 3924
f 3916 3512 3509
f 3641 3801 3642
f 4276 4323 4320
f 4181 4331 4330
f 4428 3377 4429
f 3495 4321 4322
f 4436 3380 3381
f 4430 4437 4435
f 3945 3958 3946
f 4065 4047 3418
f 4495 3408 4496
f 8913 8915 8914
f 8911 8917 8916
f 8889 8923 8890
f 8919 8931 8921
f 8884 8918 8885
f 8922 8931 8925
f 5852 5909 5851
f 5866 5915 5917
f 8926 8914 8915
f 8914 8883 8913
f 8886 8921 8888
f 5846 5894 5891
f 5873 5900 5868
f 8893 5764 5754
f 8894 5754 5753
f 5890 5927 8936
f 5885 5755 5758
f 5871 5902 5873
f 5763 5883 5762
f 5880 8936 5763
f 4175 4398 4399
f 4274 4255 4275
f 8883 5931 8882
f 8868 8898 8867
f 3289 3247 3292
f 3858 5485 5921
f 8850 8886 8888
f 4116 5409 4115
f 3889 4127 5415
f 3678 8938 8937
f 8857 8888 8889
f 3979 3294 3295
f 4126 3431 3823
f 3651 3679 3650
f 3460 5921 3354
f 4084 3310 3487
f 8905 8899 8898
f 3561 5397 5656
f 3213 5528 5519
f 4191 4193 4192
f 5449 5532 5533
f 4142 4031 4479
f 4060 5652 5651
f 4480 4482 4481
f 5519 3212 3213
f 5657 3330 3940
f 4473 4475 4474
f 3514 5668 5667
f 5663 5669 5665
f 8881 5926 8880
f 5734 5749 5750
f 4788 4677 4678
f 3997 3538 3506
f 3551 3310 3294
f 3577 3998 3999
f 4893 4676 4809
f 4753 4671 4672
f 8729 8885 8843
f 3813 9021 8937
f 8938 3813 8937
f 8882 5929 8881
f 4098 3820 3821
f 3399 5416 3398
f 5494 5503 4403
f 5880 5878 5881
f 4986 4861 4987
f 4999 5004 5010
f 4985 4988 4976
f 5816 5766 5810
f 4372 4384 4519
f 5688 5692 5679
f 8903 8901 8900
f 8879 5887 5888
f 8902 8880 8901
f 5919 5895 5920
f 4519 4342 4291
f 8847 8854 8853
f 5925 5903 5926
f 4021 4523 4025
f 5678 5676 4406
f 4424 4085 4421
f 5701 3577 3820
f 5928 5926 5929
f 5000 4980 5004
f 9022 3545 4113
f 9024 5409 5410
f 4008 4010 4009
f 3931 4516 4513
f 3822 3807 3821
f 8851 8844 8845
f 5728 5509 5721
f 9025 4115 5409
f 5209 5201 5208
f 4820 4653 4682
f 3988 5598 4508
f 3370 3357 3395
f 5639 5641 5640
f 5592 4477 5543
f 3378 5572 3381
f 5625 3265 5626
f 5594 5577 3406
f 3302 5645 3301
f 3274 3278 3273
f 5207 5233 5243
f 5071 5072 5075
f 4815 4785 4812
f 4796 4643 4760
f 3243 5643 5648
f 5301 5303 5300
f 5431 5655 5654
f 5251 5244 5252
f 3353 3523 3524
f 4174 3405 3411
f 3546 4113 3545
f 4002 3788 4004
f 4196 4238 4195
f 3232 5647 3231
f 4373 4266 4310
f 4867 5321 4902
f 5648 4058 3243
f 4455 3893 4453
f 5593 4511 5592
f 5275 5252 5253
f 5252 5274 5251
f 4092 3624 3597
f 3723 3743 3722
f 4780 4802 4796
f 4059 3560 5425
f 4317 4347 4270
f 5188 5192 5187
f 5570 5612 5569
f 3385 5633 3384
f 3526 5569 5612
f 3576 3608 3590
f 3581 3594 3580
f 5239 5238 5232
f 5081 5083 5082
f 4369 4528 4527
f 4325 4329 4360
f 3569 3286 3336
f 9022 4112 5709
f 3661 3801 3653
f 5074 5030 5064
f 5064 5063 5065
f 3563 3498 4146
f 3961 4119 5411
f 4854 4870 4735
f 5018 5028 5029
f 5007 5027 5028
f 5040 5039 5041
f 3240 3875 3239
f 5070 5029 5072
f 3504 3866 4111
f 3537 3591 3588
f 5033 5039 5032
f 4710 4635 4879
f 5017 4989 5014
f 5024 5046 5023
f 4991 5019 4990
f 4587 4574 4573
f 4996 4793 4878
f 5066 5059 5067
f 5221 5231 5220
f 5068 5057 5026
f 3675 3643 3642
f 3663 3675 3662
f 4722 4559 4822
f 3579 3590 3591
f 3686 3677 3678
f 4422 3499 4419
f 5142 5138 5133
f 5078 5075 5076
f 3609 3590 3608
f 3288 5411 3287
f 5424 5410 3246
f 5152 5156 5172
f 3960 5709 4112
f 4946 4957 4958
f 3867 5705 3959
f 9026 4113 5710
f 5192 5189 5187
f 5161 5194 5171
f 3637 3682 3636
f 4392 3847 3848
f 3796 4149 3795
f 4104 3727 4103
f 3594 3993 4088
f 3796 4134 5710
f 3687 4156 4157
f 3760 4164 4165
f 4464 3345 4467
f 3485 3868 3484
f 3846 5423 4130
f 3409 4496 3408
f 3767 3765 3762
f 3711 4159 4160
f 3797 4087 3510
f 4072 5562 5560
f 4502 5590 5589
f 5408 9027 4118
f 5683 5714 5682
f 5702 4110 5711
f 5623 4148 4167
f 5428 3525 3522
f 3668 3802 3667
f 4000 8938 3679
f 4221 4179 4380
f 4267 4388 4315
f 3721 4161 4159
f 3903 5706 5705
f 3583 4090 4091
f 3894 3524 3525
f 4635 4636 4634
f 4173 4009 4010
f 4890 5393 5394
f 5290 5293 5292
f 5339 5337 5333
f 5458 4438 4439
f 3251 5430 3910
f 3252 5419 3251
f 3428 5421 3427
f 3571 5418 3252
f 4583 4554 4593
f 4239 4224 4238
f 3322 5450 5449
f 5309 5306 5304
f 4109 3748 4108
f 5707 3794 3795
f 5139 5183 5140
f 5271 5290 5259
f 5280 5282 5279
f 5110 5125 5115
f 5319 4731 5317
f 5334 5339 5333
f 5423 3523 5422
f 5376 5378 5375
f 4721 4646 4674
f 3719 4159 4161
f 4853 4692 4795
f 5373 5330 5375
f 4428 5456 4437
f 5376 5328 5331
f 3337 4434 4431
f 4692 5395 4795
f 5475 4523 5476
f 5478 4068 4522
f 5421 4129 5422
f 5374 5375 5378
f 5283 5306 5282
f 5246 5234 5235
f 5154 5150 5153
f 4458 5561 4457
f 5163 5158 5168
f 5381 5378 5379
f 3397 5484 5483
f 4457 5563 5537
f 5147 5150 5149
f 4474 5544 5545
f 5325 5319 5326
f 5223 5388 5222
f 5517 3521 3519
f 4499 3347 4487
f 5404 4128 4129
f 3476 5506 3475
f 4084 5515 4083
f 3900 5477 3899
f 5536 5547 5546
f 5491 5493 5492
f 5474 4139 5401
f 4063 4522 4068
f 4459 5541 5540
f 5548 3360 3361
f 5444 5550 4396
f 3888 5415 5412
f 5546 3339 4445
f 5536 5538 5537
f 3570 5508 3477
f 4471 5589 4476
f 4280 3359 5933
f 5499 4403 5503
f 5189 5169 5165
f 5543 4478 5542
f 4051 5552 3374
f 3461 5507 3476
f 4629 4870 4869
f 5106 4909 4862
f 5286 5279 5282
f 5462 3364 3365
f 3491 5514 3840
f 5224 5231 5229
f 4478 5540 5542
f 4099 3742 3723
f 4803 4805 4804
f 4130 5422 4129
f 4470 4476 4473
f 4924 4921 4922
f 4920 4927 4926
f 4993 4987 4992
f 4887 4913 4912
f 3894 4070 4071
f 5472 5585 5586
f 3508 4134 3507
f 3603 4096 4097
f 3772 3992 4110
f 5712 5671 5672
f 3739 4162 4163
f 5683 3515 5715
f 5480 4495 5479
f 5698 5493 5498
f 3578 3996 3998
f 3645 4154 4155
f 5660 3466 3463
f 4135 5710 4134
f 5587 4073 5586
f 5687 5693 5686
f 3584 4091 4150
f 5585 5584 5588
f 4128 5415 4127
f 4257 4338 4526
f 4222 4178 4179
f 4366 4191 4216
f 5098 5091 5088
f 5761 5737 5760
f 5760 5738 5739
f 8852 5934 8844
f 8874 8855 8856
f 8895 8855 8877
f 5884 8842 8852
f 4557 4582 4560
f 8890 8917 8892
f 8918 8930 8920
f 8924 8915 8916
f 4182 4330 4190
f 3864 5711 4110
f 3574 3230 3231
f 3342 3415 3341
f 3488 3549 3840
f 4317 3953 3949
f 3672 4152 4153
f 5708 3865 5707
f 9021 3685 3686
f 3621 3616 3617
f 5728 4419 5727
f 4311 4028 4310
f 4131 3543 3841
f 4426 3842 4423
f 4518 4168 4427
f 5457 5464 5456
f 5425 3558 3837
f 5458 4437 5456
f 3416 5465 5457
f 5638 5437 5637
f 3985 5636 5637
f 5646 5636 5647
f 9023 3554 5402
f 5722 5514 5726
f 3256 3934 3255
f 4164 5734 5751
f 8885 8920 8887
f 3282 3929 3281
f 3292 3320 3291
f 3232 3300 3301
f 3303 3271 3334
f 3562 5432 3325
f 3392 3388 3391
f 3854 5350 3851
f 5463 5459 5458
f 5935 3885 5576
f 3879 3954 3878
f 3928 3391 3388
f 4137 4458 4138
f 5454 3850 3851
f 3548 3549 3550
f 4443 5470 4442
f 4452 4506 4447
f 4468 3415 3879
f 4443 3876 4483
f 3234 4515 4516
f 5434 3896 5433
f 5448 5441 5644
f 5447 5443 5442
f 4442 5471 5467
f 5550 3275 5551
f 5578 4520 3409
f 3464 5666 3463
f 4701 4839 4840
f 3259 4041 4030
f 4015 3423 4018
f 3558 3982 3839
f 4856 4823 4824
f 4741 4653 4740
f 3759 4106 3763
f 3560 3290 3559
f 9024 3557 3553
f 5438 3280 5439
f 3321 3290 3291
f 5557 4072 5560
f 5553 3396 5554
f 4045 4174 4044
f 4539 4849 4585
f 3536 3503 3588
f 5478 5574 5477
f 3800 3510 3511
f 4755 4886 4754
f 5561 5527 5563
f 5752 5732 5751
f 5752 5756 5765
f 3518 5493 5521
f 3767 4107 4108
f 3534 4097 3593
f 4395 3826 3827
f 3926 3371 3925
f 4446 5610 5611
f 4050 3980 3981
f 8887 8843 8885
f 5649 5640 5645
f 4643 4761 4760
f 3709 3784 3690
f 4778 4660 4777
f 5649 4054 5648
f 5646 3301 5645
f 3250 3910 3909
f 5884 5757 5761
f 5655 5936 5937
f 4224 4226 4225
f 4043 3412 4013
f 4286 4288 4287
f 4267 4310 4266
f 4493 4080 4494
f 3325 3226 3227
f 3925 3372 3928
f 4312 4314 4313
f 3996 3540 3541
f 8908 8912 8907
f 4023 4025 4024
f 3995 3891 3994
f 5482 5559 4137
f 4486 3921 4484
f 4300 4302 4301
f 5438 5644 5441
f 3233 3282 3270
f 3225 3227 3226
f 5446 5445 5443
f 5554 3397 5555
f 4834 4830 4772
f 4064 3350 4063
f 3596 3598 3597
f 5639 5648 5643
f 5434 5654 5658
f 4895 4830 4831
f 3674 3676 3675
f 3551 3978 3550
f 3835 3305 3306
f 3813 3702 3703
f 3691 4160 4157
f 4109 4101 4103
f 4565 4188 4564
f 3490 3547 3489
f 3672 3647 3673
f 8906 8912 8913
f 3810 3811 3734
f 4051 4397 4396
f 3566 4090 4088
f 5580 5476 5579
f 4456 5537 5538
f 5539 5546 5611
f 8844 8729 8843
f 8872 8874 8875
f 4383 4198 4195
f 4931 4927 4930
f 5529 5397 5396
f 5314 5323 5328
f 5347 5323 5324
f 4711 4599 4596
f 5387 5389 4696
f 5259 5292 5258
f 5195 4803 5126
f 5195 4746 4806
f 4639 4866 4685
f 4821 4681 4721
f 3421 5399 3260
f 4730 4601 4602
f 4807 4811 4786
f 4040 3421 3948
f 4844 4800 4797
f 3936 3929 3930
f 4894 4817 4823
f 5365 5383 5368
f 4657 4661 4658
f 5224 4770 4804
f 5368 5382 5380
f 5336 5352 5335
f 5353 5386 5363
f 4070 4454 4069
f 5396 3327 3328
f 5225 5312 4809
f 5384 5386 5385
f 5391 4695 4759
f 4735 4870 4630
f 4407 4409 4408
f 4623 4880 4706
f 5356 5352 5354
f 4578 4859 4577
f 3239 3217 3938
f 3937 3333 3939
f 4578 4534 4535
f 5467 4505 4452
f 4836 4826 4838
f 4422 5721 4421
f 3392 5556 5482
f 5564 5565 5547
f 3807 3663 3660
f 5922 4392 4281
f 3680 3692 3693
f 3630 3632 3631
f 4416 5725 4418
f 4033 3836 4176
f 3238 4168 3342
f 3466 3483 3484
f 3678 3650 3679
f 3677 3649 3650
f 3340 4431 3884
f 3562 5656 5655
f 5658 5938 5939
f 3642 3640 3641
f 3306 3334 3981
f 3256 3280 3281
f 8910 8892 8917
f 5868 5898 5859
f 8924 8922 8925
f 8935 8925 8931
f 8882 8913 8883
f 8925 8926 8924
f 8840 8936 5927
f 5852 5905 5907
f 5136 5124 5137
f 4243 4260 4242
f 5238 5228 5232
f 5642 5643 5644
f 3924 3928 3927
f 5412 5700 3888
f 3750 3751 3707
f 3746 3770 3769
f 3859 3861 3860
f 3972 3493 3494
f 5923 8861 5920
f 4945 4958 4959
f 3296 3286 3287
f 3824 3907 3823
f 3671 4154 4153
f 4137 5481 5482
f 3614 3802 3617
f 3283 3559 3290
f 4936 4934 4933
f 5511 5726 5514
f 4170 3926 3923
f 3572 3830 3826
f 3459 3858 3460
f 3496 4425 3495
f 3457 3436 3437
f 3984 3986 3985
f 3914 3386 4487
f 5512 5723 5511
f 4500 4483 4480
f 4501 4471 4472
f 4503 4505 4504
f 4143 4461 4490
f 3331 3222 3219
f 4016 4018 4017
f 3998 3776 3999
f 4114 5710 4113
f 4405 4406 4404
f 5602 5720 5719
f 4767 4804 4770
f 4929 4954 4928
f 4410 5665 5669
f 3888 5632 3887
f 4048 3977 3974
f 3947 3212 5652
f 5676 3472 3473
f 5782 5784 5783
f 4315 4311 4267
f 5699 5521 5493
f 5864 5825 5822
f 5826 5822 5823
f 5775 5805 5806
f 3236 3270 3271
f 5823 5859 5826
f 4957 4895 4917
f 8868 8865 8869
f 4281 3848 4280
f 4940 4971 4949
f 4013 4029 4043
f 3685 3701 3684
f 4339 4377 4391
f 8891 8872 8892
f 3753 3755 3754
f 4427 3220 3221
f 3809 3779 3780
f 3568 4418 3500
f 3880 3918 3805
f 3543 3842 3841
f 4646 4648 4647
f 4656 4597 4598
f 4781 4820 4784
f 4972 4974 4973
f 5101 5109 5120
f 5095 5115 5125
f 5090 5132 5093
f 5131 5134 5133
f 5134 5127 5135
f 5117 5140 5129
f 3539 3863 3595
f 4006 3792 4007
f 5128 5099 5124
f 5097 5089 5096
f 5274 5271 5259
f 4571 4569 4549
f 4225 4238 4224
f 5156 5170 5172
f 4538 4540 4537
f 4622 4665 4662
f 4981 5004 4980
f 5012 4975 5013
f 5148 5149 5157
f 5157 5133 5134
f 5161 5145 5160
f 4261 4242 4260
f 5294 5291 5268
f 4255 4532 4261
f 5274 5250 5251
f 4246 4207 4248
f 3314 3927 3912
f 4670 4672 4671
f 4995 4673 4986
f 4638 4603 4600
f 4341 4525 4340
f 5163 5165 5162
f 4834 4784 4819
f 4784 4682 4819
f 4844 4687 4688
f 5280 5275 5285
f 4217 4564 4188
f 4554 4556 4555
f 4551 4556 4594
f 4549 4544 4571
f 5141 5173 5175
f 4653 4683 4682
f 4973 4989 4988
f 4984 5015 4983
f 5177 5170 5178
f 5166 5181 5182
f 5141 5139 5138
f 5178 5151 5177
f 5244 5203 5245
f 5252 5245 5253
f 4479 4079 4493
f 4402 4404 4403
f 3500 4419 3499
f 5856 5909 5913
f 4488 3348 3349
f 8851 5885 5886
f 3607 5701 4098
f 3508 3503 3504
f 5847 5896 5894
f 4374 4309 4263
f 3380 4438 3379
f 9025 3553 3554
f 5718 4131 3973
f 3300 3283 3321
f 5551 3276 5552
f 5552 3369 5553
f 5555 5483 5557
f 5859 5896 5858
f 4133 3794 3915
f 3606 3652 3610
f 4900 4766 4691
f 4616 4789 4788
f 3738 4164 3757
f 4774 4642 4801
f 4399 3402 4175
f 5853 5795 5851
f 3936 4427 3935
f 3418 4064 4065
f 5510 3840 5514
f 3270 3279 3269
f 3274 4056 4055
f 4359 4305 4306
f 4135 3504 4111
f 3610 3609 3606
f 3837 3557 5425
f 5940 4401 5941
f 5853 5803 5847
f 5725 5515 5727
f 3246 4117 3245
f 5713 5672 5681
f 4918 4916 4915
f 4148 3771 5703
f 5106 5113 5111
f 4147 5709 4146
f 5152 5177 5151
f 9026 4111 4112
f 5104 5103 5112
f 3531 3485 3593
f 3713 3715 3714
f 3699 3815 3697
f 4467 4459 4478
f 4703 4736 4640
f 5405 3846 5406
f 3555 3963 3964
f 4120 5411 4119
f 4217 4185 4218
f 3279 5441 3269
f 4944 4959 4966
f 4353 4344 4357
f 3815 3716 4104
f 3374 4052 4051
f 4491 4516 4515
f 5865 5833 5866
f 5819 5856 5862
f 5807 5856 5808
f 3933 3281 3929
f 3208 3920 3919
f 8907 8902 8903
f 5288 5295 5287
f 3728 3747 3748
f 3309 4083 3336
f 5119 5101 5120
f 3811 3789 4002
f 3595 3992 3993
f 4106 4100 4107
f 5696 5576 3885
f 3708 3750 3707
f 3744 4165 4163
f 5905 5892 5906
f 3403 4175 3402
f 4133 3506 3507
f 4147 3544 3545
f 3561 3325 3324
f 3237 3239 3238
f 4877 4793 4794
f 3241 3243 3242
f 3597 3625 3596
f 3279 3281 3280
f 3371 3373 3372
f 3599 3567 3598
f 3975 4032 4031
f 3277 3250 3278
f 3774 3565 3773
f 3658 3780 3779
f 4961 4963 4960
f 3600 3616 4096
f 4228 4202 4199
f 4011 4318 4350
f 4307 4262 4308
f 4838 4841 4842
f 4782 4773 4743
f 4914 4946 4947
f 4839 4765 4836
f 4771 4645 4642
f 4962 4964 4963
f 4966 4963 4964
f 3601 3615 3600
f 5878 5879 5881
f 5890 5881 5889
f 3720 4158 3719
f 4755 4689 4663
f 3740 3718 3739
f 5695 5686 5714
f 5740 5742 5741
f 5733 5736 5749
f 5755 5750 5749
f 5745 5762 5740
f 5798 5800 5799
f 4706 4879 4705
f 5651 5619 5620
f 5850 5797 5772
f 5804 5806 5805
f 4087 5707 4086
f 5915 5914 5916
f 5703 4167 4148
f 5893 5896 5895
f 5892 5919 8858
f 5706 5664 4081
f 5786 5788 5787
f 3973 3841 3493
f 4831 4915 4916
f 5906 8858 8859
f 4965 4969 4964
f 4684 4846 4842
f 3589 3611 3604
f 3596 4150 4091
f 5877 5763 5745
f 4121 4123 4122
f 3469 3868 3502
f 3204 3208 3207
f 3716 3726 3727
f 5460 5426 3571
f 3465 3470 3464
f 5738 3764 3765
f 4887 4655 4888
f 4203 4205 4204
f 3959 4082 4089
f 5758 5886 5885
f 5781 5872 5780
f 4675 4723 4674
f 3757 5751 5732
f 3334 3272 3335
f 8880 5903 5911
f 5615 3473 5614
f 5759 5760 5743
f 8845 8848 8847
f 5778 5780 5779
f 8857 8849 8850
f 4132 3798 3859
f 5839 5841 5842
f 560 3187 559
f 5747 4007 3792
f 5928 8840 5927
f 5766 5768 5767
f 4848 4956 4847
f 4953 4967 4965
f 4832 4910 4915
f 5879 5888 5887
f 3598 3530 4095
f 5747 5730 5748
f 5754 5748 5730
f 5810 5812 5811
f 5758 5749 5736
f 4315 4387 4314
f 5917 5916 5918
f 5913 5910 5914
f 5930 8841 8840
f 4951 4968 4953
f 3209 3201 3202
f 4059 3246 3247
f 8731 8842 8841
f 3776 3585 3778
f 5770 5772 5771
f 5891 5893 5892
f 9028 5641 5439
f 5814 5816 5815
f 5662 5673 5661
f 3522 3524 3523
f 5630 5942 5496
f 5791 5795 5794
f 5746 3754 5876
f 5928 5931 5930
f 5743 5739 5742
f 5876 5875 5878
f 3678 9021 3686
f 4200 4207 4199
f 4114 3916 4149
f 3601 3605 3604
f 3818 3712 3817
f 3315 3317 3316
f 5899 5902 5901
f 8840 5883 8936
f 5562 5559 5560
f 4416 3448 4414
f 3189 3191 3190
f 4751 4747 4671
f 4181 4180 4177
f 3832 5454 5351
f 3362 3526 3361
f 5678 5699 5698
f 3497 3499 3498
f 448 807 447
f 647 122 270
f 5690 5677 5697
f 4183 4185 4184
f 1833 1780 1832
f 5920 5897 5923
f 510 508 507
f 4401 5944 5941
f 5656 5530 5936
f 3970 5940 4293
f 5653 5939 5946
f 5450 5946 5532
f 3384 5945 5487
f 4403 4299 5494
f 5944 3968 5949
f 3963 5951 3852
f 5614 3474 5935
f 5427 3857 5951
f 3210 1887 3201
f 1887 3200 3201
f 15 3197 3200
f 16 3195 3197
f 3195 3187 3194
f 3194 1899 3207
f 3207 375 3204
f 387 126 127
f 3189 1760 5650
f 9029 757 758
f 763 2172 2175
f 9035 9032 9033
f 9033 9031 9030
f 9046 9048 9047
f 8751 9054 8752
f 9078 9077 9079
f 9083 9051 9053
f 9088 9047 9048
f 9099 9040 9097
f 9102 9036 9099
f 9105 9032 9103
f 9105 9106 9031
f 1801 9108 9107
f 9103 9034 9102
f 9096 9047 9089
f 1767 9111 9112
f 1597 9113 1600
f 1708 9117 9116
f 9123 9119 9118
f 9118 9125 9124
f 1588 9116 1587
f 2080 9118 2082
f 2082 9124 2084
f 9126 9087 9083
f 9129 9088 9087
f 5512 5943 5947
f 5634 5488 5948
f 5724 5947 5616
f 9134 9097 9133
f 9144 9102 9138
f 9133 9096 9132
f 786 9144 785
f 9146 9103 9144
f 785 9138 497
f 497 9134 650
f 650 9133 564
f 9148 9133 9132
f 8756 9057 8753
f 9154 9130 9129
f 9151 9131 9130
f 9097 9090 9096
f 1799 9111 1768
f 5949 3964 3853
f 9160 8809 8811
f 8813 9160 8811
f 9166 564 9148
f 9067 9054 9052
f 9162 9148 9150
f 9087 9048 9051
f 9081 9079 9082
f 9049 9051 9048
f 9082 9167 9081
f 9079 9049 9046
f 9169 9175 9170
f 9167 9112 9081
f 9168 9177 9167
f 9120 9113 9177
f 9120 9169 9119
f 9119 9170 9125
f 9179 9125 9170
f 9180 9124 9125
f 9178 9170 9175
f 1576 2084 9124
f 9179 9183 9181
f 3203 1387 3190
f 3190 1791 3189
f 5618 1949 3210
f 317 259 391
f 2000 9105 9146
f 9053 9052 9054
f 9041 9036 9037
f 9029 756 2170
f 9037 9034 9035
f 9130 9089 9088
f 3204 376 3203
f 1801 9109 1799
f 9181 9180 9179
f 1575 9190 1088
f 9187 1576 9180
f 1776 1796 1775
f 1293 1290 1284
f 1326 1327 12
f 1294 1234 1290
f 878 1330 1337
f 5633 5490 5945
f 5933 3360 5502
f 5613 5948 5500
f 5604 3844 5720
f 3972 5950 5601
f 3494 4322 5950
f 4406 5615 4298
f 3492 4292 5943
f 5631 5495 5942
f 497 374 498
f 122 413 121
f 5624 3398 5416
f 9151 9156 9160
f 9058 8752 9054
f 9160 9150 9151
f 8815 9162 8813
f 9156 8794 8809
f 439 399 438
f 1512 1526 1511
f 1668 1738 1671
f 839 1362 838
f 1362 826 1012
f 3425 3418 4047
f 4905 5243 4808
f 4621 4662 4690
f 5582 5574 5577
f 4754 4756 4755
f 3902 4021 4022
f 9295 1896 9267
f 2053 2118 2117
f 9340 2120 2119
f 696 9268 9283
f 4922 4939 4924
f 4365 4186 4183
f 5105 4862 4670
f 5228 5226 5225
f 4781 4877 4794
f 5218 5238 5217
f 4990 4992 4991
f 4335 4336 4251
f 4993 4972 5002
f 4794 4792 4750
f 5886 8852 8851
f 5405 5417 5416
f 4669 4764 4668
f 4676 4698 4679
f 1826 639 640
f 9192 9181 9183
f 5232 5233 5204
f 5418 4122 5419
f 956 886 960
f 5720 3512 5717
f 4728 4730 4729
f 8879 8863 8862
f 1980 1922 807
f 4969 4966 4964
f 33 105 164
f 9028 3254 5437
f 3837 3839 3838
f 4382 4301 4383
f 3908 4122 4123
f 4290 4294 4291
f 4400 4055 4056
f 3219 3221 3220
f 8894 8877 8876
f 4640 4735 4630
f 4389 4216 4213
f 3267 4493 4451
f 3268 4463 4144
f 5097 5098 5088
f 5094 5096 5095
f 5654 5937 5938
f 4089 3960 3959
f 5159 5162 5160
f 5202 5249 5205
f 5412 5414 5413
f 5715 3516 5716
f 5723 4423 5726
f 4263 4323 4374
f 3994 3564 3774
f 1343 9308 9309
f 3470 5667 3464
f 5659 5671 5706
f 3319 4053 3299
f 9359 2128 9354
f 1766 1582 1594
f 14 2163 738
f 595 99 594
f 5703 3772 5702
f 5206 5229 5209
f 3437 3458 3457
f 5516 3487 5509
f 5122 5087 5123
f 3223 3934 3935
f 3979 5402 3978
f 3828 3320 3827
f 5663 4081 5664
f 4035 4490 4461
f 4426 5724 4425
f 3881 4447 4444
f 5407 4118 4119
f 5691 5689 5687
f 5661 5672 5671
f 5911 8901 8880
f 3902 3871 4046
f 5541 5539 5606
f 4069 5561 5562
f 3248 3292 3247
f 1346 1044 1352
f 748 1425 747
f 3297 3255 3934
f 5445 4056 5550
f 5783 5830 5831
f 4310 4376 4373
f 5857 5800 5802
f 3882 4452 3881
f 3193 3919 3951
f 3190 3206 3203
f 4266 4268 4267
f 4488 3420 4486
f 3331 3940 3330
f 4282 4284 4283
f 4606 4607 4605
f 4628 4708 4712
f 4659 4733 4658
f 4615 4829 4614
f 4718 4713 4717
f 5722 4421 5721
f 3307 3461 3433
f 4686 4634 4636
f 3966 3550 3978
f 4738 4875 4873
f 3416 3237 3341
f 4527 4208 4200
f 5093 5114 5092
f 5124 5086 5122
f 5117 5138 5139
f 4631 4640 4630
f 5166 5168 5167
f 5185 5187 5186
f 5194 5191 5171
f 3245 4118 9027
f 5214 5203 5200
f 3230 3318 3284
f 5237 5217 5238
f 5250 5258 5255
f 5113 5084 5085
f 5270 5269 5268
f 4906 5107 4768
f 5271 5267 5270
f 5276 5262 5263
f 5153 5174 5173
f 5290 5268 5291
f 5306 5303 5304
f 5147 5146 5143
f 4585 4856 4584
f 3226 5436 3225
f 4473 4504 4470
f 5765 8897 8895
f 4529 4247 4530
f 8923 8916 8917
f 5713 5682 5714
f 3315 3898 3322
f 5564 5537 5563
f 4468 4441 5466
f 3738 4163 4165
f 4577 4559 4560
f 5567 3366 3363
f 3587 4150 4151
f 5471 4504 4505
f 5860 5816 5817
f 3516 5558 5932
f 5436 5637 5437
f 5050 5083 5060
f 5547 3338 3339
f 9023 3295 4115
f 5708 4132 5711
f 4104 3814 3815
f 3718 4161 4162
f 5498 5679 5692
f 3884 4432 3883
f 3955 3877 3878
f 4049 4061 3977
f 8892 8875 8890
f 4572 4218 4569
f 4440 4442 4441
f 4497 3407 3408
f 4632 4633 4724
f 8906 8881 8902
f 5664 5670 5663
f 3751 3706 3707
f 3511 3736 3800
f 5129 5116 5117
f 5086 5098 5085
f 5135 5128 5136
f 5143 5145 5144
f 5168 5136 5137
f 5297 5246 5257
f 5164 5160 5162
f 5155 5171 5170
f 5137 5167 5168
f 5293 5307 5305
f 5513 4083 5515
f 4053 3825 4057
f 3228 3298 3227
f 3631 3635 3636
f 5689 5670 5693
f 5759 5883 5882
f 3793 3507 4134
f 4906 4891 4907
f 4719 4901 4720
f 3597 4095 4092
f 3352 4125 3262
f 9064 9058 9067
f 9076 9067 9077
f 9083 8794 9126
f 9131 9096 9089
f 9138 9099 9134
f 9154 9126 9156
f 9077 9052 9049
f 9053 8766 9083
f 9191 9187 9181
f 9082 9046 9193
f 9193 9168 9082
f 1284 1288 1285
f 9150 9132 9131
f 3841 3496 3493
f 3570 3336 4083
f 4027 4312 3258
f 4889 4781 4794
f 4041 4044 4043
f 4885 4813 4829
f 5419 3905 5430
f 4367 4227 4224
f 1778 1780 1779
f 1792 1584 1789
f 4308 3869 4307
f 4594 4762 4551
f 4767 4769 4768
f 5461 3366 3847
f 4763 4716 4720
f 4919 4915 4910
f 4300 4334 4333
f 5196 5198 5197
f 5158 5135 5136
f 5431 5433 5432
f 4545 4571 4544
f 4557 4594 4556
f 695 571 694
f 4156 3626 3694
f 4861 4670 4862
f 5681 5674 5682
f 5473 5580 5583
f 3622 4152 4151
f 5647 3574 3231
f 3674 3808 3649
f 4420 3498 3499
f 5675 5666 5674
f 3253 5439 3280
f 5870 5917 5912
f 8887 8919 8886
f 5862 5913 5915
f 3534 3485 3482
f 3313 4484 3312
f 9090 9046 9047
f 4871 4695 4855
f 3778 3822 3819
f 4889 4874 4875
f 4000 3784 4001
f 4897 4911 4910
f 3856 3838 3839
f 4772 4896 4771
f 4015 4376 4014
f 3433 3476 3435
f 4053 3302 3299
f 3367 3363 4434
f 3242 3831 3241
f 3441 4082 4081
f 4735 4855 4854
f 4756 4737 4689
f 3382 3384 3383
f 3698 3697 3682
f 4676 4678 4677
f 4948 4941 4944
f 4890 4805 4747
f 4757 4745 4737
f 4581 4380 4586
f 5716 5932 5597
f 4923 4926 4932
f 5077 5081 5076
f 5078 5058 5054
f 4009 5400 3952
f 5081 5078 5076
f 3930 4513 4514
f 4014 4028 4029
f 4025 4020 4021
f 3618 4096 3616
f 4581 4576 4580
f 4219 4188 4189
f 5440 3335 3272
f 5449 3323 3322
f 4229 4177 4202
f 4590 4214 4589
f 4227 4184 4226
f 4574 4858 4547
f 4565 5453 4563
f 4592 4588 4589
f 4590 4573 4579
f 3517 5521 3519
f 3845 3522 5423
f 4444 3884 3881
f 3982 5533 5535
f 4465 4497 4495
f 4520 4521 4496
f 4076 5591 5590
f 3635 3666 3634
f 3343 4498 5481
f 4022 3870 3871
f 3661 4098 3660
f 5691 5697 5692
f 3768 5742 5739
f 4514 3956 4518
f 3697 3814 3696
f 4394 5460 4395
f 4054 4057 4058
f 3284 3323 3559
f 4052 4169 4397
f 4447 4510 4446
f 4456 3346 4138
f 4483 3877 4482
f 4482 4512 4492
f 4492 4513 4516
f 5642 5439 5641
f 5448 5442 5440
f 5466 3882 3883
f 3340 4445 3339
f 8908 8910 8911
f 4397 3835 3980
f 5413 3521 5412
f 3234 3932 3233
f 5753 8895 8894
f 8896 5756 5755
f 8921 8889 8888
f 8915 8911 8916
f 3933 3935 3934
f 3620 3657 3623
f 3966 3968 3967
f 4905 4769 4770
f 3225 5437 3254
f 5433 3984 5435
f 5714 5693 5713
f 5435 3985 5436
f 3954 3955 3878
f 4713 4632 4724
f 4879 4632 4705
f 3983 3896 3897
f 9027 3248 3245
f 5871 5912 5904
f 5849 5891 5905
f 4702 4640 4641
f 4213 4579 4389
f 3644 3688 3689
f 9193 9040 9041
f 8920 8935 8919
f 5406 4130 4127
f 4140 5401 4139
f 5659 3904 5660
f 4772 4783 4834
f 4244 4246 4245
f 4061 4037 4038
f 3669 3803 3668
f 3459 3209 3202
f 4072 5484 4071
f 4835 4834 4819
f 5660 5661 5659
f 4262 4264 4263
f 3633 3627 3628
f 3685 3676 3686
f 4517 3235 3304
f 4145 4085 3544
f 5455 5459 3850
f 5638 5640 5641
f 3228 3254 3255
f 4044 3411 3412
f 3614 3612 3613
f 3273 3275 3274
f 4952 4961 4918
f 4959 4960 4963
f 4888 4761 4860
f 4254 4256 4255
f 4199 4201 4200
f 4499 4465 5480
f 5479 4496 4521
f 5952 5954 5955
f 5956 5958 5959
f 5959 5960 5961
f 5962 5964 5965
f 5966 5968 5969
f 5967 5971 5968
f 5963 5961 5960
f 5972 5964 5973
f 5974 5976 5977
f 5978 5980 5981
f 5982 5984 5985
f 5986 5985 5984
f 5988 5990 5991
f 5992 5994 5995
f 5996 5998 5999
f 6000 6002 6003
f 6004 6006 6007
f 6008 6010 6011
f 6012 6014 6015
f 6016 6018 6019
f 6020 6022 6023
f 6024 6026 6027
f 6028 6030 6031
f 6032 6034 6035
f 6036 6038 6039
f 6040 6013 6012
f 6042 6044 6045
f 5992 6047 5993
f 6048 6050 6051
f 6052 6054 6055
f 6056 6058 6059
f 6060 5987 5986
f 6062 6064 6065
f 6066 6068 6069
f 6070 6027 6026
f 6072 6057 6056
f 6075 6077 6074
f 6078 6080 6081
f 6082 6054 6084
f 6085 6081 6086
f 6087 5990 6088
f 6061 6089 5987
f 6089 6091 6092
f 6092 6093 6094
f 6095 5981 6096
f 6062 6084 6063
f 6097 6035 6034
f 6056 6099 6072
f 6100 6102 6103
f 6001 6104 6105
f 6107 6109 6106
f 6110 6112 6113
f 6114 6025 6115
f 6116 6118 6119
f 6120 6122 6123
f 6124 6126 6127
f 6128 6101 6100
f 6039 6131 6036
f 6132 6134 6135
f 6136 6138 6003
f 6139 6141 6142
f 6143 6145 6146
f 6148 6150 6147
f 6152 6154 6151
f 6155 6157 6158
f 6159 6161 6162
f 6163 6165 6166
f 6167 6169 6170
f 6171 6173 6174
f 6175 6104 6177
f 6178 6180 6181
f 6023 6183 6020
f 6184 6186 6187
f 6117 6188 6189
f 6190 6192 6193
f 6194 6026 6114
f 6195 6191 6190
f 6197 6199 6200
f 6201 6203 6204
f 6205 6207 6208
f 6209 6201 6204
f 6197 6211 6212
f 6212 6213 6214
f 5979 6214 6213
f 6203 6217 6204
f 6206 6198 6207
f 6218 5962 6219
f 5965 6219 5962
f 5972 3354 6221
f 6070 6222 6223
f 6224 6226 6227
f 6228 6230 6231
f 6232 6234 6235
f 6196 6236 6237
f 6071 6223 6238
f 6239 6241 6242
f 6243 6245 6246
f 6247 6248 6249
f 6250 6252 6253
f 6254 6256 6257
f 6258 6260 6261
f 6229 6263 6230
f 6264 6242 6241
f 6266 6268 6269
f 6270 6272 6273
f 6274 6276 6277
f 6195 6279 6236
f 6280 6281 6282
f 6283 6285 6286
f 6123 6287 6288
f 6289 6291 6292
f 6293 6243 6295
f 6240 6297 6241
f 6298 6267 6266
f 6300 6302 6303
f 6304 6306 6307
f 6251 6308 6309
f 6247 6311 6312
f 6313 6315 6316
f 6314 6317 6318
f 6319 6320 6321
f 6322 6088 6323
f 6216 6258 6217
f 6325 6327 6328
f 6217 6261 6329
f 6330 6238 6331
f 6071 6048 6027
f 6015 6333 6012
f 6079 6335 6080
f 6336 6240 6239
f 6294 6296 6240
f 6337 6339 6340
f 6341 6343 6344
f 6345 6347 6348
f 6266 6349 6298
f 6350 6352 6353
f 6295 6246 6354
f 6303 6356 6300
f 6357 6359 6360
f 6361 6363 6364
f 6365 6353 6366
f 6367 6369 6370
f 6371 6370 6372
f 6372 6374 6371
f 6375 6373 6376
f 6376 6378 6375
f 6379 6381 6382
f 6383 6385 6386
f 6387 6389 6390
f 6391 6393 6394
f 6395 6397 6398
f 6398 6400 6395
f 6399 6402 6400
f 6403 6401 6404
f 6405 6407 6408
f 6409 6411 6412
f 6367 6413 6414
f 6374 6415 6416
f 6417 6384 6383
f 6419 6348 6347
f 6421 6423 6424
f 6425 6400 6402
f 6426 6395 6400
f 6393 6428 6429
f 6429 6394 6393
f 6390 6431 6432
f 6433 6408 6407
f 6435 6437 6438
f 6439 6411 6438
f 6392 6441 6442
f 6397 6442 6443
f 6401 6444 6445
f 6446 6437 6404
f 6448 6450 6451
f 6452 6454 6455
f 6442 6456 6457
f 6443 6457 6458
f 6444 6460 6461
f 6445 6461 6462
f 6463 6462 6465
f 6446 6462 6464
f 6466 6468 6469
f 6448 6470 6471
f 6453 6472 6473
f 6474 6476 6477
f 6478 6480 6481
f 6482 6484 6485
f 6486 6488 6489
f 6490 6492 6493
f 6493 6494 6495
f 6496 6498 6499
f 6500 6502 6503
f 6504 6506 6507
f 6508 6509 6510
f 6511 6513 6508
f 6499 6515 6496
f 6516 6518 6519
f 6520 6522 6523
f 6524 6525 6526
f 6507 6527 6504
f 6504 6528 6510
f 6528 6508 6510
f 6529 6531 6532
f 6342 6534 6343
f 6535 6346 6536
f 6347 6537 6419
f 6434 6539 6408
f 6539 6405 6408
f 6541 6451 6450
f 6543 6470 6545
f 6546 6481 6547
f 6499 6548 6549
f 6549 6514 6499
f 6551 6553 6554
f 6555 6557 6558
f 6403 6423 6559
f 6426 6413 6416
f 6415 6428 6427
f 6430 6561 6562
f 6434 6420 6419
f 6563 6565 6566
f 6404 6445 6446
f 6459 6399 6398
f 6455 6388 6387
f 6405 6449 6406
f 6540 6450 6405
f 6567 6568 6569
f 6570 6463 6567
f 6475 6490 6465
f 6458 6571 6572
f 6573 6574 6575
f 6576 6578 6579
f 6193 6580 6581
f 6582 6584 6585
f 6583 6586 6587
f 6588 6587 6586
f 6590 6068 6591
f 6592 6594 6319
f 6251 6595 6252
f 6304 6597 6598
f 6272 6599 6273
f 3737 6558 6557
f 6600 6160 6601
f 6123 6603 6120
f 6604 6606 6607
f 6608 6208 6609
f 5972 6220 5965
f 6610 6612 6556
f 6613 6615 6616
f 6242 6618 6239
f 6226 6245 6227
f 6620 6622 6623
f 6624 6146 6625
f 6626 6211 6136
f 6627 6629 6630
f 6631 6633 6634
f 6235 6636 6232
f 6637 6639 6640
f 6641 6286 6642
f 6643 6645 6646
f 6647 6649 6650
f 6244 6294 6336
f 6336 6652 6244
f 6194 6237 6222
f 6196 6114 6191
f 6115 6191 6114
f 6653 6655 6656
f 6657 6189 6658
f 6117 6659 6118
f 6130 6156 6131
f 6133 6151 6134
f 6661 6662 6660
f 6663 6616 6552
f 6664 6273 6665
f 6418 6432 6431
f 6290 6328 6291
f 6666 6556 6612
f 6557 3805 3737
f 5971 6668 5968
f 6181 6670 6178
f 6671 6673 6674
f 6676 6672 6675
f 6675 6149 6676
f 6067 5999 5998
f 6677 6679 6680
f 6681 6683 6684
f 6087 6090 6089
f 5983 6685 6686
f 5982 6687 6685
f 6094 6688 6687
f 6211 6137 6136
f 6689 6691 6692
f 6690 3833 3832
f 6001 6686 6002
f 5978 6215 5979
f 6694 5978 6095
f 5974 6095 6695
f 6183 6696 6697
f 6698 5961 6218
f 5959 6699 5956
f 6697 6700 6701
f 6702 6703 6704
f 5968 6705 5969
f 6706 5955 5954
f 6707 6617 6708
f 6024 6709 6710
f 6402 6559 6425
f 3852 6712 3853
f 3856 6593 3857
f 5977 6694 5974
f 6713 5977 5976
f 6714 6716 6717
f 6718 6308 6250
f 6720 6254 6721
f 6722 6724 6725
f 6312 6726 6727
f 6069 6728 6729
f 6319 6730 6086
f 6731 6644 6732
f 6732 6734 6731
f 6046 6320 6047
f 3880 6666 6735
f 6736 6738 6739
f 6531 6741 6326
f 6300 6614 6613
f 6742 6325 6290
f 6743 3891 3890
f 6744 6301 6745
f 6746 6534 6533
f 6536 6579 6535
f 6535 6563 6537
f 6566 6537 6563
f 6538 6409 6539
f 6412 6539 6409
f 6412 6541 6540
f 6748 6542 6541
f 6749 6545 6542
f 6568 6547 6543
f 6751 6548 6546
f 6753 6550 6549
f 6755 6757 6758
f 6759 6761 6762
f 6763 6765 6762
f 6764 6623 6765
f 6766 6768 6769
f 6770 6772 6773
f 6774 6776 6777
f 6021 6777 6022
f 6723 6779 6724
f 6780 6782 6783
f 6784 6786 6787
f 6788 6790 6791
f 6185 6793 6186
f 6794 6725 6795
f 6729 6098 6097
f 6135 6798 6132
f 6799 6065 6800
f 6037 6802 6038
f 6005 6588 6586
f 6005 6804 6006
f 6052 6010 6805
f 6586 6803 6005
f 6092 5987 6089
f 6094 5985 6092
f 6096 6695 6095
f 6082 6799 6585
f 6657 6041 6659
f 6013 6658 6014
f 6795 6807 6808
f 6809 6811 6812
f 6813 6815 6816
f 6817 6819 6820
f 6821 6823 6824
f 6329 6204 6217
f 6202 6826 6203
f 6072 6827 6828
f 6598 6305 6304
f 6301 6613 6663
f 6830 6271 6270
f 6822 6778 6823
f 6326 6832 6327
f 6203 6833 6216
f 6027 6051 6024
f 6360 6835 6357
f 6836 6838 6839
f 6837 6841 6838
f 6362 6366 6363
f 6380 6384 6381
f 6421 6578 6842
f 6566 6410 6409
f 6394 6388 6391
f 6414 6368 6367
f 6371 6416 6413
f 6561 6378 6382
f 6382 6562 6561
f 6381 6418 6562
f 6389 6430 6431
f 6391 6454 6441
f 6441 6453 6456
f 6456 6473 6574
f 6495 6750 6568
f 6843 6485 6484
f 6844 6843 6846
f 6573 6847 6848
f 6849 6487 6486
f 6513 6752 6469
f 6517 6850 6503
f 6521 6851 6850
f 6844 6852 6853
f 6505 6510 6509
f 6753 6512 6754
f 6516 6521 6517
f 6614 6854 6615
f 6742 4003 3891
f 6708 6855 6856
f 6307 6857 6858
f 6307 6665 6304
f 6414 6425 6559
f 6416 6427 6426
f 6562 6431 6430
f 6419 6538 6434
f 6358 6839 6359
f 6059 6859 6860
f 6861 6863 6864
f 6865 6867 6868
f 6115 6869 6870
f 6871 6873 6874
f 6721 6596 6875
f 6876 6556 6555
f 6877 6552 6551
f 6551 6268 6877
f 6879 6265 6269
f 6239 6651 6336
f 6230 6619 6226
f 6171 6669 6880
f 6106 6882 6881
f 6883 6822 6821
f 6759 6187 6174
f 6725 6785 6807
f 6885 6808 6791
f 6886 6888 6031
f 6701 6756 6755
f 6884 6779 6822
f 6715 6309 6308
f 6889 6890 6891
f 6743 4042 6892
f 6270 6893 6830
f 6386 6895 6383
f 6895 6420 6896
f 6897 6417 6896
f 6897 6407 6898
f 6390 6899 6387
f 6900 6406 6449
f 6455 6901 6452
f 6902 6904 6471
f 6482 6905 6483
f 6501 6907 6502
f 6496 6908 6909
f 6532 6326 6325
f 6532 6743 6529
f 6612 6735 6666
f 6611 6910 6612
f 6626 5979 6213
f 6704 6105 6702
f 6913 6591 6914
f 6915 6795 6885
f 6229 4067 4066
f 6263 6289 6619
f 6745 6663 6877
f 6916 6757 6917
f 6885 6165 6915
f 6920 6783 6919
f 6921 6923 6924
f 6925 6924 6926
f 6927 6929 6930
f 6931 6933 6934
f 6935 6937 6938
f 6939 6941 6942
f 6943 6945 6946
f 6947 6949 6950
f 6944 6951 6952
f 6953 6955 6956
f 6957 6959 6960
f 6961 6929 6963
f 6964 6966 6967
f 6968 6970 6971
f 6969 6955 6970
f 6972 6946 6973
f 6974 6976 6977
f 6978 6980 6981
f 6940 6982 6983
f 6984 6986 6987
f 6988 6990 6991
f 6992 6989 6993
f 6994 6996 6997
f 6998 7000 7001
f 7002 7004 7005
f 7006 7008 7009
f 7010 7012 7013
f 7014 7016 7017
f 7018 6999 6998
f 7020 7022 7023
f 7024 7026 7027
f 7028 7030 7031
f 7032 7034 7035
f 7003 7036 7037
f 7038 7040 7027
f 6993 7030 7041
f 7042 7044 7045
f 7046 7007 7006
f 7011 7048 7049
f 7050 7052 7053
f 7054 7014 7055
f 7015 7056 7057
f 6621 7045 7044
f 7049 6775 6774
f 7051 6021 6020
f 7055 6701 7054
f 7054 6755 7056
f 6764 7047 7046
f 7020 7059 7013
f 7060 7062 7063
f 6958 7065 6959
f 6925 7067 6973
f 7068 6934 6926
f 7069 6991 7070
f 7071 7072 7073
f 7074 7076 7077
f 7078 7080 7081
f 7014 7082 7083
f 7084 7086 7087
f 7025 7031 7026
f 7085 7072 7088
f 7089 7087 7090
f 7055 7083 7091
f 7090 6770 6773
f 7092 7094 7095
f 7091 6697 7055
f 6770 7086 6758
f 7095 6767 6766
f 7096 6980 7097
f 7098 6940 7099
f 7058 7023 7100
f 7101 6930 7102
f 6974 7063 6967
f 7103 6971 7104
f 7105 6981 6977
f 7106 7036 7108
f 7109 7010 7110
f 7111 7018 7034
f 7098 7037 7100
f 7048 7112 6775
f 7113 7041 6997
f 6994 7115 7088
f 6965 6923 6966
f 6975 6945 6976
f 7061 7065 7062
f 6954 6933 6963
f 6763 7109 7047
f 7046 6620 6764
f 6947 7067 6956
f 6758 7056 6755
f 7118 7039 7038
f 7038 7070 7118
f 7106 7121 7122
f 7123 7053 7052
f 7123 7083 7082
f 7045 7006 7042
f 7107 7122 7009
f 7091 7052 7051
f 7091 6020 6183
f 6936 7097 6937
f 7125 6960 7102
f 6774 7050 7049
f 7119 6942 7039
f 7019 7005 6999
f 7011 7124 7012
f 7021 7040 7022
f 7114 7016 7115
f 7053 7049 7050
f 7086 7057 7056
f 6993 7127 6992
f 7075 7113 7076
f 4281 6603 7128
f 6012 7129 6040
f 7130 6584 7131
f 6797 7133 6798
f 6074 7135 6075
f 6789 6173 6790
f 6760 6776 6761
f 7136 6801 6589
f 6914 6674 6913
f 7007 7059 7008
f 7099 7003 7098
f 6984 7104 6938
f 7110 7047 7109
f 6333 6587 7129
f 5956 6667 5971
f 5957 5971 5970
f 7137 6308 6719
f 4292 6718 6250
f 6693 6668 6215
f 6215 6667 6214
f 6214 6699 6212
f 6698 6212 6699
f 6219 6198 6218
f 6207 6220 6208
f 6220 6609 6208
f 6262 4066 4003
f 7138 7140 7141
f 4298 7140 4299
f 7143 7145 7146
f 7147 7144 7149
f 7149 7151 7147
f 7150 7153 7151
f 6329 7154 7152
f 6261 7155 7154
f 7156 7157 7158
f 6598 7159 7160
f 6257 7161 7162
f 6256 4321 7161
f 6693 6706 6705
f 5954 6705 6706
f 5953 5969 5954
f 7163 5983 6912
f 7164 6138 7166
f 7167 7169 7170
f 6141 7172 6142
f 7166 7173 7164
f 6141 7174 7175
f 7176 7178 7179
f 7180 7182 7183
f 7184 7186 7187
f 6631 7183 7188
f 6218 6197 6698
f 6625 7189 6624
f 6814 7190 7191
f 6882 7193 7194
f 7195 6109 6108
f 6888 7198 7199
f 7200 7202 7203
f 7176 6630 7204
f 6029 7187 6030
f 7205 7207 7208
f 7209 7211 7212
f 7203 7213 7214
f 6886 6778 6723
f 6031 7215 6886
f 7216 7218 7219
f 7220 6880 6669
f 6076 7220 7222
f 6074 6672 6671
f 6147 6662 7223
f 7223 6111 6110
f 6810 6113 6112
f 6920 6914 6591
f 6077 6675 6672
f 6660 6076 6661
f 7222 6669 6181
f 7224 6181 6180
f 6660 6150 6675
f 7225 6794 6915
f 6783 7225 6164
f 6781 6068 6067
f 7217 7228 7218
f 6031 7199 6028
f 6887 6723 6722
f 6164 6915 6165
f 6780 6591 6068
f 7134 6671 6914
f 7229 6824 6823
f 7187 7230 7229
f 7226 6722 6794
f 7231 6169 7233
f 7201 7233 7202
f 6107 7235 7200
f 7215 6823 6778
f 6030 7229 7215
f 7236 7219 7179
f 7237 6820 6819
f 7237 7207 7238
f 7239 7241 7242
f 6739 7244 6736
f 7245 7242 7246
f 7233 6168 7247
f 7247 7202 7233
f 7195 7203 7214
f 7248 7250 6703
f 7227 7252 7228
f 7253 5998 7251
f 6067 7198 6781
f 6781 7197 6782
f 5984 6683 5986
f 7254 6678 6684
f 6679 7252 5997
f 6887 7197 6888
f 6782 7226 7225
f 7135 6163 7221
f 7221 6075 7135
f 6661 7222 7224
f 7224 6111 6661
f 6180 6112 7224
f 6179 6810 6180
f 6811 6793 6649
f 6650 6622 6769
f 6766 7044 7095
f 7095 7043 7092
f 7092 7121 7081
f 7078 7255 7033
f 7256 7257 7258
f 6768 7259 6647
f 6773 7094 7090
f 7090 7093 7089
f 7089 7080 7073
f 7071 7032 7260
f 7077 6998 7074
f 6995 7260 6996
f 7077 7261 7035
f 7035 7018 7077
f 7108 7111 7255
f 6978 7262 7001
f 7105 7264 7262
f 7263 6952 7264
f 6990 6951 7265
f 6972 7266 7265
f 7117 6950 7266
f 6948 7267 6949
f 6969 6982 7267
f 7103 6987 6983
f 7005 6986 7268
f 6999 7268 7000
f 7269 7271 7272
f 7274 7275 7273
f 7274 7276 7277
f 7278 7280 7281
f 7282 7284 7285
f 7286 7288 7289
f 7290 7292 7293
f 7294 7296 7293
f 7068 7298 7299
f 7300 7302 7303
f 7304 7305 7306
f 7307 7305 7308
f 7309 7283 7310
f 7311 7313 7314
f 7125 7306 7315
f 7285 7280 7282
f 7277 7303 7302
f 6965 7316 7317
f 7318 7316 7319
f 7320 7271 7314
f 7312 7296 7313
f 7270 7298 7322
f 7311 7322 7317
f 6961 7300 7308
f 7323 7325 7326
f 7327 7328 7329
f 7064 7325 7328
f 7287 7292 7288
f 6931 7299 7301
f 7331 7329 7319
f 7332 7334 7335
f 7336 7338 7339
f 7340 7333 7332
f 7342 7343 7344
f 7345 7347 7344
f 7348 7350 7351
f 7352 7354 7355
f 7356 7358 7359
f 7360 7362 7363
f 7365 7367 7364
f 7368 7370 7371
f 7372 7336 7374
f 7373 7337 7336
f 7367 7376 7377
f 7378 7380 7381
f 7382 7384 7385
f 7386 7385 7384
f 7388 7390 7391
f 7392 7333 7393
f 7394 7396 7397
f 7398 7400 7401
f 7402 7404 7405
f 7406 7408 7409
f 7410 7383 7382
f 7412 7414 7415
f 7385 7417 7382
f 7389 7419 7390
f 7373 7421 7375
f 7420 7372 7422
f 7369 7424 7370
f 7399 7397 7425
f 7393 7341 7342
f 7398 7357 7426
f 7358 7401 7427
f 7428 7430 7431
f 7433 7435 7432
f 7363 7436 7437
f 7383 7439 7384
f 7411 7438 7383
f 7441 7443 7444
f 7445 7339 7447
f 7374 7339 7446
f 7444 7364 7448
f 7448 7450 7449
f 7364 7451 7450
f 7451 7377 7452
f 7449 7454 7453
f 7455 7450 7451
f 7456 7451 7452
f 7410 7458 7459
f 7460 7462 7369
f 7423 7462 7463
f 7464 7466 7467
f 7468 7347 7470
f 7376 7471 7472
f 7425 7396 7473
f 7475 7477 7474
f 7478 7480 7481
f 7482 7407 7406
f 7484 7351 7486
f 7487 7488 7489
f 7490 7492 7493
f 7412 7434 7433
f 7494 7434 7415
f 7496 7391 7497
f 7440 7498 7499
f 7401 7488 7500
f 7485 7345 7501
f 7500 7427 7401
f 7395 7469 7468
f 7503 7505 7506
f 7507 7509 7510
f 7511 7513 7514
f 7511 7515 7516
f 7517 7519 7520
f 7521 7523 7355
f 7352 7525 7526
f 7415 7527 7494
f 7528 7530 7486
f 7404 7502 7500
f 7477 7496 7532
f 7512 7481 7513
f 7405 7500 7488
f 7533 7535 7536
f 7378 7510 7537
f 7532 7379 7538
f 7539 7541 7542
f 7524 7355 7523
f 7351 7501 7348
f 7414 7523 7527
f 7522 7527 7523
f 7544 7412 7545
f 7546 7547 7548
f 7526 7353 7352
f 7550 7355 7354
f 7521 7551 7548
f 7552 7548 7551
f 7546 7553 7554
f 7522 7548 7547
f 7418 7520 7555
f 7416 7554 7417
f 7457 7558 7458
f 7557 7560 7558
f 7535 7561 7562
f 7562 7563 7564
f 7564 7349 7348
f 7351 7565 7486
f 7567 7569 7566
f 7570 7520 7519
f 7419 7555 7571
f 7572 7348 7501
f 7389 7556 7418
f 7573 7493 7480
f 7552 7534 7553
f 7562 7536 7535
f 7572 7576 7574
f 7422 7578 7420
f 7423 7580 7424
f 7579 7463 7581
f 7578 7576 7582
f 7583 7381 7380
f 7586 7581 7585
f 7533 7579 7586
f 7447 7338 7587
f 7588 7531 7589
f 7590 7431 7591
f 7321 7592 7585
f 7275 7463 7273
f 7461 7276 7462
f 7279 7461 7453
f 7453 7593 7279
f 7594 7454 7455
f 7330 7498 7459
f 7459 7294 7330
f 7558 7595 7295
f 7560 7320 7595
f 7275 7585 7581
f 7462 7273 7463
f 7596 7380 7497
f 7597 7406 7409
f 7467 7599 7600
f 7601 7603 7604
f 7605 7444 7443
f 7365 7606 7366
f 7607 7494 7608
f 7513 7473 7396
f 7396 7514 7513
f 7514 7468 7515
f 7470 7515 7468
f 7610 7609 7470
f 7612 7476 7475
f 7613 7529 7614
f 7442 7615 7616
f 7343 7617 7618
f 7574 7577 7536
f 7619 7399 7491
f 7518 7509 7519
f 7491 7425 7492
f 7549 7621 7565
f 7491 7622 7619
f 7377 7440 7452
f 7379 7497 7380
f 7453 7460 7449
f 7411 7459 7498
f 7623 7391 7390
f 7625 7610 7484
f 7487 7483 7626
f 7619 7408 7489
f 7627 7620 7549
f 7538 7378 7537
f 7389 7477 7476
f 7629 7412 7433
f 7489 7407 7487
f 7628 7598 7597
f 7413 7524 7414
f 7592 7559 7630
f 7584 7632 7381
f 7569 7633 7571
f 7570 7566 7569
f 7631 7566 7632
f 7508 7519 7509
f 7614 7480 7613
f 7346 7470 7347
f 7572 7562 7564
f 7571 7634 7419
f 7346 7484 7610
f 7607 7431 7495
f 7585 7630 7586
f 7624 7497 7391
f 7635 7384 7439
f 7636 7502 7588
f 7323 7310 7289
f 7420 7582 7421
f 7637 7455 7456
f 7287 7499 7498
f 7458 7295 7294
f 7439 7472 7635
f 7599 7604 7600
f 7359 7427 7636
f 7436 7639 7437
f 7490 7640 7622
f 7481 7493 7473
f 7641 7505 7525
f 7642 7627 7644
f 7492 7473 7493
f 7517 7625 7530
f 7625 7486 7530
f 7634 7390 7419
f 7474 7532 7516
f 7448 7441 7444
f 7368 7449 7460
f 7615 7368 7371
f 7638 7602 7639
f 7575 7501 7345
f 7571 7570 7569
f 7400 7489 7488
f 7508 7632 7566
f 7503 7540 7539
f 6957 7315 7326
f 7376 7438 7377
f 7507 7381 7632
f 7499 7452 7440
f 7286 7456 7499
f 7504 7644 7505
f 7368 7460 7369
f 7645 7627 7643
f 7647 7633 7646
f 7647 7623 7634
f 7649 7623 7648
f 7650 7624 7649
f 7646 7568 7651
f 7651 7567 7652
f 7653 7567 7631
f 7651 7655 7646
f 7656 7658 7659
f 7660 7657 7661
f 7663 7656 7662
f 7664 7663 7666
f 7667 7663 7662
f 7667 7668 7655
f 7663 7661 7657
f 7670 7672 7669
f 7661 7671 7660
f 7659 7662 7656
f 7648 7668 7659
f 7648 7673 7649
f 7659 7674 7673
f 7658 7675 7674
f 7668 7646 7655
f 7660 7676 7675
f 7675 7678 7674
f 7677 7676 7679
f 7677 7681 7678
f 7682 7678 7681
f 7677 7684 7680
f 7673 7678 7683
f 7683 7649 7673
f 7685 7671 7670
f 7667 7686 7666
f 7666 7687 7664
f 7654 7686 7655
f 7689 7686 7688
f 7664 7691 7690
f 7650 7583 7596
f 7693 7631 7584
f 7584 7692 7693
f 7693 7682 7694
f 7694 7681 7695
f 7694 7653 7693
f 7650 7682 7692
f 7696 7652 7653
f 7654 7652 7697
f 7688 7697 7698
f 7699 7697 7696
f 7700 7698 7699
f 7695 7696 7694
f 7699 7702 7700
f 7689 7698 7701
f 7689 7703 7704
f 7705 7707 7703
f 7701 7705 7703
f 7704 7707 7685
f 7685 7691 7704
f 7687 7704 7691
f 7680 7695 7681
f 7684 7702 7680
f 7702 7705 7700
f 7684 7707 7706
f 7676 7707 7679
f 7665 7672 7661
f 7670 7690 7691
f 7665 7690 7669
f 7611 7474 7609
f 7510 7479 7478
f 7511 7537 7512
f 7516 7538 7511
f 7517 7613 7518
f 7537 7478 7512
f 7611 7612 7475
f 7613 7479 7518
f 7556 7517 7520
f 7516 7609 7474
f 7708 7710 7711
f 7712 7714 7715
f 7713 7717 7714
f 7719 7721 7718
f 7722 7597 7409
f 7724 7715 7725
f 7726 7728 7729
f 7731 7573 7730
f 7730 7614 7732
f 7733 7735 7736
f 7721 7724 7737
f 7731 7409 7640
f 7708 7729 7738
f 7737 7709 7739
f 7716 7736 7740
f 7742 7744 7745
f 7740 7735 7746
f 7717 7740 7747
f 7716 7720 7741
f 7748 7711 7710
f 7750 7710 7725
f 7720 7751 7741
f 7734 7728 7735
f 7709 7725 7710
f 7752 7715 7714
f 7739 7708 7738
f 7720 7712 7721
f 7749 7755 7711
f 7745 7756 7747
f 7746 7742 7745
f 7743 7755 7754
f 7727 7735 7728
f 7747 7757 7717
f 7753 7725 7715
f 7751 7620 7733
f 7757 7714 7717
f 7718 7737 7732
f 7747 7746 7745
f 7727 7755 7742
f 7726 7711 7755
f 7759 7756 7758
f 7759 7752 7757
f 7760 7753 7752
f 7761 7750 7753
f 7758 7744 7763
f 7763 7743 7764
f 7754 7764 7743
f 7763 7767 7758
f 7768 7770 7771
f 7772 7771 7773
f 7775 7772 7774
f 7776 7775 7778
f 7779 7775 7774
f 7775 7769 7768
f 7770 7781 7780
f 7782 7772 7773
f 7760 7782 7773
f 7760 7783 7761
f 7773 7784 7783
f 7770 7784 7771
f 7779 7782 7767
f 7782 7758 7767
f 7785 7780 7786
f 7785 7788 7784
f 7787 7786 7789
f 7787 7791 7788
f 7792 7788 7791
f 7787 7794 7790
f 7793 7784 7788
f 7762 7783 7793
f 7796 7780 7795
f 7795 7781 7797
f 7779 7798 7778
f 7799 7778 7798
f 7766 7798 7767
f 7800 7799 7798
f 7802 7799 7803
f 7795 7802 7803
f 7762 7748 7750
f 7805 7754 7749
f 7749 7804 7805
f 7805 7792 7806
f 7806 7791 7807
f 7806 7765 7805
f 7793 7804 7762
f 7808 7764 7765
f 7766 7764 7809
f 7766 7810 7800
f 7811 7809 7808
f 7812 7810 7811
f 7807 7808 7806
f 7811 7814 7812
f 7813 7800 7810
f 7801 7815 7816
f 7817 7819 7815
f 7813 7817 7815
f 7816 7819 7796
f 7796 7803 7816
f 7799 7816 7803
f 7790 7807 7791
f 7794 7814 7790
f 7814 7817 7812
f 7794 7819 7818
f 7786 7819 7789
f 7777 7781 7769
f 7777 7802 7797
f 7528 7718 7529
f 7729 7723 7722
f 7738 7730 7739
f 7732 7739 7730
f 7733 7628 7734
f 7722 7738 7729
f 7621 7719 7528
f 7628 7723 7734
f 7733 7741 7751
f 7732 7529 7718
f 7486 7621 7528
f 7549 7350 7353
f 7353 7349 7354
f 7354 7563 7550
f 7821 7823 7820
f 7824 7826 7827
f 7825 7829 7826
f 7830 7832 7833
f 7834 7827 7835
f 7836 7838 7839
f 7840 7406 7841
f 7841 7598 7842
f 7843 7845 7846
f 7833 7834 7847
f 7848 7836 7839
f 7847 7821 7849
f 7828 7846 7850
f 7853 7855 7852
f 7850 7845 7856
f 7829 7850 7857
f 7828 7832 7851
f 7858 7823 7822
f 7860 7822 7835
f 7831 7851 7832
f 7844 7838 7845
f 7834 7822 7821
f 7863 7827 7826
f 7849 7820 7848
f 7825 7833 7832
f 7859 7866 7823
f 7855 7867 7857
f 7837 7855 7856
f 7865 7852 7866
f 7837 7845 7838
f 7857 7868 7829
f 7864 7835 7827
f 7843 7642 7504
f 7868 7826 7829
f 7830 7847 7842
f 7857 7856 7855
f 7837 7866 7852
f 7836 7823 7866
f 7870 7867 7869
f 7870 7863 7868
f 7871 7864 7863
f 7872 7860 7864
f 7869 7854 7874
f 7874 7853 7875
f 7876 7853 7865
f 7874 7878 7869
f 7879 7881 7882
f 7883 7882 7884
f 7886 7883 7885
f 7887 7886 7889
f 7890 7886 7885
f 7886 7880 7879
f 7891 7880 7892
f 7884 7885 7883
f 7871 7893 7884
f 7871 7894 7872
f 7884 7895 7894
f 7882 7896 7895
f 7890 7893 7878
f 7893 7869 7878
f 7881 7897 7896
f 7898 7895 7896
f 7900 7896 7897
f 7901 7899 7898
f 7904 7902 7903
f 7898 7905 7901
f 7894 7899 7904
f 7904 7872 7894
f 7907 7891 7906
f 7906 7892 7908
f 7890 7909 7889
f 7910 7889 7909
f 7877 7909 7878
f 7912 7909 7911
f 7887 7914 7913
f 7906 7913 7914
f 7873 7858 7860
f 7916 7865 7859
f 7859 7915 7916
f 7916 7903 7917
f 7917 7902 7918
f 7917 7876 7916
f 7873 7903 7915
f 7919 7875 7876
f 7877 7875 7920
f 7911 7920 7921
f 7922 7920 7919
f 7923 7921 7922
f 7918 7919 7917
f 7922 7925 7923
f 7924 7911 7921
f 7912 7926 7927
f 7928 7930 7926
f 7924 7928 7926
f 7927 7930 7907
f 7907 7914 7927
f 7910 7927 7914
f 7901 7918 7902
f 7905 7925 7901
f 7925 7928 7923
f 7905 7930 7929
f 7897 7930 7900
f 7888 7892 7880
f 7888 7913 7908
f 7645 7831 7830
f 7839 7862 7931
f 7841 7848 7840
f 7842 7849 7841
f 7504 7844 7843
f 7839 7840 7848
f 7643 7861 7831
f 7503 7862 7844
f 7846 7861 7843
f 7842 7645 7830
f 7932 7934 7935
f 7936 7938 7939
f 7937 7941 7938
f 7942 7944 7945
f 7947 7949 7946
f 7950 7939 7951
f 7953 7955 7952
f 7956 7958 7959
f 7956 7540 7960
f 7962 7964 7961
f 7936 7965 7945
f 7946 7958 7957
f 7966 7952 7955
f 7965 7933 7967
f 7968 7969 7964
f 7970 7972 7973
f 7974 7964 7963
f 7941 7968 7975
f 7940 7944 7969
f 7976 7935 7934
f 7978 7934 7951
f 7943 7969 7944
f 7947 7963 7962
f 7933 7951 7934
f 7980 7939 7938
f 7967 7932 7966
f 7937 7945 7944
f 7977 7983 7935
f 7973 7984 7975
f 7953 7973 7974
f 7982 7970 7983
f 7974 7954 7953
f 7975 7985 7941
f 7981 7951 7939
f 7961 7544 7545
f 7985 7938 7941
f 7942 7965 7960
f 7975 7974 7973
f 7952 7970 7953
f 7952 7935 7983
f 7987 7984 7986
f 7987 7980 7985
f 7988 7981 7980
f 7989 7978 7981
f 7986 7972 7991
f 7991 7971 7992
f 7993 7971 7982
f 7986 7994 7995
f 7997 7999 7996
f 8000 7999 8001
f 8003 8000 8002
f 8005 8006 8004
f 8007 8003 8002
f 7996 8005 7997
f 7998 8009 8008
f 8010 8000 8001
f 7988 8010 8001
f 7988 8011 7989
f 8011 7999 8012
f 7998 8012 7999
f 8007 8010 7995
f 8010 7986 7995
f 8013 8008 8014
f 8015 8012 8013
f 8017 8013 8014
f 8018 8016 8015
f 8021 8019 8020
f 8015 8022 8018
f 8011 8016 8021
f 8021 7989 8011
f 8023 8014 8008
f 8023 8009 8025
f 8007 8026 8006
f 8026 8004 8006
f 8028 7995 7994
f 8029 8026 8028
f 8030 8027 8031
f 8023 8030 8031
f 7990 7976 7978
f 8033 7982 7977
f 7976 8033 7977
f 8034 8032 8020
f 8035 8020 8019
f 8034 7993 8033
f 7990 8020 8032
f 8036 7992 7993
f 7991 8037 7994
f 7994 8038 8028
f 8039 8037 8036
f 8040 8038 8039
f 8035 8036 8034
f 8039 8042 8040
f 8041 8028 8038
f 8029 8043 8044
f 8045 8047 8043
f 8041 8045 8043
f 8044 8047 8024
f 8024 8031 8044
f 8027 8044 8031
f 8042 8019 8018
f 8022 8042 8018
f 8042 8045 8040
f 8017 8046 8022
f 8014 8047 8017
f 8005 8009 7997
f 8005 8030 8025
f 7506 7943 7942
f 7954 7946 7955
f 7967 7957 7956
f 7960 7967 7956
f 7948 7962 8048
f 7955 7957 7966
f 7641 7979 7943
f 7969 7961 7964
f 7960 7506 7942
f 7362 8050 7436
f 8052 7464 8051
f 8051 7467 8053
f 8054 7600 7604
f 8056 7618 8052
f 7436 8057 7638
f 8049 7361 8056
f 8057 7603 7638
f 8055 7467 7600
f 8058 7604 7603
f 8059 8058 8057
f 8060 8054 8058
f 8061 8055 8054
f 8062 8053 8055
f 8059 8050 8064
f 8064 8049 8065
f 8056 8065 8049
f 8059 8067 8068
f 8069 8071 8072
f 8073 8072 8074
f 8075 8073 8076
f 8077 8075 8076
f 8075 8070 8069
f 8079 8081 8070
f 8082 8070 8081
f 8083 8073 8074
f 8061 8083 8074
f 8061 8084 8062
f 8074 8085 8084
f 8072 8086 8085
f 8077 8083 8068
f 8083 8059 8068
f 8071 8087 8086
f 8088 8085 8086
f 8090 8086 8087
f 8091 8089 8088
f 8094 8092 8093
f 8088 8095 8091
f 8084 8089 8094
f 8094 8062 8084
f 8097 8082 8096
f 8096 8081 8080
f 8077 8098 8078
f 8099 8078 8098
f 8101 8068 8067
f 8102 8098 8101
f 8100 8104 8103
f 8096 8103 8104
f 8075 8100 8079
f 8079 8103 8080
f 8105 8053 8063
f 8066 8052 8106
f 8051 8106 8052
f 8107 8105 8093
f 8108 8093 8092
f 8107 8066 8106
f 8063 8093 8105
f 8109 8065 8066
f 8064 8110 8067
f 8067 8111 8101
f 8112 8110 8109
f 8113 8111 8112
f 8108 8109 8107
f 8112 8115 8113
f 8114 8101 8111
f 8102 8116 8117
f 8118 8120 8116
f 8114 8118 8116
f 8117 8120 8097
f 8097 8104 8117
f 8099 8117 8104
f 8091 8108 8092
f 8095 8115 8091
f 8115 8118 8113
f 8095 8120 8119
f 8087 8120 8090
f 7550 7561 7551
f 7552 7561 7535
f 7931 7539 7542
f 7640 7408 7622
f 7549 7644 7627
f 7525 7544 7641
f 7931 7482 7840
f 7483 7542 7541
f 7626 7405 7487
f 7629 7432 8121
f 7629 7949 7948
f 8122 7949 8121
f 8123 8121 7432
f 8124 7432 7435
f 7434 8125 7435
f 8125 8124 7435
f 8124 7429 8126
f 8123 8126 8127
f 8122 8127 8128
f 7541 7959 8128
f 7404 8129 7531
f 8125 7431 7430
f 7526 7505 7644
f 7626 7541 8128
f 7959 8122 8128
f 7961 8048 7962
f 7629 8048 7545
f 8127 7626 8128
f 7402 8126 7403
f 8129 8126 7429
f 7428 8129 7429
f 7589 7428 7590
f 7471 7366 7606
f 7334 7426 7357
f 7335 7357 7356
f 7616 7446 7445
f 7392 7398 7426
f 7393 7397 7392
f 7342 7394 7393
f 7344 7469 7342
f 7343 7361 7360
f 7360 7344 7343
f 7363 7345 7360
f 7437 7575 7363
f 7582 7437 7639
f 7421 7639 7602
f 7375 7602 7601
f 7599 7375 7601
f 7465 7618 7617
f 7332 7587 7340
f 7447 7335 7445
f 7445 7356 7616
f 7359 7616 7356
f 7636 7442 7359
f 7588 7443 7636
f 7589 7605 7588
f 7590 7606 7589
f 7471 7591 7472
f 7446 7371 7374
f 7371 7372 7374
f 7422 7370 7424
f 7577 7424 7580
f 7536 7580 7533
f 7591 7635 7472
f 7607 7386 7635
f 7543 7494 7527
f 7547 7543 7522
f 7608 7387 7386
f 7387 7416 7385
f 7457 7382 7417
f 7557 7417 7554
f 7559 7554 7553
f 7630 7553 7534
f 7534 7586 7630
f 7466 7337 7599
f 7465 7338 7466
f 7617 7587 7465
f 7341 7617 7343
f 8130 6090 8131
f 6023 8132 8133
f 6182 8133 6784
f 6623 6792 6185
f 6787 6182 6784
f 8134 6696 6787
f 6917 6756 8135
f 6762 7112 6763
f 6762 6184 6759
f 6765 6185 6184
f 6650 6768 6647
f 6772 6916 7259
f 6777 6789 6788
f 6022 6788 8132
f 6756 8134 8135
f 6758 6771 6770
f 6761 6775 7112
f 6769 6621 6766
f 6772 6767 6773
f 6174 6760 6759
f 6187 6178 6670
f 6811 6648 6812
f 6786 6724 6779
f 6791 6918 6885
f 6186 6179 6178
f 6808 8133 8132
f 6884 8135 8134
f 6174 6670 6171
f 6807 6784 8133
f 6791 8132 6788
f 6786 8134 6787
f 6790 6172 6918
f 6649 6792 6650
f 6316 8136 6717
f 8137 6654 8138
f 8139 6601 6160
f 6656 6580 6870
f 6868 8142 6865
f 6316 6711 6313
f 6864 8144 6861
f 6864 8145 6860
f 6868 6869 6710
f 6656 6866 6653
f 8146 8148 8149
f 8139 8151 6640
f 8152 6866 6865
f 8154 8138 6654
f 6874 8156 8157
f 8158 8159 6805
f 8160 6865 8142
f 8161 6313 6711
f 6161 8162 8163
f 8164 6654 6653
f 8153 6653 6866
f 8165 8167 8168
f 8166 8169 8167
f 5989 8170 8169
f 5988 8171 8170
f 8172 6043 6042
f 8174 6032 6035
f 8174 6098 8176
f 8176 6796 8177
f 8177 8178 8179
f 7132 6728 7133
f 6589 8180 7136
f 8180 6004 8181
f 8181 6007 8182
f 6334 6731 6734
f 6079 6645 6731
f 6078 6646 6645
f 6085 8184 6646
f 6091 8185 6093
f 6086 8183 6085
f 6950 7118 7070
f 6952 6992 7127
f 6983 6968 7103
f 6987 7004 7099
f 7001 6979 6978
f 7001 7074 6998
f 7262 7075 7074
f 7264 7127 7075
f 7265 6943 6972
f 7265 6991 6990
f 7266 7070 6991
f 6949 7119 7118
f 7267 6939 7119
f 6983 7099 6940
f 7268 6985 8186
f 7000 8186 6979
f 6938 6985 6984
f 6946 6922 6921
f 6956 6948 6947
f 6971 6928 6927
f 6970 6954 6928
f 6973 6921 6925
f 6977 7263 7105
f 6981 7061 7060
f 6973 7117 6972
f 7097 6979 8186
f 7104 6927 7101
f 6977 7060 6974
f 6976 6944 7263
f 6956 7066 6953
f 6937 8186 6985
f 6938 7101 6935
f 6924 7116 7297
f 6926 7297 7068
f 6930 6962 7304
f 6934 6953 7066
f 6960 6936 6935
f 6963 6928 6954
f 6967 6975 6974
f 7063 7327 7331
f 6959 7096 6936
f 6926 7066 6925
f 7102 7304 7125
f 6967 7331 6964
f 6966 6922 6975
f 7062 7064 7327
f 6963 6932 6961
f 7102 6935 7101
f 7299 7269 8187
f 7301 6932 6931
f 7306 7285 7284
f 7308 6962 6961
f 7315 7284 7309
f 7317 7312 7311
f 7319 6964 7331
f 7322 7297 7116
f 7317 7116 6965
f 7308 7303 7307
f 7326 6958 6957
f 7329 7291 7290
f 7328 7324 7291
f 7301 8187 7302
f 7319 7290 7318
f 7326 7309 7323
f 7272 7321 7275
f 7272 8187 7269
f 7274 7302 8187
f 7281 7307 7303
f 7283 7593 7594
f 7289 7324 7323
f 7293 7330 7294
f 7293 7318 7290
f 7310 7594 7637
f 7314 7595 7320
f 7282 7279 7593
f 7278 7277 7276
f 7314 7270 7311
f 7313 7295 7595
f 7288 7291 7324
f 7289 7637 7286
f 6003 6626 6136
f 6003 7165 6000
f 6690 8189 6691
f 6686 5981 5980
f 6685 6096 5981
f 6687 6806 6096
f 6002 5980 6626
f 6606 5351 5350
f 7164 8190 8191
f 8192 7174 8193
f 6015 8153 8152
f 6189 8155 8154
f 8157 6284 6283
f 6332 8152 8160
f 6593 6317 8161
f 6658 8154 8164
f 6014 8164 8153
f 6332 7131 6333
f 6805 6321 6052
f 6146 8162 6625
f 6607 8195 6604
f 8196 6125 8197
f 8198 7168 8199
f 8199 6633 8200
f 7177 8201 7178
f 8202 8204 8205
f 7208 7185 7205
f 7237 7186 7208
f 6819 7230 7237
f 6818 6824 6819
f 8206 6821 6818
f 8207 8135 8208
f 6917 8209 6916
f 8209 7259 6916
f 8210 6647 7259
f 6812 8212 7258
f 6809 7258 7257
f 6809 8213 6113
f 6113 8214 6110
f 7235 6110 8214
f 7223 7234 6147
f 6147 8215 6148
f 6148 8216 6153
f 8218 6158 8217
f 8219 6116 6119
f 6284 6116 6285
f 6188 8156 8155
f 8155 6873 8138
f 8138 6872 8137
f 8137 8148 6581
f 6193 6281 6190
f 6190 6278 6195
f 8220 8222 8223
f 8224 7139 7138
f 6223 8226 8227
f 6237 8228 8229
f 6238 8227 8230
f 6249 8231 8232
f 6253 8233 8234
f 6236 8221 8228
f 6331 8230 8235
f 6252 8236 8233
f 6222 8229 8226
f 6828 8237 8238
f 6280 8240 8241
f 8208 6883 8206
f 6648 8211 8212
f 6143 8242 8243
f 6624 8244 8242
f 8245 8247 8248
f 8249 8251 8252
f 7195 8254 7196
f 7214 8253 7195
f 8256 7214 7213
f 7243 8257 7244
f 7210 8257 7211
f 8259 6102 8260
f 8261 6121 8262
f 8178 8263 8179
f 7132 8264 8263
f 6797 8265 8264
f 6135 8266 8265
f 6134 8267 8266
f 6151 8268 8267
f 6154 8270 8268
f 8269 8272 8270
f 7194 8273 8274
f 7193 8275 8273
f 8249 8260 8276
f 8248 8278 8245
f 6129 8279 8280
f 7169 8197 6125
f 8198 8192 8197
f 7171 7175 7173
f 6589 7129 6587
f 6801 6040 7129
f 6037 6041 6040
f 6036 6659 6041
f 6131 6118 6659
f 6156 6119 6118
f 8218 6119 6155
f 8219 6815 6642
f 7191 6641 6814
f 8246 7189 7191
f 8245 8281 8282
f 8280 6288 6287
f 6125 7170 7169
f 6288 6602 6123
f 6126 6604 8195
f 8196 6605 6604
f 7174 6691 8189
f 6691 6139 6692
f 7171 8283 7172
f 7172 8284 6142
f 6139 8284 6692
f 8285 8287 8288
f 8211 8289 8286
f 8290 8292 8289
f 8293 8291 8290
f 8293 8208 8295
f 8296 8298 8295
f 6818 8296 8206
f 8285 7258 8212
f 7243 7212 7211
f 7243 8300 8299
f 8301 6739 6738
f 8302 7213 7247
f 8303 7247 6168
f 8304 6168 6167
f 6738 8297 8301
f 8288 6167 6170
f 8304 8291 8305
f 8305 8294 6737
f 6737 8306 8305
f 6736 8307 8306
f 8243 8308 8309
f 8242 8282 8308
f 8247 7191 7190
f 7196 8251 7192
f 8253 8311 8254
f 8255 8310 8253
f 8313 8255 8256
f 7244 8313 8307
f 8313 8258 8312
f 8312 8314 8310
f 8315 8310 8314
f 8311 8316 8252
f 8282 8317 8308
f 8308 8261 8309
f 8309 8262 8318
f 8248 8275 8276
f 8282 8246 8245
f 8307 8256 8302
f 8306 8302 8303
f 8305 8303 8304
f 8298 6737 8294
f 8287 8304 6167
f 7253 7199 7198
f 8319 6028 7199
f 8320 6029 6028
f 8321 7184 6029
f 8322 7185 7184
f 8203 7205 7185
f 8202 7206 7205
f 7239 7210 7209
f 7251 8319 7253
f 7227 8320 8319
f 7217 8321 8320
f 7216 8322 8321
f 7236 8203 8322
f 6175 8200 7204
f 7165 8191 6177
f 6137 7166 6138
f 6200 8283 6137
f 6199 8284 8283
f 8284 6205 6692
f 6205 6689 6692
f 6689 5485 3833
f 7009 8323 7107
f 7013 7021 7020
f 7017 7029 7028
f 7013 7110 7010
f 7073 7084 7089
f 7081 7093 7092
f 7082 7028 7025
f 7088 6995 6994
f 7088 7057 7085
f 7122 7043 7042
f 7124 7024 7126
f 7082 7024 7123
f 7009 7042 7006
f 7012 7126 7021
f 7115 7015 7057
f 7008 7058 8323
f 7081 7120 7078
f 7073 7079 7071
f 6997 7076 7113
f 7023 6942 6941
f 7027 7069 7038
f 7031 6989 6988
f 7079 7033 7032
f 7037 7107 8323
f 7027 7126 7024
f 7041 7029 7114
f 7026 6988 7069
f 7100 6941 7098
f 7108 7002 7019
f 7100 8323 7058
f 6997 7114 6994
f 7022 7039 6942
f 7111 7033 7255
f 7035 7260 7032
f 7261 6996 7260
f 7108 7120 7106
f 7245 8258 7210
f 7246 8314 7245
f 7181 8316 7182
f 8277 6129 8278
f 8278 8280 8281
f 6287 8281 8280
f 6122 8317 6287
f 5487 6144 5488
f 5489 6162 5490
f 6637 8325 8326
f 8326 8225 8224
f 5494 8225 5495
f 6160 8150 8139
f 5496 8151 5497
f 8163 6162 6161
f 6146 8327 8163
f 8243 6144 6143
f 8328 8309 8318
f 8318 5501 5500
f 8262 5502 5501
f 8329 8331 8332
f 8333 8335 8336
f 8338 6007 8337
f 8329 8339 8340
f 8341 6734 8330
f 6006 8337 6007
f 8342 6804 6800
f 6065 8339 8343
f 5995 8341 8340
f 6918 6166 6165
f 7221 6166 6880
f 6172 6880 6166
f 8344 5955 6713
f 5519 5975 5520
f 6806 8346 6695
f 6646 8347 6643
f 8165 8349 6323
f 6322 8131 6090
f 8345 6688 8351
f 6695 5975 5974
f 5976 5528 6713
f 5529 8131 5530
f 6643 8352 8168
f 8183 5532 8184
f 5534 8130 5529
f 6730 5533 8183
f 8351 6093 8185
f 5535 6594 3856
f 8353 6652 6651
f 8354 8355 8356
f 8357 6825 6202
f 8359 6202 6201
f 6224 8356 8360
f 6275 8362 6276
f 6201 7143 8359
f 7146 8359 7143
f 8357 8363 8364
f 8355 8366 8367
f 8361 8368 8362
f 8356 8367 8369
f 8370 8372 7142
f 8220 7145 8374
f 6275 6228 6231
f 5558 6228 6274
f 8375 8367 8366
f 8362 8376 8377
f 8378 8380 8381
f 8363 8382 8383
f 8384 8381 8385
f 8382 8386 8385
f 8383 8364 8363
f 6226 6231 6230
f 6231 8361 6275
f 6636 8389 8379
f 6635 8388 6636
f 8390 5576 5575
f 8379 6232 6636
f 8378 6233 6232
f 8384 8371 6233
f 8372 8393 7141
f 7138 8239 8224
f 8224 8394 8326
f 8146 8394 6282
f 6638 8326 8394
f 6340 6299 6298
f 6747 6577 6576
f 6344 6346 6345
f 6342 6355 6303
f 6353 6349 6297
f 6337 6369 8395
f 6360 6328 6327
f 6358 6386 6385
f 6364 6293 6295
f 6362 6376 6373
f 6366 6297 6296
f 6350 6372 6370
f 6533 6303 6302
f 6534 6346 6343
f 6744 6533 6302
f 6536 6747 6576
f 6357 6894 6386
f 6341 6832 6355
f 6839 6292 6291
f 6837 6380 6379
f 6838 6354 6292
f 6361 6377 6376
f 6363 6296 6293
f 6365 6373 6372
f 6359 6291 6328
f 6836 6385 6380
f 6481 6902 6544
f 6484 6501 6500
f 6477 6487 6474
f 6849 6492 6491
f 6494 6467 6466
f 6547 6544 6543
f 6750 6546 6547
f 6494 6751 6750
f 6843 6500 6846
f 6845 6575 6843
f 6489 6847 6853
f 6474 6491 6490
f 6483 6906 6501
f 6493 6465 6490
f 6471 6544 6902
f 6472 6485 6473
f 6476 6461 6460
f 6470 6542 6545
f 6570 6569 6749
f 6495 6463 6493
f 6475 6462 6461
f 6572 6477 6476
f 6574 6457 6456
f 6569 6543 6545
f 6575 6473 6485
f 6471 6901 6448
f 6469 6508 6513
f 6498 6479 6478
f 6503 6518 6517
f 6489 6505 6486
f 6467 6509 6468
f 6546 6498 6478
f 6549 6752 6753
f 6752 6466 6469
f 6503 6846 6500
f 6850 6844 6846
f 6507 6852 6525
f 6486 6509 6849
f 6502 6909 6518
f 6858 6664 6307
f 8396 6611 6610
f 6833 6324 6216
f 8399 6825 8400
f 6831 8401 8402
f 6707 6826 8399
f 8398 6890 6324
f 6858 8404 6554
f 8405 6610 6876
f 6830 6553 8401
f 8397 6911 6611
f 8400 8358 8365
f 8358 8364 8406
f 8406 8387 8407
f 8389 8380 8379
f 8389 8409 8377
f 8388 8410 8409
f 5575 8410 8390
f 6665 8411 6875
f 8412 6720 6721
f 8413 5601 6720
f 8411 8413 8412
f 6262 6290 6263
f 5602 8414 5604
f 6599 3735 5605
f 7141 7142 8372
f 8393 8241 8240
f 8227 7147 7151
f 8229 8374 7148
f 8230 7151 7153
f 8232 8415 8416
f 8234 8417 8418
f 8221 8374 8228
f 8235 7153 8419
f 8233 8420 8417
f 8226 7148 7147
f 8238 8421 8422
f 7141 8240 7138
f 6581 6655 8137
f 6640 8140 8139
f 6710 8141 6868
f 6717 6712 6316
f 6860 8143 6864
f 6870 6867 6656
f 6717 6726 6714
f 6870 6192 6115
f 6860 6050 6059
f 6710 6025 6024
f 6639 6871 8140
f 6640 8324 6637
f 6581 8147 6193
f 5615 6234 8370
f 7144 8374 7145
f 7144 6210 7149
f 7150 6210 6209
f 7152 6209 6329
f 7152 8419 7153
f 7154 8421 8419
f 7158 8415 8422
f 7160 8420 8416
f 7162 8418 8417
f 7161 5616 8418
f 8370 6233 8371
f 8373 7146 7145
f 8392 8386 8223
f 8391 8372 8371
f 5617 6713 5528
f 5973 3355 5972
f 8345 5619 8346
f 3880 6910 5621
f 8351 5620 8345
f 8346 5520 5975
f 5621 6911 5623
f 5622 8185 5534
f 8150 5497 8151
f 8423 8425 8426
f 8427 6519 8428
f 8429 8431 8432
f 6523 8433 6526
f 8434 8436 8437
f 8438 8434 8439
f 8438 6511 6528
f 8441 8424 8423
f 8427 8430 8429
f 8444 8445 8446
f 8447 8424 8448
f 8449 8444 8450
f 8451 8430 8452
f 8453 8454 8455
f 8456 8437 8453
f 8439 8456 8457
f 8448 8442 8458
f 8452 8443 8449
f 8425 8459 8446
f 8460 8462 8463
f 8464 8466 8467
f 8468 8470 8471
f 8472 8474 8475
f 8476 8478 8479
f 8480 8482 8483
f 8484 8486 8487
f 8485 8489 8486
f 8490 8481 8480
f 8492 8494 8495
f 8495 8496 8497
f 8498 8500 8501
f 8502 8500 8503
f 8504 8506 8507
f 8508 8510 8511
f 8513 8511 8512
f 8507 8514 8515
f 8516 8518 8519
f 8520 8516 8521
f 8522 8524 8525
f 8526 8522 8525
f 8528 8530 8531
f 8532 8529 8533
f 8534 8536 8537
f 8538 8534 8537
f 8464 8481 8465
f 8483 8541 8480
f 8542 8484 8467
f 8487 8540 8483
f 8488 8542 8544
f 8545 8486 8489
f 8481 8466 8465
f 8547 8489 8490
f 8548 8493 8471
f 8549 8502 8492
f 8551 8494 8548
f 8497 8552 8495
f 8469 8499 8470
f 8547 8497 8498
f 8469 8503 8500
f 8501 8550 8545
f 8460 8507 8461
f 8552 8506 8505
f 8554 8510 8463
f 8549 8505 8509
f 8554 8512 8511
f 8513 8550 8508
f 8461 8515 8462
f 8557 8513 8514
f 8558 8519 8479
f 8559 8527 8518
f 8521 8558 8561
f 8553 8517 8520
f 8477 8524 8478
f 8520 8557 8553
f 8476 8525 8477
f 8527 8556 8522
f 8563 8528 8475
f 8564 8531 8565
f 8533 8563 8566
f 8562 8530 8532
f 8473 8536 8474
f 8559 8532 8535
f 8472 8537 8473
f 8560 8539 8564
f 8463 8555 8554
f 8544 8467 8466
f 8470 8548 8471
f 8475 8566 8563
f 8479 8561 8558
f 8484 8483 8482
f 8490 8488 8491
f 8503 8492 8502
f 8498 8496 8499
f 8504 8509 8505
f 8515 8513 8512
f 8519 8527 8526
f 8521 8523 8520
f 8528 8539 8538
f 8533 8535 8532
f 8467 8482 8464
f 8487 8546 8543
f 8544 8491 8488
f 8480 8547 8490
f 8493 8468 8471
f 8495 8549 8492
f 8551 8499 8496
f 8501 8547 8498
f 8460 8510 8504
f 8508 8549 8509
f 8555 8515 8512
f 8506 8557 8514
f 8519 8476 8479
f 8517 8559 8518
f 8561 8524 8521
f 8522 8557 8523
f 8475 8538 8472
f 8567 8531 8530
f 8566 8536 8533
f 8560 8535 8534
f 8442 8568 8569
f 6512 8568 6754
f 8570 8571 8572
f 8426 6514 8423
f 8428 8443 8427
f 6522 8432 6523
f 8437 8433 8454
f 6524 8435 6527
f 6528 8435 8438
f 8423 6550 8441
f 8429 6516 8427
f 6515 8445 6908
f 8441 6754 8568
f 8570 8569 8568
f 8440 6512 6511
f 8569 8458 8442
f 8574 8572 8571
f 8572 8573 8569
f 8453 8577 8456
f 8576 8455 8578
f 8452 8580 8451
f 8573 8582 8458
f 8575 8581 8573
f 8584 8575 8574
f 8571 8457 8574
f 8439 8440 8438
f 8585 8587 8588
f 8587 8590 8588
f 8589 8592 8590
f 8591 8594 8592
f 8593 8596 8594
f 8595 8598 8596
f 8599 8586 8585
f 8601 8600 8599
f 8603 8602 8601
f 8605 8598 8597
f 8607 8604 8603
f 8609 8608 8607
f 8611 8610 8609
f 8606 8612 8611
f 8613 8589 8587
f 8614 8591 8589
f 8615 8593 8591
f 8616 8595 8593
f 8617 8597 8595
f 8619 8617 8616
f 8620 8618 8617
f 8620 8623 8621
f 8624 8626 8627
f 8626 8622 8627
f 8620 8628 8622
f 8622 8629 8627
f 8627 8630 8624
f 8632 8634 8631
f 8636 8633 8635
f 8637 8636 8635
f 8639 8632 8640
f 8633 8641 8635
f 8635 8642 8637
f 8642 8644 8637
f 8645 8637 8644
f 8586 8613 8587
f 8600 8646 8586
f 8616 8648 8619
f 8615 8649 8648
f 8613 8649 8614
f 8651 8613 8646
f 8647 8651 8646
f 8652 8654 8651
f 8602 8647 8600
f 8655 8652 8647
f 8656 8653 8652
f 8653 8659 8654
f 8658 8661 8659
f 8644 8663 8645
f 8664 8662 8665
f 8661 8666 8659
f 8666 8654 8659
f 8667 8651 8654
f 8668 8597 8618
f 8669 8618 8621
f 8670 8621 8623
f 8671 8623 8626
f 8671 8625 8672
f 8625 8673 8672
f 8636 8675 8634
f 8638 8674 8636
f 8645 8676 8638
f 8645 8678 8677
f 8679 8660 8658
f 8657 8658 8653
f 8583 8648 8649
f 8650 8583 8649
f 8667 8581 8650
f 8666 8582 8667
f 8664 8681 8666
f 8682 8665 8683
f 8684 8643 8642
f 8684 8641 8579
f 8639 8579 8641
f 8580 8640 8578
f 8629 8576 8630
f 8604 8655 8602
f 8608 8686 8604
f 8610 8687 8608
f 8612 8688 8610
f 8605 8689 8612
f 8690 8668 8669
f 8691 8689 8690
f 8692 8688 8691
f 8693 8687 8692
f 8656 8686 8693
f 8694 8669 8670
f 8695 8690 8694
f 8696 8691 8695
f 8697 8692 8696
f 8657 8693 8697
f 8697 8679 8657
f 8696 8698 8697
f 8696 8700 8699
f 8694 8700 8695
f 8670 8701 8694
f 8702 8671 8672
f 8701 8703 8700
f 8703 8699 8700
f 8699 8705 8698
f 8698 8680 8679
f 8672 8706 8702
f 8675 8707 8708
f 8674 8709 8707
f 8709 8677 8710
f 8677 8711 8710
f 8712 8710 8711
f 8702 8714 8703
f 8713 8714 8715
f 8707 8716 8717
f 8717 8713 8715
f 8710 8716 8709
f 8708 8717 8715
f 8546 8599 8543
f 8546 8603 8601
f 8550 8603 8545
f 8556 8607 8550
f 8560 8609 8556
f 8564 8611 8560
f 8565 8606 8564
f 8565 8596 8598
f 8567 8594 8596
f 8562 8592 8594
f 8553 8590 8592
f 8590 8541 8588
f 8540 8588 8541
f 8543 8585 8540
f 8684 8450 8685
f 8579 8449 8684
f 8682 8448 8681
f 8447 8683 8459
f 8681 8458 8582
f 8628 8619 8718
f 8584 8619 8648
f 8628 8577 8629
f 8457 8577 8718
f 8574 8718 8584
f 7134 6919 7135
f 6164 6919 6783
f 5485 6609 5921
f 3832 8188 6690
f 5921 6221 3354
f 5922 7128 6607
f 6439 8720 6440
f 8720 6570 6749
f 6570 8721 6464
f 6439 8721 8719
f 6727 6057 6312
f 6312 6073 6247
f 6828 6073 6072
f 6877 6267 6745
f 6745 6299 6744
f 6891 6305 6889
f 6338 6746 6339
f 6438 6410 6435
f 6412 6440 6748
f 6564 6424 6565
f 6842 6577 8395
f 6889 6829 7156
f 6579 6564 6563
f 6435 6565 6424
f 8722 6306 6891
f 8723 6058 6727
f 6269 6878 6879
f 7160 6829 6598
f 8724 8143 8725
f 8238 6248 6828
f 6339 6744 6299
f 8395 6338 6337
f 6879 8404 8726
f 8422 8231 8238
f 8725 6859 8723
f 8416 7157 7160
f 6059 6049 6056
f 6330 6049 6048
f 7156 6259 6889
f 6269 6264 6266
f 6297 6264 6241
f 6340 6351 6337
f 6368 8395 6369
f 6422 6559 6423
f 6436 6404 6437
f 6447 6438 6437
f 6424 6436 6435
f 6331 6099 6330
f 6422 6842 6368
f 8722 6856 8726
f 8141 6862 8142
f 6265 6617 6242
f 6324 6259 6258
f 7158 6260 7156
f 6709 6863 8141
f 8235 6827 6331
f 6298 6352 6340
f 6370 6351 6350
f 6891 8403 8722
f 8419 8237 8235
f 6051 8145 6709
f 8422 7155 7158
f 8721 6446 6464
f 6748 8720 6749
f 8727 6011 8194
f 8158 8144 8724
f 6009 6861 8144
f 6008 6862 6861
f 8142 8727 8160
f 6554 6893 6858
f 6833 6708 8398
f 6708 8403 8398
f 5623 6892 4042
f 8406 8365 8358
f 8407 8366 8406
f 8377 8408 8389
f 8397 6530 6529
f 6651 8400 8353
f 8402 6616 6615
f 6618 8399 6651
f 6554 6878 6551
f 8396 6854 6530
f 8401 6552 6616
f 6892 6529 6743
f 8353 8365 8355
f 8377 6276 8362
f 8409 6277 6276
f 8410 5932 6277
f 8726 6857 8722
f 8726 6855 6879
f 7234 6106 8215
f 8279 6127 6288
f 8354 6227 6652
f 6246 6619 6289
f 8239 6282 8394
f 8162 6286 6625
f 6292 6246 6289
f 6382 6377 6379
f 6392 6396 6393
f 6396 6427 6428
f 6398 6443 6459
f 6459 6458 6460
f 6525 6523 6526
f 6558 6271 6555
f 6429 6560 6561
f 6460 6572 6476
f 6272 3736 3735
f 7128 6602 8195
f 6227 6244 6652
f 7180 6634 6103
f 6642 6285 8219
f 6356 6740 6614
f 6816 8218 8217
f 6820 8301 6817
f 6355 6741 6356
f 6344 6834 6341
f 6364 6840 6361
f 6375 6560 6415
f 6848 6488 6477
f 6853 6506 6489
f 6530 6740 6531
f 8140 6874 6601
f 6555 6831 6876
f 8215 6881 8216
f 6348 6894 6345
f 6383 6896 6417
f 6433 6896 6420
f 6432 6898 6390
f 6406 6898 6407
f 6900 6387 6899
f 6900 6448 6901
f 6472 6903 6482
f 6480 6903 6902
f 6497 6906 6479
f 6908 6518 6909
f 4280 6120 6603
f 6100 7170 6128
f 6632 7188 8201
f 7235 7201 7200
f 7206 7212 7207
f 8213 7232 7231
f 8214 7231 7201
f 6108 7200 7203
f 7238 8300 6820
f 7207 8299 7238
f 8205 7240 8202
f 6170 7232 7256
f 6638 8149 6639
f 6601 8157 6600
f 6600 6283 8162
f 8392 8222 8393
f 6278 8241 6279
f 6816 8274 6813
f 6642 6814 6641
f 6128 6124 8279
f 8195 6127 6126
f 8212 8286 8285
f 8292 8286 8289
f 8290 8210 8209
f 8207 8290 8209
f 8294 8295 8298
f 8206 8295 8208
f 6817 8297 8296
f 8288 7256 8285
f 7209 7240 7239
f 6225 8360 8361
f 8369 8360 8356
f 8375 8368 8369
f 8381 8387 8383
f 8385 8383 8382
f 8385 8391 8384
f 8147 6282 6281
f 6345 6835 6344
f 6327 6834 6360
f 6295 6841 6364
f 6379 6840 6837
f 6853 6845 6844
f 6479 6905 6480
f 6848 6571 6573
f 6452 6904 6472
f 6525 6851 6520
f 6496 6907 6497
f 8402 6876 6831
f 8408 8387 8380
f 6279 8222 8221
f 6872 8149 8148
f 8223 8373 8220
f 6526 8436 6524
f 8446 8426 8425
f 8455 8431 8451
f 8446 8450 8444
f 8454 8432 8431
f 6908 8428 6519
f 8578 8451 8580
f 8632 8625 8624
f 8640 8624 8630
f 8660 8662 8661
f 8662 8643 8665
f 8675 8631 8634
f 8680 8663 8660
f 8683 8643 8685
f 8578 8630 8576
f 8673 8708 8706
f 8678 8705 8711
f 8711 8704 8712
f 8706 8715 8714
f 8703 8712 8704
f 8459 8685 8450
f 8407 8376 8375
f 6615 8405 8402
f 5993 6335 5994
f 6060 6018 5991
f 5993 6081 6080
f 6105 6176 6702
f 6177 6000 7165
f 6309 6310 6251
f 8725 6314 8724
f 8724 6318 8158
f 6321 6053 6052
f 6249 6310 6247
f 6596 6257 6597
f 8188 6605 8189
f 5986 6682 6060
f 6714 6311 6309
f 6047 6086 6081
f 6875 6304 6665
f 6001 6912 5983
f 7162 6597 6257
f 7254 6912 6704
f 6684 7163 7254
f 8723 6315 8725
f 6592 6318 6317
f 8332 8171 8728
f 6607 5350 5922
f 8191 8198 8199
f 8197 8193 8196
f 8159 6319 6321
f 8232 6595 6249
f 8192 7173 7175
f 8189 8193 7174
f 6177 8199 6175
f 6733 8330 6734
f 8340 8330 8329
f 8341 6335 6334
f 8412 6875 8411
f 8414 6273 6599
f 8416 8236 8232
f 6727 8136 8723
f 8417 7159 7162
f 6277 5558 6274
f 5935 6635 6235
f 5991 6061 6060
f 6019 6682 6681
f 5999 6033 5996
f 6045 6677 6680
f 6055 6083 7130
f 5995 6063 5992
f 6084 6053 6046
f 6088 5989 8166
f 6063 6046 5992
f 6066 6034 5999
f 6103 7181 7180
f 6673 6133 6132
f 6149 6153 6152
f 6323 8166 8165
f 6585 6083 6082
f 6630 6702 6176
f 6634 7168 7167
f 6676 6152 6133
f 6703 6628 7248
f 6796 6728 8178
f 6069 6097 6066
f 6132 6674 6673
f 6803 6800 6804
f 6011 6055 7130
f 6799 6582 6585
f 7194 6881 6882
f 7131 6583 6333
f 6798 6913 6674
f 7179 8204 7236
f 7183 7246 7242
f 7188 7242 7241
f 6109 7192 6882
f 7204 6176 6175
f 7219 6628 6627
f 7218 7248 6628
f 7179 6627 7176
f 7250 6704 6703
f 7228 7249 7248
f 6678 7249 6679
f 5997 7251 5998
f 8168 6644 6643
f 8167 6732 6644
f 8169 6733 6732
f 8170 8331 6733
f 8336 8173 8172
f 8182 8175 8174
f 8182 8176 8181
f 8181 8177 8180
f 8180 8179 7136
f 7133 6590 6913
f 7130 8194 6011
f 8200 6632 7177
f 7178 8205 8204
f 8269 6153 8216
f 8254 8252 8251
f 8260 6101 8277
f 8179 6802 7136
f 8263 6038 6802
f 8264 6039 6038
f 8265 6130 6039
f 8266 6157 6130
f 8267 6158 6157
f 8268 8217 6158
f 8270 6816 8217
f 6813 8273 7190
f 8273 8247 7190
f 8276 8277 8248
f 7192 8250 7193
f 8252 8259 8249
f 8276 8250 8249
f 7204 7177 7176
f 7182 8315 7246
f 8343 8334 8333
f 8333 8342 8343
f 8343 6800 6065
f 8340 6064 5995
f 6323 8350 6322
f 8168 8348 8165
f 8349 5936 8350
f 8352 5938 8348
f 6103 7167 6100
f 8271 8216 6881
f 8201 7241 8205
f 8274 8271 7194
f 5991 6017 5988
f 8728 6017 6016
f 5997 6680 6679
f 5996 6045 6680
f 6033 6042 6045
f 6042 8175 8172
f 8172 8338 8336
f 8336 8337 8333
f 6684 6677 6681
f 6681 6044 6019
f 6019 6043 6016
f 6016 8173 8728
f 8728 8335 8332
f 8332 8334 8329
f 8194 8160 8727
f 6805 6009 8158
f 5940 7137 6719
f 8324 5942 8325
f 8325 5495 8225
f 6253 4292 6250
f 7137 5944 6715
f 8348 5937 8349
f 8350 5530 8131
f 5624 6159 5489
f 6718 5940 6719
f 8327 5490 6162
f 8347 5939 8352
f 5933 6121 6120
f 8184 5946 8347
f 7142 5615 8370
f 6145 5945 8327
f 8234 5943 6253
f 8328 5488 6144
f 8318 5948 8328
f 7139 4299 7140
f 8418 5947 8234
f 5604 6599 5605
f 5949 6712 6716
f 5944 6716 6715
f 6720 5950 6255
f 6255 4322 6256
f 5614 6235 6234
f 6711 5951 8161
f 8161 3857 6593
f 5973 2965 3013
f 2965 5963 222
f 222 5960 223
f 223 5958 3186
f 5958 3185 3186
f 5957 2977 3185
f 5970 1213 2977
f 5967 1214 1213
f 2532 5966 5953
f 2894 5953 5952
f 2871 5952 8344
f 5510 5721 5509
f 5822 5824 5823
f 3511 3844 3735
f 3887 3889 3888
f 3876 3878 3877
f 3356 3911 3909
f 3372 3390 3391
f 3849 3851 3850
f 3481 3867 3866
f 3873 3385 3382
f 3875 3450 3452
f 3915 3865 3862
f 3657 3671 3656
f 5618 3013 2152
f 1997 1889 1892
f 1237 744 855
f 1535 120 121
f 1531 201 214
f 1119 1032 984
f 946 824 947
f 163 5 162
f 9041 9175 9193
f 1155 1162 1164
f 427 327 424
f 553 796 498
f 8732 2231 2237
f 8732 2230 2232
f 2237 3180 8732
f 8734 8736 8733
f 8735 8738 8736
f 8737 8740 8738
f 8739 8742 8740
f 8743 8745 8746
f 8746 8747 8748
f 8749 8748 8747
f 8751 8750 8749
f 8754 8756 8753
f 8757 8755 8754
f 8759 8758 8757
f 8761 8760 8759
f 8763 8762 8761
f 8766 8749 8765
f 8765 8747 8767
f 8767 8745 8768
f 8768 8744 8769
f 8744 8771 8769
f 8770 8772 8771
f 8741 8773 8772
f 8739 8774 8773
f 8737 8775 8774
f 8735 8776 8775
f 8776 8777 3184
f 2904 8779 2947
f 8780 2904 2902
f 8781 2902 2876
f 2875 8781 2876
f 8783 2733 2736
f 2825 8786 2824
f 8788 8790 8787
f 8792 8787 8791
f 2724 8785 2825
f 8787 3115 3117
f 8791 3117 3119
f 8794 8765 8793
f 8793 8767 8795
f 8795 8768 8796
f 8796 8769 8797
f 8797 8771 8798
f 8771 8799 8798
f 8772 8800 8799
f 8773 8801 8800
f 8774 8802 8801
f 8775 8803 8802
f 8776 3056 8803
f 8802 2253 2252
f 8801 2252 1727
f 8800 1727 2150
f 8799 2150 1941
f 8804 8799 1941
f 8805 8798 8804
f 8806 8797 8805
f 8807 8796 8806
f 8793 8807 8808
f 8794 8808 8809
f 8810 8809 8808
f 8808 8806 8810
f 8810 8805 8812
f 8813 8810 8812
f 8812 8804 8814
f 8815 8812 8814
f 8814 1941 1360
f 8755 8752 8756
f 8758 8750 8755
f 8760 8748 8758
f 8762 8746 8760
f 8816 8764 8763
f 8818 8820 8817
f 8816 8782 8784
f 8821 8817 8816
f 8789 8783 8786
f 8818 8789 8788
f 8819 8788 8792
f 8822 8819 8823
f 8823 8792 8824
f 8824 8791 2712
f 2712 3119 3128
f 8826 8823 8825
f 8825 8824 8827
f 8827 2712 2711
f 8828 2711 2400
f 8829 8827 8828
f 8830 8825 8829
f 8743 8764 8831
f 8817 8831 8764
f 8770 8743 8831
f 8741 8831 8742
f 8820 8742 8831
f 8740 8822 8826
f 8738 8826 8830
f 8736 8830 8832
f 8833 2400 2402
f 8834 8828 8833
f 8832 8829 8834
f 8835 2402 2707
f 3058 2707 2708
f 3061 8835 3058
f 8836 8833 8835
f 8733 8832 8837
f 8837 8834 8836
f 8777 8733 8838
f 8838 8837 1962
f 8837 3061 1962
f 1961 8838 1962
f 3057 8777 8838
f 8779 8753 8839
f 8778 8754 8779
f 8780 8757 8778
f 8781 8759 8780
f 8782 8761 8781
f 8821 8784 8783
f 8785 8789 8786
f 2723 8790 8785
f 2875 8784 8782
f 2736 8786 8783
f 2947 8839 8944
f 8815 1360 8941
f 1900 1924 1901
f 1736 1718 1750
f 1955 1943 1956
f 1671 1735 1751
f 1696 1698 1692
f 1800 1864 1801
f 2063 2056 2060
f 1737 1717 1736
f 1751 1697 1695
f 943 9351 684
f 9108 8753 9057
f 1577 1764 1703
f 9369 1599 9375
f 1945 82 1944
f 68 7 248
f 147 1543 148
f 1109 1133 1102
f 1503 1907 1908
f 1499 1909 1498
f 452 735 215
f 1824 9287 9297
f 1825 2068 1824
f 1463 1022 1194
f 841 1009 1011
f 1568 1955 1534
f 1926 1927 1923
f 1910 1502 1939
f 1939 422 442
f 309 1940 308
f 1804 1866 1803
f 269 1954 56
f 2065 2060 2056
f 9264 1758 9287
f 280 552 1940
f 1875 1869 1874
f 1739 1734 1737
f 5923 5899 5924
f 1778 1790 1788
f 310 1915 279
f 1909 1906 1954
f 1789 1778 1788
f 978 980 979
f 1584 1731 1583
f 425 311 312
f 148 115 116
f 2044 9346 2046
f 277 1939 551
f 1943 1945 1944
f 1461 1463 1464
f 2253 3056 3055
f 2981 8927 958
f 2209 8927 3055
f 2254 3055 8927
f 2998 958 8927
f 2826 2721 2724
f 8928 2721 2817
f 2816 8928 2817
f 2334 2296 2335
f 2298 2334 2336
f 2301 2336 2338
f 2311 2338 2354
f 2312 2354 2355
f 2359 2361 2360
f 2335 2359 2360
f 2414 2365 2364
f 2413 2361 2365
f 2355 2540 2541
f 2541 2539 2542
f 2722 2739 2738
f 3114 2738 3113
f 3110 3121 3120
f 3108 3120 3113
f 3122 3127 3126
f 3112 3126 3121
f 3127 1753 3135
f 3139 2529 2542
f 9196 3133 3139
f 8928 2740 2739
f 8929 2789 8928
f 228 91 88
f 245 243 242
f 248 247 191
f 2 296 295
f 145 300 267
f 327 210 328
f 329 331 330
f 250 228 236
f 239 240 230
f 373 375 374
f 178 176 175
f 1218 1228 1321
f 9314 1295 9306
f 808 824 823
f 9310 1013 1014
f 9265 1411 1413
f 2154 2159 2160
f 9297 1758 1757
f 306 1922 452
f 2157 1976 1977
f 708 2031 1474
f 1450 1227 1428
f 1672 1605 1624
f 1813 1821 1816
f 1717 1715 1718
f 176 402 347
f 1710 9368 9367
f 1712 1577 1711
f 1705 1711 1704
f 3435 3475 3434
f 971 979 970
f 822 1094 1102
f 2909 2793 2792
f 2810 2795 2793
f 2799 2249 2800
f 9114 2910 2799
f 2769 2801 2795
f 3177 3178 3179
f 3178 3180 3179
f 3181 1393 2800
f 3181 1632 3182
f 3182 2244 3183
f 3183 2243 3180
f 8932 2790 8929
f 2808 8929 2816
f 2239 9016 2240
f 1149 9015 9014
f 1150 9011 9015
f 2202 9010 2015
f 2921 9009 2923
f 9012 2133 2928
f 1777 1759 1792
f 1201 1183 1184
f 9005 2195 2194
f 8997 2770 2768
f 9379 1687 1692
f 1516 154 503
f 8993 2974 2803
f 8994 2779 2778
f 2771 9019 8990
f 3070 8990 9002
f 8991 2775 2867
f 1376 1370 1372
f 2767 9000 2206
f 2195 8987 2767
f 2775 8986 2776
f 8344 8989 2871
f 9256 8983 2806
f 2776 8982 2805
f 2240 8979 2920
f 2920 9121 9071
f 8992 2786 2779
f 1805 1851 1804
f 8978 2787 2786
f 2951 8984 8975
f 2772 8975 9019
f 2973 8974 8980
f 2224 8981 8974
f 1957 320 510
f 306 304 303
f 2770 8972 2913
f 2913 9018 2239
f 2923 8971 2922
f 308 431 47
f 207 132 543
f 1879 1881 1880
f 9185 8969 2089
f 2475 9002 8968
f 2476 8968 8967
f 2223 8967 8981
f 8966 2803 2802
f 2037 11 1950
f 1959 450 505
f 2003 8964 2129
f 9 334 540
f 2009 8962 9011
f 2008 8980 8962
f 9329 673 9331
f 8959 2778 2784
f 2935 8957 2936
f 111 9014 8955
f 3238 3341 3237
f 8954 2935 2938
f 683 9337 943
f 8952 2810 2909
f 736 732 729
f 1795 1803 1796
f 8949 2938 2939
f 8951 2939 2940
f 2950 8948 2949
f 2940 8948 8951
f 9253 8956 2950
f 2868 8946 2869
f 2869 8966 2802
f 1024 1023 1020
f 8944 2948 2947
f 551 442 443
f 2972 9012 2928
f 2032 8943 2972
f 216 1924 1923
f 3532 3482 3533
f 203 201 200
f 3539 3541 3540
f 1828 1847 1837
f 1958 449 450
f 272 178 175
f 2871 8939 1361
f 9071 9008 2921
f 2801 9095 9114
f 2005 9106 2176
f 960 899 962
f 9109 9064 9076
f 9232 9098 3151
f 3151 9045 2555
f 2193 9075 2194
f 9059 3145 3144
f 9055 2761 3145
f 9044 3144 3104
f 2926 9086 3103
f 9086 3104 3103
f 9207 9198 9205
f 566 9210 2005
f 8839 1864 8944
f 1602 2079 2078
f 2868 9063 2922
f 2922 9062 2923
f 2923 9070 2921
f 9122 2918 9066
f 9071 9066 2920
f 2921 9122 9071
f 2920 9038 2240
f 9065 2915 2918
f 2917 9074 9093
f 2916 9093 9094
f 2239 9104 2913
f 2911 9104 2757
f 9095 2911 2910
f 2797 9114 9043
f 2797 9050 2750
f 9074 2763 2765
f 9060 2764 2745
f 2194 9100 2221
f 2221 9101 2222
f 2756 9061 2755
f 2750 9061 2747
f 9121 1817 9279
f 9215 1691 1699
f 2515 9042 2548
f 2548 9045 2550
f 2513 9084 9068
f 2513 9073 2515
f 2509 9072 2289
f 2510 9085 2509
f 2289 9091 2283
f 2283 9069 2286
f 2240 9039 2239
f 9111 9076 9078
f 716 9339 9340
f 727 9213 1923
f 2165 2170 2164
f 9112 9078 9081
f 9195 9030 9209
f 2175 769 770
f 2100 2095 2099
f 9210 9209 9030
f 640 9012 1826
f 1653 8997 1651
f 1895 8974 746
f 746 8981 741
f 1653 8972 9020
f 9214 1604 1672
f 2093 2073 2078
f 959 995 884
f 962 919 986
f 1400 1398 1399
f 1000 1127 1004
f 956 884 885
f 1662 8994 1661
f 2034 8990 1654
f 9378 8983 9254
f 8979 766 1817
f 9016 765 766
f 334 9015 335
f 1868 8984 1656
f 1684 1652 1678
f 1682 775 1807
f 1585 9214 1700
f 9215 1672 1673
f 2173 490 491
f 1658 8991 1752
f 9000 1650 724
f 1571 2010 1572
f 1587 9123 2080
f 2099 2077 2094
f 787 1999 786
f 2000 786 1999
f 3155 9149 9135
f 9165 9135 9241
f 2180 9137 9136
f 8940 9136 9157
f 1684 9292 1651
f 1760 8939 8989
f 2607 9145 2590
f 2581 9141 2607
f 2371 9152 9147
f 2371 9145 2372
f 2587 9127 2586
f 2586 9149 339
f 2497 9139 2503
f 2502 9139 9152
f 2494 9142 2495
f 9142 2472 2495
f 9140 2468 2472
f 9153 2469 2468
f 726 9344 630
f 581 8962 580
f 10 9014 334
f 1837 8954 1849
f 741 8967 1300
f 1299 9002 2034
f 1851 8948 1866
f 8971 1820 1819
f 580 8980 1895
f 1758 8966 8946
f 1693 8952 1806
f 8948 1867 1866
f 1894 9012 8943
f 2126 9265 9293
f 9358 9293 9364
f 2113 9319 2110
f 2179 9241 9137
f 624 9356 623
f 2192 9240 9232
f 2177 9239 9185
f 1364 9285 1338
f 9310 1470 1453
f 3135 9227 9196
f 2069 9287 2068
f 1351 9305 1352
f 2108 9353 499
f 2089 9188 9185
f 9280 1358 866
f 2001 9235 2187
f 2187 9171 2091
f 2130 9204 2004
f 2004 9201 2001
f 2014 9231 2201
f 2201 9208 2130
f 3167 9211 2969
f 3168 9172 3167
f 3159 9216 3160
f 3160 9217 3081
f 9182 3158 337
f 3158 9161 3159
f 2200 9182 9174
f 9137 9194 2204
f 9174 2197 2200
f 9242 2092 9173
f 9226 9173 2197
f 3154 9242 9226
f 3155 9158 3154
f 2091 9173 2092
f 2196 9202 9228
f 2193 9228 9233
f 9056 9233 9240
f 2086 9232 9230
f 2087 9230 9229
f 2204 9203 2205
f 2205 9202 3148
f 9361 574 692
f 2124 9229 9212
f 2208 9212 9234
f 9163 3140 3137
f 9237 3138 3140
f 9197 3139 3138
f 9223 3136 2322
f 9164 3137 3136
f 9227 3131 3133
f 9219 3132 3131
f 1813 9290 1814
f 1293 9308 1344
f 2184 9200 9184
f 2181 9184 9186
f 9217 3079 3081
f 9220 3080 3079
f 709 9327 2031
f 2774 9189 9221
f 9238 2134 9003
f 9261 766 765
f 2968 9218 2959
f 2969 9236 2968
f 2958 9189 2961
f 2132 9218 2960
f 2321 9223 9200
f 9312 1449 28
f 9357 582 710
f 9338 577 574
f 9299 1818 9279
f 705 9339 2121
f 9268 9359 698
f 2111 9363 2113
f 9262 1366 1411
f 1812 9274 1815
f 675 9304 674
f 8940 9303 675
f 2110 9320 2109
f 2104 9353 2106
f 2109 9351 944
f 9294 703 739
f 1680 9298 1684
f 1639 9271 9270
f 623 9358 697
f 2139 9318 9317
f 1808 9296 9289
f 9272 1819 1820
f 9324 9352 706
f 1646 9282 1648
f 9341 633 577
f 2139 9327 18
f 2156 9323 9326
f 674 9365 9321
f 2117 9264 2069
f 1815 9299 9275
f 9307 1444 1470
f 697 9364 9268
f 866 9288 9280
f 9316 2136 2135
f 9037 9178 9041
f 9035 9183 9037
f 9205 9190 9191
f 9192 9033 9195
f 1088 9198 1093
f 9191 9195 9205
f 2791 8933 2792
f 8932 2807 8933
f 2792 8934 2909
f 8933 2806 8934
f 8952 8934 8960
f 8960 2806 8983
f 2948 9243 9253
f 2105 9348 2104
f 8982 9256 2805
f 680 9328 683
f 1891 9362 9343
f 2905 9253 2950
f 2900 9251 2905
f 2901 9259 2877
f 2734 9258 9246
f 2877 9258 2878
f 2820 9246 2872
f 2818 9244 2827
f 2823 9244 2826
f 2822 9250 2821
f 2819 9252 9250
f 2817 9247 2816
f 2809 9247 2815
f 2808 9255 2807
f 2805 9255 2804
f 1702 9375 1599
f 9374 1797 1802
f 9367 1706 1709
f 9370 1692 1698
f 1657 9332 1879
f 1890 9347 9362
f 9224 1674 1675
f 1689 9224 9225
f 9378 8982 1688
f 8960 1689 9225
f 9369 1703 1764
f 1598 9380 1770
f 9332 1876 1879
f 1691 9377 9379
f 9377 1688 1687
f 1117 1118 9382
f 1066 1322 9382
f 1243 847 9382
f 9277 848 9382
f 1128 1117 9382
f 1129 1130 9382
f 841 1011 9382
f 1230 9315 9382
f 1242 1243 9382
f 1322 1229 9382
f 1064 1065 9382
f 1003 1128 9382
f 1229 1230 9382
f 9315 1285 9382
f 1285 1288 9382
f 848 839 9382
f 847 9277 9382
f 1118 1129 9382
f 1065 1066 9382
f 1087 1086 9382
f 1008 1002 9382
f 1011 1008 9382
f 1002 1003 9382
f 1076 1069 9382
f 838 841 9382
f 839 838 9382
f 1288 1242 9382
f 1130 1087 9382
f 1086 1076 9382
f 1069 1064 9382
f 2410 2414 9383
f 2411 2410 9383
f 9069 2285 9383
f 2394 2393 9383
f 2393 2396 9383
f 2281 2286 9383
f 2282 2280 9383
f 2398 2399 9383
f 2465 2464 9383
f 2396 2397 9383
f 2470 2469 9383
f 2399 2416 9383
f 2480 2395 9383
f 2459 2480 9383
f 2369 2282 9383
f 2460 2459 9383
f 2415 2411 9383
f 2416 2415 9383
f 2364 2363 9383
f 2286 9069 9383
f 2464 2470 9383
f 2469 9155 9383
f 2285 2465 9383
f 2414 2364 9383
f 2395 2394 9383
f 2363 2367 9383
f 2397 2398 9383
f 2280 2281 9383
f 9155 2460 9383
f 2367 2369 9383
f 9386 9389 9390
f 9386 9391 9387
f 9384 9389 9385
f 9390 9395 9391
f 9389 9392 9393
f 9389 9394 9390
f 9394 9399 9395
f 9393 9396 9397
f 9394 9397 9398
f 9399 9402 9403
f 9396 9401 9397
f 9397 9402 9398
f 9402 9407 9403
f 9401 9404 9405
f 9402 9405 9406
f 9407 9410 9411
f 9405 9408 9409
f 9405 9410 9406
f 9411 9414 9415
f 9409 9412 9413
f 9410 9413 9414
f 9414 9419 9415
f 9412 9417 9413
f 9413 9418 9414
f 9418 9423 9419
f 9417 9420 9421
f 9418 9421 9422
f 9422 9427 9423
f 9420 9425 9421
f 9421 9426 9422
f 9426 9431 9427
f 9425 9428 9429
f 9426 9429 9430
f 9431 9434 9435
f 9428 9433 9429
f 9429 9434 9430
f 9434 9439 9435
f 9433 9436 9437
f 9434 9437 9438
f 9439 9442 9443
f 9436 9441 9437
f 9437 9442 9438
f 9443 9446 9447
f 9441 9444 9445
f 9442 9445 9446
f 9447 9450 9451
f 9444 9449 9445
f 9445 9450 9446
f 9450 9455 9451
f 9449 9452 9453
f 9450 9453 9454
f 9454 9459 9455
f 9452 9457 9453
f 9453 9458 9454
f 9458 9463 9459
f 9457 9460 9461
f 9458 9461 9462
f 9463 9466 9467
f 9460 9465 9461
f 9461 9466 9462
f 9466 9471 9467
f 9465 9468 9469
f 9466 9469 9470
f 9471 9474 9475
f 9468 9473 9469
f 9469 9474 9470
f 9475 9478 9479
f 9473 9476 9477
f 9474 9477 9478
f 9479 9482 9483
f 9476 9481 9477
f 9477 9482 9478
f 9483 9486 9487
f 9481 9484 9485
f 9482 9485 9486
f 9486 9491 9487
f 9484 9489 9485
f 9485 9490 9486
f 9490 9495 9491
f 9489 9492 9493
f 9490 9493 9494
f 9495 9498 9499
f 9492 9497 9493
f 9493 9498 9494
f 9498 9503 9499
f 9497 9500 9501
f 9498 9501 9502
f 9503 9507 9508
f 9500 9506 9501
f 9501 9507 9502
f 9508 9511 9512
f 9505 9510 9506
f 9507 9510 9511
f 9384 9504 9388
f 9388 9504 9392
f 9392 9504 9396
f 9396 9504 9400
f 9400 9504 9404
f 9404 9504 9408
f 9408 9504 9412
f 9412 9504 9416
f 9416 9504 9420
f 9420 9504 9424
f 9424 9504 9428
f 9428 9504 9432
f 9432 9504 9436
f 9436 9504 9440
f 9440 9504 9444
f 9444 9504 9448
f 9448 9504 9452
f 9452 9504 9456
f 9456 9504 9460
f 9460 9504 9464
f 9464 9504 9468
f 9468 9504 9472
f 9472 9504 9476
f 9476 9504 9480
f 9480 9504 9484
f 9484 9504 9488
f 9488 9504 9492
f 9492 9504 9496
f 9496 9504 9500
f 9500 9504 9505
f 9505 9504 9509
f 9512 9386 9387
f 9510 9384 9385
f 9510 9386 9511
f 9509 9504 9384
f 9521 9533 9534
f 9518 9532 9519
f 9517 9529 9530
f 9515 9527 9528
f 9523 9537 9524
f 9521 9535 9522
f 9519 9533 9520
f 9518 9530 9531
f 9515 9529 9516
f 9513 9527 9514
f 9524 9538 9525
f 9523 9535 9536
f 9528 9542 9529
f 9526 9540 9527
f 9538 9550 9551
f 9535 9549 9536
f 9534 9546 9547
f 9531 9545 9532
f 9530 9542 9543
f 9528 9540 9541
f 9537 9549 9550
f 9534 9548 9535
f 9532 9546 9533
f 9531 9543 9544
f 9541 9555 9542
f 9540 9552 9553
f 9550 9564 9551
f 9548 9562 9549
f 9547 9559 9560
f 9544 9558 9545
f 9542 9556 9543
f 9541 9553 9554
f 9549 9563 9550
f 9547 9561 9548
f 9546 9558 9559
f 9544 9556 9557
f 9555 9567 9568
f 9552 9566 9553
f 9564 9576 9577
f 9562 9574 9575
f 9559 9573 9560
f 9557 9571 9558
f 9555 9569 9556
f 9553 9567 9554
f 9562 9576 9563
f 9561 9573 9574
f 9559 9571 9572
f 9557 9569 9570
f 9567 9581 9568
f 9566 9578 9579
f 9576 9590 9577
f 9575 9587 9588
f 9572 9586 9573
f 9571 9583 9584
f 9569 9581 9582
f 9566 9580 9567
f 9576 9588 9589
f 9574 9586 9587
f 9571 9585 9572
f 9569 9583 9570
f 9581 9593 9594
f 9578 9592 9579
f 9590 9602 9603
f 9588 9600 9601
f 9585 9599 9586
f 9583 9597 9584
f 9582 9594 9595
f 9579 9593 9580
f 9589 9601 9602
f 9587 9599 9600
f 9584 9598 9585
f 9583 9595 9596
f 9594 9606 9607
f 9592 9604 9605
f 9602 9616 9603
f 9601 9613 9614
f 9598 9612 9599
f 9596 9610 9597
f 9594 9608 9595
f 9592 9606 9593
f 9601 9615 9602
f 9600 9612 9613
f 9598 9610 9611
f 9596 9608 9609
f 9607 9619 9620
f 9605 9617 9618
f 9615 9629 9616
f 9613 9627 9614
f 9611 9625 9612
f 9610 9622 9623
f 9607 9621 9608
f 9605 9619 9606
f 9615 9627 9628
f 9613 9625 9626
f 9611 9623 9624
f 9608 9622 9609
f 9619 9633 9620
f 9617 9631 9618
f 9628 9642 9629
f 9627 9639 9640
f 9625 9637 9638
f 9622 9636 9623
f 9621 9633 9634
f 9619 9631 9632
f 9627 9641 9628
f 9625 9639 9626
f 9623 9637 9624
f 9622 9634 9635
f 9632 9646 9633
f 9630 9644 9631
f 9642 9654 9655
f 9639 9653 9640
f 9638 9650 9651
f 9635 9649 9636
f 9634 9646 9647
f 9632 9644 9645
f 9641 9653 9654
f 9638 9652 9639
f 9636 9650 9637
f 9635 9647 9648
f 9645 9659 9646
f 9644 9656 9657
f 9654 9668 9655
f 9652 9666 9653
f 9651 9663 9664
f 9648 9662 9649
f 9646 9660 9647
f 9645 9657 9658
f 9653 9667 9654
f 9651 9665 9652
f 9650 9662 9663
f 9648 9660 9661
f 9659 9671 9672
f 9656 9670 9657
f 9668 9680 9681
f 9665 9679 9666
f 9663 9677 9664
f 9661 9675 9662
f 9659 9673 9660
f 9657 9671 9658
f 9666 9680 9667
f 9665 9677 9678
f 9663 9675 9676
f 9661 9673 9674
f 9671 9685 9672
f 9670 9682 9683
f 9680 9694 9681
f 9678 9692 9679
f 9677 9689 9690
f 9675 9687 9688
f 9673 9685 9686
f 9670 9684 9671
f 9680 9692 9693
f 9678 9690 9691
f 9675 9689 9676
f 9673 9687 9674
f 9685 9697 9698
f 9682 9696 9683
f 9694 9706 9707
f 9692 9704 9705
f 9689 9703 9690
f 9687 9701 9688
f 9686 9698 9699
f 9683 9697 9684
f 9693 9705 9706
f 9691 9703 9704
f 9688 9702 9689
f 9687 9699 9700
f 9698 9710 9711
f 9696 9708 9709
f 9706 9720 9707
f 9705 9717 9718
f 9702 9716 9703
f 9700 9714 9701
f 9698 9712 9699
f 9696 9710 9697
f 9705 9719 9706
f 9704 9716 9717
f 9702 9714 9715
f 9700 9712 9713
f 9711 9723 9724
f 9709 9721 9722
f 9719 9733 9720
f 9717 9731 9718
f 9715 9729 9716
f 9714 9726 9727
f 9711 9725 9712
f 9709 9723 9710
f 9718 9732 9719
f 9717 9729 9730
f 9715 9727 9728
f 9712 9726 9713
f 9723 9737 9724
f 9721 9735 9722
f 9733 9745 9746
f 9731 9743 9744
f 9729 9741 9742
f 9726 9740 9727
f 9725 9737 9738
f 9723 9735 9736
f 9732 9744 9745
f 9729 9743 9730
f 9727 9741 9728
f 9726 9738 9739
f 9736 9750 9737
f 9734 9748 9735
f 9746 9758 9759
f 9743 9757 9744
f 9742 9754 9755
f 9739 9753 9740
f 9738 9750 9751
f 9736 9748 9749
f 9745 9757 9758
f 9742 9756 9743
f 9740 9754 9741
f 9739 9751 9752
f 9749 9763 9750
f 9748 9760 9761
f 9758 9772 9759
f 9756 9770 9757
f 9755 9767 9768
f 9752 9766 9753
f 9750 9764 9751
f 9749 9761 9762
f 9757 9771 9758
f 9756 9768 9769
f 9754 9766 9767
f 9752 9764 9765
f 9762 9776 9763
f 9760 9774 9761
f 9772 9784 9785
f 9770 9782 9783
f 9768 9780 9781
f 9765 9779 9766
f 9763 9777 9764
f 9762 9774 9775
f 9770 9784 9771
f 9768 9782 9769
f 9767 9779 9780
f 9764 9778 9765
f 9775 9789 9776
f 9774 9786 9787
f 9784 9798 9785
f 9782 9796 9783
f 9781 9793 9794
f 9779 9791 9792
f 9777 9789 9790
f 9774 9788 9775
f 9784 9796 9797
f 9782 9794 9795
f 9779 9793 9780
f 9777 9791 9778
f 9789 9802 9803
f 9786 9801 9787
f 9798 9811 9812
f 9796 9809 9810
f 9793 9808 9794
f 9792 9805 9806
f 9790 9803 9804
f 9787 9802 9788
f 9797 9810 9811
f 9795 9808 9809
f 9792 9807 9793
f 9790 9805 9791
f 9803 9815 9816
f 9801 9813 9814
f 9811 9825 9812
f 9810 9822 9823
f 9807 9821 9808
f 9806 9818 9819
f 9803 9817 9804
f 9801 9815 9802
f 9810 9824 9811
f 9809 9821 9822
f 9807 9819 9820
f 9804 9818 9805
f 9816 9828 9829
f 9814 9826 9827
f 9825 9837 9838
f 9822 9836 9823
f 9820 9834 9821
f 9819 9831 9832
f 9816 9830 9817
f 9814 9828 9815
f 9824 9836 9837
f 9822 9834 9835
f 9820 9832 9833
f 9817 9831 9818
f 9828 9842 9829
f 9826 9840 9827
f 9837 9851 9838
f 9836 9848 9849
f 9834 9846 9847
f 9831 9845 9832
f 9830 9842 9843
f 9828 9840 9841
f 9836 9850 9837
f 9834 9848 9835
f 9832 9846 9833
f 9831 9843 9844
f 9841 9855 9842
f 9839 9853 9840
f 9851 9863 9864
f 9848 9862 9849
f 9847 9859 9860
f 9845 9857 9858
f 9843 9855 9856
f 9841 9853 9854
f 9850 9862 9863
f 9847 9861 9848
f 9845 9859 9846
f 9843 9857 9844
f 9854 9868 9855
f 9853 9865 9866
f 9863 9877 9864
f 9861 9875 9862
f 9860 9872 9873
f 9858 9870 9871
f 9855 9869 9856
f 9854 9866 9867
f 9862 9876 9863
f 9860 9874 9861
f 9859 9871 9872
f 9856 9870 9857
f 9868 9880 9881
f 9865 9879 9866
f 9877 9889 9890
f 9875 9887 9888
f 9873 9885 9886
f 9870 9884 9871
f 9868 9882 9869
f 9867 9879 9880
f 9875 9889 9876
f 9873 9887 9874
f 9872 9884 9885
f 9870 9882 9883
f 9880 9894 9881
f 9878 9892 9879
f 9889 9903 9890
f 9887 9901 9888
f 9886 9898 9899
f 9884 9896 9897
f 9882 9894 9895
f 9879 9893 9880
f 9889 9901 9902
f 9887 9899 9900
f 9884 9898 9885
f 9882 9896 9883
f 9894 9906 9907
f 9891 9905 9892
f 9903 9915 9916
f 9901 9913 9914
f 9898 9912 9899
f 9896 9910 9897
f 9895 9907 9908
f 9892 9906 9893
f 9902 9914 9915
f 9899 9913 9900
f 9897 9911 9898
f 9896 9908 9909
f 9907 9919 9920
f 9905 9917 9918
f 9915 9929 9916
f 9914 9926 9927
f 9911 9925 9912
f 9909 9923 9910
f 9907 9921 9908
f 9905 9919 9906
f 9914 9928 9915
f 9913 9925 9926
f 9911 9923 9924
f 9909 9921 9922
f 9799 9525 9538
f 9799 9538 9551
f 9799 9551 9564
f 9799 9564 9577
f 9799 9577 9590
f 9799 9590 9603
f 9799 9603 9616
f 9799 9616 9629
f 9799 9629 9642
f 9799 9642 9655
f 9799 9655 9668
f 9799 9668 9681
f 9799 9681 9694
f 9799 9694 9707
f 9799 9707 9720
f 9799 9720 9733
f 9799 9733 9746
f 9799 9746 9759
f 9799 9759 9772
f 9799 9772 9785
f 9799 9785 9798
f 9799 9798 9812
f 9799 9812 9825
f 9799 9825 9838
f 9799 9838 9851
f 9799 9851 9864
f 9799 9864 9877
f 9799 9877 9890
f 9799 9890 9903
f 9799 9903 9916
f 9799 9916 9929
f 9920 9515 9516
f 9918 9513 9514
f 9929 9524 9525
f 9926 9523 9927
f 9924 9521 9925
f 9923 9518 9519
f 9920 9517 9921
f 9918 9515 9919
f 9799 9929 9525
f 9928 9523 9524
f 9926 9521 9522
f 9924 9519 9520
f 9921 9518 9922
f 9387 9917 9512
f 9917 9508 9512
f 9904 9503 9508
f 9891 9499 9503
f 9499 9865 9495
f 9495 9852 9491
f 9491 9839 9487
f 9839 9483 9487
f 9483 9813 9479
f 9813 9475 9479
f 9800 9471 9475
f 9786 9467 9471
f 9467 9760 9463
f 9463 9747 9459
f 9459 9734 9455
f 9734 9451 9455
f 9451 9708 9447
f 9708 9443 9447
f 9695 9439 9443
f 9682 9435 9439
f 9435 9656 9431
f 9431 9643 9427
f 9427 9630 9423
f 9630 9419 9423
f 9419 9604 9415
f 9604 9411 9415
f 9591 9407 9411
f 9578 9403 9407
f 9403 9552 9399
f 9399 9539 9395
f 9395 9526 9391
f 9526 9387 9391
f 9932 9935 9936
f 9932 9937 9933
f 9931 9934 9935
f 9936 9941 9937
f 9934 9939 9935
f 9935 9940 9936
f 9940 9945 9941
f 9939 9942 9943
f 9940 9943 9944
f 9945 9948 9949
f 9942 9947 9943
f 9943 9948 9944
f 9948 9953 9949
f 9947 9950 9951
f 9948 9951 9952
f 9953 9956 9957
f 9950 9955 9951
f 9951 9956 9952
f 9957 9960 9961
f 9955 9958 9959
f 9956 9959 9960
f 9961 9964 9965
f 9958 9963 9959
f 9959 9964 9960
f 9965 9968 9969
f 9963 9966 9967
f 9964 9967 9968
f 9968 9973 9969
f 9966 9971 9967
f 9967 9972 9968
f 9972 9977 9973
f 9970 9975 9971
f 9972 9975 9976
f 9977 9980 9981
f 9974 9979 9975
f 9975 9980 9976
f 9980 9985 9981
f 9979 9982 9983
f 9980 9983 9984
f 9985 9988 9989
f 9982 9987 9983
f 9983 9988 9984
f 9989 9992 9993
f 9986 9991 9987
f 9988 9991 9992
f 9993 9996 9997
f 9991 9994 9995
f 9991 9996 9992
f 9996 10001 9997
f 9994 9999 9995
f 9996 9999 10000
f 10000 10005 10001
f 9999 10002 10003
f 9999 10004 10000
f 10004 10009 10005
f 10003 10006 10007
f 10004 10007 10008
f 10009 10012 10013
f 10006 10011 10007
f 10007 10012 10008
f 10012 10017 10013
f 10011 10014 10015
f 10012 10015 10016
f 10017 10020 10021
f 10014 10019 10015
f 10015 10020 10016
f 10021 10024 10025
f 10019 10022 10023
f 10020 10023 10024
f 10024 10029 10025
f 10022 10027 10023
f 10023 10028 10024
f 10028 10033 10029
f 10027 10030 10031
f 10028 10031 10032
f 10032 10037 10033
f 10030 10035 10031
f 10031 10036 10032
f 10036 10041 10037
f 10035 10038 10039
f 10036 10039 10040
f 10041 10044 10045
f 10038 10043 10039
f 10039 10044 10040
f 10044 10049 10045
f 10043 10046 10047
f 10044 10047 10048
f 10049 10053 10054
f 10046 10052 10047
f 10047 10053 10048
f 10054 10057 10058
f 10052 10055 10056
f 10053 10056 10057
f 9930 10050 9934
f 9934 10050 9938
f 9938 10050 9942
f 9942 10050 9946
f 9946 10050 9950
f 9950 10050 9954
f 9954 10050 9958
f 9958 10050 9962
f 9962 10050 9966
f 9966 10050 9970
f 9970 10050 9974
f 9974 10050 9978
f 9978 10050 9982
f 9982 10050 9986
f 9986 10050 9990
f 9990 10050 9994
f 9994 10050 9998
f 9998 10050 10002
f 10002 10050 10006
f 10006 10050 10010
f 10010 10050 10014
f 10014 10050 10018
f 10018 10050 10022
f 10022 10050 10026
f 10026 10050 10030
f 10030 10050 10034
f 10034 10050 10038
f 10038 10050 10042
f 10042 10050 10046
f 10046 10050 10051
f 10051 10050 10055
f 10058 9932 9933
f 10055 9931 10056
f 10056 9932 10057
f 10055 10050 9930
f 10067 10079 10080
f 10064 10078 10065
f 10063 10075 10076
f 10061 10073 10074
f 10070 10082 10083
f 10067 10081 10068
f 10065 10079 10066
f 10064 10076 10077
f 10061 10075 10062
f 10059 10073 10060
f 10071 10083 10084
f 10069 10081 10082
f 10074 10088 10075
f 10072 10086 10073
f 10084 10096 10097
f 10081 10095 10082
f 10080 10092 10093
f 10078 10090 10091
f 10076 10088 10089
f 10074 10086 10087
f 10083 10095 10096
f 10080 10094 10081
f 10078 10092 10079
f 10076 10090 10077
f 10087 10101 10088
f 10086 10098 10099
f 10096 10110 10097
f 10094 10108 10095
f 10093 10105 10106
f 10091 10103 10104
f 10088 10102 10089
f 10087 10099 10100
f 10095 10109 10096
f 10094 10106 10107
f 10092 10104 10105
f 10089 10103 10090
f 10100 10114 10101
f 10098 10112 10099
f 10110 10122 10123
f 10108 10120 10121
f 10105 10119 10106
f 10103 10117 10104
f 10101 10115 10102
f 10100 10112 10113
f 10108 10122 10109
f 10106 10120 10107
f 10105 10117 10118
f 10103 10115 10116
f 10113 10127 10114
f 10112 10124 10125
f 10122 10136 10123
f 10120 10134 10121
f 10119 10131 10132
f 10117 10129 10130
f 10115 10127 10128
f 10113 10125 10126
f 10122 10134 10135
f 10119 10133 10120
f 10117 10131 10118
f 10115 10129 10116
f 10127 10139 10140
f 10124 10138 10125
f 10136 10148 10149
f 10134 10146 10147
f 10131 10145 10132
f 10130 10142 10143
f 10128 10140 10141
f 10125 10139 10126
f 10135 10147 10148
f 10133 10145 10146
f 10130 10144 10131
f 10128 10142 10129
f 10140 10152 10153
f 10138 10150 10151
f 10148 10162 10149
f 10147 10159 10160
f 10144 10158 10145
f 10143 10155 10156
f 10140 10154 10141
f 10138 10152 10139
f 10147 10161 10148
f 10146 10158 10159
f 10144 10156 10157
f 10141 10155 10142
f 10153 10165 10166
f 10151 10163 10164
f 10162 10174 10175
f 10159 10173 10160
f 10157 10171 10158
f 10156 10168 10169
f 10153 10167 10154
f 10151 10165 10152
f 10161 10173 10174
f 10159 10171 10172
f 10157 10169 10170
f 10154 10168 10155
f 10165 10179 10166
f 10163 10177 10164
f 10175 10187 10188
f 10173 10185 10186
f 10171 10183 10184
f 10168 10182 10169
f 10167 10179 10180
f 10165 10177 10178
f 10173 10187 10174
f 10171 10185 10172
f 10169 10183 10170
f 10168 10180 10181
f 10178 10192 10179
f 10176 10190 10177
f 10188 10200 10201
f 10185 10199 10186
f 10184 10196 10197
f 10182 10194 10195
f 10180 10192 10193
f 10178 10190 10191
f 10187 10199 10200
f 10184 10198 10185
f 10182 10196 10183
f 10180 10194 10181
f 10191 10205 10192
f 10190 10202 10203
f 10200 10214 10201
f 10198 10212 10199
f 10197 10209 10210
f 10195 10207 10208
f 10192 10206 10193
f 10191 10203 10204
f 10199 10213 10200
f 10197 10211 10198
f 10196 10208 10209
f 10193 10207 10194
f 10205 10217 10218
f 10202 10216 10203
f 10214 10226 10227
f 10211 10225 10212
f 10210 10222 10223
f 10207 10221 10208
f 10205 10219 10206
f 10204 10216 10217
f 10212 10226 10213
f 10210 10224 10211
f 10209 10221 10222
f 10207 10219 10220
f 10217 10231 10218
f 10216 10228 10229
f 10226 10240 10227
f 10224 10238 10225
f 10223 10235 10236
f 10221 10233 10234
f 10219 10231 10232
f 10217 10229 10230
f 10226 10238 10239
f 10223 10237 10224
f 10221 10235 10222
f 10219 10233 10220
f 10231 10243 10244
f 10228 10242 10229
f 10240 10252 10253
f 10238 10250 10251
f 10235 10249 10236
f 10234 10246 10247
f 10232 10244 10245
f 10229 10243 10230
f 10239 10251 10252
f 10237 10249 10250
f 10234 10248 10235
f 10232 10246 10233
f 10244 10256 10257
f 10242 10254 10255
f 10252 10266 10253
f 10251 10263 10264
f 10248 10262 10249
f 10247 10259 10260
f 10244 10258 10245
f 10242 10256 10243
f 10251 10265 10252
f 10250 10262 10263
f 10248 10260 10261
f 10245 10259 10246
f 10257 10269 10270
f 10255 10267 10268
f 10266 10278 10279
f 10263 10277 10264
f 10261 10275 10262
f 10260 10272 10273
f 10257 10271 10258
f 10255 10269 10256
f 10265 10277 10278
f 10263 10275 10276
f 10261 10273 10274
f 10258 10272 10259
f 10269 10283 10270
f 10267 10281 10268
f 10278 10292 10279
f 10277 10289 10290
f 10275 10287 10288
f 10272 10286 10273
f 10271 10283 10284
f 10269 10281 10282
f 10277 10291 10278
f 10275 10289 10276
f 10273 10287 10274
f 10272 10284 10285
f 10282 10296 10283
f 10280 10294 10281
f 10292 10304 10305
f 10289 10303 10290
f 10288 10300 10301
f 10286 10298 10299
f 10284 10296 10297
f 10282 10294 10295
f 10291 10303 10304
f 10288 10302 10289
f 10286 10300 10287
f 10284 10298 10285
f 10295 10309 10296
f 10294 10306 10307
f 10304 10318 10305
f 10302 10316 10303
f 10301 10313 10314
f 10299 10311 10312
f 10296 10310 10297
f 10295 10307 10308
f 10303 10317 10304
f 10301 10315 10302
f 10300 10312 10313
f 10297 10311 10298
f 10309 10321 10322
f 10307 10319 10320
f 10318 10330 10331
f 10316 10328 10329
f 10314 10326 10327
f 10311 10325 10312
f 10309 10323 10310
f 10308 10320 10321
f 10316 10330 10317
f 10314 10328 10315
f 10313 10325 10326
f 10311 10323 10324
f 10321 10335 10322
f 10320 10332 10333
f 10330 10344 10331
f 10329 10341 10342
f 10326 10340 10327
f 10325 10337 10338
f 10323 10335 10336
f 10320 10334 10321
f 10330 10342 10343
f 10328 10340 10341
f 10325 10339 10326
f 10323 10337 10324
f 10335 10348 10349
f 10332 10347 10333
f 10344 10357 10358
f 10342 10355 10356
f 10339 10354 10340
f 10337 10352 10338
f 10336 10349 10350
f 10333 10348 10334
f 10343 10356 10357
f 10341 10354 10355
f 10338 10353 10339
f 10337 10350 10351
f 10349 10361 10362
f 10347 10359 10360
f 10357 10371 10358
f 10356 10368 10369
f 10353 10367 10354
f 10351 10365 10352
f 10349 10363 10350
f 10347 10361 10348
f 10356 10370 10357
f 10355 10367 10368
f 10353 10365 10366
f 10351 10363 10364
f 10362 10374 10375
f 10360 10372 10373
f 10371 10383 10384
f 10368 10382 10369
f 10366 10380 10367
f 10365 10377 10378
f 10362 10376 10363
f 10360 10374 10361
f 10370 10382 10383
f 10368 10380 10381
f 10366 10378 10379
f 10363 10377 10364
f 10374 10388 10375
f 10372 10386 10373
f 10383 10397 10384
f 10382 10394 10395
f 10380 10392 10393
f 10377 10391 10378
f 10376 10388 10389
f 10374 10386 10387
f 10382 10396 10383
f 10380 10394 10381
f 10378 10392 10379
f 10377 10389 10390
f 10387 10401 10388
f 10385 10399 10386
f 10397 10409 10410
f 10394 10408 10395
f 10393 10405 10406
f 10390 10404 10391
f 10389 10401 10402
f 10387 10399 10400
f 10396 10408 10409
f 10393 10407 10394
f 10391 10405 10392
f 10390 10402 10403
f 10400 10414 10401
f 10399 10411 10412
f 10409 10423 10410
f 10407 10421 10408
f 10406 10418 10419
f 10403 10417 10404
f 10401 10415 10402
f 10400 10412 10413
f 10408 10422 10409
f 10406 10420 10407
f 10405 10417 10418
f 10403 10415 10416
f 10414 10426 10427
f 10411 10425 10412
f 10423 10435 10436
f 10420 10434 10421
f 10418 10432 10419
f 10416 10430 10417
f 10414 10428 10415
f 10412 10426 10413
f 10421 10435 10422
f 10419 10433 10420
f 10418 10430 10431
f 10416 10428 10429
f 10427 10439 10440
f 10425 10437 10438
f 10435 10449 10436
f 10433 10447 10434
f 10431 10445 10432
f 10430 10442 10443
f 10428 10440 10441
f 10425 10439 10426
f 10435 10447 10448
f 10433 10445 10446
f 10430 10444 10431
f 10428 10442 10429
f 10440 10452 10453
f 10437 10451 10438
f 10449 10461 10462
f 10447 10459 10460
f 10444 10458 10445
f 10443 10455 10456
f 10441 10453 10454
f 10438 10452 10439
f 10448 10460 10461
f 10446 10458 10459
f 10443 10457 10444
f 10441 10455 10442
f 10453 10465 10466
f 10451 10463 10464
f 10461 10475 10462
f 10460 10472 10473
f 10457 10471 10458
f 10456 10468 10469
f 10453 10467 10454
f 10451 10465 10452
f 10460 10474 10461
f 10459 10471 10472
f 10457 10469 10470
f 10454 10468 10455
f 10345 10071 10084
f 10345 10084 10097
f 10345 10097 10110
f 10345 10110 10123
f 10345 10123 10136
f 10345 10136 10149
f 10345 10149 10162
f 10345 10162 10175
f 10345 10175 10188
f 10345 10188 10201
f 10345 10201 10214
f 10345 10214 10227
f 10345 10227 10240
f 10345 10240 10253
f 10345 10253 10266
f 10345 10266 10279
f 10345 10279 10292
f 10345 10292 10305
f 10345 10305 10318
f 10345 10318 10331
f 10345 10331 10344
f 10345 10344 10358
f 10345 10358 10371
f 10345 10371 10384
f 10345 10384 10397
f 10345 10397 10410
f 10345 10410 10423
f 10345 10423 10436
f 10345 10436 10449
f 10345 10449 10462
f 10345 10462 10475
f 10466 10061 10062
f 10464 10059 10060
f 10474 10071 10475
f 10472 10069 10473
f 10470 10067 10471
f 10469 10064 10065
f 10466 10063 10467
f 10464 10061 10465
f 10345 10475 10071
f 10473 10070 10474
f 10472 10067 10068
f 10470 10065 10066
f 10467 10064 10468
f 9933 10463 10058
f 10463 10054 10058
f 10450 10049 10054
f 10437 10045 10049
f 10045 10411 10041
f 10041 10398 10037
f 10037 10385 10033
f 10385 10029 10033
f 10029 10359 10025
f 10359 10021 10025
f 10346 10017 10021
f 10332 10013 10017
f 10013 10306 10009
f 10009 10293 10005
f 10005 10280 10001
f 10280 9997 10001
f 9997 10254 9993
f 10254 9989 9993
f 10241 9985 9989
f 10228 9981 9985
f 9981 10202 9977
f 9977 10189 9973
f 9973 10176 9969
f 10176 9965 9969
f 9965 10150 9961
f 10150 9957 9961
f 10137 9953 9957
f 10124 9949 9953
f 9949 10098 9945
f 9945 10085 9941
f 9941 10072 9937
f 10072 9933 9937
f 4 3 2
f 8 7 6
f 13 16 15
f 17 28 19
f 32 31 30
f 36 35 34
f 37 40 39
f 21 22 23
f 25 26 27
f 41 44 43
f 48 47 46
f 52 51 50
f 53 56 55
f 60 59 58
f 29 30 62
f 66 65 64
f 67 5 6
f 72 71 70
f 76 75 74
f 77 80 79
f 81 84 83
f 59 87 86
f 88 91 90
f 96 95 94
f 100 99 98
f 101 104 103
f 106 105 34
f 108 116 115
f 117 119 36
f 124 127 126
f 131 130 129
f 132 102 134
f 142 141 140
f 148 106 60
f 144 143 127
f 149 152 151
f 156 155 154
f 159 150 158
f 116 108 164
f 171 170 169
f 174 126 173
f 179 182 181
f 186 189 188
f 194 197 196
f 199 142 139
f 206 209 208
f 213 212 211
f 202 215 214
f 96 93 216
f 92 238 43
f 97 184 246
f 250 249 229
f 252 254 58
f 258 257 256
f 260 91 229
f 110 111 112
f 114 264 263
f 265 268 267
f 56 53 270
f 274 273 249
f 185 183 63
f 280 279 278
f 285 284 283
f 288 219 211
f 141 142 92
f 289 290 175
f 148 116 105
f 312 311 170
f 238 262 42
f 318 163 160
f 310 309 308
f 241 239 325
f 160 230 240
f 47 48 307
f 108 109 315
f 345 85 86
f 348 351 350
f 356 359 358
f 355 354 353
f 363 31 32
f 364 252 253
f 366 125 368
f 183 372 371
f 163 162 161
f 209 226 101
f 378 377 165
f 379 295 381
f 383 382 3
f 284 285 386
f 387 127 389
f 391 259 229
f 73 281 397
f 405 408 407
f 203 218 411
f 414 121 413
f 1 356 357
f 277 276 131
f 254 344 57
f 358 384 415
f 417 416 386
f 401 400 192
f 419 389 127
f 421 181 182
f 103 301 302
f 428 367 368
f 380 390 359
f 62 204 266
f 140 141 431
f 357 358 351
f 356 1 379
f 415 392 403
f 437 428 436
f 438 441 440
f 188 451 450
f 265 455 181
f 224 185 64
f 237 212 213
f 275 131 128
f 281 282 460
f 50 462 79
f 73 74 282
f 468 467 466
f 390 355 352
f 482 485 484
f 489 488 487
f 493 496 495
f 472 471 470
f 502 501 500
f 220 221 222
f 512 419 143
f 518 517 511
f 513 239 230
f 205 30 31
f 189 370 451
f 163 318 532
f 533 224 225
f 446 448 447
f 335 541 540
f 544 512 546
f 329 519 291
f 199 534 262
f 385 386 416
f 532 190 191
f 363 117 118
f 578 581 580
f 573 572 571
f 561 563 562
f 241 260 259
f 590 593 592
f 545 546 595
f 503 154 155
f 606 625 624
f 478 481 480
f 646 649 648
f 590 591 689
f 564 565 651
f 728 246 184
f 714 724 716
f 692 574 575
f 541 335 581
f 346 68 248
f 161 231 230
f 128 129 94
f 698 705 704
f 574 577 576
f 290 289 401
f 630 631 725
f 733 736 735
f 755 466 496
f 759 480 481
f 757 763 762
f 764 496 466
f 768 767 9260
f 759 760 488
f 492 474 475
f 474 770 769
f 773 468 465
f 771 774 486
f 484 485 775
f 774 776 489
f 495 496 764
f 495 757 761
f 137 397 784
f 325 239 797
f 165 519 51
f 369 32 29
f 730 731 568
f 90 302 301
f 243 118 516
f 800 734 806
f 817 815 808
f 816 808 823
f 306 303 447
f 815 810 809
f 829 830 828
f 726 725 501
f 274 427 424
f 879 882 881
f 884 883 879
f 219 218 217
f 906 905 904
f 455 204 205
f 898 882 830
f 903 900 880
f 377 291 519
f 923 949 948
f 946 947 951
f 8963 740 739
f 900 899 886
f 225 64 65
f 182 445 442
f 809 952 947
f 954 960 962
f 927 950 965
f 885 879 880
f 925 927 966
f 343 342 341
f 965 964 971
f 968 971 970
f 972 968 969
f 963 961 981
f 336 337 338
f 992 993 827
f 810 815 996
f 1007 1001 1002
f 1012 826 827
f 1011 1009 1007
f 294 293 292
f 907 908 920
f 1017 579 1019
f 1020 1023 1022
f 1035 1024 1020
f 1061 1060 1047
f 1063 1061 1046
f 1044 1020 1021
f 1102 1094 1097
f 1116 1126 1118
f 1016 1015 1014
f 881 897 904
f 816 1116 1127
f 1094 948 949
f 514 342 167
f 146 145 81
f 1133 1135 1130
f 1102 1133 1126
f 822 1126 1116
f 1145 1143 1148
f 1076 1144 1151
f 1148 1143 1086
f 1109 1097 1114
f 1154 1153 1156
f 1153 925 967
f 8815 8941 463
f 1144 1147 1152
f 1156 967 1163
f 1164 1162 1169
f 1145 1171 1176
f 1114 1115 1154
f 1183 1155 1164
f 1184 1183 1177
f 1069 1151 1062
f 1023 1191 1194
f 1162 1163 1170
f 1195 1184 1185
f 1183 1196 1176
f 1201 1063 1152
f 1061 1063 1201
f 9277 847 843
f 1203 1202 1195
f 1202 1201 1184
f 1218 1060 1203
f 1060 1061 1202
f 1225 1218 1217
f 671 695 694
f 1219 1217 1024
f 1217 1203 1034
f 1226 1014 1015
f 1243 1242 1234
f 1231 1230 1229
f 847 1243 1233
f 843 1233 1244
f 1233 1234 1245
f 1923 9213 233
f 2100 2108 499
f 9366 9316 2135
f 61 62 323
f 210 211 217
f 1299 1310 1309
f 9315 1230 1231
f 1066 1047 1321
f 1322 1321 1228
f 1060 1218 1321
f 1325 1324 1323
f 1244 1245 1332
f 1290 1234 1242
f 1337 1330 1339
f 1330 1332 1340
f 1341 1332 1245
f 1342 1340 1332
f 1343 1342 1341
f 1344 1341 1294
f 9309 9308 1345
f 1347 1348 1342
f 9308 9306 1295
f 1349 1350 1348
f 9313 1349 1347
f 9305 1347 1343
f 906 898 829
f 905 906 1353
f 865 1356 1355
f 1355 1353 829
f 1357 1355 825
f 1356 1354 1353
f 9286 1337 1338
f 866 1358 1356
f 1358 1359 1354
f 9280 878 1337
f 838 1362 1012
f 1363 1364 1338
f 1368 1363 1339
f 1348 1368 1340
f 1371 1369 9276
f 524 525 526
f 528 529 530
f 1372 1370 1369
f 535 536 537
f 1367 1368 1348
f 1370 1354 1359
f 1369 1359 9285
f 1373 910 903
f 555 556 557
f 1374 909 910
f 1373 904 905
f 1374 1373 1375
f 1375 905 1354
f 1378 920 908
f 376 373 651
f 1388 928 973
f 586 587 588
f 1390 1389 1388
f 1391 1388 969
f 597 598 599
f 600 601 602
f 1392 1391 970
f 608 609 610
f 612 524 523
f 614 615 616
f 617 618 25
f 620 621 622
f 1397 1390 1391
f 1398 1397 1392
f 1400 987 920
f 1402 1403 1165
f 636 637 638
f 930 1404 1402
f 641 642 643
f 929 1402 1169
f 1404 1405 1403
f 1411 1366 1365
f 1412 1406 1415
f 652 653 654
f 609 656 657
f 659 660 661
f 558 663 586
f 665 666 667
f 1413 1411 1406
f 1418 1416 9262
f 1417 1372 1371
f 1416 1371 9281
f 1419 1417 1416
f 1386 909 1374
f 677 678 679
f 1385 1386 1420
f 1420 1374 1376
f 685 686 687
f 1421 1420 1422
f 528 690 691
f 1422 1376 1372
f 1018 1019 747
f 699 700 701
f 1424 578 579
f 9115 1597 1767
f 700 699 711
f 1093 9198 9206
f 717 718 530
f 721 722 723
f 704 1650 8987
f 19 1429 1426
f 1429 1428 1427
f 1658 1659 8986
f 1439 1437 1434
f 1437 1436 1435
f 1426 1427 1433
f 1442 1431 1432
f 742 743 744
f 1432 1433 1441
f 751 752 753
f 1438 1434 1403
f 1446 1445 1444
f 1447 1448 1446
f 9312 1447 1443
f 1415 1367 1445
f 1414 1415 1446
f 2173 1683 469
f 777 778 779
f 780 781 782
f 1676 1693 1806
f 9311 1451 1349
f 789 790 791
f 745 792 793
f 652 794 795
f 1455 1458 1457
f 1454 1367 1350
f 610 691 802
f 9283 9268 698
f 1352 1044 1045
f 1015 1016 1459
f 811 812 813
f 2118 9267 9269
f 819 820 821
f 1466 1463 1194
f 1467 1468 1465
f 1182 1165 1468
f 832 812 833
f 835 836 837
f 1467 1466 1190
f 1469 1470 1444
f 840 700 712
f 1453 1470 1469
f 599 844 845
f 1226 1450 9301
f 851 852 853
f 855 744 856
f 858 859 860
f 861 862 863
f 1014 1226 9307
f 867 676 868
f 870 871 872
f 874 875 876
f 1310 1323 1471
f 1476 1433 1427
f 1461 1476 1475
f 887 888 889
f 788 791 892
f 894 895 896
f 1460 1475 1227
f 901 902 524
f 1465 1478 1477
f 1865 8947 8944
f 911 912 913
f 916 917 918
f 1850 8949 8951
f 921 922 895
f 1479 1435 1436
f 926 664 667
f 1481 562 563
f 269 1483 84
f 931 932 933
f 934 935 614
f 936 685 688
f 938 659 662
f 1484 270 122
f 941 942 835
f 320 321 509
f 1849 8954 8949
f 84 1483 1484
f 1487 1490 1488
f 1757 1758 8946
f 365 1492 1491
f 461 79 80
f 117 363 362
f 1494 540 541
f 926 601 957
f 1477 1441 1433
f 1709 1588 1585
f 119 117 1496
f 271 1497 504
f 511 517 189
f 345 1496 1492
f 57 344 299
f 1501 1499 268
f 267 268 1499
f 974 975 976
f 1678 1652 1693
f 9298 1682 1807
f 557 982 663
f 983 941 984
f 1443 1444 9301
f 421 1500 268
f 989 990 991
f 1490 1487 418
f 279 280 309
f 997 868 676
f 998 26 999
f 1504 418 38
f 1506 1508 1507
f 360 361 1508
f 1506 1486 207
f 939 1005 1006
f 270 1484 1483
f 66 63 546
f 1010 742 793
f 367 428 437
f 244 31 363
f 1670 8976 8978
f 209 206 1510
f 388 389 426
f 427 274 250
f 161 520 521
f 100 246 45
f 1025 1026 608
f 1029 1030 1031
f 939 662 1033
f 41 42 594
f 1036 780 783
f 702 701 1038
f 1040 1041 1042
f 362 32 369
f 187 1520 477
f 70 1487 539
f 1049 600 603
f 613 867 869
f 860 1050 1051
f 1005 1052 1053
f 753 1055 1056
f 1057 1058 1059
f 293 288 1522
f 288 212 1521
f 292 1522 1523
f 331 1507 1508
f 306 452 453
f 100 44 41
f 462 1524 78
f 330 331 1524
f 635 1067 1068
f 1485 1527 1526
f 206 1485 1528
f 1070 1071 1072
f 942 941 1073
f 916 933 1075
f 440 1529 1530
f 157 158 1514
f 1529 162 5
f 371 595 546
f 790 586 663
f 1077 858 857
f 1403 1434 1435
f 1080 1081 1082
f 531 520 1529
f 21 1083 1084
f 272 1532 1531
f 690 712 802
f 335 9015 9011
f 1090 1030 1029
f 1092 795 794
f 1533 396 137
f 661 660 1095
f 69 444 445
f 1099 1100 1101
f 38 39 1536
f 1104 1105 1106
f 852 1107 1108
f 1377 908 909
f 291 377 411
f 316 1536 516
f 539 1488 1533
f 1505 1536 316
f 1110 1111 1112
f 1539 1537 460
f 522 441 1537
f 834 837 1120
f 1122 1123 1124
f 612 1125 1041
f 935 793 615
f 276 278 130
f 1686 8993 8966
f 193 190 1541
f 231 521 1540
f 556 1037 982
f 365 253 85
f 190 532 318
f 1810 765 9018
f 9376 1867 8956
f 1132 983 985
f 208 101 102
f 1134 1033 662
f 1491 518 80
f 429 133 1542
f 1137 1138 915
f 172 436 428
f 1139 1140 1141
f 549 96 54
f 1517 1519 1518
f 834 1119 984
f 1543 513 286
f 1544 797 239
f 133 134 1544
f 506 361 257
f 420 327 328
f 1158 1159 1160
f 587 1104 1103
f 607 1161 1027
f 304 1546 1545
f 364 1491 77
f 69 70 198
f 700 840 1112
f 9329 626 8969
f 1166 719 657
f 1167 1168 858
f 1300 8967 8968
f 1172 1173 1174
f 218 203 200
f 1179 1180 1181
f 372 183 97
f 89 104 227
f 1186 1187 1188
f 172 173 1517
f 1482 84 81
f 1090 1192 1193
f 394 395 353
f 526 525 1198
f 1199 1200 1026
f 606 623 697
f 1204 1205 1206
f 1207 1208 523
f 1209 1210 867
f 914 913 685
f 1478 1436 1441
f 1029 1028 1161
f 1211 1212 1213
f 9310 1453 1451
f 844 1215 1216
f 423 193 273
f 1220 1221 1222
f 22 1223 1224
f 882 898 897
f 1519 1517 173
f 1189 1188 1232
f 349 350 550
f 1071 1235 1236
f 1237 1238 1239
f 1221 1186 1189
f 1510 1528 1512
f 939 1032 1241
f 1556 1530 5
f 1553 1554 394
f 404 1556 67
f 1247 1248 1249
f 142 199 238
f 1251 1067 635
f 850 1252 1253
f 1254 1167 1077
f 57 132 133
f 443 430 552
f 1187 1172 1175
f 1256 1070 831
f 432 405 382
f 741 748 747
f 434 350 351
f 349 432 383
f 251 124 1481
f 395 384 352
f 1518 1519 1550
f 1558 410 378
f 109 263 314
f 285 1514 1513
f 395 394 393
f 202 203 410
f 417 408 405
f 1246 1257 1258
f 3 1559 297
f 1259 1260 1261
f 403 404 347
f 955 954 953
f 462 50 51
f 1096 1095 687
f 429 147 60
f 896 1264 1265
f 1267 721 1268
f 423 424 327
f 37 179 180
f 20 23 1187
f 1256 1168 1071
f 1188 1175 1269
f 1236 1270 1271
f 1272 536 535
f 565 564 463
f 1273 792 745
f 876 1254 1255
f 316 33 164
f 437 1516 503
f 194 1494 1495
f 1275 1276 864
f 624 625 631
f 1277 1274 1137
f 569 568 567
f 1481 124 125
f 324 325 547
f 1279 1108 1107
f 1525 332 329
f 1281 1278 1137
f 171 168 1553
f 1488 73 396
f 1557 1561 1562
f 1282 856 1206
f 1053 1277 1278
f 778 777 607
f 713 583 9010
f 251 225 144
f 4 357 348
f 709 708 707
f 728 48 45
f 261 135 1563
f 789 1286 1287
f 74 314 263
f 403 284 385
f 1178 1181 1240
f 1223 1259 1289
f 1220 20 1186
f 296 1518 354
f 784 459 1538
f 1181 1180 1291
f 1269 1292 1257
f 1566 1538 438
f 136 784 1566
f 1563 1564 169
f 107 114 109
f 1297 1282 1298
f 1464 1477 1476
f 1520 187 507
f 1301 1302 1303
f 1306 1307 1308
f 175 456 1532
f 1532 456 200
f 1311 1266 1312
f 872 1314 1315
f 9288 843 878
f 1305 1308 864
f 1040 1275 863
f 1564 1566 399
f 592 1576 1575
f 591 1575 1088
f 1581 1584 1583
f 1196 1152 1147
f 710 582 583
f 285 407 408
f 953 954 961
f 1594 1592 1589
f 1585 1588 1587
f 1592 1591 1590
f 9337 945 944
f 1600 1599 1598
f 1604 1603 1602
f 1399 1392 979
f 1589 1590 1596
f 1610 1609 1608
f 298 257 361
f 551 552 276
f 1627 1626 9266
f 859 811 818
f 1078 857 1328
f 1555 439 1530
f 572 573 680
f 772 465 776
f 977 1281 918
f 404 403 392
f 1054 1331 750
f 1644 1645 1643
f 932 1265 1082
f 1067 1333 1334
f 1540 1539 264
f 597 1335 643
f 471 761 762
f 1642 696 9283
f 1644 1642 9294
f 923 946 950
f 96 549 548
f 520 531 522
f 445 444 443
f 849 839 848
f 480 759 755
f 1646 760 481
f 311 426 1567
f 464 463 8941
f 8941 1360 1361
f 234 237 236
f 190 193 192
f 153 154 152
f 231 287 286
f 1552 1553 1551
f 760 1646 1648
f 9284 1647 1649
f 828 827 826
f 52 167 166
f 1663 1662 1661
f 287 107 115
f 668 671 670
f 634 645 640
f 553 560 559
f 118 36 33
f 492 484 491
f 8996 1652 1651
f 582 589 584
f 384 395 392
f 1381 1382 1383
f 1562 1561 435
f 952 953 951
f 8973 9010 583
f 1660 1661 1667
f 1394 1395 1396
f 1660 1665 1664
f 1671 1670 1669
f 1624 1625 1673
f 1407 1408 1409
f 1677 1676 1675
f 1613 1679 1677
f 1679 1678 1676
f 1626 1681 9263
f 534 199 198
f 803 733 734
f 400 248 191
f 65 66 143
f 8970 1657 1656
f 402 159 157
f 629 628 627
f 461 477 49
f 758 757 495
f 796 787 786
f 406 407 1513
f 342 343 166
f 1694 1659 1658
f 1692 1687 1694
f 9001 1693 1652
f 9373 1704 1703
f 326 547 302
f 9368 9373 1702
f 9371 9370 1698
f 1699 1691 9379
f 1557 406 1560
f 1127 1116 1117
f 400 401 289
f 1706 1702 1707
f 1707 1702 1599
f 1709 1706 1708
f 1714 1712 1711
f 9371 9367 1709
f 1704 1711 1577
f 1716 1714 1713
f 1559 1562 1549
f 1722 1721 1720
f 1335 597 596
f 410 411 377
f 973 1170 1163
f 168 169 399
f 1571 682 1089
f 1572 681 682
f 749 646 647
f 1730 1724 1723
f 1594 1582 1729
f 1729 1723 1591
f 1384 1378 1377
f 1732 1731 1712
f 1724 1730 1731
f 1722 1724 1732
f 1721 1722 1733
f 1734 1733 1716
f 1735 1737 1736
f 1733 1732 1714
f 1663 1664 1741
f 1742 1665 1740
f 1738 1739 1737
f 1665 1660 1666
f 1665 1742 1744
f 1725 1726 1746
f 1591 1725 1745
f 1590 1745 1747
f 1745 1746 1748
f 1659 1688 8982
f 5650 1760 8989
f 1185 1177 1182
f 1664 1744 1749
f 1741 1749 1739
f 1746 1742 1743
f 1726 1744 1742
f 1115 924 1153
f 1654 8990 9019
f 1896 9006 8993
f 1720 1749 1744
f 1721 1739 1749
f 1750 1718 1701
f 1697 1736 1750
f 1151 1152 1063
f 1751 1752 1670
f 1695 1658 1752
f 961 962 986
f 1770 1769 1768
f 1766 1594 1593
f 1731 1759 1579
f 1579 1777 1774
f 9380 1772 1771
f 1764 1772 9380
f 1777 1776 1775
f 9214 9215 1699
f 1004 1127 1128
f 1774 1775 1771
f 987 1400 1399
f 1578 1774 1772
f 1783 1782 1781
f 1597 1598 1770
f 639 1878 9347
f 9380 9381 1769
f 1793 1792 1789
f 9381 9372 1798
f 8952 8960 9225
f 1802 1867 9376
f 1788 1790 1794
f 1793 1794 1795
f 9225 9224 1675
f 1584 1581 1783
f 1771 1797 9372
f 1801 1799 1798
f 1768 1769 1798
f 1775 1796 1797
f 508 514 515
f 1796 1803 1802
f 1800 1798 9372
f 1794 1805 1804
f 8976 1670 1752
f 485 1808 1807
f 9261 9296 1640
f 9289 9296 1810
f 485 482 1640
f 1690 1691 9222
f 487 488 1648
f 9291 1813 1816
f 9290 1811 1648
f 9291 1812 1811
f 1812 1809 487
f 1641 1809 767
f 465 466 755
f 767 1815 9275
f 9274 1816 9278
f 1809 1812 1815
f 9289 1653 1651
f 675 672 8985
f 1814 1649 1822
f 1821 1822 9273
f 1824 1822 1649
f 1827 1849 1850
f 1668 1669 1662
f 1779 1780 1848
f 1790 1827 1805
f 1833 1836 1853
f 8965 8950 693
f 1614 1615 1616
f 1852 1853 8942
f 1620 1621 1622
f 1855 1765 1574
f 1847 1852 8945
f 1766 1765 1855
f 1629 1630 1631
f 1633 1622 1634
f 1635 1636 1637
f 1848 1833 1852
f 1855 1861 1863
f 1803 1866 1867
f 1862 1863 1831
f 1782 1855 1862
f 9374 9376 1865
f 1873 1872 1870
f 1874 1869 799
f 2045 9330 9349
f 1219 1345 1295
f 1615 1614 1396
f 9336 9347 1877
f 645 9350 9238
f 1345 1219 1035
f 634 639 9336
f 15 1887 1327
f 9362 9347 1878
f 1894 604 605
f 8950 8995 627
f 9004 640 645
f 340 341 454
f 1897 194 195
f 1889 1882 1877
f 1901 94 129
f 196 749 754
f 1705 1704 9373
f 340 378 166
f 1570 1480 563
f 1904 1494 194
f 1781 1862 1832
f 1905 549 55
f 1000 994 995
f 986 919 920
f 1191 1185 1190
f 2094 2077 2075
f 1920 1921 1919
f 453 454 1912
f 1915 1919 1918
f 9334 2112 2106
f 1655 9019 8975
f 1916 1918 1926
f 704 8998 9005
f 278 1916 1925
f 9009 9008 1818
f 1097 949 1115
f 1927 1928 727
f 9030 9031 9106
f 1920 310 307
f 1929 307 48
f 503 504 1497
f 1902 1903 787
f 1816 1821 9272
f 1925 1926 1923
f 1535 1569 1568
f 254 252 258
f 1509 1497 366
f 119 86 35
f 219 288 293
f 141 46 47
f 542 205 244
f 1940 552 430
f 1779 1828 1827
f 1701 1710 9367
f 1661 8994 8959
f 270 53 754
f 197 1947 749
f 1727 1728 1212
f 53 54 232
f 1465 1468 1479
f 1284 9314 9306
f 1951 446 412
f 168 398 1554
f 1486 1485 206
f 506 77 78
f 994 1001 1007
f 951 953 963
f 1013 9311 9313
f 9278 9272 1820
f 1498 1909 1954
f 299 298 543
f 1754 1755 1756
f 1681 469 1683
f 1696 1694 1695
f 13 14 738
f 473 476 475
f 482 1641 768
f 204 62 30
f 1761 1762 820
f 611 1763 1125
f 1501 1503 1908
f 1074 1073 711
f 1960 1944 82
f 120 1956 1960
f 35 86 87
f 1773 1199 1025
f 1965 1545 1569
f 494 761 471
f 1966 1967 1969
f 446 1951 1971
f 174 368 125
f 1580 1579 1578
f 1785 1786 1787
f 1972 1546 304
f 1254 876 875
f 1973 341 342
f 321 1912 1973
f 1910 277 275
f 509 1973 514
f 1486 1507 1527
f 1974 1874 804
f 1977 1976 1974
f 1980 448 1966
f 379 1 2
f 1718 1715 1710
f 884 995 992
f 1680 1684 1678
f 902 990 525
f 344 255 256
f 135 138 137
f 448 446 1967
f 589 605 604
f 910 909 908
f 1981 1966 1968
f 1982 1981 1987
f 1988 1979 1987
f 1990 1988 1989
f 1991 1989 1993
f 322 321 320
f 992 828 830
f 1144 1076 1086
f 1995 1977 1978
f 1133 1129 1118
f 1997 1995 1994
f 870 1823 1335
f 805 806 1982
f 727 184 2000
f 1996 1994 1988
f 1994 1978 1979
f 1829 616 792
f 1830 1073 941
f 798 803 800
f 729 732 731
f 2011 2012 2023
f 1834 1835 846
f 402 283 284
f 2022 2023 2024
f 1838 718 989
f 810 955 952
f 1823 1839 1840
f 1430 1426 1432
f 1215 844 1841
f 1316 1208 873
f 2112 1401 1384
f 1842 1843 1844
f 1159 846 845
f 837 27 1846
f 1971 1951 2030
f 517 369 370
f 1471 2026 2027
f 8995 8969 626
f 2174 2175 770
f 935 934 1854
f 1613 1619 1611
f 1231 1228 1225
f 1856 1857 891
f 1300 1309 748
f 1150 1149 1858
f 1643 606 696
f 1215 1265 1264
f 1320 1860 902
f 1956 1943 1944
f 2031 668 669
f 2034 1325 1310
f 1879 1880 1656
f 40 245 242
f 1992 1993 2039
f 888 958 957
f 1882 1889 1996
f 1078 1138 1255
f 1871 912 1192
f 294 411 218
f 1323 2041 2026
f 123 1960 83
f 1324 2036 2041
f 384 358 359
f 1324 1325 2038
f 1883 1884 1885
f 287 1540 114
f 1096 1886 1134
f 915 1329 931
f 806 1980 1981
f 8977 8973 584
f 1425 2030 2042
f 1018 2042 1948
f 9006 1896 740
f 1948 2042 649
f 1881 1882 1990
f 1900 129 130
f 992 995 994
f 923 927 925
f 9330 2045 2047
f 1643 2048 625
f 2050 2052 2051
f 2045 1405 1404
f 9328 2047 945
f 1139 1080 1079
f 1037 1856 892
f 2055 2053 2057
f 1198 989 718
f 1619 2058 1612
f 2058 1605 1606
f 2059 2060 1607
f 2058 1619 1624
f 71 72 179
f 405 406 1557
f 322 1548 1972
f 2061 2052 2063
f 2066 2065 2067
f 2052 2061 2064
f 1609 1610 2066
f 1515 151 152
f 1009 827 993
f 1644 9295 9267
f 279 1915 1916
f 1285 9315 9314
f 1647 2066 1825
f 2056 2057 2067
f 319 320 1953
f 667 666 1913
f 2070 631 625
f 2052 2050 2055
f 2038 1654 1655
f 1606 1601 2073
f 1235 1917 1270
f 2072 2073 2075
f 2059 1606 2072
f 2074 2075 2077
f 1601 1602 2078
f 2049 2048 1643
f 1000 1004 1001
f 1089 943 684
f 1931 1286 1306
f 1462 1459 1021
f 1932 1933 1934
f 875 874 1846
f 1936 1051 1937
f 44 45 46
f 1534 1955 1956
f 1541 318 317
f 2081 2082 2084
f 146 1945 1959
f 1360 1941 1942
f 985 984 1032
f 1995 1997 1892
f 2079 2080 2082
f 2095 2096 2076
f 2081 2093 2078
f 2055 2050 2054
f 501 2096 2095
f 2097 2100 2099
f 2098 2099 2094
f 2140 2141 9345
f 2141 2046 9346
f 2051 2070 2048
f 592 2102 2101
f 2071 2064 2076
f 2102 2097 2098
f 593 2103 2102
f 1019 1895 746
f 1950 11 12
f 725 2071 2096
f 1385 2105 2104
f 1379 2104 2106
f 2107 2108 2100
f 9360 726 502
f 9348 502 499
f 940 1389 2109
f 928 929 1170
f 9320 590 684
f 1962 1963 1964
f 9330 680 573
f 2039 1993 1968
f 1389 1390 2110
f 1398 2111 2113
f 9209 9207 9205
f 9363 9335 2107
f 949 923 924
f 260 241 324
f 1390 1397 2113
f 2070 2051 2064
f 9319 9363 2103
f 2105 1385 1421
f 2114 1421 1423
f 9344 2114 2115
f 9360 2105 2114
f 554 2116 1902
f 972 1163 967
f 1765 1593 1573
f 1984 1985 1986
f 2053 2117 2069
f 9017 9000 724
f 1625 1677 1674
f 9333 9340 2119
f 9355 2115 2123
f 56 1954 1906
f 626 9329 9331
f 2001 2002 2003
f 9364 9293 2127
f 2006 2007 2008
f 2127 1413 1412
f 2014 2015 2016
f 2018 2019 2020
f 1495 1424 1947
f 1379 1377 1386
f 9266 9263 1680
f 2029 1885 1884
f 9354 2128 2120
f 629 9331 9366
f 682 683 943
f 724 1650 2121
f 1757 1819 9273
f 765 1810 9296
f 9303 714 715
f 706 707 9322
f 981 986 987
f 1457 1868 1656
f 2017 2016 2032
f 1458 1655 1868
f 1776 1777 1792
f 1959 1945 1946
f 9115 9167 9177
f 9365 9333 2122
f 1093 1089 689
f 966 965 968
f 9304 715 9333
f 2172 9029 2170
f 670 2138 2137
f 9213 787 1903
f 1429 19 28
f 964 963 978
f 9293 9265 1413
f 1473 1474 669
f 9286 9285 1359
f 2138 798 1870
f 1872 1473 2137
f 715 716 9340
f 1881 1991 1992
f 9295 9294 739
f 1837 1847 8957
f 253 58 59
f 1808 9289 9292
f 1647 9284 9270
f 9317 9318 671
f 2112 9334 9335
f 1405 2045 2044
f 9281 9276 1364
f 273 1541 391
f 576 632 8964
f 9327 9317 668
f 1430 1431 2140
f 2136 9302 9312
f 1430 2139 18
f 9345 9346 570
f 1442 1439 2046
f 1431 1442 2141
f 9321 9365 9302
f 9260 9275 1817
f 9318 9345 695
f 2142 2025 798
f 571 2143 2142
f 9271 9266 1618
f 2143 2022 2025
f 694 2142 2138
f 681 1572 2144
f 2144 2011 2022
f 328 210 457
f 1572 2010 2011
f 630 9344 9355
f 2085 2086 2087
f 2090 2091 2092
f 572 2144 2143
f 1875 1976 2153
f 1873 1875 2149
f 2103 2107 2097
f 2157 2043 2155
f 2128 1412 1414
f 9326 9323 589
f 9324 9322 628
f 2149 2153 2158
f 2159 2158 9357
f 698 9359 9354
f 9275 9299 9279
f 2158 2156 9326
f 1438 2044 2046
f 2035 2154 2160
f 2161 2160 9341
f 9323 9343 605
f 9325 17 18
f 370 29 61
f 649 1951 413
f 2153 2157 2156
f 1428 1429 1449
f 1490 76 73
f 9342 9357 710
f 2155 1891 9343
f 1456 1457 1880
f 2125 2088 2087
f 2160 2159 9342
f 300 1959 505
f 1064 1062 1046
f 2043 1892 1891
f 2129 2130 2004
f 2131 2132 2133
f 9300 9301 1450
f 1998 1975 804
f 9331 673 9316
f 474 492 490
f 1164 1165 1182
f 707 2162 9361
f 708 1472 2162
f 2162 2161 9338
f 548 549 1905
f 1145 1136 1114
f 705 2121 1650
f 2043 2157 1977
f 737 738 554
f 1034 1195 1191
f 458 1905 1907
f 195 196 232
f 2040 2039 1969
f 2145 2146 2147
f 2054 2050 2049
f 9284 1646 1639
f 9 12 11
f 252 364 506
f 472 478 479
f 1865 9376 9243
f 900 903 910
f 1941 2150 2151
f 1921 1928 1927
f 2163 1897 1898
f 271 156 153
f 1904 1326 12
f 282 263 264
f 1872 1873 2154
f 1326 1904 1897
f 628 692 693
f 1724 1722 1719
f 1549 1562 436
f 1582 1583 1730
f 1921 1920 1929
f 9007 8955 10
f 2152 2037 1950
f 475 772 774
f 769 2172 2171
f 2171 2165 476
f 476 773 772
f 1791 565 464
f 2166 2167 2168
f 595 371 372
f 483 1809 1641
f 762 2174 2173
f 771 483 484
f 486 487 1809
f 297 1549 1517
f 763 2175 2174
f 776 755 759
f 184 185 2176
f 412 447 303
f 2005 2176 185
f 9263 1681 1682
f 2164 2170 756
f 1472 2035 2161
f 950 951 964
f 2177 2178 2179
f 227 226 1510
f 2182 2183 2184
f 2186 2019 2018
f 1985 2182 2181
f 214 736 729
f 865 849 842
f 849 865 1357
f 559 3187 3188
f 16 13 737
f 560 553 498
f 3193 3196 3195
f 3200 3197 3198
f 3211 3214 3213
f 3215 3218 3217
f 2187 2188 2002
f 3233 3236 3235
f 3223 3221 3222
f 3229 3232 3231
f 3245 3248 3247
f 2169 2168 2189
f 2192 2086 2085
f 2193 2194 2195
f 2198 2199 2200
f 1998 1982 1979
f 9116 9117 9120
f 3253 3256 3255
f 2116 1898 1903
f 1859 2006 2009
f 9356 2123 2126
f 1135 1148 1087
f 2201 2202 2015
f 1149 111 110
f 3261 3264 3263
f 3269 3272 3271
f 3265 3268 3267
f 3229 3230 3284
f 3289 3292 3291
f 3299 3302 3301
f 3307 3263 3264
f 3293 3296 3295
f 3297 3223 3224
f 3319 3321 3291
f 3322 3323 3318
f 3314 3313 3312
f 3285 3288 3287
f 3332 3333 3218
f 3329 3331 3330
f 3324 3325 3227
f 3298 3224 3326
f 2203 2204 2205
f 579 580 1895
f 1755 2207 2208
f 3337 3340 3339
f 9343 9362 1893
f 1211 2151 2150
f 868 997 2210
f 3347 3350 3349
f 944 945 930
f 2130 2129 2202
f 233 1903 1898
f 665 751 750
f 1167 1254 999
f 2211 2212 2213
f 2215 2216 2217
f 9319 593 590
f 2220 221 220
f 823 824 948
f 3375 3240 3377
f 3393 3392 3391
f 3353 3358 3357
f 3363 3366 3365
f 3402 3405 3404
f 266 204 455
f 9334 2108 2107
f 2221 2222 8963
f 2223 2224 2225
f 2207 2125 2124
f 3293 3309 3336
f 673 674 9321
f 817 1000 996
f 2227 2228 2146
f 1947 1948 646
f 9352 2135 17
f 2229 1635 1638
f 1679 1613 1618
f 1637 2231 2232
f 2233 2234 1617
f 2231 2235 2236
f 3406 3409 3408
f 1381 1638 2238
f 9038 2241 2242
f 3414 3416 3341
f 1630 2234 2233
f 1681 1626 472
f 1408 1407 2243
f 3423 3426 3425
f 3433 3351 3263
f 3434 3429 3430
f 3440 3443 3442
f 3444 3447 3446
f 3436 3451 3450
f 3442 3443 3456
f 1637 2230 2238
f 3445 3446 3437
f 3448 3443 3440
f 1409 1408 1634
f 1380 1383 2247
f 1628 2248 2245
f 3463 3466 3465
f 3308 3477 3462
f 2249 1623 1622
f 1632 1634 1408
f 2248 1628 1631
f 3478 3481 3480
f 3509 3512 3511
f 2235 2231 1637
f 3505 3508 3507
f 3457 3458 3199
f 631 2070 2071
f 515 167 52
f 782 781 2251
f 2253 2254 2255
f 397 281 459
f 1456 2039 2040
f 2040 2041 2036
f 3434 3475 3518
f 1401 2112 2111
f 2041 2040 1970
f 3367 3337 3338
f 1535 121 414
f 1586 1587 2080
f 2256 983 1132
f 3528 3531 3530
f 3519 3521 3520
f 3537 3505 3506
f 3543 3546 3545
f 1700 1699 9370
f 3486 3551 3550
f 3455 3456 3497
f 3558 3560 3559
f 3456 3568 3500
f 3572 3571 3252
f 3308 3264 3285
f 3316 3317 3574
f 3575 3478 3479
f 3576 3579 3578
f 3580 3583 3582
f 3584 3587 3586
f 3505 3537 3588
f 3589 3592 3591
f 3600 3603 3602
f 3542 3539 3595
f 3604 3605 3592
f 3611 3610 3613
f 3622 3625 3624
f 3618 3621 3620
f 3626 3629 3628
f 3644 3647 3646
f 3634 3637 3636
f 3638 3639 3641
f 9267 1896 1686
f 1263 2256 1886
f 3613 3655 3654
f 598 1841 844
f 2257 2258 2259
f 2258 2261 2262
f 2259 2262 2263
f 2260 2259 2216
f 1967 1971 1970
f 2212 1964 1963
f 922 921 2218
f 1312 1098 1101
f 1307 1306 1286
f 1548 1569 1546
f 2266 2267 2268
f 2265 2268 2270
f 2272 2265 2269
f 2273 2266 2265
f 2275 2276 2277
f 2278 2274 2277
f 2284 2285 9069
f 2287 2283 2286
f 2288 2289 2283
f 2290 2284 9091
f 2291 2292 2293
f 2295 2291 2294
f 2296 2297 2291
f 2297 2298 2292
f 2294 2293 2299
f 2279 2294 2300
f 2298 2301 2302
f 2292 2302 2303
f 2293 2303 2304
f 2304 2305 2306
f 2308 2309 2310
f 2302 2307 2310
f 2301 2311 2307
f 2312 2308 2307
f 2313 2314 2315
f 2318 2319 2320
f 9200 9223 2322
f 2324 2325 2273
f 2313 2324 2326
f 2328 2324 2313
f 2329 2325 2324
f 2331 2332 2333
f 2330 2333 2267
f 2325 2330 2266
f 2329 2331 2330
f 2333 2334 2335
f 2336 2334 2333
f 2338 2336 2332
f 2331 2339 2337
f 2329 2340 2339
f 2328 2341 2340
f 2316 2342 2341
f 2342 2316 2315
f 2344 2345 2346
f 2341 2344 2347
f 2342 2348 2344
f 2348 2349 2345
f 2350 2351 2352
f 2339 2350 2353
f 2340 2347 2350
f 2347 2346 2351
f 2337 2353 2354
f 2353 2352 2355
f 2356 2277 2276
f 2356 2357 2358
f 2356 2359 2296
f 2279 2277 2356
f 2360 2361 2270
f 2267 2335 2360
f 2362 2363 2364
f 2362 2365 2361
f 2366 2362 2358
f 2366 2367 2363
f 2357 2276 2368
f 2366 2368 2369
f 2276 2275 2370
f 2368 2370 2282
f 2372 2373 2374
f 2375 2376 2377
f 2378 2379 2380
f 2382 2378 2381
f 2384 2385 2378
f 2385 2386 2379
f 2388 2389 2390
f 2387 2390 2392
f 2393 2394 2387
f 2394 2395 2388
f 2186 2401 2402
f 2403 2404 2327
f 2272 2403 2326
f 2271 2405 2403
f 2405 2406 2404
f 2404 2407 2408
f 2409 2410 2411
f 2409 2412 2271
f 2413 2409 2269
f 2413 2414 2410
f 2417 2415 2416
f 2417 2418 2406
f 2412 2417 2405
f 2411 2415 2417
f 2406 2419 2407
f 9013 8964 632
f 2420 2398 2397
f 2420 2421 2423
f 2424 2420 2422
f 2424 2399 2398
f 2425 2391 2392
f 2421 2425 2426
f 2397 2396 2425
f 2396 2393 2391
f 2427 2314 2408
f 2430 2427 2428
f 2343 2315 2427
f 2432 2343 2430
f 2431 2430 2429
f 2435 2431 2433
f 2436 2432 2431
f 2428 2408 2407
f 2422 2437 2407
f 2438 2437 2422
f 2429 2428 2437
f 2440 2434 2433
f 2441 2439 2433
f 2442 2443 2439
f 2443 2444 2440
f 2445 2446 2444
f 2447 2445 2443
f 2383 2381 2445
f 2381 2380 2446
f 2448 2438 2423
f 2449 2448 2426
f 2441 2448 2449
f 2441 2429 2438
f 2449 2392 2390
f 2450 2390 2389
f 2447 2450 2451
f 2442 2449 2450
f 2451 2389 2453
f 2452 2453 2455
f 2382 2452 2454
f 2383 2451 2452
f 2456 2457 2373
f 2459 2460 2461
f 2463 2464 2465
f 2462 2465 2285
f 2466 2462 2284
f 2467 2463 2462
f 2461 2460 9155
f 2468 2469 2470
f 2472 2468 2471
f 2474 2461 9153
f 2475 2476 2477
f 2458 2455 2453
f 2479 2453 2389
f 2395 2480 2479
f 2480 2459 2458
f 2481 2482 2483
f 2484 113 2485
f 2471 2470 2464
f 2473 2471 2463
f 2487 2467 2466
f 2486 2466 2290
f 2490 2486 2488
f 2491 2487 2486
f 2492 2473 2467
f 2493 2492 2487
f 2494 2495 2492
f 2495 2472 2473
f 9142 2496 2474
f 9143 2497 2496
f 2498 2494 2493
f 2500 2498 2499
f 9152 9139 2498
f 9139 9143 2494
f 2306 2504 2278
f 2305 2505 2504
f 2504 2505 2507
f 2506 2507 2288
f 2274 2506 2508
f 2278 2504 2506
f 9085 9084 2489
f 9072 9085 2488
f 2507 2509 2289
f 2505 2510 2509
f 2508 2288 2287
f 2511 2287 2281
f 2370 2511 2280
f 2275 2508 2511
f 2512 2490 2489
f 2514 2512 2513
f 2517 2512 2514
f 2517 2491 2490
f 2499 2493 2491
f 2499 2517 2516
f 2510 2505 2519
f 2518 2519 2521
f 9068 2518 2520
f 9084 2510 2518
f 2522 2304 2303
f 2523 2522 2310
f 2305 2304 2522
f 2524 2522 2523
f 2519 2524 2525
f 2505 2305 2524
f 2308 2312 2527
f 2526 2527 2529
f 2531 2526 2528
f 2309 2308 2526
f 1214 2532 2151
f 2419 2406 2418
f 2533 2345 2349
f 2534 2533 2317
f 2535 2536 2533
f 2536 2346 2345
f 2537 2351 2346
f 2538 2537 2536
f 2539 2540 2537
f 2540 2352 2351
f 2312 2355 2541
f 2527 2541 2542
f 2543 2435 2434
f 2545 2543 2544
f 2319 2318 2543
f 2318 2436 2435
f 2514 2515 2548
f 2547 2548 2550
f 2552 2547 2549
f 2552 2516 2514
f 2520 2521 2554
f 2553 2554 2556
f 9042 2553 2555
f 9073 2520 2553
f 2523 2309 2531
f 2557 2531 2530
f 2525 2523 2557
f 2559 2557 2558
f 2554 2559 2560
f 2521 2525 2559
f 2561 2375 2007
f 2376 2562 2225
f 2564 2565 2566
f 2563 2566 338
f 2569 2563 2567
f 2570 2564 2563
f 2572 2573 2574
f 2571 2574 2576
f 2544 2571 2575
f 2544 2434 2572
f 2578 2570 2569
f 2579 2577 2569
f 2574 2577 2579
f 2573 2578 2577
f 2581 2582 2583
f 2584 2580 2583
f 9149 9127 2580
f 9128 2581 2580
f 2582 2516 2552
f 2583 2552 2551
f 2500 2501 2589
f 2590 2588 2589
f 9145 9147 2588
f 9147 9152 2500
f 2501 2516 2591
f 2592 2593 2594
f 2386 2385 2503
f 2596 2379 2386
f 2596 2374 2373
f 2599 2596 2597
f 2599 2380 2379
f 2600 2446 2380
f 2600 2599 2598
f 2603 2600 2601
f 2603 2444 2446
f 2604 2603 2602
f 2440 2604 2605
f 2444 2603 2604
f 2606 2582 2581
f 2606 2607 2590
f 2591 2516 2582
f 9128 2587 2456
f 9141 2456 2372
f 2478 2477 2608
f 2609 2610 2611
f 2564 2570 2613
f 2612 2613 2598
f 2457 2612 2597
f 2565 2564 2612
f 2614 2613 2570
f 2615 2614 2578
f 2602 2601 2614
f 2601 2598 2613
f 2572 2434 2605
f 2616 2605 2602
f 2573 2572 2616
f 1459 1016 1045
f 1265 1215 1079
f 1612 1608 1609
f 2067 2057 2069
f 1135 1109 1136
f 1938 1937 2618
f 95 548 458
f 2058 1607 1608
f 1454 1469 1445
f 655 2620 1048
f 722 1049 2621
f 3665 3639 3634
f 1131 985 1033
f 562 1481 366
f 1723 1719 1725
f 1786 1123 1122
f 267 300 323
f 1325 2034 1654
f 1468 1165 1435
f 658 657 529
f 8 532 247
f 382 1557 1559
f 3631 3681 3680
f 788 619 1307
f 940 930 929
f 911 2622 2623
f 2621 2620 655
f 2624 1857 2625
f 998 1846 27
f 635 638 2626
f 2627 641 644
f 2628 2627 1840
f 1200 1199 2627
f 1199 1773 641
f 1520 515 49
f 1452 1350 1349
f 2630 2631 1859
f 644 643 1335
f 3683 3700 3699
f 1197 1198 717
f 2632 717 719
f 2628 2632 1166
f 2629 1197 2632
f 1762 2633 1050
f 1823 870 873
f 2634 2635 794
f 1042 794 2635
f 93 94 1901
f 2036 2038 1458
f 1527 332 1525
f 877 876 1274
f 134 409 797
f 1328 893 931
f 607 777 1091
f 1043 2635 2637
f 2636 2637 2639
f 1275 2636 2638
f 1275 1040 1043
f 1272 2624 2626
f 2640 2626 638
f 1110 2641 2640
f 536 1272 2640
f 1472 708 1474
f 2042 2030 1951
f 3668 3632 3633
f 1058 1106 1105
f 2642 2623 2643
f 1192 2642 2644
f 912 2623 2642
f 9350 1657 8970
f 1049 1048 2620
f 616 1829 1885
f 1331 1913 666
f 990 989 1198
f 1911 1912 321
f 1298 1282 1205
f 76 1490 1504
f 1502 1500 421
f 610 609 658
f 1146 937 659
f 2646 911 914
f 1280 1239 1238
f 1453 1454 1452
f 835 942 1843
f 1271 1270 1173
f 1893 1878 1826
f 1050 2633 1937
f 2651 2652 814
f 1006 1053 1281
f 2653 1084 2654
f 1001 1004 1003
f 585 997 679
f 2624 1272 621
f 555 678 2028
f 1207 526 1197
f 1626 1627 478
f 3729 3732 3731
f 3746 3749 3748
f 3770 3752 3750
f 426 389 419
f 1030 1193 1773
f 9350 645 634
f 534 1533 138
f 1125 1092 1042
f 333 228 88
f 569 1570 561
f 3691 3694 3693
f 1489 2656 871
f 1857 2624 620
f 1673 1674 9222
f 622 861 864
f 619 788 891
f 261 544 545
f 393 1555 1556
f 2658 2659 2647
f 1075 2658 2657
f 1081 1080 2658
f 1080 1139 2659
f 2644 2643 1141
f 2660 1141 1140
f 642 2660 1336
f 1193 2644 2660
f 679 678 555
f 3762 3765 3764
f 1503 1501 1500
f 1318 1317 1101
f 2661 2659 1139
f 2661 1142 2663
f 2662 2647 2659
f 2662 2663 2622
f 2664 2622 911
f 2648 2664 2646
f 2648 2647 2662
f 3586 3658 3779
f 2083 2094 2093
f 1442 1440 1437
f 3732 3734 3733
f 519 329 330
f 1885 2029 1209
f 799 800 805
f 1946 1943 1952
f 1302 1301 1253
f 3741 3738 3757
f 3660 3663 3662
f 566 2005 224
f 1389 940 928
f 683 682 681
f 836 835 1842
f 2665 1842 1845
f 2666 2665 1303
f 24 836 2665
f 831 1072 2650
f 1845 1844 1304
f 2010 2013 2012
f 1051 1936 2667
f 1522 1521 1511
f 531 440 441
f 1250 635 2625
f 2669 2625 1857
f 783 2669 1856
f 782 1250 2669
f 720 2670 2671
f 1055 1931 1930
f 1333 1067 1251
f 619 622 1308
f 652 655 2619
f 521 522 1539
f 1838 988 537
f 2672 537 536
f 1113 2672 2641
f 1113 527 1838
f 1016 1013 1351
f 9349 573 570
f 226 227 104
f 9008 9121 9279
f 1036 1037 1884
f 2674 1301 1304
f 2673 1304 1844
f 1334 2673 2675
f 1333 2674 2673
f 2676 702 1039
f 1843 2676 2675
f 942 1074 2676
f 1074 699 702
f 752 1057 1055
f 1200 1166 656
f 1120 1846 874
f 2677 874 877
f 1241 2677 1052
f 1119 1120 2677
f 1560 1513 151
f 1208 1316 611
f 215 735 736
f 1460 1459 1462
f 3717 3720 3719
f 1208 1207 1839
f 854 856 1282
f 3682 3697 3696
f 72 445 182
f 544 1563 1565
f 217 200 456
f 3673 3647 3781
f 2047 1404 930
f 1204 2618 1937
f 913 777 686
f 3705 3708 3707
f 840 527 1113
f 1531 729 730
f 2678 778 1283
f 601 667 1914
f 1537 1538 459
f 1819 1757 8953
f 991 1860 862
f 2679 711 1073
f 3776 3775 3581
f 2680 1830 983
f 779 2680 2256
f 778 2678 2680
f 2678 2679 1830
f 180 542 245
f 1886 1132 1131
f 3766 3768 3767
f 1138 1137 1274
f 3777 3778 3585
f 1841 598 1140
f 75 313 314
f 193 423 420
f 2681 2682 1099
f 3658 3586 3587
f 170 1567 1565
f 349 416 417
f 1121 1124 2684
f 547 797 409
f 123 122 121
f 2643 2663 1142
f 1542 1544 513
f 899 900 907
f 1210 677 676
f 791 663 982
f 24 27 837
f 893 896 932
f 1860 1320 863
f 535 538 862
f 3640 3684 3683
f 1569 1548 1547
f 181 455 542
f 660 659 937
f 2013 567 568
f 3781 3647 3644
f 887 890 2631
f 1524 1508 361
f 520 161 162
f 2653 855 854
f 1238 1237 2655
f 718 1838 527
f 1492 1493 518
f 792 616 615
f 599 846 1835
f 290 457 456
f 312 171 1552
f 1248 2687 1179
f 153 149 177
f 1240 1181 1222
f 1257 1292 1235
f 1291 1084 1083
f 1052 877 1277
f 743 742 2618
f 444 140 430
f 23 1224 1172
f 2687 2654 1180
f 102 103 409
f 1283 607 610
f 373 497 650
f 1180 2654 1084
f 855 2653 2655
f 1173 1270 1917
f 2689 850 853
f 2688 853 1108
f 2686 2688 1279
f 2687 2689 2688
f 2691 1302 1252
f 2690 1252 850
f 1248 2690 2689
f 1248 1247 2691
f 2692 617 24
f 2691 2692 2666
f 1247 1258 2692
f 1258 1168 617
f 394 1554 1555
f 2693 1260 1259
f 1072 1236 1262
f 1257 1071 1168
f 398 439 1555
f 871 1784 1314
f 1178 1232 1249
f 1224 1289 1173
f 1010 2617 2618
f 1175 1174 1292
f 2654 2687 2686
f 2694 1157 1216
f 71 418 1487
f 701 1112 1111
f 1072 1261 2649
f 1085 2695 22
f 895 2694 1264
f 1601 1606 1605
f 1259 1262 1271
f 21 20 1220
f 988 991 538
f 3533 3479 3535
f 598 597 1336
f 1050 860 818
f 1298 2645 1761
f 1168 1167 618
f 3629 3671 3670
f 858 1168 1256
f 39 242 516
f 2652 1761 819
f 313 316 315
f 2026 1970 1971
f 2656 1489 596
f 814 819 818
f 2696 2651 813
f 1260 2696 2649
f 2693 2697 2696
f 2697 1296 2651
f 381 355 390
f 9270 9271 1611
f 1475 1427 1428
f 1292 1174 1917
f 1551 353 354
f 1526 1525 1523
f 1593 1589 1595
f 1232 1269 1246
f 2695 2693 1223
f 2698 1297 1296
f 2698 2697 2693
f 2685 2698 2695
f 2685 854 1297
f 562 1497 271
f 2652 2651 1296
f 1365 1366 1364
f 1958 1946 1953
f 585 588 2210
f 1561 1560 1515
f 975 2648 1146
f 347 67 68
f 1038 1111 636
f 2700 781 780
f 2699 780 1036
f 2701 2699 1883
f 851 2700 2699
f 2674 1333 2251
f 2702 2251 781
f 1253 2702 2700
f 1301 2674 2702
f 1519 387 388
f 1273 1239 1280
f 2703 1280 1107
f 2701 2703 852
f 1829 1273 2703
f 91 260 326
f 1784 871 2656
f 2683 2684 2705
f 604 1894 8943
f 1669 8978 8992
f 2062 2063 2060
f 621 535 861
f 2023 731 732
f 686 779 1263
f 857 1051 2668
f 883 830 882
f 3648 3651 3650
f 637 636 1111
f 2668 894 893
f 3692 3712 3711
f 2667 921 894
f 1039 1038 1068
f 313 75 1504
f 1911 1972 305
f 1936 2706 1964
f 2707 2402 2401
f 2708 2707 2183
f 738 2163 2116
f 3785 3787 3709
f 2349 2348 2432
f 2711 2712 2020
f 2400 2711 2019
f 2714 2715 2716
f 2717 2718 2719
f 2721 2722 2723
f 2726 2727 2728
f 2725 2728 2730
f 2731 2725 2729
f 2732 2726 2725
f 2734 2735 2736
f 2738 2739 2740
f 2737 2740 2741
f 2744 2745 2746
f 2745 2744 2748
f 2749 2750 2747
f 2753 2749 2751
f 2250 1380 2246
f 3417 3420 3419
f 2754 1396 1614
f 9050 2754 2755
f 9060 2745 2747
f 1617 2756 2755
f 2242 2758 1620
f 3429 3432 3431
f 2191 2085 2760
f 2761 2759 2760
f 9100 2759 2761
f 9075 2191 2759
f 3209 3460 3354
f 1395 1394 2236
f 1395 2235 1636
f 3741 3791 3790
f 1616 1635 2229
f 3410 3413 3412
f 1617 2234 2763
f 2756 2763 9080
f 2765 2763 2234
f 2766 2764 9080
f 3202 3199 3458
f 1516 437 435
f 2768 2769 8996
f 1495 541 578
f 2135 2136 28
f 8970 8984 2773
f 1690 1689 9378
f 2778 2779 2780
f 2777 2780 2781
f 2784 2778 2777
f 8999 8965 575
f 1494 1904 9
f 8973 2016 2015
f 451 61 505
f 2786 2787 2788
f 2779 2786 2785
f 2789 2752 2741
f 2790 2753 2752
f 2792 2793 2794
f 2793 2795 2796
f 2796 2797 2750
f 2794 2796 2749
f 2798 1393 1396
f 9043 2798 2754
f 2798 2799 2800
f 9043 9114 2799
f 2797 2796 2795
f 2791 2794 2753
f 216 233 232
f 9256 2806 2807
f 9257 2809 2804
f 2769 2810 9001
f 183 185 184
f 2811 2812 2775
f 2804 2811 2776
f 2809 2813 2811
f 2812 2811 2813
f 9257 2808 2816
f 9248 2818 2815
f 9250 9252 2820
f 9245 2823 2819
f 2824 2736 2735
f 2823 2825 2824
f 2825 2823 2826
f 9245 2822 2827
f 9248 2817 2826
f 2713 2716 2829
f 2828 2829 2831
f 2822 2821 2828
f 2821 2820 2713
f 2832 2827 2822
f 2833 2832 2830
f 2834 2835 2832
f 2835 2818 2827
f 2837 2838 2839
f 2836 2839 2841
f 2842 2836 2840
f 2843 2837 2836
f 2840 2841 2845
f 2718 2844 2845
f 2730 2728 2844
f 2727 2840 2844
f 2846 2845 2841
f 2829 2846 2847
f 2847 2841 2839
f 2848 2839 2838
f 2833 2848 2849
f 2831 2847 2848
f 2850 2814 2851
f 2853 2850 2852
f 2783 2777 2782
f 2785 2788 2853
f 2780 2785 2856
f 2857 2858 2855
f 2859 2857 2782
f 2861 2843 2842
f 2860 2842 2727
f 2862 2860 2726
f 2863 2861 2860
f 2861 2863 2858
f 2843 2861 2857
f 2856 2853 2854
f 2781 2856 2864
f 2837 2843 2859
f 2838 2837 2864
f 2852 2851 2834
f 2854 2852 2849
f 2865 2815 2818
f 2851 2865 2835
f 2813 2809 2815
f 2814 2813 2865
f 2866 2812 2814
f 2788 2866 2850
f 2866 2788 2787
f 2812 2866 2867
f 1892 1889 1890
f 2720 2719 2846
f 298 299 256
f 2872 2714 2713
f 9246 9252 2735
f 2729 2730 2874
f 2846 2716 2715
f 2876 2877 2878
f 2733 2875 2878
f 9258 9259 2879
f 9258 2880 2872
f 2882 2883 2884
f 2881 2884 2715
f 2880 2881 2714
f 2879 2882 2881
f 2885 2886 2887
f 2888 2889 2890
f 2885 2890 2892
f 2893 2886 2885
f 1942 2151 2532
f 2895 2892 2720
f 2884 2895 2870
f 2883 2896 2895
f 2896 2891 2892
f 2889 2874 2717
f 2890 2717 2720
f 2897 2893 2891
f 2898 2897 2896
f 2899 2898 2883
f 2900 2899 2882
f 9249 2900 2879
f 2876 2902 2901
f 2901 2902 2904
f 1785 2656 1835
f 2905 2906 2899
f 2907 2908 2897
f 9249 2901 2903
f 632 576 577
f 8976 8991 2867
f 434 385 550
f 2768 2770 9092
f 2910 2911 1623
f 2241 2912 2758
f 9092 2770 2913
f 1623 2911 2757
f 9039 2242 2757
f 2229 1381 1380
f 2765 1630 1629
f 2915 2914 1629
f 9094 9093 2914
f 9093 9074 2765
f 2919 2916 9094
f 2918 2915 2912
f 9066 2918 2241
f 9070 2919 9065
f 8985 2177 2180
f 8965 2002 2188
f 3694 3626 3627
f 9157 9017 714
f 2925 2766 2917
f 2924 2917 2916
f 9062 2924 2919
f 9063 2925 2924
f 2926 2927 2766
f 9110 2926 2925
f 1715 1713 1705
f 785 497 498
f 1387 651 565
f 374 375 1899
f 9017 2203 2206
f 2929 2930 2886
f 2932 2933 2934
f 1905 1906 1908
f 2930 2935 2936
f 2938 2935 2930
f 1493 369 517
f 1603 1585 1586
f 2939 2938 2929
f 2940 2939 2908
f 9117 1707 1600
f 2886 2930 2937
f 2906 2907 2898
f 2908 2929 2893
f 2942 2934 2933
f 2941 2933 2937
f 8945 2941 2936
f 8942 2942 2941
f 2943 2944 2710
f 2943 2873 2874
f 2945 2943 2889
f 2946 2944 2943
f 2932 2945 2888
f 2931 2946 2945
f 727 1928 1929
f 2903 2904 2947
f 545 594 42
f 1480 1570 533
f 2907 2906 2949
f 2906 2905 2950
f 1558 452 215
f 9251 2903 2948
f 2054 1645 1644
f 9157 9136 2203
f 1828 1837 1849
f 2953 2954 2955
f 2952 2955 2957
f 2956 2261 2258
f 2953 2952 2258
f 2454 2455 2474
f 9199 2958 2959
f 9199 2132 2131
f 2961 2962 2963
f 2958 2963 2964
f 222 221 2485
f 2477 2226 2966
f 2631 2561 2006
f 2384 2454 2496
f 2967 2968 2959
f 2968 2967 2970
f 9211 2033 2971
f 9236 2971 2960
f 2972 2971 2033
f 2007 2377 2973
f 9004 9003 2134
f 1836 1833 1832
f 8950 2188 2090
f 955 810 959
f 672 675 674
f 633 710 713
f 2024 732 733
f 2025 2024 803
f 425 1552 1550
f 2975 2976 888
f 1319 1158 1157
f 1212 1935 2977
f 889 957 2228
f 1978 1974 1975
f 1138 1078 1329
f 751 665 2979
f 1619 1613 1625
f 2252 2255 1728
f 1157 1160 845
f 2706 1936 1938
f 2980 2255 2254
f 2982 2975 887
f 802 712 711
f 678 677 2029
f 527 840 690
f 1839 1207 2629
f 2983 2984 602
f 2983 1914 1913
f 2985 2983 1331
f 2986 2984 2983
f 2987 2637 2635
f 2985 2988 2639
f 2990 1319 1318
f 2991 2992 2993
f 2995 2991 2994
f 1106 1058 2991
f 1058 1057 2992
f 1415 1406 1365
f 1317 922 2217
f 1932 1728 2255
f 926 2998 2999
f 3001 2993 2992
f 3000 2992 1057
f 2999 3000 2978
f 2998 3001 3000
f 3002 2998 2209
f 3002 3003 2996
f 2993 3001 3002
f 1103 1106 2995
f 3004 2995 2996
f 2209 2210 3004
f 588 1103 3004
f 295 296 433
f 2638 2639 2988
f 3005 2988 1056
f 1305 3005 1930
f 1276 2638 3005
f 1987 1968 1993
f 2633 1762 1761
f 1423 1422 1417
f 9005 8961 739
f 2671 2670 2704
f 1473 1872 2035
f 922 1317 2694
f 1401 1400 1378
f 556 2028 1884
f 842 848 9277
f 1854 2706 2617
f 933 1082 1081
f 1440 1441 1436
f 529 657 719
f 1031 1025 1027
f 777 913 912
f 2645 1205 1204
f 441 438 1538
f 3771 3774 3773
f 790 1287 587
f 2065 2066 1610
f 1860 991 990
f 60 106 87
f 1424 1017 1948
f 332 1527 1507
f 261 262 138
f 187 188 449
f 1719 1720 1726
f 1931 1055 1059
f 3006 1059 1105
f 1287 3006 1104
f 1286 1931 3006
f 3007 3008 3009
f 3009 3008 653
f 618 999 26
f 2029 677 1210
f 957 601 600
f 1049 2146 2228
f 2631 890 3011
f 890 889 2227
f 3011 2227 2145
f 2561 3011 3012
f 1026 656 609
f 2706 1854 1961
f 3013 2965 2485
f 2148 2147 1267
f 3015 1267 1266
f 2997 2264 1101
f 642 641 1773
f 186 477 461
f 1041 1040 1320
f 1121 3016 3017
f 2984 2986 2987
f 3018 2987 2634
f 1048 603 3018
f 603 602 2984
f 2679 2678 801
f 2062 2072 2074
f 2061 2074 2076
f 414 303 1545
f 3016 1121 2683
f 3019 2683 2704
f 3020 3019 2670
f 3007 3016 3019
f 1871 1090 1091
f 3021 1787 1122
f 3022 3021 3017
f 1314 3021 3022
f 1784 1787 3021
f 1316 1315 1763
f 3023 3022 3010
f 3023 3009 795
f 1763 3023 1092
f 1315 3022 3023
f 3016 3007 3010
f 752 751 2978
f 2986 2639 2637
f 3024 654 653
f 3020 3024 3008
f 720 723 3024
f 723 2621 654
f 2681 1098 1268
f 2671 3025 1268
f 2705 2681 3025
f 1313 3026 3027
f 3026 3028 3029
f 3027 3029 3030
f 1311 3027 3031
f 2012 568 731
f 917 2657 974
f 3742 3745 3744
f 743 1206 856
f 1888 2027 2030
f 2682 2705 2684
f 3032 2684 1124
f 1100 3032 2989
f 1099 2682 3032
f 1123 2990 2989
f 3033 1834 1159
f 2990 3033 1158
f 1123 1786 3033
f 1786 1785 1834
f 1054 1056 2988
f 2979 665 664
f 2623 2622 2663
f 1095 660 688
f 3034 3035 2261
f 3036 3034 2956
f 3037 3038 3034
f 3038 3039 3035
f 3040 3041 3026
f 2263 3042 3041
f 3042 3039 3043
f 3041 3043 3028
f 3044 3045 3043
f 3046 3047 3045
f 3047 3048 3049
f 3043 3045 3049
f 3038 3037 3051
f 3050 3051 3053
f 3052 3046 3044
f 3039 3038 3050
f 3054 3035 3039
f 3042 2263 2262
f 2261 3035 3054
f 2216 2263 2997
f 2212 2211 2667
f 3056 868 2209
f 934 3057 1961
f 2013 9207 9209
f 3058 3059 3060
f 3059 3062 3063
f 3060 3063 2213
f 3061 3060 1963
f 3063 3064 2214
f 3062 3065 3064
f 3065 2257 2260
f 3064 2260 2215
f 3066 3067 3031
f 2608 2966 3067
f 2966 2562 3068
f 3031 3067 3068
f 2455 2458 2461
f 2476 2223 2226
f 8995 2090 2089
f 8970 2774 9221
f 433 354 355
f 2115 1423 1419
f 8953 2868 2922
f 9221 9189 2131
f 3069 2611 2167
f 2971 2972 2928
f 2961 2774 2773
f 3070 2475 2478
f 2610 2609 3071
f 2502 2371 2374
f 3072 2592 2595
f 2964 3046 3052
f 3048 2593 3074
f 2593 2592 3075
f 3075 3030 3029
f 3074 3029 3028
f 3072 3076 3075
f 3076 3072 2482
f 2481 2608 3066
f 3076 3066 3030
f 2967 3052 3053
f 2482 3072 3073
f 479 480 493
f 706 9352 9325
f 9005 2194 2221
f 2013 2010 9206
f 8977 2032 2016
f 9006 8963 2222
f 1171 1154 1155
f 3782 3644 3689
f 2586 2566 2565
f 2982 110 113
f 2562 2376 3077
f 2376 2375 3012
f 3012 2145 2148
f 3077 2148 3015
f 2963 3047 3046
f 3051 3078 2970
f 1683 2173 491
f 9302 2122 1447
f 1986 2181 9186
f 3079 3080 2546
f 3081 3079 2575
f 1983 1986 9220
f 3082 2323 2319
f 3080 3082 2545
f 9186 9184 3082
f 9184 9200 2323
f 1309 1471 1888
f 3073 2595 2772
f 2760 3083 3084
f 2760 2085 2088
f 3085 3084 3086
f 3089 3085 3090
f 3089 2762 3084
f 3092 3088 3090
f 3093 2748 2744
f 2751 2747 2748
f 3093 2741 2752
f 2742 2741 3093
f 3094 3093 2743
f 3096 3097 3098
f 3099 3096 3087
f 3097 3094 3095
f 3100 2743 2746
f 3101 2927 3102
f 2764 2766 2927
f 2745 2764 3101
f 3102 3092 3091
f 3100 3091 3095
f 2869 2802 9044
f 3102 3103 3104
f 9110 2868 2869
f 2927 2926 3103
f 3098 3095 3091
f 3087 3098 3090
f 2088 2125 3105
f 3083 3105 3086
f 2483 3073 2771
f 2401 2186 2185
f 3099 3086 3105
f 2125 2207 3106
f 3108 2737 2742
f 3107 2742 3094
f 3110 3108 3107
f 3109 3107 3097
f 3111 3109 3096
f 3112 3110 3109
f 3113 2738 2737
f 3115 2723 2722
f 3117 3115 3114
f 3119 3117 3116
f 3118 3116 3120
f 3116 3114 3113
f 3122 3112 3111
f 3122 3123 1755
f 3124 3125 3126
f 3125 3118 3121
f 3128 3119 3118
f 3129 3128 3125
f 2020 2712 3128
f 9305 9309 1346
f 1065 1046 1047
f 1814 9290 9282
f 2021 2020 3129
f 3111 3099 3106
f 3123 3106 2207
f 2377 2225 2224
f 3014 2485 113
f 1756 2208 9234
f 3131 3132 2530
f 3133 3131 2528
f 1753 1756 9219
f 3134 3124 3127
f 2327 2408 2314
f 2436 2318 2317
f 2018 2021 9163
f 2534 3136 3137
f 2320 2322 3136
f 2185 2018 9164
f 3138 3139 2542
f 3134 3135 9196
f 9237 3130 3134
f 3140 3138 2539
f 2535 3137 3140
f 9163 2021 3130
f 2558 2530 3132
f 9234 9212 3141
f 2560 2558 3141
f 9212 9229 3142
f 958 888 2976
f 1933 1932 2980
f 3714 3704 3729
f 2399 2424 2418
f 2348 2342 2343
f 2322 2320 2319
f 2718 2717 2874
f 2709 2729 2873
f 2894 2871 1361
f 3788 3789 3720
f 346 289 176
f 1876 1877 1882
f 2802 2803 9059
f 3104 3144 3088
f 2974 2222 9101
f 3089 3145 2761
f 3088 3144 3145
f 2803 2974 9055
f 9322 9361 692
f 2123 1419 1418
f 1365 1363 1368
f 3346 3345 3344
f 1581 1766 1782
f 9013 2202 2129
f 8999 2003 2002
f 3146 2585 2551
f 9203 3146 3147
f 9194 3149 3146
f 3149 2584 2585
f 3196 3198 3197
f 9056 2192 2191
f 3142 3150 2556
f 9229 9230 3150
f 9098 3152 2550
f 3150 3151 2555
f 9230 9232 3151
f 9240 9233 3152
f 3153 3147 2551
f 3152 3153 2549
f 9233 9228 3153
f 9228 9202 3147
f 3148 2767 2206
f 2183 2401 2321
f 2132 2960 2928
f 3299 3300 3321
f 9136 9137 2204
f 9171 2198 2197
f 2594 2962 2773
f 2595 2594 2951
f 1870 798 799
f 3257 3260 3259
f 9165 2179 2178
f 9158 2178 9188
f 336 3154 9226
f 339 3155 3154
f 9241 9135 3149
f 9135 9149 2584
f 2963 2962 3048
f 9174 9182 337
f 339 338 2566
f 3156 3157 2168
f 2610 3156 2167
f 2954 2953 3156
f 3157 3156 2953
f 9159 2166 2169
f 2567 3158 3159
f 337 3158 2567
f 9182 3069 2166
f 9216 2190 1983
f 2579 3160 3081
f 2568 3159 3160
f 9161 2169 2190
f 3065 3062 3162
f 3161 3162 1984
f 3157 3161 2189
f 2257 3065 3161
f 734 735 1922
f 3059 3058 2708
f 3163 2708 2182
f 3162 3163 1985
f 3062 3059 3163
f 3203 3206 3205
f 3806 3809 3808
f 2122 2119 1448
f 9269 1686 1685
f 139 140 444
f 1570 569 566
f 2957 3164 3165
f 2955 3166 3164
f 1912 454 341
f 3130 3129 3124
f 1548 322 319
f 1949 1950 1327
f 2969 2970 3078
f 3167 3078 3169
f 9176 2014 2017
f 9172 2017 2033
f 3168 3169 3165
f 3170 3165 3164
f 9231 3170 3171
f 9176 3168 3170
f 3171 3164 3166
f 3172 3166 3071
f 9204 3172 3173
f 9208 3171 3172
f 3169 3037 3036
f 2593 3048 2962
f 3173 3071 2609
f 3174 2609 2199
f 9235 3174 2198
f 9201 3173 3174
f 2190 2189 1984
f 2196 2195 2767
f 3326 3329 3328
f 2119 2120 1414
f 1464 1463 1466
f 2199 2611 3069
f 2457 2456 2587
f 2226 2225 2562
f 481 478 1627
f 333 1512 235
f 3078 3051 3037
f 3040 2264 2997
f 3351 3352 3262
f 2219 1934 1933
f 2385 2384 2497
f 221 2220 3175
f 2220 1933 3143
f 3175 3143 2976
f 2484 3175 2975
f 2954 3071 3166
f 2630 1858 110
f 1547 319 1952
f 2091 2090 2188
f 9185 9188 2178
f 1918 1919 1927
f 9007 112 111
f 3398 3401 3400
f 955 956 960
f 2037 3014 112
f 3143 2980 2981
f 2218 2211 2214
f 672 9329 9239
f 2152 3013 3014
f 1147 1144 1143
f 2248 2246 1409
f 1615 1636 1635
f 1410 1409 2246
f 3486 3488 3487
f 3468 3469 3502
f 3451 3453 3452
f 1382 3176 3177
f 3177 1410 2247
f 2247 1383 3177
f 3176 2238 2230
f 1410 3177 3179
f 3179 3180 2243
f 1633 3181 2800
f 3816 3818 3817
f 1621 1620 2758
f 3642 3801 3662
f 3422 3421 3260
f 1622 1621 2245
f 2236 1394 3181
f 3793 3796 3795
f 3493 3496 3495
f 2237 2236 3182
f 3513 3516 3515
f 2250 1631 2233
f 3654 3666 3667
f 2912 1629 1628
f 3819 3822 3821
f 3432 3824 3823
f 135 136 1564
f 1567 419 512
f 1085 1084 2653
f 3184 869 868
f 869 3184 3057
f 3389 3388 3387
f 1266 1268 1098
f 1267 2147 722
f 937 1146 2646
f 2146 1049 722
f 2211 2218 921
f 1957 510 507
f 1313 1312 2264
f 1496 362 1493
f 2887 2937 2933
f 1687 1688 1659
f 145 1499 1498
f 3831 3829 3830
f 37 38 418
f 1935 1934 3185
f 104 89 301
f 2101 2098 2083
f 543 298 360
f 1934 2219 3186
f 234 1521 212
f 9297 9273 1822
f 3825 3828 3827
f 1976 1875 1874
f 223 3186 2219
f 9107 9108 9057
f 2165 2164 467
f 467 468 2165
f 773 476 2165
f 3673 3658 3659
f 1935 1212 1728
f 3490 3491 3840
f 3362 3359 3848
f 3862 3865 3864
f 3465 3466 3484
f 3893 3894 3525
f 3352 3351 3430
f 3869 3872 3871
f 3529 3530 3567
f 3420 3417 3922
f 3304 3235 3236
f 3929 3932 3931
f 3324 3326 3327
f 3219 3937 3939
f 3220 3938 3937
f 3450 3375 3376
f 3942 3832 3833
f 3215 3216 3454
f 3946 3332 3215
f 3422 3949 3948
f 3950 3457 3198
f 3205 3206 3957
f 3261 3962 3961
f 3852 3853 3964
f 3214 3211 3946
f 3965 3213 3214
f 3797 3800 3799
f 3988 3991 3990
f 3777 3779 3806
f 3855 3858 3447
f 3737 3799 3800
f 3949 3953 3952
f 3651 3782 3783
f 4001 3784 3787
f 4019 4022 4021
f 4027 4030 4029
f 3258 3259 4030
f 4033 4036 4035
f 3424 3425 4047
f 3242 3243 4058
f 3970 3489 3547
f 3829 3242 4057
f 3333 3332 3947
f 4063 4068 4065
f 4073 4076 4075
f 3568 3456 3443
f 3981 3334 3335
f 3540 3915 3862
f 4078 4079 4031
f 3565 3566 4088
f 3442 3455 4089
f 4092 4095 4094
f 4093 4094 4097
f 3619 3620 3623
f 3660 4098 3821
f 3809 3648 3649
f 3610 3652 3655
f 3656 3622 3623
f 3621 3803 3804
f 3503 3480 3481
f 3436 3439 3438
f 3356 3428 3427
f 3628 3670 3669
f 3734 3811 4002
f 3276 3273 3370
f 3763 4106 4107
f 4006 4007 3754
f 3747 3751 3752
f 3863 3864 4110
f 3994 3891 4003
f 3653 3801 3664
f 3296 4116 4115
f 4117 4120 4119
f 3249 3252 3251
f 4127 4130 4129
f 3478 3575 3903
f 3410 4136 3921
f 3977 4061 4038
f 3216 3452 3453
f 3967 3547 3548
f 4140 4078 4032
f 3509 4086 4149
f 4151 4152 3659
f 4153 4152 3656
f 4153 4154 3646
f 4156 3688 3645
f 4139 4077 4078
f 3743 3744 4163
f 3861 3918 3987
f 3468 4066 4067
f 3306 3981 3980
f 4172 4173 4010
f 4169 4170 3836
f 4187 4190 4189
f 4213 4216 4215
f 4220 4223 4222
f 4225 4226 4211
f 4230 4233 4232
f 4240 4243 4242
f 3606 3609 3608
f 4250 4253 4252
f 4258 4261 4260
f 4077 4080 4079
f 4276 4279 4278
f 4308 4262 4263
f 4017 4018 3872
f 3196 3193 3951
f 4316 4317 4270
f 3870 4306 4307
f 4324 4327 4326
f 4333 4334 4247
f 4338 4341 4340
f 4348 4351 4350
f 4283 4284 4289
f 4356 4359 4358
f 4359 4019 4020
f 4362 4363 4196
f 4320 4364 4279
f 4370 4372 4296
f 4377 4253 4303
f 4231 4232 4201
f 4203 4212 4331
f 4037 4040 4039
f 4371 4265 4386
f 4387 4346 4347
f 3309 3293 3294
f 4099 3723 3724
f 4355 3422 3257
f 3630 3680 3693
f 4277 4278 4302
f 4350 4318 4319
f 4353 4354 4351
f 3637 3634 3639
f 4394 4395 3827
f 3311 3312 4399
f 3755 3708 4005
f 4363 4362 4259
f 3454 3453 3919
f 3446 3447 3459
f 4298 4299 4404
f 3749 3746 3769
f 3791 3741 3756
f 3643 3685 3684
f 3845 3846 3399
f 4313 3257 3258
f 4411 4413 4408
f 3843 4424 4423
f 4214 4215 4329
f 4431 4434 4433
f 3918 3861 3798
f 3927 3928 3388
f 4453 3893 3874
f 4138 4458 4457
f 3346 4460 4459
f 4100 4109 4108
f 3974 3977 3976
f 3665 3655 3652
f 3773 3565 3993
f 3945 3454 3920
f 4144 4463 4462
f 4464 4467 4466
f 3268 4142 4479
f 4484 3921 4136
f 3348 3914 4487
f 3313 3314 3912
f 3803 3621 3617
f 4086 3509 3510
f 4034 3304 3305
f 3403 3404 4171
f 4481 4482 4492
f 4177 4180 4179
f 4398 4170 3923
f 4451 4493 4494
f 4501 4075 4076
f 4509 4510 4506
f 3304 4034 4462
f 4485 4399 3312
f 3419 4488 3349
f 4356 4345 4385
f 4026 4354 4358
f 4354 4353 4357
f 3599 3596 4091
f 4341 4338 4254
f 4251 4252 4524
f 3482 3485 3484
f 3843 3543 3544
f 4295 4341 4274
f 4381 4530 4206
f 4204 4205 4531
f 4533 4536 4535
f 4542 4545 4544
f 4546 4549 4548
f 4573 4574 4547
f 4575 4578 4577
f 4221 4581 4580
f 4587 4590 4589
f 4328 4592 4589
f 4187 4565 4563
f 4595 4583 4593
f 4597 4605 4604
f 4609 4608 4611
f 4620 4623 4622
f 4612 4615 4614
f 4636 4638 4600
f 4649 4651 4650
f 4652 4655 4654
f 4662 4665 4664
f 4666 4669 4668
f 4637 4639 4685
f 4627 4701 4700
f 4684 4686 4636
f 4663 4689 4661
f 4699 4698 4697
f 4647 4648 4703
f 4709 4711 4603
f 4724 4633 4726
f 4742 4745 4744
f 3311 3923 3924
f 4698 4759 4758
f 4749 4765 4609
f 4342 4345 4344
f 4797 4800 4799
f 4490 4048 3974
f 4019 4359 4306
f 4512 3955 4514
f 3991 3988 4508
f 4692 4695 4694
f 4680 4681 4818
f 4821 4822 4824
f 4367 4239 4243
f 4833 4832 4831
f 4837 4744 4757
f 4332 4563 4562
f 4683 4835 4819
f 4845 4843 4850
f 4751 4753 4752
f 4854 4855 4695
f 4858 4719 4718
f 4822 4559 4859
f 4674 4646 4647
f 4771 4774 4773
f 4726 4727 4537
f 4714 4718 4719
f 4633 4634 4688
f 4616 4619 4618
f 4686 4684 4842
f 4869 4707 4708
f 3502 3868 3528
f 4777 4660 4737
f 4734 4732 4779
f 4883 4755 4663
f 4375 4294 4274
f 4290 4343 4335
f 4816 4815 4812
f 4778 4779 4732
f 4158 3710 4160
f 4195 4198 4197
f 3860 3861 4166
f 3758 3759 3763
f 3694 3691 4157
f 4249 4248 4391
f 3467 3470 3469
f 4209 4212 4211
f 4142 3268 4144
f 3615 3614 3617
f 3479 3480 3536
f 4883 4753 4672
f 4802 4801 4642
f 3698 3637 3638
f 4105 3725 3726
f 4848 4645 4896
f 4878 4877 4744
f 4610 4874 4748
f 4036 3403 4489
f 4355 4313 4314
f 4171 4141 4049
f 3875 3452 3216
f 4868 4865 4863
f 4623 4900 4691
f 3629 3626 4155
f 4654 4887 4898
f 4012 4015 4014
f 4902 4903 4866
f 4768 4769 4908
f 4370 4386 4385
f 4888 4860 4914
f 3546 3543 3917
f 4932 4926 4931
f 3625 3622 4151
f 3804 3669 3670
f 3816 4104 4103
f 4911 4898 4887
f 4928 4930 4927
f 4925 4929 4927
f 3655 3665 3666
f 4932 4919 4910
f 4937 4923 4912
f 4939 4938 4942
f 4228 4529 4530
f 4946 4945 4942
f 4938 4922 4923
f 4942 4938 4937
f 4951 4950 4930
f 4955 4951 4928
f 4748 4750 4615
f 4914 4860 4847
f 4824 4859 4584
f 4940 4939 4941
f 4916 4961 4960
f 4909 4907 4891
f 4971 4967 4968
f 4966 4970 4948
f 4962 4952 4953
f 4940 4935 4924
f 4831 4916 4917
f 4935 4936 4925
f 4275 4255 4261
f 4679 4758 4791
f 4016 4309 4373
f 4668 4764 4766
f 4539 4537 4727
f 4929 4925 4936
f 4775 4776 4801
f 4801 4776 4742
f 4732 4734 4611
f 4985 4984 4983
f 4534 4586 4562
f 4847 4644 4645
f 4788 4787 4619
f 4787 4788 4678
f 4657 4606 4605
f 4994 4996 4878
f 5006 5009 5008
f 5001 5003 4973
f 4814 4618 4619
f 5014 4989 4974
f 5003 5002 4972
f 5019 5006 5007
f 5024 5016 5017
f 5036 5037 5035
f 4990 5019 4975
f 5045 5033 5034
f 5048 5049 5034
f 5025 5017 5014
f 5046 5038 5043
f 5051 5052 5055
f 5044 5050 5060
f 5011 4981 5021
f 5013 5069 5068
f 5028 5073 5072
f 5077 5074 5064
f 5065 5080 5079
f 5083 5079 5080
f 5063 5067 5080
f 5054 5055 5071
f 4602 4603 4711
f 5058 5082 5083
f 4982 4983 4792
f 5041 5033 5045
f 3909 3911 3278
f 3471 3474 3473
f 5002 5003 4994
f 5060 5080 5067
f 4892 4861 4862
f 4891 4813 4884
f 4996 4994 5003
f 4997 5015 5005
f 4813 4617 4614
f 4618 4814 4827
f 5089 5090 5093
f 3303 3306 3305
f 5100 5103 5102
f 5107 5110 5109
f 5110 5115 5092
f 4610 4611 4734
f 5112 5103 5100
f 5088 5091 5090
f 5119 5118 5117
f 5092 5115 5096
f 3826 3830 3829
f 5108 5109 5102
f 5100 5130 5087
f 5118 5131 5133
f 3783 3689 3690
f 4444 4447 4446
f 5151 5153 5150
f 4790 4616 4617
f 4332 4182 4190
f 3266 3267 4451
f 3211 3947 3332
f 4741 4796 4760
f 4775 4778 4777
f 4764 4665 4691
f 4489 4171 4048
f 4466 4477 4511
f 4518 3936 3930
f 4786 4787 4791
f 4980 5005 4984
f 5144 5152 5150
f 5159 5146 5148
f 5121 5119 5120
f 5169 5164 5162
f 5016 4978 4979
f 5123 5180 5179
f 5181 5180 5140
f 5175 5185 5184
f 4575 4581 4586
f 4984 4985 4976
f 4596 4599 4598
f 5182 5181 5183
f 4785 4619 4787
f 5137 5124 5122
f 5167 5179 5180
f 4835 4683 4898
f 4687 4727 4726
f 4176 3836 4170
f 4760 4761 4655
f 4681 4680 4649
f 5121 5093 5132
f 5171 5191 5178
f 5174 5178 5191
f 5169 5193 5194
f 4909 5094 5095
f 5105 5104 5112
f 4767 5108 5126
f 5201 5202 5205
f 5219 5218 5217
f 5229 5214 5200
f 5234 5237 5236
f 4069 4072 4071
f 4724 4725 4717
f 5108 4767 4768
f 5103 5195 5126
f 5227 5218 5211
f 5015 4997 4884
f 4997 4998 4892
f 5197 5198 5215
f 5241 5199 5247
f 5013 4975 5019
f 5205 5239 5232
f 4969 4967 4971
f 5239 5205 5249
f 4808 5243 5225
f 5216 5247 5199
f 5253 5245 5242
f 5235 5236 5255
f 5135 5148 5157
f 5264 5260 5267
f 5245 5203 5215
f 5260 5261 5269
f 5264 5266 5274
f 5154 5153 5173
f 5287 5272 5278
f 5256 5301 5300
f 5173 5174 5176
f 4631 4630 4629
f 4781 4784 4783
f 5309 5307 5311
f 5155 5156 5144
f 4826 4828 4827
f 5291 5295 5308
f 5310 5311 5281
f 5311 5307 5308
f 4036 4033 4176
f 4641 4716 4704
f 5220 5224 4804
f 4770 5206 5207
f 5188 5185 5175
f 5180 5123 5129
f 4626 4700 5314
f 4731 4728 5315
f 5222 5213 5210
f 4728 4882 5316
f 5230 5219 5216
f 5297 5296 5240
f 5204 5233 5208
f 5318 4868 4864
f 5273 5272 5287
f 5221 5210 5219
f 4700 4902 5321
f 5313 5314 5328
f 5157 5149 5154
f 5275 5276 5263
f 5324 5322 5318
f 5323 5332 5331
f 5343 5334 5345
f 5306 5310 5286
f 5278 5281 5311
f 4882 4625 5320
f 5109 5110 5114
f 5123 5087 5130
f 5299 5283 5284
f 5240 5198 5199
f 5229 5231 5197
f 5305 5302 5292
f 5233 5228 5225
f 5192 5190 5194
f 5104 5105 4670
f 5146 5159 5160
f 5337 5340 5347
f 5347 5340 5341
f 5353 5346 5335
f 5349 5355 5354
f 5355 5358 5357
f 5358 5355 5360
f 5355 5349 5348
f 5342 5366 5365
f 5345 5346 5362
f 5332 5364 5367
f 5372 5371 5315
f 5370 5365 5366
f 5361 5356 5354
f 5364 5365 5368
f 5369 5344 5362
f 5316 5320 5330
f 5373 5359 5371
f 5341 5342 5364
f 5374 5358 5359
f 5329 5376 5375
f 5377 5380 5379
f 5377 5376 5331
f 5380 5377 5367
f 5363 5383 5370
f 5357 5358 5374
f 5381 5385 5361
f 4814 4815 4825
f 4825 4815 4816
f 4806 4746 4747
f 5119 5121 5131
f 4696 4697 4893
f 4696 5389 5390
f 5213 5222 5388
f 5393 5389 5388
f 5380 5382 5384
f 5213 5387 4893
f 4813 4891 4908
f 5390 5392 4693
f 5294 5289 5287
f 5184 5185 5186
f 5285 5275 5253
f 4769 4789 4790
f 5327 5371 5359
f 4598 4621 4690
f 4608 4606 4733
f 4627 4624 4609
f 4596 4604 4851
f 4900 4623 4706
f 4668 4795 5395
f 4863 4865 4639
f 5392 5393 4666
f 4872 4650 4651
f 4807 4791 4758
f 5348 5338 5325
f 5176 5191 5190
f 5046 5031 5022
f 4853 4852 4869
f 5346 5353 5363
f 4709 4880 4620
f 4672 4673 4904
f 4680 4811 4651
f 4841 4844 4688
f 4823 4817 4818
f 4729 4730 4602
f 4881 4729 4851
f 5360 5348 5326
f 4852 4900 4707
f 4890 4751 4669
f 5392 5390 5389
f 5189 5182 5186
f 4881 4604 4605
f 5343 5344 5369
f 4607 4624 4625
f 5056 5055 5052
f 4850 4797 4798
f 3260 5399 5398
f 4855 4736 4899
f 5339 5343 5366
f 4789 4905 4808
f 5400 4040 3948
f 3872 3424 4046
f 4018 3423 3424
f 4025 4523 4172
f 4011 4023 4024
f 4065 4068 3900
f 3413 4012 4013
f 5056 5068 5069
f 5055 5056 5070
f 4062 5398 5399
f 5269 5289 5294
f 4685 4866 4903
f 5254 5242 5240
f 4606 4657 4658
f 4729 4881 4882
f 4030 4041 4043
f 4664 4752 4753
f 3575 3483 3904
f 3413 3410 3922
f 4949 4968 4955
f 4947 4937 4913
f 4849 4850 4894
f 4143 3974 3975
f 4912 4923 4932
f 3774 3771 3995
f 3956 3954 3342
f 4871 4872 4758
f 4270 4273 4272
f 4039 4040 5400
f 3555 3969 5402
f 5403 5404 3906
f 3908 4126 3823
f 4124 4121 5408
f 3901 3902 4046
f 4120 4117 5410
f 4124 3962 4125
f 5420 3906 5404
f 5424 4059 5425
f 3400 5429 5428
f 5432 5433 5435
f 4941 4942 4945
f 4935 4940 4949
f 3895 3898 3897
f 5426 5408 4121
f 5430 3905 3906
f 4045 4041 5398
f 5395 4693 5392
f 4846 4903 4701
f 4880 4709 4710
f 4624 4607 4608
f 4656 4690 4662
f 5305 5307 5309
f 5220 5223 5222
f 4230 4223 4327
f 5030 5073 5028
f 5213 5212 5211
f 5440 3272 3269
f 4396 4397 3980
f 5447 5448 3244
f 3328 3330 5451
f 4208 4391 4248
f 4599 4620 4621
f 4528 4339 4391
f 4529 4228 4199
f 4526 4338 4339
f 4256 4235 5452
f 4532 5452 4241
f 3834 4400 5446
f 5443 5445 5444
f 4530 4247 4334
f 4754 4886 4904
f 4229 4228 4381
f 4205 4382 4383
f 4892 4998 4987
f 4039 4032 3976
f 4738 4780 4796
f 4833 4835 4897
f 4232 4527 4200
f 4194 4240 4241
f 4889 4794 4750
f 4194 4191 4365
f 4531 4383 4195
f 5043 5042 5062
f 4182 4332 4561
f 5446 5447 3241
f 5237 5239 5248
f 4206 4334 4382
f 5210 5211 5218
f 3426 3922 3417
f 4216 4191 4192
f 4219 4210 4184
f 4180 4561 4380
f 4327 4595 4591
f 4223 4230 4231
f 4215 4192 4360
f 4186 4568 4218
f 4190 4330 4209
f 4223 4220 4595
f 4326 4591 4328
f 4366 4389 4568
f 4570 4548 4549
f 4579 4573 4548
f 4563 5453 4533
f 4583 4595 4220
f 4586 4380 4561
f 4239 4196 4363
f 4572 4571 4567
f 4536 4539 4585
f 4538 5453 4566
f 4536 4533 5453
f 3573 3986 3983
f 5427 3963 3552
f 4553 4587 4588
f 4593 4554 4555
f 4368 4365 4183
f 4361 5452 4235
f 4233 4369 4527
f 4233 4230 4324
f 4212 4209 4330
f 4237 4324 4325
f 4193 4241 5452
f 4983 5015 4885
f 5002 4995 4986
f 5074 5077 5076
f 4698 4699 5391
f 5391 4699 5390
f 4871 4899 4650
f 4546 4857 4543
f 4553 4550 4901
f 4552 4588 4555
f 5223 4804 4805
f 5386 5382 5383
f 5317 5315 5371
f 3240 3237 4429
f 5384 5385 5381
f 3938 3217 3218
f 3942 3943 5455
f 5361 5385 5386
f 4542 4540 4541
f 3910 5430 5420
f 3939 3333 4060
f 3851 5350 5351
f 3838 5427 3556
f 4547 4858 4857
f 5442 5443 4050
f 3385 3874 5428
f 4257 4234 4235
f 5312 5212 4893
f 4212 4203 4204
f 3854 3849 5461
f 4226 4184 4210
f 4202 4177 4178
f 3316 3983 3897
f 5464 5465 4432
f 5465 5466 3883
f 4472 4469 4449
f 4501 4472 4450
f 4074 4075 4080
f 5473 5474 5401
f 4173 4172 5475
f 3432 3429 3520
f 3462 5505 5504
f 4075 4501 4494
f 5482 5481 3387
f 5468 5471 5470
f 3427 5421 5422
f 4498 4499 4487
f 5403 3824 5414
f 3382 5523 5522
f 3492 5512 5511
f 3429 3434 3517
f 3873 5522 5524
f 5480 5479 3350
f 3477 5508 5505
f 4507 4508 5544
f 4396 5550 5551
f 3374 5552 5553
f 3373 5553 5554
f 5479 4521 4063
f 3390 5554 5555
f 5531 5525 5566
f 3368 5568 5567
f 5556 5557 5560
f 3393 5555 5557
f 4433 3364 5463
f 5464 5463 5458
f 4435 4437 4439
f 4055 4393 3277
f 3273 3278 3911
f 3395 3357 3358
f 5486 3894 4071
f 5526 4455 4453
f 5525 5570 5569
f 5568 3526 3527
f 3527 3362 3847
f 3365 5461 3849
f 5462 3849 3850
f 4435 4436 5571
f 3378 3379 3943
f 5573 5578 5577
f 4438 5455 3943
f 5477 5574 5579
f 5582 5581 5580
f 5583 5580 5581
f 5586 5585 5588
f 4074 5472 5586
f 5583 5585 5474
f 4507 5589 5590
f 5573 5478 4522
f 3989 5595 5596
f 5594 3406 3407
f 4436 3381 5572
f 5591 3990 3991
f 4507 4475 4476
f 3990 5591 5587
f 5578 3409 3406
f 5595 3989 5584
f 5484 3394 3358
f 4441 4442 5467
f 5472 4074 4077
f 5522 5599 5570
f 5486 3358 3353
f 5481 4498 3386
f 3475 5506 5492
f 5476 4523 3899
f 5540 5541 5606
f 5542 5540 5603
f 5608 5543 5542
f 5608 5607 5545
f 5607 5603 5609
f 5599 5600 5548
f 5598 5592 5543
f 5595 5594 5593
f 5588 5584 3989
f 5626 3265 3266
f 5627 3266 4448
f 5469 4449 4469
f 4515 4517 5625
f 4503 4473 4474
f 4481 5626 5627
f 4500 5628 5469
f 3414 4468 5466
f 5594 5595 5581
f 3376 3377 4430
f 3444 3944 3941
f 5572 3944 3444
f 4273 4286 4287
f 4345 4356 4357
f 4386 4304 4305
f 4517 4462 4463
f 4352 4349 4319
f 4352 4250 4251
f 4268 4277 4390
f 4264 5629 4320
f 4346 4387 4282
f 4337 4335 4343
f 4289 4244 4245
f 4303 4378 4287
f 4343 4290 4291
f 4284 4333 4244
f 4375 4519 4291
f 4379 4319 4271
f 4337 4353 4348
f 4524 4525 4295
f 4364 4362 4197
f 4285 4282 4390
f 5206 5209 5208
f 4297 5629 4371
f 4346 4283 4286
f 4285 4300 4333
f 3571 3572 4395
f 5341 5340 5339
f 5346 5345 5334
f 5269 5261 5273
f 4510 4509 5609
f 4509 4474 5545
f 4445 4446 5611
f 5566 5569 5568
f 5349 5336 5338
f 5489 5490 3401
f 5565 5566 3368
f 5496 5497 5417
f 5523 3382 3383
f 5325 5338 5347
f 5523 5600 5599
f 5429 3400 3401
f 3887 5632 5631
f 5634 5613 5600
f 5276 5280 5279
f 5298 5297 5257
f 5087 5086 5085
f 3361 3526 5612
f 5041 5061 5066
f 5487 5488 3383
f 5101 5116 5130
f 5299 5298 5300
f 5333 5336 5335
f 5302 5305 5304
f 5234 5247 5216
f 5301 5256 5255
f 4868 5318 5322
f 5281 5278 5277
f 5323 5321 5322
f 5298 5284 5296
f 4885 4829 4750
f 5231 5230 5196
f 4625 4626 5313
f 5111 5113 5085
f 5600 5613 5549
f 5531 5564 5563
f 5165 5166 5182
f 5283 5280 5285
f 4269 4276 4277
f 5610 5609 5603
f 5127 5090 5091
f 4907 5095 5125
f 5277 5278 5272
f 5596 5593 5592
f 5212 5312 5226
f 5273 5261 5262
f 5302 5301 5258
f 5635 5646 5645
f 4250 4352 4379
f 4485 4136 3405
f 4354 4026 4023
f 4265 4262 4304
f 4388 4390 4282
f 4345 4342 4384
f 4362 4364 4297
f 4836 4765 4612
f 4360 4361 4236
f 4369 4233 4237
f 5647 5636 3986
f 5650 3965 3192
f 5337 5338 5336
f 4467 4478 4477
f 4253 4377 4340
f 4429 3416 5457
f 3997 4133 3915
f 5535 3856 3839
f 5538 5541 4460
f 3439 3376 5571
f 5570 5525 5526
f 3438 5571 5572
f 4440 4468 3879
f 3440 5665 4407
f 3886 5685 5695
f 5534 5529 5396
f 5685 3886 3471
f 4278 4198 4301
f 5628 4448 4449
f 3579 3537 3538
f 4480 5627 5628
f 4402 5499 5517
f 4279 4197 4198
f 3603 3534 3532
f 3580 3594 4088
f 4095 3530 3531
f 5248 5249 5251
f 3778 3819 3999
f 4617 4618 4613
f 4375 4275 4372
f 3411 3405 4136
f 5094 5106 5111
f 3602 3532 3535
f 4023 4011 4350
f 4349 4352 4336
f 3605 3535 3536
f 4469 4472 4471
f 4094 3531 3593
f 4248 4249 4245
f 3519 5521 5518
f 5254 5296 5284
f 4852 4853 4795
f 4265 4371 5629
f 5632 5499 5503
f 3604 3611 3612
f 5549 5501 5502
f 3653 3606 3607
f 4780 4738 4873
f 4988 4989 4979
f 4491 5625 5626
f 4837 4904 4995
f 4615 4612 4765
f 5468 4469 4470
f 3514 3470 3467
f 5491 5680 4409
f 4093 3618 3619
f 4364 4320 5629
f 3488 5510 5509
f 5606 5539 5611
f 4210 4219 4189
f 4600 4603 4602
f 5242 5215 5198
f 5073 5074 5075
f 5651 5657 3940
f 3996 3541 3775
f 5200 5203 5202
f 5525 5531 5527
f 3364 4433 4434
f 3775 3541 3542
f 3941 3833 5485
f 3731 3706 4105
f 4997 5000 4999
f 4508 5598 5608
f 4101 4099 3818
f 3728 4109 4103
f 4591 4593 4592
f 4539 4536 4538
f 4550 4553 4552
f 4541 4566 4567
f 4389 4579 4570
f 4582 4583 4580
f 4976 4979 4978
f 4705 4708 4707
f 4797 4850 4843
f 3713 3729 3730
f 4675 4647 4702
f 4977 4978 4981
f 4810 4818 4817
f 4786 4811 4812
f 4715 4631 4628
f 4978 5016 5021
f 5010 5009 5006
f 3722 3743 4162
f 4558 4557 4560
f 4568 4570 4569
f 4584 4578 4535
f 4641 4631 4715
f 5026 5014 5012
f 4776 4777 4745
f 4714 4628 4712
f 4982 4996 5001
f 4576 4577 4560
f 4564 4567 4566
f 5069 5013 5018
f 5057 5052 5048
f 4810 4812 4811
f 3710 4158 3786
f 4991 4992 4999
f 5011 5009 5010
f 5008 5020 5022
f 5066 5067 5063
f 5047 5037 5024
f 5050 5049 5051
f 5023 5021 5016
f 5045 5044 5059
f 5047 5025 5026
f 3711 3712 3724
f 5048 5035 5037
f 5042 5040 5063
f 5058 5053 5051
f 5036 5038 5046
f 3715 3699 3700
f 5235 5256 5257
f 3732 3729 3704
f 5030 5031 5062
f 5020 5021 5023
f 5263 5262 5261
f 5049 5050 5044
f 5236 5248 5250
f 5031 5030 5027
f 5043 5038 5039
f 5320 5313 5329
f 5049 5048 5052
f 5326 5319 5317
f 3264 3261 3288
f 5264 5265 5263
f 4998 4999 4992
f 5009 5011 5020
f 5036 5032 5039
f 5032 5035 5034
f 4355 4317 3949
f 4269 4266 4374
f 4253 4250 4378
f 4525 4524 4252
f 3960 4112 4111
f 4372 4275 4258
f 5681 5672 5673
f 4378 4379 4272
f 4270 4347 4346
f 3244 5448 5644
f 4899 4703 4648
f 3734 3732 3702
f 4138 3346 3343
f 4192 4193 4361
f 3813 4001 3812
f 3817 3695 3696
f 5668 5683 5682
f 5690 5691 5687
f 5499 5632 5700
f 3999 3819 3820
f 3745 3742 4102
f 5684 3471 3472
f 5702 3859 3860
f 5712 5713 5693
f 3249 3277 4393
f 5695 5683 5715
f 5694 5715 5716
f 5719 3972 5601
f 4918 4919 4950
f 4774 4742 4743
f 5505 4415 4411
f 3583 3584 3585
f 3710 3687 4157
f 5513 5725 4417
f 5704 3563 4146
f 4141 4045 4062
f 5669 5689 5688
f 3898 3895 5653
f 5718 3973 3972
f 5684 5687 5686
f 3917 4131 5717
f 3463 5666 5662
f 5492 5506 5680
f 4931 4930 4950
f 5665 3440 3441
f 3788 3717 3740
f 3501 3502 3529
f 3569 3570 3477
f 5516 5728 5727
f 3564 3567 3566
f 3892 5405 5406
f 3962 4124 5407
f 4126 3908 4123
f 4116 3296 3287
f 3892 3887 5630
f 3824 3432 5413
f 4408 4409 5680
f 3969 3966 3978
f 4408 4413 3449
f 4414 3448 3449
f 3962 3261 3262
f 4425 5724 5616
f 4418 5725 5727
f 5716 5597 5575
f 5719 5720 5717
f 5698 5498 5692
f 3880 5621 4166
f 5652 3212 5520
f 5621 5623 4167
f 5679 4409 4410
f 3210 3209 3355
f 5622 5534 5451
f 5416 5417 5497
f 5729 5732 5731
f 5733 5734 3761
f 5735 5738 5737
f 5750 5752 5751
f 5744 5745 5740
f 5744 3770 3753
f 5753 5754 5730
f 5757 5758 5736
f 5731 5752 5765
f 5774 5777 5776
f 5790 5793 5792
f 5796 5786 5787
f 5817 5814 5819
f 5828 5831 5830
f 3725 4105 3751
f 4874 4734 4873
f 4700 4701 4903
f 4740 4820 4876
f 3199 3202 3201
f 4100 4102 4099
f 3749 3767 4108
f 3695 3817 3712
f 3378 3381 3380
f 5504 4411 4412
f 4405 4402 5518
f 5838 5839 5835
f 4705 4632 4712
f 5832 5831 5828
f 5697 5677 5678
f 3791 4006 4005
f 5848 5791 5794
f 3714 3700 3701
f 3995 4148 4042
f 3329 3326 3224
f 4005 3708 3705
f 4551 4762 4763
f 5855 5798 5808
f 5851 5795 5792
f 5803 5801 5858
f 5844 5843 5840
f 5762 5759 5743
f 5808 5809 5806
f 4012 3413 3426
f 5558 3513 3467
f 4550 4763 4720
f 4950 4951 4953
f 3885 3886 5694
f 5705 5706 4081
f 5508 4417 4415
f 3745 3759 3760
f 5507 4412 5680
f 3592 3536 3588
f 3895 5434 5658
f 5613 5500 5501
f 3834 3830 4393
f 5527 4454 4455
f 5775 5806 5809
f 5766 5767 5813
f 5858 5811 5812
f 5855 5815 5811
f 5863 5820 5819
f 5826 5859 5863
f 5862 5866 5833
f 5870 5871 5837
f 5782 5783 5831
f 5868 5838 5836
f 5778 5779 5843
f 5866 5870 5845
f 5785 5864 5867
f 5790 5788 5789
f 5796 5797 5794
f 5821 5818 5819
f 5657 5651 5620
f 5793 5849 5852
f 5855 5858 5801
f 5853 5847 5786
f 5804 5805 5802
f 5827 5867 5864
f 5767 5768 5821
f 5854 5857 5776
f 5860 5817 5818
f 5782 5832 5825
f 5781 5778 5844
f 5810 5811 5815
f 5867 5827 5830
f 5809 5808 5798
f 5828 5829 5863
f 5865 5841 5838
f 5801 5803 5802
f 4086 5707 3795
f 5779 5780 5842
f 5827 5826 5829
f 5839 5872 5869
f 5814 5815 5855
f 5711 4132 3859
f 4958 4957 4917
f 5861 5818 5821
f 5863 5859 5812
f 5865 5868 5823
f 5873 5836 5837
f 5872 5839 5842
f 4089 3455 3563
f 3812 3787 3785
f 5770 5771 5787
f 5789 5786 5847
f 5793 5789 5846
f 4145 4147 4146
f 5848 5773 5790
f 3953 4008 4009
f 5748 5875 5874
f 4624 4627 4626
f 4665 4764 4752
f 4775 4780 4779
f 4746 4670 4671
f 4637 4600 4601
f 4828 4612 4613
f 4704 4763 4762
f 4843 4845 4727
f 4543 4717 4725
f 4731 4864 4863
f 4723 4594 4558
f 4842 4846 4840
f 4717 4543 4857
f 4865 4868 4867
f 5841 5865 5866
f 4725 4726 4540
f 4798 4799 4816
f 4632 4635 4634
f 4720 4716 4715
f 4642 4645 4644
f 3754 4007 5874
f 4860 4761 4644
f 4674 4723 4722
f 4808 4809 4676
f 4721 4722 4822
f 5876 5878 5877
f 4836 4838 4840
f 4658 4661 4660
f 4826 4799 4800
f 4877 4782 4743
f 4948 4970 4971
f 4875 4739 4876
f 4954 4933 4934
f 5773 5770 5788
f 5825 5832 5833
f 5834 5837 5836
f 5834 5844 5845
f 3359 3362 3361
f 5732 5729 3756
f 3394 3397 3396
f 3766 3769 5741
f 5774 5809 5799
f 5805 5776 5857
f 5813 5821 5820
f 3969 3555 3964
f 5667 5668 5674
f 5729 5747 3792
f 3770 5744 5741
f 4741 4740 4739
f 4689 4737 4660
f 5772 5797 5787
f 5735 5733 3758
f 5850 5772 5773
f 5617 5528 3965
f 5799 5800 5854
f 5875 5748 5764
f 5840 5843 5842
f 5861 5768 5769
f 5807 5804 5853
f 5869 5781 5834
f 3765 3768 5739
f 5882 5884 5761
f 5881 5879 5887
f 5895 5896 5898
f 5907 5905 5906
f 5909 5907 5908
f 4234 4257 4526
f 3912 3927 3389
f 5934 8731 8730
f 8730 8731 5930
f 4920 4923 4922
f 8845 8847 8853
f 4141 4171 3404
f 3733 3705 3706
f 8849 8847 8848
f 4234 4237 4236
f 8863 8858 5919
f 3733 4002 4004
f 5908 5906 8859
f 8865 8866 8871
f 8859 8858 8863
f 5927 5924 5925
f 5911 5903 5904
f 8878 8871 8866
f 5635 5638 5637
f 5745 5744 5746
f 3552 3555 3554
f 8857 8889 8890
f 5924 5927 8860
f 3553 3557 3556
f 5919 5920 8861
f 8869 8865 8870
f 8873 8871 8878
f 8856 8857 8875
f 8862 8861 5889
f 8846 8845 8844
f 8864 8863 8866
f 8729 8730 8883
f 8848 8846 8887
f 8878 8879 5888
f 8896 8854 8855
f 8853 8854 8896
f 8841 8842 5882
f 3489 3492 3491
f 8867 8859 8864
f 5910 5908 8867
f 5914 5910 8898
f 5916 5914 8899
f 5889 8861 8860
f 8876 8878 8893
f 5918 5916 8900
f 4424 5722 5726
f 8904 8903 8900
f 8909 8908 8904
f 8908 8907 8903
f 8869 8909 8905
f 3632 3668 3667
f 3687 3690 3689
f 3636 3682 3681
f 3664 3641 3639
f 4304 4307 4306
f 8909 8869 8891
f 3681 3696 3695
f 3758 3761 3760
f 3684 3701 3700
f 3721 3724 3723
f 3941 3944 3943
f 3738 3741 3740
f 3687 3710 3709
f 3238 3239 3938
f 4249 4303 4288
f 4499 4498 3344
f 4240 4194 4368
f 3453 3451 3951
f 4401 3971 3547
f 3950 3951 3451
f 3702 3704 3701
f 3725 3728 3727
f 3194 3207 3208
f 4034 4035 4461
f 3914 3348 3913
f 3483 3575 3533
f 3191 3958 3957
f 4292 3489 3970
f 3909 3910 3428
f 3959 3960 3866
f 4017 4308 4309
f 4316 4318 4008
f 4448 4451 4450
f 4414 4415 4417
f 3435 3430 3351
f 4413 4411 4415
f 3899 3902 3901
f 3780 3781 3648
f 3474 3471 3886
f 3958 3191 3192
f 3221 3223 3935
f 3905 3908 3907
f 3913 4488 4486
f 4420 4422 4421
f 3881 3884 3883
f 4004 3788 3790
f 4271 4319 4318
f 4259 4297 4296
f 3501 4003 4066
f 5897 5898 5900
f 5901 5902 5904
f 8854 8849 8856
f 3789 3785 3786
f 3651 3648 3781
f 5924 5899 5901
f 8870 8871 8873
f 8876 8877 8874
f 5912 5917 5918
f 3805 3918 3799
f 3369 3370 3395
f 3923 3926 3925
f 3916 3917 3512
f 3641 3664 3801
f 4276 4269 4323
f 4181 4229 4331
f 4428 4430 3377
f 3495 4425 4321
f 4436 4435 3380
f 4430 4428 4437
f 3945 3957 3958
f 4065 3901 4047
f 4495 4497 3408
f 8913 8912 8915
f 8911 8910 8917
f 8889 8922 8923
f 8919 8935 8931
f 8884 8914 8918
f 8922 8921 8931
f 5852 5907 5909
f 5866 5862 5915
f 8926 8918 8914
f 8914 8884 8883
f 8886 8919 8921
f 5846 5847 5894
f 5873 5902 5900
f 8893 5888 5764
f 8894 8893 5754
f 5890 8860 5927
f 5885 8896 5755
f 5871 5904 5902
f 5763 8936 5883
f 5880 5890 8936
f 4175 4176 4398
f 4274 4254 4255
f 8883 8730 5931
f 8868 8905 8898
f 3289 4059 3247
f 3858 3855 5485
f 8850 8848 8886
f 4116 4120 5409
f 3889 5406 4127
f 3678 3679 8938
f 8857 8850 8888
f 3979 3551 3294
f 4126 3352 3431
f 3651 4000 3679
f 3460 3858 5921
f 4084 3309 3310
f 8905 8904 8899
f 3561 3327 5397
f 3213 3965 5528
f 4191 4194 4193
f 5449 5450 5532
f 4142 3975 4031
f 4060 3947 5652
f 4480 4483 4482
f 5519 5520 3212
f 5657 5451 3330
f 4473 4476 4475
f 3514 3515 5668
f 5663 5670 5669
f 8881 5929 5926
f 5734 5733 5749
f 4788 4789 4677
f 3997 3996 3538
f 3551 3486 3310
f 3577 3578 3998
f 4893 4697 4676
f 4753 4751 4671
f 8729 8884 8885
f 3813 3703 9021
f 8938 4001 3813
f 8882 5931 5929
f 4098 5701 3820
f 3399 5405 5416
f 5494 5495 5503
f 5880 5877 5878
f 4986 4673 4861
f 4999 5000 5004
f 4985 5001 4988
f 5816 5769 5766
f 4372 4370 4384
f 5688 5691 5692
f 8903 8902 8901
f 8879 8862 5887
f 8902 8881 8880
f 5919 5893 5895
f 4519 4384 4342
f 8847 8849 8854
f 5925 5901 5903
f 4021 3899 4523
f 5678 5677 5676
f 4424 3843 4085
f 5701 3576 3577
f 5928 5925 5926
f 5000 5005 4980
f 9022 4147 3545
f 9024 9025 5409
f 4008 4011 4010
f 3931 3234 4516
f 3822 3806 3807
f 8851 8852 8844
f 5728 5516 5509
f 9025 9023 4115
f 5209 5200 5201
f 4820 4740 4653
f 3988 5596 5598
f 3370 3911 3357
f 5639 5642 5641
f 5592 4511 4477
f 3378 3944 5572
f 5625 4463 3265
f 5594 5582 5577
f 3302 5649 5645
f 3274 3277 3278
f 5207 5208 5233
f 5071 5070 5072
f 4815 4814 4785
f 4796 4802 4643
f 3243 3244 5643
f 5301 5302 5303
f 5431 3562 5655
f 5251 5249 5244
f 3353 3427 3523
f 4174 3404 3405
f 3546 4114 4113
f 4002 3789 3788
f 4196 4239 4238
f 3232 5646 5647
f 4373 4374 4266
f 4867 5322 5321
f 5648 4054 4058
f 4455 4070 3893
f 5593 3407 4511
f 5275 5265 5252
f 5252 5265 5274
f 4092 3619 3624
f 3723 3742 3743
f 4780 4775 4802
f 4059 3289 3560
f 4317 4355 4347
f 5188 5190 5192
f 5570 5599 5612
f 3385 5429 5633
f 3526 5568 5569
f 3576 5701 3608
f 3581 3542 3594
f 5239 5237 5238
f 5081 5079 5083
f 4369 4526 4528
f 4325 4326 4329
f 3569 3285 3286
f 9022 9026 4112
f 3661 3662 3801
f 5074 5073 5030
f 5064 5062 5063
f 3563 3497 3498
f 3961 5407 4119
f 4854 4853 4870
f 5018 5007 5028
f 5007 5008 5027
f 5040 5042 5039
f 3240 3375 3875
f 5070 5069 5029
f 3504 3481 3866
f 3537 3579 3591
f 5033 5041 5039
f 4710 4638 4635
f 5017 4979 4989
f 5024 5037 5046
f 4991 5006 5019
f 4587 4553 4574
f 4996 4982 4793
f 5066 5061 5059
f 5221 5230 5231
f 5068 5056 5057
f 3675 3676 3643
f 3663 3674 3675
f 4722 4558 4559
f 3579 3576 3590
f 3686 3676 3677
f 4422 4420 3499
f 5142 5141 5138
f 5078 5071 5075
f 3609 3589 3590
f 3288 3961 5411
f 5424 9024 5410
f 5152 5144 5156
f 3960 5704 5709
f 4946 4956 4957
f 3867 3903 5705
f 9026 9022 4113
f 5192 5193 5189
f 5161 5164 5194
f 3637 3698 3682
f 4392 5461 3847
f 3796 4114 4149
f 4104 3716 3727
f 3594 3595 3993
f 3796 3793 4134
f 3687 3688 4156
f 3760 3761 4164
f 4464 3344 3345
f 3485 3528 3868
f 3846 3845 5423
f 3409 4520 4496
f 3767 3768 3765
f 3711 3721 4159
f 3797 4132 4087
f 4072 4069 5562
f 4502 4076 5590
f 5408 5426 9027
f 5683 5695 5714
f 5702 3772 4110
f 5623 4042 4148
f 5428 3874 3525
f 3668 3803 3802
f 4000 4001 8938
f 4221 4222 4179
f 4267 4268 4388
f 3721 3722 4161
f 3903 5659 5706
f 3583 3580 4090
f 3894 5486 3524
f 4635 4638 4636
f 4173 5401 4009
f 4890 4666 5393
f 5290 5291 5293
f 5339 5340 5337
f 5458 5459 4438
f 3251 5419 5430
f 3252 5418 5419
f 3428 5420 5421
f 3571 5426 5418
f 4583 4582 4554
f 4239 4367 4224
f 3322 3898 5450
f 5309 5310 5306
f 4109 3728 3748
f 5707 3865 3794
f 5139 5184 5183
f 5271 5270 5290
f 5280 5283 5282
f 5110 5107 5125
f 5319 4864 4731
f 5334 5343 5339
f 5423 3522 3523
f 5376 5377 5378
f 4721 4681 4646
f 3719 4158 4159
f 4853 4854 4692
f 5373 5372 5330
f 4428 5457 5456
f 5376 5329 5328
f 3337 3367 4434
f 4692 4693 5395
f 5475 4172 4523
f 5478 3900 4068
f 5421 5404 4129
f 5374 5373 5375
f 5283 5299 5306
f 5246 5247 5234
f 5154 5149 5150
f 4458 5562 5561
f 5163 5159 5158
f 5381 5374 5378
f 3397 3394 5484
f 4457 5561 5563
f 5147 5143 5150
f 4474 4475 5544
f 5325 5318 5319
f 5223 5394 5388
f 5517 5700 3521
f 4499 5480 3347
f 5404 5403 4128
f 3476 5507 5506
f 4084 5516 5515
f 3900 5478 5477
f 5536 5564 5547
f 5491 5498 5493
f 5474 5472 4139
f 4063 4521 4522
f 4459 4460 5541
f 5548 5549 3360
f 5444 5445 5550
f 3888 3889 5415
f 5546 5547 3339
f 5536 5539 5538
f 3570 5513 5508
f 4471 4502 5589
f 4280 3848 3359
f 5499 4402 4403
f 5189 5193 5169
f 5543 4477 4478
f 4051 5551 5552
f 3461 5504 5507
f 4629 4630 4870
f 5106 5094 4909
f 5286 5281 5279
f 5462 5463 3364
f 3491 5511 5514
f 5224 5220 5231
f 4478 4459 5540
f 4099 4102 3742
f 4803 4806 4805
f 4130 5423 5422
f 4470 4471 4476
f 4924 4925 4921
f 4920 4921 4927
f 4993 4986 4987
f 4887 4888 4913
f 3894 3893 4070
f 5472 5474 5585
f 3508 4135 4134
f 3603 3600 4096
f 3772 3773 3992
f 5712 5664 5671
f 3739 3718 4162
f 5683 5668 3515
f 5480 4465 4495
f 5698 5699 5493
f 3578 3538 3996
f 3645 3646 4154
f 5660 3904 3466
f 4135 9026 5710
f 5587 5591 4073
f 5687 5689 5693
f 3584 3583 4091
f 5585 5583 5584
f 4128 5414 5415
f 4257 4254 4338
f 4222 4231 4178
f 4366 4365 4191
f 5098 5099 5091
f 5761 5757 5737
f 5760 5737 5738
f 8852 8842 5934
f 8874 8877 8855
f 8895 8897 8855
f 5884 5882 8842
f 4557 4554 4582
f 8890 8923 8917
f 8918 8926 8930
f 8924 8926 8915
f 4182 4181 4330
f 3864 5708 5711
f 3574 3317 3230
f 3342 3954 3415
f 3488 3486 3549
f 4317 4316 3953
f 3672 3659 4152
f 5708 3864 3865
f 9021 3703 3685
f 3621 3618 3616
f 5728 4422 4419
f 4311 4027 4028
f 4131 3917 3543
f 4426 3496 3842
f 4518 3956 4168
f 5457 5465 5464
f 5425 3560 3558
f 5458 4439 4437
f 3416 3414 5465
f 5638 9028 5437
f 3985 3986 5636
f 5646 5635 5636
f 9023 9025 3554
f 5722 5510 5514
f 3256 3933 3934
f 4164 3761 5734
f 8885 8918 8920
f 3282 3932 3929
f 3292 4394 3320
f 3232 3229 3300
f 3303 3236 3271
f 3562 5431 5432
f 3392 3387 3388
f 3854 5922 5350
f 5463 5462 5459
f 5935 3474 3885
f 3879 3415 3954
f 3928 3372 3391
f 4137 5559 4458
f 5454 5455 3850
f 3548 3490 3549
f 4443 4500 5470
f 4452 4505 4506
f 4468 3414 3415
f 4443 4440 3876
f 3234 3235 4515
f 5434 3895 3896
f 5448 5440 5441
f 5447 5446 5443
f 4442 5470 5471
f 5550 4056 3275
f 5578 5573 4520
f 3464 5667 5666
f 4701 4627 4839
f 3259 5398 4041
f 4015 4012 3423
f 3558 3323 3982
f 4856 4894 4823
f 4741 4652 4653
f 3759 3745 4106
f 3560 3289 3290
f 9024 5424 3557
f 5438 3279 3280
f 3321 3283 3290
f 5557 5483 4072
f 5553 3369 3396
f 4045 4141 4174
f 4539 4845 4849
f 3536 3480 3503
f 5478 5573 5574
f 3800 3797 3510
f 4755 4883 4886
f 5561 4454 5527
f 5752 5731 5732
f 5752 5750 5756
f 3518 5492 5493
f 3767 3762 4107
f 3534 3603 4097
f 4395 3572 3826
f 3926 4052 3371
f 4446 4510 5610
f 4050 5444 3980
f 8887 8846 8843
f 5649 5639 5640
f 4643 4644 4761
f 3709 3787 3784
f 4778 4659 4660
f 5649 3302 4054
f 5646 3232 3301
f 3250 3251 3910
f 5884 5886 5757
f 5655 5656 5936
f 4224 4227 4226
f 4043 4044 3412
f 4286 4289 4288
f 4267 4311 4310
f 4493 4079 4080
f 3325 5432 3226
f 3925 3371 3372
f 4312 4315 4314
f 3996 3997 3540
f 8908 8911 8912
f 4023 4026 4025
f 3995 3890 3891
f 5482 5556 5559
f 4486 3420 3921
f 4300 4285 4302
f 5438 5642 5644
f 3233 3932 3282
f 3225 3228 3227
f 5446 4400 5445
f 5554 3396 3397
f 4834 4833 4830
f 4064 3349 3350
f 3596 3599 3598
f 5639 5649 5648
f 5434 5431 5654
f 4895 4896 4830
f 3674 3677 3676
f 3551 3979 3978
f 3835 3836 3305
f 3813 3810 3702
f 3691 3711 4160
f 4109 4100 4101
f 4565 4187 4188
f 3490 3548 3547
f 3672 3646 3647
f 8906 8907 8912
f 3810 3812 3811
f 4051 4052 4397
f 3566 3599 4090
f 5580 5475 5476
f 4456 4457 5537
f 5539 5536 5546
f 8844 5934 8729
f 8872 8873 8874
f 4383 4301 4198
f 4931 4926 4927
f 5529 5530 5397
f 5314 5321 5323
f 5347 5332 5323
f 4711 4709 4599
f 5387 5388 5389
f 5259 5290 5292
f 5195 4806 4803
f 5195 5104 4746
f 4639 4865 4866
f 4821 4818 4681
f 3421 4037 5399
f 4730 4863 4601
f 4807 4651 4811
f 4040 4037 3421
f 4844 4841 4800
f 3936 3933 3929
f 4894 4798 4817
f 5365 5370 5383
f 4657 4656 4661
f 5224 5206 4770
f 5368 5383 5382
f 5336 5349 5352
f 5353 5356 5386
f 4070 4455 4454
f 5396 5397 3327
f 5225 5226 5312
f 5384 5382 5386
f 5391 4694 4695
f 4407 4410 4409
f 4623 4620 4880
f 5356 5353 5352
f 4578 4584 4859
f 3239 3875 3217
f 3937 3218 3333
f 4578 4575 4534
f 5467 5471 4505
f 4836 4828 4826
f 4422 5728 5721
f 3392 3393 5556
f 5564 5531 5565
f 3807 3808 3663
f 5922 3854 4392
f 3680 3695 3692
f 3630 3633 3632
f 4416 4417 5725
f 4033 3305 3836
f 3238 3220 4168
f 3466 3904 3483
f 3678 3677 3650
f 3677 3674 3649
f 3340 3337 4431
f 3562 3561 5656
f 5658 5654 5938
f 3642 3643 3640
f 3306 3303 3334
f 3256 3253 3280
f 8910 8891 8892
f 5868 5900 5898
f 8924 8923 8922
f 8935 8930 8925
f 8882 8906 8913
f 8925 8930 8926
f 5852 5849 5905
f 5136 5128 5124
f 4243 4363 4260
f 5238 5227 5228
f 5642 5639 5643
f 3924 3925 3928
f 5412 3521 5700
f 3750 3752 3751
f 3746 3752 3770
f 3859 3798 3861
f 3972 3973 3493
f 5923 8860 8861
f 4945 4946 4958
f 3296 3293 3286
f 3824 5403 3907
f 3671 3629 4154
f 4137 3343 5481
f 3614 3654 3802
f 3283 3284 3559
f 4936 4935 4934
f 5511 5723 5726
f 4170 4169 3926
f 3572 4393 3830
f 3459 3447 3858
f 3496 4426 4425
f 3457 3950 3436
f 3984 3983 3986
f 3914 3389 3386
f 5512 5724 5723
f 4500 4443 4483
f 4501 4502 4471
f 4503 4506 4505
f 4143 4144 4461
f 3331 3329 3222
f 4016 4015 4018
f 3998 3775 3776
f 4114 3796 5710
f 4405 5678 4406
f 5602 5604 5720
f 4767 4803 4804
f 4929 4933 4954
f 4410 4407 5665
f 3888 5700 5632
f 4048 4049 3977
f 3947 3211 3212
f 5676 5677 3472
f 5782 5785 5784
f 4315 4312 4311
f 5699 5518 5521
f 5864 5785 5825
f 5826 5827 5822
f 5775 5776 5805
f 3236 3233 3270
f 5823 5868 5859
f 4957 4848 4895
f 8868 8864 8865
f 4281 4392 3848
f 4940 4943 4971
f 4013 4014 4029
f 3685 3703 3701
f 4339 4340 4377
f 8891 8870 8872
f 3753 3750 3755
f 4427 4168 3220
f 3809 3806 3779
f 3568 4416 4418
f 3880 3987 3918
f 3543 3843 3842
f 4646 4649 4648
f 4656 4657 4597
f 4781 4876 4820
f 4972 4975 4974
f 5101 5102 5109
f 5095 5096 5115
f 5090 5127 5132
f 5131 5132 5134
f 5134 5132 5127
f 5117 5139 5140
f 3539 3862 3863
f 4006 3791 3792
f 5128 5091 5099
f 5097 5088 5089
f 5274 5266 5271
f 4571 4572 4569
f 4225 4531 4238
f 5156 5155 5170
f 4538 4541 4540
f 4622 4691 4665
f 4981 5011 5004
f 5012 4974 4975
f 5148 5147 5149
f 5157 5142 5133
f 5161 5155 5145
f 4261 4532 4242
f 5294 5295 5291
f 4255 4256 4532
f 5274 5259 5250
f 4246 4529 4207
f 3314 3924 3927
f 4670 4673 4672
f 4995 4904 4673
f 4638 4710 4603
f 4341 4295 4525
f 5163 5166 5165
f 4834 4783 4784
f 4784 4820 4682
f 4844 4843 4687
f 5280 5276 5275
f 4217 4572 4564
f 4554 4557 4556
f 4551 4552 4556
f 4549 4546 4544
f 5141 5142 5173
f 4653 4654 4683
f 4973 4974 4989
f 4984 5005 5015
f 5177 5172 5170
f 5166 5167 5181
f 5141 5184 5139
f 5178 5174 5151
f 5244 5202 5203
f 5252 5244 5245
f 4479 4031 4079
f 4402 4405 4404
f 3500 4418 4419
f 5856 5851 5909
f 4488 3913 3348
f 8851 8853 5885
f 3607 3608 5701
f 3508 3505 3503
f 5847 5858 5896
f 4374 4373 4309
f 3380 4439 4438
f 9025 9024 3553
f 5718 5717 4131
f 3300 3229 3283
f 5551 3275 3276
f 5552 3276 3369
f 5555 3397 5483
f 5859 5898 5896
f 4133 3793 3794
f 3606 3653 3652
f 4900 4852 4766
f 4616 4790 4789
f 3738 4165 4164
f 4774 4771 4642
f 4399 4485 3402
f 5853 5796 5795
f 3936 4518 4427
f 3418 3419 4064
f 5510 3488 3840
f 3270 3282 3279
f 3274 3275 4056
f 4359 4356 4305
f 4135 3508 3504
f 3610 3611 3609
f 3837 3556 3557
f 5940 3971 4401
f 5853 5804 5803
f 5725 5513 5515
f 3246 5410 4117
f 5713 5712 5672
f 4918 4961 4916
f 4148 3995 3771
f 5106 5105 5113
f 4147 9022 5709
f 5152 5172 5177
f 9026 4135 4111
f 5104 5195 5103
f 3531 3528 3485
f 3713 3716 3715
f 3699 3715 3815
f 4467 3345 4459
f 4703 4899 4736
f 5405 3399 3846
f 3555 3552 3963
f 4120 4116 5411
f 4217 4219 4185
f 3279 5438 5441
f 4944 4945 4959
f 4353 4337 4344
f 3815 3715 3716
f 3374 3371 4052
f 4491 4492 4516
f 5865 5824 5833
f 5819 5814 5856
f 5807 5851 5856
f 3933 3256 3281
f 3208 3205 3920
f 8907 8906 8902
f 5288 5308 5295
f 3728 3725 3747
f 3309 4084 4083
f 5119 5116 5101
f 3811 3785 3789
f 3595 3863 3992
f 4106 4102 4100
f 5696 5575 5576
f 3708 3755 3750
f 3744 3760 4165
f 5905 5891 5892
f 3403 4036 4175
f 4133 3997 3506
f 4147 4145 3544
f 3561 3562 3325
f 3237 3240 3239
f 4877 4878 4793
f 3241 3244 3243
f 3597 3624 3625
f 3279 3282 3281
f 3371 3374 3373
f 3599 3566 3567
f 3975 3976 4032
f 3277 3249 3250
f 3774 3564 3565
f 3658 3673 3780
f 4961 4962 4963
f 3600 3615 3616
f 4228 4229 4202
f 4011 4008 4318
f 4307 4304 4262
f 4838 4800 4841
f 4782 4783 4773
f 4914 4956 4946
f 4839 4609 4765
f 4771 4896 4645
f 4962 4965 4964
f 4966 4959 4963
f 3601 3612 3615
f 5878 5875 5879
f 5890 5880 5881
f 3720 3786 4158
f 4755 4756 4689
f 3740 3717 3718
f 5695 5685 5686
f 5740 5743 5742
f 5733 5735 5736
f 5755 5756 5750
f 5745 5763 5762
f 5798 5801 5800
f 4706 4880 4879
f 5651 5652 5619
f 5850 5794 5797
f 5804 5807 5806
f 4087 5708 5707
f 5915 5913 5914
f 5703 3860 4167
f 5893 5894 5896
f 5892 5893 5919
f 5706 5671 5664
f 5786 5789 5788
f 3973 4131 3841
f 4831 4832 4915
f 5906 5892 8858
f 4965 4967 4969
f 4684 4685 4846
f 3589 3609 3611
f 3596 3625 4150
f 5877 5880 5763
f 4121 4124 4123
f 3469 3465 3868
f 3204 3205 3208
f 3716 3713 3726
f 5460 9027 5426
f 3465 3469 3470
f 5738 5735 3764
f 4887 4654 4655
f 4203 4206 4205
f 3959 5705 4082
f 5758 5757 5886
f 5781 5869 5872
f 4675 4762 4723
f 3757 4164 5751
f 3334 3271 3272
f 8880 5926 5903
f 5615 5676 3473
f 5759 5761 5760
f 8845 8846 8848
f 5778 5781 5780
f 8857 8856 8849
f 4132 3797 3798
f 5839 5838 5841
f 560 1899 3187
f 5747 5874 4007
f 5928 5930 8840
f 5766 5769 5768
f 4848 4957 4956
f 4953 4968 4967
f 4832 4897 4910
f 5879 5764 5888
f 3598 3567 3530
f 5747 5729 5730
f 5754 5764 5748
f 5810 5813 5812
f 5758 5755 5749
f 4315 4388 4387
f 5917 5915 5916
f 5913 5909 5910
f 5930 8731 8841
f 4951 4955 4968
f 3209 3210 3201
f 4059 5424 3246
f 8731 5934 8842
f 3776 3582 3585
f 5770 5773 5772
f 5891 5894 5893
f 9028 5638 5641
f 5814 5817 5816
f 5662 5675 5673
f 3522 3525 3524
f 5630 5631 5942
f 5791 5792 5795
f 5746 3753 3754
f 5928 5929 5931
f 5743 5760 5739
f 5876 5874 5875
f 3678 8937 9021
f 4200 4208 4207
f 4114 3546 3916
f 3601 3602 3605
f 3818 3724 3712
f 3315 3318 3317
f 5899 5900 5902
f 8840 8841 5883
f 5562 4458 5559
f 4416 3568 3448
f 3189 3192 3191
f 4751 4890 4747
f 4181 4182 4180
f 3832 3942 5454
f 3362 3527 3526
f 5678 4405 5699
f 3497 3500 3499
f 448 1980 807
f 647 648 122
f 5690 3472 5677
f 4183 4186 4185
f 1833 1848 1780
f 5920 5895 5897
f 510 509 508
f 4401 3967 5944
f 5656 5397 5530
f 3970 3971 5940
f 5653 5658 5939
f 5450 5653 5946
f 3384 5633 5945
f 4403 4404 4299
f 5944 3967 3968
f 3963 5427 5951
f 5614 3473 3474
f 5427 3838 3857
f 3210 1949 1887
f 1887 15 3200
f 15 16 3197
f 16 3188 3195
f 3195 3188 3187
f 3194 3187 1899
f 3207 1899 375
f 387 173 126
f 3189 1791 1760
f 9029 763 757
f 763 9029 2172
f 9035 9034 9032
f 9033 9032 9031
f 9046 9049 9048
f 8751 9053 9054
f 9078 9076 9077
f 9083 9087 9051
f 9088 9089 9047
f 9099 9036 9040
f 9102 9034 9036
f 9105 9031 9032
f 9105 2176 9106
f 1801 1864 9108
f 9103 9032 9034
f 9096 9090 9047
f 1767 1768 9111
f 1597 9115 9113
f 1708 1707 9117
f 9123 9120 9119
f 9118 9119 9125
f 1588 1708 9116
f 2080 9123 9118
f 2082 9118 9124
f 9126 9129 9087
f 9129 9130 9088
f 5512 3492 5943
f 5634 3383 5488
f 5724 5512 5947
f 9134 9099 9097
f 9144 9103 9102
f 9133 9097 9096
f 786 9146 9144
f 9146 9105 9103
f 785 9144 9138
f 497 9138 9134
f 650 9134 9133
f 9148 564 9133
f 8756 9058 9057
f 9154 9151 9130
f 9151 9150 9131
f 9097 9040 9090
f 1799 9109 9111
f 5949 3968 3964
f 9160 9156 8809
f 8813 9162 9160
f 9166 463 564
f 9067 9058 9054
f 9162 9166 9148
f 9087 9088 9048
f 9081 9078 9079
f 9049 9052 9051
f 9082 9168 9167
f 9079 9077 9049
f 9169 9168 9175
f 9167 9115 9112
f 9168 9169 9177
f 9120 9117 9113
f 9120 9177 9169
f 9119 9169 9170
f 9179 9180 9125
f 9180 1576 9124
f 9178 9179 9170
f 1576 2101 2084
f 9179 9178 9183
f 3203 376 1387
f 3190 1387 1791
f 5618 2152 1949
f 317 240 259
f 2000 2176 9105
f 9053 9051 9052
f 9041 9040 9036
f 9029 758 756
f 9037 9036 9034
f 9130 9131 9089
f 3204 375 376
f 1801 9107 9109
f 9181 9187 9180
f 1575 9187 9190
f 9187 1575 1576
f 1776 1795 1796
f 1293 1294 1290
f 1326 14 1327
f 1294 1245 1234
f 878 1244 1330
f 5633 3401 5490
f 5933 3359 3360
f 5613 5634 5948
f 5604 5605 3844
f 3972 3494 5950
f 3494 3495 4322
f 4406 5676 5615
f 3492 3489 4292
f 5631 5503 5495
f 497 373 374
f 122 648 413
f 5624 5489 3398
f 9151 9154 9156
f 9058 8756 8752
f 9160 9162 9150
f 8815 9166 9162
f 9156 9126 8794
f 439 398 399
f 1512 1528 1526
f 1668 1741 1738
f 839 849 1362
f 1362 1357 826
f 3425 3417 3418
f 4905 5207 5243
f 4621 4622 4662
f 5582 5579 5574
f 4754 4757 4756
f 3902 3899 4021
f 9295 740 1896
f 2053 2054 2118
f 9340 9339 2120
f 696 697 9268
f 4922 4938 4939
f 4365 4366 4186
f 5105 5106 4862
f 5228 5227 5226
f 4781 4782 4877
f 5218 5227 5238
f 4990 4993 4992
f 4335 4337 4336
f 4993 4990 4972
f 4794 4793 4792
f 5886 5884 8852
f 5405 3892 5417
f 4669 4752 4764
f 4676 4697 4698
f 1826 1878 639
f 9192 9191 9181
f 5232 5228 5233
f 5418 4121 4122
f 956 885 886
f 5720 3844 3512
f 4728 4731 4730
f 8879 8866 8863
f 1980 806 1922
f 4969 4970 4966
f 33 34 105
f 9028 3253 3254
f 3837 3558 3839
f 4382 4300 4301
f 3908 3905 4122
f 4290 4295 4294
f 4400 3834 4055
f 3219 3222 3221
f 8894 8895 8877
f 4640 4736 4735
f 4389 4366 4216
f 3267 4479 4493
f 3268 3265 4463
f 5097 5111 5098
f 5094 5097 5096
f 5654 5655 5937
f 4089 5704 3960
f 5159 5163 5162
f 5202 5244 5249
f 5412 5415 5414
f 5715 3515 3516
f 5723 4426 4423
f 4263 4264 4323
f 3994 3529 3564
f 1343 1344 9308
f 3470 3514 5667
f 5659 5661 5671
f 3319 3828 4053
f 9359 2127 2128
f 1766 1581 1582
f 14 1326 2163
f 595 98 99
f 5703 3771 3772
f 5206 5224 5229
f 3437 3446 3458
f 5516 4084 3487
f 5122 5086 5087
f 3223 3297 3934
f 3979 9023 5402
f 3828 3319 3320
f 5663 3441 4081
f 4035 4489 4490
f 4426 5723 5724
f 3881 4452 4447
f 5407 5408 4118
f 5691 5688 5689
f 5661 5673 5672
f 5911 5918 8901
f 3902 4022 3871
f 5541 5538 5539
f 4069 4454 5561
f 3248 4394 3292
f 1346 1035 1044
f 748 1888 1425
f 3297 3228 3255
f 5445 4400 4056
f 5783 5784 5830
f 4310 4028 4376
f 5857 5854 5800
f 3882 5467 4452
f 3193 3208 3919
f 3190 3191 3206
f 4266 4269 4268
f 4488 3419 3420
f 3331 3939 3940
f 4282 4285 4284
f 4606 4608 4607
f 4628 4629 4708
f 4659 4732 4733
f 4615 4750 4829
f 4718 4714 4713
f 5722 4424 4421
f 3307 3462 3461
f 4686 4688 4634
f 3966 3548 3550
f 4738 4739 4875
f 3416 4429 3237
f 4527 4528 4208
f 5093 5121 5114
f 5124 5099 5086
f 5117 5118 5138
f 4631 4641 4640
f 5166 5163 5168
f 5185 5188 5187
f 5194 5190 5191
f 3245 4117 4118
f 5214 5215 5203
f 3230 3317 3318
f 5237 5234 5217
f 5250 5259 5258
f 5113 5112 5084
f 5270 5267 5269
f 4906 5125 5107
f 5271 5266 5267
f 5276 5277 5262
f 5153 5151 5174
f 5290 5270 5268
f 5306 5299 5303
f 5147 5148 5146
f 4585 4849 4856
f 3226 5435 5436
f 4473 4503 4504
f 5765 5756 8897
f 4529 4246 4247
f 8923 8924 8916
f 5713 5681 5682
f 3315 3897 3898
f 5564 5536 5537
f 4468 4440 4441
f 3738 3739 4163
f 4577 4859 4559
f 5567 3527 3366
f 3587 3584 4150
f 5471 5468 4504
f 5860 5769 5816
f 3516 3513 5558
f 5436 3985 5637
f 5050 5053 5083
f 5547 5565 3338
f 9023 3979 3295
f 5708 4087 4132
f 4104 3816 3814
f 3718 3719 4161
f 5498 5491 5679
f 3884 4431 4432
f 3955 4512 3877
f 4049 4062 4061
f 8892 8872 8875
f 4572 4217 4218
f 4440 4443 4442
f 4497 4511 3407
f 8906 8882 8881
f 5664 5712 5670
f 3751 4105 3706
f 3511 3735 3736
f 5129 5130 5116
f 5086 5099 5098
f 5135 5127 5128
f 5143 5146 5145
f 5168 5158 5136
f 5297 5241 5246
f 5164 5161 5160
f 5155 5161 5171
f 5137 5179 5167
f 5293 5308 5307
f 5513 3570 4083
f 4053 3828 3825
f 3228 3297 3298
f 3631 3632 3635
f 5689 5669 5670
f 5759 5762 5883
f 3793 4133 3507
f 4906 4908 4891
f 4719 4858 4901
f 3597 3598 4095
f 3352 4126 4125
f 9064 9057 9058
f 9076 9064 9067
f 9083 8766 8794
f 9131 9132 9096
f 9138 9102 9099
f 9154 9129 9126
f 9077 9067 9052
f 9053 8751 8766
f 9191 9190 9187
f 9082 9079 9046
f 9193 9175 9168
f 1284 1290 1288
f 9150 9148 9132
f 3841 3842 3496
f 3570 3569 3336
f 4027 4311 4312
f 4889 4876 4781
f 4041 4045 4044
f 4885 4884 4813
f 5419 4122 3905
f 4367 4368 4227
f 1778 1781 1780
f 1792 1759 1584
f 4308 4017 3869
f 4594 4723 4762
f 4767 4770 4769
f 5461 3365 3366
f 4763 4704 4716
f 4919 4918 4915
f 4300 4382 4334
f 5196 5199 5198
f 5158 5148 5135
f 5431 5434 5433
f 4545 4567 4571
f 4557 4558 4594
f 695 570 571
f 4156 4155 3626
f 4861 4673 4670
f 5681 5675 5674
f 5473 5475 5580
f 3622 3656 4152
f 5647 3573 3574
f 3674 3663 3808
f 4420 4145 3498
f 5675 5662 5666
f 3253 9028 5439
f 5870 5866 5917
f 8887 8920 8919
f 5862 5856 5913
f 3534 3593 3485
f 3313 4486 4484
f 9090 9193 9046
f 4871 4759 4695
f 3778 3777 3822
f 4889 4748 4874
f 4000 3783 3784
f 4897 4898 4911
f 3856 3857 3838
f 4772 4830 4896
f 4015 4016 4376
f 3433 3461 3476
f 4053 4054 3302
f 3367 5567 3363
f 3242 3829 3831
f 3441 3442 4082
f 4735 4736 4855
f 4756 4757 4737
f 3382 3385 3384
f 3698 3699 3697
f 4676 4679 4678
f 4948 4943 4941
f 4890 5394 4805
f 4757 4744 4745
f 4581 4221 4380
f 5716 3516 5932
f 4923 4920 4926
f 5077 5079 5081
f 5078 5082 5058
f 4009 5401 5400
f 5081 5082 5078
f 3930 3931 4513
f 4014 4376 4028
f 4025 4026 4020
f 3618 4093 4096
f 4581 4575 4576
f 4219 4217 4188
f 5440 5442 3335
f 5449 3982 3323
f 4229 4181 4177
f 4590 4213 4214
f 4227 4183 4184
f 4574 4901 4858
f 4565 4566 5453
f 4592 4555 4588
f 4590 4587 4573
f 3517 3518 5521
f 3845 5428 3522
f 4444 3340 3884
f 3982 5449 5533
f 4465 4466 4497
f 4520 4522 4521
f 4076 4073 5591
f 3635 3667 3666
f 3343 3344 4498
f 4022 4019 3870
f 3661 3607 4098
f 5691 5690 5697
f 3768 3766 5742
f 4514 3955 3956
f 3697 3815 3814
f 4394 3248 5460
f 4054 4053 4057
f 3284 3318 3323
f 4052 3926 4169
f 4447 4506 4510
f 4456 4460 3346
f 4483 3876 3877
f 4482 3877 4512
f 4492 4512 4513
f 5642 5438 5439
f 5448 5447 5442
f 5466 4441 3882
f 3340 4444 4445
f 8908 8909 8910
f 4397 4169 3835
f 5413 3520 3521
f 3234 3931 3932
f 5753 5765 8895
f 8896 8897 5756
f 8921 8922 8889
f 8915 8912 8911
f 3933 3936 3935
f 3620 3804 3657
f 3966 3969 3968
f 4905 4789 4769
f 3225 5436 5437
f 5433 3896 3984
f 5714 5686 5693
f 5435 3984 3985
f 3954 3956 3955
f 4713 4712 4632
f 4879 4635 4632
f 3983 3984 3896
f 9027 5460 3248
f 5871 5870 5912
f 5849 5846 5891
f 4702 4703 4640
f 4213 4590 4579
f 3644 3645 3688
f 9193 9090 9040
f 8920 8930 8935
f 5406 3846 4130
f 4140 5400 5401
f 5659 3903 3904
f 4772 4773 4783
f 4244 4247 4246
f 4061 5399 4037
f 3669 3804 3803
f 3459 3460 3209
f 4072 5483 5484
f 4835 4833 4834
f 5660 5662 5661
f 4262 4265 4264
f 3633 3630 3627
f 3685 3643 3676
f 4517 4515 3235
f 4145 4420 4085
f 5455 4438 5459
f 5638 5635 5640
f 3228 3225 3254
f 4044 4174 3411
f 3614 3615 3612
f 3273 3276 3275
f 4952 4962 4961
f 4959 4958 4960
f 4888 4655 4761
f 4254 4257 4256
f 4199 4202 4201
f 4499 4464 4465
f 5479 4495 4496
f 5952 5953 5954
f 5956 5957 5958
f 5959 5958 5960
f 5962 5963 5964
f 5966 5967 5968
f 5967 5970 5971
f 5963 5962 5961
f 5972 5965 5964
f 5974 5975 5976
f 5978 5979 5980
f 5982 5983 5984
f 5986 5987 5985
f 5988 5989 5990
f 5992 5993 5994
f 5996 5997 5998
f 6000 6001 6002
f 6004 6005 6006
f 6008 6009 6010
f 6012 6013 6014
f 6016 6017 6018
f 6020 6021 6022
f 6024 6025 6026
f 6028 6029 6030
f 6032 6033 6034
f 6036 6037 6038
f 6040 6041 6013
f 6042 6043 6044
f 5992 6046 6047
f 6048 6049 6050
f 6052 6053 6054
f 6056 6057 6058
f 6060 6061 5987
f 6062 6063 6064
f 6066 6067 6068
f 6070 6071 6027
f 6072 6073 6057
f 6075 6076 6077
f 6078 6079 6080
f 6082 6083 6054
f 6085 6078 6081
f 6087 6061 5990
f 6061 6087 6089
f 6089 6090 6091
f 6092 6091 6093
f 6095 5978 5981
f 6062 6082 6084
f 6097 6098 6035
f 6056 6049 6099
f 6100 6101 6102
f 6001 6000 6104
f 6107 6108 6109
f 6110 6111 6112
f 6114 6026 6025
f 6116 6117 6118
f 6120 6121 6122
f 6124 6125 6126
f 6128 6129 6101
f 6039 6130 6131
f 6132 6133 6134
f 6136 6137 6138
f 6139 6140 6141
f 6143 6144 6145
f 6148 6149 6150
f 6152 6153 6154
f 6155 6156 6157
f 6159 6160 6161
f 6163 6164 6165
f 6167 6168 6169
f 6171 6172 6173
f 6175 6176 6104
f 6178 6179 6180
f 6023 6182 6183
f 6184 6185 6186
f 6117 6116 6188
f 6190 6191 6192
f 6194 6070 6026
f 6195 6196 6191
f 6197 6198 6199
f 6201 6202 6203
f 6205 6206 6207
f 6209 6210 6201
f 6197 6200 6211
f 6212 6211 6213
f 5979 6215 6214
f 6203 6216 6217
f 6206 6199 6198
f 6218 5961 5962
f 5965 6220 6219
f 5972 3355 3354
f 6070 6194 6222
f 6224 6225 6226
f 6228 6229 6230
f 6232 6233 6234
f 6196 6195 6236
f 6071 6070 6223
f 6239 6240 6241
f 6243 6244 6245
f 6247 6073 6248
f 6250 6251 6252
f 6254 6255 6256
f 6258 6259 6260
f 6229 6262 6263
f 6264 6265 6242
f 6266 6267 6268
f 6270 6271 6272
f 6274 6275 6276
f 6195 6278 6279
f 6280 6278 6281
f 6283 6284 6285
f 6123 6122 6287
f 6289 6290 6291
f 6293 6294 6243
f 6240 6296 6297
f 6298 6299 6267
f 6300 6301 6302
f 6304 6305 6306
f 6251 6250 6308
f 6247 6310 6311
f 6313 6314 6315
f 6314 6313 6317
f 6319 6086 6320
f 6322 6087 6088
f 6216 6324 6258
f 6325 6326 6327
f 6217 6258 6261
f 6330 6071 6238
f 6071 6330 6048
f 6015 6332 6333
f 6079 6334 6335
f 6336 6294 6240
f 6294 6293 6296
f 6337 6338 6339
f 6341 6342 6343
f 6345 6346 6347
f 6266 6264 6349
f 6350 6351 6352
f 6295 6243 6246
f 6303 6355 6356
f 6357 6358 6359
f 6361 6362 6363
f 6365 6350 6353
f 6367 6368 6369
f 6371 6367 6370
f 6372 6373 6374
f 6375 6374 6373
f 6376 6377 6378
f 6379 6380 6381
f 6383 6384 6385
f 6387 6388 6389
f 6391 6392 6393
f 6395 6396 6397
f 6398 6399 6400
f 6399 6401 6402
f 6403 6402 6401
f 6405 6406 6407
f 6409 6410 6411
f 6367 6371 6413
f 6374 6375 6415
f 6417 6418 6384
f 6419 6420 6348
f 6421 6422 6423
f 6425 6426 6400
f 6426 6427 6395
f 6393 6396 6428
f 6429 6430 6394
f 6390 6389 6431
f 6433 6434 6408
f 6435 6436 6437
f 6439 6440 6411
f 6392 6391 6441
f 6397 6392 6442
f 6401 6399 6444
f 6446 6447 6437
f 6448 6449 6450
f 6452 6453 6454
f 6442 6441 6456
f 6443 6442 6457
f 6444 6459 6460
f 6445 6444 6461
f 6463 6464 6462
f 6446 6445 6462
f 6466 6467 6468
f 6448 6451 6470
f 6453 6452 6472
f 6474 6475 6476
f 6478 6479 6480
f 6482 6483 6484
f 6486 6487 6488
f 6490 6491 6492
f 6493 6492 6494
f 6496 6497 6498
f 6500 6501 6502
f 6504 6505 6506
f 6508 6468 6509
f 6511 6512 6513
f 6499 6514 6515
f 6516 6517 6518
f 6520 6521 6522
f 6524 6507 6525
f 6507 6524 6527
f 6504 6527 6528
f 6528 6511 6508
f 6529 6530 6531
f 6342 6533 6534
f 6535 6347 6346
f 6347 6535 6537
f 6434 6538 6539
f 6539 6540 6405
f 6541 6542 6451
f 6543 6544 6470
f 6546 6478 6481
f 6499 6498 6548
f 6549 6550 6514
f 6551 6552 6553
f 6555 6556 6557
f 6403 6436 6423
f 6426 6425 6413
f 6415 6560 6428
f 6430 6429 6561
f 6434 6433 6420
f 6563 6564 6565
f 6404 6401 6445
f 6459 6444 6399
f 6455 6454 6388
f 6405 6450 6449
f 6540 6541 6450
f 6567 6495 6568
f 6570 6464 6463
f 6475 6474 6490
f 6458 6457 6571
f 6573 6571 6574
f 6576 6577 6578
f 6193 6192 6580
f 6582 6583 6584
f 6583 6582 6586
f 6588 6589 6587
f 6590 6069 6068
f 6592 6593 6594
f 6251 6310 6595
f 6304 6596 6597
f 6272 3735 6599
f 3737 3736 6558
f 6600 6161 6160
f 6123 6602 6603
f 6604 6605 6606
f 6608 6205 6208
f 5972 6221 6220
f 6610 6611 6612
f 6613 6614 6615
f 6242 6617 6618
f 6226 6619 6245
f 6620 6621 6622
f 6624 6143 6146
f 6626 6213 6211
f 6627 6628 6629
f 6631 6632 6633
f 6235 6635 6636
f 6637 6638 6639
f 6641 6625 6286
f 6643 6644 6645
f 6647 6648 6649
f 6244 6243 6294
f 6336 6651 6652
f 6194 6196 6237
f 6196 6194 6114
f 6115 6192 6191
f 6653 6654 6655
f 6657 6117 6189
f 6117 6657 6659
f 6130 6157 6156
f 6133 6152 6151
f 6661 6111 6662
f 6663 6613 6616
f 6664 6270 6273
f 6418 6417 6432
f 6290 6325 6328
f 6666 6557 6556
f 6557 6666 3805
f 5971 6667 6668
f 6181 6669 6670
f 6671 6672 6673
f 6676 6673 6672
f 6675 6150 6149
f 6067 6066 5999
f 6677 6678 6679
f 6681 6682 6683
f 6087 6322 6090
f 5983 5982 6685
f 5982 6094 6687
f 6094 6093 6688
f 6211 6200 6137
f 6689 6690 6691
f 6690 6689 3833
f 6001 5983 6686
f 5978 6693 6215
f 6694 6693 5978
f 5974 6694 6095
f 6183 6182 6696
f 6698 5959 5961
f 5959 6698 6699
f 6697 6696 6700
f 6702 6629 6703
f 5968 6668 6705
f 6706 5977 5955
f 6707 6618 6617
f 6024 6051 6709
f 6402 6403 6559
f 3852 6711 6712
f 3856 6594 6593
f 5977 6706 6694
f 6713 5955 5977
f 6714 6715 6716
f 6718 6719 6308
f 6720 6255 6254
f 6722 6723 6724
f 6312 6311 6726
f 6069 6590 6728
f 6319 6594 6730
f 6731 6645 6644
f 6732 6733 6734
f 6046 6053 6320
f 3880 3805 6666
f 6736 6737 6738
f 6531 6740 6741
f 6300 6356 6614
f 6742 6532 6325
f 6743 6742 3891
f 6744 6302 6301
f 6746 6747 6534
f 6536 6576 6579
f 6535 6579 6563
f 6566 6538 6537
f 6538 6566 6409
f 6412 6540 6539
f 6412 6748 6541
f 6748 6749 6542
f 6749 6569 6545
f 6568 6750 6547
f 6751 6752 6548
f 6753 6754 6550
f 6755 6756 6757
f 6759 6760 6761
f 6763 6764 6765
f 6764 6620 6623
f 6766 6767 6768
f 6770 6771 6772
f 6774 6775 6776
f 6021 6774 6777
f 6723 6778 6779
f 6780 6781 6782
f 6784 6785 6786
f 6788 6789 6790
f 6185 6792 6793
f 6794 6722 6725
f 6729 6796 6098
f 6135 6797 6798
f 6799 6062 6065
f 6037 6801 6802
f 6005 6004 6588
f 6005 6803 6804
f 6052 6055 6010
f 6586 6582 6803
f 6092 5985 5987
f 6094 5982 5985
f 6096 6806 6695
f 6082 6062 6799
f 6657 6013 6041
f 6013 6657 6658
f 6795 6725 6807
f 6809 6810 6811
f 6813 6814 6815
f 6817 6818 6819
f 6821 6822 6823
f 6329 6209 6204
f 6202 6825 6826
f 6072 6099 6827
f 6598 6829 6305
f 6301 6300 6613
f 6830 6831 6271
f 6822 6779 6778
f 6326 6741 6832
f 6203 6826 6833
f 6027 6048 6051
f 6360 6834 6835
f 6836 6837 6838
f 6837 6840 6841
f 6362 6365 6366
f 6380 6385 6384
f 6421 6564 6578
f 6566 6565 6410
f 6394 6389 6388
f 6414 6422 6368
f 6371 6374 6416
f 6561 6560 6378
f 6382 6381 6562
f 6381 6384 6418
f 6389 6394 6430
f 6391 6388 6454
f 6441 6454 6453
f 6456 6453 6473
f 6495 6494 6750
f 6843 6575 6485
f 6844 6845 6843
f 6573 6845 6847
f 6849 6491 6487
f 6513 6753 6752
f 6517 6521 6850
f 6521 6520 6851
f 6844 6851 6852
f 6505 6504 6510
f 6753 6513 6512
f 6516 6522 6521
f 6614 6740 6854
f 6742 6262 4003
f 6708 6617 6855
f 6307 6306 6857
f 6307 6664 6665
f 6414 6413 6425
f 6416 6415 6427
f 6562 6418 6431
f 6419 6537 6538
f 6358 6836 6839
f 6059 6058 6859
f 6861 6862 6863
f 6865 6866 6867
f 6115 6025 6869
f 6871 6872 6873
f 6721 6254 6596
f 6876 6610 6556
f 6877 6663 6552
f 6551 6878 6268
f 6879 6855 6265
f 6239 6618 6651
f 6230 6263 6619
f 6171 6670 6669
f 6106 6109 6882
f 6883 6884 6822
f 6759 6184 6187
f 6725 6724 6785
f 6885 6795 6808
f 6886 6887 6888
f 6701 6700 6756
f 6884 6786 6779
f 6715 6714 6309
f 6889 6259 6890
f 6743 3890 4042
f 6270 6664 6893
f 6386 6894 6895
f 6895 6348 6420
f 6897 6432 6417
f 6897 6433 6407
f 6390 6898 6899
f 6900 6899 6406
f 6455 6900 6901
f 6902 6903 6904
f 6482 6903 6905
f 6501 6906 6907
f 6496 6515 6908
f 6532 6531 6326
f 6532 6742 6743
f 6612 6910 6735
f 6611 6911 6910
f 6626 5980 5979
f 6704 6912 6105
f 6913 6590 6591
f 6915 6794 6795
f 6229 6228 4067
f 6263 6290 6289
f 6745 6301 6663
f 6916 6771 6757
f 6885 6918 6165
f 6920 6780 6783
f 6921 6922 6923
f 6925 6921 6924
f 6927 6928 6929
f 6931 6932 6933
f 6935 6936 6937
f 6939 6940 6941
f 6943 6944 6945
f 6947 6948 6949
f 6944 6943 6951
f 6953 6954 6955
f 6957 6958 6959
f 6961 6962 6929
f 6964 6965 6966
f 6968 6969 6970
f 6969 6948 6955
f 6972 6943 6946
f 6974 6975 6976
f 6978 6979 6980
f 6940 6939 6982
f 6984 6985 6986
f 6988 6989 6990
f 6992 6990 6989
f 6994 6995 6996
f 6998 6999 7000
f 7002 7003 7004
f 7006 7007 7008
f 7010 7011 7012
f 7014 7015 7016
f 7018 7019 6999
f 7020 7021 7022
f 7024 7025 7026
f 7028 7029 7030
f 7032 7033 7034
f 7003 7002 7036
f 7038 7039 7040
f 6993 6989 7030
f 7042 7043 7044
f 7046 7047 7007
f 7011 7010 7048
f 7050 7051 7052
f 7054 7015 7014
f 7015 7054 7056
f 6621 6620 7045
f 7049 7048 6775
f 7051 7050 6021
f 7055 6697 6701
f 7054 6701 6755
f 6764 6763 7047
f 7020 7058 7059
f 7060 7061 7062
f 6958 7064 7065
f 6925 7066 7067
f 7068 6931 6934
f 7069 6988 6991
f 7071 6995 7072
f 7074 7075 7076
f 7078 7079 7080
f 7014 7017 7082
f 7084 7085 7086
f 7025 7028 7031
f 7085 7084 7072
f 7089 7084 7087
f 7055 7014 7083
f 7090 7087 6770
f 7092 7093 7094
f 7091 6183 6697
f 6770 7087 7086
f 7095 7094 6767
f 7096 7061 6980
f 7098 6941 6940
f 7058 7020 7023
f 7101 6927 6930
f 6974 7060 7063
f 7103 6968 6971
f 7105 6978 6981
f 7106 7107 7036
f 7109 7048 7010
f 7111 7019 7018
f 7098 7003 7037
f 7048 7109 7112
f 7113 6993 7041
f 6994 7114 7115
f 6965 7116 6923
f 6975 6922 6945
f 7061 7096 7065
f 6954 6953 6933
f 6763 7112 7109
f 7046 7045 6620
f 6947 7117 7067
f 6758 7086 7056
f 7118 7119 7039
f 7038 7069 7070
f 7106 7120 7121
f 7123 7124 7053
f 7123 7052 7083
f 7045 7046 7006
f 7107 7106 7122
f 7091 7083 7052
f 7091 7051 6020
f 6936 7096 7097
f 7125 6957 6960
f 6774 6021 7050
f 7119 6939 6942
f 7019 7002 7005
f 7011 7053 7124
f 7021 7126 7040
f 7114 7029 7016
f 7053 7011 7049
f 7086 7085 7057
f 6993 7113 7127
f 7075 7127 7113
f 4281 4280 6603
f 6012 6333 7129
f 7130 6083 6584
f 6797 7132 7133
f 6074 7134 7135
f 6789 6760 6173
f 6760 6789 6776
f 7136 6802 6801
f 6914 6671 6674
f 7007 7110 7059
f 7099 7004 7003
f 6984 7103 7104
f 7110 7007 7047
f 6333 6583 6587
f 5956 6699 6667
f 5957 5956 5971
f 7137 6715 6308
f 4292 4293 6718
f 6693 6705 6668
f 6215 6668 6667
f 6214 6667 6699
f 6698 6197 6212
f 6219 6207 6198
f 6207 6219 6220
f 6220 6221 6609
f 6262 6229 4066
f 7138 7139 7140
f 4298 7142 7140
f 7143 7144 7145
f 7147 7148 7144
f 7149 7150 7151
f 7150 7152 7153
f 6329 6261 7154
f 6261 6260 7155
f 7156 6829 7157
f 6598 6597 7159
f 6257 6256 7161
f 6256 4322 4321
f 6693 6694 6706
f 5954 5969 6705
f 5953 5966 5969
f 7163 5984 5983
f 7164 7165 6138
f 7167 7168 7169
f 6141 7171 7172
f 7166 7171 7173
f 6141 6140 7174
f 7176 7177 7178
f 7180 7181 7182
f 7184 7185 7186
f 6631 7180 7183
f 6218 6198 6197
f 6625 6641 7189
f 6814 6813 7190
f 6882 7192 7193
f 7195 7196 6109
f 6888 7197 7198
f 7200 7201 7202
f 7176 6627 6630
f 6029 7184 7187
f 7205 7206 7207
f 7209 7210 7211
f 7203 7202 7213
f 6886 7215 6778
f 6031 6030 7215
f 7216 7217 7218
f 7220 7221 6880
f 6076 6075 7220
f 6074 6077 6672
f 6147 6150 6662
f 7223 6662 6111
f 6810 6809 6113
f 6920 7134 6914
f 6077 6660 6675
f 6660 6077 6076
f 7222 7220 6669
f 7224 7222 6181
f 6660 6662 6150
f 7225 7226 6794
f 6783 6782 7225
f 6781 6780 6068
f 7217 7227 7228
f 6031 6888 7199
f 6887 6886 6723
f 6164 7225 6915
f 6780 6920 6591
f 7134 6074 6671
f 7229 7230 6824
f 7187 7186 7230
f 7226 6887 6722
f 7231 7232 6169
f 7201 7231 7233
f 6107 7234 7235
f 7215 7229 6823
f 6030 7187 7229
f 7236 7216 7219
f 7237 7238 6820
f 7237 7208 7207
f 7239 7240 7241
f 6739 7243 7244
f 7245 7239 7242
f 7233 6169 6168
f 7247 7213 7202
f 7195 6108 7203
f 7248 7249 7250
f 7227 7251 7252
f 7253 6067 5998
f 6067 7253 7198
f 6781 7198 7197
f 5984 7163 6683
f 7254 7250 6678
f 6679 7249 7252
f 6887 7226 7197
f 6782 7197 7226
f 7135 6919 6163
f 7221 7220 6075
f 6661 6076 7222
f 7224 6112 6111
f 6180 6810 6112
f 6179 6811 6810
f 6811 6179 6793
f 6650 6792 6622
f 6766 6621 7044
f 7095 7044 7043
f 7092 7043 7121
f 7078 7120 7255
f 7256 7232 7257
f 6768 6772 7259
f 6773 6767 7094
f 7090 7094 7093
f 7089 7093 7080
f 7071 7079 7032
f 7077 7018 6998
f 6995 7071 7260
f 7077 7076 7261
f 7035 7034 7018
f 7108 7019 7111
f 6978 7105 7262
f 7105 7263 7264
f 7263 6944 6952
f 6990 6992 6951
f 6972 7117 7266
f 7117 6947 6950
f 6948 6969 7267
f 6969 6968 6982
f 7103 6984 6987
f 7005 7004 6986
f 6999 7005 7268
f 7269 7270 7271
f 7274 7272 7275
f 7274 7273 7276
f 7278 7279 7280
f 7282 7283 7284
f 7286 7287 7288
f 7290 7291 7292
f 7294 7295 7296
f 7068 7297 7298
f 7300 7301 7302
f 7304 6962 7305
f 7307 7285 7305
f 7309 7284 7283
f 7311 7312 7313
f 7125 7304 7306
f 7285 7307 7280
f 7277 7281 7303
f 6965 6964 7316
f 7318 7312 7316
f 7320 7321 7271
f 7312 7318 7296
f 7270 7269 7298
f 7311 7270 7322
f 6961 6932 7300
f 7323 7324 7325
f 7327 7064 7328
f 7064 6958 7325
f 7287 7330 7292
f 6931 7068 7299
f 7331 7327 7329
f 7332 7333 7334
f 7336 7337 7338
f 7340 7341 7333
f 7342 7341 7343
f 7345 7346 7347
f 7348 7349 7350
f 7352 7353 7354
f 7356 7357 7358
f 7360 7361 7362
f 7365 7366 7367
f 7368 7369 7370
f 7372 7373 7336
f 7373 7375 7337
f 7367 7366 7376
f 7378 7379 7380
f 7382 7383 7384
f 7386 7387 7385
f 7388 7389 7390
f 7392 7334 7333
f 7394 7395 7396
f 7398 7399 7400
f 7402 7403 7404
f 7406 7407 7408
f 7410 7411 7383
f 7412 7413 7414
f 7385 7416 7417
f 7389 7418 7419
f 7373 7420 7421
f 7420 7373 7372
f 7369 7423 7424
f 7399 7398 7397
f 7393 7333 7341
f 7398 7358 7357
f 7358 7398 7401
f 7428 7429 7430
f 7433 7434 7435
f 7363 7362 7436
f 7383 7438 7439
f 7411 7440 7438
f 7441 7442 7443
f 7445 7446 7339
f 7374 7336 7339
f 7444 7365 7364
f 7448 7364 7450
f 7364 7367 7451
f 7451 7367 7377
f 7449 7450 7454
f 7455 7454 7450
f 7456 7455 7451
f 7410 7457 7458
f 7460 7461 7462
f 7423 7369 7462
f 7464 7465 7466
f 7468 7469 7347
f 7376 7366 7471
f 7425 7397 7396
f 7475 7476 7477
f 7478 7479 7480
f 7482 7483 7407
f 7484 7485 7351
f 7487 7405 7488
f 7490 7491 7492
f 7412 7415 7434
f 7494 7495 7434
f 7496 7388 7391
f 7440 7411 7498
f 7401 7400 7488
f 7485 7346 7345
f 7500 7502 7427
f 7395 7394 7469
f 7503 7504 7505
f 7507 7508 7509
f 7511 7512 7513
f 7511 7514 7515
f 7517 7518 7519
f 7521 7522 7523
f 7352 7524 7525
f 7415 7414 7527
f 7528 7529 7530
f 7404 7531 7502
f 7477 7388 7496
f 7512 7478 7481
f 7405 7404 7500
f 7533 7534 7535
f 7378 7507 7510
f 7532 7496 7379
f 7539 7540 7541
f 7524 7352 7355
f 7351 7485 7501
f 7414 7524 7523
f 7522 7543 7527
f 7544 7413 7412
f 7546 7416 7547
f 7526 7549 7353
f 7550 7521 7355
f 7521 7550 7551
f 7552 7546 7548
f 7546 7552 7553
f 7522 7521 7548
f 7418 7556 7520
f 7416 7546 7554
f 7457 7557 7558
f 7557 7559 7560
f 7562 7561 7563
f 7564 7563 7349
f 7351 7350 7565
f 7567 7568 7569
f 7570 7555 7520
f 7419 7418 7555
f 7572 7564 7348
f 7389 7476 7556
f 7573 7490 7493
f 7552 7535 7534
f 7562 7574 7536
f 7572 7575 7576
f 7422 7577 7578
f 7423 7579 7580
f 7579 7423 7463
f 7578 7574 7576
f 7583 7584 7381
f 7586 7579 7581
f 7533 7580 7579
f 7447 7339 7338
f 7588 7502 7531
f 7590 7428 7431
f 7321 7320 7592
f 7275 7581 7463
f 7461 7278 7276
f 7279 7278 7461
f 7453 7454 7593
f 7594 7593 7454
f 7330 7287 7498
f 7459 7458 7294
f 7558 7560 7595
f 7560 7592 7320
f 7275 7321 7585
f 7462 7276 7273
f 7596 7583 7380
f 7597 7598 7406
f 7467 7466 7599
f 7601 7602 7603
f 7605 7365 7444
f 7365 7605 7606
f 7607 7495 7494
f 7513 7481 7473
f 7396 7395 7514
f 7514 7395 7468
f 7470 7609 7515
f 7610 7611 7609
f 7612 7556 7476
f 7613 7530 7529
f 7442 7441 7615
f 7574 7578 7577
f 7619 7400 7399
f 7518 7479 7509
f 7491 7399 7425
f 7549 7620 7621
f 7491 7490 7622
f 7377 7438 7440
f 7379 7496 7497
f 7453 7461 7460
f 7411 7410 7459
f 7623 7624 7391
f 7625 7611 7610
f 7487 7407 7483
f 7619 7622 7408
f 7627 7628 7620
f 7538 7379 7378
f 7389 7388 7477
f 7629 7545 7412
f 7489 7408 7407
f 7628 7627 7598
f 7413 7525 7524
f 7592 7560 7559
f 7584 7631 7632
f 7569 7568 7633
f 7570 7508 7566
f 7631 7567 7566
f 7508 7570 7519
f 7614 7573 7480
f 7346 7610 7470
f 7572 7574 7562
f 7571 7633 7634
f 7346 7485 7484
f 7607 7591 7431
f 7585 7592 7630
f 7624 7596 7497
f 7635 7386 7384
f 7636 7427 7502
f 7323 7309 7310
f 7420 7578 7582
f 7637 7594 7455
f 7287 7286 7499
f 7458 7558 7295
f 7439 7376 7472
f 7599 7601 7604
f 7359 7358 7427
f 7436 7638 7639
f 7490 7573 7640
f 7481 7480 7493
f 7641 7506 7505
f 7642 7643 7627
f 7492 7425 7473
f 7517 7612 7625
f 7625 7484 7486
f 7634 7623 7390
f 7474 7477 7532
f 7448 7368 7441
f 7368 7448 7449
f 7615 7441 7368
f 7638 7603 7602
f 7575 7572 7501
f 7571 7555 7570
f 7400 7619 7489
f 7508 7507 7632
f 7503 7506 7540
f 6957 7125 7315
f 7376 7439 7438
f 7507 7378 7381
f 7499 7456 7452
f 7286 7637 7456
f 7504 7642 7644
f 7645 7598 7627
f 7647 7634 7633
f 7647 7648 7623
f 7649 7624 7623
f 7650 7596 7624
f 7646 7633 7568
f 7651 7568 7567
f 7653 7652 7567
f 7651 7654 7655
f 7656 7657 7658
f 7660 7658 7657
f 7663 7657 7656
f 7664 7665 7663
f 7667 7666 7663
f 7667 7662 7668
f 7663 7665 7661
f 7670 7671 7672
f 7661 7672 7671
f 7659 7668 7662
f 7648 7647 7668
f 7648 7659 7673
f 7659 7658 7674
f 7658 7660 7675
f 7668 7647 7646
f 7660 7671 7676
f 7675 7677 7678
f 7677 7675 7676
f 7677 7680 7681
f 7682 7683 7678
f 7677 7679 7684
f 7673 7674 7678
f 7683 7650 7649
f 7685 7676 7671
f 7667 7655 7686
f 7666 7686 7687
f 7654 7688 7686
f 7689 7687 7686
f 7664 7687 7691
f 7650 7692 7583
f 7693 7653 7631
f 7584 7583 7692
f 7693 7692 7682
f 7694 7682 7681
f 7694 7696 7653
f 7650 7683 7682
f 7696 7697 7652
f 7654 7651 7652
f 7688 7654 7697
f 7699 7698 7697
f 7700 7701 7698
f 7695 7699 7696
f 7699 7695 7702
f 7689 7688 7698
f 7689 7701 7703
f 7705 7706 7707
f 7701 7700 7705
f 7704 7703 7707
f 7685 7670 7691
f 7687 7689 7704
f 7680 7702 7695
f 7684 7706 7702
f 7702 7706 7705
f 7684 7679 7707
f 7676 7685 7707
f 7665 7669 7672
f 7670 7669 7690
f 7665 7664 7690
f 7611 7475 7474
f 7510 7509 7479
f 7511 7538 7537
f 7516 7532 7538
f 7517 7530 7613
f 7537 7510 7478
f 7611 7625 7612
f 7613 7480 7479
f 7556 7612 7517
f 7516 7515 7609
f 7708 7709 7710
f 7712 7713 7714
f 7713 7716 7717
f 7719 7720 7721
f 7722 7723 7597
f 7724 7712 7715
f 7726 7727 7728
f 7731 7640 7573
f 7730 7573 7614
f 7733 7734 7735
f 7721 7712 7724
f 7731 7722 7409
f 7708 7726 7729
f 7737 7724 7709
f 7716 7741 7736
f 7742 7743 7744
f 7740 7736 7735
f 7717 7716 7740
f 7716 7713 7720
f 7748 7749 7711
f 7750 7748 7710
f 7720 7719 7751
f 7734 7723 7728
f 7709 7724 7725
f 7752 7753 7715
f 7739 7709 7708
f 7720 7713 7712
f 7749 7754 7755
f 7745 7744 7756
f 7746 7727 7742
f 7743 7742 7755
f 7727 7746 7735
f 7747 7756 7757
f 7753 7750 7725
f 7751 7621 7620
f 7757 7752 7714
f 7718 7721 7737
f 7747 7740 7746
f 7727 7726 7755
f 7726 7708 7711
f 7759 7757 7756
f 7759 7760 7752
f 7760 7761 7753
f 7761 7762 7750
f 7758 7756 7744
f 7763 7744 7743
f 7754 7765 7764
f 7763 7766 7767
f 7768 7769 7770
f 7772 7768 7771
f 7775 7768 7772
f 7776 7777 7775
f 7779 7778 7775
f 7775 7777 7769
f 7770 7769 7781
f 7782 7774 7772
f 7760 7759 7782
f 7760 7773 7783
f 7773 7771 7784
f 7770 7785 7784
f 7779 7774 7782
f 7782 7759 7758
f 7785 7770 7780
f 7785 7787 7788
f 7787 7785 7786
f 7787 7790 7791
f 7792 7793 7788
f 7787 7789 7794
f 7793 7783 7784
f 7762 7761 7783
f 7796 7786 7780
f 7795 7780 7781
f 7779 7767 7798
f 7799 7776 7778
f 7766 7800 7798
f 7800 7801 7799
f 7802 7776 7799
f 7795 7797 7802
f 7762 7804 7748
f 7805 7765 7754
f 7749 7748 7804
f 7805 7804 7792
f 7806 7792 7791
f 7806 7808 7765
f 7793 7792 7804
f 7808 7809 7764
f 7766 7763 7764
f 7766 7809 7810
f 7811 7810 7809
f 7812 7813 7810
f 7807 7811 7808
f 7811 7807 7814
f 7813 7801 7800
f 7801 7813 7815
f 7817 7818 7819
f 7813 7812 7817
f 7816 7815 7819
f 7796 7795 7803
f 7799 7801 7816
f 7790 7814 7807
f 7794 7818 7814
f 7814 7818 7817
f 7794 7789 7819
f 7786 7796 7819
f 7777 7797 7781
f 7777 7776 7802
f 7528 7719 7718
f 7729 7728 7723
f 7738 7731 7730
f 7732 7737 7739
f 7733 7620 7628
f 7722 7731 7738
f 7621 7751 7719
f 7628 7597 7723
f 7733 7736 7741
f 7732 7614 7529
f 7486 7565 7621
f 7549 7565 7350
f 7353 7350 7349
f 7354 7349 7563
f 7821 7822 7823
f 7824 7825 7826
f 7825 7828 7829
f 7830 7831 7832
f 7834 7824 7827
f 7836 7837 7838
f 7840 7482 7406
f 7841 7406 7598
f 7843 7844 7845
f 7833 7824 7834
f 7848 7820 7836
f 7847 7834 7821
f 7828 7851 7846
f 7853 7854 7855
f 7850 7846 7845
f 7829 7828 7850
f 7828 7825 7832
f 7858 7859 7823
f 7860 7858 7822
f 7831 7861 7851
f 7844 7862 7838
f 7834 7835 7822
f 7863 7864 7827
f 7849 7821 7820
f 7825 7824 7833
f 7859 7865 7866
f 7855 7854 7867
f 7837 7852 7855
f 7865 7853 7852
f 7837 7856 7845
f 7857 7867 7868
f 7864 7860 7835
f 7843 7861 7642
f 7868 7863 7826
f 7830 7833 7847
f 7857 7850 7856
f 7837 7836 7866
f 7836 7820 7823
f 7870 7868 7867
f 7870 7871 7863
f 7871 7872 7864
f 7872 7873 7860
f 7869 7867 7854
f 7874 7854 7853
f 7876 7875 7853
f 7874 7877 7878
f 7879 7880 7881
f 7883 7879 7882
f 7886 7879 7883
f 7887 7888 7886
f 7890 7889 7886
f 7886 7888 7880
f 7891 7881 7880
f 7884 7893 7885
f 7871 7870 7893
f 7871 7884 7894
f 7884 7882 7895
f 7882 7881 7896
f 7890 7885 7893
f 7893 7870 7869
f 7881 7891 7897
f 7898 7899 7895
f 7900 7898 7896
f 7901 7902 7899
f 7904 7899 7902
f 7898 7900 7905
f 7894 7895 7899
f 7904 7873 7872
f 7907 7897 7891
f 7906 7891 7892
f 7890 7878 7909
f 7910 7887 7889
f 7877 7911 7909
f 7912 7910 7909
f 7887 7910 7914
f 7906 7908 7913
f 7873 7915 7858
f 7916 7876 7865
f 7859 7858 7915
f 7916 7915 7903
f 7917 7903 7902
f 7917 7919 7876
f 7873 7904 7903
f 7919 7920 7875
f 7877 7874 7875
f 7911 7877 7920
f 7922 7921 7920
f 7923 7924 7921
f 7918 7922 7919
f 7922 7918 7925
f 7924 7912 7911
f 7912 7924 7926
f 7928 7929 7930
f 7924 7923 7928
f 7927 7926 7930
f 7907 7906 7914
f 7910 7912 7927
f 7901 7925 7918
f 7905 7929 7925
f 7925 7929 7928
f 7905 7900 7930
f 7897 7907 7930
f 7888 7908 7892
f 7888 7887 7913
f 7645 7643 7831
f 7839 7838 7862
f 7841 7849 7848
f 7842 7847 7849
f 7504 7503 7844
f 7839 7931 7840
f 7643 7642 7861
f 7503 7539 7862
f 7846 7851 7861
f 7842 7598 7645
f 7932 7933 7934
f 7936 7937 7938
f 7937 7940 7941
f 7942 7943 7944
f 7947 7948 7949
f 7950 7936 7939
f 7953 7954 7955
f 7956 7957 7958
f 7956 7959 7540
f 7962 7963 7964
f 7936 7950 7965
f 7946 7949 7958
f 7966 7932 7952
f 7965 7950 7933
f 7968 7940 7969
f 7970 7971 7972
f 7974 7968 7964
f 7941 7940 7968
f 7940 7937 7944
f 7976 7977 7935
f 7978 7976 7934
f 7943 7979 7969
f 7947 7954 7963
f 7933 7950 7951
f 7980 7981 7939
f 7967 7933 7932
f 7937 7936 7945
f 7977 7982 7983
f 7973 7972 7984
f 7953 7970 7973
f 7982 7971 7970
f 7974 7963 7954
f 7975 7984 7985
f 7981 7978 7951
f 7961 7979 7544
f 7985 7980 7938
f 7942 7945 7965
f 7975 7968 7974
f 7952 7983 7970
f 7952 7932 7935
f 7987 7985 7984
f 7987 7988 7980
f 7988 7989 7981
f 7989 7990 7978
f 7986 7984 7972
f 7991 7972 7971
f 7993 7992 7971
f 7986 7991 7994
f 7997 7998 7999
f 8000 7996 7999
f 8003 7996 8000
f 8005 8003 8006
f 8007 8006 8003
f 7996 8003 8005
f 7998 7997 8009
f 8010 8002 8000
f 7988 7987 8010
f 7988 8001 8011
f 8011 8001 7999
f 7998 8013 8012
f 8007 8002 8010
f 8010 7987 7986
f 8013 7998 8008
f 8015 8016 8012
f 8017 8015 8013
f 8018 8019 8016
f 8021 8016 8019
f 8015 8017 8022
f 8011 8012 8016
f 8021 7990 7989
f 8023 8024 8014
f 8023 8008 8009
f 8007 7995 8026
f 8026 8027 8004
f 8028 8026 7995
f 8029 8027 8026
f 8030 8004 8027
f 8023 8025 8030
f 7990 8032 7976
f 8033 7993 7982
f 7976 8032 8033
f 8034 8033 8032
f 8035 8034 8020
f 8034 8036 7993
f 7990 8021 8020
f 8036 8037 7992
f 7991 7992 8037
f 7994 8037 8038
f 8039 8038 8037
f 8040 8041 8038
f 8035 8039 8036
f 8039 8035 8042
f 8041 8029 8028
f 8029 8041 8043
f 8045 8046 8047
f 8041 8040 8045
f 8044 8043 8047
f 8024 8023 8031
f 8027 8029 8044
f 8042 8035 8019
f 8022 8046 8042
f 8042 8046 8045
f 8017 8047 8046
f 8014 8024 8047
f 8005 8025 8009
f 8005 8004 8030
f 7506 7641 7943
f 7954 7947 7946
f 7967 7966 7957
f 7960 7965 7967
f 7948 7947 7962
f 7955 7946 7957
f 7641 7544 7979
f 7969 7979 7961
f 7960 7540 7506
f 7362 8049 8050
f 8052 7618 7464
f 8051 7464 7467
f 8054 8055 7600
f 8056 7361 7618
f 7436 8050 8057
f 8049 7362 7361
f 8057 8058 7603
f 8055 8053 7467
f 8058 8054 7604
f 8059 8060 8058
f 8060 8061 8054
f 8061 8062 8055
f 8062 8063 8053
f 8059 8057 8050
f 8064 8050 8049
f 8056 8066 8065
f 8059 8064 8067
f 8069 8070 8071
f 8073 8069 8072
f 8075 8069 8073
f 8077 8078 8075
f 8075 8079 8070
f 8079 8080 8081
f 8082 8071 8070
f 8083 8076 8073
f 8061 8060 8083
f 8061 8074 8084
f 8074 8072 8085
f 8072 8071 8086
f 8077 8076 8083
f 8083 8060 8059
f 8071 8082 8087
f 8088 8089 8085
f 8090 8088 8086
f 8091 8092 8089
f 8094 8089 8092
f 8088 8090 8095
f 8084 8085 8089
f 8094 8063 8062
f 8097 8087 8082
f 8096 8082 8081
f 8077 8068 8098
f 8099 8100 8078
f 8101 8098 8068
f 8102 8099 8098
f 8100 8099 8104
f 8096 8080 8103
f 8075 8078 8100
f 8079 8100 8103
f 8105 8051 8053
f 8066 8056 8052
f 8051 8105 8106
f 8107 8106 8105
f 8108 8107 8093
f 8107 8109 8066
f 8063 8094 8093
f 8109 8110 8065
f 8064 8065 8110
f 8067 8110 8111
f 8112 8111 8110
f 8113 8114 8111
f 8108 8112 8109
f 8112 8108 8115
f 8114 8102 8101
f 8102 8114 8116
f 8118 8119 8120
f 8114 8113 8118
f 8117 8116 8120
f 8097 8096 8104
f 8099 8102 8117
f 8091 8115 8108
f 8095 8119 8115
f 8115 8119 8118
f 8095 8090 8120
f 8087 8097 8120
f 7550 7563 7561
f 7552 7551 7561
f 7931 7862 7539
f 7640 7409 7408
f 7549 7526 7644
f 7525 7413 7544
f 7931 7542 7482
f 7483 7482 7542
f 7626 7402 7405
f 7629 7433 7432
f 7629 8121 7949
f 8122 7958 7949
f 8123 8122 8121
f 8124 8123 7432
f 7434 7495 8125
f 8125 7430 8124
f 8124 7430 7429
f 8123 8124 8126
f 8122 8123 8127
f 7541 7540 7959
f 7404 7403 8129
f 8125 7495 7431
f 7526 7525 7505
f 7626 7483 7541
f 7959 7958 8122
f 7961 7545 8048
f 7629 7948 8048
f 8127 7402 7626
f 7402 8127 8126
f 8129 7403 8126
f 7428 7531 8129
f 7589 7531 7428
f 7334 7392 7426
f 7335 7334 7357
f 7616 7615 7446
f 7392 7397 7398
f 7393 7394 7397
f 7342 7469 7394
f 7344 7347 7469
f 7343 7618 7361
f 7360 7345 7344
f 7363 7575 7345
f 7437 7576 7575
f 7582 7576 7437
f 7421 7582 7639
f 7375 7421 7602
f 7599 7337 7375
f 7465 7464 7618
f 7332 7447 7587
f 7447 7332 7335
f 7445 7335 7356
f 7359 7442 7616
f 7636 7443 7442
f 7588 7605 7443
f 7589 7606 7605
f 7590 7471 7606
f 7471 7590 7591
f 7446 7615 7371
f 7371 7370 7372
f 7422 7372 7370
f 7577 7422 7424
f 7536 7577 7580
f 7591 7607 7635
f 7607 7608 7386
f 7543 7608 7494
f 7547 7387 7543
f 7608 7543 7387
f 7387 7547 7416
f 7457 7410 7382
f 7557 7457 7417
f 7559 7557 7554
f 7630 7559 7553
f 7534 7533 7586
f 7466 7338 7337
f 7465 7587 7338
f 7617 7340 7587
f 7341 7340 7617
f 8130 6091 6090
f 6023 6022 8132
f 6182 6023 8133
f 6623 6622 6792
f 6787 6696 6182
f 8134 6700 6696
f 6917 6757 6756
f 6762 6761 7112
f 6762 6765 6184
f 6765 6623 6185
f 6650 6769 6768
f 6772 6771 6916
f 6777 6776 6789
f 6022 6777 6788
f 6756 6700 8134
f 6758 6757 6771
f 6761 6776 6775
f 6769 6622 6621
f 6772 6768 6767
f 6174 6173 6760
f 6187 6186 6178
f 6811 6649 6648
f 6786 6785 6724
f 6791 6790 6918
f 6186 6793 6179
f 6808 6807 8133
f 6884 6883 8135
f 6174 6187 6670
f 6807 6785 6784
f 6791 6808 8132
f 6786 6884 8134
f 6790 6173 6172
f 6649 6793 6792
f 6316 6315 8136
f 8137 6655 6654
f 8139 8140 6601
f 6656 6655 6580
f 6868 8141 8142
f 6316 6712 6711
f 6864 8143 8144
f 6864 6863 8145
f 6868 6867 6869
f 6656 6867 6866
f 8146 8147 8148
f 8139 8150 8151
f 8152 8153 6866
f 8154 8155 8138
f 6874 6873 8156
f 8158 6318 8159
f 8160 8152 6865
f 8161 6317 6313
f 6161 6600 8162
f 8164 8154 6654
f 8153 8164 6653
f 8165 8166 8167
f 8166 5989 8169
f 5989 5988 8170
f 5988 6017 8171
f 8172 8173 6043
f 8174 8175 6032
f 8174 6035 6098
f 8176 6098 6796
f 8177 6796 8178
f 7132 8178 6728
f 6589 6588 8180
f 8180 6588 6004
f 8181 6004 6007
f 6334 6079 6731
f 6079 6078 6645
f 6078 6085 6646
f 6085 8183 8184
f 6091 8130 8185
f 6086 6730 8183
f 6950 6949 7118
f 6952 6951 6992
f 6983 6982 6968
f 6987 6986 7004
f 7001 7000 6979
f 7001 7262 7074
f 7262 7264 7075
f 7264 6952 7127
f 7265 6951 6943
f 7265 7266 6991
f 7266 6950 7070
f 6949 7267 7119
f 7267 6982 6939
f 6983 6987 7099
f 7268 6986 6985
f 7000 7268 8186
f 6938 6937 6985
f 6946 6945 6922
f 6956 6955 6948
f 6971 6970 6928
f 6970 6955 6954
f 6973 6946 6921
f 6977 6976 7263
f 6981 6980 7061
f 6973 7067 7117
f 7097 6980 6979
f 7104 6971 6927
f 6977 6981 7060
f 6976 6945 6944
f 6956 7067 7066
f 6937 7097 8186
f 6938 7104 7101
f 6924 6923 7116
f 6926 6924 7297
f 6930 6929 6962
f 6934 6933 6953
f 6960 6959 6936
f 6963 6929 6928
f 6967 6966 6975
f 7063 7062 7327
f 6959 7065 7096
f 6926 6934 7066
f 7102 6930 7304
f 6967 7063 7331
f 6966 6923 6922
f 7062 7065 7064
f 6963 6933 6932
f 7102 6960 6935
f 7299 7298 7269
f 7301 7300 6932
f 7306 7305 7285
f 7308 7305 6962
f 7315 7306 7284
f 7317 7316 7312
f 7319 7316 6964
f 7322 7298 7297
f 7317 7322 7116
f 7308 7300 7303
f 7326 7325 6958
f 7329 7328 7291
f 7328 7325 7324
f 7301 7299 8187
f 7319 7329 7290
f 7326 7315 7309
f 7272 7271 7321
f 7272 7274 8187
f 7274 7277 7302
f 7281 7280 7307
f 7283 7282 7593
f 7289 7288 7324
f 7293 7292 7330
f 7293 7296 7318
f 7310 7283 7594
f 7314 7313 7595
f 7282 7280 7279
f 7278 7281 7277
f 7314 7271 7270
f 7313 7296 7295
f 7288 7292 7291
f 7289 7310 7637
f 6003 6002 6626
f 6003 6138 7165
f 6690 8188 8189
f 6686 6685 5981
f 6685 6687 6096
f 6687 6688 6806
f 6002 6686 5980
f 6606 8188 5351
f 7164 7173 8190
f 8192 7175 7174
f 6015 6014 8153
f 6189 6188 8155
f 8157 8156 6284
f 6332 6015 8152
f 6593 6592 6317
f 6658 6189 8154
f 6014 6658 8164
f 6332 8194 7131
f 6805 8159 6321
f 6146 8163 8162
f 6607 7128 8195
f 8196 6126 6125
f 8198 7169 7168
f 8199 7168 6633
f 7177 6632 8201
f 8202 8203 8204
f 7208 7186 7185
f 7237 7230 7186
f 6819 6824 7230
f 6818 6821 6824
f 8206 6883 6821
f 8207 6917 8135
f 6917 8207 8209
f 8209 8210 7259
f 8210 8211 6647
f 6812 6648 8212
f 6809 6812 7258
f 6809 7257 8213
f 6113 8213 8214
f 7235 7223 6110
f 7223 7235 7234
f 6147 7234 8215
f 6148 8215 8216
f 8218 6155 6158
f 8219 6285 6116
f 6284 6188 6116
f 6188 6284 8156
f 8155 8156 6873
f 8138 6873 6872
f 8137 6872 8148
f 6193 8147 6281
f 6190 6281 6278
f 8220 8221 8222
f 8224 8225 7139
f 6223 6222 8226
f 6237 6236 8228
f 6238 6223 8227
f 6249 6248 8231
f 6253 6252 8233
f 6236 6279 8221
f 6331 6238 8230
f 6252 6595 8236
f 6222 6237 8229
f 6828 6827 8237
f 6280 8239 8240
f 8208 8135 6883
f 6648 6647 8211
f 6143 6624 8242
f 6624 7189 8244
f 8245 8246 8247
f 8249 8250 8251
f 7195 8253 8254
f 7214 8255 8253
f 8256 8255 7214
f 7243 7211 8257
f 7210 8258 8257
f 8259 7181 6102
f 8261 6122 6121
f 8178 7132 8263
f 7132 6797 8264
f 6797 6135 8265
f 6135 6134 8266
f 6134 6151 8267
f 6151 6154 8268
f 6154 8269 8270
f 8269 8271 8272
f 7194 7193 8273
f 7193 8250 8275
f 8249 8259 8260
f 8248 8277 8278
f 6129 6128 8279
f 7169 8198 8197
f 8198 8190 8192
f 7171 6141 7175
f 6589 6801 7129
f 6801 6037 6040
f 6037 6036 6041
f 6036 6131 6659
f 6131 6156 6118
f 6156 6155 6119
f 8218 8219 6119
f 8219 8218 6815
f 7191 7189 6641
f 8246 8244 7189
f 8245 8278 8281
f 8280 8279 6288
f 6125 6124 7170
f 6288 6127 6602
f 6126 8196 6604
f 8196 8193 6605
f 7174 6140 6691
f 6691 6140 6139
f 7171 7166 8283
f 7172 8283 8284
f 6139 6142 8284
f 8285 8286 8287
f 8211 8210 8289
f 8290 8291 8292
f 8293 8294 8291
f 8293 8207 8208
f 8296 8297 8298
f 6818 6817 8296
f 8285 7256 7258
f 7243 8299 7212
f 7243 6739 8300
f 8301 8300 6739
f 8302 8256 7213
f 8303 8302 7247
f 8304 8303 6168
f 6738 8298 8297
f 8288 8287 6167
f 8304 8292 8291
f 8305 8291 8294
f 6737 6736 8306
f 6736 7244 8307
f 8243 8242 8308
f 8242 8244 8282
f 8247 8246 7191
f 7196 8254 8251
f 8253 8310 8311
f 8255 8312 8310
f 8313 8312 8255
f 7244 8257 8313
f 8313 8257 8258
f 8312 8258 8314
f 8315 8311 8310
f 8311 8315 8316
f 8282 8281 8317
f 8308 8317 8261
f 8309 8261 8262
f 8248 8247 8275
f 8282 8244 8246
f 8307 8313 8256
f 8306 8307 8302
f 8305 8306 8303
f 8298 6738 6737
f 8287 8292 8304
f 7253 8319 7199
f 8319 8320 6028
f 8320 8321 6029
f 8321 8322 7184
f 8322 8203 7185
f 8203 8202 7205
f 8202 7240 7206
f 7239 7245 7210
f 7251 7227 8319
f 7227 7217 8320
f 7217 7216 8321
f 7216 7236 8322
f 7236 8204 8203
f 6175 8199 8200
f 7165 7164 8191
f 6137 8283 7166
f 6200 6199 8283
f 6199 6206 8284
f 8284 6206 6205
f 6205 6608 6689
f 6689 6608 5485
f 7009 7008 8323
f 7013 7012 7021
f 7017 7016 7029
f 7013 7059 7110
f 7073 7072 7084
f 7081 7080 7093
f 7082 7017 7028
f 7088 7072 6995
f 7088 7115 7057
f 7122 7121 7043
f 7124 7123 7024
f 7082 7025 7024
f 7009 7122 7042
f 7012 7124 7126
f 7115 7016 7015
f 7008 7059 7058
f 7081 7121 7120
f 7073 7080 7079
f 6997 6996 7076
f 7023 7022 6942
f 7027 7026 7069
f 7031 7030 6989
f 7079 7078 7033
f 7037 7036 7107
f 7027 7040 7126
f 7041 7030 7029
f 7026 7031 6988
f 7100 7023 6941
f 7108 7036 7002
f 7100 7037 8323
f 6997 7041 7114
f 7022 7040 7039
f 7111 7034 7033
f 7035 7261 7260
f 7261 7076 6996
f 7108 7255 7120
f 7245 8314 8258
f 7246 8315 8314
f 7181 8259 8316
f 8277 6101 6129
f 8278 6129 8280
f 6287 8317 8281
f 6122 8261 8317
f 5487 6145 6144
f 5489 6159 6162
f 6637 8324 8325
f 8326 8325 8225
f 5494 7139 8225
f 6160 6159 8150
f 5496 8324 8151
f 8163 8327 6162
f 6146 6145 8327
f 8243 8328 6144
f 8328 8243 8309
f 8318 8262 5501
f 8262 6121 5502
f 8329 8330 8331
f 8333 8334 8335
f 8338 8182 6007
f 8329 8334 8339
f 8341 6334 6734
f 6006 8342 8337
f 8342 6006 6804
f 6065 6064 8339
f 5995 5994 8341
f 6918 6172 6166
f 7221 6163 6166
f 6172 6171 6880
f 8344 5952 5955
f 5519 5976 5975
f 6806 8345 8346
f 6646 8184 8347
f 8165 8348 8349
f 6322 8350 8131
f 8345 6806 6688
f 6695 8346 5975
f 5976 5519 5528
f 5529 8130 8131
f 6643 8347 8352
f 8183 5533 5532
f 5534 8185 8130
f 6730 5535 5533
f 8351 6688 6093
f 5535 6730 6594
f 8353 8354 6652
f 8354 8353 8355
f 8357 8358 6825
f 8359 8357 6202
f 6224 8354 8356
f 6275 8361 8362
f 6201 6210 7143
f 7146 8363 8359
f 8357 8359 8363
f 8355 8365 8366
f 8361 8360 8368
f 8356 8355 8367
f 8370 8371 8372
f 8220 8373 7145
f 6275 6274 6228
f 5558 4067 6228
f 8375 8369 8367
f 8362 8368 8376
f 8378 8379 8380
f 8363 7146 8382
f 8384 8378 8381
f 8382 8373 8386
f 8383 8387 8364
f 6226 6225 6231
f 6231 6225 8361
f 6636 8388 8389
f 6635 8390 8388
f 8390 6635 5576
f 8379 8378 6232
f 8378 8384 6233
f 8384 8391 8371
f 8372 8392 8393
f 7138 8240 8239
f 8224 8239 8394
f 8146 6638 8394
f 6638 6637 8326
f 6340 6339 6299
f 6747 6338 6577
f 6344 6343 6346
f 6342 6341 6355
f 6353 6352 6349
f 6337 6351 6369
f 6360 6359 6328
f 6358 6357 6386
f 6364 6363 6293
f 6362 6361 6376
f 6366 6353 6297
f 6350 6365 6372
f 6533 6342 6303
f 6534 6536 6346
f 6744 6746 6533
f 6536 6534 6747
f 6357 6835 6894
f 6341 6834 6832
f 6839 6838 6292
f 6837 6836 6380
f 6838 6841 6354
f 6361 6840 6377
f 6363 6366 6296
f 6365 6362 6373
f 6359 6839 6291
f 6836 6358 6385
f 6481 6480 6902
f 6484 6483 6501
f 6477 6488 6487
f 6849 6467 6492
f 6494 6492 6467
f 6547 6481 6544
f 6750 6751 6546
f 6494 6466 6751
f 6843 6484 6500
f 6845 6573 6575
f 6489 6488 6847
f 6474 6487 6491
f 6483 6905 6906
f 6493 6463 6465
f 6471 6470 6544
f 6472 6482 6485
f 6476 6475 6461
f 6470 6451 6542
f 6570 6567 6569
f 6495 6567 6463
f 6475 6465 6462
f 6572 6848 6477
f 6574 6571 6457
f 6569 6568 6543
f 6575 6574 6473
f 6471 6904 6901
f 6469 6468 6508
f 6498 6497 6479
f 6503 6502 6518
f 6489 6506 6505
f 6467 6849 6509
f 6546 6548 6498
f 6549 6548 6752
f 6752 6751 6466
f 6503 6850 6846
f 6850 6851 6844
f 6507 6506 6852
f 6486 6505 6509
f 6502 6907 6909
f 6858 6893 6664
f 8396 8397 6611
f 6833 8398 6324
f 8399 6826 6825
f 6831 6830 8401
f 6707 6833 6826
f 8398 8403 6890
f 6858 6857 8404
f 8405 8396 6610
f 6830 6893 6553
f 8397 6892 6911
f 8400 6825 8358
f 8358 8357 8364
f 8406 8364 8387
f 8389 8408 8380
f 8389 8388 8409
f 8388 8390 8410
f 5575 5597 8410
f 6665 6273 8411
f 8412 8413 6720
f 8413 5602 5601
f 8411 8414 8413
f 6262 6742 6290
f 5602 8413 8414
f 7141 7140 7142
f 8393 8222 8241
f 8227 8226 7147
f 8229 8228 8374
f 8230 8227 7151
f 8232 8231 8415
f 8234 8233 8417
f 8221 8220 8374
f 8235 8230 7153
f 8233 8236 8420
f 8226 8229 7148
f 8238 8237 8421
f 7141 8393 8240
f 6581 6580 6655
f 6640 6639 8140
f 6710 6709 8141
f 6717 6716 6712
f 6860 6859 8143
f 6870 6869 6867
f 6717 8136 6726
f 6870 6580 6192
f 6860 8145 6050
f 6710 6869 6025
f 6639 8149 6871
f 6640 8151 8324
f 6581 8148 8147
f 5615 5614 6234
f 7144 7148 8374
f 7144 7143 6210
f 7150 7149 6210
f 7152 7150 6209
f 7152 7154 8419
f 7154 7155 8421
f 7158 7157 8415
f 7160 7159 8420
f 7162 7161 8418
f 7161 4321 5616
f 8370 6234 6233
f 8373 8382 7146
f 8392 8391 8386
f 8391 8392 8372
f 5617 8344 6713
f 5973 5618 3355
f 8345 5620 5619
f 3880 6735 6910
f 8351 5622 5620
f 8346 5619 5520
f 5621 6910 6911
f 5622 8351 8185
f 8150 5624 5497
f 8423 8424 8425
f 8427 6516 6519
f 8429 8430 8431
f 6523 8432 8433
f 8434 8435 8436
f 8438 8435 8434
f 8438 8440 6511
f 8441 8442 8424
f 8427 8443 8430
f 8444 8428 8445
f 8447 8425 8424
f 8449 8443 8444
f 8451 8431 8430
f 8453 8437 8454
f 8456 8434 8437
f 8439 8434 8456
f 8448 8424 8442
f 8452 8430 8443
f 8425 8447 8459
f 8460 8461 8462
f 8464 8465 8466
f 8468 8469 8470
f 8472 8473 8474
f 8476 8477 8478
f 8480 8481 8482
f 8484 8485 8486
f 8485 8488 8489
f 8490 8491 8481
f 8492 8493 8494
f 8495 8494 8496
f 8498 8499 8500
f 8502 8501 8500
f 8504 8505 8506
f 8508 8509 8510
f 8513 8508 8511
f 8507 8506 8514
f 8516 8517 8518
f 8520 8517 8516
f 8522 8523 8524
f 8526 8527 8522
f 8528 8529 8530
f 8532 8530 8529
f 8534 8535 8536
f 8538 8539 8534
f 8464 8482 8481
f 8483 8540 8541
f 8542 8485 8484
f 8487 8543 8540
f 8488 8485 8542
f 8545 8546 8486
f 8481 8491 8466
f 8547 8545 8489
f 8548 8494 8493
f 8549 8550 8502
f 8551 8496 8494
f 8497 8541 8552
f 8469 8500 8499
f 8547 8541 8497
f 8469 8468 8503
f 8501 8502 8550
f 8460 8504 8507
f 8552 8553 8506
f 8554 8511 8510
f 8549 8552 8505
f 8554 8555 8512
f 8513 8556 8550
f 8461 8507 8515
f 8557 8556 8513
f 8558 8516 8519
f 8559 8560 8527
f 8521 8516 8558
f 8553 8562 8517
f 8477 8525 8524
f 8520 8523 8557
f 8476 8526 8525
f 8527 8560 8556
f 8563 8529 8528
f 8564 8539 8531
f 8533 8529 8563
f 8562 8567 8530
f 8473 8537 8536
f 8559 8562 8532
f 8472 8538 8537
f 8560 8534 8539
f 8463 8462 8555
f 8544 8542 8467
f 8470 8551 8548
f 8475 8474 8566
f 8479 8478 8561
f 8484 8487 8483
f 8490 8489 8488
f 8503 8493 8492
f 8498 8497 8496
f 8504 8510 8509
f 8515 8514 8513
f 8519 8518 8527
f 8521 8524 8523
f 8528 8531 8539
f 8533 8536 8535
f 8467 8484 8482
f 8487 8486 8546
f 8544 8466 8491
f 8480 8541 8547
f 8493 8503 8468
f 8495 8552 8549
f 8551 8470 8499
f 8501 8545 8547
f 8460 8463 8510
f 8508 8550 8549
f 8555 8462 8515
f 8506 8553 8557
f 8519 8526 8476
f 8517 8562 8559
f 8561 8478 8524
f 8522 8556 8557
f 8475 8528 8538
f 8567 8565 8531
f 8566 8474 8536
f 8560 8559 8535
f 8442 8441 8568
f 6512 8570 8568
f 8570 8440 8571
f 8426 6515 6514
f 8428 8444 8443
f 6522 8429 8432
f 8437 8436 8433
f 6524 8436 8435
f 6528 6527 8435
f 8423 6514 6550
f 8429 6522 6516
f 6515 8426 8445
f 8441 6550 6754
f 8570 8572 8569
f 8440 8570 6512
f 8569 8573 8458
f 8574 8575 8572
f 8572 8575 8573
f 8453 8576 8577
f 8576 8453 8455
f 8452 8579 8580
f 8573 8581 8582
f 8575 8583 8581
f 8584 8583 8575
f 8571 8439 8457
f 8439 8571 8440
f 8585 8586 8587
f 8587 8589 8590
f 8589 8591 8592
f 8591 8593 8594
f 8593 8595 8596
f 8595 8597 8598
f 8599 8600 8586
f 8601 8602 8600
f 8603 8604 8602
f 8605 8606 8598
f 8607 8608 8604
f 8609 8610 8608
f 8611 8612 8610
f 8606 8605 8612
f 8613 8614 8589
f 8614 8615 8591
f 8615 8616 8593
f 8616 8617 8595
f 8617 8618 8597
f 8619 8620 8617
f 8620 8621 8618
f 8620 8622 8623
f 8624 8625 8626
f 8626 8623 8622
f 8620 8619 8628
f 8622 8628 8629
f 8627 8629 8630
f 8632 8633 8634
f 8636 8634 8633
f 8637 8638 8636
f 8639 8633 8632
f 8633 8639 8641
f 8635 8641 8642
f 8642 8643 8644
f 8645 8638 8637
f 8586 8646 8613
f 8600 8647 8646
f 8616 8615 8648
f 8615 8614 8649
f 8613 8650 8649
f 8651 8650 8613
f 8647 8652 8651
f 8652 8653 8654
f 8602 8655 8647
f 8655 8656 8652
f 8656 8657 8653
f 8653 8658 8659
f 8658 8660 8661
f 8644 8662 8663
f 8664 8661 8662
f 8661 8664 8666
f 8666 8667 8654
f 8667 8650 8651
f 8668 8605 8597
f 8669 8668 8618
f 8670 8669 8621
f 8671 8670 8623
f 8671 8626 8625
f 8625 8631 8673
f 8636 8674 8675
f 8638 8676 8674
f 8645 8677 8676
f 8645 8663 8678
f 8679 8680 8660
f 8657 8679 8658
f 8583 8584 8648
f 8650 8581 8583
f 8667 8582 8581
f 8666 8681 8582
f 8664 8682 8681
f 8682 8664 8665
f 8684 8685 8643
f 8684 8642 8641
f 8639 8580 8579
f 8580 8639 8640
f 8629 8577 8576
f 8604 8686 8655
f 8608 8687 8686
f 8610 8688 8687
f 8612 8689 8688
f 8605 8668 8689
f 8690 8689 8668
f 8691 8688 8689
f 8692 8687 8688
f 8693 8686 8687
f 8656 8655 8686
f 8694 8690 8669
f 8695 8691 8690
f 8696 8692 8691
f 8697 8693 8692
f 8657 8656 8693
f 8697 8698 8679
f 8696 8699 8698
f 8696 8695 8700
f 8694 8701 8700
f 8670 8671 8701
f 8702 8701 8671
f 8701 8702 8703
f 8703 8704 8699
f 8699 8704 8705
f 8698 8705 8680
f 8672 8673 8706
f 8675 8674 8707
f 8674 8676 8709
f 8709 8676 8677
f 8677 8678 8711
f 8712 8713 8710
f 8702 8706 8714
f 8713 8712 8714
f 8707 8709 8716
f 8717 8716 8713
f 8710 8713 8716
f 8708 8707 8717
f 8546 8601 8599
f 8546 8545 8603
f 8550 8607 8603
f 8556 8609 8607
f 8560 8611 8609
f 8564 8606 8611
f 8565 8598 8606
f 8565 8567 8596
f 8567 8562 8594
f 8562 8553 8592
f 8553 8552 8590
f 8590 8552 8541
f 8540 8585 8588
f 8543 8599 8585
f 8684 8449 8450
f 8579 8452 8449
f 8682 8447 8448
f 8447 8682 8683
f 8681 8448 8458
f 8584 8718 8619
f 8628 8718 8577
f 8457 8456 8577
f 8574 8457 8718
f 7134 6920 6919
f 6164 6163 6919
f 5485 6608 6609
f 3832 5351 8188
f 5921 6609 6221
f 5922 4281 7128
f 6439 8719 8720
f 8720 8719 6570
f 6570 8719 8721
f 6439 6447 8721
f 6727 6058 6057
f 6312 6057 6073
f 6828 6248 6073
f 6877 6268 6267
f 6745 6267 6299
f 6891 6306 6305
f 6338 6747 6746
f 6438 6411 6410
f 6412 6411 6440
f 6564 6421 6424
f 6842 6578 6577
f 6889 6305 6829
f 6579 6578 6564
f 6435 6410 6565
f 8722 6857 6306
f 8723 6859 6058
f 6269 6268 6878
f 7160 7157 6829
f 8724 8144 8143
f 8238 8231 6248
f 6339 6746 6744
f 8395 6577 6338
f 6879 6878 8404
f 8422 8415 8231
f 8725 8143 6859
f 8416 8415 7157
f 6059 6050 6049
f 6330 6099 6049
f 7156 6260 6259
f 6269 6265 6264
f 6297 6349 6264
f 6340 6352 6351
f 6368 6842 8395
f 6422 6414 6559
f 6436 6403 6404
f 6447 6439 6438
f 6424 6423 6436
f 6331 6827 6099
f 6422 6421 6842
f 8722 8403 6856
f 8141 6863 6862
f 6265 6855 6617
f 6324 6890 6259
f 7158 7155 6260
f 6709 8145 6863
f 8235 8237 6827
f 6298 6349 6352
f 6370 6369 6351
f 6891 6890 8403
f 8419 8421 8237
f 6051 6050 8145
f 8422 8421 7155
f 8721 6447 6446
f 6748 6440 8720
f 8727 6008 6011
f 8158 6009 8144
f 6009 6008 6861
f 6008 8727 6862
f 8142 6862 8727
f 6554 6553 6893
f 6833 6707 6708
f 6708 6856 8403
f 5623 6911 6892
f 8406 8366 8365
f 8407 8375 8366
f 8377 8376 8408
f 8397 8396 6530
f 6651 8399 8400
f 8402 8401 6616
f 6618 6707 8399
f 6554 8404 6878
f 8396 8405 6854
f 8401 6553 6552
f 6892 8397 6529
f 8353 8400 8365
f 8377 8409 6276
f 8409 8410 6277
f 8410 5597 5932
f 8726 8404 6857
f 8726 6856 6855
f 7234 6107 6106
f 8279 6124 6127
f 8354 6224 6227
f 6246 6245 6619
f 8239 6280 6282
f 8162 6283 6286
f 6292 6354 6246
f 6382 6378 6377
f 6392 6397 6396
f 6396 6395 6427
f 6398 6397 6443
f 6459 6443 6458
f 6525 6520 6523
f 6558 6272 6271
f 6429 6428 6560
f 6460 6458 6572
f 6272 6558 3736
f 7128 6603 6602
f 6227 6245 6244
f 7180 6631 6634
f 6642 6286 6285
f 6356 6741 6740
f 6816 6815 8218
f 6820 8300 8301
f 6355 6832 6741
f 6344 6835 6834
f 6364 6841 6840
f 6375 6378 6560
f 6848 6847 6488
f 6853 6852 6506
f 6530 6854 6740
f 8140 6871 6874
f 6555 6271 6831
f 8215 6106 6881
f 6348 6895 6894
f 6383 6895 6896
f 6433 6897 6896
f 6432 6897 6898
f 6406 6899 6898
f 6900 6455 6387
f 6900 6449 6448
f 6472 6904 6903
f 6480 6905 6903
f 6497 6907 6906
f 6908 6519 6518
f 4280 5933 6120
f 6100 7167 7170
f 6632 6631 7188
f 7235 8214 7201
f 7206 7209 7212
f 8213 7257 7232
f 8214 8213 7231
f 6108 6107 7200
f 7238 8299 8300
f 7207 7212 8299
f 8205 7241 7240
f 6170 6169 7232
f 6638 8146 8149
f 6601 6874 8157
f 6600 8157 6283
f 8392 8223 8222
f 6278 6280 8241
f 6816 8272 8274
f 6642 6815 6814
f 6128 7170 6124
f 8195 6602 6127
f 8212 8211 8286
f 8292 8287 8286
f 8290 8289 8210
f 8207 8293 8290
f 8294 8293 8295
f 8206 8296 8295
f 6817 8301 8297
f 8288 6170 7256
f 7209 7206 7240
f 6225 6224 8360
f 8369 8368 8360
f 8375 8376 8368
f 8381 8380 8387
f 8385 8381 8383
f 8385 8386 8391
f 8147 8146 6282
f 6345 6894 6835
f 6327 6832 6834
f 6295 6354 6841
f 6379 6377 6840
f 6853 6847 6845
f 6479 6906 6905
f 6848 6572 6571
f 6452 6901 6904
f 6525 6852 6851
f 6496 6909 6907
f 8402 8405 6876
f 8408 8407 8387
f 6279 8241 8222
f 6872 6871 8149
f 8223 8386 8373
f 6526 8433 8436
f 8446 8445 8426
f 8455 8454 8431
f 8446 8459 8450
f 8454 8433 8432
f 6908 8445 8428
f 8578 8455 8451
f 8632 8631 8625
f 8640 8632 8624
f 8660 8663 8662
f 8662 8644 8643
f 8675 8673 8631
f 8680 8678 8663
f 8683 8665 8643
f 8578 8640 8630
f 8673 8675 8708
f 8678 8680 8705
f 8711 8705 8704
f 8706 8708 8715
f 8703 8714 8712
f 8459 8683 8685
f 8407 8408 8376
f 6615 6854 8405
f 5993 6080 6335
f 6060 6682 6018
f 5993 6047 6081
f 6105 6104 6176
f 6177 6104 6000
f 6309 6311 6310
f 8725 6315 6314
f 8724 6314 6318
f 6321 6320 6053
f 6249 6595 6310
f 6596 6254 6257
f 8188 6606 6605
f 5986 6683 6682
f 6714 6726 6311
f 6047 6320 6086
f 6875 6596 6304
f 6001 6105 6912
f 7162 7159 6597
f 7254 7163 6912
f 6684 6683 7163
f 8723 8136 6315
f 6592 8159 6318
f 8332 8331 8171
f 6607 6606 5350
f 8191 8190 8198
f 8197 8192 8193
f 8159 6592 6319
f 8232 8236 6595
f 8192 8190 7173
f 8189 6605 8193
f 6177 8191 8199
f 6733 8331 8330
f 8340 8341 8330
f 8341 5994 6335
f 8412 6721 6875
f 8414 8411 6273
f 8416 8420 8236
f 6727 6726 8136
f 8417 8420 7159
f 6277 5932 5558
f 5935 5576 6635
f 5991 5990 6061
f 6019 6018 6682
f 5999 6034 6033
f 6045 6044 6677
f 6055 6054 6083
f 5995 6064 6063
f 6084 6054 6053
f 6088 5990 5989
f 6063 6084 6046
f 6066 6097 6034
f 6103 6102 7181
f 6673 6676 6133
f 6149 6148 6153
f 6323 6088 8166
f 6585 6584 6083
f 6630 6629 6702
f 6634 6633 7168
f 6676 6149 6152
f 6703 6629 6628
f 6796 6729 6728
f 6069 6729 6097
f 6132 6798 6674
f 6803 6799 6800
f 6011 6010 6055
f 6799 6803 6582
f 7194 8271 6881
f 7131 6584 6583
f 6798 7133 6913
f 7179 7178 8204
f 7183 7182 7246
f 7188 7183 7242
f 6109 7196 7192
f 7204 6630 6176
f 7219 7218 6628
f 7218 7228 7248
f 7179 7219 6627
f 7250 7254 6704
f 7228 7252 7249
f 6678 7250 7249
f 5997 7252 7251
f 8168 8167 6644
f 8167 8169 6732
f 8169 8170 6733
f 8170 8171 8331
f 8336 8335 8173
f 8182 8338 8175
f 8182 8174 8176
f 8181 8176 8177
f 8180 8177 8179
f 7133 6728 6590
f 7130 7131 8194
f 8200 6633 6632
f 7178 8201 8205
f 8269 6154 6153
f 8254 8311 8252
f 8260 6102 6101
f 8179 8263 6802
f 8263 8264 6038
f 8264 8265 6039
f 8265 8266 6130
f 8266 8267 6157
f 8267 8268 6158
f 8268 8270 8217
f 8270 8272 6816
f 6813 8274 8273
f 8273 8275 8247
f 8276 8260 8277
f 7192 8251 8250
f 8252 8316 8259
f 8276 8275 8250
f 7204 8200 7177
f 7182 8316 8315
f 8343 8339 8334
f 8333 8337 8342
f 8343 8342 6800
f 8340 8339 6064
f 6323 8349 8350
f 8168 8352 8348
f 8349 5937 5936
f 8352 5939 5938
f 6103 6634 7167
f 8271 8269 8216
f 8201 7188 7241
f 8274 8272 8271
f 5991 6018 6017
f 8728 8171 6017
f 5997 5996 6680
f 5996 6033 6045
f 6033 6032 6042
f 6042 6032 8175
f 8172 8175 8338
f 8336 8338 8337
f 6684 6678 6677
f 6681 6677 6044
f 6019 6044 6043
f 6016 6043 8173
f 8728 8173 8335
f 8332 8335 8334
f 8194 6332 8160
f 6805 6010 6009
f 5940 5941 7137
f 8324 5496 5942
f 8325 5942 5495
f 6253 5943 4292
f 7137 5941 5944
f 8348 5938 5937
f 8350 5936 5530
f 5624 8150 6159
f 6718 4293 5940
f 8327 5945 5490
f 8347 5946 5939
f 5933 5502 6121
f 8184 5532 5946
f 7142 4298 5615
f 6145 5487 5945
f 8234 5947 5943
f 8328 5948 5488
f 8318 5500 5948
f 7139 5494 4299
f 8418 5616 5947
f 5604 8414 6599
f 5949 3853 6712
f 5944 5949 6716
f 6720 5601 5950
f 6255 5950 4322
f 5614 5935 6235
f 6711 3852 5951
f 8161 5951 3857
f 5973 5964 2965
f 2965 5964 5963
f 222 5963 5960
f 223 5960 5958
f 5958 5957 3185
f 5957 5970 2977
f 5970 5967 1213
f 5967 5966 1214
f 2532 1214 5966
f 2894 2532 5953
f 2871 2894 5952
f 5510 5722 5721
f 5822 5825 5824
f 3511 3512 3844
f 3887 3892 3889
f 3876 3879 3878
f 3356 3357 3911
f 3372 3373 3390
f 3849 3854 3851
f 3481 3478 3867
f 3873 3874 3385
f 3875 3375 3450
f 3915 3794 3865
f 3657 3670 3671
f 5618 5973 3013
f 1997 1996 1889
f 1237 745 744
f 1535 1534 120
f 1531 1532 201
f 1119 1241 1032
f 946 948 824
f 163 8 5
f 9041 9178 9175
f 1155 1156 1162
f 427 213 327
f 553 1902 796
f 8732 2232 2231
f 8732 3178 2230
f 2237 3183 3180
f 8734 8735 8736
f 8735 8737 8738
f 8737 8739 8740
f 8739 8741 8742
f 8743 8744 8745
f 8746 8745 8747
f 8749 8750 8748
f 8751 8752 8750
f 8754 8755 8756
f 8757 8758 8755
f 8759 8760 8758
f 8761 8762 8760
f 8763 8764 8762
f 8766 8751 8749
f 8765 8749 8747
f 8767 8747 8745
f 8768 8745 8744
f 8744 8770 8771
f 8770 8741 8772
f 8741 8739 8773
f 8739 8737 8774
f 8737 8735 8775
f 8735 8734 8776
f 8776 8734 8777
f 2904 8778 8779
f 8780 8778 2904
f 8781 8780 2902
f 2875 8782 8781
f 8783 8784 2733
f 2825 8785 8786
f 8788 8789 8790
f 8792 8788 8787
f 2724 2723 8785
f 8787 8790 3115
f 8791 8787 3117
f 8794 8766 8765
f 8793 8765 8767
f 8795 8767 8768
f 8796 8768 8769
f 8797 8769 8771
f 8771 8772 8799
f 8772 8773 8800
f 8773 8774 8801
f 8774 8775 8802
f 8775 8776 8803
f 8776 3184 3056
f 8802 8803 2253
f 8801 8802 2252
f 8800 8801 1727
f 8799 8800 2150
f 8804 8798 8799
f 8805 8797 8798
f 8806 8796 8797
f 8807 8795 8796
f 8793 8795 8807
f 8794 8793 8808
f 8810 8811 8809
f 8808 8807 8806
f 8810 8806 8805
f 8813 8811 8810
f 8812 8805 8804
f 8815 8813 8812
f 8814 8804 1941
f 8755 8750 8752
f 8758 8748 8750
f 8760 8746 8748
f 8762 8743 8746
f 8816 8817 8764
f 8818 8819 8820
f 8816 8763 8782
f 8821 8818 8817
f 8789 8821 8783
f 8818 8821 8789
f 8819 8818 8788
f 8822 8820 8819
f 8823 8819 8792
f 8824 8792 8791
f 2712 8791 3119
f 8826 8822 8823
f 8825 8823 8824
f 8827 8824 2712
f 8828 8827 2711
f 8829 8825 8827
f 8830 8826 8825
f 8743 8762 8764
f 8817 8820 8831
f 8770 8744 8743
f 8741 8770 8831
f 8820 8822 8742
f 8740 8742 8822
f 8738 8740 8826
f 8736 8738 8830
f 8833 8828 2400
f 8834 8829 8828
f 8832 8830 8829
f 8835 8833 2402
f 3058 8835 2707
f 3061 8836 8835
f 8836 8834 8833
f 8733 8736 8832
f 8837 8832 8834
f 8777 8734 8733
f 8838 8733 8837
f 8837 8836 3061
f 1961 3057 8838
f 3057 3184 8777
f 8779 8754 8753
f 8778 8757 8754
f 8780 8759 8757
f 8781 8761 8759
f 8782 8763 8761
f 8821 8816 8784
f 8785 8790 8789
f 2723 3115 8790
f 2875 2733 8784
f 2736 2824 8786
f 2947 8779 8839
f 8815 8814 1360
f 1900 1925 1924
f 1736 1717 1718
f 1955 1952 1943
f 1671 1738 1735
f 1696 1750 1698
f 1800 1865 1864
f 2063 2055 2056
f 1737 1734 1717
f 1751 1735 1697
f 943 9337 9351
f 9108 8839 8753
f 1577 1578 1764
f 9369 1598 1599
f 1945 146 82
f 68 6 7
f 147 1542 1543
f 1109 1135 1133
f 1503 1910 1907
f 1499 1501 1909
f 452 1922 735
f 1824 2068 9287
f 1825 2067 2068
f 1463 1462 1022
f 841 1012 1009
f 1568 1547 1955
f 1910 1503 1502
f 1939 1502 422
f 309 280 1940
f 1804 1851 1866
f 269 1482 1954
f 2065 1607 2060
f 9264 1685 1758
f 280 276 552
f 1875 1873 1869
f 1739 1721 1734
f 5923 5897 5899
f 1778 1779 1790
f 310 1920 1915
f 1909 1908 1906
f 1789 1783 1778
f 978 981 980
f 1584 1759 1731
f 425 426 311
f 148 1543 115
f 2044 9349 9346
f 277 1910 1939
f 1943 1946 1945
f 1461 1462 1463
f 2253 8803 3056
f 2981 2254 8927
f 2209 2998 8927
f 2254 2253 3055
f 2998 926 958
f 2826 2817 2721
f 8928 2739 2721
f 2816 8929 8928
f 2334 2297 2296
f 2298 2297 2334
f 2301 2298 2336
f 2311 2301 2338
f 2312 2311 2354
f 2359 2358 2361
f 2335 2296 2359
f 2414 2413 2365
f 2413 2270 2361
f 2355 2352 2540
f 2541 2540 2539
f 2722 2721 2739
f 3114 2722 2738
f 3110 3112 3121
f 3108 3110 3120
f 3122 1754 3127
f 3112 3122 3126
f 3127 1754 1753
f 3139 3133 2529
f 9196 9227 3133
f 8928 2789 2740
f 8929 2790 2789
f 228 229 91
f 245 244 243
f 248 7 247
f 2 297 296
f 145 146 300
f 327 213 210
f 329 332 331
f 239 241 240
f 373 376 375
f 178 177 176
f 1218 1225 1228
f 9314 1231 1295
f 808 809 824
f 9310 9311 1013
f 9265 9262 1411
f 2154 2149 2159
f 9297 9287 1758
f 306 807 1922
f 2157 2153 1976
f 708 709 2031
f 1450 1226 1227
f 1672 1604 1605
f 1813 1814 1821
f 1717 1716 1715
f 176 159 402
f 1710 1705 9368
f 1712 1580 1577
f 1705 1713 1711
f 3435 3476 3475
f 971 978 979
f 822 823 1094
f 2909 2810 2793
f 2810 2769 2795
f 2799 2910 2249
f 9114 9095 2910
f 2769 2768 2801
f 3177 3176 3178
f 3178 8732 3180
f 3181 1394 1393
f 3181 1633 1632
f 3182 1632 2244
f 3183 2244 2243
f 8932 2791 2790
f 2808 8932 8929
f 2239 9018 9016
f 1149 1150 9015
f 1150 2009 9011
f 2202 9013 9010
f 2921 9008 9009
f 9012 9004 2133
f 1777 1579 1759
f 1201 1196 1183
f 9005 8998 2195
f 8997 9020 2770
f 9379 9377 1687
f 1516 152 154
f 8993 9006 2974
f 8994 8992 2779
f 2771 2772 9019
f 3070 2771 8990
f 8991 8988 2775
f 1376 1375 1370
f 2767 8987 9000
f 2195 8998 8987
f 2775 8988 8986
f 8344 5617 8989
f 9256 9254 8983
f 2776 8986 8982
f 2240 9016 8979
f 2920 8979 9121
f 8992 8978 2786
f 1805 1850 1851
f 8978 8976 2787
f 2951 2773 8984
f 2772 2951 8975
f 2973 2224 8974
f 2224 2223 8981
f 1957 1953 320
f 306 305 304
f 2770 9020 8972
f 2913 8972 9018
f 2923 9009 8971
f 308 1940 431
f 207 208 132
f 1879 1876 1881
f 9185 9239 8969
f 2475 3070 9002
f 2476 2475 8968
f 2223 2476 8967
f 8966 8993 2803
f 2037 9007 11
f 1959 1958 450
f 2003 8999 8964
f 9 10 334
f 2009 2008 8962
f 2008 2973 8980
f 9329 672 673
f 8959 8994 2778
f 2935 8958 8957
f 111 1149 9014
f 3238 3342 3341
f 8954 8958 2935
f 683 9328 9337
f 8952 9001 2810
f 736 733 732
f 1795 1804 1803
f 8949 8954 2938
f 8951 8949 2939
f 2950 8956 8948
f 2940 2949 8948
f 9253 9243 8956
f 2868 8953 8946
f 2869 8946 8966
f 1024 1034 1023
f 8944 8947 2948
f 551 1939 442
f 2972 8943 9012
f 2032 8977 8943
f 216 93 1924
f 3532 3534 3482
f 203 202 201
f 3539 3542 3541
f 1828 1848 1847
f 1958 1957 449
f 272 271 178
f 2871 8989 8939
f 9071 9121 9008
f 2801 2768 9095
f 2005 9210 9106
f 960 886 899
f 9109 9107 9064
f 9232 9240 9098
f 3151 9098 9045
f 2193 9056 9075
f 9059 9055 3145
f 9055 9101 2761
f 9044 9059 3144
f 2926 9110 9086
f 9086 9044 3104
f 9207 9206 9198
f 566 567 9210
f 8839 9108 1864
f 1602 1586 2079
f 2868 9110 9063
f 2922 9063 9062
f 2923 9062 9070
f 9122 9065 2918
f 9071 9122 9066
f 2921 9070 9122
f 2920 9066 9038
f 9065 9094 2915
f 2917 2766 9074
f 2916 2917 9093
f 2239 9039 9104
f 2911 9092 9104
f 9095 9092 2911
f 2797 2801 9114
f 2797 9043 9050
f 9074 9080 2763
f 9060 9080 2764
f 2194 9075 9100
f 2221 9100 9101
f 2756 9060 9061
f 2750 9050 9061
f 9121 8979 1817
f 9215 9222 1691
f 2515 9073 9042
f 2548 9042 9045
f 2513 2489 9084
f 2513 9068 9073
f 2509 9085 9072
f 2510 9084 9085
f 2289 9072 9091
f 2283 9091 9069
f 2240 9038 9039
f 9111 9109 9076
f 716 2121 9339
f 727 1999 9213
f 2165 2171 2170
f 9112 9111 9078
f 9195 9033 9030
f 2175 2172 769
f 2100 500 2095
f 9210 567 9209
f 640 9004 9012
f 1653 9020 8997
f 1895 8980 8974
f 746 8974 8981
f 1653 1810 8972
f 9214 1603 1604
f 2093 2075 2073
f 959 996 995
f 962 899 919
f 1400 1401 1398
f 1000 817 1127
f 956 959 884
f 1662 8992 8994
f 2034 9002 8990
f 9378 1689 8983
f 8979 9016 766
f 9016 9018 765
f 334 9014 9015
f 1868 8975 8984
f 1684 1651 1652
f 1682 1683 775
f 1585 1603 9214
f 9215 9214 1672
f 2173 2174 490
f 1658 8988 8991
f 9000 8987 1650
f 1571 9206 2010
f 1587 9116 9123
f 2099 2095 2077
f 787 9213 1999
f 2000 9146 786
f 3155 339 9149
f 9165 3155 9135
f 2180 2179 9137
f 8940 2180 9136
f 1684 9298 9292
f 1760 464 8939
f 2607 9141 9145
f 2581 9128 9141
f 2371 2502 9152
f 2371 9147 9145
f 2587 9128 9127
f 2586 9127 9149
f 2497 9143 9139
f 2502 2503 9139
f 2494 9143 9142
f 9142 9140 2472
f 9140 9153 2468
f 9153 9155 2469
f 726 9360 9344
f 581 9011 8962
f 10 8955 9014
f 1837 8958 8954
f 741 8981 8967
f 1299 8968 9002
f 1851 8951 8948
f 8971 9009 1820
f 580 8962 8980
f 1758 1685 8966
f 1693 9001 8952
f 8948 8956 1867
f 1894 1826 9012
f 2126 1418 9265
f 9358 2126 9293
f 2113 9363 9319
f 2179 9165 9241
f 624 9355 9356
f 2192 9056 9240
f 2177 8985 9239
f 1364 9276 9285
f 9310 9307 1470
f 3135 1753 9227
f 2069 9264 9287
f 1351 9313 9305
f 2108 9334 9353
f 2089 2092 9188
f 9280 9286 1358
f 2001 9201 9235
f 2187 9235 9171
f 2130 9208 9204
f 2004 9204 9201
f 2014 9176 9231
f 2201 9231 9208
f 3167 9172 9211
f 3168 9176 9172
f 3159 9161 9216
f 3160 9216 9217
f 9182 9159 3158
f 3158 9159 9161
f 2200 3069 9182
f 9137 9241 9194
f 9174 9226 2197
f 9242 9188 2092
f 9226 9242 9173
f 3154 9158 9242
f 3155 9165 9158
f 2091 9171 9173
f 2196 3148 9202
f 2193 2196 9228
f 9056 2193 9233
f 2086 2192 9232
f 2087 2086 9230
f 2204 9194 9203
f 2205 9203 9202
f 9361 9338 574
f 2124 2087 9229
f 2208 2124 9212
f 9163 9237 3140
f 9237 9197 3138
f 9197 9196 3139
f 9223 9164 3136
f 9164 9163 3137
f 9227 9219 3131
f 9219 9234 3132
f 1813 9291 9290
f 1293 9306 9308
f 2184 2321 9200
f 2181 2184 9184
f 9217 9220 3079
f 9220 9186 3080
f 709 9325 9327
f 2774 2961 9189
f 9238 9221 2134
f 9261 9260 766
f 2968 9236 9218
f 2969 9211 9236
f 2958 9199 9189
f 2132 9199 9218
f 2321 2185 9223
f 9312 9300 1449
f 9357 9326 582
f 9338 9341 577
f 9299 9278 1818
f 705 9354 9339
f 9268 9364 9359
f 2111 9335 9363
f 9262 9281 1366
f 1812 9291 9274
f 675 9303 9304
f 8940 9157 9303
f 2110 9319 9320
f 2104 9348 9353
f 2109 9320 9351
f 9294 9283 703
f 1680 9263 9298
f 1639 1627 9271
f 623 9356 9358
f 2139 2140 9318
f 1808 1640 9296
f 9272 9273 1819
f 9324 9366 9352
f 1646 9284 9282
f 9341 9342 633
f 2139 9317 9327
f 2156 2155 9323
f 674 9304 9365
f 2117 9269 9264
f 1815 9274 9299
f 9307 9301 1444
f 697 9358 9364
f 866 842 9288
f 9316 9321 2136
f 9037 9183 9178
f 9035 9192 9183
f 9205 9198 9190
f 9192 9035 9033
f 1088 9190 9198
f 9191 9192 9195
f 2791 8932 8933
f 8932 2808 2807
f 2792 8933 8934
f 8933 2807 2806
f 8952 2909 8934
f 8960 8934 2806
f 2948 8947 9243
f 2105 9360 9348
f 8982 9254 9256
f 680 9330 9328
f 1891 1890 9362
f 2905 9251 9253
f 2900 9249 9251
f 2901 9249 9259
f 2734 2878 9258
f 2877 9259 9258
f 2820 9252 9246
f 2818 9248 9244
f 2823 9245 9244
f 2822 9245 9250
f 2819 2735 9252
f 2817 9248 9247
f 2809 9257 9247
f 2808 9257 9255
f 2805 9256 9255
f 1702 9373 9375
f 9374 9372 1797
f 9367 9368 1706
f 9370 9379 1692
f 1657 9350 9332
f 1890 1877 9347
f 9224 9222 1674
f 1689 1690 9224
f 9378 9254 8982
f 8960 8983 1689
f 9369 9375 1703
f 1598 9369 9380
f 9332 9336 1876
f 1691 1690 9377
f 9377 9378 1688
f 9386 9385 9389
f 9386 9390 9391
f 9384 9388 9389
f 9390 9394 9395
f 9389 9388 9392
f 9389 9393 9394
f 9394 9398 9399
f 9393 9392 9396
f 9394 9393 9397
f 9399 9398 9402
f 9396 9400 9401
f 9397 9401 9402
f 9402 9406 9407
f 9401 9400 9404
f 9402 9401 9405
f 9407 9406 9410
f 9405 9404 9408
f 9405 9409 9410
f 9411 9410 9414
f 9409 9408 9412
f 9410 9409 9413
f 9414 9418 9419
f 9412 9416 9417
f 9413 9417 9418
f 9418 9422 9423
f 9417 9416 9420
f 9418 9417 9421
f 9422 9426 9427
f 9420 9424 9425
f 9421 9425 9426
f 9426 9430 9431
f 9425 9424 9428
f 9426 9425 9429
f 9431 9430 9434
f 9428 9432 9433
f 9429 9433 9434
f 9434 9438 9439
f 9433 9432 9436
f 9434 9433 9437
f 9439 9438 9442
f 9436 9440 9441
f 9437 9441 9442
f 9443 9442 9446
f 9441 9440 9444
f 9442 9441 9445
f 9447 9446 9450
f 9444 9448 9449
f 9445 9449 9450
f 9450 9454 9455
f 9449 9448 9452
f 9450 9449 9453
f 9454 9458 9459
f 9452 9456 9457
f 9453 9457 9458
f 9458 9462 9463
f 9457 9456 9460
f 9458 9457 9461
f 9463 9462 9466
f 9460 9464 9465
f 9461 9465 9466
f 9466 9470 9471
f 9465 9464 9468
f 9466 9465 9469
f 9471 9470 9474
f 9468 9472 9473
f 9469 9473 9474
f 9475 9474 9478
f 9473 9472 9476
f 9474 9473 9477
f 9479 9478 9482
f 9476 9480 9481
f 9477 9481 9482
f 9483 9482 9486
f 9481 9480 9484
f 9482 9481 9485
f 9486 9490 9491
f 9484 9488 9489
f 9485 9489 9490
f 9490 9494 9495
f 9489 9488 9492
f 9490 9489 9493
f 9495 9494 9498
f 9492 9496 9497
f 9493 9497 9498
f 9498 9502 9503
f 9497 9496 9500
f 9498 9497 9501
f 9503 9502 9507
f 9500 9505 9506
f 9501 9506 9507
f 9508 9507 9511
f 9505 9509 9510
f 9507 9506 9510
f 9512 9511 9386
f 9510 9509 9384
f 9510 9385 9386
f 9521 9520 9533
f 9518 9531 9532
f 9517 9516 9529
f 9515 9514 9527
f 9523 9536 9537
f 9521 9534 9535
f 9519 9532 9533
f 9518 9517 9530
f 9515 9528 9529
f 9513 9526 9527
f 9524 9537 9538
f 9523 9522 9535
f 9528 9541 9542
f 9526 9539 9540
f 9538 9537 9550
f 9535 9548 9549
f 9534 9533 9546
f 9531 9544 9545
f 9530 9529 9542
f 9528 9527 9540
f 9537 9536 9549
f 9534 9547 9548
f 9532 9545 9546
f 9531 9530 9543
f 9541 9554 9555
f 9540 9539 9552
f 9550 9563 9564
f 9548 9561 9562
f 9547 9546 9559
f 9544 9557 9558
f 9542 9555 9556
f 9541 9540 9553
f 9549 9562 9563
f 9547 9560 9561
f 9546 9545 9558
f 9544 9543 9556
f 9555 9554 9567
f 9552 9565 9566
f 9564 9563 9576
f 9562 9561 9574
f 9559 9572 9573
f 9557 9570 9571
f 9555 9568 9569
f 9553 9566 9567
f 9562 9575 9576
f 9561 9560 9573
f 9559 9558 9571
f 9557 9556 9569
f 9567 9580 9581
f 9566 9565 9578
f 9576 9589 9590
f 9575 9574 9587
f 9572 9585 9586
f 9571 9570 9583
f 9569 9568 9581
f 9566 9579 9580
f 9576 9575 9588
f 9574 9573 9586
f 9571 9584 9585
f 9569 9582 9583
f 9581 9580 9593
f 9578 9591 9592
f 9590 9589 9602
f 9588 9587 9600
f 9585 9598 9599
f 9583 9596 9597
f 9582 9581 9594
f 9579 9592 9593
f 9589 9588 9601
f 9587 9586 9599
f 9584 9597 9598
f 9583 9582 9595
f 9594 9593 9606
f 9592 9591 9604
f 9602 9615 9616
f 9601 9600 9613
f 9598 9611 9612
f 9596 9609 9610
f 9594 9607 9608
f 9592 9605 9606
f 9601 9614 9615
f 9600 9599 9612
f 9598 9597 9610
f 9596 9595 9608
f 9607 9606 9619
f 9605 9604 9617
f 9615 9628 9629
f 9613 9626 9627
f 9611 9624 9625
f 9610 9609 9622
f 9607 9620 9621
f 9605 9618 9619
f 9615 9614 9627
f 9613 9612 9625
f 9611 9610 9623
f 9608 9621 9622
f 9619 9632 9633
f 9617 9630 9631
f 9628 9641 9642
f 9627 9626 9639
f 9625 9624 9637
f 9622 9635 9636
f 9621 9620 9633
f 9619 9618 9631
f 9627 9640 9641
f 9625 9638 9639
f 9623 9636 9637
f 9622 9621 9634
f 9632 9645 9646
f 9630 9643 9644
f 9642 9641 9654
f 9639 9652 9653
f 9638 9637 9650
f 9635 9648 9649
f 9634 9633 9646
f 9632 9631 9644
f 9641 9640 9653
f 9638 9651 9652
f 9636 9649 9650
f 9635 9634 9647
f 9645 9658 9659
f 9644 9643 9656
f 9654 9667 9668
f 9652 9665 9666
f 9651 9650 9663
f 9648 9661 9662
f 9646 9659 9660
f 9645 9644 9657
f 9653 9666 9667
f 9651 9664 9665
f 9650 9649 9662
f 9648 9647 9660
f 9659 9658 9671
f 9656 9669 9670
f 9668 9667 9680
f 9665 9678 9679
f 9663 9676 9677
f 9661 9674 9675
f 9659 9672 9673
f 9657 9670 9671
f 9666 9679 9680
f 9665 9664 9677
f 9663 9662 9675
f 9661 9660 9673
f 9671 9684 9685
f 9670 9669 9682
f 9680 9693 9694
f 9678 9691 9692
f 9677 9676 9689
f 9675 9674 9687
f 9673 9672 9685
f 9670 9683 9684
f 9680 9679 9692
f 9678 9677 9690
f 9675 9688 9689
f 9673 9686 9687
f 9685 9684 9697
f 9682 9695 9696
f 9694 9693 9706
f 9692 9691 9704
f 9689 9702 9703
f 9687 9700 9701
f 9686 9685 9698
f 9683 9696 9697
f 9693 9692 9705
f 9691 9690 9703
f 9688 9701 9702
f 9687 9686 9699
f 9698 9697 9710
f 9696 9695 9708
f 9706 9719 9720
f 9705 9704 9717
f 9702 9715 9716
f 9700 9713 9714
f 9698 9711 9712
f 9696 9709 9710
f 9705 9718 9719
f 9704 9703 9716
f 9702 9701 9714
f 9700 9699 9712
f 9711 9710 9723
f 9709 9708 9721
f 9719 9732 9733
f 9717 9730 9731
f 9715 9728 9729
f 9714 9713 9726
f 9711 9724 9725
f 9709 9722 9723
f 9718 9731 9732
f 9717 9716 9729
f 9715 9714 9727
f 9712 9725 9726
f 9723 9736 9737
f 9721 9734 9735
f 9733 9732 9745
f 9731 9730 9743
f 9729 9728 9741
f 9726 9739 9740
f 9725 9724 9737
f 9723 9722 9735
f 9732 9731 9744
f 9729 9742 9743
f 9727 9740 9741
f 9726 9725 9738
f 9736 9749 9750
f 9734 9747 9748
f 9746 9745 9758
f 9743 9756 9757
f 9742 9741 9754
f 9739 9752 9753
f 9738 9737 9750
f 9736 9735 9748
f 9745 9744 9757
f 9742 9755 9756
f 9740 9753 9754
f 9739 9738 9751
f 9749 9762 9763
f 9748 9747 9760
f 9758 9771 9772
f 9756 9769 9770
f 9755 9754 9767
f 9752 9765 9766
f 9750 9763 9764
f 9749 9748 9761
f 9757 9770 9771
f 9756 9755 9768
f 9754 9753 9766
f 9752 9751 9764
f 9762 9775 9776
f 9760 9773 9774
f 9772 9771 9784
f 9770 9769 9782
f 9768 9767 9780
f 9765 9778 9779
f 9763 9776 9777
f 9762 9761 9774
f 9770 9783 9784
f 9768 9781 9782
f 9767 9766 9779
f 9764 9777 9778
f 9775 9788 9789
f 9774 9773 9786
f 9784 9797 9798
f 9782 9795 9796
f 9781 9780 9793
f 9779 9778 9791
f 9777 9776 9789
f 9774 9787 9788
f 9784 9783 9796
f 9782 9781 9794
f 9779 9792 9793
f 9777 9790 9791
f 9789 9788 9802
f 9786 9800 9801
f 9798 9797 9811
f 9796 9795 9809
f 9793 9807 9808
f 9792 9791 9805
f 9790 9789 9803
f 9787 9801 9802
f 9797 9796 9810
f 9795 9794 9808
f 9792 9806 9807
f 9790 9804 9805
f 9803 9802 9815
f 9801 9800 9813
f 9811 9824 9825
f 9810 9809 9822
f 9807 9820 9821
f 9806 9805 9818
f 9803 9816 9817
f 9801 9814 9815
f 9810 9823 9824
f 9809 9808 9821
f 9807 9806 9819
f 9804 9817 9818
f 9816 9815 9828
f 9814 9813 9826
f 9825 9824 9837
f 9822 9835 9836
f 9820 9833 9834
f 9819 9818 9831
f 9816 9829 9830
f 9814 9827 9828
f 9824 9823 9836
f 9822 9821 9834
f 9820 9819 9832
f 9817 9830 9831
f 9828 9841 9842
f 9826 9839 9840
f 9837 9850 9851
f 9836 9835 9848
f 9834 9833 9846
f 9831 9844 9845
f 9830 9829 9842
f 9828 9827 9840
f 9836 9849 9850
f 9834 9847 9848
f 9832 9845 9846
f 9831 9830 9843
f 9841 9854 9855
f 9839 9852 9853
f 9851 9850 9863
f 9848 9861 9862
f 9847 9846 9859
f 9845 9844 9857
f 9843 9842 9855
f 9841 9840 9853
f 9850 9849 9862
f 9847 9860 9861
f 9845 9858 9859
f 9843 9856 9857
f 9854 9867 9868
f 9853 9852 9865
f 9863 9876 9877
f 9861 9874 9875
f 9860 9859 9872
f 9858 9857 9870
f 9855 9868 9869
f 9854 9853 9866
f 9862 9875 9876
f 9860 9873 9874
f 9859 9858 9871
f 9856 9869 9870
f 9868 9867 9880
f 9865 9878 9879
f 9877 9876 9889
f 9875 9874 9887
f 9873 9872 9885
f 9870 9883 9884
f 9868 9881 9882
f 9867 9866 9879
f 9875 9888 9889
f 9873 9886 9887
f 9872 9871 9884
f 9870 9869 9882
f 9880 9893 9894
f 9878 9891 9892
f 9889 9902 9903
f 9887 9900 9901
f 9886 9885 9898
f 9884 9883 9896
f 9882 9881 9894
f 9879 9892 9893
f 9889 9888 9901
f 9887 9886 9899
f 9884 9897 9898
f 9882 9895 9896
f 9894 9893 9906
f 9891 9904 9905
f 9903 9902 9915
f 9901 9900 9913
f 9898 9911 9912
f 9896 9909 9910
f 9895 9894 9907
f 9892 9905 9906
f 9902 9901 9914
f 9899 9912 9913
f 9897 9910 9911
f 9896 9895 9908
f 9907 9906 9919
f 9905 9904 9917
f 9915 9928 9929
f 9914 9913 9926
f 9911 9924 9925
f 9909 9922 9923
f 9907 9920 9921
f 9905 9918 9919
f 9914 9927 9928
f 9913 9912 9925
f 9911 9910 9923
f 9909 9908 9921
f 9920 9919 9515
f 9918 9917 9513
f 9929 9928 9524
f 9926 9522 9523
f 9924 9520 9521
f 9923 9922 9518
f 9920 9516 9517
f 9918 9514 9515
f 9928 9927 9523
f 9926 9925 9521
f 9924 9923 9519
f 9921 9517 9518
f 9387 9513 9917
f 9917 9904 9508
f 9904 9891 9503
f 9891 9878 9499
f 9499 9878 9865
f 9495 9865 9852
f 9491 9852 9839
f 9839 9826 9483
f 9483 9826 9813
f 9813 9800 9475
f 9800 9786 9471
f 9786 9773 9467
f 9467 9773 9760
f 9463 9760 9747
f 9459 9747 9734
f 9734 9721 9451
f 9451 9721 9708
f 9708 9695 9443
f 9695 9682 9439
f 9682 9669 9435
f 9435 9669 9656
f 9431 9656 9643
f 9427 9643 9630
f 9630 9617 9419
f 9419 9617 9604
f 9604 9591 9411
f 9591 9578 9407
f 9578 9565 9403
f 9403 9565 9552
f 9399 9552 9539
f 9395 9539 9526
f 9526 9513 9387
f 9932 9931 9935
f 9932 9936 9937
f 9931 9930 9934
f 9936 9940 9941
f 9934 9938 9939
f 9935 9939 9940
f 9940 9944 9945
f 9939 9938 9942
f 9940 9939 9943
f 9945 9944 9948
f 9942 9946 9947
f 9943 9947 9948
f 9948 9952 9953
f 9947 9946 9950
f 9948 9947 9951
f 9953 9952 9956
f 9950 9954 9955
f 9951 9955 9956
f 9957 9956 9960
f 9955 9954 9958
f 9956 9955 9959
f 9961 9960 9964
f 9958 9962 9963
f 9959 9963 9964
f 9965 9964 9968
f 9963 9962 9966
f 9964 9963 9967
f 9968 9972 9973
f 9966 9970 9971
f 9967 9971 9972
f 9972 9976 9977
f 9970 9974 9975
f 9972 9971 9975
f 9977 9976 9980
f 9974 9978 9979
f 9975 9979 9980
f 9980 9984 9985
f 9979 9978 9982
f 9980 9979 9983
f 9985 9984 9988
f 9982 9986 9987
f 9983 9987 9988
f 9989 9988 9992
f 9986 9990 9991
f 9988 9987 9991
f 9993 9992 9996
f 9991 9990 9994
f 9991 9995 9996
f 9996 10000 10001
f 9994 9998 9999
f 9996 9995 9999
f 10000 10004 10005
f 9999 9998 10002
f 9999 10003 10004
f 10004 10008 10009
f 10003 10002 10006
f 10004 10003 10007
f 10009 10008 10012
f 10006 10010 10011
f 10007 10011 10012
f 10012 10016 10017
f 10011 10010 10014
f 10012 10011 10015
f 10017 10016 10020
f 10014 10018 10019
f 10015 10019 10020
f 10021 10020 10024
f 10019 10018 10022
f 10020 10019 10023
f 10024 10028 10029
f 10022 10026 10027
f 10023 10027 10028
f 10028 10032 10033
f 10027 10026 10030
f 10028 10027 10031
f 10032 10036 10037
f 10030 10034 10035
f 10031 10035 10036
f 10036 10040 10041
f 10035 10034 10038
f 10036 10035 10039
f 10041 10040 10044
f 10038 10042 10043
f 10039 10043 10044
f 10044 10048 10049
f 10043 10042 10046
f 10044 10043 10047
f 10049 10048 10053
f 10046 10051 10052
f 10047 10052 10053
f 10054 10053 10057
f 10052 10051 10055
f 10053 10052 10056
f 10058 10057 9932
f 10055 9930 9931
f 10056 9931 9932
f 10067 10066 10079
f 10064 10077 10078
f 10063 10062 10075
f 10061 10060 10073
f 10070 10069 10082
f 10067 10080 10081
f 10065 10078 10079
f 10064 10063 10076
f 10061 10074 10075
f 10059 10072 10073
f 10071 10070 10083
f 10069 10068 10081
f 10074 10087 10088
f 10072 10085 10086
f 10084 10083 10096
f 10081 10094 10095
f 10080 10079 10092
f 10078 10077 10090
f 10076 10075 10088
f 10074 10073 10086
f 10083 10082 10095
f 10080 10093 10094
f 10078 10091 10092
f 10076 10089 10090
f 10087 10100 10101
f 10086 10085 10098
f 10096 10109 10110
f 10094 10107 10108
f 10093 10092 10105
f 10091 10090 10103
f 10088 10101 10102
f 10087 10086 10099
f 10095 10108 10109
f 10094 10093 10106
f 10092 10091 10104
f 10089 10102 10103
f 10100 10113 10114
f 10098 10111 10112
f 10110 10109 10122
f 10108 10107 10120
f 10105 10118 10119
f 10103 10116 10117
f 10101 10114 10115
f 10100 10099 10112
f 10108 10121 10122
f 10106 10119 10120
f 10105 10104 10117
f 10103 10102 10115
f 10113 10126 10127
f 10112 10111 10124
f 10122 10135 10136
f 10120 10133 10134
f 10119 10118 10131
f 10117 10116 10129
f 10115 10114 10127
f 10113 10112 10125
f 10122 10121 10134
f 10119 10132 10133
f 10117 10130 10131
f 10115 10128 10129
f 10127 10126 10139
f 10124 10137 10138
f 10136 10135 10148
f 10134 10133 10146
f 10131 10144 10145
f 10130 10129 10142
f 10128 10127 10140
f 10125 10138 10139
f 10135 10134 10147
f 10133 10132 10145
f 10130 10143 10144
f 10128 10141 10142
f 10140 10139 10152
f 10138 10137 10150
f 10148 10161 10162
f 10147 10146 10159
f 10144 10157 10158
f 10143 10142 10155
f 10140 10153 10154
f 10138 10151 10152
f 10147 10160 10161
f 10146 10145 10158
f 10144 10143 10156
f 10141 10154 10155
f 10153 10152 10165
f 10151 10150 10163
f 10162 10161 10174
f 10159 10172 10173
f 10157 10170 10171
f 10156 10155 10168
f 10153 10166 10167
f 10151 10164 10165
f 10161 10160 10173
f 10159 10158 10171
f 10157 10156 10169
f 10154 10167 10168
f 10165 10178 10179
f 10163 10176 10177
f 10175 10174 10187
f 10173 10172 10185
f 10171 10170 10183
f 10168 10181 10182
f 10167 10166 10179
f 10165 10164 10177
f 10173 10186 10187
f 10171 10184 10185
f 10169 10182 10183
f 10168 10167 10180
f 10178 10191 10192
f 10176 10189 10190
f 10188 10187 10200
f 10185 10198 10199
f 10184 10183 10196
f 10182 10181 10194
f 10180 10179 10192
f 10178 10177 10190
f 10187 10186 10199
f 10184 10197 10198
f 10182 10195 10196
f 10180 10193 10194
f 10191 10204 10205
f 10190 10189 10202
f 10200 10213 10214
f 10198 10211 10212
f 10197 10196 10209
f 10195 10194 10207
f 10192 10205 10206
f 10191 10190 10203
f 10199 10212 10213
f 10197 10210 10211
f 10196 10195 10208
f 10193 10206 10207
f 10205 10204 10217
f 10202 10215 10216
f 10214 10213 10226
f 10211 10224 10225
f 10210 10209 10222
f 10207 10220 10221
f 10205 10218 10219
f 10204 10203 10216
f 10212 10225 10226
f 10210 10223 10224
f 10209 10208 10221
f 10207 10206 10219
f 10217 10230 10231
f 10216 10215 10228
f 10226 10239 10240
f 10224 10237 10238
f 10223 10222 10235
f 10221 10220 10233
f 10219 10218 10231
f 10217 10216 10229
f 10226 10225 10238
f 10223 10236 10237
f 10221 10234 10235
f 10219 10232 10233
f 10231 10230 10243
f 10228 10241 10242
f 10240 10239 10252
f 10238 10237 10250
f 10235 10248 10249
f 10234 10233 10246
f 10232 10231 10244
f 10229 10242 10243
f 10239 10238 10251
f 10237 10236 10249
f 10234 10247 10248
f 10232 10245 10246
f 10244 10243 10256
f 10242 10241 10254
f 10252 10265 10266
f 10251 10250 10263
f 10248 10261 10262
f 10247 10246 10259
f 10244 10257 10258
f 10242 10255 10256
f 10251 10264 10265
f 10250 10249 10262
f 10248 10247 10260
f 10245 10258 10259
f 10257 10256 10269
f 10255 10254 10267
f 10266 10265 10278
f 10263 10276 10277
f 10261 10274 10275
f 10260 10259 10272
f 10257 10270 10271
f 10255 10268 10269
f 10265 10264 10277
f 10263 10262 10275
f 10261 10260 10273
f 10258 10271 10272
f 10269 10282 10283
f 10267 10280 10281
f 10278 10291 10292
f 10277 10276 10289
f 10275 10274 10287
f 10272 10285 10286
f 10271 10270 10283
f 10269 10268 10281
f 10277 10290 10291
f 10275 10288 10289
f 10273 10286 10287
f 10272 10271 10284
f 10282 10295 10296
f 10280 10293 10294
f 10292 10291 10304
f 10289 10302 10303
f 10288 10287 10300
f 10286 10285 10298
f 10284 10283 10296
f 10282 10281 10294
f 10291 10290 10303
f 10288 10301 10302
f 10286 10299 10300
f 10284 10297 10298
f 10295 10308 10309
f 10294 10293 10306
f 10304 10317 10318
f 10302 10315 10316
f 10301 10300 10313
f 10299 10298 10311
f 10296 10309 10310
f 10295 10294 10307
f 10303 10316 10317
f 10301 10314 10315
f 10300 10299 10312
f 10297 10310 10311
f 10309 10308 10321
f 10307 10306 10319
f 10318 10317 10330
f 10316 10315 10328
f 10314 10313 10326
f 10311 10324 10325
f 10309 10322 10323
f 10308 10307 10320
f 10316 10329 10330
f 10314 10327 10328
f 10313 10312 10325
f 10311 10310 10323
f 10321 10334 10335
f 10320 10319 10332
f 10330 10343 10344
f 10329 10328 10341
f 10326 10339 10340
f 10325 10324 10337
f 10323 10322 10335
f 10320 10333 10334
f 10330 10329 10342
f 10328 10327 10340
f 10325 10338 10339
f 10323 10336 10337
f 10335 10334 10348
f 10332 10346 10347
f 10344 10343 10357
f 10342 10341 10355
f 10339 10353 10354
f 10337 10351 10352
f 10336 10335 10349
f 10333 10347 10348
f 10343 10342 10356
f 10341 10340 10354
f 10338 10352 10353
f 10337 10336 10350
f 10349 10348 10361
f 10347 10346 10359
f 10357 10370 10371
f 10356 10355 10368
f 10353 10366 10367
f 10351 10364 10365
f 10349 10362 10363
f 10347 10360 10361
f 10356 10369 10370
f 10355 10354 10367
f 10353 10352 10365
f 10351 10350 10363
f 10362 10361 10374
f 10360 10359 10372
f 10371 10370 10383
f 10368 10381 10382
f 10366 10379 10380
f 10365 10364 10377
f 10362 10375 10376
f 10360 10373 10374
f 10370 10369 10382
f 10368 10367 10380
f 10366 10365 10378
f 10363 10376 10377
f 10374 10387 10388
f 10372 10385 10386
f 10383 10396 10397
f 10382 10381 10394
f 10380 10379 10392
f 10377 10390 10391
f 10376 10375 10388
f 10374 10373 10386
f 10382 10395 10396
f 10380 10393 10394
f 10378 10391 10392
f 10377 10376 10389
f 10387 10400 10401
f 10385 10398 10399
f 10397 10396 10409
f 10394 10407 10408
f 10393 10392 10405
f 10390 10403 10404
f 10389 10388 10401
f 10387 10386 10399
f 10396 10395 10408
f 10393 10406 10407
f 10391 10404 10405
f 10390 10389 10402
f 10400 10413 10414
f 10399 10398 10411
f 10409 10422 10423
f 10407 10420 10421
f 10406 10405 10418
f 10403 10416 10417
f 10401 10414 10415
f 10400 10399 10412
f 10408 10421 10422
f 10406 10419 10420
f 10405 10404 10417
f 10403 10402 10415
f 10414 10413 10426
f 10411 10424 10425
f 10423 10422 10435
f 10420 10433 10434
f 10418 10431 10432
f 10416 10429 10430
f 10414 10427 10428
f 10412 10425 10426
f 10421 10434 10435
f 10419 10432 10433
f 10418 10417 10430
f 10416 10415 10428
f 10427 10426 10439
f 10425 10424 10437
f 10435 10448 10449
f 10433 10446 10447
f 10431 10444 10445
f 10430 10429 10442
f 10428 10427 10440
f 10425 10438 10439
f 10435 10434 10447
f 10433 10432 10445
f 10430 10443 10444
f 10428 10441 10442
f 10440 10439 10452
f 10437 10450 10451
f 10449 10448 10461
f 10447 10446 10459
f 10444 10457 10458
f 10443 10442 10455
f 10441 10440 10453
f 10438 10451 10452
f 10448 10447 10460
f 10446 10445 10458
f 10443 10456 10457
f 10441 10454 10455
f 10453 10452 10465
f 10451 10450 10463
f 10461 10474 10475
f 10460 10459 10472
f 10457 10470 10471
f 10456 10455 10468
f 10453 10466 10467
f 10451 10464 10465
f 10460 10473 10474
f 10459 10458 10471
f 10457 10456 10469
f 10454 10467 10468
f 10466 10465 10061
f 10464 10463 10059
f 10474 10070 10071
f 10472 10068 10069
f 10470 10066 10067
f 10469 10468 10064
f 10466 10062 10063
f 10464 10060 10061
f 10473 10069 10070
f 10472 10471 10067
f 10470 10469 10065
f 10467 10063 10064
f 9933 10059 10463
f 10463 10450 10054
f 10450 10437 10049
f 10437 10424 10045
f 10045 10424 10411
f 10041 10411 10398
f 10037 10398 10385
f 10385 10372 10029
f 10029 10372 10359
f 10359 10346 10021
f 10346 10332 10017
f 10332 10319 10013
f 10013 10319 10306
f 10009 10306 10293
f 10005 10293 10280
f 10280 10267 9997
f 9997 10267 10254
f 10254 10241 9989
f 10241 10228 9985
f 10228 10215 9981
f 9981 10215 10202
f 9977 10202 10189
f 9973 10189 10176
f 10176 10163 9965
f 9965 10163 10150
f 10150 10137 9957
f 10137 10124 9953
f 10124 10111 9949
f 9949 10111 10098
f 9945 10098 10085
f 9941 10085 10072
f 10072 10059 9933

