# https://github.com/mikedh/trimesh
v 0.05988712 0.27593458 -0.00876413
v 0.06396507 0.27496886 -0.00775949
v 0.06502351 0.27628452 -0.00765522
v 0.06044481 0.27714962 -0.00852480
v 0.07269550 0.27661866 -0.01835976
v 0.07267575 0.28019360 -0.01466440
v 0.07233120 0.28293654 -0.01456723
v 0.07210865 0.28274751 -0.01748468
v 0.02701625 0.23716970 -0.07030397
v 0.01325447 0.23644288 -0.07539068
v 0.01322734 0.22708447 -0.07227603
v 0.02609473 0.22518790 -0.06674129
v 0.04404290 0.20236681 -0.04708393
v 0.03930326 0.21006085 -0.05248624
v 0.03774469 0.19909155 -0.05631278
v 0.04630883 0.19485223 -0.04597630
v 0.03846879 0.33787081 0.07608574
v 0.04572378 0.33617094 0.07068394
v 0.04451716 0.33009052 0.07437988
v -0.05985882 0.27596995 -0.00916582
v -0.06395110 0.27502775 -0.00809946
v -0.06486414 0.27641687 -0.00796885
v -0.06017378 0.27733833 -0.00885962
v -0.07218943 0.27687195 -0.01857215
v -0.07215125 0.28047562 -0.01492375
v -0.07203547 0.28316596 -0.01483595
v -0.07155941 0.28299859 -0.01768249
v 0.03771190 0.33108333 0.07871427
v 0.09109133 0.29846847 -0.03053593
v 0.09097946 0.29574099 -0.03163464
v 0.09117094 0.29428366 -0.02974039
v 0.09106502 0.29672861 -0.02880677
v 0.08720598 0.27983838 -0.02819505
v 0.08691806 0.28729606 -0.03004754
v 0.08814648 0.28996524 -0.03093738
v 0.08835410 0.28777915 -0.02997813
v 0.08740276 0.26941431 -0.02457752
v 0.08641220 0.27006510 -0.02412516
v 0.08778260 0.27459517 -0.02617975
v 0.08879203 0.27426133 -0.02686105
v 0.07275518 0.25117031 -0.00101708
v 0.07541989 0.25325078 -0.00301345
v 0.07587124 0.25084656 -0.00418057
v 0.07132488 0.24954842 -0.00254940
v 0.06840535 0.25085691 -0.00348586
v 0.07266847 0.25000894 -0.00774544
v 0.07216765 0.25304005 -0.00876752
v 0.06879365 0.25325507 -0.00535173
v 0.08634813 0.30888471 -0.01637642
v 0.08662777 0.30557424 -0.01580116
v 0.08498246 0.30475006 -0.01338543
v 0.08461125 0.30816165 -0.01360937
v 0.07230015 0.27572218 -0.02414678
v 0.07083616 0.26919779 -0.02199273
v 0.07698941 0.27372140 -0.02523340
v 0.07748482 0.27657402 -0.02578464
v 0.08436989 0.29817513 -0.02338297
v 0.08522756 0.29894978 -0.02688352
v 0.08553162 0.29672524 -0.02790563
v 0.08444520 0.29527748 -0.02520420
v 0.08748987 0.30019882 -0.03164099
v 0.08765791 0.29708990 -0.03280336
v 0.07126956 0.25991368 0.00051516
v 0.07033233 0.26352456 0.00126489
v 0.07079939 0.26506132 -0.00006849
v 0.07120351 0.26397604 -0.00143329
v 0.07146677 0.27649447 -0.01484557
v 0.07316208 0.28073481 -0.01321224
v 0.08343382 0.25927016 -0.01912576
v 0.08333449 0.26123852 -0.01823720
v 0.08546399 0.26507494 -0.02172866
v 0.08561686 0.26367411 -0.02289639
v 0.08044866 0.26382813 -0.01640655
v 0.08261129 0.26621622 -0.02002326
v 0.08368962 0.26673102 -0.02179016
v 0.08267800 0.26471773 -0.01964771
v 0.08725107 0.30135238 -0.02307926
v 0.08540247 0.30373916 -0.01845042
v 0.08629959 0.30328873 -0.01822219
v 0.08813611 0.30081090 -0.02293839
v 0.07911272 0.28857353 -0.02582431
v 0.07809617 0.29358062 -0.02419339
v 0.07705446 0.29297385 -0.02404601
v 0.07823291 0.28855902 -0.02563689
v 0.08742106 0.29780284 -0.02967802
v 0.08768257 0.29508525 -0.03058989
v 0.08594427 0.29400015 -0.02905591
v 0.07441165 0.29602742 -0.01176030
v 0.07507197 0.29704669 -0.01296806
v 0.07544212 0.29536027 -0.01341365
v 0.07516436 0.29404926 -0.01236416
v 0.07540745 0.24966058 -0.00757590
v 0.06938042 0.26044309 -0.01566187
v 0.07112510 0.26096964 -0.01720395
v 0.07388718 0.26498213 -0.02023273
v 0.07247414 0.26607606 -0.02065102
v 0.06856360 0.25274619 0.00098928
v 0.07155049 0.25304782 0.00105185
v 0.07226770 0.25180268 -0.00003714
v 0.06926128 0.25119215 -0.00045331
v 0.07741607 0.30054346 -0.01334274
v 0.07987574 0.29979017 -0.01557985
v 0.07794873 0.29881525 -0.01479298
v 0.07631697 0.29925326 -0.01300716
v 0.08570655 0.28544176 -0.02829206
v 0.08482587 0.29231545 -0.02668514
v 0.08576642 0.27632752 -0.02247382
v 0.08559914 0.27634981 -0.02543477
v 0.08506331 0.27235085 -0.02384608
v -0.02697417 0.23757762 -0.07044543
v -0.01201483 0.23649132 -0.07539318
v -0.01194519 0.22704658 -0.07235544
v -0.02595342 0.22539610 -0.06664422
v 0.08518840 0.27240193 -0.02098405
v 0.08504093 0.28453365 -0.02273483
v 0.08525780 0.28440782 -0.02614965
v 0.08873086 0.29356006 -0.02833730
v 0.08888038 0.28732347 -0.02852037
v 0.08830245 0.29406908 -0.02927124
v 0.07597711 0.29697132 -0.02206433
v 0.07610375 0.30003968 -0.02625096
v 0.07502073 0.29346964 -0.02756220
v 0.07613955 0.29447120 -0.02328737
v 0.07101899 0.26911563 -0.00059396
v 0.07239263 0.27113095 -0.00197785
v 0.07117375 0.26882485 -0.00332834
v 0.07075374 0.26657024 -0.00275125
v 0.07449784 0.26304743 -0.01885139
v 0.07188640 0.25992867 -0.01636889
v 0.07238323 0.25941205 -0.01565656
v 0.07504753 0.26130700 -0.01735534
v 0.08230116 0.30094782 -0.01778755
v 0.08244263 0.29570550 -0.01842948
v 0.08076327 0.29572695 -0.01693267
v 0.07676663 0.26563185 -0.00824693
v 0.07747909 0.26687089 -0.01013609
v 0.07858919 0.26371878 -0.01184896
v 0.07784288 0.26179194 -0.01019285
v 0.07965661 0.25302392 -0.01303671
v 0.07725278 0.25275120 -0.01375213
v 0.07504324 0.25096798 -0.01048179
v 0.07751683 0.25081667 -0.01017149
v 0.07095787 0.26557186 -0.00201522
v 0.07102470 0.26643279 -0.00036598
v 0.08104820 0.28875685 -0.02777818
v 0.08032164 0.29487538 -0.02589121
v 0.08410286 0.29366416 -0.02284283
v 0.08425549 0.29114789 -0.02410561
v 0.07390610 0.28132746 -0.00657937
v 0.07144640 0.28183097 -0.00776581
v 0.07138543 0.28101179 -0.00774503
v 0.07445586 0.27969599 -0.00642448
v 0.07434411 0.28131589 -0.00522918
v 0.07482364 0.27968413 -0.00509321
v 0.07445181 0.27954045 -0.00390147
v 0.07410937 0.28046769 -0.00377297
v 0.07058407 0.28209427 -0.00823146
v 0.07088186 0.28179681 -0.00795409
v 0.07122231 0.28234330 -0.00825895
v 0.07473005 0.28482926 -0.02052702
v 0.07555576 0.27684134 -0.02201345
v 0.07366574 0.27662280 -0.02087349
v 0.07296628 0.28365240 -0.01930250
v 0.08617271 0.27741960 -0.02716361
v 0.08129740 0.30461258 -0.00924628
v 0.07974836 0.30680627 -0.00930502
v 0.08238813 0.31011313 -0.01379611
v 0.07195920 0.26785401 -0.01235329
v 0.07466765 0.26899478 -0.00961902
v 0.07286120 0.26883745 -0.00802378
v 0.07152350 0.26761413 -0.01061262
v 0.07057712 0.27289644 -0.00616106
v 0.06862237 0.26962930 -0.00527895
v 0.07273287 0.27137771 -0.00468439
v 0.07399275 0.28735468 -0.00528052
v 0.07252074 0.28345188 -0.00768297
v 0.07358329 0.28236181 -0.00633717
v 0.07399613 0.28280184 -0.00506223
v 0.08732957 0.26866174 -0.02590892
v 0.08870509 0.27376875 -0.02845397
v 0.08704312 0.27353561 -0.02997764
v 0.08570037 0.26811045 -0.02737403
v 0.06932821 0.25648481 0.00237547
v 0.06625409 0.25381204 -0.00064969
v 0.06881209 0.25946420 0.00285292
v 0.09037075 0.30534652 -0.02540307
v 0.08696406 0.30758905 -0.02590622
v 0.08730929 0.30538765 -0.02823800
v 0.09083940 0.30327100 -0.02756926
v 0.07112812 0.28843582 -0.01389069
v 0.07134838 0.28632870 -0.01333066
v 0.07160699 0.28778568 -0.01205774
v 0.07127038 0.28980878 -0.01236327
v 0.05076454 0.25180307 -0.05432276
v 0.06042818 0.25278369 -0.03579857
v 0.06413001 0.26569003 -0.04468919
v 0.05697123 0.26383969 -0.06079243
v 0.08059935 0.25590608 -0.01246585
v 0.07959177 0.25389129 -0.00986065
v 0.07532855 0.29505408 -0.00451483
v 0.07474478 0.29707652 -0.00327975
v 0.07578267 0.30250895 -0.00504575
v 0.07633857 0.29923785 -0.00498064
v 0.08811482 0.28892794 -0.03375693
v 0.09090697 0.28826901 -0.03224677
v 0.07689109 0.30103341 -0.01175533
v 0.08042046 0.30429637 -0.01503806
v 0.07841157 0.30189076 -0.01389284
v 0.07655036 0.30052876 -0.01202452
v 0.07660418 0.29239655 -0.00954911
v 0.07725966 0.29370722 -0.00925646
v 0.07541758 0.29466707 -0.00945066
v 0.07443760 0.29324728 -0.00954863
v 0.07446659 0.30190781 -0.00232927
v 0.07595434 0.30668658 -0.00591498
v 0.06716364 0.26026022 -0.01502271
v 0.07682120 0.29389250 -0.00692392
v 0.07768895 0.29650208 -0.00671751
v 0.07816647 0.29534385 -0.00906243
v -0.04387150 0.20244826 -0.04698011
v -0.03944307 0.21001288 -0.05243418
v -0.03760825 0.19912034 -0.05617378
v -0.04608577 0.19492851 -0.04581759
v 0.06962468 0.26443729 0.00327835
v 0.07044359 0.26609683 0.00119998
v 0.07584258 0.29961523 -0.01181598
v 0.07512656 0.29839358 -0.01173138
v 0.07382575 0.29448420 -0.01084174
v 0.07441504 0.29245079 -0.01220105
v 0.08083475 0.28574595 -0.01923252
v 0.08283067 0.27712584 -0.02040416
v 0.06703681 0.26709601 -0.03061513
v 0.06343301 0.25361216 -0.01556423
v 0.07421301 0.29503900 -0.00964525
v 0.07411382 0.29541725 -0.00988615
v 0.07334730 0.29448667 -0.01019841
v 0.07335071 0.29390690 -0.00984311
v 0.07840020 0.25229675 -0.00742696
v 0.07942949 0.29225796 -0.01698017
v 0.07648748 0.29034662 -0.01485693
v 0.07701294 0.29262841 -0.01422295
v 0.08889549 0.27919570 -0.02725517
v 0.08991497 0.28724411 -0.02836957
v 0.09130131 0.28758729 -0.02999150
v 0.09006778 0.27902675 -0.02858451
v 0.06689639 0.25225842 -0.00186860
v 0.07142951 0.28555462 -0.01416970
v 0.07268431 0.28389862 -0.01337589
v 0.07202298 0.29112601 -0.01269368
v 0.07230157 0.29278260 -0.01084193
v 0.07073453 0.26911944 0.00151128
v 0.08664142 0.30192706 -0.02700474
v 0.08704811 0.30002689 -0.02841179
v 0.08507509 0.30062708 -0.02558126
v 0.08478752 0.30189249 -0.02398352
v 0.08404437 0.30370185 -0.02093834
v 0.08416796 0.30518058 -0.02052616
v 0.08586593 0.30368903 -0.02503245
v 0.07529140 0.29136771 -0.01342048
v 0.07606675 0.29311553 -0.01307879
v 0.07615147 0.26445562 -0.00690521
v 0.07677367 0.25850201 -0.00759130
v 0.08396205 0.26900983 -0.02140429
v 0.08369226 0.26977414 -0.01855464
v 0.08420214 0.27941188 -0.03096427
v 0.08381871 0.28862658 -0.03189507
v 0.08231022 0.28855979 -0.02969077
v 0.08306440 0.27980274 -0.02949620
v 0.07720549 0.28241751 -0.02616699
v 0.07381788 0.28334635 -0.02583309
v 0.07363749 0.28156248 -0.00333309
v 0.07286301 0.28547347 -0.00153727
v 0.07163112 0.29044741 -0.01263200
v 0.07197029 0.29211566 -0.01088994
v 0.07858777 0.26545846 -0.02155624
v 0.07459783 0.25850034 -0.01393778
v 0.07860490 0.26332510 -0.01973322
v 0.07053677 0.25797355 -0.01184699
v 0.07019193 0.25712422 -0.00952065
v 0.07270328 0.25693962 -0.01117702
v 0.08073791 0.26577833 -0.01551584
v 0.08245388 0.26684639 -0.01832623
v 0.07018600 0.28182375 -0.00876838
v 0.06838492 0.28028086 -0.00988019
v 0.06919465 0.28158212 -0.00824717
v 0.08391079 0.28492877 -0.02062479
v 0.08505905 0.27679792 -0.02078092
v 0.07694952 0.29595625 -0.00964960
v 0.07516497 0.28594255 -0.00966358
v 0.07608229 0.28949958 -0.00791923
v 0.08032832 0.29938045 -0.00931774
v 0.07852703 0.29778430 -0.00989965
v 0.07796766 0.29679468 -0.00975337
v 0.07914294 0.29724824 -0.00895800
v 0.06281495 0.27239347 -0.00827269
v 0.06609784 0.27076489 -0.00675644
v 0.06777134 0.27390188 -0.00672158
v 0.08316043 0.30487499 -0.01882254
v 0.08352791 0.30282176 -0.01994677
v 0.08165416 0.29548073 -0.02772577
v 0.07590894 0.29729909 -0.01399731
v 0.07634357 0.29570961 -0.01485153
v 0.07803707 0.30854231 -0.02122927
v 0.07737277 0.30675611 -0.01767276
v 0.07745384 0.30704665 -0.01638931
v 0.07826926 0.31104758 -0.01683954
v 0.06930360 0.25464189 -0.00636923
v 0.07201329 0.25476524 -0.00909970
v 0.07184869 0.25593999 -0.00954725
v 0.06978801 0.25599501 -0.00758974
v 0.07228107 0.26845467 -0.00735421
v 0.07127131 0.26742953 -0.00961622
v 0.08512302 0.27013087 -0.02421706
v 0.08438234 0.26936856 -0.02315881
v 0.08543937 0.27321875 -0.02547158
v 0.08636208 0.27443802 -0.02637332
v 0.07205278 0.28920564 -0.01637968
v 0.07142819 0.28805843 -0.01597243
v 0.07762146 0.30088010 -0.01860192
v 0.07973007 0.30310857 -0.02011320
v 0.07879072 0.30602187 -0.01670077
v 0.07710727 0.30408078 -0.01640891
v 0.08280617 0.29614404 -0.02999986
v 0.07640152 0.29427844 -0.01443391
v 0.07703080 0.29442883 -0.01556169
v 0.07595293 0.29470494 -0.01393465
v 0.07378636 0.29231712 -0.00974305
v 0.07593545 0.29116872 -0.01002584
v 0.07957514 0.29955322 -0.01080286
v 0.08333559 0.30286121 -0.01412877
v 0.08231941 0.30297706 -0.01432008
v 0.07893286 0.30034226 -0.01108702
v 0.07451592 0.29699662 -0.01073085
v 0.01461575 0.24591039 -0.08267066
v 0.01651390 0.25502539 -0.09079409
v -0.03838014 0.33789301 0.07632792
v -0.04560782 0.33618367 0.07086188
v -0.04429576 0.33008260 0.07465996
v -0.03729484 0.33106056 0.07894602
v 0.07782537 0.30681318 -0.00918485
v 0.07858729 0.30836099 -0.01319494
v 0.07954656 0.30927768 -0.01360933
v 0.07832306 0.30761534 -0.01015352
v 0.08461628 0.30068895 -0.02340260
v 0.08813204 0.29666629 -0.02845594
v 0.07383603 0.28239912 -0.01168189
v 0.07047112 0.27953920 -0.01138510
v 0.06021831 0.27841237 -0.00999713
v 0.06057500 0.27961847 -0.01001375
v 0.06110089 0.27916834 -0.01122505
v 0.06075332 0.27786303 -0.01142962
v 0.06354970 0.27323928 -0.01184921
v 0.06635689 0.27226129 -0.01054070
v 0.06552611 0.27040818 -0.00903769
v 0.06280985 0.27116328 -0.01108264
v 0.05967785 0.27529106 -0.01034096
v 0.05995756 0.27690452 -0.01006798
v 0.06059016 0.27617812 -0.01164611
v 0.06038445 0.27425706 -0.01215488
v 0.08254676 0.30485088 -0.01667205
v 0.08443094 0.30470735 -0.01844131
v 0.08957066 0.29579040 -0.02730468
v 0.08973405 0.29350898 -0.02815692
v 0.08771814 0.30072725 -0.02574908
v 0.08791932 0.29888684 -0.02715771
v 0.07278949 0.27378720 -0.00198391
v 0.07381489 0.27387622 -0.00379700
v 0.07327650 0.27229640 -0.00366675
v 0.09073369 0.29892319 -0.02751096
v 0.09095982 0.30089921 -0.02915143
v 0.07181954 0.25668582 0.00107571
v 0.07075312 0.25524595 0.00189829
v 0.04369852 0.18468167 0.01638496
v 0.05280959 0.19026574 0.00461211
v 0.05212421 0.18010305 0.00448846
v 0.04319707 0.17468658 0.01574464
v 0.07993843 0.30211857 -0.00787220
v 0.07863162 0.30468687 -0.00773097
v 0.05969790 0.27376461 -0.00939193
v 0.05951515 0.27290288 -0.01080757
v 0.06230819 0.27137795 -0.00968513
v 0.06541624 0.27779341 -0.00782894
v 0.06119571 0.27845225 -0.00855937
v 0.06389602 0.27493232 -0.01175905
v 0.06474628 0.27998963 -0.01065681
v 0.06546310 0.28111127 -0.00928763
v 0.06814916 0.26714107 -0.00630310
v 0.06975311 0.26653659 -0.00839962
v 0.07129528 0.26666078 -0.00517165
v 0.06037022 0.27225506 -0.01191896
v 0.07198951 0.29026759 -0.01427916
v 0.06708639 0.27577502 -0.01129943
v 0.06975426 0.27329352 -0.01311100
v 0.06951787 0.27112874 -0.01216588
v 0.06679411 0.27383789 -0.01114598
v 0.07908508 0.26310512 -0.01355973
v 0.07936665 0.26493183 -0.01347130
v 0.07228372 0.26856673 -0.01449346
v 0.07578659 0.26884922 -0.01244330
v 0.07334208 0.28537568 -0.01244029
v 0.07476451 0.28859261 -0.01097336
v 0.07072931 0.28196049 -0.00891553
v 0.06762592 0.27792209 -0.01076774
v 0.07011069 0.27564746 -0.01276589
v 0.06565364 0.27911052 -0.00811181
v 0.06943991 0.27914998 -0.00740693
v 0.06921955 0.28025141 -0.00765605
v 0.06564107 0.28009301 -0.00840180
v 0.07887667 0.29575735 -0.01613534
v 0.07742347 0.30248952 -0.00623965
v 0.07875036 0.29944107 -0.00704145
v 0.07881250 0.31216881 -0.03375972
v 0.07700570 0.30395281 -0.03824967
v 0.07749625 0.30537608 -0.02496372
v 0.06408060 0.27677509 -0.01157356
v 0.06120123 0.28054619 -0.00985712
v 0.06206291 0.28004363 -0.00891793
v 0.08465401 0.26624516 -0.02154675
v 0.07208582 0.26630312 -0.00488210
v 0.07253540 0.29040340 -0.01038097
v 0.08379478 0.27420369 -0.02914206
v 0.08276397 0.26904833 -0.02679860
v 0.07186270 0.29164267 -0.01081751
v 0.07258184 0.29277277 -0.01027798
v 0.07067025 0.26684943 -0.00914945
v 0.07181230 0.26760232 -0.00638606
v 0.07281536 0.29317963 -0.01009687
v 0.07349128 0.27327785 -0.00510971
v 0.08401320 0.29528746 -0.02160156
v 0.07575176 0.25523850 -0.01418078
v 0.07389856 0.25392714 -0.01122284
v 0.06168028 0.27944657 -0.00863646
v 0.06484594 0.27066121 -0.00831846
v 0.06446861 0.27847943 -0.01120513
v 0.07209707 0.27689517 -0.00674810
v 0.07122607 0.27492979 -0.00629596
v 0.07419068 0.27536714 -0.00525530
v 0.07719570 0.26922402 -0.01424224
v 0.07312980 0.27009928 -0.01684023
v 0.07413364 0.27086136 -0.01906152
v 0.07901904 0.26987195 -0.01601127
v 0.08139475 0.26433581 -0.02408863
v 0.07970919 0.26015133 -0.02055204
v 0.08194029 0.25844413 -0.02041971
v 0.08409992 0.26284799 -0.02425602
v 0.07884357 0.32686019 -0.04297609
v 0.08010266 0.31812388 -0.02713530
v 0.08053309 0.33400980 -0.03184083
v 0.08228347 0.30443296 -0.02544564
v 0.08242113 0.30197921 -0.02706700
v 0.08746121 0.30288941 -0.03016520
v 0.07734427 0.30943576 -0.01112595
v 0.07750559 0.30699340 -0.01473014
v 0.07792033 0.30785906 -0.01279587
v 0.08766745 0.27900678 -0.03215166
v 0.07456257 0.29127333 -0.00461904
v 0.07633788 0.29165798 -0.00719901
v 0.07767177 0.26662889 -0.02244543
v 0.07959470 0.26821670 -0.01384480
v 0.08169352 0.26859024 -0.01595241
v 0.08804517 0.30538493 -0.01854190
v 0.08495178 0.30361366 -0.01602323
v 0.00957812 0.17387992 0.04297862
v 0.00963892 0.16655603 0.03917471
v 0.00824449 0.28182042 0.09767836
v 0.00950826 0.28159377 0.09618829
v 0.00838913 0.28348675 0.09508765
v 0.00776653 0.28351846 0.09582866
v 0.00850374 0.27257723 0.09659842
v 0.00783392 0.27412769 0.09542515
v 0.00878579 0.27382168 0.09445946
v 0.00968188 0.27252948 0.09566990
v 0.00535421 0.28312463 0.09501304
v 0.00393082 0.28058833 0.09772775
v 0.00549773 0.28155902 0.09913422
v 0.00646009 0.28369141 0.09574004
v 0.08796435 0.30859974 -0.01953220
v 0.01179410 0.27233961 0.09623653
v 0.01078126 0.27411860 0.09501556
v 0.01145971 0.27465373 0.09686746
v 0.01314059 0.27324218 0.09793434
v 0.00490928 0.27350944 0.10455218
v 0.00594146 0.27563536 0.10464484
v 0.00485870 0.27474824 0.10231334
v 0.00490875 0.27274126 0.10199407
v 0.00762603 0.27609771 0.10397235
v 0.00947668 0.27574497 0.10572676
v 0.01115032 0.27562603 0.10403168
v 0.00894755 0.27592325 0.10244549
v 0.00424467 0.27689058 0.09726757
v 0.00567424 0.27500096 0.09873934
v 0.00371613 0.27718538 0.10086024
v 0.01171357 0.27693811 0.09491201
v 0.01038035 0.27585205 0.09350948
v 0.00943210 0.27965221 0.09282822
v 0.01068989 0.28048015 0.09369893
v 0.04713891 0.20131506 0.01772045
v 0.05443046 0.20387807 0.00365833
v 0.03449059 0.29410979 0.07586887
v 0.03381137 0.29138657 0.07719325
v 0.02975801 0.29258561 0.07785560
v 0.03064716 0.29499123 0.07673959
v 0.07490516 0.27767605 -0.00457128
v 0.07437087 0.27855945 -0.00342934
v 0.08244019 0.29920968 -0.02863842
v 0.08698414 0.30236334 -0.02367728
v 0.08221608 0.30631006 -0.02333229
v 0.08103627 0.30864665 -0.01865580
v 0.07975999 0.30719090 -0.01761886
v 0.08069015 0.30462402 -0.02157818
v 0.09003115 0.30247468 -0.02402684
v 0.07324869 0.26501653 -0.00463384
v 0.08177767 0.29142100 -0.01865858
v 0.08034502 0.30919361 -0.01608831
v 0.08371219 0.31074056 -0.01682718
v 0.08791272 0.27929711 -0.02726586
v 0.09034843 0.30091912 -0.02594355
v 0.08871486 0.29949629 -0.02470522
v 0.08165377 0.30158094 -0.01007828
v 0.07519263 0.27347377 -0.02139976
v 0.08173518 0.27360550 -0.01924608
v 0.08083477 0.27102032 -0.01764513
v -0.09109529 0.29869610 -0.03059190
v -0.09096357 0.29595608 -0.03172391
v -0.09115352 0.29450217 -0.02980758
v -0.09107129 0.29694957 -0.02888306
v -0.08709426 0.28005856 -0.02834282
v -0.08708271 0.28756326 -0.03021097
v -0.08824253 0.29017767 -0.03106134
v -0.08852221 0.28803959 -0.03011374
v 0.07456783 0.27168655 -0.02028680
v 0.07126606 0.28696984 -0.01532969
v 0.07050988 0.26996863 0.00381551
v 0.07867996 0.25874019 -0.01086039
v -0.08707528 0.26960135 -0.02469489
v -0.08607482 0.27026111 -0.02424759
v -0.08762115 0.27481186 -0.02629541
v -0.08864556 0.27447236 -0.02699201
v 0.07967823 0.25968301 -0.01325388
v 0.03092163 0.24739453 -0.07681349
v 0.03465198 0.25719851 -0.08404581
v 0.08977460 0.27895319 -0.03061376
v 0.08242867 0.30441868 -0.01766544
v 0.07512950 0.26459065 -0.00593154
v 0.07454032 0.25896570 -0.00490520
v 0.07318258 0.25942877 -0.00296239
v 0.07675933 0.29488111 -0.01526834
v 0.07701111 0.26779810 -0.02266089
v 0.07706223 0.27008435 -0.02386347
v 0.06144247 0.27987945 -0.01084375
v 0.07895434 0.26185024 -0.01994178
v 0.07527859 0.25687245 -0.01406257
v 0.05815769 0.20725118 -0.01021318
v 0.05558394 0.20988412 -0.02535995
v -0.07259830 0.25113755 -0.00122786
v -0.07529375 0.25321633 -0.00319279
v -0.07571656 0.25082928 -0.00436656
v -0.07117685 0.24952954 -0.00274953
v 0.05565831 0.19879365 -0.02339733
v 0.05719094 0.19485584 -0.00913407
v 0.07202747 0.28391838 0.00208374
v 0.07234475 0.27650660 -0.00011761
v 0.07175527 0.27549306 0.00180383
v 0.02335040 0.18288907 0.03842951
v 0.02051334 0.17076513 0.03425698
v 0.07067601 0.27071667 0.00771304
v 0.07051118 0.27053362 0.01850104
v 0.07184105 0.28634688 0.01779842
v 0.07138912 0.28059614 0.00779632
v 0.05932949 0.31924179 0.05237798
v 0.06116905 0.31971982 0.04784954
v 0.06196763 0.31011376 0.04841873
v 0.05970544 0.31147864 0.05214657
v 0.02037906 0.37858856 0.06689988
v 0.01003872 0.37917420 0.06912749
v 0.01028888 0.38704377 0.06276450
v 0.02090220 0.38618734 0.06020144
v 0.03650786 0.26561958 -0.08863174
v 0.03783910 0.27625439 -0.09353845
v 0.01854098 0.27237648 -0.10114738
v 0.01746187 0.26275250 -0.09573456
v 0.02118711 0.40354258 0.03711028
v 0.01036663 0.40526998 0.03991306
v 0.01050412 0.40990362 0.02942301
v -0.06829270 0.25078964 -0.00365997
v -0.07212181 0.24998514 -0.00783919
v -0.07168689 0.25305229 -0.00878299
v -0.06871228 0.25321928 -0.00543984
v 0.02150428 0.40784305 0.02693838
v 0.05302979 0.29152250 0.06652520
v 0.05539655 0.28523317 0.06680882
v 0.05136362 0.28486672 0.07054201
v 0.04971556 0.29108089 0.06949363
v 0.07445292 0.25462613 -0.00193031
v 0.07340168 0.25551984 -0.00068739
v -0.08599134 0.30909425 -0.01645474
v -0.08633500 0.30579093 -0.01588341
v -0.08479804 0.30499965 -0.01347514
v -0.08439074 0.30838063 -0.01369093
v -0.07230061 0.27581733 -0.02416297
v -0.07073468 0.26935527 -0.02204117
v -0.07710648 0.27384520 -0.02528918
v -0.07739605 0.27666977 -0.02577541
v 0.01075630 0.41347426 0.01710564
v 0.02180105 0.41111448 0.01499672
v 0.01232422 0.30146995 0.08286844
v -0.08446124 0.29842433 -0.02342814
v -0.08526155 0.29914933 -0.02696296
v -0.08565149 0.29694191 -0.02800786
v -0.08462349 0.29547995 -0.02529624
v -0.08753329 0.30041006 -0.03166763
v -0.08767218 0.29730988 -0.03286896
v -0.07118513 0.25993907 0.00051585
v -0.07026242 0.26356074 0.00127762
v -0.07075241 0.26512831 -0.00009483
v -0.07116726 0.26404810 -0.00145724
v -0.07095233 0.27677083 -0.01514148
v -0.07293920 0.28099856 -0.01352454
v -0.08308996 0.25949168 -0.01912661
v -0.08297960 0.26138133 -0.01833849
v -0.08512943 0.26524028 -0.02184952
v -0.08528800 0.26387647 -0.02292736
v 0.01278102 0.30328014 0.08007759
v 0.01645670 0.29998058 0.07886281
v 0.01605549 0.29808617 0.08113129
v 0.00732848 0.35187522 0.08205842
v 0.00826495 0.35962009 0.07912034
v 0.01732440 0.35958031 0.07754006
v 0.01587431 0.35190171 0.08088713
v 0.02086460 0.29749599 0.07782391
v 0.01996203 0.29555351 0.07940684
v 0.01035640 0.39397034 0.05602583
v 0.02103785 0.39289162 0.05307347
v 0.02043369 0.41475227 -0.03677010
v -0.08004919 0.26398224 -0.01656970
v -0.08225980 0.26638475 -0.02019207
v -0.08332594 0.26691458 -0.02194756
v -0.08229037 0.26488173 -0.01980587
v 0.02089317 0.41512030 -0.02802923
v 0.00970163 0.41781279 -0.02855203
v -0.08714885 0.30160946 -0.02314718
v -0.08522911 0.30397582 -0.01852035
v -0.08613534 0.30352524 -0.01830324
v -0.08804972 0.30104616 -0.02299838
v 0.01073160 0.41670498 -0.04134991
v 0.06912452 0.28307104 -0.05376531
v 0.07252090 0.28288561 -0.03790055
v 0.07469600 0.29481846 -0.03991595
v 0.07239674 0.29967520 -0.05730782
v 0.03427664 0.18958110 0.02982496
v 0.03183942 0.17705528 0.02609441
v -0.07904471 0.28873307 -0.02585758
v -0.07794692 0.29381233 -0.02419188
v -0.07697628 0.29317382 -0.02397799
v -0.07821577 0.28872901 -0.02553047
v -0.08752556 0.29802081 -0.02977538
v -0.08777982 0.29530087 -0.03070862
v -0.08603910 0.29421094 -0.02918974
v -0.07424977 0.29627636 -0.01184165
v -0.07492179 0.29712674 -0.01303630
v -0.07540035 0.29555875 -0.01348027
v -0.07498284 0.29430982 -0.01242074
v -0.07532707 0.24968098 -0.00769411
v -0.06898072 0.26052904 -0.01579842
v -0.07081074 0.26104414 -0.01733265
v -0.07363045 0.26503849 -0.02035142
v -0.07224313 0.26618084 -0.02076461
v 0.05277115 0.34180164 0.05867589
v 0.05487958 0.34698310 0.05377930
v 0.05803276 0.33957773 0.05052239
v 0.05582209 0.33532375 0.05576370
v 0.00608269 0.33915895 0.08611373
v 0.01340562 0.33915818 0.08555609
v 0.01151249 0.33280170 0.08644930
v 0.00537101 0.33265835 0.08700921
v -0.06848325 0.25267097 0.00079672
v -0.07146981 0.25300205 0.00085786
v -0.07213730 0.25178081 -0.00023133
v -0.06912152 0.25112471 -0.00067356
v 0.05944685 0.30412653 0.05305221
v 0.06208063 0.30107179 0.05041600
v 0.06124597 0.29316896 0.05555124
v 0.05829851 0.29731551 0.05715622
v 0.05550547 0.29271892 0.06331849
v -0.07738590 0.30061543 -0.01340728
v -0.07990933 0.29997298 -0.01561836
v -0.07790547 0.29901910 -0.01483642
v -0.07624567 0.29932681 -0.01308332
v 0.05810135 0.28679094 0.06316106
v -0.08586776 0.28570509 -0.02842706
v -0.08482237 0.29254282 -0.02681236
v 0.01891295 0.36891681 0.07329915
v 0.00912661 0.36930913 0.07517187
v 0.06010384 0.33004734 0.04829813
v 0.05801306 0.32742622 0.05364629
v 0.00944760 0.30470330 0.08534430
v 0.01021414 0.30603686 0.08176971
v 0.00756710 0.31064433 0.08402206
v -0.08544193 0.27657261 -0.02265084
v -0.08539865 0.27661428 -0.02559686
v -0.08476595 0.27258512 -0.02402366
v -0.08484598 0.27263665 -0.02115713
v 0.00402813 0.31058583 0.08983807
v 0.00393685 0.31457168 0.08826175
v 0.00707337 0.31428990 0.08457746
v 0.03355772 0.35103345 0.07392281
v 0.03527389 0.35809267 0.06997216
v 0.04282996 0.35624915 0.06435391
v 0.04111726 0.34968677 0.06871213
v 0.02111283 0.39848205 0.04564064
v -0.08515595 0.28481206 -0.02290541
v -0.08540124 0.28468958 -0.02630899
v 0.01032175 0.39992777 0.04856559
v 0.00443439 0.32418010 0.08684898
v 0.00863443 0.32415450 0.08531755
v 0.00764644 0.32044956 0.08441606
v -0.08877106 0.29378039 -0.02847120
v -0.08898017 0.28758135 -0.02864931
v -0.08836975 0.29429382 -0.02941076
v -0.07585617 0.29715365 -0.02195151
v -0.07585652 0.30021363 -0.02607155
v -0.07529269 0.29345584 -0.02740967
v -0.07608800 0.29465130 -0.02315626
v 0.00431195 0.32074991 0.08673531
v 0.02493841 0.29383063 0.07862809
v 0.02581210 0.29597747 0.07747477
v 0.06643930 0.25473526 -0.00530483
v 0.06755734 0.25378305 -0.00469974
v 0.07298761 0.30175099 0.00417794
v 0.07187156 0.29112089 0.00650218
v 0.07205799 0.29974946 0.01622542
v 0.07196764 0.31255221 0.01319415
v 0.07481451 0.32394838 0.00920382
v 0.07717339 0.33292437 0.00292352
v 0.07735745 0.31668088 -0.00335366
v 0.07524097 0.31052616 0.00138623
v 0.05073342 0.20139287 -0.03611306
v 0.04851668 0.21114157 -0.03934011
v 0.00410700 0.30765551 0.09264281
v 0.00403043 0.30492681 0.09529353
v 0.01979295 0.31431088 -0.11627685
v -0.07118324 0.26906636 -0.00071827
v -0.07233519 0.27118003 -0.00211259
v -0.07141223 0.26880050 -0.00348862
v -0.07074718 0.26662251 -0.00288054
v 0.01917982 0.30114624 -0.11173663
v 0.03930458 0.30573314 -0.10437384
v 0.03897827 0.31870052 -0.10673335
v 0.06605541 0.27270395 -0.04928902
v -0.07424896 0.26310834 -0.01896403
v -0.07154965 0.26000711 -0.01648975
v -0.07203146 0.25953692 -0.01574298
v -0.07477889 0.26143435 -0.01741145
v 0.06988944 0.27433178 -0.03455500
v 0.01034212 0.27844304 0.09819334
v 0.00722487 0.28288606 0.09324832
v 0.00741853 0.27935916 0.09282175
v 0.00703921 0.28204522 0.09306541
v 0.01035619 0.27547410 0.10020415
v 0.01276697 0.27489832 0.10151863
v 0.00806210 0.27552769 0.09318494
v 0.00717363 0.27574670 0.09375851
v 0.00663747 0.27966303 0.09311199
v 0.00835468 0.28331569 0.09389603
v 0.00220669 0.27178943 0.10687450
v 0.00278614 0.27338505 0.10974843
v 0.00652811 0.27467081 0.10857509
v 0.00506142 0.27314886 0.10655848
v 0.00512345 0.28227657 0.09458185
v 0.00417705 0.28004727 0.09551223
v 0.00507777 0.27816337 0.10288323
v 0.00688248 0.28179699 0.09873866
v 0.00714618 0.28370613 0.09590435
v 0.00679780 0.27875999 0.10204044
v 0.00605744 0.27268663 0.09942824
v 0.00848728 0.27882147 0.10043152
v -0.08234384 0.30116463 -0.01781948
v -0.08246012 0.29593104 -0.01844309
v -0.08074211 0.29595134 -0.01693854
v -0.07656465 0.26568618 -0.00838544
v -0.07728942 0.26694250 -0.01028457
v -0.07818655 0.26386356 -0.01198093
v -0.07747099 0.26190653 -0.01032311
v 0.07814942 0.26763412 -0.01201630
v 0.05665220 0.22149362 0.00941590
v 0.06097930 0.23590699 0.00165364
v 0.06028397 0.23530129 -0.00427891
v -0.07927157 0.25328565 -0.01303819
v -0.07689233 0.25300840 -0.01375757
v -0.07466552 0.25112432 -0.01054680
v -0.07717291 0.25099424 -0.01021409
v -0.07093026 0.26561689 -0.00210382
v -0.07096410 0.26649871 -0.00041865
v -0.08096839 0.28893301 -0.02787516
v -0.08020154 0.29509217 -0.02592166
v 0.05754391 0.22004727 0.00000540
v 0.07917276 0.29412353 -0.01666153
v 0.06657574 0.34549132 0.03195456
v 0.06878661 0.35701060 0.02161117
v 0.07459828 0.34499609 0.01091897
v -0.08413825 0.29391548 -0.02290742
v -0.08430883 0.29137328 -0.02421321
v 0.07302482 0.33421966 0.01716091
v 0.06861307 0.36613914 0.01286645
v 0.07474901 0.35526115 0.00292840
v 0.07861389 0.34283569 -0.00596107
v 0.08016102 0.32173577 -0.01875983
v 0.04231483 0.30712017 0.07039718
v 0.04271377 0.30687431 0.07054306
v 0.04104535 0.30660632 0.07185487
v -0.07371850 0.28148726 -0.00675517
v -0.07125746 0.28198314 -0.00800620
v -0.07119514 0.28116155 -0.00796504
v -0.07428423 0.27984986 -0.00657280
v 0.04104333 0.30677512 0.07167677
v 0.04180765 0.30721268 0.06980807
v 0.04046466 0.30670005 0.07088083
v -0.07419628 0.28146672 -0.00536761
v -0.07468076 0.27982315 -0.00521483
v -0.07432006 0.27967948 -0.00400982
v -0.07397994 0.28060874 -0.00388207
v 0.04268971 0.30760691 0.06882089
v 0.04325715 0.30741525 0.06931083
v 0.04354475 0.30715448 0.06944605
v 0.02493899 0.30787310 0.07371147
v 0.02564170 0.30820316 0.07300813
v 0.02806658 0.30725935 0.07334103
v 0.02739694 0.30723983 0.07443509
v 0.02472265 0.30758786 0.07414342
v 0.02737644 0.30693254 0.07485061
v -0.07038053 0.28224409 -0.00850639
v -0.07068238 0.28194997 -0.00820562
v -0.07100504 0.28249121 -0.00852044
v -0.07451047 0.28508753 -0.02068865
v -0.07574907 0.27702257 -0.02217186
v -0.07379606 0.27683052 -0.02106430
v -0.07235216 0.28388962 -0.01950070
v 0.02865895 0.30970070 0.06734798
v 0.02816763 0.30998501 0.06724537
v -0.08603658 0.27765036 -0.02728996
v 0.02958314 0.30940768 0.06754228
v 0.02331552 0.30978259 0.07139144
v 0.02334452 0.31078532 0.07153697
v -0.08130203 0.30466664 -0.00928919
v -0.07970917 0.30682129 -0.00934204
v -0.08235119 0.31010938 -0.01384223
v 0.02808375 0.31075794 0.06742840
v 0.02809564 0.31025735 0.06726535
v 0.02340738 0.30927742 0.07152939
v -0.07185365 0.26799753 -0.01254278
v -0.07455549 0.26910260 -0.00974721
v -0.07299944 0.26892295 -0.00816892
v -0.07144725 0.26774326 -0.01079028
v -0.07064562 0.27293217 -0.00634616
v -0.06871030 0.26965773 -0.00546712
v -0.07278727 0.27141619 -0.00482581
v -0.07396533 0.28754929 -0.00543371
v -0.07251873 0.28363231 -0.00791749
v -0.07340913 0.28252080 -0.00651885
v -0.07382784 0.28296256 -0.00521864
v -0.08704855 0.26884222 -0.02595669
v -0.08851351 0.27401543 -0.02851268
v -0.08684867 0.27381280 -0.02996109
v -0.08545945 0.26833728 -0.02733174
v 0.02184909 0.30901816 0.07163499
v 0.02115133 0.30936593 0.07130451
v -0.06928039 0.25639135 0.00230888
v -0.06611289 0.25365004 -0.00080479
v -0.06868899 0.25945985 0.00282778
v -0.09022362 0.30561039 -0.02547292
v -0.08687336 0.30782494 -0.02593650
v -0.08727793 0.30566472 -0.02827210
v -0.09077283 0.30356920 -0.02765052
v -0.07047550 0.28866914 -0.01409477
v -0.07113043 0.28656822 -0.01357105
v -0.07139876 0.28804091 -0.01225327
v -0.07065327 0.29003561 -0.01253448
v 0.02118117 0.31073770 0.07153331
v 0.03270831 0.30590513 0.07496215
v 0.03292471 0.30508912 0.07506421
v 0.02813409 0.30543467 0.07529470
v 0.02769014 0.30633116 0.07514984
v 0.03248887 0.30638742 0.07476168
v 0.03596590 0.30645895 0.07384356
v 0.03607049 0.30593714 0.07402951
v 0.03621489 0.30514097 0.07404963
v -0.05091500 0.25188208 -0.05425725
v -0.05919828 0.25301623 -0.03573710
v -0.06384794 0.26576391 -0.04450477
v -0.05644306 0.26400563 -0.06048775
v -0.08021157 0.25608012 -0.01252607
v -0.07925241 0.25404686 -0.00991515
v -0.07520931 0.29530156 -0.00458047
v -0.07465760 0.29713422 -0.00329434
v -0.07560989 0.30253497 -0.00504136
v -0.07623804 0.29929021 -0.00498373
v 0.02502441 0.30641887 0.07504300
v 0.02484614 0.30726942 0.07462566
v 0.03633430 0.30440882 0.07403743
v 0.03317669 0.30436036 0.07499284
v -0.08812594 0.28915578 -0.03383302
v -0.09087022 0.28850046 -0.03228863
v 0.02834716 0.30470270 0.07530499
v 0.02491531 0.30590972 0.07514454
v 0.02211436 0.30702782 0.07440734
v 0.02328004 0.30734602 0.07441464
v 0.03349474 0.30353278 0.07481363
v 0.03338929 0.30257562 0.07471284
v 0.02848573 0.30288899 0.07528849
v 0.02853608 0.30384597 0.07526096
v -0.07683410 0.30112806 -0.01184995
v -0.08045252 0.30449545 -0.01511420
v -0.07836350 0.30210865 -0.01395930
v -0.07650772 0.30061325 -0.01209812
v -0.07633828 0.29271522 -0.00961989
v -0.07702335 0.29402500 -0.00932772
v -0.07520231 0.29493910 -0.00954161
v -0.07418898 0.29354429 -0.00963970
v 0.03653299 0.30360436 0.07377138
v 0.03647476 0.30266240 0.07364317
v -0.07425236 0.30197716 -0.00234388
v -0.07578198 0.30666214 -0.00588713
v 0.04467948 0.30714720 0.06774715
v 0.04514681 0.30757517 0.06678069
v 0.04515926 0.30702785 0.06693809
v -0.06747998 0.26011848 -0.01515240
v 0.04492032 0.30662400 0.06747212
v 0.04787976 0.30419514 0.06437480
v 0.04867607 0.30539984 0.06327018
v 0.05032114 0.30459806 0.06199479
v -0.07667574 0.29416338 -0.00700270
v -0.07747394 0.29676974 -0.00675941
v -0.07795072 0.29563245 -0.00913227
v -0.06951985 0.26446041 0.00329808
v -0.07037840 0.26614833 0.00118700
v -0.07576685 0.29969317 -0.01190980
v -0.07501214 0.29847813 -0.01183707
v -0.07364053 0.29474002 -0.01092505
v -0.07416493 0.29269916 -0.01230748
v 0.04926994 0.30324081 0.06336848
v -0.08071855 0.28600496 -0.01941101
v -0.08262441 0.27735439 -0.02067442
v 0.05725843 0.29444990 0.06016964
v 0.05141416 0.30037457 0.06294799
v 0.05273975 0.30175349 0.06090844
v 0.04422050 0.30694699 0.06857271
v 0.04357417 0.30669299 0.06950884
v 0.04410496 0.30733347 0.06851008
v 0.04452880 0.30760691 0.06754078
v 0.04450868 0.30626184 0.06829497
v 0.04370347 0.30598176 0.06938013
v 0.04265447 0.30648050 0.07060356
v 0.04290017 0.30565798 0.07057539
v 0.04116722 0.30536172 0.07192729
v 0.04104602 0.30617476 0.07192589
v 0.03894256 0.30602023 0.07298706
v -0.06693131 0.26714292 -0.03053968
v -0.06343777 0.25349757 -0.01577532
v 0.03923209 0.30654228 0.07277367
v 0.03908471 0.30520296 0.07297681
v 0.04131388 0.30468893 0.07173208
v 0.03922822 0.30450854 0.07289597
v 0.04297215 0.30495986 0.07026289
v 0.04384805 0.30537692 0.06903248
v 0.04468216 0.30576319 0.06786352
v 0.04524276 0.30615607 0.06700661
v 0.04558352 0.30677032 0.06636184
v 0.04502416 0.30517831 0.06729861
v 0.04575861 0.30440351 0.06650387
v 0.04448582 0.30389252 0.06794050
v 0.04406372 0.30475783 0.06859820
v 0.04577125 0.30568311 0.06630814
v 0.04658686 0.30500099 0.06536498
v -0.07401786 0.29529896 -0.00974051
v -0.07394242 0.29567429 -0.00998202
v -0.07315481 0.29473460 -0.01029441
v -0.07312733 0.29417947 -0.00995155
v 0.04300861 0.30439249 0.06987772
v 0.04308693 0.30359665 0.06946446
v 0.04149311 0.30317134 0.07101909
v 0.04150520 0.30396569 0.07140514
v -0.07803541 0.25240898 -0.00753186
v -0.07934772 0.29250282 -0.01698301
v -0.07606538 0.29052827 -0.01495926
v -0.07699492 0.29284757 -0.01426244
v 0.03934033 0.30376762 0.07261624
v 0.03957305 0.30285338 0.07228886
v -0.08874831 0.27940017 -0.02736859
v -0.08994603 0.28749880 -0.02847068
v -0.09131678 0.28785464 -0.03005826
v -0.08993686 0.27923998 -0.02867406
v 0.03239409 0.30650353 0.07449935
v 0.03206604 0.30656773 0.07335529
v 0.03562607 0.30633500 0.07274699
v 0.03598634 0.30658239 0.07356141
v 0.03924210 0.30664706 0.07260448
v -0.06679797 0.25213867 -0.00204434
v -0.07116093 0.28578442 -0.01443689
v -0.07245413 0.28413171 -0.01363910
v 0.03862906 0.30637407 0.07185051
v 0.03548884 0.30626214 0.07162888
v 0.03381096 0.30840799 0.06742330
v 0.03528658 0.30841345 0.06704210
v 0.03818976 0.30630645 0.07084040
v -0.07173283 0.29137707 -0.01284553
v -0.07206797 0.29304495 -0.01094649
v 0.03229719 0.30658960 0.07214252
v 0.03242037 0.30861971 0.06766824
v 0.02898049 0.30743393 0.07217459
v -0.07052796 0.26917574 0.00144342
v 0.03067597 0.30899492 0.06771892
v 0.02640752 0.30824524 0.07226835
v 0.03384459 0.31866318 0.07400714
v 0.03391720 0.31883472 0.07422459
v 0.03858642 0.31822777 0.07363997
v 0.03816468 0.31798264 0.07328878
v 0.05036018 0.28033960 -0.08388212
v 0.05117674 0.29518849 -0.09002547
v 0.03871308 0.28990972 -0.09937946
v 0.04114374 0.31559616 0.07245568
v 0.04111796 0.31648582 0.07198285
v 0.04358783 0.31512246 0.07063261
v 0.04343305 0.31429681 0.07079989
v 0.04116655 0.31462628 0.07290442
v -0.08658539 0.30213624 -0.02705830
v -0.08712614 0.30023253 -0.02849066
v -0.08505479 0.30083907 -0.02563229
v -0.08474512 0.30209038 -0.02403519
v -0.08393808 0.30388343 -0.02098767
v -0.08401604 0.30538595 -0.02058360
v -0.08579816 0.30386978 -0.02508071
v -0.07484247 0.29156330 -0.01354126
v -0.07601805 0.29332882 -0.01314333
v 0.04312202 0.31326926 0.07101206
v 0.03845097 0.31592208 0.07464698
v -0.07592335 0.26450172 -0.00704787
v -0.07651243 0.25858563 -0.00772286
v -0.08361311 0.26922983 -0.02158753
v -0.08334618 0.27000621 -0.01873895
v -0.08414120 0.27963758 -0.03098338
v -0.08400480 0.28887904 -0.03188314
v -0.08256808 0.28879136 -0.02969052
v -0.08302920 0.28000861 -0.02951199
v 0.03840756 0.31701437 0.07409519
v 0.03823004 0.31775182 0.07345654
v 0.04243287 0.31177315 0.06680162
v 0.04165401 0.31275073 0.06747493
v -0.07730252 0.28254509 -0.02604460
v -0.07397499 0.28342399 -0.02575250
v -0.07355531 0.28169441 -0.00342613
v -0.07294958 0.28563946 -0.00164009
v -0.07117575 0.29070824 -0.01276919
v -0.07167601 0.29239649 -0.01101478
v -0.07838288 0.26558495 -0.02159088
v -0.07427160 0.25866643 -0.01396359
v -0.07839765 0.26347998 -0.01972615
v -0.07013689 0.25809428 -0.01193107
v -0.06977363 0.25724518 -0.00958807
v -0.07235710 0.25710234 -0.01120001
v 0.04217781 0.31264785 0.06893099
v 0.04328101 0.31180194 0.06768765
v 0.04299027 0.31106868 0.06620485
v 0.04393877 0.31104231 0.06678337
v 0.03774659 0.31089172 0.06469329
v 0.03741448 0.31128010 0.06499065
v 0.03695667 0.31174156 0.06540313
v -0.08025266 0.26599070 -0.01570870
v -0.08206559 0.26704779 -0.01850812
v 0.03792554 0.31056520 0.06451014
v -0.06997391 0.28198233 -0.00908554
v -0.06828694 0.28045142 -0.01019305
v -0.06899559 0.28174511 -0.00854888
v -0.08381228 0.28523371 -0.02077820
v -0.08468819 0.27704051 -0.02099487
v -0.07676078 0.29623994 -0.00973157
v 0.03800438 0.31027523 0.06442475
v -0.07508244 0.28614807 -0.00983906
v -0.07599986 0.28971258 -0.00804238
v -0.08017017 0.29951414 -0.00937589
v -0.07837571 0.29792187 -0.00997407
v -0.07780517 0.29706720 -0.00981333
v -0.07897748 0.29752576 -0.00900408
v -0.06282239 0.27245602 -0.00862385
v -0.06611129 0.27084059 -0.00704519
v -0.06769853 0.27399373 -0.00699365
v 0.03799220 0.31000909 0.06445255
v 0.03776985 0.30975872 0.06460954
v 0.06026381 0.27813730 0.06088106
v 0.05992310 0.28930160 0.05947817
v -0.08317897 0.30508775 -0.01888531
v -0.08356292 0.30303037 -0.02000358
v -0.08141707 0.29565454 -0.02771647
v 0.06257025 0.28116494 0.05668794
v 0.04377671 0.30765411 0.06830662
v -0.07581156 0.29737282 -0.01403961
v -0.07636655 0.29589319 -0.01488873
v 0.04424422 0.30798107 0.06738095
v -0.07780950 0.30865359 -0.02107636
v -0.07719665 0.30683956 -0.01754742
v -0.07726751 0.30710039 -0.01628042
v -0.07803506 0.31107304 -0.01670119
v 0.04316754 0.30792862 0.06792101
v -0.06921533 0.25463134 -0.00643592
v -0.07147942 0.25489295 -0.00914360
v -0.07146610 0.25608832 -0.00958457
v -0.06968552 0.25598529 -0.00765553
v -0.07225698 0.26858538 -0.00749429
v -0.07122555 0.26757303 -0.00977771
v 0.04361299 0.30829045 0.06712007
v -0.08478105 0.27033415 -0.02437038
v -0.08403825 0.26957139 -0.02332341
v -0.08527437 0.27346486 -0.02561940
v -0.08620506 0.27467448 -0.02649340
v 0.04473413 0.30845180 0.06648239
v 0.04514441 0.30818704 0.06646430
v 0.04115973 0.30717474 0.06906092
v 0.03676024 0.30882117 0.06613774
v 0.03719570 0.30907965 0.06567834
v -0.07137582 0.28940469 -0.01658761
v -0.07075246 0.28828794 -0.01618655
v -0.07739987 0.30108911 -0.01854216
v -0.07963100 0.30331564 -0.02007606
v -0.07866739 0.30618006 -0.01665305
v -0.07694712 0.30415741 -0.01633881
v -0.08282724 0.29634532 -0.03002139
v 0.04187140 0.30776215 0.06815091
v 0.03988601 0.30663717 0.06996261
v 0.03606986 0.30856997 0.06660424
v 0.03740947 0.30930960 0.06528950
v 0.03771991 0.30954772 0.06493919
v -0.07640243 0.29448459 -0.01447313
v -0.07707167 0.29463232 -0.01557669
v 0.04217020 0.30810571 0.06741676
v -0.07595768 0.29492018 -0.01397620
v 0.04262014 0.30848259 0.06667075
v 0.04397443 0.30885118 0.06651095
v -0.07349087 0.29262370 -0.00985196
v -0.07563014 0.29148576 -0.01011286
v -0.07949291 0.29966959 -0.01089950
v -0.08326035 0.30307531 -0.01422007
v -0.08226147 0.30319217 -0.01441296
v -0.07885970 0.30044353 -0.01119843
v 0.04326848 0.30942649 0.06574560
v 0.04333710 0.30991802 0.06570744
v 0.04428995 0.30932736 0.06627736
v -0.07432102 0.29719836 -0.01081273
v 0.04433873 0.30982104 0.06617773
v 0.04296789 0.30894831 0.06603789
v -0.01389614 0.24615134 -0.08282901
v -0.01676253 0.25558665 -0.09046017
v 0.04323440 0.31047270 0.06584929
v 0.04420099 0.31036368 0.06636920
v 0.04542512 0.30767083 0.06636018
v 0.04538299 0.30846164 0.06605516
v 0.04601207 0.30942234 0.06548056
v 0.04590720 0.30764011 0.06584392
v -0.07773608 0.30683091 -0.00919179
v -0.07851098 0.30837077 -0.01317049
v -0.07949796 0.30928335 -0.01361913
v -0.07824507 0.30762860 -0.01016513
v -0.08462104 0.30092379 -0.02345572
v 0.04663483 0.30757102 0.06512103
v 0.04624480 0.30641273 0.06554902
v 0.04686113 0.30996862 0.06507699
v 0.04833466 0.31029961 0.06430553
v -0.08821043 0.29690453 -0.02859201
v -0.07366936 0.28262961 -0.01195663
v -0.07003414 0.27981231 -0.01171551
v 0.04781976 0.30739981 0.06402472
v 0.04724152 0.30604115 0.06450953
v 0.04500302 0.30894974 0.06605648
v -0.05994020 0.27858871 -0.01035929
v -0.06030034 0.27979749 -0.01037674
v -0.06081662 0.27935350 -0.01161083
v -0.06044855 0.27803952 -0.01182041
v 0.04528354 0.30956936 0.06581950
v 0.04627324 0.31106627 0.06636167
v -0.06340405 0.27330786 -0.01217981
v -0.06622032 0.27237162 -0.01082740
v -0.06553832 0.27049893 -0.00933148
v -0.06280518 0.27122933 -0.01142648
v 0.04703745 0.31186852 0.06619912
v 0.04579676 0.31054774 0.06646591
v 0.04524938 0.31130964 0.06771185
v 0.04556463 0.31201798 0.06772873
v -0.05941124 0.27542657 -0.01071942
v -0.05966582 0.27706611 -0.01044451
v -0.06026851 0.27631396 -0.01202876
v -0.06021196 0.27444607 -0.01254911
v 0.04600649 0.31272790 0.06765471
v 0.04476912 0.31301919 0.06924036
v -0.08257217 0.30510095 -0.01673101
v -0.08437417 0.30494252 -0.01850856
v 0.04517394 0.31385115 0.06919349
v 0.04439896 0.31215641 0.06921749
v 0.04517754 0.31036314 0.06641309
v -0.08957058 0.29601121 -0.02741506
v -0.08968358 0.29372674 -0.02826112
v -0.08762708 0.30096546 -0.02582880
v -0.08798759 0.29911226 -0.02727678
v 0.04466605 0.31106099 0.06738298
v 0.04388877 0.31183013 0.06867509
v 0.04279457 0.31249401 0.07054346
v -0.07271943 0.27382347 -0.00212222
v -0.07390487 0.27389419 -0.00392106
v -0.07331612 0.27231613 -0.00380041
v -0.09076129 0.29916620 -0.02757485
v -0.09096431 0.30114245 -0.02922252
v -0.07178656 0.25660956 0.00097979
v -0.07071974 0.25515676 0.00179187
v -0.04359359 0.18474209 0.01641994
v -0.05284692 0.19028310 0.00467952
v -0.05208884 0.18012708 0.00460398
v -0.04299396 0.17471518 0.01580554
v -0.07993691 0.30217206 -0.00790131
v -0.07858976 0.30472043 -0.00775758
v 0.04093173 0.31366521 0.07252695
v 0.04000762 0.31372067 0.07057589
v 0.03824473 0.31500754 0.07425662
v -0.05965031 0.27383873 -0.00978173
v -0.05954210 0.27291241 -0.01122007
v -0.06230984 0.27144140 -0.01005793
v -0.06525484 0.27791938 -0.00815180
v -0.06101426 0.27857631 -0.00892913
v 0.03742183 0.31457129 0.07217529
v 0.03457525 0.31945068 0.07536874
v 0.03960278 0.31905565 0.07473627
v 0.03673279 0.31464404 0.07028767
v 0.03429734 0.31267482 0.06668384
v 0.03279727 0.31273359 0.06724273
v 0.03350193 0.31464189 0.07133820
v -0.06356058 0.27512100 -0.01205694
v 0.02393509 0.31150296 0.07199461
v 0.02474998 0.31234464 0.07237469
v -0.06444292 0.28020924 -0.01104240
v -0.06525107 0.28126267 -0.00963807
v -0.06820269 0.26721305 -0.00647739
v -0.06976400 0.26663506 -0.00856265
v -0.07131346 0.26673457 -0.00531023
v -0.06020976 0.27245805 -0.01234406
v -0.07144349 0.29046223 -0.01447528
v 0.02868042 0.31150615 0.06771690
v 0.02830854 0.31109589 0.06757321
v 0.02247725 0.31155884 0.07260770
v 0.02381826 0.31237635 0.07321892
v -0.06670566 0.27600801 -0.01157624
v -0.06967979 0.27340260 -0.01337452
v -0.06933815 0.27127481 -0.01238845
v -0.06645992 0.27405411 -0.01138521
v -0.07864987 0.26325282 -0.01371381
v -0.07891414 0.26510468 -0.01364647
v -0.07215504 0.26869607 -0.01468142
v -0.07572439 0.26902634 -0.01258742
v -0.07316490 0.28561470 -0.01264598
v -0.07464537 0.28882074 -0.01107541
v -0.07049119 0.28212792 -0.00922657
v -0.06725623 0.27816069 -0.01110802
v -0.06965122 0.27591473 -0.01305253
v -0.06548321 0.27924541 -0.00843767
v -0.06927378 0.27928337 -0.00768691
v -0.06903913 0.28039178 -0.00795480
v -0.06545623 0.28023848 -0.00874783
v -0.07895289 0.29593799 -0.01615399
v -0.07734069 0.30250841 -0.00625299
v -0.07866253 0.29950655 -0.00705765
v -0.07881089 0.31223300 -0.03354650
v -0.07672476 0.30408612 -0.03795258
v -0.07723374 0.30550820 -0.02480550
v -0.06372935 0.27699396 -0.01188118
v -0.06091822 0.28073218 -0.01019711
v -0.06187535 0.28018194 -0.00929985
v -0.08428904 0.26642123 -0.02166803
v -0.07210043 0.26639295 -0.00498019
v -0.07231972 0.29067168 -0.01050236
v -0.08368999 0.27443412 -0.02914885
v -0.08252268 0.26927167 -0.02678540
v -0.07154773 0.29194179 -0.01094561
v -0.07227309 0.29308277 -0.01040115
v -0.07065403 0.26696438 -0.00932204
v -0.07195842 0.26766130 -0.00651867
v -0.07254089 0.29347128 -0.01021691
v -0.07358861 0.27330905 -0.00522404
v -0.08404828 0.29553100 -0.02164432
v 0.02791555 0.31408563 0.07247214
v 0.03002574 0.31237984 0.06787017
v -0.07538173 0.25546223 -0.01418321
v -0.07337962 0.25408435 -0.01125429
v 0.02925904 0.31195560 0.06783326
v -0.06148776 0.27956912 -0.00900674
v 0.02632545 0.31321061 0.07231601
v -0.06485298 0.27073228 -0.00864479
v -0.06416372 0.27869642 -0.01157421
v 0.02728601 0.31457597 0.07429999
v 0.02506079 0.31331769 0.07366035
v 0.03376313 0.31509301 0.07332643
v -0.07196467 0.27703816 -0.00691184
v -0.07142672 0.27492201 -0.00648154
v -0.07407467 0.27550188 -0.00536814
v 0.02136905 0.35155571 -0.11659747
v 0.02118503 0.33470666 -0.11876627
v -0.07688610 0.26948982 -0.01439820
v -0.07282918 0.27034548 -0.01701872
v -0.07402486 0.27115396 -0.01924973
v -0.07866573 0.27017578 -0.01615073
v -0.08109758 0.26454484 -0.02409352
v -0.07939921 0.26037139 -0.02053856
v -0.08158483 0.25878221 -0.02032294
v -0.08379771 0.26313162 -0.02418050
v 0.03823664 0.33755216 -0.10731830
v 0.03795072 0.35139704 -0.10515057
v -0.07860826 0.32689971 -0.04274680
v -0.07982007 0.31815594 -0.02700941
v -0.08028649 0.33400574 -0.03171128
v -0.08209563 0.30464607 -0.02546151
v -0.08228011 0.30220094 -0.02708963
v -0.08744104 0.30313921 -0.03023101
v -0.07720776 0.30941522 -0.01106086
v -0.07736761 0.30698356 -0.01462620
v -0.07780359 0.30787370 -0.01273485
v -0.08752988 0.27925089 -0.03211395
v 0.03952487 0.31376982 0.06899135
v 0.03592272 0.31220329 0.06605594
v 0.04783519 0.35305747 -0.09666359
v 0.04684559 0.36208260 -0.09424087
v 0.03856739 0.36358908 -0.10065574
v 0.03585422 0.22403198 -0.05731618
v 0.02616031 0.21327704 -0.06489529
v -0.07448562 0.29150051 -0.00474075
v -0.07601430 0.29197347 -0.00730841
v 0.02037823 0.31135735 0.07366562
v -0.07744879 0.26674166 -0.02251059
v 0.02209141 0.31272158 0.07402188
v -0.07912964 0.26841256 -0.01403529
v -0.08135001 0.26884708 -0.01612065
v -0.08777812 0.30564281 -0.01863203
v -0.08485562 0.30384776 -0.01611104
v 0.01924375 0.31014630 0.07341629
v 0.01860746 0.30993789 0.07359199
v 0.01966725 0.31138313 0.07373258
v 0.02110873 0.31283197 0.07402621
v 0.02403769 0.31394506 0.07448138
v 0.02331469 0.31423989 0.07484750
v 0.02672432 0.31578326 0.07586261
v 0.02682543 0.31509268 0.07554030
v 0.03406191 0.31578368 0.07530510
v 0.03410176 0.31666806 0.07568733
v 0.02624349 0.31647390 0.07521654
v 0.02274821 0.31463522 0.07428361
v 0.02573273 0.31716838 0.07446333
v 0.02260968 0.31551313 0.07387540
v 0.03392152 0.31838015 0.07438646
v 0.03411524 0.31765914 0.07512382
v 0.02192489 0.30795291 0.07384972
v 0.01970745 0.30817270 0.07368040
v 0.02241118 0.30831945 0.07360885
v 0.02001634 0.30852598 0.07333460
v 0.02353777 0.30864581 0.07252039
v 0.01938394 0.30898494 0.07325094
v 0.01856262 0.30870476 0.07352245
v -0.00970632 0.17384735 0.04306296
v -0.00950138 0.16656914 0.03926022
v 0.02436389 0.30879721 0.07200990
v 0.01896501 0.31138775 0.07342933
v 0.01773091 0.30973515 0.07361695
v 0.01779736 0.31177193 0.07268362
v 0.01699356 0.30984274 0.07323290
v 0.02001444 0.31404772 0.07299160
v 0.02038728 0.31302658 0.07340619
v 0.01760102 0.30848888 0.07352795
v 0.01816999 0.30797547 0.07363984
v 0.01696476 0.30837026 0.07353199
v 0.01753282 0.30770585 0.07364944
v 0.02468775 0.30516434 0.07523871
v 0.02455096 0.30437297 0.07525152
v 0.02136071 0.30639443 0.07452958
v 0.02080740 0.30585283 0.07448529
v 0.03314501 0.30153012 0.07464448
v 0.03627528 0.30160174 0.07349112
v 0.03276027 0.30033442 0.07463055
v -0.00769117 0.28175098 0.09767380
v -0.00917848 0.28156221 0.09617894
v -0.00789718 0.28343463 0.09508093
v -0.00723636 0.28344950 0.09582355
v 0.03604130 0.30029079 0.07345791
v 0.02771098 0.30082792 0.07540438
v 0.02823385 0.30186617 0.07532018
v 0.03177706 0.16889226 0.02449439
v 0.04666060 0.30337429 0.06582771
v 0.04771317 0.30217239 0.06523479
v 0.04602638 0.30144957 0.06707665
v 0.04519321 0.30286542 0.06733605
v 0.04332485 0.30244440 0.06899094
v -0.00822935 0.27255425 0.09657431
v -0.00749390 0.27411669 0.09540075
v -0.00847394 0.27381277 0.09443705
v -0.00934039 0.27251565 0.09565001
v 0.04396831 0.30095741 0.06890900
v 0.04160928 0.30060112 0.07069365
v 0.04146601 0.30205011 0.07074208
v 0.03950398 0.30179417 0.07204884
v 0.03922775 0.30027604 0.07210280
v 0.04956086 0.30689180 0.06254466
v 0.05084817 0.31010208 0.06218942
v 0.05131751 0.30634403 0.06100551
v 0.05305482 0.30981421 0.06004905
v 0.01619692 0.31261843 0.07283427
v -0.00482989 0.28306466 0.09500743
v -0.00337329 0.28052303 0.09769402
v -0.00492994 0.28148887 0.09912423
v -0.00593720 0.28362638 0.09573963
v 0.01576785 0.31017929 0.07292047
v 0.01442086 0.31339028 0.07396819
v 0.01411237 0.31049311 0.07373569
v 0.01572245 0.31644601 0.07489906
v 0.01768590 0.31548414 0.07347868
v 0.01608125 0.30824399 0.07345890
v 0.01680344 0.30737612 0.07365249
v 0.01479830 0.30817851 0.07374209
v 0.01581668 0.30676380 0.07391229
v 0.02394943 0.30348012 0.07527516
v 0.02340105 0.30251962 0.07531859
v 0.02022275 0.30522370 0.07456248
v 0.01931609 0.30441064 0.07473934
v 0.04968835 0.26922998 -0.07845346
v 0.05193520 0.31073016 -0.09422050
v 0.04687654 0.32333720 0.07218130
v 0.04479346 0.32039487 0.07299868
v 0.04123706 0.32158110 0.07529037
v 0.04302624 0.32526821 0.07529167
v 0.04953462 0.32729515 0.06990975
v 0.05182451 0.32369471 0.06723116
v 0.04942083 0.32094353 0.06934762
v 0.04723326 0.31870595 0.07066695
v 0.05144878 0.31298709 0.06312972
v 0.04942266 0.31296653 0.06486141
v 0.04942708 0.31480297 0.06629724
v 0.05122983 0.31547418 0.06485543
v 0.05378367 0.31299207 0.06109731
v 0.05381400 0.31631061 0.06285063
v 0.05050740 0.31802440 0.06710795
v 0.04840431 0.31673768 0.06835393
v 0.05307543 0.31970417 0.06518491
v 0.02379785 0.32101581 0.07691729
v 0.02450878 0.31926161 0.07552809
v 0.02123797 0.31742492 0.07436416
v 0.01989518 0.31829897 0.07492884
v 0.02248829 0.32277116 0.07829475
v 0.01767803 0.31940961 0.07622279
v 0.03655434 0.32581127 0.07806487
v 0.03572982 0.32244802 0.07689361
v 0.02547070 0.31760198 0.07411808
v 0.02333126 0.31652653 0.07390717
v 0.02529183 0.31780735 0.07409170
v 0.02267712 0.31638381 0.07369184
v 0.05576639 0.37472060 -0.07684001
v 0.05872445 0.38152209 -0.06454862
v 0.04318267 0.39336917 -0.07253047
v 0.04153307 0.38442141 -0.08455762
v 0.04114372 0.31683886 0.07194203
v 0.04172550 0.31722823 0.07229748
v 0.04430221 0.31595185 0.07086723
v 0.04373106 0.31551236 0.07070004
v 0.04550137 0.31437409 0.06923162
v 0.04620257 0.31483734 0.06925745
v 0.04718702 0.31371641 0.06751574
v 0.04649341 0.31338677 0.06776609
v 0.04720204 0.31262565 0.06657495
v 0.04782958 0.31258851 0.06607716
v 0.02302635 0.31728536 0.07417728
v 0.02524445 0.31813943 0.07454821
v 0.04976345 0.34104723 -0.09763820
v 0.04497689 0.36341199 0.05846748
v 0.05182225 0.35943544 0.05208201
v 0.04957170 0.35320410 0.05831948
v 0.04290354 0.31812975 0.07305371
v 0.04554740 0.31684488 0.07114927
v 0.04726154 0.31558114 0.06907284
v 0.04804318 0.31435573 0.06719651
v 0.04847430 0.31335300 0.06601870
v 0.07116601 0.27263108 0.00198088
v 0.07166794 0.27250499 0.00018283
v 0.07905729 0.28168023 -0.02607207
v 0.07720198 0.28846085 -0.02546122
v 0.07604548 0.29200941 -0.02437974
v 0.07747149 0.30105060 -0.01133923
v 0.08090810 0.30403772 -0.01444327
v 0.08275143 0.26321632 -0.01845482
v 0.07956824 0.26162162 -0.01448719
v -0.08770981 0.30886924 -0.01958208
v 0.08268064 0.26407158 -0.01900192
v 0.08792053 0.29978418 -0.02500657
v 0.08814432 0.29806161 -0.02633299
v 0.08913242 0.29778376 -0.02596848
v 0.04177897 0.24937196 -0.06643087
v 0.04748683 0.26040125 -0.07386000
v 0.08852714 0.29595700 -0.02754530
v 0.07372531 0.27699953 -0.00261164
v 0.08029032 0.28098384 -0.02634788
v 0.08199220 0.28020656 -0.02817442
v 0.08279686 0.27487826 -0.02808327
v 0.08209022 0.27556652 -0.02716618
v 0.08210529 0.27004477 -0.02580637
v 0.08159029 0.27100146 -0.02523279
v 0.08424918 0.26657370 -0.02171454
v 0.08569451 0.27018484 -0.02419134
v 0.08219858 0.30440998 -0.01574223
v 0.08163490 0.30355507 -0.01431466
v 0.08308244 0.30423734 -0.01597836
v 0.07447650 0.27568743 -0.00393604
v 0.07559850 0.29915062 -0.01107842
v 0.07527734 0.29683024 -0.00982677
v 0.07490522 0.29722288 -0.01029788
v 0.07063483 0.28058720 -0.00759058
v 0.07064314 0.28147611 -0.00786646
v 0.07200885 0.27900428 -0.00741591
v 0.07459814 0.27757874 -0.00598292
v 0.06767883 0.27016249 -0.00580941
v 0.06709880 0.26886499 -0.00767363
v 0.06760620 0.26794082 -0.00699854
v 0.08511047 0.31047389 -0.02000709
v 0.07546040 0.29585245 -0.00948432
v 0.07683570 0.29695037 -0.00964243
v 0.07718705 0.29825747 -0.00989139
v 0.08398421 0.30373910 -0.01621636
v 0.07748102 0.29921010 -0.01021166
v 0.07658790 0.29915276 -0.01027205
v 0.07824082 0.30080470 -0.01118204
v 0.07597224 0.29916981 -0.01057895
v 0.07354989 0.27331910 -0.02017826
v 0.07248670 0.27316171 -0.01799389
v 0.07269330 0.29367056 0.00019417
v 0.07341887 0.29119873 -0.00198273
v 0.07860605 0.26117438 -0.01225379
v 0.07585089 0.29888332 -0.02069644
v 0.07615235 0.30172089 -0.02229026
v 0.08699107 0.27463648 -0.02618632
v 0.08051606 0.26960298 -0.01568734
v 0.07829795 0.26908994 -0.01380282
v 0.08251576 0.27060562 -0.01754736
v 0.08361979 0.27314469 -0.01942967
v 0.07154606 0.28942156 -0.01416425
v 0.08266200 0.29345733 -0.01930737
v 0.08328728 0.29112729 -0.02046855
v 0.08105364 0.29366314 -0.01777341
v 0.07693960 0.30547521 -0.02058213
v 0.07674368 0.30554011 -0.01821946
v 0.07663537 0.30028600 -0.01881872
v 0.07630568 0.30370992 -0.01753214
v 0.06958515 0.27359292 -0.00624686
v 0.06956720 0.26737189 -0.00932790
v 0.06895152 0.26934120 -0.01033969
v 0.07066371 0.26734826 -0.01025243
v 0.07038202 0.26832864 -0.01175171
v 0.07079854 0.26973802 -0.01346691
v 0.07135206 0.27152523 -0.01492785
v 0.07158265 0.27387622 -0.01541749
v 0.06945981 0.27755669 -0.00710556
v 0.07700466 0.30555475 -0.00785330
v 0.06896231 0.27573818 -0.00681552
v 0.07094757 0.27917850 -0.00733906
v 0.07108781 0.27739254 -0.00690996
v 0.07075368 0.27547804 -0.00638928
v 0.07541308 0.26672807 -0.00747336
v 0.07617469 0.26824316 -0.00984132
v 0.07377639 0.26744321 -0.00674568
v 0.07687251 0.26857224 -0.01199079
v 0.07259479 0.26762024 -0.00633324
v 0.07633722 0.30015534 -0.01956356
v 0.07630020 0.30353591 -0.01958087
v 0.07143711 0.27620187 0.00374143
v 0.06410359 0.28626224 0.05175036
v 0.06542745 0.29557624 0.04591401
v 0.02635559 0.23673946 0.07305951
v 0.02557228 0.23364168 0.07356118
v 0.05704332 0.27550787 0.06532378
v 0.05259954 0.27319080 0.07071041
v 0.02549949 0.24261375 0.08471852
v 0.02468736 0.24185853 0.08487591
v 0.02378051 0.24242204 0.08504603
v 0.02459102 0.24278133 0.08470456
v 0.02240153 0.24292845 0.08332756
v 0.02324717 0.24285252 0.08261348
v 0.02341766 0.24289101 0.08352115
v 0.02265904 0.24295148 0.08420745
v 0.02884090 0.25859234 0.08599366
v 0.03242515 0.26265347 0.08443797
v 0.03541991 0.25809067 0.08325907
v 0.03189407 0.25466123 0.08501593
v 0.02482495 0.24143335 0.07530768
v 0.02451572 0.24304694 0.07571983
v 0.02351361 0.24299173 0.07962686
v 0.02385832 0.24233571 0.07922153
v 0.02490276 0.23887882 0.07550038
v 0.02378676 0.24107018 0.07884077
v 0.02640416 0.24068150 0.07285184
v 0.02574806 0.24319749 0.07312920
v 0.03432383 0.23626071 0.08103858
v 0.03058626 0.23839717 0.08264438
v 0.03161723 0.24157536 0.08306495
v 0.03540569 0.24091239 0.08141843
v 0.02546616 0.27017060 0.08516649
v 0.02921725 0.26639992 0.08493205
v 0.02607673 0.26234367 0.08618911
v 0.02220841 0.26656827 0.08619432
v 0.01827707 0.27139324 0.08681826
v 0.02135877 0.27412164 0.08545341
v 0.01661973 0.27925521 0.09028298
v 0.01700645 0.27565050 0.09157430
v 0.01651389 0.27491871 0.09492979
v 0.01681761 0.27698302 0.09367040
v 0.01480605 0.27095124 0.09339750
v 0.01701903 0.27337009 0.09014782
v 0.01109318 0.26984060 0.09383145
v -0.01143367 0.27232420 0.09625588
v -0.01046190 0.27411288 0.09500888
v -0.01112310 0.27465451 0.09686915
v -0.01271321 0.27323353 0.09796201
v 0.01078152 0.27062020 0.09481768
v 0.01491621 0.27024963 0.09190114
v -0.00449644 0.27348480 0.10454477
v -0.00552270 0.27560592 0.10463394
v -0.00444162 0.27473265 0.10229009
v -0.00457470 0.27272543 0.10198504
v 0.01510677 0.26929155 0.09003960
v 0.01141807 0.26904234 0.09267272
v 0.01021810 0.27163896 0.09574597
v 0.01292783 0.27150357 0.09586525
v -0.00720321 0.27606657 0.10397518
v -0.00901607 0.27572417 0.10576744
v -0.01058835 0.27559713 0.10407238
v -0.00848347 0.27585563 0.10246280
v -0.00391293 0.27687302 0.09723587
v -0.00531919 0.27498400 0.09871953
v -0.00333501 0.27717233 0.10083447
v -0.01138616 0.27692449 0.09491046
v -0.01007594 0.27583751 0.09350006
v -0.00893692 0.27961919 0.09282361
v -0.01018005 0.28044069 0.09369962
v 0.01445947 0.27344638 0.09732162
v 0.00444750 0.27234671 0.10430093
v 0.00558471 0.27374852 0.10627334
v 0.00948009 0.30280396 0.08845053
v 0.01226166 0.29917648 0.08552442
v 0.00947011 0.30028093 0.09075346
v 0.01215598 0.29703188 0.08780608
v 0.01385226 0.27568045 0.10097110
v 0.01499293 0.27748534 0.09925362
v 0.01152617 0.27699444 0.10473477
v 0.01243192 0.27959454 0.10415310
v 0.00406870 0.31772050 0.08723905
v 0.00233082 0.26884660 0.10010262
v 0.00255909 0.26806501 0.09956542
v 0.00204177 0.26990324 0.10200933
v 0.02134205 0.37587988 -0.10386402
v 0.02210031 0.38988018 -0.09310258
v 0.02176638 0.40638500 -0.06999568
v 0.01946127 0.41148731 -0.05727872
v 0.00587527 0.25170130 0.10008590
v 0.00536492 0.25430977 0.10004552
v 0.01316877 0.24694248 0.08329051
v 0.00748512 0.24731205 0.08487163
v 0.00725658 0.24551412 0.08950952
v 0.01255395 0.24534692 0.08817213
v 0.01657243 0.24509555 0.08604336
v 0.01731667 0.24654634 0.08124804
v 0.01328563 0.24821192 0.08070257
v 0.00756244 0.24857891 0.08212925
v 0.01214004 0.24450256 0.09260510
v 0.00687592 0.24486037 0.09477516
v 0.00669978 0.24665280 0.09747040
v 0.01216859 0.24606203 0.09479460
v 0.01798709 0.26468042 0.08877956
v 0.01380005 0.26547691 0.09116573
v 0.00976101 0.26580891 0.09463001
v 0.00668475 0.26576886 0.09724546
v 0.00607299 0.26784536 0.09763804
v 0.00855206 0.26843336 0.09538408
v 0.00585387 0.26873493 0.09807304
v 0.00829369 0.26928341 0.09604026
v 0.00825898 0.27016672 0.09665134
v 0.00870028 0.27159831 0.09693370
v 0.00689824 0.27145618 0.09821313
v 0.00731315 0.27264938 0.09777748
v 0.00584529 0.26964942 0.09841225
v 0.00424069 0.29523072 0.10342094
v 0.00406115 0.29876083 0.10053678
v 0.00993503 0.25584921 0.09798746
v 0.00510505 0.25638810 0.09934107
v 0.00433384 0.26032913 0.09868539
v 0.00868946 0.26024392 0.09723727
v 0.01316023 0.25935867 0.09485207
v 0.01488330 0.25401428 0.09538663
v 0.00287758 0.26723194 0.09915009
v 0.01028916 0.25358149 0.09825981
v 0.01086655 0.25106508 0.09804831
v 0.01564074 0.25158158 0.09546620
v 0.01595590 0.24928974 0.09506413
v 0.01971396 0.25132528 0.09217715
v 0.01846940 0.25728655 0.09200732
v 0.02432717 0.25509652 0.08865041
v 0.02383902 0.24835913 0.08894748
v 0.03151139 0.24481447 0.08392787
v 0.02659052 0.24233705 0.08454740
v 0.02686969 0.24367920 0.08499999
v 0.02657170 0.24495769 0.08588020
v 0.03077974 0.24802345 0.08508628
v 0.03519679 0.24560241 0.08244999
v 0.03402169 0.25028089 0.08370570
v 0.02872283 0.25133920 0.08660237
v 0.02577412 0.24643111 0.08703382
v 0.02565969 0.24342997 0.08520204
v 0.02468952 0.24317864 0.08500226
v 0.02542833 0.24421431 0.08599836
v 0.02445129 0.24360292 0.08569833
v 0.02484386 0.24499355 0.08704925
v 0.02398242 0.24402151 0.08656549
v 0.02299827 0.24477138 0.08789545
v 0.02357266 0.24627331 0.08860087
v 0.02257133 0.24317889 0.08350462
v 0.02159518 0.24331753 0.08458064
v 0.02170329 0.24334757 0.08588599
v 0.02262891 0.24315304 0.08471631
v 0.02319506 0.24303494 0.08282158
v 0.02315182 0.24304733 0.08404462
v 0.02299880 0.24358188 0.08040231
v 0.02204979 0.24389309 0.08120894
v -0.04719840 0.20143417 0.01774524
v -0.05456082 0.20387253 0.00367960
v 0.02368798 0.24281791 0.08210937
v 0.02374847 0.24291556 0.08315271
v 0.02376867 0.24297619 0.08453662
v 0.02365787 0.24321720 0.08499274
v 0.02317598 0.24343920 0.08574639
v 0.02228600 0.24378280 0.08687629
v 0.01601530 0.24722807 0.09396050
v 0.01960556 0.24712920 0.09169882
v 0.01935051 0.24540800 0.09037188
v 0.01591951 0.24507608 0.09200416
v 0.01896705 0.24414539 0.08885934
v 0.01781379 0.24761987 0.07881463
v 0.01566738 0.24405894 0.09020146
v 0.02113816 0.24542238 0.07877494
v 0.02210109 0.24641351 0.07627471
v 0.02024020 0.24446614 0.08309256
v 0.02393938 0.24418603 0.07663806
v 0.02302190 0.24439186 0.07716921
v 0.02484115 0.24501935 0.07415429
v 0.02370574 0.24560849 0.07509355
v 0.01892798 0.24354026 0.08706757
v 0.01987594 0.24900363 0.09216699
v 0.01143751 0.24854788 0.09680613
v 0.00622592 0.24926089 0.09902775
v -0.03402892 0.29411861 0.07592458
v -0.03335001 0.29138777 0.07721970
v -0.02918405 0.29256338 0.07787210
v -0.03007453 0.29497916 0.07679224
v 0.00495215 0.28781235 0.11007091
v 0.00463849 0.29178560 0.10655628
v 0.02309722 0.24281409 0.08496939
v 0.01030646 0.16084522 0.03593256
v -0.07477443 0.27781105 -0.00467760
v -0.07424615 0.27869636 -0.00353538
v -0.08233768 0.29939100 -0.02866102
v 0.02606414 0.24112953 0.08452670
v 0.02432868 0.23650350 0.07566357
v 0.02309128 0.24007769 0.07926182
v 0.03145419 0.23179437 0.08155554
v 0.02691909 0.22766680 0.08407709
v 0.02475660 0.23181522 0.08566003
v 0.02848565 0.23509377 0.08324735
v 0.02199358 0.23791248 0.08782440
v 0.02457310 0.23968410 0.08563566
v -0.08688569 0.30261272 -0.02375675
v 0.02334201 0.24099380 0.08623255
v 0.02091122 0.23999210 0.08840531
v 0.02006191 0.24159501 0.08875880
v 0.02240169 0.24203303 0.08631735
v 0.01802088 0.24326688 0.08726991
v 0.01365686 0.24374449 0.09006020
v 0.01333383 0.24004045 0.08539537
v 0.01801173 0.23961899 0.08301090
v 0.02197889 0.23970966 0.08047029
v 0.02143509 0.24303116 0.08424249
v -0.08198218 0.30649233 -0.02333809
v -0.08105973 0.30866042 -0.01866719
v -0.07963990 0.30735463 -0.01760976
v -0.08063412 0.30479723 -0.02156669
v 0.01862535 0.24332340 0.08808444
v 0.02162705 0.24303526 0.08520530
v 0.01422576 0.24388102 0.09121972
v 0.02075567 0.16392896 0.03140960
v 0.02191382 0.24278234 0.08600143
v 0.01908941 0.24289794 0.08844133
v 0.01503347 0.24312258 0.09192778
v 0.01599610 0.24122958 0.09246891
v 0.01682393 0.23896833 0.09257715
v 0.01759800 0.23613572 0.09179409
v 0.01912826 0.22898358 0.08927509
v 0.02065277 0.22380076 0.08818072
v 0.01309321 0.22726066 0.09226064
v 0.01403963 0.22212093 0.09204825
v 0.01235835 0.23488733 0.09536596
v 0.01180677 0.23836888 0.09667721
v 0.01130021 0.24108522 0.09615931
v 0.01068394 0.24325959 0.09515744
v 0.00338934 0.26549900 0.09869225
v 0.00569365 0.27137405 0.09955031
v 0.00460855 0.27157828 0.10184366
v 0.00772040 0.27521768 0.10705956
v 0.00198559 0.27076420 0.10426747
v 0.01012477 0.27686113 0.10651160
v 0.00855407 0.27633286 0.10800250
v 0.00919863 0.27805108 0.10885263
v 0.01033303 0.27866897 0.10753204
v 0.00715929 0.27572882 0.10928936
v 0.00836701 0.27785838 0.10990588
v 0.00319409 0.27469495 0.11107948
v 0.00402711 0.27830672 0.11302329
v 0.00485458 0.28411347 0.11238430
v 0.00436651 0.28062001 0.11333763
v 0.00961062 0.27978566 0.10926259
v 0.01090712 0.28163537 0.10737241
v -0.08984146 0.30273286 -0.02409634
v 0.01106222 0.28464603 0.10494242
v 0.01291391 0.28221634 0.10143935
v 0.01047213 0.41761804 -0.01223009
v 0.00993863 0.24429616 0.09414955
v 0.00900188 0.24419163 0.09226567
v -0.07325955 0.26509356 -0.00467031
v -0.08169027 0.29167399 -0.01871472
v 0.01297840 0.22970134 0.07899519
v 0.01318782 0.23411395 0.08127939
v 0.00842180 0.23403136 0.08277171
v -0.08031757 0.30920964 -0.01610658
v -0.08369685 0.31077150 -0.01688152
v 0.00823356 0.22980247 0.08063590
v 0.00500269 0.24424899 0.09313010
v -0.08777606 0.27950743 -0.02737212
v -0.09033288 0.30117184 -0.02603496
v -0.08859345 0.29977033 -0.02479481
v -0.08166105 0.30165645 -0.01013791
v -0.07540979 0.27367723 -0.02156082
v -0.08195119 0.27380750 -0.01942268
v -0.08052000 0.27132848 -0.01777412
v -0.07483679 0.27189022 -0.02047961
v -0.07051986 0.28720441 -0.01557665
v 0.00467695 0.24032456 0.08794083
v 0.00858097 0.24030662 0.08717870
v 0.00527950 0.24446917 0.09542321
v 0.00576793 0.24329902 0.09679979
v 0.00631454 0.24107042 0.09817214
v 0.00448097 0.23389639 0.08351441
v 0.00445882 0.22954521 0.08134672
v -0.07025515 0.27001533 0.00380664
v 0.02269204 0.23504166 0.07678184
v -0.07826800 0.25887159 -0.01096926
v -0.07924186 0.25982445 -0.01337169
v -0.03040453 0.24785742 -0.07686967
v -0.03448116 0.25764030 -0.08381237
v -0.08962262 0.27917334 -0.03065265
v 0.02324428 0.23127332 0.07481565
v 0.01814636 0.23399451 0.07931384
v 0.01841549 0.23012225 0.07723068
v 0.00739330 0.22164777 0.09488457
v 0.00684453 0.22667287 0.09434821
v 0.00651311 0.23782422 0.09859503
v 0.00692073 0.23397468 0.09713952
v 0.02230093 0.39937365 -0.08213649
v 0.06310750 0.36456460 0.02850442
v 0.06110480 0.35781461 0.03674413
v -0.08244556 0.30462581 -0.01770597
v 0.05444057 0.36580369 0.04324023
v 0.05638370 0.37114385 0.03564298
v 0.06346546 0.37184900 0.01981121
v 0.05702540 0.37745813 0.02761060
v 0.03953706 0.40731880 -0.03173802
v 0.04011331 0.40725777 -0.01728429
v 0.02154446 0.41499445 -0.01352359
v 0.03484999 0.40800661 -0.04623396
v 0.04666712 0.39871454 -0.05513252
v 0.04861423 0.40107560 -0.03526934
v 0.04850222 0.40135959 -0.01981026
v -0.07500358 0.26466486 -0.00603093
v -0.07437851 0.25896811 -0.00507565
v -0.07308850 0.25947431 -0.00304384
v -0.07679939 0.29507279 -0.01529524
v 0.02587348 0.20011579 -0.06563608
v 0.05153286 0.32348579 -0.09647193
v 0.04716955 0.40101904 -0.00588821
v 0.03942551 0.40609878 -0.00324251
v 0.03918705 0.40388066 0.00952475
v 0.04605018 0.39948940 0.00603794
v 0.02194940 0.41348693 0.00143741
v 0.01084274 0.41598445 0.00341476
v 0.01887003 0.28503036 -0.10654377
v 0.00393158 0.30213690 0.09777629
v 0.04647029 0.23649929 -0.04832206
v 0.05724358 0.23536290 -0.03085979
v 0.05668117 0.18496630 -0.00903522
v 0.06956119 0.25862044 -0.01274290
v 0.06924806 0.25923708 -0.01357552
v 0.05940567 0.22131516 -0.01226263
v 0.06102601 0.23476841 -0.01346286
v 0.03727810 0.23679815 -0.05990818
v 0.07865151 0.26960105 -0.02402180
v 0.07905028 0.27331790 -0.02534726
v 0.07989915 0.26867670 -0.02365637
v 0.08041326 0.27257556 -0.02528811
v 0.08055825 0.27677634 -0.02615395
v 0.08044580 0.26690394 -0.02281171
v 0.07705644 0.30555224 -0.01558272
v 0.07838738 0.30715635 -0.01486898
v -0.07678564 0.26790676 -0.02274790
v -0.07682737 0.27019635 -0.02394580
v 0.06906690 0.25712824 -0.00848434
v 0.06890526 0.25773552 -0.01015383
v -0.06115412 0.28007105 -0.01121613
v 0.06841350 0.25744170 -0.00926165
v 0.06820137 0.25698334 -0.00796940
v 0.06873588 0.25630030 -0.00688475
v 0.06804895 0.25647479 -0.00677912
v 0.07934990 0.32179987 -0.00971255
v 0.06665049 0.25684807 -0.01036751
v 0.06855887 0.25883251 -0.01297120
v 0.06857984 0.25816581 -0.01146636
v 0.06781939 0.25750342 -0.01005503
v 0.06736989 0.25650865 -0.00805472
v 0.06732181 0.25569844 -0.00631736
v 0.06822214 0.25512776 -0.00583066
v -0.07869657 0.26202527 -0.01993690
v -0.07493959 0.25705954 -0.01407346
v -0.05829806 0.20710461 -0.01017818
v -0.05608232 0.20965901 -0.02535289
v -0.05631192 0.19846910 -0.02329964
v -0.05730214 0.19479387 -0.00906382
v -0.07193092 0.28400257 0.00206147
v -0.07228309 0.27660316 -0.00016439
v -0.07155316 0.27555370 0.00175200
v 0.08070680 0.26573566 -0.02321854
v 0.07339180 0.25565147 -0.01133917
v -0.02351803 0.18291175 0.03855234
v -0.02042120 0.17078854 0.03432223
v 0.07765462 0.29760891 -0.02141081
v 0.07772037 0.29582316 -0.02275102
v 0.07999016 0.29735035 -0.02443682
v 0.07980613 0.29960707 -0.02310433
v 0.05965801 0.27145430 -0.06568052
v 0.06089814 0.28237465 -0.07130007
v 0.01294164 0.20304795 -0.07019975
v 0.01275719 0.21556504 -0.07072060
v 0.07444859 0.31629041 -0.05767610
v 0.07756880 0.29929933 -0.01998650
v 0.07977445 0.30140537 -0.02168856
v 0.07937597 0.27746010 -0.02608433
v 0.07663614 0.29871228 -0.01994852
v 0.07677650 0.29702440 -0.02132821
v 0.08085213 0.30299720 -0.02337038
v 0.08098628 0.30079690 -0.02495842
v 0.08103674 0.29835367 -0.02637624
v 0.07680131 0.29515433 -0.02264804
v -0.07040146 0.27077574 0.00774119
v -0.07032929 0.27051908 0.01858178
v -0.07198802 0.28629491 0.01791419
v -0.07123371 0.28054890 0.00788637
v 0.07689609 0.30392557 -0.02241087
v 0.07904319 0.34765819 -0.03519088
v 0.07728823 0.34095407 -0.04890574
v 0.07470061 0.36408412 -0.03953999
v 0.07307559 0.35826162 -0.05443298
v 0.06836008 0.35144940 -0.07026190
v 0.07249761 0.33273500 -0.06475710
v 0.07673959 0.30539414 -0.01682331
v 0.07920668 0.30809340 -0.01542367
v 0.06331928 0.37745839 0.01149386
v 0.06842005 0.37172443 0.00453849
v 0.05685678 0.38276300 0.02008848
v 0.05615865 0.38741711 0.01294102
v 0.06196472 0.38283268 0.00407207
v 0.06931657 0.37515390 -0.00758207
v 0.08050922 0.33966631 -0.01973344
v 0.07827625 0.35391206 -0.02135344
v 0.07562940 0.35878038 -0.00805967
v -0.05926856 0.31908962 0.05256016
v -0.06106048 0.31957728 0.04800988
v -0.06171104 0.31001478 0.04853326
v -0.05940552 0.31137872 0.05228550
v 0.07333177 0.36983564 -0.02446149
v 0.06457920 0.38398117 -0.01458837
v 0.06817492 0.37961605 -0.02884043
v 0.05782483 0.39263114 -0.01891532
v 0.05996489 0.39019406 -0.03344878
v 0.05977166 0.38733554 -0.04951974
v 0.06943289 0.37518701 -0.04372424
v 0.05978760 0.38788348 -0.00251559
v 0.05420629 0.39168867 0.00715872
v 0.05485785 0.39428112 -0.00630013
v 0.05181204 0.39539659 0.00238736
v 0.07388496 0.36091426 -0.00100716
v 0.06331220 0.25107223 -0.00575047
v 0.06504259 0.25074351 -0.00056204
v -0.02016454 0.37851650 0.06688436
v -0.00962343 0.37916026 0.06923268
v -0.01004080 0.38705221 0.06270985
v -0.02069661 0.38601837 0.06017222
v 0.06938621 0.26195121 0.00649654
v -0.03604978 0.26603481 -0.08828674
v -0.03701933 0.27670723 -0.09305020
v -0.01808411 0.27278981 -0.10068594
v -0.01739085 0.26312727 -0.09527584
v 0.06833373 0.28839332 0.03964930
v 0.06831931 0.30090511 0.03654416
v 0.07120232 0.29270130 0.02667968
v 0.06994936 0.27778071 0.02899984
v -0.02103828 0.40342128 0.03714445
v -0.01030882 0.40524447 0.03991156
v -0.01041866 0.40987200 0.02943133
v -0.02128959 0.40771872 0.02694093
v -0.05249123 0.29151824 0.06663991
v -0.05462525 0.28527692 0.06694047
v -0.05087319 0.28489521 0.07063358
v -0.04914010 0.29108998 0.06959704
v 0.06697167 0.31452093 0.03414245
v 0.07048927 0.30688274 0.02450561
v 0.07052441 0.32094499 0.02163942
v 0.06671417 0.32923102 0.03263404
v 0.05983261 0.34517625 -0.08570583
v 0.06278712 0.32841310 -0.08329623
v -0.07432762 0.25460181 -0.00211403
v -0.07333975 0.25547242 -0.00081428
v 0.06347238 0.31573349 -0.08045975
v 0.04790699 0.34736949 0.06285056
v -0.01047460 0.41341582 0.01709173
v -0.02148668 0.41103455 0.01499556
v 0.02103153 0.36599639 -0.11015361
v 0.04720131 0.37070033 0.05043804
v 0.05186506 0.36628574 -0.08730407
v -0.00010212 0.21637085 -0.07211318
v 0.03967148 0.37224108 -0.09542538
v 0.06806107 0.36969578 -0.05839580
v 0.06435879 0.36360872 -0.07161231
v 0.05655596 0.35638571 -0.08659247
v 0.06239624 0.29999965 -0.07720810
v 0.04698047 0.39635375 0.01401175
v 0.05611926 0.31293908 0.05808739
v 0.05533363 0.30845717 0.05741722
v 0.05615095 0.31791016 0.05943089
v 0.05366151 0.30380344 0.05919616
v 0.01569063 0.29601163 0.08323575
v 0.01524187 0.29403219 0.08528269
v 0.01488899 0.29151630 0.08731855
v 0.01847900 0.29129294 0.08320224
v 0.01793238 0.28830564 0.08514801
v 0.01167876 0.29198858 0.09258934
v 0.01203723 0.29455373 0.09006959
v 0.01435472 0.28903159 0.08938929
v 0.01382002 0.28585109 0.09132936
v 0.01164013 0.28891525 0.09496801
v 0.01769621 0.27306321 0.08800481
v 0.01892664 0.27779850 0.08629998
v 0.01638767 0.28216732 0.08818780
v 0.02171922 0.28537703 0.08390186
v 0.02056887 0.28193843 0.08531964
v 0.01732476 0.28556424 0.08679079
v 0.02277506 0.28876731 0.08189961
v 0.01468745 0.28236717 0.09380025
v 0.01549095 0.27929860 0.09688480
v 0.01223204 0.28553233 0.09818445
v 0.01053775 0.28781047 0.10143720
v 0.00986479 0.29137298 0.09821965
v 0.01918170 0.29347751 0.08134791
v 0.02395996 0.29129267 0.08029696
v 0.02405358 0.27834111 0.08480418
v 0.02870787 0.27493510 0.08452160
v 0.02625705 0.28280711 0.08317002
v 0.03064042 0.28000006 0.08290385
v 0.02741471 0.28651094 0.08133645
v 0.03200239 0.28394294 0.08092228
v 0.03279475 0.27125713 0.08416861
v 0.03621313 0.26719406 0.08320615
v 0.03928098 0.26214340 0.08161195
v 0.03919282 0.27229708 0.08142860
v 0.04266327 0.26679313 0.07965288
v 0.04116355 0.27738628 0.07931149
v 0.04529664 0.27233666 0.07740091
v -0.01173214 0.30144826 0.08290391
v -0.01213342 0.30325544 0.08010940
v -0.01601182 0.30010834 0.07889292
v -0.01550482 0.29808572 0.08116359
v -0.00725628 0.35183457 0.08208776
v -0.00825798 0.35959706 0.07922841
v -0.01732003 0.35947481 0.07768522
v -0.01566544 0.35186541 0.08096024
v 0.03531767 0.27649888 0.08243252
v 0.03686261 0.28086892 0.08027771
v 0.03315871 0.28772703 0.07892536
v 0.02864609 0.28970230 0.07954062
v 0.04204883 0.28856522 0.07511772
v 0.04201631 0.28304952 0.07720603
v 0.03763572 0.28550455 0.07812782
v 0.03804548 0.29001203 0.07615703
v 0.04690379 0.27913275 0.07509653
v 0.04656764 0.28680632 0.07338808
v 0.04576036 0.29181615 0.07177832
v 0.03205309 0.29842818 0.07532024
v 0.02711386 0.29908770 0.07605122
v 0.03551661 0.29811126 0.07424708
v 0.04166520 0.29259399 0.07355072
v 0.03827031 0.29334521 0.07484209
v 0.04962348 0.29927206 0.06518758
v 0.04736429 0.29847574 0.06746873
v 0.04163841 0.29790857 0.07160795
v 0.03891320 0.29793233 0.07305531
v 0.04474577 0.29811767 0.06968679
v 0.02247257 0.30075508 0.07602120
v 0.01787843 0.30276448 0.07595074
v 0.05589901 0.22268264 -0.02791790
v 0.00964097 0.29470351 0.09584699
v 0.00953867 0.29757550 0.09326545
v 0.01489445 0.31982979 0.07829019
v 0.01296557 0.31683210 0.07729780
v 0.00714346 0.31745255 0.08448306
v 0.01907356 0.32387570 0.08076120
v 0.01460819 0.30516857 0.07592544
v -0.02072053 0.29761449 0.07783648
v -0.01964191 0.29563719 0.07942706
v 0.01292131 0.30770072 0.07597663
v 0.01192979 0.31044015 0.07621160
v 0.01183405 0.31364280 0.07660432
v -0.01012889 0.39388734 0.05606354
v -0.02095822 0.39273921 0.05322983
v -0.02077542 0.41472450 -0.03669584
v -0.02119710 0.41502854 -0.02794997
v -0.01001528 0.41779217 -0.02849800
v -0.01109168 0.41667196 -0.04129621
v 0.03002565 0.33859026 0.08097433
v 0.02680822 0.33199790 0.08323663
v 0.05793580 0.35153958 0.04621725
v 0.06143896 0.34270677 0.04305536
v 0.05035729 0.33264077 0.06646812
v 0.05345797 0.32814947 0.06376320
v 0.05541035 0.32301101 0.06135424
v 0.06304335 0.33089307 0.04108185
v 0.06380071 0.31829861 0.04135571
v 0.06514914 0.30646899 0.04292499
v -0.06870742 0.28328153 -0.05337934
v -0.07220763 0.28295615 -0.03761828
v -0.07461362 0.29496568 -0.03967076
v -0.07199877 0.29972455 -0.05695201
v 0.04912103 0.38259628 0.03604317
v -0.03436325 0.18967719 0.02987384
v -0.03173891 0.17711300 0.02608727
v -0.00002426 0.20481618 -0.07194552
v 0.04885527 0.38788384 0.02881490
v 0.04841336 0.37673479 0.04326439
v 0.03930148 0.40072921 0.01944656
v 0.03979422 0.39697915 0.02832102
v 0.04817667 0.39248121 0.02149274
v 0.04040352 0.39228272 0.03605268
v 0.04059336 0.38685384 0.04300541
v 0.04019900 0.38095564 0.05026538
v 0.03916140 0.37452269 0.05726745
v 0.03722457 0.36624888 0.06484399
v 0.04525369 0.22352943 -0.04508234
v 0.00763907 0.28353855 0.09428073
v 0.00694625 0.28370863 0.09500247
v -0.05273880 0.34179491 0.05891934
v -0.05486057 0.34694237 0.05410260
v -0.05804769 0.33950594 0.05080284
v -0.05570915 0.33531138 0.05598628
v 0.00655840 0.28315568 0.09371653
v 0.00586337 0.28329533 0.09441403
v 0.00561893 0.28190738 0.09400669
v 0.00672338 0.27453676 0.09680871
v 0.00520159 0.27641007 0.09544288
v 0.00498252 0.27989781 0.09423937
v 0.06804592 0.25534511 0.00475396
v -0.00559488 0.33919746 0.08612950
v -0.01306876 0.33921835 0.08557469
v -0.01116503 0.33288696 0.08643840
v -0.00486900 0.33269116 0.08707068
v -0.05912184 0.30405459 0.05318499
v -0.06187602 0.30099320 0.05057298
v -0.06085642 0.29310608 0.05573038
v -0.05789341 0.29724592 0.05728933
v -0.05499316 0.29273960 0.06345090
v -0.05742549 0.28681716 0.06331264
v -0.01895165 0.36883819 0.07335569
v -0.00902772 0.36930943 0.07537787
v -0.06008039 0.32999027 0.04852028
v -0.05789171 0.32741389 0.05383677
v -0.00889249 0.30471417 0.08539356
v -0.00955378 0.30603105 0.08181383
v -0.00697567 0.31066281 0.08404652
v -0.00344658 0.31061041 0.08985288
v -0.00330811 0.31458923 0.08827040
v -0.00641021 0.31430417 0.08458587
v -0.03376675 0.35100126 0.07407615
v -0.03567448 0.35805726 0.07021531
v -0.04331820 0.35618895 0.06475706
v -0.04151661 0.34965417 0.06891048
v -0.02099581 0.39833805 0.04571935
v -0.01025582 0.39990747 0.04862630
v -0.00384339 0.32424265 0.08689620
v -0.00824417 0.32426396 0.08538213
v -0.00725353 0.32057720 0.08446296
v -0.00373497 0.32080981 0.08677851
v -0.02450831 0.29386973 0.07862312
v -0.02554443 0.29605100 0.07748462
v -0.06598922 0.25449124 -0.00539178
v -0.06745633 0.25368688 -0.00482918
v -0.07283200 0.30182689 0.00414227
v -0.07148366 0.29119888 0.00647746
v -0.07194087 0.29970554 0.01626945
v -0.07215898 0.31254274 0.01324839
v -0.07489307 0.32384992 0.00916090
v -0.07721442 0.33275187 0.00300580
v -0.07725222 0.31666571 -0.00333423
v -0.07491411 0.31064957 0.00135759
v -0.04986021 0.20117453 -0.03605805
v -0.04836112 0.21097635 -0.03931540
v -0.00353444 0.30768636 0.09269172
v -0.00355976 0.30492589 0.09532346
v -0.02003786 0.31448206 -0.11610743
v -0.01949154 0.30148065 -0.11195157
v -0.03925594 0.30595344 -0.10398579
v -0.03880928 0.31882849 -0.10664813
v -0.06589688 0.27276856 -0.04895743
v -0.06957911 0.27445212 -0.03439489
v -0.00999103 0.27841622 0.09818819
v -0.00672367 0.28283685 0.09323317
v -0.00691886 0.27931756 0.09280932
v -0.00657064 0.28202146 0.09305166
v -0.00996174 0.27544701 0.10021713
v -0.01220302 0.27486750 0.10156570
v -0.00775003 0.27551076 0.09316012
v -0.00685453 0.27573189 0.09373057
v -0.00613465 0.27962193 0.09309950
v -0.00785685 0.28326494 0.09388518
v -0.00162022 0.27179226 0.10688147
v -0.00214285 0.27339157 0.10976513
v -0.00602152 0.27466065 0.10859875
v -0.00458285 0.27313793 0.10656749
v -0.00460055 0.28221166 0.09455977
v -0.00362318 0.27998695 0.09549300
v -0.00467824 0.27813023 0.10286155
v -0.00630599 0.28171909 0.09873135
v -0.00660054 0.28362882 0.09589966
v -0.00646912 0.27872574 0.10203155
v -0.00569545 0.27260780 0.09940499
v -0.00811335 0.27878600 0.10042647
v -0.07779386 0.26779160 -0.01217276
v -0.05709754 0.22137296 0.00935177
v -0.06176858 0.23554997 0.00152348
v -0.06090049 0.23478292 -0.00444812
v -0.05787720 0.21976477 -0.00007026
v -0.07925029 0.29430011 -0.01667039
v -0.06661172 0.34533408 0.03217614
v -0.06858125 0.35680750 0.02168127
v -0.07454114 0.34476098 0.01101379
v -0.07309160 0.33400676 0.01724250
v -0.06856118 0.36592868 0.01301966
v -0.07480907 0.35507062 0.00307685
v -0.07862579 0.34268165 -0.00581353
v -0.07997374 0.32174078 -0.01866243
v -0.04199104 0.30720812 0.07047378
v -0.04221943 0.30692807 0.07063140
v -0.04067848 0.30665889 0.07193192
v -0.04068512 0.30683398 0.07174955
v -0.04150260 0.30729386 0.06987583
v -0.04013519 0.30676702 0.07094625
v -0.04239884 0.30767977 0.06888428
v -0.04294642 0.30750024 0.06938364
v -0.04321247 0.30723605 0.06952723
v -0.02448542 0.30791014 0.07373650
v -0.02518241 0.30821851 0.07301407
v -0.02788846 0.30734855 0.07334850
v -0.02719120 0.30733311 0.07445841
v -0.02424446 0.30761844 0.07418080
v -0.02713474 0.30701461 0.07488301
v -0.02846510 0.30987722 0.06735193
v -0.02794432 0.31015617 0.06725051
v -0.02918581 0.30949256 0.06754313
v -0.02277414 0.30982804 0.07138168
v -0.02283150 0.31081593 0.07153650
v -0.02761100 0.31080520 0.06744034
v -0.02760344 0.31031525 0.06727021
v -0.02314743 0.30944583 0.07151930
v -0.02155513 0.30918640 0.07163266
v -0.02057811 0.30940503 0.07129721
v -0.02063563 0.31075382 0.07153682
v -0.03236742 0.30597275 0.07501394
v -0.03256512 0.30515316 0.07510991
v -0.02783438 0.30549824 0.07532328
v -0.02742484 0.30640563 0.07517995
v -0.03215939 0.30645707 0.07481153
v -0.03554856 0.30653512 0.07390929
v -0.03563733 0.30600980 0.07410027
v -0.03581586 0.30523074 0.07413071
v -0.02446133 0.30643576 0.07506401
v -0.02435945 0.30729315 0.07465693
v -0.03584539 0.30450076 0.07410000
v -0.03283058 0.30443302 0.07505220
v -0.02802705 0.30476424 0.07533064
v -0.02442734 0.30593011 0.07516095
v -0.02165066 0.30712989 0.07442146
v -0.02275692 0.30738813 0.07444462
v -0.03287013 0.30355516 0.07487570
v -0.03275348 0.30259147 0.07478956
v -0.02786648 0.30288342 0.07531562
v -0.02801583 0.30385825 0.07528836
v -0.03590906 0.30368334 0.07383604
v -0.03583989 0.30273300 0.07371961
v -0.04432977 0.30721146 0.06782598
v -0.04479735 0.30763805 0.06685942
v -0.04479599 0.30708733 0.06701675
v -0.04451852 0.30667397 0.06754839
v -0.04721808 0.30415547 0.06444556
v -0.04801030 0.30538574 0.06334880
v -0.04963284 0.30458620 0.06205586
v -0.04859506 0.30323368 0.06344042
v -0.05676956 0.29442766 0.06028705
v -0.05088311 0.30034330 0.06301939
v -0.05219140 0.30170539 0.06096197
v -0.04387110 0.30701613 0.06865571
v -0.04322242 0.30676451 0.06959515
v -0.04377322 0.30740610 0.06858659
v -0.04419678 0.30767277 0.06761465
v -0.04405702 0.30629662 0.06837627
v -0.04333866 0.30604106 0.06946717
v -0.04229296 0.30653208 0.07069105
v -0.04238724 0.30569398 0.07067732
v -0.04076547 0.30539891 0.07201658
v -0.04065840 0.30622247 0.07201359
v -0.03855192 0.30607367 0.07307682
v -0.03884641 0.30659711 0.07285281
v -0.03867084 0.30524448 0.07306999
v -0.04090305 0.30471721 0.07181545
v -0.03879553 0.30453703 0.07298645
v -0.04249027 0.30500630 0.07036331
v -0.04346464 0.30542824 0.06911535
v -0.04422173 0.30579516 0.06794141
v -0.04481871 0.30619824 0.06708079
v -0.04521273 0.30682319 0.06643896
v -0.04454922 0.30520254 0.06737062
v -0.04519119 0.30440009 0.06656723
v -0.04400457 0.30391040 0.06801346
v -0.04366393 0.30480319 0.06867803
v -0.04531859 0.30571795 0.06637400
v -0.04613200 0.30502242 0.06542315
v -0.04264807 0.30445275 0.06996701
v -0.04271538 0.30364710 0.06955253
v -0.04095413 0.30322149 0.07110924
v -0.04096763 0.30402672 0.07149737
v -0.03876894 0.30383649 0.07268480
v -0.03893369 0.30292135 0.07236883
v -0.03209348 0.30658707 0.07454516
v -0.03180751 0.30665526 0.07339073
v -0.03527428 0.30642232 0.07280365
v -0.03559389 0.30666071 0.07362224
v -0.03887364 0.30670315 0.07267638
v -0.03829013 0.30643278 0.07192165
v -0.03519674 0.30636847 0.07168384
v -0.03350267 0.30852503 0.06744141
v -0.03478738 0.30851674 0.06707793
v -0.03787448 0.30637017 0.07090167
v -0.03202183 0.30666584 0.07217000
v -0.03194142 0.30868807 0.06768800
v -0.02867947 0.30750045 0.07217128
v -0.03037409 0.30905136 0.06771410
v -0.02595675 0.30829564 0.07226666
v -0.03337169 0.31866753 0.07415593
v -0.03342430 0.31884184 0.07437962
v -0.03802106 0.31823635 0.07379855
v -0.03760580 0.31798118 0.07344230
v -0.04984917 0.28057894 -0.08334900
v -0.05101857 0.29537237 -0.08964860
v -0.03855266 0.29016057 -0.09890265
v -0.04061292 0.31563011 0.07258649
v -0.04056969 0.31651163 0.07212111
v -0.04303423 0.31515375 0.07078102
v -0.04289506 0.31432873 0.07094310
v -0.04064592 0.31466162 0.07302196
v -0.04259334 0.31330091 0.07113121
v -0.03791804 0.31595305 0.07473418
v -0.03787146 0.31703424 0.07419330
v -0.03768245 0.31777212 0.07358611
v -0.04195016 0.31183314 0.06688131
v -0.04118047 0.31282970 0.06755262
v -0.04173809 0.31269693 0.06902054
v -0.04276967 0.31186855 0.06777734
v -0.04254604 0.31113127 0.06628002
v -0.04344005 0.31110266 0.06686880
v -0.03733666 0.31095657 0.06472849
v -0.03699810 0.31134149 0.06502847
v -0.03649372 0.31180805 0.06544510
v -0.03751206 0.31063059 0.06454311
v -0.03758579 0.31033817 0.06445406
v -0.03756317 0.31006953 0.06447983
v -0.03749698 0.30981311 0.06463045
v -0.05944929 0.27819574 0.06103340
v -0.05940285 0.28931025 0.05964030
v -0.06188692 0.28114003 0.05685613
v -0.04346925 0.30772641 0.06837793
v -0.04393771 0.30804908 0.06745012
v -0.04288454 0.30799809 0.06798220
v -0.04333570 0.30835864 0.06717894
v -0.04442377 0.30851635 0.06655255
v -0.04481544 0.30825263 0.06654187
v -0.04087473 0.30724719 0.06912179
v -0.03650754 0.30890468 0.06616700
v -0.03695655 0.30916786 0.06570390
v -0.04160152 0.30783796 0.06820921
v -0.03958973 0.30669397 0.07001952
v -0.03580794 0.30864179 0.06663305
v -0.03718140 0.30939862 0.06531376
v -0.03735922 0.30963704 0.06496347
v -0.04191764 0.30818203 0.06747115
v -0.04236686 0.30855927 0.06672449
v -0.04369910 0.30892339 0.06657421
v -0.04281670 0.30948567 0.06580781
v -0.04289131 0.30997792 0.06577525
v -0.04381168 0.30937526 0.06634299
v -0.04386841 0.30987647 0.06625576
v -0.04263959 0.30900642 0.06609149
v -0.04279810 0.31053537 0.06592171
v -0.04373228 0.31042418 0.06644722
v -0.04506776 0.30773020 0.06643755
v -0.04503174 0.30851823 0.06612899
v -0.04547857 0.30945152 0.06556428
v -0.04549095 0.30769637 0.06592485
v -0.04614935 0.30761990 0.06520554
v -0.04578814 0.30645990 0.06562300
v -0.04644531 0.30999038 0.06516173
v -0.04784679 0.31031999 0.06439985
v -0.04738814 0.30741048 0.06410862
v -0.04676338 0.30603704 0.06458263
v -0.04468679 0.30901617 0.06613124
v -0.04478540 0.30961680 0.06589830
v -0.04587576 0.31109956 0.06646683
v -0.04669496 0.31191519 0.06632406
v -0.04524435 0.31058264 0.06656516
v -0.04468053 0.31136864 0.06782233
v -0.04515869 0.31205431 0.06784755
v -0.04574074 0.31278753 0.06778166
v -0.04421956 0.31305298 0.06936616
v -0.04463749 0.31389061 0.06933018
v -0.04387077 0.31220523 0.06933795
v -0.04464196 0.31041193 0.06650381
v -0.04415323 0.31111690 0.06747419
v -0.04335000 0.31190160 0.06877803
v -0.04228044 0.31256446 0.07064803
v -0.04037474 0.31370664 0.07263282
v -0.03970899 0.31367508 0.07066700
v -0.03767921 0.31505072 0.07434318
v -0.03687840 0.31462085 0.07224631
v -0.03404530 0.31944573 0.07555241
v -0.03906430 0.31905445 0.07491563
v -0.03660320 0.31458408 0.07035524
v -0.03415243 0.31264463 0.06672145
v -0.03251490 0.31275609 0.06727871
v -0.03328373 0.31467783 0.07138712
v -0.02344115 0.31153297 0.07199584
v -0.02425955 0.31237629 0.07237542
v -0.02822626 0.31155038 0.06772678
v -0.02784584 0.31114486 0.06758191
v -0.02195821 0.31157443 0.07262305
v -0.02331942 0.31238309 0.07324678
v -0.02750788 0.31411937 0.07250714
v -0.02965458 0.31243247 0.06790241
v -0.02881593 0.31198832 0.06784925
v -0.02586762 0.31323332 0.07232714
v -0.02686184 0.31462538 0.07433981
v -0.02464325 0.31336468 0.07368169
v -0.03341464 0.31516433 0.07339301
v -0.02149553 0.35154465 -0.11652243
v -0.02118757 0.33474994 -0.11864305
v -0.03823192 0.33752260 -0.10723217
v -0.03796970 0.35138908 -0.10519851
v -0.03910590 0.31382579 0.06905851
v -0.03548584 0.31228957 0.06609005
v -0.04780073 0.35303199 -0.09656748
v -0.04701680 0.36207342 -0.09416677
v -0.03850282 0.36364102 -0.10059052
v -0.03573959 0.22399369 -0.05751217
v -0.02632159 0.21328847 -0.06487285
v -0.01981368 0.31135795 0.07368215
v -0.02155268 0.31271634 0.07405069
v -0.01865954 0.31014690 0.07342608
v -0.01799171 0.30993459 0.07361113
v -0.01905919 0.31137383 0.07375722
v -0.02055969 0.31281683 0.07406352
v -0.02358562 0.31395257 0.07453555
v -0.02282348 0.31424546 0.07491118
v -0.02624462 0.31579658 0.07594688
v -0.02638846 0.31511998 0.07559735
v -0.03368846 0.31584948 0.07537861
v -0.03373722 0.31672901 0.07577050
v -0.02575134 0.31646329 0.07528038
v -0.02222257 0.31462979 0.07435002
v -0.02520266 0.31715372 0.07456887
v -0.02205911 0.31548142 0.07397090
v -0.03343501 0.31839332 0.07451092
v -0.03368600 0.31770453 0.07523093
v -0.02143556 0.30802602 0.07386366
v -0.01934653 0.30832106 0.07368457
v -0.02195377 0.30841565 0.07361809
v -0.01966794 0.30868211 0.07333583
v -0.02318473 0.30878603 0.07252198
v -0.01884065 0.30901283 0.07324535
v -0.01816502 0.30882159 0.07352735
v -0.02413210 0.30896804 0.07199781
v -0.01832476 0.31137934 0.07347462
v -0.01709023 0.30972967 0.07364225
v -0.01713287 0.31175956 0.07271168
v -0.01634136 0.30983546 0.07326385
v -0.01938797 0.31400654 0.07306234
v -0.01982045 0.31301284 0.07344744
v -0.01720230 0.30860540 0.07353710
v -0.01780451 0.30811629 0.07363800
v -0.01650928 0.30846322 0.07354241
v -0.01713299 0.30782947 0.07365320
v -0.02418466 0.30517605 0.07524652
v -0.02392687 0.30438596 0.07526188
v -0.02097778 0.30652601 0.07453044
v -0.02036679 0.30597654 0.07448676
v -0.03244816 0.30152515 0.07471230
v -0.03562436 0.30166686 0.07357942
v -0.03207977 0.30033633 0.07470693
v -0.03548185 0.30031073 0.07355016
v -0.02726782 0.30088553 0.07543530
v -0.02761112 0.30185375 0.07536002
v -0.03147883 0.16892035 0.02447340
v -0.04600166 0.30332941 0.06589936
v -0.04704226 0.30216214 0.06530254
v -0.04541248 0.30142578 0.06715646
v -0.04455043 0.30283508 0.06741656
v -0.04294161 0.30250254 0.06907101
v -0.04329846 0.30094275 0.06899510
v -0.04093182 0.30059296 0.07079126
v -0.04091522 0.30209094 0.07082827
v -0.03885259 0.30185193 0.07213952
v -0.03858897 0.30026889 0.07219654
v -0.04891815 0.30689508 0.06262965
v -0.05023217 0.31011206 0.06228982
v -0.05070294 0.30631554 0.06110866
v -0.05246326 0.30979523 0.06017266
v -0.01551036 0.31260476 0.07287902
v -0.01516071 0.31017584 0.07294772
v -0.01370618 0.31338698 0.07398695
v -0.01369598 0.31058857 0.07376895
v -0.01507876 0.31644866 0.07489574
v -0.01700320 0.31545842 0.07351885
v -0.01567194 0.30834970 0.07348651
v -0.01639545 0.30749634 0.07366958
v -0.01441032 0.30828509 0.07378065
v -0.01541539 0.30687836 0.07393747
v -0.02347012 0.30350679 0.07530700
v -0.02309149 0.30258763 0.07535345
v -0.01977000 0.30533233 0.07458394
v -0.01883024 0.30443835 0.07475258
v -0.04896130 0.26946872 -0.07808542
v -0.05181153 0.31089023 -0.09384999
v -0.04658749 0.32333976 0.07234637
v -0.04431883 0.32040000 0.07315766
v -0.04076320 0.32157803 0.07542229
v -0.04269414 0.32526165 0.07546909
v -0.04936405 0.32733372 0.07010986
v -0.05179509 0.32356524 0.06740695
v -0.04933153 0.32079139 0.06944438
v -0.04702793 0.31860164 0.07076941
v -0.05087931 0.31299695 0.06323334
v -0.04901706 0.31300935 0.06497205
v -0.04904006 0.31483036 0.06643162
v -0.05093702 0.31537527 0.06496045
v -0.05318623 0.31299555 0.06121758
v -0.05346565 0.31619534 0.06296870
v -0.05043597 0.31784362 0.06722756
v -0.04832314 0.31656113 0.06847256
v -0.05302439 0.31951746 0.06533483
v -0.02312889 0.32100764 0.07703552
v -0.02388642 0.31923395 0.07568560
v -0.02061742 0.31739321 0.07447632
v -0.01922384 0.31827253 0.07499733
v -0.02183484 0.32276356 0.07840665
v -0.01708240 0.31940690 0.07624871
v -0.03609281 0.32578510 0.07828809
v -0.03521521 0.32242376 0.07709830
v -0.02491321 0.31757623 0.07424360
v -0.02277490 0.31649524 0.07401647
v -0.02471466 0.31777471 0.07423011
v -0.02209949 0.31634799 0.07382158
v -0.05616212 0.37476301 -0.07674751
v -0.05857691 0.38158959 -0.06435449
v -0.04322624 0.39355680 -0.07247964
v -0.04181796 0.38462663 -0.08460353
v -0.04058313 0.31686243 0.07209689
v -0.04115265 0.31725660 0.07244832
v -0.04373573 0.31598133 0.07102661
v -0.04317260 0.31554654 0.07085891
v -0.04497902 0.31440899 0.06938782
v -0.04563411 0.31486014 0.06941615
v -0.04677834 0.31375650 0.06766384
v -0.04618971 0.31344146 0.06791199
v -0.04683901 0.31267706 0.06671245
v -0.04745226 0.31263459 0.06620282
v -0.02242997 0.31725046 0.07430671
v -0.02464018 0.31811583 0.07469254
v -0.04965568 0.34095731 -0.09751327
v -0.04529645 0.36337978 0.05898929
v -0.05215481 0.35932770 0.05245835
v -0.05002953 0.35307181 0.05869088
v -0.04232415 0.31815144 0.07320908
v -0.04494335 0.31688333 0.07130169
v -0.04666397 0.31560919 0.06922245
v -0.04763522 0.31438568 0.06735392
v -0.04808129 0.31339139 0.06615584
v -0.07094827 0.27268693 0.00193421
v -0.07148150 0.27256972 0.00009608
v -0.07907757 0.28183505 -0.02602469
v -0.07723161 0.28860644 -0.02531782
v -0.07603507 0.29216665 -0.02421521
v -0.07740909 0.30116847 -0.01143603
v -0.08093831 0.30427304 -0.01450941
v -0.08237217 0.26335618 -0.01857742
v -0.07914852 0.26174653 -0.01463636
v -0.08229924 0.26421866 -0.01914694
v -0.08783653 0.30003077 -0.02507499
v -0.08820828 0.29829332 -0.02643823
v -0.08915661 0.29802570 -0.02609072
v -0.04148386 0.24976234 -0.06628228
v -0.04686564 0.26071739 -0.07348523
v -0.08859842 0.29619876 -0.02767283
v -0.07361113 0.27712405 -0.00270612
v -0.08032908 0.28115433 -0.02635763
v -0.08199620 0.28040189 -0.02819645
v -0.08277076 0.27510193 -0.02806558
v -0.08211397 0.27576524 -0.02715956
v -0.08190482 0.27023146 -0.02577973
v -0.08144327 0.27117088 -0.02522526
v -0.08389911 0.26675162 -0.02185213
v -0.08538826 0.27038226 -0.02432462
v -0.08221077 0.30465662 -0.01580251
v -0.08156281 0.30379504 -0.01439104
v -0.08302408 0.30447775 -0.01604754
v -0.07433534 0.27581662 -0.00404221
v -0.07552541 0.29925841 -0.01116433
v -0.07511864 0.29708773 -0.00992070
v -0.07476816 0.29746500 -0.01039170
v -0.07045460 0.28072867 -0.00785013
v -0.07045247 0.28162691 -0.00812420
v -0.07185326 0.27915210 -0.00759363
v -0.07446866 0.27771768 -0.00611878
v -0.06772360 0.27021644 -0.00603985
v -0.06711829 0.26892674 -0.00793810
v -0.06767104 0.26799217 -0.00722365
v -0.08486098 0.31067142 -0.02003715
v -0.07528084 0.29611853 -0.00957796
v -0.07667484 0.29721650 -0.00972086
v -0.07707018 0.29839665 -0.00998254
v -0.08391257 0.30397734 -0.01629016
v -0.07739376 0.29932976 -0.01031445
v -0.07649300 0.29928604 -0.01036889
v -0.07818057 0.30092865 -0.01127416
v -0.07588672 0.29929590 -0.01067051
v -0.07380835 0.27352995 -0.02035148
v -0.07246898 0.27341902 -0.01819852
v -0.07231436 0.29378128 0.00014390
v -0.07345769 0.29139131 -0.00206703
v -0.07820462 0.26129216 -0.01238908
v -0.07572532 0.29910490 -0.02061038
v -0.07604869 0.30200094 -0.02214989
v -0.08686700 0.27487162 -0.02627926
v -0.08016907 0.26987144 -0.01584868
v -0.07799168 0.26932353 -0.01396265
v -0.08213592 0.27085489 -0.01772301
v -0.08377675 0.27335736 -0.01962868
v -0.07095389 0.28964561 -0.01433975
v -0.08264464 0.29368696 -0.01934883
v -0.08321808 0.29139128 -0.02054946
v -0.08101175 0.29388857 -0.01777822
v -0.07691658 0.30553275 -0.02044955
v -0.07662383 0.30563673 -0.01810302
v -0.07649390 0.30049381 -0.01872631
v -0.07620475 0.30380550 -0.01743337
v -0.06961936 0.27364382 -0.00646901
v -0.06953064 0.26746342 -0.00955275
v -0.06917449 0.26937652 -0.01056526
v -0.07061823 0.26747811 -0.01043938
v -0.07062054 0.26836389 -0.01194483
v -0.07080953 0.26984292 -0.01366944
v -0.07121586 0.27168179 -0.01512266
v -0.07115919 0.27413568 -0.01565583
v -0.06930924 0.27769065 -0.00736181
v -0.07693370 0.30555969 -0.00784823
v -0.06881726 0.27587759 -0.00707589
v -0.07078191 0.27931809 -0.00757649
v -0.07094022 0.27753749 -0.00710339
v -0.07062203 0.27561453 -0.00659297
v -0.07527746 0.26682884 -0.00757825
v -0.07602388 0.26832238 -0.00999332
v -0.07378966 0.26753092 -0.00682782
v -0.07661492 0.26879373 -0.01214177
v -0.07259341 0.26773387 -0.00644368
v -0.07620168 0.30038643 -0.01942412
v -0.07622088 0.30364057 -0.01945173
v -0.07121751 0.27626571 0.00373636
v -0.06393532 0.28624821 0.05190346
v -0.06546647 0.29551077 0.04607979
v -0.02605261 0.23689833 0.07308706
v -0.02530584 0.23378004 0.07358010
v -0.05632365 0.27557433 0.06544789
v -0.05204819 0.27325082 0.07079525
v -0.02474018 0.24268416 0.08471462
v -0.02391815 0.24192627 0.08486155
v -0.02302884 0.24248937 0.08505901
v -0.02381905 0.24285723 0.08470980
v -0.02162898 0.24300186 0.08333923
v -0.02244895 0.24291728 0.08264182
v -0.02263313 0.24295975 0.08355377
v -0.02191181 0.24302506 0.08422420
v -0.02837045 0.25866595 0.08603317
v -0.03192923 0.26270014 0.08445324
v -0.03511419 0.25820711 0.08329720
v -0.03151520 0.25478637 0.08506346
v -0.02438426 0.24151491 0.07534265
v -0.02430177 0.24319254 0.07576993
v -0.02323011 0.24317823 0.07968767
v -0.02363515 0.24247573 0.07926345
v -0.02408694 0.23893146 0.07551803
v -0.02324661 0.24116381 0.07887305
v -0.02612584 0.24083690 0.07289582
v -0.02557868 0.24335445 0.07318545
v -0.03412076 0.23644093 0.08101772
v -0.03050978 0.23857196 0.08260491
v -0.03153718 0.24175213 0.08303015
v -0.03523962 0.24106508 0.08141940
v -0.02494306 0.27019435 0.08515521
v -0.02871206 0.26643524 0.08493812
v -0.02555599 0.26239556 0.08619380
v -0.02175052 0.26659757 0.08619674
v -0.01783141 0.27140844 0.08680350
v -0.02081300 0.27413282 0.08542645
v -0.01632032 0.27929172 0.09028495
v -0.01673152 0.27568102 0.09159650
v -0.01619503 0.27491978 0.09496616
v -0.01652835 0.27700651 0.09368655
v -0.01449837 0.27093214 0.09345270
v -0.01673892 0.27340135 0.09018478
v -0.01070586 0.26982498 0.09384840
v -0.01042693 0.27060896 0.09483872
v -0.01458635 0.27023888 0.09193136
v -0.01477143 0.26930597 0.09004755
v -0.01102121 0.26902094 0.09268405
v -0.00983295 0.27161175 0.09575193
v -0.01255389 0.27149400 0.09589932
v -0.01403956 0.27346152 0.09734954
v -0.00398674 0.27234742 0.10429937
v -0.00513834 0.27371728 0.10627236
v -0.00893376 0.30282450 0.08851563
v -0.01173381 0.29918399 0.08557039
v -0.00896489 0.30030930 0.09081811
v -0.01165804 0.29704002 0.08785378
v -0.01326191 0.27567184 0.10101730
v -0.01459770 0.27751386 0.09928532
v -0.01093937 0.27697471 0.10478780
v -0.01206338 0.27962565 0.10420742
v -0.00350343 0.31778416 0.08726871
v -0.00188961 0.26881051 0.10009422
v -0.00213700 0.26802793 0.09955981
v -0.00152636 0.26988593 0.10201342
v -0.02132771 0.37596917 -0.10395144
v -0.02211244 0.38992402 -0.09310050
v -0.02205166 0.40655982 -0.07000338
v -0.01990316 0.41157779 -0.05725003
v -0.00543818 0.25170439 0.10010690
v -0.00510204 0.25436988 0.10005817
v -0.01290471 0.24702306 0.08340126
v -0.00710212 0.24725172 0.08492137
v -0.00685939 0.24555857 0.08957534
v -0.01234466 0.24541977 0.08826837
v -0.01632975 0.24518995 0.08613946
v -0.01698761 0.24651197 0.08133042
v -0.01295859 0.24814673 0.08077609
v -0.00719773 0.24849838 0.08217625
v -0.01162544 0.24451987 0.09269177
v -0.00620178 0.24486443 0.09482702
v -0.00614756 0.24664511 0.09751625
v -0.01165607 0.24608479 0.09486943
v -0.01763517 0.26470220 0.08876320
v -0.01356871 0.26547971 0.09117746
v -0.00957363 0.26576939 0.09463850
v -0.00631941 0.26570049 0.09724959
v -0.00568522 0.26779437 0.09762766
v -0.00816485 0.26839316 0.09537625
v -0.00545188 0.26868829 0.09805976
v -0.00790633 0.26924977 0.09603289
v -0.00783932 0.27013043 0.09663364
v -0.00828416 0.27154341 0.09690858
v -0.00648766 0.27138948 0.09818923
v -0.00689034 0.27257299 0.09774433
v -0.00542762 0.26960510 0.09840172
v -0.00373227 0.29526028 0.10347298
v -0.00350945 0.29879200 0.10058787
v -0.00973908 0.25585657 0.09800404
v -0.00485056 0.25640407 0.09935023
v -0.00407255 0.26034898 0.09867992
v -0.00838575 0.26026723 0.09726700
v -0.01285181 0.25941178 0.09490160
v -0.01464546 0.25397843 0.09543876
v -0.00246646 0.26720154 0.09913754
v -0.00997749 0.25362927 0.09828529
v -0.01040030 0.25106540 0.09809920
v -0.01531793 0.25162387 0.09554119
v -0.01574369 0.24937427 0.09513001
v -0.01934255 0.25130221 0.09225757
v -0.01823129 0.25734520 0.09206826
v -0.02400865 0.25508747 0.08872703
v -0.02332507 0.24852780 0.08902381
v -0.03143496 0.24499808 0.08392800
v -0.02626866 0.24246193 0.08451364
v -0.02639200 0.24385737 0.08499151
v -0.02607908 0.24514684 0.08590089
v -0.03055315 0.24819654 0.08513740
v -0.03502682 0.24574789 0.08246233
v -0.03380414 0.25042552 0.08375124
v -0.02848753 0.25147581 0.08668710
v -0.02543519 0.24665238 0.08709037
v -0.02489081 0.24350448 0.08521330
v -0.02391858 0.24325022 0.08502519
v -0.02464024 0.24429207 0.08602863
v -0.02366662 0.24367498 0.08573338
v -0.02404881 0.24507926 0.08708766
v -0.02319009 0.24409671 0.08661301
v -0.02219312 0.24484508 0.08795639
v -0.02277687 0.24635841 0.08865411
v -0.02177748 0.24322546 0.08357421
v -0.02081068 0.24336481 0.08466114
v -0.02091441 0.24339530 0.08596393
v -0.02183920 0.24320745 0.08477978
v -0.02240251 0.24308106 0.08287836
v -0.02235832 0.24310379 0.08409626
v -0.02269965 0.24376474 0.08047809
v -0.02152477 0.24401663 0.08129591
v -0.02299397 0.24290754 0.08215223
v -0.02296178 0.24297717 0.08319516
v -0.02298885 0.24304937 0.08457135
v -0.02287604 0.24328458 0.08503457
v -0.02238562 0.24350673 0.08579961
v -0.02149577 0.24384026 0.08694993
v -0.01578730 0.24731374 0.09402297
v -0.01934261 0.24724688 0.09175497
v -0.01909147 0.24550948 0.09045278
v -0.01565086 0.24516585 0.09209011
v -0.01872320 0.24423662 0.08895540
v -0.01752280 0.24754730 0.07888895
v -0.01540153 0.24414423 0.09029782
v -0.02080341 0.24560501 0.07887363
v -0.02178573 0.24659610 0.07637405
v -0.01947992 0.24451822 0.08318546
v -0.02374102 0.24433355 0.07670002
v -0.02272441 0.24457525 0.07725687
v -0.02467609 0.24516740 0.07421987
v -0.02356401 0.24571228 0.07516979
v -0.01835828 0.24359867 0.08716063
v -0.01962904 0.24911998 0.09224627
v -0.01118962 0.24862352 0.09686176
v -0.00573580 0.24925636 0.09906219
v -0.00454195 0.28782487 0.11010614
v -0.00407334 0.29180425 0.10660383
v -0.02236295 0.24288617 0.08498948
v -0.00997779 0.16085729 0.03603148
v -0.02551241 0.24118538 0.08450286
v -0.02345164 0.23656416 0.07566217
v -0.02239580 0.24017811 0.07927167
v -0.03111647 0.23196118 0.08157729
v -0.02663724 0.22779870 0.08412149
v -0.02448588 0.23194329 0.08571543
v -0.02813155 0.23524895 0.08327430
v -0.02178678 0.23798028 0.08783063
v -0.02398986 0.23973136 0.08561254
v -0.02265822 0.24104244 0.08623743
v -0.02046299 0.24003413 0.08844140
v -0.01961032 0.24161997 0.08878719
v -0.02167981 0.24209739 0.08633241
v -0.01800795 0.24343139 0.08728752
v -0.01339841 0.24385402 0.09007805
v -0.01271524 0.24005917 0.08539023
v -0.01771980 0.23974644 0.08299881
v -0.02131357 0.23983304 0.08046763
v -0.02067951 0.24311903 0.08425307
v -0.01861513 0.24345535 0.08810943
v -0.02089799 0.24312645 0.08522964
v -0.01387476 0.24394651 0.09124877
v -0.02046021 0.16396078 0.03146943
v -0.02121074 0.24285629 0.08602007
v -0.01908118 0.24299522 0.08846365
v -0.01459452 0.24312767 0.09195863
v -0.01560296 0.24122664 0.09251029
v -0.01665197 0.23901421 0.09264562
v -0.01742997 0.23618220 0.09185980
v -0.01926597 0.22894357 0.08928282
v -0.02053449 0.22386014 0.08819950
v -0.01329853 0.22720434 0.09224266
v -0.01442651 0.22201303 0.09200820
v -0.01189903 0.23490261 0.09541486
v -0.01155886 0.23840725 0.09672558
v -0.01090117 0.24107431 0.09620065
v -0.01021604 0.24323674 0.09518627
v -0.00301711 0.26545730 0.09869323
v -0.00526334 0.27131748 0.09953477
v -0.00415647 0.27153280 0.10183246
v -0.00725994 0.27518883 0.10708172
v -0.00140369 0.27076951 0.10427211
v -0.00964254 0.27686021 0.10656799
v -0.00805965 0.27633238 0.10804703
v -0.00870722 0.27807322 0.10891486
v -0.00984878 0.27870518 0.10759695
v -0.00662958 0.27573216 0.10932539
v -0.00785311 0.27788705 0.10996624
v -0.00253571 0.27470323 0.11110045
v -0.00342256 0.27832928 0.11304186
v -0.00437493 0.28414699 0.11244888
v -0.00374828 0.28063110 0.11338042
v -0.00913367 0.27983072 0.10934808
v -0.01048435 0.28167638 0.10746796
v -0.01068183 0.28468680 0.10502012
v -0.01259967 0.28225270 0.10148735
v -0.01060268 0.41763699 -0.01217491
v -0.00947597 0.24429996 0.09416969
v -0.00853349 0.24420942 0.09228032
v -0.01289504 0.22973263 0.07897150
v -0.01268626 0.23416018 0.08126904
v -0.00786499 0.23401344 0.08276053
v -0.00812048 0.22976616 0.08061558
v -0.00458570 0.24427183 0.09313533
v -0.00456059 0.24039923 0.08794210
v -0.00799675 0.24038412 0.08717538
v -0.00485310 0.24447806 0.09542290
v -0.00536022 0.24329743 0.09680536
v -0.00588569 0.24108222 0.09820185
v -0.00429681 0.23393853 0.08352147
v -0.00452262 0.22949974 0.08132733
v -0.02190474 0.23513572 0.07676487
v -0.02283219 0.23141769 0.07482196
v -0.01776406 0.23415816 0.07928845
v -0.01807071 0.23025098 0.07720407
v -0.00810377 0.22158220 0.09488217
v -0.00699690 0.22663046 0.09436451
v -0.00626793 0.23783857 0.09860723
v -0.00657628 0.23400740 0.09714333
v -0.02239039 0.39948261 -0.08213244
v -0.06310835 0.36439848 0.02865067
v -0.06136609 0.35767078 0.03699444
v -0.05464992 0.36565009 0.04347588
v -0.05642597 0.37096921 0.03580642
v -0.06339958 0.37165412 0.01997850
v -0.05698158 0.37729764 0.02777606
v -0.03951583 0.40730152 -0.03163529
v -0.04006087 0.40721640 -0.01718743
v -0.02173185 0.41493666 -0.01343262
v -0.03490462 0.40807176 -0.04613322
v -0.04683620 0.39891154 -0.05504637
v -0.04875156 0.40124482 -0.03516013
v -0.04854331 0.40139279 -0.01969496
v -0.02588126 0.20013005 -0.06561950
v -0.05125907 0.32348084 -0.09624413
v -0.04720807 0.40109262 -0.00578154
v -0.03940526 0.40615878 -0.00313956
v -0.03909482 0.40387505 0.00960084
v -0.04602206 0.39953759 0.00614508
v -0.02147579 0.41347119 0.00148129
v -0.01035771 0.41597012 0.00342046
v -0.01899464 0.28526017 -0.10661305
v -0.00346258 0.30215397 0.09781559
v -0.04638702 0.23658542 -0.04836514
v -0.05769350 0.23518339 -0.03088983
v -0.05666324 0.18496335 -0.00889326
v -0.06915431 0.25872388 -0.01285643
v -0.06887486 0.25932553 -0.01370618
v -0.05935447 0.22111160 -0.01230899
v -0.06125707 0.23448062 -0.01359343
v -0.03714630 0.23697773 -0.06014977
v -0.07849601 0.26973984 -0.02405848
v -0.07915594 0.27345464 -0.02537865
v -0.07971416 0.26882794 -0.02366954
v -0.08051807 0.27274132 -0.02530122
v -0.08058652 0.27694997 -0.02615498
v -0.08027523 0.26706600 -0.02279229
v -0.07688069 0.30561656 -0.01548159
v -0.07832124 0.30716693 -0.01479912
v -0.06888350 0.25714678 -0.00855362
v -0.06858810 0.25780708 -0.01023437
v -0.06822814 0.25744388 -0.00934837
v -0.06800670 0.25699580 -0.00804011
v -0.06860788 0.25626987 -0.00696819
v -0.06790485 0.25642291 -0.00686192
v -0.07913546 0.32180303 -0.00960603
v -0.06635573 0.25685588 -0.01047265
v -0.06812499 0.25891453 -0.01310356
v -0.06811734 0.25827906 -0.01157242
v -0.06761860 0.25751281 -0.01015717
v -0.06681774 0.25644732 -0.00813144
v -0.06679445 0.25560865 -0.00638438
v -0.06810228 0.25507623 -0.00591671
v -0.08047128 0.26592293 -0.02320789
v -0.07304176 0.25582120 -0.01136294
v -0.07750076 0.29782647 -0.02138463
v -0.07757244 0.29604554 -0.02273465
v -0.07996543 0.29757160 -0.02442203
v -0.07968472 0.29984948 -0.02310280
v -0.05872673 0.27181828 -0.06517677
v -0.06040812 0.28260386 -0.07097685
v -0.01296248 0.20308967 -0.07028699
v -0.01294200 0.21562396 -0.07087338
v -0.07406508 0.31636581 -0.05730241
v -0.07739124 0.29951268 -0.01995630
v -0.07964806 0.30163169 -0.02167511
v -0.07942379 0.27761865 -0.02608979
v -0.07649827 0.29890344 -0.01989447
v -0.07665706 0.29721379 -0.02127051
v -0.08072718 0.30322167 -0.02337741
v -0.08087189 0.30104005 -0.02497665
v -0.08094675 0.29855698 -0.02638211
v -0.07670792 0.29534638 -0.02260015
v -0.07694590 0.30398205 -0.02227663
v -0.07886182 0.34766960 -0.03501857
v -0.07709854 0.34093624 -0.04867373
v -0.07449549 0.36409965 -0.03936564
v -0.07304987 0.35829076 -0.05427339
v -0.06827077 0.35141170 -0.07002904
v -0.07231179 0.33282483 -0.06446682
v -0.07661705 0.30547851 -0.01672757
v -0.07920512 0.30810946 -0.01540236
v -0.06315216 0.37729377 0.01165845
v -0.06821117 0.37169427 0.00470161
v -0.05683294 0.38255903 0.02023374
v -0.05600268 0.38726974 0.01310001
v -0.06169925 0.38268876 0.00422776
v -0.06923363 0.37521002 -0.00738548
v -0.08027478 0.33962238 -0.01959806
v -0.07820818 0.35386822 -0.02116867
v -0.07569905 0.35860798 -0.00791241
v -0.07319117 0.36986521 -0.02427259
v -0.06446834 0.38399577 -0.01441388
v -0.06812266 0.37973595 -0.02866914
v -0.05783581 0.39266264 -0.01877131
v -0.05998013 0.39031318 -0.03331481
v -0.05982941 0.38743651 -0.04935730
v -0.06928407 0.37529022 -0.04354947
v -0.05966502 0.38782084 -0.00234945
v -0.05403063 0.39157611 0.00729382
v -0.05475843 0.39421943 -0.00617111
v -0.05170497 0.39533082 0.00250051
v -0.07361252 0.36086643 -0.00083464
v -0.06286530 0.25064442 -0.00580086
v -0.06494698 0.25051719 -0.00067172
v -0.06930333 0.26199493 0.00653579
v -0.06798024 0.28846553 0.03978167
v -0.06831185 0.30094048 0.03672796
v -0.07119144 0.29265994 0.02677283
v -0.07000843 0.27769092 0.02910323
v -0.06709192 0.31454575 0.03431062
v -0.07046800 0.30684543 0.02459791
v -0.07068215 0.32086757 0.02165791
v -0.06687979 0.32909811 0.03282883
v -0.05977464 0.34516457 -0.08548816
v -0.06237913 0.32839176 -0.08292509
v -0.06311307 0.31582993 -0.08014686
v -0.04833079 0.34729329 0.06312639
v -0.02127161 0.36608836 -0.11020715
v -0.04756271 0.37059638 0.05087477
v -0.05227318 0.36626267 -0.08724358
v -0.03965735 0.37229660 -0.09536028
v -0.06802059 0.36966583 -0.05820032
v -0.06445153 0.36347625 -0.07141183
v -0.05663523 0.35633752 -0.08643838
v -0.06206552 0.30001846 -0.07686269
v -0.04694649 0.39630228 0.01412820
v -0.05560990 0.31294894 0.05819786
v -0.05480888 0.30843133 0.05751267
v -0.05599426 0.31776828 0.05957161
v -0.05319915 0.30376285 0.05926547
v -0.01524380 0.29601490 0.08326548
v -0.01476397 0.29403254 0.08531608
v -0.01442734 0.29154298 0.08733881
v -0.01806305 0.29131320 0.08321757
v -0.01748170 0.28831306 0.08514293
v -0.01114840 0.29204258 0.09264610
v -0.01150405 0.29460675 0.09011605
v -0.01380397 0.28908870 0.08941168
v -0.01335364 0.28590432 0.09133650
v -0.01116972 0.28893554 0.09500386
v -0.01732740 0.27310559 0.08800635
v -0.01845621 0.27784601 0.08627167
v -0.01603268 0.28221342 0.08818004
v -0.02123816 0.28538519 0.08387223
v -0.02009996 0.28195998 0.08529045
v -0.01677832 0.28557310 0.08678047
v -0.02234479 0.28877962 0.08189260
v -0.01428356 0.28239053 0.09380607
v -0.01521603 0.27934176 0.09691579
v -0.01177659 0.28555173 0.09822345
v -0.01002983 0.28783703 0.10150786
v -0.00936265 0.29140311 0.09828897
v -0.01874808 0.29350206 0.08137247
v -0.02351392 0.29130465 0.08028803
v -0.02362172 0.27836952 0.08479349
v -0.02821223 0.27497023 0.08453766
v -0.02581116 0.28282350 0.08314615
v -0.03016097 0.28001904 0.08290035
v -0.02696002 0.28652006 0.08131955
v -0.03152248 0.28395435 0.08092087
v -0.03230781 0.27129936 0.08419268
v -0.03574594 0.26723596 0.08322412
v -0.03893064 0.26217973 0.08163411
v -0.03874032 0.27238473 0.08147018
v -0.04232469 0.26682785 0.07966784
v -0.04071524 0.27746871 0.07936048
v -0.04495028 0.27236333 0.07744421
v -0.03485564 0.27657989 0.08245642
v -0.03649545 0.28095007 0.08030646
v -0.03259356 0.28771478 0.07892548
v -0.02812217 0.28968319 0.07952298
v -0.04167093 0.28859216 0.07518785
v -0.04161247 0.28310007 0.07727819
v -0.03721620 0.28552067 0.07815813
v -0.03761620 0.29003111 0.07619976
v -0.04649196 0.27917627 0.07516931
v -0.04618111 0.28684682 0.07349423
v -0.04520757 0.29183206 0.07187875
v -0.03141484 0.29843676 0.07539618
v -0.02686031 0.29917207 0.07608411
v -0.03495714 0.29811350 0.07432432
v -0.04128224 0.29261774 0.07362739
v -0.03784011 0.29336619 0.07490382
v -0.04901005 0.29926810 0.06526570
v -0.04681350 0.29846543 0.06756949
v -0.04116081 0.29790631 0.07169408
v -0.03830551 0.29793593 0.07314100
v -0.04411849 0.29811585 0.06978866
v -0.02230648 0.30088046 0.07604399
v -0.01740598 0.30279651 0.07596716
v -0.05653339 0.22233929 -0.02795153
v -0.00906532 0.29474974 0.09591507
v -0.00902676 0.29761717 0.09332688
v -0.01427160 0.31984150 0.07830960
v -0.01228502 0.31686682 0.07728114
v -0.00667696 0.31756210 0.08450270
v -0.01855693 0.32392803 0.08084548
v -0.01423871 0.30528468 0.07596613
v -0.01221738 0.30767688 0.07599974
v -0.01124437 0.31045735 0.07620036
v -0.01116239 0.31367096 0.07657982
v -0.02984104 0.33860353 0.08110205
v -0.02641904 0.33206528 0.08328163
v -0.05823695 0.35144556 0.04649917
v -0.06174651 0.34254852 0.04332072
v -0.05034179 0.33265924 0.06663837
v -0.05340845 0.32814389 0.06394497
v -0.05534811 0.32296669 0.06156202
v -0.06321193 0.33078703 0.04133016
v -0.06389763 0.31818184 0.04152178
v -0.06493466 0.30639005 0.04304495
v -0.04905150 0.38246351 0.03619021
v -0.04877293 0.38775596 0.02896664
v -0.04866253 0.37666664 0.04352010
v -0.03919348 0.40072042 0.01954342
v -0.03951694 0.39685762 0.02843286
v -0.04803550 0.39240780 0.02169507
v -0.04026969 0.39220241 0.03614591
v -0.04063520 0.38680410 0.04320385
v -0.04031169 0.38093933 0.05061777
v -0.03942661 0.37447470 0.05781143
v -0.03753351 0.36621970 0.06540936
v -0.04522825 0.22342514 -0.04523512
v -0.00714821 0.28349572 0.09427364
v -0.00644239 0.28365892 0.09499872
v -0.00606445 0.28311512 0.09370717
v -0.00535751 0.28324798 0.09440796
v -0.00514529 0.28188092 0.09399194
v -0.00639169 0.27453426 0.09678287
v -0.00489557 0.27640817 0.09541569
v -0.00450182 0.27986950 0.09421918
v -0.06822546 0.25521284 0.00463057
v -0.05562354 0.18909554 -0.02309074
v -0.05084570 0.19281343 -0.03512814
v 0.05569161 0.18899612 -0.02322851
v 0.05189128 0.19291839 -0.03527384
v 0.02098988 0.15730090 0.02917342
v 0.03206233 0.16136754 0.02323005
v 0.03333352 0.15312311 0.02177488
v 0.02192548 0.14941037 0.02727332
v 0.05808480 0.17110626 -0.02797520
v 0.05651631 0.17941718 -0.02291271
v 0.05332846 0.18387975 -0.03757901
v 0.05622134 0.17551501 -0.04302238
v 0.04677672 0.18647067 -0.05056528
v 0.05018655 0.17772199 -0.05591732
v 0.03986244 0.17803434 -0.06574383
v 0.03740850 0.18813156 -0.06043668
v 0.02599986 0.18783066 -0.06797662
v 0.02843886 0.17697769 -0.07248022
v 0.04306503 0.16617070 0.01499912
v 0.05183401 0.17110331 0.00377568
v 0.05172494 0.16161752 0.00342629
v 0.04313595 0.15788130 0.01422906
v 0.05650236 0.17614578 -0.00903995
v 0.05748967 0.16682734 -0.01147721
v 0.01465872 0.17761233 -0.07641120
v 0.01308847 0.19030535 -0.07160810
v 0.02462463 0.13110381 0.02523373
v 0.01212900 0.12871023 0.02780330
v 0.01163934 0.13786033 0.02857303
v 0.02351735 0.14018521 0.02570025
v 0.05574398 0.13146040 0.00567199
v 0.07027508 0.13873556 -0.00908115
v 0.07628959 0.13029110 -0.00412982
v 0.06105743 0.12179869 0.01018394
v 0.07178557 0.10166445 0.02840460
v 0.09564868 0.10983416 0.01190006
v 0.09306271 0.08954821 0.03217458
v 0.07325176 0.08427759 0.03988392
v 0.09114168 0.07170062 0.04772983
v 0.07319327 0.06753489 0.05250790
v 0.08575238 0.02218752 0.08466577
v 0.06877296 0.02121127 0.08845346
v 0.07023599 0.03671275 0.07707995
v 0.08745310 0.03811968 0.07307565
v 0.09940258 -0.07404394 0.11185712
v 0.08607650 -0.06968532 0.11786259
v 0.09360588 -0.05351850 0.11896117
v 0.10551979 -0.05577566 0.11456911
v 0.15382366 0.04314385 0.04465186
v 0.15550984 0.06140436 0.03611777
v 0.16750637 0.04987039 0.03545895
v 0.16409059 0.03142667 0.04143237
v 0.11101791 0.14242424 -0.03711787
v 0.10548796 0.12911499 -0.01343749
v 0.09414388 0.13314945 -0.01854243
v 0.09939795 0.14560041 -0.03959521
v 0.14998111 -0.04471436 0.06345990
v 0.14506741 -0.05693216 0.07210354
v 0.14137468 -0.04697506 0.08053649
v 0.14516877 -0.03504754 0.07331370
v 0.12032496 -0.15384351 0.06815465
v 0.10540304 -0.15473552 0.08539014
v 0.10521287 -0.13483705 0.08383364
v 0.11956082 -0.13392287 0.06769119
v 0.15422441 -0.11379607 -0.00050424
v 0.15528919 -0.11513538 -0.02706295
v 0.15286842 -0.13045950 -0.02706708
v 0.15254258 -0.13029635 -0.00044586
v 0.11527868 0.02160724 0.07501816
v 0.10133953 0.02236031 0.08007951
v 0.10347214 0.03849639 0.06874620
v 0.11780876 0.03809316 0.06415658
v 0.33833313 0.06040871 -0.00672849
v 0.34020066 0.04281348 -0.00562275
v 0.31582949 0.04631302 -0.00398736
v 0.31392974 0.06385553 -0.00522999
v 0.15300520 -0.22422123 0.01181352
v 0.15257294 -0.22032921 -0.01401379
v 0.15529555 -0.23822387 -0.01192425
v 0.15479782 -0.24260451 0.01442199
v 0.19323258 0.11187306 0.00557878
v 0.19397068 0.12928198 -0.01562138
v 0.20542830 0.12455949 -0.01478944
v 0.20648140 0.10591725 0.00454357
v 0.14707729 0.01271864 0.05871190
v 0.15084654 0.02760463 0.05218560
v 0.15935186 0.01727244 0.04658138
v 0.15482202 0.00464438 0.05161149
v 0.16449974 -0.08575596 -0.03167640
v 0.16397898 -0.08390900 -0.00888649
v 0.16725443 -0.06755903 -0.01474545
v 0.16832030 -0.06951585 -0.03527731
v 0.15995494 -0.09962972 -0.00398981
v 0.16029872 -0.10144607 -0.02887926
v 0.13805020 0.01744263 0.06434336
v 0.12749381 0.01999641 0.06975310
v 0.13019836 0.03708904 0.05991484
v 0.14070953 0.03474241 0.05591896
v 0.09313232 -0.08996863 0.10530259
v 0.07726397 -0.08454089 0.11312751
v 0.14778657 -0.24785353 0.03983388
v 0.13573679 -0.25342104 0.06210605
v 0.13578491 -0.23352352 0.05956760
v 0.14714380 -0.22877507 0.03717842
v 0.08821742 -0.11708013 0.09404493
v 0.08891437 -0.10301121 0.09764371
v 0.10398359 -0.10434729 0.08799285
v 0.10352311 -0.11790003 0.08245513
v 0.12003805 -0.25848880 0.08124771
v 0.10224891 -0.26299852 0.09875048
v 0.10210267 -0.24128468 0.09563619
v 0.12014224 -0.23796420 0.07866012
v 0.08927480 0.05466693 0.06110369
v 0.07189054 0.05208012 0.06530207
v 0.12205583 -0.07459746 0.09647301
v 0.11157501 -0.07525662 0.10463376
v 0.11667782 -0.05682234 0.10786797
v 0.12581660 -0.05697080 0.09972495
v 0.17160103 0.01639121 0.03368719
v 0.18120813 0.03371281 0.02861517
v 0.18137211 0.01038816 0.01516977
v 0.17253709 0.00122561 0.02045604
v 0.15656528 -0.25474292 -0.00990140
v 0.15639190 -0.26005304 0.01654273
v 0.12055594 -0.27894855 0.08305660
v 0.10271277 -0.28452411 0.10042971
v 0.19842651 -0.00977759 -0.03804773
v 0.20802657 -0.00193396 -0.04184908
v 0.21038899 -0.00456960 -0.05434106
v 0.20179102 -0.01160083 -0.05189705
v 0.05370805 -0.05130313 0.12189869
v 0.06910688 -0.04238420 0.12201709
v 0.07482114 -0.05906514 0.12200154
v 0.06238094 -0.07194019 0.11935461
v 0.11883725 -0.09065653 0.08811839
v 0.11729789 -0.10329705 0.07796311
v 0.10688735 -0.09145701 0.09689492
v 0.03777568 -0.06126380 0.11819702
v 0.04807150 -0.08740652 0.11325003
v 0.05361794 0.04856698 0.06894623
v 0.05224719 0.03425747 0.08028331
v 0.05421541 0.06352690 0.05790289
v 0.03524923 0.05981070 0.06260552
v 0.03420088 0.07529635 0.05253666
v 0.05324467 0.07914049 0.04717841
v 0.03204608 0.09096501 0.04426125
v 0.05091774 0.09521392 0.03808369
v 0.03982181 0.12490363 0.01716394
v 0.04348050 0.11592767 0.02158418
v 0.16491252 0.00469600 0.03777000
v 0.15990822 -0.00604082 0.04190159
v 0.13664898 -0.27307418 0.06384712
v 0.11809883 0.06974193 -0.12639287
v 0.11489791 0.05245906 -0.13151765
v 0.13242620 0.05570889 -0.12305930
v 0.13546871 0.07250236 -0.11825899
v 0.12100856 0.14301075 -0.03580585
v 0.11868824 0.13033508 -0.01128672
v 0.17610848 -0.00793477 -0.09489159
v 0.18722253 -0.00273848 -0.09075838
v 0.18631795 0.00549098 -0.09480604
v 0.17417280 0.00112888 -0.09940972
v 0.21227373 0.00562222 -0.07908291
v 0.21219486 -0.00040882 -0.07313240
v 0.23073883 0.00642386 -0.07625828
v 0.22972690 0.01298301 -0.08293848
v 0.14790520 -0.23415647 -0.03640595
v 0.14562643 -0.21687914 -0.03856094
v 0.13114721 -0.10268175 -0.09353505
v 0.00003916 0.16923481 -0.08358421
v -0.00015050 0.18072370 -0.07755663
v 0.14282416 -0.10985039 -0.07355296
v 0.15029587 -0.09408636 -0.07334492
v 0.14022838 -0.08638135 -0.09173899
v 0.01781354 0.04412301 -0.12664391
v 0.01762138 0.02849294 -0.12867546
v 0.03658590 0.03223429 -0.13348716
v 0.03678174 0.04807948 -0.13121352
v 0.07850984 0.07616644 -0.13154447
v 0.08000541 0.09157196 -0.12625028
v 0.05685978 0.08398657 -0.12759437
v 0.05646902 0.06929571 -0.13171518
v 0.09800600 0.06526423 -0.13275024
v 0.09528659 0.04786711 -0.13702595
v 0.16710988 -0.06824479 -0.05470828
v 0.16178365 -0.08352514 -0.05298472
v 0.17871250 -0.03721238 -0.04454105
v 0.17855456 -0.03679581 -0.06028998
v 0.17500541 -0.04508090 -0.05887419
v 0.17550538 -0.04529360 -0.04211202
v 0.09061312 0.15047117 -0.04288300
v 0.08722007 0.15563720 -0.06308826
v 0.09806497 0.15185709 -0.06149470
v 0.05173206 0.13364172 -0.10323435
v 0.05182974 0.12700881 -0.10779831
v 0.06536505 0.13260815 -0.10327938
v 0.06182136 0.13816950 -0.09894704
v 0.04028349 -0.03694168 -0.13741679
v 0.01935703 -0.03722993 -0.13489963
v 0.02015535 -0.05872273 -0.13234088
v 0.04240869 -0.05994999 -0.13441809
v 0.18915658 -0.01549271 -0.08039493
v 0.17994942 -0.02204859 -0.08256330
v 0.18201511 -0.02699229 -0.07347412
v 0.18991651 -0.02052125 -0.07260627
v 0.17222348 -0.04213378 -0.07282843
v 0.17648205 -0.03387085 -0.07328476
v 0.17331214 -0.02889505 -0.08381738
v 0.16792959 -0.03687352 -0.08481902
v 0.14871210 -0.07118999 -0.08888259
v 0.15667662 -0.07806645 -0.07200843
v 0.16350824 -0.06371584 -0.07186224
v 0.15732595 -0.05756939 -0.08748619
v 0.01872343 -0.12902389 -0.11625852
v 0.03799833 -0.13192730 -0.11898411
v 0.03911463 -0.10822786 -0.12438164
v 0.01889919 -0.10624458 -0.12304637
v 0.22176591 0.01668523 -0.02095411
v 0.22157924 0.02520217 -0.00724723
v 0.23593517 0.02555538 -0.01088684
v 0.23903731 0.01686318 -0.02520339
v 0.24488066 0.04898101 -0.10050019
v 0.23437764 0.04308810 -0.09950490
v 0.23606531 0.03594379 -0.09779540
v 0.24626315 0.04239545 -0.09963167
v 0.26221746 0.00791827 -0.04133666
v 0.25724703 0.01521975 -0.02813451
v 0.27821034 0.01295081 -0.03060628
v 0.28244743 0.00554695 -0.04436085
v 0.13244599 0.14198770 -0.06341722
v 0.13173845 0.14332354 -0.03491991
v 0.12253579 0.14569455 -0.06236159
v 0.26517221 0.00182711 -0.06550436
v 0.26401973 0.00507434 -0.07645802
v 0.24709980 0.00408188 -0.07191518
v 0.24777238 0.00254946 -0.06131650
v 0.31280917 0.08045077 -0.01509151
v 0.33690444 0.07706174 -0.01632951
v 0.30635148 0.00114581 -0.05950565
v 0.30732623 0.00302774 -0.07233429
v 0.28575796 0.00202535 -0.06927048
v 0.28545904 0.00135176 -0.05721103
v 0.12309442 -0.11848591 -0.09274916
v 0.13673005 -0.12504306 -0.07379159
v 0.12018831 -0.22954985 -0.07544940
v 0.13572635 -0.23126526 -0.05809942
v 0.13118950 -0.21302843 -0.06024183
v 0.11553206 -0.21051209 -0.07735979
v 0.14952683 -0.25086764 -0.03508296
v 0.12325802 -0.24801221 -0.07372031
v 0.13838582 -0.24875958 -0.05652641
v 0.06897900 0.16314039 -0.05814147
v 0.05705665 0.16336128 -0.07301341
v 0.06606181 0.15752311 -0.07699201
v 0.07730675 0.15909842 -0.06324492
v 0.17532578 -0.35940909 -0.03796086
v 0.17435592 -0.38397220 -0.04264898
v 0.17933361 -0.38372329 -0.01202182
v 0.17931655 -0.36169297 -0.00734641
v 0.03609435 0.14721724 -0.09408811
v 0.05194845 0.15352555 -0.08611163
v 0.04302115 0.15966512 -0.08216665
v 0.02995410 0.15534724 -0.08877910
v 0.17671125 -0.33897620 -0.00634640
v 0.17336869 -0.33442506 -0.03566672
v 0.08094898 0.15434410 -0.04260001
v 0.07151395 0.15825567 -0.03839783
v 0.07747891 0.14669921 -0.02466490
v 0.06869943 0.15118980 -0.02141152
v 0.06136608 0.14510833 -0.00558997
v 0.17945883 -0.38776726 0.01812163
v 0.17600325 -0.36741138 0.02019531
v 0.05527565 0.17024620 -0.06294250
v 0.04328578 0.16907600 -0.07304231
v 0.02835610 0.16618821 -0.08072244
v 0.01287138 0.16582908 -0.08423539
v 0.15413196 -0.26766494 -0.03458476
v 0.15887971 -0.27124113 -0.00856871
v 0.13159530 -0.48879293 -0.11189537
v 0.10352492 -0.49735266 -0.12030087
v 0.10594070 -0.50972897 -0.10929212
v 0.13957193 -0.50030434 -0.10131784
v 0.03065974 -0.49490845 -0.12246639
v 0.02977966 -0.51006818 -0.10561837
v 0.06838039 -0.51340115 -0.11040971
v 0.06938554 -0.49946904 -0.12388291
v 0.06432611 -0.36919838 -0.14532822
v 0.06489277 -0.34680939 -0.13748682
v 0.03467684 -0.34744030 -0.13819933
v 0.03378512 -0.36991969 -0.14521900
v 0.12804879 -0.26507917 -0.07487032
v 0.14295080 -0.26551861 -0.05701472
v 0.15626569 -0.27633199 0.01821626
v 0.21219617 -0.49330315 -0.01248000
v 0.21909687 -0.52545065 -0.01473610
v 0.21882905 -0.53178114 0.02357029
v 0.21023892 -0.49859872 0.02810396
v 0.18204737 -0.53265613 -0.07451762
v 0.17632663 -0.50597483 -0.07768461
v 0.14440720 -0.51795369 -0.09392960
v 0.15002152 -0.54090238 -0.08926930
v 0.08384806 -0.28950545 0.11624143
v 0.10257033 -0.30524284 0.09991612
v 0.08335671 -0.31102869 0.11511536
v 0.02365104 -0.30030084 0.14109102
v 0.04548954 -0.29731929 0.13672946
v 0.04286650 -0.31938270 0.13516831
v 0.02167803 -0.32226938 0.13920958
v 0.02710572 -0.43715504 0.11415294
v 0.01242415 -0.43686447 0.11607970
v 0.01440756 -0.41348612 0.12028235
v 0.03136862 -0.41244993 0.11802135
v 0.16593568 -0.37468240 0.04654550
v 0.14801364 -0.38281572 0.06834878
v 0.14543962 -0.36523643 0.06709303
v 0.16233109 -0.35640264 0.04585215
v 0.03029486 -0.52224320 -0.08531533
v 0.06750169 -0.52550685 -0.09406074
v 0.20635968 -0.54084611 0.05944617
v 0.19527330 -0.50782710 0.06421719
v 0.18243238 -0.55380356 0.08523770
v 0.15064834 -0.56444210 0.09577150
v 0.14198233 -0.53413498 0.09878263
v 0.17237765 -0.52086669 0.08841999
v 0.03963270 -0.51307398 0.08303306
v 0.02635776 -0.53020751 0.05848347
v 0.01862745 -0.52431071 0.06454072
v 0.03045513 -0.50243300 0.09023245
v 0.03111738 -0.47852567 -0.13406140
v 0.06608135 -0.48327786 -0.13511398
v 0.06376223 -0.46407631 -0.14347020
v 0.03084529 -0.46044803 -0.14236265
v 0.10575022 -0.24791107 -0.08608977
v 0.11037020 -0.26595128 -0.08832108
v 0.08768129 -0.24795985 -0.09402078
v 0.10412344 -0.22842324 -0.08747396
v 0.08440322 -0.22738680 -0.09485746
v 0.08631245 -0.09983985 -0.11897913
v 0.10606556 -0.11016187 -0.10785649
v 0.11497772 -0.09381721 -0.10999455
v 0.09574317 -0.08127974 -0.12222835
v 0.05599738 0.03728724 -0.13760599
v 0.05623063 0.05369862 -0.13517104
v 0.10982858 -0.54543549 -0.09349743
v 0.06425636 -0.54216343 -0.08199408
v 0.08942999 -0.57562482 -0.08247627
v 0.12567207 -0.57164115 -0.08994713
v 0.21185988 -0.55593723 -0.04943273
v 0.20630948 -0.52520746 -0.04921801
v 0.18897642 -0.56054193 -0.07273190
v 0.22567160 -0.55717218 -0.01647658
v 0.22694552 -0.56340486 0.02106866
v 0.19078533 -0.58587581 0.08190239
v 0.15900564 -0.59548664 0.09119207
v 0.06639953 -0.58460492 0.05441174
v 0.08899227 -0.58093441 0.07441838
v 0.09762770 -0.60574228 0.06683785
v 0.07537445 -0.60709316 0.04472454
v 0.06756681 -0.43964410 0.10511441
v 0.09986020 -0.41511017 0.09594421
v 0.10485777 -0.43597186 0.09627271
v 0.07930076 -0.46085688 0.10076119
v 0.02902640 -0.27750695 0.14076267
v 0.04684237 -0.27384004 0.13694429
v 0.06447643 -0.29384646 0.12888578
v 0.06486189 -0.27036962 0.12882556
v 0.08373671 -0.26691070 0.11534798
v 0.04676592 -0.17663570 0.12908188
v 0.06842377 -0.17666706 0.11901280
v 0.06603702 -0.19928075 0.12228142
v 0.04506405 -0.19990784 0.13259916
v 0.04856975 -0.15306288 0.12441287
v 0.07065746 -0.15358239 0.11517258
v 0.04841203 -0.10929950 0.10987196
v 0.07044915 -0.09840448 0.10650812
v 0.06981807 -0.11384322 0.10348663
v 0.03508379 0.04473342 0.07256305
v 0.03429580 0.03029514 0.08241216
v 0.16895771 -0.39227316 0.04602197
v 0.04051413 -0.55641609 -0.05446292
v 0.03580310 -0.56938463 -0.02564180
v 0.05060568 -0.59319603 -0.03515338
v 0.06206651 -0.58382106 -0.06228065
v 0.17329316 -0.34800020 0.02106203
v 0.14918223 -0.26663861 0.04176912
v 0.14848371 -0.28357053 0.04293842
v 0.14495930 -0.12918460 0.02615713
v 0.14595288 -0.10858088 0.03069236
v 0.08300099 -0.03719651 0.11956998
v 0.08408950 -0.04969434 0.12108790
v 0.20046535 -0.49515143 -0.04938437
v 0.20137697 -0.64626217 0.07197509
v 0.17028430 -0.65604055 0.07849819
v 0.16529012 -0.62623286 0.08534335
v 0.19662805 -0.61695367 0.07722577
v 0.07387824 -0.63086152 0.00988538
v 0.08617388 -0.63233101 0.03458959
v 0.09837086 -0.65894502 0.02499394
v 0.08901115 -0.65723026 -0.00002455
v 0.10343330 -0.68396699 -0.00775116
v 0.11068641 -0.68728960 0.01772128
v 0.12115134 -0.71462536 0.00845900
v 0.11608490 -0.71048319 -0.01572869
v 0.21432851 -0.57491761 0.05620398
v 0.23631373 -0.62610894 0.01894228
v 0.22513291 -0.63595039 0.04995782
v 0.22024444 -0.60638052 0.05328225
v 0.23196150 -0.59575081 0.02010431
v 0.16065495 -0.56654429 -0.08612993
v 0.06108889 -0.60600126 0.02044023
v 0.05059248 -0.58543086 0.03113081
v 0.09148203 -0.64936119 -0.04896251
v 0.10516556 -0.64271057 -0.07091992
v 0.08460522 -0.61459106 -0.06736911
v 0.07111436 -0.62169266 -0.04265232
v 0.20829004 -0.61397392 -0.06872444
v 0.22668423 -0.61287427 -0.04540346
v 0.21983728 -0.58436066 -0.04679677
v 0.19900386 -0.58719927 -0.07036053
v 0.23604254 -0.61765277 -0.01465249
v 0.23161379 -0.58750725 -0.01495004
v 0.24536672 -0.68404949 0.01677684
v 0.23248014 -0.69381726 0.04373794
v 0.22912718 -0.66524327 0.04692581
v 0.24080831 -0.65554285 0.01773828
v 0.24659300 -0.67474514 -0.01516102
v 0.24115162 -0.64638567 -0.01493087
v 0.23366575 -0.64051354 -0.04463198
v 0.24036321 -0.66827691 -0.04323749
v 0.22460717 -0.66708869 -0.06450231
v 0.21692799 -0.64023829 -0.06701817
v 0.19460572 -0.64460576 -0.08197951
v 0.20436785 -0.66996950 -0.07926597
v 0.16987196 -0.65120256 -0.08796724
v 0.14477533 -0.65931517 -0.08433994
v 0.15957165 -0.68307364 -0.08285966
v 0.18222709 -0.67564279 -0.08504151
v 0.12489252 -0.69935358 -0.05854797
v 0.13944539 -0.69159460 -0.07436751
v 0.12350143 -0.66790557 -0.07293494
v 0.10962781 -0.67509937 -0.05383861
v 0.18143658 -0.79400730 -0.07506286
v 0.19770831 -0.78515393 -0.07827466
v 0.18266644 -0.76114440 -0.07810568
v 0.16554411 -0.76998973 -0.07278461
v 0.21330655 -0.77731013 -0.08254495
v 0.23079947 -0.77084583 -0.08239073
v 0.21711481 -0.74741042 -0.08000354
v 0.20011778 -0.75376308 -0.07978529
v 0.24850541 -0.74301189 -0.05741885
v 0.23390201 -0.74325079 -0.07317132
v 0.24729702 -0.76670551 -0.07476594
v 0.26069045 -0.76687020 -0.05860148
v 0.27379602 -0.76862961 -0.03888626
v 0.26424903 -0.74438262 -0.03889769
v 0.27400583 -0.77586144 -0.01614304
v 0.26828894 -0.75094157 -0.01564174
v 0.25723925 -0.76227397 0.01035826
v 0.26367027 -0.78581524 0.00889774
v 0.16411833 -0.81570137 -0.02857458
v 0.16169325 -0.80999082 -0.04893447
v 0.14713454 -0.78597307 -0.04192057
v 0.15198313 -0.79114562 -0.02184524
v 0.17948565 -0.79159844 0.01929978
v 0.19658643 -0.78814149 0.04241567
v 0.20449612 -0.81213820 0.03120876
v 0.19006301 -0.81526995 0.00766230
v 0.25259584 -0.70119017 -0.01536268
v 0.24976552 -0.71121812 0.01539440
v 0.23137473 -0.69339520 -0.06138338
v 0.24696660 -0.69479597 -0.04140650
v 0.13870834 -0.72277504 -0.06341655
v 0.15415812 -0.71453726 -0.07577435
v 0.13100439 -0.74102491 -0.00164318
v 0.12642969 -0.73628956 -0.02440614
v 0.21148033 -0.73031950 0.05603687
v 0.23477334 -0.72119558 0.04098692
v 0.23876832 -0.74714011 0.03859900
v 0.21649402 -0.75620520 0.05336916
v 0.25982994 -0.72674495 -0.01564008
v 0.25469846 -0.71998245 -0.03994478
v 0.23894995 -0.71855986 -0.05862011
v 0.22322461 -0.71936005 -0.07376675
v 0.20543408 -0.72376245 -0.07994088
v 0.18701604 -0.73000616 -0.07953040
v 0.16827813 -0.73759121 -0.07711609
v 0.15185107 -0.74596560 -0.06832377
v 0.13670254 -0.76121438 -0.03351801
v 0.14185020 -0.76622301 -0.01244524
v 0.22164768 -0.78111082 0.04940310
v 0.24490269 -0.77115303 0.03541185
v 0.25250161 -0.79322010 0.03003960
v 0.22755665 -0.80357748 0.03973527
v 0.23462135 -0.82423472 0.02843401
v 0.21417719 -0.83146244 0.01965612
v 0.22805239 -0.80157733 -0.08603296
v 0.24453451 -0.79522806 -0.08441222
v 0.26039290 -0.79136372 -0.07647023
v 0.28379947 -0.79238552 -0.04109863
v 0.28102323 -0.80135912 -0.01492796
v 0.27035204 -0.81084424 0.00793265
v 0.25605273 -0.81523204 0.02394552
v 0.19445184 -0.85669935 -0.05593828
v 0.17880104 -0.83237737 -0.05193043
v 0.17920998 -0.83706176 -0.03355161
v 0.19503403 -0.86092871 -0.03755128
v 0.21077693 -0.84414232 -0.08265760
v 0.22496001 -0.83549142 -0.09203549
v 0.21263216 -0.80958074 -0.08038426
v 0.19881611 -0.81824166 -0.07396571
v 0.24202283 -0.82705379 -0.09561722
v 0.25996608 -0.82015651 -0.09179908
v 0.27653334 -0.81490719 -0.08274058
v 0.27456802 -0.78960371 -0.06196997
v 0.29010653 -0.81326103 -0.06616168
v 0.29500192 -0.81801701 -0.04190062
v 0.29093522 -0.82733458 -0.01086929
v 0.28600544 -0.86750358 0.00638658
v 0.27252689 -0.84042042 0.00901930
v 0.30415040 -0.85414308 -0.01145669
v 0.29590976 -0.96888041 -0.00740216
v 0.31851506 -0.95814240 -0.00720504
v 0.32711220 -0.99196607 -0.01394186
v 0.30729502 -1.00192809 -0.01373541
v 0.20765179 -0.88735020 -0.04181721
v 0.20600924 -0.88517725 -0.06280107
v 0.22142479 -0.87321967 -0.09278399
v 0.23739481 -0.86370593 -0.10230508
v 0.32468021 -0.87195730 -0.04670372
v 0.31012723 -0.84400111 -0.04215506
v 0.30549455 -0.83925843 -0.06921961
v 0.31985614 -0.86806345 -0.07407559
v 0.24090582 -0.98011374 -0.05444580
v 0.23964489 -0.97851706 -0.07533652
v 0.22596934 -0.94747347 -0.07306621
v 0.22734022 -0.94918513 -0.05049337
v 0.23151669 -0.90452409 -0.09994873
v 0.24284472 -0.93632060 -0.10467920
v 0.25923544 -0.92696285 -0.11469864
v 0.24792877 -0.89491063 -0.11017186
v 0.34501606 -0.93853730 -0.05339275
v 0.33637708 -0.90352863 -0.05057726
v 0.33257210 -0.90027177 -0.07750754
v 0.34204555 -0.93601137 -0.07901450
v 0.31779835 -0.88166583 -0.01645980
v 0.32853496 -0.91218978 -0.02161593
v 0.30963102 -0.92550480 -0.00204996
v 0.29749379 -0.89541584 0.00327812
v 0.28464788 -0.93662137 -0.00145313
v 0.27187556 -0.90697879 0.00300757
v 0.00091399 -0.51914799 0.07197178
v 0.00128959 -0.53042197 0.04917370
v 0.00151997 -0.53199208 0.03109978
v 0.27801159 -1.04296136 -0.07493878
v 0.25871998 -1.00996518 -0.07529135
v 0.25963756 -1.01263547 -0.05615101
v 0.27930149 -1.04618549 -0.05799249
v 0.27382267 -0.95987099 -0.11457590
v 0.25709760 -0.96805072 -0.10578609
v 0.27454489 -1.00084138 -0.10206514
v 0.28950340 -0.99393660 -0.11013470
v 0.35987765 -1.01534319 -0.05738759
v 0.35264575 -0.97603202 -0.05561011
v 0.34981409 -0.97465593 -0.07905052
v 0.35644519 -1.01416492 -0.07911833
v 0.33733919 -1.02851629 -0.02108520
v 0.34558564 -0.98149240 -0.02946846
v 0.35404527 -1.02005637 -0.03515531
v 0.34585500 -1.06527543 -0.02512052
v 0.33003148 -1.07302594 -0.02440935
v 0.31883162 -1.03737903 -0.02020021
v 0.29720110 -1.07806098 -0.05885216
v 0.29475439 -1.07605028 -0.07429084
v 0.31549907 -1.06322300 -0.10300601
v 0.30379418 -1.02866805 -0.10564110
v 0.29062435 -1.03516936 -0.09805049
v 0.30389112 -1.06950164 -0.09544285
v 0.33626157 -1.01915693 -0.10341007
v 0.31991363 -1.02317047 -0.10756655
v 0.33067143 -1.05780292 -0.10462216
v 0.34576142 -1.05445588 -0.10001076
v 0.36159045 -1.05043745 -0.07800698
v 0.34839797 -1.01577055 -0.09390202
v 0.35507685 -1.05198514 -0.09103377
v 0.36565459 -1.05107737 -0.05783356
v 0.36118162 -1.05650651 -0.03730205
v 0.01990345 -0.53603899 -0.02994466
v 0.02369736 -0.54769278 -0.00099339
v 0.02834607 -0.55477554 -0.01329622
v 0.02847058 -0.53948718 -0.04192459
v 0.10671844 -0.63270807 0.05924153
v 0.11607818 -0.66165537 0.05038197
v 0.13404834 -0.71728361 0.03232550
v 0.12598640 -0.69016993 0.04224452
v 0.14366521 -0.74351490 0.02114976
v 0.15429983 -0.76893079 0.00966953
v 0.16407777 -0.79382032 -0.00187797
v 0.17487717 -0.81726938 -0.01089248
v 0.18874267 -0.83917010 -0.01586545
v 0.20383334 -0.86270958 -0.01770952
v 0.22764450 -0.91606748 -0.02543668
v 0.21722211 -0.91774833 -0.04623680
v 0.21724981 -0.88761312 -0.02151352
v 0.25212845 -0.97924060 -0.03242490
v 0.23850790 -0.94720405 -0.02880375
v 0.26959661 -1.01294065 -0.03672459
v 0.28801292 -1.04696023 -0.04135159
v 0.30537552 -1.07861638 -0.04369267
v 0.10329464 -0.52167100 0.09706373
v 0.07703221 -0.53688365 0.08621454
v 0.07214044 -0.51919848 0.09062846
v 0.09598083 -0.49980462 0.09844576
v 0.02011970 -0.53506672 0.03938799
v 0.01569138 -0.53533036 0.02324167
v 0.01052843 -0.53267539 0.02814502
v 0.01408513 -0.53126490 0.04453000
v 0.25345120 -0.73686713 0.01318558
v 0.21366920 -0.69497395 -0.07595498
v 0.19381090 -0.69977236 -0.08167730
v 0.17350022 -0.70640296 -0.08083608
v 0.00171334 -0.52948731 0.01415366
v 0.16126873 -0.74310434 0.04304939
v 0.18423691 -0.73841733 0.05662670
v 0.18993375 -0.76410609 0.05025090
v 0.16855368 -0.76920611 0.03324314
v 0.25961179 -0.88241613 0.00608984
v 0.24800131 -0.91297603 -0.00900097
v 0.23607010 -0.88640696 -0.00421009
v 0.25002700 -0.85953492 0.01121934
v 0.27605370 -0.84577692 -0.10028971
v 0.29296410 -0.84029025 -0.08909312
v 0.28954160 -0.87483579 -0.10847633
v 0.25660652 -0.85371971 -0.10449096
v 0.26858506 -0.88405448 -0.11307463
v 0.14819658 -0.69033808 0.06174374
v 0.17490956 -0.68471444 0.07079987
v 0.17962332 -0.71198320 0.06295721
v 0.15427259 -0.71690911 0.05233228
v 0.12752508 -0.19570439 -0.06280215
v 0.11243933 -0.19213091 -0.07943186
v 0.13976070 -0.07981020 0.06916773
v 0.14190330 -0.09274951 0.05300417
v 0.13011009 -0.09985092 0.06598187
v 0.12968065 -0.08719484 0.07865525
v 0.14752579 -0.06953476 0.06038491
v 0.15033926 -0.08211441 0.04356647
v 0.15318175 -0.05711817 0.05158032
v 0.00026527 0.11751303 -0.10714943
v 0.00031848 0.12952076 -0.10297062
v 0.15632516 -0.06931784 0.03518865
v 0.17363189 -0.00950955 0.00421165
v 0.18029077 -0.00291766 -0.00179952
v 0.04934801 -0.13028230 0.11812354
v 0.02534602 -0.13094409 0.12249856
v 0.02510420 -0.11034954 0.11460564
v 0.06333844 -0.31595829 0.12731449
v 0.04412499 -0.43860263 0.11042383
v 0.05012510 -0.41043618 0.11352789
v 0.07241333 -0.40455544 0.10663219
v 0.01133931 -0.50672877 0.08686920
v 0.06012175 -0.11258379 -0.12159171
v 0.05832293 -0.13624752 -0.11719763
v 0.03690018 0.06319975 -0.12822160
v 0.01783968 0.05912463 -0.12417648
v 0.03634228 0.09056695 -0.12134054
v 0.03560733 0.10269666 -0.11750013
v 0.01742028 0.09821931 -0.11539920
v -0.00003361 -0.17864071 0.13486128
v 0.00006037 -0.20094605 0.13847776
v 0.01769655 0.08612974 -0.11868624
v 0.01894974 0.14539741 -0.09656942
v 0.00010547 -0.11258548 0.11542797
v 0.00012776 -0.13339643 0.12281630
v 0.01579035 0.15570745 -0.09070716
v 0.01920973 -0.53898484 0.01845168
v 0.01349632 -0.53365850 -0.00417033
v 0.01168853 -0.53241664 0.00541786
v 0.06054163 -0.56484330 0.06290685
v 0.04456235 -0.56842947 0.04105267
v 0.04076677 -0.55530667 0.04888488
v 0.05610151 -0.54888207 0.06977014
v 0.20024090 -0.46643221 0.03349743
v 0.20418492 -0.46129191 -0.00665007
v 0.10724228 -0.52439326 -0.09942493
v 0.35339305 0.00535662 -0.07469825
v 0.35435000 0.01408231 -0.08521124
v 0.33040270 0.01217459 -0.08503139
v 0.32979569 0.00410608 -0.07391919
v 0.06380544 -0.03622879 -0.13816689
v 0.07204787 -0.06303742 -0.13195787
v 0.08553372 0.14061327 -0.02313726
v 0.15318590 0.14107472 -0.03055333
v 0.15052010 0.13187546 -0.00512598
v 0.14089282 0.13262515 -0.00838616
v 0.14241797 0.14243676 -0.03333149
v 0.00153928 -0.52560681 -0.00156406
v 0.15076943 0.09089407 -0.10475734
v 0.15161315 0.10770365 -0.09433363
v 0.14004397 0.10770448 -0.10046629
v 0.13815975 0.08977777 -0.11124235
v 0.03206883 -0.39367589 -0.14969260
v 0.06272130 -0.39313364 -0.15062341
v 0.04027396 -0.20204426 -0.10262693
v 0.06070871 -0.20456865 -0.10204408
v 0.05838946 -0.18281938 -0.10703836
v 0.00166256 -0.52062654 -0.05337764
v 0.00186581 -0.51570487 -0.06408694
v 0.03863746 -0.17952304 -0.10791427
v 0.09548172 -0.04993697 -0.13063376
v 0.11075658 -0.06597494 -0.12064854
v 0.03283412 -0.01625100 0.10962343
v 0.05006580 -0.01222966 0.11028689
v 0.05087578 -0.03025551 0.11802857
v 0.03385770 -0.03627114 0.11643162
v 0.29576588 0.04064539 -0.09876406
v 0.27607298 0.02977256 -0.09692829
v 0.28161904 0.01689596 -0.09034727
v 0.30347788 0.02161915 -0.09305792
v 0.19098173 -0.46235862 -0.05083483
v 0.16894129 -0.48427975 -0.08406607
v 0.14252815 -0.16394474 -0.04985264
v 0.13005577 -0.16023004 -0.07278151
v 0.12678495 -0.17855299 -0.06763315
v 0.13976975 -0.18212770 -0.04573391
v 0.15080895 -0.11374403 -0.05136584
v 0.14686519 -0.12896745 -0.05164197
v 0.15673776 -0.09926476 -0.05217224
v 0.20272325 -0.01045580 -0.06347134
v 0.21156445 -0.00431840 -0.06503008
v 0.20281190 -0.00639873 -0.07191161
v 0.08233914 -0.55743599 0.08115108
v 0.05870916 -0.48818466 0.09741345
v 0.04838212 -0.47468033 0.10261855
v 0.00828840 -0.53042507 0.01176421
v 0.06166820 0.15781133 -0.01681096
v 0.05571570 0.15308481 -0.00156741
v 0.24652927 0.00496569 -0.04983389
v 0.26497918 0.00316092 -0.05382326
v 0.18763618 -0.02060519 -0.03405517
v 0.19041002 -0.02380190 -0.04936357
v 0.18328333 -0.03067994 -0.04698253
v 0.18079194 -0.02723680 -0.03018981
v 0.19092943 -0.02337630 -0.06228020
v 0.18347381 -0.03025664 -0.06160298
v 0.13233761 0.05494346 0.04932848
v 0.13412431 0.07237533 0.03765361
v 0.14481214 0.06853572 0.03622470
v 0.14323473 0.05104364 0.04656759
v 0.11993977 0.05573114 0.05267398
v 0.10553504 0.05561152 0.05665634
v 0.10759389 0.07345827 0.04312020
v 0.12210400 0.07372835 0.03985193
v 0.06725690 0.11431310 0.01898387
v 0.08388565 0.12256777 0.00248998
v 0.04760013 0.10751794 0.02988129
v 0.02992018 0.10312941 0.03710767
v 0.01961734 0.13356350 -0.10252012
v 0.01815208 0.12094773 -0.10782253
v 0.03671672 0.12511359 -0.10811147
v 0.03972106 0.13652855 -0.10145590
v 0.04917495 0.14178017 0.00772045
v 0.03732218 0.13491723 0.01721682
v 0.02552867 0.12129348 0.02617286
v 0.31279969 0.09094516 -0.02933180
v 0.33622286 0.08690101 -0.02954592
v 0.06264756 0.16840820 -0.04900549
v 0.06397736 0.16318557 -0.03301571
v 0.31302273 0.09604663 -0.04642642
v 0.33717757 0.09112505 -0.04618842
v 0.13047999 0.13158296 -0.01007760
v 0.13891372 0.11304951 0.01026933
v 0.12828620 0.11193015 0.00977610
v 0.04548690 0.15026042 0.01110524
v 0.03535194 0.14395367 0.01935971
v 0.19351400 -0.43137628 0.00348556
v 0.18866026 -0.43695110 0.03912601
v 0.14578155 -0.20971353 0.03389104
v 0.15042293 -0.20595817 0.00874777
v 0.02378178 -0.17746013 0.13412732
v 0.02266007 -0.20108697 0.13797069
v 0.01084772 0.14704259 0.03089177
v 0.04506127 -0.24917199 0.13652828
v 0.02262892 -0.25366935 0.14041406
v 0.02239034 -0.22618814 0.13993256
v 0.04441702 -0.22401592 0.13499638
v 0.01312956 -0.29155979 0.14204574
v 0.01456051 -0.27921128 0.14108565
v 0.01136751 -0.45710802 0.11235990
v 0.02321448 -0.45808589 0.11090715
v 0.23726782 0.07705603 0.00499955
v 0.23408625 0.09682936 -0.00218671
v 0.25058761 0.09326876 -0.00658413
v 0.25306696 0.07467417 0.00147631
v 0.06459580 -0.24597576 0.12726380
v 0.08379005 -0.24367337 0.11254952
v 0.16847210 -0.01795176 0.00831313
v 0.16663821 -0.00819898 0.02465959
v 0.02412407 -0.09037656 0.11317273
v 0.06736151 -0.02527644 0.11727004
v 0.06713162 -0.00926074 0.10926509
v 0.08325609 -0.00746786 0.10612680
v 0.08283393 -0.02215170 0.11434307
v 0.00697783 -0.52895534 0.00196971
v 0.22717223 0.07337036 -0.09957308
v 0.23852251 0.07809740 -0.09787095
v 0.23511383 0.08789719 -0.09417180
v 0.22399007 0.08455972 -0.09632082
v 0.03428123 -0.56550545 0.01528090
v 0.04123453 -0.58032417 0.00406331
v 0.02909976 -0.52927768 -0.06381536
v 0.01364883 -0.52702343 -0.04922404
v 0.12599288 -0.60251915 0.08461649
v 0.11795938 -0.57348472 0.09069695
v 0.13358150 -0.63223839 0.07741492
v 0.14124912 -0.66168761 0.06990054
v 0.20293847 -0.83670634 0.00095524
v 0.22248685 -0.85959822 0.00190819
v 0.26062268 -0.94296426 -0.01379284
v 0.00179897 -0.51357269 -0.08064552
v 0.27363914 -0.97488517 -0.01875821
v 0.28782433 -1.00855005 -0.02403785
v 0.30243444 -1.04390740 -0.02916737
v 0.31666827 -1.07733560 -0.03168985
v 0.33900690 0.08860304 -0.06312597
v 0.31390288 0.09379023 -0.06499302
v 0.31718358 0.08335175 -0.08013362
v 0.34268403 0.08007909 -0.07736268
v 0.30387628 0.00412132 -0.04624948
v 0.30051985 0.01123234 -0.03242339
v 0.32269010 0.00844215 -0.03348336
v 0.32518506 0.00271085 -0.04747869
v 0.34802288 0.00049027 -0.04864307
v 0.35088378 0.00030529 -0.06222150
v 0.32759601 0.00103628 -0.06119382
v 0.35279346 0.02717761 -0.09266870
v 0.35066140 0.04140365 -0.09561916
v 0.32517767 0.04124133 -0.09728556
v 0.32868215 0.02420580 -0.09320616
v 0.34536117 0.06839836 -0.08797952
v 0.32092279 0.06974637 -0.09051444
v 0.32328925 0.05560171 -0.09612457
v 0.34823745 0.05476949 -0.09405468
v 0.34176648 0.02700968 -0.01154058
v 0.34352452 0.01435456 -0.02155131
v 0.31992829 0.01814958 -0.02070463
v 0.31781167 0.03078115 -0.01010009
v 0.23218384 0.11473756 -0.01738077
v 0.24891475 0.10872979 -0.02085144
v 0.19262609 0.02031903 0.00487758
v 0.19364305 0.03429217 0.01777217
v 0.20743480 0.03708437 0.01037856
v 0.20183636 0.02201259 -0.00276131
v 0.28941292 0.08414628 -0.01287016
v 0.26861104 0.08881579 -0.00983351
v 0.26781228 0.10174731 -0.02442605
v 0.28965142 0.09534886 -0.02736902
v 0.29444203 0.03373712 -0.00853837
v 0.00187890 -0.52186453 -0.04149855
v 0.29711437 0.02154226 -0.01947881
v 0.27433604 0.02339792 -0.01711230
v 0.27231407 0.03578713 -0.00580387
v 0.30674359 0.01029484 -0.08377983
v 0.28444090 0.00759574 -0.08067559
v 0.23870459 0.05725128 0.00683400
v 0.25441110 0.05488856 0.00312735
v 0.16241209 -0.01837530 0.02860726
v 0.17314954 -0.04219329 -0.02350239
v 0.17634964 -0.03385834 -0.02667624
v 0.13086833 -0.07185903 0.08833590
v 0.13292111 -0.05641459 0.09180337
v 0.16038948 -0.07843110 0.01430623
v 0.16399805 -0.06284951 0.00688948
v 0.13843249 -0.06631640 0.08032987
v 0.13772413 -0.05598289 0.08516174
v 0.08953357 -0.13408995 0.09799066
v 0.02731295 0.11249638 0.03041862
v 0.27035889 0.07110452 -0.00116283
v 0.27119261 0.05204354 -0.00000830
v 0.24382290 0.01763941 -0.08869860
v 0.24529217 0.00975720 -0.08108746
v 0.26212960 0.01305084 -0.08628602
v 0.00157200 -0.50272173 -0.09654617
v 0.00110098 -0.48803043 -0.11259799
v 0.25921106 0.02321587 -0.09351227
v 0.13036962 -0.02767913 -0.12150888
v 0.11417686 -0.03857050 -0.12692766
v 0.12597261 -0.05193975 -0.11675736
v 0.13971275 -0.03970271 -0.11206911
v 0.23408096 0.10426471 -0.08262449
v 0.23769221 0.11073977 -0.07319515
v 0.22269215 0.11413483 -0.07327916
v 0.22135796 0.10537463 -0.08381548
v 0.24215132 0.11589363 -0.05902244
v 0.24671510 0.11656083 -0.04036221
v 0.22931251 0.12330785 -0.03844563
v 0.22517155 0.12124879 -0.05837195
v 0.17458841 -0.40783319 -0.05019251
v 0.18232641 -0.40566808 -0.01951618
v 0.13646375 -0.29163855 0.06423480
v 0.12056547 -0.29882675 0.08294735
v 0.09792413 -0.39020491 0.09664420
v 0.04603319 -0.52392912 0.07918166
v 0.03122893 -0.53750056 0.05579508
v 0.05237477 -0.60119951 -0.00670351
v 0.18532926 -0.40872875 0.01215394
v 0.06964652 -0.62713850 -0.01589572
v 0.08725967 -0.65392947 -0.02436934
v 0.12875515 -0.63428259 -0.08500667
v 0.15629023 -0.62630868 -0.08955191
v 0.14183204 -0.59987801 -0.08999112
v 0.11045696 -0.60689217 -0.08428758
v 0.18400380 -0.61908698 -0.08378991
v 0.17258720 -0.59312940 -0.08491380
v 0.20821351 -0.70291293 0.06004369
v 0.28034332 -0.91687417 -0.11769872
v 0.31342095 -0.94390142 -0.11186750
v 0.30161256 -0.90763640 -0.11269961
v 0.29360759 -0.95146835 -0.11689546
v 0.31972980 -0.90183586 -0.09877524
v 0.30693403 -0.86919421 -0.09529129
v 0.33725268 -0.94564795 -0.02508314
v 0.30750167 -0.98690778 -0.11241878
v 0.32533875 -0.98131579 -0.10754216
v 0.34013927 -0.97653240 -0.09613658
v 0.33066383 -0.93792051 -0.09853724
v 0.03080358 -0.55516142 0.02502163
v 0.18351229 -0.47698730 0.06805930
v 0.17146184 -0.44939443 0.07109147
v 0.11309806 -0.45706299 0.09792922
v 0.08836395 -0.47977415 0.09942662
v 0.10244336 -0.22009519 0.09239887
v 0.12019666 -0.21767089 0.07565484
v 0.12031855 -0.17511488 0.06975670
v 0.13439247 -0.17274910 0.05046217
v 0.13468175 -0.19354938 0.05324270
v 0.12032296 -0.19689113 0.07254941
v 0.15009856 -0.16850926 0.00258670
v 0.14942499 -0.16647410 -0.02436668
v 0.14767337 -0.18498623 -0.02080406
v 0.14915656 -0.18744524 0.00544701
v 0.14888616 -0.20255829 -0.01716130
v 0.14090076 -0.19957194 -0.04161719
v 0.07700617 -0.16444796 -0.10665015
v 0.09520850 -0.16919507 -0.09748057
v 0.09682430 -0.14824949 -0.10330583
v 0.07809114 -0.14194410 -0.11177781
v 0.03573223 -0.46379817 0.10755046
v 0.02446027 -0.54087353 0.03638127
v 0.11095396 -0.54603422 0.09492243
v 0.13258621 -0.50533122 0.10028475
v 0.16082475 -0.49071214 0.09075221
v 0.24350846 0.00981622 -0.03788177
v 0.16656168 -0.01373444 -0.09898991
v 0.16384523 -0.00358983 -0.10427040
v 0.26154405 0.10901366 -0.06149203
v 0.26623115 0.10926001 -0.04342229
v 0.25343704 0.03708973 -0.00186949
v 0.21980490 0.10068544 0.00213897
v 0.22267658 0.07890739 0.00975188
v 0.20807143 0.08184227 0.01549340
v 0.12536141 -0.39719987 0.08378220
v 0.15347332 -0.40279895 0.07029147
v 0.13056684 -0.41767365 0.08624656
v 0.01029573 -0.52713835 -0.03530932
v 0.06615740 -0.50312471 0.09407438
v 0.10281953 -0.68048918 -0.03138145
v 0.11644150 -0.70591158 -0.03837337
v 0.12876998 -0.73028064 -0.04550276
v 0.14060953 -0.75450987 -0.05268465
v 0.15266097 -0.77863652 -0.05980468
v 0.16803348 -0.80194724 -0.06516347
v 0.18640172 -0.82544905 -0.06578979
v 0.20023027 -0.85105008 -0.07109674
v 0.21558407 -0.91586506 -0.06853637
v 0.22059810 -0.91127849 -0.08589855
v 0.21064305 -0.88003677 -0.07940458
v 0.23166023 -0.94325316 -0.09045972
v 0.24587864 -0.97434902 -0.09196416
v 0.26429790 -1.00604320 -0.09004213
v 0.29744571 -1.07288766 -0.08596568
v 0.28240055 -1.03915489 -0.08771238
v 0.00772389 -0.52760136 -0.01006852
v 0.00861422 -0.52737588 -0.02216278
v 0.11529350 0.11017992 0.00969344
v 0.17697082 -0.01918823 -0.01304125
v 0.18331882 -0.01354882 -0.01817727
v 0.23719166 0.03837712 0.00207576
v 0.29801917 0.06977127 -0.09282247
v 0.29371595 0.08553675 -0.08382060
v 0.25310701 0.02453963 -0.01403113
v 0.19949107 0.01051893 -0.01574796
v 0.19143099 0.00711780 -0.00851444
v 0.53698879 0.07479469 -0.04413040
v 0.53472519 0.07871395 -0.05740258
v 0.55537713 0.07524508 -0.05566635
v 0.55697769 0.07051208 -0.04351924
v 0.53837776 0.06513485 -0.03399578
v 0.55784875 0.06083332 -0.03476274
v 0.53895599 0.00378402 -0.05176194
v 0.53832841 0.01255197 -0.03998886
v 0.55827588 0.01303019 -0.04426823
v 0.55886531 0.00539285 -0.05611615
v 0.57718587 0.04538544 -0.03159494
v 0.57707959 0.03338712 -0.03326447
v 0.55787945 0.03548266 -0.03052779
v 0.55810618 0.04873270 -0.03009677
v 0.53648782 0.00566534 -0.08164255
v 0.53379416 0.01501520 -0.09231913
v 0.51418853 0.01095244 -0.08981900
v 0.51716858 0.00186012 -0.07773901
v 0.45727035 0.00959698 -0.02997943
v 0.45925781 -0.00083602 -0.04064555
v 0.44320357 0.00105624 -0.03416132
v 0.44088471 0.01275876 -0.02481581
v 0.49602666 0.08270950 -0.04480594
v 0.49244764 0.08376914 -0.05982907
v 0.51359278 0.08152506 -0.05882327
v 0.51656169 0.07870175 -0.04450282
v 0.49776694 0.04461236 -0.02239509
v 0.49690089 0.02875809 -0.02507886
v 0.47555974 0.03242159 -0.02293087
v 0.47590256 0.04868693 -0.02136821
v 0.47467807 0.08634340 -0.04615283
v 0.47139561 0.08449358 -0.06083690
v 0.53833103 0.03822321 -0.02732440
v 0.53778875 0.02463421 -0.03183894
v 0.51760691 0.02624064 -0.02797242
v 0.51844662 0.04121883 -0.02442188
v 0.57531881 0.01313916 -0.08498918
v 0.57330167 0.02251024 -0.09293687
v 0.55357975 0.01895508 -0.09317575
v 0.55600905 0.00948384 -0.08396951
v 0.57711703 0.02298718 -0.03925494
v 0.57764620 0.01395972 -0.04809751
v 0.55768216 0.02352549 -0.03581082
v 0.57281005 0.06773130 -0.07922711
v 0.57420278 0.07190321 -0.06677523
v 0.55312443 0.07427268 -0.06940413
v 0.55131191 0.06864586 -0.08252476
v 0.49777582 0.00386761 -0.04133996
v 0.49696797 0.01473891 -0.03126428
v 0.51787180 0.01305813 -0.03539529
v 0.51846242 0.00353855 -0.04676379
v 0.49766356 0.07409701 -0.03215248
v 0.51834446 0.06940569 -0.03302113
v 0.53005564 0.06886480 -0.08515310
v 0.53178889 0.07634153 -0.07172868
v 0.51061493 0.07717076 -0.07320472
v 0.50855273 0.06802773 -0.08693482
v 0.48745364 0.05181657 -0.09588969
v 0.48866820 0.03533588 -0.09702677
v 0.50885069 0.03932506 -0.09801803
v 0.50800455 0.05489636 -0.09542622
v 0.47703558 0.00620126 -0.03576998
v 0.47834533 -0.00231613 -0.04856244
v 0.49763110 -0.00141071 -0.07241683
v 0.49459854 0.00693146 -0.08599135
v 0.47542417 0.00296819 -0.08051937
v 0.47812030 -0.00384453 -0.06533971
v 0.43677706 0.07177607 -0.02434839
v 0.43642217 0.08349389 -0.03492455
v 0.45406914 0.08264138 -0.03355879
v 0.45453602 0.06969862 -0.02360558
v 0.45281732 0.08821507 -0.04795119
v 0.43322688 0.08851452 -0.05062625
v 0.40572923 0.07930696 -0.06841921
v 0.40649438 0.06796051 -0.07738892
v 0.41709223 0.06790354 -0.07565694
v 0.41775176 0.08034705 -0.06676582
v 0.44895041 0.04214355 -0.09656429
v 0.45007730 0.02443198 -0.09332001
v 0.46900287 0.03020970 -0.09548046
v 0.46772233 0.04746016 -0.09663051
v 0.43849137 0.00383935 -0.08124345
v 0.44324315 -0.00517019 -0.06750046
v 0.45783970 -0.00138203 -0.07401503
v 0.45346260 0.00938867 -0.08613835
v 0.39090276 -0.00026071 -0.06512485
v 0.38998762 -0.00337958 -0.05155270
v 0.40454012 -0.00491162 -0.05245703
v 0.40536958 -0.00109975 -0.06638800
v 0.38566005 0.00868220 -0.02385536
v 0.38406527 0.02154645 -0.01470267
v 0.39891529 0.01938455 -0.01571148
v 0.40030950 0.00694803 -0.02443574
v 0.38225269 0.08016691 -0.02891248
v 0.38105541 0.08579080 -0.04528518
v 0.39383537 0.08618629 -0.04275649
v 0.39535204 0.07828198 -0.02732359
v 0.43382469 0.03745993 -0.09572794
v 0.43235087 0.01824318 -0.09087845
v 0.41439974 0.00515585 -0.02611374
v 0.41212985 0.01760960 -0.01736924
v 0.42617258 0.01515117 -0.02032330
v 0.42849684 0.00298749 -0.02924366
v 0.00007871 0.05700488 -0.12121753
v 0.00005079 0.07058903 -0.11868183
v 0.40837952 0.04764950 -0.01614652
v 0.40855950 0.06194985 -0.01854315
v 0.42149273 0.05976051 -0.01971942
v 0.42247659 0.04403011 -0.01815017
v 0.40760437 0.07683454 -0.02597630
v 0.40644190 0.08572496 -0.03925760
v 0.42000461 0.08504533 -0.03693853
v 0.42117628 0.07454911 -0.02500400
v 0.41621396 0.04519640 -0.08954618
v 0.41805780 0.03278797 -0.09344063
v -0.00021225 -0.30625087 0.14120960
v -0.00018722 -0.29283479 0.14102927
v 0.42470744 0.03567509 -0.09472993
v 0.42311803 0.04819559 -0.09010386
v 0.42748472 0.00092442 -0.07479649
v 0.43067837 -0.00667013 -0.06077939
v -0.00008962 -0.30375439 -0.11867462
v -0.00004195 -0.28558058 -0.10911941
v 0.43684122 0.04092372 -0.02107150
v 0.43970382 0.02580038 -0.02055374
v 0.42396328 0.02962939 -0.01700876
v 0.41847122 0.08757276 -0.05275339
v 0.39173838 0.00675811 -0.07637488
v 0.39189634 0.01531614 -0.08601163
v 0.37621132 0.01530948 -0.08556364
v 0.37610197 0.00654103 -0.07571309
v 0.37484893 0.00045351 -0.06392177
v 0.37281072 -0.00122912 -0.05041652
v 0.36725166 0.01134568 -0.02267374
v 0.36520138 0.02408506 -0.01313908
v 0.36378545 0.04018592 -0.00824430
v 0.36195406 0.05770377 -0.00951533
v 0.38160285 0.05533997 -0.01297055
v 0.38290715 0.03779790 -0.01090216
v 0.36064535 0.08771318 -0.04588825
v 0.35995287 0.08353872 -0.02940368
v 0.36296451 0.08473875 -0.06167724
v 0.38145044 0.08367965 -0.05966588
v 0.41670910 -0.00423477 -0.03924272
v -0.00014656 -0.38994727 0.12622988
v -0.00001481 -0.41465703 0.12093742
v 0.40285066 -0.00220865 -0.03724191
v 0.52892172 0.05708194 -0.09444359
v 0.52931988 0.04261851 -0.09790076
v 0.55015260 0.04503310 -0.09663232
v 0.55025494 0.05832215 -0.09216099
v 0.57162601 0.03439400 -0.09574132
v 0.55139476 0.03148521 -0.09715970
v 0.53874254 0.05251336 -0.02807961
v 0.51889664 0.05632882 -0.02605356
v 0.57682496 0.05701788 -0.03505027
v 0.43690684 0.05606667 -0.02099083
v 0.45405772 0.05266527 -0.02132694
v 0.40727761 0.05599560 -0.08427691
v 0.39609113 0.06780883 -0.07938772
v 0.39810997 0.05573400 -0.08667815
v 0.44862965 0.05894271 -0.08923477
v 0.44912243 0.07234627 -0.07475209
v 0.43032843 0.06619009 -0.07656997
v 0.43296513 0.05330154 -0.08973453
v 0.41152713 0.03012434 -0.09190362
v 0.40927133 0.04347547 -0.08966588
v 0.40047944 0.04244069 -0.09071460
v 0.40250668 0.02856367 -0.09145030
v 0.39601725 0.06488994 -0.01812221
v 0.38177553 0.06888867 -0.01829288
v 0.38432813 0.06728037 -0.08162896
v 0.38292378 0.07645563 -0.07155328
v 0.36674887 0.07687923 -0.07476022
v 0.36849138 0.06694280 -0.08497284
v 0.39486626 0.07758516 -0.06962097
v 0.38628787 0.05570552 -0.08887026
v 0.37053913 0.05521975 -0.09158929
v 0.36051723 0.07285209 -0.01688469
v 0.39039430 0.02795829 -0.09169418
v 0.38869393 0.04197461 -0.09220328
v 0.37261620 0.04183980 -0.09391666
v 0.37462413 0.02769545 -0.09213953
v 0.53110445 0.02819589 -0.09729544
v 0.51099885 0.02442343 -0.09615910
v 0.44491529 -0.00677375 -0.04995313
v 0.46012700 -0.00631033 -0.05729199
v 0.43076649 -0.00578314 -0.04356839
v 0.53848225 0.00134768 -0.06689171
v 0.55795169 0.00435512 -0.07064361
v 0.49863157 -0.00267788 -0.05576623
v 0.51876616 -0.00125964 -0.06188644
v 0.48764551 0.06634863 -0.08798511
v 0.41584456 0.00767865 -0.08002480
v 0.41760743 -0.00084992 -0.06929060
v 0.42357284 0.01061402 -0.08470686
v 0.36921644 0.00282880 -0.03549713
v 0.38813105 -0.00027539 -0.03657217
v 0.42471248 0.02437030 -0.09371580
v 0.34585282 0.00558069 -0.03449119
v 0.43127576 0.08191557 -0.06509028
v 0.40573311 0.08624591 -0.05493335
v 0.39394096 0.08466997 -0.05729071
v 0.57546490 0.07190230 -0.05382326
v 0.49835619 0.06036313 -0.02444291
v 0.45414552 0.03681542 -0.02192841
v 0.45553926 0.02220181 -0.02405605
v 0.41349635 0.01750096 -0.08864199
v 0.40429232 0.01599764 -0.08673319
v 0.40515584 0.00704105 -0.07735282
v 0.39551643 0.05219352 -0.01484828
v 0.39744675 0.03510190 -0.01247434
v 0.57703555 0.00777367 -0.07305615
v 0.41036627 0.03238286 -0.01424392
v 0.45087880 0.08370016 -0.06259204
v 0.01767105 0.07295065 -0.12144598
v 0.15486918 -0.09317592 0.02167170
v 0.11745532 -0.11644819 0.06916235
v 0.13126548 -0.11364668 0.05293099
v 0.16859996 -0.03564738 -0.00483245
v 0.17223445 -0.02616658 -0.00897736
v 0.19376618 -0.00369142 -0.02322144
v 0.20279494 0.00223084 -0.02866442
v 0.16007380 -0.05539502 0.02662755
v 0.01256115 -0.26640570 0.13961945
v 0.05003909 -0.26885355 -0.10278825
v 0.02564875 -0.26870936 -0.10213392
v 0.02832712 -0.28694329 -0.11021890
v 0.05451228 -0.28726324 -0.10967712
v 0.03133901 -0.30610842 -0.11966514
v 0.16360816 -0.33556947 -0.06401970
v 0.15899049 -0.31454384 -0.06183072
v 0.14440830 -0.31698307 -0.08530299
v 0.14883617 -0.33956465 -0.08937897
v 0.16300304 -0.29829109 -0.03483123
v 0.15316942 -0.29696798 -0.06000485
v 0.16863407 -0.31484523 -0.03479015
v 0.17203400 -0.31949705 -0.00642195
v 0.16637635 -0.30218133 -0.00710725
v 0.16873564 -0.32805240 0.02047861
v 0.16339095 -0.30929425 0.01982613
v 0.15907234 -0.33769697 0.04473273
v 0.14316374 -0.34700456 0.06594237
v 0.12363161 -0.37672126 0.08328858
v 0.09997652 -0.36711317 0.09755278
v 0.12255978 -0.35678840 0.08346877
v 0.05480268 -0.38324884 0.11780533
v 0.07706073 -0.37681860 0.10921379
v 0.01625119 -0.38877219 0.12569049
v 0.03479122 -0.38692448 0.12304939
v 0.11044180 0.09173419 0.02787385
v 0.10191828 0.14321448 -0.08255567
v 0.11136308 0.14833209 -0.06103639
v 0.08825837 0.14848565 -0.08113042
v 0.12150461 0.08731750 -0.11936130
v 0.12446041 0.10588333 -0.10913255
v 0.10396980 0.09952649 -0.11939462
v 0.10136764 0.08244456 -0.12687503
v 0.07707861 0.14013626 -0.09468794
v 0.07008467 0.14240435 -0.09359685
v 0.08724012 0.13425601 -0.09824224
v 0.05358599 0.11862002 -0.11284056
v 0.07150394 0.12533443 -0.10846248
v 0.15387173 0.13700986 -0.05746041
v 0.15280139 0.12405793 -0.07926582
v 0.16225488 0.12300117 -0.07430888
v 0.16501407 0.13626128 -0.05310046
v 0.14956029 0.07417648 -0.11156579
v 0.14756294 0.05796916 -0.11552764
v 0.15933815 0.06029297 -0.11046968
v 0.16024406 0.07607177 -0.10681828
v 0.19224222 0.13340648 -0.04022997
v 0.18903048 0.12610547 -0.06179998
v 0.19922408 0.12648496 -0.05959185
v 0.20293461 0.13128716 -0.03845941
v 0.16028967 0.09226045 -0.10005631
v 0.08561207 -0.03034417 -0.13721886
v 0.12212467 -0.01452703 -0.12860221
v 0.10497035 -0.02230995 -0.13372314
v 0.16107912 0.00741117 -0.10836075
v 0.15022083 0.00210675 -0.11407390
v 0.15376662 -0.01010097 -0.10951125
v 0.18309028 0.01531630 -0.09931524
v 0.17184877 0.01171333 -0.10350331
v 0.20955171 0.05813367 0.01804143
v 0.19520606 0.05907641 0.02498814
v 0.19383070 0.08605470 0.01899341
v 0.19896315 0.01029172 -0.08715792
v 0.20972265 0.01639998 -0.08680415
v 0.20780489 0.02160643 -0.08990099
v 0.19619606 0.01568248 -0.09053396
v 0.14275159 0.13883974 -0.06113674
v 0.18762998 0.11323670 -0.07730033
v 0.18632960 0.10103775 -0.08847075
v 0.19696882 0.10417456 -0.08688039
v 0.19841294 0.11528254 -0.07525361
v 0.18833448 0.08635947 -0.09692621
v 0.18940122 0.07150345 -0.10168956
v 0.20082119 0.07625838 -0.09985985
v 0.19916782 0.09036489 -0.09501547
v 0.20694217 0.02831655 -0.09346985
v 0.19311723 0.02248526 -0.09388929
v 0.21812151 0.11968397 -0.01529759
v 0.17353643 0.13751259 -0.02208148
v 0.16942616 0.12452661 0.00224997
v 0.15964355 0.12922773 -0.00123050
v 0.16386172 0.13973391 -0.02655535
v 0.22726552 0.00419353 -0.04602244
v 0.22374044 0.00896699 -0.03382589
v 0.22969218 0.00102999 -0.05740159
v 0.20229040 -0.00021961 -0.07852962
v 0.23102555 0.00141245 -0.06752674
v 0.22219199 0.03855358 0.00557800
v 0.22389455 0.05764574 0.01106809
v 0.16656399 0.10049956 0.01779613
v 0.15654665 0.10694712 0.01502197
v 0.21504734 0.12798503 -0.03779416
v 0.21118060 0.12477919 -0.05856600
v 0.22638480 0.02349817 -0.09134734
v 0.23845771 0.03039895 -0.09607196
v 0.22414692 0.02841735 -0.09408144
v 0.18824378 -0.00943849 -0.08621880
v 0.20106752 0.00556878 -0.08332693
v 0.17442364 0.13620254 -0.04840173
v 0.20906444 0.11585491 -0.07400960
v 0.20861614 0.10487831 -0.08598475
v 0.17859405 0.08218815 -0.09966226
v 0.17722368 0.09724770 -0.09167019
v 0.16880600 0.09430116 -0.09563476
v 0.16950242 0.07870199 -0.10298733
v 0.21242361 0.08137870 -0.09845284
v 0.21520329 0.06739877 -0.10097916
v 0.17907971 0.06688664 -0.10388202
v 0.16931871 0.06316179 -0.10686578
v 0.22227477 0.03529875 -0.09695131
v 0.14770931 0.11146317 0.01202053
v 0.14618669 0.08909803 0.02452753
v 0.13644016 0.09168123 0.02449912
v 0.16688019 0.07489433 0.02864572
v 0.15544376 0.08323113 0.02637796
v 0.18107164 0.06478293 0.02880404
v 0.12518530 0.09196045 0.02580290
v 0.42081535 0.02075600 -0.09168050
v 0.24983774 0.03768763 -0.09880665
v 0.24166395 0.02526543 -0.09359860
v 0.25453436 0.03163054 -0.09716881
v 0.29911542 0.05630685 -0.09704624
v 0.41558248 0.05644229 -0.08272095
v 0.42238426 0.05662602 -0.08274142
v 0.46764883 0.06326025 -0.08866137
v 0.48937708 0.07727348 -0.07425619
v 0.46908721 0.07575462 -0.07452829
v 0.47632566 0.07897364 -0.03201127
v 0.47664812 0.06513019 -0.02334913
v 0.47591865 0.01811768 -0.02764098
v 0.47162566 0.01504277 -0.09051393
v 0.61515224 0.06037070 -0.03826425
v 0.61508387 0.06681353 -0.04822048
v 0.63502187 0.06431273 -0.04534063
v 0.63476998 0.05676829 -0.03651706
v 0.65309983 0.04337855 -0.03212352
v 0.63441926 0.04665247 -0.03278081
v 0.65410572 0.05384410 -0.03396244
v 0.65204096 0.03396985 -0.03499255
v 0.63389117 0.03691891 -0.03451116
v 0.65132928 0.02673829 -0.04161573
v 0.65116644 0.02110247 -0.04971406
v 0.63361669 0.02202787 -0.04762163
v 0.63355577 0.02847424 -0.03993898
v 0.63397455 0.01783304 -0.05691151
v 0.63407236 0.01598804 -0.06707256
v 0.61544579 0.01302882 -0.06496939
v 0.61527240 0.01664869 -0.05424240
v 0.65138823 0.02677321 -0.08451381
v 0.65102369 0.03508465 -0.08761099
v 0.63231921 0.03260409 -0.08928229
v 0.63293821 0.02347208 -0.08546843
v 0.61251277 0.05097533 -0.08827993
v 0.61219108 0.04006469 -0.09127957
v 0.63236749 0.04301858 -0.08900387
v 0.63258666 0.05329249 -0.08597809
v 0.65136570 0.05552707 -0.08494914
v 0.65212423 0.06232762 -0.07692067
v 0.63349873 0.06075222 -0.07903314
v 0.57638955 0.06658418 -0.04257747
v 0.59573418 0.06354958 -0.04057851
v 0.59598446 0.05363841 -0.03415625
v 0.59576541 0.03150948 -0.03586032
v 0.59581733 0.04222902 -0.03294655
v 0.61487424 0.03936069 -0.03357592
v 0.61478591 0.02973212 -0.03775823
v 0.57777858 0.00798349 -0.05986566
v 0.59636056 0.01532904 -0.05152374
v 0.59669167 0.01056311 -0.06263731
v 0.61498201 0.02232160 -0.04496683
v 0.59594971 0.02264173 -0.04246915
v 0.61484367 0.01405295 -0.07626940
v 0.63360584 0.01770501 -0.07733675
v 0.61498135 0.06803127 -0.06004176
v 0.61442161 0.06562883 -0.07168340
v 0.63452643 0.06497581 -0.06843557
v 0.63503015 0.06673529 -0.05679589
v 0.59608650 0.01110077 -0.07464443
v 0.59399390 0.06667100 -0.07533058
v 0.59480381 0.06989320 -0.06343281
v 0.61349910 0.05995961 -0.08175524
v 0.59304076 0.05931335 -0.08519023
v 0.65410155 0.06574624 -0.05397251
v 0.65462744 0.06219834 -0.04248139
v 0.59530127 0.06930126 -0.05111345
v 0.61382866 0.01980366 -0.08574992
v 0.61270088 0.02923013 -0.09096363
v 0.59310579 0.02590182 -0.09200782
v 0.59467697 0.01652438 -0.08540469
v 0.57096273 0.04698287 -0.09426669
v 0.59193510 0.03716690 -0.09347852
v 0.59194225 0.04880609 -0.09119932
v 0.65111607 0.04515510 -0.08773856
v 0.57190591 0.05878191 -0.08891931
v 0.73115045 0.01241249 -0.03427111
v 0.74054116 0.01530474 -0.03683872
v 0.73536068 0.01711688 -0.04595435
v 0.72574496 0.01467065 -0.04405034
v 0.70223516 0.00821387 -0.02004292
v 0.71207321 0.00898146 -0.01108349
v 0.71896529 0.00509240 -0.01755142
v 0.71093005 0.00450556 -0.02746677
v 0.73526585 0.01236595 -0.02600035
v 0.74410516 0.01665405 -0.02832664
v 0.75204974 0.02108343 -0.02964056
v 0.74232852 0.02149627 -0.02218427
v 0.75152934 0.02818432 -0.02550113
v 0.74593776 0.03911922 -0.02681183
v 0.75803286 0.04003071 -0.03117330
v 0.75958240 0.03129891 -0.02759626
v 0.73966599 0.05058158 -0.05165244
v 0.73662561 0.05086786 -0.06236672
v 0.75130987 0.04871053 -0.06326001
v 0.75400513 0.04790670 -0.05222611
v 0.74214113 0.04346963 -0.08143006
v 0.74787116 0.04588811 -0.07222463
v 0.73306262 0.04894087 -0.07079678
v 0.72863144 0.04654790 -0.07910421
v 0.72109073 0.01760546 -0.05392260
v 0.73064500 0.01913790 -0.05448711
v 0.72862762 0.01957688 -0.06049581
v 0.71851307 0.01861368 -0.06067653
v 0.74135900 0.02898757 -0.01966199
v 0.74005562 0.02103880 -0.01221891
v 0.73874366 0.02503050 -0.01040236
v 0.73573864 0.03321691 -0.01766798
v 0.68302643 0.01430762 -0.06313140
v 0.69364953 0.01196490 -0.06605272
v 0.69417769 0.01104682 -0.07336222
v 0.68229431 0.01323716 -0.07159630
v 0.68208420 0.01441187 -0.04240093
v 0.67686212 0.02492836 -0.03215547
v 0.68318641 0.02261267 -0.02677556
v 0.68698424 0.01035923 -0.03487497
v 0.68993890 0.02023412 -0.02114008
v 0.69890660 0.01895987 -0.01529422
v 0.69378853 0.00854784 -0.02786987
v 0.70957911 0.01788060 -0.00721512
v 0.68946886 0.01415996 -0.08566786
v 0.68109953 0.01725674 -0.08248089
v 0.80396491 0.02062508 -0.03750522
v 0.80335128 0.02267755 -0.03236171
v 0.80882215 0.02224944 -0.03276062
v 0.80951828 0.02038484 -0.03795074
v 0.68191546 0.04296018 -0.08918105
v 0.68089539 0.03332959 -0.09050687
v 0.68750995 0.03344387 -0.09232279
v 0.68895936 0.04296866 -0.08935124
v 0.69614643 0.03336568 -0.09507232
v 0.69802308 0.04315161 -0.09008801
v 0.80446565 0.03244252 -0.02965486
v 0.80545729 0.03681364 -0.03232114
v 0.81143832 0.03555684 -0.03185874
v 0.81023079 0.03113608 -0.02958609
v 0.74489403 0.01792200 -0.04604508
v 0.74952817 0.01689363 -0.03739428
v 0.75835115 0.01808859 -0.03619476
v 0.76664680 0.02000398 -0.03475986
v 0.76811069 0.01783736 -0.04091788
v 0.75649410 0.01772164 -0.04546044
v 0.74166733 0.01975212 -0.05753440
v 0.75281680 0.01864941 -0.05790337
v 0.74826360 0.01906718 -0.06491392
v 0.73758030 0.01972738 -0.06466673
v 0.74261802 0.01443523 -0.08364098
v 0.73401469 0.01403034 -0.08248422
v 0.73421359 0.01634463 -0.07657637
v 0.74430895 0.01657328 -0.07709935
v 0.77293795 0.02084197 -0.07850445
v 0.76364559 0.01801876 -0.07791658
v 0.76510149 0.01829219 -0.07266053
v 0.77466220 0.02039213 -0.07331466
v 0.67479080 0.04417067 -0.08901928
v 0.67419064 0.03428388 -0.08952287
v 0.73759514 0.02642620 -0.10707788
v 0.74182183 0.03424691 -0.10126235
v 0.73262292 0.03600054 -0.09774453
v 0.72799301 0.02862589 -0.10341584
v 0.69169176 0.05074651 -0.08270870
v 0.68409669 0.05166097 -0.08322974
v 0.80672574 0.03922562 -0.03728972
v 0.81259817 0.03795441 -0.03695626
v 0.70051229 0.03071028 -0.01682923
v 0.71177912 0.02791785 -0.00830914
v 0.69120198 0.03298679 -0.02327492
v 0.67752421 0.03773716 -0.02933870
v 0.68435317 0.03516392 -0.02743729
v 0.76136822 0.01758964 -0.05050405
v 0.73875141 0.01940685 -0.05313351
v 0.72684884 0.01909769 -0.06499265
v 0.71808249 0.01087475 -0.08372629
v 0.72495687 0.01132392 -0.08633675
v 0.72233731 0.01080971 -0.09337764
v 0.71428907 0.01104773 -0.09301375
v 0.73771787 0.01307264 -0.10218160
v 0.73629230 0.01810576 -0.10700611
v 0.72695094 0.01925506 -0.10436767
v 0.72909808 0.01314037 -0.10027818
v 0.73654300 0.02875734 -0.00629798
v 0.72959077 0.03482930 -0.01371425
v 0.68067545 0.02406139 -0.08833897
v 0.68759012 0.02304381 -0.09162533
v 0.67377901 0.02633115 -0.08604490
v 0.69457465 0.01080532 -0.05457266
v 0.70726740 0.01513901 -0.05925794
v 0.70588750 0.01519625 -0.06392539
v 0.69350976 0.01239249 -0.06088350
v 0.71560466 0.00925216 -0.04213515
v 0.70349002 0.00558465 -0.03778908
v 0.72179621 0.00742523 -0.03177265
v 0.68260813 0.01446567 -0.05465661
v 0.67420137 0.01823349 -0.05219418
v 0.67433894 0.01778902 -0.06173696
v 0.67396069 0.01775341 -0.07141441
v 0.67400539 0.02097143 -0.08050040
v 0.66487974 0.02009992 -0.05101411
v 0.66529202 0.01908706 -0.06045455
v 0.66537762 0.01976996 -0.07042678
v 0.66541296 0.02260013 -0.07895384
v 0.67573887 0.05380514 -0.08361133
v 0.66548461 0.05572569 -0.08429004
v 0.66502827 0.04527023 -0.08848999
v 0.67475224 0.02079068 -0.04232521
v 0.66550237 0.02435485 -0.04230434
v 0.66687548 0.03048592 -0.03386664
v 0.66834837 0.04097962 -0.03090061
v 0.73501605 0.00842446 -0.00982411
v 0.73099643 0.00888823 -0.01574095
v 0.72467512 0.00636769 -0.01057911
v 0.72998381 0.00641438 -0.00470336
v 0.76711220 0.02546607 -0.03018043
v 0.75924432 0.02371087 -0.02977756
v 0.76770902 0.03285465 -0.02940433
v 0.70274043 0.01047870 -0.07896794
v 0.69842786 0.01278122 -0.08937803
v 0.77061158 0.01799480 -0.04624684
v 0.78424120 0.03311015 -0.03056528
v 0.78563935 0.03864099 -0.03349216
v 0.79832035 0.03763353 -0.03298219
v 0.79744071 0.03287713 -0.03001265
v 0.78489101 0.02020096 -0.04377697
v 0.78753555 0.02415811 -0.04802850
v 0.77998573 0.02238081 -0.04957923
v 0.77747333 0.01982683 -0.04453027
v 0.76887774 0.01886528 -0.08478441
v 0.76119578 0.01653727 -0.08444002
v 0.76722693 0.04486840 -0.04167387
v 0.75574368 0.04708241 -0.04054971
v 0.76827288 0.04169941 -0.05299774
v 0.75417334 0.01690584 -0.07755581
v 0.74579525 0.01811875 -0.07135764
v 0.75554436 0.01782872 -0.07213897
v 0.76874834 0.01913363 -0.05681883
v 0.76093632 0.01833997 -0.05793882
v 0.76469982 0.01799095 -0.05303422
v 0.77147108 0.01894128 -0.05100129
v 0.71686548 0.03109213 -0.10053921
v 0.71566463 0.01889297 -0.10176947
v 0.80364263 0.02720134 -0.02962600
v 0.80928451 0.02629362 -0.02999196
v 0.66505766 0.03515188 -0.08791851
v 0.66543943 0.02757408 -0.08465903
v 0.73532796 0.01841246 -0.07053372
v 0.74223024 0.04812003 -0.03964746
v 0.72516578 0.01770402 -0.06987090
v 0.76628977 0.02640464 -0.09357180
v 0.76697606 0.03284179 -0.09232709
v 0.75912762 0.03310248 -0.09134159
v 0.75857919 0.02636894 -0.09540912
v 0.80516660 0.02227513 -0.04275233
v 0.80637264 0.02668225 -0.04629909
v 0.79945219 0.02607415 -0.04670964
v 0.79805392 0.02170653 -0.04286513
v 0.78262365 0.02202180 -0.03367964
v 0.78349191 0.01953917 -0.03863810
v 0.77520251 0.01961733 -0.03956150
v 0.77385795 0.02171951 -0.03431598
v 0.77432650 0.02699738 -0.03110524
v 0.78303820 0.02736397 -0.03091848
v 0.78807700 0.03866677 -0.04593874
v 0.78931284 0.03155179 -0.04891140
v 0.80064750 0.03257737 -0.04787228
v 0.80034000 0.03850166 -0.04419343
v 0.71540600 0.04975846 -0.07694706
v 0.71206659 0.04642915 -0.08516246
v 0.72484040 0.04303718 -0.08769421
v 0.73742110 0.03968174 -0.09032694
v 0.74919897 0.03473140 -0.09235520
v 0.75439918 0.04082959 -0.08359008
v 0.72106874 0.03895665 -0.09440137
v 0.77668303 0.03772981 -0.05719739
v 0.77810121 0.03174942 -0.05564955
v 0.77803868 0.03750718 -0.04909944
v 0.72348255 0.01514574 -0.07676184
v 0.79651594 0.02752299 -0.02997291
v 0.68922025 0.05463374 -0.03903769
v 0.68963104 0.05975843 -0.05090681
v 0.69962710 0.05787970 -0.05172420
v 0.69795191 0.05203597 -0.03803903
v 0.79678524 0.02036723 -0.03774327
v 0.79633737 0.02224533 -0.03259791
v 0.76707309 0.02057383 -0.09408779
v 0.76117510 0.01866908 -0.09613706
v 0.76022255 0.01653606 -0.09106810
v 0.76706296 0.01896366 -0.09012339
v 0.70900506 0.04209977 -0.09172109
v 0.74802047 0.03277740 -0.10468139
v 0.74494702 0.02431751 -0.10976584
v 0.69432080 0.05552161 -0.07337257
v 0.70070028 0.04924928 -0.08334924
v 0.70363396 0.05305856 -0.07493345
v 0.76349711 0.04094288 -0.07322557
v 0.71913731 0.05188956 -0.06932847
v 0.70659012 0.05481993 -0.06731688
v 0.69625938 0.05770184 -0.06439859
v 0.68783015 0.06003653 -0.06308085
v 0.68623793 0.05754892 -0.07287871
v 0.80752724 0.03775673 -0.04331708
v 0.79946017 0.04026135 -0.03814474
v 0.67700028 0.05974289 -0.07302550
v 0.66610754 0.06197226 -0.07465482
v 0.67861408 0.06211230 -0.06281045
v 0.66746110 0.06388629 -0.06400134
v 0.70970702 0.05589318 -0.05868219
v 0.71183228 0.05494070 -0.04936245
v 0.72232258 0.05324176 -0.06108832
v 0.72564036 0.05266485 -0.05107668
v 0.76454479 0.04575605 -0.06368323
v 0.81256878 0.02682596 -0.04637567
v 0.82162595 0.02710389 -0.04610280
v 0.82229394 0.03155553 -0.04510562
v 0.81365085 0.03215776 -0.04585102
v 0.80734688 0.03245707 -0.04670808
v 0.81352407 0.03659135 -0.04265105
v 0.72814244 0.04931253 -0.03884992
v 0.77649593 0.02180720 -0.05613529
v 0.71188211 0.04848973 -0.03518068
v 0.73292792 0.04332594 -0.02602753
v 0.72180986 0.04210213 -0.02253603
v 0.69433594 0.04407245 -0.02805419
v 0.70424521 0.04101247 -0.02246555
v 0.67956245 0.04835420 -0.03229382
v 0.68684340 0.04620976 -0.03113394
v 0.66967511 0.05086794 -0.03280817
v 0.71482247 0.03689686 -0.01394779
v 0.81706971 0.02100460 -0.03381956
v 0.81769788 0.01990901 -0.03919587
v 0.67003578 0.05956838 -0.04037527
v 0.68090367 0.05657654 -0.03959174
v 0.72739035 0.00756705 -0.02288146
v 0.71546125 0.01672628 -0.06894605
v 0.71397251 0.01410366 -0.07416743
v 0.71104687 0.01064644 -0.08153121
v 0.70687020 0.01171919 -0.09204692
v 0.66896605 0.06429664 -0.05199269
v 0.65167981 0.01869312 -0.05910033
v 0.65181214 0.01887559 -0.06904576
v 0.65311587 0.06487870 -0.06597031
v 0.81751776 0.02489511 -0.03061964
v 0.77814603 0.02631049 -0.07524516
v 0.77662146 0.02745798 -0.07789888
v 0.71914548 0.00916461 -0.00474741
v 0.72637838 0.00922696 0.00006521
v 0.71789610 0.01655499 -0.00117475
v 0.72025442 0.02539985 -0.00172140
v 0.72890294 0.02230572 0.00267953
v 0.72663599 0.01512028 0.00270140
v 0.70529723 0.01429522 -0.06770834
v 0.70479333 0.01272009 -0.07252831
v 0.70511663 0.02093521 -0.09923456
v 0.70603758 0.03290069 -0.09787372
v 0.77529466 0.03342246 -0.03069075
v 0.76781714 0.03992972 -0.03345868
v 0.77597612 0.03914034 -0.03437572
v 0.78639442 0.04131372 -0.03958154
v 0.78186285 0.02971250 -0.05076703
v 0.77959514 0.02715170 -0.05482069
v 0.69822216 0.00814230 -0.04683175
v 0.71058160 0.01285576 -0.05193746
v 0.73657048 0.01385037 -0.01921189
v 0.73887575 0.01467914 -0.01339165
v 0.75741011 0.01832521 -0.06496047
v 0.77551818 0.03932775 -0.07131155
v 0.77515578 0.04338950 -0.06398585
v 0.76614136 0.01896349 -0.06486369
v 0.82021379 0.03370912 -0.03193931
v 0.81891108 0.02920207 -0.02992402
v 0.77653450 0.04249709 -0.04115650
v 0.75207925 0.01510667 -0.08433264
v 0.77056861 0.03618491 -0.07784616
v 0.77744538 0.03328015 -0.07428070
v 0.74276859 0.01760678 -0.10817143
v 0.68049258 0.06173044 -0.05092576
v 0.81925952 0.02183129 -0.04417073
v 0.81097853 0.02202950 -0.04345682
v 0.82189423 0.03493457 -0.04210553
v 0.82091361 0.03606835 -0.03698071
v 0.69591510 0.02225013 -0.09570508
v 0.71681529 0.01815881 -0.06493348
v 0.65163147 0.02138884 -0.07802081
v 0.73261601 0.02818111 -0.00080409
v 0.72383475 0.03269013 -0.00649843
v 0.77405900 0.02014142 -0.06494491
v 0.75333595 0.03085420 -0.09856390
v 0.76995617 0.03873619 -0.08729254
v 0.77441663 0.03747319 -0.08126901
v 0.76310170 0.03931794 -0.08547629
v 0.77765048 0.03263264 -0.07964783
v 0.82862931 0.03407056 -0.04189991
v 0.82776695 0.03507685 -0.03684809
v 0.82738405 0.03267175 -0.03170722
v 0.82559741 0.02821303 -0.03013647
v 0.82363820 0.02405847 -0.03117220
v 0.82887399 0.03091807 -0.04491340
v 0.82809967 0.02675813 -0.04592123
v 0.82513738 0.02170218 -0.04417475
v 0.83444470 0.03011110 -0.04509262
v 0.83564889 0.03315607 -0.04183980
v 0.83838427 0.03229994 -0.03391641
v 0.84218341 0.03144561 -0.03371194
v 0.84052026 0.02934943 -0.03141125
v 0.83506137 0.03170786 -0.03193212
v 0.84544694 0.02804231 -0.03239587
v 0.84679168 0.03079233 -0.03427604
v 0.83766168 0.03360111 -0.03683740
v 0.84240520 0.03322228 -0.03737891
v 0.84692770 0.03200163 -0.04179929
v 0.84741104 0.03273594 -0.03799178
v 0.84213287 0.03233907 -0.04115803
v 0.83837098 0.03312794 -0.04008406
v 0.83413941 0.03418880 -0.03668823
v 0.85140038 0.03172931 -0.03836647
v 0.85220629 0.02849262 -0.03884215
v 0.84970438 0.02766410 -0.03452972
v 0.84998584 0.03037796 -0.03506862
v 0.83175105 0.02727851 -0.03038540
v 0.83863962 0.02602895 -0.03124086
v 0.84419847 0.02484427 -0.03287257
v 0.84858775 0.02459702 -0.03533632
v 0.84342057 0.02218475 -0.03470391
v 0.83771807 0.02247037 -0.03279592
v 0.84704965 0.02237882 -0.03703744
v 0.84323901 0.02055746 -0.03742168
v 0.83759731 0.01988006 -0.03600800
v 0.82859910 0.02020957 -0.03473721
v 0.82943404 0.02335599 -0.03154714
v 0.84589815 0.02135375 -0.03842419
v 0.85094333 0.02555992 -0.03967572
v 0.84099460 0.03125213 -0.04388505
v 0.84628898 0.03015742 -0.04421515
v 0.84025961 0.02896637 -0.04558526
v 0.84561932 0.02779364 -0.04549128
v 0.85039979 0.03171816 -0.04180107
v 0.85061049 0.02944618 -0.04321661
v 0.82249308 0.02058875 -0.03439149
v 0.82324636 0.01990016 -0.03982616
v 0.82911038 0.01944763 -0.04008182
v 0.83785874 0.01920139 -0.04094069
v 0.83074462 0.02175551 -0.04436359
v 0.83342665 0.02635258 -0.04607688
v 0.83968735 0.02582514 -0.04604674
v 0.83851933 0.02193922 -0.04494084
v 0.84389091 0.02227329 -0.04430537
v 0.84471089 0.02495211 -0.04554527
v 0.84353977 0.02054671 -0.04108708
v 0.84799260 0.02420397 -0.04385680
v 0.84960085 0.02675705 -0.04388532
v 0.84649765 0.02263327 -0.04327162
v 0.84656221 0.02184999 -0.04086695
v 0.84876662 0.02332260 -0.04043585
v 0.80834168 0.02294343 -0.06898621
v 0.80876750 0.02433082 -0.06423620
v 0.81620228 0.02371825 -0.06534439
v 0.81599140 0.02231527 -0.07038222
v 0.80965394 0.03277285 -0.06031608
v 0.80964720 0.03833591 -0.06223409
v 0.81651509 0.03710727 -0.06274969
v 0.81659895 0.03133276 -0.06118227
v 0.80911767 0.04108441 -0.06802110
v 0.81588638 0.03960244 -0.06846485
v 0.78722304 0.03233791 -0.05789092
v 0.78708017 0.03853871 -0.05927240
v 0.80166888 0.03913251 -0.06100402
v 0.80172592 0.03323806 -0.05919108
v 0.78440183 0.02253231 -0.07171427
v 0.78588831 0.02661098 -0.07486166
v 0.80929178 0.02789576 -0.06147016
v 0.81650084 0.02671198 -0.06241339
v 0.80850017 0.02409643 -0.07363488
v 0.80890137 0.02757799 -0.07700844
v 0.80041808 0.02762024 -0.07586237
v 0.79993027 0.02388527 -0.07252207
v 0.78513968 0.02313900 -0.05981075
v 0.78412831 0.02155358 -0.06578325
v 0.78654206 0.02730640 -0.05789792
v 0.78666025 0.03956336 -0.07200380
v 0.78694725 0.03344436 -0.07520944
v 0.80104303 0.03320998 -0.07673766
v 0.80118746 0.03899249 -0.07390568
v 0.80111903 0.02813650 -0.06003147
v 0.79965818 0.02278320 -0.06750115
v 0.80036104 0.02413727 -0.06264833
v 0.80923307 0.03790761 -0.07468472
v 0.80106366 0.04182416 -0.06710186
v 0.81644851 0.02719294 -0.07809027
v 0.82674122 0.02722074 -0.07917374
v 0.82650673 0.03188509 -0.07829212
v 0.81663924 0.03208440 -0.07786121
v 0.80933338 0.03245696 -0.07735489
v 0.81619972 0.03703526 -0.07481434
v 0.82732153 0.02268914 -0.06746530
v 0.82722414 0.02177918 -0.07259791
v 0.82751566 0.02551931 -0.06429617
v 0.78656936 0.04280794 -0.06522556
v 0.82674098 0.03535609 -0.06422537
v 0.82724100 0.02976049 -0.06315669
v 0.82691962 0.02312439 -0.07701994
v 0.81616569 0.02354141 -0.07503039
v 0.82598245 0.03610328 -0.07540481
v 0.82563239 0.03820761 -0.06950438
v 0.83360636 0.03487933 -0.07649821
v 0.83369237 0.03700114 -0.07102653
v 0.83475614 0.03461154 -0.06589308
v 0.83459485 0.02926331 -0.06457816
v 0.83405340 0.02522643 -0.06567088
v 0.83384961 0.03134286 -0.07917341
v 0.83368093 0.02722968 -0.07999303
v 0.83296955 0.02309488 -0.07789405
v 0.84064764 0.03074208 -0.08073739
v 0.84166592 0.03421525 -0.07846408
v 0.84993488 0.03428024 -0.07193481
v 0.85514528 0.03437479 -0.07297961
v 0.85466945 0.03154628 -0.07129737
v 0.84914243 0.03246173 -0.06932346
v 0.84607995 0.03492406 -0.07147623
v 0.84310573 0.03427968 -0.06860670
v 0.84517080 0.03553514 -0.07438616
v 0.84953356 0.03592544 -0.07563543
v 0.85415298 0.03479346 -0.08075806
v 0.85530829 0.03635404 -0.07708940
v 0.84885007 0.03415795 -0.07895640
v 0.84511650 0.03445435 -0.07741597
v 0.85923272 0.03152893 -0.07433126
v 0.85898811 0.03431063 -0.07441334
v 0.84093273 0.03615923 -0.07315606
v 0.84080893 0.02941758 -0.06644285
v 0.84806114 0.02889902 -0.06849967
v 0.85413200 0.02826036 -0.07133831
v 0.85851634 0.02828745 -0.07494181
v 0.85349995 0.02520320 -0.07254175
v 0.84733772 0.02505418 -0.06970605
v 0.85701048 0.02586953 -0.07588769
v 0.85285395 0.02308623 -0.07518796
v 0.84674460 0.02194880 -0.07276353
v 0.83834761 0.02226072 -0.07029539
v 0.83931947 0.02525398 -0.06728473
v 0.85559022 0.02447140 -0.07681442
v 0.86125076 0.03280849 -0.07880282
v 0.86006695 0.02938737 -0.07920189
v 0.86045456 0.03630339 -0.07810604
v 0.84797531 0.03235865 -0.08051556
v 0.85369295 0.03238204 -0.08203807
v 0.84738177 0.03037946 -0.08232705
v 0.85340178 0.03034565 -0.08339016
v 0.85833979 0.03520536 -0.08149098
v 0.85859734 0.03289662 -0.08236247
v 0.83338147 0.02250203 -0.06876496
v 0.83291346 0.02163079 -0.07355756
v 0.83775723 0.02113732 -0.07503758
v 0.84609056 0.02114411 -0.07747985
v 0.83789194 0.02288694 -0.07927119
v 0.83954942 0.02702051 -0.08126500
v 0.84649777 0.02726465 -0.08265982
v 0.84585005 0.02354871 -0.08127460
v 0.85178894 0.02466460 -0.08206933
v 0.85255820 0.02768360 -0.08326079
v 0.85214078 0.02271028 -0.07893792
v 0.85660088 0.02759982 -0.08244089
v 0.85804528 0.03020548 -0.08276007
v 0.85501570 0.02549281 -0.08170287
v 0.85570210 0.02467328 -0.07935005
v 0.85814261 0.02674316 -0.07935604
v 0.79649103 0.02112320 -0.09309184
v 0.79841065 0.02394286 -0.08911470
v 0.80407417 0.02345688 -0.09109780
v 0.80233818 0.02039514 -0.09518395
v 0.79939365 0.03256176 -0.08736248
v 0.79783291 0.03649595 -0.08918137
v 0.80428427 0.03512127 -0.09169757
v 0.80515444 0.03188865 -0.08973549
v 0.79582000 0.03770592 -0.09434278
v 0.80297983 0.03626434 -0.09626161
v 0.78303111 0.03223824 -0.08211959
v 0.78128564 0.03740486 -0.08391606
v 0.79136986 0.03735079 -0.08700493
v 0.79332429 0.03279867 -0.08500777
v 0.79954767 0.02813666 -0.08747381
v 0.80512506 0.02776987 -0.08969653
v 0.79506725 0.02096255 -0.09747911
v 0.79446089 0.02312721 -0.10056064
v 0.78723568 0.02271933 -0.09824675
v 0.78786063 0.02070336 -0.09509087
v 0.77687907 0.02030882 -0.08702759
v 0.77970332 0.02271253 -0.08308795
v 0.78216231 0.02702939 -0.08188958
v 0.77596742 0.03380514 -0.09495476
v 0.77517861 0.02721018 -0.09581777
v 0.78709108 0.02779940 -0.09995557
v 0.78718543 0.03443120 -0.09818068
v 0.79346520 0.02800726 -0.08520456
v 0.78974545 0.02056680 -0.09078252
v 0.79201311 0.02352622 -0.08680921
v 0.79435188 0.03397182 -0.09981233
v 0.78877276 0.03826267 -0.09238309
v 0.80073130 0.02286354 -0.10295594
v 0.81157136 0.02377588 -0.10601008
v 0.81161237 0.02816578 -0.10602874
v 0.80069935 0.02784594 -0.10368768
v 0.79412949 0.02776790 -0.10201726
v 0.80140305 0.03330290 -0.10132159
v 0.81360447 0.02262612 -0.09438207
v 0.81226099 0.02018385 -0.09853473
v 0.81437635 0.02668532 -0.09287155
v 0.77833426 0.03860388 -0.08951605
v 0.77470595 0.02153257 -0.09470654
v 0.81435835 0.03349801 -0.09460331
v 0.81470066 0.03032667 -0.09292612
v 0.81139183 0.02065198 -0.10318600
v 0.80108654 0.02030742 -0.09979524
v 0.81198400 0.03267204 -0.10363861
v 0.81289709 0.03526675 -0.09882104
v 0.81870341 0.03215081 -0.10524128
v 0.81968206 0.03445527 -0.10046425
v 0.82133049 0.03293650 -0.09614374
v 0.82121080 0.02942621 -0.09471527
v 0.82034808 0.02590077 -0.09478181
v 0.81845981 0.02789398 -0.10751394
v 0.81832677 0.02424161 -0.10730502
v 0.81713444 0.02087795 -0.10454358
v 0.82366151 0.02782506 -0.10886384
v 0.82523543 0.03181643 -0.10647152
v 0.83434105 0.03180682 -0.10068396
v 0.83918738 0.03211983 -0.10185178
v 0.83929479 0.03051618 -0.10022181
v 0.83417547 0.03092691 -0.09869228
v 0.83051682 0.03269645 -0.10013068
v 0.82798243 0.03254781 -0.09806328
v 0.82907641 0.03347204 -0.10270876
v 0.83360243 0.03361467 -0.10404799
v 0.83651626 0.03173526 -0.10875575
v 0.83847648 0.03367425 -0.10538243
v 0.83185780 0.03149475 -0.10728321
v 0.82841569 0.03250086 -0.10572420
v 0.84296703 0.03067048 -0.10259109
v 0.84232205 0.03240555 -0.10323729
v 0.82542467 0.03371775 -0.10179465
v 0.82676369 0.02900918 -0.09607371
v 0.83328229 0.02813857 -0.09753012
v 0.83874261 0.02767706 -0.09956077
v 0.84223527 0.02750964 -0.10239652
v 0.83749610 0.02475592 -0.10017564
v 0.83201313 0.02479691 -0.09804686
v 0.84049219 0.02481921 -0.10274749
v 0.83623284 0.02251564 -0.10175649
v 0.83068883 0.02194889 -0.09971721
v 0.82358098 0.02227027 -0.09783167
v 0.82524753 0.02545442 -0.09625289
v 0.83882600 0.02335854 -0.10334470
v 0.84360766 0.03093989 -0.10689163
v 0.84279239 0.02742513 -0.10700674
v 0.84247988 0.03350076 -0.10653712
v 0.83041030 0.03009348 -0.10910900
v 0.83566898 0.02976801 -0.11022910
v 0.82941079 0.02735192 -0.11001253
v 0.83507872 0.02731156 -0.11081772
v 0.84010834 0.03215216 -0.10921595
v 0.84016609 0.03033040 -0.11003857
v 0.81887817 0.02251721 -0.09637512
v 0.81749022 0.02049395 -0.10012534
v 0.82226431 0.02044758 -0.10133460
v 0.82971436 0.02036650 -0.10337469
v 0.82179648 0.02097124 -0.10556293
v 0.82308066 0.02427508 -0.10825878
v 0.82904249 0.02432342 -0.10944685
v 0.82883877 0.02145704 -0.10726296
v 0.83433139 0.02226447 -0.10835752
v 0.83455503 0.02464141 -0.11015830
v 0.83526516 0.02136814 -0.10495189
v 0.83850163 0.02492926 -0.10943170
v 0.83952034 0.02758648 -0.11021103
v 0.83743340 0.02313877 -0.10826734
v 0.83859956 0.02301789 -0.10581782
v 0.84079713 0.02476941 -0.10643012
v 0.77501565 0.02025754 -0.09125711
v 0.77124149 0.01559965 -0.11583531
v 0.77337217 0.01781812 -0.11318723
v 0.77728081 0.01728009 -0.11652721
v 0.77499932 0.01498403 -0.11905849
v 0.77512264 0.02580944 -0.11244943
v 0.77347004 0.02925856 -0.11501504
v 0.77771568 0.02805699 -0.11857112
v 0.77927923 0.02495071 -0.11604524
v 0.77032316 0.02931241 -0.11955673
v 0.77475345 0.02801690 -0.12267719
v 0.76203924 0.02598264 -0.10213878
v 0.75947112 0.03032814 -0.10400969
v 0.76848727 0.02953465 -0.11094292
v 0.77021646 0.02588622 -0.10843828
v 0.75592291 0.01472270 -0.10957511
v 0.75373656 0.01643279 -0.11271796
v 0.74789846 0.01704000 -0.10937512
v 0.74937904 0.01478285 -0.10573073
v 0.77491719 0.02150002 -0.11200806
v 0.77885371 0.02091911 -0.11558238
v 0.76903826 0.01486350 -0.11890101
v 0.76716328 0.01613677 -0.12194166
v 0.76239240 0.01630630 -0.11845181
v 0.76454169 0.01470392 -0.11540586
v 0.76065451 0.01726827 -0.10297915
v 0.75845087 0.01501278 -0.10636041
v 0.75247586 0.01414720 -0.10198608
v 0.75628340 0.01542972 -0.09831052
v 0.76224047 0.02064773 -0.10186606
v 0.75225282 0.02561790 -0.11369953
v 0.75245023 0.02029295 -0.11425924
v 0.76142764 0.02010041 -0.12011030
v 0.76232672 0.02543894 -0.11939269
v 0.77026379 0.02150567 -0.10829568
v 0.76681900 0.01533807 -0.11226499
v 0.76892889 0.01775863 -0.10945228
v 0.76760960 0.02495326 -0.12294452
v 0.76504970 0.02989131 -0.11545034
v 0.77096009 0.01554711 -0.12558712
v 0.77689892 0.01499241 -0.13019337
v 0.77671432 0.01829652 -0.13150889
v 0.77042431 0.01937410 -0.12721059
v 0.76640993 0.01985488 -0.12366770
v 0.77182072 0.02424651 -0.12636140
v 0.78321975 0.01645469 -0.12078742
v 0.78060013 0.01408895 -0.12326574
v 0.78459281 0.01989447 -0.12000290
v 0.75529182 0.03164460 -0.10900515
v 0.78398412 0.02632044 -0.12288895
v 0.78518701 0.02339890 -0.12063601
v 0.77841902 0.01362602 -0.12686922
v 0.77281660 0.01429942 -0.12231689
v 0.77810758 0.02257781 -0.13050823
v 0.78089368 0.02627739 -0.12677300
v 0.78309786 0.02166789 -0.13375254
v 0.78563190 0.02556834 -0.12983091
v 0.78851992 0.02531574 -0.12575325
v 0.78917426 0.02265539 -0.12327434
v 0.78827560 0.01934787 -0.12261768
v 0.78163803 0.01737523 -0.13457724
v 0.78158700 0.01466421 -0.13279571
v 0.78240132 0.01381098 -0.12942789
v 0.78631133 0.01700453 -0.13659002
v 0.78852499 0.02124651 -0.13613039
v 0.79753560 0.02334437 -0.13168679
v 0.80091470 0.02308676 -0.13316819
v 0.80159336 0.02189556 -0.13175029
v 0.79793519 0.02275852 -0.12969045
v 0.79427993 0.02418542 -0.13086660
v 0.79300809 0.02423127 -0.12857300
v 0.79226375 0.02407566 -0.13318300
v 0.79584312 0.02399452 -0.13479245
v 0.79769659 0.02115355 -0.13955675
v 0.79949027 0.02400114 -0.13670655
v 0.79395247 0.02167410 -0.13794285
v 0.79141581 0.02241068 -0.13599801
v 0.80430079 0.02158300 -0.13450816
v 0.80331147 0.02320976 -0.13493912
v 0.78972572 0.02445045 -0.13196185
v 0.79293489 0.02197501 -0.12579063
v 0.79790604 0.02098216 -0.12821122
v 0.80221736 0.01995673 -0.13104090
v 0.80439049 0.01906251 -0.13439195
v 0.80100375 0.01768993 -0.13083763
v 0.79661089 0.01856590 -0.12769911
v 0.80290306 0.01705399 -0.13395923
v 0.79923671 0.01576484 -0.13125524
v 0.79467815 0.01600238 -0.12819695
v 0.78964931 0.01623216 -0.12538706
v 0.79163301 0.01916872 -0.12487479
v 0.80138975 0.01587461 -0.13347982
v 0.80388194 0.02092387 -0.13848175
v 0.80364913 0.01820707 -0.13772948
v 0.80259246 0.02350751 -0.13840087
v 0.79265422 0.01943668 -0.13899204
v 0.79719764 0.01888924 -0.14066243
v 0.79137892 0.01663077 -0.13864504
v 0.79681230 0.01643652 -0.14013506
v 0.80051202 0.02151873 -0.14033981
v 0.80104440 0.01947349 -0.14064097
v 0.78668368 0.01622225 -0.12342992
v 0.78427351 0.01413162 -0.12581833
v 0.78755069 0.01395136 -0.12770136
v 0.79271758 0.01376572 -0.13024947
v 0.78598583 0.01334531 -0.13133588
v 0.78554362 0.01431498 -0.13465436
v 0.79104632 0.01432870 -0.13691744
v 0.79144281 0.01298087 -0.13384844
v 0.79681194 0.01357183 -0.13578981
v 0.79662991 0.01455918 -0.13836081
v 0.79776418 0.01406369 -0.13298184
v 0.80054772 0.01557658 -0.13805819
v 0.80106819 0.01712679 -0.13970461
v 0.79983002 0.01466388 -0.13648254
v 0.80084527 0.01515745 -0.13504136
v 0.80250692 0.01636464 -0.13647830
v 0.74792129 0.02012578 -0.11118428
v 0.74710637 0.02251894 -0.00401782
v 0.74523282 0.02534148 0.00024071
v 0.74181813 0.00674595 -0.00310721
v 0.74538654 0.01174380 -0.00597171
v 0.73796147 0.00552867 0.00210704
v 0.73633099 0.01348960 0.00872950
v 0.73617297 0.00851906 0.00628990
v 0.74731988 0.01770836 -0.00614901
v 0.74199545 0.02547632 0.00512747
v 0.73815620 0.02015937 0.00860140
v 0.74974966 0.02346671 0.01122202
v 0.74651510 0.01817900 0.01487512
v 0.74407065 0.01110406 0.01540058
v 0.74331212 0.00602766 0.01176110
v 0.74398422 0.00359017 0.00659901
v 0.75233895 0.02434078 0.00521277
v 0.75329602 0.02170368 0.00034336
v 0.75246304 0.01616430 -0.00221063
v 0.75929296 0.02325345 0.00994722
v 0.76005608 0.02175267 0.01779798
v 0.75948942 0.01072402 0.02637815
v 0.76314479 0.01054246 0.02918372
v 0.76322228 0.00666726 0.02696168
v 0.75840634 0.00679768 0.02431189
v 0.75758618 0.01189974 0.02400750
v 0.75397027 0.00936029 0.02150808
v 0.76154703 0.01675292 0.02668489
v 0.75930876 0.01664271 0.02368177
v 0.76165825 0.02038421 0.02229224
v 0.76448387 0.02124354 0.02396769
v 0.76483583 0.01659220 0.03016188
v 0.76868838 0.01541056 0.03148822
v 0.76658946 0.01112432 0.03102786
v 0.76794595 0.00854511 0.02900636
v 0.75608855 0.01665862 0.02072950
v 0.75086749 0.00441028 0.01657573
v 0.75773901 0.00345034 0.02045004
v 0.00008147 0.09595057 -0.11333117
v 0.00013439 0.10730868 -0.11030870
v 0.76412511 0.00401163 0.02333167
v 0.76935762 0.00685462 0.02508241
v 0.76557738 0.00372614 0.01835764
v 0.75886935 0.00180102 0.01497336
v 0.76966810 0.00692816 0.02039489
v 0.76692164 0.00579647 0.01450381
v 0.76094639 0.00378223 0.00978581
v 0.75195086 0.00379836 0.00429077
v 0.75033158 0.00201787 0.01039865
v 0.76953793 0.00763524 0.01726694
v 0.77200621 0.01332748 0.02932276
v 0.77268302 0.01190244 0.02477627
v 0.76588112 0.02232777 0.01958263
v 0.76982290 0.02134311 0.02261762
v 0.76758248 0.02081926 0.02678289
v 0.76624936 0.02201174 0.01434909
v 0.77102560 0.02009343 0.01844744
v 0.76988661 0.01932499 0.02926217
v 0.77229613 0.01868567 0.02629326
v 0.74648511 0.00504656 0.00108073
v 0.74972177 0.01000156 -0.00203643
v 0.75497645 0.00938800 0.00108546
v 0.76313430 0.00917825 0.00670527
v 0.75799239 0.01586940 0.00102704
v 0.75942415 0.02137123 0.00441571
v 0.76652104 0.01973004 0.00997197
v 0.76544929 0.01512481 0.00683897
v 0.76991743 0.01407611 0.01271107
v 0.77098078 0.01742647 0.01490456
v 0.76841134 0.00975204 0.01275515
v 0.77262193 0.01468057 0.01842562
v 0.77333164 0.01683360 0.02213555
v 0.77145129 0.01313323 0.01616764
v 0.77080500 0.01037387 0.01687802
v 0.77205241 0.01093217 0.02032041
v 0.74402118 0.01345089 -0.10372652
v 0.74698520 0.01243608 -0.09844870
v 0.73984689 0.01200035 -0.09664278
v 0.73110712 0.01107945 -0.09490553
v 0.72191381 0.01287964 -0.09885891
v 0.73296130 0.01189060 -0.08855474
v 0.74177718 0.01262517 -0.09054134
v 0.75158781 0.01385885 -0.09244597
v 0.72748077 0.01327128 -0.08167640
v 0.01680183 0.07215367 0.05579776
v 0.01723685 0.05609749 0.06586852
v 0.29238433 0.04943004 -0.00245718
v 0.29052573 0.06716531 -0.00344682
v 0.28867775 0.10204963 -0.04554442
v 0.28504038 0.10044214 -0.06793514
v 0.06471360 -0.22217633 0.12486050
v 0.11157431 -0.17423503 -0.08472582
v 0.11430588 -0.15479374 -0.09083147
v 0.03743265 -0.15585256 -0.11364491
v 0.05744215 -0.15995230 -0.11234855
v 0.14453952 -0.19039886 0.03068584
v 0.14483745 -0.17045045 0.02803584
v 0.10326341 -0.19893898 0.08956137
v 0.10452399 -0.17681867 0.08719330
v 0.13539797 -0.21404816 0.05645324
v 0.07973886 -0.20617765 -0.09775502
v 0.09820118 -0.20840918 -0.08987167
v 0.09465782 -0.18866147 -0.09234585
v 0.07691102 -0.18559937 -0.10146267
v 0.01850388 -0.15234970 -0.10990037
v 0.01908079 -0.17553867 -0.10356052
v 0.15199578 -0.14892296 0.00066743
v 0.15162331 -0.14780004 -0.02643620
v 0.13314068 -0.14176676 -0.07472111
v 0.11771329 -0.13565880 -0.09278411
v 0.09990647 -0.12788475 -0.10549236
v 0.08055487 -0.11988048 -0.11476877
v 0.08952796 -0.15444803 0.10159227
v 0.07107297 -0.13218249 0.10964155
v 0.14556290 -0.14996123 0.02664606
v 0.02496414 -0.15386584 0.12892121
v 0.06425166 -0.08894890 -0.12671085
v 0.04074264 -0.08411926 -0.12968870
v 0.14501388 -0.14563818 -0.05193530
v 0.03302539 0.01619762 0.09215710
v 0.05111513 0.01935116 0.09086556
v 0.05036497 0.00393607 0.10100456
v 0.03256828 0.00004108 0.10132013
v 0.06769080 0.00599955 0.09931231
v 0.08430508 0.00703574 0.09589204
v 0.09952681 0.00714167 0.09121054
v 0.13487957 0.00199994 0.07330710
v 0.12473831 0.00455896 0.07967346
v 0.15100056 -0.00736028 0.05772788
v 0.14375004 -0.00150565 0.06611764
v 0.15653808 -0.01776207 0.04731223
v 0.15948248 -0.03014687 0.03419349
v 0.16473764 -0.02884392 0.01246555
v 0.16248114 -0.04220841 0.01902556
v 0.15688267 -0.04356836 0.04231601
v 0.15359047 -0.03096878 0.05478951
v 0.14821585 -0.02116210 0.06539892
v 0.01964473 -0.06690514 0.11471217
v 0.01692794 -0.04249234 0.11305543
v 0.01552087 0.08738247 0.04662145
v 0.49087879 0.02016376 -0.09383652
v 0.61525643 0.05037076 -0.03296025
v 0.01731286 0.10935771 -0.11195972
v 0.03563365 0.11345230 -0.11371925
v 0.09789053 0.12656522 -0.10329365
v 0.11329956 0.13720880 -0.08583375
v 0.07685608 0.11699421 -0.11404905
v 0.05560816 0.10869645 -0.11821362
v 0.13323292 -0.13152723 0.04908387
v 0.03685243 0.07736016 -0.12495819
v 0.05696419 0.09721426 -0.12313450
v 0.07952530 0.10573042 -0.12010365
v 0.10306267 0.11577994 -0.11004325
v 0.12582105 0.12712215 -0.09183817
v 0.14170414 0.12544861 -0.08450538
v 0.16060564 0.10797744 -0.08931346
v 0.17706163 0.11178666 -0.08047346
v 0.17961982 0.12527937 -0.06530306
v 0.17100967 0.12360808 -0.06966708
v 0.16846119 0.10932295 -0.08451054
v 0.25292704 0.10622292 -0.07537796
v 0.27574968 0.08569348 -0.08873378
v 0.26757202 0.09778419 -0.08059237
v 0.27944133 0.07077902 -0.09520610
v 0.28044763 0.05939364 -0.09840167
v 0.27671722 0.04812850 -0.09980743
v 0.26669583 0.03875732 -0.09935085
v 0.22844474 0.01907869 -0.08853868
v 0.21191169 0.01217077 -0.08402412
v 0.17809349 -0.01568435 -0.08924244
v 0.16996358 -0.02213125 -0.09228084
v 0.14938428 -0.04995173 -0.10062189
v 0.13787901 -0.06293370 -0.10352251
v 0.00025877 0.14355323 -0.09758149
v 0.12648933 -0.07778395 -0.10758860
v 0.00009829 -0.05737782 -0.12995687
v 0.00013380 -0.03666556 -0.13244358
v 0.00012446 -0.12622875 -0.11100851
v 0.00008533 -0.10507162 -0.12044359
v 0.12125947 -0.30018821 -0.09760146
v 0.11550430 -0.28312764 -0.09181581
v 0.09616105 -0.28491446 -0.10207434
v 0.00146936 -0.26883158 -0.10016131
v 0.00162429 -0.24809277 -0.09173555
v 0.00135597 -0.19669224 -0.09245467
v 0.00091599 -0.17244093 -0.09705143
v 0.10219734 -0.30277300 -0.10872454
v 0.04611477 -0.24778071 -0.09863396
v 0.00008125 -0.00384010 -0.13133682
v 0.00011499 0.00994074 -0.12692209
v 0.00006451 0.02651918 -0.12544355
v 0.02407529 -0.24820332 -0.09640452
v 0.15765321 -0.28284687 -0.03456239
v 0.16138351 -0.28648493 -0.00776000
v 0.13288720 -0.28151235 -0.07707525
v 0.14743261 -0.28136042 -0.05806559
v 0.15851270 -0.29237422 0.01901047
v 0.10182534 -0.32540363 0.09903583
v 0.08209196 -0.33191749 0.11351995
v 0.04069621 -0.34060538 0.13248500
v 0.01987846 -0.34305233 0.13639808
v 0.15029742 -0.30049458 0.04339651
v 0.06151624 -0.33701766 0.12497424
v 0.13736749 -0.30944830 0.06428402
v 0.12046841 -0.31779775 0.08267736
v 0.06745166 -0.24791856 -0.09800715
v 0.07157143 -0.26794454 -0.10159494
v 0.00015488 0.13561520 0.02905883
v 0.00014691 0.12658779 0.02770125
v 0.09195504 -0.26713184 -0.09717940
v 0.05819428 -0.01500360 -0.14086777
v 0.03764388 -0.01678814 -0.13913009
v 0.07908960 -0.01144665 -0.14050095
v 0.09543138 0.01151385 -0.13965480
v 0.09844933 -0.00578631 -0.13782786
v 0.11652750 0.00081306 -0.13275002
v 0.00014475 0.14492418 0.03176618
v 0.00012531 0.07050276 0.05706694
v 0.00009592 0.05394345 0.06706551
v 0.11371450 0.01756212 -0.13451873
v -0.00008304 -0.04576873 0.11125063
v -0.00008920 -0.07010949 0.11309678
v 0.00013156 0.08593343 0.04732908
v -0.00000546 -0.09293341 0.11269160
v 0.14540561 0.02797719 -0.11839765
v 0.14709437 0.01452699 -0.11716139
v 0.15883374 0.01907523 -0.11106859
v 0.15772946 0.03165594 -0.11225372
v 0.18049943 0.02646625 -0.10178164
v 0.16969061 0.02261579 -0.10625581
v 0.19166903 0.03148594 -0.09708987
v 0.20601498 0.03718062 -0.09721150
v 0.20207760 0.06280168 -0.10167460
v 0.18988706 0.05695832 -0.10277543
v 0.14560607 0.04264026 -0.11766470
v 0.13050057 0.03924956 -0.12620836
v 0.03643057 0.01567646 -0.13521612
v 0.01783355 0.01202935 -0.13050477
v 0.16622099 -0.04896047 0.00050849
v 0.16975182 -0.05409586 -0.01974005
v 0.17155893 -0.05638194 -0.03904115
v 0.17018561 -0.05526197 -0.05626008
v 0.16826393 -0.05208895 -0.07233072
v 0.16325678 -0.04649004 -0.08604357
v 0.16314313 -0.02982378 -0.09498734
v 0.15674338 -0.03886921 -0.09774691
v 0.00051766 -0.47231141 -0.12527439
v 0.15825045 -0.02086610 -0.10325066
v 0.14998445 -0.02960540 -0.10745312
v 0.13727657 -0.00593155 -0.12134723
v 0.14336202 -0.01868224 -0.11531733
v 0.13288458 0.00829816 -0.12542285
v 0.13047671 0.02338487 -0.12703754
v 0.11309551 0.03488502 -0.13433668
v 0.09451493 0.02956972 -0.13956213
v 0.07643722 0.05989876 -0.13596514
v 0.07553212 0.04256182 -0.13937268
v 0.07516488 0.02445494 -0.14143397
v 0.07574877 0.00671312 -0.14188969
v 0.07496626 0.15119368 -0.08271922
v 0.05712596 0.14501974 -0.09353459
v 0.25902796 0.04423685 -0.10001910
v 0.26440758 0.05154127 -0.10030681
v -0.00011057 -0.41830033 -0.14617400
v -0.00021673 -0.39460167 -0.14736868
v 0.25476664 0.05225058 -0.10056010
v 0.25370118 0.04693030 -0.10029761
v 0.26595667 0.06037530 -0.09969250
v 0.26478839 0.07168342 -0.09762704
v 0.25310925 0.07052389 -0.09902190
v 0.25434920 0.05956755 -0.10057928
v 0.26135638 0.08414496 -0.09294206
v 0.24966209 0.08184760 -0.09584737
v 0.25483835 0.09465047 -0.08763903
v 0.24553473 0.10150030 -0.08383663
v 0.24136171 0.09729924 -0.08824182
v 0.24524665 0.09134234 -0.09182674
v 0.21059014 0.09352045 -0.09332111
v 0.22225182 0.09584605 -0.09108326
v 0.23334450 0.09690449 -0.08907243
v 0.22054221 0.04412344 -0.09919713
v 0.23291057 0.05207804 -0.10071342
v 0.24367797 0.05759817 -0.10103041
v 0.24176882 0.06801345 -0.10018644
v 0.23066203 0.06228491 -0.10086512
v -0.00001828 -0.43917054 -0.14105402
v 0.21813682 0.05489399 -0.10073315
v 0.05576494 0.00331353 -0.14142613
v 0.03654964 -0.00040988 -0.13770984
v 0.00031263 -0.45926023 0.11248682
v 0.00075853 -0.47713718 0.10650145
v 0.17894588 0.03829176 -0.10329814
v 0.00052930 -0.49291855 0.09764117
v 0.00054314 -0.50687462 0.08629454
v 0.16903742 0.03513464 -0.10772980
v 0.19005375 0.04263356 -0.10013064
v 0.20396893 0.04873766 -0.10009871
v 0.17916051 0.05238433 -0.10458294
v 0.16894290 0.04866109 -0.10787065
v 0.15794563 0.04554862 -0.11209811
v 0.05565775 0.01998242 -0.13956505
v 0.01806596 -0.00305810 -0.13386634
v -0.00020083 -0.34721667 -0.13778988
v -0.00013481 -0.32494473 -0.12906136
v -0.00038109 -0.36595571 0.13193114
v 0.00009022 0.15289176 0.03456208
v -0.00005702 0.19236490 -0.07297092
v 0.00010341 0.11636285 0.02777069
v 0.00008809 0.10648191 0.03220203
v 0.00166230 -0.52458870 -0.01533002
v 0.00005356 0.09656447 0.03982737
v 0.00170285 -0.52389038 -0.02761466
v 0.00033220 -0.14867628 -0.10350927
v 0.17888281 0.09317477 0.01978932
v 0.18055786 0.11841521 0.00484252
v 0.18334109 0.13346767 -0.01795147
v 0.18271653 0.13491851 -0.04370115
v 0.41788167 -0.00619006 -0.05537612
v 0.02019585 -0.19905798 -0.09855489
v 0.02194746 -0.22327191 -0.09563068
v 0.04223982 -0.22449505 -0.09877294
v 0.01943809 -0.08214021 -0.12835328
v 0.01840576 -0.01773757 -0.13664185
v 0.10958696 -0.02260509 0.10529064
v 0.09701406 -0.02178186 0.11036181
v 0.09800831 -0.00728253 0.10161836
v 0.11103315 -0.00816142 0.09623987
v 0.13017569 -0.02556247 0.09083521
v 0.12079634 -0.02392322 0.09841533
v 0.12252328 -0.00974353 0.08956341
v 0.13249718 -0.01201934 0.08231448
v 0.13837157 -0.02893229 0.08241781
v 0.14095646 -0.01545165 0.07438532
v 0.11907034 -0.03929536 0.10535870
v 0.10822626 -0.03823178 0.11208761
v 0.09602761 -0.03720612 0.11670342
v 0.13554278 -0.04246454 0.08907225
v 0.12809715 -0.04045365 0.09746421
v 0.01028408 0.15468614 0.03333820
v 0.01315122 0.10952345 0.03256845
v 0.01237036 0.11911172 0.02857930
v 0.01583805 -0.02213103 0.10795727
v 0.01573607 0.01153897 0.09272335
v 0.01646813 0.02404934 0.08305737
v 0.01701345 0.03937368 0.07462805
v 0.01454519 0.09916577 0.03899097
v 0.01559441 -0.00481214 0.10079461
v 0.17129487 -0.45408523 -0.07713583
v 0.15554975 -0.47376972 -0.09682030
v 0.15758097 -0.45175928 -0.09496999
v 0.14471671 -0.46585590 -0.10835653
v 0.16427733 -0.38706467 -0.07047720
v 0.16413674 -0.41107240 -0.07676512
v 0.16507325 -0.36134806 -0.06669003
v 0.12482822 -0.47652429 -0.12116919
v 0.09876503 -0.48247308 -0.13021734
v 0.09456934 -0.46435463 -0.13836333
v 0.15065669 -0.36499199 -0.09212757
v 0.15086372 -0.39101088 -0.09529450
v 0.16244176 -0.43319333 -0.08493436
v 0.15002392 -0.43629399 -0.10297951
v 0.14893822 -0.44999486 -0.10507572
v 0.11970863 -0.46156135 -0.12828264
v 0.13804185 -0.45622921 -0.11567952
v 0.03440882 -0.32625505 -0.12931019
v 0.06357258 -0.32613376 -0.12816651
v 0.05945538 -0.30636883 -0.11873487
v 0.12705271 -0.31970140 -0.10334571
v 0.13900287 -0.29802722 -0.08109605
v 0.13558431 -0.44057107 -0.11855755
v 0.11664008 -0.44256541 -0.13285887
v 0.09152048 -0.44283634 -0.14391820
v 0.09099037 -0.36890644 -0.13961980
v 0.09004195 -0.39301342 -0.14467396
v 0.11366344 -0.39425546 -0.13322641
v 0.11406914 -0.36879078 -0.12862203
v 0.13147034 -0.34240127 -0.10880896
v 0.13358685 -0.36776298 -0.11283756
v 0.09029732 -0.34566748 -0.13241859
v 0.11220117 -0.34422410 -0.12281613
v 0.10790788 -0.32209200 -0.11584506
v 0.13408172 -0.39421529 -0.11641309
v 0.06067996 -0.41797051 -0.15251711
v 0.08978344 -0.41871575 -0.14654207
v 0.03054039 -0.41719034 -0.15058440
v 0.08709827 -0.32416403 -0.12392528
v 0.08222725 -0.30463257 -0.11521989
v 0.07665226 -0.28609005 -0.10734992
v 0.06349522 -0.22625826 -0.09821802
v 0.20527409 -0.67490911 0.06611183
v 0.02123771 -0.54288167 0.01087037
v 0.01564589 -0.53499889 -0.01542812
v 0.17787644 -0.41341931 0.04441259
v 0.18809560 -0.43066552 -0.03129986
v 0.17591986 -0.43096820 -0.06094236
v 0.05176868 -0.53545088 0.07511592
v 0.03654221 -0.54535800 0.05365700
v 0.16177626 -0.42340589 0.07184113
v 0.12294842 -0.47964069 0.09975288
v 0.02728753 -0.54693943 0.03227461
v 0.15069413 -0.41533512 -0.09931426
v 0.13463055 -0.41912425 -0.11841691
v 0.11467649 -0.41973406 -0.13446975
v 0.06163052 -0.44191295 -0.14970393
v 0.03031123 -0.43979087 -0.14798267
v 0.02539537 -0.48249283 0.10245877
v 0.01969349 -0.47125593 0.10744314
v 0.01069057 -0.47436887 0.10698175
v 0.01251786 -0.49045491 0.09894615
v 0.10096974 -0.34582970 0.09791062
v 0.07945783 -0.35328984 0.11108229
v 0.03770207 -0.36263904 0.12777723
v 0.01810334 -0.36485234 0.13120118
v 0.15451987 -0.31865260 0.04391864
v 0.05825088 -0.35898593 0.12136021
v 0.14050078 -0.32817462 0.06482583
v 0.12151624 -0.33742142 0.08286060
v 0.31262392 -1.10633922 -0.05709464
v 0.32300282 -1.13326418 -0.05313685
v 0.32332093 -1.13126862 -0.06865909
v 0.31029102 -1.10491419 -0.07238390
v 0.32506901 -1.09450674 -0.10098885
v 0.31467777 -1.10065877 -0.09285257
v 0.33888724 -1.08900952 -0.10284009
v 0.34668088 -1.11832237 -0.10186003
v 0.35748756 -1.11508644 -0.09485751
v 0.35222733 -1.08554602 -0.09752022
v 0.36035264 -1.08352816 -0.08809847
v 0.37411022 -1.11116421 -0.05661213
v 0.36987615 -1.08276963 -0.05704850
v 0.36604878 -1.08221853 -0.07612408
v 0.37196189 -1.11128628 -0.07476415
v 0.36553609 -1.08854818 -0.03725615
v 0.36955667 -1.11592531 -0.03694032
v 0.35202479 -1.09702063 -0.02612296
v 0.31862828 -1.10728729 -0.04149005
v 0.32685298 -1.13401079 -0.03632673
v 0.33388498 -1.12333035 -0.10027569
v 0.32551530 -1.12845278 -0.09037228
v 0.31044599 -1.10386264 -0.08298663
v 0.32439786 -1.12979090 -0.07950253
v 0.33154994 -1.15968406 -0.06438029
v 0.32572186 -1.16223478 -0.04816774
v 0.34265983 -1.15150547 -0.10048546
v 0.33790174 -1.15508056 -0.08743609
v 0.36330521 -1.14384174 -0.09261094
v 0.35417426 -1.14648831 -0.10320758
v 0.38187990 -1.13775408 -0.07407693
v 0.36551923 -1.11284423 -0.08541396
v 0.37305915 -1.14059389 -0.08347850
v 0.38274521 -1.13728249 -0.05652709
v 0.37764561 -1.14078236 -0.03324887
v 0.33154356 -1.15997255 -0.02961729
v 0.33459640 -1.15780389 -0.07625095
v 0.40959102 -1.21965253 0.12462074
v 0.41377443 -1.21811736 0.12366629
v 0.41669786 -1.22177315 0.12429112
v 0.41053408 -1.22485864 0.12570849
v 0.36664110 -1.23130631 0.13620314
v 0.37422299 -1.22679973 0.13816847
v 0.37936199 -1.23458433 0.13629827
v 0.36897594 -1.24087429 0.13425137
v 0.40373012 -1.23098850 0.13098793
v 0.39908636 -1.23256958 0.13149172
v 0.39682510 -1.22938371 0.13518274
v 0.40430856 -1.22664714 0.13435581
v 0.44008970 -1.21453190 0.08952499
v 0.43636578 -1.21618450 0.09102415
v 0.43468183 -1.21198618 0.09351462
v 0.43988377 -1.21062386 0.09084903
v 0.42926240 -1.22169101 0.10752505
v 0.42591238 -1.22354066 0.10901120
v 0.42408651 -1.21951509 0.11197542
v 0.42978460 -1.21782899 0.10941137
v 0.37530309 -1.22198546 0.11417066
v 0.37530059 -1.22288442 0.12857452
v 0.36419594 -1.22983432 0.12630419
v 0.36097839 -1.22603083 0.11169270
v 0.36093533 -1.24069774 0.12258817
v 0.37004238 -1.24325728 0.11997169
v 0.36852211 -1.24418354 0.10539947
v 0.35871685 -1.23883796 0.10659356
v 0.38216206 -1.23915958 0.12210875
v 0.38159317 -1.23898280 0.10880546
v 0.38534865 -1.22846282 0.11311587
v 0.38723505 -1.22802007 0.12756917
v 0.40363455 -1.22166002 0.11383901
v 0.40760547 -1.22272384 0.12598383
v 0.39984030 -1.21929514 0.12735061
v 0.39612877 -1.21631408 0.11485274
v 0.39221251 -1.22239351 0.12856062
v 0.38597718 -1.22064400 0.11656449
v 0.38632607 -1.23077989 0.11553589
v 0.38920498 -1.23077166 0.12877187
v 0.39615425 -1.23394477 0.12491450
v 0.39273185 -1.23422563 0.11191641
v 0.40113541 -1.23011279 0.11130125
v 0.40464520 -1.23070598 0.12364486
v 0.40723735 -1.21886384 0.11876289
v 0.40317902 -1.21546650 0.10936641
v 0.41245767 -1.21084249 0.10706090
v 0.41401932 -1.21578085 0.11776217
v 0.40970021 -1.22790658 0.10668156
v 0.40329826 -1.22538543 0.10943770
v 0.40578276 -1.22697484 0.11901216
v 0.41178986 -1.22874367 0.11711530
v 0.41877562 -1.22600365 0.11626897
v 0.41800630 -1.22375894 0.10530229
v 0.41925907 -1.21569908 0.10682150
v 0.42050439 -1.21913803 0.11739819
v 0.42775580 -1.21091175 0.10371903
v 0.42708325 -1.20529604 0.09380144
v 0.43294519 -1.21071541 0.09271640
v 0.43268538 -1.21543908 0.10235695
v 0.41996169 -1.20867991 0.09751333
v 0.42226309 -1.21221340 0.10562429
v 0.42430812 -1.22164595 0.09574535
v 0.41932175 -1.21568382 0.09937280
v 0.41949272 -1.21830773 0.10627632
v 0.42423892 -1.22393548 0.10374762
v 0.43108773 -1.22166467 0.10193323
v 0.43172431 -1.21891642 0.09216449
v 0.44303831 -1.20812309 0.08399239
v 0.43957543 -1.20332026 0.08557139
v 0.43924370 -1.20041752 0.07674266
v 0.44285923 -1.20655930 0.07391436
v 0.43295836 -1.20237958 0.08163795
v 0.43358663 -1.20509017 0.08799469
v 0.43548939 -1.21584487 0.07985193
v 0.43278238 -1.20890212 0.08307113
v 0.43192941 -1.21110654 0.08813485
v 0.43518233 -1.21703577 0.08610059
v 0.44150624 -1.21495461 0.08389378
v 0.44109043 -1.21323776 0.07545164
v 0.35964310 -1.22280741 0.09724560
v 0.37835807 -1.22001731 0.10012232
v 0.37241834 -1.24204719 0.12939346
v 0.35855618 -1.23728764 0.09190593
v 0.37914354 -1.23953056 0.13043872
v 0.38505608 -1.23712742 0.09616576
v 0.36904481 -1.24270010 0.09077644
v 0.38406959 -1.22906137 0.10655521
v 0.40061998 -1.22234547 0.13388389
v 0.40125781 -1.22326386 0.10424329
v 0.40375471 -1.22987044 0.09471802
v 0.39616591 -1.22399306 0.13440512
v 0.39601365 -1.21341372 0.09817293
v 0.41297680 -1.20800829 0.08925427
v 0.41356471 -1.22766638 0.12293264
v 0.41719681 -1.22597075 0.12249185
v 0.42075276 -1.22330618 0.08789128
v 0.41885674 -1.21454942 0.09735524
v 0.42758873 -1.21393991 0.10917086
v 0.43300423 -1.20859277 0.08315960
v 0.43377471 -1.21767449 0.07657918
v 0.42412788 -1.21468401 0.11019980
v 0.42771381 -1.20128942 0.07756931
v 0.43779373 -1.20747137 0.08994653
v 0.44208074 -1.21388662 0.06470757
v 0.44401741 -1.20497584 0.06170838
v 0.43472844 -1.20778334 0.09181152
v 0.43841517 -1.19777036 0.06613141
v 0.32749116 -1.10682011 -0.02978782
v 0.33526528 -1.13215220 -0.02490401
v 0.33880186 -1.10366821 -0.02445335
v 0.35801092 -1.12309444 -0.02435619
v 0.34636486 -1.12882555 -0.02083629
v 0.34160349 -1.15599442 -0.01626314
v 0.36598206 -1.14744341 -0.01875795
v 0.35423532 -1.15114033 -0.01291698
v 0.39090714 -1.15691650 -0.07629219
v 0.39399350 -1.15673459 -0.05851845
v 0.37952125 -1.16065586 -0.08606350
v 0.36077964 -1.16733599 -0.10669813
v 0.37036759 -1.16394877 -0.09678005
v 0.34693801 -1.17404163 -0.00568006
v 0.33847025 -1.17994535 -0.02339992
v 0.36062711 -1.16694355 -0.00019758
v 0.37513977 -1.16291261 -0.00804519
v 0.35362452 -1.21936607 0.08049731
v 0.35429299 -1.21780407 0.05940706
v 0.36458367 -1.20315027 0.06265333
v 0.37056622 -1.21088386 0.08182836
v 0.38242817 -1.19697821 0.05913368
v 0.38971436 -1.20676184 0.07822864
v 0.39965874 -1.19485974 0.05128449
v 0.40656430 -1.20231771 0.07056960
v 0.41565281 -1.19309163 0.04200944
v 0.42235488 -1.19774222 0.06061707
v 0.43046588 -1.19443095 0.03237602
v 0.43617672 -1.19579482 0.05127846
v 0.44121224 -1.20123649 0.02728264
v 0.44547749 -1.20263982 0.04658325
v 0.35475969 -1.23710322 0.07486326
v 0.35563660 -1.23418808 0.05376708
v 0.36841145 -1.24452317 0.07201362
v 0.36980951 -1.24331033 0.05112097
v 0.38553777 -1.23878717 0.07103102
v 0.38526046 -1.23851883 0.04951263
v 0.44147891 -1.21422052 0.02889355
v 0.44390792 -1.21504188 0.04887690
v 0.40284723 -1.23143697 0.06691757
v 0.40132099 -1.23087323 0.04521757
v 0.41954941 -1.22637999 0.06086218
v 0.41773069 -1.22593915 0.03927780
v 0.43318224 -1.22144413 0.05432136
v 0.43155199 -1.22134304 0.03326976
v 0.35773265 -1.19755614 0.03967709
v 0.37413263 -1.18603778 0.03845668
v 0.00024752 0.15780735 -0.09061074
v 0.00010921 0.08366498 -0.11617140
v 0.39130503 -1.18489099 0.02951813
v 0.40758497 -1.18675935 0.01902322
v 0.42249769 -1.19240558 0.00936599
v 0.43474728 -1.19930983 0.00473054
v 0.40218276 -1.17598057 -0.00926837
v 0.41612166 -1.19157493 -0.01683825
v 0.42704469 -1.20091212 -0.01869368
v 0.41152090 -1.19120395 -0.04301612
v 0.42053449 -1.20199263 -0.04297089
v 0.00013150 -0.45668036 -0.13397896
v 0.00005680 0.04235217 -0.12332848
v 0.40281564 -1.19417787 -0.08525309
v -0.00023815 -0.37062669 -0.14405386
v 0.00007794 0.03563945 0.07478043
v 0.00002465 0.02042983 0.08305415
v 0.00001396 0.00941403 0.09324884
v -0.00007342 -0.00736225 0.10047377
v -0.00013354 -0.27920732 0.13878287
v -0.00004645 -0.26491597 0.13620500
v 0.00161276 -0.22164704 -0.08965898
v -0.00028721 -0.32435438 0.13986279
v -0.00000471 -0.24849303 0.13949539
v 0.00011136 -0.08067210 -0.12609443
v -0.00007471 -0.02498345 0.10679267
v -0.00032561 -0.34454578 0.13707113
v 0.00013841 -0.01806509 -0.13448355
v 0.00006201 -0.22454138 0.14037721
v 0.00013621 -0.43832392 0.11647917
v 0.00011337 -0.15572654 0.12932530
v -0.02083847 0.15730895 0.02927103
v -0.03190853 0.16141163 0.02328729
v -0.03312250 0.15317926 0.02191164
v -0.02167014 0.14940418 0.02735213
v -0.05797495 0.17122719 -0.02770850
v -0.05645783 0.17953268 -0.02274341
v -0.05323466 0.18397667 -0.03739828
v -0.05592184 0.17559111 -0.04275990
v -0.04662769 0.18657406 -0.05039912
v -0.05000657 0.17787144 -0.05575300
v -0.03960389 0.17817618 -0.06560715
v -0.03732817 0.18830507 -0.06036108
v -0.02604129 0.18792216 -0.06802268
v -0.02826146 0.17708328 -0.07247163
v -0.04300967 0.16621906 0.01516109
v -0.05192493 0.17116906 0.00400594
v -0.05168373 0.16170242 0.00369892
v -0.04304636 0.15794404 0.01444438
v -0.05661637 0.17623267 -0.00881154
v -0.05754068 0.16694231 -0.01119870
v -0.01467641 0.17777412 -0.07648552
v -0.01317474 0.19029371 -0.07160231
v -0.02433406 0.13111690 0.02540831
v -0.01181899 0.12870321 0.02780793
v -0.01135475 0.13784026 0.02860603
v -0.02325360 0.14020944 0.02581900
v -0.05539291 0.13158816 0.00579738
v -0.06992686 0.13903455 -0.00883075
v -0.07601279 0.13052525 -0.00407076
v -0.06072178 0.12198421 0.01025497
v -0.07150880 0.10189865 0.02848880
v -0.09538796 0.11023322 0.01207030
v -0.09286523 0.08988120 0.03221696
v -0.07304374 0.08444674 0.03993077
v -0.09103218 0.07195827 0.04773190
v -0.07301971 0.06762435 0.05245608
v -0.08570911 0.02224496 0.08460891
v -0.06869820 0.02119417 0.08837018
v -0.07022631 0.03662659 0.07692886
v -0.08749520 0.03818510 0.07299205
v -0.09934901 -0.07369418 0.11162000
v -0.08601992 -0.06937503 0.11756793
v -0.09363325 -0.05324880 0.11878029
v -0.10552932 -0.05548535 0.11437220
v -0.15425673 0.04350102 0.04453598
v -0.15595955 0.06169928 0.03596107
v -0.16797471 0.05018665 0.03528605
v -0.16445744 0.03174308 0.04126661
v -0.11068503 0.14279276 -0.03717911
v -0.10514443 0.12949012 -0.01351261
v -0.09386121 0.13345641 -0.01847364
v -0.09910647 0.14595835 -0.03942912
v -0.15007652 -0.04450121 0.06373284
v -0.14510348 -0.05669716 0.07229078
v -0.14147680 -0.04678020 0.08066487
v -0.14533871 -0.03486376 0.07350167
v -0.12016222 -0.15350369 0.06823150
v -0.10511494 -0.15447859 0.08536733
v -0.10495953 -0.13447960 0.08377223
v -0.11936705 -0.13348599 0.06773014
v -0.15413880 -0.11326871 -0.00020783
v -0.15519165 -0.11453260 -0.02673314
v -0.15280299 -0.12989765 -0.02681798
v -0.15256092 -0.12986511 -0.00022800
v -0.11538786 0.02185469 0.07503637
v -0.10134350 0.02252032 0.08005162
v -0.10352515 0.03874376 0.06873783
v -0.11802238 0.03847250 0.06425177
v -0.33873528 0.06052385 -0.00674356
v -0.34058765 0.04283746 -0.00557610
v -0.31632748 0.04622894 -0.00391738
v -0.31438619 0.06396171 -0.00518218
v -0.15241708 -0.22443110 0.01194405
v -0.15198341 -0.22051291 -0.01377562
v -0.15465425 -0.23848273 -0.01162303
v -0.15443464 -0.24289353 0.01453821
v -0.19343284 0.11184140 0.00535539
v -0.19414797 0.12930135 -0.01576267
v -0.20566684 0.12457583 -0.01491059
v -0.20668204 0.10587298 0.00437288
v -0.14742772 0.01309987 0.05875463
v -0.15119298 0.02793329 0.05216035
v -0.15963350 0.01760127 0.04654621
v -0.15510271 0.00499215 0.05166995
v -0.16435929 -0.08520674 -0.03135815
v -0.16389479 -0.08345681 -0.00859682
v -0.16722764 -0.06716047 -0.01451085
v -0.16826651 -0.06902758 -0.03500348
v -0.15983433 -0.09907898 -0.00375202
v -0.16021335 -0.10080691 -0.02860502
v -0.13837647 0.01781359 0.06436846
v -0.12769894 0.02032078 0.06977944
v -0.13050880 0.03743477 0.05992313
v -0.14107470 0.03511453 0.05598975
v -0.09299672 -0.08958654 0.10510474
v -0.07714797 -0.08419873 0.11288165
v -0.14730340 -0.24807644 0.03985793
v -0.13523781 -0.25362101 0.06203709
v -0.13510425 -0.23373009 0.05949380
v -0.14629723 -0.22895963 0.03718290
v -0.08801746 -0.11664535 0.09382810
v -0.08871048 -0.10258611 0.09748186
v -0.10382566 -0.10393666 0.08796846
v -0.10328342 -0.11739483 0.08228712
v -0.11955528 -0.25858113 0.08120649
v -0.10211060 -0.26319325 0.09875792
v -0.10180330 -0.24148388 0.09563192
v -0.11948676 -0.23807253 0.07859462
v -0.08923446 0.05479253 0.06099562
v -0.07182182 0.05204805 0.06512593
v -0.12195584 -0.07424343 0.09633770
v -0.11150250 -0.07493429 0.10444006
v -0.11668894 -0.05656498 0.10769418
v -0.12579633 -0.05668206 0.09958743
v -0.17189099 0.01670861 0.03357456
v -0.18141140 0.03397715 0.02854736
v -0.18142763 0.01049884 0.01526565
v -0.17266692 0.00151417 0.02048936
v -0.15532362 -0.25465751 -0.00969112
v -0.15465456 -0.25985149 0.01668508
v -0.12040477 -0.27909026 0.08303915
v -0.10279708 -0.28463474 0.10047200
v -0.19839074 -0.00977194 -0.03792761
v -0.20788048 -0.00188342 -0.04160715
v -0.21018201 -0.00453731 -0.05409126
v -0.20171213 -0.01154440 -0.05177711
v -0.05363466 -0.05117191 0.12172733
v -0.06893545 -0.04219928 0.12185661
v -0.07474620 -0.05887934 0.12179828
v -0.06230952 -0.07172385 0.11913572
v -0.11875980 -0.09027609 0.08803893
v -0.11721081 -0.10291644 0.07802621
v -0.10678973 -0.09108689 0.09676626
v -0.03768364 -0.06114554 0.11798230
v -0.04799036 -0.08716452 0.11312492
v -0.05348948 0.04846818 0.06881896
v -0.05217061 0.03414869 0.08013792
v -0.05403063 0.06349868 0.05776726
v -0.03507534 0.05972309 0.06255598
v -0.03397198 0.07531557 0.05253479
v -0.05303353 0.07921099 0.04718869
v -0.03180460 0.09100484 0.04422460
v -0.05065438 0.09538290 0.03810928
v -0.03944442 0.12493850 0.01727578
v -0.04314142 0.11606859 0.02166933
v -0.16515145 0.00504133 0.03776114
v -0.16015840 -0.00569823 0.04198388
v -0.13631529 -0.27325439 0.06375789
v -0.11765096 0.07007293 -0.12641771
v -0.11440513 0.05270936 -0.13131705
v -0.13214491 0.05589577 -0.12316915
v -0.13514173 0.07269587 -0.11831807
v -0.12086552 0.14344114 -0.03586517
v -0.11857081 0.13074361 -0.01135577
v -0.17585422 -0.00795378 -0.09486596
v -0.18705326 -0.00291533 -0.09078701
v -0.18615340 0.00534754 -0.09486988
v -0.17393491 0.00103532 -0.09947494
v -0.21233748 0.00538934 -0.07902631
v -0.21228437 -0.00071412 -0.07293969
v -0.23081331 0.00635462 -0.07609051
v -0.22981930 0.01295414 -0.08289002
v -0.14689386 -0.23422144 -0.03602104
v -0.14358160 -0.21663581 -0.03822984
v -0.13083689 -0.10196935 -0.09335038
v -0.14256220 -0.10909449 -0.07333827
v -0.15011175 -0.09340676 -0.07310168
v -0.14003167 -0.08567349 -0.09154341
v -0.01762307 0.04428623 -0.12656786
v -0.01734598 0.02860691 -0.12860017
v -0.03638574 0.03243056 -0.13336314
v -0.03654338 0.04817754 -0.13091977
v -0.07820832 0.07658719 -0.13152063
v -0.07965019 0.09198426 -0.12629960
v -0.05649821 0.08437860 -0.12752359
v -0.05618916 0.06960326 -0.13145171
v -0.09750444 0.06557600 -0.13256843
v -0.09490348 0.04810692 -0.13689625
v -0.16711475 -0.06777991 -0.05456042
v -0.16166240 -0.08295845 -0.05265632
v -0.17870030 -0.03690863 -0.04448075
v -0.17868783 -0.03645214 -0.06027180
v -0.17505176 -0.04472638 -0.05883672
v -0.17545928 -0.04494056 -0.04207992
v -0.09036893 0.15077573 -0.04270808
v -0.08689644 0.15576786 -0.06287307
v -0.09784201 0.15214901 -0.06129519
v -0.05120430 0.13387257 -0.10318541
v -0.05135040 0.12729509 -0.10777713
v -0.06490093 0.13282922 -0.10319175
v -0.06134483 0.13830245 -0.09888646
v -0.04005726 -0.03670891 -0.13758174
v -0.01918096 -0.03708547 -0.13488488
v -0.01977862 -0.05857096 -0.13239166
v -0.04216130 -0.05969034 -0.13460393
v -0.18907984 -0.01560966 -0.08028875
v -0.17982829 -0.02193597 -0.08251502
v -0.18200399 -0.02680346 -0.07338884
v -0.18983629 -0.02054485 -0.07246745
v -0.17229921 -0.04177634 -0.07281067
v -0.17651525 -0.03355834 -0.07323698
v -0.17319667 -0.02861364 -0.08380349
v -0.16783918 -0.03652580 -0.08478260
v -0.14857964 -0.07053835 -0.08865561
v -0.15651947 -0.07744893 -0.07171974
v -0.16337487 -0.06324317 -0.07172649
v -0.15711056 -0.05699122 -0.08732750
v -0.01838239 -0.12893310 -0.11624584
v -0.03765756 -0.13181889 -0.11897629
v -0.03884402 -0.10806544 -0.12438186
v -0.01864751 -0.10618232 -0.12312860
v -0.22209509 0.01664009 -0.02071000
v -0.22189893 0.02518344 -0.00704515
v -0.23630437 0.02558768 -0.01065171
v -0.23932242 0.01706239 -0.02502118
v -0.24499282 0.04906811 -0.10067555
v -0.23450550 0.04310664 -0.09967003
v -0.23620304 0.03593613 -0.09789229
v -0.24639869 0.04244473 -0.09978393
v -0.26248279 0.00823673 -0.04115948
v -0.25775665 0.01522218 -0.02793516
v -0.27855915 0.01308835 -0.03033484
v -0.28260362 0.00579019 -0.04417273
v -0.13238943 0.14232069 -0.06348879
v -0.13179693 0.14382121 -0.03504476
v -0.12231217 0.14596051 -0.06233675
v -0.26535031 0.00206121 -0.06527315
v -0.26415277 0.00526953 -0.07626873
v -0.24722640 0.00412849 -0.07173640
v -0.24793448 0.00258886 -0.06104204
v -0.31322530 0.08063804 -0.01501571
v -0.33734828 0.07720002 -0.01630346
v -0.30619237 0.00168584 -0.05927124
v -0.30710402 0.00374195 -0.07207964
v -0.28588086 0.00229401 -0.06908572
v -0.28591347 0.00127544 -0.05702408
v -0.12284340 -0.11782048 -0.09263488
v -0.13642938 -0.12439571 -0.07356860
v -0.11973158 -0.22971562 -0.07500985
v -0.13521443 -0.23148479 -0.05762799
v -0.13059668 -0.21317834 -0.05989112
v -0.11503651 -0.21064925 -0.07708146
v -0.14910366 -0.25110048 -0.03468832
v -0.12336355 -0.24819484 -0.07316023
v -0.13863918 -0.24912354 -0.05595433
v -0.06854969 0.16320533 -0.05784558
v -0.05655236 0.16337870 -0.07282166
v -0.06559781 0.15747249 -0.07677142
v -0.07685164 0.15905043 -0.06297784
v -0.17508341 -0.35972169 -0.03798329
v -0.17368601 -0.38453212 -0.04269380
v -0.17935622 -0.38430995 -0.01181406
v -0.17897072 -0.36208743 -0.00733324
v -0.03550118 0.14740327 -0.09402443
v -0.05134591 0.15355499 -0.08597440
v -0.04250350 0.15976676 -0.08207101
v -0.02948774 0.15553610 -0.08886416
v -0.17657220 -0.33938915 -0.00625901
v -0.17345536 -0.33509904 -0.03558826
v -0.08054264 0.15456493 -0.04232403
v -0.07095736 0.15838435 -0.03805209
v -0.07716193 0.14697777 -0.02438076
v -0.06839953 0.15144369 -0.02101380
v -0.06108552 0.14526412 -0.00531430
v -0.17848301 -0.38869983 0.01787924
v -0.17628112 -0.36840457 0.02000867
v -0.05478697 0.17038210 -0.06269190
v -0.04290098 0.16923340 -0.07285751
v -0.02810506 0.16639914 -0.08076058
v -0.01270745 0.16594824 -0.08440395
v -0.15334837 -0.26780087 -0.03436093
v -0.15796062 -0.27132958 -0.00840862
v -0.12996227 -0.48953623 -0.11182562
v -0.10202824 -0.49808344 -0.12033026
v -0.10351291 -0.51069224 -0.10931618
v -0.13723910 -0.50109637 -0.10129580
v -0.02895861 -0.49530461 -0.12222899
v -0.02708353 -0.51050466 -0.10547975
v -0.06616737 -0.51369780 -0.11015244
v -0.06784025 -0.50008947 -0.12379467
v -0.06475887 -0.36942345 -0.14505967
v -0.06528404 -0.34705111 -0.13714004
v -0.03506903 -0.34762403 -0.13789776
v -0.03419193 -0.37005028 -0.14494361
v -0.13010749 -0.26599506 -0.07435624
v -0.14533280 -0.26677775 -0.05652702
v -0.15578710 -0.27655342 0.01831640
v -0.20919627 -0.49355072 -0.01251836
v -0.21616922 -0.52542806 -0.01479477
v -0.21573874 -0.53203613 0.02352395
v -0.20732839 -0.49869329 0.02805355
v -0.17926747 -0.53265822 -0.07460994
v -0.17344217 -0.50635600 -0.07775708
v -0.14161691 -0.51831138 -0.09426904
v -0.14717112 -0.54116839 -0.08955310
v -0.08380719 -0.28968063 0.11633936
v -0.10277787 -0.30535278 0.10001887
v -0.08376643 -0.31116450 0.11525980
v -0.02406369 -0.30031842 0.14096907
v -0.04569973 -0.29741573 0.13673213
v -0.04326751 -0.31949130 0.13515112
v -0.02214224 -0.32231644 0.13927650
v -0.02682689 -0.43685785 0.11390294
v -0.01218246 -0.43687549 0.11597607
v -0.01440681 -0.41335741 0.12027355
v -0.03118004 -0.41226172 0.11774168
v -0.16508840 -0.37520653 0.04612406
v -0.14708331 -0.38350010 0.06797367
v -0.14502443 -0.36563072 0.06671906
v -0.16209051 -0.35692936 0.04564231
v -0.02701703 -0.52227151 -0.08522150
v -0.06468821 -0.52579582 -0.09380779
v -0.20277578 -0.54163831 0.05936008
v -0.19205943 -0.50843811 0.06415225
v -0.17884645 -0.55435115 0.08507097
v -0.14706451 -0.56484026 0.09557279
v -0.13808124 -0.53522134 0.09861065
v -0.16877241 -0.52183318 0.08816737
v -0.03804462 -0.51304013 0.08317414
v -0.02399227 -0.53015941 0.05867313
v -0.01676390 -0.52425134 0.06453695
v -0.02907046 -0.50253284 0.09049377
v -0.03037260 -0.47873488 -0.13382459
v -0.06525856 -0.48386601 -0.13496092
v -0.06358281 -0.46403021 -0.14329302
v -0.03064734 -0.46064582 -0.14219087
v -0.10688718 -0.24822214 -0.08549082
v -0.11170508 -0.26648933 -0.08780792
v -0.08751909 -0.24805708 -0.09353856
v -0.10233356 -0.22830936 -0.08719743
v -0.08279993 -0.22741656 -0.09469473
v -0.08611262 -0.09948842 -0.11910506
v -0.10584514 -0.10968705 -0.10792061
v -0.11471056 -0.09315208 -0.10995184
v -0.09549534 -0.08073416 -0.12239782
v -0.05575731 0.03749414 -0.13752413
v -0.05594429 0.05389981 -0.13492540
v -0.10649069 -0.54593390 -0.09378171
v -0.06127845 -0.54218966 -0.08170400
v -0.08606756 -0.57586396 -0.08259866
v -0.12249196 -0.57194227 -0.09017669
v -0.20861195 -0.55617684 -0.04952667
v -0.20320560 -0.52534014 -0.04924426
v -0.18591323 -0.56070077 -0.07292581
v -0.22237705 -0.55738956 -0.01659990
v -0.22352216 -0.56384057 0.02094723
v -0.18706551 -0.58651453 0.08175666
v -0.15522823 -0.59588581 0.09097989
v -0.06267793 -0.58529180 0.05452469
v -0.08469985 -0.58161098 0.07437932
v -0.09208424 -0.60672897 0.06674141
v -0.07074343 -0.60772985 0.04482760
v -0.06638647 -0.43991330 0.10485780
v -0.09845276 -0.41552258 0.09569968
v -0.10307138 -0.43665245 0.09590170
v -0.07747775 -0.46135998 0.10052509
v -0.02927622 -0.27751464 0.14062741
v -0.04690596 -0.27393228 0.13684581
v -0.06462692 -0.29397640 0.12888540
v -0.06479018 -0.27049354 0.12880729
v -0.08358694 -0.26709628 0.11543281
v -0.04655369 -0.17652981 0.12906648
v -0.06818417 -0.17656681 0.11907192
v -0.06578486 -0.19929151 0.12240223
v -0.04489380 -0.19994907 0.13262087
v -0.04835196 -0.15293176 0.12445977
v -0.07036796 -0.15342790 0.11515307
v -0.04829492 -0.10902762 0.10981083
v -0.07028015 -0.09803475 0.10624199
v -0.06963386 -0.11357468 0.10335675
v -0.03495484 0.04458287 0.07245336
v -0.03423382 0.03011413 0.08223113
v -0.16909961 -0.39328974 0.04614356
v -0.03781717 -0.55661398 -0.05417527
v -0.03255072 -0.56981719 -0.02548952
v -0.04736795 -0.59361565 -0.03519675
v -0.05896151 -0.58412051 -0.06234054
v -0.17285477 -0.34800240 0.02105265
v -0.14874466 -0.26668054 0.04174969
v -0.14776514 -0.28361204 0.04297724
v -0.14484189 -0.12872642 0.02631678
v -0.14586279 -0.10816002 0.03095789
v -0.08299185 -0.03707046 0.11942078
v -0.08408262 -0.04954939 0.12092961
v -0.19729686 -0.49545509 -0.04950666
v -0.19765623 -0.64670300 0.07183861
v -0.16639593 -0.65658790 0.07821099
v -0.16153722 -0.62667668 0.08504026
v -0.19289705 -0.61741364 0.07707695
v -0.07019192 -0.63140064 0.00988713
v -0.08158290 -0.63303792 0.03462321
v -0.09443925 -0.65937126 0.02473791
v -0.08501922 -0.65770859 -0.00022241
v -0.09968145 -0.68440557 -0.00807765
v -0.10650276 -0.68775320 0.01732368
v -0.11685789 -0.71509022 0.00804450
v -0.11195882 -0.71096259 -0.01606788
v -0.21115741 -0.57509279 0.05613107
v -0.23281947 -0.62656182 0.01876657
v -0.22159742 -0.63645059 0.04982444
v -0.21684799 -0.60672706 0.05312612
v -0.22841488 -0.59616119 0.01993992
v -0.15728949 -0.56686211 -0.08645283
v -0.05638328 -0.60671562 0.02052761
v -0.04682980 -0.58610159 0.03123666
v -0.08854514 -0.64971215 -0.04929431
v -0.10260282 -0.64296234 -0.07118865
v -0.08135156 -0.61495382 -0.06766604
v -0.06774560 -0.62212992 -0.04291425
v -0.20447877 -0.61453879 -0.06922676
v -0.22290981 -0.61349976 -0.04579657
v -0.21613678 -0.58480328 -0.04709508
v -0.19573264 -0.58731312 -0.07071746
v -0.23238347 -0.61822248 -0.01492433
v -0.22792284 -0.58807188 -0.01515092
v -0.24138056 -0.68466693 0.01651312
v -0.22845720 -0.69434720 0.04347990
v -0.22545218 -0.66577238 0.04672822
v -0.23711944 -0.65605801 0.01754108
v -0.24252102 -0.67553991 -0.01555552
v -0.23725484 -0.64703691 -0.01527259
v -0.22965579 -0.64128578 -0.04500397
v -0.23626754 -0.66918588 -0.04367315
v -0.22058396 -0.66799641 -0.06495506
v -0.21297358 -0.64100629 -0.06741219
v -0.19057517 -0.64536172 -0.08253185
v -0.20023467 -0.67090017 -0.07976735
v -0.16575541 -0.65179449 -0.08835317
v -0.14096539 -0.65986365 -0.08465347
v -0.15538752 -0.68380672 -0.08314648
v -0.17793730 -0.67649651 -0.08543435
v -0.12073569 -0.70001149 -0.05884651
v -0.13535497 -0.69228435 -0.07467405
v -0.11974147 -0.66842997 -0.07321051
v -0.10573769 -0.67557573 -0.05410014
v -0.17772369 -0.79429024 -0.07436477
v -0.19399737 -0.78541535 -0.07748148
v -0.17899854 -0.76182431 -0.07743143
v -0.16198799 -0.77071476 -0.07221100
v -0.20966165 -0.77744883 -0.08193439
v -0.22699010 -0.77118182 -0.08188632
v -0.21339451 -0.74823040 -0.07955071
v -0.19644059 -0.75447071 -0.07913969
v -0.24454051 -0.74393392 -0.05723602
v -0.23007219 -0.74413210 -0.07288153
v -0.24320979 -0.76719522 -0.07434072
v -0.25634778 -0.76723182 -0.05821210
v -0.26945835 -0.76885474 -0.03866884
v -0.26005614 -0.74505049 -0.03868724
v -0.26946634 -0.77580577 -0.01608557
v -0.26375806 -0.75106287 -0.01558465
v -0.25231415 -0.76207322 0.01039236
v -0.25889540 -0.78550589 0.00882950
v -0.16001381 -0.81616348 -0.02820519
v -0.15766338 -0.81035674 -0.04844131
v -0.14311057 -0.78694099 -0.04175485
v -0.14781751 -0.79208696 -0.02188224
v -0.17507225 -0.79170334 0.01894065
v -0.19204767 -0.78787196 0.04211288
v -0.19996917 -0.81209409 0.03100397
v -0.18568258 -0.81537414 0.00768178
v -0.24824458 -0.70205426 -0.01574257
v -0.24537258 -0.71192288 0.01516573
v -0.22744416 -0.69451648 -0.06193310
v -0.24281184 -0.69585878 -0.04179890
v -0.13452837 -0.72360283 -0.06360830
v -0.15006909 -0.71532536 -0.07582843
v -0.12674825 -0.74170285 -0.00204648
v -0.12222676 -0.73701787 -0.02468458
v -0.20763697 -0.73086512 0.05594866
v -0.23102686 -0.72178614 0.04079443
v -0.23494491 -0.74775928 0.03867963
v -0.21267663 -0.75682306 0.05329970
v -0.25556171 -0.72741193 -0.01583270
v -0.25054133 -0.72102749 -0.04013447
v -0.23514161 -0.71972883 -0.05896805
v -0.21931911 -0.72051156 -0.07389487
v -0.20144318 -0.72479808 -0.07979377
v -0.18294099 -0.73093283 -0.07924851
v -0.16429406 -0.73846197 -0.07678500
v -0.14811869 -0.74680519 -0.06798481
v -0.13253571 -0.76221955 -0.03362573
v -0.13764867 -0.76704019 -0.01284093
v -0.21731664 -0.78089827 0.04951061
v -0.24040501 -0.77101213 0.03561760
v -0.24781048 -0.79284465 0.02993578
v -0.22304827 -0.80332673 0.03952817
v -0.23015836 -0.82402813 0.02828853
v -0.20980701 -0.83130974 0.01956537
v -0.22403012 -0.80160314 -0.08553270
v -0.24045487 -0.79529166 -0.08398883
v -0.25611258 -0.79146695 -0.07604218
v -0.27933598 -0.79232448 -0.04102469
v -0.27643353 -0.80127233 -0.01494950
v -0.26583028 -0.81064528 0.00782943
v -0.25162387 -0.81497264 0.02385706
v -0.19055140 -0.85655004 -0.05574294
v -0.17494217 -0.83239424 -0.05159977
v -0.17538817 -0.83693874 -0.03328535
v -0.19130468 -0.86065722 -0.03743114
v -0.20675713 -0.84402347 -0.08230104
v -0.22097120 -0.83540535 -0.09174142
v -0.20858735 -0.80953753 -0.07977095
v -0.19505584 -0.81821001 -0.07345839
v -0.23798209 -0.82703668 -0.09521942
v -0.25576645 -0.82020426 -0.09143654
v -0.27238166 -0.81486970 -0.08250671
v -0.27032965 -0.78963745 -0.06166794
v -0.28592211 -0.81314123 -0.06612463
v -0.29047039 -0.81800836 -0.04198054
v -0.28663063 -0.82727808 -0.01085998
v -0.28190878 -0.86738122 0.00649388
v -0.26832947 -0.84021831 0.00897967
v -0.29997492 -0.85406566 -0.01152830
v -0.29205713 -0.96867800 -0.00711417
v -0.31471670 -0.95791382 -0.00697758
v -0.32337135 -0.99173611 -0.01372407
v -0.30342972 -1.00175714 -0.01350700
v -0.20386842 -0.88714421 -0.04176144
v -0.20214175 -0.88499534 -0.06257326
v -0.21702373 -0.87312824 -0.09255061
v -0.23313373 -0.86363149 -0.10207351
v -0.32052583 -0.87179422 -0.04690318
v -0.30581629 -0.84394056 -0.04232238
v -0.30141154 -0.83913708 -0.06935860
v -0.31586647 -0.86784941 -0.07424785
v -0.23684525 -0.98002303 -0.05408460
v -0.23551311 -0.97844118 -0.07499510
v -0.22173034 -0.94743550 -0.07279957
v -0.22313309 -0.94919330 -0.05017638
v -0.22728564 -0.90446836 -0.09968541
v -0.23874363 -0.93617058 -0.10439552
v -0.25515571 -0.92681050 -0.11439252
v -0.24378040 -0.89474463 -0.10992024
v -0.34090632 -0.93829864 -0.05347471
v -0.33224389 -0.90330410 -0.05071954
v -0.32859051 -0.90000790 -0.07763311
v -0.33816847 -0.93574119 -0.07910071
v -0.31378236 -0.88148087 -0.01653809
v -0.32458547 -0.91196829 -0.02171120
v -0.30577028 -0.92531317 -0.00192356
v -0.29352495 -0.89525884 0.00345663
v -0.28070608 -0.93647397 -0.00114212
v -0.26795369 -0.90680087 0.00326240
v -0.27400404 -1.04279613 -0.07454000
v -0.25468671 -1.00981033 -0.07487548
v -0.25567350 -1.01251841 -0.05575807
v -0.27538759 -1.04598236 -0.05764880
v -0.26978862 -0.95966375 -0.11416155
v -0.25297728 -0.96795791 -0.10536513
v -0.27053913 -1.00061822 -0.10163017
v -0.28550905 -0.99369133 -0.10970155
v -0.35596764 -1.01507258 -0.05732231
v -0.34864247 -0.97579813 -0.05558195
v -0.34599927 -0.97436810 -0.07904580
v -0.35258347 -1.01386404 -0.07903463
v -0.33363074 -1.02829623 -0.02087072
v -0.34170103 -0.98128122 -0.02937638
v -0.35024828 -1.01981223 -0.03505426
v -0.34213006 -1.06492138 -0.02490436
v -0.32623202 -1.07270575 -0.02416627
v -0.31499809 -1.03717899 -0.02003329
v -0.29332468 -1.07771432 -0.05857312
v -0.29085010 -1.07571161 -0.07393888
v -0.31157169 -1.06293595 -0.10266275
v -0.29982066 -1.02841544 -0.10530772
v -0.28658882 -1.03497148 -0.09766975
v -0.29997206 -1.06922770 -0.09506948
v -0.33235684 -1.01885045 -0.10319613
v -0.31597918 -1.02286696 -0.10723923
v -0.32676995 -1.05745888 -0.10423436
v -0.34183115 -1.05413795 -0.09973038
v -0.35761040 -1.05014324 -0.07781705
v -0.34463727 -1.01544166 -0.09373115
v -0.35114270 -1.05165267 -0.09076839
v -0.36175960 -1.05076790 -0.05771308
v -0.35745627 -1.05620027 -0.03717610
v -0.01681576 -0.53601736 -0.02975276
v -0.02052815 -0.54803956 -0.00071760
v -0.02502510 -0.55523372 -0.01309169
v -0.02541327 -0.53973359 -0.04179591
v -0.10194632 -0.63339269 0.05901676
v -0.11203791 -0.66216439 0.04997513
v -0.12994035 -0.71780306 0.03186343
v -0.12204410 -0.69062126 0.04177143
v -0.13946332 -0.74392074 0.02062304
v -0.14984220 -0.76936501 0.00918088
v -0.15972927 -0.79431283 -0.00197059
v -0.17071621 -0.81740814 -0.01074091
v -0.18486035 -0.83911395 -0.01576779
v -0.19995695 -0.86253661 -0.01766029
v -0.22367468 -0.91592866 -0.02534013
v -0.21315941 -0.91764414 -0.04597836
v -0.21345410 -0.88741803 -0.02158097
v -0.24804910 -0.97913855 -0.03211366
v -0.23437494 -0.94713461 -0.02847436
v -0.26561004 -1.01278985 -0.03642287
v -0.28409794 -1.04677653 -0.04108690
v -0.30145073 -1.07825887 -0.04342363
v -0.10002597 -0.52216172 0.09729234
v -0.07368720 -0.53725344 0.08629809
v -0.06921548 -0.51950407 0.09069919
v -0.09331097 -0.49994823 0.09846403
v -0.01726715 -0.53488654 0.03965581
v -0.01271638 -0.53505623 0.02347762
v -0.00754841 -0.53238428 0.02821124
v -0.01144389 -0.53112912 0.04460022
v -0.24888058 -0.73738664 0.01319203
v -0.20974432 -0.69600666 -0.07641008
v -0.18993668 -0.70070267 -0.08190958
v -0.16950577 -0.70722443 -0.08084954
v -0.15735005 -0.74338448 0.04258013
v -0.18038721 -0.73879153 0.05633297
v -0.18587004 -0.76421118 0.05005865
v -0.16441411 -0.76941478 0.03283553
v -0.25554296 -0.88229322 0.00621652
v -0.24398661 -0.91283119 -0.00899201
v -0.23205879 -0.88629001 -0.00413426
v -0.24583337 -0.85945642 0.01137818
v -0.27196142 -0.84573710 -0.10008579
v -0.28887796 -0.84023464 -0.08904214
v -0.28552625 -0.87467790 -0.10839976
v -0.25243223 -0.85377949 -0.10426076
v -0.26460451 -0.88392931 -0.11290397
v -0.14430708 -0.69074309 0.06128474
v -0.17106737 -0.68511397 0.07050591
v -0.17572254 -0.71240604 0.06270148
v -0.15025757 -0.71733385 0.05184910
v -0.12600459 -0.19553481 -0.06256865
v -0.11193445 -0.19205384 -0.07913112
v -0.13977098 -0.07946560 0.06925271
v -0.14188564 -0.09233556 0.05316028
v -0.13015331 -0.09946688 0.06605050
v -0.12960882 -0.08683681 0.07868881
v -0.14758965 -0.06924327 0.06056438
v -0.15033056 -0.08175848 0.04378298
v -0.15324998 -0.05687491 0.05181511
v -0.15628177 -0.06900495 0.03545943
v -0.17358325 -0.00924418 0.00421809
v -0.18047938 -0.00272033 -0.00168667
v -0.04916784 -0.13013627 0.11822639
v -0.02511139 -0.13086486 0.12257683
v -0.02495132 -0.11024648 0.11460079
v -0.06359444 -0.31601658 0.12735127
v -0.04355580 -0.43875450 0.11025429
v -0.04974809 -0.41073847 0.11323090
v -0.07178476 -0.40495992 0.10638572
v -0.00985621 -0.50670940 0.08687773
v -0.05988295 -0.11237254 -0.12162489
v -0.05793897 -0.13610058 -0.11713056
v -0.03672004 0.06333975 -0.12783635
v -0.01764603 0.05927032 -0.12401537
v -0.03592319 0.09082732 -0.12111914
v -0.03512107 0.10293054 -0.11737607
v -0.01702449 0.09835748 -0.11524133
v -0.01746447 0.08623773 -0.11842413
v -0.01845308 0.14541742 -0.09661153
v -0.01536592 0.15589465 -0.09095273
v -0.01618586 -0.53900206 0.01873249
v -0.01023113 -0.53350741 -0.00394943
v -0.00828002 -0.53228772 0.00562869
v -0.05669783 -0.56543601 0.06304414
v -0.04081951 -0.56899709 0.04116121
v -0.03728205 -0.55561024 0.04907955
v -0.05291158 -0.54915017 0.06983346
v -0.19752754 -0.46704647 0.03380154
v -0.20139670 -0.46195754 -0.00637361
v -0.10431804 -0.52504039 -0.09952381
v -0.35343498 0.00563971 -0.07455449
v -0.35421646 0.01452909 -0.08508062
v -0.33036688 0.01269652 -0.08479321
v -0.32984093 0.00456173 -0.07371752
v -0.06351449 -0.03580004 -0.13833810
v -0.07177175 -0.06268159 -0.13216062
v -0.08520018 0.14089689 -0.02294088
v -0.15334012 0.14145713 -0.03060580
v -0.15066090 0.13222736 -0.00527263
v -0.14098920 0.13298464 -0.00850700
v -0.14249939 0.14289705 -0.03343015
v -0.15064083 0.09115482 -0.10495151
v -0.15144008 0.10794923 -0.09448227
v -0.13990906 0.10797274 -0.10063602
v -0.13792990 0.09001218 -0.11139534
v -0.03249658 -0.39378363 -0.14933693
v -0.06322642 -0.39343378 -0.15035306
v -0.03901576 -0.20143993 -0.10239260
v -0.05894455 -0.20438126 -0.10203831
v -0.05685542 -0.18259284 -0.10693131
v -0.03738178 -0.17890541 -0.10770950
v -0.09514290 -0.04939556 -0.13072939
v -0.11045995 -0.06531791 -0.12062653
v -0.03284887 -0.01632068 0.10945971
v -0.05000778 -0.01220853 0.11017410
v -0.05079316 -0.03017958 0.11787528
v -0.03389174 -0.03624480 0.11631211
v -0.29572666 0.04105895 -0.09876020
v -0.27611986 0.02999449 -0.09684342
v -0.28176585 0.01714871 -0.09012092
v -0.30352598 0.02197584 -0.09285246
v -0.18818644 -0.46313983 -0.05066369
v -0.16627002 -0.48492506 -0.08400456
v -0.14200303 -0.16354080 -0.04946813
v -0.12947449 -0.15976328 -0.07240479
v -0.12626205 -0.17832446 -0.06728813
v -0.13930221 -0.18201765 -0.04538709
v -0.15061504 -0.11309706 -0.05107842
v -0.14664961 -0.12829523 -0.05146461
v -0.15660334 -0.09860175 -0.05188952
v -0.20258453 -0.01051646 -0.06331042
v -0.21150079 -0.00454343 -0.06477479
v -0.20280041 -0.00663165 -0.07173351
v -0.07837985 -0.55798161 0.08121384
v -0.05676109 -0.48848134 0.09769486
v -0.04701515 -0.47486931 0.10246519
v -0.00485907 -0.53026414 0.01188271
v -0.06154299 0.15798187 -0.01645558
v -0.05551733 0.15321594 -0.00125363
v -0.24679781 0.00503171 -0.04960129
v -0.26517004 0.00341666 -0.05363797
v -0.18765125 -0.02041468 -0.03400371
v -0.19037026 -0.02367618 -0.04925798
v -0.18334067 -0.03041424 -0.04694112
v -0.18082462 -0.02691417 -0.03019575
v -0.19086860 -0.02332655 -0.06215630
v -0.18352367 -0.03002845 -0.06152944
v -0.13259622 0.05526330 0.04915433
v -0.13429753 0.07265939 0.03733684
v -0.14511798 0.06880338 0.03598161
v -0.14361653 0.05139702 0.04640413
v -0.12013856 0.05609242 0.05260082
v -0.10558453 0.05588263 0.05663609
v -0.10762025 0.07376670 0.04306703
v -0.12219748 0.07406642 0.03969087
v -0.06703026 0.11466084 0.01909274
v -0.08366811 0.12285078 0.00252756
v -0.04738723 0.10773694 0.02991363
v -0.02967615 0.10323980 0.03711222
v -0.01930174 0.13374168 -0.10254950
v -0.01772380 0.12121359 -0.10790216
v -0.03613994 0.12537970 -0.10821982
v -0.03913716 0.13673824 -0.10142852
v -0.04887785 0.14191040 0.00799415
v -0.03703940 0.13496278 0.01752474
v -0.02521902 0.12130218 0.02632092
v -0.31322870 0.09113503 -0.02936644
v -0.33668926 0.08703612 -0.02959180
v -0.06218156 0.16847104 -0.04871009
v -0.06369327 0.16336718 -0.03265695
v -0.31351197 0.09594446 -0.04647763
v -0.33744335 0.09138612 -0.04623508
v -0.13051830 0.13199654 -0.01020338
v -0.13902164 0.11339542 0.01012460
v -0.12826224 0.11231121 0.00965285
v -0.04537684 0.15036531 0.01144645
v -0.03516854 0.14401992 0.01965619
v -0.19126639 -0.43223786 0.00373807
v -0.18607700 -0.43852940 0.03936217
v -0.14502545 -0.20986506 0.03391481
v -0.14981715 -0.20610230 0.00891810
v -0.02376799 -0.17752546 0.13405648
v -0.02251305 -0.20117134 0.13790794
v -0.01063157 0.14703117 0.03099659
v -0.04503574 -0.24926901 0.13624386
v -0.02262915 -0.25372022 0.14015664
v -0.02240145 -0.22632481 0.13982128
v -0.04434511 -0.22414561 0.13495809
v -0.01350588 -0.29156053 0.14198005
v -0.01484097 -0.27926016 0.14095947
v -0.01076478 -0.45717129 0.11229374
v -0.02251395 -0.45785770 0.11070266
v -0.23768149 0.07707890 0.00513046
v -0.23444778 0.09680448 -0.00217611
v -0.25105235 0.09332464 -0.00647923
v -0.25356355 0.07469679 0.00168809
v -0.06443261 -0.24617894 0.12723660
v -0.08371229 -0.24387002 0.11265047
v -0.16840740 -0.01767707 0.00837234
v -0.16677941 -0.00787704 0.02472501
v -0.02419619 -0.09020141 0.11301137
v -0.06731497 -0.02515640 0.11716855
v -0.06703521 -0.00919626 0.10914189
v -0.08320124 -0.00737500 0.10607469
v -0.08276033 -0.02201302 0.11427195
v -0.00443200 -0.52890885 0.00210918
v -0.22734775 0.07341018 -0.09966873
v -0.23860838 0.07820195 -0.09798529
v -0.23519976 0.08800033 -0.09425795
v -0.22412896 0.08460312 -0.09632451
v -0.03083210 -0.56606442 0.01546517
v -0.03750773 -0.58090287 0.00420034
v -0.02563604 -0.52946854 -0.06368325
v -0.01009890 -0.52669710 -0.04904291
v -0.12168898 -0.60305965 0.08444212
v -0.11385554 -0.57410669 0.09059919
v -0.12961146 -0.63259125 0.07701080
v -0.13726126 -0.66205293 0.06943282
v -0.19874007 -0.83653504 0.00098000
v -0.21841197 -0.85951781 0.00207163
v -0.25658724 -0.94282007 -0.01371817
v -0.26966560 -0.97471964 -0.01858443
v -0.28386068 -1.00840950 -0.02382507
v -0.29853100 -1.04359162 -0.02893296
v -0.31275046 -1.07694435 -0.03146301
v -0.33908755 0.08887219 -0.06316318
v -0.31425703 0.09376886 -0.06507797
v -0.31747660 0.08329764 -0.08029904
v -0.34261909 0.08034375 -0.07747322
v -0.30414397 0.00426244 -0.04604461
v -0.30093896 0.01124436 -0.03220020
v -0.32300830 0.00849391 -0.03328799
v -0.32538953 0.00291496 -0.04728768
v -0.34813946 0.00069738 -0.04849125
v -0.35094589 0.00064146 -0.06206836
v -0.32772380 0.00140602 -0.06100046
v -0.35284844 0.02732806 -0.09272160
v -0.35070068 0.04157243 -0.09576045
v -0.32526153 0.04149155 -0.09731211
v -0.32864225 0.02461625 -0.09304837
v -0.34555542 0.06845083 -0.08821020
v -0.32128695 0.06963287 -0.09079686
v -0.32356170 0.05560291 -0.09640571
v -0.34830445 0.05491391 -0.09430340
v -0.34215194 0.02693550 -0.01139093
v -0.34399861 0.01407707 -0.02138639
v -0.32028979 0.01813065 -0.02046674
v -0.31838253 0.03053772 -0.01000151
v -0.23246151 0.11465624 -0.01750888
v -0.24925765 0.10876777 -0.02087631
v -0.19281179 0.02022740 0.00503714
v -0.19384560 0.03426632 0.01789647
v -0.20775579 0.03694923 0.01065300
v -0.20210506 0.02188057 -0.00252057
v -0.28986961 0.08428182 -0.01279171
v -0.26908356 0.08890335 -0.00976665
v -0.26819295 0.10186479 -0.02442227
v -0.29001355 0.09555029 -0.02738229
v -0.29507002 0.03344008 -0.00841458
v -0.29773796 0.02118537 -0.01926325
v -0.27504826 0.02298231 -0.01680203
v -0.27303365 0.03544974 -0.00559489
v -0.30697143 0.01059423 -0.08349741
v -0.28453740 0.00788681 -0.08046710
v -0.23919009 0.05716822 0.00706317
v -0.25524214 0.05459422 0.00335471
v -0.16263470 -0.01806408 0.02874388
v -0.17306615 -0.04184147 -0.02350366
v -0.17634630 -0.03352740 -0.02667536
v -0.13082358 -0.07154844 0.08832179
v -0.13288611 -0.05612248 0.09181479
v -0.16032556 -0.07803721 0.01461110
v -0.16395490 -0.06250206 0.00717718
v -0.13842298 -0.06603328 0.08041827
v -0.13771613 -0.05571327 0.08527432
v -0.08921706 -0.13383549 0.09786222
v -0.02701765 0.11255228 0.03045570
v -0.27082488 0.07116632 -0.00099368
v -0.27166748 0.05203028 0.00020113
v -0.24394833 0.01777264 -0.08860861
v -0.24540806 0.00991791 -0.08097108
v -0.26225129 0.01323918 -0.08611977
v -0.25931278 0.02337982 -0.09341932
v -0.12994963 -0.02719016 -0.12142341
v -0.11372917 -0.03792145 -0.12668514
v -0.12562324 -0.05137067 -0.11658767
v -0.13935135 -0.03910843 -0.11195164
v -0.23430139 0.10433294 -0.08273447
v -0.23781481 0.11083002 -0.07329290
v -0.22287469 0.11418202 -0.07336301
v -0.22159523 0.10539250 -0.08388964
v -0.24231219 0.11600070 -0.05909409
v -0.24698128 0.11662370 -0.04044682
v -0.22958697 0.12330800 -0.03852897
v -0.22539224 0.12132757 -0.05841536
v -0.17426819 -0.40866512 -0.05014779
v -0.18203880 -0.40721890 -0.01919540
v -0.13556910 -0.29160166 0.06421943
v -0.12013852 -0.29888231 0.08291643
v -0.09789513 -0.39128858 0.09629175
v -0.04361674 -0.52417588 0.07941346
v -0.02863043 -0.53753495 0.05606384
v -0.04884738 -0.60178196 -0.00666691
v -0.18420084 -0.40925449 0.01226878
v -0.06592961 -0.62756813 -0.01605211
v -0.08376916 -0.65437436 -0.02459650
v -0.12509362 -0.63468897 -0.08524064
v -0.15278018 -0.62667888 -0.08989853
v -0.13832122 -0.60019207 -0.09022121
v -0.10692711 -0.60716414 -0.08445974
v -0.18035981 -0.61955661 -0.08429488
v -0.16898738 -0.59355813 -0.08525711
v -0.20416538 -0.70335847 0.05990437
v -0.27626052 -0.91664141 -0.11748639
v -0.30947989 -0.94367635 -0.11174098
v -0.29764539 -0.90736759 -0.11264852
v -0.28956056 -0.95125073 -0.11649817
v -0.31579471 -0.90158510 -0.09884408
v -0.30296224 -0.86899865 -0.09540875
v -0.33331698 -0.94544435 -0.02505494
v -0.30349582 -0.98667115 -0.11206149
v -0.32140905 -0.98105788 -0.10734252
v -0.33632481 -0.97625971 -0.09610768
v -0.32679671 -0.93768179 -0.09856850
v -0.02733519 -0.55550051 0.02533661
v -0.18059248 -0.47713274 0.06777772
v -0.16890231 -0.44971728 0.07092882
v -0.11074891 -0.45816523 0.09783067
v -0.08591555 -0.48019710 0.09936729
v -0.10188980 -0.22021338 0.09243699
v -0.11943799 -0.21777131 0.07555930
v -0.11985190 -0.17498946 0.06980154
v -0.13405362 -0.17261064 0.05060376
v -0.13399173 -0.19360693 0.05322595
v -0.11954834 -0.19687337 0.07247173
v -0.14968830 -0.16824976 0.00281025
v -0.14897601 -0.16617002 -0.02406216
v -0.14720891 -0.18487222 -0.02054906
v -0.14861928 -0.18739836 0.00564715
v -0.14825600 -0.20264523 -0.01690404
v -0.14032789 -0.19959751 -0.04132404
v -0.07651674 -0.16423626 -0.10658392
v -0.09415641 -0.16894880 -0.09734982
v -0.09635897 -0.14788674 -0.10310751
v -0.07766290 -0.14167549 -0.11162829
v -0.03469148 -0.46393332 0.10740551
v -0.02162734 -0.54084045 0.03660811
v -0.10714562 -0.54667914 0.09486350
v -0.12901679 -0.50625283 0.10022373
v -0.15749907 -0.49114677 0.09048233
v -0.24356532 0.01020246 -0.03771840
v -0.16630518 -0.01357785 -0.09903255
v -0.16358416 -0.00352057 -0.10434686
v -0.26178148 0.10910074 -0.06156809
v -0.26655036 0.10939175 -0.04346823
v -0.25404182 0.03707682 -0.00163263
v -0.22007363 0.10063843 0.00201589
v -0.22303642 0.07890803 0.00983466
v -0.20831934 0.08188824 0.01549924
v -0.12435848 -0.39751187 0.08368865
v -0.15214550 -0.40327841 0.07024183
v -0.12898430 -0.41800451 0.08620813
v -0.00634417 -0.52693707 -0.03508348
v -0.06392208 -0.50326282 0.09405273
v -0.09894641 -0.68099821 -0.03168053
v -0.11251768 -0.70647955 -0.03867790
v -0.12463546 -0.73106331 -0.04568443
v -0.13660236 -0.75550145 -0.05262642
v -0.14897068 -0.77942050 -0.05939282
v -0.16447908 -0.80232447 -0.06457745
v -0.18232189 -0.82537544 -0.06531104
v -0.19624968 -0.85091770 -0.07080773
v -0.21133855 -0.91583341 -0.06832194
v -0.21641281 -0.91125590 -0.08566656
v -0.20653364 -0.88001919 -0.07915649
v -0.22741333 -0.94321048 -0.09019578
v -0.24167770 -0.97429067 -0.09165259
v -0.26025638 -1.00589144 -0.08957232
v -0.29352140 -1.07255661 -0.08556649
v -0.27837569 -1.03898859 -0.08727219
v -0.00395603 -0.52727938 -0.00994749
v -0.00486289 -0.52708983 -0.02194015
v -0.11511575 0.11058829 0.00959037
v -0.17693138 -0.01886136 -0.01309992
v -0.18337603 -0.01331495 -0.01811506
v -0.23783085 0.03830961 0.00229719
v -0.29827884 0.06987553 -0.09308150
v -0.29396254 0.08559279 -0.08407010
v -0.25391144 0.02417911 -0.01377370
v -0.19968852 0.01032127 -0.01542809
v -0.19162874 0.00701190 -0.00832497
v -0.53700292 0.07498693 -0.04383126
v -0.53474164 0.07890347 -0.05719265
v -0.55537909 0.07544998 -0.05545625
v -0.55700356 0.07069407 -0.04323906
v -0.53840894 0.06531319 -0.03369169
v -0.55786401 0.06095017 -0.03447836
v -0.53867519 0.00405145 -0.05163254
v -0.53810281 0.01285995 -0.03983855
v -0.55803823 0.01330391 -0.04413125
v -0.55859822 0.00563529 -0.05599231
v -0.57716465 0.04544186 -0.03128786
v -0.57694429 0.03360103 -0.03299920
v -0.55775607 0.03574564 -0.03020930
v -0.55810803 0.04879726 -0.02975511
v -0.53628021 0.00569674 -0.08148822
v -0.53358179 0.01509704 -0.09214447
v -0.51398224 0.01106860 -0.08961608
v -0.51698107 0.00191011 -0.07754783
v -0.45720932 0.00978444 -0.02997328
v -0.45917967 -0.00079725 -0.04060049
v -0.44314581 0.00117154 -0.03416841
v -0.44091538 0.01293207 -0.02491927
v -0.49612692 0.08286618 -0.04456405
v -0.49254045 0.08389629 -0.05962235
v -0.51359975 0.08168500 -0.05860546
v -0.51658994 0.07887726 -0.04423597
v -0.49780324 0.04476078 -0.02220058
v -0.49688157 0.02892201 -0.02490331
v -0.47551176 0.03259004 -0.02277132
v -0.47580591 0.04897898 -0.02116176
v -0.47459987 0.08666445 -0.04588203
v -0.47160921 0.08458944 -0.06058476
v -0.53826076 0.03843454 -0.02700732
v -0.53773844 0.02469431 -0.03161419
v -0.51757711 0.02631987 -0.02773046
v -0.51844794 0.04130927 -0.02413760
v -0.57512128 0.01311298 -0.08494851
v -0.57309300 0.02253088 -0.09293061
v -0.55335772 0.01900267 -0.09308155
v -0.55579203 0.00950435 -0.08385239
v -0.57695127 0.02316330 -0.03905036
v -0.57742846 0.01412184 -0.04797919
v -0.55750883 0.02377044 -0.03559447
v -0.57267278 0.06783938 -0.07911202
v -0.57413393 0.07204897 -0.06663305
v -0.55310434 0.07440685 -0.06923869
v -0.55121696 0.06872948 -0.08236589
v -0.49765721 0.00395648 -0.04123280
v -0.49688640 0.01487392 -0.03117893
v -0.51773292 0.01322764 -0.03525456
v -0.51831919 0.00360753 -0.04663754
v -0.49773255 0.07425422 -0.03192991
v -0.51841754 0.06954957 -0.03273790
v -0.52996600 0.06896456 -0.08500834
v -0.53176141 0.07649344 -0.07153680
v -0.51061684 0.07727903 -0.07298014
v -0.50852209 0.06815875 -0.08675101
v -0.48739836 0.05187960 -0.09563780
v -0.48851678 0.03540301 -0.09676971
v -0.50866568 0.03940682 -0.09783350
v -0.50792086 0.05498797 -0.09525097
v -0.47694606 0.00634537 -0.03570427
v -0.47822458 -0.00225003 -0.04846583
v -0.49736652 -0.00112758 -0.07223623
v -0.49440375 0.00708589 -0.08577522
v -0.47526613 0.00315586 -0.08034831
v -0.47797579 -0.00372371 -0.06522008
v -0.43728784 0.07172081 -0.02419508
v -0.43683872 0.08353937 -0.03466466
v -0.45429039 0.08275896 -0.03332696
v -0.45494071 0.06961145 -0.02341933
v -0.45322156 0.08820469 -0.04771050
v -0.43359330 0.08864414 -0.05038319
v -0.40604073 0.07939380 -0.06827366
v -0.40652332 0.06829647 -0.07725389
v -0.41714838 0.06819864 -0.07532860
v -0.41790801 0.08053840 -0.06649565
v -0.44889355 0.04227452 -0.09630963
v -0.44999418 0.02458503 -0.09312110
v -0.46888250 0.03032837 -0.09521908
v -0.46754751 0.04770639 -0.09632963
v -0.43844864 0.00406436 -0.08121287
v -0.44317991 -0.00498451 -0.06748047
v -0.45771125 -0.00122701 -0.07391991
v -0.45333841 0.00957235 -0.08601526
v -0.39070895 0.00009752 -0.06521916
v -0.38983336 -0.00288378 -0.05155586
v -0.40463388 -0.00487001 -0.05253283
v -0.40535533 -0.00099037 -0.06654818
v -0.38566986 0.00912099 -0.02387142
v -0.38420615 0.02170220 -0.01480759
v -0.39905173 0.01966001 -0.01578586
v -0.40046254 0.00710359 -0.02451221
v -0.38251895 0.08026362 -0.02894344
v -0.38127390 0.08590657 -0.04531183
v -0.39407620 0.08641309 -0.04275214
v -0.39563176 0.07838102 -0.02730638
v -0.43380526 0.03763330 -0.09541236
v -0.43235224 0.01843412 -0.09080070
v -0.41454068 0.00533995 -0.02619969
v -0.41255397 0.01762692 -0.01747048
v -0.42616126 0.01538198 -0.02043538
v -0.42849970 0.00315093 -0.02928187
v -0.40860954 0.04783542 -0.01624378
v -0.40884820 0.06203825 -0.01864198
v -0.42146572 0.05995335 -0.01980926
v -0.42285228 0.04405333 -0.01815262
v -0.40780234 0.07698140 -0.02602914
v -0.40624258 0.08610126 -0.03922999
v -0.41996711 0.08533030 -0.03686607
v -0.42115769 0.07474758 -0.02503454
v -0.41617292 0.04555891 -0.08954144
v -0.41813138 0.03293079 -0.09352718
v -0.42477804 0.03584537 -0.09462504
v -0.42302284 0.04860783 -0.08986349
v -0.42752603 0.00102218 -0.07491401
v -0.43066624 -0.00651764 -0.06082859
v -0.43751201 0.04065747 -0.02102823
v -0.43957892 0.02611801 -0.02056643
v -0.42476586 0.02936304 -0.01713956
v -0.41855791 0.08783281 -0.05259332
v -0.39166111 0.00694518 -0.07655427
v -0.39181885 0.01560690 -0.08624226
v -0.37607276 0.01567970 -0.08569863
v -0.37598729 0.00688823 -0.07574786
v -0.37481710 0.00067198 -0.06391559
v -0.37281454 -0.00095425 -0.05032846
v -0.36761686 0.01128102 -0.02263110
v -0.36578700 0.02373281 -0.01312107
v -0.36419898 0.04016120 -0.00826959
v -0.36241457 0.05773424 -0.00954320
v -0.38194039 0.05538324 -0.01300651
v -0.38300452 0.03796139 -0.01102263
v -0.36102316 0.08766604 -0.04594205
v -0.36029223 0.08363386 -0.02946634
v -0.36321938 0.08470494 -0.06172745
v -0.38164082 0.08370901 -0.05966010
v -0.41666985 -0.00386947 -0.03928603
v -0.40276948 -0.00173235 -0.03727099
v -0.52883804 0.05715220 -0.09432253
v -0.52914178 0.04271008 -0.09778982
v -0.54998219 0.04510793 -0.09658908
v -0.55019003 0.05836158 -0.09207457
v -0.57145059 0.03443021 -0.09576251
v -0.55119240 0.03155119 -0.09708863
v -0.53878188 0.05263013 -0.02776614
v -0.51900089 0.05644101 -0.02577004
v -0.57680690 0.05707516 -0.03479677
v -0.43680418 0.05627458 -0.02100861
v -0.45421487 0.05288680 -0.02120257
v -0.40731314 0.05636463 -0.08434097
v -0.39624205 0.06792642 -0.07948097
v -0.39813375 0.05610056 -0.08685509
v -0.44847324 0.05934169 -0.08892256
v -0.44922701 0.07248108 -0.07436748
v -0.43020356 0.06659047 -0.07613277
v -0.43288857 0.05361229 -0.08939273
v -0.41149601 0.03042094 -0.09214742
v -0.40924373 0.04387332 -0.08985446
v -0.40043357 0.04283817 -0.09099595
v -0.40245396 0.02890554 -0.09173509
v -0.39630377 0.06496436 -0.01813097
v -0.38212264 0.06896571 -0.01830653
v -0.38448995 0.06732737 -0.08176603
v -0.38307816 0.07648200 -0.07156024
v -0.36680970 0.07704025 -0.07479716
v -0.36848834 0.06728425 -0.08517382
v -0.39507136 0.07766337 -0.06959146
v -0.38645020 0.05579538 -0.08915406
v -0.37045479 0.05569341 -0.09191214
v -0.36098471 0.07292430 -0.01691105
v -0.39032695 0.02834042 -0.09197313
v -0.38862783 0.04242107 -0.09249505
v -0.37252033 0.04231871 -0.09421875
v -0.37448892 0.02817817 -0.09238230
v -0.53089476 0.02828910 -0.09714787
v -0.51079887 0.02454070 -0.09593007
v -0.44484720 -0.00659453 -0.04991364
v -0.46004266 -0.00622468 -0.05720168
v -0.43074998 -0.00559123 -0.04360260
v -0.53829360 0.00134016 -0.06675629
v -0.55775672 0.00433545 -0.07052028
v -0.49842191 -0.00246039 -0.05564482
v -0.51850051 -0.00105794 -0.06174701
v -0.48756978 0.06652242 -0.08772887
v -0.41579798 0.00792289 -0.08029499
v -0.41758701 -0.00067867 -0.06946170
v -0.42358923 0.01077114 -0.08486328
v -0.36919567 0.00320895 -0.03542941
v -0.38792747 0.00029697 -0.03652709
v -0.42473349 0.02454053 -0.09371245
v -0.34595302 0.00581431 -0.03433122
v -0.43150386 0.08201867 -0.06471901
v -0.40589589 0.08642083 -0.05480675
v -0.39414400 0.08480406 -0.05726985
v -0.57544285 0.07205877 -0.05363311
v -0.49839997 0.06055950 -0.02424554
v -0.45421910 0.03695553 -0.02182038
v -0.45549580 0.02243362 -0.02403917
v -0.41353604 0.01765294 -0.08888710
v -0.40436208 0.01612220 -0.08700418
v -0.40518710 0.00716205 -0.07758121
v -0.39585319 0.05222490 -0.01491118
v -0.39765671 0.03523671 -0.01259153
v -0.57685107 0.00772870 -0.07299596
v -0.41099316 0.03237945 -0.01434657
v -0.45102990 0.08381734 -0.06222089
v -0.01750585 0.07305768 -0.12119655
v -0.15478861 -0.09280077 0.02196541
v -0.11723058 -0.11603889 0.06926660
v -0.13129349 -0.11325563 0.05320079
v -0.16855790 -0.03547800 -0.00471422
v -0.17218068 -0.02598694 -0.00892119
v -0.19387585 -0.00378920 -0.02300474
v -0.20302722 0.00197749 -0.02835337
v -0.15999223 -0.05514310 0.02692266
v -0.01276846 -0.26614320 0.13949169
v -0.04999734 -0.26892707 -0.10258692
v -0.02420854 -0.26917028 -0.10233715
v -0.02840947 -0.28704572 -0.10995185
v -0.05456259 -0.28739873 -0.10917661
v -0.03151765 -0.30619699 -0.11945398
v -0.16433328 -0.33663693 -0.06396341
v -0.16006328 -0.31569541 -0.06169629
v -0.14567465 -0.31805509 -0.08508635
v -0.14984457 -0.34043533 -0.08930557
v -0.16400871 -0.29914388 -0.03466374
v -0.15422805 -0.29785565 -0.05975565
v -0.16938378 -0.31596684 -0.03469826
v -0.17233886 -0.32036528 -0.00637924
v -0.16714226 -0.30299407 -0.00693690
v -0.16880880 -0.32867411 0.02048148
v -0.16375419 -0.30998266 0.01990489
v -0.15912449 -0.33809504 0.04478076
v -0.14319287 -0.34742683 0.06586394
v -0.12325554 -0.37680355 0.08310690
v -0.09932880 -0.36714947 0.09750542
v -0.12210600 -0.35705557 0.08331119
v -0.05416889 -0.38336024 0.11740332
v -0.07608287 -0.37686247 0.10905347
v -0.01642800 -0.38888294 0.12563203
v -0.03461732 -0.38699958 0.12269551
v -0.11045982 0.09196610 0.02776637
v -0.10148858 0.14345804 -0.08246788
v -0.11094145 0.14855456 -0.06098182
v -0.08778031 0.14854045 -0.08085147
v -0.12106204 0.08759347 -0.11944392
v -0.12401634 0.10628899 -0.10930840
v -0.10342254 0.09987238 -0.11955230
v -0.10078879 0.08285796 -0.12695715
v -0.07666458 0.14022398 -0.09448147
v -0.06953751 0.14237705 -0.09336530
v -0.08676971 0.13442297 -0.09819768
v -0.05297060 0.11885203 -0.11284029
v -0.07107455 0.12559104 -0.10843946
v -0.15378998 0.13738535 -0.05756009
v -0.15276335 0.12440068 -0.07937076
v -0.16206290 0.12330372 -0.07439797
v -0.16493736 0.13663283 -0.05312811
v -0.14940952 0.07434881 -0.11166380
v -0.14736500 0.05815652 -0.11570010
v -0.15914574 0.06039589 -0.11059197
v -0.16008945 0.07619453 -0.10683499
v -0.19244073 0.13347688 -0.04031746
v -0.18913105 0.12612836 -0.06190331
v -0.19935498 0.12648001 -0.05967426
v -0.20316274 0.13130230 -0.03855221
v -0.16028634 0.09249546 -0.10010087
v -0.08525059 -0.02998786 -0.13726155
v -0.12171824 -0.01422805 -0.12850189
v -0.10451894 -0.02184824 -0.13342072
v -0.16085871 0.00737901 -0.10846646
v -0.14999044 0.00222853 -0.11416908
v -0.15358233 -0.00999229 -0.10955491
v -0.18301021 0.01521447 -0.09939440
v -0.17164887 0.01160449 -0.10356688
v -0.20973113 0.05810605 0.01831747
v -0.19549647 0.05914260 0.02507277
v -0.19405018 0.08608019 0.01889810
v -0.19895606 0.01011019 -0.08722401
v -0.20985197 0.01623196 -0.08688524
v -0.20785759 0.02144163 -0.08996046
v -0.19611132 0.01549385 -0.09056563
v -0.14262834 0.13923182 -0.06123080
v -0.18777467 0.11314750 -0.07733906
v -0.18641232 0.10094959 -0.08839041
v -0.19710881 0.10411593 -0.08682860
v -0.19867994 0.11525434 -0.07531258
v -0.18843970 0.08626118 -0.09684110
v -0.18936308 0.07142305 -0.10155123
v -0.20082691 0.07615270 -0.09967123
v -0.19929531 0.09031046 -0.09492554
v -0.20702444 0.02824342 -0.09352764
v -0.19300993 0.02228647 -0.09401015
v -0.21826725 0.11963201 -0.01538582
v -0.17377691 0.13754538 -0.02206984
v -0.16973974 0.12461713 0.00209785
v -0.16004676 0.12939380 -0.00127342
v -0.16406226 0.14001894 -0.02652584
v -0.22762904 0.00421064 -0.04591889
v -0.22389056 0.00901015 -0.03363499
v -0.22993714 0.00113753 -0.05742993
v -0.20242646 -0.00035101 -0.07866390
v -0.23098221 0.00172813 -0.06757145
v -0.22260019 0.03844381 0.00585069
v -0.22425902 0.05754297 0.01132936
v -0.16680594 0.10054367 0.01758553
v -0.15679297 0.10707089 0.01477772
v -0.21527483 0.12796101 -0.03786301
v -0.21140876 0.12476364 -0.05861616
v -0.22646900 0.02342883 -0.09137544
v -0.23854464 0.03041960 -0.09613699
v -0.22420546 0.02832647 -0.09413484
v -0.18820158 -0.00952111 -0.08634415
v -0.20114562 0.00543950 -0.08344337
v -0.17445968 0.13638440 -0.04841467
v -0.20914581 0.11584913 -0.07404523
v -0.20882601 0.10487988 -0.08600791
v -0.17858039 0.08212592 -0.09963844
v -0.17723319 0.09720338 -0.09162852
v -0.16867176 0.09439234 -0.09562433
v -0.16929914 0.07879061 -0.10294594
v -0.21252181 0.08135166 -0.09843859
v -0.21532626 0.06744151 -0.10095987
v -0.17903242 0.06691451 -0.10387354
v -0.16919589 0.06324161 -0.10687653
v -0.22237132 0.03530797 -0.09702099
v -0.14807563 0.11166624 0.01183478
v -0.14646785 0.08932076 0.02423577
v -0.13661052 0.09197181 0.02421638
v -0.16726227 0.07505801 0.02851818
v -0.15578324 0.08335462 0.02611823
v -0.18140185 0.06493451 0.02875258
v -0.12519215 0.09223010 0.02554672
v -0.42080155 0.02098741 -0.09180568
v -0.24999250 0.03776953 -0.09887119
v -0.24179322 0.02538119 -0.09357028
v -0.25466770 0.03175843 -0.09712608
v -0.29919180 0.05660187 -0.09721126
v -0.41549921 0.05692129 -0.08256964
v -0.42228717 0.05706790 -0.08245929
v -0.46758920 0.06352288 -0.08841826
v -0.48938733 0.07744462 -0.07404493
v -0.46916750 0.07591166 -0.07425275
v -0.47647998 0.07911018 -0.03173236
v -0.47672769 0.06531903 -0.02313869
v -0.47586972 0.01822819 -0.02755567
v -0.47148940 0.01520186 -0.09030188
v -0.61513168 0.06045803 -0.03809070
v -0.61504865 0.06695645 -0.04808476
v -0.63501233 0.06439009 -0.04521889
v -0.63477099 0.05680522 -0.03638242
v -0.65308315 0.04331290 -0.03201643
v -0.63439268 0.04665142 -0.03261152
v -0.65409577 0.05376436 -0.03391286
v -0.65198576 0.03389632 -0.03487680
v -0.63382596 0.03687998 -0.03437322
v -0.65123808 0.02664311 -0.04157368
v -0.65105343 0.02101545 -0.04976525
v -0.63349485 0.02195049 -0.04759495
v -0.63344765 0.02838639 -0.03983763
v -0.63385373 0.01774164 -0.05694719
v -0.63393325 0.01585328 -0.06714957
v -0.61529243 0.01293131 -0.06497321
v -0.61512989 0.01659095 -0.05420363
v -0.65123731 0.02663830 -0.08479162
v -0.65085739 0.03497719 -0.08790236
v -0.63215214 0.03254178 -0.08956864
v -0.63276607 0.02339377 -0.08568346
v -0.61233002 0.05099298 -0.08841289
v -0.61200309 0.04008399 -0.09148110
v -0.63221133 0.04297487 -0.08922061
v -0.63242763 0.05326483 -0.08609460
v -0.65123332 0.05546525 -0.08506147
v -0.65202653 0.06224710 -0.07692388
v -0.63336152 0.06076458 -0.07906103
v -0.57637537 0.06668067 -0.04234152
v -0.59570062 0.06365606 -0.04040533
v -0.59594721 0.05371632 -0.03392534
v -0.59568542 0.03152784 -0.03564762
v -0.59577656 0.04227249 -0.03269432
v -0.61482024 0.03936363 -0.03337498
v -0.61468416 0.02969928 -0.03759265
v -0.57757580 0.00798674 -0.05977828
v -0.59620386 0.01531456 -0.05144342
v -0.59651655 0.01051779 -0.06258550
v -0.61485076 0.02225664 -0.04487675
v -0.59584492 0.02256382 -0.04232184
v -0.61468428 0.01396974 -0.07633045
v -0.63343734 0.01761222 -0.07748438
v -0.61492842 0.06817170 -0.05994848
v -0.61432570 0.06571856 -0.07165734
v -0.63443828 0.06504455 -0.06842276
v -0.63498455 0.06681586 -0.05672587
v -0.59591550 0.01101860 -0.07464290
v -0.59389472 0.06677160 -0.07528159
v -0.59474218 0.07002560 -0.06331392
v -0.61339033 0.05998869 -0.08178505
v -0.59292418 0.05937092 -0.08521135
v -0.65410870 0.06571552 -0.05392640
v -0.65464127 0.06215620 -0.04241719
v -0.59528226 0.06943506 -0.05095633
v -0.61363852 0.01975364 -0.08586059
v -0.61249983 0.02920366 -0.09114483
v -0.59290135 0.02590778 -0.09210069
v -0.59447879 0.01647742 -0.08544807
v -0.57077920 0.04706135 -0.09430982
v -0.59174174 0.03720646 -0.09362260
v -0.59176707 0.04887059 -0.09131934
v -0.65097833 0.04507460 -0.08796554
v -0.57177711 0.05885483 -0.08890577
v -0.73105991 0.01250060 -0.03428430
v -0.74038911 0.01547374 -0.03686842
v -0.73524541 0.01713483 -0.04598778
v -0.72567874 0.01467818 -0.04405787
v -0.70213038 0.00815110 -0.02003797
v -0.71192253 0.00892076 -0.01100172
v -0.71888781 0.00512520 -0.01751964
v -0.71087998 0.00442271 -0.02746945
v -0.73511171 0.01254480 -0.02598846
v -0.74395436 0.01686437 -0.02834565
v -0.75195128 0.02124043 -0.02972760
v -0.74223781 0.02161621 -0.02220771
v -0.75146043 0.02827109 -0.02556077
v -0.74586046 0.03918500 -0.02680032
v -0.75803983 0.04008250 -0.03115896
v -0.75955206 0.03135570 -0.02766672
v -0.73967862 0.05044030 -0.05161685
v -0.73664749 0.05073466 -0.06234383
v -0.75136101 0.04856084 -0.06324342
v -0.75406867 0.04771811 -0.05221785
v -0.74216568 0.04332812 -0.08143926
v -0.74792087 0.04577333 -0.07224973
v -0.73308545 0.04879886 -0.07078779
v -0.72864854 0.04640393 -0.07908859
v -0.72103095 0.01758429 -0.05393625
v -0.73054230 0.01917199 -0.05451415
v -0.72854781 0.01958247 -0.06052181
v -0.71845734 0.01857418 -0.06069201
v -0.74127626 0.02904717 -0.01966564
v -0.74003446 0.02109366 -0.01230576
v -0.73872304 0.02500950 -0.01045485
v -0.73560637 0.03317956 -0.01767767
v -0.68293726 0.01414631 -0.06325287
v -0.69356531 0.01181978 -0.06610762
v -0.69405937 0.01077313 -0.07343330
v -0.68216187 0.01299489 -0.07172742
v -0.68210655 0.01438982 -0.04251618
v -0.67680079 0.02474938 -0.03225144
v -0.68316710 0.02250571 -0.02681711
v -0.68705219 0.01035363 -0.03497858
v -0.68991369 0.02013956 -0.02123555
v -0.69872725 0.01889073 -0.01528323
v -0.69374537 0.00847929 -0.02797604
v -0.70933384 0.01773646 -0.00707583
v -0.68930602 0.01386214 -0.08573544
v -0.68094343 0.01697667 -0.08262633
v -0.80400133 0.02054741 -0.03751284
v -0.80346012 0.02243612 -0.03235837
v -0.80902243 0.02202166 -0.03285348
v -0.80968171 0.02030857 -0.03806648
v -0.68186080 0.04275003 -0.08916868
v -0.68080616 0.03313610 -0.09053217
v -0.68745625 0.03322496 -0.09230880
v -0.68893701 0.04274411 -0.08932169
v -0.69612354 0.03315039 -0.09502988
v -0.69802433 0.04293772 -0.09005267
v -0.80464000 0.03205755 -0.02956047
v -0.80562443 0.03646220 -0.03217666
v -0.81160140 0.03528189 -0.03176302
v -0.81042266 0.03078162 -0.02956813
v -0.74476224 0.01805430 -0.04606950
v -0.74939120 0.01711740 -0.03745129
v -0.75828731 0.01828607 -0.03626943
v -0.76664180 0.02015889 -0.03474874
v -0.76806414 0.01801492 -0.04091516
v -0.75642294 0.01788025 -0.04550906
v -0.74157655 0.01979984 -0.05756718
v -0.75276554 0.01869579 -0.05793184
v -0.74822986 0.01902142 -0.06495317
v -0.73752558 0.01972303 -0.06471309
v -0.74259830 0.01432723 -0.08374040
v -0.73398739 0.01387209 -0.08257464
v -0.73420024 0.01622427 -0.07663904
v -0.74430519 0.01648976 -0.07717118
v -0.77305430 0.02075392 -0.07858490
v -0.76370358 0.01795637 -0.07797970
v -0.76515150 0.01824203 -0.07271751
v -0.77476400 0.02030652 -0.07338104
v -0.67472297 0.04406376 -0.08904573
v -0.67406601 0.03416920 -0.08960305
v -0.73758817 0.02633411 -0.10718528
v -0.74184972 0.03414211 -0.10138730
v -0.73263419 0.03578653 -0.09778730
v -0.72801089 0.02843339 -0.10344329
v -0.69169766 0.05051483 -0.08267283
v -0.68404764 0.05139883 -0.08315887
v -0.80688018 0.03896632 -0.03711694
v -0.81273007 0.03774830 -0.03681830
v -0.70035022 0.03061015 -0.01682815
v -0.71152139 0.02781465 -0.00818410
v -0.69121593 0.03284600 -0.02335391
v -0.67747861 0.03753720 -0.02941153
v -0.68434769 0.03501758 -0.02750082
v -0.76132691 0.01772111 -0.05051638
v -0.73863459 0.01946232 -0.05317074
v -0.72679645 0.01904848 -0.06502003
v -0.71803397 0.01060066 -0.08378939
v -0.72492558 0.01105286 -0.08641220
v -0.72230524 0.01052915 -0.09344342
v -0.71424526 0.01073984 -0.09305229
v -0.73773444 0.01281531 -0.10231326
v -0.73627466 0.01794839 -0.10716701
v -0.72695625 0.01907512 -0.10437810
v -0.72908622 0.01286510 -0.10034863
v -0.73649651 0.02868435 -0.00631174
v -0.72941142 0.03473723 -0.01367765
v -0.68055952 0.02384634 -0.08840429
v -0.68750954 0.02274822 -0.09165381
v -0.67363185 0.02620976 -0.08613592
v -0.69456428 0.01076469 -0.05460002
v -0.70724231 0.01508030 -0.05927552
v -0.70583397 0.01511967 -0.06395345
v -0.69347340 0.01226960 -0.06093403
v -0.71560735 0.00910074 -0.04220137
v -0.70348853 0.00547872 -0.03784794
v -0.72175550 0.00736757 -0.03178846
v -0.68257272 0.01440593 -0.05473882
v -0.67412865 0.01811360 -0.05233680
v -0.67423618 0.01764430 -0.06189626
v -0.67382616 0.01755426 -0.07156336
v -0.67382842 0.02079578 -0.08064274
v -0.66478342 0.02002261 -0.05114093
v -0.66517818 0.01897133 -0.06061585
v -0.66524088 0.01961117 -0.07063589
v -0.66525507 0.02241759 -0.07917861
v -0.67566055 0.05363702 -0.08357482
v -0.66537791 0.05561906 -0.08435954
v -0.66488010 0.04517521 -0.08866662
v -0.67469305 0.02064371 -0.04248964
v -0.66542274 0.02423308 -0.04237657
v -0.66683084 0.03032505 -0.03388834
v -0.66831422 0.04078843 -0.03094405
v -0.73500657 0.00860204 -0.00978245
v -0.73085058 0.00907004 -0.01564629
v -0.72456282 0.00646441 -0.01049806
v -0.73007154 0.00645065 -0.00467171
v -0.76711231 0.02557708 -0.03014611
v -0.75919008 0.02387216 -0.02986968
v -0.76777542 0.03289700 -0.02938465
v -0.70262790 0.01014808 -0.07903061
v -0.69828671 0.01246933 -0.08943350
v -0.77056628 0.01822787 -0.04621117
v -0.78435099 0.03302106 -0.03033773
v -0.78580600 0.03851853 -0.03326299
v -0.79847348 0.03737732 -0.03282299
v -0.79757547 0.03257909 -0.02989537
v -0.78479046 0.02036791 -0.04363993
v -0.78745949 0.02429182 -0.04785079
v -0.77993786 0.02256528 -0.04947855
v -0.77736777 0.02000843 -0.04441972
v -0.76898134 0.01877435 -0.08491161
v -0.76126641 0.01646456 -0.08455869
v -0.76731724 0.04495361 -0.04160773
v -0.75576520 0.04712219 -0.04053956
v -0.76834089 0.04167725 -0.05301236
v -0.75419384 0.01689045 -0.07763509
v -0.74578369 0.01805696 -0.07141443
v -0.75555217 0.01778324 -0.07220290
v -0.76876122 0.01923501 -0.05686174
v -0.76092529 0.01841000 -0.05797894
v -0.76468146 0.01811800 -0.05304458
v -0.77145386 0.01915096 -0.05097352
v -0.71684772 0.03089266 -0.10055690
v -0.71563709 0.01862230 -0.10182032
v -0.80377275 0.02686050 -0.02957992
v -0.80946189 0.02597994 -0.03001562
v -0.66490155 0.03502210 -0.08813033
v -0.66528183 0.02743372 -0.08488385
v -0.73530108 0.01837316 -0.07058204
v -0.74222535 0.04800792 -0.03960455
v -0.72512919 0.01760453 -0.06990202
v -0.76638645 0.02647300 -0.09364334
v -0.76706982 0.03294437 -0.09237041
v -0.75923419 0.03306475 -0.09141812
v -0.75863439 0.02639212 -0.09548866
v -0.80516380 0.02228863 -0.04273756
v -0.80636960 0.02671966 -0.04624202
v -0.79937381 0.02611488 -0.04656497
v -0.79796380 0.02176913 -0.04276724
v -0.78257328 0.02207121 -0.03353207
v -0.78339237 0.01966466 -0.03850887
v -0.77512360 0.01975149 -0.03945406
v -0.77384025 0.02179165 -0.03421155
v -0.77437639 0.02702212 -0.03093197
v -0.78308010 0.02732934 -0.03071593
v -0.78821778 0.03864875 -0.04568420
v -0.78932917 0.03162101 -0.04868339
v -0.80065137 0.03252327 -0.04770718
v -0.80044669 0.03834429 -0.04401966
v -0.71543449 0.04962584 -0.07694500
v -0.71208745 0.04624451 -0.08515501
v -0.72486216 0.04287485 -0.08768796
v -0.73744947 0.03953013 -0.09035099
v -0.74923891 0.03455752 -0.09240975
v -0.75448245 0.04075336 -0.08363828
v -0.72107577 0.03875284 -0.09441049
v -0.77673072 0.03772675 -0.05717293
v -0.77813941 0.03175865 -0.05561431
v -0.77813876 0.03761900 -0.04893732
v -0.72346824 0.01492118 -0.07681417
v -0.79656786 0.02733670 -0.02985841
v -0.68925095 0.05450919 -0.03908110
v -0.68967062 0.05961147 -0.05092680
v -0.69965440 0.05778763 -0.05171342
v -0.69797212 0.05197840 -0.03803044
v -0.79670048 0.02039985 -0.03765732
v -0.79631400 0.02215310 -0.03250729
v -0.76716596 0.02066319 -0.09420415
v -0.76119971 0.01867519 -0.09629117
v -0.76025885 0.01643381 -0.09121060
v -0.76716441 0.01892409 -0.09026386
v -0.70903182 0.04192966 -0.09171903
v -0.74804688 0.03282888 -0.10481256
v -0.74490583 0.02446845 -0.11002974
v -0.69434512 0.05532400 -0.07335588
v -0.70072508 0.04906065 -0.08334377
v -0.70367444 0.05286847 -0.07492434
v -0.76359349 0.04082792 -0.07327208
v -0.71917278 0.05172440 -0.06930839
v -0.70663416 0.05467180 -0.06728978
v -0.69630945 0.05757308 -0.06438582
v -0.68784463 0.05987761 -0.06307828
v -0.68622231 0.05734398 -0.07283269
v -0.80763662 0.03767345 -0.04315034
v -0.79962653 0.04004678 -0.03795808
v -0.67693752 0.05958210 -0.07294936
v -0.66605806 0.06184658 -0.07465903
v -0.67860228 0.06194535 -0.06276486
v -0.66745734 0.06376800 -0.06398187
v -0.70975751 0.05576478 -0.05865829
v -0.71186906 0.05482309 -0.04935588
v -0.72235924 0.05307328 -0.06106824
v -0.72566795 0.05252498 -0.05104243
v -0.76462525 0.04568918 -0.06370258
v -0.81265521 0.02697718 -0.04637165
v -0.82173842 0.02723849 -0.04620119
v -0.82240039 0.03167906 -0.04514574
v -0.81373942 0.03226187 -0.04579033
v -0.80739856 0.03249173 -0.04658966
v -0.81361836 0.03659517 -0.04254639
v -0.72810066 0.04919337 -0.03880091
v -0.77655905 0.02180150 -0.05616805
v -0.71182954 0.04839457 -0.03516321
v -0.73280746 0.04326373 -0.02599830
v -0.72165120 0.04201218 -0.02252156
v -0.69435072 0.04394064 -0.02810328
v -0.70411205 0.04085372 -0.02249774
v -0.67951924 0.04817681 -0.03240623
v -0.68685961 0.04607109 -0.03122239
v -0.66967374 0.05062838 -0.03285880
v -0.71457589 0.03680989 -0.01386281
v -0.81726217 0.02079435 -0.03400273
v -0.81786561 0.01984203 -0.03939905
v -0.67004514 0.05935734 -0.04040001
v -0.68090075 0.05638857 -0.03963778
v -0.72730982 0.00762047 -0.02286332
v -0.71541947 0.01657015 -0.06898071
v -0.71392006 0.01388340 -0.07422468
v -0.71096051 0.01039374 -0.08159815
v -0.70677251 0.01138747 -0.09211074
v -0.66898227 0.06412049 -0.05199582
v -0.65155047 0.01861908 -0.05919724
v -0.65168059 0.01871698 -0.06920756
v -0.65308493 0.06486595 -0.06594658
v -0.81773782 0.02456842 -0.03074499
v -0.77823812 0.02626547 -0.07529932
v -0.77672184 0.02741578 -0.07789879
v -0.71904904 0.00914920 -0.00461625
v -0.72648209 0.00920076 0.00013159
v -0.71780109 0.01641305 -0.00104635
v -0.72009200 0.02524781 -0.00159483
v -0.72884876 0.02226445 0.00273518
v -0.72666860 0.01501867 0.00280674
v -0.70522171 0.01413961 -0.06774920
v -0.70470226 0.01245951 -0.07258387
v -0.70505148 0.02065887 -0.09927754
v -0.70603275 0.03269295 -0.09783502
v -0.77541661 0.03341950 -0.03045398
v -0.76791942 0.03998248 -0.03330037
v -0.77614415 0.03910982 -0.03408880
v -0.78657365 0.04125476 -0.03931993
v -0.78188622 0.02984478 -0.05058354
v -0.77964658 0.02716963 -0.05477975
v -0.69824046 0.00807428 -0.04689331
v -0.71058655 0.01279428 -0.05196914
v -0.73640996 0.01406381 -0.01914359
v -0.73880494 0.01487290 -0.01340120
v -0.75740850 0.01828843 -0.06501724
v -0.77559274 0.03932821 -0.07133877
v -0.77521127 0.04338153 -0.06395157
v -0.76617366 0.01894298 -0.06492088
v -0.82039189 0.03341310 -0.03198020
v -0.81911343 0.02885719 -0.03002608
v -0.77670640 0.04250136 -0.04086587
v -0.75209111 0.01504119 -0.08444101
v -0.77065551 0.03610587 -0.07784364
v -0.77750039 0.03326861 -0.07429717
v -0.74273205 0.01753754 -0.10843333
v -0.68049353 0.06151115 -0.05093676
v -0.81939185 0.02191142 -0.04433126
v -0.81108028 0.02209757 -0.04352522
v -0.82198048 0.03492494 -0.04209434
v -0.82102692 0.03591692 -0.03693698
v -0.69583076 0.02197895 -0.09577259
v -0.71676260 0.01809249 -0.06496082
v -0.65148276 0.02121689 -0.07825086
v -0.73253345 0.02814585 -0.00081340
v -0.72365105 0.03258661 -0.00639193
v -0.77414656 0.02004676 -0.06501371
v -0.75337887 0.03087583 -0.09865533
v -0.77001190 0.03881649 -0.08722140
v -0.77445608 0.03750680 -0.08114989
v -0.76322329 0.03927794 -0.08551600
v -0.77770364 0.03264681 -0.07955521
v -0.82880890 0.03415206 -0.04192321
v -0.82794136 0.03493435 -0.03688166
v -0.82764459 0.03238479 -0.03182300
v -0.82583839 0.02786601 -0.03034468
v -0.82384777 0.02373911 -0.03141425
v -0.82904953 0.03113641 -0.04499700
v -0.82827419 0.02702866 -0.04609319
v -0.82532382 0.02188757 -0.04444276
v -0.83458328 0.03037371 -0.04515116
v -0.83576101 0.03327797 -0.04182176
v -0.83846581 0.03213217 -0.03393180
v -0.84223276 0.03128884 -0.03370663
v -0.84056836 0.02909573 -0.03149681
v -0.83518708 0.03145279 -0.03199527
v -0.84544104 0.02784593 -0.03247672
v -0.84677774 0.03065962 -0.03424584
v -0.83775502 0.03353243 -0.03680719
v -0.84245700 0.03319355 -0.03731704
v -0.84692836 0.03214742 -0.04172987
v -0.84739304 0.03272147 -0.03789989
v -0.84218931 0.03243718 -0.04111279
v -0.83847070 0.03318340 -0.04005206
v -0.83427852 0.03409786 -0.03666991
v -0.85134327 0.03173554 -0.03826718
v -0.85214067 0.02854629 -0.03883873
v -0.84964776 0.02757149 -0.03458081
v -0.84993333 0.03028339 -0.03502328
v -0.83192211 0.02696908 -0.03059558
v -0.83870602 0.02577512 -0.03144933
v -0.84420562 0.02466587 -0.03306899
v -0.84855485 0.02453765 -0.03549567
v -0.84344870 0.02207601 -0.03495089
v -0.83779389 0.02227236 -0.03308479
v -0.84705168 0.02237165 -0.03725651
v -0.84326917 0.02056337 -0.03770579
v -0.83768368 0.01981867 -0.03635375
v -0.82879537 0.02009204 -0.03511646
v -0.82962626 0.02309360 -0.03185947
v -0.84591204 0.02139809 -0.03866909
v -0.85089070 0.02566572 -0.03977598
v -0.84105760 0.03145256 -0.04386922
v -0.84629732 0.03039340 -0.04418341
v -0.84033203 0.02923830 -0.04564684
v -0.84562826 0.02807727 -0.04553623
v -0.85036349 0.03183948 -0.04170967
v -0.85058230 0.02964273 -0.04318926
v -0.82270992 0.02039582 -0.03469457
v -0.82345533 0.01991114 -0.04015859
v -0.82930344 0.01953277 -0.04047292
v -0.83795553 0.01934247 -0.04130673
v -0.83090556 0.02198051 -0.04466485
v -0.83355242 0.02662149 -0.04624513
v -0.83977276 0.02610141 -0.04619872
v -0.83859336 0.02219070 -0.04519979
v -0.84392613 0.02251918 -0.04452889
v -0.84473056 0.02524332 -0.04567624
v -0.84358186 0.02067103 -0.04136840
v -0.84800220 0.02444840 -0.04401037
v -0.84959334 0.02700062 -0.04395190
v -0.84651750 0.02284835 -0.04347624
v -0.84657693 0.02198602 -0.04109458
v -0.84876674 0.02344562 -0.04061500
v -0.80850941 0.02319548 -0.06895196
v -0.80897510 0.02459477 -0.06411306
v -0.81628507 0.02398350 -0.06527748
v -0.81604546 0.02258142 -0.07039186
v -0.80990165 0.03305400 -0.06008169
v -0.80982870 0.03865859 -0.06203531
v -0.81670010 0.03738715 -0.06254252
v -0.81676215 0.03159818 -0.06098249
v -0.80919409 0.04138414 -0.06792004
v -0.81602615 0.03994366 -0.06833701
v -0.78732085 0.03241412 -0.05778737
v -0.78713834 0.03865571 -0.05914331
v -0.80178010 0.03939623 -0.06082988
v -0.80189729 0.03347142 -0.05898155
v -0.78448611 0.02244537 -0.07178809
v -0.78592998 0.02658527 -0.07494780
v -0.80953944 0.02815520 -0.06126938
v -0.81662595 0.02698221 -0.06228346
v -0.80861372 0.02435480 -0.07367767
v -0.80897796 0.02790998 -0.07709572
v -0.80048591 0.02775922 -0.07595725
v -0.80005002 0.02399861 -0.07254368
v -0.78525609 0.02310756 -0.05976911
v -0.78422773 0.02144299 -0.06581291
v -0.78665745 0.02736869 -0.05782485
v -0.78663945 0.03967031 -0.07204378
v -0.78692472 0.03348365 -0.07531977
v -0.80106401 0.03343619 -0.07683379
v -0.80118686 0.03923407 -0.07394562
v -0.80130154 0.02834146 -0.05988406
v -0.79980808 0.02288653 -0.06746172
v -0.80053657 0.02429491 -0.06254842
v -0.80927378 0.03826963 -0.07470897
v -0.80108780 0.04203317 -0.06703466
v -0.81645399 0.02750492 -0.07817124
v -0.82666177 0.02744932 -0.07937293
v -0.82646221 0.03211105 -0.07841747
v -0.81665587 0.03239424 -0.07790360
v -0.80938095 0.03283387 -0.07744004
v -0.81626892 0.03739070 -0.07479470
v -0.82730401 0.02288683 -0.06756020
v -0.82716113 0.02198908 -0.07274789
v -0.82752222 0.02571454 -0.06435081
v -0.78657115 0.04290529 -0.06515083
v -0.82681417 0.03556937 -0.06419124
v -0.82728595 0.02994702 -0.06315821
v -0.82683790 0.02331357 -0.07721429
v -0.81618649 0.02378030 -0.07509436
v -0.82598370 0.03634777 -0.07548270
v -0.82568783 0.03841084 -0.06950242
v -0.83371741 0.03510762 -0.07648737
v -0.83376986 0.03713206 -0.07102910
v -0.83492488 0.03464295 -0.06584787
v -0.83466816 0.02933402 -0.06463549
v -0.83405226 0.02536247 -0.06580403
v -0.83387148 0.03157534 -0.07921726
v -0.83362806 0.02747452 -0.08013400
v -0.83286566 0.02335345 -0.07811981
v -0.84081829 0.03079844 -0.08070652
v -0.84187889 0.03418687 -0.07836597
v -0.85005790 0.03393234 -0.07172565
v -0.85526997 0.03391612 -0.07272197
v -0.85474253 0.03109726 -0.07104231
v -0.84920245 0.03209404 -0.06911564
v -0.84620738 0.03464679 -0.07130527
v -0.84321588 0.03402048 -0.06847578
v -0.84534079 0.03534254 -0.07422422
v -0.84971821 0.03564046 -0.07544576
v -0.85436487 0.03450751 -0.08056042
v -0.85549814 0.03595857 -0.07684916
v -0.84906834 0.03397505 -0.07881276
v -0.84531730 0.03434834 -0.07727400
v -0.85934174 0.03102987 -0.07406393
v -0.85911667 0.03379964 -0.07414043
v -0.84113103 0.03605920 -0.07303333
v -0.84088480 0.02925609 -0.06639937
v -0.84807485 0.02858142 -0.06834270
v -0.85416877 0.02785729 -0.07110966
v -0.85859585 0.02783302 -0.07470533
v -0.85351282 0.02487477 -0.07237309
v -0.84733379 0.02483085 -0.06959255
v -0.85707206 0.02550332 -0.07569657
v -0.85287994 0.02284366 -0.07505136
v -0.84674424 0.02183708 -0.07269721
v -0.83836406 0.02233773 -0.07035653
v -0.83935887 0.02519819 -0.06729241
v -0.85564321 0.02417008 -0.07664853
v -0.86141843 0.03234573 -0.07854389
v -0.86020851 0.02896739 -0.07896927
v -0.86063796 0.03581102 -0.07783218
v -0.84818381 0.03225318 -0.08039080
v -0.85388952 0.03216706 -0.08186815
v -0.84756470 0.03032792 -0.08223198
v -0.85358685 0.03015423 -0.08326151
v -0.85855627 0.03482546 -0.08125611
v -0.85880446 0.03254888 -0.08215234
v -0.83333588 0.02270612 -0.06894469
v -0.83281928 0.02189308 -0.07378035
v -0.83776104 0.02131688 -0.07514121
v -0.84613299 0.02112437 -0.07744682
v -0.83790505 0.02307239 -0.07933448
v -0.83965349 0.02715475 -0.08124297
v -0.84663868 0.02724786 -0.08256967
v -0.84594429 0.02355420 -0.08122722
v -0.85189801 0.02451181 -0.08197331
v -0.85270929 0.02751570 -0.08314987
v -0.85220629 0.02254158 -0.07882717
v -0.85675460 0.02732279 -0.08227807
v -0.85823148 0.02989318 -0.08257807
v -0.85514128 0.02525345 -0.08156556
v -0.85578829 0.02440167 -0.07918996
v -0.85824722 0.02640044 -0.07915416
v -0.79663801 0.02149141 -0.09308531
v -0.79856801 0.02423312 -0.08908932
v -0.80427748 0.02374427 -0.09110943
v -0.80252093 0.02075550 -0.09521007
v -0.79956359 0.03281018 -0.08726371
v -0.79798615 0.03681039 -0.08896542
v -0.80447876 0.03536039 -0.09154823
v -0.80536556 0.03209668 -0.08966120
v -0.79591560 0.03808507 -0.09405731
v -0.80313790 0.03659274 -0.09606300
v -0.78306001 0.03230919 -0.08193170
v -0.78130037 0.03752381 -0.08369192
v -0.79140037 0.03755952 -0.08666646
v -0.79338533 0.03298504 -0.08473203
v -0.79971153 0.02838450 -0.08741178
v -0.80534387 0.02798019 -0.08965321
v -0.79522145 0.02141643 -0.09745213
v -0.79461884 0.02363459 -0.10048361
v -0.78736740 0.02305244 -0.09811903
v -0.78797001 0.02094516 -0.09501085
v -0.77699500 0.02034164 -0.08704189
v -0.77979779 0.02276760 -0.08306555
v -0.78222883 0.02707410 -0.08178394
v -0.77602094 0.03400346 -0.09483904
v -0.77528316 0.02739898 -0.09577937
v -0.78719574 0.02818017 -0.09978342
v -0.78722328 0.03479293 -0.09794123
v -0.79353285 0.02815963 -0.08499008
v -0.78985333 0.02078019 -0.09070370
v -0.79209930 0.02370709 -0.08667159
v -0.79447275 0.03445272 -0.09958652
v -0.78877836 0.03851851 -0.09208193
v -0.80083978 0.02333624 -0.10285841
v -0.81165344 0.02419892 -0.10592247
v -0.81170011 0.02856644 -0.10591717
v -0.80079490 0.02828223 -0.10353659
v -0.79427177 0.02829778 -0.10185550
v -0.80151176 0.03372963 -0.10114962
v -0.81384337 0.02286238 -0.09436584
v -0.81244761 0.02048641 -0.09852623
v -0.81463569 0.02686236 -0.09283278
v -0.77834827 0.03877209 -0.08932337
v -0.77483511 0.02171160 -0.09467693
v -0.81459838 0.03367950 -0.09448799
v -0.81497103 0.03050447 -0.09283673
v -0.81153536 0.02099202 -0.10314792
v -0.80123198 0.02072840 -0.09977561
v -0.81211662 0.03302246 -0.10346632
v -0.81308806 0.03551994 -0.09864949
v -0.81882316 0.03245102 -0.10518599
v -0.81987941 0.03465956 -0.10037868
v -0.82159954 0.03303942 -0.09608895
v -0.82149202 0.02954527 -0.09466017
v -0.82061505 0.02603636 -0.09475367
v -0.81852031 0.02823744 -0.10750492
v -0.81836832 0.02450003 -0.10730775
v -0.81723243 0.02118923 -0.10452802
v -0.82371211 0.02788467 -0.10892889
v -0.82536316 0.03178642 -0.10646478
v -0.83448255 0.03173493 -0.10073089
v -0.83926374 0.03203593 -0.10196546
v -0.83940899 0.03046674 -0.10033334
v -0.83435374 0.03087205 -0.09874096
v -0.83070213 0.03260122 -0.10012662
v -0.82824963 0.03248188 -0.09800504
v -0.82924139 0.03333688 -0.10268930
v -0.83369166 0.03346698 -0.10409333
v -0.83647239 0.03157309 -0.10887600
v -0.83849406 0.03354367 -0.10548972
v -0.83189064 0.03132730 -0.10734241
v -0.82852405 0.03235702 -0.10572217
v -0.84298402 0.03059651 -0.10276213
v -0.84233558 0.03230719 -0.10339499
v -0.82565397 0.03370137 -0.10173052
v -0.82706279 0.02898583 -0.09598698
v -0.83346957 0.02809823 -0.09756627
v -0.83884531 0.02764073 -0.09968880
v -0.84224486 0.02745197 -0.10258156
v -0.83756059 0.02470831 -0.10031129
v -0.83218169 0.02475997 -0.09808247
v -0.84047979 0.02476345 -0.10293540
v -0.83625597 0.02245284 -0.10190260
v -0.83080989 0.02192184 -0.09977406
v -0.82377225 0.02236987 -0.09781280
v -0.82551545 0.02545837 -0.09618367
v -0.83880717 0.02328989 -0.10352236
v -0.84353232 0.03082059 -0.10709070
v -0.84269500 0.02733469 -0.10721883
v -0.84243280 0.03336069 -0.10670564
v -0.83040667 0.02995669 -0.10917323
v -0.83558291 0.02960420 -0.11035702
v -0.82939869 0.02725551 -0.11011129
v -0.83498752 0.02718106 -0.11097366
v -0.84002036 0.03199715 -0.10938288
v -0.84004104 0.03017586 -0.11022027
v -0.81911981 0.02271752 -0.09638004
v -0.81766468 0.02075578 -0.10012606
v -0.82239544 0.02054091 -0.10132156
v -0.82977331 0.02036018 -0.10345612
v -0.82186937 0.02107549 -0.10555016
v -0.82314503 0.02429805 -0.10828979
v -0.82907778 0.02422952 -0.10952663
v -0.82887995 0.02140582 -0.10733964
v -0.83427572 0.02218821 -0.10852172
v -0.83447093 0.02454482 -0.11030874
v -0.83524716 0.02130994 -0.10510837
v -0.83840084 0.02483993 -0.10962057
v -0.83939779 0.02746397 -0.11039194
v -0.83735222 0.02306365 -0.10845477
v -0.83854544 0.02295017 -0.10600681
v -0.84072012 0.02470459 -0.10663708
v -0.77512759 0.02035269 -0.09128298
v -0.77119684 0.01579908 -0.11582354
v -0.77333778 0.01793796 -0.11314412
v -0.77732414 0.01738445 -0.11649811
v -0.77498764 0.01513725 -0.11902518
v -0.77527964 0.02588129 -0.11240184
v -0.77369267 0.02937576 -0.11498263
v -0.77798784 0.02809536 -0.11856574
v -0.77950877 0.02497254 -0.11601373
v -0.77052957 0.02952641 -0.11953741
v -0.77499390 0.02803786 -0.12267829
v -0.76201642 0.02611733 -0.10209017
v -0.75949818 0.03050189 -0.10396578
v -0.76854897 0.02972819 -0.11075096
v -0.77022266 0.02600188 -0.10825569
v -0.75581431 0.01484984 -0.10971603
v -0.75364453 0.01667621 -0.11287928
v -0.74779075 0.01721385 -0.10967038
v -0.74931550 0.01472629 -0.10596692
v -0.77497882 0.02157183 -0.11197671
v -0.77899474 0.02097958 -0.11554144
v -0.76900375 0.01510626 -0.11888999
v -0.76717210 0.01641700 -0.12192832
v -0.76236928 0.01654339 -0.11841909
v -0.76449400 0.01486666 -0.11535051
v -0.76059127 0.01734203 -0.10308557
v -0.75833607 0.01510917 -0.10647158
v -0.75239712 0.01407412 -0.10218570
v -0.75624305 0.01538220 -0.09847841
v -0.76220554 0.02076146 -0.10191621
v -0.75223857 0.02595074 -0.11380258
v -0.75237048 0.02062938 -0.11442249
v -0.76142240 0.02038787 -0.12009918
v -0.76235682 0.02578314 -0.11933942
v -0.77021974 0.02158576 -0.10813490
v -0.76674628 0.01547625 -0.11218047
v -0.76884729 0.01786550 -0.10933813
v -0.76775479 0.02520574 -0.12294267
v -0.76512259 0.03018002 -0.11531093
v -0.77092528 0.01574433 -0.12556934
v -0.77688050 0.01508931 -0.13012683
v -0.77677089 0.01835285 -0.13145013
v -0.77045304 0.01953949 -0.12722009
v -0.76647401 0.02015715 -0.12364751
v -0.77195799 0.02437267 -0.12638074
v -0.78328466 0.01644642 -0.12072719
v -0.78058767 0.01412992 -0.12319741
v -0.78474921 0.01986903 -0.11994067
v -0.75533313 0.03188558 -0.10900234
v -0.78426379 0.02625247 -0.12285168
v -0.78542680 0.02334402 -0.12056866
v -0.77837682 0.01370677 -0.12681082
v -0.77276993 0.01449927 -0.12229147
v -0.77825958 0.02264068 -0.13046376
v -0.78112578 0.02625227 -0.12675035
v -0.78324342 0.02183853 -0.13364460
v -0.78592074 0.02553738 -0.12978128
v -0.78882641 0.02521432 -0.12572464
v -0.78943574 0.02250233 -0.12325928
v -0.78844833 0.01922145 -0.12261295
v -0.78170413 0.01759080 -0.13448484
v -0.78159750 0.01487034 -0.13272455
v -0.78240734 0.01385986 -0.12938644
v -0.78630126 0.01721592 -0.13654348
v -0.78854394 0.02144095 -0.13607439
v -0.79764235 0.02327181 -0.13164531
v -0.80097026 0.02291191 -0.13313165
v -0.80165601 0.02169695 -0.13172413
v -0.79808307 0.02265257 -0.12966022
v -0.79443341 0.02416408 -0.13081439
v -0.79322809 0.02424055 -0.12852256
v -0.79238337 0.02409077 -0.13311557
v -0.79590940 0.02394035 -0.13472810
v -0.79762453 0.02107254 -0.13951886
v -0.79947954 0.02387677 -0.13664192
v -0.79394877 0.02165202 -0.13789618
v -0.79144144 0.02251495 -0.13593999
v -0.80426735 0.02134092 -0.13447864
v -0.80330336 0.02299084 -0.13488966
v -0.78989816 0.02458390 -0.13188072
v -0.79316932 0.02197275 -0.12576452
v -0.79805428 0.02086774 -0.12819818
v -0.80224431 0.01974508 -0.13103290
v -0.80432326 0.01882131 -0.13438044
v -0.80100638 0.01751701 -0.13085246
v -0.79672265 0.01847894 -0.12771107
v -0.80282760 0.01684851 -0.13397045
v -0.79922020 0.01561659 -0.13129410
v -0.79476595 0.01592336 -0.12822109
v -0.78981817 0.01625205 -0.12541264
v -0.79183924 0.01918235 -0.12488493
v -0.80132228 0.01568922 -0.13351099
v -0.80378199 0.02071139 -0.13845681
v -0.80351871 0.01799423 -0.13772392
v -0.80253315 0.02331682 -0.13833952
v -0.79258561 0.01949689 -0.13897207
v -0.79707092 0.01882327 -0.14065146
v -0.79129618 0.01669952 -0.13864645
v -0.79666054 0.01637326 -0.14014705
v -0.80041146 0.02138626 -0.14030376
v -0.80090702 0.01932825 -0.14062729
v -0.78678966 0.01615075 -0.12343147
v -0.78428394 0.01410125 -0.12576972
v -0.78763276 0.01398377 -0.12772109
v -0.79275757 0.01373101 -0.13029431
v -0.78604543 0.01347225 -0.13134426
v -0.78554779 0.01453718 -0.13462752
v -0.79098898 0.01437845 -0.13695045
v -0.79142702 0.01302129 -0.13390280
v -0.79671735 0.01349849 -0.13583092
v -0.79650146 0.01449828 -0.13838950
v -0.79771507 0.01394418 -0.13302483
v -0.80040294 0.01542831 -0.13807094
v -0.80090874 0.01697620 -0.13970718
v -0.79971194 0.01452554 -0.13650696
v -0.80074692 0.01499774 -0.13506822
v -0.80238318 0.01617191 -0.13648845
v -0.74785012 0.02040245 -0.11145195
v -0.74707222 0.02248708 -0.00412824
v -0.74519026 0.02525778 0.00010886
v -0.74190742 0.00680464 -0.00315145
v -0.74537343 0.01184977 -0.00601963
v -0.73811889 0.00543373 0.00205977
v -0.73640507 0.01332098 0.00872701
v -0.73631090 0.00840607 0.00623803
v -0.74730283 0.01776640 -0.00628960
v -0.74196285 0.02528217 0.00503245
v -0.73817056 0.02000961 0.00854756
v -0.74972117 0.02347476 0.01098332
v -0.74653274 0.01820501 0.01470791
v -0.74413121 0.01110931 0.01528040
v -0.74344140 0.00596299 0.01165521
v -0.74409294 0.00351590 0.00649762
v -0.75231928 0.02420395 0.00502183
v -0.75328207 0.02167130 0.00014829
v -0.75242656 0.01619222 -0.00239323
v -0.75925994 0.02312319 0.00973194
v -0.75997335 0.02175021 0.01749205
v -0.75939208 0.01081794 0.02622056
v -0.76302797 0.01066630 0.02904854
v -0.76309913 0.00673645 0.02695905
v -0.75832343 0.00684423 0.02423573
v -0.75748342 0.01200571 0.02379560
v -0.75385839 0.00943555 0.02136483
v -0.76145840 0.01685292 0.02638675
v -0.75923038 0.01674325 0.02333947
v -0.76156896 0.02039245 0.02191100
v -0.76438826 0.02124971 0.02358460
v -0.76474136 0.01673697 0.02987338
v -0.76859140 0.01554929 0.03130846
v -0.76646703 0.01125694 0.03095087
v -0.76782101 0.00863177 0.02899647
v -0.75599378 0.01674162 0.02042220
v -0.75081754 0.00439266 0.01646689
v -0.75766778 0.00340903 0.02047752
v -0.76405615 0.00400672 0.02340747
v -0.76924807 0.00690031 0.02513682
v -0.76552838 0.00366397 0.01846708
v -0.75880039 0.00171843 0.01502886
v -0.76961869 0.00690177 0.02047140
v -0.76690471 0.00571227 0.01459231
v -0.76092809 0.00366074 0.00984500
v -0.75197220 0.00366877 0.00421065
v -0.75031048 0.00196059 0.01035816
v -0.76951665 0.00757285 0.01735006
v -0.77192330 0.01342935 0.02924596
v -0.77261198 0.01194038 0.02473671
v -0.76579344 0.02223808 0.01927062
v -0.76976949 0.02135842 0.02232963
v -0.76751238 0.02090697 0.02643346
v -0.76619869 0.02194529 0.01413810
v -0.77099776 0.02009229 0.01823060
v -0.76982033 0.01946188 0.02901626
v -0.77224278 0.01877779 0.02608977
v -0.74657732 0.00501537 0.00096397
v -0.74973780 0.01004784 -0.00214766
v -0.75498885 0.00930057 0.00103754
v -0.76311988 0.00903026 0.00673736
v -0.75799745 0.01577330 0.00090641
v -0.75943369 0.02129786 0.00424988
v -0.76654798 0.01964650 0.00981916
v -0.76548147 0.01501399 0.00679430
v -0.76992607 0.01399633 0.01267801
v -0.77096468 0.01738774 0.01477137
v -0.76842493 0.00963509 0.01277721
v -0.77259785 0.01464192 0.01834757
v -0.77328199 0.01684169 0.02200612
v -0.77142960 0.01307971 0.01613282
v -0.77077788 0.01030235 0.01688576
v -0.77198911 0.01090419 0.02033097
v -0.74402773 0.01319050 -0.10395090
v -0.74697971 0.01223565 -0.09863328
v -0.73984474 0.01175731 -0.09681882
v -0.73108673 0.01077758 -0.09502444
v -0.72189546 0.01263050 -0.09888312
v -0.73294139 0.01169466 -0.08867881
v -0.74176192 0.01244799 -0.09069130
v -0.75156748 0.01376087 -0.09259981
v -0.72745246 0.01306878 -0.08175500
v -0.01656200 0.07215754 0.05574457
v -0.01704100 0.05605197 0.06583460
v -0.29285872 0.04933594 -0.00238483
v -0.29099417 0.06730019 -0.00334392
v -0.28894338 0.10229895 -0.04562346
v -0.28522614 0.10059629 -0.06809904
v -0.06451479 -0.22216393 0.12500113
v -0.11101355 -0.17411377 -0.08447660
v -0.11376387 -0.15449050 -0.09064279
v -0.03689820 -0.15589389 -0.11365041
v -0.05692852 -0.16001168 -0.11233907
v -0.14405544 -0.19033208 0.03076974
v -0.14448418 -0.17020851 0.02817790
v -0.10272866 -0.19886082 0.08959218
v -0.10423338 -0.17656732 0.08722483
v -0.13438086 -0.21398520 0.05636460
v -0.07835977 -0.20651510 -0.09769691
v -0.09701442 -0.20869976 -0.08969511
v -0.09338988 -0.18879364 -0.09222358
v -0.07544979 -0.18585698 -0.10145740
v -0.01733031 -0.15245362 -0.11000852
v -0.01662873 -0.17577885 -0.10340799
v -0.15173890 -0.14851037 0.00081903
v -0.15136482 -0.14735143 -0.02625142
v -0.13278615 -0.14127834 -0.07458416
v -0.11742051 -0.13518421 -0.09281009
v -0.09963914 -0.12752511 -0.10566285
v -0.08028276 -0.11965881 -0.11496944
v -0.08915228 -0.15422037 0.10144164
v -0.07081214 -0.13202065 0.10960758
v -0.14541894 -0.14955091 0.02682601
v -0.02471422 -0.15373619 0.12884414
v -0.06403678 -0.08861120 -0.12686747
v -0.04055222 -0.08394169 -0.12984836
v -0.14464149 -0.14515328 -0.05173038
v -0.03295241 0.01616694 0.09196179
v -0.05103207 0.01931477 0.09067690
v -0.05027276 0.00401614 0.10085611
v -0.03248336 0.00006730 0.10115275
v -0.06758997 0.00607233 0.09919710
v -0.08424012 0.00713342 0.09582066
v -0.09951739 0.00725013 0.09111760
v -0.13506299 0.00233906 0.07344844
v -0.12488537 0.00480582 0.07971051
v -0.15128508 -0.00703290 0.05782225
v -0.14401232 -0.00119506 0.06620131
v -0.15680362 -0.01751764 0.04747044
v -0.15967195 -0.02990900 0.03438002
v -0.16481571 -0.02857732 0.01259602
v -0.16249207 -0.04194324 0.01921051
v -0.15690641 -0.04334075 0.04256712
v -0.15378869 -0.03076928 0.05496876
v -0.14847136 -0.02090341 0.06556334
v -0.01970537 -0.06694961 0.11450668
v -0.01693481 -0.04252502 0.11296227
v -0.01525439 0.08738680 0.04659345
v -0.49070591 0.02029897 -0.09357285
v -0.61524016 0.05041537 -0.03271896
v -0.01675016 0.10949928 -0.11187329
v -0.03519674 0.11369900 -0.11369056
v -0.09737424 0.12691693 -0.10339683
v -0.11283353 0.13742000 -0.08577283
v -0.07641113 0.11740863 -0.11414137
v -0.05514365 0.10907592 -0.11814158
v -0.13294294 -0.13106351 0.04911533
v -0.03658718 0.07759985 -0.12468579
v -0.05656399 0.09769899 -0.12307188
v -0.07906441 0.10621027 -0.12008227
v -0.10257100 0.11630318 -0.11006130
v -0.12559317 0.12747370 -0.09187423
v -0.14154059 0.12582393 -0.08459958
v -0.16055164 0.10824211 -0.08935536
v -0.17731446 0.11180285 -0.08060874
v -0.17968662 0.12530980 -0.06539674
v -0.17095236 0.12385666 -0.06969013
v -0.16842997 0.10947347 -0.08458637
v -0.25308594 0.10634515 -0.07551786
v -0.27582160 0.08596432 -0.08897367
v -0.26768750 0.09800943 -0.08079146
v -0.27954599 0.07104208 -0.09541052
v -0.28047186 0.05970686 -0.09854615
v -0.27671954 0.04841260 -0.09981471
v -0.26679781 0.03898090 -0.09934326
v -0.22857133 0.01908812 -0.08854239
v -0.21201064 0.01203912 -0.08409927
v -0.17792805 -0.01561214 -0.08927736
v -0.16978411 -0.02195977 -0.09227569
v -0.14910431 -0.04939429 -0.10055558
v -0.13766122 -0.06222484 -0.10341962
v -0.12623040 -0.07710440 -0.10753555
v -0.12229223 -0.30084220 -0.09711777
v -0.11724073 -0.28391513 -0.09109332
v -0.09745619 -0.28543982 -0.10123622
v -0.10329100 -0.30333227 -0.10817875
v -0.04413005 -0.24833521 -0.09870485
v -0.02124546 -0.24857205 -0.09647159
v -0.15754029 -0.28330323 -0.03427198
v -0.16126683 -0.28687057 -0.00758885
v -0.13401394 -0.28229895 -0.07647920
v -0.14746763 -0.28185847 -0.05766623
v -0.15824130 -0.29258466 0.01912548
v -0.10165472 -0.32561561 0.09930839
v -0.08239771 -0.33210722 0.11372460
v -0.04115191 -0.34073693 0.13260172
v -0.02048736 -0.34304473 0.13654791
v -0.14994837 -0.30053231 0.04349986
v -0.06189355 -0.33720249 0.12504533
v -0.13705470 -0.30939466 0.06440212
v -0.12034323 -0.31796616 0.08281849
v -0.06734067 -0.24811202 -0.09757414
v -0.07128093 -0.26807427 -0.10122869
v -0.09190522 -0.26737565 -0.09667240
v -0.05794135 -0.01479972 -0.14093103
v -0.03734634 -0.01667153 -0.13928497
v -0.07871948 -0.01110066 -0.14070028
v -0.09495617 0.01175098 -0.13943125
v -0.09796295 -0.00538991 -0.13751699
v -0.11611784 0.00113587 -0.13263133
v -0.11328485 0.01782295 -0.13440198
v -0.14520855 0.02806832 -0.11857836
v -0.14680573 0.01461179 -0.11731343
v -0.15860440 0.01901832 -0.11120961
v -0.15755102 0.03167514 -0.11250600
v -0.18039317 0.02628196 -0.10186785
v -0.16953690 0.02248951 -0.10640865
v -0.19168697 0.03133746 -0.09715652
v -0.20612648 0.03706278 -0.09727262
v -0.20219757 0.06272411 -0.10157610
v -0.18989271 0.05683932 -0.10278095
v -0.14541343 0.04273985 -0.11788134
v -0.13010275 0.03936978 -0.12615560
v -0.03621865 0.01578456 -0.13523299
v -0.01763650 0.01206896 -0.13043115
v -0.16618218 -0.04866116 0.00065810
v -0.16973336 -0.05377433 -0.01961713
v -0.17156444 -0.05604832 -0.03892441
v -0.17025875 -0.05494124 -0.05614025
v -0.16821268 -0.05172642 -0.07224819
v -0.16311564 -0.04610826 -0.08599749
v -0.16297436 -0.02959077 -0.09495661
v -0.15658270 -0.03851802 -0.09773204
v -0.15809146 -0.02067617 -0.10328358
v -0.14976600 -0.02932310 -0.10746940
v -0.13700549 -0.00564794 -0.12142335
v -0.14311650 -0.01837469 -0.11536680
v -0.13246924 0.00847359 -0.12543850
v -0.13007864 0.02359752 -0.12702496
v -0.11256468 0.03509611 -0.13418075
v -0.09407068 0.02983247 -0.13944617
v -0.07615809 0.06012009 -0.13585062
v -0.07523782 0.04281365 -0.13930753
v -0.07494863 0.02468561 -0.14145024
v -0.07546338 0.00695416 -0.14193356
v -0.07445271 0.15111375 -0.08238517
v -0.05658397 0.14500391 -0.09331849
v -0.25910184 0.04442003 -0.10013279
v -0.26445431 0.05178468 -0.10041732
v -0.25481752 0.05246479 -0.10076422
v -0.25378451 0.04705926 -0.10049854
v -0.26602405 0.06066827 -0.09982325
v -0.26488554 0.07194606 -0.09784510
v -0.25323519 0.07074962 -0.09925501
v -0.25434864 0.05984793 -0.10077756
v -0.26149970 0.08438852 -0.09319096
v -0.24975915 0.08206631 -0.09607249
v -0.25496942 0.09483012 -0.08783276
v -0.24568112 0.10165790 -0.08396756
v -0.24152882 0.09743219 -0.08839948
v -0.24541773 0.09148448 -0.09201468
v -0.21075754 0.09346163 -0.09335155
v -0.22238900 0.09587915 -0.09116009
v -0.23349905 0.09697517 -0.08920005
v -0.22065948 0.04410670 -0.09934550
v -0.23302695 0.05215098 -0.10091417
v -0.24376988 0.05781456 -0.10127605
v -0.24189585 0.06822473 -0.10044292
v -0.23082015 0.06234945 -0.10104945
v -0.21831828 0.05485341 -0.10085139
v -0.05553613 0.00347913 -0.14149231
v -0.03631636 -0.00033859 -0.13777505
v -0.17884664 0.03817647 -0.10342334
v -0.16888002 0.03503202 -0.10789509
v -0.19008034 0.04250525 -0.10021132
v -0.20412037 0.04863117 -0.10017078
v -0.17911500 0.05227981 -0.10461103
v -0.16883278 0.04865481 -0.10799836
v -0.15779141 0.04561785 -0.11230958
v -0.05542981 0.02011838 -0.13955528
v -0.01787912 -0.00297938 -0.13388908
v -0.17901830 0.09325886 0.01960000
v -0.18061946 0.11843824 0.00461397
v -0.18355329 0.13355392 -0.01810078
v -0.18293382 0.13502555 -0.04378881
v -0.41790512 -0.00614904 -0.05545738
v -0.01718093 -0.19919460 -0.09835961
v -0.01878190 -0.22338025 -0.09555209
v -0.04008756 -0.22516972 -0.09883463
v -0.01924194 -0.08202831 -0.12852576
v -0.01817131 -0.01776730 -0.13664630
v -0.10956488 -0.02252111 0.10528577
v -0.09702638 -0.02170735 0.11033911
v -0.09799279 -0.00717754 0.10156443
v -0.11101173 -0.00801363 0.09621556
v -0.13024206 -0.02544163 0.09086570
v -0.12082820 -0.02384681 0.09838736
v -0.12259857 -0.00959217 0.08956762
v -0.13259117 -0.01181685 0.08236238
v -0.13848659 -0.02875995 0.08249973
v -0.14115685 -0.01520881 0.07447916
v -0.11903785 -0.03920082 0.10531446
v -0.10821067 -0.03815617 0.11205438
v -0.09600805 -0.03714481 0.11664327
v -0.13551728 -0.04231119 0.08913455
v -0.12809910 -0.04034220 0.09748486
v -0.01010625 0.15477265 0.03363304
v -0.01292585 0.10952199 0.03271244
v -0.01210125 0.11913563 0.02876859
v -0.01590448 -0.02213442 0.10787246
v -0.01565697 0.01156118 0.09257455
v -0.01636491 0.02390251 0.08291862
v -0.01685436 0.03922084 0.07454649
v -0.01435110 0.09921934 0.03902368
v -0.01561508 -0.00483206 0.10070680
v -0.16948530 -0.45592478 -0.07715365
v -0.15349922 -0.47535446 -0.09691033
v -0.15621774 -0.45290813 -0.09490392
v -0.14330889 -0.46676931 -0.10828979
v -0.16431069 -0.38799462 -0.07061541
v -0.16344741 -0.41198981 -0.07673615
v -0.16540030 -0.36204466 -0.06686684
v -0.12375505 -0.47714904 -0.12110642
v -0.09806421 -0.48287827 -0.13024013
v -0.09425153 -0.46473324 -0.13830863
v -0.15128988 -0.36585268 -0.09212543
v -0.15108617 -0.39185807 -0.09532601
v -0.16196832 -0.43438959 -0.08481992
v -0.14961956 -0.43725169 -0.10296026
v -0.14810999 -0.45090407 -0.10491846
v -0.11911069 -0.46213669 -0.12829867
v -0.13725995 -0.45686859 -0.11551848
v -0.03465858 -0.32639426 -0.12902938
v -0.06383923 -0.32632858 -0.12781367
v -0.05964631 -0.30652457 -0.11835027
v -0.12820579 -0.32053509 -0.10303636
v -0.13956875 -0.29865852 -0.08085320
v -0.13523430 -0.44114742 -0.11846185
v -0.11646664 -0.44302323 -0.13274860
v -0.09133539 -0.44314644 -0.14374159
v -0.09161972 -0.36922544 -0.13944441
v -0.09048253 -0.39328989 -0.14452621
v -0.11404623 -0.39448354 -0.13322459
v -0.11493310 -0.36945480 -0.12854058
v -0.13252930 -0.34326586 -0.10861104
v -0.13449787 -0.36864540 -0.11286677
v -0.09080825 -0.34602082 -0.13213825
v -0.11312446 -0.34489477 -0.12255899
v -0.10884562 -0.32266450 -0.11550581
v -0.13461904 -0.39495918 -0.11646324
v -0.06107565 -0.41823137 -0.15221389
v -0.09012624 -0.41894856 -0.14636901
v -0.03091180 -0.41719034 -0.15020874
v -0.08751538 -0.32449201 -0.12360535
v -0.08268493 -0.30497038 -0.11470400
v -0.07582346 -0.28633928 -0.10683823
v -0.06160094 -0.22658215 -0.09823004
v -0.20129155 -0.67539495 0.06586248
v -0.01879190 -0.54331845 0.01100281
v -0.01297303 -0.53525162 -0.01527090
v -0.17624745 -0.41419953 0.04450435
v -0.18624151 -0.43309951 -0.03146284
v -0.17422304 -0.43238312 -0.06117653
v -0.04914597 -0.53573596 0.07524410
v -0.03425410 -0.54557788 0.05377170
v -0.15960309 -0.42524463 0.07155225
v -0.11971815 -0.48060817 0.09971017
v -0.02488277 -0.54740024 0.03242955
v -0.15066507 -0.41624156 -0.09933875
v -0.13463491 -0.41980422 -0.11839442
v -0.11495619 -0.42027280 -0.13442568
v -0.06170514 -0.44207352 -0.14957283
v -0.03047742 -0.43980598 -0.14767593
v -0.02422169 -0.48263788 0.10253007
v -0.01886841 -0.47136828 0.10742155
v -0.00989181 -0.47446281 0.10698554
v -0.01120993 -0.49056983 0.09899481
v -0.10030409 -0.34608400 0.09812194
v -0.07914142 -0.35359824 0.11123648
v -0.03812461 -0.36280286 0.12782037
v -0.01863544 -0.36485553 0.13133895
v -0.15437806 -0.31904387 0.04398994
v -0.05845564 -0.35914224 0.12131821
v -0.14025152 -0.32836840 0.06486005
v -0.12095032 -0.33765438 0.08293857
v -0.30873936 -1.10592198 -0.05680754
v -0.31924453 -1.13282692 -0.05293940
v -0.31947410 -1.13082039 -0.06835613
v -0.30638802 -1.10449481 -0.07204263
v -0.32121557 -1.09414995 -0.10068172
v -0.31085515 -1.10017335 -0.09249487
v -0.33529729 -1.08861625 -0.10251147
v -0.34293723 -1.11781192 -0.10166276
v -0.35368794 -1.11457968 -0.09453087
v -0.34832430 -1.08520949 -0.09719799
v -0.35644186 -1.08320737 -0.08780769
v -0.37035137 -1.11080110 -0.05643377
v -0.36611468 -1.08249533 -0.05688312
v -0.36223412 -1.08191681 -0.07587907
v -0.36821830 -1.11088419 -0.07449562
v -0.36174572 -1.08827674 -0.03705010
v -0.36599594 -1.11559391 -0.03678557
v -0.34844112 -1.09658647 -0.02587795
v -0.31486675 -1.10693598 -0.04124641
v -0.32323700 -1.13355649 -0.03614872
v -0.33010358 -1.12281609 -0.10005394
v -0.32190368 -1.12793207 -0.09004091
v -0.30653322 -1.10347962 -0.08263395
v -0.32061908 -1.12928367 -0.07918552
v -0.32810044 -1.15920138 -0.06416373
v -0.32181892 -1.16183102 -0.04805142
v -0.33889401 -1.15095150 -0.10037276
v -0.33419341 -1.15452743 -0.08733249
v -0.35966563 -1.14324081 -0.09223087
v -0.35053837 -1.14587677 -0.10308579
v -0.37837499 -1.13730979 -0.07386784
v -0.36174703 -1.11239100 -0.08505610
v -0.36940932 -1.14008975 -0.08308729
v -0.37925392 -1.13690686 -0.05639634
v -0.37404636 -1.14049530 -0.03320173
v -0.32764241 -1.15969312 -0.02945299
v -0.33150578 -1.15723217 -0.07595158
v -0.40565917 -1.21990395 0.12442384
v -0.40988436 -1.21836472 0.12346569
v -0.41285366 -1.22201133 0.12412065
v -0.40639251 -1.22512209 0.12554869
v -0.36253917 -1.23152399 0.13637845
v -0.37038004 -1.22696710 0.13833845
v -0.37546009 -1.23474598 0.13649808
v -0.36497694 -1.24107087 0.13441376
v -0.39986748 -1.23114002 0.13083605
v -0.39520195 -1.23272705 0.13134913
v -0.39284316 -1.22952175 0.13501295
v -0.40029877 -1.22678840 0.13417137
v -0.43612987 -1.21479428 0.08935121
v -0.43269962 -1.21644247 0.09079241
v -0.43068448 -1.21223044 0.09330556
v -0.43576241 -1.21086609 0.09060795
v -0.42537946 -1.22197378 0.10742693
v -0.42197859 -1.22377872 0.10892825
v -0.42007965 -1.21980762 0.11184979
v -0.42566568 -1.21814358 0.10933821
v -0.37137038 -1.22211361 0.11423805
v -0.37129286 -1.22303057 0.12873174
v -0.35998130 -1.23006332 0.12642848
v -0.35678065 -1.22619617 0.11176527
v -0.35679027 -1.24092376 0.12266283
v -0.36597654 -1.24350929 0.12006510
v -0.36439404 -1.24446225 0.10544797
v -0.35409844 -1.23910749 0.10665379
v -0.37802833 -1.23935378 0.12223625
v -0.37769526 -1.23915756 0.10886830
v -0.38141561 -1.22861195 0.11322322
v -0.38320386 -1.22818136 0.12772126
v -0.39994174 -1.22175157 0.11368596
v -0.40377054 -1.22286081 0.12580399
v -0.39582944 -1.21945822 0.12716769
v -0.39236873 -1.21635962 0.11472736
v -0.38831705 -1.22252882 0.12841479
v -0.38214236 -1.22074807 0.11647243
v -0.38246483 -1.23089385 0.11545286
v -0.38521558 -1.23093069 0.12864050
v -0.39216006 -1.23412359 0.12479617
v -0.38883638 -1.23433745 0.11184134
v -0.39726096 -1.23023450 0.11119359
v -0.40071115 -1.23087525 0.12351000
v -0.40330905 -1.21906817 0.11857520
v -0.39907384 -1.21557939 0.10922146
v -0.40825108 -1.21103609 0.10688571
v -0.40981075 -1.21606350 0.11754732
v -0.40573969 -1.22812319 0.10655775
v -0.39933631 -1.22556198 0.10928590
v -0.40181792 -1.22718084 0.11884865
v -0.40778011 -1.22898817 0.11695726
v -0.41503954 -1.22627401 0.11608955
v -0.41409156 -1.22402453 0.10518658
v -0.41529065 -1.21597314 0.10668236
v -0.41655201 -1.21935689 0.11718670
v -0.42413089 -1.21103883 0.10356147
v -0.42314410 -1.20549202 0.09365366
v -0.42902270 -1.21100557 0.09259337
v -0.42888647 -1.21565259 0.10222344
v -0.41593078 -1.20883811 0.09737540
v -0.41799128 -1.21239638 0.10545143
v -0.42059082 -1.22189569 0.09564363
v -0.41566452 -1.21584153 0.09922960
v -0.41564673 -1.21857309 0.10613815
v -0.42034757 -1.22422123 0.10366298
v -0.42721570 -1.22193778 0.10186498
v -0.42807281 -1.21918714 0.09204002
v -0.43926466 -1.20848560 0.08376230
v -0.43564886 -1.20368040 0.08532384
v -0.43536797 -1.20070338 0.07654236
v -0.43896377 -1.20685136 0.07367042
v -0.42906976 -1.20263290 0.08144068
v -0.42980766 -1.20539594 0.08776259
v -0.43155584 -1.21615052 0.07966773
v -0.42885238 -1.20918429 0.08288737
v -0.42813241 -1.21143508 0.08794110
v -0.43141466 -1.21736002 0.08588868
v -0.43783206 -1.21529686 0.08372342
v -0.43724757 -1.21354127 0.07524404
v -0.35517666 -1.22296584 0.09730107
v -0.37450489 -1.22015166 0.10008141
v -0.36833364 -1.24224854 0.12952290
v -0.35412002 -1.23749030 0.09195659
v -0.37496415 -1.23971796 0.13060677
v -0.38095495 -1.23728633 0.09612572
v -0.36455330 -1.24297523 0.09077676
v -0.38020986 -1.22916818 0.10654174
v -0.39676785 -1.22248852 0.13367920
v -0.39739245 -1.22337341 0.10410904
v -0.39977294 -1.23007894 0.09460707
v -0.39233989 -1.22413671 0.13422400
v -0.39187956 -1.21346712 0.09807346
v -0.40915918 -1.20811379 0.08915079
v -0.40969223 -1.22793901 0.12277570
v -0.41331649 -1.22624791 0.12234345
v -0.41692054 -1.22359061 0.08779332
v -0.41501969 -1.21472836 0.09721807
v -0.42384151 -1.21413136 0.10898924
v -0.42904264 -1.20885026 0.08299510
v -0.42992198 -1.21799624 0.07643826
v -0.41974103 -1.21498680 0.11007370
v -0.42390454 -1.20154858 0.07742151
v -0.43354568 -1.20780540 0.08971217
v -0.43821967 -1.21424639 0.06448577
v -0.44018513 -1.20533681 0.06145791
v -0.43070719 -1.20805240 0.09157926
v -0.43460393 -1.19809270 0.06590723
v -0.32371330 -1.10643196 -0.02958107
v -0.33166999 -1.13178086 -0.02466793
v -0.33514529 -1.10328376 -0.02419300
v -0.35430881 -1.12276077 -0.02421025
v -0.34274071 -1.12846041 -0.02059158
v -0.33803815 -1.15582800 -0.01612679
v -0.36258921 -1.14712894 -0.01863113
v -0.35037637 -1.15110874 -0.01286263
v -0.38747543 -1.15663624 -0.07611632
v -0.39070076 -1.15640092 -0.05841277
v -0.37592566 -1.16042447 -0.08578287
v -0.35726726 -1.16697764 -0.10663119
v -0.36684740 -1.16363227 -0.09661408
v -0.34309661 -1.17409742 -0.00557603
v -0.33450949 -1.17987847 -0.02327548
v -0.35677272 -1.16715217 -0.00023213
v -0.37143242 -1.16294277 -0.00803918
v -0.34919357 -1.21949434 0.08056136
v -0.34911633 -1.21805346 0.05946256
v -0.35947463 -1.20337582 0.06269635
v -0.36657906 -1.21093941 0.08186733
v -0.37845713 -1.19721103 0.05909298
v -0.38517004 -1.20691264 0.07816706
v -0.39577222 -1.19505823 0.05120164
v -0.40202999 -1.20251644 0.07046457
v -0.41178286 -1.19338310 0.04182034
v -0.41848582 -1.19804788 0.06042717
v -0.42662114 -1.19473267 0.03209744
v -0.43202013 -1.19619060 0.05102537
v -0.43692189 -1.20167851 0.02694409
v -0.44139451 -1.20306504 0.04625526
v -0.34945276 -1.23730004 0.07486033
v -0.35057107 -1.23443401 0.05376175
v -0.36404338 -1.24477601 0.07196073
v -0.36491799 -1.24361205 0.05104816
v -0.38095906 -1.23909581 0.07095671
v -0.38090599 -1.23881364 0.04939091
v -0.43738759 -1.21463645 0.02854048
v -0.43958208 -1.21550119 0.04856071
v -0.39850694 -1.23172677 0.06676956
v -0.39735991 -1.23118055 0.04502816
v -0.41522264 -1.22671902 0.06067702
v -0.41365537 -1.22625184 0.03903542
v -0.42901903 -1.22183442 0.05408017
v -0.42744195 -1.22170234 0.03296562
v -0.35365665 -1.19786394 0.03971161
v -0.37020314 -1.18640482 0.03840386
v -0.38741100 -1.18513000 0.02945933
v -0.40372056 -1.18700898 0.01886593
v -0.41861826 -1.19271278 0.00913140
v -0.43056327 -1.19972324 0.00443259
v -0.39842999 -1.17604816 -0.00935754
v -0.41226512 -1.19177103 -0.01702364
v -0.42306781 -1.20125794 -0.01893709
v -0.40779376 -1.19122875 -0.04315190
v -0.41635787 -1.20223832 -0.04318429
v -0.39908445 -1.19408262 -0.08531860
v -0.40935427 -1.20585299 -0.08709845
v -0.41236299 -1.20262134 -0.06720332
v -0.40293425 -1.19212008 -0.06671344
v -0.39754790 -1.17589295 -0.03828257
v -0.39447832 -1.17576742 -0.06251188
v -0.38910407 -1.17665803 -0.08018406
v -0.40369198 -1.20865297 -0.10063609
v -0.39447194 -1.19591820 -0.09889928
v -0.38675249 -1.19791341 -0.11096936
v -0.39408213 -1.21217549 -0.11079103
v -0.37128732 -1.20461941 -0.11798068
v -0.37868279 -1.21960628 -0.11596894
v -0.35764509 -1.21252680 -0.10856003
v -0.36379403 -1.22708273 -0.10771828
v -0.37590528 -1.18059790 -0.10346326
v -0.38252056 -1.17934406 -0.09204310
v -0.36433285 -1.18481410 -0.11160935
v -0.35184139 -1.19170976 -0.10393415
v -0.34812427 -1.19483328 -0.08646210
v -0.35276634 -1.21589231 -0.08868578
v -0.35635555 -1.23065388 -0.08973614
v -0.34996274 -1.21602631 0.03466921
v -0.35427079 -1.22868311 0.02981279
v -0.37996614 -1.17266834 0.00947322
v -0.36242169 -1.17640316 0.01764371
v -0.34712130 -1.19057250 0.01069882
v -0.34723797 -1.21409833 0.00753857
v -0.35648000 -1.22652590 0.00303403
v -0.35674018 -1.22659290 -0.02112784
v -0.34646308 -1.21615124 -0.01859937
v -0.36593330 -1.23603666 0.02654400
v -0.36730719 -1.23011148 0.00038799
v -0.36690027 -1.23015380 -0.02338738
v -0.35526666 -1.22848701 -0.04257220
v -0.34645826 -1.21728218 -0.04074685
v -0.35505646 -1.22949922 -0.05991957
v -0.34935635 -1.21629465 -0.05884833
v -0.35107160 -1.21601284 -0.07321407
v -0.35484025 -1.23043752 -0.07433935
v -0.34293619 -1.19783592 -0.05975608
v -0.34535408 -1.19610167 -0.07268983
v -0.33986408 -1.19953990 -0.04114114
v -0.34006214 -1.19774330 -0.01775120
v -0.43231368 -1.21251321 0.00510629
v -0.42607850 -1.21141887 -0.01839314
v -0.41832960 -1.21163583 -0.04182975
v -0.41404742 -1.21421289 -0.06530662
v -0.40916273 -1.21782708 -0.08409765
v -0.40351629 -1.22062469 -0.09573526
v -0.38241136 -1.22830129 -0.10789765
v -0.39544749 -1.22352993 -0.10474278
v -0.37122220 -1.23349106 -0.10251009
v -0.36644560 -1.23710072 -0.08810159
v -0.36487997 -1.23841679 -0.07479811
v -0.36500996 -1.23406279 -0.04465799
v -0.36408153 -1.23743367 -0.06124300
v -0.32862943 -1.18340921 -0.04440314
v -0.33315355 -1.18072605 -0.06199916
v -0.33772981 -1.17795765 -0.07387621
v -0.34568244 -1.17232764 -0.10076134
v -0.34173527 -1.17533791 -0.08540969
v -0.38015491 -1.23478806 0.02379515
v -0.39596760 -1.22862053 0.01937140
v -0.41112944 -1.22381175 0.01385814
v -0.42384201 -1.21942115 0.00890695
v -0.41910791 -1.21809387 -0.01555325
v -0.40805256 -1.22241032 -0.01193767
v -0.39440632 -1.22760081 -0.00743078
v -0.37951791 -1.23023236 -0.00268866
v -0.41286284 -1.21884954 -0.03885446
v -0.40350056 -1.22351885 -0.03539184
v -0.39052504 -1.22873211 -0.03189838
v -0.37828070 -1.23128355 -0.02672707
v -0.37588823 -1.23537135 -0.04817010
v -0.38656938 -1.23230422 -0.05356706
v -0.39864159 -1.22676623 -0.05685869
v -0.40690851 -1.22183692 -0.06123149
v -0.40223593 -1.22429585 -0.07864565
v -0.39378983 -1.22871661 -0.07356303
v -0.38317376 -1.23379624 -0.06990965
v -0.37433887 -1.23712718 -0.06485710
v -0.39780855 -1.22609949 -0.08866362
v -0.38444698 -1.23105216 -0.09973030
v -0.39236879 -1.22806072 -0.09606013
v -0.37711537 -1.23472774 -0.09692285
v -0.37448061 -1.23665047 -0.08683825
v -0.37395692 -1.23739481 -0.07627048
v -0.38174009 -1.23398781 -0.07931743
v -0.38094598 -1.23385823 -0.08692233
v -0.39084101 -1.22952282 -0.08294921
v -0.38795397 -1.23032188 -0.08991890
v -0.38079974 -1.23342431 -0.09292416
v -0.38460943 -1.23146975 -0.09429546
v -0.38357699 -1.16155541 -0.02948965
v -0.23767804 -0.84061432 0.01749156
v -0.22286060 -0.84290701 0.01247533
v -0.25257027 -0.83273232 0.01806976
v -0.13647138 -0.44003472 0.08962438
v -0.08409801 -0.22126731 0.10954729
v -0.08762219 -0.17687178 0.10415908
v -0.08539098 -0.19924551 0.10678590
v -0.14624174 -0.46435356 0.09122862
v -0.13419001 -0.15158382 0.04930139
v -0.11305986 0.00647654 0.08581321
v 0.41325927 -1.20578706 -0.08685185
v 0.41642487 -1.20251191 -0.06701260
v 0.40671241 -1.19215918 -0.06666452
v -0.00634833 0.28184178 0.09316694
v -0.06729551 0.25385958 0.02614831
v -0.06653606 0.24597709 0.01918274
v -0.06287231 0.23516171 0.02626240
v -0.06424220 0.24395739 0.03392200
v -0.05772023 0.22523977 0.03412214
v -0.06094573 0.23553914 0.04002981
v -0.05204668 0.21726002 0.04310550
v -0.05653622 0.22777569 0.04719123
v -0.04712066 0.21269695 0.05297877
v -0.05172007 0.22293837 0.05540658
v -0.03266710 0.20975599 0.07438669
v -0.03087084 0.20439456 0.07087753
v -0.02479278 0.20182025 0.07821540
v -0.02533228 0.20613138 0.08216558
v -0.01743798 0.19991468 0.08476926
v -0.01812343 0.20391442 0.08860707
v -0.00995300 0.19898675 0.08851367
v -0.00999704 0.20268272 0.09260572
v -0.00039058 0.19889919 0.09013300
v -0.00034279 0.20268925 0.09426055
v -0.00028164 0.21229026 0.09727229
v -0.00923027 0.21215831 0.09616189
v -0.00979958 0.20729305 0.09517191
v -0.00031541 0.20702618 0.09638707
v -0.01646067 0.21305986 0.09231608
v -0.01771746 0.20806487 0.09095643
v -0.02310802 0.21539898 0.08701736
v -0.02470697 0.21058021 0.08497277
v -0.03093056 0.21960396 0.08035041
v -0.03249518 0.21459204 0.07749002
v -0.03698393 0.22491217 0.07644143
v -0.03986654 0.22162648 0.07213251
v -0.00902463 0.19569609 0.08237858
v -0.00068596 0.19565964 0.08471876
v -0.01614483 0.19642150 0.07889938
v -0.02269725 0.19780017 0.07347202
v -0.02792365 0.19946647 0.06690082
v -0.04064523 0.20965625 0.06250857
v -0.03410735 0.20165110 0.05870406
v -0.04156953 0.20585223 0.05024030
v -0.04708789 0.21026158 0.03946006
v -0.05423162 0.21857297 0.02899028
v -0.06095593 0.22928387 0.01931468
v -0.06492688 0.24121498 0.01174946
v -0.06815223 0.25370795 0.01365679
v -0.01563627 0.21739870 0.09233851
v -0.00872672 0.21679789 0.09587938
v -0.02172488 0.21925718 0.08784319
v -0.02872601 0.22367539 0.08247358
v -0.03398475 0.22851518 0.07945666
v -0.03905844 0.24028593 0.07895380
v -0.03774623 0.23408803 0.07856102
v -0.03744200 0.25274429 0.08171684
v -0.03872402 0.24665089 0.08013018
v -0.04523638 0.25958163 0.07689849
v -0.04690830 0.25072107 0.07377084
v -0.04297388 0.24806352 0.07720890
v -0.04143957 0.25569981 0.07943805
v -0.04882969 0.26511279 0.07400917
v -0.05091154 0.25503758 0.06988873
v -0.00810036 0.19302998 0.07693545
v -0.00081335 0.19279400 0.07806361
v -0.01429768 0.19353347 0.07363218
v -0.01975273 0.19405229 0.06823500
v -0.02394610 0.19449273 0.06164901
v -0.02860457 0.19544245 0.05406680
v -0.03400232 0.19759236 0.04542814
v -0.04096232 0.20201463 0.03535201
v -0.04991993 0.21066402 0.02395877
v -0.05854794 0.22427031 0.01316220
v -0.06305581 0.23684178 0.00560345
v -0.02010480 0.18755110 0.04767739
v -0.01655468 0.18844137 0.05428898
v -0.01353391 0.18929918 0.05994419
v -0.01048952 0.18973966 0.06452864
v -0.00640229 0.18860012 0.06383729
v -0.00079491 0.18801561 0.06349012
v -0.00546876 0.18547550 0.05553583
v -0.00033985 0.18532132 0.05588791
v -0.00737380 0.18264489 0.05057224
v 0.00006231 0.18183085 0.05068234
v -0.00930100 0.17940632 0.04670294
v -0.00009390 0.17681132 0.04644769
v -0.04154801 0.23193294 0.07511759
v -0.04516595 0.23092335 0.07051075
v -0.04710639 0.24098001 0.07127050
v -0.05142415 0.24380670 0.06630678
v -0.04959142 0.23166846 0.06465170
v -0.04320351 0.23991773 0.07555016
v -0.05495180 0.23510858 0.05733506
v -0.05596793 0.24830048 0.06061061
v -0.05486661 0.26067320 0.06571620
v -0.05932048 0.25359163 0.05558460
v -0.05910518 0.24069460 0.05030740
v -0.05833825 0.26492760 0.06110062
v -0.06111594 0.26896426 0.05670652
v -0.06167677 0.25834835 0.05116488
v -0.06180348 0.24683087 0.04552769
v -0.04372097 0.21851598 0.06559795
v -0.06413441 0.25292495 0.04022570
v -0.06355723 0.27309906 0.05219859
v -0.06386302 0.26337987 0.04617333
v -0.06584161 0.27865455 0.04652406
v -0.06658629 0.26926488 0.03850002
v -0.06690738 0.26066786 0.03184450
v -0.06960817 0.26209915 0.01741141
v -0.00045566 0.21688575 0.09704946
v 0.40116709 -1.17590451 -0.03830329
v 0.39812291 -1.17594969 -0.06258308
v 0.39288276 -1.17682040 -0.08028107
v 0.40790844 -1.20863128 -0.10032379
v 0.39833724 -1.19599223 -0.09875800
v 0.39077449 -1.19797802 -0.11082500
v 0.39827049 -1.21219873 -0.11053048
v 0.37542593 -1.20471847 -0.11782143
v 0.38297057 -1.21966279 -0.11571641
v 0.36184394 -1.21266651 -0.10833864
v 0.36822873 -1.22715688 -0.10745978
v 0.37957001 -1.18082726 -0.10347322
v 0.38617232 -1.17956376 -0.09208623
v 0.36804563 -1.18503404 -0.11157502
v 0.35558757 -1.19198525 -0.10381635
v 0.35197139 -1.19500315 -0.08640023
v 0.35684320 -1.21603990 -0.08852709
v 0.36079729 -1.23076224 -0.08950475
v 0.35475266 -1.21574855 0.03464738
v 0.35872319 -1.22831655 0.02981915
v 0.38377929 -1.17250121 0.00950949
v 0.36635697 -1.17607033 0.01764709
v 0.35113040 -1.19040871 0.01067085
v 0.35139850 -1.21389830 0.00752831
v 0.36033922 -1.22621238 0.00305570
v 0.36072367 -1.22637761 -0.02108636
v 0.35038838 -1.21600842 -0.01860184
v 0.37014395 -1.23566723 0.02660611
v 0.37114006 -1.22974658 0.00046420
v 0.37076205 -1.22989786 -0.02330085
v 0.35955030 -1.22842121 -0.04250047
v 0.35099357 -1.21724463 -0.04074557
v 0.35931465 -1.22953737 -0.05981066
v 0.35344321 -1.21639824 -0.05878579
v 0.35508379 -1.21616364 -0.07311098
v 0.35925692 -1.23050368 -0.07417584
v 0.34681153 -1.19806325 -0.05973767
v 0.34919292 -1.19633293 -0.07264268
v 0.34428519 -1.19960546 -0.04114165
v 0.34415227 -1.19763672 -0.01778657
v 0.43654734 -1.21202588 0.00544373
v 0.43005544 -1.21099555 -0.01809257
v 0.42254251 -1.21130204 -0.04156643
v 0.41819918 -1.21398783 -0.06504499
v 0.41350281 -1.21770799 -0.08382066
v 0.40790528 -1.22057331 -0.09544879
v 0.38677746 -1.22836709 -0.10765288
v 0.39966977 -1.22355258 -0.10446350
v 0.37567502 -1.23355925 -0.10226263
v 0.37082976 -1.23722589 -0.08789968
v 0.36937100 -1.23846757 -0.07460591
v 0.36954665 -1.23393929 -0.04456759
v 0.36890137 -1.23738253 -0.06113446
v 0.33243281 -1.18364358 -0.04451568
v 0.33705753 -1.18101203 -0.06205977
v 0.34151113 -1.17825103 -0.07388435
v 0.34945595 -1.17263710 -0.10072941
v 0.34552109 -1.17567730 -0.08535115
v 0.38431764 -1.23439884 0.02393165
v 0.39998981 -1.22826684 0.01956363
v 0.41534397 -1.22344959 0.01409996
v 0.42808363 -1.21901000 0.00920037
v 0.42333889 -1.21767688 -0.01528702
v 0.41217619 -1.22204864 -0.01171487
v 0.39813560 -1.22726285 -0.00726783
v 0.38333362 -1.22989273 -0.00257582
v 0.41728419 -1.21848428 -0.03861140
v 0.40796864 -1.22319615 -0.03519097
v 0.39492869 -1.22846949 -0.03173594
v 0.38218138 -1.23101890 -0.02660847
v 0.38031900 -1.23523378 -0.04802899
v 0.39105308 -1.23217976 -0.05336981
v 0.40303439 -1.22656453 -0.05664591
v 0.41143894 -1.22158659 -0.06099439
v 0.40647829 -1.22423232 -0.07841092
v 0.39822626 -1.22866118 -0.07334813
v 0.38757098 -1.23381031 -0.06972008
v 0.37886369 -1.23709714 -0.06467820
v 0.40213078 -1.22609794 -0.08840746
v 0.38888490 -1.23113370 -0.09950127
v 0.39674670 -1.22811258 -0.09582111
v 0.38161397 -1.23480654 -0.09670572
v 0.37900007 -1.23674190 -0.08664034
v 0.37846696 -1.23745179 -0.07607611
v 0.38624012 -1.23404527 -0.07911389
v 0.38543338 -1.23394263 -0.08671644
v 0.39518058 -1.22958112 -0.08274106
v -0.06322390 0.25187397 -0.01072499
v -0.02113321 0.25950742 0.08904472
v -0.01600320 0.26174930 0.09154480
v 0.39240021 -1.23038197 -0.08969946
v 0.38529295 -1.23350334 -0.09271348
v -0.01108064 0.26263663 0.09476046
v -0.00727633 0.26304588 0.09719212
v -0.00350599 0.26287609 0.09866095
v 0.38905656 -1.23154247 -0.09408052
v 0.38717163 -1.16167438 -0.02947864
v 0.24192369 -0.84073603 0.01746505
v 0.22706077 -0.84306836 0.01240959
v 0.00001366 0.16538034 0.04087318
v 0.00027237 0.33228910 0.08727060
v -0.00005775 0.17209738 0.04424748
v -0.00017657 0.22943366 0.08163860
v 0.00029781 0.41699025 0.00467820
v -0.00047234 0.22171426 0.09642915
v -0.00010098 0.23421541 0.08394115
v 0.00026423 0.29253781 0.10816269
v -0.00008369 0.22650386 0.09521528
v 0.00024615 0.23747042 0.09920612
v 0.00011855 0.24316339 0.09722028
v -0.00007895 0.36900276 0.07620581
v 0.00013413 0.24071866 0.09878233
v 0.00017093 0.26522967 0.09884896
v 0.00025427 0.28862870 0.11158632
v 0.00013068 0.24456507 0.09566559
v 0.00061214 0.23621736 -0.07638019
v 0.00012065 0.23394804 0.09782512
v 0.00007167 0.24073194 0.08835336
v 0.00013936 0.24434575 0.09361942
v 0.00026864 0.24849766 0.08256116
v 0.00008117 0.26248354 0.09859096
v 0.00025876 0.30925730 0.09391303
v 0.00002822 0.27112210 -0.10303399
v 0.00020444 0.30641669 0.09642308
v 0.00013441 0.39402670 0.05713227
v 0.00028386 0.37922522 0.07017221
v 0.00021510 0.29638410 0.10485466
v -0.00029399 0.33273324 -0.12367453
v -0.00004277 0.35151005 -0.12415998
v -0.00006693 0.35180259 0.08244778
v 0.00010076 0.41332242 -0.06064200
v 0.00028582 0.28476778 0.11407306
v 0.00035437 0.27033129 0.10436834
v 0.00004971 0.41047847 0.03067363
v -0.00006679 0.29991651 -0.11438403
v -0.00022220 0.40094677 -0.08591827
v 0.00030176 0.24644499 0.09815948
v 0.00014708 0.41430348 0.01828308
v 0.00026477 0.24473898 0.09525074
v 0.00037868 0.27421987 0.11167214
v -0.00007606 0.28417620 -0.10866859
v -0.00040262 0.31283554 -0.11831731
v 0.00013115 0.25605178 0.09917426
v 0.00008601 0.25987437 0.09845092
v 0.00012186 0.40842775 -0.07387554
v 0.00025878 0.33883500 0.08620545
v 0.00012243 0.25381294 0.10024901
v 0.00029664 0.31784654 0.08842111
v 0.00024531 0.25123557 0.10067740
v 0.00008949 0.15913723 0.03746996
v -0.00012558 0.37763298 -0.10819922
v 0.00026432 0.24871105 0.09959692
v 0.00026177 0.24580127 0.09016060
v 0.00022608 0.30005452 0.10172509
v 0.00026995 0.24705753 0.08560832
v -0.00010887 0.35932466 0.07984099
v 0.00024363 0.26784056 0.10011952
v 0.00025222 0.26856750 0.10074887
v 0.00027702 0.31490713 0.08962481
v 0.00022289 0.38695130 0.06384476
v 0.00031919 0.32069975 0.08793155
v 0.00025683 0.26701280 0.09952406
v -0.00006656 0.36799875 -0.11640026
v -0.00018324 0.41778910 -0.04261813
v -0.00014644 0.41897726 -0.02909387
v 0.00028849 0.31192204 0.09145650
v 0.00021809 0.30352566 0.09887636
v 0.00098748 0.22854504 -0.07389780
v 0.00036916 0.27783626 0.11420380
v 0.00034455 0.28085920 0.11488083
v 0.00004804 0.40565425 0.04129331
v 0.00001756 0.26185656 -0.09709118
v 0.00002609 0.41878957 -0.01128963
v 0.00007478 0.40018919 0.04997284
v 0.00021088 0.24544621 -0.08426974
v -0.00002608 0.25430599 -0.09192613
v 0.00039855 0.27284026 0.11000348
v 0.00037387 0.32412711 0.08769352
v 0.00036901 0.27130929 0.10694765
v -0.00014811 0.39150429 -0.09687602
v 0.00029064 0.26944056 0.10219674
v 0.25689548 -0.83286846 0.01813195
v 0.13880469 -0.43768463 0.08995075
v 0.08423977 -0.22088134 0.10938778
v 0.08783022 -0.17685583 0.10408600
v 0.08560506 -0.19904549 0.10664068
v 0.14915898 -0.46302193 0.09143816
v 0.13436244 -0.15190673 0.04919706
v 0.11296751 0.00631601 0.08585048
v 0.00680175 0.28186348 0.09317558
v 0.06718422 0.25382242 0.02617079
v 0.06641439 0.24594703 0.01923759
v 0.06262882 0.23512951 0.02631762
v 0.06400946 0.24390195 0.03397670
v 0.05744107 0.22521754 0.03421219
v 0.06065847 0.23548575 0.04009946
v 0.05158448 0.21735318 0.04321763
v 0.05613273 0.22776344 0.04725671
v -0.00411985 0.27404162 0.10920662
v -0.00312750 0.27246249 0.10674585
v 0.04679354 0.21272103 0.05306339
v 0.05157056 0.22286651 0.05548010
v -0.01534801 0.30926022 0.07318599
v -0.00808667 0.27106488 0.09687370
v -0.00654506 0.29367435 0.10122713
v -0.01405180 0.30939147 0.07373626
v 0.03238904 0.20969503 0.07441027
v 0.03079431 0.20438948 0.07089810
v 0.02395161 0.20197609 0.07819836
v 0.02497045 0.20625195 0.08213887
v -0.01010054 0.27128774 0.09552664
v 0.01707890 0.20011543 0.08474908
v 0.01779538 0.20405997 0.08857995
v 0.00878353 0.19910954 0.08853311
v 0.00895618 0.20278700 0.09261814
v -0.00614576 0.30036485 0.09580530
v -0.00790812 0.30852014 0.08307788
v 0.00854421 0.21226555 0.09615454
v 0.00883618 0.20739447 0.09517525
v -0.00625494 0.29705873 0.09865903
v -0.01516506 0.27398247 0.09599711
v -0.01361879 0.27131352 0.09480049
v -0.00654940 0.28029129 0.11145512
v -0.00745445 0.28313312 0.11021886
v 0.01622013 0.21311389 0.09224870
v -0.00735801 0.27695534 0.10976557
v -0.00466900 0.27527082 0.11027587
v 0.01739652 0.20818754 0.09089983
v -0.01697623 0.30917367 0.07359765
v -0.02751118 0.31052190 0.06731521
v -0.00583885 0.27822939 0.11144267
v -0.00292601 0.27613744 0.11215369
v -0.02021988 0.31005627 0.07124240
v -0.01631877 0.30916622 0.07343110
v -0.01151553 0.27843523 0.10466147
v -0.00656270 0.30764976 0.08731777
v 0.02275273 0.21548490 0.08703458
v 0.02436180 0.21066277 0.08495394
v 0.03083997 0.21956846 0.08034357
v 0.03238275 0.21456742 0.07750300
v -0.01396354 0.27671286 0.10031313
v 0.03710412 0.22480492 0.07643197
v 0.03965730 0.22155927 0.07212536
v 0.00765076 0.19581933 0.08238846
v -0.01783600 0.30930662 0.07350773
v -0.01841815 0.30951378 0.07328443
v -0.00715948 0.28996906 0.10428861
v 0.01486276 0.19661956 0.07892751
v 0.02155216 0.19796000 0.07348885
v 0.02727456 0.19954982 0.06692307
v 0.04021057 0.20965534 0.06252603
v -0.02271076 0.31029695 0.07137844
v -0.00281934 0.27072522 0.10191575
v -0.00982028 0.27784777 0.10712273
v -0.00847922 0.27735141 0.10862838
v -0.00340804 0.27015811 0.09993988
v 0.03355829 0.20165619 0.05869822
v 0.04100011 0.20589271 0.05027924
v -0.01160190 0.30906433 0.07617195
v 0.04665420 0.21034808 0.03957122
v -0.00625291 0.30562428 0.09089103
v -0.00619510 0.30313477 0.09371865
v 0.05375293 0.21862864 0.02912487
v 0.06039208 0.22937563 0.01941555
v -0.00273461 0.27156362 0.10429086
v 0.06418350 0.24133441 0.01189471
v 0.06811579 0.25367314 0.01372545
v 0.01522853 0.21749993 0.09234234
v 0.00805913 0.21690710 0.09585931
v 0.02141752 0.21934137 0.08786406
v -0.00771459 0.28648183 0.10776719
v 0.02873859 0.22362965 0.08246098
v 0.03428632 0.22834921 0.07945523
v 0.03921454 0.24017730 0.07888664
v -0.00581473 0.27073932 0.09836093
v 0.03786265 0.23397973 0.07854477
v 0.03767687 0.25261098 0.08167176
v 0.03877193 0.24647903 0.08006596
v 0.04548839 0.25950909 0.07689065
v 0.04686753 0.25064555 0.07374352
v 0.04299842 0.24797811 0.07715943
v 0.00040994 0.27583128 0.11308331
v -0.00517894 0.27656892 0.11097316
v 0.04170068 0.25559384 0.07941086
v 0.04904116 0.26505399 0.07397777
v 0.05096071 0.25494054 0.06986798
v 0.00671363 0.19315471 0.07697141
v -0.02940441 0.32386705 0.07840027
v -0.02945737 0.32119998 0.07685921
v 0.01297273 0.19368337 0.07369108
v 0.01852571 0.19416073 0.06826641
v 0.02275871 0.19460955 0.06163800
v 0.02747524 0.19554973 0.05403265
v 0.03361119 0.19767083 0.04540232
v 0.04112049 0.20201612 0.03541970
v -0.02235357 0.32768744 0.08234152
v -0.00430429 0.32813403 0.08691958
v -0.00956215 0.32826707 0.08592737
v 0.04949678 0.21072102 0.02409260
v -0.02965529 0.31709847 0.07537109
v -0.02990578 0.31508955 0.07397743
v -0.02923424 0.31900781 0.07527962
v -0.02997118 0.31547835 0.07551972
v -0.02996335 0.31624386 0.07594360
v 0.05807040 0.22443928 0.01331414
v -0.02899225 0.31830367 0.07431354
v 0.06244956 0.23704639 0.00576244
v -0.02908673 0.31811923 0.07423764
v 0.02017145 0.18762295 0.04761800
v -0.02737531 0.32662481 0.08008447
v 0.01576328 0.18845609 0.05426526
v 0.01236260 0.18931162 0.05997039
v -0.02926681 0.31777841 0.07460812
v -0.03011798 0.31459382 0.07218902
v 0.00945592 0.18976128 0.06458081
v -0.03096247 0.31268466 0.06770045
v 0.00513621 0.18861422 0.06388386
v 0.00036793 0.32808062 0.08746490
v -0.02110716 0.33901966 0.08413105
v -0.05114301 0.33683068 0.06297104
v 0.00481251 0.18543503 0.05556800
v -0.05416299 0.33118239 0.06052412
v 0.00751039 0.18266498 0.05055938
v -0.04778099 0.29516631 0.06846055
v -0.05035980 0.29614449 0.06585552
v -0.01828529 0.33270445 0.08545918
v 0.00949527 0.17945355 0.04669080
v 0.04158036 0.23184417 0.07506686
v 0.04487376 0.23082365 0.07047218
v 0.04690732 0.24088667 0.07124649
v 0.05122813 0.24370885 0.06627945
v -0.02672759 0.35887814 0.07473178
v -0.03114360 0.40434179 0.02356494
v -0.02492063 0.35163710 0.07831513
v -0.03926528 0.34333235 0.07309188
v 0.04936713 0.23158532 0.06466037
v -0.03138683 0.40029743 0.03317111
v 0.04326790 0.23984744 0.07551374
v 0.05467366 0.23500927 0.05734817
v 0.05564860 0.24818350 0.06057695
v 0.05486573 0.26056772 0.06568503
v 0.05904159 0.25350958 0.05556364
v -0.04659319 0.34150097 0.06704251
v 0.05874910 0.24060534 0.05030582
v -0.05501961 0.30122015 0.05838884
v -0.00626807 0.34512800 0.08447998
v -0.05647476 0.30671540 0.05569929
v 0.05840559 0.26485211 0.06103802
v -0.01426476 0.34515885 0.08375993
v -0.02747339 0.41195494 -0.04102429
v 0.06141197 0.26892075 0.05661740
v 0.06145018 0.25829092 0.05114053
v 0.06149997 0.24673690 0.04553652
v 0.04356546 0.21847543 0.06562786
v -0.01307186 0.32408604 0.08333375
v 0.06373734 0.25290474 0.04021042
v -0.03809365 0.29593325 0.07386017
v -0.04112447 0.29552105 0.07253373
v 0.06370466 0.27311042 0.05207700
v -0.03111266 0.41146275 -0.02947251
v -0.05403534 0.29886609 0.06069544
v -0.03038264 0.37708294 0.06327679
v -0.00919579 0.31725621 0.08123420
v -0.01056836 0.32028884 0.08145019
v -0.03106447 0.38401255 0.05626313
v 0.06348526 0.26341647 0.04610847
v 0.06608748 0.27861214 0.04638542
v 0.06659443 0.26931456 0.03840292
v -0.03134707 0.39023200 0.04902081
v 0.06672639 0.26070696 0.03179496
v 0.06962560 0.26204935 0.01740527
v -0.03116419 0.40764108 0.01237329
v -0.02152928 0.29925549 0.07666339
v 0.06317533 0.25220361 -0.01069909
v 0.02138655 0.25941229 0.08897927
v 0.01629585 0.26168954 0.09151291
v -0.05633843 0.32486826 0.05833473
v -0.05735285 0.31835276 0.05674256
v -0.03169627 0.41129923 -0.01522653
v -0.03078150 0.29685035 0.07598439
v -0.05716291 0.31236413 0.05578903
v -0.01579596 0.41409731 -0.04937709
v 0.01139985 0.26258832 0.09473098
v -0.05259826 0.29723054 0.06323709
v 0.00761023 0.26306778 0.09718379
v 0.00375291 0.26289904 0.09867055
v -0.03177250 0.34450042 0.07775578
v -0.03456751 0.29626581 0.07497828
v -0.00850501 0.31398529 0.08060154
v -0.01662984 0.30142400 0.07694434
v -0.01327077 0.30429807 0.07756848
v -0.03139085 0.39552563 0.04152191
v -0.01069210 0.30705327 0.07858043
v -0.00883107 0.31058726 0.07996720
v -0.02625602 0.29773870 0.07667228
v -0.02876116 0.36791125 0.07011482
v -0.03119397 0.41005233 -0.00077850
v -0.04441303 0.29528943 0.07068481
v 0.00001157 0.41544646 -0.05251056
v 0.00016484 0.34496358 0.08456553
v -0.00956580 0.30876660 0.07944684
v -0.01562782 0.32817140 0.08445398
v -0.02324785 0.34502906 0.08157194
v 0.00013570 0.23039640 0.09604400
v -0.02669727 0.24871653 0.08715121
v -0.02803408 0.24647410 0.08569270
v -0.02759630 0.24017869 0.08380524
v -0.01916471 0.25416225 0.09219068
v -0.02357653 0.25122577 0.08925933
v -0.01808896 0.23278718 0.09060223
v -0.02858949 0.24436472 0.08463410
v -0.01226450 0.23139152 0.09382833
v -0.02851427 0.24221563 0.08393225
v -0.00668762 0.23063044 0.09550812
v 0.00007922 0.25798619 0.09884576
v -0.00914146 0.25817066 0.09764820
v -0.00441330 0.25845054 0.09902612
v -0.01409067 0.25670981 0.09516889
v -0.02579493 0.23781958 0.08464843
v -0.02272097 0.23518772 0.08679633
v 0.00466552 0.27402741 0.10918915
v 0.00363521 0.27245444 0.10673646
v 0.01584900 0.30921522 0.07315301
v 0.00849126 0.27110296 0.09688463
v 0.00702918 0.29364410 0.10114435
v 0.01442379 0.30928594 0.07369836
v 0.01047204 0.27129644 0.09550755
v 0.00665103 0.30033514 0.09574953
v 0.00846407 0.30850831 0.08304065
v 0.00681741 0.29701909 0.09858745
v 0.01553415 0.27397028 0.09595624
v 0.01396522 0.27131090 0.09476054
v 0.00702793 0.28027099 0.11138680
v 0.00788220 0.28308961 0.11013572
v 0.00787285 0.27693695 0.10971583
v 0.00522389 0.27525744 0.11024692
v 0.01746080 0.30912146 0.07358477
v 0.02798484 0.31047469 0.06730228
v 0.00634055 0.27820501 0.11139674
v 0.00357021 0.27612787 0.11212543
v 0.02077383 0.31004366 0.07123458
v 0.01687648 0.30915543 0.07341297
v 0.01202052 0.27842662 0.10460795
v 0.00710145 0.30762494 0.08727585
v 0.01440876 0.27669516 0.10027869
v 0.01837849 0.30929706 0.07349863
v 0.01900391 0.30950812 0.07327707
v 0.00766709 0.28993955 0.10421316
v 0.02323588 0.31026664 0.07137559
v 0.00332471 0.27075249 0.10192234
v 0.01028524 0.27783450 0.10706547
v 0.00895513 0.27733651 0.10857467
v 0.00384739 0.27020633 0.09995373
v 0.01231514 0.30908272 0.07615315
v 0.00680478 0.30559054 0.09083398
v 0.00667354 0.30310622 0.09365907
v 0.00321448 0.27155119 0.10428961
v 0.00809138 0.28644109 0.10769165
v 0.00623897 0.27078202 0.09838481
v 0.00574431 0.27654910 0.11093816
v 0.02999768 0.32388476 0.07823308
v 0.03003059 0.32122657 0.07667343
v 0.02273253 0.32762447 0.08223757
v 0.00486363 0.32808566 0.08688770
v 0.00990713 0.32818320 0.08587979
v 0.03012384 0.31708479 0.07527398
v 0.03026017 0.31504491 0.07392627
v 0.02976774 0.31903464 0.07509140
v 0.03033868 0.31544051 0.07545226
v 0.03038247 0.31620994 0.07586775
v 0.02949553 0.31832477 0.07415887
v 0.02955591 0.31812847 0.07410279
v 0.02787449 0.32660225 0.07996352
v 0.02972783 0.31778765 0.07449892
v 0.03045173 0.31457311 0.07213273
v 0.03130432 0.31263053 0.06766440
v 0.02141183 0.33898604 0.08412667
v 0.05125696 0.33681297 0.06279051
v 0.05428892 0.33117563 0.06031703
v 0.04841251 0.29516074 0.06833711
v 0.05091511 0.29615232 0.06574705
v 0.01863432 0.33263791 0.08543140
v 0.02658463 0.35901210 0.07461188
v 0.03138396 0.40445623 0.02352183
v 0.02491726 0.35173735 0.07830606
v 0.03925712 0.34333330 0.07293768
v 0.03160794 0.40046817 0.03314764
v 0.04647476 0.34155917 0.06689304
v 0.05547239 0.30127889 0.05831778
v 0.00648384 0.34511063 0.08442492
v 0.05692167 0.30677882 0.05559368
v 0.01459996 0.34518036 0.08373225
v 0.02710771 0.41195157 -0.04109994
v 0.01342893 0.32397568 0.08328719
v 0.03858791 0.29592437 0.07379102
v 0.04156963 0.29551384 0.07245044
v 0.03095596 0.41156876 -0.02955623
v 0.05458387 0.29891101 0.06061225
v 0.03049322 0.37712717 0.06301293
v 0.00971718 0.31716600 0.08121289
v 0.01113234 0.32022372 0.08142426
v 0.03122750 0.38413712 0.05600537
v 0.03164150 0.39038873 0.04893338
v 0.03153896 0.40766561 0.01230104
v 0.02166977 0.29913592 0.07663262
v 0.05644327 0.32488963 0.05814254
v 0.05744877 0.31849363 0.05659400
v 0.03155681 0.41138354 -0.01533851
v 0.03139196 0.29685509 0.07590907
v 0.05760572 0.31241444 0.05568175
v 0.01539651 0.41410097 -0.04942513
v 0.05311649 0.29723588 0.06314105
v 0.03175930 0.34460023 0.07766224
v 0.03508423 0.29625911 0.07490023
v 0.00915914 0.31397924 0.08060499
v 0.01708409 0.30133346 0.07692683
v 0.01375055 0.30424997 0.07753332
v 0.03161712 0.39575195 0.04145117
v 0.01141528 0.30708304 0.07855559
v 0.00948689 0.31058088 0.07995129
v 0.02651001 0.29766348 0.07665095
v 0.02859461 0.36802593 0.06988522
v 0.03155124 0.41002408 -0.00087700
v 0.04510966 0.29529265 0.07058882
v 0.01025207 0.30877090 0.07942358
v 0.01599059 0.32808810 0.08441073
v 0.02341756 0.34504640 0.08159000
v 0.02697582 0.24853964 0.08706863
v 0.02833769 0.24625044 0.08564153
v 0.02768107 0.24001750 0.08383095
v 0.01951747 0.25417444 0.09213272
v 0.02392052 0.25120679 0.08918722
v 0.01824922 0.23281723 0.09058840
v 0.02874722 0.24418035 0.08465243
v 0.01292639 0.23133044 0.09379773
v 0.02861488 0.24203750 0.08396931
v 0.00706067 0.23058935 0.09547840
v 0.00934029 0.25815460 0.09761772
v 0.00468030 0.25841343 0.09901176
v 0.01422182 0.25668633 0.09511827
v 0.02615121 0.23770404 0.08464150
v 0.02312147 0.23515207 0.08676646
v 0.03154106 0.31081313 0.06226523
v -0.03129490 0.31091329 0.06225209
v 0.02978683 0.31138977 0.07531635
v 0.02822414 0.31138405 0.07483932
v 0.02678672 0.31136531 0.07407055
v 0.02558469 0.31133592 0.07307976
v 0.02982423 0.31170461 0.07530355
v 0.02829521 0.31200293 0.07481424
v 0.02688991 0.31226316 0.07403486
v 0.02571631 0.31246802 0.07303365
v 0.02992099 0.31200811 0.07529198
v 0.02848723 0.31259540 0.07479030
v 0.02716851 0.31312436 0.07400031
v 0.02606656 0.31355327 0.07299087
v 0.03007579 0.31228572 0.07528086
v 0.02879152 0.31314152 0.07476961
v 0.02761021 0.31391662 0.07396999
v 0.02662366 0.31455231 0.07295221
v 0.03028338 0.31252855 0.07527155
v 0.02919757 0.31361815 0.07475170
v 0.02819899 0.31460938 0.07394397
v 0.02736534 0.31542665 0.07292019
v 0.03053303 0.31272826 0.07526457
v 0.02968759 0.31400853 0.07473786
v 0.02891143 0.31517619 0.07392356
v 0.02826477 0.31614065 0.07289439
v 0.03081699 0.31287527 0.07526001
v 0.03024527 0.31429699 0.07472867
v 0.02972078 0.31559479 0.07391040
v 0.02928517 0.31666881 0.07287776
v 0.03112470 0.31296515 0.07525796
v 0.03084751 0.31447318 0.07472453
v 0.03059577 0.31584993 0.07390445
v 0.03038781 0.31698963 0.07286952
v 0.03144322 0.31299311 0.07525773
v 0.03147257 0.31452847 0.07472484
v 0.03150301 0.31593055 0.07390540
v 0.03153189 0.31709257 0.07287158
v 0.03176017 0.31295970 0.07526123
v 0.03209593 0.31446239 0.07473096
v 0.03240747 0.31583446 0.07391404
v 0.03267209 0.31697071 0.07288181
v 0.03206557 0.31286442 0.07526623
v 0.03269220 0.31427699 0.07474142
v 0.03327398 0.31556505 0.07392903
v 0.03376405 0.31663150 0.07290100
v 0.03234478 0.31271335 0.07527376
v 0.03324062 0.31397897 0.07475641
v 0.03406994 0.31513318 0.07395042
v 0.03476767 0.31608659 0.07292850
v 0.03258796 0.31250942 0.07528292
v 0.03371823 0.31358030 0.07477445
v 0.03476392 0.31455430 0.07397740
v 0.03564441 0.31535736 0.07296251
v 0.03278755 0.31226328 0.07529400
v 0.03410830 0.31309670 0.07479594
v 0.03532993 0.31385195 0.07400829
v 0.03635784 0.31447035 0.07300178
v 0.03293340 0.31198242 0.07530619
v 0.03439497 0.31254572 0.07481943
v 0.03574647 0.31305224 0.07404280
v 0.03688323 0.31346181 0.07304545
v 0.03302192 0.31167787 0.07531907
v 0.03456850 0.31194985 0.07484502
v 0.03599766 0.31218648 0.07407962
v 0.03719880 0.31237081 0.07309160
v 0.03304752 0.31136253 0.07533154
v 0.03461933 0.31133059 0.07487059
v 0.03607262 0.31128737 0.07411655
v 0.03729548 0.31123674 0.07313944
v 0.03301193 0.31104672 0.07534387
v 0.03454855 0.31071052 0.07489406
v 0.03596899 0.31038904 0.07415123
v 0.03716324 0.31010526 0.07318284
v 0.03291370 0.31074354 0.07535521
v 0.03435645 0.31011832 0.07491675
v 0.03569041 0.30952761 0.07418434
v 0.03681298 0.30901885 0.07322436
v 0.03275916 0.31046528 0.07536572
v 0.03405244 0.30957192 0.07493747
v 0.03524878 0.30873498 0.07421429
v 0.03625520 0.30802003 0.07326148
v 0.03255175 0.31022277 0.07537467
v 0.03364699 0.30909580 0.07495444
v 0.03466081 0.30804220 0.07423912
v 0.03551399 0.30714515 0.07329381
v 0.03230212 0.31002337 0.07538119
v 0.03315701 0.30870503 0.07496774
v 0.03394825 0.30747572 0.07425865
v 0.03461462 0.30643106 0.07331763
v 0.03201821 0.30987611 0.07538652
v 0.03259929 0.30841628 0.07497707
v 0.03313869 0.30705708 0.07427198
v 0.03359411 0.30590305 0.07333443
v 0.03171016 0.30978644 0.07538846
v 0.03199736 0.30824035 0.07498179
v 0.03226430 0.30680168 0.07427840
v 0.03249181 0.30558208 0.07334210
v 0.03139211 0.30975813 0.07538786
v 0.03137222 0.30818486 0.07498118
v 0.03135689 0.30672100 0.07427764
v 0.03134762 0.30547917 0.07334130
v 0.03107503 0.30979162 0.07538523
v 0.03074905 0.30825076 0.07497518
v 0.03045281 0.30681670 0.07426957
v 0.03020751 0.30560127 0.07333095
v 0.03076993 0.30988663 0.07538002
v 0.03015299 0.30843654 0.07496531
v 0.02958595 0.30708638 0.07425469
v 0.02911563 0.30593994 0.07331206
v 0.03049082 0.31003767 0.07537303
v 0.02960427 0.30873400 0.07495124
v 0.02879032 0.30751821 0.07423364
v 0.02811197 0.30648515 0.07328538
v 0.03024747 0.31024152 0.07536364
v 0.02912655 0.30913252 0.07493281
v 0.02809593 0.30809647 0.07420710
v 0.02723553 0.30721366 0.07325245
v 0.03004775 0.31048778 0.07535304
v 0.02873619 0.30961624 0.07491194
v 0.02752997 0.30879906 0.07417651
v 0.02652187 0.30810064 0.07321352
v 0.03141618 0.31138131 0.07548154
v 0.02990216 0.31077018 0.07534107
v 0.02844923 0.31016713 0.07488860
v 0.02711327 0.30959865 0.07414263
v 0.02599628 0.30910900 0.07317052
v 0.02981414 0.31107450 0.07532920
v 0.02827616 0.31076464 0.07486414
v 0.02686203 0.31046629 0.07410742
v 0.02568090 0.31020209 0.07312562
v 0.02441242 0.31131142 0.07222746
v 0.02260030 0.31126860 0.07078303
v 0.02106009 0.31120563 0.06889939
v 0.01992367 0.31112826 0.06675365
v 0.01923500 0.31103989 0.06442656
v 0.01901823 0.31094393 0.06201064
v 0.01928374 0.31084436 0.05959669
v 0.02001942 0.31074455 0.05727840
v 0.02119876 0.31064814 0.05514357
v 0.02277597 0.31055972 0.05327597
v 0.02468942 0.31048131 0.05174580
v 0.02686793 0.31041718 0.05061280
v 0.02922511 0.31036916 0.04992094
v 0.02456920 0.31267196 0.07217235
v 0.02279768 0.31298178 0.07071422
v 0.02129254 0.31322068 0.06881843
v 0.02018140 0.31336671 0.06666365
v 0.01950814 0.31341636 0.06433124
v 0.01929788 0.31336707 0.06191308
v 0.01955696 0.31322038 0.05950132
v 0.02027706 0.31298319 0.05718876
v 0.02143086 0.31266329 0.05506244
v 0.02297349 0.31227246 0.05320691
v 0.02484525 0.31182778 0.05169171
v 0.02697349 0.31134465 0.05057563
v 0.02927943 0.31084189 0.04990224
v 0.02499121 0.31397760 0.07212070
v 0.02332805 0.31462753 0.07064949
v 0.02191680 0.31515458 0.06874226
v 0.02087531 0.31551573 0.06657815
v 0.02024420 0.31569877 0.06424186
v 0.02004734 0.31569394 0.06182182
v 0.02029228 0.31550291 0.05941184
v 0.02097064 0.31513190 0.05710408
v 0.02205495 0.31459731 0.05498692
v 0.02350351 0.31391808 0.05314276
v 0.02526133 0.31311959 0.05164113
v 0.02726128 0.31223476 0.05054053
v 0.02942597 0.31129551 0.04988454
v 0.02565974 0.31517860 0.07207499
v 0.02417137 0.31614006 0.07059117
v 0.02290841 0.31693351 0.06867427
v 0.02197720 0.31749246 0.06650280
v 0.02141357 0.31779638 0.06416182
v 0.02123967 0.31783283 0.06174020
v 0.02146214 0.31760043 0.05933185
v 0.02207202 0.31710920 0.05702893
v 0.02304577 0.31637609 0.05491902
v 0.02434580 0.31543118 0.05308546
v 0.02592336 0.31430897 0.05159568
v 0.02771721 0.31305286 0.05050982
v 0.02965794 0.31171310 0.04986857
v 0.02655185 0.31622893 0.07203575
v 0.02529490 0.31746215 0.07054194
v 0.02422896 0.31848869 0.06861691
v 0.02344473 0.31922075 0.06643923
v 0.02297199 0.31963083 0.06409420
v 0.02282851 0.31970349 0.06167172
v 0.02302022 0.31943521 0.05926457
v 0.02353929 0.31883699 0.05696552
v 0.02436600 0.31793183 0.05486209
v 0.02546950 0.31675366 0.05303701
v 0.02680580 0.31534827 0.05155781
v 0.02832459 0.31376955 0.05048358
v 0.02996813 0.31207767 0.04985513
v 0.02763191 0.31708747 0.07200588
v 0.02665503 0.31854445 0.07050452
v 0.02582825 0.31976044 0.06857250
v 0.02522183 0.32063434 0.06638987
v 0.02485853 0.32113206 0.06404193
v 0.02475166 0.32123408 0.06161837
v 0.02490680 0.32093617 0.05921214
v 0.02531612 0.32025069 0.05691658
v 0.02596526 0.31920359 0.05481820
v 0.02682887 0.31783566 0.05299937
v 0.02787412 0.31619778 0.05152814
v 0.02906156 0.31435463 0.05046329
v 0.03034283 0.31237668 0.04984509
v 0.02885864 0.31772131 0.07198505
v 0.02820026 0.31934351 0.07047884
v 0.02764499 0.32070065 0.06854282
v 0.02724054 0.32167897 0.06635681
v 0.02700064 0.32224104 0.06400735
v 0.02693682 0.32236454 0.06158265
v 0.02704826 0.32204553 0.05917759
v 0.02733443 0.32129544 0.05688362
v 0.02778150 0.32014358 0.05478847
v 0.02837379 0.31863472 0.05297391
v 0.02908856 0.31682608 0.05150854
v 0.02989708 0.31478739 0.05044945
v 0.03076892 0.31259656 0.04983788
v 0.03018447 0.31810772 0.07197521
v 0.02987140 0.31982949 0.07046688
v 0.02960928 0.32127297 0.06852868
v 0.02942318 0.32231483 0.06634131
v 0.02931806 0.32291543 0.06399067
v 0.02929859 0.32305154 0.06156609
v 0.02936581 0.32272020 0.05916113
v 0.02951688 0.32193100 0.05686830
v 0.02974566 0.32071567 0.05477449
v 0.03004456 0.31912076 0.05296239
v 0.03040014 0.31720766 0.05149917
v 0.03080077 0.31505114 0.05044296
v 0.03123021 0.31273067 0.04983468
v 0.03155941 0.31823024 0.07197747
v 0.03160261 0.31998411 0.07046929
v 0.03164547 0.32145455 0.06853106
v 0.03168484 0.32251644 0.06634385
v 0.03171895 0.32312897 0.06399348
v 0.03174672 0.32327017 0.06156895
v 0.03176699 0.32293355 0.05916383
v 0.03177850 0.32213292 0.05687084
v 0.03178139 0.32089752 0.05477694
v 0.03177538 0.31927514 0.05296437
v 0.03176071 0.31732959 0.05150095
v 0.03173766 0.31513447 0.05044418
v 0.03170752 0.31277344 0.04983506
v 0.03293003 0.31808475 0.07198977
v 0.03332807 0.31980103 0.07048493
v 0.03367548 0.32123885 0.06854962
v 0.03393954 0.32227692 0.06636449
v 0.03411281 0.32287553 0.06401538
v 0.03418757 0.32301107 0.06159132
v 0.03416051 0.32267970 0.05918586
v 0.03403307 0.32189357 0.05689177
v 0.03381101 0.32068175 0.05479548
v 0.03350084 0.31909189 0.05297996
v 0.03311678 0.31718531 0.05151339
v 0.03267220 0.31503525 0.05045259
v 0.03218400 0.31272298 0.04983933
v 0.03424339 0.31767637 0.07201287
v 0.03498324 0.31928724 0.07051366
v 0.03562099 0.32063407 0.06858391
v 0.03610143 0.32160506 0.06640238
v 0.03640818 0.32216284 0.06405561
v 0.03652779 0.32228464 0.06163216
v 0.03645574 0.32196704 0.05922627
v 0.03619476 0.32122153 0.05692923
v 0.03575607 0.32007730 0.05482958
v 0.03515570 0.31857815 0.05300908
v 0.03441622 0.31678167 0.05153617
v 0.03356747 0.31475654 0.05046837
v 0.03264036 0.31258097 0.04984755
v 0.03544954 0.31702232 0.07204590
v 0.03650276 0.31846207 0.07055519
v 0.03740719 0.31966409 0.06863216
v 0.03808640 0.32052717 0.06645605
v 0.03851403 0.32101786 0.06411228
v 0.03867519 0.32111767 0.06169037
v 0.03856134 0.32082233 0.05928276
v 0.03817951 0.32014319 0.05698290
v 0.03754226 0.31910720 0.05487765
v 0.03667502 0.31775329 0.05305011
v 0.03561012 0.31613377 0.05156799
v 0.03438907 0.31431067 0.05049052
v 0.03305989 0.31235373 0.04985911
v 0.03650207 0.31614521 0.07208674
v 0.03782801 0.31735766 0.07060658
v 0.03896566 0.31836575 0.06869253
v 0.03981818 0.31908417 0.06652331
v 0.04035282 0.31948590 0.06418356
v 0.04054951 0.31955543 0.06176331
v 0.04040017 0.31929040 0.05935413
v 0.03991111 0.31870073 0.05705015
v 0.03910051 0.31780893 0.05493804
v 0.03799985 0.31664878 0.05310136
v 0.03665118 0.31526613 0.05160830
v 0.03510679 0.31371298 0.05051835
v 0.03342451 0.31204858 0.04987323
v 0.03736047 0.31508067 0.07213455
v 0.03890986 0.31601658 0.07066687
v 0.04023698 0.31678843 0.06876306
v 0.04123056 0.31733200 0.06660174
v 0.04185253 0.31762519 0.06426708
v 0.04207873 0.31765890 0.06184787
v 0.04190024 0.31742972 0.05943734
v 0.04132320 0.31694841 0.05712809
v 0.04037101 0.31623185 0.05500848
v 0.03908102 0.31530777 0.05316140
v 0.03750040 0.31421238 0.05165531
v 0.03569172 0.31298637 0.05055094
v 0.03372328 0.31167918 0.04988947
v 0.03799085 0.31386885 0.07218676
v 0.03970488 0.31449011 0.07073317
v 0.04117168 0.31499368 0.06884149
v 0.04226970 0.31533730 0.06668878
v 0.04295523 0.31550875 0.06435887
v 0.04320279 0.31549942 0.06194143
v 0.04300285 0.31531346 0.05952885
v 0.04236169 0.31495345 0.05721452
v 0.04130579 0.31443676 0.05508608
v 0.03987544 0.31378141 0.05322734
v 0.03812491 0.31301236 0.05170717
v 0.03612117 0.31216064 0.05058614
v 0.03394227 0.31125769 0.04990798
v 0.03837172 0.31255651 0.07224265
v 0.04018430 0.31283572 0.07080431
v 0.04173533 0.31304935 0.06892380
v 0.04289595 0.31317693 0.06678175
v 0.04361893 0.31321514 0.06445576
v 0.04387802 0.31316215 0.06204008
v 0.04366589 0.31301960 0.05962568
v 0.04298716 0.31279325 0.05730553
v 0.04186796 0.31249291 0.05516794
v 0.04035293 0.31212732 0.05329667
v 0.03849984 0.31171420 0.05176210
v 0.03638060 0.31126621 0.05062411
v 0.03407411 0.31080163 0.04992689
v 0.03848696 0.31119248 0.07230122
v 0.04032889 0.31111875 0.07087658
v 0.04190541 0.31102958 0.06900872
v 0.04308298 0.31093359 0.06687397
v 0.04381710 0.31083506 0.06455421
v 0.04408136 0.31073463 0.06213984
v 0.04386325 0.31063920 0.05972342
v 0.04317369 0.31055143 0.05739774
v 0.04203691 0.31047443 0.05525101
v 0.04049615 0.31041172 0.05336734
v 0.03861281 0.31036556 0.05181760
v 0.03645815 0.31033704 0.05066208
v 0.03411405 0.31032819 0.04994639
v 0.03832920 0.30983317 0.07235402
v 0.04013118 0.30940667 0.07094499
v 0.04167253 0.30901566 0.06908895
v 0.04282520 0.30869633 0.06696373
v 0.04354392 0.30845827 0.06464931
v 0.04380137 0.30831221 0.06223688
v 0.04359019 0.30826303 0.05981867
v 0.04291572 0.30831316 0.05748764
v 0.04180401 0.30845970 0.05533169
v 0.04029861 0.30869871 0.05343619
v 0.03845713 0.30901885 0.05187164
v 0.03635141 0.30940959 0.05069948
v 0.03405937 0.30985576 0.04996530
v 0.03790622 0.30852777 0.07240386
v 0.03959866 0.30776143 0.07100749
v 0.04104690 0.30708209 0.06916351
v 0.04213089 0.30654755 0.06704725
v 0.04280778 0.30617657 0.06473844
v 0.04305230 0.30598563 0.06232783
v 0.04285461 0.30598110 0.05990809
v 0.04222255 0.30616409 0.05757174
v 0.04118063 0.30652583 0.05540762
v 0.03976828 0.30705342 0.05350028
v 0.03804078 0.30772734 0.05192247
v 0.03606368 0.30851945 0.05073429
v 0.03391280 0.30940154 0.04998307
v 0.03723745 0.30732718 0.07244863
v 0.03875503 0.30624917 0.07106377
v 0.04005491 0.30530384 0.06923019
v 0.04102924 0.30457070 0.06712158
v 0.04163807 0.30407917 0.06481775
v 0.04185983 0.30384672 0.06240910
v 0.04168497 0.30388373 0.05998783
v 0.04112120 0.30418766 0.05764696
v 0.04018919 0.30474705 0.05547514
v 0.03892613 0.30554044 0.05355777
v 0.03737869 0.30653778 0.05196762
v 0.03560770 0.30770114 0.05076552
v 0.03368084 0.30898383 0.04999900
v 0.03634543 0.30627704 0.07248677
v 0.03763060 0.30492657 0.07111122
v 0.03873421 0.30374852 0.06928628
v 0.03956101 0.30284292 0.06718455
v 0.04007969 0.30224487 0.06488434
v 0.04027127 0.30197620 0.06247755
v 0.04012690 0.30204910 0.06005446
v 0.03965363 0.30245921 0.05771006
v 0.03886897 0.30319157 0.05553222
v 0.03780294 0.30421796 0.05360663
v 0.03649652 0.30549851 0.05200567
v 0.03500033 0.30698448 0.05079173
v 0.03337041 0.30861971 0.05001242
v 0.03526535 0.30541852 0.07251642
v 0.03627060 0.30384472 0.07114851
v 0.03713469 0.30247661 0.06932997
v 0.03778384 0.30142930 0.06723289
v 0.03819262 0.30074364 0.06493602
v 0.03834801 0.30044594 0.06253033
v 0.03824015 0.30054781 0.06010665
v 0.03787667 0.30104592 0.05775904
v 0.03726939 0.30191985 0.05557629
v 0.03644308 0.30313593 0.05364367
v 0.03542795 0.30464873 0.05203510
v 0.03426334 0.30639943 0.05081201
v 0.03299595 0.30832103 0.05002296
v 0.03167173 0.31033874 0.04969542
v 0.03403869 0.30478472 0.07253536
v 0.03472545 0.30304587 0.07117299
v 0.03531776 0.30153668 0.06935969
v 0.03576440 0.30038446 0.06726553
v 0.03605091 0.29963413 0.06497091
v 0.03616307 0.29931509 0.06256546
v 0.03609828 0.29943863 0.06014130
v 0.03585776 0.30000094 0.05779183
v 0.03545345 0.30097958 0.05560574
v 0.03489840 0.30233654 0.05366888
v 0.03421379 0.30402064 0.05205447
v 0.03342811 0.30596730 0.05082551
v 0.03256959 0.30810058 0.05002980
v 0.03271281 0.30439791 0.07254516
v 0.03305416 0.30255994 0.07118472
v 0.03335375 0.30096462 0.06937320
v 0.03358222 0.29974890 0.06728068
v 0.03373358 0.29895955 0.06498684
v 0.03380065 0.29862800 0.06258187
v 0.03378120 0.29876393 0.06015790
v 0.03367554 0.29936495 0.05780689
v 0.03348949 0.30040714 0.05561940
v 0.03322706 0.30185074 0.05368077
v 0.03290218 0.30363902 0.05206376
v 0.03252385 0.30570313 0.05083195
v 0.03210856 0.30796641 0.05003254
v 0.03133805 0.30427518 0.07254410
v 0.03132354 0.30240506 0.07118312
v 0.03131761 0.30078259 0.06937072
v 0.03132076 0.29954699 0.06727783
v 0.03133231 0.29874593 0.06498389
v 0.03135243 0.29840836 0.06257962
v 0.03137978 0.29855049 0.06015469
v 0.03141413 0.29916325 0.05780455
v 0.03145351 0.30022547 0.05561721
v 0.03149628 0.30169591 0.05367861
v 0.03154163 0.30351704 0.05206204
v 0.03158700 0.30562046 0.05083098
v 0.03163095 0.30792367 0.05003238
v 0.02996748 0.30442101 0.07253107
v 0.02959820 0.30258843 0.07116713
v 0.02928774 0.30099812 0.06935221
v 0.02906608 0.29978621 0.06725733
v 0.02893873 0.29899943 0.06496228
v 0.02891168 0.29866844 0.06255723
v 0.02898627 0.29880390 0.06013316
v 0.02915981 0.29940259 0.05778384
v 0.02942410 0.30044135 0.05559865
v 0.02977082 0.30187935 0.05366275
v 0.03018530 0.30366164 0.05204996
v 0.03065246 0.30571872 0.05082234
v 0.03115476 0.30797419 0.05002787
v 0.02865438 0.30482936 0.07250858
v 0.02794253 0.30310208 0.07113841
v 0.02734247 0.30160299 0.06931870
v 0.02690428 0.30045822 0.06721982
v 0.02664341 0.29971233 0.06492256
v 0.02657283 0.29939488 0.06251599
v 0.02669121 0.29951701 0.06009310
v 0.02699810 0.30007470 0.05774590
v 0.02747857 0.30104604 0.05556490
v 0.02811615 0.30239311 0.05363417
v 0.02888638 0.30406502 0.05202680
v 0.02975764 0.30599770 0.05080666
v 0.03069815 0.30811623 0.05001999
v 0.02744797 0.30548295 0.07247728
v 0.02642356 0.30392700 0.07109847
v 0.02555609 0.30257300 0.06927101
v 0.02491906 0.30153668 0.06716665
v 0.02453705 0.30085716 0.06486577
v 0.02442360 0.30056170 0.06245857
v 0.02458526 0.30066207 0.06003629
v 0.02501320 0.30115291 0.05769275
v 0.02569267 0.30201578 0.05551644
v 0.02659722 0.30321825 0.05359323
v 0.02769221 0.30471343 0.05199525
v 0.02893577 0.30644336 0.05078480
v 0.03027888 0.30834317 0.05000876
v 0.02639532 0.30635968 0.07243701
v 0.02509812 0.30503109 0.07104747
v 0.02399727 0.30387083 0.06921090
v 0.02318737 0.30297905 0.06709996
v 0.02269873 0.30238944 0.06479491
v 0.02254975 0.30212420 0.06238618
v 0.02274680 0.30219367 0.05996502
v 0.02328167 0.30259579 0.05762581
v 0.02413417 0.30331415 0.05545600
v 0.02527210 0.30432242 0.05354207
v 0.02665089 0.30558056 0.05195478
v 0.02821784 0.30704126 0.05075697
v 0.02991398 0.30864874 0.04999487
v 0.02553704 0.30742437 0.07238977
v 0.02401677 0.30637190 0.07098818
v 0.02272661 0.30544794 0.06914109
v 0.02177508 0.30473161 0.06702225
v 0.02119887 0.30424994 0.06471213
v 0.02102057 0.30402040 0.06230162
v 0.02124745 0.30405432 0.05988265
v 0.02186960 0.30434763 0.05754777
v 0.02286376 0.30489123 0.05538586
v 0.02419124 0.30566347 0.05348205
v 0.02580168 0.30663434 0.05190782
v 0.02763341 0.30776763 0.05072439
v 0.02961525 0.30901805 0.04997807
v 0.02490666 0.30863625 0.07233767
v 0.02322191 0.30789849 0.07092262
v 0.02179185 0.30724329 0.06906360
v 0.02073621 0.30672607 0.06693628
v 0.02009618 0.30636621 0.06462094
v 0.01989658 0.30617967 0.06220834
v 0.02014465 0.30617046 0.05979112
v 0.02083100 0.30634239 0.05746144
v 0.02192929 0.30668622 0.05530866
v 0.02339686 0.30718985 0.05341620
v 0.02517773 0.30783433 0.05185616
v 0.02720352 0.30859330 0.05068845
v 0.02939654 0.30943921 0.04995986
v 0.02452626 0.30994880 0.07228289
v 0.02274372 0.30955291 0.07085298
v 0.02122923 0.30918723 0.06898210
v 0.02011086 0.30888611 0.06684569
v 0.01943289 0.30865958 0.06452467
v 0.01922124 0.30851713 0.06211017
v 0.01948130 0.30846435 0.05969455
v 0.02020628 0.30850276 0.05737058
v 0.02136693 0.30863059 0.05522658
v 0.02291916 0.30884385 0.05334685
v 0.02480255 0.30913246 0.05180130
v 0.02694407 0.30948806 0.05065129
v 0.02926442 0.30989528 0.04994060
v -0.03296433 0.31127167 0.07534929
v -0.03453474 0.31126434 0.07490937
v -0.03598951 0.31124505 0.07417407
v -0.03721634 0.31121597 0.07321180
v -0.03293302 0.31158581 0.07533841
v -0.03447280 0.31188107 0.07488649
v -0.03589831 0.31214041 0.07414082
v -0.03709955 0.31234521 0.07316892
v -0.03283942 0.31188819 0.07532599
v -0.03428922 0.31247270 0.07486203
v -0.03563253 0.31299999 0.07410566
v -0.03676534 0.31342837 0.07312451
v -0.03268911 0.31216606 0.07531363
v -0.03399370 0.31301799 0.07483806
v -0.03520315 0.31379142 0.07407002
v -0.03622384 0.31442618 0.07307924
v -0.03248577 0.31240857 0.07530109
v -0.03359636 0.31349438 0.07481349
v -0.03462663 0.31448346 0.07403515
v -0.03549712 0.31530023 0.07303508
v -0.03223976 0.31260839 0.07528958
v -0.03311310 0.31388491 0.07479099
v -0.03392463 0.31505039 0.07400160
v -0.03461040 0.31601456 0.07299297
v -0.03195877 0.31275493 0.07527890
v -0.03256136 0.31417403 0.07476991
v -0.03312383 0.31546941 0.07397158
v -0.03360059 0.31654325 0.07295463
v -0.03165276 0.31284550 0.07527009
v -0.03196396 0.31435025 0.07475235
v -0.03225552 0.31572548 0.07394613
v -0.03250645 0.31686565 0.07292220
v -0.03133636 0.31287426 0.07526261
v -0.03134163 0.31440717 0.07473805
v -0.03135264 0.31580812 0.07392552
v -0.03136817 0.31697065 0.07289705
v -0.03101959 0.31284180 0.07525855
v -0.03071987 0.31434304 0.07472894
v -0.03045009 0.31571484 0.07391182
v -0.03023009 0.31685168 0.07287868
v -0.03071455 0.31274766 0.07525554
v -0.03012301 0.31415865 0.07472363
v -0.02958298 0.31544766 0.07390397
v -0.02913725 0.31651571 0.07286970
v -0.03043434 0.31259692 0.07525508
v -0.02957251 0.31386286 0.07472317
v -0.02878418 0.31501845 0.07390333
v -0.02813018 0.31597424 0.07286900
v -0.03018914 0.31239417 0.07525736
v -0.02909134 0.31346652 0.07472777
v -0.02808456 0.31444305 0.07391052
v -0.02724694 0.31524929 0.07287820
v -0.02998678 0.31214908 0.07526239
v -0.02869545 0.31298545 0.07473729
v -0.02751059 0.31374374 0.07392411
v -0.02652382 0.31436679 0.07289483
v -0.02983753 0.31187004 0.07526972
v -0.02840227 0.31243643 0.07475042
v -0.02708489 0.31294742 0.07394376
v -0.02598687 0.31336251 0.07292004
v -0.02974663 0.31156605 0.07527835
v -0.02822160 0.31184289 0.07476843
v -0.02682293 0.31208462 0.07396941
v -0.02565736 0.31227538 0.07295202
v -0.02971502 0.31125158 0.07528865
v -0.02816185 0.31122482 0.07478891
v -0.02673599 0.31118801 0.07399903
v -0.02554644 0.31114477 0.07299021
v -0.02974794 0.31093767 0.07530016
v -0.02822483 0.31060809 0.07481122
v -0.02682711 0.31029281 0.07403204
v -0.02566320 0.31001532 0.07303078
v -0.02984167 0.31063509 0.07531127
v -0.02840848 0.31001481 0.07483457
v -0.02709359 0.30943131 0.07406560
v -0.02599710 0.30893037 0.07307394
v -0.02999175 0.31035608 0.07532367
v -0.02870437 0.30946985 0.07485871
v -0.02752315 0.30864018 0.07410087
v -0.02653906 0.30793270 0.07311849
v -0.03019516 0.31011346 0.07533569
v -0.02910211 0.30899325 0.07488225
v -0.02809984 0.30794802 0.07413536
v -0.02726617 0.30705881 0.07316235
v -0.03044127 0.30991367 0.07534739
v -0.02958523 0.30860284 0.07490508
v -0.02880217 0.30738154 0.07416824
v -0.02815267 0.30634522 0.07320314
v -0.03072221 0.30976713 0.07535721
v -0.03013738 0.30831423 0.07492498
v -0.02960272 0.30696258 0.07419778
v -0.02916248 0.30581623 0.07324057
v -0.03102797 0.30967698 0.07536602
v -0.03073462 0.30813754 0.07494216
v -0.03047128 0.30670622 0.07422313
v -0.03025649 0.30549431 0.07327274
v -0.03134450 0.30964825 0.07537259
v -0.03135670 0.30808106 0.07495605
v -0.03137376 0.30662403 0.07424289
v -0.03139470 0.30538917 0.07329798
v -0.03166082 0.30968109 0.07537782
v -0.03197849 0.30814552 0.07496544
v -0.03227643 0.30671772 0.07425655
v -0.03253289 0.30550855 0.07331502
v -0.03196606 0.30977497 0.07538028
v -0.03257499 0.30832967 0.07497003
v -0.03314303 0.30698511 0.07426357
v -0.03362539 0.30584463 0.07332426
v -0.03224629 0.30992576 0.07538021
v -0.03312553 0.30862567 0.07497015
v -0.03394210 0.30741423 0.07426384
v -0.03463266 0.30638590 0.07332452
v -0.03249139 0.31012809 0.07537846
v -0.03360673 0.30902219 0.07496595
v -0.03464181 0.30798933 0.07425749
v -0.03551589 0.30711079 0.07331724
v -0.03269365 0.31037301 0.07537367
v -0.03400210 0.30950284 0.07495747
v -0.03521532 0.30868837 0.07424501
v -0.03623870 0.30799374 0.07330027
v -0.03133788 0.31126603 0.07547639
v -0.03284279 0.31065267 0.07536690
v -0.03429530 0.31005192 0.07494426
v -0.03564105 0.30948505 0.07422573
v -0.03677637 0.30899769 0.07327664
v -0.03293523 0.31095630 0.07535882
v -0.03447612 0.31064510 0.07492790
v -0.03590310 0.31034800 0.07420145
v -0.03710565 0.31008586 0.07324597
v -0.03841143 0.31119230 0.07238740
v -0.04025896 0.31115073 0.07098506
v -0.04184632 0.31109133 0.06913541
v -0.04303854 0.31102017 0.06701282
v -0.04379042 0.31094047 0.06469870
v -0.04407436 0.31085268 0.06228336
v -0.04387752 0.31076306 0.05985931
v -0.04321012 0.31067389 0.05751961
v -0.04209555 0.31058833 0.05535321
v -0.04057615 0.31051016 0.05344475
v -0.03871252 0.31044233 0.05186616
v -0.03657514 0.31038672 0.05067885
v -0.03424509 0.31034639 0.04992965
v -0.03827194 0.31255034 0.07233496
v -0.04008414 0.31286019 0.07092077
v -0.04164056 0.31310225 0.06905960
v -0.04281153 0.31325382 0.06693052
v -0.04355013 0.31331065 0.06461088
v -0.04382825 0.31327018 0.06219439
v -0.04363795 0.31313357 0.05977220
v -0.04298363 0.31290632 0.05743753
v -0.04189077 0.31259826 0.05527917
v -0.04040245 0.31221858 0.05338175
v -0.03857555 0.31178528 0.05181674
v -0.03648105 0.31131199 0.05064510
v -0.03419678 0.31081781 0.04991232
v -0.03786888 0.31385309 0.07228123
v -0.03957676 0.31450248 0.07085229
v -0.04104406 0.31503251 0.06898055
v -0.04214875 0.31539857 0.06684119
v -0.04284738 0.31558782 0.06451781
v -0.04311302 0.31559071 0.06209959
v -0.04293570 0.31541103 0.05967917
v -0.04232152 0.31505108 0.05735003
v -0.04129549 0.31452823 0.05520047
v -0.03989681 0.31386071 0.05331516
v -0.03817853 0.31307408 0.05176393
v -0.03620638 0.31219995 0.05060861
v -0.03405721 0.31127056 0.04989411
v -0.03721904 0.31505206 0.07222721
v -0.03875713 0.31601277 0.07078366
v -0.04008030 0.31680831 0.06889927
v -0.04107750 0.31737241 0.06675112
v -0.04171028 0.31768206 0.06442279
v -0.04195385 0.31772742 0.06200279
v -0.04179875 0.31750488 0.05958439
v -0.04125074 0.31702495 0.05726051
v -0.04033165 0.31630430 0.05512005
v -0.03907766 0.31537104 0.05324681
v -0.03753463 0.31426147 0.05171021
v -0.03576363 0.31301701 0.05057209
v -0.03383143 0.31168768 0.04987494
v -0.03634457 0.31610101 0.07217363
v -0.03765502 0.31733415 0.07071596
v -0.03878517 0.31836236 0.06882004
v -0.03963853 0.31909871 0.06666300
v -0.04018219 0.31951532 0.06432901
v -0.04039577 0.31959608 0.06190773
v -0.04027055 0.31933826 0.05949092
v -0.03981210 0.31875151 0.05717289
v -0.03903723 0.31785834 0.05504102
v -0.03797614 0.31669241 0.05317945
v -0.03666940 0.31529978 0.05165743
v -0.03516759 0.31373289 0.05053553
v -0.03352699 0.31205165 0.04985666
v -0.03528001 0.31696010 0.07212315
v -0.03631465 0.31841594 0.07065251
v -0.03720871 0.31963396 0.06874547
v -0.03788674 0.32051206 0.06657998
v -0.03832216 0.32101581 0.06424101
v -0.03849988 0.32112643 0.06181776
v -0.03841062 0.32083887 0.05940276
v -0.03806061 0.32016450 0.05708993
v -0.03746112 0.31913012 0.05496641
v -0.03663613 0.31777439 0.05311617
v -0.03561636 0.31614971 0.05160765
v -0.03444170 0.31431845 0.05050116
v -0.03315820 0.31235054 0.04983924
v -0.03406633 0.31759462 0.07207718
v -0.03478555 0.31921637 0.07059480
v -0.03541135 0.32057503 0.06867807
v -0.03588931 0.32155776 0.06650507
v -0.03620307 0.32212669 0.06416164
v -0.03633902 0.32225865 0.06173652
v -0.03629186 0.32194951 0.05932372
v -0.03606348 0.32121077 0.05701502
v -0.03566382 0.32007140 0.05489921
v -0.03510742 0.31857470 0.05305880
v -0.03441505 0.31677827 0.05156302
v -0.03361499 0.31475106 0.05047024
v -0.03273605 0.31257102 0.04982316
v -0.03275033 0.31798270 0.07203839
v -0.03312706 0.31970447 0.07054617
v -0.03346185 0.32114971 0.06862050
v -0.03372305 0.32219627 0.06644126
v -0.03390311 0.32280397 0.06409387
v -0.03399408 0.32294887 0.06166752
v -0.03399191 0.32262677 0.05925573
v -0.03389735 0.32184947 0.05695151
v -0.03371488 0.32064575 0.05484166
v -0.03344915 0.31906283 0.05300977
v -0.03311304 0.31716189 0.05152458
v -0.03271786 0.31501594 0.05044364
v -0.03227875 0.31270599 0.04980947
v -0.03138198 0.31810793 0.07200815
v -0.03140453 0.31986207 0.07050786
v -0.03143534 0.32133538 0.06857523
v -0.03147215 0.32240245 0.06639089
v -0.03151329 0.32302192 0.06404048
v -0.03155721 0.32317162 0.06161302
v -0.03160243 0.32284510 0.05920216
v -0.03164656 0.32205540 0.05690084
v -0.03168856 0.32083148 0.05479636
v -0.03172664 0.31922051 0.05297144
v -0.03175925 0.31728613 0.05149424
v -0.03178491 0.31510136 0.05042296
v -0.03180313 0.31274945 0.04979893
v -0.03001432 0.31796587 0.07198619
v -0.02968241 0.31968287 0.07048068
v -0.02940980 0.32112485 0.06854371
v -0.02922224 0.32216859 0.06635601
v -0.02912479 0.32277426 0.06400333
v -0.02912187 0.32291836 0.06157522
v -0.02921377 0.32259762 0.05916518
v -0.02939674 0.32182130 0.05686602
v -0.02966346 0.32062057 0.05476484
v -0.03000483 0.31904155 0.05294475
v -0.03040583 0.31714484 0.05147306
v -0.03085292 0.31500462 0.05040828
v -0.03132824 0.31269982 0.04979170
v -0.02870026 0.31756142 0.07197554
v -0.02802615 0.31917414 0.07046680
v -0.02746297 0.32052594 0.06852750
v -0.02705901 0.32150310 0.06633776
v -0.02682799 0.32206833 0.06398426
v -0.02678104 0.32219920 0.06155533
v -0.02691677 0.32189140 0.05914583
v -0.02723366 0.32115600 0.05684767
v -0.02771670 0.32002178 0.05474859
v -0.02834885 0.31853274 0.05293049
v -0.02910580 0.31674534 0.05146222
v -0.02995719 0.31472856 0.05040088
v -0.03087104 0.31255940 0.04978777
v -0.02748938 0.31691167 0.07197581
v -0.02650086 0.31835523 0.07046670
v -0.02566977 0.31956229 0.06852686
v -0.02506647 0.32043248 0.06633714
v -0.02471363 0.32093167 0.06398308
v -0.02462419 0.32104048 0.06155450
v -0.02480308 0.32075435 0.05914468
v -0.02524152 0.32008520 0.05684697
v -0.02592404 0.31905824 0.05474798
v -0.02682390 0.31771362 0.05293017
v -0.02790710 0.31610134 0.05146155
v -0.02913250 0.31428498 0.05040076
v -0.03045048 0.31233400 0.04978783
v -0.02642869 0.31604001 0.07198595
v -0.02516515 0.31725654 0.07047930
v -0.02409922 0.31827119 0.06854200
v -0.02332132 0.31899732 0.06635403
v -0.02286107 0.31940764 0.06400089
v -0.02273565 0.31948665 0.06157272
v -0.02295040 0.31923056 0.05916262
v -0.02349665 0.31864998 0.05686345
v -0.02435349 0.31776714 0.05476271
v -0.02548906 0.31661513 0.05294301
v -0.02685796 0.31523889 0.05147168
v -0.02840877 0.31369096 0.05040758
v -0.03008250 0.31203049 0.04979107
v -0.02555887 0.31497988 0.07200678
v -0.02406951 0.31592214 0.07050551
v -0.02281148 0.31670165 0.06857243
v -0.02189028 0.31725299 0.06638768
v -0.02134137 0.31755611 0.06403670
v -0.02118638 0.31759852 0.06160878
v -0.02143112 0.31737870 0.05919808
v -0.02206587 0.31690606 0.05689691
v -0.02306618 0.31619686 0.05479266
v -0.02439328 0.31528041 0.05296850
v -0.02599750 0.31418991 0.05149161
v -0.02781656 0.31296769 0.05042150
v -0.02978008 0.31166250 0.04979818
v -0.02491451 0.31377274 0.07203635
v -0.02325675 0.31440178 0.07054356
v -0.02185562 0.31491360 0.06861675
v -0.02082806 0.31526613 0.06643669
v -0.02021410 0.31544784 0.06408875
v -0.02003693 0.31544879 0.06166190
v -0.02030336 0.31527051 0.05925011
v -0.02100424 0.31491876 0.05694572
v -0.02211111 0.31440905 0.05483683
v -0.02358140 0.31375965 0.05300569
v -0.02535934 0.31299448 0.05152120
v -0.02737704 0.31214535 0.05044125
v -0.02955646 0.31124288 0.04980861
v -0.02451754 0.31246477 0.07207489
v -0.02275788 0.31275320 0.07059170
v -0.02126875 0.31297633 0.06867328
v -0.02017542 0.31311348 0.06650043
v -0.01952195 0.31316155 0.06415512
v -0.01933225 0.31311795 0.06172970
v -0.01961198 0.31298411 0.05931661
v -0.02035194 0.31276634 0.05700872
v -0.02152421 0.31247178 0.05489289
v -0.02308305 0.31211123 0.05305328
v -0.02496821 0.31170043 0.05155878
v -0.02710644 0.31125379 0.05046743
v -0.02941868 0.31078842 0.04982178
v -0.02438578 0.31110600 0.07212017
v -0.02259221 0.31104228 0.07064813
v -0.02107330 0.31096390 0.06873973
v -0.01995913 0.31087804 0.06657429
v -0.01929268 0.31078818 0.06423326
v -0.01909732 0.31069785 0.06180979
v -0.01938268 0.31061125 0.05939488
v -0.02013571 0.31053063 0.05708221
v -0.02132932 0.31045935 0.05495948
v -0.02291717 0.31040069 0.05311001
v -0.02483722 0.31035578 0.05160306
v -0.02701801 0.31032753 0.05049789
v -0.02937306 0.31031632 0.04983706
v -0.02452379 0.30974907 0.07216938
v -0.02276609 0.30933374 0.07071029
v -0.02127833 0.30895400 0.06881332
v -0.02018611 0.30864522 0.06665622
v -0.01953286 0.30841783 0.06432067
v -0.01934353 0.30828127 0.06189839
v -0.01962253 0.30824116 0.05948200
v -0.02036238 0.30829835 0.05716439
v -0.02153339 0.30845022 0.05503345
v -0.02309082 0.30869204 0.05317316
v -0.02497429 0.30901262 0.05165256
v -0.02711066 0.30940226 0.05053213
v -0.02942081 0.30984440 0.04985459
v -0.02492661 0.30844602 0.07222189
v -0.02327245 0.30769119 0.07077716
v -0.02187409 0.30702400 0.06889150
v -0.02084833 0.30650067 0.06674319
v -0.02023519 0.30614087 0.06441320
v -0.02005871 0.30596066 0.06199275
v -0.02032496 0.30596372 0.05957479
v -0.02102399 0.30615342 0.05725165
v -0.02212882 0.30651981 0.05511231
v -0.02359671 0.30704990 0.05323973
v -0.02537159 0.30772376 0.05170532
v -0.02738535 0.30851394 0.05056784
v -0.02956069 0.30939156 0.04987303
v -0.02557661 0.30724692 0.07227588
v -0.02409205 0.30618072 0.07084495
v -0.02283795 0.30524760 0.06897171
v -0.02191957 0.30452725 0.06683219
v -0.02137224 0.30404690 0.06450764
v -0.02121771 0.30382413 0.06208935
v -0.02146208 0.30386990 0.05966961
v -0.02209493 0.30417970 0.05734105
v -0.02309239 0.30474371 0.05519228
v -0.02441578 0.30553961 0.05330796
v -0.02601499 0.30653647 0.05175874
v -0.02782862 0.30769697 0.05060508
v -0.02978621 0.30897483 0.04989189
v -0.02645105 0.30619794 0.07232891
v -0.02519377 0.30485970 0.07091162
v -0.02413249 0.30369365 0.06905024
v -0.02335843 0.30280042 0.06691951
v -0.02290033 0.30221382 0.06460058
v -0.02277567 0.30195576 0.06218424
v -0.02298963 0.30203658 0.05976221
v -0.02353358 0.30245361 0.05742868
v -0.02438678 0.30318975 0.05527109
v -0.02551703 0.30421823 0.05337527
v -0.02688020 0.30549812 0.05181138
v -0.02842408 0.30698124 0.05064163
v -0.03009059 0.30861107 0.04991074
v -0.02751578 0.30533916 0.07237872
v -0.02653443 0.30377814 0.07097466
v -0.02570924 0.30242229 0.06912449
v -0.02511000 0.30138746 0.06700194
v -0.02475979 0.30071270 0.06468809
v -0.02467101 0.30042517 0.06227368
v -0.02484914 0.30053619 0.05985014
v -0.02528492 0.30104008 0.05751139
v -0.02596308 0.30191791 0.05534566
v -0.02685733 0.30313656 0.05343845
v -0.02793343 0.30464867 0.05186146
v -0.02915022 0.30639556 0.05067600
v -0.03045964 0.30831167 0.04992796
v -0.03181330 0.31032225 0.04964476
v -0.02872961 0.30470496 0.07242297
v -0.02806283 0.30297771 0.07103088
v -0.02750668 0.30148104 0.06919136
v -0.02710746 0.30034104 0.06707645
v -0.02687918 0.29960182 0.06476755
v -0.02683351 0.29929289 0.06235412
v -0.02696822 0.29942515 0.05992952
v -0.02728211 0.29999384 0.05758585
v -0.02776011 0.30097687 0.05541325
v -0.02838574 0.30233589 0.05349579
v -0.02913497 0.30401951 0.05190583
v -0.02997718 0.30596313 0.05070659
v -0.03088149 0.30809143 0.04994373
v -0.03004533 0.30431688 0.07246134
v -0.02972177 0.30248964 0.07107957
v -0.02945583 0.30090618 0.06924830
v -0.02927362 0.29970238 0.06713995
v -0.02917914 0.29892442 0.06483489
v -0.02917703 0.29860255 0.06242351
v -0.02926785 0.29874730 0.05999725
v -0.02944815 0.29935506 0.05764978
v -0.02970951 0.30040222 0.05547049
v -0.03004372 0.30184767 0.05354427
v -0.03043651 0.30363616 0.05194465
v -0.03087382 0.30569801 0.05073314
v -0.03133909 0.30795646 0.04995710
v -0.03141363 0.30419150 0.07249234
v -0.03144420 0.30233181 0.07111824
v -0.03148223 0.30072081 0.06929356
v -0.03152447 0.29949653 0.06719020
v -0.03156861 0.29870632 0.06488800
v -0.03161366 0.29837850 0.06247809
v -0.03165733 0.29852933 0.06005035
v -0.03169865 0.29914910 0.05770016
v -0.03173553 0.30021644 0.05551575
v -0.03176623 0.30168977 0.05358284
v -0.03179060 0.30351174 0.05197461
v -0.03180674 0.30561352 0.05075407
v -0.03181439 0.30791298 0.04996790
v -0.03278115 0.30433384 0.07251294
v -0.03316581 0.30251139 0.07114457
v -0.03350776 0.30093187 0.06932501
v -0.03377416 0.29973060 0.06722535
v -0.03395732 0.29895413 0.06492533
v -0.03404910 0.29863319 0.06251535
v -0.03404619 0.29877704 0.06008784
v -0.03394829 0.29938298 0.05773481
v -0.03376082 0.30042708 0.05554704
v -0.03348803 0.30186927 0.05360976
v -0.03314406 0.30365306 0.05199571
v -0.03273875 0.30570960 0.05076844
v -0.03228956 0.30796257 0.04997486
v -0.03409524 0.30473876 0.07252355
v -0.03482217 0.30302015 0.07115854
v -0.03545433 0.30153075 0.06934188
v -0.03593693 0.30039603 0.06724386
v -0.03625420 0.29966033 0.06494514
v -0.03639062 0.29935247 0.06253537
v -0.03634274 0.29948336 0.06010697
v -0.03611112 0.30004874 0.05775336
v -0.03570740 0.30102623 0.05556370
v -0.03514452 0.30237782 0.05362364
v -0.03444406 0.30405253 0.05200669
v -0.03363492 0.30598608 0.05077595
v -0.03274647 0.30810302 0.04997921
v -0.03530594 0.30538839 0.07252526
v -0.03634730 0.30383906 0.07115998
v -0.03724766 0.30249423 0.06934247
v -0.03793018 0.30146706 0.06724496
v -0.03836814 0.30079761 0.06494597
v -0.03854722 0.30051178 0.06253672
v -0.03845683 0.30062026 0.06010804
v -0.03810383 0.30111992 0.05775439
v -0.03749976 0.30199006 0.05556459
v -0.03666922 0.30319718 0.05362426
v -0.03564244 0.30469632 0.05200761
v -0.03445930 0.30642900 0.05077637
v -0.03316731 0.30832902 0.04997947
v -0.03636657 0.30626011 0.07251524
v -0.03768282 0.30493730 0.07114755
v -0.03881852 0.30378547 0.06932811
v -0.03967540 0.30290225 0.06722900
v -0.04022118 0.30232176 0.06492875
v -0.04043579 0.30206537 0.06251907
v -0.04030964 0.30214450 0.06009037
v -0.03984888 0.30255476 0.05773783
v -0.03907062 0.30328119 0.05554966
v -0.03800463 0.30429584 0.05361200
v -0.03669176 0.30555910 0.05199765
v -0.03518315 0.30702302 0.05076952
v -0.03353505 0.30863222 0.04997574
v -0.03723646 0.30731997 0.07249545
v -0.03877926 0.30627242 0.07112303
v -0.04010633 0.30535531 0.06929897
v -0.04110700 0.30464619 0.06719603
v -0.04174082 0.30417320 0.06489404
v -0.04198494 0.30395317 0.06248311
v -0.04182903 0.30399621 0.06005566
v -0.04127994 0.30429932 0.05770479
v -0.04035798 0.30485120 0.05551962
v -0.03909990 0.30563059 0.05358609
v -0.03755205 0.30660805 0.05197763
v -0.03577537 0.30774629 0.05075570
v -0.03383777 0.30899975 0.04996866
v -0.03788109 0.30852678 0.07246678
v -0.03959232 0.30779260 0.07108679
v -0.04106242 0.30714276 0.06925587
v -0.04216907 0.30663309 0.06714805
v -0.04286843 0.30628127 0.06484273
v -0.04313440 0.30610305 0.06243039
v -0.04295663 0.30610424 0.06000392
v -0.04234173 0.30628580 0.05765594
v -0.04131373 0.30663902 0.05547579
v -0.03991161 0.30715126 0.05354876
v -0.03819023 0.30780363 0.05194831
v -0.03621489 0.30856878 0.05073538
v -0.03406136 0.30941954 0.04995834
v -0.03827881 0.30983460 0.07243016
v -0.04009315 0.30944076 0.07104112
v -0.04165089 0.30907980 0.06920096
v -0.04282227 0.30878559 0.06708637
v -0.04356105 0.30856681 0.06477666
v -0.04383910 0.30843347 0.06236296
v -0.04364835 0.30838999 0.05993744
v -0.04299353 0.30843854 0.05759338
v -0.04189992 0.30857617 0.05541931
v -0.04041028 0.30879939 0.05350121
v -0.03858173 0.30909738 0.05191051
v -0.03648550 0.30946043 0.05070961
v -0.03419917 0.30987459 0.04994518
f 4 2 1
f 8 6 5
f 13 15 14
f 17 19 18
f 32 30 29
f 36 34 33
f 37 39 38
f 21 23 20
f 25 27 24
f 41 43 42
f 48 46 45
f 52 50 49
f 53 55 54
f 60 58 57
f 29 62 61
f 66 64 63
f 67 6 68
f 72 70 69
f 76 74 73
f 77 79 78
f 81 83 82
f 59 86 85
f 88 90 89
f 96 94 93
f 100 98 97
f 101 103 102
f 106 34 87
f 108 115 107
f 117 36 118
f 124 126 125
f 131 129 128
f 132 134 133
f 142 140 139
f 148 60 147
f 144 127 124
f 149 151 150
f 156 154 153
f 159 158 157
f 116 164 105
f 171 169 168
f 174 173 172
f 179 181 180
f 186 188 187
f 194 196 195
f 199 139 198
f 206 208 207
f 213 211 210
f 202 214 201
f 96 216 54
f 92 43 44
f 97 246 100
f 250 229 228
f 252 58 253
f 258 256 255
f 260 229 259
f 110 112 113
f 114 263 109
f 265 267 266
f 56 270 269
f 274 249 250
f 185 63 64
f 280 278 276
f 285 283 157
f 288 211 212
f 141 92 46
f 289 175 176
f 148 105 106
f 312 170 171
f 238 42 43
f 318 160 317
f 310 308 307
f 241 325 324
f 160 240 317
f 47 307 308
f 108 315 164
f 345 86 119
f 348 350 349
f 356 358 357
f 355 353 352
f 363 32 362
f 149 150 176
f 364 253 365
f 366 368 367
f 183 371 63
f 163 161 160
f 209 101 208
f 378 165 166
f 379 381 380
f 383 3 4
f 284 386 385
f 387 389 388
f 391 229 249
f 73 397 396
f 405 407 406
f 203 411 410
f 414 413 412
f 1 357 4
f 277 131 275
f 254 57 58
f 358 415 351
f 417 386 408
f 401 192 420
f 419 127 143
f 421 182 422
f 103 302 409
f 428 368 174
f 380 359 356
f 62 266 323
f 140 431 430
f 357 351 348
f 356 379 380
f 415 403 434
f 437 436 435
f 438 440 439
f 188 450 449
f 452 454 453
f 265 181 421
f 224 64 225
f 237 213 427
f 275 128 458
f 281 460 459
f 50 79 461
f 73 282 281
f 468 466 465
f 390 352 359
f 482 484 483
f 489 487 486
f 493 495 494
f 472 470 469
f 502 500 499
f 220 222 223
f 512 143 66
f 518 511 80
f 513 230 286
f 205 31 244
f 189 451 188
f 163 532 8
f 533 225 251
f 446 447 412
f 335 540 334
f 544 546 545
f 329 291 292
f 199 262 238
f 385 416 550
f 532 191 247
f 363 118 243
f 236 237 250
f 578 580 579
f 573 571 570
f 561 562 272
f 241 259 240
f 590 592 591
f 545 595 594
f 503 155 504
f 606 624 623
f 478 480 479
f 646 648 647
f 590 689 684
f 564 651 650
f 728 184 727
f 714 716 715
f 692 575 693
f 541 581 578
f 346 248 400
f 161 230 160
f 128 94 95
f 698 704 703
f 574 576 575
f 290 401 328
f 630 725 726
f 733 735 734
f 755 496 493
f 759 481 760
f 757 762 761
f 764 466 467
f 768 9260 9261
f 759 488 489
f 492 475 771
f 474 769 473
f 773 465 772
f 771 486 483
f 484 775 491
f 774 489 486
f 495 764 756
f 495 761 494
f 137 784 136
f 325 797 547
f 165 51 52
f 369 29 370
f 730 568 569
f 90 301 89
f 243 516 242
f 800 806 805
f 817 808 816
f 816 823 822
f 306 447 807
f 815 809 808
f 829 828 825
f 726 501 502
f 274 424 423
f 879 881 880
f 884 879 885
f 219 217 211
f 906 904 897
f 455 205 542
f 898 830 829
f 903 880 881
f 906 897 898
f 377 519 165
f 923 948 946
f 946 951 950
f 8963 739 8961
f 900 886 880
f 225 65 144
f 182 442 422
f 809 947 824
f 954 962 961
f 927 965 966
f 885 880 886
f 925 966 967
f 343 341 340
f 965 971 968
f 968 970 969
f 972 969 973
f 963 981 978
f 336 338 339
f 992 827 828
f 810 996 959
f 1007 1002 1008
f 1012 827 1009
f 1011 1007 1008
f 294 292 291
f 907 920 919
f 1017 1019 1018
f 1020 1022 1021
f 1035 1020 1044
f 1061 1047 1046
f 1063 1046 1062
f 1044 1021 1045
f 1102 1097 1109
f 1116 1118 1117
f 1016 1014 1013
f 881 904 903
f 816 1127 817
f 1094 949 1097
f 514 167 515
f 146 81 82
f 1133 1130 1129
f 1102 1126 822
f 822 1116 816
f 1145 1148 1136
f 1076 1151 1069
f 1148 1086 1087
f 1109 1114 1136
f 1154 1156 1155
f 1153 967 1156
f 8815 463 9166
f 1144 1152 1151
f 1156 1163 1162
f 1164 1169 1165
f 1145 1176 1147
f 1114 1154 1171
f 1183 1164 1177
f 1184 1177 1185
f 1069 1062 1064
f 1023 1194 1022
f 1162 1170 1169
f 1195 1185 1191
f 1183 1176 1155
f 1201 1152 1196
f 1061 1201 1202
f 9277 843 9288
f 1203 1195 1034
f 1202 1184 1195
f 1218 1203 1217
f 1060 1202 1203
f 1225 1217 1219
f 671 694 670
f 1219 1024 1035
f 1217 1034 1024
f 1226 1015 1227
f 1243 1234 1233
f 1231 1229 1228
f 847 1233 843
f 843 1244 878
f 1233 1245 1244
f 1923 233 216
f 2100 499 500
f 9366 2135 9352
f 61 323 505
f 210 217 457
f 1299 1309 1300
f 9315 1231 9314
f 1066 1321 1322
f 1322 1228 1229
f 1060 1321 1047
f 1325 1323 1310
f 1244 1332 1330
f 1290 1242 1288
f 1337 1339 1338
f 1330 1340 1339
f 1341 1245 1294
f 1342 1332 1341
f 1343 1341 1344
f 1344 1294 1293
f 9309 1345 1346
f 1347 1342 1343
f 9308 1295 1345
f 1349 1348 1347
f 9313 1347 9305
f 9305 1343 9309
f 906 829 1353
f 905 1353 1354
f 865 1355 1357
f 1355 829 825
f 1357 825 826
f 1356 1353 1355
f 9286 1338 9285
f 866 1356 865
f 1358 1354 1356
f 9280 1337 9286
f 838 1012 841
f 1363 1338 1339
f 1368 1339 1340
f 1348 1340 1342
f 1371 9276 9281
f 524 526 523
f 528 530 527
f 1372 1369 1371
f 535 537 538
f 1367 1348 1350
f 1370 1359 1369
f 1369 9285 9276
f 1373 903 904
f 555 557 558
f 1374 910 1373
f 1373 905 1375
f 1374 1375 1376
f 1375 1354 1370
f 1378 908 1377
f 376 651 1387
f 1388 973 969
f 586 588 585
f 1390 1388 1391
f 1391 969 970
f 597 599 596
f 600 602 603
f 1392 970 979
f 608 610 607
f 612 523 611
f 614 616 613
f 617 25 24
f 620 622 619
f 1397 1391 1392
f 1398 1392 1399
f 1400 920 1378
f 1402 1165 1169
f 636 638 635
f 930 1402 929
f 641 643 644
f 929 1169 1170
f 1404 1403 1402
f 1411 1365 1406
f 1412 1415 1414
f 652 654 655
f 609 657 658
f 659 661 662
f 558 586 585
f 665 667 664
f 1413 1406 1412
f 1418 9262 9265
f 1417 1371 1416
f 1416 9281 9262
f 1419 1416 1418
f 1386 1374 1420
f 677 679 676
f 1385 1420 1421
f 1420 1376 1422
f 685 687 688
f 1421 1422 1423
f 528 691 658
f 1422 1372 1417
f 1018 747 1425
f 699 701 702
f 1424 579 1017
f 9115 1767 9112
f 700 711 712
f 1093 9206 1571
f 717 530 719
f 721 723 720
f 704 8987 8998
f 19 1426 1430
f 1429 1427 1426
f 1658 8986 8988
f 1439 1434 1438
f 1437 1435 1434
f 1426 1433 1432
f 1442 1432 1440
f 742 744 745
f 1432 1441 1440
f 751 753 750
f 1438 1403 1405
f 1446 1444 1443
f 1447 1446 1443
f 9312 1443 9300
f 1415 1445 1446
f 1414 1446 1448
f 2173 469 470
f 777 779 686
f 780 782 783
f 1676 1806 1675
f 9311 1349 9313
f 789 791 788
f 745 793 742
f 652 795 653
f 1455 1457 1456
f 1454 1350 1452
f 610 802 801
f 9283 698 703
f 1352 1045 1351
f 1015 1459 1460
f 811 813 814
f 2118 9269 2117
f 819 821 818
f 1466 1194 1190
f 1467 1465 1466
f 1182 1468 1467
f 832 833 831
f 835 837 834
f 1467 1190 1182
f 1469 1444 1445
f 840 712 690
f 1453 1469 1454
f 599 845 846
f 1226 9301 9307
f 851 853 850
f 855 856 854
f 858 860 857
f 861 863 864
f 1014 9307 9310
f 867 868 869
f 870 872 873
f 874 876 877
f 1310 1471 1309
f 1476 1427 1475
f 1461 1475 1460
f 887 889 890
f 788 892 891
f 894 896 893
f 1460 1227 1015
f 901 524 612
f 1465 1477 1464
f 1865 8944 1864
f 911 913 914
f 916 918 915
f 1850 8951 1851
f 921 895 894
f 1479 1436 1478
f 926 667 601
f 1481 563 1480
f 269 84 1482
f 931 933 916
f 934 614 869
f 936 688 937
f 938 662 939
f 1484 122 123
f 941 835 834
f 320 509 510
f 1849 8949 1850
f 84 1484 83
f 1487 1488 539
f 1757 8946 8953
f 365 1491 364
f 461 80 511
f 117 362 1496
f 1494 541 1495
f 926 957 958
f 1477 1433 1476
f 1709 1585 1700
f 119 1496 345
f 271 504 156
f 511 189 186
f 345 1492 365
f 255 344 254
f 57 299 132
f 1501 268 1500
f 267 1499 145
f 974 976 977
f 1678 1693 1676
f 9298 1807 9292
f 557 663 558
f 983 984 985
f 1443 9301 9300
f 421 268 265
f 989 991 988
f 1490 418 1504
f 279 309 310
f 997 676 679
f 998 999 875
f 1504 38 1505
f 1506 1507 1486
f 360 1508 1506
f 1506 207 360
f 939 1006 938
f 270 1483 269
f 66 546 512
f 1010 793 935
f 367 437 1509
f 244 363 243
f 1670 8978 1669
f 209 1510 226
f 235 1512 1511
f 1511 234 235
f 388 426 425
f 427 250 237
f 161 521 231
f 100 45 44
f 1025 608 1027
f 1029 1031 1028
f 939 1033 1032
f 41 594 99
f 1036 783 1037
f 702 1038 1039
f 1040 1042 1043
f 362 369 1493
f 187 477 186
f 70 539 198
f 1511 1521 234
f 1049 603 1048
f 613 869 614
f 860 1051 857
f 1005 1053 1006
f 753 1056 1054
f 1057 1059 1055
f 293 1522 292
f 288 1521 1522
f 292 1523 329
f 331 1508 1524
f 306 453 305
f 100 41 99
f 462 78 79
f 330 1524 462
f 635 1068 636
f 1485 1526 1528
f 206 1528 1510
f 1070 1072 831
f 942 1073 1074
f 916 1075 917
f 440 1530 439
f 157 1514 285
f 1529 5 1530
f 371 546 63
f 790 663 791
f 1077 857 1078
f 1403 1435 1165
f 1080 1082 1079
f 531 1529 440
f 21 1084 1085
f 272 1531 561
f 137 396 397
f 690 802 691
f 335 9011 581
f 1090 1029 1091
f 1092 794 1042
f 1533 137 138
f 661 1095 1096
f 69 445 72
f 1099 1101 1098
f 38 1536 1505
f 1104 1106 1103
f 852 1108 853
f 1377 909 1386
f 291 411 294
f 316 516 33
f 539 1533 534
f 1505 316 313
f 1110 1112 1113
f 1539 460 264
f 522 1537 1539
f 834 1120 1119
f 1122 1124 1121
f 612 1041 901
f 935 615 614
f 276 130 131
f 1686 8966 1685
f 193 1541 273
f 231 1540 287
f 556 982 557
f 365 85 345
f 190 318 1541
f 1810 9018 8972
f 9376 8956 9243
f 1132 985 1131
f 208 102 132
f 1134 662 661
f 1491 80 77
f 429 1542 147
f 1137 915 918
f 172 428 174
f 1139 1141 1142
f 549 54 55
f 1517 1518 296
f 976 1146 938
f 834 984 941
f 1543 286 115
f 1544 239 513
f 133 1544 1542
f 506 257 258
f 420 328 401
f 1158 1160 1157
f 587 1103 588
f 1513 1514 151
f 607 1027 608
f 304 1545 303
f 364 77 506
f 69 198 139
f 1006 976 938
f 700 1112 701
f 9329 8969 9239
f 1166 657 656
f 1167 858 1077
f 1300 8968 1299
f 1172 1174 1175
f 218 200 217
f 1179 1181 1178
f 372 97 98
f 89 227 88
f 1186 1188 1189
f 172 1517 1549
f 1482 81 1498
f 1090 1193 1030
f 394 353 1551
f 526 1198 1197
f 811 858 812
f 1199 1026 1025
f 606 697 696
f 1204 1206 743
f 1207 523 526
f 1209 867 613
f 914 685 936
f 1478 1441 1477
f 1029 1161 1091
f 1211 1213 1214
f 9310 1451 9311
f 844 1216 845
f 423 273 274
f 1220 1222 1083
f 22 1224 23
f 882 897 881
f 1519 173 387
f 1189 1232 1178
f 349 550 416
f 1071 1236 1072
f 1237 1239 745
f 1221 1189 1240
f 1510 1512 333
f 939 1241 1005
f 1556 5 67
f 1553 394 1551
f 404 67 347
f 1247 1249 1246
f 142 238 92
f 1251 635 1250
f 850 1253 851
f 1254 1077 1255
f 57 133 429
f 443 552 551
f 1187 1175 1188
f 1256 831 833
f 432 382 383
f 741 747 746
f 434 351 415
f 349 383 348
f 251 1481 1480
f 395 352 353
f 1518 1550 1551
f 1558 378 340
f 109 314 315
f 285 1513 407
f 395 393 392
f 202 410 1558
f 417 405 432
f 1246 1258 1247
f 3 297 2
f 1259 1261 1262
f 403 347 284
f 955 953 952
f 462 51 330
f 1096 687 1263
f 429 60 57
f 896 1265 932
f 1267 1268 1266
f 423 327 420
f 37 180 40
f 20 1187 1186
f 1256 1071 1070
f 155 156 504
f 1188 1269 1232
f 1236 1271 1262
f 1272 535 621
f 565 463 464
f 1273 745 1239
f 876 1255 1274
f 316 164 315
f 437 503 1509
f 194 1495 197
f 1275 864 863
f 624 631 630
f 1277 1137 1278
f 569 567 566
f 1481 125 366
f 324 547 326
f 1279 1107 1280
f 1525 329 1523
f 1281 1137 918
f 171 1553 1552
f 1488 396 1533
f 1557 1562 1559
f 1282 1206 1205
f 1053 1278 1281
f 778 607 1283
f 713 9010 9013
f 251 144 124
f 4 348 383
f 709 707 706
f 728 45 246
f 261 1563 544
f 789 1287 790
f 74 263 282
f 403 385 434
f 1178 1240 1189
f 1223 1289 1224
f 158 150 151
f 1220 1186 1221
f 296 354 433
f 784 1538 1566
f 1181 1291 1222
f 1269 1257 1246
f 1566 438 399
f 136 1566 1564
f 1563 169 1565
f 107 109 108
f 1297 1298 1296
f 1464 1476 1461
f 1520 507 508
f 1301 1303 1304
f 1306 1308 1305
f 175 1532 272
f 1532 200 201
f 1311 1312 1313
f 872 1315 1316
f 1317 1318 1319
f 9288 878 9280
f 1305 864 1276
f 1040 863 1320
f 1564 399 169
f 592 1575 591
f 591 1088 689
f 1581 1583 1582
f 1196 1147 1176
f 710 583 713
f 285 408 386
f 953 961 963
f 1594 1589 1593
f 1585 1587 1586
f 1592 1590 1589
f 9337 944 9351
f 1600 1598 1597
f 1604 1602 1601
f 1399 979 980
f 1589 1596 1595
f 1610 1608 1607
f 298 361 360
f 551 276 277
f 1627 9266 9271
f 859 818 860
f 1078 1328 1329
f 1555 1530 1556
f 572 680 681
f 772 776 774
f 977 918 917
f 404 392 393
f 1054 750 753
f 1644 1643 1642
f 932 1082 933
f 1067 1334 1068
f 1540 264 114
f 597 643 1336
f 471 762 470
f 1642 9283 9294
f 1644 9294 9295
f 923 950 927
f 96 548 95
f 520 522 521
f 445 443 442
f 849 848 842
f 480 755 493
f 1646 481 1639
f 311 1567 170
f 464 8941 8939
f 8941 1361 8939
f 234 236 235
f 190 192 191
f 153 152 149
f 231 286 230
f 1552 1551 1550
f 760 1648 488
f 9284 1649 9282
f 828 826 825
f 52 166 165
f 1663 1661 1660
f 287 115 286
f 668 670 669
f 634 640 639
f 553 559 554
f 118 33 516
f 492 491 490
f 8996 1651 8997
f 582 584 583
f 384 392 415
f 1381 1383 1380
f 1562 435 436
f 952 951 947
f 8973 583 584
f 1660 1667 1666
f 1394 1396 1393
f 1660 1664 1663
f 1671 1669 1668
f 1624 1673 1672
f 1407 1409 1410
f 1677 1675 1674
f 1613 1677 1625
f 1679 1676 1677
f 1626 9263 9266
f 534 198 539
f 176 150 159
f 803 734 800
f 400 191 192
f 65 143 144
f 8970 1656 8984
f 402 157 283
f 629 627 626
f 461 49 50
f 758 495 756
f 796 786 785
f 406 1513 1560
f 342 166 167
f 1694 1658 1695
f 1692 1694 1696
f 9001 1652 8996
f 9373 1703 9375
f 326 302 90
f 9368 1702 1706
f 9371 1698 1701
f 1699 9379 9370
f 1557 1560 1561
f 1127 1117 1128
f 400 289 346
f 1706 1707 1708
f 1707 1599 1600
f 1709 1708 1588
f 1714 1711 1713
f 9371 1709 1700
f 1704 1577 1703
f 1716 1713 1715
f 1559 1549 297
f 1722 1720 1719
f 1335 596 1489
f 410 377 378
f 973 1163 972
f 168 399 398
f 1571 1089 1093
f 1572 682 1571
f 749 647 754
f 1730 1723 1729
f 1594 1729 1592
f 1729 1591 1592
f 1731 1730 1583
f 1384 1377 1379
f 1732 1712 1714
f 1724 1731 1732
f 1712 1731 1580
f 1722 1732 1733
f 1721 1733 1734
f 1734 1716 1717
f 1735 1736 1697
f 1733 1714 1716
f 1663 1741 1668
f 1742 1740 1743
f 1738 1737 1735
f 1665 1666 1740
f 1665 1744 1664
f 1725 1746 1745
f 1591 1745 1590
f 1590 1747 1596
f 1745 1748 1747
f 1659 8982 8986
f 5650 8989 5617
f 1185 1182 1190
f 1664 1749 1741
f 1741 1739 1738
f 1746 1743 1748
f 1726 1742 1746
f 1153 924 925
f 1115 1153 1154
f 1654 9019 1655
f 1896 8993 1686
f 1720 1744 1726
f 1721 1749 1720
f 1750 1701 1698
f 1697 1750 1696
f 1151 1063 1062
f 1751 1670 1671
f 1695 1752 1751
f 961 986 981
f 1770 1768 1767
f 1766 1593 1765
f 1731 1579 1580
f 1579 1774 1578
f 9380 1771 9381
f 1764 9380 9369
f 1777 1775 1774
f 9214 1699 1700
f 1004 1128 1003
f 1774 1771 1772
f 987 1399 980
f 1578 1772 1764
f 1783 1781 1778
f 1597 1770 1767
f 639 9347 9336
f 9380 1769 1770
f 1793 1789 1788
f 9381 1798 1769
f 8952 9225 1806
f 1802 9376 9374
f 1788 1794 1793
f 1793 1795 1776
f 9225 1675 1806
f 1584 1783 1789
f 1771 9372 9381
f 1801 1798 1800
f 1768 1798 1799
f 1775 1797 1771
f 508 515 1520
f 1796 1802 1797
f 1800 9372 9374
f 1794 1804 1795
f 8976 1752 8991
f 485 1807 775
f 9261 1640 768
f 9289 1810 1653
f 485 1640 1808
f 1690 9222 9224
f 487 1648 1811
f 9291 1816 9274
f 9290 1648 9282
f 9291 1811 9290
f 1812 487 1811
f 1641 767 768
f 465 755 776
f 767 9275 9260
f 9274 9278 9299
f 1809 1815 767
f 9289 1651 9292
f 675 8985 8940
f 1814 1822 1821
f 1821 9273 9272
f 1824 1649 1825
f 1827 1850 1805
f 1668 1662 1663
f 1779 1848 1828
f 1790 1805 1794
f 1833 1853 1852
f 8965 693 575
f 1614 1616 1617
f 1852 8942 8945
f 1620 1622 1623
f 1855 1574 1861
f 1847 8945 8957
f 1766 1855 1782
f 1629 1631 1628
f 1633 1634 1632
f 1635 1637 1638
f 1848 1852 1847
f 1855 1863 1862
f 1803 1867 1802
f 1862 1831 1832
f 1782 1862 1781
f 9374 1865 1800
f 1873 1870 1869
f 1874 799 804
f 2045 9349 2044
f 1219 1295 1225
f 1615 1396 1395
f 9336 1877 1876
f 645 9238 9003
f 1345 1035 1346
f 634 9336 9332
f 15 1327 14
f 9362 1878 1893
f 1894 605 1893
f 8950 627 693
f 9004 645 9003
f 340 454 1558
f 1897 195 1898
f 1889 1877 1890
f 1901 129 1900
f 196 754 232
f 1705 9373 9368
f 340 166 343
f 1570 563 561
f 1904 194 1897
f 1781 1832 1780
f 1905 55 1906
f 1000 995 996
f 986 920 987
f 1191 1190 1194
f 2094 2075 2093
f 1920 1919 1915
f 453 1912 1911
f 1915 1918 1916
f 9334 2106 9353
f 1655 8975 1868
f 1916 1926 1925
f 704 9005 703
f 278 1925 1900
f 9009 1818 1820
f 1097 1115 1114
f 1927 727 1923
f 9030 9106 9210
f 1920 307 1929
f 1929 48 728
f 503 1497 1509
f 1902 787 796
f 1816 9272 9278
f 1925 1923 1924
f 1535 1568 1534
f 254 258 255
f 1509 366 367
f 119 35 36
f 219 293 294
f 141 47 431
f 542 244 245
f 1940 430 431
f 1779 1827 1790
f 1701 9367 9371
f 1661 8959 1667
f 270 754 647
f 197 749 196
f 1727 1212 1211
f 53 232 754
f 1465 1479 1478
f 1284 9306 1293
f 1951 412 413
f 168 1554 1553
f 1486 206 207
f 506 78 361
f 994 1007 993
f 951 963 964
f 1013 9313 1351
f 9278 1820 1818
f 1498 1954 1482
f 299 543 132
f 1754 1756 1753
f 1681 1683 1682
f 1696 1695 1697
f 13 738 737
f 473 475 474
f 482 768 1640
f 204 30 205
f 1761 820 819
f 611 1125 612
f 1501 1908 1909
f 1074 711 699
f 1960 82 83
f 120 1960 123
f 35 87 34
f 1773 1025 1031
f 1965 1569 1535
f 494 471 479
f 1966 1969 1968
f 446 1971 1967
f 174 125 126
f 1580 1578 1577
f 1785 1787 1784
f 1972 304 305
f 1254 875 999
f 1973 342 514
f 321 1973 509
f 1910 275 1907
f 509 514 508
f 1486 1527 1485
f 1974 804 1975
f 1977 1974 1978
f 1980 1966 1981
f 379 2 295
f 1718 1710 1701
f 884 992 883
f 1680 1678 1679
f 902 525 524
f 344 256 299
f 135 137 136
f 236 228 333
f 448 1967 1966
f 589 604 584
f 910 908 907
f 1981 1968 1987
f 1982 1987 1979
f 1988 1987 1989
f 1990 1989 1991
f 1991 1993 1992
f 322 320 319
f 992 830 883
f 1144 1086 1143
f 1995 1978 1994
f 1133 1118 1126
f 1997 1994 1996
f 870 1335 1489
f 805 1982 1998
f 727 2000 1999
f 1996 1988 1990
f 1994 1979 1988
f 1829 792 1273
f 1830 941 983
f 798 800 799
f 729 731 730
f 2011 2023 2022
f 1834 846 1159
f 402 284 347
f 2022 2024 2025
f 1838 989 988
f 810 952 809
f 1823 1840 644
f 1430 1432 1431
f 1215 1841 1079
f 149 176 177
f 1316 873 872
f 2112 1384 2106
f 1842 1844 1845
f 1159 845 1160
f 837 1846 1120
f 1971 2030 2027
f 517 370 189
f 858 833 812
f 1471 2027 1888
f 8995 626 627
f 2174 770 490
f 935 1854 1010
f 1613 1611 1618
f 1231 1225 1295
f 1856 891 892
f 1300 748 741
f 1150 1858 1859
f 1643 696 1642
f 1215 1264 1216
f 1320 902 901
f 1956 1944 1960
f 2031 669 1474
f 2034 1310 1299
f 1879 1656 1657
f 40 242 39
f 1992 2039 1456
f 888 957 889
f 1882 1996 1990
f 1078 1255 1077
f 1871 1192 1090
f 294 218 219
f 1323 2026 1471
f 123 83 1484
f 1324 2041 1323
f 384 359 352
f 1324 2038 2036
f 1883 1885 1829
f 287 114 107
f 1096 1134 661
f 915 931 916
f 806 1981 1982
f 8977 584 604
f 1425 2042 1018
f 1018 1948 1017
f 9006 740 8963
f 1948 649 646
f 1881 1990 1991
f 1900 130 278
f 992 994 993
f 923 925 924
f 9330 2047 9328
f 1643 625 606
f 2050 2051 2049
f 2045 1404 2047
f 9328 945 9337
f 1139 1079 1841
f 1037 892 982
f 2055 2057 2056
f 1198 718 717
f 1619 1612 1611
f 2058 1606 2059
f 2059 1607 2058
f 2058 1624 1605
f 71 179 37
f 405 1557 382
f 976 1006 977
f 322 1972 1911
f 2061 2063 2062
f 2066 2067 1825
f 2052 2064 2051
f 1609 2066 1647
f 1515 152 1516
f 1009 993 1007
f 1644 9267 2118
f 279 1916 278
f 1285 9314 1284
f 1647 1825 1649
f 2056 2067 2065
f 319 1953 1952
f 667 1913 1914
f 2070 625 2048
f 2052 2055 2063
f 2038 1655 1458
f 1606 2073 2072
f 1235 1270 1236
f 2072 2075 2074
f 2059 2072 2062
f 2074 2077 2076
f 1601 2078 2073
f 2049 1643 1645
f 1000 1001 994
f 1089 684 689
f 1931 1306 1930
f 1462 1021 1022
f 1932 1934 1935
f 875 1846 998
f 1936 1937 1938
f 44 46 92
f 1534 1956 120
f 1541 317 391
f 2081 2084 2083
f 146 1959 300
f 1360 1942 1361
f 985 1032 1033
f 1995 1892 2043
f 2079 2082 2081
f 2095 2076 2077
f 2081 2078 2079
f 2055 2054 2053
f 501 2095 500
f 2097 2099 2098
f 2098 2094 2083
f 2140 9345 9318
f 2141 9346 9345
f 2051 2048 2049
f 592 2101 1576
f 2071 2076 2096
f 2102 2098 2101
f 593 2102 592
f 1019 746 747
f 1950 12 1327
f 725 2096 501
f 1385 2104 1379
f 1379 2106 1384
f 2107 2100 2097
f 9360 502 9348
f 9348 499 9353
f 940 2109 944
f 928 1170 973
f 9320 684 9351
f 1962 1964 1961
f 9330 573 9349
f 2039 1968 1969
f 1389 2110 2109
f 1398 2113 1397
f 9209 9205 9195
f 9363 2107 2103
f 949 924 1115
f 260 324 326
f 1390 2113 2110
f 2070 2064 2071
f 9319 2103 593
f 2105 1421 2114
f 2114 1423 2115
f 9344 2115 9355
f 9360 2114 9344
f 554 1902 553
f 972 967 966
f 1765 1573 1574
f 1984 1986 1983
f 2053 2069 2057
f 9017 724 714
f 1625 1674 1673
f 9333 2119 2122
f 9355 2123 9356
f 56 1906 55
f 626 9331 629
f 2001 2003 2004
f 9364 2127 9359
f 2006 2008 2009
f 2127 1412 2128
f 2014 2016 2017
f 2018 2020 2021
f 1495 1947 197
f 1379 1386 1385
f 9266 1680 1618
f 2029 1884 2028
f 9354 2120 9339
f 629 9366 9324
f 682 943 1089
f 724 2121 716
f 1757 9273 9297
f 765 9296 9261
f 9303 715 9304
f 706 9322 9324
f 981 987 980
f 1457 1656 1880
f 2017 2032 2033
f 1458 1868 1457
f 1776 1792 1793
f 1959 1946 1958
f 9115 9177 9113
f 9365 2122 9302
f 1093 689 1088
f 966 968 972
f 9304 9333 9365
f 2172 2170 2171
f 670 2137 669
f 9213 1903 233
f 1429 28 1449
f 964 978 971
f 9293 1413 2127
f 1473 669 2137
f 9286 1359 1358
f 2138 1870 2137
f 1872 2137 1870
f 715 9340 9333
f 1881 1992 1880
f 9295 739 740
f 1837 8957 8958
f 253 59 85
f 1808 9292 1807
f 1647 9270 1609
f 9317 671 668
f 2112 9335 2111
f 1405 2044 1438
f 9281 1364 1366
f 273 391 249
f 576 8964 8999
f 9327 668 2031
f 1430 2140 2139
f 2136 9312 28
f 1430 18 19
f 9345 570 695
f 1442 2046 2141
f 1431 2141 2140
f 9321 9302 2136
f 9260 1817 766
f 9318 695 671
f 2142 798 2138
f 571 2142 694
f 9271 1618 1611
f 2143 2025 2142
f 694 2138 670
f 681 2144 572
f 2144 2022 2143
f 328 457 290
f 1572 2011 2144
f 630 9355 624
f 2085 2087 2088
f 2090 2092 2089
f 572 2143 571
f 1875 2153 2149
f 1873 2149 2154
f 2103 2097 2102
f 2157 2155 2156
f 2128 1414 2120
f 9326 589 582
f 9324 628 629
f 2149 2158 2159
f 2159 9357 9342
f 698 9354 705
f 9275 9279 1817
f 2158 9326 9357
f 1438 2046 1439
f 2035 2160 2161
f 2161 9341 9338
f 9323 605 589
f 9325 18 9327
f 370 61 451
f 649 413 648
f 2153 2156 2158
f 1428 1449 1450
f 1490 73 1488
f 9342 710 633
f 2155 9343 9323
f 1456 1880 1992
f 2125 2087 2124
f 2160 9342 9341
f 300 505 323
f 1064 1046 1065
f 2043 1891 2155
f 2129 2004 2003
f 2131 2133 2134
f 9300 1450 1449
f 1998 804 805
f 9331 9316 9366
f 474 490 770
f 1164 1182 1177
f 707 9361 9322
f 708 2162 707
f 2162 9338 9361
f 548 1905 458
f 1145 1114 1171
f 705 1650 704
f 2043 1977 1995
f 737 554 559
f 1034 1191 1023
f 458 1907 275
f 195 232 233
f 2040 1969 1970
f 2145 2147 2148
f 2054 2049 1645
f 9284 1639 9270
f 9 11 10
f 252 506 258
f 472 479 471
f 1865 9243 8947
f 900 910 907
f 1941 2151 1942
f 1921 1927 1919
f 2163 1898 2116
f 271 153 178
f 1904 12 9
f 282 264 460
f 1872 2154 2035
f 1326 1897 2163
f 628 693 627
f 1724 1719 1723
f 1549 436 172
f 1582 1730 1729
f 1921 1929 1928
f 9007 10 11
f 2152 1950 1949
f 475 774 771
f 769 2171 473
f 2171 476 473
f 476 772 475
f 1791 464 1760
f 2166 2168 2169
f 595 372 98
f 483 1641 482
f 762 2173 470
f 771 484 492
f 486 1809 483
f 297 1517 296
f 763 2174 762
f 776 759 489
f 184 2176 2000
f 412 303 414
f 2005 185 224
f 9263 1682 9298
f 2164 756 764
f 1472 2161 2162
f 950 964 965
f 2177 2179 2180
f 227 1510 333
f 764 467 2164
f 2182 2184 2181
f 2186 2018 2185
f 1985 2181 1986
f 214 729 1531
f 1545 1546 1569
f 865 842 866
f 849 1357 1362
f 452 1558 454
f 559 3188 737
f 16 737 3188
f 560 498 374
f 3193 3195 3194
f 3200 3198 3199
f 3211 3213 3212
f 3215 3217 3216
f 2187 2002 2001
f 3233 3235 3234
f 3223 3222 3224
f 3229 3231 3230
f 3245 3247 3246
f 2169 2189 2190
f 2192 2085 2191
f 2193 2195 2196
f 2198 2200 2197
f 1998 1979 1975
f 9116 9120 9123
f 3253 3255 3254
f 2116 1903 1902
f 1859 2009 1150
f 9356 2126 9358
f 1135 1087 1130
f 2201 2015 2014
f 1149 110 1858
f 3261 3263 3262
f 3269 3271 3270
f 3265 3267 3266
f 3229 3284 3283
f 3289 3291 3290
f 3299 3301 3300
f 3307 3264 3308
f 3293 3295 3294
f 3297 3224 3298
f 3319 3291 3320
f 3322 3318 3315
f 3314 3312 3311
f 3285 3287 3286
f 3332 3218 3215
f 3329 3330 3328
f 3324 3227 3298
f 3298 3326 3324
f 2203 2205 2206
f 579 1895 1019
f 1755 2208 1756
f 3337 3339 3338
f 9343 1893 605
f 1211 2150 1727
f 868 2210 2209
f 3347 3349 3348
f 944 930 940
f 2130 2202 2201
f 233 1898 195
f 665 750 666
f 1167 999 618
f 2211 2213 2214
f 2215 2217 2218
f 9319 590 9320
f 2220 220 2219
f 823 948 1094
f 3375 3377 3376
f 3393 3391 3390
f 3353 3357 3356
f 3363 3365 3364
f 3402 3404 3403
f 266 455 265
f 9334 2107 9335
f 2221 8963 8961
f 2223 2225 2226
f 2207 2124 2208
f 3293 3336 3286
f 673 9321 9316
f 817 996 815
f 2227 2146 2145
f 1947 646 749
f 9352 17 9325
f 2229 1638 1381
f 1679 1618 1680
f 1637 2232 2230
f 2233 1617 1616
f 2231 2236 2237
f 3406 3408 3407
f 1381 2238 1382
f 9038 2242 9039
f 3414 3341 3415
f 1630 2233 1631
f 1681 472 469
f 1408 2243 2244
f 3423 3425 3424
f 3433 3263 3307
f 3434 3430 3435
f 3440 3442 3441
f 3444 3446 3445
f 3436 3450 3439
f 3442 3456 3455
f 1637 2238 1638
f 3445 3437 3438
f 3448 3440 3449
f 1409 1634 2245
f 1380 2247 2246
f 1628 2245 1621
f 3463 3465 3464
f 3308 3462 3307
f 2249 1622 1633
f 1632 1408 2244
f 2248 1631 2250
f 3478 3480 3479
f 3509 3511 3510
f 2235 1637 1636
f 3505 3507 3506
f 3457 3199 3198
f 631 2071 725
f 515 52 49
f 782 2251 1251
f 2253 2255 2252
f 397 459 784
f 1456 2040 1455
f 2040 2036 1455
f 3434 3518 3517
f 1401 2111 1398
f 2041 1970 2026
f 3367 3338 3368
f 1535 414 1965
f 1586 2080 2079
f 2256 1132 1886
f 3528 3530 3529
f 3519 3520 3517
f 3537 3506 3538
f 3543 3545 3544
f 1700 9370 9371
f 3486 3550 3549
f 3455 3497 3563
f 3558 3559 3323
f 3456 3500 3497
f 3572 3252 3249
f 3308 3285 3569
f 3316 3574 3573
f 3575 3479 3533
f 3576 3578 3577
f 3580 3582 3581
f 3584 3586 3585
f 3505 3588 3503
f 3589 3591 3590
f 3600 3602 3601
f 3542 3595 3594
f 3604 3592 3589
f 3611 3613 3612
f 3622 3624 3623
f 3618 3620 3619
f 3626 3628 3627
f 3644 3646 3645
f 3634 3636 3635
f 3638 3641 3640
f 9267 1686 9269
f 1263 1886 1096
f 3613 3654 3614
f 598 844 599
f 2257 2259 2260
f 2258 2262 2259
f 2259 2263 2216
f 2260 2216 2215
f 1967 1970 1969
f 2212 1963 2213
f 922 2218 2217
f 1312 1101 2264
f 1307 1286 789
f 1548 1546 1972
f 2266 2268 2265
f 2265 2270 2269
f 2272 2269 2271
f 2273 2265 2272
f 2275 2277 2274
f 2278 2277 2279
f 2284 9069 9091
f 2287 2286 2281
f 2288 2283 2287
f 2290 9091 9072
f 2291 2293 2294
f 2295 2294 2279
f 2296 2291 2295
f 2297 2292 2291
f 2294 2299 2300
f 2279 2300 2278
f 2298 2302 2292
f 2292 2303 2293
f 2293 2304 2299
f 2304 2306 2299
f 2306 2300 2299
f 2308 2310 2307
f 2302 2310 2303
f 2301 2307 2302
f 2312 2307 2311
f 2313 2315 2316
f 2318 2320 2317
f 9200 2322 2323
f 2324 2273 2326
f 2313 2326 2327
f 2328 2313 2316
f 2329 2324 2328
f 2331 2333 2330
f 2330 2267 2266
f 2325 2266 2273
f 2329 2330 2325
f 2333 2335 2267
f 2336 2333 2332
f 2338 2332 2337
f 2331 2337 2332
f 2329 2339 2331
f 2328 2340 2329
f 2316 2341 2328
f 2342 2315 2343
f 2344 2346 2347
f 2341 2347 2340
f 2342 2344 2341
f 2348 2345 2344
f 2350 2352 2353
f 2339 2353 2337
f 2340 2350 2339
f 2347 2351 2350
f 2337 2354 2338
f 2353 2355 2354
f 2356 2276 2357
f 2356 2358 2359
f 2356 2296 2295
f 2279 2356 2295
f 2360 2270 2268
f 2267 2360 2268
f 2362 2364 2365
f 2362 2361 2358
f 2366 2358 2357
f 2366 2363 2362
f 2357 2368 2366
f 2366 2369 2367
f 2276 2370 2368
f 2368 2282 2369
f 2372 2374 2371
f 2375 2377 2007
f 2378 2380 2381
f 2382 2381 2383
f 2384 2378 2382
f 2385 2379 2378
f 2388 2390 2387
f 2387 2392 2391
f 2393 2387 2391
f 2394 2388 2387
f 2186 2402 2400
f 2403 2327 2326
f 2272 2326 2273
f 2271 2403 2272
f 2405 2404 2403
f 2404 2408 2327
f 2409 2411 2412
f 2409 2271 2269
f 2413 2269 2270
f 2413 2410 2409
f 2417 2416 2418
f 2417 2406 2405
f 2412 2405 2271
f 2411 2417 2412
f 2406 2407 2404
f 9013 632 713
f 2420 2397 2421
f 2420 2423 2422
f 2424 2422 2419
f 2424 2398 2420
f 2425 2392 2426
f 2421 2426 2423
f 2397 2425 2421
f 2396 2391 2425
f 2427 2315 2314
f 2427 2408 2428
f 2430 2428 2429
f 2343 2427 2430
f 2432 2430 2431
f 2431 2429 2433
f 2435 2433 2434
f 2436 2431 2435
f 2428 2407 2437
f 2422 2407 2419
f 2438 2422 2423
f 2429 2437 2438
f 2440 2433 2439
f 2441 2433 2429
f 2442 2439 2441
f 2443 2440 2439
f 2445 2444 2443
f 2447 2443 2442
f 2383 2445 2447
f 2381 2446 2445
f 2448 2423 2426
f 2449 2426 2392
f 2441 2449 2442
f 2441 2438 2448
f 2449 2390 2450
f 2450 2389 2451
f 2447 2451 2383
f 2442 2450 2447
f 2451 2453 2452
f 2452 2455 2454
f 2382 2454 2384
f 2383 2452 2382
f 2456 2373 2372
f 2459 2461 2458
f 2463 2465 2462
f 2462 2285 2284
f 2466 2284 2290
f 2467 2462 2466
f 2461 9155 9153
f 2468 2470 2471
f 2472 2471 2473
f 2474 9153 9140
f 2475 2477 2478
f 2458 2453 2479
f 2479 2389 2388
f 2395 2479 2388
f 2480 2458 2479
f 2481 2483 2478
f 2484 2485 221
f 2471 2464 2463
f 2473 2463 2467
f 2487 2466 2486
f 2486 2290 2488
f 2490 2488 2489
f 2491 2486 2490
f 2492 2467 2487
f 2493 2487 2491
f 2494 2492 2493
f 2495 2473 2492
f 9142 2474 9140
f 9143 2496 9142
f 2498 2493 2499
f 2500 2499 2501
f 9152 2498 2500
f 9139 2494 2498
f 2306 2278 2300
f 2305 2504 2306
f 2504 2507 2506
f 2506 2288 2508
f 2274 2508 2275
f 2278 2506 2274
f 9085 2489 2488
f 9072 2488 2290
f 2507 2289 2288
f 2505 2509 2507
f 2508 2287 2511
f 2511 2281 2280
f 2370 2280 2282
f 2275 2511 2370
f 2512 2489 2513
f 2514 2513 2515
f 2517 2514 2516
f 2517 2490 2512
f 2499 2491 2517
f 2499 2516 2501
f 2510 2519 2518
f 2518 2521 2520
f 9068 2520 9073
f 9084 2518 9068
f 2522 2303 2310
f 2523 2310 2309
f 2305 2522 2524
f 2524 2523 2525
f 2519 2525 2521
f 2505 2524 2519
f 2308 2527 2526
f 2526 2529 2528
f 2531 2528 2530
f 2309 2526 2531
f 1214 2151 1211
f 2419 2418 2424
f 2533 2349 2317
f 2534 2317 2320
f 2535 2533 2534
f 2536 2345 2533
f 2537 2346 2536
f 2538 2536 2535
f 2539 2537 2538
f 2540 2351 2537
f 2312 2541 2527
f 2527 2542 2529
f 2543 2434 2544
f 2545 2544 2546
f 2319 2543 2545
f 2318 2435 2543
f 2514 2548 2547
f 2547 2550 2549
f 2552 2549 2551
f 2552 2514 2547
f 2520 2554 2553
f 2553 2556 2555
f 9042 2555 9045
f 9073 2553 9042
f 2523 2531 2557
f 2557 2530 2558
f 2525 2557 2559
f 2559 2558 2560
f 2554 2560 2556
f 2521 2559 2554
f 2561 2007 2006
f 2376 2225 2377
f 2564 2566 2563
f 2563 338 2567
f 2569 2567 2568
f 2570 2563 2569
f 2572 2574 2571
f 2571 2576 2575
f 2544 2575 2546
f 2544 2572 2571
f 2578 2569 2577
f 2579 2569 2568
f 2574 2579 2576
f 2573 2577 2574
f 2581 2583 2580
f 2584 2583 2585
f 9149 2580 2584
f 9128 2580 9127
f 2582 2552 2583
f 2583 2551 2585
f 2500 2589 2588
f 2590 2589 2591
f 9145 2588 2590
f 9147 2500 2588
f 2501 2591 2589
f 2592 2594 2595
f 2386 2503 2502
f 2596 2386 2374
f 2596 2373 2597
f 2599 2597 2598
f 2599 2379 2596
f 2600 2380 2599
f 2600 2598 2601
f 2603 2601 2602
f 2603 2446 2600
f 2604 2602 2605
f 2440 2605 2434
f 2444 2604 2440
f 2606 2581 2607
f 2606 2590 2591
f 2591 2582 2606
f 9128 2456 9141
f 9141 2372 9145
f 2478 2608 2481
f 2609 2611 2199
f 2564 2613 2612
f 2612 2598 2597
f 2457 2597 2373
f 2565 2612 2457
f 2614 2570 2578
f 2615 2578 2573
f 2602 2614 2615
f 2601 2613 2614
f 2572 2605 2616
f 2616 2602 2615
f 2573 2616 2615
f 1459 1045 1021
f 1265 1079 1082
f 1612 1609 1611
f 2067 2069 2068
f 1135 1136 1148
f 1938 2618 2617
f 95 458 128
f 2058 1608 1612
f 1454 1445 1367
f 655 1048 2619
f 722 2621 723
f 3665 3634 3666
f 1131 1033 1134
f 562 366 1497
f 1723 1725 1591
f 1786 1122 1787
f 267 323 266
f 1325 1654 2038
f 1468 1435 1479
f 658 529 528
f 8 247 7
f 382 1559 3
f 3631 3680 3630
f 788 1307 789
f 940 929 928
f 911 2623 912
f 2621 655 654
f 2624 2625 2626
f 998 27 26
f 635 2626 2625
f 2627 644 1840
f 2628 1840 2629
f 1200 2627 2628
f 1199 641 2627
f 1520 49 477
f 1452 1349 1451
f 2630 1859 1858
f 644 1335 1823
f 3683 3699 3698
f 1197 717 2632
f 2632 719 1166
f 2628 1166 1200
f 2629 2632 2628
f 1762 1050 821
f 1823 873 1839
f 2634 794 652
f 1028 1027 1161
f 1042 2635 1043
f 93 1901 1924
f 2036 1458 1455
f 1527 1525 1526
f 877 1274 1277
f 134 797 1544
f 1328 931 1329
f 607 1091 1161
f 1043 2637 2636
f 2636 2639 2638
f 1275 2638 1276
f 1275 1043 2636
f 1272 2626 2640
f 2640 638 637
f 1110 2640 637
f 536 2640 2641
f 1472 1474 1473
f 2042 1951 649
f 3668 3633 3669
f 1058 1105 1059
f 2642 2643 2644
f 1192 2644 1193
f 912 2642 1192
f 9350 8970 9238
f 1049 2620 2621
f 616 1885 613
f 1331 666 750
f 990 1198 525
f 1911 321 322
f 1298 1205 2645
f 76 1504 75
f 1502 421 422
f 610 658 691
f 1146 659 938
f 2646 914 936
f 1280 1238 1279
f 975 2647 2648
f 2647 975 974
f 1453 1452 1451
f 1514 158 151
f 835 1843 1842
f 1271 1173 1289
f 2649 813 2650
f 1893 1826 1894
f 1050 1937 1051
f 2651 814 813
f 1006 1281 977
f 2653 2654 2655
f 1001 1003 1002
f 585 679 558
f 2624 621 620
f 555 2028 556
f 1207 1197 2629
f 1626 478 472
f 3729 3731 3730
f 3746 3748 3747
f 3770 3750 3753
f 426 419 1567
f 1030 1773 1031
f 9350 634 9332
f 534 138 262
f 1125 1042 1041
f 333 88 227
f 569 561 730
f 3691 3693 3692
f 1489 871 870
f 1857 620 891
f 1673 9222 9215
f 622 864 1308
f 2647 974 2657
f 619 891 620
f 261 545 262
f 393 1556 404
f 2658 2647 2657
f 1075 2657 917
f 1081 2658 1075
f 1080 2659 2658
f 2644 1141 2660
f 2660 1140 1336
f 642 1336 643
f 1193 2660 642
f 679 555 558
f 3762 3764 3763
f 1503 1500 1502
f 1318 1101 1100
f 2661 1139 1142
f 2661 2663 2662
f 2662 2659 2661
f 2662 2622 2664
f 2664 911 2646
f 2648 2646 1146
f 2648 2662 2664
f 3586 3779 3777
f 2083 2093 2081
f 1442 1437 1439
f 3732 3733 3731
f 519 330 51
f 1885 1209 613
f 799 805 804
f 1946 1952 1953
f 1302 1253 1252
f 3741 3757 3756
f 3660 3662 3661
f 566 224 533
f 1389 928 1388
f 683 681 680
f 836 1842 2665
f 2665 1845 1303
f 2666 1303 1302
f 24 2665 2666
f 831 2650 832
f 1845 1304 1303
f 2010 2012 2011
f 1051 2667 2668
f 1522 1511 1523
f 531 441 522
f 782 1251 1250
f 1250 2625 2669
f 2669 1857 1856
f 783 1856 1037
f 782 2669 783
f 720 2671 721
f 1055 1930 1056
f 1333 1251 2251
f 619 1308 1307
f 652 2619 2634
f 521 1539 1540
f 1838 537 2672
f 2672 536 2641
f 1113 2641 1110
f 1113 1838 2672
f 1016 1351 1045
f 9349 570 9346
f 226 104 101
f 9008 9279 1818
f 1036 1884 1883
f 2674 1304 2673
f 2673 1844 2675
f 1334 2675 1039
f 1333 2673 1334
f 2676 1039 2675
f 1843 2675 1844
f 942 2676 1843
f 1074 702 2676
f 811 859 858
f 752 1055 753
f 1200 656 1026
f 1120 874 2677
f 2677 877 1052
f 1241 1052 1005
f 1119 2677 1241
f 1560 151 1515
f 1208 611 523
f 215 736 214
f 1460 1462 1461
f 3717 3719 3718
f 1208 1839 873
f 854 1282 1297
f 3682 3696 3681
f 72 182 179
f 544 1565 512
f 217 456 457
f 3673 3781 3780
f 2047 930 945
f 1204 1937 2633
f 913 686 685
f 3705 3707 3706
f 840 1113 1112
f 1531 730 561
f 2678 1283 801
f 601 1914 602
f 1537 459 460
f 1819 8953 8971
f 991 862 538
f 2679 1073 1830
f 3776 3581 3582
f 2680 983 2256
f 779 2256 1263
f 778 2680 779
f 2678 1830 2680
f 180 245 40
f 1886 1131 1134
f 3766 3767 3749
f 1138 1274 1255
f 3777 3585 3586
f 1841 1140 1139
f 75 314 74
f 193 420 192
f 2681 1099 1098
f 3658 3587 3659
f 170 1565 169
f 349 417 432
f 1121 2684 2683
f 547 409 302
f 123 121 120
f 2643 1142 1141
f 1542 513 1543
f 899 907 919
f 1210 676 867
f 791 982 892
f 24 837 836
f 893 932 931
f 1860 863 862
f 535 862 861
f 3640 3683 3638
f 832 813 812
f 2650 813 832
f 1569 1547 1568
f 181 542 180
f 660 937 688
f 2013 568 2012
f 3781 3644 3782
f 887 2631 2630
f 1524 361 78
f 520 162 1529
f 2653 854 2685
f 1238 2655 2686
f 718 527 530
f 1492 518 1491
f 792 615 793
f 599 1835 596
f 290 456 175
f 312 1552 425
f 1248 1179 1249
f 153 177 178
f 1240 1222 1221
f 1257 1235 1071
f 1291 1083 1222
f 1052 1277 1053
f 743 2618 1204
f 444 430 443
f 23 1172 1187
f 2687 1180 1179
f 102 409 134
f 1283 610 801
f 373 650 651
f 1180 1084 1291
f 855 2655 1237
f 1173 1917 1174
f 2689 853 2688
f 2688 1108 1279
f 2686 1279 1238
f 2687 2688 2686
f 2691 1252 2690
f 2690 850 2689
f 1248 2689 2687
f 1248 2691 2690
f 2692 24 2666
f 2691 2666 1302
f 1247 2692 2691
f 1258 617 2692
f 394 1555 393
f 2693 1259 1223
f 1072 1262 1261
f 1257 1168 1258
f 398 1555 1554
f 871 1314 872
f 1178 1249 1179
f 1224 1173 1172
f 1010 2618 742
f 1175 1292 1269
f 2654 2686 2655
f 2694 1216 1264
f 71 1487 70
f 701 1111 1038
f 1072 2649 2650
f 1085 22 21
f 895 1264 896
f 1601 1605 1604
f 1259 1271 1289
f 21 1220 1083
f 988 538 537
f 3533 3535 3532
f 598 1336 1140
f 820 1762 821
f 1050 818 821
f 1298 1761 2652
f 1168 618 617
f 3629 3670 3628
f 858 1256 833
f 39 516 1536
f 2652 819 814
f 313 315 314
f 2026 1971 2027
f 2656 596 1835
f 814 818 811
f 2696 813 2649
f 1260 2649 1261
f 2693 2696 1260
f 2697 2651 2696
f 381 390 380
f 9270 1611 1609
f 1475 1428 1227
f 1292 1917 1235
f 1551 354 1518
f 1526 1523 1511
f 1593 1595 1573
f 1232 1246 1249
f 2695 1223 22
f 2698 1296 2697
f 2698 2693 2695
f 2685 2695 1085
f 2685 1297 2698
f 562 271 272
f 2652 1296 1298
f 1365 1364 1363
f 1958 1953 1957
f 585 2210 997
f 1561 1515 435
f 975 1146 976
f 347 68 346
f 1038 636 1068
f 2700 780 2699
f 2699 1036 1883
f 2701 1883 1829
f 851 2699 2701
f 2674 2251 2702
f 2702 781 2700
f 1253 2700 851
f 1301 2702 1253
f 1519 388 1550
f 1273 1280 2703
f 2703 1107 852
f 2701 852 851
f 1829 2703 2701
f 91 326 90
f 1784 2656 1785
f 2683 2705 2704
f 604 8943 8977
f 1669 8992 1662
f 2062 2060 2059
f 621 861 622
f 2023 732 2024
f 686 1263 687
f 857 2668 1328
f 883 882 879
f 3648 3650 3649
f 637 1111 1110
f 2668 893 1328
f 3692 3711 3691
f 2667 894 2668
f 1039 1068 1334
f 313 1504 1505
f 1911 305 453
f 1936 1964 2212
f 2707 2401 2183
f 2708 2183 2182
f 738 2116 554
f 3785 3709 3786
f 2349 2432 2436
f 2711 2020 2019
f 2400 2019 2186
f 2714 2716 2713
f 2717 2719 2720
f 2721 2723 2724
f 2726 2728 2725
f 2725 2730 2729
f 2731 2729 2709
f 2732 2725 2731
f 2734 2736 2733
f 2738 2740 2737
f 2737 2741 2742
f 2744 2746 2743
f 2745 2748 2747
f 2749 2747 2751
f 2753 2751 2752
f 2250 2246 2248
f 3417 3419 3418
f 2754 1614 2755
f 9050 2755 9061
f 9060 2747 9061
f 1617 2755 1614
f 2242 1620 2757
f 3429 3431 3430
f 2191 2760 2759
f 2761 2760 2762
f 9100 2761 9101
f 9075 2759 9100
f 3209 3354 3355
f 1395 2236 2235
f 1395 1636 1615
f 3741 3790 3740
f 1616 2229 2233
f 3410 3412 3411
f 1617 2763 2756
f 2756 9080 9060
f 2765 2234 1630
f 2766 9080 9074
f 3202 3458 3459
f 1516 435 1515
f 2768 8996 8997
f 1495 578 1424
f 2135 28 17
f 8970 2773 2774
f 1690 9378 9377
f 2778 2780 2777
f 2777 2781 2782
f 2784 2777 2783
f 8999 575 576
f 1494 9 540
f 8973 2015 9010
f 451 505 450
f 2786 2788 2785
f 2779 2785 2780
f 2789 2741 2740
f 2790 2752 2789
f 2792 2794 2791
f 2793 2796 2794
f 2796 2750 2749
f 2794 2749 2753
f 2798 1396 2754
f 9043 2754 9050
f 2798 2800 1393
f 9043 2799 2798
f 2797 2795 2801
f 2791 2753 2790
f 216 232 54
f 9256 2807 9255
f 9257 2804 9255
f 2769 9001 8996
f 183 184 97
f 2811 2775 2776
f 2804 2776 2805
f 2809 2811 2804
f 2812 2813 2814
f 9257 2816 9247
f 9248 2815 9247
f 9250 2820 2821
f 9245 2819 9250
f 2824 2735 2819
f 2823 2824 2819
f 2825 2826 2724
f 9245 2827 9244
f 9248 2826 9244
f 2713 2829 2828
f 2828 2831 2830
f 2822 2828 2830
f 2821 2713 2828
f 2832 2822 2830
f 2833 2830 2831
f 2834 2832 2833
f 2835 2827 2832
f 2837 2839 2836
f 2836 2841 2840
f 2842 2840 2727
f 2843 2836 2842
f 2840 2845 2844
f 2718 2845 2719
f 2730 2844 2718
f 2727 2844 2728
f 2846 2719 2845
f 2846 2841 2847
f 2829 2847 2831
f 2829 2716 2846
f 2847 2839 2848
f 2848 2838 2849
f 2833 2849 2834
f 2831 2848 2833
f 2850 2851 2852
f 2853 2852 2854
f 2783 2782 2855
f 2785 2853 2856
f 2780 2856 2781
f 2857 2855 2782
f 2859 2782 2781
f 2861 2842 2860
f 2860 2727 2726
f 2862 2726 2732
f 2863 2860 2862
f 2861 2858 2857
f 2843 2857 2859
f 2856 2854 2864
f 2781 2864 2859
f 2837 2859 2864
f 2838 2864 2854
f 2852 2834 2849
f 2854 2849 2838
f 2865 2818 2835
f 2851 2835 2834
f 2813 2815 2865
f 2814 2865 2851
f 2866 2814 2850
f 2788 2850 2853
f 2866 2787 2867
f 2812 2867 2775
f 1892 1890 1891
f 2720 2846 2870
f 298 256 257
f 2872 2713 2820
f 9246 2735 2734
f 2729 2874 2873
f 2846 2715 2870
f 2876 2878 2875
f 2733 2878 2734
f 9258 2879 2880
f 9258 2872 9246
f 2882 2884 2881
f 2881 2715 2714
f 2880 2714 2872
f 2879 2881 2880
f 2885 2887 2888
f 2888 2890 2885
f 2885 2892 2891
f 2893 2885 2891
f 1942 2532 2894
f 2895 2720 2870
f 2884 2870 2715
f 2883 2895 2884
f 2896 2892 2895
f 2889 2717 2890
f 2890 2720 2892
f 2897 2891 2896
f 2898 2896 2883
f 2899 2883 2882
f 2900 2882 2879
f 9249 2879 9259
f 2876 2901 2877
f 2901 2904 2903
f 1785 1835 1834
f 2905 2899 2900
f 2907 2897 2898
f 9249 2903 9251
f 632 577 633
f 8976 2867 2787
f 434 550 350
f 2768 9092 9095
f 2910 1623 2249
f 2241 2758 2242
f 9092 2913 9104
f 1623 2757 1620
f 9039 2757 9104
f 2229 1380 2250
f 2765 1629 2914
f 2915 1629 2912
f 9094 2914 2915
f 9093 2765 2914
f 2919 9094 9065
f 2918 2912 2241
f 9066 2241 9038
f 9070 9065 9122
f 8985 2180 8940
f 8965 2188 8950
f 3694 3627 3693
f 9157 714 9303
f 2925 2917 2924
f 2924 2916 2919
f 9062 2919 9070
f 9063 2924 9062
f 2926 2766 2925
f 9110 2925 9063
f 1715 1705 1710
f 785 498 796
f 1387 565 1791
f 374 1899 560
f 9017 2206 9000
f 2929 2886 2893
f 2932 2934 2931
f 1905 1908 1907
f 2930 2936 2937
f 2938 2930 2929
f 1493 517 518
f 1603 1586 1602
f 2939 2929 2908
f 2940 2908 2907
f 9117 1600 9113
f 2886 2937 2887
f 2906 2898 2899
f 2908 2893 2897
f 2942 2933 2941
f 2941 2937 2936
f 8945 2936 8957
f 8942 2941 8945
f 2943 2710 2873
f 2943 2874 2889
f 2945 2889 2888
f 2946 2943 2945
f 2932 2888 2887
f 2931 2945 2932
f 727 1929 728
f 2903 2947 2948
f 545 42 262
f 1480 533 251
f 2907 2949 2940
f 2906 2950 2949
f 1558 215 202
f 9251 2948 9253
f 2054 1644 2118
f 9157 2203 9017
f 1828 1849 1827
f 2953 2955 2952
f 2952 2957 2956
f 2956 2258 2952
f 2953 2258 2257
f 2454 2474 2496
f 9199 2959 9218
f 9199 2131 9189
f 2961 2963 2958
f 2958 2964 2959
f 222 2485 2965
f 2477 2966 2608
f 2631 2006 1859
f 2384 2496 2497
f 2967 2959 2964
f 2968 2970 2969
f 9211 2971 9236
f 9236 2960 9218
f 2972 2033 2032
f 2007 2973 2008
f 9004 2134 2133
f 1836 1832 1831
f 8950 2090 8995
f 955 959 956
f 672 674 673
f 633 713 632
f 2024 733 803
f 2025 803 798
f 425 1550 388
f 2975 888 887
f 1319 1157 2694
f 1212 2977 1213
f 889 2228 2227
f 1978 1975 1979
f 1138 1329 915
f 751 2979 2978
f 1619 1625 1624
f 2252 1728 1727
f 1157 845 1216
f 2706 1938 2617
f 2980 2254 2981
f 2982 887 2630
f 802 711 2679
f 678 2029 2028
f 527 690 528
f 1839 2629 1840
f 2983 602 1914
f 2983 1913 1331
f 2985 1331 1054
f 2986 2983 2985
f 2987 2635 2634
f 2985 2639 2986
f 2990 1318 2989
f 2991 2993 2994
f 2995 2994 2996
f 1106 2991 2995
f 1058 2992 2991
f 1415 1365 1367
f 1317 2217 2997
f 1932 2255 2980
f 926 2999 664
f 3001 2992 3000
f 3000 1057 2978
f 2999 2978 2979
f 2998 3000 2999
f 3002 2209 3003
f 3002 2996 2994
f 2993 3002 2994
f 3001 2998 3002
f 1103 2995 3004
f 3004 2996 3003
f 2209 3004 3003
f 588 3004 2210
f 295 433 381
f 2638 2988 3005
f 3005 1056 1930
f 1305 1930 1306
f 1276 3005 1305
f 1987 1993 1989
f 2633 1761 2645
f 1423 1417 1419
f 9005 739 703
f 2671 2704 2705
f 1473 2035 1472
f 922 2694 895
f 1401 1378 1384
f 556 1884 1037
f 842 9277 9288
f 1854 2617 1010
f 933 1081 1075
f 1440 1436 1437
f 529 719 530
f 1031 1027 1028
f 777 912 1871
f 2645 1204 2633
f 441 1538 1537
f 3771 3773 3772
f 790 587 586
f 2065 1610 1607
f 1860 990 902
f 60 87 59
f 1424 1948 1947
f 332 1507 331
f 261 138 135
f 187 449 507
f 1719 1726 1725
f 1931 1059 3006
f 3006 1105 1104
f 1287 1104 587
f 1286 3006 1287
f 3007 3009 3010
f 3009 653 795
f 618 26 25
f 2029 1210 1209
f 957 600 2228
f 1049 2228 600
f 2631 3011 2561
f 890 2227 3011
f 3011 2145 3012
f 2561 3012 2375
f 1026 609 608
f 2706 1961 1964
f 3013 2485 3014
f 2148 1267 3015
f 3015 1266 1311
f 2997 1101 1317
f 642 1773 1193
f 186 461 511
f 1041 1320 901
f 1121 3017 1122
f 2984 2987 3018
f 3018 2634 2619
f 1048 3018 2619
f 603 2984 3018
f 2679 801 802
f 2062 2074 2061
f 2061 2076 2064
f 414 1545 1965
f 3016 2683 3019
f 3019 2704 2670
f 3020 2670 720
f 3007 3019 3020
f 1871 1091 777
f 3021 1122 3017
f 3022 3017 3010
f 1314 3022 1315
f 1784 3021 1314
f 1316 1763 611
f 3023 3010 3009
f 3023 795 1092
f 1763 1092 1125
f 1315 3023 1763
f 3016 3010 3017
f 752 2978 1057
f 2986 2637 2987
f 3024 653 3008
f 3020 3008 3007
f 720 3024 3020
f 723 654 3024
f 2681 1268 3025
f 2671 1268 721
f 2705 3025 2671
f 1313 3027 1311
f 3026 3029 3027
f 3027 3030 3031
f 1311 3031 3015
f 2012 731 2023
f 917 974 977
f 3742 3744 3743
f 743 856 744
f 1888 2030 1425
f 2682 2684 3032
f 3032 1124 2989
f 1100 2989 1318
f 1099 3032 1100
f 1123 2989 1124
f 3033 1159 1158
f 2990 1158 1319
f 1123 3033 2990
f 1786 1834 3033
f 1054 2988 2985
f 2979 664 2999
f 2623 2663 2643
f 1095 688 687
f 3034 2261 2956
f 3036 2956 2957
f 3037 3034 3036
f 3038 3035 3034
f 3040 3026 1313
f 2263 3041 3040
f 3042 3043 3041
f 3041 3028 3026
f 3044 3043 3039
f 3046 3045 3044
f 3047 3049 3045
f 3043 3049 3028
f 3038 3051 3050
f 3050 3053 3052
f 3052 3044 3050
f 3039 3050 3044
f 3054 3039 3042
f 3042 2262 3054
f 2261 3054 2262
f 2216 2997 2217
f 2212 2667 1936
f 3056 2209 3055
f 934 1961 1854
f 2013 9209 567
f 3058 3060 3061
f 3059 3063 3060
f 3060 2213 1963
f 3061 1963 1962
f 3063 2214 2213
f 3062 3064 3063
f 3065 2260 3064
f 3064 2215 2214
f 3066 3031 3030
f 2608 3067 3066
f 2966 3068 3067
f 3031 3068 3015
f 2455 2461 2474
f 2476 2226 2477
f 8995 2089 8969
f 8970 9221 9238
f 433 355 381
f 2115 1419 2123
f 8953 2922 8971
f 9221 2131 2134
f 3069 2167 2166
f 2971 2928 2960
f 2961 2773 2962
f 3070 2478 2483
f 2610 3071 2954
f 2502 2374 2386
f 3072 2595 3073
f 2964 3052 2967
f 3048 3074 3049
f 2593 3075 3074
f 3075 3029 3074
f 3074 3028 3049
f 3072 3075 2592
f 3076 2482 2481
f 2481 3066 3076
f 3076 3030 3075
f 2967 3053 2970
f 2482 3073 2483
f 479 493 494
f 706 9325 709
f 9005 2221 8961
f 2013 9206 9207
f 8977 2016 8973
f 9006 2222 2974
f 1171 1155 1176
f 3782 3689 3783
f 2586 2565 2587
f 2982 113 2484
f 2562 3077 3068
f 2376 3012 3077
f 3012 2148 3077
f 3077 3015 3068
f 2963 3046 2964
f 3051 2970 3053
f 1683 491 775
f 9302 1447 9312
f 1986 9186 9220
f 3079 2546 2575
f 3081 2575 2576
f 1983 9220 9217
f 3082 2319 2545
f 3080 2545 2546
f 9186 3082 3080
f 9184 2323 3082
f 1309 1888 748
f 3073 2772 2771
f 2760 3084 2762
f 2760 2088 3083
f 3085 3086 3087
f 3089 3090 3088
f 3089 3084 3085
f 3092 3090 3091
f 3093 2744 2743
f 2751 2748 3093
f 3093 2752 2751
f 2742 3093 3094
f 3094 2743 3095
f 3096 3098 3087
f 3099 3087 3086
f 3097 3095 3098
f 3100 2746 3101
f 3101 3102 3100
f 2764 2927 3101
f 2745 3101 2746
f 3102 3091 3100
f 3100 3095 2743
f 2869 9044 9086
f 3102 3104 3092
f 9110 2869 9086
f 2927 3103 3102
f 3098 3091 3090
f 3087 3090 3085
f 2088 3105 3083
f 3083 3086 3084
f 2483 2771 3070
f 2401 2185 2321
f 3099 3105 3106
f 2125 3106 3105
f 3108 2742 3107
f 3107 3094 3097
f 3110 3107 3109
f 3109 3097 3096
f 3111 3096 3099
f 3112 3109 3111
f 3113 2737 3108
f 3115 2722 3114
f 3117 3114 3116
f 3119 3116 3118
f 3118 3120 3121
f 3116 3113 3120
f 3122 3111 3123
f 3122 1755 1754
f 3124 3126 3127
f 3125 3121 3126
f 3128 3118 3125
f 3129 3125 3124
f 2020 3128 3129
f 9305 1346 1352
f 1065 1047 1066
f 1814 9282 1649
f 2021 3129 3130
f 3111 3106 3123
f 3123 2207 1755
f 2377 2224 2973
f 3014 113 112
f 1756 9234 9219
f 3131 2530 2528
f 3133 2528 2529
f 1753 9219 9227
f 3134 3127 3135
f 2327 2314 2313
f 2436 2317 2349
f 2018 9163 9164
f 2534 3137 2535
f 2320 3136 2534
f 2185 9164 9223
f 3138 2542 2539
f 3134 9196 9197
f 9237 3134 9197
f 3140 2539 2538
f 2535 3140 2538
f 9163 3130 9237
f 2558 3132 3141
f 9234 3141 3132
f 2560 3141 3142
f 9212 3142 3141
f 958 2976 2981
f 1933 2980 3143
f 3714 3729 3713
f 2399 2418 2416
f 2348 2343 2432
f 2322 2319 2323
f 2718 2874 2730
f 2709 2873 2710
f 2894 1361 1942
f 3788 3720 3717
f 346 176 347
f 1876 1882 1881
f 2802 9059 9044
f 3104 3088 3092
f 2974 9101 9055
f 3089 2761 2762
f 3088 3145 3089
f 2803 9055 9059
f 9322 692 628
f 2123 1418 2126
f 1365 1368 1367
f 3346 3344 3343
f 1581 1782 1783
f 9013 2129 8964
f 8999 2002 8965
f 3146 2551 3147
f 9203 3147 9202
f 9194 3146 9203
f 3149 2585 3146
f 3196 3197 3195
f 9056 2191 9075
f 3142 2556 2560
f 9229 3150 3142
f 9098 2550 9045
f 3150 2555 2556
f 9230 3151 3150
f 9240 3152 9098
f 3153 2551 2549
f 3152 2549 2550
f 9233 3153 3152
f 9228 3147 3153
f 3148 2206 2205
f 2183 2321 2184
f 2132 2928 2133
f 3299 3321 3319
f 9136 2204 2203
f 9171 2197 9173
f 2594 2773 2951
f 2595 2951 2772
f 1870 799 1869
f 3257 3259 3258
f 9165 2178 9158
f 9158 9188 9242
f 336 9226 9174
f 339 3154 336
f 9241 3149 9194
f 9135 2584 3149
f 2963 3048 3047
f 9174 337 336
f 339 2566 2586
f 3156 2168 2167
f 2610 2167 2611
f 2954 3156 2610
f 3157 2953 2257
f 9159 2169 9161
f 2567 3159 2568
f 337 2567 338
f 9182 2166 9159
f 9216 1983 9217
f 2579 3081 2576
f 2568 3160 2579
f 9161 2190 9216
f 3065 3162 3161
f 3161 1984 2189
f 3157 2189 2168
f 2257 3161 3157
f 734 1922 806
f 3059 2708 3163
f 3163 2182 1985
f 3162 1985 1984
f 3062 3163 3162
f 3203 3205 3204
f 3806 3808 3807
f 2122 1448 1447
f 9269 1685 9264
f 139 444 69
f 1570 566 533
f 2957 3165 3036
f 2955 3164 2957
f 1912 341 1973
f 3130 3124 3134
f 1548 319 1547
f 1949 1327 1887
f 2969 3078 3167
f 3167 3169 3168
f 9176 2017 9172
f 9172 2033 9211
f 3168 3165 3170
f 3170 3164 3171
f 9231 3171 9208
f 9176 3170 9231
f 3171 3166 3172
f 3172 3071 3173
f 9204 3173 9201
f 9208 3172 9204
f 3169 3036 3165
f 2593 2962 2594
f 3173 2609 3174
f 3174 2199 2198
f 9235 2198 9171
f 9201 3174 9235
f 2190 1984 1983
f 2196 2767 3148
f 3326 3328 3327
f 2119 1414 1448
f 1464 1466 1465
f 2199 3069 2200
f 2457 2587 2565
f 2226 2562 2966
f 481 1627 1639
f 333 235 236
f 3078 3037 3169
f 3040 2997 2263
f 3351 3262 3263
f 2219 1933 2220
f 2385 2497 2503
f 221 3175 2484
f 2220 3143 3175
f 3175 2976 2975
f 2484 2975 2982
f 2954 3166 2955
f 2630 110 2982
f 1547 1952 1955
f 2091 2188 2187
f 9185 2178 2177
f 1918 1927 1926
f 9007 111 8955
f 3398 3400 3399
f 955 960 954
f 2037 112 9007
f 3143 2981 2976
f 2218 2214 2215
f 672 9239 8985
f 2152 3014 2037
f 1147 1143 1145
f 2248 1409 2245
f 1615 1635 1616
f 1410 2246 2247
f 3486 3487 3310
f 3468 3502 3501
f 3451 3452 3450
f 3177 1383 1382
f 2238 3176 1382
f 3176 2230 3178
f 1410 3179 1407
f 3179 2243 1407
f 1633 2800 2249
f 3816 3817 3814
f 1621 2758 2912
f 3642 3662 3675
f 3422 3260 3257
f 1622 2245 1634
f 2236 3181 3182
f 3793 3795 3794
f 3493 3495 3494
f 2237 3182 3183
f 3513 3515 3514
f 2250 2233 2229
f 3654 3667 3802
f 2912 1628 1621
f 3819 3821 3820
f 3432 3823 3431
f 135 1564 1563
f 1567 512 1565
f 1085 2653 2685
f 3184 868 3056
f 869 3057 934
f 3389 3387 3386
f 1266 1098 1312
f 1267 722 721
f 937 2646 936
f 2146 722 2147
f 2211 921 2667
f 1957 507 449
f 1313 2264 3040
f 1496 1493 1492
f 2681 2705 2682
f 2887 2933 2932
f 1687 1659 1694
f 145 1498 81
f 1317 1319 2694
f 3831 3830 3834
f 37 418 71
f 1935 3185 2977
f 104 301 103
f 2101 2083 2084
f 543 360 207
f 1934 3186 3185
f 234 212 237
f 9297 1822 1824
f 3825 3827 3826
f 1976 1874 1974
f 223 2219 220
f 9107 9057 9064
f 468 773 2165
f 3673 3659 3672
f 1935 1728 1932
f 3490 3840 3549
f 3362 3848 3847
f 3862 3864 3863
f 3465 3484 3868
f 3893 3525 3874
f 3352 3430 3431
f 3869 3871 3870
f 3529 3567 3564
f 3420 3922 3921
f 3304 3236 3303
f 3929 3931 3930
f 3324 3327 3561
f 3219 3939 3331
f 3220 3937 3219
f 3450 3376 3439
f 3942 3833 3941
f 3215 3454 3945
f 3946 3215 3945
f 3422 3948 3421
f 3950 3198 3196
f 3205 3957 3920
f 3261 3961 3288
f 3852 3964 3963
f 3214 3946 3958
f 3965 3214 3192
f 3797 3799 3798
f 3988 3990 3989
f 3777 3806 3822
f 3855 3447 3444
f 3737 3800 3736
f 3949 3952 3948
f 3651 3783 4000
f 4001 3787 3812
f 4019 4021 4020
f 4027 4029 4028
f 3258 4030 4027
f 4033 4035 4034
f 3424 4047 4046
f 3242 4058 4057
f 3970 3547 3971
f 3829 4057 3825
f 3333 3947 4060
f 4063 4065 4064
f 4073 4075 4074
f 3568 3443 3448
f 3981 3335 4050
f 3540 3862 3539
f 4078 4031 4032
f 3565 4088 3993
f 3442 4089 4082
f 4092 4094 4093
f 4093 4097 4096
f 3619 3623 3624
f 3660 3821 3807
f 3809 3649 3808
f 3610 3655 3613
f 3656 3623 3657
f 3621 3804 3620
f 3503 3481 3504
f 3436 3438 3437
f 3356 3427 3353
f 3628 3669 3633
f 3734 4002 3733
f 3276 3370 3369
f 3763 4107 3762
f 4006 3754 3755
f 3747 3752 3746
f 3863 4110 3992
f 3994 4003 3501
f 3653 3664 3652
f 3296 4115 3295
f 4117 4119 4118
f 3249 3251 3250
f 4127 4129 4128
f 3478 3903 3867
f 3410 3921 3922
f 3977 4038 3976
f 3216 3453 3454
f 3967 3548 3966
f 4140 4032 4039
f 3509 4149 3916
f 4151 3659 3587
f 4153 3656 3671
f 4153 3646 3672
f 4156 3645 4155
f 4139 4078 4140
f 3743 4163 4162
f 3861 3987 4166
f 3468 4067 3467
f 3306 3980 3835
f 4172 4010 4024
f 4169 3836 3835
f 4187 4189 4188
f 4213 4215 4214
f 4220 4222 4221
f 4225 4211 4204
f 4230 4232 4231
f 4240 4242 4241
f 3606 3608 3607
f 4250 4252 4251
f 4258 4260 4259
f 4077 4079 4078
f 4276 4278 4277
f 4308 4263 4309
f 4017 3872 3869
f 3196 3951 3950
f 4316 4270 4271
f 3870 4307 3869
f 4324 4326 4325
f 4333 4247 4244
f 4338 4340 4339
f 4348 4350 4349
f 4283 4289 4286
f 4356 4358 4357
f 4359 4020 4358
f 4362 4196 4197
f 4320 4279 4276
f 4370 4296 4371
f 4377 4303 4249
f 4231 4201 4178
f 4203 4331 4381
f 4037 4039 4038
f 4371 4386 4370
f 4387 4347 4314
f 3309 3294 3310
f 4099 3724 3818
f 4355 3257 4313
f 3630 3693 3627
f 4277 4302 4390
f 4350 4319 4349
f 4353 4351 4348
f 3637 3639 3638
f 4394 3827 3320
f 3311 4399 4398
f 3755 4005 4006
f 4363 4259 4260
f 3454 3919 3920
f 3446 3459 3458
f 4298 4404 4406
f 3749 3769 3766
f 3791 3756 3792
f 3643 3684 3640
f 3845 3399 3400
f 4313 3258 4312
f 4411 4408 4412
f 3843 4423 3842
f 4214 4329 4328
f 4431 4433 4432
f 3918 3798 3799
f 3927 3388 3389
f 4453 3874 3873
f 4138 4457 4456
f 3346 4459 3345
f 4100 4108 4107
f 3974 3976 3975
f 3665 3652 3664
f 3773 3993 3992
f 3945 3920 3957
f 4144 4462 4461
f 4464 4466 4465
f 3268 4479 3267
f 4484 4136 4485
f 3348 4487 3347
f 3313 3912 3913
f 3803 3617 3802
f 4086 3510 4087
f 4034 3305 4033
f 3403 4171 4489
f 4481 4492 4491
f 4177 4179 4178
f 4398 3923 3311
f 4451 4494 4450
f 4501 4076 4502
f 4509 4506 4503
f 3304 4462 4517
f 4485 3312 4484
f 3419 3349 4064
f 4356 4385 4305
f 4026 4358 4020
f 4354 4357 4358
f 3599 4091 4090
f 4341 4254 4274
f 4251 4524 4335
f 3482 3484 3483
f 3843 3544 4085
f 4295 4274 4294
f 4381 4206 4203
f 4204 4531 4225
f 4533 4535 4534
f 4542 4544 4543
f 4546 4548 4547
f 4573 4547 4548
f 4575 4577 4576
f 4221 4580 4220
f 4587 4589 4588
f 4328 4589 4214
f 4187 4563 4332
f 4595 4593 4591
f 4597 4604 4596
f 4609 4611 4610
f 4620 4622 4621
f 4612 4614 4613
f 4636 4600 4637
f 4649 4650 4648
f 4652 4654 4653
f 4662 4664 4663
f 4666 4668 4667
f 4637 4685 4684
f 4627 4700 4626
f 4684 4636 4637
f 4663 4661 4662
f 4699 4697 4696
f 4647 4703 4702
f 4709 4603 4710
f 4724 4726 4725
f 4742 4744 4743
f 3311 3924 3314
f 4698 4758 4679
f 4749 4609 4610
f 4342 4344 4343
f 4797 4799 4798
f 4490 3974 4143
f 4019 4306 3870
f 4512 4514 4513
f 3991 4508 4507
f 4692 4694 4693
f 4680 4818 4810
f 4821 4824 4823
f 4367 4243 4240
f 4833 4831 4830
f 4837 4757 4754
f 4332 4562 4561
f 4683 4819 4682
f 4845 4850 4849
f 4751 4752 4669
f 4854 4695 4692
f 4858 4718 4857
f 4822 4859 4824
f 4674 4647 4675
f 4771 4773 4772
f 4726 4537 4540
f 4714 4719 4715
f 4633 4688 4687
f 4616 4618 4617
f 4686 4842 4841
f 4869 4708 4629
f 3502 3528 3529
f 4777 4737 4745
f 4734 4779 4873
f 4883 4663 4664
f 4375 4274 4275
f 4290 4335 4524
f 4799 4826 4825
f 4816 4812 4810
f 4778 4732 4659
f 4158 4160 4159
f 4195 4197 4196
f 3860 4166 4167
f 3758 3763 3764
f 3694 4157 4156
f 4249 4391 4377
f 3467 3469 3468
f 4209 4211 4210
f 4142 4144 4143
f 3615 3617 3616
f 3479 3536 3535
f 4883 4672 4886
f 4802 4642 4643
f 3698 3638 3683
f 4105 3726 3730
f 4848 4896 4895
f 4878 4744 4837
f 4610 4748 4749
f 4036 4489 4035
f 4355 4314 4347
f 4171 4049 4048
f 3875 3216 3217
f 4868 4863 4864
f 4623 4691 4622
f 3629 4155 4154
f 4654 4898 4683
f 4012 4014 4013
f 4902 4866 4867
f 4768 4908 4906
f 4370 4385 4384
f 4888 4914 4913
f 3546 3917 3916
f 4932 4931 4919
f 3625 4151 4150
f 3804 3670 3657
f 3816 4103 4101
f 4911 4887 4912
f 4928 4927 4929
f 4925 4927 4921
f 3655 3666 3654
f 4932 4910 4911
f 4937 4912 4913
f 4939 4942 4941
f 4228 4530 4381
f 4946 4942 4947
f 4938 4923 4937
f 4942 4937 4947
f 4951 4930 4928
f 4955 4928 4954
f 4748 4615 4749
f 4914 4847 4956
f 4824 4584 4856
f 4940 4941 4943
f 4916 4960 4917
f 4909 4891 4862
f 4971 4968 4949
f 4966 4948 4944
f 4962 4953 4965
f 4940 4924 4939
f 4831 4917 4895
f 4935 4925 4924
f 4275 4261 4258
f 4679 4791 4678
f 4016 4373 4376
f 4668 4766 4795
f 4539 4727 4845
f 4929 4936 4933
f 4607 4882 4881
f 4775 4801 4802
f 4801 4742 4774
f 4732 4611 4733
f 4985 4983 4982
f 4534 4562 4533
f 4847 4645 4848
f 4788 4619 4616
f 4787 4678 4791
f 4657 4605 4597
f 4994 4878 4837
f 5006 5008 5007
f 5001 4973 4988
f 4814 4619 4785
f 5014 4974 5012
f 5003 4972 4973
f 5019 5007 5018
f 5024 5017 5025
f 5036 5035 5032
f 4990 4975 4972
f 5045 5034 5044
f 5048 5034 5035
f 5025 5014 5026
f 5046 5043 5031
f 5051 5055 5054
f 5044 5060 5059
f 5011 5021 5020
f 5013 5068 5012
f 5028 5072 5029
f 5077 5064 5065
f 5065 5079 5077
f 5083 5080 5060
f 5063 5080 5065
f 5054 5071 5078
f 4602 4711 4851
f 5058 5083 5053
f 4982 4792 4793
f 5041 5045 5061
f 3909 3278 3250
f 3471 3473 3472
f 5002 4994 4995
f 5060 5067 5059
f 4892 4862 4891
f 4891 4884 4892
f 4996 5003 5001
f 4997 5005 5000
f 4813 4614 4829
f 4618 4827 4613
f 5089 5093 5092
f 3303 3305 3304
f 5100 5102 5101
f 5107 5109 5108
f 5110 5092 5114
f 4610 4734 4874
f 5112 5100 5084
f 5088 5090 5089
f 5119 5117 5116
f 5092 5096 5089
f 3826 3829 3825
f 5108 5102 5126
f 5100 5087 5084
f 5118 5133 5138
f 3783 3690 3784
f 4444 4446 4445
f 5151 5150 5152
f 4790 4617 4813
f 4332 4190 4187
f 3266 4451 4448
f 3211 3332 3946
f 4741 4760 4652
f 4775 4777 4776
f 4764 4691 4766
f 4489 4048 4490
f 4466 4511 4497
f 4518 3930 4514
f 4786 4791 4807
f 4980 4984 4977
f 5144 5150 5143
f 5159 5148 5158
f 5121 5120 5114
f 5169 5162 5165
f 5016 4979 5017
f 5123 5179 5122
f 5181 5140 5183
f 5175 5184 5141
f 4575 4586 4534
f 4984 4976 4977
f 4596 4598 4597
f 5182 5183 5186
f 4785 4787 4786
f 5137 5122 5179
f 5167 5180 5181
f 4835 4898 4897
f 4687 4726 4633
f 4176 4170 4398
f 4760 4655 4652
f 4681 4649 4646
f 5121 5132 5131
f 5171 5178 5170
f 5174 5191 5176
f 5169 5194 5164
f 4909 5095 4907
f 5105 5112 5113
f 4767 5126 4803
f 5201 5205 5204
f 5219 5217 5216
f 5229 5200 5209
f 5234 5236 5235
f 4069 4071 4070
f 4724 4717 4713
f 5108 4768 5107
f 5103 5126 5102
f 5227 5211 5226
f 5015 4884 4885
f 4997 4892 4884
f 5197 5215 5214
f 5241 5247 5246
f 5013 5019 5018
f 5205 5232 5204
f 4969 4971 4970
f 5239 5249 5248
f 4808 5225 4809
f 5216 5199 5196
f 5253 5242 5254
f 5235 5255 5256
f 5135 5157 5134
f 5264 5267 5266
f 5245 5215 5242
f 5260 5269 5267
f 5264 5274 5265
f 5154 5173 5142
f 5287 5278 5288
f 5256 5300 5257
f 5173 5176 5175
f 4631 4629 4628
f 4781 4783 4782
f 5309 5311 5310
f 5155 5144 5145
f 4826 4827 4825
f 5291 5308 5293
f 5310 5281 5286
f 5311 5308 5288
f 4036 4176 4175
f 4641 4704 4702
f 5220 4804 5223
f 4770 5207 4905
f 5188 5175 5176
f 5180 5129 5140
f 4626 5314 5313
f 4731 5315 5317
f 5222 5210 5221
f 4728 5316 5315
f 5230 5216 5196
f 5297 5240 5241
f 5204 5208 5201
f 5318 4864 5319
f 5273 5287 5289
f 5221 5219 5230
f 4700 5321 5314
f 5313 5328 5329
f 5157 5154 5142
f 5275 5263 5265
f 5324 5318 5325
f 5323 5331 5328
f 5343 5345 5344
f 5306 5286 5282
f 5278 5311 5288
f 4882 5320 5316
f 5109 5114 5120
f 5123 5130 5129
f 5299 5284 5298
f 5240 5199 5241
f 5229 5197 5214
f 5305 5292 5293
f 5233 5225 5243
f 5192 5194 5193
f 5104 4670 4746
f 5146 5160 5145
f 5337 5347 5338
f 5347 5341 5332
f 5353 5335 5352
f 5349 5354 5352
f 5355 5357 5354
f 5358 5360 5359
f 5355 5348 5360
f 5342 5365 5364
f 5345 5362 5344
f 5332 5367 5331
f 5372 5315 5316
f 5370 5366 5369
f 5361 5354 5357
f 5364 5368 5367
f 5369 5362 5370
f 5316 5330 5372
f 5373 5371 5372
f 5341 5364 5332
f 5374 5359 5373
f 5329 5375 5330
f 5377 5379 5378
f 5377 5331 5367
f 5380 5367 5368
f 5363 5370 5362
f 5357 5374 5381
f 5381 5361 5357
f 4814 4825 4827
f 4825 4816 4799
f 4806 4747 4805
f 5119 5131 5118
f 4696 4893 5387
f 4696 5390 4699
f 5213 5388 5387
f 5393 5388 5394
f 5380 5384 5379
f 5213 4893 5212
f 4813 4908 4790
f 5390 4693 4694
f 5294 5287 5295
f 5184 5186 5183
f 5285 5253 5254
f 4769 4790 4908
f 5327 5359 5360
f 4598 4690 4656
f 4608 4733 4611
f 4627 4609 4839
f 4596 4851 4711
f 4900 4706 4707
f 4668 5395 4667
f 4863 4639 4601
f 5392 4666 4667
f 4872 4651 4807
f 4807 4758 4872
f 5348 5325 5326
f 5176 5190 5188
f 5046 5022 5023
f 4853 4869 4870
f 5346 5363 5362
f 4709 4620 4599
f 4672 4904 4886
f 4680 4651 4649
f 4841 4688 4686
f 4823 4818 4821
f 4729 4602 4851
f 4881 4851 4604
f 5360 5326 5327
f 4852 4707 4869
f 4890 4669 4666
f 5392 5389 5393
f 5189 5186 5187
f 4881 4605 4607
f 5343 5369 5366
f 4607 4625 4882
f 5056 5052 5057
f 4850 4798 4894
f 3260 5398 3259
f 4855 4899 4871
f 5339 5366 5342
f 4789 4808 4677
f 5400 3948 3952
f 3872 4046 3871
f 4018 3424 3872
f 4025 4172 4024
f 4011 4024 4010
f 4065 3900 3901
f 3413 4013 3412
f 5056 5069 5070
f 5055 5070 5071
f 4062 5399 4061
f 5269 5294 5268
f 4685 4903 4846
f 5254 5240 5296
f 4606 4658 4733
f 4729 4882 4728
f 4030 4043 4029
f 4664 4753 4883
f 3575 3904 3903
f 3413 3922 3426
f 4949 4955 4934
f 4947 4913 4914
f 4849 4894 4856
f 4143 3975 4142
f 4912 4932 4911
f 3774 3995 3994
f 3956 3342 4168
f 4871 4758 4759
f 4270 4272 4271
f 4039 5400 4140
f 3555 5402 3554
f 5403 3906 3907
f 3908 3823 3907
f 4124 5408 5407
f 3901 4046 4047
f 4120 5410 5409
f 4124 4125 4123
f 5420 5404 5421
f 5424 5425 3557
f 3400 5428 3845
f 5432 5435 3226
f 4941 4945 4944
f 4935 4949 4934
f 3895 3897 3896
f 5426 4121 5418
f 5430 3906 5420
f 4045 5398 4062
f 5395 5392 4667
f 4846 4701 4840
f 4880 4710 4879
f 4624 4608 4609
f 4656 4662 4661
f 5305 5309 5304
f 5220 5222 5221
f 4230 4327 4324
f 5030 5028 5027
f 5213 5211 5210
f 5440 3269 5441
f 4396 3980 5444
f 5447 3244 3241
f 3328 5451 5396
f 4208 4248 4207
f 4599 4621 4598
f 4528 4391 4208
f 4529 4199 4207
f 4526 4339 4528
f 4256 5452 4532
f 4532 4241 4242
f 3834 5446 3831
f 5443 5444 4050
f 4530 4334 4206
f 4754 4904 4837
f 4229 4381 4331
f 4205 4383 4531
f 4892 4987 4861
f 4039 3976 4038
f 4738 4796 4741
f 4833 4897 4832
f 4232 4200 4201
f 4194 4241 4193
f 4889 4750 4748
f 4194 4365 4368
f 4531 4195 4238
f 5043 5062 5031
f 4182 4561 4180
f 5446 3241 3831
f 5237 5248 5236
f 4206 4382 4205
f 5210 5218 5219
f 3426 3417 3425
f 4216 4192 4215
f 4219 4184 4185
f 4180 4380 4179
f 4327 4591 4326
f 4223 4231 4222
f 4215 4360 4329
f 4186 4218 4185
f 4190 4209 4189
f 4223 4595 4327
f 4326 4328 4329
f 4366 4568 4186
f 4570 4549 4569
f 4579 4548 4570
f 4563 4533 4562
f 4583 4220 4580
f 4586 4561 4562
f 4239 4363 4243
f 4572 4567 4564
f 4536 4585 4535
f 4538 4566 4541
f 4536 5453 4538
f 3573 3983 3316
f 5427 3552 3556
f 4553 4588 4552
f 4593 4555 4592
f 4368 4183 4227
f 4361 4235 4236
f 4233 4527 4232
f 4233 4324 4237
f 4212 4330 4331
f 4237 4325 4236
f 4193 5452 4361
f 4983 4885 4792
f 5002 4986 4993
f 5074 5076 5075
f 4698 5391 4759
f 5391 5390 4694
f 4871 4650 4872
f 4546 4543 4544
f 4553 4901 4574
f 4552 4555 4556
f 5223 4805 5394
f 5386 5383 5363
f 5317 5371 5327
f 3240 4429 3377
f 5384 5381 5379
f 3938 3218 3937
f 3942 5455 5454
f 5361 5386 5356
f 4542 4541 4545
f 3910 5420 3428
f 3939 4060 3940
f 3851 5351 5454
f 3838 3556 3837
f 4547 4857 4546
f 5442 4050 3335
f 3385 5428 5429
f 4257 4235 4256
f 5312 4893 4809
f 4212 4204 4211
f 3854 5461 4392
f 4226 4210 4211
f 4202 4178 4201
f 3316 3897 3315
f 5464 4432 4433
f 5465 3883 4432
f 4472 4449 4450
f 4501 4450 4494
f 4074 4080 4077
f 5473 5401 4173
f 4173 5475 5473
f 3432 3520 5413
f 3462 5504 3461
f 4075 4494 4080
f 5482 3387 3392
f 5468 5470 5469
f 3427 5422 3523
f 4498 4487 3386
f 5403 5414 4128
f 3382 5522 3873
f 3492 5511 3491
f 3429 3517 3520
f 3873 5524 4453
f 5480 3350 3347
f 3477 5505 3462
f 4507 5544 4475
f 4396 5551 4051
f 3374 5553 3373
f 3373 5554 3390
f 5479 4063 3350
f 3390 5555 3393
f 5531 5566 5565
f 3368 5567 3367
f 5556 5560 5559
f 3393 5557 5556
f 4433 5463 5464
f 5464 5458 5456
f 4435 4439 3380
f 4055 3277 3274
f 3273 3911 3370
f 3395 3358 3394
f 5486 4071 5484
f 5526 4453 5524
f 5525 5569 5566
f 5568 3527 5567
f 3527 3847 3366
f 3365 3849 5462
f 5462 3850 5459
f 4435 5571 4430
f 3378 3943 3944
f 5573 5577 5574
f 4438 3943 3379
f 5477 5579 5476
f 5582 5580 5579
f 5583 5581 5584
f 5586 5588 5587
f 4074 5586 4073
f 5583 5474 5473
f 4507 5590 3991
f 5573 4522 4520
f 3989 5596 3988
f 5594 3407 5593
f 4436 5572 5571
f 5591 3991 5590
f 4507 4476 5589
f 3990 5587 5588
f 5578 3406 5577
f 5595 5584 5581
f 5484 3358 5486
f 4441 5467 3882
f 5472 4077 4139
f 5522 5570 5524
f 5486 3353 3524
f 5481 3386 3387
f 3475 5492 3518
f 5476 3899 5477
f 5540 5606 5603
f 5542 5603 5607
f 5608 5542 5607
f 5608 5545 5544
f 5607 5609 5545
f 5599 5548 5612
f 5598 5543 5608
f 5595 5593 5596
f 5588 3989 3990
f 5626 3266 5627
f 5627 4448 5628
f 5469 4469 5468
f 4515 5625 4491
f 4503 4474 4509
f 4481 5627 4480
f 4500 5469 5470
f 3414 5466 5465
f 5594 5581 5582
f 3376 4430 5571
f 3444 3941 3855
f 5572 3444 3445
f 4273 4287 4272
f 4345 4357 4344
f 4386 4305 4385
f 4517 4463 5625
f 4352 4319 4379
f 4352 4251 4336
f 4268 4390 4388
f 4264 4320 4323
f 4346 4282 4283
f 4337 4343 4344
f 4289 4245 4288
f 4303 4287 4288
f 4343 4291 4342
f 4284 4244 4289
f 4375 4291 4294
f 4379 4271 4272
f 4337 4348 4336
f 4524 4295 4290
f 4364 4197 4279
f 4285 4390 4302
f 5206 5208 5207
f 4297 4371 4296
f 4346 4286 4273
f 4285 4333 4284
f 3571 4395 5460
f 5341 5339 5342
f 5346 5334 5335
f 5269 5273 5289
f 4510 5609 5610
f 4509 5545 5609
f 4445 5611 5546
f 5566 5568 3368
f 5349 5338 5348
f 5489 3401 3398
f 5565 3368 3338
f 5496 5417 5630
f 5523 3383 5634
f 5325 5347 5324
f 5523 5599 5522
f 5429 3401 5633
f 3887 5631 5630
f 5634 5600 5523
f 5276 5279 5277
f 5298 5257 5300
f 5087 5085 5084
f 3361 5612 5548
f 5041 5066 5040
f 5487 3383 3384
f 5101 5130 5100
f 5299 5300 5303
f 5333 5335 5334
f 5302 5304 5303
f 5234 5216 5217
f 5301 5255 5258
f 4868 5322 4867
f 5281 5277 5279
f 5323 5322 5324
f 5298 5296 5297
f 4885 4750 4792
f 5231 5196 5197
f 4625 5313 5320
f 5111 5085 5098
f 5600 5549 5548
f 5531 5563 5527
f 5165 5182 5189
f 5283 5285 5284
f 4269 4277 4268
f 5610 5603 5606
f 5127 5091 5128
f 4907 5125 4906
f 5277 5272 5262
f 5596 5592 5598
f 5212 5226 5211
f 5273 5262 5272
f 5302 5258 5292
f 5635 5645 5640
f 4250 4379 4378
f 4485 3405 3402
f 4354 4023 4351
f 4265 4304 4386
f 4388 4282 4387
f 4345 4384 4385
f 4362 4297 4259
f 4836 4612 4828
f 4360 4236 4325
f 4369 4237 4234
f 5647 3986 3573
f 5650 3192 3189
f 5337 5336 5333
f 4467 4477 4466
f 4253 4340 4252
f 4429 5457 4428
f 3997 3915 3540
f 5535 3839 3982
f 5538 4460 4456
f 3439 5571 3438
f 5570 5526 5524
f 3438 5572 3445
f 4440 3879 3876
f 3440 4407 3449
f 3886 5695 5694
f 5534 5396 5451
f 5685 3471 5684
f 4278 4301 4302
f 5628 4449 5469
f 3579 3538 3578
f 4480 5628 4500
f 4402 5517 5518
f 4279 4198 4278
f 3603 3532 3602
f 3580 4088 4090
f 4095 3531 4094
f 5248 5251 5250
f 3778 3999 3776
f 4617 4613 4614
f 4375 4372 4519
f 3411 4136 3410
f 5094 5111 5097
f 3602 3535 3605
f 4023 4350 4351
f 4349 4336 4348
f 3605 3536 3592
f 4469 4471 4470
f 4094 3593 4097
f 4248 4245 4246
f 3519 5518 5517
f 5254 5284 5285
f 4852 4795 4766
f 4265 5629 4264
f 5632 5503 5631
f 3604 3612 3601
f 5549 5502 3360
f 3653 3607 3661
f 4780 4873 4779
f 4988 4979 4976
f 4491 5626 4481
f 4837 4995 4994
f 4615 4765 4749
f 5468 4470 4504
f 3514 3467 3513
f 5491 4409 5679
f 4093 3619 4092
f 4364 5629 4297
f 3488 5509 3487
f 5606 5611 5610
f 4210 4189 4209
f 4600 4602 4601
f 5242 5198 5240
f 5073 5075 5072
f 5651 3940 4060
f 3996 3775 3998
f 5200 5202 5201
f 5525 5527 5526
f 3364 4434 3363
f 3775 3542 3581
f 3941 5485 3855
f 3731 4105 3730
f 4997 4999 4998
f 4508 5608 5544
f 4101 3818 3816
f 3728 4103 3727
f 4591 4592 4328
f 4539 4538 4537
f 4550 4552 4551
f 4541 4567 4545
f 4389 4570 4568
f 4582 4580 4576
f 4976 4978 4977
f 4705 4707 4706
f 4797 4843 4844
f 3713 3730 3726
f 4675 4702 4704
f 4977 4981 4980
f 4810 4817 4816
f 4786 4812 4785
f 4715 4628 4714
f 4978 5021 4981
f 5010 5006 4991
f 3722 4162 4161
f 4558 4560 4559
f 4568 4569 4218
f 4584 4535 4585
f 4641 4715 4716
f 5026 5012 5068
f 4776 4745 4742
f 4714 4712 4713
f 4982 5001 4985
f 4576 4560 4582
f 4564 4566 4565
f 5069 5018 5029
f 5057 5048 5047
f 4810 4811 4680
f 3710 3786 3709
f 4991 4999 5010
f 5011 5010 5004
f 5008 5022 5027
f 5066 5063 5040
f 5047 5024 5025
f 5050 5051 5053
f 5023 5016 5024
f 5045 5059 5061
f 5047 5026 5057
f 3711 3724 3721
f 5048 5037 5047
f 5042 5063 5062
f 5058 5051 5054
f 5036 5046 5037
f 3715 3700 3714
f 5235 5257 5246
f 3732 3704 3702
f 5030 5062 5064
f 5020 5023 5022
f 5263 5261 5260
f 5049 5044 5034
f 5236 5250 5255
f 5031 5027 5022
f 5043 5039 5042
f 5320 5329 5330
f 5049 5052 5051
f 5326 5317 5327
f 3264 3288 3285
f 5264 5263 5260
f 4998 4992 4987
f 5009 5020 5008
f 5036 5039 5038
f 5032 5034 5033
f 4355 3949 3422
f 4269 4374 4323
f 4253 4378 4303
f 4525 4252 4340
f 3960 4111 3866
f 4372 4258 4296
f 5681 5673 5675
f 4378 4272 4287
f 4270 4346 4273
f 3244 5644 5643
f 4899 4648 4650
f 3734 3702 3810
f 4138 3343 4137
f 4192 4361 4360
f 3813 3812 3810
f 3817 3696 3814
f 5668 5682 5674
f 5690 5687 5684
f 5499 5700 5517
f 3999 3820 3577
f 3745 4102 4106
f 5684 3472 5690
f 5702 3860 5703
f 5712 5693 5670
f 3249 4393 3572
f 5695 5715 5694
f 5694 5716 5696
f 5719 5601 5602
f 4918 4950 4952
f 4774 4743 4773
f 3844 5605 3735
f 5505 4411 5504
f 3583 3585 3582
f 3710 4157 4160
f 5513 4417 5508
f 5704 4146 5709
f 4141 4062 4049
f 5669 5688 4410
f 3898 5653 5450
f 5718 3972 5719
f 5684 5686 5685
f 3917 5717 3512
f 3463 5662 5660
f 5492 5680 5491
f 4931 4950 4919
f 5665 3441 5663
f 3788 3740 3790
f 3501 3529 3994
f 3569 3477 3308
f 5516 5727 5515
f 3564 3566 3565
f 3892 5406 3889
f 3962 5407 3961
f 4126 4123 4125
f 4116 3287 5411
f 3892 5630 5417
f 3824 5413 5414
f 4408 5680 4412
f 3969 3978 5402
f 4408 3449 4407
f 4414 3449 4413
f 3962 3262 4125
f 4425 5616 4321
f 4418 5727 4419
f 5716 5575 5696
f 5719 5717 5718
f 5698 5692 5697
f 3880 4166 3987
f 5652 5520 5619
f 5621 4167 4166
f 5679 4410 5688
f 3210 3355 5618
f 5622 5451 5657
f 5416 5497 5624
f 5729 5731 5730
f 5733 3761 3758
f 5735 5737 5736
f 5750 5751 5734
f 5744 5740 5741
f 5744 3753 5746
f 5753 5730 5731
f 5757 5736 5737
f 5731 5765 5753
f 5774 5776 5775
f 5790 5792 5791
f 5796 5787 5797
f 5817 5819 5818
f 5828 5830 5829
f 3725 3751 3747
f 4874 4873 4875
f 4700 4903 4902
f 4740 4876 4739
f 3199 3201 3200
f 4100 4099 4101
f 3749 4108 3748
f 3695 3712 3692
f 3378 3380 3379
f 5504 4412 5507
f 4405 5518 5699
f 5838 5835 5836
f 4705 4712 4708
f 5832 5828 5833
f 5697 5678 5698
f 3791 4005 3790
f 5848 5794 5850
f 3714 3701 3704
f 3995 4042 3890
f 3329 3224 3222
f 4005 3705 4004
f 4551 4763 4550
f 5855 5808 5856
f 5851 5792 5852
f 5803 5858 5847
f 5844 5840 5845
f 5762 5743 5740
f 5808 5806 5807
f 4012 3426 3423
f 5558 3467 4067
f 4550 4720 4901
f 4950 4953 4952
f 3885 5694 5696
f 5705 4081 4082
f 5508 4415 5505
f 3745 3760 3744
f 5507 5680 5506
f 3592 3588 3591
f 3895 5658 5653
f 5613 5501 5549
f 3834 4393 4055
f 5527 4455 5526
f 5775 5809 5774
f 5766 5813 5810
f 5858 5812 5859
f 5855 5811 5858
f 5863 5819 5862
f 5826 5863 5829
f 5862 5833 5828
f 5870 5837 5845
f 5782 5831 5832
f 5868 5836 5873
f 5778 5843 5844
f 5866 5845 5840
f 5785 5867 5784
f 5790 5789 5793
f 5796 5794 5795
f 5821 5819 5820
f 5657 5620 5622
f 5793 5852 5792
f 5855 5801 5798
f 5853 5786 5796
f 5804 5802 5803
f 5827 5864 5822
f 5767 5821 5813
f 5854 5776 5777
f 5860 5818 5861
f 5782 5825 5785
f 5781 5844 5834
f 5810 5815 5816
f 5867 5830 5784
f 5809 5798 5799
f 5828 5863 5862
f 5865 5838 5868
f 5801 5802 5800
f 4086 3795 4149
f 5779 5842 5843
f 5827 5829 5830
f 5839 5869 5835
f 5814 5855 5856
f 5711 3859 5702
f 4958 4917 4960
f 5861 5821 5768
f 5863 5812 5820
f 5865 5823 5824
f 5873 5837 5871
f 5872 5842 5780
f 4089 3563 5704
f 3812 3785 3811
f 5770 5787 5788
f 5789 5847 5846
f 5793 5846 5849
f 4145 4146 3498
f 5848 5790 5791
f 3953 4009 3952
f 5748 5874 5747
f 4624 4626 4625
f 4665 4752 4664
f 4775 4779 4778
f 4746 4671 4747
f 4637 4601 4639
f 4828 4613 4827
f 4704 4762 4675
f 4843 4727 4687
f 4543 4725 4542
f 4731 4863 4730
f 4723 4558 4722
f 4842 4840 4838
f 4717 4857 4718
f 4865 4867 4866
f 5841 5866 5840
f 4725 4540 4542
f 4798 4816 4817
f 4632 4634 4633
f 4720 4715 4719
f 4642 4644 4643
f 3754 5874 5876
f 4860 4644 4847
f 4674 4722 4721
f 4808 4676 4677
f 4721 4822 4821
f 5876 5877 5746
f 4836 4840 4839
f 4658 4660 4659
f 4826 4800 4838
f 4877 4743 4744
f 4948 4971 4943
f 4875 4876 4889
f 4954 4934 4955
f 5773 5788 5790
f 5825 5833 5824
f 5834 5836 5835
f 5834 5845 5837
f 3359 3361 3360
f 5732 3756 3757
f 3394 3396 3395
f 3766 5741 5742
f 5774 5799 5777
f 5805 5857 5802
f 5813 5820 5812
f 3969 3964 3968
f 5667 5674 5666
f 5729 3792 3756
f 3770 5741 3769
f 4741 4739 4738
f 4689 4660 4661
f 5772 5787 5771
f 5735 3758 3764
f 5850 5773 5848
f 5617 3965 5650
f 5799 5854 5777
f 5875 5764 5879
f 5840 5842 5841
f 5861 5769 5860
f 5807 5853 5851
f 5869 5834 5835
f 3765 5739 5738
f 5882 5761 5759
f 5881 5887 5889
f 5895 5898 5897
f 5907 5906 5908
f 5909 5908 5910
f 4234 4526 4369
f 3912 3389 3914
f 5934 8730 8729
f 8730 5930 5931
f 4920 4922 4921
f 8845 8853 8851
f 4141 3404 4174
f 3733 3706 3731
f 8849 8848 8850
f 4234 4236 4235
f 8863 5919 8862
f 3733 4004 3705
f 5908 8859 8867
f 8865 8871 8870
f 8859 8863 8864
f 5927 5925 5928
f 5911 5904 5912
f 8878 8866 8879
f 5635 5637 5636
f 5745 5746 5877
f 3552 3554 3553
f 8857 8890 8875
f 5924 8860 5923
f 3553 3556 3552
f 5919 8861 8862
f 8869 8870 8891
f 8873 8878 8876
f 8856 8875 8874
f 8862 5889 5887
f 8846 8844 8843
f 8864 8866 8865
f 8729 8883 8884
f 8848 8887 8886
f 8878 5888 8893
f 8896 8855 8897
f 8853 8896 5885
f 8841 5882 5883
f 3489 3491 3490
f 8867 8864 8868
f 5910 8867 8898
f 5914 8898 8899
f 5916 8899 8900
f 5889 8860 5890
f 8876 8893 8894
f 5918 8900 8901
f 4424 5726 4423
f 8904 8900 8899
f 8909 8904 8905
f 8908 8903 8904
f 8869 8905 8868
f 3632 3667 3635
f 3687 3689 3688
f 3636 3681 3631
f 3664 3639 3665
f 4304 4306 4305
f 8909 8891 8910
f 3681 3695 3680
f 3758 3760 3759
f 3684 3700 3683
f 3721 3723 3722
f 3941 3943 3942
f 3738 3740 3739
f 3687 3709 3690
f 3238 3938 3220
f 4249 4288 4245
f 4499 3344 4464
f 4240 4368 4367
f 3453 3951 3919
f 4401 3547 3967
f 3950 3451 3436
f 3702 3701 3703
f 3725 3727 3726
f 3194 3208 3193
f 4034 4461 4462
f 3914 3913 3912
f 3483 3533 3482
f 3191 3957 3206
f 4292 3970 4293
f 3909 3428 3356
f 3959 3866 3867
f 4017 4309 4016
f 4316 4008 3953
f 4448 4450 4449
f 4414 4417 4416
f 3435 3351 3433
f 4413 4415 4414
f 3899 3901 3900
f 3780 3648 3809
f 3474 3886 3885
f 3958 3192 3214
f 3221 3935 4427
f 3905 3907 3906
f 3913 4486 3313
f 4420 4421 4085
f 3881 3883 3882
f 4004 3790 4005
f 4271 4318 4316
f 4259 4296 4258
f 3501 4066 3468
f 5897 5900 5899
f 5901 5904 5903
f 8854 8856 8855
f 3789 3786 3720
f 3651 3781 3782
f 5924 5901 5925
f 8870 8873 8872
f 8876 8874 8873
f 5912 5918 5911
f 3805 3799 3737
f 3369 3395 3396
f 3923 3925 3924
f 3916 3512 3509
f 3641 3801 3642
f 4276 4323 4320
f 4181 4331 4330
f 4428 3377 4429
f 3495 4321 4322
f 4436 3380 3381
f 4430 4437 4435
f 3945 3958 3946
f 4065 4047 3418
f 4495 3408 4496
f 8913 8915 8914
f 8911 8917 8916
f 8889 8923 8890
f 8919 8931 8921
f 8884 8918 8885
f 8922 8931 8925
f 5852 5909 5851
f 5866 5915 5917
f 8926 8914 8915
f 8914 8883 8913
f 8886 8921 8888
f 5846 5894 5891
f 5873 5900 5868
f 8893 5764 5754
f 8894 5754 5753
f 5890 5927 8936
f 5885 5755 5758
f 5871 5902 5873
f 5763 5883 5762
f 5880 8936 5763
f 4175 4398 4399
f 4274 4255 4275
f 8883 5931 8882
f 8868 8898 8867
f 3289 3247 3292
f 3858 5485 5921
f 8850 8886 8888
f 4116 5409 4115
f 3889 4127 5415
f 3678 8938 8937
f 8857 8888 8889
f 3979 3294 3295
f 4126 3431 3823
f 3651 3679 3650
f 3460 5921 3354
f 4084 3310 3487
f 8905 8899 8898
f 3561 5397 5656
f 3213 5528 5519
f 4191 4193 4192
f 5449 5532 5533
f 4142 4031 4479
f 4060 5652 5651
f 4480 4482 4481
f 5519 3212 3213
f 5657 3330 3940
f 4473 4475 4474
f 3514 5668 5667
f 5663 5669 5665
f 8881 5926 8880
f 5734 5749 5750
f 4788 4677 4678
f 3997 3538 3506
f 3551 3310 3294
f 3577 3998 3999
f 4893 4676 4809
f 4753 4671 4672
f 8729 8885 8843
f 3813 9021 8937
f 8938 3813 8937
f 8882 5929 8881
f 4098 3820 3821
f 3399 5416 3398
f 5494 5503 4403
f 5880 5878 5881
f 4986 4861 4987
f 4999 5004 5010
f 4985 4988 4976
f 5816 5766 5810
f 4372 4384 4519
f 5688 5692 5679
f 8903 8901 8900
f 8879 5887 5888
f 8902 8880 8901
f 5919 5895 5920
f 4519 4342 4291
f 8847 8854 8853
f 5925 5903 5926
f 4021 4523 4025
f 5678 5676 4406
f 4424 4085 4421
f 5701 3577 3820
f 5928 5926 5929
f 5000 4980 5004
f 9022 3545 4113
f 9024 5409 5410
f 4008 4010 4009
f 3931 4516 4513
f 3822 3807 3821
f 8851 8844 8845
f 5728 5509 5721
f 9025 4115 5409
f 5209 5201 5208
f 4820 4653 4682
f 3988 5598 4508
f 3370 3357 3395
f 5639 5641 5640
f 5592 4477 5543
f 3378 5572 3381
f 5625 3265 5626
f 5594 5577 3406
f 3302 5645 3301
f 3274 3278 3273
f 5207 5233 5243
f 5071 5072 5075
f 4815 4785 4812
f 4796 4643 4760
f 3243 5643 5648
f 5301 5303 5300
f 5431 5655 5654
f 5251 5244 5252
f 3353 3523 3524
f 4174 3405 3411
f 3546 4113 3545
f 4002 3788 4004
f 4196 4238 4195
f 3232 5647 3231
f 4373 4266 4310
f 4867 5321 4902
f 5648 4058 3243
f 4455 3893 4453
f 5593 4511 5592
f 5275 5252 5253
f 5252 5274 5251
f 4092 3624 3597
f 3723 3743 3722
f 4780 4802 4796
f 4059 3560 5425
f 4317 4347 4270
f 5188 5192 5187
f 5570 5612 5569
f 3385 5633 3384
f 3526 5569 5612
f 3576 3608 3590
f 3581 3594 3580
f 5239 5238 5232
f 5081 5083 5082
f 4369 4528 4527
f 4325 4329 4360
f 3569 3286 3336
f 9022 4112 5709
f 3661 3801 3653
f 5074 5030 5064
f 5064 5063 5065
f 3563 3498 4146
f 3961 4119 5411
f 4854 4870 4735
f 5018 5028 5029
f 5007 5027 5028
f 5040 5039 5041
f 3240 3875 3239
f 5070 5029 5072
f 3504 3866 4111
f 3537 3591 3588
f 5033 5039 5032
f 4710 4635 4879
f 5017 4989 5014
f 5024 5046 5023
f 4991 5019 4990
f 4587 4574 4573
f 4996 4793 4878
f 5066 5059 5067
f 5221 5231 5220
f 5068 5057 5026
f 3675 3643 3642
f 3663 3675 3662
f 4722 4559 4822
f 3579 3590 3591
f 3686 3677 3678
f 4422 3499 4419
f 5142 5138 5133
f 5078 5075 5076
f 3609 3590 3608
f 3288 5411 3287
f 5424 5410 3246
f 5152 5156 5172
f 3960 5709 4112
f 4946 4957 4958
f 3867 5705 3959
f 9026 4113 5710
f 5192 5189 5187
f 5161 5194 5171
f 3637 3682 3636
f 4392 3847 3848
f 3796 4149 3795
f 4104 3727 4103
f 3594 3993 4088
f 3796 4134 5710
f 3687 4156 4157
f 3760 4164 4165
f 4464 3345 4467
f 3485 3868 3484
f 3846 5423 4130
f 3409 4496 3408
f 3767 3765 3762
f 3711 4159 4160
f 3797 4087 3510
f 4072 5562 5560
f 4502 5590 5589
f 5408 9027 4118
f 5683 5714 5682
f 5702 4110 5711
f 5623 4148 4167
f 5428 3525 3522
f 3668 3802 3667
f 4000 8938 3679
f 4221 4179 4380
f 4267 4388 4315
f 3721 4161 4159
f 3903 5706 5705
f 3583 4090 4091
f 3894 3524 3525
f 4635 4636 4634
f 4173 4009 4010
f 4890 5393 5394
f 5290 5293 5292
f 5339 5337 5333
f 5458 4438 4439
f 3251 5430 3910
f 3252 5419 3251
f 3428 5421 3427
f 3571 5418 3252
f 4583 4554 4593
f 4239 4224 4238
f 3322 5450 5449
f 5309 5306 5304
f 4109 3748 4108
f 5707 3794 3795
f 5139 5183 5140
f 5271 5290 5259
f 5280 5282 5279
f 5110 5125 5115
f 5319 4731 5317
f 5334 5339 5333
f 5423 3523 5422
f 5376 5378 5375
f 4721 4646 4674
f 3719 4159 4161
f 4853 4692 4795
f 5373 5330 5375
f 4428 5456 4437
f 5376 5328 5331
f 3337 4434 4431
f 4692 5395 4795
f 5475 4523 5476
f 5478 4068 4522
f 5421 4129 5422
f 5374 5375 5378
f 5283 5306 5282
f 5246 5234 5235
f 5154 5150 5153
f 4458 5561 4457
f 5163 5158 5168
f 5381 5378 5379
f 3397 5484 5483
f 4457 5563 5537
f 5147 5150 5149
f 4474 5544 5545
f 5325 5319 5326
f 5223 5388 5222
f 5517 3521 3519
f 4499 3347 4487
f 5404 4128 4129
f 3476 5506 3475
f 4084 5515 4083
f 3900 5477 3899
f 5536 5547 5546
f 5491 5493 5492
f 5474 4139 5401
f 4063 4522 4068
f 4459 5541 5540
f 5548 3360 3361
f 5444 5550 4396
f 3888 5415 5412
f 5546 3339 4445
f 5536 5538 5537
f 3570 5508 3477
f 4471 5589 4476
f 4280 3359 5933
f 5499 4403 5503
f 5189 5169 5165
f 5543 4478 5542
f 4051 5552 3374
f 3461 5507 3476
f 4629 4870 4869
f 5106 4909 4862
f 5286 5279 5282
f 5462 3364 3365
f 3491 5514 3840
f 5224 5231 5229
f 4478 5540 5542
f 4099 3742 3723
f 4803 4805 4804
f 4130 5422 4129
f 4470 4476 4473
f 4924 4921 4922
f 4920 4927 4926
f 4993 4987 4992
f 4887 4913 4912
f 3894 4070 4071
f 5472 5585 5586
f 3508 4134 3507
f 3603 4096 4097
f 3772 3992 4110
f 5712 5671 5672
f 3739 4162 4163
f 5683 3515 5715
f 5480 4495 5479
f 5698 5493 5498
f 3578 3996 3998
f 3645 4154 4155
f 5660 3466 3463
f 4135 5710 4134
f 5587 4073 5586
f 5687 5693 5686
f 3584 4091 4150
f 5585 5584 5588
f 4128 5415 4127
f 4257 4338 4526
f 4222 4178 4179
f 4366 4191 4216
f 5098 5091 5088
f 5761 5737 5760
f 5760 5738 5739
f 8852 5934 8844
f 8874 8855 8856
f 8895 8855 8877
f 5884 8842 8852
f 4557 4582 4560
f 8890 8917 8892
f 8918 8930 8920
f 8924 8915 8916
f 4182 4330 4190
f 3864 5711 4110
f 3574 3230 3231
f 3342 3415 3341
f 3488 3549 3840
f 4317 3953 3949
f 3672 4152 4153
f 5708 3865 5707
f 9021 3685 3686
f 3621 3616 3617
f 5728 4419 5727
f 4311 4028 4310
f 4131 3543 3841
f 4426 3842 4423
f 4518 4168 4427
f 5457 5464 5456
f 5425 3558 3837
f 5458 4437 5456
f 3416 5465 5457
f 5638 5437 5637
f 3985 5636 5637
f 5646 5636 5647
f 9023 3554 5402
f 5722 5514 5726
f 3256 3934 3255
f 4164 5734 5751
f 8885 8920 8887
f 3282 3929 3281
f 3292 3320 3291
f 3232 3300 3301
f 3303 3271 3334
f 3562 5432 3325
f 3392 3388 3391
f 3854 5350 3851
f 5463 5459 5458
f 5935 3885 5576
f 3879 3954 3878
f 3928 3391 3388
f 4137 4458 4138
f 5454 3850 3851
f 3548 3549 3550
f 4443 5470 4442
f 4452 4506 4447
f 4468 3415 3879
f 4443 3876 4483
f 3234 4515 4516
f 5434 3896 5433
f 5448 5441 5644
f 5447 5443 5442
f 4442 5471 5467
f 5550 3275 5551
f 5578 4520 3409
f 3464 5666 3463
f 4701 4839 4840
f 3259 4041 4030
f 4015 3423 4018
f 3558 3982 3839
f 4856 4823 4824
f 4741 4653 4740
f 3759 4106 3763
f 3560 3290 3559
f 9024 3557 3553
f 5438 3280 5439
f 3321 3290 3291
f 5557 4072 5560
f 5553 3396 5554
f 4045 4174 4044
f 4539 4849 4585
f 3536 3503 3588
f 5478 5574 5477
f 3800 3510 3511
f 4755 4886 4754
f 5561 5527 5563
f 5752 5732 5751
f 5752 5756 5765
f 3518 5493 5521
f 3767 4107 4108
f 3534 4097 3593
f 4395 3826 3827
f 3926 3371 3925
f 4446 5610 5611
f 4050 3980 3981
f 8887 8843 8885
f 5649 5640 5645
f 4643 4761 4760
f 3709 3784 3690
f 4778 4660 4777
f 5649 4054 5648
f 5646 3301 5645
f 3250 3910 3909
f 5884 5757 5761
f 5655 5936 5937
f 4224 4226 4225
f 4043 3412 4013
f 4286 4288 4287
f 4267 4310 4266
f 4493 4080 4494
f 3325 3226 3227
f 3925 3372 3928
f 4312 4314 4313
f 3996 3540 3541
f 8908 8912 8907
f 4023 4025 4024
f 3995 3891 3994
f 5482 5559 4137
f 4486 3921 4484
f 4300 4302 4301
f 5438 5644 5441
f 3233 3282 3270
f 3225 3227 3226
f 5446 5445 5443
f 5554 3397 5555
f 4834 4830 4772
f 4064 3350 4063
f 3596 3598 3597
f 5639 5648 5643
f 5434 5654 5658
f 4895 4830 4831
f 3674 3676 3675
f 3551 3978 3550
f 3835 3305 3306
f 3813 3702 3703
f 3691 4160 4157
f 4109 4101 4103
f 4565 4188 4564
f 3490 3547 3489
f 3672 3647 3673
f 8906 8912 8913
f 3810 3811 3734
f 4051 4397 4396
f 3566 4090 4088
f 5580 5476 5579
f 4456 5537 5538
f 5539 5546 5611
f 8844 8729 8843
f 8872 8874 8875
f 4383 4198 4195
f 4931 4927 4930
f 5529 5397 5396
f 5314 5323 5328
f 5347 5323 5324
f 4711 4599 4596
f 5387 5389 4696
f 5259 5292 5258
f 5195 4803 5126
f 5195 4746 4806
f 4639 4866 4685
f 4821 4681 4721
f 3421 5399 3260
f 4730 4601 4602
f 4807 4811 4786
f 4040 3421 3948
f 4844 4800 4797
f 3936 3929 3930
f 4894 4817 4823
f 5365 5383 5368
f 4657 4661 4658
f 5224 4770 4804
f 5368 5382 5380
f 5336 5352 5335
f 5353 5386 5363
f 4070 4454 4069
f 5396 3327 3328
f 5225 5312 4809
f 5384 5386 5385
f 5391 4695 4759
f 4735 4870 4630
f 4407 4409 4408
f 4623 4880 4706
f 5356 5352 5354
f 4578 4859 4577
f 3239 3217 3938
f 3937 3333 3939
f 4578 4534 4535
f 5467 4505 4452
f 4836 4826 4838
f 4422 5721 4421
f 3392 5556 5482
f 5564 5565 5547
f 3807 3663 3660
f 5922 4392 4281
f 3680 3692 3693
f 3630 3632 3631
f 4416 5725 4418
f 4033 3836 4176
f 3238 4168 3342
f 3466 3483 3484
f 3678 3650 3679
f 3677 3649 3650
f 3340 4431 3884
f 3562 5656 5655
f 5658 5938 5939
f 3642 3640 3641
f 3306 3334 3981
f 3256 3280 3281
f 8910 8892 8917
f 5868 5898 5859
f 8924 8922 8925
f 8935 8925 8931
f 8882 8913 8883
f 8925 8926 8924
f 8840 8936 5927
f 5852 5905 5907
f 5136 5124 5137
f 4243 4260 4242
f 5238 5228 5232
f 5642 5643 5644
f 3924 3928 3927
f 5412 5700 3888
f 3750 3751 3707
f 3746 3770 3769
f 3859 3861 3860
f 3972 3493 3494
f 5923 8861 5920
f 4945 4958 4959
f 3296 3286 3287
f 3824 3907 3823
f 3671 4154 4153
f 4137 5481 5482
f 3614 3802 3617
f 3283 3559 3290
f 4936 4934 4933
f 5511 5726 5514
f 4170 3926 3923
f 3572 3830 3826
f 3459 3858 3460
f 3496 4425 3495
f 3457 3436 3437
f 3984 3986 3985
f 3914 3386 4487
f 5512 5723 5511
f 4500 4483 4480
f 4501 4471 4472
f 4503 4505 4504
f 4143 4461 4490
f 3331 3222 3219
f 4016 4018 4017
f 3998 3776 3999
f 4114 5710 4113
f 4405 4406 4404
f 5602 5720 5719
f 4767 4804 4770
f 4929 4954 4928
f 4410 5665 5669
f 3888 5632 3887
f 4048 3977 3974
f 3947 3212 5652
f 5676 3472 3473
f 5782 5784 5783
f 4315 4311 4267
f 5699 5521 5493
f 5864 5825 5822
f 5826 5822 5823
f 5775 5805 5806
f 3236 3270 3271
f 5823 5859 5826
f 4957 4895 4917
f 8868 8865 8869
f 4281 3848 4280
f 4940 4971 4949
f 4013 4029 4043
f 3685 3701 3684
f 4339 4377 4391
f 8891 8872 8892
f 3753 3755 3754
f 4427 3220 3221
f 3809 3779 3780
f 3568 4418 3500
f 3880 3918 3805
f 3543 3842 3841
f 4646 4648 4647
f 4656 4597 4598
f 4781 4820 4784
f 4972 4974 4973
f 5101 5109 5120
f 5095 5115 5125
f 5090 5132 5093
f 5131 5134 5133
f 5134 5127 5135
f 5117 5140 5129
f 3539 3863 3595
f 4006 3792 4007
f 5128 5099 5124
f 5097 5089 5096
f 5274 5271 5259
f 4571 4569 4549
f 4225 4238 4224
f 5156 5170 5172
f 4538 4540 4537
f 4622 4665 4662
f 4981 5004 4980
f 5012 4975 5013
f 5148 5149 5157
f 5157 5133 5134
f 5161 5145 5160
f 4261 4242 4260
f 5294 5291 5268
f 4255 4532 4261
f 5274 5250 5251
f 4246 4207 4248
f 3314 3927 3912
f 4670 4672 4671
f 4995 4673 4986
f 4638 4603 4600
f 4341 4525 4340
f 5163 5165 5162
f 4834 4784 4819
f 4784 4682 4819
f 4844 4687 4688
f 5280 5275 5285
f 4217 4564 4188
f 4554 4556 4555
f 4551 4556 4594
f 4549 4544 4571
f 5141 5173 5175
f 4653 4683 4682
f 4973 4989 4988
f 4984 5015 4983
f 5177 5170 5178
f 5166 5181 5182
f 5141 5139 5138
f 5178 5151 5177
f 5244 5203 5245
f 5252 5245 5253
f 4479 4079 4493
f 4402 4404 4403
f 3500 4419 3499
f 5856 5909 5913
f 4488 3348 3349
f 8851 5885 5886
f 3607 5701 4098
f 3508 3503 3504
f 5847 5896 5894
f 4374 4309 4263
f 3380 4438 3379
f 9025 3553 3554
f 5718 4131 3973
f 3300 3283 3321
f 5551 3276 5552
f 5552 3369 5553
f 5555 5483 5557
f 5859 5896 5858
f 4133 3794 3915
f 3606 3652 3610
f 4900 4766 4691
f 4616 4789 4788
f 3738 4164 3757
f 4774 4642 4801
f 4399 3402 4175
f 5853 5795 5851
f 3936 4427 3935
f 3418 4064 4065
f 5510 3840 5514
f 3270 3279 3269
f 3274 4056 4055
f 4359 4305 4306
f 4135 3504 4111
f 3610 3609 3606
f 3837 3557 5425
f 5940 4401 5941
f 5853 5803 5847
f 5725 5515 5727
f 3246 4117 3245
f 5713 5672 5681
f 4918 4916 4915
f 4148 3771 5703
f 5106 5113 5111
f 4147 5709 4146
f 5152 5177 5151
f 9026 4111 4112
f 5104 5103 5112
f 3531 3485 3593
f 3713 3715 3714
f 3699 3815 3697
f 4467 4459 4478
f 4703 4736 4640
f 5405 3846 5406
f 3555 3963 3964
f 4120 5411 4119
f 4217 4185 4218
f 3279 5441 3269
f 4944 4959 4966
f 4353 4344 4357
f 3815 3716 4104
f 3374 4052 4051
f 4491 4516 4515
f 5865 5833 5866
f 5819 5856 5862
f 5807 5856 5808
f 3933 3281 3929
f 3208 3920 3919
f 8907 8902 8903
f 5288 5295 5287
f 3728 3747 3748
f 3309 4083 3336
f 5119 5101 5120
f 3811 3789 4002
f 3595 3992 3993
f 4106 4100 4107
f 5696 5576 3885
f 3708 3750 3707
f 3744 4165 4163
f 5905 5892 5906
f 3403 4175 3402
f 4133 3506 3507
f 4147 3544 3545
f 3561 3325 3324
f 3237 3239 3238
f 4877 4793 4794
f 3241 3243 3242
f 3597 3625 3596
f 3279 3281 3280
f 3371 3373 3372
f 3599 3567 3598
f 3975 4032 4031
f 3277 3250 3278
f 3774 3565 3773
f 3658 3780 3779
f 4961 4963 4960
f 3600 3616 4096
f 4228 4202 4199
f 4011 4318 4350
f 4307 4262 4308
f 4838 4841 4842
f 4782 4773 4743
f 4914 4946 4947
f 4839 4765 4836
f 4771 4645 4642
f 4962 4964 4963
f 4966 4963 4964
f 3601 3615 3600
f 5878 5879 5881
f 5890 5881 5889
f 3720 4158 3719
f 4755 4689 4663
f 3740 3718 3739
f 5695 5686 5714
f 5740 5742 5741
f 5733 5736 5749
f 5755 5750 5749
f 5745 5762 5740
f 5798 5800 5799
f 4706 4879 4705
f 5651 5619 5620
f 5850 5797 5772
f 5804 5806 5805
f 4087 5707 4086
f 5915 5914 5916
f 5703 4167 4148
f 5893 5896 5895
f 5892 5919 8858
f 5706 5664 4081
f 5786 5788 5787
f 3973 3841 3493
f 4831 4915 4916
f 5906 8858 8859
f 4965 4969 4964
f 4684 4846 4842
f 3589 3611 3604
f 3596 4150 4091
f 5877 5763 5745
f 4121 4123 4122
f 3469 3868 3502
f 3204 3208 3207
f 3716 3726 3727
f 5460 5426 3571
f 3465 3470 3464
f 5738 3764 3765
f 4887 4655 4888
f 4203 4205 4204
f 3959 4082 4089
f 5758 5886 5885
f 5781 5872 5780
f 4675 4723 4674
f 3757 5751 5732
f 3334 3272 3335
f 8880 5903 5911
f 5615 3473 5614
f 5759 5760 5743
f 8845 8848 8847
f 5778 5780 5779
f 8857 8849 8850
f 4132 3798 3859
f 5839 5841 5842
f 560 3187 559
f 5747 4007 3792
f 5928 8840 5927
f 5766 5768 5767
f 4848 4956 4847
f 4953 4967 4965
f 4832 4910 4915
f 5879 5888 5887
f 3598 3530 4095
f 5747 5730 5748
f 5754 5748 5730
f 5810 5812 5811
f 5758 5749 5736
f 4315 4387 4314
f 5917 5916 5918
f 5913 5910 5914
f 5930 8841 8840
f 4951 4968 4953
f 3209 3201 3202
f 4059 3246 3247
f 8731 8842 8841
f 3776 3585 3778
f 5770 5772 5771
f 5891 5893 5892
f 9028 5641 5439
f 5814 5816 5815
f 5662 5673 5661
f 3522 3524 3523
f 5630 5942 5496
f 5791 5795 5794
f 5746 3754 5876
f 5928 5931 5930
f 5743 5739 5742
f 5876 5875 5878
f 3678 9021 3686
f 4200 4207 4199
f 4114 3916 4149
f 3601 3605 3604
f 3818 3712 3817
f 3315 3317 3316
f 5899 5902 5901
f 8840 5883 8936
f 5562 5559 5560
f 4416 3448 4414
f 3189 3191 3190
f 4751 4747 4671
f 4181 4180 4177
f 3832 5454 5351
f 3362 3526 3361
f 5678 5699 5698
f 3497 3499 3498
f 448 807 447
f 647 122 270
f 5690 5677 5697
f 4183 4185 4184
f 1833 1780 1832
f 5920 5897 5923
f 510 508 507
f 4401 5944 5941
f 5656 5530 5936
f 3970 5940 4293
f 5653 5939 5946
f 5450 5946 5532
f 3384 5945 5487
f 4403 4299 5494
f 5944 3968 5949
f 3963 5951 3852
f 5614 3474 5935
f 5427 3857 5951
f 3210 1887 3201
f 1887 3200 3201
f 15 3197 3200
f 16 3195 3197
f 3195 3187 3194
f 3194 1899 3207
f 3207 375 3204
f 387 126 127
f 3189 1760 5650
f 9029 757 758
f 763 2172 2175
f 9035 9032 9033
f 9033 9031 9030
f 9046 9048 9047
f 8751 9054 8752
f 9078 9077 9079
f 9083 9051 9053
f 9088 9047 9048
f 9099 9040 9097
f 9102 9036 9099
f 9105 9032 9103
f 9105 9106 9031
f 1801 9108 9107
f 9103 9034 9102
f 9096 9047 9089
f 1767 9111 9112
f 1597 9113 1600
f 1708 9117 9116
f 9123 9119 9118
f 9118 9125 9124
f 1588 9116 1587
f 2080 9118 2082
f 2082 9124 2084
f 9126 9087 9083
f 9129 9088 9087
f 5512 5943 5947
f 5634 5488 5948
f 5724 5947 5616
f 9134 9097 9133
f 9144 9102 9138
f 9133 9096 9132
f 786 9144 785
f 9146 9103 9144
f 785 9138 497
f 497 9134 650
f 650 9133 564
f 9148 9133 9132
f 8756 9057 8753
f 9154 9130 9129
f 9151 9131 9130
f 9097 9090 9096
f 1799 9111 1768
f 5949 3964 3853
f 9160 8809 8811
f 8813 9160 8811
f 9166 564 9148
f 9067 9054 9052
f 9162 9148 9150
f 9087 9048 9051
f 9081 9079 9082
f 9049 9051 9048
f 9082 9167 9081
f 9079 9049 9046
f 9169 9175 9170
f 9167 9112 9081
f 9168 9177 9167
f 9120 9113 9177
f 9120 9169 9119
f 9119 9170 9125
f 9179 9125 9170
f 9180 9124 9125
f 9178 9170 9175
f 1576 2084 9124
f 9179 9183 9181
f 3203 1387 3190
f 3190 1791 3189
f 5618 1949 3210
f 317 259 391
f 2000 9105 9146
f 9053 9052 9054
f 9041 9036 9037
f 9029 756 2170
f 9037 9034 9035
f 9130 9089 9088
f 3204 376 3203
f 1801 9109 1799
f 9181 9180 9179
f 1575 9190 1088
f 9187 1576 9180
f 1776 1796 1775
f 1293 1290 1284
f 1326 1327 12
f 1294 1234 1290
f 878 1330 1337
f 5633 5490 5945
f 5933 3360 5502
f 5613 5948 5500
f 5604 3844 5720
f 3972 5950 5601
f 3494 4322 5950
f 4406 5615 4298
f 3492 4292 5943
f 5631 5495 5942
f 497 374 498
f 122 413 121
f 5624 3398 5416
f 9151 9156 9160
f 9058 8752 9054
f 9160 9150 9151
f 8815 9162 8813
f 9156 8794 8809
f 439 399 438
f 1512 1526 1511
f 1668 1738 1671
f 839 1362 838
f 1362 826 1012
f 3425 3418 4047
f 4905 5243 4808
f 4621 4662 4690
f 5582 5574 5577
f 4754 4756 4755
f 3902 4021 4022
f 9295 1896 9267
f 2053 2118 2117
f 9340 2120 2119
f 696 9268 9283
f 4922 4939 4924
f 4365 4186 4183
f 5105 4862 4670
f 5228 5226 5225
f 4781 4877 4794
f 5218 5238 5217
f 4990 4992 4991
f 4335 4336 4251
f 4993 4972 5002
f 4794 4792 4750
f 5886 8852 8851
f 5405 5417 5416
f 4669 4764 4668
f 4676 4698 4679
f 1826 639 640
f 9192 9181 9183
f 5232 5233 5204
f 5418 4122 5419
f 956 886 960
f 5720 3512 5717
f 4728 4730 4729
f 8879 8863 8862
f 1980 1922 807
f 4969 4966 4964
f 33 105 164
f 9028 3254 5437
f 3837 3839 3838
f 4382 4301 4383
f 3908 4122 4123
f 4290 4294 4291
f 4400 4055 4056
f 3219 3221 3220
f 8894 8877 8876
f 4640 4735 4630
f 4389 4216 4213
f 3267 4493 4451
f 3268 4463 4144
f 5097 5098 5088
f 5094 5096 5095
f 5654 5937 5938
f 4089 3960 3959
f 5159 5162 5160
f 5202 5249 5205
f 5412 5414 5413
f 5715 3516 5716
f 5723 4423 5726
f 4263 4323 4374
f 3994 3564 3774
f 1343 9308 9309
f 3470 5667 3464
f 5659 5671 5706
f 3319 4053 3299
f 9359 2128 9354
f 1766 1582 1594
f 14 2163 738
f 595 99 594
f 5703 3772 5702
f 5206 5229 5209
f 3437 3458 3457
f 5516 3487 5509
f 5122 5087 5123
f 3223 3934 3935
f 3979 5402 3978
f 3828 3320 3827
f 5663 4081 5664
f 4035 4490 4461
f 4426 5724 4425
f 3881 4447 4444
f 5407 4118 4119
f 5691 5689 5687
f 5661 5672 5671
f 5911 8901 8880
f 3902 3871 4046
f 5541 5539 5606
f 4069 5561 5562
f 3248 3292 3247
f 1346 1044 1352
f 748 1425 747
f 3297 3255 3934
f 5445 4056 5550
f 5783 5830 5831
f 4310 4376 4373
f 5857 5800 5802
f 3882 4452 3881
f 3193 3919 3951
f 3190 3206 3203
f 4266 4268 4267
f 4488 3420 4486
f 3331 3940 3330
f 4282 4284 4283
f 4606 4607 4605
f 4628 4708 4712
f 4659 4733 4658
f 4615 4829 4614
f 4718 4713 4717
f 5722 4421 5721
f 3307 3461 3433
f 4686 4634 4636
f 3966 3550 3978
f 4738 4875 4873
f 3416 3237 3341
f 4527 4208 4200
f 5093 5114 5092
f 5124 5086 5122
f 5117 5138 5139
f 4631 4640 4630
f 5166 5168 5167
f 5185 5187 5186
f 5194 5191 5171
f 3245 4118 9027
f 5214 5203 5200
f 3230 3318 3284
f 5237 5217 5238
f 5250 5258 5255
f 5113 5084 5085
f 5270 5269 5268
f 4906 5107 4768
f 5271 5267 5270
f 5276 5262 5263
f 5153 5174 5173
f 5290 5268 5291
f 5306 5303 5304
f 5147 5146 5143
f 4585 4856 4584
f 3226 5436 3225
f 4473 4504 4470
f 5765 8897 8895
f 4529 4247 4530
f 8923 8916 8917
f 5713 5682 5714
f 3315 3898 3322
f 5564 5537 5563
f 4468 4441 5466
f 3738 4163 4165
f 4577 4559 4560
f 5567 3366 3363
f 3587 4150 4151
f 5471 4504 4505
f 5860 5816 5817
f 3516 5558 5932
f 5436 5637 5437
f 5050 5083 5060
f 5547 3338 3339
f 9023 3295 4115
f 5708 4132 5711
f 4104 3814 3815
f 3718 4161 4162
f 5498 5679 5692
f 3884 4432 3883
f 3955 3877 3878
f 4049 4061 3977
f 8892 8875 8890
f 4572 4218 4569
f 4440 4442 4441
f 4497 3407 3408
f 4632 4633 4724
f 8906 8881 8902
f 5664 5670 5663
f 3751 3706 3707
f 3511 3736 3800
f 5129 5116 5117
f 5086 5098 5085
f 5135 5128 5136
f 5143 5145 5144
f 5168 5136 5137
f 5297 5246 5257
f 5164 5160 5162
f 5155 5171 5170
f 5137 5167 5168
f 5293 5307 5305
f 5513 4083 5515
f 4053 3825 4057
f 3228 3298 3227
f 3631 3635 3636
f 5689 5670 5693
f 5759 5883 5882
f 3793 3507 4134
f 4906 4891 4907
f 4719 4901 4720
f 3597 4095 4092
f 3352 4125 3262
f 9064 9058 9067
f 9076 9067 9077
f 9083 8794 9126
f 9131 9096 9089
f 9138 9099 9134
f 9154 9126 9156
f 9077 9052 9049
f 9053 8766 9083
f 9191 9187 9181
f 9082 9046 9193
f 9193 9168 9082
f 1284 1288 1285
f 9150 9132 9131
f 3841 3496 3493
f 3570 3336 4083
f 4027 4312 3258
f 4889 4781 4794
f 4041 4044 4043
f 4885 4813 4829
f 5419 3905 5430
f 4367 4227 4224
f 1778 1780 1779
f 1792 1584 1789
f 4308 3869 4307
f 4594 4762 4551
f 4767 4769 4768
f 5461 3366 3847
f 4763 4716 4720
f 4919 4915 4910
f 4300 4334 4333
f 5196 5198 5197
f 5158 5135 5136
f 5431 5433 5432
f 4545 4571 4544
f 4557 4594 4556
f 695 571 694
f 4156 3626 3694
f 4861 4670 4862
f 5681 5674 5682
f 5473 5580 5583
f 3622 4152 4151
f 5647 3574 3231
f 3674 3808 3649
f 4420 3498 3499
f 5675 5666 5674
f 3253 5439 3280
f 5870 5917 5912
f 8887 8919 8886
f 5862 5913 5915
f 3534 3485 3482
f 3313 4484 3312
f 9090 9046 9047
f 4871 4695 4855
f 3778 3822 3819
f 4889 4874 4875
f 4000 3784 4001
f 4897 4911 4910
f 3856 3838 3839
f 4772 4896 4771
f 4015 4376 4014
f 3433 3476 3435
f 4053 3302 3299
f 3367 3363 4434
f 3242 3831 3241
f 3441 4082 4081
f 4735 4855 4854
f 4756 4737 4689
f 3382 3384 3383
f 3698 3697 3682
f 4676 4678 4677
f 4948 4941 4944
f 4890 4805 4747
f 4757 4745 4737
f 4581 4380 4586
f 5716 5932 5597
f 4923 4926 4932
f 5077 5081 5076
f 5078 5058 5054
f 4009 5400 3952
f 5081 5078 5076
f 3930 4513 4514
f 4014 4028 4029
f 4025 4020 4021
f 3618 4096 3616
f 4581 4576 4580
f 4219 4188 4189
f 5440 3335 3272
f 5449 3323 3322
f 4229 4177 4202
f 4590 4214 4589
f 4227 4184 4226
f 4574 4858 4547
f 4565 5453 4563
f 4592 4588 4589
f 4590 4573 4579
f 3517 5521 3519
f 3845 3522 5423
f 4444 3884 3881
f 3982 5533 5535
f 4465 4497 4495
f 4520 4521 4496
f 4076 5591 5590
f 3635 3666 3634
f 3343 4498 5481
f 4022 3870 3871
f 3661 4098 3660
f 5691 5697 5692
f 3768 5742 5739
f 4514 3956 4518
f 3697 3814 3696
f 4394 5460 4395
f 4054 4057 4058
f 3284 3323 3559
f 4052 4169 4397
f 4447 4510 4446
f 4456 3346 4138
f 4483 3877 4482
f 4482 4512 4492
f 4492 4513 4516
f 5642 5439 5641
f 5448 5442 5440
f 5466 3882 3883
f 3340 4445 3339
f 8908 8910 8911
f 4397 3835 3980
f 5413 3521 5412
f 3234 3932 3233
f 5753 8895 8894
f 8896 5756 5755
f 8921 8889 8888
f 8915 8911 8916
f 3933 3935 3934
f 3620 3657 3623
f 3966 3968 3967
f 4905 4769 4770
f 3225 5437 3254
f 5433 3984 5435
f 5714 5693 5713
f 5435 3985 5436
f 3954 3955 3878
f 4713 4632 4724
f 4879 4632 4705
f 3983 3896 3897
f 9027 3248 3245
f 5871 5912 5904
f 5849 5891 5905
f 4702 4640 4641
f 4213 4579 4389
f 3644 3688 3689
f 9193 9040 9041
f 8920 8935 8919
f 5406 4130 4127
f 4140 5401 4139
f 5659 3904 5660
f 4772 4783 4834
f 4244 4246 4245
f 4061 4037 4038
f 3669 3803 3668
f 3459 3209 3202
f 4072 5484 4071
f 4835 4834 4819
f 5660 5661 5659
f 4262 4264 4263
f 3633 3627 3628
f 3685 3676 3686
f 4517 3235 3304
f 4145 4085 3544
f 5455 5459 3850
f 5638 5640 5641
f 3228 3254 3255
f 4044 3411 3412
f 3614 3612 3613
f 3273 3275 3274
f 4952 4961 4918
f 4959 4960 4963
f 4888 4761 4860
f 4254 4256 4255
f 4199 4201 4200
f 4499 4465 5480
f 5479 4496 4521
f 5952 5954 5955
f 5956 5958 5959
f 5959 5960 5961
f 5962 5964 5965
f 5966 5968 5969
f 5967 5971 5968
f 5963 5961 5960
f 5972 5964 5973
f 5974 5976 5977
f 5978 5980 5981
f 5982 5984 5985
f 5986 5985 5984
f 5988 5990 5991
f 5992 5994 5995
f 5996 5998 5999
f 6000 6002 6003
f 6004 6006 6007
f 6008 6010 6011
f 6012 6014 6015
f 6016 6018 6019
f 6020 6022 6023
f 6024 6026 6027
f 6028 6030 6031
f 6032 6034 6035
f 6036 6038 6039
f 6040 6013 6012
f 6042 6044 6045
f 5992 6047 5993
f 6048 6050 6051
f 6052 6054 6055
f 6056 6058 6059
f 6060 5987 5986
f 6062 6064 6065
f 6066 6068 6069
f 6070 6027 6026
f 6072 6057 6056
f 6075 6077 6074
f 6078 6080 6081
f 6082 6054 6084
f 6085 6081 6086
f 6087 5990 6088
f 6061 6089 5987
f 6089 6091 6092
f 6092 6093 6094
f 6095 5981 6096
f 6062 6084 6063
f 6097 6035 6034
f 6056 6099 6072
f 6100 6102 6103
f 6001 6104 6105
f 6107 6109 6106
f 6110 6112 6113
f 6114 6025 6115
f 6116 6118 6119
f 6120 6122 6123
f 6124 6126 6127
f 6128 6101 6100
f 6039 6131 6036
f 6132 6134 6135
f 6136 6138 6003
f 6139 6141 6142
f 6143 6145 6146
f 6148 6150 6147
f 6152 6154 6151
f 6155 6157 6158
f 6159 6161 6162
f 6163 6165 6166
f 6167 6169 6170
f 6171 6173 6174
f 6175 6104 6177
f 6178 6180 6181
f 6023 6183 6020
f 6184 6186 6187
f 6117 6188 6189
f 6190 6192 6193
f 6194 6026 6114
f 6195 6191 6190
f 6197 6199 6200
f 6201 6203 6204
f 6205 6207 6208
f 6209 6201 6204
f 6197 6211 6212
f 6212 6213 6214
f 5979 6214 6213
f 6203 6217 6204
f 6206 6198 6207
f 6218 5962 6219
f 5965 6219 5962
f 5972 3354 6221
f 6070 6222 6223
f 6224 6226 6227
f 6228 6230 6231
f 6232 6234 6235
f 6196 6236 6237
f 6071 6223 6238
f 6239 6241 6242
f 6243 6245 6246
f 6247 6248 6249
f 6250 6252 6253
f 6254 6256 6257
f 6258 6260 6261
f 6229 6263 6230
f 6264 6242 6241
f 6266 6268 6269
f 6270 6272 6273
f 6274 6276 6277
f 6195 6279 6236
f 6280 6281 6282
f 6283 6285 6286
f 6123 6287 6288
f 6289 6291 6292
f 6293 6243 6295
f 6240 6297 6241
f 6298 6267 6266
f 6300 6302 6303
f 6304 6306 6307
f 6251 6308 6309
f 6247 6311 6312
f 6313 6315 6316
f 6314 6317 6318
f 6319 6320 6321
f 6322 6088 6323
f 6216 6258 6217
f 6325 6327 6328
f 6217 6261 6329
f 6330 6238 6331
f 6071 6048 6027
f 6015 6333 6012
f 6079 6335 6080
f 6336 6240 6239
f 6294 6296 6240
f 6337 6339 6340
f 6341 6343 6344
f 6345 6347 6348
f 6266 6349 6298
f 6350 6352 6353
f 6295 6246 6354
f 6303 6356 6300
f 6357 6359 6360
f 6361 6363 6364
f 6365 6353 6366
f 6367 6369 6370
f 6371 6370 6372
f 6372 6374 6371
f 6375 6373 6376
f 6376 6378 6375
f 6379 6381 6382
f 6383 6385 6386
f 6387 6389 6390
f 6391 6393 6394
f 6395 6397 6398
f 6398 6400 6395
f 6399 6402 6400
f 6403 6401 6404
f 6405 6407 6408
f 6409 6411 6412
f 6367 6413 6414
f 6374 6415 6416
f 6417 6384 6383
f 6419 6348 6347
f 6421 6423 6424
f 6425 6400 6402
f 6426 6395 6400
f 6393 6428 6429
f 6429 6394 6393
f 6390 6431 6432
f 6433 6408 6407
f 6435 6437 6438
f 6439 6411 6438
f 6392 6441 6442
f 6397 6442 6443
f 6401 6444 6445
f 6446 6437 6404
f 6448 6450 6451
f 6452 6454 6455
f 6442 6456 6457
f 6443 6457 6458
f 6444 6460 6461
f 6445 6461 6462
f 6463 6462 6465
f 6446 6462 6464
f 6466 6468 6469
f 6448 6470 6471
f 6453 6472 6473
f 6474 6476 6477
f 6478 6480 6481
f 6482 6484 6485
f 6486 6488 6489
f 6490 6492 6493
f 6493 6494 6495
f 6496 6498 6499
f 6500 6502 6503
f 6504 6506 6507
f 6508 6509 6510
f 6511 6513 6508
f 6499 6515 6496
f 6516 6518 6519
f 6520 6522 6523
f 6524 6525 6526
f 6507 6527 6504
f 6504 6528 6510
f 6528 6508 6510
f 6529 6531 6532
f 6342 6534 6343
f 6535 6346 6536
f 6347 6537 6419
f 6434 6539 6408
f 6539 6405 6408
f 6541 6451 6450
f 6543 6470 6545
f 6546 6481 6547
f 6499 6548 6549
f 6549 6514 6499
f 6551 6553 6554
f 6555 6557 6558
f 6403 6423 6559
f 6426 6413 6416
f 6415 6428 6427
f 6430 6561 6562
f 6434 6420 6419
f 6563 6565 6566
f 6404 6445 6446
f 6459 6399 6398
f 6455 6388 6387
f 6405 6449 6406
f 6540 6450 6405
f 6567 6568 6569
f 6570 6463 6567
f 6475 6490 6465
f 6458 6571 6572
f 6573 6574 6575
f 6576 6578 6579
f 6193 6580 6581
f 6582 6584 6585
f 6583 6586 6587
f 6588 6587 6586
f 6590 6068 6591
f 6592 6594 6319
f 6251 6595 6252
f 6304 6597 6598
f 6272 6599 6273
f 3737 6558 6557
f 6600 6160 6601
f 6123 6603 6120
f 6604 6606 6607
f 6608 6208 6609
f 5972 6220 5965
f 6610 6612 6556
f 6613 6615 6616
f 6242 6618 6239
f 6226 6245 6227
f 6620 6622 6623
f 6624 6146 6625
f 6626 6211 6136
f 6627 6629 6630
f 6631 6633 6634
f 6235 6636 6232
f 6637 6639 6640
f 6641 6286 6642
f 6643 6645 6646
f 6647 6649 6650
f 6244 6294 6336
f 6336 6652 6244
f 6194 6237 6222
f 6196 6114 6191
f 6115 6191 6114
f 6653 6655 6656
f 6657 6189 6658
f 6117 6659 6118
f 6130 6156 6131
f 6133 6151 6134
f 6661 6662 6660
f 6663 6616 6552
f 6664 6273 6665
f 6418 6432 6431
f 6290 6328 6291
f 6666 6556 6612
f 6557 3805 3737
f 5971 6668 5968
f 6181 6670 6178
f 6671 6673 6674
f 6676 6672 6675
f 6675 6149 6676
f 6067 5999 5998
f 6677 6679 6680
f 6681 6683 6684
f 6087 6090 6089
f 5983 6685 6686
f 5982 6687 6685
f 6094 6688 6687
f 6211 6137 6136
f 6689 6691 6692
f 6690 3833 3832
f 6001 6686 6002
f 5978 6215 5979
f 6694 5978 6095
f 5974 6095 6695
f 6183 6696 6697
f 6698 5961 6218
f 5959 6699 5956
f 6697 6700 6701
f 6702 6703 6704
f 5968 6705 5969
f 6706 5955 5954
f 6707 6617 6708
f 6024 6709 6710
f 6402 6559 6425
f 3852 6712 3853
f 3856 6593 3857
f 5977 6694 5974
f 6713 5977 5976
f 6714 6716 6717
f 6718 6308 6250
f 6720 6254 6721
f 6722 6724 6725
f 6312 6726 6727
f 6069 6728 6729
f 6319 6730 6086
f 6731 6644 6732
f 6732 6734 6731
f 6046 6320 6047
f 3880 6666 6735
f 6736 6738 6739
f 6531 6741 6326
f 6300 6614 6613
f 6742 6325 6290
f 6743 3891 3890
f 6744 6301 6745
f 6746 6534 6533
f 6536 6579 6535
f 6535 6563 6537
f 6566 6537 6563
f 6538 6409 6539
f 6412 6539 6409
f 6412 6541 6540
f 6748 6542 6541
f 6749 6545 6542
f 6568 6547 6543
f 6751 6548 6546
f 6753 6550 6549
f 6755 6757 6758
f 6759 6761 6762
f 6763 6765 6762
f 6764 6623 6765
f 6766 6768 6769
f 6770 6772 6773
f 6774 6776 6777
f 6021 6777 6022
f 6723 6779 6724
f 6780 6782 6783
f 6784 6786 6787
f 6788 6790 6791
f 6185 6793 6186
f 6794 6725 6795
f 6729 6098 6097
f 6135 6798 6132
f 6799 6065 6800
f 6037 6802 6038
f 6005 6588 6586
f 6005 6804 6006
f 6052 6010 6805
f 6586 6803 6005
f 6092 5987 6089
f 6094 5985 6092
f 6096 6695 6095
f 6082 6799 6585
f 6657 6041 6659
f 6013 6658 6014
f 6795 6807 6808
f 6809 6811 6812
f 6813 6815 6816
f 6817 6819 6820
f 6821 6823 6824
f 6329 6204 6217
f 6202 6826 6203
f 6072 6827 6828
f 6598 6305 6304
f 6301 6613 6663
f 6830 6271 6270
f 6822 6778 6823
f 6326 6832 6327
f 6203 6833 6216
f 6027 6051 6024
f 6360 6835 6357
f 6836 6838 6839
f 6837 6841 6838
f 6362 6366 6363
f 6380 6384 6381
f 6421 6578 6842
f 6566 6410 6409
f 6394 6388 6391
f 6414 6368 6367
f 6371 6416 6413
f 6561 6378 6382
f 6382 6562 6561
f 6381 6418 6562
f 6389 6430 6431
f 6391 6454 6441
f 6441 6453 6456
f 6456 6473 6574
f 6495 6750 6568
f 6843 6485 6484
f 6844 6843 6846
f 6573 6847 6848
f 6849 6487 6486
f 6513 6752 6469
f 6517 6850 6503
f 6521 6851 6850
f 6844 6852 6853
f 6505 6510 6509
f 6753 6512 6754
f 6516 6521 6517
f 6614 6854 6615
f 6742 4003 3891
f 6708 6855 6856
f 6307 6857 6858
f 6307 6665 6304
f 6414 6425 6559
f 6416 6427 6426
f 6562 6431 6430
f 6419 6538 6434
f 6358 6839 6359
f 6059 6859 6860
f 6861 6863 6864
f 6865 6867 6868
f 6115 6869 6870
f 6871 6873 6874
f 6721 6596 6875
f 6876 6556 6555
f 6877 6552 6551
f 6551 6268 6877
f 6879 6265 6269
f 6239 6651 6336
f 6230 6619 6226
f 6171 6669 6880
f 6106 6882 6881
f 6883 6822 6821
f 6759 6187 6174
f 6725 6785 6807
f 6885 6808 6791
f 6886 6888 6031
f 6701 6756 6755
f 6884 6779 6822
f 6715 6309 6308
f 6889 6890 6891
f 6743 4042 6892
f 6270 6893 6830
f 6386 6895 6383
f 6895 6420 6896
f 6897 6417 6896
f 6897 6407 6898
f 6390 6899 6387
f 6900 6406 6449
f 6455 6901 6452
f 6902 6904 6471
f 6482 6905 6483
f 6501 6907 6502
f 6496 6908 6909
f 6532 6326 6325
f 6532 6743 6529
f 6612 6735 6666
f 6611 6910 6612
f 6626 5979 6213
f 6704 6105 6702
f 6913 6591 6914
f 6915 6795 6885
f 6229 4067 4066
f 6263 6289 6619
f 6745 6663 6877
f 6916 6757 6917
f 6885 6165 6915
f 6920 6783 6919
f 6921 6923 6924
f 6925 6924 6926
f 6927 6929 6930
f 6931 6933 6934
f 6935 6937 6938
f 6939 6941 6942
f 6943 6945 6946
f 6947 6949 6950
f 6944 6951 6952
f 6953 6955 6956
f 6957 6959 6960
f 6961 6929 6963
f 6964 6966 6967
f 6968 6970 6971
f 6969 6955 6970
f 6972 6946 6973
f 6974 6976 6977
f 6978 6980 6981
f 6940 6982 6983
f 6984 6986 6987
f 6988 6990 6991
f 6992 6989 6993
f 6994 6996 6997
f 6998 7000 7001
f 7002 7004 7005
f 7006 7008 7009
f 7010 7012 7013
f 7014 7016 7017
f 7018 6999 6998
f 7020 7022 7023
f 7024 7026 7027
f 7028 7030 7031
f 7032 7034 7035
f 7003 7036 7037
f 7038 7040 7027
f 6993 7030 7041
f 7042 7044 7045
f 7046 7007 7006
f 7011 7048 7049
f 7050 7052 7053
f 7054 7014 7055
f 7015 7056 7057
f 6621 7045 7044
f 7049 6775 6774
f 7051 6021 6020
f 7055 6701 7054
f 7054 6755 7056
f 6764 7047 7046
f 7020 7059 7013
f 7060 7062 7063
f 6958 7065 6959
f 6925 7067 6973
f 7068 6934 6926
f 7069 6991 7070
f 7071 7072 7073
f 7074 7076 7077
f 7078 7080 7081
f 7014 7082 7083
f 7084 7086 7087
f 7025 7031 7026
f 7085 7072 7088
f 7089 7087 7090
f 7055 7083 7091
f 7090 6770 6773
f 7092 7094 7095
f 7091 6697 7055
f 6770 7086 6758
f 7095 6767 6766
f 7096 6980 7097
f 7098 6940 7099
f 7058 7023 7100
f 7101 6930 7102
f 6974 7063 6967
f 7103 6971 7104
f 7105 6981 6977
f 7106 7036 7108
f 7109 7010 7110
f 7111 7018 7034
f 7098 7037 7100
f 7048 7112 6775
f 7113 7041 6997
f 6994 7115 7088
f 6965 6923 6966
f 6975 6945 6976
f 7061 7065 7062
f 6954 6933 6963
f 6763 7109 7047
f 7046 6620 6764
f 6947 7067 6956
f 6758 7056 6755
f 7118 7039 7038
f 7038 7070 7118
f 7106 7121 7122
f 7123 7053 7052
f 7123 7083 7082
f 7045 7006 7042
f 7107 7122 7009
f 7091 7052 7051
f 7091 6020 6183
f 6936 7097 6937
f 7125 6960 7102
f 6774 7050 7049
f 7119 6942 7039
f 7019 7005 6999
f 7011 7124 7012
f 7021 7040 7022
f 7114 7016 7115
f 7053 7049 7050
f 7086 7057 7056
f 6993 7127 6992
f 7075 7113 7076
f 4281 6603 7128
f 6012 7129 6040
f 7130 6584 7131
f 6797 7133 6798
f 6074 7135 6075
f 6789 6173 6790
f 6760 6776 6761
f 7136 6801 6589
f 6914 6674 6913
f 7007 7059 7008
f 7099 7003 7098
f 6984 7104 6938
f 7110 7047 7109
f 6333 6587 7129
f 5956 6667 5971
f 5957 5971 5970
f 7137 6308 6719
f 4292 6718 6250
f 6693 6668 6215
f 6215 6667 6214
f 6214 6699 6212
f 6698 6212 6699
f 6219 6198 6218
f 6207 6220 6208
f 6220 6609 6208
f 6262 4066 4003
f 7138 7140 7141
f 4298 7140 4299
f 7143 7145 7146
f 7147 7144 7149
f 7149 7151 7147
f 7150 7153 7151
f 6329 7154 7152
f 6261 7155 7154
f 7156 7157 7158
f 6598 7159 7160
f 6257 7161 7162
f 6256 4321 7161
f 6693 6706 6705
f 5954 6705 6706
f 5953 5969 5954
f 7163 5983 6912
f 7164 6138 7166
f 7167 7169 7170
f 6141 7172 6142
f 7166 7173 7164
f 6141 7174 7175
f 7176 7178 7179
f 7180 7182 7183
f 7184 7186 7187
f 6631 7183 7188
f 6218 6197 6698
f 6625 7189 6624
f 6814 7190 7191
f 6882 7193 7194
f 7195 6109 6108
f 6888 7198 7199
f 7200 7202 7203
f 7176 6630 7204
f 6029 7187 6030
f 7205 7207 7208
f 7209 7211 7212
f 7203 7213 7214
f 6886 6778 6723
f 6031 7215 6886
f 7216 7218 7219
f 7220 6880 6669
f 6076 7220 7222
f 6074 6672 6671
f 6147 6662 7223
f 7223 6111 6110
f 6810 6113 6112
f 6920 6914 6591
f 6077 6675 6672
f 6660 6076 6661
f 7222 6669 6181
f 7224 6181 6180
f 6660 6150 6675
f 7225 6794 6915
f 6783 7225 6164
f 6781 6068 6067
f 7217 7228 7218
f 6031 7199 6028
f 6887 6723 6722
f 6164 6915 6165
f 6780 6591 6068
f 7134 6671 6914
f 7229 6824 6823
f 7187 7230 7229
f 7226 6722 6794
f 7231 6169 7233
f 7201 7233 7202
f 6107 7235 7200
f 7215 6823 6778
f 6030 7229 7215
f 7236 7219 7179
f 7237 6820 6819
f 7237 7207 7238
f 7239 7241 7242
f 6739 7244 6736
f 7245 7242 7246
f 7233 6168 7247
f 7247 7202 7233
f 7195 7203 7214
f 7248 7250 6703
f 7227 7252 7228
f 7253 5998 7251
f 6067 7198 6781
f 6781 7197 6782
f 5984 6683 5986
f 7254 6678 6684
f 6679 7252 5997
f 6887 7197 6888
f 6782 7226 7225
f 7135 6163 7221
f 7221 6075 7135
f 6661 7222 7224
f 7224 6111 6661
f 6180 6112 7224
f 6179 6810 6180
f 6811 6793 6649
f 6650 6622 6769
f 6766 7044 7095
f 7095 7043 7092
f 7092 7121 7081
f 7078 7255 7033
f 7256 7257 7258
f 6768 7259 6647
f 6773 7094 7090
f 7090 7093 7089
f 7089 7080 7073
f 7071 7032 7260
f 7077 6998 7074
f 6995 7260 6996
f 7077 7261 7035
f 7035 7018 7077
f 7108 7111 7255
f 6978 7262 7001
f 7105 7264 7262
f 7263 6952 7264
f 6990 6951 7265
f 6972 7266 7265
f 7117 6950 7266
f 6948 7267 6949
f 6969 6982 7267
f 7103 6987 6983
f 7005 6986 7268
f 6999 7268 7000
f 7269 7271 7272
f 7274 7275 7273
f 7274 7276 7277
f 7278 7280 7281
f 7282 7284 7285
f 7286 7288 7289
f 7290 7292 7293
f 7294 7296 7293
f 7068 7298 7299
f 7300 7302 7303
f 7304 7305 7306
f 7307 7305 7308
f 7309 7283 7310
f 7311 7313 7314
f 7125 7306 7315
f 7285 7280 7282
f 7277 7303 7302
f 6965 7316 7317
f 7318 7316 7319
f 7320 7271 7314
f 7312 7296 7313
f 7270 7298 7322
f 7311 7322 7317
f 6961 7300 7308
f 7323 7325 7326
f 7327 7328 7329
f 7064 7325 7328
f 7287 7292 7288
f 6931 7299 7301
f 7331 7329 7319
f 7332 7334 7335
f 7336 7338 7339
f 7340 7333 7332
f 7342 7343 7344
f 7345 7347 7344
f 7348 7350 7351
f 7352 7354 7355
f 7356 7358 7359
f 7360 7362 7363
f 7365 7367 7364
f 7368 7370 7371
f 7372 7336 7374
f 7373 7337 7336
f 7367 7376 7377
f 7378 7380 7381
f 7382 7384 7385
f 7386 7385 7384
f 7388 7390 7391
f 7392 7333 7393
f 7394 7396 7397
f 7398 7400 7401
f 7402 7404 7405
f 7406 7408 7409
f 7410 7383 7382
f 7412 7414 7415
f 7385 7417 7382
f 7389 7419 7390
f 7373 7421 7375
f 7420 7372 7422
f 7369 7424 7370
f 7399 7397 7425
f 7393 7341 7342
f 7398 7357 7426
f 7358 7401 7427
f 7428 7430 7431
f 7433 7435 7432
f 7363 7436 7437
f 7383 7439 7384
f 7411 7438 7383
f 7441 7443 7444
f 7445 7339 7447
f 7374 7339 7446
f 7444 7364 7448
f 7448 7450 7449
f 7364 7451 7450
f 7451 7377 7452
f 7449 7454 7453
f 7455 7450 7451
f 7456 7451 7452
f 7410 7458 7459
f 7460 7462 7369
f 7423 7462 7463
f 7464 7466 7467
f 7468 7347 7470
f 7376 7471 7472
f 7425 7396 7473
f 7475 7477 7474
f 7478 7480 7481
f 7482 7407 7406
f 7484 7351 7486
f 7487 7488 7489
f 7490 7492 7493
f 7412 7434 7433
f 7494 7434 7415
f 7496 7391 7497
f 7440 7498 7499
f 7401 7488 7500
f 7485 7345 7501
f 7500 7427 7401
f 7395 7469 7468
f 7503 7505 7506
f 7507 7509 7510
f 7511 7513 7514
f 7511 7515 7516
f 7517 7519 7520
f 7521 7523 7355
f 7352 7525 7526
f 7415 7527 7494
f 7528 7530 7486
f 7404 7502 7500
f 7477 7496 7532
f 7512 7481 7513
f 7405 7500 7488
f 7533 7535 7536
f 7378 7510 7537
f 7532 7379 7538
f 7539 7541 7542
f 7524 7355 7523
f 7351 7501 7348
f 7414 7523 7527
f 7522 7527 7523
f 7544 7412 7545
f 7546 7547 7548
f 7526 7353 7352
f 7550 7355 7354
f 7521 7551 7548
f 7552 7548 7551
f 7546 7553 7554
f 7522 7548 7547
f 7418 7520 7555
f 7416 7554 7417
f 7457 7558 7458
f 7557 7560 7558
f 7535 7561 7562
f 7562 7563 7564
f 7564 7349 7348
f 7351 7565 7486
f 7567 7569 7566
f 7570 7520 7519
f 7419 7555 7571
f 7572 7348 7501
f 7389 7556 7418
f 7573 7493 7480
f 7552 7534 7553
f 7562 7536 7535
f 7572 7576 7574
f 7422 7578 7420
f 7423 7580 7424
f 7579 7463 7581
f 7578 7576 7582
f 7583 7381 7380
f 7586 7581 7585
f 7533 7579 7586
f 7447 7338 7587
f 7588 7531 7589
f 7590 7431 7591
f 7321 7592 7585
f 7275 7463 7273
f 7461 7276 7462
f 7279 7461 7453
f 7453 7593 7279
f 7594 7454 7455
f 7330 7498 7459
f 7459 7294 7330
f 7558 7595 7295
f 7560 7320 7595
f 7275 7585 7581
f 7462 7273 7463
f 7596 7380 7497
f 7597 7406 7409
f 7467 7599 7600
f 7601 7603 7604
f 7605 7444 7443
f 7365 7606 7366
f 7607 7494 7608
f 7513 7473 7396
f 7396 7514 7513
f 7514 7468 7515
f 7470 7515 7468
f 7610 7609 7470
f 7612 7476 7475
f 7613 7529 7614
f 7442 7615 7616
f 7343 7617 7618
f 7574 7577 7536
f 7619 7399 7491
f 7518 7509 7519
f 7491 7425 7492
f 7549 7621 7565
f 7491 7622 7619
f 7377 7440 7452
f 7379 7497 7380
f 7453 7460 7449
f 7411 7459 7498
f 7623 7391 7390
f 7625 7610 7484
f 7487 7483 7626
f 7619 7408 7489
f 7627 7620 7549
f 7538 7378 7537
f 7389 7477 7476
f 7629 7412 7433
f 7489 7407 7487
f 7628 7598 7597
f 7413 7524 7414
f 7592 7559 7630
f 7584 7632 7381
f 7569 7633 7571
f 7570 7566 7569
f 7631 7566 7632
f 7508 7519 7509
f 7614 7480 7613
f 7346 7470 7347
f 7572 7562 7564
f 7571 7634 7419
f 7346 7484 7610
f 7607 7431 7495
f 7585 7630 7586
f 7624 7497 7391
f 7635 7384 7439
f 7636 7502 7588
f 7323 7310 7289
f 7420 7582 7421
f 7637 7455 7456
f 7287 7499 7498
f 7458 7295 7294
f 7439 7472 7635
f 7599 7604 7600
f 7359 7427 7636
f 7436 7639 7437
f 7490 7640 7622
f 7481 7493 7473
f 7641 7505 7525
f 7642 7627 7644
f 7492 7473 7493
f 7517 7625 7530
f 7625 7486 7530
f 7634 7390 7419
f 7474 7532 7516
f 7448 7441 7444
f 7368 7449 7460
f 7615 7368 7371
f 7638 7602 7639
f 7575 7501 7345
f 7571 7570 7569
f 7400 7489 7488
f 7508 7632 7566
f 7503 7540 7539
f 6957 7315 7326
f 7376 7438 7377
f 7507 7381 7632
f 7499 7452 7440
f 7286 7456 7499
f 7504 7644 7505
f 7368 7460 7369
f 7645 7627 7643
f 7647 7633 7646
f 7647 7623 7634
f 7649 7623 7648
f 7650 7624 7649
f 7646 7568 7651
f 7651 7567 7652
f 7653 7567 7631
f 7651 7655 7646
f 7656 7658 7659
f 7660 7657 7661
f 7663 7656 7662
f 7664 7663 7666
f 7667 7663 7662
f 7667 7668 7655
f 7663 7661 7657
f 7670 7672 7669
f 7661 7671 7660
f 7659 7662 7656
f 7648 7668 7659
f 7648 7673 7649
f 7659 7674 7673
f 7658 7675 7674
f 7668 7646 7655
f 7660 7676 7675
f 7675 7678 7674
f 7677 7676 7679
f 7677 7681 7678
f 7682 7678 7681
f 7677 7684 7680
f 7673 7678 7683
f 7683 7649 7673
f 7685 7671 7670
f 7667 7686 7666
f 7666 7687 7664
f 7654 7686 7655
f 7689 7686 7688
f 7664 7691 7690
f 7650 7583 7596
f 7693 7631 7584
f 7584 7692 7693
f 7693 7682 7694
f 7694 7681 7695
f 7694 7653 7693
f 7650 7682 7692
f 7696 7652 7653
f 7654 7652 7697
f 7688 7697 7698
f 7699 7697 7696
f 7700 7698 7699
f 7695 7696 7694
f 7699 7702 7700
f 7689 7698 7701
f 7689 7703 7704
f 7705 7707 7703
f 7701 7705 7703
f 7704 7707 7685
f 7685 7691 7704
f 7687 7704 7691
f 7680 7695 7681
f 7684 7702 7680
f 7702 7705 7700
f 7684 7707 7706
f 7676 7707 7679
f 7665 7672 7661
f 7670 7690 7691
f 7665 7690 7669
f 7611 7474 7609
f 7510 7479 7478
f 7511 7537 7512
f 7516 7538 7511
f 7517 7613 7518
f 7537 7478 7512
f 7611 7612 7475
f 7613 7479 7518
f 7556 7517 7520
f 7516 7609 7474
f 7708 7710 7711
f 7712 7714 7715
f 7713 7717 7714
f 7719 7721 7718
f 7722 7597 7409
f 7724 7715 7725
f 7726 7728 7729
f 7731 7573 7730
f 7730 7614 7732
f 7733 7735 7736
f 7721 7724 7737
f 7731 7409 7640
f 7708 7729 7738
f 7737 7709 7739
f 7716 7736 7740
f 7742 7744 7745
f 7740 7735 7746
f 7717 7740 7747
f 7716 7720 7741
f 7748 7711 7710
f 7750 7710 7725
f 7720 7751 7741
f 7734 7728 7735
f 7709 7725 7710
f 7752 7715 7714
f 7739 7708 7738
f 7720 7712 7721
f 7749 7755 7711
f 7745 7756 7747
f 7746 7742 7745
f 7743 7755 7754
f 7727 7735 7728
f 7747 7757 7717
f 7753 7725 7715
f 7751 7620 7733
f 7757 7714 7717
f 7718 7737 7732
f 7747 7746 7745
f 7727 7755 7742
f 7726 7711 7755
f 7759 7756 7758
f 7759 7752 7757
f 7760 7753 7752
f 7761 7750 7753
f 7758 7744 7763
f 7763 7743 7764
f 7754 7764 7743
f 7763 7767 7758
f 7768 7770 7771
f 7772 7771 7773
f 7775 7772 7774
f 7776 7775 7778
f 7779 7775 7774
f 7775 7769 7768
f 7770 7781 7780
f 7782 7772 7773
f 7760 7782 7773
f 7760 7783 7761
f 7773 7784 7783
f 7770 7784 7771
f 7779 7782 7767
f 7782 7758 7767
f 7785 7780 7786
f 7785 7788 7784
f 7787 7786 7789
f 7787 7791 7788
f 7792 7788 7791
f 7787 7794 7790
f 7793 7784 7788
f 7762 7783 7793
f 7796 7780 7795
f 7795 7781 7797
f 7779 7798 7778
f 7799 7778 7798
f 7766 7798 7767
f 7800 7799 7798
f 7802 7799 7803
f 7795 7802 7803
f 7762 7748 7750
f 7805 7754 7749
f 7749 7804 7805
f 7805 7792 7806
f 7806 7791 7807
f 7806 7765 7805
f 7793 7804 7762
f 7808 7764 7765
f 7766 7764 7809
f 7766 7810 7800
f 7811 7809 7808
f 7812 7810 7811
f 7807 7808 7806
f 7811 7814 7812
f 7813 7800 7810
f 7801 7815 7816
f 7817 7819 7815
f 7813 7817 7815
f 7816 7819 7796
f 7796 7803 7816
f 7799 7816 7803
f 7790 7807 7791
f 7794 7814 7790
f 7814 7817 7812
f 7794 7819 7818
f 7786 7819 7789
f 7777 7781 7769
f 7777 7802 7797
f 7528 7718 7529
f 7729 7723 7722
f 7738 7730 7739
f 7732 7739 7730
f 7733 7628 7734
f 7722 7738 7729
f 7621 7719 7528
f 7628 7723 7734
f 7733 7741 7751
f 7732 7529 7718
f 7486 7621 7528
f 7549 7350 7353
f 7353 7349 7354
f 7354 7563 7550
f 7821 7823 7820
f 7824 7826 7827
f 7825 7829 7826
f 7830 7832 7833
f 7834 7827 7835
f 7836 7838 7839
f 7840 7406 7841
f 7841 7598 7842
f 7843 7845 7846
f 7833 7834 7847
f 7848 7836 7839
f 7847 7821 7849
f 7828 7846 7850
f 7853 7855 7852
f 7850 7845 7856
f 7829 7850 7857
f 7828 7832 7851
f 7858 7823 7822
f 7860 7822 7835
f 7831 7851 7832
f 7844 7838 7845
f 7834 7822 7821
f 7863 7827 7826
f 7849 7820 7848
f 7825 7833 7832
f 7859 7866 7823
f 7855 7867 7857
f 7837 7855 7856
f 7865 7852 7866
f 7837 7845 7838
f 7857 7868 7829
f 7864 7835 7827
f 7843 7642 7504
f 7868 7826 7829
f 7830 7847 7842
f 7857 7856 7855
f 7837 7866 7852
f 7836 7823 7866
f 7870 7867 7869
f 7870 7863 7868
f 7871 7864 7863
f 7872 7860 7864
f 7869 7854 7874
f 7874 7853 7875
f 7876 7853 7865
f 7874 7878 7869
f 7879 7881 7882
f 7883 7882 7884
f 7886 7883 7885
f 7887 7886 7889
f 7890 7886 7885
f 7886 7880 7879
f 7891 7880 7892
f 7884 7885 7883
f 7871 7893 7884
f 7871 7894 7872
f 7884 7895 7894
f 7882 7896 7895
f 7890 7893 7878
f 7893 7869 7878
f 7881 7897 7896
f 7898 7895 7896
f 7900 7896 7897
f 7901 7899 7898
f 7904 7902 7903
f 7898 7905 7901
f 7894 7899 7904
f 7904 7872 7894
f 7907 7891 7906
f 7906 7892 7908
f 7890 7909 7889
f 7910 7889 7909
f 7877 7909 7878
f 7912 7909 7911
f 7887 7914 7913
f 7906 7913 7914
f 7873 7858 7860
f 7916 7865 7859
f 7859 7915 7916
f 7916 7903 7917
f 7917 7902 7918
f 7917 7876 7916
f 7873 7903 7915
f 7919 7875 7876
f 7877 7875 7920
f 7911 7920 7921
f 7922 7920 7919
f 7923 7921 7922
f 7918 7919 7917
f 7922 7925 7923
f 7924 7911 7921
f 7912 7926 7927
f 7928 7930 7926
f 7924 7928 7926
f 7927 7930 7907
f 7907 7914 7927
f 7910 7927 7914
f 7901 7918 7902
f 7905 7925 7901
f 7925 7928 7923
f 7905 7930 7929
f 7897 7930 7900
f 7888 7892 7880
f 7888 7913 7908
f 7645 7831 7830
f 7839 7862 7931
f 7841 7848 7840
f 7842 7849 7841
f 7504 7844 7843
f 7839 7840 7848
f 7643 7861 7831
f 7503 7862 7844
f 7846 7861 7843
f 7842 7645 7830
f 7932 7934 7935
f 7936 7938 7939
f 7937 7941 7938
f 7942 7944 7945
f 7947 7949 7946
f 7950 7939 7951
f 7953 7955 7952
f 7956 7958 7959
f 7956 7540 7960
f 7962 7964 7961
f 7936 7965 7945
f 7946 7958 7957
f 7966 7952 7955
f 7965 7933 7967
f 7968 7969 7964
f 7970 7972 7973
f 7974 7964 7963
f 7941 7968 7975
f 7940 7944 7969
f 7976 7935 7934
f 7978 7934 7951
f 7943 7969 7944
f 7947 7963 7962
f 7933 7951 7934
f 7980 7939 7938
f 7967 7932 7966
f 7937 7945 7944
f 7977 7983 7935
f 7973 7984 7975
f 7953 7973 7974
f 7982 7970 7983
f 7974 7954 7953
f 7975 7985 7941
f 7981 7951 7939
f 7961 7544 7545
f 7985 7938 7941
f 7942 7965 7960
f 7975 7974 7973
f 7952 7970 7953
f 7952 7935 7983
f 7987 7984 7986
f 7987 7980 7985
f 7988 7981 7980
f 7989 7978 7981
f 7986 7972 7991
f 7991 7971 7992
f 7993 7971 7982
f 7986 7994 7995
f 7997 7999 7996
f 8000 7999 8001
f 8003 8000 8002
f 8005 8006 8004
f 8007 8003 8002
f 7996 8005 7997
f 7998 8009 8008
f 8010 8000 8001
f 7988 8010 8001
f 7988 8011 7989
f 8011 7999 8012
f 7998 8012 7999
f 8007 8010 7995
f 8010 7986 7995
f 8013 8008 8014
f 8015 8012 8013
f 8017 8013 8014
f 8018 8016 8015
f 8021 8019 8020
f 8015 8022 8018
f 8011 8016 8021
f 8021 7989 8011
f 8023 8014 8008
f 8023 8009 8025
f 8007 8026 8006
f 8026 8004 8006
f 8028 7995 7994
f 8029 8026 8028
f 8030 8027 8031
f 8023 8030 8031
f 7990 7976 7978
f 8033 7982 7977
f 7976 8033 7977
f 8034 8032 8020
f 8035 8020 8019
f 8034 7993 8033
f 7990 8020 8032
f 8036 7992 7993
f 7991 8037 7994
f 7994 8038 8028
f 8039 8037 8036
f 8040 8038 8039
f 8035 8036 8034
f 8039 8042 8040
f 8041 8028 8038
f 8029 8043 8044
f 8045 8047 8043
f 8041 8045 8043
f 8044 8047 8024
f 8024 8031 8044
f 8027 8044 8031
f 8042 8019 8018
f 8022 8042 8018
f 8042 8045 8040
f 8017 8046 8022
f 8014 8047 8017
f 8005 8009 7997
f 8005 8030 8025
f 7506 7943 7942
f 7954 7946 7955
f 7967 7957 7956
f 7960 7967 7956
f 7948 7962 8048
f 7955 7957 7966
f 7641 7979 7943
f 7969 7961 7964
f 7960 7506 7942
f 7362 8050 7436
f 8052 7464 8051
f 8051 7467 8053
f 8054 7600 7604
f 8056 7618 8052
f 7436 8057 7638
f 8049 7361 8056
f 8057 7603 7638
f 8055 7467 7600
f 8058 7604 7603
f 8059 8058 8057
f 8060 8054 8058
f 8061 8055 8054
f 8062 8053 8055
f 8059 8050 8064
f 8064 8049 8065
f 8056 8065 8049
f 8059 8067 8068
f 8069 8071 8072
f 8073 8072 8074
f 8075 8073 8076
f 8077 8075 8076
f 8075 8070 8069
f 8079 8081 8070
f 8082 8070 8081
f 8083 8073 8074
f 8061 8083 8074
f 8061 8084 8062
f 8074 8085 8084
f 8072 8086 8085
f 8077 8083 8068
f 8083 8059 8068
f 8071 8087 8086
f 8088 8085 8086
f 8090 8086 8087
f 8091 8089 8088
f 8094 8092 8093
f 8088 8095 8091
f 8084 8089 8094
f 8094 8062 8084
f 8097 8082 8096
f 8096 8081 8080
f 8077 8098 8078
f 8099 8078 8098
f 8101 8068 8067
f 8102 8098 8101
f 8100 8104 8103
f 8096 8103 8104
f 8075 8100 8079
f 8079 8103 8080
f 8105 8053 8063
f 8066 8052 8106
f 8051 8106 8052
f 8107 8105 8093
f 8108 8093 8092
f 8107 8066 8106
f 8063 8093 8105
f 8109 8065 8066
f 8064 8110 8067
f 8067 8111 8101
f 8112 8110 8109
f 8113 8111 8112
f 8108 8109 8107
f 8112 8115 8113
f 8114 8101 8111
f 8102 8116 8117
f 8118 8120 8116
f 8114 8118 8116
f 8117 8120 8097
f 8097 8104 8117
f 8099 8117 8104
f 8091 8108 8092
f 8095 8115 8091
f 8115 8118 8113
f 8095 8120 8119
f 8087 8120 8090
f 7550 7561 7551
f 7552 7561 7535
f 7931 7539 7542
f 7640 7408 7622
f 7549 7644 7627
f 7525 7544 7641
f 7931 7482 7840
f 7483 7542 7541
f 7626 7405 7487
f 7629 7432 8121
f 7629 7949 7948
f 8122 7949 8121
f 8123 8121 7432
f 8124 7432 7435
f 7434 8125 7435
f 8125 8124 7435
f 8124 7429 8126
f 8123 8126 8127
f 8122 8127 8128
f 7541 7959 8128
f 7404 8129 7531
f 8125 7431 7430
f 7526 7505 7644
f 7626 7541 8128
f 7959 8122 8128
f 7961 8048 7962
f 7629 8048 7545
f 8127 7626 8128
f 7402 8126 7403
f 8129 8126 7429
f 7428 8129 7429
f 7589 7428 7590
f 7471 7366 7606
f 7334 7426 7357
f 7335 7357 7356
f 7616 7446 7445
f 7392 7398 7426
f 7393 7397 7392
f 7342 7394 7393
f 7344 7469 7342
f 7343 7361 7360
f 7360 7344 7343
f 7363 7345 7360
f 7437 7575 7363
f 7582 7437 7639
f 7421 7639 7602
f 7375 7602 7601
f 7599 7375 7601
f 7465 7618 7617
f 7332 7587 7340
f 7447 7335 7445
f 7445 7356 7616
f 7359 7616 7356
f 7636 7442 7359
f 7588 7443 7636
f 7589 7605 7588
f 7590 7606 7589
f 7471 7591 7472
f 7446 7371 7374
f 7371 7372 7374
f 7422 7370 7424
f 7577 7424 7580
f 7536 7580 7533
f 7591 7635 7472
f 7607 7386 7635
f 7543 7494 7527
f 7547 7543 7522
f 7608 7387 7386
f 7387 7416 7385
f 7457 7382 7417
f 7557 7417 7554
f 7559 7554 7553
f 7630 7553 7534
f 7534 7586 7630
f 7466 7337 7599
f 7465 7338 7466
f 7617 7587 7465
f 7341 7617 7343
f 8130 6090 8131
f 6023 8132 8133
f 6182 8133 6784
f 6623 6792 6185
f 6787 6182 6784
f 8134 6696 6787
f 6917 6756 8135
f 6762 7112 6763
f 6762 6184 6759
f 6765 6185 6184
f 6650 6768 6647
f 6772 6916 7259
f 6777 6789 6788
f 6022 6788 8132
f 6756 8134 8135
f 6758 6771 6770
f 6761 6775 7112
f 6769 6621 6766
f 6772 6767 6773
f 6174 6760 6759
f 6187 6178 6670
f 6811 6648 6812
f 6786 6724 6779
f 6791 6918 6885
f 6186 6179 6178
f 6808 8133 8132
f 6884 8135 8134
f 6174 6670 6171
f 6807 6784 8133
f 6791 8132 6788
f 6786 8134 6787
f 6790 6172 6918
f 6649 6792 6650
f 6316 8136 6717
f 8137 6654 8138
f 8139 6601 6160
f 6656 6580 6870
f 6868 8142 6865
f 6316 6711 6313
f 6864 8144 6861
f 6864 8145 6860
f 6868 6869 6710
f 6656 6866 6653
f 8146 8148 8149
f 8139 8151 6640
f 8152 6866 6865
f 8154 8138 6654
f 6874 8156 8157
f 8158 8159 6805
f 8160 6865 8142
f 8161 6313 6711
f 6161 8162 8163
f 8164 6654 6653
f 8153 6653 6866
f 8165 8167 8168
f 8166 8169 8167
f 5989 8170 8169
f 5988 8171 8170
f 8172 6043 6042
f 8174 6032 6035
f 8174 6098 8176
f 8176 6796 8177
f 8177 8178 8179
f 7132 6728 7133
f 6589 8180 7136
f 8180 6004 8181
f 8181 6007 8182
f 6334 6731 6734
f 6079 6645 6731
f 6078 6646 6645
f 6085 8184 6646
f 6091 8185 6093
f 6086 8183 6085
f 6950 7118 7070
f 6952 6992 7127
f 6983 6968 7103
f 6987 7004 7099
f 7001 6979 6978
f 7001 7074 6998
f 7262 7075 7074
f 7264 7127 7075
f 7265 6943 6972
f 7265 6991 6990
f 7266 7070 6991
f 6949 7119 7118
f 7267 6939 7119
f 6983 7099 6940
f 7268 6985 8186
f 7000 8186 6979
f 6938 6985 6984
f 6946 6922 6921
f 6956 6948 6947
f 6971 6928 6927
f 6970 6954 6928
f 6973 6921 6925
f 6977 7263 7105
f 6981 7061 7060
f 6973 7117 6972
f 7097 6979 8186
f 7104 6927 7101
f 6977 7060 6974
f 6976 6944 7263
f 6956 7066 6953
f 6937 8186 6985
f 6938 7101 6935
f 6924 7116 7297
f 6926 7297 7068
f 6930 6962 7304
f 6934 6953 7066
f 6960 6936 6935
f 6963 6928 6954
f 6967 6975 6974
f 7063 7327 7331
f 6959 7096 6936
f 6926 7066 6925
f 7102 7304 7125
f 6967 7331 6964
f 6966 6922 6975
f 7062 7064 7327
f 6963 6932 6961
f 7102 6935 7101
f 7299 7269 8187
f 7301 6932 6931
f 7306 7285 7284
f 7308 6962 6961
f 7315 7284 7309
f 7317 7312 7311
f 7319 6964 7331
f 7322 7297 7116
f 7317 7116 6965
f 7308 7303 7307
f 7326 6958 6957
f 7329 7291 7290
f 7328 7324 7291
f 7301 8187 7302
f 7319 7290 7318
f 7326 7309 7323
f 7272 7321 7275
f 7272 8187 7269
f 7274 7302 8187
f 7281 7307 7303
f 7283 7593 7594
f 7289 7324 7323
f 7293 7330 7294
f 7293 7318 7290
f 7310 7594 7637
f 7314 7595 7320
f 7282 7279 7593
f 7278 7277 7276
f 7314 7270 7311
f 7313 7295 7595
f 7288 7291 7324
f 7289 7637 7286
f 6003 6626 6136
f 6003 7165 6000
f 6690 8189 6691
f 6686 5981 5980
f 6685 6096 5981
f 6687 6806 6096
f 6002 5980 6626
f 6606 5351 5350
f 7164 8190 8191
f 8192 7174 8193
f 6015 8153 8152
f 6189 8155 8154
f 8157 6284 6283
f 6332 8152 8160
f 6593 6317 8161
f 6658 8154 8164
f 6014 8164 8153
f 6332 7131 6333
f 6805 6321 6052
f 6146 8162 6625
f 6607 8195 6604
f 8196 6125 8197
f 8198 7168 8199
f 8199 6633 8200
f 7177 8201 7178
f 8202 8204 8205
f 7208 7185 7205
f 7237 7186 7208
f 6819 7230 7237
f 6818 6824 6819
f 8206 6821 6818
f 8207 8135 8208
f 6917 8209 6916
f 8209 7259 6916
f 8210 6647 7259
f 6812 8212 7258
f 6809 7258 7257
f 6809 8213 6113
f 6113 8214 6110
f 7235 6110 8214
f 7223 7234 6147
f 6147 8215 6148
f 6148 8216 6153
f 8218 6158 8217
f 8219 6116 6119
f 6284 6116 6285
f 6188 8156 8155
f 8155 6873 8138
f 8138 6872 8137
f 8137 8148 6581
f 6193 6281 6190
f 6190 6278 6195
f 8220 8222 8223
f 8224 7139 7138
f 6223 8226 8227
f 6237 8228 8229
f 6238 8227 8230
f 6249 8231 8232
f 6253 8233 8234
f 6236 8221 8228
f 6331 8230 8235
f 6252 8236 8233
f 6222 8229 8226
f 6828 8237 8238
f 6280 8240 8241
f 8208 6883 8206
f 6648 8211 8212
f 6143 8242 8243
f 6624 8244 8242
f 8245 8247 8248
f 8249 8251 8252
f 7195 8254 7196
f 7214 8253 7195
f 8256 7214 7213
f 7243 8257 7244
f 7210 8257 7211
f 8259 6102 8260
f 8261 6121 8262
f 8178 8263 8179
f 7132 8264 8263
f 6797 8265 8264
f 6135 8266 8265
f 6134 8267 8266
f 6151 8268 8267
f 6154 8270 8268
f 8269 8272 8270
f 7194 8273 8274
f 7193 8275 8273
f 8249 8260 8276
f 8248 8278 8245
f 6129 8279 8280
f 7169 8197 6125
f 8198 8192 8197
f 7171 7175 7173
f 6589 7129 6587
f 6801 6040 7129
f 6037 6041 6040
f 6036 6659 6041
f 6131 6118 6659
f 6156 6119 6118
f 8218 6119 6155
f 8219 6815 6642
f 7191 6641 6814
f 8246 7189 7191
f 8245 8281 8282
f 8280 6288 6287
f 6125 7170 7169
f 6288 6602 6123
f 6126 6604 8195
f 8196 6605 6604
f 7174 6691 8189
f 6691 6139 6692
f 7171 8283 7172
f 7172 8284 6142
f 6139 8284 6692
f 8285 8287 8288
f 8211 8289 8286
f 8290 8292 8289
f 8293 8291 8290
f 8293 8208 8295
f 8296 8298 8295
f 6818 8296 8206
f 8285 7258 8212
f 7243 7212 7211
f 7243 8300 8299
f 8301 6739 6738
f 8302 7213 7247
f 8303 7247 6168
f 8304 6168 6167
f 6738 8297 8301
f 8288 6167 6170
f 8304 8291 8305
f 8305 8294 6737
f 6737 8306 8305
f 6736 8307 8306
f 8243 8308 8309
f 8242 8282 8308
f 8247 7191 7190
f 7196 8251 7192
f 8253 8311 8254
f 8255 8310 8253
f 8313 8255 8256
f 7244 8313 8307
f 8313 8258 8312
f 8312 8314 8310
f 8315 8310 8314
f 8311 8316 8252
f 8282 8317 8308
f 8308 8261 8309
f 8309 8262 8318
f 8248 8275 8276
f 8282 8246 8245
f 8307 8256 8302
f 8306 8302 8303
f 8305 8303 8304
f 8298 6737 8294
f 8287 8304 6167
f 7253 7199 7198
f 8319 6028 7199
f 8320 6029 6028
f 8321 7184 6029
f 8322 7185 7184
f 8203 7205 7185
f 8202 7206 7205
f 7239 7210 7209
f 7251 8319 7253
f 7227 8320 8319
f 7217 8321 8320
f 7216 8322 8321
f 7236 8203 8322
f 6175 8200 7204
f 7165 8191 6177
f 6137 7166 6138
f 6200 8283 6137
f 6199 8284 8283
f 8284 6205 6692
f 6205 6689 6692
f 6689 5485 3833
f 7009 8323 7107
f 7013 7021 7020
f 7017 7029 7028
f 7013 7110 7010
f 7073 7084 7089
f 7081 7093 7092
f 7082 7028 7025
f 7088 6995 6994
f 7088 7057 7085
f 7122 7043 7042
f 7124 7024 7126
f 7082 7024 7123
f 7009 7042 7006
f 7012 7126 7021
f 7115 7015 7057
f 7008 7058 8323
f 7081 7120 7078
f 7073 7079 7071
f 6997 7076 7113
f 7023 6942 6941
f 7027 7069 7038
f 7031 6989 6988
f 7079 7033 7032
f 7037 7107 8323
f 7027 7126 7024
f 7041 7029 7114
f 7026 6988 7069
f 7100 6941 7098
f 7108 7002 7019
f 7100 8323 7058
f 6997 7114 6994
f 7022 7039 6942
f 7111 7033 7255
f 7035 7260 7032
f 7261 6996 7260
f 7108 7120 7106
f 7245 8258 7210
f 7246 8314 7245
f 7181 8316 7182
f 8277 6129 8278
f 8278 8280 8281
f 6287 8281 8280
f 6122 8317 6287
f 5487 6144 5488
f 5489 6162 5490
f 6637 8325 8326
f 8326 8225 8224
f 5494 8225 5495
f 6160 8150 8139
f 5496 8151 5497
f 8163 6162 6161
f 6146 8327 8163
f 8243 6144 6143
f 8328 8309 8318
f 8318 5501 5500
f 8262 5502 5501
f 8329 8331 8332
f 8333 8335 8336
f 8338 6007 8337
f 8329 8339 8340
f 8341 6734 8330
f 6006 8337 6007
f 8342 6804 6800
f 6065 8339 8343
f 5995 8341 8340
f 6918 6166 6165
f 7221 6166 6880
f 6172 6880 6166
f 8344 5955 6713
f 5519 5975 5520
f 6806 8346 6695
f 6646 8347 6643
f 8165 8349 6323
f 6322 8131 6090
f 8345 6688 8351
f 6695 5975 5974
f 5976 5528 6713
f 5529 8131 5530
f 6643 8352 8168
f 8183 5532 8184
f 5534 8130 5529
f 6730 5533 8183
f 8351 6093 8185
f 5535 6594 3856
f 8353 6652 6651
f 8354 8355 8356
f 8357 6825 6202
f 8359 6202 6201
f 6224 8356 8360
f 6275 8362 6276
f 6201 7143 8359
f 7146 8359 7143
f 8357 8363 8364
f 8355 8366 8367
f 8361 8368 8362
f 8356 8367 8369
f 8370 8372 7142
f 8220 7145 8374
f 6275 6228 6231
f 5558 6228 6274
f 8375 8367 8366
f 8362 8376 8377
f 8378 8380 8381
f 8363 8382 8383
f 8384 8381 8385
f 8382 8386 8385
f 8383 8364 8363
f 6226 6231 6230
f 6231 8361 6275
f 6636 8389 8379
f 6635 8388 6636
f 8390 5576 5575
f 8379 6232 6636
f 8378 6233 6232
f 8384 8371 6233
f 8372 8393 7141
f 7138 8239 8224
f 8224 8394 8326
f 8146 8394 6282
f 6638 8326 8394
f 6340 6299 6298
f 6747 6577 6576
f 6344 6346 6345
f 6342 6355 6303
f 6353 6349 6297
f 6337 6369 8395
f 6360 6328 6327
f 6358 6386 6385
f 6364 6293 6295
f 6362 6376 6373
f 6366 6297 6296
f 6350 6372 6370
f 6533 6303 6302
f 6534 6346 6343
f 6744 6533 6302
f 6536 6747 6576
f 6357 6894 6386
f 6341 6832 6355
f 6839 6292 6291
f 6837 6380 6379
f 6838 6354 6292
f 6361 6377 6376
f 6363 6296 6293
f 6365 6373 6372
f 6359 6291 6328
f 6836 6385 6380
f 6481 6902 6544
f 6484 6501 6500
f 6477 6487 6474
f 6849 6492 6491
f 6494 6467 6466
f 6547 6544 6543
f 6750 6546 6547
f 6494 6751 6750
f 6843 6500 6846
f 6845 6575 6843
f 6489 6847 6853
f 6474 6491 6490
f 6483 6906 6501
f 6493 6465 6490
f 6471 6544 6902
f 6472 6485 6473
f 6476 6461 6460
f 6470 6542 6545
f 6570 6569 6749
f 6495 6463 6493
f 6475 6462 6461
f 6572 6477 6476
f 6574 6457 6456
f 6569 6543 6545
f 6575 6473 6485
f 6471 6901 6448
f 6469 6508 6513
f 6498 6479 6478
f 6503 6518 6517
f 6489 6505 6486
f 6467 6509 6468
f 6546 6498 6478
f 6549 6752 6753
f 6752 6466 6469
f 6503 6846 6500
f 6850 6844 6846
f 6507 6852 6525
f 6486 6509 6849
f 6502 6909 6518
f 6858 6664 6307
f 8396 6611 6610
f 6833 6324 6216
f 8399 6825 8400
f 6831 8401 8402
f 6707 6826 8399
f 8398 6890 6324
f 6858 8404 6554
f 8405 6610 6876
f 6830 6553 8401
f 8397 6911 6611
f 8400 8358 8365
f 8358 8364 8406
f 8406 8387 8407
f 8389 8380 8379
f 8389 8409 8377
f 8388 8410 8409
f 5575 8410 8390
f 6665 8411 6875
f 8412 6720 6721
f 8413 5601 6720
f 8411 8413 8412
f 6262 6290 6263
f 5602 8414 5604
f 6599 3735 5605
f 7141 7142 8372
f 8393 8241 8240
f 8227 7147 7151
f 8229 8374 7148
f 8230 7151 7153
f 8232 8415 8416
f 8234 8417 8418
f 8221 8374 8228
f 8235 7153 8419
f 8233 8420 8417
f 8226 7148 7147
f 8238 8421 8422
f 7141 8240 7138
f 6581 6655 8137
f 6640 8140 8139
f 6710 8141 6868
f 6717 6712 6316
f 6860 8143 6864
f 6870 6867 6656
f 6717 6726 6714
f 6870 6192 6115
f 6860 6050 6059
f 6710 6025 6024
f 6639 6871 8140
f 6640 8324 6637
f 6581 8147 6193
f 5615 6234 8370
f 7144 8374 7145
f 7144 6210 7149
f 7150 6210 6209
f 7152 6209 6329
f 7152 8419 7153
f 7154 8421 8419
f 7158 8415 8422
f 7160 8420 8416
f 7162 8418 8417
f 7161 5616 8418
f 8370 6233 8371
f 8373 7146 7145
f 8392 8386 8223
f 8391 8372 8371
f 5617 6713 5528
f 5973 3355 5972
f 8345 5619 8346
f 3880 6910 5621
f 8351 5620 8345
f 8346 5520 5975
f 5621 6911 5623
f 5622 8185 5534
f 8150 5497 8151
f 8423 8425 8426
f 8427 6519 8428
f 8429 8431 8432
f 6523 8433 6526
f 8434 8436 8437
f 8438 8434 8439
f 8438 6511 6528
f 8441 8424 8423
f 8427 8430 8429
f 8444 8445 8446
f 8447 8424 8448
f 8449 8444 8450
f 8451 8430 8452
f 8453 8454 8455
f 8456 8437 8453
f 8439 8456 8457
f 8448 8442 8458
f 8452 8443 8449
f 8425 8459 8446
f 8460 8462 8463
f 8464 8466 8467
f 8468 8470 8471
f 8472 8474 8475
f 8476 8478 8479
f 8480 8482 8483
f 8484 8486 8487
f 8485 8489 8486
f 8490 8481 8480
f 8492 8494 8495
f 8495 8496 8497
f 8498 8500 8501
f 8502 8500 8503
f 8504 8506 8507
f 8508 8510 8511
f 8513 8511 8512
f 8507 8514 8515
f 8516 8518 8519
f 8520 8516 8521
f 8522 8524 8525
f 8526 8522 8525
f 8528 8530 8531
f 8532 8529 8533
f 8534 8536 8537
f 8538 8534 8537
f 8464 8481 8465
f 8483 8541 8480
f 8542 8484 8467
f 8487 8540 8483
f 8488 8542 8544
f 8545 8486 8489
f 8481 8466 8465
f 8547 8489 8490
f 8548 8493 8471
f 8549 8502 8492
f 8551 8494 8548
f 8497 8552 8495
f 8469 8499 8470
f 8547 8497 8498
f 8469 8503 8500
f 8501 8550 8545
f 8460 8507 8461
f 8552 8506 8505
f 8554 8510 8463
f 8549 8505 8509
f 8554 8512 8511
f 8513 8550 8508
f 8461 8515 8462
f 8557 8513 8514
f 8558 8519 8479
f 8559 8527 8518
f 8521 8558 8561
f 8553 8517 8520
f 8477 8524 8478
f 8520 8557 8553
f 8476 8525 8477
f 8527 8556 8522
f 8563 8528 8475
f 8564 8531 8565
f 8533 8563 8566
f 8562 8530 8532
f 8473 8536 8474
f 8559 8532 8535
f 8472 8537 8473
f 8560 8539 8564
f 8463 8555 8554
f 8544 8467 8466
f 8470 8548 8471
f 8475 8566 8563
f 8479 8561 8558
f 8484 8483 8482
f 8490 8488 8491
f 8503 8492 8502
f 8498 8496 8499
f 8504 8509 8505
f 8515 8513 8512
f 8519 8527 8526
f 8521 8523 8520
f 8528 8539 8538
f 8533 8535 8532
f 8467 8482 8464
f 8487 8546 8543
f 8544 8491 8488
f 8480 8547 8490
f 8493 8468 8471
f 8495 8549 8492
f 8551 8499 8496
f 8501 8547 8498
f 8460 8510 8504
f 8508 8549 8509
f 8555 8515 8512
f 8506 8557 8514
f 8519 8476 8479
f 8517 8559 8518
f 8561 8524 8521
f 8522 8557 8523
f 8475 8538 8472
f 8567 8531 8530
f 8566 8536 8533
f 8560 8535 8534
f 8442 8568 8569
f 6512 8568 6754
f 8570 8571 8572
f 8426 6514 8423
f 8428 8443 8427
f 6522 8432 6523
f 8437 8433 8454
f 6524 8435 6527
f 6528 8435 8438
f 8423 6550 8441
f 8429 6516 8427
f 6515 8445 6908
f 8441 6754 8568
f 8570 8569 8568
f 8440 6512 6511
f 8569 8458 8442
f 8574 8572 8571
f 8572 8573 8569
f 8453 8577 8456
f 8576 8455 8578
f 8452 8580 8451
f 8573 8582 8458
f 8575 8581 8573
f 8584 8575 8574
f 8571 8457 8574
f 8439 8440 8438
f 8585 8587 8588
f 8587 8590 8588
f 8589 8592 8590
f 8591 8594 8592
f 8593 8596 8594
f 8595 8598 8596
f 8599 8586 8585
f 8601 8600 8599
f 8603 8602 8601
f 8605 8598 8597
f 8607 8604 8603
f 8609 8608 8607
f 8611 8610 8609
f 8606 8612 8611
f 8613 8589 8587
f 8614 8591 8589
f 8615 8593 8591
f 8616 8595 8593
f 8617 8597 8595
f 8619 8617 8616
f 8620 8618 8617
f 8620 8623 8621
f 8624 8626 8627
f 8626 8622 8627
f 8620 8628 8622
f 8622 8629 8627
f 8627 8630 8624
f 8632 8634 8631
f 8636 8633 8635
f 8637 8636 8635
f 8639 8632 8640
f 8633 8641 8635
f 8635 8642 8637
f 8642 8644 8637
f 8645 8637 8644
f 8586 8613 8587
f 8600 8646 8586
f 8616 8648 8619
f 8615 8649 8648
f 8613 8649 8614
f 8651 8613 8646
f 8647 8651 8646
f 8652 8654 8651
f 8602 8647 8600
f 8655 8652 8647
f 8656 8653 8652
f 8653 8659 8654
f 8658 8661 8659
f 8644 8663 8645
f 8664 8662 8665
f 8661 8666 8659
f 8666 8654 8659
f 8667 8651 8654
f 8668 8597 8618
f 8669 8618 8621
f 8670 8621 8623
f 8671 8623 8626
f 8671 8625 8672
f 8625 8673 8672
f 8636 8675 8634
f 8638 8674 8636
f 8645 8676 8638
f 8645 8678 8677
f 8679 8660 8658
f 8657 8658 8653
f 8583 8648 8649
f 8650 8583 8649
f 8667 8581 8650
f 8666 8582 8667
f 8664 8681 8666
f 8682 8665 8683
f 8684 8643 8642
f 8684 8641 8579
f 8639 8579 8641
f 8580 8640 8578
f 8629 8576 8630
f 8604 8655 8602
f 8608 8686 8604
f 8610 8687 8608
f 8612 8688 8610
f 8605 8689 8612
f 8690 8668 8669
f 8691 8689 8690
f 8692 8688 8691
f 8693 8687 8692
f 8656 8686 8693
f 8694 8669 8670
f 8695 8690 8694
f 8696 8691 8695
f 8697 8692 8696
f 8657 8693 8697
f 8697 8679 8657
f 8696 8698 8697
f 8696 8700 8699
f 8694 8700 8695
f 8670 8701 8694
f 8702 8671 8672
f 8701 8703 8700
f 8703 8699 8700
f 8699 8705 8698
f 8698 8680 8679
f 8672 8706 8702
f 8675 8707 8708
f 8674 8709 8707
f 8709 8677 8710
f 8677 8711 8710
f 8712 8710 8711
f 8702 8714 8703
f 8713 8714 8715
f 8707 8716 8717
f 8717 8713 8715
f 8710 8716 8709
f 8708 8717 8715
f 8546 8599 8543
f 8546 8603 8601
f 8550 8603 8545
f 8556 8607 8550
f 8560 8609 8556
f 8564 8611 8560
f 8565 8606 8564
f 8565 8596 8598
f 8567 8594 8596
f 8562 8592 8594
f 8553 8590 8592
f 8590 8541 8588
f 8540 8588 8541
f 8543 8585 8540
f 8684 8450 8685
f 8579 8449 8684
f 8682 8448 8681
f 8447 8683 8459
f 8681 8458 8582
f 8628 8619 8718
f 8584 8619 8648
f 8628 8577 8629
f 8457 8577 8718
f 8574 8718 8584
f 7134 6919 7135
f 6164 6919 6783
f 5485 6609 5921
f 3832 8188 6690
f 5921 6221 3354
f 5922 7128 6607
f 6439 8720 6440
f 8720 6570 6749
f 6570 8721 6464
f 6439 8721 8719
f 6727 6057 6312
f 6312 6073 6247
f 6828 6073 6072
f 6877 6267 6745
f 6745 6299 6744
f 6891 6305 6889
f 6338 6746 6339
f 6438 6410 6435
f 6412 6440 6748
f 6564 6424 6565
f 6842 6577 8395
f 6889 6829 7156
f 6579 6564 6563
f 6435 6565 6424
f 8722 6306 6891
f 8723 6058 6727
f 6269 6878 6879
f 7160 6829 6598
f 8724 8143 8725
f 8238 6248 6828
f 6339 6744 6299
f 8395 6338 6337
f 6879 8404 8726
f 8422 8231 8238
f 8725 6859 8723
f 8416 7157 7160
f 6059 6049 6056
f 6330 6049 6048
f 7156 6259 6889
f 6269 6264 6266
f 6297 6264 6241
f 6340 6351 6337
f 6368 8395 6369
f 6422 6559 6423
f 6436 6404 6437
f 6447 6438 6437
f 6424 6436 6435
f 6331 6099 6330
f 6422 6842 6368
f 8722 6856 8726
f 8141 6862 8142
f 6265 6617 6242
f 6324 6259 6258
f 7158 6260 7156
f 6709 6863 8141
f 8235 6827 6331
f 6298 6352 6340
f 6370 6351 6350
f 6891 8403 8722
f 8419 8237 8235
f 6051 8145 6709
f 8422 7155 7158
f 8721 6446 6464
f 6748 8720 6749
f 8727 6011 8194
f 8158 8144 8724
f 6009 6861 8144
f 6008 6862 6861
f 8142 8727 8160
f 6554 6893 6858
f 6833 6708 8398
f 6708 8403 8398
f 5623 6892 4042
f 8406 8365 8358
f 8407 8366 8406
f 8377 8408 8389
f 8397 6530 6529
f 6651 8400 8353
f 8402 6616 6615
f 6618 8399 6651
f 6554 6878 6551
f 8396 6854 6530
f 8401 6552 6616
f 6892 6529 6743
f 8353 8365 8355
f 8377 6276 8362
f 8409 6277 6276
f 8410 5932 6277
f 8726 6857 8722
f 8726 6855 6879
f 7234 6106 8215
f 8279 6127 6288
f 8354 6227 6652
f 6246 6619 6289
f 8239 6282 8394
f 8162 6286 6625
f 6292 6246 6289
f 6382 6377 6379
f 6392 6396 6393
f 6396 6427 6428
f 6398 6443 6459
f 6459 6458 6460
f 6525 6523 6526
f 6558 6271 6555
f 6429 6560 6561
f 6460 6572 6476
f 6272 3736 3735
f 7128 6602 8195
f 6227 6244 6652
f 7180 6634 6103
f 6642 6285 8219
f 6356 6740 6614
f 6816 8218 8217
f 6820 8301 6817
f 6355 6741 6356
f 6344 6834 6341
f 6364 6840 6361
f 6375 6560 6415
f 6848 6488 6477
f 6853 6506 6489
f 6530 6740 6531
f 8140 6874 6601
f 6555 6831 6876
f 8215 6881 8216
f 6348 6894 6345
f 6383 6896 6417
f 6433 6896 6420
f 6432 6898 6390
f 6406 6898 6407
f 6900 6387 6899
f 6900 6448 6901
f 6472 6903 6482
f 6480 6903 6902
f 6497 6906 6479
f 6908 6518 6909
f 4280 6120 6603
f 6100 7170 6128
f 6632 7188 8201
f 7235 7201 7200
f 7206 7212 7207
f 8213 7232 7231
f 8214 7231 7201
f 6108 7200 7203
f 7238 8300 6820
f 7207 8299 7238
f 8205 7240 8202
f 6170 7232 7256
f 6638 8149 6639
f 6601 8157 6600
f 6600 6283 8162
f 8392 8222 8393
f 6278 8241 6279
f 6816 8274 6813
f 6642 6814 6641
f 6128 6124 8279
f 8195 6127 6126
f 8212 8286 8285
f 8292 8286 8289
f 8290 8210 8209
f 8207 8290 8209
f 8294 8295 8298
f 8206 8295 8208
f 6817 8297 8296
f 8288 7256 8285
f 7209 7240 7239
f 6225 8360 8361
f 8369 8360 8356
f 8375 8368 8369
f 8381 8387 8383
f 8385 8383 8382
f 8385 8391 8384
f 8147 6282 6281
f 6345 6835 6344
f 6327 6834 6360
f 6295 6841 6364
f 6379 6840 6837
f 6853 6845 6844
f 6479 6905 6480
f 6848 6571 6573
f 6452 6904 6472
f 6525 6851 6520
f 6496 6907 6497
f 8402 6876 6831
f 8408 8387 8380
f 6279 8222 8221
f 6872 8149 8148
f 8223 8373 8220
f 6526 8436 6524
f 8446 8426 8425
f 8455 8431 8451
f 8446 8450 8444
f 8454 8432 8431
f 6908 8428 6519
f 8578 8451 8580
f 8632 8625 8624
f 8640 8624 8630
f 8660 8662 8661
f 8662 8643 8665
f 8675 8631 8634
f 8680 8663 8660
f 8683 8643 8685
f 8578 8630 8576
f 8673 8708 8706
f 8678 8705 8711
f 8711 8704 8712
f 8706 8715 8714
f 8703 8712 8704
f 8459 8685 8450
f 8407 8376 8375
f 6615 8405 8402
f 5993 6335 5994
f 6060 6018 5991
f 5993 6081 6080
f 6105 6176 6702
f 6177 6000 7165
f 6309 6310 6251
f 8725 6314 8724
f 8724 6318 8158
f 6321 6053 6052
f 6249 6310 6247
f 6596 6257 6597
f 8188 6605 8189
f 5986 6682 6060
f 6714 6311 6309
f 6047 6086 6081
f 6875 6304 6665
f 6001 6912 5983
f 7162 6597 6257
f 7254 6912 6704
f 6684 7163 7254
f 8723 6315 8725
f 6592 6318 6317
f 8332 8171 8728
f 6607 5350 5922
f 8191 8198 8199
f 8197 8193 8196
f 8159 6319 6321
f 8232 6595 6249
f 8192 7173 7175
f 8189 8193 7174
f 6177 8199 6175
f 6733 8330 6734
f 8340 8330 8329
f 8341 6335 6334
f 8412 6875 8411
f 8414 6273 6599
f 8416 8236 8232
f 6727 8136 8723
f 8417 7159 7162
f 6277 5558 6274
f 5935 6635 6235
f 5991 6061 6060
f 6019 6682 6681
f 5999 6033 5996
f 6045 6677 6680
f 6055 6083 7130
f 5995 6063 5992
f 6084 6053 6046
f 6088 5989 8166
f 6063 6046 5992
f 6066 6034 5999
f 6103 7181 7180
f 6673 6133 6132
f 6149 6153 6152
f 6323 8166 8165
f 6585 6083 6082
f 6630 6702 6176
f 6634 7168 7167
f 6676 6152 6133
f 6703 6628 7248
f 6796 6728 8178
f 6069 6097 6066
f 6132 6674 6673
f 6803 6800 6804
f 6011 6055 7130
f 6799 6582 6585
f 7194 6881 6882
f 7131 6583 6333
f 6798 6913 6674
f 7179 8204 7236
f 7183 7246 7242
f 7188 7242 7241
f 6109 7192 6882
f 7204 6176 6175
f 7219 6628 6627
f 7218 7248 6628
f 7179 6627 7176
f 7250 6704 6703
f 7228 7249 7248
f 6678 7249 6679
f 5997 7251 5998
f 8168 6644 6643
f 8167 6732 6644
f 8169 6733 6732
f 8170 8331 6733
f 8336 8173 8172
f 8182 8175 8174
f 8182 8176 8181
f 8181 8177 8180
f 8180 8179 7136
f 7133 6590 6913
f 7130 8194 6011
f 8200 6632 7177
f 7178 8205 8204
f 8269 6153 8216
f 8254 8252 8251
f 8260 6101 8277
f 8179 6802 7136
f 8263 6038 6802
f 8264 6039 6038
f 8265 6130 6039
f 8266 6157 6130
f 8267 6158 6157
f 8268 8217 6158
f 8270 6816 8217
f 6813 8273 7190
f 8273 8247 7190
f 8276 8277 8248
f 7192 8250 7193
f 8252 8259 8249
f 8276 8250 8249
f 7204 7177 7176
f 7182 8315 7246
f 8343 8334 8333
f 8333 8342 8343
f 8343 6800 6065
f 8340 6064 5995
f 6323 8350 6322
f 8168 8348 8165
f 8349 5936 8350
f 8352 5938 8348
f 6103 7167 6100
f 8271 8216 6881
f 8201 7241 8205
f 8274 8271 7194
f 5991 6017 5988
f 8728 6017 6016
f 5997 6680 6679
f 5996 6045 6680
f 6033 6042 6045
f 6042 8175 8172
f 8172 8338 8336
f 8336 8337 8333
f 6684 6677 6681
f 6681 6044 6019
f 6019 6043 6016
f 6016 8173 8728
f 8728 8335 8332
f 8332 8334 8329
f 8194 8160 8727
f 6805 6009 8158
f 5940 7137 6719
f 8324 5942 8325
f 8325 5495 8225
f 6253 4292 6250
f 7137 5944 6715
f 8348 5937 8349
f 8350 5530 8131
f 5624 6159 5489
f 6718 5940 6719
f 8327 5490 6162
f 8347 5939 8352
f 5933 6121 6120
f 8184 5946 8347
f 7142 5615 8370
f 6145 5945 8327
f 8234 5943 6253
f 8328 5488 6144
f 8318 5948 8328
f 7139 4299 7140
f 8418 5947 8234
f 5604 6599 5605
f 5949 6712 6716
f 5944 6716 6715
f 6720 5950 6255
f 6255 4322 6256
f 5614 6235 6234
f 6711 5951 8161
f 8161 3857 6593
f 5973 2965 3013
f 2965 5963 222
f 222 5960 223
f 223 5958 3186
f 5958 3185 3186
f 5957 2977 3185
f 5970 1213 2977
f 5967 1214 1213
f 2532 5966 5953
f 2894 5953 5952
f 2871 5952 8344
f 5510 5721 5509
f 5822 5824 5823
f 3511 3844 3735
f 3887 3889 3888
f 3876 3878 3877
f 3356 3911 3909
f 3372 3390 3391
f 3849 3851 3850
f 3481 3867 3866
f 3873 3385 3382
f 3875 3450 3452
f 3915 3865 3862
f 3657 3671 3656
f 5618 3013 2152
f 1997 1889 1892
f 1237 744 855
f 1535 120 121
f 1531 201 214
f 1119 1032 984
f 946 824 947
f 163 5 162
f 9041 9175 9193
f 1155 1162 1164
f 427 327 424
f 553 796 498
f 8732 2231 2237
f 8732 2230 2232
f 2237 3180 8732
f 8734 8736 8733
f 8735 8738 8736
f 8737 8740 8738
f 8739 8742 8740
f 8743 8745 8746
f 8746 8747 8748
f 8749 8748 8747
f 8751 8750 8749
f 8754 8756 8753
f 8757 8755 8754
f 8759 8758 8757
f 8761 8760 8759
f 8763 8762 8761
f 8766 8749 8765
f 8765 8747 8767
f 8767 8745 8768
f 8768 8744 8769
f 8744 8771 8769
f 8770 8772 8771
f 8741 8773 8772
f 8739 8774 8773
f 8737 8775 8774
f 8735 8776 8775
f 8776 8777 3184
f 2904 8779 2947
f 8780 2904 2902
f 8781 2902 2876
f 2875 8781 2876
f 8783 2733 2736
f 2825 8786 2824
f 8788 8790 8787
f 8792 8787 8791
f 2724 8785 2825
f 8787 3115 3117
f 8791 3117 3119
f 8794 8765 8793
f 8793 8767 8795
f 8795 8768 8796
f 8796 8769 8797
f 8797 8771 8798
f 8771 8799 8798
f 8772 8800 8799
f 8773 8801 8800
f 8774 8802 8801
f 8775 8803 8802
f 8776 3056 8803
f 8802 2253 2252
f 8801 2252 1727
f 8800 1727 2150
f 8799 2150 1941
f 8804 8799 1941
f 8805 8798 8804
f 8806 8797 8805
f 8807 8796 8806
f 8793 8807 8808
f 8794 8808 8809
f 8810 8809 8808
f 8808 8806 8810
f 8810 8805 8812
f 8813 8810 8812
f 8812 8804 8814
f 8815 8812 8814
f 8814 1941 1360
f 8755 8752 8756
f 8758 8750 8755
f 8760 8748 8758
f 8762 8746 8760
f 8816 8764 8763
f 8818 8820 8817
f 8816 8782 8784
f 8821 8817 8816
f 8789 8783 8786
f 8818 8789 8788
f 8819 8788 8792
f 8822 8819 8823
f 8823 8792 8824
f 8824 8791 2712
f 2712 3119 3128
f 8826 8823 8825
f 8825 8824 8827
f 8827 2712 2711
f 8828 2711 2400
f 8829 8827 8828
f 8830 8825 8829
f 8743 8764 8831
f 8817 8831 8764
f 8770 8743 8831
f 8741 8831 8742
f 8820 8742 8831
f 8740 8822 8826
f 8738 8826 8830
f 8736 8830 8832
f 8833 2400 2402
f 8834 8828 8833
f 8832 8829 8834
f 8835 2402 2707
f 3058 2707 2708
f 3061 8835 3058
f 8836 8833 8835
f 8733 8832 8837
f 8837 8834 8836
f 8777 8733 8838
f 8838 8837 1962
f 8837 3061 1962
f 1961 8838 1962
f 3057 8777 8838
f 8779 8753 8839
f 8778 8754 8779
f 8780 8757 8778
f 8781 8759 8780
f 8782 8761 8781
f 8821 8784 8783
f 8785 8789 8786
f 2723 8790 8785
f 2875 8784 8782
f 2736 8786 8783
f 2947 8839 8944
f 8815 1360 8941
f 1900 1924 1901
f 1736 1718 1750
f 1955 1943 1956
f 1671 1735 1751
f 1696 1698 1692
f 1800 1864 1801
f 2063 2056 2060
f 1737 1717 1736
f 1751 1697 1695
f 943 9351 684
f 9108 8753 9057
f 1577 1764 1703
f 9369 1599 9375
f 1945 82 1944
f 68 7 248
f 147 1543 148
f 1109 1133 1102
f 1503 1907 1908
f 1499 1909 1498
f 452 735 215
f 1824 9287 9297
f 1825 2068 1824
f 1463 1022 1194
f 841 1009 1011
f 1568 1955 1534
f 1926 1927 1923
f 1910 1502 1939
f 1939 422 442
f 309 1940 308
f 1804 1866 1803
f 269 1954 56
f 2065 2060 2056
f 9264 1758 9287
f 280 552 1940
f 1875 1869 1874
f 1739 1734 1737
f 5923 5899 5924
f 1778 1790 1788
f 310 1915 279
f 1909 1906 1954
f 1789 1778 1788
f 978 980 979
f 1584 1731 1583
f 425 311 312
f 148 115 116
f 2044 9346 2046
f 277 1939 551
f 1943 1945 1944
f 1461 1463 1464
f 2253 3056 3055
f 2981 8927 958
f 2209 8927 3055
f 2254 3055 8927
f 2998 958 8927
f 2826 2721 2724
f 8928 2721 2817
f 2816 8928 2817
f 2334 2296 2335
f 2298 2334 2336
f 2301 2336 2338
f 2311 2338 2354
f 2312 2354 2355
f 2359 2361 2360
f 2335 2359 2360
f 2414 2365 2364
f 2413 2361 2365
f 2355 2540 2541
f 2541 2539 2542
f 2722 2739 2738
f 3114 2738 3113
f 3110 3121 3120
f 3108 3120 3113
f 3122 3127 3126
f 3112 3126 3121
f 3127 1753 3135
f 3139 2529 2542
f 9196 3133 3139
f 8928 2740 2739
f 8929 2789 8928
f 228 91 88
f 245 243 242
f 248 247 191
f 2 296 295
f 145 300 267
f 327 210 328
f 329 331 330
f 250 228 236
f 239 240 230
f 373 375 374
f 178 176 175
f 1218 1228 1321
f 9314 1295 9306
f 808 824 823
f 9310 1013 1014
f 9265 1411 1413
f 2154 2159 2160
f 9297 1758 1757
f 306 1922 452
f 2157 1976 1977
f 708 2031 1474
f 1450 1227 1428
f 1672 1605 1624
f 1813 1821 1816
f 1717 1715 1718
f 176 402 347
f 1710 9368 9367
f 1712 1577 1711
f 1705 1711 1704
f 3435 3475 3434
f 971 979 970
f 822 1094 1102
f 2909 2793 2792
f 2810 2795 2793
f 2799 2249 2800
f 9114 2910 2799
f 2769 2801 2795
f 3177 3178 3179
f 3178 3180 3179
f 3181 1393 2800
f 3181 1632 3182
f 3182 2244 3183
f 3183 2243 3180
f 8932 2790 8929
f 2808 8929 2816
f 2239 9016 2240
f 1149 9015 9014
f 1150 9011 9015
f 2202 9010 2015
f 2921 9009 2923
f 9012 2133 2928
f 1777 1759 1792
f 1201 1183 1184
f 9005 2195 2194
f 8997 2770 2768
f 9379 1687 1692
f 1516 154 503
f 8993 2974 2803
f 8994 2779 2778
f 2771 9019 8990
f 3070 8990 9002
f 8991 2775 2867
f 1376 1370 1372
f 2767 9000 2206
f 2195 8987 2767
f 2775 8986 2776
f 8344 8989 2871
f 9256 8983 2806
f 2776 8982 2805
f 2240 8979 2920
f 2920 9121 9071
f 8992 2786 2779
f 1805 1851 1804
f 8978 2787 2786
f 2951 8984 8975
f 2772 8975 9019
f 2973 8974 8980
f 2224 8981 8974
f 1957 320 510
f 306 304 303
f 2770 8972 2913
f 2913 9018 2239
f 2923 8971 2922
f 308 431 47
f 207 132 543
f 1879 1881 1880
f 9185 8969 2089
f 2475 9002 8968
f 2476 8968 8967
f 2223 8967 8981
f 8966 2803 2802
f 2037 11 1950
f 1959 450 505
f 2003 8964 2129
f 9 334 540
f 2009 8962 9011
f 2008 8980 8962
f 9329 673 9331
f 8959 2778 2784
f 2935 8957 2936
f 111 9014 8955
f 3238 3341 3237
f 8954 2935 2938
f 683 9337 943
f 8952 2810 2909
f 736 732 729
f 1795 1803 1796
f 8949 2938 2939
f 8951 2939 2940
f 2950 8948 2949
f 2940 8948 8951
f 9253 8956 2950
f 2868 8946 2869
f 2869 8966 2802
f 1024 1023 1020
f 8944 2948 2947
f 551 442 443
f 2972 9012 2928
f 2032 8943 2972
f 216 1924 1923
f 3532 3482 3533
f 203 201 200
f 3539 3541 3540
f 1828 1847 1837
f 1958 449 450
f 272 178 175
f 2871 8939 1361
f 9071 9008 2921
f 2801 9095 9114
f 2005 9106 2176
f 960 899 962
f 9109 9064 9076
f 9232 9098 3151
f 3151 9045 2555
f 2193 9075 2194
f 9059 3145 3144
f 9055 2761 3145
f 9044 3144 3104
f 2926 9086 3103
f 9086 3104 3103
f 9207 9198 9205
f 566 9210 2005
f 8839 1864 8944
f 1602 2079 2078
f 2868 9063 2922
f 2922 9062 2923
f 2923 9070 2921
f 9122 2918 9066
f 9071 9066 2920
f 2921 9122 9071
f 2920 9038 2240
f 9065 2915 2918
f 2917 9074 9093
f 2916 9093 9094
f 2239 9104 2913
f 2911 9104 2757
f 9095 2911 2910
f 2797 9114 9043
f 2797 9050 2750
f 9074 2763 2765
f 9060 2764 2745
f 2194 9100 2221
f 2221 9101 2222
f 2756 9061 2755
f 2750 9061 2747
f 9121 1817 9279
f 9215 1691 1699
f 2515 9042 2548
f 2548 9045 2550
f 2513 9084 9068
f 2513 9073 2515
f 2509 9072 2289
f 2510 9085 2509
f 2289 9091 2283
f 2283 9069 2286
f 2240 9039 2239
f 9111 9076 9078
f 716 9339 9340
f 727 9213 1923
f 2165 2170 2164
f 9112 9078 9081
f 9195 9030 9209
f 2175 769 770
f 2100 2095 2099
f 9210 9209 9030
f 640 9012 1826
f 1653 8997 1651
f 1895 8974 746
f 746 8981 741
f 1653 8972 9020
f 9214 1604 1672
f 2093 2073 2078
f 959 995 884
f 962 919 986
f 1400 1398 1399
f 1000 1127 1004
f 956 884 885
f 1662 8994 1661
f 2034 8990 1654
f 9378 8983 9254
f 8979 766 1817
f 9016 765 766
f 334 9015 335
f 1868 8984 1656
f 1684 1652 1678
f 1682 775 1807
f 1585 9214 1700
f 9215 1672 1673
f 2173 490 491
f 1658 8991 1752
f 9000 1650 724
f 1571 2010 1572
f 1587 9123 2080
f 2099 2077 2094
f 787 1999 786
f 2000 786 1999
f 3155 9149 9135
f 9165 9135 9241
f 2180 9137 9136
f 8940 9136 9157
f 1684 9292 1651
f 1760 8939 8989
f 2607 9145 2590
f 2581 9141 2607
f 2371 9152 9147
f 2371 9145 2372
f 2587 9127 2586
f 2586 9149 339
f 2497 9139 2503
f 2502 9139 9152
f 2494 9142 2495
f 9142 2472 2495
f 9140 2468 2472
f 9153 2469 2468
f 726 9344 630
f 581 8962 580
f 10 9014 334
f 1837 8954 1849
f 741 8967 1300
f 1299 9002 2034
f 1851 8948 1866
f 8971 1820 1819
f 580 8980 1895
f 1758 8966 8946
f 1693 8952 1806
f 8948 1867 1866
f 1894 9012 8943
f 2126 9265 9293
f 9358 9293 9364
f 2113 9319 2110
f 2179 9241 9137
f 624 9356 623
f 2192 9240 9232
f 2177 9239 9185
f 1364 9285 1338
f 9310 1470 1453
f 3135 9227 9196
f 2069 9287 2068
f 1351 9305 1352
f 2108 9353 499
f 2089 9188 9185
f 9280 1358 866
f 2001 9235 2187
f 2187 9171 2091
f 2130 9204 2004
f 2004 9201 2001
f 2014 9231 2201
f 2201 9208 2130
f 3167 9211 2969
f 3168 9172 3167
f 3159 9216 3160
f 3160 9217 3081
f 9182 3158 337
f 3158 9161 3159
f 2200 9182 9174
f 9137 9194 2204
f 9174 2197 2200
f 9242 2092 9173
f 9226 9173 2197
f 3154 9242 9226
f 3155 9158 3154
f 2091 9173 2092
f 2196 9202 9228
f 2193 9228 9233
f 9056 9233 9240
f 2086 9232 9230
f 2087 9230 9229
f 2204 9203 2205
f 2205 9202 3148
f 9361 574 692
f 2124 9229 9212
f 2208 9212 9234
f 9163 3140 3137
f 9237 3138 3140
f 9197 3139 3138
f 9223 3136 2322
f 9164 3137 3136
f 9227 3131 3133
f 9219 3132 3131
f 1813 9290 1814
f 1293 9308 1344
f 2184 9200 9184
f 2181 9184 9186
f 9217 3079 3081
f 9220 3080 3079
f 709 9327 2031
f 2774 9189 9221
f 9238 2134 9003
f 9261 766 765
f 2968 9218 2959
f 2969 9236 2968
f 2958 9189 2961
f 2132 9218 2960
f 2321 9223 9200
f 9312 1449 28
f 9357 582 710
f 9338 577 574
f 9299 1818 9279
f 705 9339 2121
f 9268 9359 698
f 2111 9363 2113
f 9262 1366 1411
f 1812 9274 1815
f 675 9304 674
f 8940 9303 675
f 2110 9320 2109
f 2104 9353 2106
f 2109 9351 944
f 9294 703 739
f 1680 9298 1684
f 1639 9271 9270
f 623 9358 697
f 2139 9318 9317
f 1808 9296 9289
f 9272 1819 1820
f 9324 9352 706
f 1646 9282 1648
f 9341 633 577
f 2139 9327 18
f 2156 9323 9326
f 674 9365 9321
f 2117 9264 2069
f 1815 9299 9275
f 9307 1444 1470
f 697 9364 9268
f 866 9288 9280
f 9316 2136 2135
f 9037 9178 9041
f 9035 9183 9037
f 9205 9190 9191
f 9192 9033 9195
f 1088 9198 1093
f 9191 9195 9205
f 2791 8933 2792
f 8932 2807 8933
f 2792 8934 2909
f 8933 2806 8934
f 8952 8934 8960
f 8960 2806 8983
f 2948 9243 9253
f 2105 9348 2104
f 8982 9256 2805
f 680 9328 683
f 1891 9362 9343
f 2905 9253 2950
f 2900 9251 2905
f 2901 9259 2877
f 2734 9258 9246
f 2877 9258 2878
f 2820 9246 2872
f 2818 9244 2827
f 2823 9244 2826
f 2822 9250 2821
f 2819 9252 9250
f 2817 9247 2816
f 2809 9247 2815
f 2808 9255 2807
f 2805 9255 2804
f 1702 9375 1599
f 9374 1797 1802
f 9367 1706 1709
f 9370 1692 1698
f 1657 9332 1879
f 1890 9347 9362
f 9224 1674 1675
f 1689 9224 9225
f 9378 8982 1688
f 8960 1689 9225
f 9369 1703 1764
f 1598 9380 1770
f 9332 1876 1879
f 1691 9377 9379
f 9377 1688 1687
f 1117 1118 9382
f 1066 1322 9382
f 1243 847 9382
f 9277 848 9382
f 1128 1117 9382
f 1129 1130 9382
f 841 1011 9382
f 1230 9315 9382
f 1242 1243 9382
f 1322 1229 9382
f 1064 1065 9382
f 1003 1128 9382
f 1229 1230 9382
f 9315 1285 9382
f 1285 1288 9382
f 848 839 9382
f 847 9277 9382
f 1118 1129 9382
f 1065 1066 9382
f 1087 1086 9382
f 1008 1002 9382
f 1011 1008 9382
f 1002 1003 9382
f 1076 1069 9382
f 838 841 9382
f 839 838 9382
f 1288 1242 9382
f 1130 1087 9382
f 1086 1076 9382
f 1069 1064 9382
f 2410 2414 9383
f 2411 2410 9383
f 9069 2285 9383
f 2394 2393 9383
f 2393 2396 9383
f 2281 2286 9383
f 2282 2280 9383
f 2398 2399 9383
f 2465 2464 9383
f 2396 2397 9383
f 2470 2469 9383
f 2399 2416 9383
f 2480 2395 9383
f 2459 2480 9383
f 2369 2282 9383
f 2460 2459 9383
f 2415 2411 9383
f 2416 2415 9383
f 2364 2363 9383
f 2286 9069 9383
f 2464 2470 9383
f 2469 9155 9383
f 2285 2465 9383
f 2414 2364 9383
f 2395 2394 9383
f 2363 2367 9383
f 2397 2398 9383
f 2280 2281 9383
f 9155 2460 9383
f 2367 2369 9383
f 9386 9389 9390
f 9386 9391 9387
f 9384 9389 9385
f 9390 9395 9391
f 9389 9392 9393
f 9389 9394 9390
f 9394 9399 9395
f 9393 9396 9397
f 9394 9397 9398
f 9399 9402 9403
f 9396 9401 9397
f 9397 9402 9398
f 9402 9407 9403
f 9401 9404 9405
f 9402 9405 9406
f 9407 9410 9411
f 9405 9408 9409
f 9405 9410 9406
f 9411 9414 9415
f 9409 9412 9413
f 9410 9413 9414
f 9414 9419 9415
f 9412 9417 9413
f 9413 9418 9414
f 9418 9423 9419
f 9417 9420 9421
f 9418 9421 9422
f 9422 9427 9423
f 9420 9425 9421
f 9421 9426 9422
f 9426 9431 9427
f 9425 9428 9429
f 9426 9429 9430
f 9431 9434 9435
f 9428 9433 9429
f 9429 9434 9430
f 9434 9439 9435
f 9433 9436 9437
f 9434 9437 9438
f 9439 9442 9443
f 9436 9441 9437
f 9437 9442 9438
f 9443 9446 9447
f 9441 9444 9445
f 9442 9445 9446
f 9447 9450 9451
f 9444 9449 9445
f 9445 9450 9446
f 9450 9455 9451
f 9449 9452 9453
f 9450 9453 9454
f 9454 9459 9455
f 9452 9457 9453
f 9453 9458 9454
f 9458 9463 9459
f 9457 9460 9461
f 9458 9461 9462
f 9463 9466 9467
f 9460 9465 9461
f 9461 9466 9462
f 9466 9471 9467
f 9465 9468 9469
f 9466 9469 9470
f 9471 9474 9475
f 9468 9473 9469
f 9469 9474 9470
f 9475 9478 9479
f 9473 9476 9477
f 9474 9477 9478
f 9479 9482 9483
f 9476 9481 9477
f 9477 9482 9478
f 9483 9486 9487
f 9481 9484 9485
f 9482 9485 9486
f 9486 9491 9487
f 9484 9489 9485
f 9485 9490 9486
f 9490 9495 9491
f 9489 9492 9493
f 9490 9493 9494
f 9495 9498 9499
f 9492 9497 9493
f 9493 9498 9494
f 9498 9503 9499
f 9497 9500 9501
f 9498 9501 9502
f 9503 9507 9508
f 9500 9506 9501
f 9501 9507 9502
f 9508 9511 9512
f 9505 9510 9506
f 9507 9510 9511
f 9384 9504 9388
f 9388 9504 9392
f 9392 9504 9396
f 9396 9504 9400
f 9400 9504 9404
f 9404 9504 9408
f 9408 9504 9412
f 9412 9504 9416
f 9416 9504 9420
f 9420 9504 9424
f 9424 9504 9428
f 9428 9504 9432
f 9432 9504 9436
f 9436 9504 9440
f 9440 9504 9444
f 9444 9504 9448
f 9448 9504 9452
f 9452 9504 9456
f 9456 9504 9460
f 9460 9504 9464
f 9464 9504 9468
f 9468 9504 9472
f 9472 9504 9476
f 9476 9504 9480
f 9480 9504 9484
f 9484 9504 9488
f 9488 9504 9492
f 9492 9504 9496
f 9496 9504 9500
f 9500 9504 9505
f 9505 9504 9509
f 9512 9386 9387
f 9510 9384 9385
f 9510 9386 9511
f 9509 9504 9384
f 9521 9533 9534
f 9518 9532 9519
f 9517 9529 9530
f 9515 9527 9528
f 9523 9537 9524
f 9521 9535 9522
f 9519 9533 9520
f 9518 9530 9531
f 9515 9529 9516
f 9513 9527 9514
f 9524 9538 9525
f 9523 9535 9536
f 9528 9542 9529
f 9526 9540 9527
f 9538 9550 9551
f 9535 9549 9536
f 9534 9546 9547
f 9531 9545 9532
f 9530 9542 9543
f 9528 9540 9541
f 9537 9549 9550
f 9534 9548 9535
f 9532 9546 9533
f 9531 9543 9544
f 9541 9555 9542
f 9540 9552 9553
f 9550 9564 9551
f 9548 9562 9549
f 9547 9559 9560
f 9544 9558 9545
f 9542 9556 9543
f 9541 9553 9554
f 9549 9563 9550
f 9547 9561 9548
f 9546 9558 9559
f 9544 9556 9557
f 9555 9567 9568
f 9552 9566 9553
f 9564 9576 9577
f 9562 9574 9575
f 9559 9573 9560
f 9557 9571 9558
f 9555 9569 9556
f 9553 9567 9554
f 9562 9576 9563
f 9561 9573 9574
f 9559 9571 9572
f 9557 9569 9570
f 9567 9581 9568
f 9566 9578 9579
f 9576 9590 9577
f 9575 9587 9588
f 9572 9586 9573
f 9571 9583 9584
f 9569 9581 9582
f 9566 9580 9567
f 9576 9588 9589
f 9574 9586 9587
f 9571 9585 9572
f 9569 9583 9570
f 9581 9593 9594
f 9578 9592 9579
f 9590 9602 9603
f 9588 9600 9601
f 9585 9599 9586
f 9583 9597 9584
f 9582 9594 9595
f 9579 9593 9580
f 9589 9601 9602
f 9587 9599 9600
f 9584 9598 9585
f 9583 9595 9596
f 9594 9606 9607
f 9592 9604 9605
f 9602 9616 9603
f 9601 9613 9614
f 9598 9612 9599
f 9596 9610 9597
f 9594 9608 9595
f 9592 9606 9593
f 9601 9615 9602
f 9600 9612 9613
f 9598 9610 9611
f 9596 9608 9609
f 9607 9619 9620
f 9605 9617 9618
f 9615 9629 9616
f 9613 9627 9614
f 9611 9625 9612
f 9610 9622 9623
f 9607 9621 9608
f 9605 9619 9606
f 9615 9627 9628
f 9613 9625 9626
f 9611 9623 9624
f 9608 9622 9609
f 9619 9633 9620
f 9617 9631 9618
f 9628 9642 9629
f 9627 9639 9640
f 9625 9637 9638
f 9622 9636 9623
f 9621 9633 9634
f 9619 9631 9632
f 9627 9641 9628
f 9625 9639 9626
f 9623 9637 9624
f 9622 9634 9635
f 9632 9646 9633
f 9630 9644 9631
f 9642 9654 9655
f 9639 9653 9640
f 9638 9650 9651
f 9635 9649 9636
f 9634 9646 9647
f 9632 9644 9645
f 9641 9653 9654
f 9638 9652 9639
f 9636 9650 9637
f 9635 9647 9648
f 9645 9659 9646
f 9644 9656 9657
f 9654 9668 9655
f 9652 9666 9653
f 9651 9663 9664
f 9648 9662 9649
f 9646 9660 9647
f 9645 9657 9658
f 9653 9667 9654
f 9651 9665 9652
f 9650 9662 9663
f 9648 9660 9661
f 9659 9671 9672
f 9656 9670 9657
f 9668 9680 9681
f 9665 9679 9666
f 9663 9677 9664
f 9661 9675 9662
f 9659 9673 9660
f 9657 9671 9658
f 9666 9680 9667
f 9665 9677 9678
f 9663 9675 9676
f 9661 9673 9674
f 9671 9685 9672
f 9670 9682 9683
f 9680 9694 9681
f 9678 9692 9679
f 9677 9689 9690
f 9675 9687 9688
f 9673 9685 9686
f 9670 9684 9671
f 9680 9692 9693
f 9678 9690 9691
f 9675 9689 9676
f 9673 9687 9674
f 9685 9697 9698
f 9682 9696 9683
f 9694 9706 9707
f 9692 9704 9705
f 9689 9703 9690
f 9687 9701 9688
f 9686 9698 9699
f 9683 9697 9684
f 9693 9705 9706
f 9691 9703 9704
f 9688 9702 9689
f 9687 9699 9700
f 9698 9710 9711
f 9696 9708 9709
f 9706 9720 9707
f 9705 9717 9718
f 9702 9716 9703
f 9700 9714 9701
f 9698 9712 9699
f 9696 9710 9697
f 9705 9719 9706
f 9704 9716 9717
f 9702 9714 9715
f 9700 9712 9713
f 9711 9723 9724
f 9709 9721 9722
f 9719 9733 9720
f 9717 9731 9718
f 9715 9729 9716
f 9714 9726 9727
f 9711 9725 9712
f 9709 9723 9710
f 9718 9732 9719
f 9717 9729 9730
f 9715 9727 9728
f 9712 9726 9713
f 9723 9737 9724
f 9721 9735 9722
f 9733 9745 9746
f 9731 9743 9744
f 9729 9741 9742
f 9726 9740 9727
f 9725 9737 9738
f 9723 9735 9736
f 9732 9744 9745
f 9729 9743 9730
f 9727 9741 9728
f 9726 9738 9739
f 9736 9750 9737
f 9734 9748 9735
f 9746 9758 9759
f 9743 9757 9744
f 9742 9754 9755
f 9739 9753 9740
f 9738 9750 9751
f 9736 9748 9749
f 9745 9757 9758
f 9742 9756 9743
f 9740 9754 9741
f 9739 9751 9752
f 9749 9763 9750
f 9748 9760 9761
f 9758 9772 9759
f 9756 9770 9757
f 9755 9767 9768
f 9752 9766 9753
f 9750 9764 9751
f 9749 9761 9762
f 9757 9771 9758
f 9756 9768 9769
f 9754 9766 9767
f 9752 9764 9765
f 9762 9776 9763
f 9760 9774 9761
f 9772 9784 9785
f 9770 9782 9783
f 9768 9780 9781
f 9765 9779 9766
f 9763 9777 9764
f 9762 9774 9775
f 9770 9784 9771
f 9768 9782 9769
f 9767 9779 9780
f 9764 9778 9765
f 9775 9789 9776
f 9774 9786 9787
f 9784 9798 9785
f 9782 9796 9783
f 9781 9793 9794
f 9779 9791 9792
f 9777 9789 9790
f 9774 9788 9775
f 9784 9796 9797
f 9782 9794 9795
f 9779 9793 9780
f 9777 9791 9778
f 9789 9802 9803
f 9786 9801 9787
f 9798 9811 9812
f 9796 9809 9810
f 9793 9808 9794
f 9792 9805 9806
f 9790 9803 9804
f 9787 9802 9788
f 9797 9810 9811
f 9795 9808 9809
f 9792 9807 9793
f 9790 9805 9791
f 9803 9815 9816
f 9801 9813 9814
f 9811 9825 9812
f 9810 9822 9823
f 9807 9821 9808
f 9806 9818 9819
f 9803 9817 9804
f 9801 9815 9802
f 9810 9824 9811
f 9809 9821 9822
f 9807 9819 9820
f 9804 9818 9805
f 9816 9828 9829
f 9814 9826 9827
f 9825 9837 9838
f 9822 9836 9823
f 9820 9834 9821
f 9819 9831 9832
f 9816 9830 9817
f 9814 9828 9815
f 9824 9836 9837
f 9822 9834 9835
f 9820 9832 9833
f 9817 9831 9818
f 9828 9842 9829
f 9826 9840 9827
f 9837 9851 9838
f 9836 9848 9849
f 9834 9846 9847
f 9831 9845 9832
f 9830 9842 9843
f 9828 9840 9841
f 9836 9850 9837
f 9834 9848 9835
f 9832 9846 9833
f 9831 9843 9844
f 9841 9855 9842
f 9839 9853 9840
f 9851 9863 9864
f 9848 9862 9849
f 9847 9859 9860
f 9845 9857 9858
f 9843 9855 9856
f 9841 9853 9854
f 9850 9862 9863
f 9847 9861 9848
f 9845 9859 9846
f 9843 9857 9844
f 9854 9868 9855
f 9853 9865 9866
f 9863 9877 9864
f 9861 9875 9862
f 9860 9872 9873
f 9858 9870 9871
f 9855 9869 9856
f 9854 9866 9867
f 9862 9876 9863
f 9860 9874 9861
f 9859 9871 9872
f 9856 9870 9857
f 9868 9880 9881
f 9865 9879 9866
f 9877 9889 9890
f 9875 9887 9888
f 9873 9885 9886
f 9870 9884 9871
f 9868 9882 9869
f 9867 9879 9880
f 9875 9889 9876
f 9873 9887 9874
f 9872 9884 9885
f 9870 9882 9883
f 9880 9894 9881
f 9878 9892 9879
f 9889 9903 9890
f 9887 9901 9888
f 9886 9898 9899
f 9884 9896 9897
f 9882 9894 9895
f 9879 9893 9880
f 9889 9901 9902
f 9887 9899 9900
f 9884 9898 9885
f 9882 9896 9883
f 9894 9906 9907
f 9891 9905 9892
f 9903 9915 9916
f 9901 9913 9914
f 9898 9912 9899
f 9896 9910 9897
f 9895 9907 9908
f 9892 9906 9893
f 9902 9914 9915
f 9899 9913 9900
f 9897 9911 9898
f 9896 9908 9909
f 9907 9919 9920
f 9905 9917 9918
f 9915 9929 9916
f 9914 9926 9927
f 9911 9925 9912
f 9909 9923 9910
f 9907 9921 9908
f 9905 9919 9906
f 9914 9928 9915
f 9913 9925 9926
f 9911 9923 9924
f 9909 9921 9922
f 9799 9525 9538
f 9799 9538 9551
f 9799 9551 9564
f 9799 9564 9577
f 9799 9577 9590
f 9799 9590 9603
f 9799 9603 9616
f 9799 9616 9629
f 9799 9629 9642
f 9799 9642 9655
f 9799 9655 9668
f 9799 9668 9681
f 9799 9681 9694
f 9799 9694 9707
f 9799 9707 9720
f 9799 9720 9733
f 9799 9733 9746
f 9799 9746 9759
f 9799 9759 9772
f 9799 9772 9785
f 9799 9785 9798
f 9799 9798 9812
f 9799 9812 9825
f 9799 9825 9838
f 9799 9838 9851
f 9799 9851 9864
f 9799 9864 9877
f 9799 9877 9890
f 9799 9890 9903
f 9799 9903 9916
f 9799 9916 9929
f 9920 9515 9516
f 9918 9513 9514
f 9929 9524 9525
f 9926 9523 9927
f 9924 9521 9925
f 9923 9518 9519
f 9920 9517 9921
f 9918 9515 9919
f 9799 9929 9525
f 9928 9523 9524
f 9926 9521 9522
f 9924 9519 9520
f 9921 9518 9922
f 9387 9917 9512
f 9917 9508 9512
f 9904 9503 9508
f 9891 9499 9503
f 9499 9865 9495
f 9495 9852 9491
f 9491 9839 9487
f 9839 9483 9487
f 9483 9813 9479
f 9813 9475 9479
f 9800 9471 9475
f 9786 9467 9471
f 9467 9760 9463
f 9463 9747 9459
f 9459 9734 9455
f 9734 9451 9455
f 9451 9708 9447
f 9708 9443 9447
f 9695 9439 9443
f 9682 9435 9439
f 9435 9656 9431
f 9431 9643 9427
f 9427 9630 9423
f 9630 9419 9423
f 9419 9604 9415
f 9604 9411 9415
f 9591 9407 9411
f 9578 9403 9407
f 9403 9552 9399
f 9399 9539 9395
f 9395 9526 9391
f 9526 9387 9391
f 9932 9935 9936
f 9932 9937 9933
f 9931 9934 9935
f 9936 9941 9937
f 9934 9939 9935
f 9935 9940 9936
f 9940 9945 9941
f 9939 9942 9943
f 9940 9943 9944
f 9945 9948 9949
f 9942 9947 9943
f 9943 9948 9944
f 9948 9953 9949
f 9947 9950 9951
f 9948 9951 9952
f 9953 9956 9957
f 9950 9955 9951
f 9951 9956 9952
f 9957 9960 9961
f 9955 9958 9959
f 9956 9959 9960
f 9961 9964 9965
f 9958 9963 9959
f 9959 9964 9960
f 9965 9968 9969
f 9963 9966 9967
f 9964 9967 9968
f 9968 9973 9969
f 9966 9971 9967
f 9967 9972 9968
f 9972 9977 9973
f 9970 9975 9971
f 9972 9975 9976
f 9977 9980 9981
f 9974 9979 9975
f 9975 9980 9976
f 9980 9985 9981
f 9979 9982 9983
f 9980 9983 9984
f 9985 9988 9989
f 9982 9987 9983
f 9983 9988 9984
f 9989 9992 9993
f 9986 9991 9987
f 9988 9991 9992
f 9993 9996 9997
f 9991 9994 9995
f 9991 9996 9992
f 9996 10001 9997
f 9994 9999 9995
f 9996 9999 10000
f 10000 10005 10001
f 9999 10002 10003
f 9999 10004 10000
f 10004 10009 10005
f 10003 10006 10007
f 10004 10007 10008
f 10009 10012 10013
f 10006 10011 10007
f 10007 10012 10008
f 10012 10017 10013
f 10011 10014 10015
f 10012 10015 10016
f 10017 10020 10021
f 10014 10019 10015
f 10015 10020 10016
f 10021 10024 10025
f 10019 10022 10023
f 10020 10023 10024
f 10024 10029 10025
f 10022 10027 10023
f 10023 10028 10024
f 10028 10033 10029
f 10027 10030 10031
f 10028 10031 10032
f 10032 10037 10033
f 10030 10035 10031
f 10031 10036 10032
f 10036 10041 10037
f 10035 10038 10039
f 10036 10039 10040
f 10041 10044 10045
f 10038 10043 10039
f 10039 10044 10040
f 10044 10049 10045
f 10043 10046 10047
f 10044 10047 10048
f 10049 10053 10054
f 10046 10052 10047
f 10047 10053 10048
f 10054 10057 10058
f 10052 10055 10056
f 10053 10056 10057
f 9930 10050 9934
f 9934 10050 9938
f 9938 10050 9942
f 9942 10050 9946
f 9946 10050 9950
f 9950 10050 9954
f 9954 10050 9958
f 9958 10050 9962
f 9962 10050 9966
f 9966 10050 9970
f 9970 10050 9974
f 9974 10050 9978
f 9978 10050 9982
f 9982 10050 9986
f 9986 10050 9990
f 9990 10050 9994
f 9994 10050 9998
f 9998 10050 10002
f 10002 10050 10006
f 10006 10050 10010
f 10010 10050 10014
f 10014 10050 10018
f 10018 10050 10022
f 10022 10050 10026
f 10026 10050 10030
f 10030 10050 10034
f 10034 10050 10038
f 10038 10050 10042
f 10042 10050 10046
f 10046 10050 10051
f 10051 10050 10055
f 10058 9932 9933
f 10055 9931 10056
f 10056 9932 10057
f 10055 10050 9930
f 10067 10079 10080
f 10064 10078 10065
f 10063 10075 10076
f 10061 10073 10074
f 10070 10082 10083
f 10067 10081 10068
f 10065 10079 10066
f 10064 10076 10077
f 10061 10075 10062
f 10059 10073 10060
f 10071 10083 10084
f 10069 10081 10082
f 10074 10088 10075
f 10072 10086 10073
f 10084 10096 10097
f 10081 10095 10082
f 10080 10092 10093
f 10078 10090 10091
f 10076 10088 10089
f 10074 10086 10087
f 10083 10095 10096
f 10080 10094 10081
f 10078 10092 10079
f 10076 10090 10077
f 10087 10101 10088
f 10086 10098 10099
f 10096 10110 10097
f 10094 10108 10095
f 10093 10105 10106
f 10091 10103 10104
f 10088 10102 10089
f 10087 10099 10100
f 10095 10109 10096
f 10094 10106 10107
f 10092 10104 10105
f 10089 10103 10090
f 10100 10114 10101
f 10098 10112 10099
f 10110 10122 10123
f 10108 10120 10121
f 10105 10119 10106
f 10103 10117 10104
f 10101 10115 10102
f 10100 10112 10113
f 10108 10122 10109
f 10106 10120 10107
f 10105 10117 10118
f 10103 10115 10116
f 10113 10127 10114
f 10112 10124 10125
f 10122 10136 10123
f 10120 10134 10121
f 10119 10131 10132
f 10117 10129 10130
f 10115 10127 10128
f 10113 10125 10126
f 10122 10134 10135
f 10119 10133 10120
f 10117 10131 10118
f 10115 10129 10116
f 10127 10139 10140
f 10124 10138 10125
f 10136 10148 10149
f 10134 10146 10147
f 10131 10145 10132
f 10130 10142 10143
f 10128 10140 10141
f 10125 10139 10126
f 10135 10147 10148
f 10133 10145 10146
f 10130 10144 10131
f 10128 10142 10129
f 10140 10152 10153
f 10138 10150 10151
f 10148 10162 10149
f 10147 10159 10160
f 10144 10158 10145
f 10143 10155 10156
f 10140 10154 10141
f 10138 10152 10139
f 10147 10161 10148
f 10146 10158 10159
f 10144 10156 10157
f 10141 10155 10142
f 10153 10165 10166
f 10151 10163 10164
f 10162 10174 10175
f 10159 10173 10160
f 10157 10171 10158
f 10156 10168 10169
f 10153 10167 10154
f 10151 10165 10152
f 10161 10173 10174
f 10159 10171 10172
f 10157 10169 10170
f 10154 10168 10155
f 10165 10179 10166
f 10163 10177 10164
f 10175 10187 10188
f 10173 10185 10186
f 10171 10183 10184
f 10168 10182 10169
f 10167 10179 10180
f 10165 10177 10178
f 10173 10187 10174
f 10171 10185 10172
f 10169 10183 10170
f 10168 10180 10181
f 10178 10192 10179
f 10176 10190 10177
f 10188 10200 10201
f 10185 10199 10186
f 10184 10196 10197
f 10182 10194 10195
f 10180 10192 10193
f 10178 10190 10191
f 10187 10199 10200
f 10184 10198 10185
f 10182 10196 10183
f 10180 10194 10181
f 10191 10205 10192
f 10190 10202 10203
f 10200 10214 10201
f 10198 10212 10199
f 10197 10209 10210
f 10195 10207 10208
f 10192 10206 10193
f 10191 10203 10204
f 10199 10213 10200
f 10197 10211 10198
f 10196 10208 10209
f 10193 10207 10194
f 10205 10217 10218
f 10202 10216 10203
f 10214 10226 10227
f 10211 10225 10212
f 10210 10222 10223
f 10207 10221 10208
f 10205 10219 10206
f 10204 10216 10217
f 10212 10226 10213
f 10210 10224 10211
f 10209 10221 10222
f 10207 10219 10220
f 10217 10231 10218
f 10216 10228 10229
f 10226 10240 10227
f 10224 10238 10225
f 10223 10235 10236
f 10221 10233 10234
f 10219 10231 10232
f 10217 10229 10230
f 10226 10238 10239
f 10223 10237 10224
f 10221 10235 10222
f 10219 10233 10220
f 10231 10243 10244
f 10228 10242 10229
f 10240 10252 10253
f 10238 10250 10251
f 10235 10249 10236
f 10234 10246 10247
f 10232 10244 10245
f 10229 10243 10230
f 10239 10251 10252
f 10237 10249 10250
f 10234 10248 10235
f 10232 10246 10233
f 10244 10256 10257
f 10242 10254 10255
f 10252 10266 10253
f 10251 10263 10264
f 10248 10262 10249
f 10247 10259 10260
f 10244 10258 10245
f 10242 10256 10243
f 10251 10265 10252
f 10250 10262 10263
f 10248 10260 10261
f 10245 10259 10246
f 10257 10269 10270
f 10255 10267 10268
f 10266 10278 10279
f 10263 10277 10264
f 10261 10275 10262
f 10260 10272 10273
f 10257 10271 10258
f 10255 10269 10256
f 10265 10277 10278
f 10263 10275 10276
f 10261 10273 10274
f 10258 10272 10259
f 10269 10283 10270
f 10267 10281 10268
f 10278 10292 10279
f 10277 10289 10290
f 10275 10287 10288
f 10272 10286 10273
f 10271 10283 10284
f 10269 10281 10282
f 10277 10291 10278
f 10275 10289 10276
f 10273 10287 10274
f 10272 10284 10285
f 10282 10296 10283
f 10280 10294 10281
f 10292 10304 10305
f 10289 10303 10290
f 10288 10300 10301
f 10286 10298 10299
f 10284 10296 10297
f 10282 10294 10295
f 10291 10303 10304
f 10288 10302 10289
f 10286 10300 10287
f 10284 10298 10285
f 10295 10309 10296
f 10294 10306 10307
f 10304 10318 10305
f 10302 10316 10303
f 10301 10313 10314
f 10299 10311 10312
f 10296 10310 10297
f 10295 10307 10308
f 10303 10317 10304
f 10301 10315 10302
f 10300 10312 10313
f 10297 10311 10298
f 10309 10321 10322
f 10307 10319 10320
f 10318 10330 10331
f 10316 10328 10329
f 10314 10326 10327
f 10311 10325 10312
f 10309 10323 10310
f 10308 10320 10321
f 10316 10330 10317
f 10314 10328 10315
f 10313 10325 10326
f 10311 10323 10324
f 10321 10335 10322
f 10320 10332 10333
f 10330 10344 10331
f 10329 10341 10342
f 10326 10340 10327
f 10325 10337 10338
f 10323 10335 10336
f 10320 10334 10321
f 10330 10342 10343
f 10328 10340 10341
f 10325 10339 10326
f 10323 10337 10324
f 10335 10348 10349
f 10332 10347 10333
f 10344 10357 10358
f 10342 10355 10356
f 10339 10354 10340
f 10337 10352 10338
f 10336 10349 10350
f 10333 10348 10334
f 10343 10356 10357
f 10341 10354 10355
f 10338 10353 10339
f 10337 10350 10351
f 10349 10361 10362
f 10347 10359 10360
f 10357 10371 10358
f 10356 10368 10369
f 10353 10367 10354
f 10351 10365 10352
f 10349 10363 10350
f 10347 10361 10348
f 10356 10370 10357
f 10355 10367 10368
f 10353 10365 10366
f 10351 10363 10364
f 10362 10374 10375
f 10360 10372 10373
f 10371 10383 10384
f 10368 10382 10369
f 10366 10380 10367
f 10365 10377 10378
f 10362 10376 10363
f 10360 10374 10361
f 10370 10382 10383
f 10368 10380 10381
f 10366 10378 10379
f 10363 10377 10364
f 10374 10388 10375
f 10372 10386 10373
f 10383 10397 10384
f 10382 10394 10395
f 10380 10392 10393
f 10377 10391 10378
f 10376 10388 10389
f 10374 10386 10387
f 10382 10396 10383
f 10380 10394 10381
f 10378 10392 10379
f 10377 10389 10390
f 10387 10401 10388
f 10385 10399 10386
f 10397 10409 10410
f 10394 10408 10395
f 10393 10405 10406
f 10390 10404 10391
f 10389 10401 10402
f 10387 10399 10400
f 10396 10408 10409
f 10393 10407 10394
f 10391 10405 10392
f 10390 10402 10403
f 10400 10414 10401
f 10399 10411 10412
f 10409 10423 10410
f 10407 10421 10408
f 10406 10418 10419
f 10403 10417 10404
f 10401 10415 10402
f 10400 10412 10413
f 10408 10422 10409
f 10406 10420 10407
f 10405 10417 10418
f 10403 10415 10416
f 10414 10426 10427
f 10411 10425 10412
f 10423 10435 10436
f 10420 10434 10421
f 10418 10432 10419
f 10416 10430 10417
f 10414 10428 10415
f 10412 10426 10413
f 10421 10435 10422
f 10419 10433 10420
f 10418 10430 10431
f 10416 10428 10429
f 10427 10439 10440
f 10425 10437 10438
f 10435 10449 10436
f 10433 10447 10434
f 10431 10445 10432
f 10430 10442 10443
f 10428 10440 10441
f 10425 10439 10426
f 10435 10447 10448
f 10433 10445 10446
f 10430 10444 10431
f 10428 10442 10429
f 10440 10452 10453
f 10437 10451 10438
f 10449 10461 10462
f 10447 10459 10460
f 10444 10458 10445
f 10443 10455 10456
f 10441 10453 10454
f 10438 10452 10439
f 10448 10460 10461
f 10446 10458 10459
f 10443 10457 10444
f 10441 10455 10442
f 10453 10465 10466
f 10451 10463 10464
f 10461 10475 10462
f 10460 10472 10473
f 10457 10471 10458
f 10456 10468 10469
f 10453 10467 10454
f 10451 10465 10452
f 10460 10474 10461
f 10459 10471 10472
f 10457 10469 10470
f 10454 10468 10455
f 10345 10071 10084
f 10345 10084 10097
f 10345 10097 10110
f 10345 10110 10123
f 10345 10123 10136
f 10345 10136 10149
f 10345 10149 10162
f 10345 10162 10175
f 10345 10175 10188
f 10345 10188 10201
f 10345 10201 10214
f 10345 10214 10227
f 10345 10227 10240
f 10345 10240 10253
f 10345 10253 10266
f 10345 10266 10279
f 10345 10279 10292
f 10345 10292 10305
f 10345 10305 10318
f 10345 10318 10331
f 10345 10331 10344
f 10345 10344 10358
f 10345 10358 10371
f 10345 10371 10384
f 10345 10384 10397
f 10345 10397 10410
f 10345 10410 10423
f 10345 10423 10436
f 10345 10436 10449
f 10345 10449 10462
f 10345 10462 10475
f 10466 10061 10062
f 10464 10059 10060
f 10474 10071 10475
f 10472 10069 10473
f 10470 10067 10471
f 10469 10064 10065
f 10466 10063 10467
f 10464 10061 10465
f 10345 10475 10071
f 10473 10070 10474
f 10472 10067 10068
f 10470 10065 10066
f 10467 10064 10468
f 9933 10463 10058
f 10463 10054 10058
f 10450 10049 10054
f 10437 10045 10049
f 10045 10411 10041
f 10041 10398 10037
f 10037 10385 10033
f 10385 10029 10033
f 10029 10359 10025
f 10359 10021 10025
f 10346 10017 10021
f 10332 10013 10017
f 10013 10306 10009
f 10009 10293 10005
f 10005 10280 10001
f 10280 9997 10001
f 9997 10254 9993
f 10254 9989 9993
f 10241 9985 9989
f 10228 9981 9985
f 9981 10202 9977
f 9977 10189 9973
f 9973 10176 9969
f 10176 9965 9969
f 9965 10150 9961
f 10150 9957 9961
f 10137 9953 9957
f 10124 9949 9953
f 9949 10098 9945
f 9945 10085 9941
f 9941 10072 9937
f 10072 9933 9937
f 4 3 2
f 8 7 6
f 13 16 15
f 17 28 19
f 32 31 30
f 36 35 34
f 37 40 39
f 21 22 23
f 25 26 27
f 41 44 43
f 48 47 46
f 52 51 50
f 53 56 55
f 60 59 58
f 29 30 62
f 66 65 64
f 67 5 6
f 72 71 70
f 76 75 74
f 77 80 79
f 81 84 83
f 59 87 86
f 88 91 90
f 96 95 94
f 100 99 98
f 101 104 103
f 106 105 34
f 108 116 115
f 117 119 36
f 124 127 126
f 131 130 129
f 132 102 134
f 142 141 140
f 148 106 60
f 144 143 127
f 149 152 151
f 156 155 154
f 159 150 158
f 116 108 164
f 171 170 169
f 174 126 173
f 179 182 181
f 186 189 188
f 194 197 196
f 199 142 139
f 206 209 208
f 213 212 211
f 202 215 214
f 96 93 216
f 92 238 43
f 97 184 246
f 250 249 229
f 252 254 58
f 258 257 256
f 260 91 229
f 110 111 112
f 114 264 263
f 265 268 267
f 56 53 270
f 274 273 249
f 185 183 63
f 280 279 278
f 285 284 283
f 288 219 211
f 141 142 92
f 289 290 175
f 148 116 105
f 312 311 170
f 238 262 42
f 318 163 160
f 310 309 308
f 241 239 325
f 160 230 240
f 47 48 307
f 108 109 315
f 345 85 86
f 348 351 350
f 356 359 358
f 355 354 353
f 363 31 32
f 364 252 253
f 366 125 368
f 183 372 371
f 163 162 161
f 209 226 101
f 378 377 165
f 379 295 381
f 383 382 3
f 284 285 386
f 387 127 389
f 391 259 229
f 73 281 397
f 405 408 407
f 203 218 411
f 414 121 413
f 1 356 357
f 277 276 131
f 254 344 57
f 358 384 415
f 417 416 386
f 401 400 192
f 419 389 127
f 421 181 182
f 103 301 302
f 428 367 368
f 380 390 359
f 62 204 266
f 140 141 431
f 357 358 351
f 356 1 379
f 415 392 403
f 437 428 436
f 438 441 440
f 188 451 450
f 265 455 181
f 224 185 64
f 237 212 213
f 275 131 128
f 281 282 460
f 50 462 79
f 73 74 282
f 468 467 466
f 390 355 352
f 482 485 484
f 489 488 487
f 493 496 495
f 472 471 470
f 502 501 500
f 220 221 222
f 512 419 143
f 518 517 511
f 513 239 230
f 205 30 31
f 189 370 451
f 163 318 532
f 533 224 225
f 446 448 447
f 335 541 540
f 544 512 546
f 329 519 291
f 199 534 262
f 385 386 416
f 532 190 191
f 363 117 118
f 578 581 580
f 573 572 571
f 561 563 562
f 241 260 259
f 590 593 592
f 545 546 595
f 503 154 155
f 606 625 624
f 478 481 480
f 646 649 648
f 590 591 689
f 564 565 651
f 728 246 184
f 714 724 716
f 692 574 575
f 541 335 581
f 346 68 248
f 161 231 230
f 128 129 94
f 698 705 704
f 574 577 576
f 290 289 401
f 630 631 725
f 733 736 735
f 755 466 496
f 759 480 481
f 757 763 762
f 764 496 466
f 768 767 9260
f 759 760 488
f 492 474 475
f 474 770 769
f 773 468 465
f 771 774 486
f 484 485 775
f 774 776 489
f 495 496 764
f 495 757 761
f 137 397 784
f 325 239 797
f 165 519 51
f 369 32 29
f 730 731 568
f 90 302 301
f 243 118 516
f 800 734 806
f 817 815 808
f 816 808 823
f 306 303 447
f 815 810 809
f 829 830 828
f 726 725 501
f 274 427 424
f 879 882 881
f 884 883 879
f 219 218 217
f 906 905 904
f 455 204 205
f 898 882 830
f 903 900 880
f 377 291 519
f 923 949 948
f 946 947 951
f 8963 740 739
f 900 899 886
f 225 64 65
f 182 445 442
f 809 952 947
f 954 960 962
f 927 950 965
f 885 879 880
f 925 927 966
f 343 342 341
f 965 964 971
f 968 971 970
f 972 968 969
f 963 961 981
f 336 337 338
f 992 993 827
f 810 815 996
f 1007 1001 1002
f 1012 826 827
f 1011 1009 1007
f 294 293 292
f 907 908 920
f 1017 579 1019
f 1020 1023 1022
f 1035 1024 1020
f 1061 1060 1047
f 1063 1061 1046
f 1044 1020 1021
f 1102 1094 1097
f 1116 1126 1118
f 1016 1015 1014
f 881 897 904
f 816 1116 1127
f 1094 948 949
f 514 342 167
f 146 145 81
f 1133 1135 1130
f 1102 1133 1126
f 822 1126 1116
f 1145 1143 1148
f 1076 1144 1151
f 1148 1143 1086
f 1109 1097 1114
f 1154 1153 1156
f 1153 925 967
f 8815 8941 463
f 1144 1147 1152
f 1156 967 1163
f 1164 1162 1169
f 1145 1171 1176
f 1114 1115 1154
f 1183 1155 1164
f 1184 1183 1177
f 1069 1151 1062
f 1023 1191 1194
f 1162 1163 1170
f 1195 1184 1185
f 1183 1196 1176
f 1201 1063 1152
f 1061 1063 1201
f 9277 847 843
f 1203 1202 1195
f 1202 1201 1184
f 1218 1060 1203
f 1060 1061 1202
f 1225 1218 1217
f 671 695 694
f 1219 1217 1024
f 1217 1203 1034
f 1226 1014 1015
f 1243 1242 1234
f 1231 1230 1229
f 847 1243 1233
f 843 1233 1244
f 1233 1234 1245
f 1923 9213 233
f 2100 2108 499
f 9366 9316 2135
f 61 62 323
f 210 211 217
f 1299 1310 1309
f 9315 1230 1231
f 1066 1047 1321
f 1322 1321 1228
f 1060 1218 1321
f 1325 1324 1323
f 1244 1245 1332
f 1290 1234 1242
f 1337 1330 1339
f 1330 1332 1340
f 1341 1332 1245
f 1342 1340 1332
f 1343 1342 1341
f 1344 1341 1294
f 9309 9308 1345
f 1347 1348 1342
f 9308 9306 1295
f 1349 1350 1348
f 9313 1349 1347
f 9305 1347 1343
f 906 898 829
f 905 906 1353
f 865 1356 1355
f 1355 1353 829
f 1357 1355 825
f 1356 1354 1353
f 9286 1337 1338
f 866 1358 1356
f 1358 1359 1354
f 9280 878 1337
f 838 1362 1012
f 1363 1364 1338
f 1368 1363 1339
f 1348 1368 1340
f 1371 1369 9276
f 524 525 526
f 528 529 530
f 1372 1370 1369
f 535 536 537
f 1367 1368 1348
f 1370 1354 1359
f 1369 1359 9285
f 1373 910 903
f 555 556 557
f 1374 909 910
f 1373 904 905
f 1374 1373 1375
f 1375 905 1354
f 1378 920 908
f 376 373 651
f 1388 928 973
f 586 587 588
f 1390 1389 1388
f 1391 1388 969
f 597 598 599
f 600 601 602
f 1392 1391 970
f 608 609 610
f 612 524 523
f 614 615 616
f 617 618 25
f 620 621 622
f 1397 1390 1391
f 1398 1397 1392
f 1400 987 920
f 1402 1403 1165
f 636 637 638
f 930 1404 1402
f 641 642 643
f 929 1402 1169
f 1404 1405 1403
f 1411 1366 1365
f 1412 1406 1415
f 652 653 654
f 609 656 657
f 659 660 661
f 558 663 586
f 665 666 667
f 1413 1411 1406
f 1418 1416 9262
f 1417 1372 1371
f 1416 1371 9281
f 1419 1417 1416
f 1386 909 1374
f 677 678 679
f 1385 1386 1420
f 1420 1374 1376
f 685 686 687
f 1421 1420 1422
f 528 690 691
f 1422 1376 1372
f 1018 1019 747
f 699 700 701
f 1424 578 579
f 9115 1597 1767
f 700 699 711
f 1093 9198 9206
f 717 718 530
f 721 722 723
f 704 1650 8987
f 19 1429 1426
f 1429 1428 1427
f 1658 1659 8986
f 1439 1437 1434
f 1437 1436 1435
f 1426 1427 1433
f 1442 1431 1432
f 742 743 744
f 1432 1433 1441
f 751 752 753
f 1438 1434 1403
f 1446 1445 1444
f 1447 1448 1446
f 9312 1447 1443
f 1415 1367 1445
f 1414 1415 1446
f 2173 1683 469
f 777 778 779
f 780 781 782
f 1676 1693 1806
f 9311 1451 1349
f 789 790 791
f 745 792 793
f 652 794 795
f 1455 1458 1457
f 1454 1367 1350
f 610 691 802
f 9283 9268 698
f 1352 1044 1045
f 1015 1016 1459
f 811 812 813
f 2118 9267 9269
f 819 820 821
f 1466 1463 1194
f 1467 1468 1465
f 1182 1165 1468
f 832 812 833
f 835 836 837
f 1467 1466 1190
f 1469 1470 1444
f 840 700 712
f 1453 1470 1469
f 599 844 845
f 1226 1450 9301
f 851 852 853
f 855 744 856
f 858 859 860
f 861 862 863
f 1014 1226 9307
f 867 676 868
f 870 871 872
f 874 875 876
f 1310 1323 1471
f 1476 1433 1427
f 1461 1476 1475
f 887 888 889
f 788 791 892
f 894 895 896
f 1460 1475 1227
f 901 902 524
f 1465 1478 1477
f 1865 8947 8944
f 911 912 913
f 916 917 918
f 1850 8949 8951
f 921 922 895
f 1479 1435 1436
f 926 664 667
f 1481 562 563
f 269 1483 84
f 931 932 933
f 934 935 614
f 936 685 688
f 938 659 662
f 1484 270 122
f 941 942 835
f 320 321 509
f 1849 8954 8949
f 84 1483 1484
f 1487 1490 1488
f 1757 1758 8946
f 365 1492 1491
f 461 79 80
f 117 363 362
f 1494 540 541
f 926 601 957
f 1477 1441 1433
f 1709 1588 1585
f 119 117 1496
f 271 1497 504
f 511 517 189
f 345 1496 1492
f 57 344 299
f 1501 1499 268
f 267 268 1499
f 974 975 976
f 1678 1652 1693
f 9298 1682 1807
f 557 982 663
f 983 941 984
f 1443 1444 9301
f 421 1500 268
f 989 990 991
f 1490 1487 418
f 279 280 309
f 997 868 676
f 998 26 999
f 1504 418 38
f 1506 1508 1507
f 360 361 1508
f 1506 1486 207
f 939 1005 1006
f 270 1484 1483
f 66 63 546
f 1010 742 793
f 367 428 437
f 244 31 363
f 1670 8976 8978
f 209 206 1510
f 388 389 426
f 427 274 250
f 161 520 521
f 100 246 45
f 1025 1026 608
f 1029 1030 1031
f 939 662 1033
f 41 42 594
f 1036 780 783
f 702 701 1038
f 1040 1041 1042
f 362 32 369
f 187 1520 477
f 70 1487 539
f 1049 600 603
f 613 867 869
f 860 1050 1051
f 1005 1052 1053
f 753 1055 1056
f 1057 1058 1059
f 293 288 1522
f 288 212 1521
f 292 1522 1523
f 331 1507 1508
f 306 452 453
f 100 44 41
f 462 1524 78
f 330 331 1524
f 635 1067 1068
f 1485 1527 1526
f 206 1485 1528
f 1070 1071 1072
f 942 941 1073
f 916 933 1075
f 440 1529 1530
f 157 158 1514
f 1529 162 5
f 371 595 546
f 790 586 663
f 1077 858 857
f 1403 1434 1435
f 1080 1081 1082
f 531 520 1529
f 21 1083 1084
f 272 1532 1531
f 690 712 802
f 335 9015 9011
f 1090 1030 1029
f 1092 795 794
f 1533 396 137
f 661 660 1095
f 69 444 445
f 1099 1100 1101
f 38 39 1536
f 1104 1105 1106
f 852 1107 1108
f 1377 908 909
f 291 377 411
f 316 1536 516
f 539 1488 1533
f 1505 1536 316
f 1110 1111 1112
f 1539 1537 460
f 522 441 1537
f 834 837 1120
f 1122 1123 1124
f 612 1125 1041
f 935 793 615
f 276 278 130
f 1686 8993 8966
f 193 190 1541
f 231 521 1540
f 556 1037 982
f 365 253 85
f 190 532 318
f 1810 765 9018
f 9376 1867 8956
f 1132 983 985
f 208 101 102
f 1134 1033 662
f 1491 518 80
f 429 133 1542
f 1137 1138 915
f 172 436 428
f 1139 1140 1141
f 549 96 54
f 1517 1519 1518
f 834 1119 984
f 1543 513 286
f 1544 797 239
f 133 134 1544
f 506 361 257
f 420 327 328
f 1158 1159 1160
f 587 1104 1103
f 607 1161 1027
f 304 1546 1545
f 364 1491 77
f 69 70 198
f 700 840 1112
f 9329 626 8969
f 1166 719 657
f 1167 1168 858
f 1300 8967 8968
f 1172 1173 1174
f 218 203 200
f 1179 1180 1181
f 372 183 97
f 89 104 227
f 1186 1187 1188
f 172 173 1517
f 1482 84 81
f 1090 1192 1193
f 394 395 353
f 526 525 1198
f 1199 1200 1026
f 606 623 697
f 1204 1205 1206
f 1207 1208 523
f 1209 1210 867
f 914 913 685
f 1478 1436 1441
f 1029 1028 1161
f 1211 1212 1213
f 9310 1453 1451
f 844 1215 1216
f 423 193 273
f 1220 1221 1222
f 22 1223 1224
f 882 898 897
f 1519 1517 173
f 1189 1188 1232
f 349 350 550
f 1071 1235 1236
f 1237 1238 1239
f 1221 1186 1189
f 1510 1528 1512
f 939 1032 1241
f 1556 1530 5
f 1553 1554 394
f 404 1556 67
f 1247 1248 1249
f 142 199 238
f 1251 1067 635
f 850 1252 1253
f 1254 1167 1077
f 57 132 133
f 443 430 552
f 1187 1172 1175
f 1256 1070 831
f 432 405 382
f 741 748 747
f 434 350 351
f 349 432 383
f 251 124 1481
f 395 384 352
f 1518 1519 1550
f 1558 410 378
f 109 263 314
f 285 1514 1513
f 395 394 393
f 202 203 410
f 417 408 405
f 1246 1257 1258
f 3 1559 297
f 1259 1260 1261
f 403 404 347
f 955 954 953
f 462 50 51
f 1096 1095 687
f 429 147 60
f 896 1264 1265
f 1267 721 1268
f 423 424 327
f 37 179 180
f 20 23 1187
f 1256 1168 1071
f 1188 1175 1269
f 1236 1270 1271
f 1272 536 535
f 565 564 463
f 1273 792 745
f 876 1254 1255
f 316 33 164
f 437 1516 503
f 194 1494 1495
f 1275 1276 864
f 624 625 631
f 1277 1274 1137
f 569 568 567
f 1481 124 125
f 324 325 547
f 1279 1108 1107
f 1525 332 329
f 1281 1278 1137
f 171 168 1553
f 1488 73 396
f 1557 1561 1562
f 1282 856 1206
f 1053 1277 1278
f 778 777 607
f 713 583 9010
f 251 225 144
f 4 357 348
f 709 708 707
f 728 48 45
f 261 135 1563
f 789 1286 1287
f 74 314 263
f 403 284 385
f 1178 1181 1240
f 1223 1259 1289
f 1220 20 1186
f 296 1518 354
f 784 459 1538
f 1181 1180 1291
f 1269 1292 1257
f 1566 1538 438
f 136 784 1566
f 1563 1564 169
f 107 114 109
f 1297 1282 1298
f 1464 1477 1476
f 1520 187 507
f 1301 1302 1303
f 1306 1307 1308
f 175 456 1532
f 1532 456 200
f 1311 1266 1312
f 872 1314 1315
f 9288 843 878
f 1305 1308 864
f 1040 1275 863
f 1564 1566 399
f 592 1576 1575
f 591 1575 1088
f 1581 1584 1583
f 1196 1152 1147
f 710 582 583
f 285 407 408
f 953 954 961
f 1594 1592 1589
f 1585 1588 1587
f 1592 1591 1590
f 9337 945 944
f 1600 1599 1598
f 1604 1603 1602
f 1399 1392 979
f 1589 1590 1596
f 1610 1609 1608
f 298 257 361
f 551 552 276
f 1627 1626 9266
f 859 811 818
f 1078 857 1328
f 1555 439 1530
f 572 573 680
f 772 465 776
f 977 1281 918
f 404 403 392
f 1054 1331 750
f 1644 1645 1643
f 932 1265 1082
f 1067 1333 1334
f 1540 1539 264
f 597 1335 643
f 471 761 762
f 1642 696 9283
f 1644 1642 9294
f 923 946 950
f 96 549 548
f 520 531 522
f 445 444 443
f 849 839 848
f 480 759 755
f 1646 760 481
f 311 426 1567
f 464 463 8941
f 8941 1360 1361
f 234 237 236
f 190 193 192
f 153 154 152
f 231 287 286
f 1552 1553 1551
f 760 1646 1648
f 9284 1647 1649
f 828 827 826
f 52 167 166
f 1663 1662 1661
f 287 107 115
f 668 671 670
f 634 645 640
f 553 560 559
f 118 36 33
f 492 484 491
f 8996 1652 1651
f 582 589 584
f 384 395 392
f 1381 1382 1383
f 1562 1561 435
f 952 953 951
f 8973 9010 583
f 1660 1661 1667
f 1394 1395 1396
f 1660 1665 1664
f 1671 1670 1669
f 1624 1625 1673
f 1407 1408 1409
f 1677 1676 1675
f 1613 1679 1677
f 1679 1678 1676
f 1626 1681 9263
f 534 199 198
f 803 733 734
f 400 248 191
f 65 66 143
f 8970 1657 1656
f 402 159 157
f 629 628 627
f 461 477 49
f 758 757 495
f 796 787 786
f 406 407 1513
f 342 343 166
f 1694 1659 1658
f 1692 1687 1694
f 9001 1693 1652
f 9373 1704 1703
f 326 547 302
f 9368 9373 1702
f 9371 9370 1698
f 1699 1691 9379
f 1557 406 1560
f 1127 1116 1117
f 400 401 289
f 1706 1702 1707
f 1707 1702 1599
f 1709 1706 1708
f 1714 1712 1711
f 9371 9367 1709
f 1704 1711 1577
f 1716 1714 1713
f 1559 1562 1549
f 1722 1721 1720
f 1335 597 596
f 410 411 377
f 973 1170 1163
f 168 169 399
f 1571 682 1089
f 1572 681 682
f 749 646 647
f 1730 1724 1723
f 1594 1582 1729
f 1729 1723 1591
f 1384 1378 1377
f 1732 1731 1712
f 1724 1730 1731
f 1722 1724 1732
f 1721 1722 1733
f 1734 1733 1716
f 1735 1737 1736
f 1733 1732 1714
f 1663 1664 1741
f 1742 1665 1740
f 1738 1739 1737
f 1665 1660 1666
f 1665 1742 1744
f 1725 1726 1746
f 1591 1725 1745
f 1590 1745 1747
f 1745 1746 1748
f 1659 1688 8982
f 5650 1760 8989
f 1185 1177 1182
f 1664 1744 1749
f 1741 1749 1739
f 1746 1742 1743
f 1726 1744 1742
f 1115 924 1153
f 1654 8990 9019
f 1896 9006 8993
f 1720 1749 1744
f 1721 1739 1749
f 1750 1718 1701
f 1697 1736 1750
f 1151 1152 1063
f 1751 1752 1670
f 1695 1658 1752
f 961 962 986
f 1770 1769 1768
f 1766 1594 1593
f 1731 1759 1579
f 1579 1777 1774
f 9380 1772 1771
f 1764 1772 9380
f 1777 1776 1775
f 9214 9215 1699
f 1004 1127 1128
f 1774 1775 1771
f 987 1400 1399
f 1578 1774 1772
f 1783 1782 1781
f 1597 1598 1770
f 639 1878 9347
f 9380 9381 1769
f 1793 1792 1789
f 9381 9372 1798
f 8952 8960 9225
f 1802 1867 9376
f 1788 1790 1794
f 1793 1794 1795
f 9225 9224 1675
f 1584 1581 1783
f 1771 1797 9372
f 1801 1799 1798
f 1768 1769 1798
f 1775 1796 1797
f 508 514 515
f 1796 1803 1802
f 1800 1798 9372
f 1794 1805 1804
f 8976 1670 1752
f 485 1808 1807
f 9261 9296 1640
f 9289 9296 1810
f 485 482 1640
f 1690 1691 9222
f 487 488 1648
f 9291 1813 1816
f 9290 1811 1648
f 9291 1812 1811
f 1812 1809 487
f 1641 1809 767
f 465 466 755
f 767 1815 9275
f 9274 1816 9278
f 1809 1812 1815
f 9289 1653 1651
f 675 672 8985
f 1814 1649 1822
f 1821 1822 9273
f 1824 1822 1649
f 1827 1849 1850
f 1668 1669 1662
f 1779 1780 1848
f 1790 1827 1805
f 1833 1836 1853
f 8965 8950 693
f 1614 1615 1616
f 1852 1853 8942
f 1620 1621 1622
f 1855 1765 1574
f 1847 1852 8945
f 1766 1765 1855
f 1629 1630 1631
f 1633 1622 1634
f 1635 1636 1637
f 1848 1833 1852
f 1855 1861 1863
f 1803 1866 1867
f 1862 1863 1831
f 1782 1855 1862
f 9374 9376 1865
f 1873 1872 1870
f 1874 1869 799
f 2045 9330 9349
f 1219 1345 1295
f 1615 1614 1396
f 9336 9347 1877
f 645 9350 9238
f 1345 1219 1035
f 634 639 9336
f 15 1887 1327
f 9362 9347 1878
f 1894 604 605
f 8950 8995 627
f 9004 640 645
f 340 341 454
f 1897 194 195
f 1889 1882 1877
f 1901 94 129
f 196 749 754
f 1705 1704 9373
f 340 378 166
f 1570 1480 563
f 1904 1494 194
f 1781 1862 1832
f 1905 549 55
f 1000 994 995
f 986 919 920
f 1191 1185 1190
f 2094 2077 2075
f 1920 1921 1919
f 453 454 1912
f 1915 1919 1918
f 9334 2112 2106
f 1655 9019 8975
f 1916 1918 1926
f 704 8998 9005
f 278 1916 1925
f 9009 9008 1818
f 1097 949 1115
f 1927 1928 727
f 9030 9031 9106
f 1920 310 307
f 1929 307 48
f 503 504 1497
f 1902 1903 787
f 1816 1821 9272
f 1925 1926 1923
f 1535 1569 1568
f 254 252 258
f 1509 1497 366
f 119 86 35
f 219 288 293
f 141 46 47
f 542 205 244
f 1940 552 430
f 1779 1828 1827
f 1701 1710 9367
f 1661 8994 8959
f 270 53 754
f 197 1947 749
f 1727 1728 1212
f 53 54 232
f 1465 1468 1479
f 1284 9314 9306
f 1951 446 412
f 168 398 1554
f 1486 1485 206
f 506 77 78
f 994 1001 1007
f 951 953 963
f 1013 9311 9313
f 9278 9272 1820
f 1498 1909 1954
f 299 298 543
f 1754 1755 1756
f 1681 469 1683
f 1696 1694 1695
f 13 14 738
f 473 476 475
f 482 1641 768
f 204 62 30
f 1761 1762 820
f 611 1763 1125
f 1501 1503 1908
f 1074 1073 711
f 1960 1944 82
f 120 1956 1960
f 35 86 87
f 1773 1199 1025
f 1965 1545 1569
f 494 761 471
f 1966 1967 1969
f 446 1951 1971
f 174 368 125
f 1580 1579 1578
f 1785 1786 1787
f 1972 1546 304
f 1254 876 875
f 1973 341 342
f 321 1912 1973
f 1910 277 275
f 509 1973 514
f 1486 1507 1527
f 1974 1874 804
f 1977 1976 1974
f 1980 448 1966
f 379 1 2
f 1718 1715 1710
f 884 995 992
f 1680 1684 1678
f 902 990 525
f 344 255 256
f 135 138 137
f 448 446 1967
f 589 605 604
f 910 909 908
f 1981 1966 1968
f 1982 1981 1987
f 1988 1979 1987
f 1990 1988 1989
f 1991 1989 1993
f 322 321 320
f 992 828 830
f 1144 1076 1086
f 1995 1977 1978
f 1133 1129 1118
f 1997 1995 1994
f 870 1823 1335
f 805 806 1982
f 727 184 2000
f 1996 1994 1988
f 1994 1978 1979
f 1829 616 792
f 1830 1073 941
f 798 803 800
f 729 732 731
f 2011 2012 2023
f 1834 1835 846
f 402 283 284
f 2022 2023 2024
f 1838 718 989
f 810 955 952
f 1823 1839 1840
f 1430 1426 1432
f 1215 844 1841
f 1316 1208 873
f 2112 1401 1384
f 1842 1843 1844
f 1159 846 845
f 837 27 1846
f 1971 1951 2030
f 517 369 370
f 1471 2026 2027
f 8995 8969 626
f 2174 2175 770
f 935 934 1854
f 1613 1619 1611
f 1231 1228 1225
f 1856 1857 891
f 1300 1309 748
f 1150 1149 1858
f 1643 606 696
f 1215 1265 1264
f 1320 1860 902
f 1956 1943 1944
f 2031 668 669
f 2034 1325 1310
f 1879 1880 1656
f 40 245 242
f 1992 1993 2039
f 888 958 957
f 1882 1889 1996
f 1078 1138 1255
f 1871 912 1192
f 294 411 218
f 1323 2041 2026
f 123 1960 83
f 1324 2036 2041
f 384 358 359
f 1324 1325 2038
f 1883 1884 1885
f 287 1540 114
f 1096 1886 1134
f 915 1329 931
f 806 1980 1981
f 8977 8973 584
f 1425 2030 2042
f 1018 2042 1948
f 9006 1896 740
f 1948 2042 649
f 1881 1882 1990
f 1900 129 130
f 992 995 994
f 923 927 925
f 9330 2045 2047
f 1643 2048 625
f 2050 2052 2051
f 2045 1405 1404
f 9328 2047 945
f 1139 1080 1079
f 1037 1856 892
f 2055 2053 2057
f 1198 989 718
f 1619 2058 1612
f 2058 1605 1606
f 2059 2060 1607
f 2058 1619 1624
f 71 72 179
f 405 406 1557
f 322 1548 1972
f 2061 2052 2063
f 2066 2065 2067
f 2052 2061 2064
f 1609 1610 2066
f 1515 151 152
f 1009 827 993
f 1644 9295 9267
f 279 1915 1916
f 1285 9315 9314
f 1647 2066 1825
f 2056 2057 2067
f 319 320 1953
f 667 666 1913
f 2070 631 625
f 2052 2050 2055
f 2038 1654 1655
f 1606 1601 2073
f 1235 1917 1270
f 2072 2073 2075
f 2059 1606 2072
f 2074 2075 2077
f 1601 1602 2078
f 2049 2048 1643
f 1000 1004 1001
f 1089 943 684
f 1931 1286 1306
f 1462 1459 1021
f 1932 1933 1934
f 875 874 1846
f 1936 1051 1937
f 44 45 46
f 1534 1955 1956
f 1541 318 317
f 2081 2082 2084
f 146 1945 1959
f 1360 1941 1942
f 985 984 1032
f 1995 1997 1892
f 2079 2080 2082
f 2095 2096 2076
f 2081 2093 2078
f 2055 2050 2054
f 501 2096 2095
f 2097 2100 2099
f 2098 2099 2094
f 2140 2141 9345
f 2141 2046 9346
f 2051 2070 2048
f 592 2102 2101
f 2071 2064 2076
f 2102 2097 2098
f 593 2103 2102
f 1019 1895 746
f 1950 11 12
f 725 2071 2096
f 1385 2105 2104
f 1379 2104 2106
f 2107 2108 2100
f 9360 726 502
f 9348 502 499
f 940 1389 2109
f 928 929 1170
f 9320 590 684
f 1962 1963 1964
f 9330 680 573
f 2039 1993 1968
f 1389 1390 2110
f 1398 2111 2113
f 9209 9207 9205
f 9363 9335 2107
f 949 923 924
f 260 241 324
f 1390 1397 2113
f 2070 2051 2064
f 9319 9363 2103
f 2105 1385 1421
f 2114 1421 1423
f 9344 2114 2115
f 9360 2105 2114
f 554 2116 1902
f 972 1163 967
f 1765 1593 1573
f 1984 1985 1986
f 2053 2117 2069
f 9017 9000 724
f 1625 1677 1674
f 9333 9340 2119
f 9355 2115 2123
f 56 1954 1906
f 626 9329 9331
f 2001 2002 2003
f 9364 9293 2127
f 2006 2007 2008
f 2127 1413 1412
f 2014 2015 2016
f 2018 2019 2020
f 1495 1424 1947
f 1379 1377 1386
f 9266 9263 1680
f 2029 1885 1884
f 9354 2128 2120
f 629 9331 9366
f 682 683 943
f 724 1650 2121
f 1757 1819 9273
f 765 1810 9296
f 9303 714 715
f 706 707 9322
f 981 986 987
f 1457 1868 1656
f 2017 2016 2032
f 1458 1655 1868
f 1776 1777 1792
f 1959 1945 1946
f 9115 9167 9177
f 9365 9333 2122
f 1093 1089 689
f 966 965 968
f 9304 715 9333
f 2172 9029 2170
f 670 2138 2137
f 9213 787 1903
f 1429 19 28
f 964 963 978
f 9293 9265 1413
f 1473 1474 669
f 9286 9285 1359
f 2138 798 1870
f 1872 1473 2137
f 715 716 9340
f 1881 1991 1992
f 9295 9294 739
f 1837 1847 8957
f 253 58 59
f 1808 9289 9292
f 1647 9284 9270
f 9317 9318 671
f 2112 9334 9335
f 1405 2045 2044
f 9281 9276 1364
f 273 1541 391
f 576 632 8964
f 9327 9317 668
f 1430 1431 2140
f 2136 9302 9312
f 1430 2139 18
f 9345 9346 570
f 1442 1439 2046
f 1431 1442 2141
f 9321 9365 9302
f 9260 9275 1817
f 9318 9345 695
f 2142 2025 798
f 571 2143 2142
f 9271 9266 1618
f 2143 2022 2025
f 694 2142 2138
f 681 1572 2144
f 2144 2011 2022
f 328 210 457
f 1572 2010 2011
f 630 9344 9355
f 2085 2086 2087
f 2090 2091 2092
f 572 2144 2143
f 1875 1976 2153
f 1873 1875 2149
f 2103 2107 2097
f 2157 2043 2155
f 2128 1412 1414
f 9326 9323 589
f 9324 9322 628
f 2149 2153 2158
f 2159 2158 9357
f 698 9359 9354
f 9275 9299 9279
f 2158 2156 9326
f 1438 2044 2046
f 2035 2154 2160
f 2161 2160 9341
f 9323 9343 605
f 9325 17 18
f 370 29 61
f 649 1951 413
f 2153 2157 2156
f 1428 1429 1449
f 1490 76 73
f 9342 9357 710
f 2155 1891 9343
f 1456 1457 1880
f 2125 2088 2087
f 2160 2159 9342
f 300 1959 505
f 1064 1062 1046
f 2043 1892 1891
f 2129 2130 2004
f 2131 2132 2133
f 9300 9301 1450
f 1998 1975 804
f 9331 673 9316
f 474 492 490
f 1164 1165 1182
f 707 2162 9361
f 708 1472 2162
f 2162 2161 9338
f 548 549 1905
f 1145 1136 1114
f 705 2121 1650
f 2043 2157 1977
f 737 738 554
f 1034 1195 1191
f 458 1905 1907
f 195 196 232
f 2040 2039 1969
f 2145 2146 2147
f 2054 2050 2049
f 9284 1646 1639
f 9 12 11
f 252 364 506
f 472 478 479
f 1865 9376 9243
f 900 903 910
f 1941 2150 2151
f 1921 1928 1927
f 2163 1897 1898
f 271 156 153
f 1904 1326 12
f 282 263 264
f 1872 1873 2154
f 1326 1904 1897
f 628 692 693
f 1724 1722 1719
f 1549 1562 436
f 1582 1583 1730
f 1921 1920 1929
f 9007 8955 10
f 2152 2037 1950
f 475 772 774
f 769 2172 2171
f 2171 2165 476
f 476 773 772
f 1791 565 464
f 2166 2167 2168
f 595 371 372
f 483 1809 1641
f 762 2174 2173
f 771 483 484
f 486 487 1809
f 297 1549 1517
f 763 2175 2174
f 776 755 759
f 184 185 2176
f 412 447 303
f 2005 2176 185
f 9263 1681 1682
f 2164 2170 756
f 1472 2035 2161
f 950 951 964
f 2177 2178 2179
f 227 226 1510
f 2182 2183 2184
f 2186 2019 2018
f 1985 2182 2181
f 214 736 729
f 865 849 842
f 849 865 1357
f 559 3187 3188
f 16 13 737
f 560 553 498
f 3193 3196 3195
f 3200 3197 3198
f 3211 3214 3213
f 3215 3218 3217
f 2187 2188 2002
f 3233 3236 3235
f 3223 3221 3222
f 3229 3232 3231
f 3245 3248 3247
f 2169 2168 2189
f 2192 2086 2085
f 2193 2194 2195
f 2198 2199 2200
f 1998 1982 1979
f 9116 9117 9120
f 3253 3256 3255
f 2116 1898 1903
f 1859 2006 2009
f 9356 2123 2126
f 1135 1148 1087
f 2201 2202 2015
f 1149 111 110
f 3261 3264 3263
f 3269 3272 3271
f 3265 3268 3267
f 3229 3230 3284
f 3289 3292 3291
f 3299 3302 3301
f 3307 3263 3264
f 3293 3296 3295
f 3297 3223 3224
f 3319 3321 3291
f 3322 3323 3318
f 3314 3313 3312
f 3285 3288 3287
f 3332 3333 3218
f 3329 3331 3330
f 3324 3325 3227
f 3298 3224 3326
f 2203 2204 2205
f 579 580 1895
f 1755 2207 2208
f 3337 3340 3339
f 9343 9362 1893
f 1211 2151 2150
f 868 997 2210
f 3347 3350 3349
f 944 945 930
f 2130 2129 2202
f 233 1903 1898
f 665 751 750
f 1167 1254 999
f 2211 2212 2213
f 2215 2216 2217
f 9319 593 590
f 2220 221 220
f 823 824 948
f 3375 3240 3377
f 3393 3392 3391
f 3353 3358 3357
f 3363 3366 3365
f 3402 3405 3404
f 266 204 455
f 9334 2108 2107
f 2221 2222 8963
f 2223 2224 2225
f 2207 2125 2124
f 3293 3309 3336
f 673 674 9321
f 817 1000 996
f 2227 2228 2146
f 1947 1948 646
f 9352 2135 17
f 2229 1635 1638
f 1679 1613 1618
f 1637 2231 2232
f 2233 2234 1617
f 2231 2235 2236
f 3406 3409 3408
f 1381 1638 2238
f 9038 2241 2242
f 3414 3416 3341
f 1630 2234 2233
f 1681 1626 472
f 1408 1407 2243
f 3423 3426 3425
f 3433 3351 3263
f 3434 3429 3430
f 3440 3443 3442
f 3444 3447 3446
f 3436 3451 3450
f 3442 3443 3456
f 1637 2230 2238
f 3445 3446 3437
f 3448 3443 3440
f 1409 1408 1634
f 1380 1383 2247
f 1628 2248 2245
f 3463 3466 3465
f 3308 3477 3462
f 2249 1623 1622
f 1632 1634 1408
f 2248 1628 1631
f 3478 3481 3480
f 3509 3512 3511
f 2235 2231 1637
f 3505 3508 3507
f 3457 3458 3199
f 631 2070 2071
f 515 167 52
f 782 781 2251
f 2253 2254 2255
f 397 281 459
f 1456 2039 2040
f 2040 2041 2036
f 3434 3475 3518
f 1401 2112 2111
f 2041 2040 1970
f 3367 3337 3338
f 1535 121 414
f 1586 1587 2080
f 2256 983 1132
f 3528 3531 3530
f 3519 3521 3520
f 3537 3505 3506
f 3543 3546 3545
f 1700 1699 9370
f 3486 3551 3550
f 3455 3456 3497
f 3558 3560 3559
f 3456 3568 3500
f 3572 3571 3252
f 3308 3264 3285
f 3316 3317 3574
f 3575 3478 3479
f 3576 3579 3578
f 3580 3583 3582
f 3584 3587 3586
f 3505 3537 3588
f 3589 3592 3591
f 3600 3603 3602
f 3542 3539 3595
f 3604 3605 3592
f 3611 3610 3613
f 3622 3625 3624
f 3618 3621 3620
f 3626 3629 3628
f 3644 3647 3646
f 3634 3637 3636
f 3638 3639 3641
f 9267 1896 1686
f 1263 2256 1886
f 3613 3655 3654
f 598 1841 844
f 2257 2258 2259
f 2258 2261 2262
f 2259 2262 2263
f 2260 2259 2216
f 1967 1971 1970
f 2212 1964 1963
f 922 921 2218
f 1312 1098 1101
f 1307 1306 1286
f 1548 1569 1546
f 2266 2267 2268
f 2265 2268 2270
f 2272 2265 2269
f 2273 2266 2265
f 2275 2276 2277
f 2278 2274 2277
f 2284 2285 9069
f 2287 2283 2286
f 2288 2289 2283
f 2290 2284 9091
f 2291 2292 2293
f 2295 2291 2294
f 2296 2297 2291
f 2297 2298 2292
f 2294 2293 2299
f 2279 2294 2300
f 2298 2301 2302
f 2292 2302 2303
f 2293 2303 2304
f 2304 2305 2306
f 2308 2309 2310
f 2302 2307 2310
f 2301 2311 2307
f 2312 2308 2307
f 2313 2314 2315
f 2318 2319 2320
f 9200 9223 2322
f 2324 2325 2273
f 2313 2324 2326
f 2328 2324 2313
f 2329 2325 2324
f 2331 2332 2333
f 2330 2333 2267
f 2325 2330 2266
f 2329 2331 2330
f 2333 2334 2335
f 2336 2334 2333
f 2338 2336 2332
f 2331 2339 2337
f 2329 2340 2339
f 2328 2341 2340
f 2316 2342 2341
f 2342 2316 2315
f 2344 2345 2346
f 2341 2344 2347
f 2342 2348 2344
f 2348 2349 2345
f 2350 2351 2352
f 2339 2350 2353
f 2340 2347 2350
f 2347 2346 2351
f 2337 2353 2354
f 2353 2352 2355
f 2356 2277 2276
f 2356 2357 2358
f 2356 2359 2296
f 2279 2277 2356
f 2360 2361 2270
f 2267 2335 2360
f 2362 2363 2364
f 2362 2365 2361
f 2366 2362 2358
f 2366 2367 2363
f 2357 2276 2368
f 2366 2368 2369
f 2276 2275 2370
f 2368 2370 2282
f 2372 2373 2374
f 2375 2376 2377
f 2378 2379 2380
f 2382 2378 2381
f 2384 2385 2378
f 2385 2386 2379
f 2388 2389 2390
f 2387 2390 2392
f 2393 2394 2387
f 2394 2395 2388
f 2186 2401 2402
f 2403 2404 2327
f 2272 2403 2326
f 2271 2405 2403
f 2405 2406 2404
f 2404 2407 2408
f 2409 2410 2411
f 2409 2412 2271
f 2413 2409 2269
f 2413 2414 2410
f 2417 2415 2416
f 2417 2418 2406
f 2412 2417 2405
f 2411 2415 2417
f 2406 2419 2407
f 9013 8964 632
f 2420 2398 2397
f 2420 2421 2423
f 2424 2420 2422
f 2424 2399 2398
f 2425 2391 2392
f 2421 2425 2426
f 2397 2396 2425
f 2396 2393 2391
f 2427 2314 2408
f 2430 2427 2428
f 2343 2315 2427
f 2432 2343 2430
f 2431 2430 2429
f 2435 2431 2433
f 2436 2432 2431
f 2428 2408 2407
f 2422 2437 2407
f 2438 2437 2422
f 2429 2428 2437
f 2440 2434 2433
f 2441 2439 2433
f 2442 2443 2439
f 2443 2444 2440
f 2445 2446 2444
f 2447 2445 2443
f 2383 2381 2445
f 2381 2380 2446
f 2448 2438 2423
f 2449 2448 2426
f 2441 2448 2449
f 2441 2429 2438
f 2449 2392 2390
f 2450 2390 2389
f 2447 2450 2451
f 2442 2449 2450
f 2451 2389 2453
f 2452 2453 2455
f 2382 2452 2454
f 2383 2451 2452
f 2456 2457 2373
f 2459 2460 2461
f 2463 2464 2465
f 2462 2465 2285
f 2466 2462 2284
f 2467 2463 2462
f 2461 2460 9155
f 2468 2469 2470
f 2472 2468 2471
f 2474 2461 9153
f 2475 2476 2477
f 2458 2455 2453
f 2479 2453 2389
f 2395 2480 2479
f 2480 2459 2458
f 2481 2482 2483
f 2484 113 2485
f 2471 2470 2464
f 2473 2471 2463
f 2487 2467 2466
f 2486 2466 2290
f 2490 2486 2488
f 2491 2487 2486
f 2492 2473 2467
f 2493 2492 2487
f 2494 2495 2492
f 2495 2472 2473
f 9142 2496 2474
f 9143 2497 2496
f 2498 2494 2493
f 2500 2498 2499
f 9152 9139 2498
f 9139 9143 2494
f 2306 2504 2278
f 2305 2505 2504
f 2504 2505 2507
f 2506 2507 2288
f 2274 2506 2508
f 2278 2504 2506
f 9085 9084 2489
f 9072 9085 2488
f 2507 2509 2289
f 2505 2510 2509
f 2508 2288 2287
f 2511 2287 2281
f 2370 2511 2280
f 2275 2508 2511
f 2512 2490 2489
f 2514 2512 2513
f 2517 2512 2514
f 2517 2491 2490
f 2499 2493 2491
f 2499 2517 2516
f 2510 2505 2519
f 2518 2519 2521
f 9068 2518 2520
f 9084 2510 2518
f 2522 2304 2303
f 2523 2522 2310
f 2305 2304 2522
f 2524 2522 2523
f 2519 2524 2525
f 2505 2305 2524
f 2308 2312 2527
f 2526 2527 2529
f 2531 2526 2528
f 2309 2308 2526
f 1214 2532 2151
f 2419 2406 2418
f 2533 2345 2349
f 2534 2533 2317
f 2535 2536 2533
f 2536 2346 2345
f 2537 2351 2346
f 2538 2537 2536
f 2539 2540 2537
f 2540 2352 2351
f 2312 2355 2541
f 2527 2541 2542
f 2543 2435 2434
f 2545 2543 2544
f 2319 2318 2543
f 2318 2436 2435
f 2514 2515 2548
f 2547 2548 2550
f 2552 2547 2549
f 2552 2516 2514
f 2520 2521 2554
f 2553 2554 2556
f 9042 2553 2555
f 9073 2520 2553
f 2523 2309 2531
f 2557 2531 2530
f 2525 2523 2557
f 2559 2557 2558
f 2554 2559 2560
f 2521 2525 2559
f 2561 2375 2007
f 2376 2562 2225
f 2564 2565 2566
f 2563 2566 338
f 2569 2563 2567
f 2570 2564 2563
f 2572 2573 2574
f 2571 2574 2576
f 2544 2571 2575
f 2544 2434 2572
f 2578 2570 2569
f 2579 2577 2569
f 2574 2577 2579
f 2573 2578 2577
f 2581 2582 2583
f 2584 2580 2583
f 9149 9127 2580
f 9128 2581 2580
f 2582 2516 2552
f 2583 2552 2551
f 2500 2501 2589
f 2590 2588 2589
f 9145 9147 2588
f 9147 9152 2500
f 2501 2516 2591
f 2592 2593 2594
f 2386 2385 2503
f 2596 2379 2386
f 2596 2374 2373
f 2599 2596 2597
f 2599 2380 2379
f 2600 2446 2380
f 2600 2599 2598
f 2603 2600 2601
f 2603 2444 2446
f 2604 2603 2602
f 2440 2604 2605
f 2444 2603 2604
f 2606 2582 2581
f 2606 2607 2590
f 2591 2516 2582
f 9128 2587 2456
f 9141 2456 2372
f 2478 2477 2608
f 2609 2610 2611
f 2564 2570 2613
f 2612 2613 2598
f 2457 2612 2597
f 2565 2564 2612
f 2614 2613 2570
f 2615 2614 2578
f 2602 2601 2614
f 2601 2598 2613
f 2572 2434 2605
f 2616 2605 2602
f 2573 2572 2616
f 1459 1016 1045
f 1265 1215 1079
f 1612 1608 1609
f 2067 2057 2069
f 1135 1109 1136
f 1938 1937 2618
f 95 548 458
f 2058 1607 1608
f 1454 1469 1445
f 655 2620 1048
f 722 1049 2621
f 3665 3639 3634
f 1131 985 1033
f 562 1481 366
f 1723 1719 1725
f 1786 1123 1122
f 267 300 323
f 1325 2034 1654
f 1468 1165 1435
f 658 657 529
f 8 532 247
f 382 1557 1559
f 3631 3681 3680
f 788 619 1307
f 940 930 929
f 911 2622 2623
f 2621 2620 655
f 2624 1857 2625
f 998 1846 27
f 635 638 2626
f 2627 641 644
f 2628 2627 1840
f 1200 1199 2627
f 1199 1773 641
f 1520 515 49
f 1452 1350 1349
f 2630 2631 1859
f 644 643 1335
f 3683 3700 3699
f 1197 1198 717
f 2632 717 719
f 2628 2632 1166
f 2629 1197 2632
f 1762 2633 1050
f 1823 870 873
f 2634 2635 794
f 1042 794 2635
f 93 94 1901
f 2036 2038 1458
f 1527 332 1525
f 877 876 1274
f 134 409 797
f 1328 893 931
f 607 777 1091
f 1043 2635 2637
f 2636 2637 2639
f 1275 2636 2638
f 1275 1040 1043
f 1272 2624 2626
f 2640 2626 638
f 1110 2641 2640
f 536 1272 2640
f 1472 708 1474
f 2042 2030 1951
f 3668 3632 3633
f 1058 1106 1105
f 2642 2623 2643
f 1192 2642 2644
f 912 2623 2642
f 9350 1657 8970
f 1049 1048 2620
f 616 1829 1885
f 1331 1913 666
f 990 989 1198
f 1911 1912 321
f 1298 1282 1205
f 76 1490 1504
f 1502 1500 421
f 610 609 658
f 1146 937 659
f 2646 911 914
f 1280 1239 1238
f 1453 1454 1452
f 835 942 1843
f 1271 1270 1173
f 1893 1878 1826
f 1050 2633 1937
f 2651 2652 814
f 1006 1053 1281
f 2653 1084 2654
f 1001 1004 1003
f 585 997 679
f 2624 1272 621
f 555 678 2028
f 1207 526 1197
f 1626 1627 478
f 3729 3732 3731
f 3746 3749 3748
f 3770 3752 3750
f 426 389 419
f 1030 1193 1773
f 9350 645 634
f 534 1533 138
f 1125 1092 1042
f 333 228 88
f 569 1570 561
f 3691 3694 3693
f 1489 2656 871
f 1857 2624 620
f 1673 1674 9222
f 622 861 864
f 619 788 891
f 261 544 545
f 393 1555 1556
f 2658 2659 2647
f 1075 2658 2657
f 1081 1080 2658
f 1080 1139 2659
f 2644 2643 1141
f 2660 1141 1140
f 642 2660 1336
f 1193 2644 2660
f 679 678 555
f 3762 3765 3764
f 1503 1501 1500
f 1318 1317 1101
f 2661 2659 1139
f 2661 1142 2663
f 2662 2647 2659
f 2662 2663 2622
f 2664 2622 911
f 2648 2664 2646
f 2648 2647 2662
f 3586 3658 3779
f 2083 2094 2093
f 1442 1440 1437
f 3732 3734 3733
f 519 329 330
f 1885 2029 1209
f 799 800 805
f 1946 1943 1952
f 1302 1301 1253
f 3741 3738 3757
f 3660 3663 3662
f 566 2005 224
f 1389 940 928
f 683 682 681
f 836 835 1842
f 2665 1842 1845
f 2666 2665 1303
f 24 836 2665
f 831 1072 2650
f 1845 1844 1304
f 2010 2013 2012
f 1051 1936 2667
f 1522 1521 1511
f 531 440 441
f 1250 635 2625
f 2669 2625 1857
f 783 2669 1856
f 782 1250 2669
f 720 2670 2671
f 1055 1931 1930
f 1333 1067 1251
f 619 622 1308
f 652 655 2619
f 521 522 1539
f 1838 988 537
f 2672 537 536
f 1113 2672 2641
f 1113 527 1838
f 1016 1013 1351
f 9349 573 570
f 226 227 104
f 9008 9121 9279
f 1036 1037 1884
f 2674 1301 1304
f 2673 1304 1844
f 1334 2673 2675
f 1333 2674 2673
f 2676 702 1039
f 1843 2676 2675
f 942 1074 2676
f 1074 699 702
f 752 1057 1055
f 1200 1166 656
f 1120 1846 874
f 2677 874 877
f 1241 2677 1052
f 1119 1120 2677
f 1560 1513 151
f 1208 1316 611
f 215 735 736
f 1460 1459 1462
f 3717 3720 3719
f 1208 1207 1839
f 854 856 1282
f 3682 3697 3696
f 72 445 182
f 544 1563 1565
f 217 200 456
f 3673 3647 3781
f 2047 1404 930
f 1204 2618 1937
f 913 777 686
f 3705 3708 3707
f 840 527 1113
f 1531 729 730
f 2678 778 1283
f 601 667 1914
f 1537 1538 459
f 1819 1757 8953
f 991 1860 862
f 2679 711 1073
f 3776 3775 3581
f 2680 1830 983
f 779 2680 2256
f 778 2678 2680
f 2678 2679 1830
f 180 542 245
f 1886 1132 1131
f 3766 3768 3767
f 1138 1137 1274
f 3777 3778 3585
f 1841 598 1140
f 75 313 314
f 193 423 420
f 2681 2682 1099
f 3658 3586 3587
f 170 1567 1565
f 349 416 417
f 1121 1124 2684
f 547 797 409
f 123 122 121
f 2643 2663 1142
f 1542 1544 513
f 899 900 907
f 1210 677 676
f 791 663 982
f 24 27 837
f 893 896 932
f 1860 1320 863
f 535 538 862
f 3640 3684 3683
f 1569 1548 1547
f 181 455 542
f 660 659 937
f 2013 567 568
f 3781 3647 3644
f 887 890 2631
f 1524 1508 361
f 520 161 162
f 2653 855 854
f 1238 1237 2655
f 718 1838 527
f 1492 1493 518
f 792 616 615
f 599 846 1835
f 290 457 456
f 312 171 1552
f 1248 2687 1179
f 153 149 177
f 1240 1181 1222
f 1257 1292 1235
f 1291 1084 1083
f 1052 877 1277
f 743 742 2618
f 444 140 430
f 23 1224 1172
f 2687 2654 1180
f 102 103 409
f 1283 607 610
f 373 497 650
f 1180 2654 1084
f 855 2653 2655
f 1173 1270 1917
f 2689 850 853
f 2688 853 1108
f 2686 2688 1279
f 2687 2689 2688
f 2691 1302 1252
f 2690 1252 850
f 1248 2690 2689
f 1248 1247 2691
f 2692 617 24
f 2691 2692 2666
f 1247 1258 2692
f 1258 1168 617
f 394 1554 1555
f 2693 1260 1259
f 1072 1236 1262
f 1257 1071 1168
f 398 439 1555
f 871 1784 1314
f 1178 1232 1249
f 1224 1289 1173
f 1010 2617 2618
f 1175 1174 1292
f 2654 2687 2686
f 2694 1157 1216
f 71 418 1487
f 701 1112 1111
f 1072 1261 2649
f 1085 2695 22
f 895 2694 1264
f 1601 1606 1605
f 1259 1262 1271
f 21 20 1220
f 988 991 538
f 3533 3479 3535
f 598 597 1336
f 1050 860 818
f 1298 2645 1761
f 1168 1167 618
f 3629 3671 3670
f 858 1168 1256
f 39 242 516
f 2652 1761 819
f 313 316 315
f 2026 1970 1971
f 2656 1489 596
f 814 819 818
f 2696 2651 813
f 1260 2696 2649
f 2693 2697 2696
f 2697 1296 2651
f 381 355 390
f 9270 9271 1611
f 1475 1427 1428
f 1292 1174 1917
f 1551 353 354
f 1526 1525 1523
f 1593 1589 1595
f 1232 1269 1246
f 2695 2693 1223
f 2698 1297 1296
f 2698 2697 2693
f 2685 2698 2695
f 2685 854 1297
f 562 1497 271
f 2652 2651 1296
f 1365 1366 1364
f 1958 1946 1953
f 585 588 2210
f 1561 1560 1515
f 975 2648 1146
f 347 67 68
f 1038 1111 636
f 2700 781 780
f 2699 780 1036
f 2701 2699 1883
f 851 2700 2699
f 2674 1333 2251
f 2702 2251 781
f 1253 2702 2700
f 1301 2674 2702
f 1519 387 388
f 1273 1239 1280
f 2703 1280 1107
f 2701 2703 852
f 1829 1273 2703
f 91 260 326
f 1784 871 2656
f 2683 2684 2705
f 604 1894 8943
f 1669 8978 8992
f 2062 2063 2060
f 621 535 861
f 2023 731 732
f 686 779 1263
f 857 1051 2668
f 883 830 882
f 3648 3651 3650
f 637 636 1111
f 2668 894 893
f 3692 3712 3711
f 2667 921 894
f 1039 1038 1068
f 313 75 1504
f 1911 1972 305
f 1936 2706 1964
f 2707 2402 2401
f 2708 2707 2183
f 738 2163 2116
f 3785 3787 3709
f 2349 2348 2432
f 2711 2712 2020
f 2400 2711 2019
f 2714 2715 2716
f 2717 2718 2719
f 2721 2722 2723
f 2726 2727 2728
f 2725 2728 2730
f 2731 2725 2729
f 2732 2726 2725
f 2734 2735 2736
f 2738 2739 2740
f 2737 2740 2741
f 2744 2745 2746
f 2745 2744 2748
f 2749 2750 2747
f 2753 2749 2751
f 2250 1380 2246
f 3417 3420 3419
f 2754 1396 1614
f 9050 2754 2755
f 9060 2745 2747
f 1617 2756 2755
f 2242 2758 1620
f 3429 3432 3431
f 2191 2085 2760
f 2761 2759 2760
f 9100 2759 2761
f 9075 2191 2759
f 3209 3460 3354
f 1395 1394 2236
f 1395 2235 1636
f 3741 3791 3790
f 1616 1635 2229
f 3410 3413 3412
f 1617 2234 2763
f 2756 2763 9080
f 2765 2763 2234
f 2766 2764 9080
f 3202 3199 3458
f 1516 437 435
f 2768 2769 8996
f 1495 541 578
f 2135 2136 28
f 8970 8984 2773
f 1690 1689 9378
f 2778 2779 2780
f 2777 2780 2781
f 2784 2778 2777
f 8999 8965 575
f 1494 1904 9
f 8973 2016 2015
f 451 61 505
f 2786 2787 2788
f 2779 2786 2785
f 2789 2752 2741
f 2790 2753 2752
f 2792 2793 2794
f 2793 2795 2796
f 2796 2797 2750
f 2794 2796 2749
f 2798 1393 1396
f 9043 2798 2754
f 2798 2799 2800
f 9043 9114 2799
f 2797 2796 2795
f 2791 2794 2753
f 216 233 232
f 9256 2806 2807
f 9257 2809 2804
f 2769 2810 9001
f 183 185 184
f 2811 2812 2775
f 2804 2811 2776
f 2809 2813 2811
f 2812 2811 2813
f 9257 2808 2816
f 9248 2818 2815
f 9250 9252 2820
f 9245 2823 2819
f 2824 2736 2735
f 2823 2825 2824
f 2825 2823 2826
f 9245 2822 2827
f 9248 2817 2826
f 2713 2716 2829
f 2828 2829 2831
f 2822 2821 2828
f 2821 2820 2713
f 2832 2827 2822
f 2833 2832 2830
f 2834 2835 2832
f 2835 2818 2827
f 2837 2838 2839
f 2836 2839 2841
f 2842 2836 2840
f 2843 2837 2836
f 2840 2841 2845
f 2718 2844 2845
f 2730 2728 2844
f 2727 2840 2844
f 2846 2845 2841
f 2829 2846 2847
f 2847 2841 2839
f 2848 2839 2838
f 2833 2848 2849
f 2831 2847 2848
f 2850 2814 2851
f 2853 2850 2852
f 2783 2777 2782
f 2785 2788 2853
f 2780 2785 2856
f 2857 2858 2855
f 2859 2857 2782
f 2861 2843 2842
f 2860 2842 2727
f 2862 2860 2726
f 2863 2861 2860
f 2861 2863 2858
f 2843 2861 2857
f 2856 2853 2854
f 2781 2856 2864
f 2837 2843 2859
f 2838 2837 2864
f 2852 2851 2834
f 2854 2852 2849
f 2865 2815 2818
f 2851 2865 2835
f 2813 2809 2815
f 2814 2813 2865
f 2866 2812 2814
f 2788 2866 2850
f 2866 2788 2787
f 2812 2866 2867
f 1892 1889 1890
f 2720 2719 2846
f 298 299 256
f 2872 2714 2713
f 9246 9252 2735
f 2729 2730 2874
f 2846 2716 2715
f 2876 2877 2878
f 2733 2875 2878
f 9258 9259 2879
f 9258 2880 2872
f 2882 2883 2884
f 2881 2884 2715
f 2880 2881 2714
f 2879 2882 2881
f 2885 2886 2887
f 2888 2889 2890
f 2885 2890 2892
f 2893 2886 2885
f 1942 2151 2532
f 2895 2892 2720
f 2884 2895 2870
f 2883 2896 2895
f 2896 2891 2892
f 2889 2874 2717
f 2890 2717 2720
f 2897 2893 2891
f 2898 2897 2896
f 2899 2898 2883
f 2900 2899 2882
f 9249 2900 2879
f 2876 2902 2901
f 2901 2902 2904
f 1785 2656 1835
f 2905 2906 2899
f 2907 2908 2897
f 9249 2901 2903
f 632 576 577
f 8976 8991 2867
f 434 385 550
f 2768 2770 9092
f 2910 2911 1623
f 2241 2912 2758
f 9092 2770 2913
f 1623 2911 2757
f 9039 2242 2757
f 2229 1381 1380
f 2765 1630 1629
f 2915 2914 1629
f 9094 9093 2914
f 9093 9074 2765
f 2919 2916 9094
f 2918 2915 2912
f 9066 2918 2241
f 9070 2919 9065
f 8985 2177 2180
f 8965 2002 2188
f 3694 3626 3627
f 9157 9017 714
f 2925 2766 2917
f 2924 2917 2916
f 9062 2924 2919
f 9063 2925 2924
f 2926 2927 2766
f 9110 2926 2925
f 1715 1713 1705
f 785 497 498
f 1387 651 565
f 374 375 1899
f 9017 2203 2206
f 2929 2930 2886
f 2932 2933 2934
f 1905 1906 1908
f 2930 2935 2936
f 2938 2935 2930
f 1493 369 517
f 1603 1585 1586
f 2939 2938 2929
f 2940 2939 2908
f 9117 1707 1600
f 2886 2930 2937
f 2906 2907 2898
f 2908 2929 2893
f 2942 2934 2933
f 2941 2933 2937
f 8945 2941 2936
f 8942 2942 2941
f 2943 2944 2710
f 2943 2873 2874
f 2945 2943 2889
f 2946 2944 2943
f 2932 2945 2888
f 2931 2946 2945
f 727 1928 1929
f 2903 2904 2947
f 545 594 42
f 1480 1570 533
f 2907 2906 2949
f 2906 2905 2950
f 1558 452 215
f 9251 2903 2948
f 2054 1645 1644
f 9157 9136 2203
f 1828 1837 1849
f 2953 2954 2955
f 2952 2955 2957
f 2956 2261 2258
f 2953 2952 2258
f 2454 2455 2474
f 9199 2958 2959
f 9199 2132 2131
f 2961 2962 2963
f 2958 2963 2964
f 222 221 2485
f 2477 2226 2966
f 2631 2561 2006
f 2384 2454 2496
f 2967 2968 2959
f 2968 2967 2970
f 9211 2033 2971
f 9236 2971 2960
f 2972 2971 2033
f 2007 2377 2973
f 9004 9003 2134
f 1836 1833 1832
f 8950 2188 2090
f 955 810 959
f 672 675 674
f 633 710 713
f 2024 732 733
f 2025 2024 803
f 425 1552 1550
f 2975 2976 888
f 1319 1158 1157
f 1212 1935 2977
f 889 957 2228
f 1978 1974 1975
f 1138 1078 1329
f 751 665 2979
f 1619 1613 1625
f 2252 2255 1728
f 1157 1160 845
f 2706 1936 1938
f 2980 2255 2254
f 2982 2975 887
f 802 712 711
f 678 677 2029
f 527 840 690
f 1839 1207 2629
f 2983 2984 602
f 2983 1914 1913
f 2985 2983 1331
f 2986 2984 2983
f 2987 2637 2635
f 2985 2988 2639
f 2990 1319 1318
f 2991 2992 2993
f 2995 2991 2994
f 1106 1058 2991
f 1058 1057 2992
f 1415 1406 1365
f 1317 922 2217
f 1932 1728 2255
f 926 2998 2999
f 3001 2993 2992
f 3000 2992 1057
f 2999 3000 2978
f 2998 3001 3000
f 3002 2998 2209
f 3002 3003 2996
f 2993 3001 3002
f 1103 1106 2995
f 3004 2995 2996
f 2209 2210 3004
f 588 1103 3004
f 295 296 433
f 2638 2639 2988
f 3005 2988 1056
f 1305 3005 1930
f 1276 2638 3005
f 1987 1968 1993
f 2633 1762 1761
f 1423 1422 1417
f 9005 8961 739
f 2671 2670 2704
f 1473 1872 2035
f 922 1317 2694
f 1401 1400 1378
f 556 2028 1884
f 842 848 9277
f 1854 2706 2617
f 933 1082 1081
f 1440 1441 1436
f 529 657 719
f 1031 1025 1027
f 777 913 912
f 2645 1205 1204
f 441 438 1538
f 3771 3774 3773
f 790 1287 587
f 2065 2066 1610
f 1860 991 990
f 60 106 87
f 1424 1017 1948
f 332 1527 1507
f 261 262 138
f 187 188 449
f 1719 1720 1726
f 1931 1055 1059
f 3006 1059 1105
f 1287 3006 1104
f 1286 1931 3006
f 3007 3008 3009
f 3009 3008 653
f 618 999 26
f 2029 677 1210
f 957 601 600
f 1049 2146 2228
f 2631 890 3011
f 890 889 2227
f 3011 2227 2145
f 2561 3011 3012
f 1026 656 609
f 2706 1854 1961
f 3013 2965 2485
f 2148 2147 1267
f 3015 1267 1266
f 2997 2264 1101
f 642 641 1773
f 186 477 461
f 1041 1040 1320
f 1121 3016 3017
f 2984 2986 2987
f 3018 2987 2634
f 1048 603 3018
f 603 602 2984
f 2679 2678 801
f 2062 2072 2074
f 2061 2074 2076
f 414 303 1545
f 3016 1121 2683
f 3019 2683 2704
f 3020 3019 2670
f 3007 3016 3019
f 1871 1090 1091
f 3021 1787 1122
f 3022 3021 3017
f 1314 3021 3022
f 1784 1787 3021
f 1316 1315 1763
f 3023 3022 3010
f 3023 3009 795
f 1763 3023 1092
f 1315 3022 3023
f 3016 3007 3010
f 752 751 2978
f 2986 2639 2637
f 3024 654 653
f 3020 3024 3008
f 720 723 3024
f 723 2621 654
f 2681 1098 1268
f 2671 3025 1268
f 2705 2681 3025
f 1313 3026 3027
f 3026 3028 3029
f 3027 3029 3030
f 1311 3027 3031
f 2012 568 731
f 917 2657 974
f 3742 3745 3744
f 743 1206 856
f 1888 2027 2030
f 2682 2705 2684
f 3032 2684 1124
f 1100 3032 2989
f 1099 2682 3032
f 1123 2990 2989
f 3033 1834 1159
f 2990 3033 1158
f 1123 1786 3033
f 1786 1785 1834
f 1054 1056 2988
f 2979 665 664
f 2623 2622 2663
f 1095 660 688
f 3034 3035 2261
f 3036 3034 2956
f 3037 3038 3034
f 3038 3039 3035
f 3040 3041 3026
f 2263 3042 3041
f 3042 3039 3043
f 3041 3043 3028
f 3044 3045 3043
f 3046 3047 3045
f 3047 3048 3049
f 3043 3045 3049
f 3038 3037 3051
f 3050 3051 3053
f 3052 3046 3044
f 3039 3038 3050
f 3054 3035 3039
f 3042 2263 2262
f 2261 3035 3054
f 2216 2263 2997
f 2212 2211 2667
f 3056 868 2209
f 934 3057 1961
f 2013 9207 9209
f 3058 3059 3060
f 3059 3062 3063
f 3060 3063 2213
f 3061 3060 1963
f 3063 3064 2214
f 3062 3065 3064
f 3065 2257 2260
f 3064 2260 2215
f 3066 3067 3031
f 2608 2966 3067
f 2966 2562 3068
f 3031 3067 3068
f 2455 2458 2461
f 2476 2223 2226
f 8995 2090 2089
f 8970 2774 9221
f 433 354 355
f 2115 1423 1419
f 8953 2868 2922
f 9221 9189 2131
f 3069 2611 2167
f 2971 2972 2928
f 2961 2774 2773
f 3070 2475 2478
f 2610 2609 3071
f 2502 2371 2374
f 3072 2592 2595
f 2964 3046 3052
f 3048 2593 3074
f 2593 2592 3075
f 3075 3030 3029
f 3074 3029 3028
f 3072 3076 3075
f 3076 3072 2482
f 2481 2608 3066
f 3076 3066 3030
f 2967 3052 3053
f 2482 3072 3073
f 479 480 493
f 706 9352 9325
f 9005 2194 2221
f 2013 2010 9206
f 8977 2032 2016
f 9006 8963 2222
f 1171 1154 1155
f 3782 3644 3689
f 2586 2566 2565
f 2982 110 113
f 2562 2376 3077
f 2376 2375 3012
f 3012 2145 2148
f 3077 2148 3015
f 2963 3047 3046
f 3051 3078 2970
f 1683 2173 491
f 9302 2122 1447
f 1986 2181 9186
f 3079 3080 2546
f 3081 3079 2575
f 1983 1986 9220
f 3082 2323 2319
f 3080 3082 2545
f 9186 9184 3082
f 9184 9200 2323
f 1309 1471 1888
f 3073 2595 2772
f 2760 3083 3084
f 2760 2085 2088
f 3085 3084 3086
f 3089 3085 3090
f 3089 2762 3084
f 3092 3088 3090
f 3093 2748 2744
f 2751 2747 2748
f 3093 2741 2752
f 2742 2741 3093
f 3094 3093 2743
f 3096 3097 3098
f 3099 3096 3087
f 3097 3094 3095
f 3100 2743 2746
f 3101 2927 3102
f 2764 2766 2927
f 2745 2764 3101
f 3102 3092 3091
f 3100 3091 3095
f 2869 2802 9044
f 3102 3103 3104
f 9110 2868 2869
f 2927 2926 3103
f 3098 3095 3091
f 3087 3098 3090
f 2088 2125 3105
f 3083 3105 3086
f 2483 3073 2771
f 2401 2186 2185
f 3099 3086 3105
f 2125 2207 3106
f 3108 2737 2742
f 3107 2742 3094
f 3110 3108 3107
f 3109 3107 3097
f 3111 3109 3096
f 3112 3110 3109
f 3113 2738 2737
f 3115 2723 2722
f 3117 3115 3114
f 3119 3117 3116
f 3118 3116 3120
f 3116 3114 3113
f 3122 3112 3111
f 3122 3123 1755
f 3124 3125 3126
f 3125 3118 3121
f 3128 3119 3118
f 3129 3128 3125
f 2020 2712 3128
f 9305 9309 1346
f 1065 1046 1047
f 1814 9290 9282
f 2021 2020 3129
f 3111 3099 3106
f 3123 3106 2207
f 2377 2225 2224
f 3014 2485 113
f 1756 2208 9234
f 3131 3132 2530
f 3133 3131 2528
f 1753 1756 9219
f 3134 3124 3127
f 2327 2408 2314
f 2436 2318 2317
f 2018 2021 9163
f 2534 3136 3137
f 2320 2322 3136
f 2185 2018 9164
f 3138 3139 2542
f 3134 3135 9196
f 9237 3130 3134
f 3140 3138 2539
f 2535 3137 3140
f 9163 2021 3130
f 2558 2530 3132
f 9234 9212 3141
f 2560 2558 3141
f 9212 9229 3142
f 958 888 2976
f 1933 1932 2980
f 3714 3704 3729
f 2399 2424 2418
f 2348 2342 2343
f 2322 2320 2319
f 2718 2717 2874
f 2709 2729 2873
f 2894 2871 1361
f 3788 3789 3720
f 346 289 176
f 1876 1877 1882
f 2802 2803 9059
f 3104 3144 3088
f 2974 2222 9101
f 3089 3145 2761
f 3088 3144 3145
f 2803 2974 9055
f 9322 9361 692
f 2123 1419 1418
f 1365 1363 1368
f 3346 3345 3344
f 1581 1766 1782
f 9013 2202 2129
f 8999 2003 2002
f 3146 2585 2551
f 9203 3146 3147
f 9194 3149 3146
f 3149 2584 2585
f 3196 3198 3197
f 9056 2192 2191
f 3142 3150 2556
f 9229 9230 3150
f 9098 3152 2550
f 3150 3151 2555
f 9230 9232 3151
f 9240 9233 3152
f 3153 3147 2551
f 3152 3153 2549
f 9233 9228 3153
f 9228 9202 3147
f 3148 2767 2206
f 2183 2401 2321
f 2132 2960 2928
f 3299 3300 3321
f 9136 9137 2204
f 9171 2198 2197
f 2594 2962 2773
f 2595 2594 2951
f 1870 798 799
f 3257 3260 3259
f 9165 2179 2178
f 9158 2178 9188
f 336 3154 9226
f 339 3155 3154
f 9241 9135 3149
f 9135 9149 2584
f 2963 2962 3048
f 9174 9182 337
f 339 338 2566
f 3156 3157 2168
f 2610 3156 2167
f 2954 2953 3156
f 3157 3156 2953
f 9159 2166 2169
f 2567 3158 3159
f 337 3158 2567
f 9182 3069 2166
f 9216 2190 1983
f 2579 3160 3081
f 2568 3159 3160
f 9161 2169 2190
f 3065 3062 3162
f 3161 3162 1984
f 3157 3161 2189
f 2257 3065 3161
f 734 735 1922
f 3059 3058 2708
f 3163 2708 2182
f 3162 3163 1985
f 3062 3059 3163
f 3203 3206 3205
f 3806 3809 3808
f 2122 2119 1448
f 9269 1686 1685
f 139 140 444
f 1570 569 566
f 2957 3164 3165
f 2955 3166 3164
f 1912 454 341
f 3130 3129 3124
f 1548 322 319
f 1949 1950 1327
f 2969 2970 3078
f 3167 3078 3169
f 9176 2014 2017
f 9172 2017 2033
f 3168 3169 3165
f 3170 3165 3164
f 9231 3170 3171
f 9176 3168 3170
f 3171 3164 3166
f 3172 3166 3071
f 9204 3172 3173
f 9208 3171 3172
f 3169 3037 3036
f 2593 3048 2962
f 3173 3071 2609
f 3174 2609 2199
f 9235 3174 2198
f 9201 3173 3174
f 2190 2189 1984
f 2196 2195 2767
f 3326 3329 3328
f 2119 2120 1414
f 1464 1463 1466
f 2199 2611 3069
f 2457 2456 2587
f 2226 2225 2562
f 481 478 1627
f 333 1512 235
f 3078 3051 3037
f 3040 2264 2997
f 3351 3352 3262
f 2219 1934 1933
f 2385 2384 2497
f 221 2220 3175
f 2220 1933 3143
f 3175 3143 2976
f 2484 3175 2975
f 2954 3071 3166
f 2630 1858 110
f 1547 319 1952
f 2091 2090 2188
f 9185 9188 2178
f 1918 1919 1927
f 9007 112 111
f 3398 3401 3400
f 955 956 960
f 2037 3014 112
f 3143 2980 2981
f 2218 2211 2214
f 672 9329 9239
f 2152 3013 3014
f 1147 1144 1143
f 2248 2246 1409
f 1615 1636 1635
f 1410 1409 2246
f 3486 3488 3487
f 3468 3469 3502
f 3451 3453 3452
f 1382 3176 3177
f 3177 1410 2247
f 2247 1383 3177
f 3176 2238 2230
f 1410 3177 3179
f 3179 3180 2243
f 1633 3181 2800
f 3816 3818 3817
f 1621 1620 2758
f 3642 3801 3662
f 3422 3421 3260
f 1622 1621 2245
f 2236 1394 3181
f 3793 3796 3795
f 3493 3496 3495
f 2237 2236 3182
f 3513 3516 3515
f 2250 1631 2233
f 3654 3666 3667
f 2912 1629 1628
f 3819 3822 3821
f 3432 3824 3823
f 135 136 1564
f 1567 419 512
f 1085 1084 2653
f 3184 869 868
f 869 3184 3057
f 3389 3388 3387
f 1266 1268 1098
f 1267 2147 722
f 937 1146 2646
f 2146 1049 722
f 2211 2218 921
f 1957 510 507
f 1313 1312 2264
f 1496 362 1493
f 2887 2937 2933
f 1687 1688 1659
f 145 1499 1498
f 3831 3829 3830
f 37 38 418
f 1935 1934 3185
f 104 89 301
f 2101 2098 2083
f 543 298 360
f 1934 2219 3186
f 234 1521 212
f 9297 9273 1822
f 3825 3828 3827
f 1976 1875 1874
f 223 3186 2219
f 9107 9108 9057
f 2165 2164 467
f 467 468 2165
f 773 476 2165
f 3673 3658 3659
f 1935 1212 1728
f 3490 3491 3840
f 3362 3359 3848
f 3862 3865 3864
f 3465 3466 3484
f 3893 3894 3525
f 3352 3351 3430
f 3869 3872 3871
f 3529 3530 3567
f 3420 3417 3922
f 3304 3235 3236
f 3929 3932 3931
f 3324 3326 3327
f 3219 3937 3939
f 3220 3938 3937
f 3450 3375 3376
f 3942 3832 3833
f 3215 3216 3454
f 3946 3332 3215
f 3422 3949 3948
f 3950 3457 3198
f 3205 3206 3957
f 3261 3962 3961
f 3852 3853 3964
f 3214 3211 3946
f 3965 3213 3214
f 3797 3800 3799
f 3988 3991 3990
f 3777 3779 3806
f 3855 3858 3447
f 3737 3799 3800
f 3949 3953 3952
f 3651 3782 3783
f 4001 3784 3787
f 4019 4022 4021
f 4027 4030 4029
f 3258 3259 4030
f 4033 4036 4035
f 3424 3425 4047
f 3242 3243 4058
f 3970 3489 3547
f 3829 3242 4057
f 3333 3332 3947
f 4063 4068 4065
f 4073 4076 4075
f 3568 3456 3443
f 3981 3334 3335
f 3540 3915 3862
f 4078 4079 4031
f 3565 3566 4088
f 3442 3455 4089
f 4092 4095 4094
f 4093 4094 4097
f 3619 3620 3623
f 3660 4098 3821
f 3809 3648 3649
f 3610 3652 3655
f 3656 3622 3623
f 3621 3803 3804
f 3503 3480 3481
f 3436 3439 3438
f 3356 3428 3427
f 3628 3670 3669
f 3734 3811 4002
f 3276 3273 3370
f 3763 4106 4107
f 4006 4007 3754
f 3747 3751 3752
f 3863 3864 4110
f 3994 3891 4003
f 3653 3801 3664
f 3296 4116 4115
f 4117 4120 4119
f 3249 3252 3251
f 4127 4130 4129
f 3478 3575 3903
f 3410 4136 3921
f 3977 4061 4038
f 3216 3452 3453
f 3967 3547 3548
f 4140 4078 4032
f 3509 4086 4149
f 4151 4152 3659
f 4153 4152 3656
f 4153 4154 3646
f 4156 3688 3645
f 4139 4077 4078
f 3743 3744 4163
f 3861 3918 3987
f 3468 4066 4067
f 3306 3981 3980
f 4172 4173 4010
f 4169 4170 3836
f 4187 4190 4189
f 4213 4216 4215
f 4220 4223 4222
f 4225 4226 4211
f 4230 4233 4232
f 4240 4243 4242
f 3606 3609 3608
f 4250 4253 4252
f 4258 4261 4260
f 4077 4080 4079
f 4276 4279 4278
f 4308 4262 4263
f 4017 4018 3872
f 3196 3193 3951
f 4316 4317 4270
f 3870 4306 4307
f 4324 4327 4326
f 4333 4334 4247
f 4338 4341 4340
f 4348 4351 4350
f 4283 4284 4289
f 4356 4359 4358
f 4359 4019 4020
f 4362 4363 4196
f 4320 4364 4279
f 4370 4372 4296
f 4377 4253 4303
f 4231 4232 4201
f 4203 4212 4331
f 4037 4040 4039
f 4371 4265 4386
f 4387 4346 4347
f 3309 3293 3294
f 4099 3723 3724
f 4355 3422 3257
f 3630 3680 3693
f 4277 4278 4302
f 4350 4318 4319
f 4353 4354 4351
f 3637 3634 3639
f 4394 4395 3827
f 3311 3312 4399
f 3755 3708 4005
f 4363 4362 4259
f 3454 3453 3919
f 3446 3447 3459
f 4298 4299 4404
f 3749 3746 3769
f 3791 3741 3756
f 3643 3685 3684
f 3845 3846 3399
f 4313 3257 3258
f 4411 4413 4408
f 3843 4424 4423
f 4214 4215 4329
f 4431 4434 4433
f 3918 3861 3798
f 3927 3928 3388
f 4453 3893 3874
f 4138 4458 4457
f 3346 4460 4459
f 4100 4109 4108
f 3974 3977 3976
f 3665 3655 3652
f 3773 3565 3993
f 3945 3454 3920
f 4144 4463 4462
f 4464 4467 4466
f 3268 4142 4479
f 4484 3921 4136
f 3348 3914 4487
f 3313 3314 3912
f 3803 3621 3617
f 4086 3509 3510
f 4034 3304 3305
f 3403 3404 4171
f 4481 4482 4492
f 4177 4180 4179
f 4398 4170 3923
f 4451 4493 4494
f 4501 4075 4076
f 4509 4510 4506
f 3304 4034 4462
f 4485 4399 3312
f 3419 4488 3349
f 4356 4345 4385
f 4026 4354 4358
f 4354 4353 4357
f 3599 3596 4091
f 4341 4338 4254
f 4251 4252 4524
f 3482 3485 3484
f 3843 3543 3544
f 4295 4341 4274
f 4381 4530 4206
f 4204 4205 4531
f 4533 4536 4535
f 4542 4545 4544
f 4546 4549 4548
f 4573 4574 4547
f 4575 4578 4577
f 4221 4581 4580
f 4587 4590 4589
f 4328 4592 4589
f 4187 4565 4563
f 4595 4583 4593
f 4597 4605 4604
f 4609 4608 4611
f 4620 4623 4622
f 4612 4615 4614
f 4636 4638 4600
f 4649 4651 4650
f 4652 4655 4654
f 4662 4665 4664
f 4666 4669 4668
f 4637 4639 4685
f 4627 4701 4700
f 4684 4686 4636
f 4663 4689 4661
f 4699 4698 4697
f 4647 4648 4703
f 4709 4711 4603
f 4724 4633 4726
f 4742 4745 4744
f 3311 3923 3924
f 4698 4759 4758
f 4749 4765 4609
f 4342 4345 4344
f 4797 4800 4799
f 4490 4048 3974
f 4019 4359 4306
f 4512 3955 4514
f 3991 3988 4508
f 4692 4695 4694
f 4680 4681 4818
f 4821 4822 4824
f 4367 4239 4243
f 4833 4832 4831
f 4837 4744 4757
f 4332 4563 4562
f 4683 4835 4819
f 4845 4843 4850
f 4751 4753 4752
f 4854 4855 4695
f 4858 4719 4718
f 4822 4559 4859
f 4674 4646 4647
f 4771 4774 4773
f 4726 4727 4537
f 4714 4718 4719
f 4633 4634 4688
f 4616 4619 4618
f 4686 4684 4842
f 4869 4707 4708
f 3502 3868 3528
f 4777 4660 4737
f 4734 4732 4779
f 4883 4755 4663
f 4375 4294 4274
f 4290 4343 4335
f 4816 4815 4812
f 4778 4779 4732
f 4158 3710 4160
f 4195 4198 4197
f 3860 3861 4166
f 3758 3759 3763
f 3694 3691 4157
f 4249 4248 4391
f 3467 3470 3469
f 4209 4212 4211
f 4142 3268 4144
f 3615 3614 3617
f 3479 3480 3536
f 4883 4753 4672
f 4802 4801 4642
f 3698 3637 3638
f 4105 3725 3726
f 4848 4645 4896
f 4878 4877 4744
f 4610 4874 4748
f 4036 3403 4489
f 4355 4313 4314
f 4171 4141 4049
f 3875 3452 3216
f 4868 4865 4863
f 4623 4900 4691
f 3629 3626 4155
f 4654 4887 4898
f 4012 4015 4014
f 4902 4903 4866
f 4768 4769 4908
f 4370 4386 4385
f 4888 4860 4914
f 3546 3543 3917
f 4932 4926 4931
f 3625 3622 4151
f 3804 3669 3670
f 3816 4104 4103
f 4911 4898 4887
f 4928 4930 4927
f 4925 4929 4927
f 3655 3665 3666
f 4932 4919 4910
f 4937 4923 4912
f 4939 4938 4942
f 4228 4529 4530
f 4946 4945 4942
f 4938 4922 4923
f 4942 4938 4937
f 4951 4950 4930
f 4955 4951 4928
f 4748 4750 4615
f 4914 4860 4847
f 4824 4859 4584
f 4940 4939 4941
f 4916 4961 4960
f 4909 4907 4891
f 4971 4967 4968
f 4966 4970 4948
f 4962 4952 4953
f 4940 4935 4924
f 4831 4916 4917
f 4935 4936 4925
f 4275 4255 4261
f 4679 4758 4791
f 4016 4309 4373
f 4668 4764 4766
f 4539 4537 4727
f 4929 4925 4936
f 4775 4776 4801
f 4801 4776 4742
f 4732 4734 4611
f 4985 4984 4983
f 4534 4586 4562
f 4847 4644 4645
f 4788 4787 4619
f 4787 4788 4678
f 4657 4606 4605
f 4994 4996 4878
f 5006 5009 5008
f 5001 5003 4973
f 4814 4618 4619
f 5014 4989 4974
f 5003 5002 4972
f 5019 5006 5007
f 5024 5016 5017
f 5036 5037 5035
f 4990 5019 4975
f 5045 5033 5034
f 5048 5049 5034
f 5025 5017 5014
f 5046 5038 5043
f 5051 5052 5055
f 5044 5050 5060
f 5011 4981 5021
f 5013 5069 5068
f 5028 5073 5072
f 5077 5074 5064
f 5065 5080 5079
f 5083 5079 5080
f 5063 5067 5080
f 5054 5055 5071
f 4602 4603 4711
f 5058 5082 5083
f 4982 4983 4792
f 5041 5033 5045
f 3909 3911 3278
f 3471 3474 3473
f 5002 5003 4994
f 5060 5080 5067
f 4892 4861 4862
f 4891 4813 4884
f 4996 4994 5003
f 4997 5015 5005
f 4813 4617 4614
f 4618 4814 4827
f 5089 5090 5093
f 3303 3306 3305
f 5100 5103 5102
f 5107 5110 5109
f 5110 5115 5092
f 4610 4611 4734
f 5112 5103 5100
f 5088 5091 5090
f 5119 5118 5117
f 5092 5115 5096
f 3826 3830 3829
f 5108 5109 5102
f 5100 5130 5087
f 5118 5131 5133
f 3783 3689 3690
f 4444 4447 4446
f 5151 5153 5150
f 4790 4616 4617
f 4332 4182 4190
f 3266 3267 4451
f 3211 3947 3332
f 4741 4796 4760
f 4775 4778 4777
f 4764 4665 4691
f 4489 4171 4048
f 4466 4477 4511
f 4518 3936 3930
f 4786 4787 4791
f 4980 5005 4984
f 5144 5152 5150
f 5159 5146 5148
f 5121 5119 5120
f 5169 5164 5162
f 5016 4978 4979
f 5123 5180 5179
f 5181 5180 5140
f 5175 5185 5184
f 4575 4581 4586
f 4984 4985 4976
f 4596 4599 4598
f 5182 5181 5183
f 4785 4619 4787
f 5137 5124 5122
f 5167 5179 5180
f 4835 4683 4898
f 4687 4727 4726
f 4176 3836 4170
f 4760 4761 4655
f 4681 4680 4649
f 5121 5093 5132
f 5171 5191 5178
f 5174 5178 5191
f 5169 5193 5194
f 4909 5094 5095
f 5105 5104 5112
f 4767 5108 5126
f 5201 5202 5205
f 5219 5218 5217
f 5229 5214 5200
f 5234 5237 5236
f 4069 4072 4071
f 4724 4725 4717
f 5108 4767 4768
f 5103 5195 5126
f 5227 5218 5211
f 5015 4997 4884
f 4997 4998 4892
f 5197 5198 5215
f 5241 5199 5247
f 5013 4975 5019
f 5205 5239 5232
f 4969 4967 4971
f 5239 5205 5249
f 4808 5243 5225
f 5216 5247 5199
f 5253 5245 5242
f 5235 5236 5255
f 5135 5148 5157
f 5264 5260 5267
f 5245 5203 5215
f 5260 5261 5269
f 5264 5266 5274
f 5154 5153 5173
f 5287 5272 5278
f 5256 5301 5300
f 5173 5174 5176
f 4631 4630 4629
f 4781 4784 4783
f 5309 5307 5311
f 5155 5156 5144
f 4826 4828 4827
f 5291 5295 5308
f 5310 5311 5281
f 5311 5307 5308
f 4036 4033 4176
f 4641 4716 4704
f 5220 5224 4804
f 4770 5206 5207
f 5188 5185 5175
f 5180 5123 5129
f 4626 4700 5314
f 4731 4728 5315
f 5222 5213 5210
f 4728 4882 5316
f 5230 5219 5216
f 5297 5296 5240
f 5204 5233 5208
f 5318 4868 4864
f 5273 5272 5287
f 5221 5210 5219
f 4700 4902 5321
f 5313 5314 5328
f 5157 5149 5154
f 5275 5276 5263
f 5324 5322 5318
f 5323 5332 5331
f 5343 5334 5345
f 5306 5310 5286
f 5278 5281 5311
f 4882 4625 5320
f 5109 5110 5114
f 5123 5087 5130
f 5299 5283 5284
f 5240 5198 5199
f 5229 5231 5197
f 5305 5302 5292
f 5233 5228 5225
f 5192 5190 5194
f 5104 5105 4670
f 5146 5159 5160
f 5337 5340 5347
f 5347 5340 5341
f 5353 5346 5335
f 5349 5355 5354
f 5355 5358 5357
f 5358 5355 5360
f 5355 5349 5348
f 5342 5366 5365
f 5345 5346 5362
f 5332 5364 5367
f 5372 5371 5315
f 5370 5365 5366
f 5361 5356 5354
f 5364 5365 5368
f 5369 5344 5362
f 5316 5320 5330
f 5373 5359 5371
f 5341 5342 5364
f 5374 5358 5359
f 5329 5376 5375
f 5377 5380 5379
f 5377 5376 5331
f 5380 5377 5367
f 5363 5383 5370
f 5357 5358 5374
f 5381 5385 5361
f 4814 4815 4825
f 4825 4815 4816
f 4806 4746 4747
f 5119 5121 5131
f 4696 4697 4893
f 4696 5389 5390
f 5213 5222 5388
f 5393 5389 5388
f 5380 5382 5384
f 5213 5387 4893
f 4813 4891 4908
f 5390 5392 4693
f 5294 5289 5287
f 5184 5185 5186
f 5285 5275 5253
f 4769 4789 4790
f 5327 5371 5359
f 4598 4621 4690
f 4608 4606 4733
f 4627 4624 4609
f 4596 4604 4851
f 4900 4623 4706
f 4668 4795 5395
f 4863 4865 4639
f 5392 5393 4666
f 4872 4650 4651
f 4807 4791 4758
f 5348 5338 5325
f 5176 5191 5190
f 5046 5031 5022
f 4853 4852 4869
f 5346 5353 5363
f 4709 4880 4620
f 4672 4673 4904
f 4680 4811 4651
f 4841 4844 4688
f 4823 4817 4818
f 4729 4730 4602
f 4881 4729 4851
f 5360 5348 5326
f 4852 4900 4707
f 4890 4751 4669
f 5392 5390 5389
f 5189 5182 5186
f 4881 4604 4605
f 5343 5344 5369
f 4607 4624 4625
f 5056 5055 5052
f 4850 4797 4798
f 3260 5399 5398
f 4855 4736 4899
f 5339 5343 5366
f 4789 4905 4808
f 5400 4040 3948
f 3872 3424 4046
f 4018 3423 3424
f 4025 4523 4172
f 4011 4023 4024
f 4065 4068 3900
f 3413 4012 4013
f 5056 5068 5069
f 5055 5056 5070
f 4062 5398 5399
f 5269 5289 5294
f 4685 4866 4903
f 5254 5242 5240
f 4606 4657 4658
f 4729 4881 4882
f 4030 4041 4043
f 4664 4752 4753
f 3575 3483 3904
f 3413 3410 3922
f 4949 4968 4955
f 4947 4937 4913
f 4849 4850 4894
f 4143 3974 3975
f 4912 4923 4932
f 3774 3771 3995
f 3956 3954 3342
f 4871 4872 4758
f 4270 4273 4272
f 4039 4040 5400
f 3555 3969 5402
f 5403 5404 3906
f 3908 4126 3823
f 4124 4121 5408
f 3901 3902 4046
f 4120 4117 5410
f 4124 3962 4125
f 5420 3906 5404
f 5424 4059 5425
f 3400 5429 5428
f 5432 5433 5435
f 4941 4942 4945
f 4935 4940 4949
f 3895 3898 3897
f 5426 5408 4121
f 5430 3905 3906
f 4045 4041 5398
f 5395 4693 5392
f 4846 4903 4701
f 4880 4709 4710
f 4624 4607 4608
f 4656 4690 4662
f 5305 5307 5309
f 5220 5223 5222
f 4230 4223 4327
f 5030 5073 5028
f 5213 5212 5211
f 5440 3272 3269
f 4396 4397 3980
f 5447 5448 3244
f 3328 3330 5451
f 4208 4391 4248
f 4599 4620 4621
f 4528 4339 4391
f 4529 4228 4199
f 4526 4338 4339
f 4256 4235 5452
f 4532 5452 4241
f 3834 4400 5446
f 5443 5445 5444
f 4530 4247 4334
f 4754 4886 4904
f 4229 4228 4381
f 4205 4382 4383
f 4892 4998 4987
f 4039 4032 3976
f 4738 4780 4796
f 4833 4835 4897
f 4232 4527 4200
f 4194 4240 4241
f 4889 4794 4750
f 4194 4191 4365
f 4531 4383 4195
f 5043 5042 5062
f 4182 4332 4561
f 5446 5447 3241
f 5237 5239 5248
f 4206 4334 4382
f 5210 5211 5218
f 3426 3922 3417
f 4216 4191 4192
f 4219 4210 4184
f 4180 4561 4380
f 4327 4595 4591
f 4223 4230 4231
f 4215 4192 4360
f 4186 4568 4218
f 4190 4330 4209
f 4223 4220 4595
f 4326 4591 4328
f 4366 4389 4568
f 4570 4548 4549
f 4579 4573 4548
f 4563 5453 4533
f 4583 4595 4220
f 4586 4380 4561
f 4239 4196 4363
f 4572 4571 4567
f 4536 4539 4585
f 4538 5453 4566
f 4536 4533 5453
f 3573 3986 3983
f 5427 3963 3552
f 4553 4587 4588
f 4593 4554 4555
f 4368 4365 4183
f 4361 5452 4235
f 4233 4369 4527
f 4233 4230 4324
f 4212 4209 4330
f 4237 4324 4325
f 4193 4241 5452
f 4983 5015 4885
f 5002 4995 4986
f 5074 5077 5076
f 4698 4699 5391
f 5391 4699 5390
f 4871 4899 4650
f 4546 4857 4543
f 4553 4550 4901
f 4552 4588 4555
f 5223 4804 4805
f 5386 5382 5383
f 5317 5315 5371
f 3240 3237 4429
f 5384 5385 5381
f 3938 3217 3218
f 3942 3943 5455
f 5361 5385 5386
f 4542 4540 4541
f 3910 5430 5420
f 3939 3333 4060
f 3851 5350 5351
f 3838 5427 3556
f 4547 4858 4857
f 5442 5443 4050
f 3385 3874 5428
f 4257 4234 4235
f 5312 5212 4893
f 4212 4203 4204
f 3854 3849 5461
f 4226 4184 4210
f 4202 4177 4178
f 3316 3983 3897
f 5464 5465 4432
f 5465 5466 3883
f 4472 4469 4449
f 4501 4472 4450
f 4074 4075 4080
f 5473 5474 5401
f 4173 4172 5475
f 3432 3429 3520
f 3462 5505 5504
f 4075 4501 4494
f 5482 5481 3387
f 5468 5471 5470
f 3427 5421 5422
f 4498 4499 4487
f 5403 3824 5414
f 3382 5523 5522
f 3492 5512 5511
f 3429 3434 3517
f 3873 5522 5524
f 5480 5479 3350
f 3477 5508 5505
f 4507 4508 5544
f 4396 5550 5551
f 3374 5552 5553
f 3373 5553 5554
f 5479 4521 4063
f 3390 5554 5555
f 5531 5525 5566
f 3368 5568 5567
f 5556 5557 5560
f 3393 5555 5557
f 4433 3364 5463
f 5464 5463 5458
f 4435 4437 4439
f 4055 4393 3277
f 3273 3278 3911
f 3395 3357 3358
f 5486 3894 4071
f 5526 4455 4453
f 5525 5570 5569
f 5568 3526 3527
f 3527 3362 3847
f 3365 5461 3849
f 5462 3849 3850
f 4435 4436 5571
f 3378 3379 3943
f 5573 5578 5577
f 4438 5455 3943
f 5477 5574 5579
f 5582 5581 5580
f 5583 5580 5581
f 5586 5585 5588
f 4074 5472 5586
f 5583 5585 5474
f 4507 5589 5590
f 5573 5478 4522
f 3989 5595 5596
f 5594 3406 3407
f 4436 3381 5572
f 5591 3990 3991
f 4507 4475 4476
f 3990 5591 5587
f 5578 3409 3406
f 5595 3989 5584
f 5484 3394 3358
f 4441 4442 5467
f 5472 4074 4077
f 5522 5599 5570
f 5486 3358 3353
f 5481 4498 3386
f 3475 5506 5492
f 5476 4523 3899
f 5540 5541 5606
f 5542 5540 5603
f 5608 5543 5542
f 5608 5607 5545
f 5607 5603 5609
f 5599 5600 5548
f 5598 5592 5543
f 5595 5594 5593
f 5588 5584 3989
f 5626 3265 3266
f 5627 3266 4448
f 5469 4449 4469
f 4515 4517 5625
f 4503 4473 4474
f 4481 5626 5627
f 4500 5628 5469
f 3414 4468 5466
f 5594 5595 5581
f 3376 3377 4430
f 3444 3944 3941
f 5572 3944 3444
f 4273 4286 4287
f 4345 4356 4357
f 4386 4304 4305
f 4517 4462 4463
f 4352 4349 4319
f 4352 4250 4251
f 4268 4277 4390
f 4264 5629 4320
f 4346 4387 4282
f 4337 4335 4343
f 4289 4244 4245
f 4303 4378 4287
f 4343 4290 4291
f 4284 4333 4244
f 4375 4519 4291
f 4379 4319 4271
f 4337 4353 4348
f 4524 4525 4295
f 4364 4362 4197
f 4285 4282 4390
f 5206 5209 5208
f 4297 5629 4371
f 4346 4283 4286
f 4285 4300 4333
f 3571 3572 4395
f 5341 5340 5339
f 5346 5345 5334
f 5269 5261 5273
f 4510 4509 5609
f 4509 4474 5545
f 4445 4446 5611
f 5566 5569 5568
f 5349 5336 5338
f 5489 5490 3401
f 5565 5566 3368
f 5496 5497 5417
f 5523 3382 3383
f 5325 5338 5347
f 5523 5600 5599
f 5429 3400 3401
f 3887 5632 5631
f 5634 5613 5600
f 5276 5280 5279
f 5298 5297 5257
f 5087 5086 5085
f 3361 3526 5612
f 5041 5061 5066
f 5487 5488 3383
f 5101 5116 5130
f 5299 5298 5300
f 5333 5336 5335
f 5302 5305 5304
f 5234 5247 5216
f 5301 5256 5255
f 4868 5318 5322
f 5281 5278 5277
f 5323 5321 5322
f 5298 5284 5296
f 4885 4829 4750
f 5231 5230 5196
f 4625 4626 5313
f 5111 5113 5085
f 5600 5613 5549
f 5531 5564 5563
f 5165 5166 5182
f 5283 5280 5285
f 4269 4276 4277
f 5610 5609 5603
f 5127 5090 5091
f 4907 5095 5125
f 5277 5278 5272
f 5596 5593 5592
f 5212 5312 5226
f 5273 5261 5262
f 5302 5301 5258
f 5635 5646 5645
f 4250 4352 4379
f 4485 4136 3405
f 4354 4026 4023
f 4265 4262 4304
f 4388 4390 4282
f 4345 4342 4384
f 4362 4364 4297
f 4836 4765 4612
f 4360 4361 4236
f 4369 4233 4237
f 5647 5636 3986
f 5650 3965 3192
f 5337 5338 5336
f 4467 4478 4477
f 4253 4377 4340
f 4429 3416 5457
f 3997 4133 3915
f 5535 3856 3839
f 5538 5541 4460
f 3439 3376 5571
f 5570 5525 5526
f 3438 5571 5572
f 4440 4468 3879
f 3440 5665 4407
f 3886 5685 5695
f 5534 5529 5396
f 5685 3886 3471
f 4278 4198 4301
f 5628 4448 4449
f 3579 3537 3538
f 4480 5627 5628
f 4402 5499 5517
f 4279 4197 4198
f 3603 3534 3532
f 3580 3594 4088
f 4095 3530 3531
f 5248 5249 5251
f 3778 3819 3999
f 4617 4618 4613
f 4375 4275 4372
f 3411 3405 4136
f 5094 5106 5111
f 3602 3532 3535
f 4023 4011 4350
f 4349 4352 4336
f 3605 3535 3536
f 4469 4472 4471
f 4094 3531 3593
f 4248 4249 4245
f 3519 5521 5518
f 5254 5296 5284
f 4852 4853 4795
f 4265 4371 5629
f 5632 5499 5503
f 3604 3611 3612
f 5549 5501 5502
f 3653 3606 3607
f 4780 4738 4873
f 4988 4989 4979
f 4491 5625 5626
f 4837 4904 4995
f 4615 4612 4765
f 5468 4469 4470
f 3514 3470 3467
f 5491 5680 4409
f 4093 3618 3619
f 4364 4320 5629
f 3488 5510 5509
f 5606 5539 5611
f 4210 4219 4189
f 4600 4603 4602
f 5242 5215 5198
f 5073 5074 5075
f 5651 5657 3940
f 3996 3541 3775
f 5200 5203 5202
f 5525 5531 5527
f 3364 4433 4434
f 3775 3541 3542
f 3941 3833 5485
f 3731 3706 4105
f 4997 5000 4999
f 4508 5598 5608
f 4101 4099 3818
f 3728 4109 4103
f 4591 4593 4592
f 4539 4536 4538
f 4550 4553 4552
f 4541 4566 4567
f 4389 4579 4570
f 4582 4583 4580
f 4976 4979 4978
f 4705 4708 4707
f 4797 4850 4843
f 3713 3729 3730
f 4675 4647 4702
f 4977 4978 4981
f 4810 4818 4817
f 4786 4811 4812
f 4715 4631 4628
f 4978 5016 5021
f 5010 5009 5006
f 3722 3743 4162
f 4558 4557 4560
f 4568 4570 4569
f 4584 4578 4535
f 4641 4631 4715
f 5026 5014 5012
f 4776 4777 4745
f 4714 4628 4712
f 4982 4996 5001
f 4576 4577 4560
f 4564 4567 4566
f 5069 5013 5018
f 5057 5052 5048
f 4810 4812 4811
f 3710 4158 3786
f 4991 4992 4999
f 5011 5009 5010
f 5008 5020 5022
f 5066 5067 5063
f 5047 5037 5024
f 5050 5049 5051
f 5023 5021 5016
f 5045 5044 5059
f 5047 5025 5026
f 3711 3712 3724
f 5048 5035 5037
f 5042 5040 5063
f 5058 5053 5051
f 5036 5038 5046
f 3715 3699 3700
f 5235 5256 5257
f 3732 3729 3704
f 5030 5031 5062
f 5020 5021 5023
f 5263 5262 5261
f 5049 5050 5044
f 5236 5248 5250
f 5031 5030 5027
f 5043 5038 5039
f 5320 5313 5329
f 5049 5048 5052
f 5326 5319 5317
f 3264 3261 3288
f 5264 5265 5263
f 4998 4999 4992
f 5009 5011 5020
f 5036 5032 5039
f 5032 5035 5034
f 4355 4317 3949
f 4269 4266 4374
f 4253 4250 4378
f 4525 4524 4252
f 3960 4112 4111
f 4372 4275 4258
f 5681 5672 5673
f 4378 4379 4272
f 4270 4347 4346
f 3244 5448 5644
f 4899 4703 4648
f 3734 3732 3702
f 4138 3346 3343
f 4192 4193 4361
f 3813 4001 3812
f 3817 3695 3696
f 5668 5683 5682
f 5690 5691 5687
f 5499 5632 5700
f 3999 3819 3820
f 3745 3742 4102
f 5684 3471 3472
f 5702 3859 3860
f 5712 5713 5693
f 3249 3277 4393
f 5695 5683 5715
f 5694 5715 5716
f 5719 3972 5601
f 4918 4919 4950
f 4774 4742 4743
f 5505 4415 4411
f 3583 3584 3585
f 3710 3687 4157
f 5513 5725 4417
f 5704 3563 4146
f 4141 4045 4062
f 5669 5689 5688
f 3898 3895 5653
f 5718 3973 3972
f 5684 5687 5686
f 3917 4131 5717
f 3463 5666 5662
f 5492 5506 5680
f 4931 4930 4950
f 5665 3440 3441
f 3788 3717 3740
f 3501 3502 3529
f 3569 3570 3477
f 5516 5728 5727
f 3564 3567 3566
f 3892 5405 5406
f 3962 4124 5407
f 4126 3908 4123
f 4116 3296 3287
f 3892 3887 5630
f 3824 3432 5413
f 4408 4409 5680
f 3969 3966 3978
f 4408 4413 3449
f 4414 3448 3449
f 3962 3261 3262
f 4425 5724 5616
f 4418 5725 5727
f 5716 5597 5575
f 5719 5720 5717
f 5698 5498 5692
f 3880 5621 4166
f 5652 3212 5520
f 5621 5623 4167
f 5679 4409 4410
f 3210 3209 3355
f 5622 5534 5451
f 5416 5417 5497
f 5729 5732 5731
f 5733 5734 3761
f 5735 5738 5737
f 5750 5752 5751
f 5744 5745 5740
f 5744 3770 3753
f 5753 5754 5730
f 5757 5758 5736
f 5731 5752 5765
f 5774 5777 5776
f 5790 5793 5792
f 5796 5786 5787
f 5817 5814 5819
f 5828 5831 5830
f 3725 4105 3751
f 4874 4734 4873
f 4700 4701 4903
f 4740 4820 4876
f 3199 3202 3201
f 4100 4102 4099
f 3749 3767 4108
f 3695 3817 3712
f 3378 3381 3380
f 5504 4411 4412
f 4405 4402 5518
f 5838 5839 5835
f 4705 4632 4712
f 5832 5831 5828
f 5697 5677 5678
f 3791 4006 4005
f 5848 5791 5794
f 3714 3700 3701
f 3995 4148 4042
f 3329 3326 3224
f 4005 3708 3705
f 4551 4762 4763
f 5855 5798 5808
f 5851 5795 5792
f 5803 5801 5858
f 5844 5843 5840
f 5762 5759 5743
f 5808 5809 5806
f 4012 3413 3426
f 5558 3513 3467
f 4550 4763 4720
f 4950 4951 4953
f 3885 3886 5694
f 5705 5706 4081
f 5508 4417 4415
f 3745 3759 3760
f 5507 4412 5680
f 3592 3536 3588
f 3895 5434 5658
f 5613 5500 5501
f 3834 3830 4393
f 5527 4454 4455
f 5775 5806 5809
f 5766 5767 5813
f 5858 5811 5812
f 5855 5815 5811
f 5863 5820 5819
f 5826 5859 5863
f 5862 5866 5833
f 5870 5871 5837
f 5782 5783 5831
f 5868 5838 5836
f 5778 5779 5843
f 5866 5870 5845
f 5785 5864 5867
f 5790 5788 5789
f 5796 5797 5794
f 5821 5818 5819
f 5657 5651 5620
f 5793 5849 5852
f 5855 5858 5801
f 5853 5847 5786
f 5804 5805 5802
f 5827 5867 5864
f 5767 5768 5821
f 5854 5857 5776
f 5860 5817 5818
f 5782 5832 5825
f 5781 5778 5844
f 5810 5811 5815
f 5867 5827 5830
f 5809 5808 5798
f 5828 5829 5863
f 5865 5841 5838
f 5801 5803 5802
f 4086 5707 3795
f 5779 5780 5842
f 5827 5826 5829
f 5839 5872 5869
f 5814 5815 5855
f 5711 4132 3859
f 4958 4957 4917
f 5861 5818 5821
f 5863 5859 5812
f 5865 5868 5823
f 5873 5836 5837
f 5872 5839 5842
f 4089 3455 3563
f 3812 3787 3785
f 5770 5771 5787
f 5789 5786 5847
f 5793 5789 5846
f 4145 4147 4146
f 5848 5773 5790
f 3953 4008 4009
f 5748 5875 5874
f 4624 4627 4626
f 4665 4764 4752
f 4775 4780 4779
f 4746 4670 4671
f 4637 4600 4601
f 4828 4612 4613
f 4704 4763 4762
f 4843 4845 4727
f 4543 4717 4725
f 4731 4864 4863
f 4723 4594 4558
f 4842 4846 4840
f 4717 4543 4857
f 4865 4868 4867
f 5841 5865 5866
f 4725 4726 4540
f 4798 4799 4816
f 4632 4635 4634
f 4720 4716 4715
f 4642 4645 4644
f 3754 4007 5874
f 4860 4761 4644
f 4674 4723 4722
f 4808 4809 4676
f 4721 4722 4822
f 5876 5878 5877
f 4836 4838 4840
f 4658 4661 4660
f 4826 4799 4800
f 4877 4782 4743
f 4948 4970 4971
f 4875 4739 4876
f 4954 4933 4934
f 5773 5770 5788
f 5825 5832 5833
f 5834 5837 5836
f 5834 5844 5845
f 3359 3362 3361
f 5732 5729 3756
f 3394 3397 3396
f 3766 3769 5741
f 5774 5809 5799
f 5805 5776 5857
f 5813 5821 5820
f 3969 3555 3964
f 5667 5668 5674
f 5729 5747 3792
f 3770 5744 5741
f 4741 4740 4739
f 4689 4737 4660
f 5772 5797 5787
f 5735 5733 3758
f 5850 5772 5773
f 5617 5528 3965
f 5799 5800 5854
f 5875 5748 5764
f 5840 5843 5842
f 5861 5768 5769
f 5807 5804 5853
f 5869 5781 5834
f 3765 3768 5739
f 5882 5884 5761
f 5881 5879 5887
f 5895 5896 5898
f 5907 5905 5906
f 5909 5907 5908
f 4234 4257 4526
f 3912 3927 3389
f 5934 8731 8730
f 8730 8731 5930
f 4920 4923 4922
f 8845 8847 8853
f 4141 4171 3404
f 3733 3705 3706
f 8849 8847 8848
f 4234 4237 4236
f 8863 8858 5919
f 3733 4002 4004
f 5908 5906 8859
f 8865 8866 8871
f 8859 8858 8863
f 5927 5924 5925
f 5911 5903 5904
f 8878 8871 8866
f 5635 5638 5637
f 5745 5744 5746
f 3552 3555 3554
f 8857 8889 8890
f 5924 5927 8860
f 3553 3557 3556
f 5919 5920 8861
f 8869 8865 8870
f 8873 8871 8878
f 8856 8857 8875
f 8862 8861 5889
f 8846 8845 8844
f 8864 8863 8866
f 8729 8730 8883
f 8848 8846 8887
f 8878 8879 5888
f 8896 8854 8855
f 8853 8854 8896
f 8841 8842 5882
f 3489 3492 3491
f 8867 8859 8864
f 5910 5908 8867
f 5914 5910 8898
f 5916 5914 8899
f 5889 8861 8860
f 8876 8878 8893
f 5918 5916 8900
f 4424 5722 5726
f 8904 8903 8900
f 8909 8908 8904
f 8908 8907 8903
f 8869 8909 8905
f 3632 3668 3667
f 3687 3690 3689
f 3636 3682 3681
f 3664 3641 3639
f 4304 4307 4306
f 8909 8869 8891
f 3681 3696 3695
f 3758 3761 3760
f 3684 3701 3700
f 3721 3724 3723
f 3941 3944 3943
f 3738 3741 3740
f 3687 3710 3709
f 3238 3239 3938
f 4249 4303 4288
f 4499 4498 3344
f 4240 4194 4368
f 3453 3451 3951
f 4401 3971 3547
f 3950 3951 3451
f 3702 3704 3701
f 3725 3728 3727
f 3194 3207 3208
f 4034 4035 4461
f 3914 3348 3913
f 3483 3575 3533
f 3191 3958 3957
f 4292 3489 3970
f 3909 3910 3428
f 3959 3960 3866
f 4017 4308 4309
f 4316 4318 4008
f 4448 4451 4450
f 4414 4415 4417
f 3435 3430 3351
f 4413 4411 4415
f 3899 3902 3901
f 3780 3781 3648
f 3474 3471 3886
f 3958 3191 3192
f 3221 3223 3935
f 3905 3908 3907
f 3913 4488 4486
f 4420 4422 4421
f 3881 3884 3883
f 4004 3788 3790
f 4271 4319 4318
f 4259 4297 4296
f 3501 4003 4066
f 5897 5898 5900
f 5901 5902 5904
f 8854 8849 8856
f 3789 3785 3786
f 3651 3648 3781
f 5924 5899 5901
f 8870 8871 8873
f 8876 8877 8874
f 5912 5917 5918
f 3805 3918 3799
f 3369 3370 3395
f 3923 3926 3925
f 3916 3917 3512
f 3641 3664 3801
f 4276 4269 4323
f 4181 4229 4331
f 4428 4430 3377
f 3495 4425 4321
f 4436 4435 3380
f 4430 4428 4437
f 3945 3957 3958
f 4065 3901 4047
f 4495 4497 3408
f 8913 8912 8915
f 8911 8910 8917
f 8889 8922 8923
f 8919 8935 8931
f 8884 8914 8918
f 8922 8921 8931
f 5852 5907 5909
f 5866 5862 5915
f 8926 8918 8914
f 8914 8884 8883
f 8886 8919 8921
f 5846 5847 5894
f 5873 5902 5900
f 8893 5888 5764
f 8894 8893 5754
f 5890 8860 5927
f 5885 8896 5755
f 5871 5904 5902
f 5763 8936 5883
f 5880 5890 8936
f 4175 4176 4398
f 4274 4254 4255
f 8883 8730 5931
f 8868 8905 8898
f 3289 4059 3247
f 3858 3855 5485
f 8850 8848 8886
f 4116 4120 5409
f 3889 5406 4127
f 3678 3679 8938
f 8857 8850 8888
f 3979 3551 3294
f 4126 3352 3431
f 3651 4000 3679
f 3460 3858 5921
f 4084 3309 3310
f 8905 8904 8899
f 3561 3327 5397
f 3213 3965 5528
f 4191 4194 4193
f 5449 5450 5532
f 4142 3975 4031
f 4060 3947 5652
f 4480 4483 4482
f 5519 5520 3212
f 5657 5451 3330
f 4473 4476 4475
f 3514 3515 5668
f 5663 5670 5669
f 8881 5929 5926
f 5734 5733 5749
f 4788 4789 4677
f 3997 3996 3538
f 3551 3486 3310
f 3577 3578 3998
f 4893 4697 4676
f 4753 4751 4671
f 8729 8884 8885
f 3813 3703 9021
f 8938 4001 3813
f 8882 5931 5929
f 4098 5701 3820
f 3399 5405 5416
f 5494 5495 5503
f 5880 5877 5878
f 4986 4673 4861
f 4999 5000 5004
f 4985 5001 4988
f 5816 5769 5766
f 4372 4370 4384
f 5688 5691 5692
f 8903 8902 8901
f 8879 8862 5887
f 8902 8881 8880
f 5919 5893 5895
f 4519 4384 4342
f 8847 8849 8854
f 5925 5901 5903
f 4021 3899 4523
f 5678 5677 5676
f 4424 3843 4085
f 5701 3576 3577
f 5928 5925 5926
f 5000 5005 4980
f 9022 4147 3545
f 9024 9025 5409
f 4008 4011 4010
f 3931 3234 4516
f 3822 3806 3807
f 8851 8852 8844
f 5728 5516 5509
f 9025 9023 4115
f 5209 5200 5201
f 4820 4740 4653
f 3988 5596 5598
f 3370 3911 3357
f 5639 5642 5641
f 5592 4511 4477
f 3378 3944 5572
f 5625 4463 3265
f 5594 5582 5577
f 3302 5649 5645
f 3274 3277 3278
f 5207 5208 5233
f 5071 5070 5072
f 4815 4814 4785
f 4796 4802 4643
f 3243 3244 5643
f 5301 5302 5303
f 5431 3562 5655
f 5251 5249 5244
f 3353 3427 3523
f 4174 3404 3405
f 3546 4114 4113
f 4002 3789 3788
f 4196 4239 4238
f 3232 5646 5647
f 4373 4374 4266
f 4867 5322 5321
f 5648 4054 4058
f 4455 4070 3893
f 5593 3407 4511
f 5275 5265 5252
f 5252 5265 5274
f 4092 3619 3624
f 3723 3742 3743
f 4780 4775 4802
f 4059 3289 3560
f 4317 4355 4347
f 5188 5190 5192
f 5570 5599 5612
f 3385 5429 5633
f 3526 5568 5569
f 3576 5701 3608
f 3581 3542 3594
f 5239 5237 5238
f 5081 5079 5083
f 4369 4526 4528
f 4325 4326 4329
f 3569 3285 3286
f 9022 9026 4112
f 3661 3662 3801
f 5074 5073 5030
f 5064 5062 5063
f 3563 3497 3498
f 3961 5407 4119
f 4854 4853 4870
f 5018 5007 5028
f 5007 5008 5027
f 5040 5042 5039
f 3240 3375 3875
f 5070 5069 5029
f 3504 3481 3866
f 3537 3579 3591
f 5033 5041 5039
f 4710 4638 4635
f 5017 4979 4989
f 5024 5037 5046
f 4991 5006 5019
f 4587 4553 4574
f 4996 4982 4793
f 5066 5061 5059
f 5221 5230 5231
f 5068 5056 5057
f 3675 3676 3643
f 3663 3674 3675
f 4722 4558 4559
f 3579 3576 3590
f 3686 3676 3677
f 4422 4420 3499
f 5142 5141 5138
f 5078 5071 5075
f 3609 3589 3590
f 3288 3961 5411
f 5424 9024 5410
f 5152 5144 5156
f 3960 5704 5709
f 4946 4956 4957
f 3867 3903 5705
f 9026 9022 4113
f 5192 5193 5189
f 5161 5164 5194
f 3637 3698 3682
f 4392 5461 3847
f 3796 4114 4149
f 4104 3716 3727
f 3594 3595 3993
f 3796 3793 4134
f 3687 3688 4156
f 3760 3761 4164
f 4464 3344 3345
f 3485 3528 3868
f 3846 3845 5423
f 3409 4520 4496
f 3767 3768 3765
f 3711 3721 4159
f 3797 4132 4087
f 4072 4069 5562
f 4502 4076 5590
f 5408 5426 9027
f 5683 5695 5714
f 5702 3772 4110
f 5623 4042 4148
f 5428 3874 3525
f 3668 3803 3802
f 4000 4001 8938
f 4221 4222 4179
f 4267 4268 4388
f 3721 3722 4161
f 3903 5659 5706
f 3583 3580 4090
f 3894 5486 3524
f 4635 4638 4636
f 4173 5401 4009
f 4890 4666 5393
f 5290 5291 5293
f 5339 5340 5337
f 5458 5459 4438
f 3251 5419 5430
f 3252 5418 5419
f 3428 5420 5421
f 3571 5426 5418
f 4583 4582 4554
f 4239 4367 4224
f 3322 3898 5450
f 5309 5310 5306
f 4109 3728 3748
f 5707 3865 3794
f 5139 5184 5183
f 5271 5270 5290
f 5280 5283 5282
f 5110 5107 5125
f 5319 4864 4731
f 5334 5343 5339
f 5423 3522 3523
f 5376 5377 5378
f 4721 4681 4646
f 3719 4158 4159
f 4853 4854 4692
f 5373 5372 5330
f 4428 5457 5456
f 5376 5329 5328
f 3337 3367 4434
f 4692 4693 5395
f 5475 4172 4523
f 5478 3900 4068
f 5421 5404 4129
f 5374 5373 5375
f 5283 5299 5306
f 5246 5247 5234
f 5154 5149 5150
f 4458 5562 5561
f 5163 5159 5158
f 5381 5374 5378
f 3397 3394 5484
f 4457 5561 5563
f 5147 5143 5150
f 4474 4475 5544
f 5325 5318 5319
f 5223 5394 5388
f 5517 5700 3521
f 4499 5480 3347
f 5404 5403 4128
f 3476 5507 5506
f 4084 5516 5515
f 3900 5478 5477
f 5536 5564 5547
f 5491 5498 5493
f 5474 5472 4139
f 4063 4521 4522
f 4459 4460 5541
f 5548 5549 3360
f 5444 5445 5550
f 3888 3889 5415
f 5546 5547 3339
f 5536 5539 5538
f 3570 5513 5508
f 4471 4502 5589
f 4280 3848 3359
f 5499 4402 4403
f 5189 5193 5169
f 5543 4477 4478
f 4051 5551 5552
f 3461 5504 5507
f 4629 4630 4870
f 5106 5094 4909
f 5286 5281 5279
f 5462 5463 3364
f 3491 5511 5514
f 5224 5220 5231
f 4478 4459 5540
f 4099 4102 3742
f 4803 4806 4805
f 4130 5423 5422
f 4470 4471 4476
f 4924 4925 4921
f 4920 4921 4927
f 4993 4986 4987
f 4887 4888 4913
f 3894 3893 4070
f 5472 5474 5585
f 3508 4135 4134
f 3603 3600 4096
f 3772 3773 3992
f 5712 5664 5671
f 3739 3718 4162
f 5683 5668 3515
f 5480 4465 4495
f 5698 5699 5493
f 3578 3538 3996
f 3645 3646 4154
f 5660 3904 3466
f 4135 9026 5710
f 5587 5591 4073
f 5687 5689 5693
f 3584 3583 4091
f 5585 5583 5584
f 4128 5414 5415
f 4257 4254 4338
f 4222 4231 4178
f 4366 4365 4191
f 5098 5099 5091
f 5761 5757 5737
f 5760 5737 5738
f 8852 8842 5934
f 8874 8877 8855
f 8895 8897 8855
f 5884 5882 8842
f 4557 4554 4582
f 8890 8923 8917
f 8918 8926 8930
f 8924 8926 8915
f 4182 4181 4330
f 3864 5708 5711
f 3574 3317 3230
f 3342 3954 3415
f 3488 3486 3549
f 4317 4316 3953
f 3672 3659 4152
f 5708 3864 3865
f 9021 3703 3685
f 3621 3618 3616
f 5728 4422 4419
f 4311 4027 4028
f 4131 3917 3543
f 4426 3496 3842
f 4518 3956 4168
f 5457 5465 5464
f 5425 3560 3558
f 5458 4439 4437
f 3416 3414 5465
f 5638 9028 5437
f 3985 3986 5636
f 5646 5635 5636
f 9023 9025 3554
f 5722 5510 5514
f 3256 3933 3934
f 4164 3761 5734
f 8885 8918 8920
f 3282 3932 3929
f 3292 4394 3320
f 3232 3229 3300
f 3303 3236 3271
f 3562 5431 5432
f 3392 3387 3388
f 3854 5922 5350
f 5463 5462 5459
f 5935 3474 3885
f 3879 3415 3954
f 3928 3372 3391
f 4137 5559 4458
f 5454 5455 3850
f 3548 3490 3549
f 4443 4500 5470
f 4452 4505 4506
f 4468 3414 3415
f 4443 4440 3876
f 3234 3235 4515
f 5434 3895 3896
f 5448 5440 5441
f 5447 5446 5443
f 4442 5470 5471
f 5550 4056 3275
f 5578 5573 4520
f 3464 5667 5666
f 4701 4627 4839
f 3259 5398 4041
f 4015 4012 3423
f 3558 3323 3982
f 4856 4894 4823
f 4741 4652 4653
f 3759 3745 4106
f 3560 3289 3290
f 9024 5424 3557
f 5438 3279 3280
f 3321 3283 3290
f 5557 5483 4072
f 5553 3369 3396
f 4045 4141 4174
f 4539 4845 4849
f 3536 3480 3503
f 5478 5573 5574
f 3800 3797 3510
f 4755 4883 4886
f 5561 4454 5527
f 5752 5731 5732
f 5752 5750 5756
f 3518 5492 5493
f 3767 3762 4107
f 3534 3603 4097
f 4395 3572 3826
f 3926 4052 3371
f 4446 4510 5610
f 4050 5444 3980
f 8887 8846 8843
f 5649 5639 5640
f 4643 4644 4761
f 3709 3787 3784
f 4778 4659 4660
f 5649 3302 4054
f 5646 3232 3301
f 3250 3251 3910
f 5884 5886 5757
f 5655 5656 5936
f 4224 4227 4226
f 4043 4044 3412
f 4286 4289 4288
f 4267 4311 4310
f 4493 4079 4080
f 3325 5432 3226
f 3925 3371 3372
f 4312 4315 4314
f 3996 3997 3540
f 8908 8911 8912
f 4023 4026 4025
f 3995 3890 3891
f 5482 5556 5559
f 4486 3420 3921
f 4300 4285 4302
f 5438 5642 5644
f 3233 3932 3282
f 3225 3228 3227
f 5446 4400 5445
f 5554 3396 3397
f 4834 4833 4830
f 4064 3349 3350
f 3596 3599 3598
f 5639 5649 5648
f 5434 5431 5654
f 4895 4896 4830
f 3674 3677 3676
f 3551 3979 3978
f 3835 3836 3305
f 3813 3810 3702
f 3691 3711 4160
f 4109 4100 4101
f 4565 4187 4188
f 3490 3548 3547
f 3672 3646 3647
f 8906 8907 8912
f 3810 3812 3811
f 4051 4052 4397
f 3566 3599 4090
f 5580 5475 5476
f 4456 4457 5537
f 5539 5536 5546
f 8844 5934 8729
f 8872 8873 8874
f 4383 4301 4198
f 4931 4926 4927
f 5529 5530 5397
f 5314 5321 5323
f 5347 5332 5323
f 4711 4709 4599
f 5387 5388 5389
f 5259 5290 5292
f 5195 4806 4803
f 5195 5104 4746
f 4639 4865 4866
f 4821 4818 4681
f 3421 4037 5399
f 4730 4863 4601
f 4807 4651 4811
f 4040 4037 3421
f 4844 4841 4800
f 3936 3933 3929
f 4894 4798 4817
f 5365 5370 5383
f 4657 4656 4661
f 5224 5206 4770
f 5368 5383 5382
f 5336 5349 5352
f 5353 5356 5386
f 4070 4455 4454
f 5396 5397 3327
f 5225 5226 5312
f 5384 5382 5386
f 5391 4694 4695
f 4407 4410 4409
f 4623 4620 4880
f 5356 5353 5352
f 4578 4584 4859
f 3239 3875 3217
f 3937 3218 3333
f 4578 4575 4534
f 5467 5471 4505
f 4836 4828 4826
f 4422 5728 5721
f 3392 3393 5556
f 5564 5531 5565
f 3807 3808 3663
f 5922 3854 4392
f 3680 3695 3692
f 3630 3633 3632
f 4416 4417 5725
f 4033 3305 3836
f 3238 3220 4168
f 3466 3904 3483
f 3678 3677 3650
f 3677 3674 3649
f 3340 3337 4431
f 3562 3561 5656
f 5658 5654 5938
f 3642 3643 3640
f 3306 3303 3334
f 3256 3253 3280
f 8910 8891 8892
f 5868 5900 5898
f 8924 8923 8922
f 8935 8930 8925
f 8882 8906 8913
f 8925 8930 8926
f 5852 5849 5905
f 5136 5128 5124
f 4243 4363 4260
f 5238 5227 5228
f 5642 5639 5643
f 3924 3925 3928
f 5412 3521 5700
f 3750 3752 3751
f 3746 3752 3770
f 3859 3798 3861
f 3972 3973 3493
f 5923 8860 8861
f 4945 4946 4958
f 3296 3293 3286
f 3824 5403 3907
f 3671 3629 4154
f 4137 3343 5481
f 3614 3654 3802
f 3283 3284 3559
f 4936 4935 4934
f 5511 5723 5726
f 4170 4169 3926
f 3572 4393 3830
f 3459 3447 3858
f 3496 4426 4425
f 3457 3950 3436
f 3984 3983 3986
f 3914 3389 3386
f 5512 5724 5723
f 4500 4443 4483
f 4501 4502 4471
f 4503 4506 4505
f 4143 4144 4461
f 3331 3329 3222
f 4016 4015 4018
f 3998 3775 3776
f 4114 3796 5710
f 4405 5678 4406
f 5602 5604 5720
f 4767 4803 4804
f 4929 4933 4954
f 4410 4407 5665
f 3888 5700 5632
f 4048 4049 3977
f 3947 3211 3212
f 5676 5677 3472
f 5782 5785 5784
f 4315 4312 4311
f 5699 5518 5521
f 5864 5785 5825
f 5826 5827 5822
f 5775 5776 5805
f 3236 3233 3270
f 5823 5868 5859
f 4957 4848 4895
f 8868 8864 8865
f 4281 4392 3848
f 4940 4943 4971
f 4013 4014 4029
f 3685 3703 3701
f 4339 4340 4377
f 8891 8870 8872
f 3753 3750 3755
f 4427 4168 3220
f 3809 3806 3779
f 3568 4416 4418
f 3880 3987 3918
f 3543 3843 3842
f 4646 4649 4648
f 4656 4657 4597
f 4781 4876 4820
f 4972 4975 4974
f 5101 5102 5109
f 5095 5096 5115
f 5090 5127 5132
f 5131 5132 5134
f 5134 5132 5127
f 5117 5139 5140
f 3539 3862 3863
f 4006 3791 3792
f 5128 5091 5099
f 5097 5088 5089
f 5274 5266 5271
f 4571 4572 4569
f 4225 4531 4238
f 5156 5155 5170
f 4538 4541 4540
f 4622 4691 4665
f 4981 5011 5004
f 5012 4974 4975
f 5148 5147 5149
f 5157 5142 5133
f 5161 5155 5145
f 4261 4532 4242
f 5294 5295 5291
f 4255 4256 4532
f 5274 5259 5250
f 4246 4529 4207
f 3314 3924 3927
f 4670 4673 4672
f 4995 4904 4673
f 4638 4710 4603
f 4341 4295 4525
f 5163 5166 5165
f 4834 4783 4784
f 4784 4820 4682
f 4844 4843 4687
f 5280 5276 5275
f 4217 4572 4564
f 4554 4557 4556
f 4551 4552 4556
f 4549 4546 4544
f 5141 5142 5173
f 4653 4654 4683
f 4973 4974 4989
f 4984 5005 5015
f 5177 5172 5170
f 5166 5167 5181
f 5141 5184 5139
f 5178 5174 5151
f 5244 5202 5203
f 5252 5244 5245
f 4479 4031 4079
f 4402 4405 4404
f 3500 4418 4419
f 5856 5851 5909
f 4488 3913 3348
f 8851 8853 5885
f 3607 3608 5701
f 3508 3505 3503
f 5847 5858 5896
f 4374 4373 4309
f 3380 4439 4438
f 9025 9024 3553
f 5718 5717 4131
f 3300 3229 3283
f 5551 3275 3276
f 5552 3276 3369
f 5555 3397 5483
f 5859 5898 5896
f 4133 3793 3794
f 3606 3653 3652
f 4900 4852 4766
f 4616 4790 4789
f 3738 4165 4164
f 4774 4771 4642
f 4399 4485 3402
f 5853 5796 5795
f 3936 4518 4427
f 3418 3419 4064
f 5510 3488 3840
f 3270 3282 3279
f 3274 3275 4056
f 4359 4356 4305
f 4135 3508 3504
f 3610 3611 3609
f 3837 3556 3557
f 5940 3971 4401
f 5853 5804 5803
f 5725 5513 5515
f 3246 5410 4117
f 5713 5712 5672
f 4918 4961 4916
f 4148 3995 3771
f 5106 5105 5113
f 4147 9022 5709
f 5152 5172 5177
f 9026 4135 4111
f 5104 5195 5103
f 3531 3528 3485
f 3713 3716 3715
f 3699 3715 3815
f 4467 3345 4459
f 4703 4899 4736
f 5405 3399 3846
f 3555 3552 3963
f 4120 4116 5411
f 4217 4219 4185
f 3279 5438 5441
f 4944 4945 4959
f 4353 4337 4344
f 3815 3715 3716
f 3374 3371 4052
f 4491 4492 4516
f 5865 5824 5833
f 5819 5814 5856
f 5807 5851 5856
f 3933 3256 3281
f 3208 3205 3920
f 8907 8906 8902
f 5288 5308 5295
f 3728 3725 3747
f 3309 4084 4083
f 5119 5116 5101
f 3811 3785 3789
f 3595 3863 3992
f 4106 4102 4100
f 5696 5575 5576
f 3708 3755 3750
f 3744 3760 4165
f 5905 5891 5892
f 3403 4036 4175
f 4133 3997 3506
f 4147 4145 3544
f 3561 3562 3325
f 3237 3240 3239
f 4877 4878 4793
f 3241 3244 3243
f 3597 3624 3625
f 3279 3282 3281
f 3371 3374 3373
f 3599 3566 3567
f 3975 3976 4032
f 3277 3249 3250
f 3774 3564 3565
f 3658 3673 3780
f 4961 4962 4963
f 3600 3615 3616
f 4228 4229 4202
f 4011 4008 4318
f 4307 4304 4262
f 4838 4800 4841
f 4782 4783 4773
f 4914 4956 4946
f 4839 4609 4765
f 4771 4896 4645
f 4962 4965 4964
f 4966 4959 4963
f 3601 3612 3615
f 5878 5875 5879
f 5890 5880 5881
f 3720 3786 4158
f 4755 4756 4689
f 3740 3717 3718
f 5695 5685 5686
f 5740 5743 5742
f 5733 5735 5736
f 5755 5756 5750
f 5745 5763 5762
f 5798 5801 5800
f 4706 4880 4879
f 5651 5652 5619
f 5850 5794 5797
f 5804 5807 5806
f 4087 5708 5707
f 5915 5913 5914
f 5703 3860 4167
f 5893 5894 5896
f 5892 5893 5919
f 5706 5671 5664
f 5786 5789 5788
f 3973 4131 3841
f 4831 4832 4915
f 5906 5892 8858
f 4965 4967 4969
f 4684 4685 4846
f 3589 3609 3611
f 3596 3625 4150
f 5877 5880 5763
f 4121 4124 4123
f 3469 3465 3868
f 3204 3205 3208
f 3716 3713 3726
f 5460 9027 5426
f 3465 3469 3470
f 5738 5735 3764
f 4887 4654 4655
f 4203 4206 4205
f 3959 5705 4082
f 5758 5757 5886
f 5781 5869 5872
f 4675 4762 4723
f 3757 4164 5751
f 3334 3271 3272
f 8880 5926 5903
f 5615 5676 3473
f 5759 5761 5760
f 8845 8846 8848
f 5778 5781 5780
f 8857 8856 8849
f 4132 3797 3798
f 5839 5838 5841
f 560 1899 3187
f 5747 5874 4007
f 5928 5930 8840
f 5766 5769 5768
f 4848 4957 4956
f 4953 4968 4967
f 4832 4897 4910
f 5879 5764 5888
f 3598 3567 3530
f 5747 5729 5730
f 5754 5764 5748
f 5810 5813 5812
f 5758 5755 5749
f 4315 4388 4387
f 5917 5915 5916
f 5913 5909 5910
f 5930 8731 8841
f 4951 4955 4968
f 3209 3210 3201
f 4059 5424 3246
f 8731 5934 8842
f 3776 3582 3585
f 5770 5773 5772
f 5891 5894 5893
f 9028 5638 5641
f 5814 5817 5816
f 5662 5675 5673
f 3522 3525 3524
f 5630 5631 5942
f 5791 5792 5795
f 5746 3753 3754
f 5928 5929 5931
f 5743 5760 5739
f 5876 5874 5875
f 3678 8937 9021
f 4200 4208 4207
f 4114 3546 3916
f 3601 3602 3605
f 3818 3724 3712
f 3315 3318 3317
f 5899 5900 5902
f 8840 8841 5883
f 5562 4458 5559
f 4416 3568 3448
f 3189 3192 3191
f 4751 4890 4747
f 4181 4182 4180
f 3832 3942 5454
f 3362 3527 3526
f 5678 4405 5699
f 3497 3500 3499
f 448 1980 807
f 647 648 122
f 5690 3472 5677
f 4183 4186 4185
f 1833 1848 1780
f 5920 5895 5897
f 510 509 508
f 4401 3967 5944
f 5656 5397 5530
f 3970 3971 5940
f 5653 5658 5939
f 5450 5653 5946
f 3384 5633 5945
f 4403 4404 4299
f 5944 3967 3968
f 3963 5427 5951
f 5614 3473 3474
f 5427 3838 3857
f 3210 1949 1887
f 1887 15 3200
f 15 16 3197
f 16 3188 3195
f 3195 3188 3187
f 3194 3187 1899
f 3207 1899 375
f 387 173 126
f 3189 1791 1760
f 9029 763 757
f 763 9029 2172
f 9035 9034 9032
f 9033 9032 9031
f 9046 9049 9048
f 8751 9053 9054
f 9078 9076 9077
f 9083 9087 9051
f 9088 9089 9047
f 9099 9036 9040
f 9102 9034 9036
f 9105 9031 9032
f 9105 2176 9106
f 1801 1864 9108
f 9103 9032 9034
f 9096 9090 9047
f 1767 1768 9111
f 1597 9115 9113
f 1708 1707 9117
f 9123 9120 9119
f 9118 9119 9125
f 1588 1708 9116
f 2080 9123 9118
f 2082 9118 9124
f 9126 9129 9087
f 9129 9130 9088
f 5512 3492 5943
f 5634 3383 5488
f 5724 5512 5947
f 9134 9099 9097
f 9144 9103 9102
f 9133 9097 9096
f 786 9146 9144
f 9146 9105 9103
f 785 9144 9138
f 497 9138 9134
f 650 9134 9133
f 9148 564 9133
f 8756 9058 9057
f 9154 9151 9130
f 9151 9150 9131
f 9097 9040 9090
f 1799 9109 9111
f 5949 3968 3964
f 9160 9156 8809
f 8813 9162 9160
f 9166 463 564
f 9067 9058 9054
f 9162 9166 9148
f 9087 9088 9048
f 9081 9078 9079
f 9049 9052 9051
f 9082 9168 9167
f 9079 9077 9049
f 9169 9168 9175
f 9167 9115 9112
f 9168 9169 9177
f 9120 9117 9113
f 9120 9177 9169
f 9119 9169 9170
f 9179 9180 9125
f 9180 1576 9124
f 9178 9179 9170
f 1576 2101 2084
f 9179 9178 9183
f 3203 376 1387
f 3190 1387 1791
f 5618 2152 1949
f 317 240 259
f 2000 2176 9105
f 9053 9051 9052
f 9041 9040 9036
f 9029 758 756
f 9037 9036 9034
f 9130 9131 9089
f 3204 375 376
f 1801 9107 9109
f 9181 9187 9180
f 1575 9187 9190
f 9187 1575 1576
f 1776 1795 1796
f 1293 1294 1290
f 1326 14 1327
f 1294 1245 1234
f 878 1244 1330
f 5633 3401 5490
f 5933 3359 3360
f 5613 5634 5948
f 5604 5605 3844
f 3972 3494 5950
f 3494 3495 4322
f 4406 5676 5615
f 3492 3489 4292
f 5631 5503 5495
f 497 373 374
f 122 648 413
f 5624 5489 3398
f 9151 9154 9156
f 9058 8756 8752
f 9160 9162 9150
f 8815 9166 9162
f 9156 9126 8794
f 439 398 399
f 1512 1528 1526
f 1668 1741 1738
f 839 849 1362
f 1362 1357 826
f 3425 3417 3418
f 4905 5207 5243
f 4621 4622 4662
f 5582 5579 5574
f 4754 4757 4756
f 3902 3899 4021
f 9295 740 1896
f 2053 2054 2118
f 9340 9339 2120
f 696 697 9268
f 4922 4938 4939
f 4365 4366 4186
f 5105 5106 4862
f 5228 5227 5226
f 4781 4782 4877
f 5218 5227 5238
f 4990 4993 4992
f 4335 4337 4336
f 4993 4990 4972
f 4794 4793 4792
f 5886 5884 8852
f 5405 3892 5417
f 4669 4752 4764
f 4676 4697 4698
f 1826 1878 639
f 9192 9191 9181
f 5232 5228 5233
f 5418 4121 4122
f 956 885 886
f 5720 3844 3512
f 4728 4731 4730
f 8879 8866 8863
f 1980 806 1922
f 4969 4970 4966
f 33 34 105
f 9028 3253 3254
f 3837 3558 3839
f 4382 4300 4301
f 3908 3905 4122
f 4290 4295 4294
f 4400 3834 4055
f 3219 3222 3221
f 8894 8895 8877
f 4640 4736 4735
f 4389 4366 4216
f 3267 4479 4493
f 3268 3265 4463
f 5097 5111 5098
f 5094 5097 5096
f 5654 5655 5937
f 4089 5704 3960
f 5159 5163 5162
f 5202 5244 5249
f 5412 5415 5414
f 5715 3515 3516
f 5723 4426 4423
f 4263 4264 4323
f 3994 3529 3564
f 1343 1344 9308
f 3470 3514 5667
f 5659 5661 5671
f 3319 3828 4053
f 9359 2127 2128
f 1766 1581 1582
f 14 1326 2163
f 595 98 99
f 5703 3771 3772
f 5206 5224 5229
f 3437 3446 3458
f 5516 4084 3487
f 5122 5086 5087
f 3223 3297 3934
f 3979 9023 5402
f 3828 3319 3320
f 5663 3441 4081
f 4035 4489 4490
f 4426 5723 5724
f 3881 4452 4447
f 5407 5408 4118
f 5691 5688 5689
f 5661 5673 5672
f 5911 5918 8901
f 3902 4022 3871
f 5541 5538 5539
f 4069 4454 5561
f 3248 4394 3292
f 1346 1035 1044
f 748 1888 1425
f 3297 3228 3255
f 5445 4400 4056
f 5783 5784 5830
f 4310 4028 4376
f 5857 5854 5800
f 3882 5467 4452
f 3193 3208 3919
f 3190 3191 3206
f 4266 4269 4268
f 4488 3419 3420
f 3331 3939 3940
f 4282 4285 4284
f 4606 4608 4607
f 4628 4629 4708
f 4659 4732 4733
f 4615 4750 4829
f 4718 4714 4713
f 5722 4424 4421
f 3307 3462 3461
f 4686 4688 4634
f 3966 3548 3550
f 4738 4739 4875
f 3416 4429 3237
f 4527 4528 4208
f 5093 5121 5114
f 5124 5099 5086
f 5117 5118 5138
f 4631 4641 4640
f 5166 5163 5168
f 5185 5188 5187
f 5194 5190 5191
f 3245 4117 4118
f 5214 5215 5203
f 3230 3317 3318
f 5237 5234 5217
f 5250 5259 5258
f 5113 5112 5084
f 5270 5267 5269
f 4906 5125 5107
f 5271 5266 5267
f 5276 5277 5262
f 5153 5151 5174
f 5290 5270 5268
f 5306 5299 5303
f 5147 5148 5146
f 4585 4849 4856
f 3226 5435 5436
f 4473 4503 4504
f 5765 5756 8897
f 4529 4246 4247
f 8923 8924 8916
f 5713 5681 5682
f 3315 3897 3898
f 5564 5536 5537
f 4468 4440 4441
f 3738 3739 4163
f 4577 4859 4559
f 5567 3527 3366
f 3587 3584 4150
f 5471 5468 4504
f 5860 5769 5816
f 3516 3513 5558
f 5436 3985 5637
f 5050 5053 5083
f 5547 5565 3338
f 9023 3979 3295
f 5708 4087 4132
f 4104 3816 3814
f 3718 3719 4161
f 5498 5491 5679
f 3884 4431 4432
f 3955 4512 3877
f 4049 4062 4061
f 8892 8872 8875
f 4572 4217 4218
f 4440 4443 4442
f 4497 4511 3407
f 8906 8882 8881
f 5664 5712 5670
f 3751 4105 3706
f 3511 3735 3736
f 5129 5130 5116
f 5086 5099 5098
f 5135 5127 5128
f 5143 5146 5145
f 5168 5158 5136
f 5297 5241 5246
f 5164 5161 5160
f 5155 5161 5171
f 5137 5179 5167
f 5293 5308 5307
f 5513 3570 4083
f 4053 3828 3825
f 3228 3297 3298
f 3631 3632 3635
f 5689 5669 5670
f 5759 5762 5883
f 3793 4133 3507
f 4906 4908 4891
f 4719 4858 4901
f 3597 3598 4095
f 3352 4126 4125
f 9064 9057 9058
f 9076 9064 9067
f 9083 8766 8794
f 9131 9132 9096
f 9138 9102 9099
f 9154 9129 9126
f 9077 9067 9052
f 9053 8751 8766
f 9191 9190 9187
f 9082 9079 9046
f 9193 9175 9168
f 1284 1290 1288
f 9150 9148 9132
f 3841 3842 3496
f 3570 3569 3336
f 4027 4311 4312
f 4889 4876 4781
f 4041 4045 4044
f 4885 4884 4813
f 5419 4122 3905
f 4367 4368 4227
f 1778 1781 1780
f 1792 1759 1584
f 4308 4017 3869
f 4594 4723 4762
f 4767 4770 4769
f 5461 3365 3366
f 4763 4704 4716
f 4919 4918 4915
f 4300 4382 4334
f 5196 5199 5198
f 5158 5148 5135
f 5431 5434 5433
f 4545 4567 4571
f 4557 4558 4594
f 695 570 571
f 4156 4155 3626
f 4861 4673 4670
f 5681 5675 5674
f 5473 5475 5580
f 3622 3656 4152
f 5647 3573 3574
f 3674 3663 3808
f 4420 4145 3498
f 5675 5662 5666
f 3253 9028 5439
f 5870 5866 5917
f 8887 8920 8919
f 5862 5856 5913
f 3534 3593 3485
f 3313 4486 4484
f 9090 9193 9046
f 4871 4759 4695
f 3778 3777 3822
f 4889 4748 4874
f 4000 3783 3784
f 4897 4898 4911
f 3856 3857 3838
f 4772 4830 4896
f 4015 4016 4376
f 3433 3461 3476
f 4053 4054 3302
f 3367 5567 3363
f 3242 3829 3831
f 3441 3442 4082
f 4735 4736 4855
f 4756 4757 4737
f 3382 3385 3384
f 3698 3699 3697
f 4676 4679 4678
f 4948 4943 4941
f 4890 5394 4805
f 4757 4744 4745
f 4581 4221 4380
f 5716 3516 5932
f 4923 4920 4926
f 5077 5079 5081
f 5078 5082 5058
f 4009 5401 5400
f 5081 5082 5078
f 3930 3931 4513
f 4014 4376 4028
f 4025 4026 4020
f 3618 4093 4096
f 4581 4575 4576
f 4219 4217 4188
f 5440 5442 3335
f 5449 3982 3323
f 4229 4181 4177
f 4590 4213 4214
f 4227 4183 4184
f 4574 4901 4858
f 4565 4566 5453
f 4592 4555 4588
f 4590 4587 4573
f 3517 3518 5521
f 3845 5428 3522
f 4444 3340 3884
f 3982 5449 5533
f 4465 4466 4497
f 4520 4522 4521
f 4076 4073 5591
f 3635 3667 3666
f 3343 3344 4498
f 4022 4019 3870
f 3661 3607 4098
f 5691 5690 5697
f 3768 3766 5742
f 4514 3955 3956
f 3697 3815 3814
f 4394 3248 5460
f 4054 4053 4057
f 3284 3318 3323
f 4052 3926 4169
f 4447 4506 4510
f 4456 4460 3346
f 4483 3876 3877
f 4482 3877 4512
f 4492 4512 4513
f 5642 5438 5439
f 5448 5447 5442
f 5466 4441 3882
f 3340 4444 4445
f 8908 8909 8910
f 4397 4169 3835
f 5413 3520 3521
f 3234 3931 3932
f 5753 5765 8895
f 8896 8897 5756
f 8921 8922 8889
f 8915 8912 8911
f 3933 3936 3935
f 3620 3804 3657
f 3966 3969 3968
f 4905 4789 4769
f 3225 5436 5437
f 5433 3896 3984
f 5714 5686 5693
f 5435 3984 3985
f 3954 3956 3955
f 4713 4712 4632
f 4879 4635 4632
f 3983 3984 3896
f 9027 5460 3248
f 5871 5870 5912
f 5849 5846 5891
f 4702 4703 4640
f 4213 4590 4579
f 3644 3645 3688
f 9193 9090 9040
f 8920 8930 8935
f 5406 3846 4130
f 4140 5400 5401
f 5659 3903 3904
f 4772 4773 4783
f 4244 4247 4246
f 4061 5399 4037
f 3669 3804 3803
f 3459 3460 3209
f 4072 5483 5484
f 4835 4833 4834
f 5660 5662 5661
f 4262 4265 4264
f 3633 3630 3627
f 3685 3643 3676
f 4517 4515 3235
f 4145 4420 4085
f 5455 4438 5459
f 5638 5635 5640
f 3228 3225 3254
f 4044 4174 3411
f 3614 3615 3612
f 3273 3276 3275
f 4952 4962 4961
f 4959 4958 4960
f 4888 4655 4761
f 4254 4257 4256
f 4199 4202 4201
f 4499 4464 4465
f 5479 4495 4496
f 5952 5953 5954
f 5956 5957 5958
f 5959 5958 5960
f 5962 5963 5964
f 5966 5967 5968
f 5967 5970 5971
f 5963 5962 5961
f 5972 5965 5964
f 5974 5975 5976
f 5978 5979 5980
f 5982 5983 5984
f 5986 5987 5985
f 5988 5989 5990
f 5992 5993 5994
f 5996 5997 5998
f 6000 6001 6002
f 6004 6005 6006
f 6008 6009 6010
f 6012 6013 6014
f 6016 6017 6018
f 6020 6021 6022
f 6024 6025 6026
f 6028 6029 6030
f 6032 6033 6034
f 6036 6037 6038
f 6040 6041 6013
f 6042 6043 6044
f 5992 6046 6047
f 6048 6049 6050
f 6052 6053 6054
f 6056 6057 6058
f 6060 6061 5987
f 6062 6063 6064
f 6066 6067 6068
f 6070 6071 6027
f 6072 6073 6057
f 6075 6076 6077
f 6078 6079 6080
f 6082 6083 6054
f 6085 6078 6081
f 6087 6061 5990
f 6061 6087 6089
f 6089 6090 6091
f 6092 6091 6093
f 6095 5978 5981
f 6062 6082 6084
f 6097 6098 6035
f 6056 6049 6099
f 6100 6101 6102
f 6001 6000 6104
f 6107 6108 6109
f 6110 6111 6112
f 6114 6026 6025
f 6116 6117 6118
f 6120 6121 6122
f 6124 6125 6126
f 6128 6129 6101
f 6039 6130 6131
f 6132 6133 6134
f 6136 6137 6138
f 6139 6140 6141
f 6143 6144 6145
f 6148 6149 6150
f 6152 6153 6154
f 6155 6156 6157
f 6159 6160 6161
f 6163 6164 6165
f 6167 6168 6169
f 6171 6172 6173
f 6175 6176 6104
f 6178 6179 6180
f 6023 6182 6183
f 6184 6185 6186
f 6117 6116 6188
f 6190 6191 6192
f 6194 6070 6026
f 6195 6196 6191
f 6197 6198 6199
f 6201 6202 6203
f 6205 6206 6207
f 6209 6210 6201
f 6197 6200 6211
f 6212 6211 6213
f 5979 6215 6214
f 6203 6216 6217
f 6206 6199 6198
f 6218 5961 5962
f 5965 6220 6219
f 5972 3355 3354
f 6070 6194 6222
f 6224 6225 6226
f 6228 6229 6230
f 6232 6233 6234
f 6196 6195 6236
f 6071 6070 6223
f 6239 6240 6241
f 6243 6244 6245
f 6247 6073 6248
f 6250 6251 6252
f 6254 6255 6256
f 6258 6259 6260
f 6229 6262 6263
f 6264 6265 6242
f 6266 6267 6268
f 6270 6271 6272
f 6274 6275 6276
f 6195 6278 6279
f 6280 6278 6281
f 6283 6284 6285
f 6123 6122 6287
f 6289 6290 6291
f 6293 6294 6243
f 6240 6296 6297
f 6298 6299 6267
f 6300 6301 6302
f 6304 6305 6306
f 6251 6250 6308
f 6247 6310 6311
f 6313 6314 6315
f 6314 6313 6317
f 6319 6086 6320
f 6322 6087 6088
f 6216 6324 6258
f 6325 6326 6327
f 6217 6258 6261
f 6330 6071 6238
f 6071 6330 6048
f 6015 6332 6333
f 6079 6334 6335
f 6336 6294 6240
f 6294 6293 6296
f 6337 6338 6339
f 6341 6342 6343
f 6345 6346 6347
f 6266 6264 6349
f 6350 6351 6352
f 6295 6243 6246
f 6303 6355 6356
f 6357 6358 6359
f 6361 6362 6363
f 6365 6350 6353
f 6367 6368 6369
f 6371 6367 6370
f 6372 6373 6374
f 6375 6374 6373
f 6376 6377 6378
f 6379 6380 6381
f 6383 6384 6385
f 6387 6388 6389
f 6391 6392 6393
f 6395 6396 6397
f 6398 6399 6400
f 6399 6401 6402
f 6403 6402 6401
f 6405 6406 6407
f 6409 6410 6411
f 6367 6371 6413
f 6374 6375 6415
f 6417 6418 6384
f 6419 6420 6348
f 6421 6422 6423
f 6425 6426 6400
f 6426 6427 6395
f 6393 6396 6428
f 6429 6430 6394
f 6390 6389 6431
f 6433 6434 6408
f 6435 6436 6437
f 6439 6440 6411
f 6392 6391 6441
f 6397 6392 6442
f 6401 6399 6444
f 6446 6447 6437
f 6448 6449 6450
f 6452 6453 6454
f 6442 6441 6456
f 6443 6442 6457
f 6444 6459 6460
f 6445 6444 6461
f 6463 6464 6462
f 6446 6445 6462
f 6466 6467 6468
f 6448 6451 6470
f 6453 6452 6472
f 6474 6475 6476
f 6478 6479 6480
f 6482 6483 6484
f 6486 6487 6488
f 6490 6491 6492
f 6493 6492 6494
f 6496 6497 6498
f 6500 6501 6502
f 6504 6505 6506
f 6508 6468 6509
f 6511 6512 6513
f 6499 6514 6515
f 6516 6517 6518
f 6520 6521 6522
f 6524 6507 6525
f 6507 6524 6527
f 6504 6527 6528
f 6528 6511 6508
f 6529 6530 6531
f 6342 6533 6534
f 6535 6347 6346
f 6347 6535 6537
f 6434 6538 6539
f 6539 6540 6405
f 6541 6542 6451
f 6543 6544 6470
f 6546 6478 6481
f 6499 6498 6548
f 6549 6550 6514
f 6551 6552 6553
f 6555 6556 6557
f 6403 6436 6423
f 6426 6425 6413
f 6415 6560 6428
f 6430 6429 6561
f 6434 6433 6420
f 6563 6564 6565
f 6404 6401 6445
f 6459 6444 6399
f 6455 6454 6388
f 6405 6450 6449
f 6540 6541 6450
f 6567 6495 6568
f 6570 6464 6463
f 6475 6474 6490
f 6458 6457 6571
f 6573 6571 6574
f 6576 6577 6578
f 6193 6192 6580
f 6582 6583 6584
f 6583 6582 6586
f 6588 6589 6587
f 6590 6069 6068
f 6592 6593 6594
f 6251 6310 6595
f 6304 6596 6597
f 6272 3735 6599
f 3737 3736 6558
f 6600 6161 6160
f 6123 6602 6603
f 6604 6605 6606
f 6608 6205 6208
f 5972 6221 6220
f 6610 6611 6612
f 6613 6614 6615
f 6242 6617 6618
f 6226 6619 6245
f 6620 6621 6622
f 6624 6143 6146
f 6626 6213 6211
f 6627 6628 6629
f 6631 6632 6633
f 6235 6635 6636
f 6637 6638 6639
f 6641 6625 6286
f 6643 6644 6645
f 6647 6648 6649
f 6244 6243 6294
f 6336 6651 6652
f 6194 6196 6237
f 6196 6194 6114
f 6115 6192 6191
f 6653 6654 6655
f 6657 6117 6189
f 6117 6657 6659
f 6130 6157 6156
f 6133 6152 6151
f 6661 6111 6662
f 6663 6613 6616
f 6664 6270 6273
f 6418 6417 6432
f 6290 6325 6328
f 6666 6557 6556
f 6557 6666 3805
f 5971 6667 6668
f 6181 6669 6670
f 6671 6672 6673
f 6676 6673 6672
f 6675 6150 6149
f 6067 6066 5999
f 6677 6678 6679
f 6681 6682 6683
f 6087 6322 6090
f 5983 5982 6685
f 5982 6094 6687
f 6094 6093 6688
f 6211 6200 6137
f 6689 6690 6691
f 6690 6689 3833
f 6001 5983 6686
f 5978 6693 6215
f 6694 6693 5978
f 5974 6694 6095
f 6183 6182 6696
f 6698 5959 5961
f 5959 6698 6699
f 6697 6696 6700
f 6702 6629 6703
f 5968 6668 6705
f 6706 5977 5955
f 6707 6618 6617
f 6024 6051 6709
f 6402 6403 6559
f 3852 6711 6712
f 3856 6594 6593
f 5977 6706 6694
f 6713 5955 5977
f 6714 6715 6716
f 6718 6719 6308
f 6720 6255 6254
f 6722 6723 6724
f 6312 6311 6726
f 6069 6590 6728
f 6319 6594 6730
f 6731 6645 6644
f 6732 6733 6734
f 6046 6053 6320
f 3880 3805 6666
f 6736 6737 6738
f 6531 6740 6741
f 6300 6356 6614
f 6742 6532 6325
f 6743 6742 3891
f 6744 6302 6301
f 6746 6747 6534
f 6536 6576 6579
f 6535 6579 6563
f 6566 6538 6537
f 6538 6566 6409
f 6412 6540 6539
f 6412 6748 6541
f 6748 6749 6542
f 6749 6569 6545
f 6568 6750 6547
f 6751 6752 6548
f 6753 6754 6550
f 6755 6756 6757
f 6759 6760 6761
f 6763 6764 6765
f 6764 6620 6623
f 6766 6767 6768
f 6770 6771 6772
f 6774 6775 6776
f 6021 6774 6777
f 6723 6778 6779
f 6780 6781 6782
f 6784 6785 6786
f 6788 6789 6790
f 6185 6792 6793
f 6794 6722 6725
f 6729 6796 6098
f 6135 6797 6798
f 6799 6062 6065
f 6037 6801 6802
f 6005 6004 6588
f 6005 6803 6804
f 6052 6055 6010
f 6586 6582 6803
f 6092 5985 5987
f 6094 5982 5985
f 6096 6806 6695
f 6082 6062 6799
f 6657 6013 6041
f 6013 6657 6658
f 6795 6725 6807
f 6809 6810 6811
f 6813 6814 6815
f 6817 6818 6819
f 6821 6822 6823
f 6329 6209 6204
f 6202 6825 6826
f 6072 6099 6827
f 6598 6829 6305
f 6301 6300 6613
f 6830 6831 6271
f 6822 6779 6778
f 6326 6741 6832
f 6203 6826 6833
f 6027 6048 6051
f 6360 6834 6835
f 6836 6837 6838
f 6837 6840 6841
f 6362 6365 6366
f 6380 6385 6384
f 6421 6564 6578
f 6566 6565 6410
f 6394 6389 6388
f 6414 6422 6368
f 6371 6374 6416
f 6561 6560 6378
f 6382 6381 6562
f 6381 6384 6418
f 6389 6394 6430
f 6391 6388 6454
f 6441 6454 6453
f 6456 6453 6473
f 6495 6494 6750
f 6843 6575 6485
f 6844 6845 6843
f 6573 6845 6847
f 6849 6491 6487
f 6513 6753 6752
f 6517 6521 6850
f 6521 6520 6851
f 6844 6851 6852
f 6505 6504 6510
f 6753 6513 6512
f 6516 6522 6521
f 6614 6740 6854
f 6742 6262 4003
f 6708 6617 6855
f 6307 6306 6857
f 6307 6664 6665
f 6414 6413 6425
f 6416 6415 6427
f 6562 6418 6431
f 6419 6537 6538
f 6358 6836 6839
f 6059 6058 6859
f 6861 6862 6863
f 6865 6866 6867
f 6115 6025 6869
f 6871 6872 6873
f 6721 6254 6596
f 6876 6610 6556
f 6877 6663 6552
f 6551 6878 6268
f 6879 6855 6265
f 6239 6618 6651
f 6230 6263 6619
f 6171 6670 6669
f 6106 6109 6882
f 6883 6884 6822
f 6759 6184 6187
f 6725 6724 6785
f 6885 6795 6808
f 6886 6887 6888
f 6701 6700 6756
f 6884 6786 6779
f 6715 6714 6309
f 6889 6259 6890
f 6743 3890 4042
f 6270 6664 6893
f 6386 6894 6895
f 6895 6348 6420
f 6897 6432 6417
f 6897 6433 6407
f 6390 6898 6899
f 6900 6899 6406
f 6455 6900 6901
f 6902 6903 6904
f 6482 6903 6905
f 6501 6906 6907
f 6496 6515 6908
f 6532 6531 6326
f 6532 6742 6743
f 6612 6910 6735
f 6611 6911 6910
f 6626 5980 5979
f 6704 6912 6105
f 6913 6590 6591
f 6915 6794 6795
f 6229 6228 4067
f 6263 6290 6289
f 6745 6301 6663
f 6916 6771 6757
f 6885 6918 6165
f 6920 6780 6783
f 6921 6922 6923
f 6925 6921 6924
f 6927 6928 6929
f 6931 6932 6933
f 6935 6936 6937
f 6939 6940 6941
f 6943 6944 6945
f 6947 6948 6949
f 6944 6943 6951
f 6953 6954 6955
f 6957 6958 6959
f 6961 6962 6929
f 6964 6965 6966
f 6968 6969 6970
f 6969 6948 6955
f 6972 6943 6946
f 6974 6975 6976
f 6978 6979 6980
f 6940 6939 6982
f 6984 6985 6986
f 6988 6989 6990
f 6992 6990 6989
f 6994 6995 6996
f 6998 6999 7000
f 7002 7003 7004
f 7006 7007 7008
f 7010 7011 7012
f 7014 7015 7016
f 7018 7019 6999
f 7020 7021 7022
f 7024 7025 7026
f 7028 7029 7030
f 7032 7033 7034
f 7003 7002 7036
f 7038 7039 7040
f 6993 6989 7030
f 7042 7043 7044
f 7046 7047 7007
f 7011 7010 7048
f 7050 7051 7052
f 7054 7015 7014
f 7015 7054 7056
f 6621 6620 7045
f 7049 7048 6775
f 7051 7050 6021
f 7055 6697 6701
f 7054 6701 6755
f 6764 6763 7047
f 7020 7058 7059
f 7060 7061 7062
f 6958 7064 7065
f 6925 7066 7067
f 7068 6931 6934
f 7069 6988 6991
f 7071 6995 7072
f 7074 7075 7076
f 7078 7079 7080
f 7014 7017 7082
f 7084 7085 7086
f 7025 7028 7031
f 7085 7084 7072
f 7089 7084 7087
f 7055 7014 7083
f 7090 7087 6770
f 7092 7093 7094
f 7091 6183 6697
f 6770 7087 7086
f 7095 7094 6767
f 7096 7061 6980
f 7098 6941 6940
f 7058 7020 7023
f 7101 6927 6930
f 6974 7060 7063
f 7103 6968 6971
f 7105 6978 6981
f 7106 7107 7036
f 7109 7048 7010
f 7111 7019 7018
f 7098 7003 7037
f 7048 7109 7112
f 7113 6993 7041
f 6994 7114 7115
f 6965 7116 6923
f 6975 6922 6945
f 7061 7096 7065
f 6954 6953 6933
f 6763 7112 7109
f 7046 7045 6620
f 6947 7117 7067
f 6758 7086 7056
f 7118 7119 7039
f 7038 7069 7070
f 7106 7120 7121
f 7123 7124 7053
f 7123 7052 7083
f 7045 7046 7006
f 7107 7106 7122
f 7091 7083 7052
f 7091 7051 6020
f 6936 7096 7097
f 7125 6957 6960
f 6774 6021 7050
f 7119 6939 6942
f 7019 7002 7005
f 7011 7053 7124
f 7021 7126 7040
f 7114 7029 7016
f 7053 7011 7049
f 7086 7085 7057
f 6993 7113 7127
f 7075 7127 7113
f 4281 4280 6603
f 6012 6333 7129
f 7130 6083 6584
f 6797 7132 7133
f 6074 7134 7135
f 6789 6760 6173
f 6760 6789 6776
f 7136 6802 6801
f 6914 6671 6674
f 7007 7110 7059
f 7099 7004 7003
f 6984 7103 7104
f 7110 7007 7047
f 6333 6583 6587
f 5956 6699 6667
f 5957 5956 5971
f 7137 6715 6308
f 4292 4293 6718
f 6693 6705 6668
f 6215 6668 6667
f 6214 6667 6699
f 6698 6197 6212
f 6219 6207 6198
f 6207 6219 6220
f 6220 6221 6609
f 6262 6229 4066
f 7138 7139 7140
f 4298 7142 7140
f 7143 7144 7145
f 7147 7148 7144
f 7149 7150 7151
f 7150 7152 7153
f 6329 6261 7154
f 6261 6260 7155
f 7156 6829 7157
f 6598 6597 7159
f 6257 6256 7161
f 6256 4322 4321
f 6693 6694 6706
f 5954 5969 6705
f 5953 5966 5969
f 7163 5984 5983
f 7164 7165 6138
f 7167 7168 7169
f 6141 7171 7172
f 7166 7171 7173
f 6141 6140 7174
f 7176 7177 7178
f 7180 7181 7182
f 7184 7185 7186
f 6631 7180 7183
f 6218 6198 6197
f 6625 6641 7189
f 6814 6813 7190
f 6882 7192 7193
f 7195 7196 6109
f 6888 7197 7198
f 7200 7201 7202
f 7176 6627 6630
f 6029 7184 7187
f 7205 7206 7207
f 7209 7210 7211
f 7203 7202 7213
f 6886 7215 6778
f 6031 6030 7215
f 7216 7217 7218
f 7220 7221 6880
f 6076 6075 7220
f 6074 6077 6672
f 6147 6150 6662
f 7223 6662 6111
f 6810 6809 6113
f 6920 7134 6914
f 6077 6660 6675
f 6660 6077 6076
f 7222 7220 6669
f 7224 7222 6181
f 6660 6662 6150
f 7225 7226 6794
f 6783 6782 7225
f 6781 6780 6068
f 7217 7227 7228
f 6031 6888 7199
f 6887 6886 6723
f 6164 7225 6915
f 6780 6920 6591
f 7134 6074 6671
f 7229 7230 6824
f 7187 7186 7230
f 7226 6887 6722
f 7231 7232 6169
f 7201 7231 7233
f 6107 7234 7235
f 7215 7229 6823
f 6030 7187 7229
f 7236 7216 7219
f 7237 7238 6820
f 7237 7208 7207
f 7239 7240 7241
f 6739 7243 7244
f 7245 7239 7242
f 7233 6169 6168
f 7247 7213 7202
f 7195 6108 7203
f 7248 7249 7250
f 7227 7251 7252
f 7253 6067 5998
f 6067 7253 7198
f 6781 7198 7197
f 5984 7163 6683
f 7254 7250 6678
f 6679 7249 7252
f 6887 7226 7197
f 6782 7197 7226
f 7135 6919 6163
f 7221 7220 6075
f 6661 6076 7222
f 7224 6112 6111
f 6180 6810 6112
f 6179 6811 6810
f 6811 6179 6793
f 6650 6792 6622
f 6766 6621 7044
f 7095 7044 7043
f 7092 7043 7121
f 7078 7120 7255
f 7256 7232 7257
f 6768 6772 7259
f 6773 6767 7094
f 7090 7094 7093
f 7089 7093 7080
f 7071 7079 7032
f 7077 7018 6998
f 6995 7071 7260
f 7077 7076 7261
f 7035 7034 7018
f 7108 7019 7111
f 6978 7105 7262
f 7105 7263 7264
f 7263 6944 6952
f 6990 6992 6951
f 6972 7117 7266
f 7117 6947 6950
f 6948 6969 7267
f 6969 6968 6982
f 7103 6984 6987
f 7005 7004 6986
f 6999 7005 7268
f 7269 7270 7271
f 7274 7272 7275
f 7274 7273 7276
f 7278 7279 7280
f 7282 7283 7284
f 7286 7287 7288
f 7290 7291 7292
f 7294 7295 7296
f 7068 7297 7298
f 7300 7301 7302
f 7304 6962 7305
f 7307 7285 7305
f 7309 7284 7283
f 7311 7312 7313
f 7125 7304 7306
f 7285 7307 7280
f 7277 7281 7303
f 6965 6964 7316
f 7318 7312 7316
f 7320 7321 7271
f 7312 7318 7296
f 7270 7269 7298
f 7311 7270 7322
f 6961 6932 7300
f 7323 7324 7325
f 7327 7064 7328
f 7064 6958 7325
f 7287 7330 7292
f 6931 7068 7299
f 7331 7327 7329
f 7332 7333 7334
f 7336 7337 7338
f 7340 7341 7333
f 7342 7341 7343
f 7345 7346 7347
f 7348 7349 7350
f 7352 7353 7354
f 7356 7357 7358
f 7360 7361 7362
f 7365 7366 7367
f 7368 7369 7370
f 7372 7373 7336
f 7373 7375 7337
f 7367 7366 7376
f 7378 7379 7380
f 7382 7383 7384
f 7386 7387 7385
f 7388 7389 7390
f 7392 7334 7333
f 7394 7395 7396
f 7398 7399 7400
f 7402 7403 7404
f 7406 7407 7408
f 7410 7411 7383
f 7412 7413 7414
f 7385 7416 7417
f 7389 7418 7419
f 7373 7420 7421
f 7420 7373 7372
f 7369 7423 7424
f 7399 7398 7397
f 7393 7333 7341
f 7398 7358 7357
f 7358 7398 7401
f 7428 7429 7430
f 7433 7434 7435
f 7363 7362 7436
f 7383 7438 7439
f 7411 7440 7438
f 7441 7442 7443
f 7445 7446 7339
f 7374 7336 7339
f 7444 7365 7364
f 7448 7364 7450
f 7364 7367 7451
f 7451 7367 7377
f 7449 7450 7454
f 7455 7454 7450
f 7456 7455 7451
f 7410 7457 7458
f 7460 7461 7462
f 7423 7369 7462
f 7464 7465 7466
f 7468 7469 7347
f 7376 7366 7471
f 7425 7397 7396
f 7475 7476 7477
f 7478 7479 7480
f 7482 7483 7407
f 7484 7485 7351
f 7487 7405 7488
f 7490 7491 7492
f 7412 7415 7434
f 7494 7495 7434
f 7496 7388 7391
f 7440 7411 7498
f 7401 7400 7488
f 7485 7346 7345
f 7500 7502 7427
f 7395 7394 7469
f 7503 7504 7505
f 7507 7508 7509
f 7511 7512 7513
f 7511 7514 7515
f 7517 7518 7519
f 7521 7522 7523
f 7352 7524 7525
f 7415 7414 7527
f 7528 7529 7530
f 7404 7531 7502
f 7477 7388 7496
f 7512 7478 7481
f 7405 7404 7500
f 7533 7534 7535
f 7378 7507 7510
f 7532 7496 7379
f 7539 7540 7541
f 7524 7352 7355
f 7351 7485 7501
f 7414 7524 7523
f 7522 7543 7527
f 7544 7413 7412
f 7546 7416 7547
f 7526 7549 7353
f 7550 7521 7355
f 7521 7550 7551
f 7552 7546 7548
f 7546 7552 7553
f 7522 7521 7548
f 7418 7556 7520
f 7416 7546 7554
f 7457 7557 7558
f 7557 7559 7560
f 7562 7561 7563
f 7564 7563 7349
f 7351 7350 7565
f 7567 7568 7569
f 7570 7555 7520
f 7419 7418 7555
f 7572 7564 7348
f 7389 7476 7556
f 7573 7490 7493
f 7552 7535 7534
f 7562 7574 7536
f 7572 7575 7576
f 7422 7577 7578
f 7423 7579 7580
f 7579 7423 7463
f 7578 7574 7576
f 7583 7584 7381
f 7586 7579 7581
f 7533 7580 7579
f 7447 7339 7338
f 7588 7502 7531
f 7590 7428 7431
f 7321 7320 7592
f 7275 7581 7463
f 7461 7278 7276
f 7279 7278 7461
f 7453 7454 7593
f 7594 7593 7454
f 7330 7287 7498
f 7459 7458 7294
f 7558 7560 7595
f 7560 7592 7320
f 7275 7321 7585
f 7462 7276 7273
f 7596 7583 7380
f 7597 7598 7406
f 7467 7466 7599
f 7601 7602 7603
f 7605 7365 7444
f 7365 7605 7606
f 7607 7495 7494
f 7513 7481 7473
f 7396 7395 7514
f 7514 7395 7468
f 7470 7609 7515
f 7610 7611 7609
f 7612 7556 7476
f 7613 7530 7529
f 7442 7441 7615
f 7574 7578 7577
f 7619 7400 7399
f 7518 7479 7509
f 7491 7399 7425
f 7549 7620 7621
f 7491 7490 7622
f 7377 7438 7440
f 7379 7496 7497
f 7453 7461 7460
f 7411 7410 7459
f 7623 7624 7391
f 7625 7611 7610
f 7487 7407 7483
f 7619 7622 7408
f 7627 7628 7620
f 7538 7379 7378
f 7389 7388 7477
f 7629 7545 7412
f 7489 7408 7407
f 7628 7627 7598
f 7413 7525 7524
f 7592 7560 7559
f 7584 7631 7632
f 7569 7568 7633
f 7570 7508 7566
f 7631 7567 7566
f 7508 7570 7519
f 7614 7573 7480
f 7346 7610 7470
f 7572 7574 7562
f 7571 7633 7634
f 7346 7485 7484
f 7607 7591 7431
f 7585 7592 7630
f 7624 7596 7497
f 7635 7386 7384
f 7636 7427 7502
f 7323 7309 7310
f 7420 7578 7582
f 7637 7594 7455
f 7287 7286 7499
f 7458 7558 7295
f 7439 7376 7472
f 7599 7601 7604
f 7359 7358 7427
f 7436 7638 7639
f 7490 7573 7640
f 7481 7480 7493
f 7641 7506 7505
f 7642 7643 7627
f 7492 7425 7473
f 7517 7612 7625
f 7625 7484 7486
f 7634 7623 7390
f 7474 7477 7532
f 7448 7368 7441
f 7368 7448 7449
f 7615 7441 7368
f 7638 7603 7602
f 7575 7572 7501
f 7571 7555 7570
f 7400 7619 7489
f 7508 7507 7632
f 7503 7506 7540
f 6957 7125 7315
f 7376 7439 7438
f 7507 7378 7381
f 7499 7456 7452
f 7286 7637 7456
f 7504 7642 7644
f 7645 7598 7627
f 7647 7634 7633
f 7647 7648 7623
f 7649 7624 7623
f 7650 7596 7624
f 7646 7633 7568
f 7651 7568 7567
f 7653 7652 7567
f 7651 7654 7655
f 7656 7657 7658
f 7660 7658 7657
f 7663 7657 7656
f 7664 7665 7663
f 7667 7666 7663
f 7667 7662 7668
f 7663 7665 7661
f 7670 7671 7672
f 7661 7672 7671
f 7659 7668 7662
f 7648 7647 7668
f 7648 7659 7673
f 7659 7658 7674
f 7658 7660 7675
f 7668 7647 7646
f 7660 7671 7676
f 7675 7677 7678
f 7677 7675 7676
f 7677 7680 7681
f 7682 7683 7678
f 7677 7679 7684
f 7673 7674 7678
f 7683 7650 7649
f 7685 7676 7671
f 7667 7655 7686
f 7666 7686 7687
f 7654 7688 7686
f 7689 7687 7686
f 7664 7687 7691
f 7650 7692 7583
f 7693 7653 7631
f 7584 7583 7692
f 7693 7692 7682
f 7694 7682 7681
f 7694 7696 7653
f 7650 7683 7682
f 7696 7697 7652
f 7654 7651 7652
f 7688 7654 7697
f 7699 7698 7697
f 7700 7701 7698
f 7695 7699 7696
f 7699 7695 7702
f 7689 7688 7698
f 7689 7701 7703
f 7705 7706 7707
f 7701 7700 7705
f 7704 7703 7707
f 7685 7670 7691
f 7687 7689 7704
f 7680 7702 7695
f 7684 7706 7702
f 7702 7706 7705
f 7684 7679 7707
f 7676 7685 7707
f 7665 7669 7672
f 7670 7669 7690
f 7665 7664 7690
f 7611 7475 7474
f 7510 7509 7479
f 7511 7538 7537
f 7516 7532 7538
f 7517 7530 7613
f 7537 7510 7478
f 7611 7625 7612
f 7613 7480 7479
f 7556 7612 7517
f 7516 7515 7609
f 7708 7709 7710
f 7712 7713 7714
f 7713 7716 7717
f 7719 7720 7721
f 7722 7723 7597
f 7724 7712 7715
f 7726 7727 7728
f 7731 7640 7573
f 7730 7573 7614
f 7733 7734 7735
f 7721 7712 7724
f 7731 7722 7409
f 7708 7726 7729
f 7737 7724 7709
f 7716 7741 7736
f 7742 7743 7744
f 7740 7736 7735
f 7717 7716 7740
f 7716 7713 7720
f 7748 7749 7711
f 7750 7748 7710
f 7720 7719 7751
f 7734 7723 7728
f 7709 7724 7725
f 7752 7753 7715
f 7739 7709 7708
f 7720 7713 7712
f 7749 7754 7755
f 7745 7744 7756
f 7746 7727 7742
f 7743 7742 7755
f 7727 7746 7735
f 7747 7756 7757
f 7753 7750 7725
f 7751 7621 7620
f 7757 7752 7714
f 7718 7721 7737
f 7747 7740 7746
f 7727 7726 7755
f 7726 7708 7711
f 7759 7757 7756
f 7759 7760 7752
f 7760 7761 7753
f 7761 7762 7750
f 7758 7756 7744
f 7763 7744 7743
f 7754 7765 7764
f 7763 7766 7767
f 7768 7769 7770
f 7772 7768 7771
f 7775 7768 7772
f 7776 7777 7775
f 7779 7778 7775
f 7775 7777 7769
f 7770 7769 7781
f 7782 7774 7772
f 7760 7759 7782
f 7760 7773 7783
f 7773 7771 7784
f 7770 7785 7784
f 7779 7774 7782
f 7782 7759 7758
f 7785 7770 7780
f 7785 7787 7788
f 7787 7785 7786
f 7787 7790 7791
f 7792 7793 7788
f 7787 7789 7794
f 7793 7783 7784
f 7762 7761 7783
f 7796 7786 7780
f 7795 7780 7781
f 7779 7767 7798
f 7799 7776 7778
f 7766 7800 7798
f 7800 7801 7799
f 7802 7776 7799
f 7795 7797 7802
f 7762 7804 7748
f 7805 7765 7754
f 7749 7748 7804
f 7805 7804 7792
f 7806 7792 7791
f 7806 7808 7765
f 7793 7792 7804
f 7808 7809 7764
f 7766 7763 7764
f 7766 7809 7810
f 7811 7810 7809
f 7812 7813 7810
f 7807 7811 7808
f 7811 7807 7814
f 7813 7801 7800
f 7801 7813 7815
f 7817 7818 7819
f 7813 7812 7817
f 7816 7815 7819
f 7796 7795 7803
f 7799 7801 7816
f 7790 7814 7807
f 7794 7818 7814
f 7814 7818 7817
f 7794 7789 7819
f 7786 7796 7819
f 7777 7797 7781
f 7777 7776 7802
f 7528 7719 7718
f 7729 7728 7723
f 7738 7731 7730
f 7732 7737 7739
f 7733 7620 7628
f 7722 7731 7738
f 7621 7751 7719
f 7628 7597 7723
f 7733 7736 7741
f 7732 7614 7529
f 7486 7565 7621
f 7549 7565 7350
f 7353 7350 7349
f 7354 7349 7563
f 7821 7822 7823
f 7824 7825 7826
f 7825 7828 7829
f 7830 7831 7832
f 7834 7824 7827
f 7836 7837 7838
f 7840 7482 7406
f 7841 7406 7598
f 7843 7844 7845
f 7833 7824 7834
f 7848 7820 7836
f 7847 7834 7821
f 7828 7851 7846
f 7853 7854 7855
f 7850 7846 7845
f 7829 7828 7850
f 7828 7825 7832
f 7858 7859 7823
f 7860 7858 7822
f 7831 7861 7851
f 7844 7862 7838
f 7834 7835 7822
f 7863 7864 7827
f 7849 7821 7820
f 7825 7824 7833
f 7859 7865 7866
f 7855 7854 7867
f 7837 7852 7855
f 7865 7853 7852
f 7837 7856 7845
f 7857 7867 7868
f 7864 7860 7835
f 7843 7861 7642
f 7868 7863 7826
f 7830 7833 7847
f 7857 7850 7856
f 7837 7836 7866
f 7836 7820 7823
f 7870 7868 7867
f 7870 7871 7863
f 7871 7872 7864
f 7872 7873 7860
f 7869 7867 7854
f 7874 7854 7853
f 7876 7875 7853
f 7874 7877 7878
f 7879 7880 7881
f 7883 7879 7882
f 7886 7879 7883
f 7887 7888 7886
f 7890 7889 7886
f 7886 7888 7880
f 7891 7881 7880
f 7884 7893 7885
f 7871 7870 7893
f 7871 7884 7894
f 7884 7882 7895
f 7882 7881 7896
f 7890 7885 7893
f 7893 7870 7869
f 7881 7891 7897
f 7898 7899 7895
f 7900 7898 7896
f 7901 7902 7899
f 7904 7899 7902
f 7898 7900 7905
f 7894 7895 7899
f 7904 7873 7872
f 7907 7897 7891
f 7906 7891 7892
f 7890 7878 7909
f 7910 7887 7889
f 7877 7911 7909
f 7912 7910 7909
f 7887 7910 7914
f 7906 7908 7913
f 7873 7915 7858
f 7916 7876 7865
f 7859 7858 7915
f 7916 7915 7903
f 7917 7903 7902
f 7917 7919 7876
f 7873 7904 7903
f 7919 7920 7875
f 7877 7874 7875
f 7911 7877 7920
f 7922 7921 7920
f 7923 7924 7921
f 7918 7922 7919
f 7922 7918 7925
f 7924 7912 7911
f 7912 7924 7926
f 7928 7929 7930
f 7924 7923 7928
f 7927 7926 7930
f 7907 7906 7914
f 7910 7912 7927
f 7901 7925 7918
f 7905 7929 7925
f 7925 7929 7928
f 7905 7900 7930
f 7897 7907 7930
f 7888 7908 7892
f 7888 7887 7913
f 7645 7643 7831
f 7839 7838 7862
f 7841 7849 7848
f 7842 7847 7849
f 7504 7503 7844
f 7839 7931 7840
f 7643 7642 7861
f 7503 7539 7862
f 7846 7851 7861
f 7842 7598 7645
f 7932 7933 7934
f 7936 7937 7938
f 7937 7940 7941
f 7942 7943 7944
f 7947 7948 7949
f 7950 7936 7939
f 7953 7954 7955
f 7956 7957 7958
f 7956 7959 7540
f 7962 7963 7964
f 7936 7950 7965
f 7946 7949 7958
f 7966 7932 7952
f 7965 7950 7933
f 7968 7940 7969
f 7970 7971 7972
f 7974 7968 7964
f 7941 7940 7968
f 7940 7937 7944
f 7976 7977 7935
f 7978 7976 7934
f 7943 7979 7969
f 7947 7954 7963
f 7933 7950 7951
f 7980 7981 7939
f 7967 7933 7932
f 7937 7936 7945
f 7977 7982 7983
f 7973 7972 7984
f 7953 7970 7973
f 7982 7971 7970
f 7974 7963 7954
f 7975 7984 7985
f 7981 7978 7951
f 7961 7979 7544
f 7985 7980 7938
f 7942 7945 7965
f 7975 7968 7974
f 7952 7983 7970
f 7952 7932 7935
f 7987 7985 7984
f 7987 7988 7980
f 7988 7989 7981
f 7989 7990 7978
f 7986 7984 7972
f 7991 7972 7971
f 7993 7992 7971
f 7986 7991 7994
f 7997 7998 7999
f 8000 7996 7999
f 8003 7996 8000
f 8005 8003 8006
f 8007 8006 8003
f 7996 8003 8005
f 7998 7997 8009
f 8010 8002 8000
f 7988 7987 8010
f 7988 8001 8011
f 8011 8001 7999
f 7998 8013 8012
f 8007 8002 8010
f 8010 7987 7986
f 8013 7998 8008
f 8015 8016 8012
f 8017 8015 8013
f 8018 8019 8016
f 8021 8016 8019
f 8015 8017 8022
f 8011 8012 8016
f 8021 7990 7989
f 8023 8024 8014
f 8023 8008 8009
f 8007 7995 8026
f 8026 8027 8004
f 8028 8026 7995
f 8029 8027 8026
f 8030 8004 8027
f 8023 8025 8030
f 7990 8032 7976
f 8033 7993 7982
f 7976 8032 8033
f 8034 8033 8032
f 8035 8034 8020
f 8034 8036 7993
f 7990 8021 8020
f 8036 8037 7992
f 7991 7992 8037
f 7994 8037 8038
f 8039 8038 8037
f 8040 8041 8038
f 8035 8039 8036
f 8039 8035 8042
f 8041 8029 8028
f 8029 8041 8043
f 8045 8046 8047
f 8041 8040 8045
f 8044 8043 8047
f 8024 8023 8031
f 8027 8029 8044
f 8042 8035 8019
f 8022 8046 8042
f 8042 8046 8045
f 8017 8047 8046
f 8014 8024 8047
f 8005 8025 8009
f 8005 8004 8030
f 7506 7641 7943
f 7954 7947 7946
f 7967 7966 7957
f 7960 7965 7967
f 7948 7947 7962
f 7955 7946 7957
f 7641 7544 7979
f 7969 7979 7961
f 7960 7540 7506
f 7362 8049 8050
f 8052 7618 7464
f 8051 7464 7467
f 8054 8055 7600
f 8056 7361 7618
f 7436 8050 8057
f 8049 7362 7361
f 8057 8058 7603
f 8055 8053 7467
f 8058 8054 7604
f 8059 8060 8058
f 8060 8061 8054
f 8061 8062 8055
f 8062 8063 8053
f 8059 8057 8050
f 8064 8050 8049
f 8056 8066 8065
f 8059 8064 8067
f 8069 8070 8071
f 8073 8069 8072
f 8075 8069 8073
f 8077 8078 8075
f 8075 8079 8070
f 8079 8080 8081
f 8082 8071 8070
f 8083 8076 8073
f 8061 8060 8083
f 8061 8074 8084
f 8074 8072 8085
f 8072 8071 8086
f 8077 8076 8083
f 8083 8060 8059
f 8071 8082 8087
f 8088 8089 8085
f 8090 8088 8086
f 8091 8092 8089
f 8094 8089 8092
f 8088 8090 8095
f 8084 8085 8089
f 8094 8063 8062
f 8097 8087 8082
f 8096 8082 8081
f 8077 8068 8098
f 8099 8100 8078
f 8101 8098 8068
f 8102 8099 8098
f 8100 8099 8104
f 8096 8080 8103
f 8075 8078 8100
f 8079 8100 8103
f 8105 8051 8053
f 8066 8056 8052
f 8051 8105 8106
f 8107 8106 8105
f 8108 8107 8093
f 8107 8109 8066
f 8063 8094 8093
f 8109 8110 8065
f 8064 8065 8110
f 8067 8110 8111
f 8112 8111 8110
f 8113 8114 8111
f 8108 8112 8109
f 8112 8108 8115
f 8114 8102 8101
f 8102 8114 8116
f 8118 8119 8120
f 8114 8113 8118
f 8117 8116 8120
f 8097 8096 8104
f 8099 8102 8117
f 8091 8115 8108
f 8095 8119 8115
f 8115 8119 8118
f 8095 8090 8120
f 8087 8097 8120
f 7550 7563 7561
f 7552 7551 7561
f 7931 7862 7539
f 7640 7409 7408
f 7549 7526 7644
f 7525 7413 7544
f 7931 7542 7482
f 7483 7482 7542
f 7626 7402 7405
f 7629 7433 7432
f 7629 8121 7949
f 8122 7958 7949
f 8123 8122 8121
f 8124 8123 7432
f 7434 7495 8125
f 8125 7430 8124
f 8124 7430 7429
f 8123 8124 8126
f 8122 8123 8127
f 7541 7540 7959
f 7404 7403 8129
f 8125 7495 7431
f 7526 7525 7505
f 7626 7483 7541
f 7959 7958 8122
f 7961 7545 8048
f 7629 7948 8048
f 8127 7402 7626
f 7402 8127 8126
f 8129 7403 8126
f 7428 7531 8129
f 7589 7531 7428
f 7334 7392 7426
f 7335 7334 7357
f 7616 7615 7446
f 7392 7397 7398
f 7393 7394 7397
f 7342 7469 7394
f 7344 7347 7469
f 7343 7618 7361
f 7360 7345 7344
f 7363 7575 7345
f 7437 7576 7575
f 7582 7576 7437
f 7421 7582 7639
f 7375 7421 7602
f 7599 7337 7375
f 7465 7464 7618
f 7332 7447 7587
f 7447 7332 7335
f 7445 7335 7356
f 7359 7442 7616
f 7636 7443 7442
f 7588 7605 7443
f 7589 7606 7605
f 7590 7471 7606
f 7471 7590 7591
f 7446 7615 7371
f 7371 7370 7372
f 7422 7372 7370
f 7577 7422 7424
f 7536 7577 7580
f 7591 7607 7635
f 7607 7608 7386
f 7543 7608 7494
f 7547 7387 7543
f 7608 7543 7387
f 7387 7547 7416
f 7457 7410 7382
f 7557 7457 7417
f 7559 7557 7554
f 7630 7559 7553
f 7534 7533 7586
f 7466 7338 7337
f 7465 7587 7338
f 7617 7340 7587
f 7341 7340 7617
f 8130 6091 6090
f 6023 6022 8132
f 6182 6023 8133
f 6623 6622 6792
f 6787 6696 6182
f 8134 6700 6696
f 6917 6757 6756
f 6762 6761 7112
f 6762 6765 6184
f 6765 6623 6185
f 6650 6769 6768
f 6772 6771 6916
f 6777 6776 6789
f 6022 6777 6788
f 6756 6700 8134
f 6758 6757 6771
f 6761 6776 6775
f 6769 6622 6621
f 6772 6768 6767
f 6174 6173 6760
f 6187 6186 6178
f 6811 6649 6648
f 6786 6785 6724
f 6791 6790 6918
f 6186 6793 6179
f 6808 6807 8133
f 6884 6883 8135
f 6174 6187 6670
f 6807 6785 6784
f 6791 6808 8132
f 6786 6884 8134
f 6790 6173 6172
f 6649 6793 6792
f 6316 6315 8136
f 8137 6655 6654
f 8139 8140 6601
f 6656 6655 6580
f 6868 8141 8142
f 6316 6712 6711
f 6864 8143 8144
f 6864 6863 8145
f 6868 6867 6869
f 6656 6867 6866
f 8146 8147 8148
f 8139 8150 8151
f 8152 8153 6866
f 8154 8155 8138
f 6874 6873 8156
f 8158 6318 8159
f 8160 8152 6865
f 8161 6317 6313
f 6161 6600 8162
f 8164 8154 6654
f 8153 8164 6653
f 8165 8166 8167
f 8166 5989 8169
f 5989 5988 8170
f 5988 6017 8171
f 8172 8173 6043
f 8174 8175 6032
f 8174 6035 6098
f 8176 6098 6796
f 8177 6796 8178
f 7132 8178 6728
f 6589 6588 8180
f 8180 6588 6004
f 8181 6004 6007
f 6334 6079 6731
f 6079 6078 6645
f 6078 6085 6646
f 6085 8183 8184
f 6091 8130 8185
f 6086 6730 8183
f 6950 6949 7118
f 6952 6951 6992
f 6983 6982 6968
f 6987 6986 7004
f 7001 7000 6979
f 7001 7262 7074
f 7262 7264 7075
f 7264 6952 7127
f 7265 6951 6943
f 7265 7266 6991
f 7266 6950 7070
f 6949 7267 7119
f 7267 6982 6939
f 6983 6987 7099
f 7268 6986 6985
f 7000 7268 8186
f 6938 6937 6985
f 6946 6945 6922
f 6956 6955 6948
f 6971 6970 6928
f 6970 6955 6954
f 6973 6946 6921
f 6977 6976 7263
f 6981 6980 7061
f 6973 7067 7117
f 7097 6980 6979
f 7104 6971 6927
f 6977 6981 7060
f 6976 6945 6944
f 6956 7067 7066
f 6937 7097 8186
f 6938 7104 7101
f 6924 6923 7116
f 6926 6924 7297
f 6930 6929 6962
f 6934 6933 6953
f 6960 6959 6936
f 6963 6929 6928
f 6967 6966 6975
f 7063 7062 7327
f 6959 7065 7096
f 6926 6934 7066
f 7102 6930 7304
f 6967 7063 7331
f 6966 6923 6922
f 7062 7065 7064
f 6963 6933 6932
f 7102 6960 6935
f 7299 7298 7269
f 7301 7300 6932
f 7306 7305 7285
f 7308 7305 6962
f 7315 7306 7284
f 7317 7316 7312
f 7319 7316 6964
f 7322 7298 7297
f 7317 7322 7116
f 7308 7300 7303
f 7326 7325 6958
f 7329 7328 7291
f 7328 7325 7324
f 7301 7299 8187
f 7319 7329 7290
f 7326 7315 7309
f 7272 7271 7321
f 7272 7274 8187
f 7274 7277 7302
f 7281 7280 7307
f 7283 7282 7593
f 7289 7288 7324
f 7293 7292 7330
f 7293 7296 7318
f 7310 7283 7594
f 7314 7313 7595
f 7282 7280 7279
f 7278 7281 7277
f 7314 7271 7270
f 7313 7296 7295
f 7288 7292 7291
f 7289 7310 7637
f 6003 6002 6626
f 6003 6138 7165
f 6690 8188 8189
f 6686 6685 5981
f 6685 6687 6096
f 6687 6688 6806
f 6002 6686 5980
f 6606 8188 5351
f 7164 7173 8190
f 8192 7175 7174
f 6015 6014 8153
f 6189 6188 8155
f 8157 8156 6284
f 6332 6015 8152
f 6593 6592 6317
f 6658 6189 8154
f 6014 6658 8164
f 6332 8194 7131
f 6805 8159 6321
f 6146 8163 8162
f 6607 7128 8195
f 8196 6126 6125
f 8198 7169 7168
f 8199 7168 6633
f 7177 6632 8201
f 8202 8203 8204
f 7208 7186 7185
f 7237 7230 7186
f 6819 6824 7230
f 6818 6821 6824
f 8206 6883 6821
f 8207 6917 8135
f 6917 8207 8209
f 8209 8210 7259
f 8210 8211 6647
f 6812 6648 8212
f 6809 6812 7258
f 6809 7257 8213
f 6113 8213 8214
f 7235 7223 6110
f 7223 7235 7234
f 6147 7234 8215
f 6148 8215 8216
f 8218 6155 6158
f 8219 6285 6116
f 6284 6188 6116
f 6188 6284 8156
f 8155 8156 6873
f 8138 6873 6872
f 8137 6872 8148
f 6193 8147 6281
f 6190 6281 6278
f 8220 8221 8222
f 8224 8225 7139
f 6223 6222 8226
f 6237 6236 8228
f 6238 6223 8227
f 6249 6248 8231
f 6253 6252 8233
f 6236 6279 8221
f 6331 6238 8230
f 6252 6595 8236
f 6222 6237 8229
f 6828 6827 8237
f 6280 8239 8240
f 8208 8135 6883
f 6648 6647 8211
f 6143 6624 8242
f 6624 7189 8244
f 8245 8246 8247
f 8249 8250 8251
f 7195 8253 8254
f 7214 8255 8253
f 8256 8255 7214
f 7243 7211 8257
f 7210 8258 8257
f 8259 7181 6102
f 8261 6122 6121
f 8178 7132 8263
f 7132 6797 8264
f 6797 6135 8265
f 6135 6134 8266
f 6134 6151 8267
f 6151 6154 8268
f 6154 8269 8270
f 8269 8271 8272
f 7194 7193 8273
f 7193 8250 8275
f 8249 8259 8260
f 8248 8277 8278
f 6129 6128 8279
f 7169 8198 8197
f 8198 8190 8192
f 7171 6141 7175
f 6589 6801 7129
f 6801 6037 6040
f 6037 6036 6041
f 6036 6131 6659
f 6131 6156 6118
f 6156 6155 6119
f 8218 8219 6119
f 8219 8218 6815
f 7191 7189 6641
f 8246 8244 7189
f 8245 8278 8281
f 8280 8279 6288
f 6125 6124 7170
f 6288 6127 6602
f 6126 8196 6604
f 8196 8193 6605
f 7174 6140 6691
f 6691 6140 6139
f 7171 7166 8283
f 7172 8283 8284
f 6139 6142 8284
f 8285 8286 8287
f 8211 8210 8289
f 8290 8291 8292
f 8293 8294 8291
f 8293 8207 8208
f 8296 8297 8298
f 6818 6817 8296
f 8285 7256 7258
f 7243 8299 7212
f 7243 6739 8300
f 8301 8300 6739
f 8302 8256 7213
f 8303 8302 7247
f 8304 8303 6168
f 6738 8298 8297
f 8288 8287 6167
f 8304 8292 8291
f 8305 8291 8294
f 6737 6736 8306
f 6736 7244 8307
f 8243 8242 8308
f 8242 8244 8282
f 8247 8246 7191
f 7196 8254 8251
f 8253 8310 8311
f 8255 8312 8310
f 8313 8312 8255
f 7244 8257 8313
f 8313 8257 8258
f 8312 8258 8314
f 8315 8311 8310
f 8311 8315 8316
f 8282 8281 8317
f 8308 8317 8261
f 8309 8261 8262
f 8248 8247 8275
f 8282 8244 8246
f 8307 8313 8256
f 8306 8307 8302
f 8305 8306 8303
f 8298 6738 6737
f 8287 8292 8304
f 7253 8319 7199
f 8319 8320 6028
f 8320 8321 6029
f 8321 8322 7184
f 8322 8203 7185
f 8203 8202 7205
f 8202 7240 7206
f 7239 7245 7210
f 7251 7227 8319
f 7227 7217 8320
f 7217 7216 8321
f 7216 7236 8322
f 7236 8204 8203
f 6175 8199 8200
f 7165 7164 8191
f 6137 8283 7166
f 6200 6199 8283
f 6199 6206 8284
f 8284 6206 6205
f 6205 6608 6689
f 6689 6608 5485
f 7009 7008 8323
f 7013 7012 7021
f 7017 7016 7029
f 7013 7059 7110
f 7073 7072 7084
f 7081 7080 7093
f 7082 7017 7028
f 7088 7072 6995
f 7088 7115 7057
f 7122 7121 7043
f 7124 7123 7024
f 7082 7025 7024
f 7009 7122 7042
f 7012 7124 7126
f 7115 7016 7015
f 7008 7059 7058
f 7081 7121 7120
f 7073 7080 7079
f 6997 6996 7076
f 7023 7022 6942
f 7027 7026 7069
f 7031 7030 6989
f 7079 7078 7033
f 7037 7036 7107
f 7027 7040 7126
f 7041 7030 7029
f 7026 7031 6988
f 7100 7023 6941
f 7108 7036 7002
f 7100 7037 8323
f 6997 7041 7114
f 7022 7040 7039
f 7111 7034 7033
f 7035 7261 7260
f 7261 7076 6996
f 7108 7255 7120
f 7245 8314 8258
f 7246 8315 8314
f 7181 8259 8316
f 8277 6101 6129
f 8278 6129 8280
f 6287 8317 8281
f 6122 8261 8317
f 5487 6145 6144
f 5489 6159 6162
f 6637 8324 8325
f 8326 8325 8225
f 5494 7139 8225
f 6160 6159 8150
f 5496 8324 8151
f 8163 8327 6162
f 6146 6145 8327
f 8243 8328 6144
f 8328 8243 8309
f 8318 8262 5501
f 8262 6121 5502
f 8329 8330 8331
f 8333 8334 8335
f 8338 8182 6007
f 8329 8334 8339
f 8341 6334 6734
f 6006 8342 8337
f 8342 6006 6804
f 6065 6064 8339
f 5995 5994 8341
f 6918 6172 6166
f 7221 6163 6166
f 6172 6171 6880
f 8344 5952 5955
f 5519 5976 5975
f 6806 8345 8346
f 6646 8184 8347
f 8165 8348 8349
f 6322 8350 8131
f 8345 6806 6688
f 6695 8346 5975
f 5976 5519 5528
f 5529 8130 8131
f 6643 8347 8352
f 8183 5533 5532
f 5534 8185 8130
f 6730 5535 5533
f 8351 6688 6093
f 5535 6730 6594
f 8353 8354 6652
f 8354 8353 8355
f 8357 8358 6825
f 8359 8357 6202
f 6224 8354 8356
f 6275 8361 8362
f 6201 6210 7143
f 7146 8363 8359
f 8357 8359 8363
f 8355 8365 8366
f 8361 8360 8368
f 8356 8355 8367
f 8370 8371 8372
f 8220 8373 7145
f 6275 6274 6228
f 5558 4067 6228
f 8375 8369 8367
f 8362 8368 8376
f 8378 8379 8380
f 8363 7146 8382
f 8384 8378 8381
f 8382 8373 8386
f 8383 8387 8364
f 6226 6225 6231
f 6231 6225 8361
f 6636 8388 8389
f 6635 8390 8388
f 8390 6635 5576
f 8379 8378 6232
f 8378 8384 6233
f 8384 8391 8371
f 8372 8392 8393
f 7138 8240 8239
f 8224 8239 8394
f 8146 6638 8394
f 6638 6637 8326
f 6340 6339 6299
f 6747 6338 6577
f 6344 6343 6346
f 6342 6341 6355
f 6353 6352 6349
f 6337 6351 6369
f 6360 6359 6328
f 6358 6357 6386
f 6364 6363 6293
f 6362 6361 6376
f 6366 6353 6297
f 6350 6365 6372
f 6533 6342 6303
f 6534 6536 6346
f 6744 6746 6533
f 6536 6534 6747
f 6357 6835 6894
f 6341 6834 6832
f 6839 6838 6292
f 6837 6836 6380
f 6838 6841 6354
f 6361 6840 6377
f 6363 6366 6296
f 6365 6362 6373
f 6359 6839 6291
f 6836 6358 6385
f 6481 6480 6902
f 6484 6483 6501
f 6477 6488 6487
f 6849 6467 6492
f 6494 6492 6467
f 6547 6481 6544
f 6750 6751 6546
f 6494 6466 6751
f 6843 6484 6500
f 6845 6573 6575
f 6489 6488 6847
f 6474 6487 6491
f 6483 6905 6906
f 6493 6463 6465
f 6471 6470 6544
f 6472 6482 6485
f 6476 6475 6461
f 6470 6451 6542
f 6570 6567 6569
f 6495 6567 6463
f 6475 6465 6462
f 6572 6848 6477
f 6574 6571 6457
f 6569 6568 6543
f 6575 6574 6473
f 6471 6904 6901
f 6469 6468 6508
f 6498 6497 6479
f 6503 6502 6518
f 6489 6506 6505
f 6467 6849 6509
f 6546 6548 6498
f 6549 6548 6752
f 6752 6751 6466
f 6503 6850 6846
f 6850 6851 6844
f 6507 6506 6852
f 6486 6505 6509
f 6502 6907 6909
f 6858 6893 6664
f 8396 8397 6611
f 6833 8398 6324
f 8399 6826 6825
f 6831 6830 8401
f 6707 6833 6826
f 8398 8403 6890
f 6858 6857 8404
f 8405 8396 6610
f 6830 6893 6553
f 8397 6892 6911
f 8400 6825 8358
f 8358 8357 8364
f 8406 8364 8387
f 8389 8408 8380
f 8389 8388 8409
f 8388 8390 8410
f 5575 5597 8410
f 6665 6273 8411
f 8412 8413 6720
f 8413 5602 5601
f 8411 8414 8413
f 6262 6742 6290
f 5602 8413 8414
f 7141 7140 7142
f 8393 8222 8241
f 8227 8226 7147
f 8229 8228 8374
f 8230 8227 7151
f 8232 8231 8415
f 8234 8233 8417
f 8221 8220 8374
f 8235 8230 7153
f 8233 8236 8420
f 8226 8229 7148
f 8238 8237 8421
f 7141 8393 8240
f 6581 6580 6655
f 6640 6639 8140
f 6710 6709 8141
f 6717 6716 6712
f 6860 6859 8143
f 6870 6869 6867
f 6717 8136 6726
f 6870 6580 6192
f 6860 8145 6050
f 6710 6869 6025
f 6639 8149 6871
f 6640 8151 8324
f 6581 8148 8147
f 5615 5614 6234
f 7144 7148 8374
f 7144 7143 6210
f 7150 7149 6210
f 7152 7150 6209
f 7152 7154 8419
f 7154 7155 8421
f 7158 7157 8415
f 7160 7159 8420
f 7162 7161 8418
f 7161 4321 5616
f 8370 6234 6233
f 8373 8382 7146
f 8392 8391 8386
f 8391 8392 8372
f 5617 8344 6713
f 5973 5618 3355
f 8345 5620 5619
f 3880 6735 6910
f 8351 5622 5620
f 8346 5619 5520
f 5621 6910 6911
f 5622 8351 8185
f 8150 5624 5497
f 8423 8424 8425
f 8427 6516 6519
f 8429 8430 8431
f 6523 8432 8433
f 8434 8435 8436
f 8438 8435 8434
f 8438 8440 6511
f 8441 8442 8424
f 8427 8443 8430
f 8444 8428 8445
f 8447 8425 8424
f 8449 8443 8444
f 8451 8431 8430
f 8453 8437 8454
f 8456 8434 8437
f 8439 8434 8456
f 8448 8424 8442
f 8452 8430 8443
f 8425 8447 8459
f 8460 8461 8462
f 8464 8465 8466
f 8468 8469 8470
f 8472 8473 8474
f 8476 8477 8478
f 8480 8481 8482
f 8484 8485 8486
f 8485 8488 8489
f 8490 8491 8481
f 8492 8493 8494
f 8495 8494 8496
f 8498 8499 8500
f 8502 8501 8500
f 8504 8505 8506
f 8508 8509 8510
f 8513 8508 8511
f 8507 8506 8514
f 8516 8517 8518
f 8520 8517 8516
f 8522 8523 8524
f 8526 8527 8522
f 8528 8529 8530
f 8532 8530 8529
f 8534 8535 8536
f 8538 8539 8534
f 8464 8482 8481
f 8483 8540 8541
f 8542 8485 8484
f 8487 8543 8540
f 8488 8485 8542
f 8545 8546 8486
f 8481 8491 8466
f 8547 8545 8489
f 8548 8494 8493
f 8549 8550 8502
f 8551 8496 8494
f 8497 8541 8552
f 8469 8500 8499
f 8547 8541 8497
f 8469 8468 8503
f 8501 8502 8550
f 8460 8504 8507
f 8552 8553 8506
f 8554 8511 8510
f 8549 8552 8505
f 8554 8555 8512
f 8513 8556 8550
f 8461 8507 8515
f 8557 8556 8513
f 8558 8516 8519
f 8559 8560 8527
f 8521 8516 8558
f 8553 8562 8517
f 8477 8525 8524
f 8520 8523 8557
f 8476 8526 8525
f 8527 8560 8556
f 8563 8529 8528
f 8564 8539 8531
f 8533 8529 8563
f 8562 8567 8530
f 8473 8537 8536
f 8559 8562 8532
f 8472 8538 8537
f 8560 8534 8539
f 8463 8462 8555
f 8544 8542 8467
f 8470 8551 8548
f 8475 8474 8566
f 8479 8478 8561
f 8484 8487 8483
f 8490 8489 8488
f 8503 8493 8492
f 8498 8497 8496
f 8504 8510 8509
f 8515 8514 8513
f 8519 8518 8527
f 8521 8524 8523
f 8528 8531 8539
f 8533 8536 8535
f 8467 8484 8482
f 8487 8486 8546
f 8544 8466 8491
f 8480 8541 8547
f 8493 8503 8468
f 8495 8552 8549
f 8551 8470 8499
f 8501 8545 8547
f 8460 8463 8510
f 8508 8550 8549
f 8555 8462 8515
f 8506 8553 8557
f 8519 8526 8476
f 8517 8562 8559
f 8561 8478 8524
f 8522 8556 8557
f 8475 8528 8538
f 8567 8565 8531
f 8566 8474 8536
f 8560 8559 8535
f 8442 8441 8568
f 6512 8570 8568
f 8570 8440 8571
f 8426 6515 6514
f 8428 8444 8443
f 6522 8429 8432
f 8437 8436 8433
f 6524 8436 8435
f 6528 6527 8435
f 8423 6514 6550
f 8429 6522 6516
f 6515 8426 8445
f 8441 6550 6754
f 8570 8572 8569
f 8440 8570 6512
f 8569 8573 8458
f 8574 8575 8572
f 8572 8575 8573
f 8453 8576 8577
f 8576 8453 8455
f 8452 8579 8580
f 8573 8581 8582
f 8575 8583 8581
f 8584 8583 8575
f 8571 8439 8457
f 8439 8571 8440
f 8585 8586 8587
f 8587 8589 8590
f 8589 8591 8592
f 8591 8593 8594
f 8593 8595 8596
f 8595 8597 8598
f 8599 8600 8586
f 8601 8602 8600
f 8603 8604 8602
f 8605 8606 8598
f 8607 8608 8604
f 8609 8610 8608
f 8611 8612 8610
f 8606 8605 8612
f 8613 8614 8589
f 8614 8615 8591
f 8615 8616 8593
f 8616 8617 8595
f 8617 8618 8597
f 8619 8620 8617
f 8620 8621 8618
f 8620 8622 8623
f 8624 8625 8626
f 8626 8623 8622
f 8620 8619 8628
f 8622 8628 8629
f 8627 8629 8630
f 8632 8633 8634
f 8636 8634 8633
f 8637 8638 8636
f 8639 8633 8632
f 8633 8639 8641
f 8635 8641 8642
f 8642 8643 8644
f 8645 8638 8637
f 8586 8646 8613
f 8600 8647 8646
f 8616 8615 8648
f 8615 8614 8649
f 8613 8650 8649
f 8651 8650 8613
f 8647 8652 8651
f 8652 8653 8654
f 8602 8655 8647
f 8655 8656 8652
f 8656 8657 8653
f 8653 8658 8659
f 8658 8660 8661
f 8644 8662 8663
f 8664 8661 8662
f 8661 8664 8666
f 8666 8667 8654
f 8667 8650 8651
f 8668 8605 8597
f 8669 8668 8618
f 8670 8669 8621
f 8671 8670 8623
f 8671 8626 8625
f 8625 8631 8673
f 8636 8674 8675
f 8638 8676 8674
f 8645 8677 8676
f 8645 8663 8678
f 8679 8680 8660
f 8657 8679 8658
f 8583 8584 8648
f 8650 8581 8583
f 8667 8582 8581
f 8666 8681 8582
f 8664 8682 8681
f 8682 8664 8665
f 8684 8685 8643
f 8684 8642 8641
f 8639 8580 8579
f 8580 8639 8640
f 8629 8577 8576
f 8604 8686 8655
f 8608 8687 8686
f 8610 8688 8687
f 8612 8689 8688
f 8605 8668 8689
f 8690 8689 8668
f 8691 8688 8689
f 8692 8687 8688
f 8693 8686 8687
f 8656 8655 8686
f 8694 8690 8669
f 8695 8691 8690
f 8696 8692 8691
f 8697 8693 8692
f 8657 8656 8693
f 8697 8698 8679
f 8696 8699 8698
f 8696 8695 8700
f 8694 8701 8700
f 8670 8671 8701
f 8702 8701 8671
f 8701 8702 8703
f 8703 8704 8699
f 8699 8704 8705
f 8698 8705 8680
f 8672 8673 8706
f 8675 8674 8707
f 8674 8676 8709
f 8709 8676 8677
f 8677 8678 8711
f 8712 8713 8710
f 8702 8706 8714
f 8713 8712 8714
f 8707 8709 8716
f 8717 8716 8713
f 8710 8713 8716
f 8708 8707 8717
f 8546 8601 8599
f 8546 8545 8603
f 8550 8607 8603
f 8556 8609 8607
f 8560 8611 8609
f 8564 8606 8611
f 8565 8598 8606
f 8565 8567 8596
f 8567 8562 8594
f 8562 8553 8592
f 8553 8552 8590
f 8590 8552 8541
f 8540 8585 8588
f 8543 8599 8585
f 8684 8449 8450
f 8579 8452 8449
f 8682 8447 8448
f 8447 8682 8683
f 8681 8448 8458
f 8584 8718 8619
f 8628 8718 8577
f 8457 8456 8577
f 8574 8457 8718
f 7134 6920 6919
f 6164 6163 6919
f 5485 6608 6609
f 3832 5351 8188
f 5921 6609 6221
f 5922 4281 7128
f 6439 8719 8720
f 8720 8719 6570
f 6570 8719 8721
f 6439 6447 8721
f 6727 6058 6057
f 6312 6057 6073
f 6828 6248 6073
f 6877 6268 6267
f 6745 6267 6299
f 6891 6306 6305
f 6338 6747 6746
f 6438 6411 6410
f 6412 6411 6440
f 6564 6421 6424
f 6842 6578 6577
f 6889 6305 6829
f 6579 6578 6564
f 6435 6410 6565
f 8722 6857 6306
f 8723 6859 6058
f 6269 6268 6878
f 7160 7157 6829
f 8724 8144 8143
f 8238 8231 6248
f 6339 6746 6744
f 8395 6577 6338
f 6879 6878 8404
f 8422 8415 8231
f 8725 8143 6859
f 8416 8415 7157
f 6059 6050 6049
f 6330 6099 6049
f 7156 6260 6259
f 6269 6265 6264
f 6297 6349 6264
f 6340 6352 6351
f 6368 6842 8395
f 6422 6414 6559
f 6436 6403 6404
f 6447 6439 6438
f 6424 6423 6436
f 6331 6827 6099
f 6422 6421 6842
f 8722 8403 6856
f 8141 6863 6862
f 6265 6855 6617
f 6324 6890 6259
f 7158 7155 6260
f 6709 8145 6863
f 8235 8237 6827
f 6298 6349 6352
f 6370 6369 6351
f 6891 6890 8403
f 8419 8421 8237
f 6051 6050 8145
f 8422 8421 7155
f 8721 6447 6446
f 6748 6440 8720
f 8727 6008 6011
f 8158 6009 8144
f 6009 6008 6861
f 6008 8727 6862
f 8142 6862 8727
f 6554 6553 6893
f 6833 6707 6708
f 6708 6856 8403
f 5623 6911 6892
f 8406 8366 8365
f 8407 8375 8366
f 8377 8376 8408
f 8397 8396 6530
f 6651 8399 8400
f 8402 8401 6616
f 6618 6707 8399
f 6554 8404 6878
f 8396 8405 6854
f 8401 6553 6552
f 6892 8397 6529
f 8353 8400 8365
f 8377 8409 6276
f 8409 8410 6277
f 8410 5597 5932
f 8726 8404 6857
f 8726 6856 6855
f 7234 6107 6106
f 8279 6124 6127
f 8354 6224 6227
f 6246 6245 6619
f 8239 6280 6282
f 8162 6283 6286
f 6292 6354 6246
f 6382 6378 6377
f 6392 6397 6396
f 6396 6395 6427
f 6398 6397 6443
f 6459 6443 6458
f 6525 6520 6523
f 6558 6272 6271
f 6429 6428 6560
f 6460 6458 6572
f 6272 6558 3736
f 7128 6603 6602
f 6227 6245 6244
f 7180 6631 6634
f 6642 6286 6285
f 6356 6741 6740
f 6816 6815 8218
f 6820 8300 8301
f 6355 6832 6741
f 6344 6835 6834
f 6364 6841 6840
f 6375 6378 6560
f 6848 6847 6488
f 6853 6852 6506
f 6530 6854 6740
f 8140 6871 6874
f 6555 6271 6831
f 8215 6106 6881
f 6348 6895 6894
f 6383 6895 6896
f 6433 6897 6896
f 6432 6897 6898
f 6406 6899 6898
f 6900 6455 6387
f 6900 6449 6448
f 6472 6904 6903
f 6480 6905 6903
f 6497 6907 6906
f 6908 6519 6518
f 4280 5933 6120
f 6100 7167 7170
f 6632 6631 7188
f 7235 8214 7201
f 7206 7209 7212
f 8213 7257 7232
f 8214 8213 7231
f 6108 6107 7200
f 7238 8299 8300
f 7207 7212 8299
f 8205 7241 7240
f 6170 6169 7232
f 6638 8146 8149
f 6601 6874 8157
f 6600 8157 6283
f 8392 8223 8222
f 6278 6280 8241
f 6816 8272 8274
f 6642 6815 6814
f 6128 7170 6124
f 8195 6602 6127
f 8212 8211 8286
f 8292 8287 8286
f 8290 8289 8210
f 8207 8293 8290
f 8294 8293 8295
f 8206 8296 8295
f 6817 8301 8297
f 8288 6170 7256
f 7209 7206 7240
f 6225 6224 8360
f 8369 8368 8360
f 8375 8376 8368
f 8381 8380 8387
f 8385 8381 8383
f 8385 8386 8391
f 8147 8146 6282
f 6345 6894 6835
f 6327 6832 6834
f 6295 6354 6841
f 6379 6377 6840
f 6853 6847 6845
f 6479 6906 6905
f 6848 6572 6571
f 6452 6901 6904
f 6525 6852 6851
f 6496 6909 6907
f 8402 8405 6876
f 8408 8407 8387
f 6279 8241 8222
f 6872 6871 8149
f 8223 8386 8373
f 6526 8433 8436
f 8446 8445 8426
f 8455 8454 8431
f 8446 8459 8450
f 8454 8433 8432
f 6908 8445 8428
f 8578 8455 8451
f 8632 8631 8625
f 8640 8632 8624
f 8660 8663 8662
f 8662 8644 8643
f 8675 8673 8631
f 8680 8678 8663
f 8683 8665 8643
f 8578 8640 8630
f 8673 8675 8708
f 8678 8680 8705
f 8711 8705 8704
f 8706 8708 8715
f 8703 8714 8712
f 8459 8683 8685
f 8407 8408 8376
f 6615 6854 8405
f 5993 6080 6335
f 6060 6682 6018
f 5993 6047 6081
f 6105 6104 6176
f 6177 6104 6000
f 6309 6311 6310
f 8725 6315 6314
f 8724 6314 6318
f 6321 6320 6053
f 6249 6595 6310
f 6596 6254 6257
f 8188 6606 6605
f 5986 6683 6682
f 6714 6726 6311
f 6047 6320 6086
f 6875 6596 6304
f 6001 6105 6912
f 7162 7159 6597
f 7254 7163 6912
f 6684 6683 7163
f 8723 8136 6315
f 6592 8159 6318
f 8332 8331 8171
f 6607 6606 5350
f 8191 8190 8198
f 8197 8192 8193
f 8159 6592 6319
f 8232 8236 6595
f 8192 8190 7173
f 8189 6605 8193
f 6177 8191 8199
f 6733 8331 8330
f 8340 8341 8330
f 8341 5994 6335
f 8412 6721 6875
f 8414 8411 6273
f 8416 8420 8236
f 6727 6726 8136
f 8417 8420 7159
f 6277 5932 5558
f 5935 5576 6635
f 5991 5990 6061
f 6019 6018 6682
f 5999 6034 6033
f 6045 6044 6677
f 6055 6054 6083
f 5995 6064 6063
f 6084 6054 6053
f 6088 5990 5989
f 6063 6084 6046
f 6066 6097 6034
f 6103 6102 7181
f 6673 6676 6133
f 6149 6148 6153
f 6323 6088 8166
f 6585 6584 6083
f 6630 6629 6702
f 6634 6633 7168
f 6676 6149 6152
f 6703 6629 6628
f 6796 6729 6728
f 6069 6729 6097
f 6132 6798 6674
f 6803 6799 6800
f 6011 6010 6055
f 6799 6803 6582
f 7194 8271 6881
f 7131 6584 6583
f 6798 7133 6913
f 7179 7178 8204
f 7183 7182 7246
f 7188 7183 7242
f 6109 7196 7192
f 7204 6630 6176
f 7219 7218 6628
f 7218 7228 7248
f 7179 7219 6627
f 7250 7254 6704
f 7228 7252 7249
f 6678 7250 7249
f 5997 7252 7251
f 8168 8167 6644
f 8167 8169 6732
f 8169 8170 6733
f 8170 8171 8331
f 8336 8335 8173
f 8182 8338 8175
f 8182 8174 8176
f 8181 8176 8177
f 8180 8177 8179
f 7133 6728 6590
f 7130 7131 8194
f 8200 6633 6632
f 7178 8201 8205
f 8269 6154 6153
f 8254 8311 8252
f 8260 6102 6101
f 8179 8263 6802
f 8263 8264 6038
f 8264 8265 6039
f 8265 8266 6130
f 8266 8267 6157
f 8267 8268 6158
f 8268 8270 8217
f 8270 8272 6816
f 6813 8274 8273
f 8273 8275 8247
f 8276 8260 8277
f 7192 8251 8250
f 8252 8316 8259
f 8276 8275 8250
f 7204 8200 7177
f 7182 8316 8315
f 8343 8339 8334
f 8333 8337 8342
f 8343 8342 6800
f 8340 8339 6064
f 6323 8349 8350
f 8168 8352 8348
f 8349 5937 5936
f 8352 5939 5938
f 6103 6634 7167
f 8271 8269 8216
f 8201 7188 7241
f 8274 8272 8271
f 5991 6018 6017
f 8728 8171 6017
f 5997 5996 6680
f 5996 6033 6045
f 6033 6032 6042
f 6042 6032 8175
f 8172 8175 8338
f 8336 8338 8337
f 6684 6678 6677
f 6681 6677 6044
f 6019 6044 6043
f 6016 6043 8173
f 8728 8173 8335
f 8332 8335 8334
f 8194 6332 8160
f 6805 6010 6009
f 5940 5941 7137
f 8324 5496 5942
f 8325 5942 5495
f 6253 5943 4292
f 7137 5941 5944
f 8348 5938 5937
f 8350 5936 5530
f 5624 8150 6159
f 6718 4293 5940
f 8327 5945 5490
f 8347 5946 5939
f 5933 5502 6121
f 8184 5532 5946
f 7142 4298 5615
f 6145 5487 5945
f 8234 5947 5943
f 8328 5948 5488
f 8318 5500 5948
f 7139 5494 4299
f 8418 5616 5947
f 5604 8414 6599
f 5949 3853 6712
f 5944 5949 6716
f 6720 5601 5950
f 6255 5950 4322
f 5614 5935 6235
f 6711 3852 5951
f 8161 5951 3857
f 5973 5964 2965
f 2965 5964 5963
f 222 5963 5960
f 223 5960 5958
f 5958 5957 3185
f 5957 5970 2977
f 5970 5967 1213
f 5967 5966 1214
f 2532 1214 5966
f 2894 2532 5953
f 2871 2894 5952
f 5510 5722 5721
f 5822 5825 5824
f 3511 3512 3844
f 3887 3892 3889
f 3876 3879 3878
f 3356 3357 3911
f 3372 3373 3390
f 3849 3854 3851
f 3481 3478 3867
f 3873 3874 3385
f 3875 3375 3450
f 3915 3794 3865
f 3657 3670 3671
f 5618 5973 3013
f 1997 1996 1889
f 1237 745 744
f 1535 1534 120
f 1531 1532 201
f 1119 1241 1032
f 946 948 824
f 163 8 5
f 9041 9178 9175
f 1155 1156 1162
f 427 213 327
f 553 1902 796
f 8732 2232 2231
f 8732 3178 2230
f 2237 3183 3180
f 8734 8735 8736
f 8735 8737 8738
f 8737 8739 8740
f 8739 8741 8742
f 8743 8744 8745
f 8746 8745 8747
f 8749 8750 8748
f 8751 8752 8750
f 8754 8755 8756
f 8757 8758 8755
f 8759 8760 8758
f 8761 8762 8760
f 8763 8764 8762
f 8766 8751 8749
f 8765 8749 8747
f 8767 8747 8745
f 8768 8745 8744
f 8744 8770 8771
f 8770 8741 8772
f 8741 8739 8773
f 8739 8737 8774
f 8737 8735 8775
f 8735 8734 8776
f 8776 8734 8777
f 2904 8778 8779
f 8780 8778 2904
f 8781 8780 2902
f 2875 8782 8781
f 8783 8784 2733
f 2825 8785 8786
f 8788 8789 8790
f 8792 8788 8787
f 2724 2723 8785
f 8787 8790 3115
f 8791 8787 3117
f 8794 8766 8765
f 8793 8765 8767
f 8795 8767 8768
f 8796 8768 8769
f 8797 8769 8771
f 8771 8772 8799
f 8772 8773 8800
f 8773 8774 8801
f 8774 8775 8802
f 8775 8776 8803
f 8776 3184 3056
f 8802 8803 2253
f 8801 8802 2252
f 8800 8801 1727
f 8799 8800 2150
f 8804 8798 8799
f 8805 8797 8798
f 8806 8796 8797
f 8807 8795 8796
f 8793 8795 8807
f 8794 8793 8808
f 8810 8811 8809
f 8808 8807 8806
f 8810 8806 8805
f 8813 8811 8810
f 8812 8805 8804
f 8815 8813 8812
f 8814 8804 1941
f 8755 8750 8752
f 8758 8748 8750
f 8760 8746 8748
f 8762 8743 8746
f 8816 8817 8764
f 8818 8819 8820
f 8816 8763 8782
f 8821 8818 8817
f 8789 8821 8783
f 8818 8821 8789
f 8819 8818 8788
f 8822 8820 8819
f 8823 8819 8792
f 8824 8792 8791
f 2712 8791 3119
f 8826 8822 8823
f 8825 8823 8824
f 8827 8824 2712
f 8828 8827 2711
f 8829 8825 8827
f 8830 8826 8825
f 8743 8762 8764
f 8817 8820 8831
f 8770 8744 8743
f 8741 8770 8831
f 8820 8822 8742
f 8740 8742 8822
f 8738 8740 8826
f 8736 8738 8830
f 8833 8828 2400
f 8834 8829 8828
f 8832 8830 8829
f 8835 8833 2402
f 3058 8835 2707
f 3061 8836 8835
f 8836 8834 8833
f 8733 8736 8832
f 8837 8832 8834
f 8777 8734 8733
f 8838 8733 8837
f 8837 8836 3061
f 1961 3057 8838
f 3057 3184 8777
f 8779 8754 8753
f 8778 8757 8754
f 8780 8759 8757
f 8781 8761 8759
f 8782 8763 8761
f 8821 8816 8784
f 8785 8790 8789
f 2723 3115 8790
f 2875 2733 8784
f 2736 2824 8786
f 2947 8779 8839
f 8815 8814 1360
f 1900 1925 1924
f 1736 1717 1718
f 1955 1952 1943
f 1671 1738 1735
f 1696 1750 1698
f 1800 1865 1864
f 2063 2055 2056
f 1737 1734 1717
f 1751 1735 1697
f 943 9337 9351
f 9108 8839 8753
f 1577 1578 1764
f 9369 1598 1599
f 1945 146 82
f 68 6 7
f 147 1542 1543
f 1109 1135 1133
f 1503 1910 1907
f 1499 1501 1909
f 452 1922 735
f 1824 2068 9287
f 1825 2067 2068
f 1463 1462 1022
f 841 1012 1009
f 1568 1547 1955
f 1910 1503 1502
f 1939 1502 422
f 309 280 1940
f 1804 1851 1866
f 269 1482 1954
f 2065 1607 2060
f 9264 1685 1758
f 280 276 552
f 1875 1873 1869
f 1739 1721 1734
f 5923 5897 5899
f 1778 1779 1790
f 310 1920 1915
f 1909 1908 1906
f 1789 1783 1778
f 978 981 980
f 1584 1759 1731
f 425 426 311
f 148 1543 115
f 2044 9349 9346
f 277 1910 1939
f 1943 1946 1945
f 1461 1462 1463
f 2253 8803 3056
f 2981 2254 8927
f 2209 2998 8927
f 2254 2253 3055
f 2998 926 958
f 2826 2817 2721
f 8928 2739 2721
f 2816 8929 8928
f 2334 2297 2296
f 2298 2297 2334
f 2301 2298 2336
f 2311 2301 2338
f 2312 2311 2354
f 2359 2358 2361
f 2335 2296 2359
f 2414 2413 2365
f 2413 2270 2361
f 2355 2352 2540
f 2541 2540 2539
f 2722 2721 2739
f 3114 2722 2738
f 3110 3112 3121
f 3108 3110 3120
f 3122 1754 3127
f 3112 3122 3126
f 3127 1754 1753
f 3139 3133 2529
f 9196 9227 3133
f 8928 2789 2740
f 8929 2790 2789
f 228 229 91
f 245 244 243
f 248 7 247
f 2 297 296
f 145 146 300
f 327 213 210
f 329 332 331
f 239 241 240
f 373 376 375
f 178 177 176
f 1218 1225 1228
f 9314 1231 1295
f 808 809 824
f 9310 9311 1013
f 9265 9262 1411
f 2154 2149 2159
f 9297 9287 1758
f 306 807 1922
f 2157 2153 1976
f 708 709 2031
f 1450 1226 1227
f 1672 1604 1605
f 1813 1814 1821
f 1717 1716 1715
f 176 159 402
f 1710 1705 9368
f 1712 1580 1577
f 1705 1713 1711
f 3435 3476 3475
f 971 978 979
f 822 823 1094
f 2909 2810 2793
f 2810 2769 2795
f 2799 2910 2249
f 9114 9095 2910
f 2769 2768 2801
f 3177 3176 3178
f 3178 8732 3180
f 3181 1394 1393
f 3181 1633 1632
f 3182 1632 2244
f 3183 2244 2243
f 8932 2791 2790
f 2808 8932 8929
f 2239 9018 9016
f 1149 1150 9015
f 1150 2009 9011
f 2202 9013 9010
f 2921 9008 9009
f 9012 9004 2133
f 1777 1579 1759
f 1201 1196 1183
f 9005 8998 2195
f 8997 9020 2770
f 9379 9377 1687
f 1516 152 154
f 8993 9006 2974
f 8994 8992 2779
f 2771 2772 9019
f 3070 2771 8990
f 8991 8988 2775
f 1376 1375 1370
f 2767 8987 9000
f 2195 8998 8987
f 2775 8988 8986
f 8344 5617 8989
f 9256 9254 8983
f 2776 8986 8982
f 2240 9016 8979
f 2920 8979 9121
f 8992 8978 2786
f 1805 1850 1851
f 8978 8976 2787
f 2951 2773 8984
f 2772 2951 8975
f 2973 2224 8974
f 2224 2223 8981
f 1957 1953 320
f 306 305 304
f 2770 9020 8972
f 2913 8972 9018
f 2923 9009 8971
f 308 1940 431
f 207 208 132
f 1879 1876 1881
f 9185 9239 8969
f 2475 3070 9002
f 2476 2475 8968
f 2223 2476 8967
f 8966 8993 2803
f 2037 9007 11
f 1959 1958 450
f 2003 8999 8964
f 9 10 334
f 2009 2008 8962
f 2008 2973 8980
f 9329 672 673
f 8959 8994 2778
f 2935 8958 8957
f 111 1149 9014
f 3238 3342 3341
f 8954 8958 2935
f 683 9328 9337
f 8952 9001 2810
f 736 733 732
f 1795 1804 1803
f 8949 8954 2938
f 8951 8949 2939
f 2950 8956 8948
f 2940 2949 8948
f 9253 9243 8956
f 2868 8953 8946
f 2869 8946 8966
f 1024 1034 1023
f 8944 8947 2948
f 551 1939 442
f 2972 8943 9012
f 2032 8977 8943
f 216 93 1924
f 3532 3534 3482
f 203 202 201
f 3539 3542 3541
f 1828 1848 1847
f 1958 1957 449
f 272 271 178
f 2871 8989 8939
f 9071 9121 9008
f 2801 2768 9095
f 2005 9210 9106
f 960 886 899
f 9109 9107 9064
f 9232 9240 9098
f 3151 9098 9045
f 2193 9056 9075
f 9059 9055 3145
f 9055 9101 2761
f 9044 9059 3144
f 2926 9110 9086
f 9086 9044 3104
f 9207 9206 9198
f 566 567 9210
f 8839 9108 1864
f 1602 1586 2079
f 2868 9110 9063
f 2922 9063 9062
f 2923 9062 9070
f 9122 9065 2918
f 9071 9122 9066
f 2921 9070 9122
f 2920 9066 9038
f 9065 9094 2915
f 2917 2766 9074
f 2916 2917 9093
f 2239 9039 9104
f 2911 9092 9104
f 9095 9092 2911
f 2797 2801 9114
f 2797 9043 9050
f 9074 9080 2763
f 9060 9080 2764
f 2194 9075 9100
f 2221 9100 9101
f 2756 9060 9061
f 2750 9050 9061
f 9121 8979 1817
f 9215 9222 1691
f 2515 9073 9042
f 2548 9042 9045
f 2513 2489 9084
f 2513 9068 9073
f 2509 9085 9072
f 2510 9084 9085
f 2289 9072 9091
f 2283 9091 9069
f 2240 9038 9039
f 9111 9109 9076
f 716 2121 9339
f 727 1999 9213
f 2165 2171 2170
f 9112 9111 9078
f 9195 9033 9030
f 2175 2172 769
f 2100 500 2095
f 9210 567 9209
f 640 9004 9012
f 1653 9020 8997
f 1895 8980 8974
f 746 8974 8981
f 1653 1810 8972
f 9214 1603 1604
f 2093 2075 2073
f 959 996 995
f 962 899 919
f 1400 1401 1398
f 1000 817 1127
f 956 959 884
f 1662 8992 8994
f 2034 9002 8990
f 9378 1689 8983
f 8979 9016 766
f 9016 9018 765
f 334 9014 9015
f 1868 8975 8984
f 1684 1651 1652
f 1682 1683 775
f 1585 1603 9214
f 9215 9214 1672
f 2173 2174 490
f 1658 8988 8991
f 9000 8987 1650
f 1571 9206 2010
f 1587 9116 9123
f 2099 2095 2077
f 787 9213 1999
f 2000 9146 786
f 3155 339 9149
f 9165 3155 9135
f 2180 2179 9137
f 8940 2180 9136
f 1684 9298 9292
f 1760 464 8939
f 2607 9141 9145
f 2581 9128 9141
f 2371 2502 9152
f 2371 9147 9145
f 2587 9128 9127
f 2586 9127 9149
f 2497 9143 9139
f 2502 2503 9139
f 2494 9143 9142
f 9142 9140 2472
f 9140 9153 2468
f 9153 9155 2469
f 726 9360 9344
f 581 9011 8962
f 10 8955 9014
f 1837 8958 8954
f 741 8981 8967
f 1299 8968 9002
f 1851 8951 8948
f 8971 9009 1820
f 580 8962 8980
f 1758 1685 8966
f 1693 9001 8952
f 8948 8956 1867
f 1894 1826 9012
f 2126 1418 9265
f 9358 2126 9293
f 2113 9363 9319
f 2179 9165 9241
f 624 9355 9356
f 2192 9056 9240
f 2177 8985 9239
f 1364 9276 9285
f 9310 9307 1470
f 3135 1753 9227
f 2069 9264 9287
f 1351 9313 9305
f 2108 9334 9353
f 2089 2092 9188
f 9280 9286 1358
f 2001 9201 9235
f 2187 9235 9171
f 2130 9208 9204
f 2004 9204 9201
f 2014 9176 9231
f 2201 9231 9208
f 3167 9172 9211
f 3168 9176 9172
f 3159 9161 9216
f 3160 9216 9217
f 9182 9159 3158
f 3158 9159 9161
f 2200 3069 9182
f 9137 9241 9194
f 9174 9226 2197
f 9242 9188 2092
f 9226 9242 9173
f 3154 9158 9242
f 3155 9165 9158
f 2091 9171 9173
f 2196 3148 9202
f 2193 2196 9228
f 9056 2193 9233
f 2086 2192 9232
f 2087 2086 9230
f 2204 9194 9203
f 2205 9203 9202
f 9361 9338 574
f 2124 2087 9229
f 2208 2124 9212
f 9163 9237 3140
f 9237 9197 3138
f 9197 9196 3139
f 9223 9164 3136
f 9164 9163 3137
f 9227 9219 3131
f 9219 9234 3132
f 1813 9291 9290
f 1293 9306 9308
f 2184 2321 9200
f 2181 2184 9184
f 9217 9220 3079
f 9220 9186 3080
f 709 9325 9327
f 2774 2961 9189
f 9238 9221 2134
f 9261 9260 766
f 2968 9236 9218
f 2969 9211 9236
f 2958 9199 9189
f 2132 9199 9218
f 2321 2185 9223
f 9312 9300 1449
f 9357 9326 582
f 9338 9341 577
f 9299 9278 1818
f 705 9354 9339
f 9268 9364 9359
f 2111 9335 9363
f 9262 9281 1366
f 1812 9291 9274
f 675 9303 9304
f 8940 9157 9303
f 2110 9319 9320
f 2104 9348 9353
f 2109 9320 9351
f 9294 9283 703
f 1680 9263 9298
f 1639 1627 9271
f 623 9356 9358
f 2139 2140 9318
f 1808 1640 9296
f 9272 9273 1819
f 9324 9366 9352
f 1646 9284 9282
f 9341 9342 633
f 2139 9317 9327
f 2156 2155 9323
f 674 9304 9365
f 2117 9269 9264
f 1815 9274 9299
f 9307 9301 1444
f 697 9358 9364
f 866 842 9288
f 9316 9321 2136
f 9037 9183 9178
f 9035 9192 9183
f 9205 9198 9190
f 9192 9035 9033
f 1088 9190 9198
f 9191 9192 9195
f 2791 8932 8933
f 8932 2808 2807
f 2792 8933 8934
f 8933 2807 2806
f 8952 2909 8934
f 8960 8934 2806
f 2948 8947 9243
f 2105 9360 9348
f 8982 9254 9256
f 680 9330 9328
f 1891 1890 9362
f 2905 9251 9253
f 2900 9249 9251
f 2901 9249 9259
f 2734 2878 9258
f 2877 9259 9258
f 2820 9252 9246
f 2818 9248 9244
f 2823 9245 9244
f 2822 9245 9250
f 2819 2735 9252
f 2817 9248 9247
f 2809 9257 9247
f 2808 9257 9255
f 2805 9256 9255
f 1702 9373 9375
f 9374 9372 1797
f 9367 9368 1706
f 9370 9379 1692
f 1657 9350 9332
f 1890 1877 9347
f 9224 9222 1674
f 1689 1690 9224
f 9378 9254 8982
f 8960 8983 1689
f 9369 9375 1703
f 1598 9369 9380
f 9332 9336 1876
f 1691 1690 9377
f 9377 9378 1688
f 9386 9385 9389
f 9386 9390 9391
f 9384 9388 9389
f 9390 9394 9395
f 9389 9388 9392
f 9389 9393 9394
f 9394 9398 9399
f 9393 9392 9396
f 9394 9393 9397
f 9399 9398 9402
f 9396 9400 9401
f 9397 9401 9402
f 9402 9406 9407
f 9401 9400 9404
f 9402 9401 9405
f 9407 9406 9410
f 9405 9404 9408
f 9405 9409 9410
f 9411 9410 9414
f 9409 9408 9412
f 9410 9409 9413
f 9414 9418 9419
f 9412 9416 9417
f 9413 9417 9418
f 9418 9422 9423
f 9417 9416 9420
f 9418 9417 9421
f 9422 9426 9427
f 9420 9424 9425
f 9421 9425 9426
f 9426 9430 9431
f 9425 9424 9428
f 9426 9425 9429
f 9431 9430 9434
f 9428 9432 9433
f 9429 9433 9434
f 9434 9438 9439
f 9433 9432 9436
f 9434 9433 9437
f 9439 9438 9442
f 9436 9440 9441
f 9437 9441 9442
f 9443 9442 9446
f 9441 9440 9444
f 9442 9441 9445
f 9447 9446 9450
f 9444 9448 9449
f 9445 9449 9450
f 9450 9454 9455
f 9449 9448 9452
f 9450 9449 9453
f 9454 9458 9459
f 9452 9456 9457
f 9453 9457 9458
f 9458 9462 9463
f 9457 9456 9460
f 9458 9457 9461
f 9463 9462 9466
f 9460 9464 9465
f 9461 9465 9466
f 9466 9470 9471
f 9465 9464 9468
f 9466 9465 9469
f 9471 9470 9474
f 9468 9472 9473
f 9469 9473 9474
f 9475 9474 9478
f 9473 9472 9476
f 9474 9473 9477
f 9479 9478 9482
f 9476 9480 9481
f 9477 9481 9482
f 9483 9482 9486
f 9481 9480 9484
f 9482 9481 9485
f 9486 9490 9491
f 9484 9488 9489
f 9485 9489 9490
f 9490 9494 9495
f 9489 9488 9492
f 9490 9489 9493
f 9495 9494 9498
f 9492 9496 9497
f 9493 9497 9498
f 9498 9502 9503
f 9497 9496 9500
f 9498 9497 9501
f 9503 9502 9507
f 9500 9505 9506
f 9501 9506 9507
f 9508 9507 9511
f 9505 9509 9510
f 9507 9506 9510
f 9512 9511 9386
f 9510 9509 9384
f 9510 9385 9386
f 9521 9520 9533
f 9518 9531 9532
f 9517 9516 9529
f 9515 9514 9527
f 9523 9536 9537
f 9521 9534 9535
f 9519 9532 9533
f 9518 9517 9530
f 9515 9528 9529
f 9513 9526 9527
f 9524 9537 9538
f 9523 9522 9535
f 9528 9541 9542
f 9526 9539 9540
f 9538 9537 9550
f 9535 9548 9549
f 9534 9533 9546
f 9531 9544 9545
f 9530 9529 9542
f 9528 9527 9540
f 9537 9536 9549
f 9534 9547 9548
f 9532 9545 9546
f 9531 9530 9543
f 9541 9554 9555
f 9540 9539 9552
f 9550 9563 9564
f 9548 9561 9562
f 9547 9546 9559
f 9544 9557 9558
f 9542 9555 9556
f 9541 9540 9553
f 9549 9562 9563
f 9547 9560 9561
f 9546 9545 9558
f 9544 9543 9556
f 9555 9554 9567
f 9552 9565 9566
f 9564 9563 9576
f 9562 9561 9574
f 9559 9572 9573
f 9557 9570 9571
f 9555 9568 9569
f 9553 9566 9567
f 9562 9575 9576
f 9561 9560 9573
f 9559 9558 9571
f 9557 9556 9569
f 9567 9580 9581
f 9566 9565 9578
f 9576 9589 9590
f 9575 9574 9587
f 9572 9585 9586
f 9571 9570 9583
f 9569 9568 9581
f 9566 9579 9580
f 9576 9575 9588
f 9574 9573 9586
f 9571 9584 9585
f 9569 9582 9583
f 9581 9580 9593
f 9578 9591 9592
f 9590 9589 9602
f 9588 9587 9600
f 9585 9598 9599
f 9583 9596 9597
f 9582 9581 9594
f 9579 9592 9593
f 9589 9588 9601
f 9587 9586 9599
f 9584 9597 9598
f 9583 9582 9595
f 9594 9593 9606
f 9592 9591 9604
f 9602 9615 9616
f 9601 9600 9613
f 9598 9611 9612
f 9596 9609 9610
f 9594 9607 9608
f 9592 9605 9606
f 9601 9614 9615
f 9600 9599 9612
f 9598 9597 9610
f 9596 9595 9608
f 9607 9606 9619
f 9605 9604 9617
f 9615 9628 9629
f 9613 9626 9627
f 9611 9624 9625
f 9610 9609 9622
f 9607 9620 9621
f 9605 9618 9619
f 9615 9614 9627
f 9613 9612 9625
f 9611 9610 9623
f 9608 9621 9622
f 9619 9632 9633
f 9617 9630 9631
f 9628 9641 9642
f 9627 9626 9639
f 9625 9624 9637
f 9622 9635 9636
f 9621 9620 9633
f 9619 9618 9631
f 9627 9640 9641
f 9625 9638 9639
f 9623 9636 9637
f 9622 9621 9634
f 9632 9645 9646
f 9630 9643 9644
f 9642 9641 9654
f 9639 9652 9653
f 9638 9637 9650
f 9635 9648 9649
f 9634 9633 9646
f 9632 9631 9644
f 9641 9640 9653
f 9638 9651 9652
f 9636 9649 9650
f 9635 9634 9647
f 9645 9658 9659
f 9644 9643 9656
f 9654 9667 9668
f 9652 9665 9666
f 9651 9650 9663
f 9648 9661 9662
f 9646 9659 9660
f 9645 9644 9657
f 9653 9666 9667
f 9651 9664 9665
f 9650 9649 9662
f 9648 9647 9660
f 9659 9658 9671
f 9656 9669 9670
f 9668 9667 9680
f 9665 9678 9679
f 9663 9676 9677
f 9661 9674 9675
f 9659 9672 9673
f 9657 9670 9671
f 9666 9679 9680
f 9665 9664 9677
f 9663 9662 9675
f 9661 9660 9673
f 9671 9684 9685
f 9670 9669 9682
f 9680 9693 9694
f 9678 9691 9692
f 9677 9676 9689
f 9675 9674 9687
f 9673 9672 9685
f 9670 9683 9684
f 9680 9679 9692
f 9678 9677 9690
f 9675 9688 9689
f 9673 9686 9687
f 9685 9684 9697
f 9682 9695 9696
f 9694 9693 9706
f 9692 9691 9704
f 9689 9702 9703
f 9687 9700 9701
f 9686 9685 9698
f 9683 9696 9697
f 9693 9692 9705
f 9691 9690 9703
f 9688 9701 9702
f 9687 9686 9699
f 9698 9697 9710
f 9696 9695 9708
f 9706 9719 9720
f 9705 9704 9717
f 9702 9715 9716
f 9700 9713 9714
f 9698 9711 9712
f 9696 9709 9710
f 9705 9718 9719
f 9704 9703 9716
f 9702 9701 9714
f 9700 9699 9712
f 9711 9710 9723
f 9709 9708 9721
f 9719 9732 9733
f 9717 9730 9731
f 9715 9728 9729
f 9714 9713 9726
f 9711 9724 9725
f 9709 9722 9723
f 9718 9731 9732
f 9717 9716 9729
f 9715 9714 9727
f 9712 9725 9726
f 9723 9736 9737
f 9721 9734 9735
f 9733 9732 9745
f 9731 9730 9743
f 9729 9728 9741
f 9726 9739 9740
f 9725 9724 9737
f 9723 9722 9735
f 9732 9731 9744
f 9729 9742 9743
f 9727 9740 9741
f 9726 9725 9738
f 9736 9749 9750
f 9734 9747 9748
f 9746 9745 9758
f 9743 9756 9757
f 9742 9741 9754
f 9739 9752 9753
f 9738 9737 9750
f 9736 9735 9748
f 9745 9744 9757
f 9742 9755 9756
f 9740 9753 9754
f 9739 9738 9751
f 9749 9762 9763
f 9748 9747 9760
f 9758 9771 9772
f 9756 9769 9770
f 9755 9754 9767
f 9752 9765 9766
f 9750 9763 9764
f 9749 9748 9761
f 9757 9770 9771
f 9756 9755 9768
f 9754 9753 9766
f 9752 9751 9764
f 9762 9775 9776
f 9760 9773 9774
f 9772 9771 9784
f 9770 9769 9782
f 9768 9767 9780
f 9765 9778 9779
f 9763 9776 9777
f 9762 9761 9774
f 9770 9783 9784
f 9768 9781 9782
f 9767 9766 9779
f 9764 9777 9778
f 9775 9788 9789
f 9774 9773 9786
f 9784 9797 9798
f 9782 9795 9796
f 9781 9780 9793
f 9779 9778 9791
f 9777 9776 9789
f 9774 9787 9788
f 9784 9783 9796
f 9782 9781 9794
f 9779 9792 9793
f 9777 9790 9791
f 9789 9788 9802
f 9786 9800 9801
f 9798 9797 9811
f 9796 9795 9809
f 9793 9807 9808
f 9792 9791 9805
f 9790 9789 9803
f 9787 9801 9802
f 9797 9796 9810
f 9795 9794 9808
f 9792 9806 9807
f 9790 9804 9805
f 9803 9802 9815
f 9801 9800 9813
f 9811 9824 9825
f 9810 9809 9822
f 9807 9820 9821
f 9806 9805 9818
f 9803 9816 9817
f 9801 9814 9815
f 9810 9823 9824
f 9809 9808 9821
f 9807 9806 9819
f 9804 9817 9818
f 9816 9815 9828
f 9814 9813 9826
f 9825 9824 9837
f 9822 9835 9836
f 9820 9833 9834
f 9819 9818 9831
f 9816 9829 9830
f 9814 9827 9828
f 9824 9823 9836
f 9822 9821 9834
f 9820 9819 9832
f 9817 9830 9831
f 9828 9841 9842
f 9826 9839 9840
f 9837 9850 9851
f 9836 9835 9848
f 9834 9833 9846
f 9831 9844 9845
f 9830 9829 9842
f 9828 9827 9840
f 9836 9849 9850
f 9834 9847 9848
f 9832 9845 9846
f 9831 9830 9843
f 9841 9854 9855
f 9839 9852 9853
f 9851 9850 9863
f 9848 9861 9862
f 9847 9846 9859
f 9845 9844 9857
f 9843 9842 9855
f 9841 9840 9853
f 9850 9849 9862
f 9847 9860 9861
f 9845 9858 9859
f 9843 9856 9857
f 9854 9867 9868
f 9853 9852 9865
f 9863 9876 9877
f 9861 9874 9875
f 9860 9859 9872
f 9858 9857 9870
f 9855 9868 9869
f 9854 9853 9866
f 9862 9875 9876
f 9860 9873 9874
f 9859 9858 9871
f 9856 9869 9870
f 9868 9867 9880
f 9865 9878 9879
f 9877 9876 9889
f 9875 9874 9887
f 9873 9872 9885
f 9870 9883 9884
f 9868 9881 9882
f 9867 9866 9879
f 9875 9888 9889
f 9873 9886 9887
f 9872 9871 9884
f 9870 9869 9882
f 9880 9893 9894
f 9878 9891 9892
f 9889 9902 9903
f 9887 9900 9901
f 9886 9885 9898
f 9884 9883 9896
f 9882 9881 9894
f 9879 9892 9893
f 9889 9888 9901
f 9887 9886 9899
f 9884 9897 9898
f 9882 9895 9896
f 9894 9893 9906
f 9891 9904 9905
f 9903 9902 9915
f 9901 9900 9913
f 9898 9911 9912
f 9896 9909 9910
f 9895 9894 9907
f 9892 9905 9906
f 9902 9901 9914
f 9899 9912 9913
f 9897 9910 9911
f 9896 9895 9908
f 9907 9906 9919
f 9905 9904 9917
f 9915 9928 9929
f 9914 9913 9926
f 9911 9924 9925
f 9909 9922 9923
f 9907 9920 9921
f 9905 9918 9919
f 9914 9927 9928
f 9913 9912 9925
f 9911 9910 9923
f 9909 9908 9921
f 9920 9919 9515
f 9918 9917 9513
f 9929 9928 9524
f 9926 9522 9523
f 9924 9520 9521
f 9923 9922 9518
f 9920 9516 9517
f 9918 9514 9515
f 9928 9927 9523
f 9926 9925 9521
f 9924 9923 9519
f 9921 9517 9518
f 9387 9513 9917
f 9917 9904 9508
f 9904 9891 9503
f 9891 9878 9499
f 9499 9878 9865
f 9495 9865 9852
f 9491 9852 9839
f 9839 9826 9483
f 9483 9826 9813
f 9813 9800 9475
f 9800 9786 9471
f 9786 9773 9467
f 9467 9773 9760
f 9463 9760 9747
f 9459 9747 9734
f 9734 9721 9451
f 9451 9721 9708
f 9708 9695 9443
f 9695 9682 9439
f 9682 9669 9435
f 9435 9669 9656
f 9431 9656 9643
f 9427 9643 9630
f 9630 9617 9419
f 9419 9617 9604
f 9604 9591 9411
f 9591 9578 9407
f 9578 9565 9403
f 9403 9565 9552
f 9399 9552 9539
f 9395 9539 9526
f 9526 9513 9387
f 9932 9931 9935
f 9932 9936 9937
f 9931 9930 9934
f 9936 9940 9941
f 9934 9938 9939
f 9935 9939 9940
f 9940 9944 9945
f 9939 9938 9942
f 9940 9939 9943
f 9945 9944 9948
f 9942 9946 9947
f 9943 9947 9948
f 9948 9952 9953
f 9947 9946 9950
f 9948 9947 9951
f 9953 9952 9956
f 9950 9954 9955
f 9951 9955 9956
f 9957 9956 9960
f 9955 9954 9958
f 9956 9955 9959
f 9961 9960 9964
f 9958 9962 9963
f 9959 9963 9964
f 9965 9964 9968
f 9963 9962 9966
f 9964 9963 9967
f 9968 9972 9973
f 9966 9970 9971
f 9967 9971 9972
f 9972 9976 9977
f 9970 9974 9975
f 9972 9971 9975
f 9977 9976 9980
f 9974 9978 9979
f 9975 9979 9980
f 9980 9984 9985
f 9979 9978 9982
f 9980 9979 9983
f 9985 9984 9988
f 9982 9986 9987
f 9983 9987 9988
f 9989 9988 9992
f 9986 9990 9991
f 9988 9987 9991
f 9993 9992 9996
f 9991 9990 9994
f 9991 9995 9996
f 9996 10000 10001
f 9994 9998 9999
f 9996 9995 9999
f 10000 10004 10005
f 9999 9998 10002
f 9999 10003 10004
f 10004 10008 10009
f 10003 10002 10006
f 10004 10003 10007
f 10009 10008 10012
f 10006 10010 10011
f 10007 10011 10012
f 10012 10016 10017
f 10011 10010 10014
f 10012 10011 10015
f 10017 10016 10020
f 10014 10018 10019
f 10015 10019 10020
f 10021 10020 10024
f 10019 10018 10022
f 10020 10019 10023
f 10024 10028 10029
f 10022 10026 10027
f 10023 10027 10028
f 10028 10032 10033
f 10027 10026 10030
f 10028 10027 10031
f 10032 10036 10037
f 10030 10034 10035
f 10031 10035 10036
f 10036 10040 10041
f 10035 10034 10038
f 10036 10035 10039
f 10041 10040 10044
f 10038 10042 10043
f 10039 10043 10044
f 10044 10048 10049
f 10043 10042 10046
f 10044 10043 10047
f 10049 10048 10053
f 10046 10051 10052
f 10047 10052 10053
f 10054 10053 10057
f 10052 10051 10055
f 10053 10052 10056
f 10058 10057 9932
f 10055 9930 9931
f 10056 9931 9932
f 10067 10066 10079
f 10064 10077 10078
f 10063 10062 10075
f 10061 10060 10073
f 10070 10069 10082
f 10067 10080 10081
f 10065 10078 10079
f 10064 10063 10076
f 10061 10074 10075
f 10059 10072 10073
f 10071 10070 10083
f 10069 10068 10081
f 10074 10087 10088
f 10072 10085 10086
f 10084 10083 10096
f 10081 10094 10095
f 10080 10079 10092
f 10078 10077 10090
f 10076 10075 10088
f 10074 10073 10086
f 10083 10082 10095
f 10080 10093 10094
f 10078 10091 10092
f 10076 10089 10090
f 10087 10100 10101
f 10086 10085 10098
f 10096 10109 10110
f 10094 10107 10108
f 10093 10092 10105
f 10091 10090 10103
f 10088 10101 10102
f 10087 10086 10099
f 10095 10108 10109
f 10094 10093 10106
f 10092 10091 10104
f 10089 10102 10103
f 10100 10113 10114
f 10098 10111 10112
f 10110 10109 10122
f 10108 10107 10120
f 10105 10118 10119
f 10103 10116 10117
f 10101 10114 10115
f 10100 10099 10112
f 10108 10121 10122
f 10106 10119 10120
f 10105 10104 10117
f 10103 10102 10115
f 10113 10126 10127
f 10112 10111 10124
f 10122 10135 10136
f 10120 10133 10134
f 10119 10118 10131
f 10117 10116 10129
f 10115 10114 10127
f 10113 10112 10125
f 10122 10121 10134
f 10119 10132 10133
f 10117 10130 10131
f 10115 10128 10129
f 10127 10126 10139
f 10124 10137 10138
f 10136 10135 10148
f 10134 10133 10146
f 10131 10144 10145
f 10130 10129 10142
f 10128 10127 10140
f 10125 10138 10139
f 10135 10134 10147
f 10133 10132 10145
f 10130 10143 10144
f 10128 10141 10142
f 10140 10139 10152
f 10138 10137 10150
f 10148 10161 10162
f 10147 10146 10159
f 10144 10157 10158
f 10143 10142 10155
f 10140 10153 10154
f 10138 10151 10152
f 10147 10160 10161
f 10146 10145 10158
f 10144 10143 10156
f 10141 10154 10155
f 10153 10152 10165
f 10151 10150 10163
f 10162 10161 10174
f 10159 10172 10173
f 10157 10170 10171
f 10156 10155 10168
f 10153 10166 10167
f 10151 10164 10165
f 10161 10160 10173
f 10159 10158 10171
f 10157 10156 10169
f 10154 10167 10168
f 10165 10178 10179
f 10163 10176 10177
f 10175 10174 10187
f 10173 10172 10185
f 10171 10170 10183
f 10168 10181 10182
f 10167 10166 10179
f 10165 10164 10177
f 10173 10186 10187
f 10171 10184 10185
f 10169 10182 10183
f 10168 10167 10180
f 10178 10191 10192
f 10176 10189 10190
f 10188 10187 10200
f 10185 10198 10199
f 10184 10183 10196
f 10182 10181 10194
f 10180 10179 10192
f 10178 10177 10190
f 10187 10186 10199
f 10184 10197 10198
f 10182 10195 10196
f 10180 10193 10194
f 10191 10204 10205
f 10190 10189 10202
f 10200 10213 10214
f 10198 10211 10212
f 10197 10196 10209
f 10195 10194 10207
f 10192 10205 10206
f 10191 10190 10203
f 10199 10212 10213
f 10197 10210 10211
f 10196 10195 10208
f 10193 10206 10207
f 10205 10204 10217
f 10202 10215 10216
f 10214 10213 10226
f 10211 10224 10225
f 10210 10209 10222
f 10207 10220 10221
f 10205 10218 10219
f 10204 10203 10216
f 10212 10225 10226
f 10210 10223 10224
f 10209 10208 10221
f 10207 10206 10219
f 10217 10230 10231
f 10216 10215 10228
f 10226 10239 10240
f 10224 10237 10238
f 10223 10222 10235
f 10221 10220 10233
f 10219 10218 10231
f 10217 10216 10229
f 10226 10225 10238
f 10223 10236 10237
f 10221 10234 10235
f 10219 10232 10233
f 10231 10230 10243
f 10228 10241 10242
f 10240 10239 10252
f 10238 10237 10250
f 10235 10248 10249
f 10234 10233 10246
f 10232 10231 10244
f 10229 10242 10243
f 10239 10238 10251
f 10237 10236 10249
f 10234 10247 10248
f 10232 10245 10246
f 10244 10243 10256
f 10242 10241 10254
f 10252 10265 10266
f 10251 10250 10263
f 10248 10261 10262
f 10247 10246 10259
f 10244 10257 10258
f 10242 10255 10256
f 10251 10264 10265
f 10250 10249 10262
f 10248 10247 10260
f 10245 10258 10259
f 10257 10256 10269
f 10255 10254 10267
f 10266 10265 10278
f 10263 10276 10277
f 10261 10274 10275
f 10260 10259 10272
f 10257 10270 10271
f 10255 10268 10269
f 10265 10264 10277
f 10263 10262 10275
f 10261 10260 10273
f 10258 10271 10272
f 10269 10282 10283
f 10267 10280 10281
f 10278 10291 10292
f 10277 10276 10289
f 10275 10274 10287
f 10272 10285 10286
f 10271 10270 10283
f 10269 10268 10281
f 10277 10290 10291
f 10275 10288 10289
f 10273 10286 10287
f 10272 10271 10284
f 10282 10295 10296
f 10280 10293 10294
f 10292 10291 10304
f 10289 10302 10303
f 10288 10287 10300
f 10286 10285 10298
f 10284 10283 10296
f 10282 10281 10294
f 10291 10290 10303
f 10288 10301 10302
f 10286 10299 10300
f 10284 10297 10298
f 10295 10308 10309
f 10294 10293 10306
f 10304 10317 10318
f 10302 10315 10316
f 10301 10300 10313
f 10299 10298 10311
f 10296 10309 10310
f 10295 10294 10307
f 10303 10316 10317
f 10301 10314 10315
f 10300 10299 10312
f 10297 10310 10311
f 10309 10308 10321
f 10307 10306 10319
f 10318 10317 10330
f 10316 10315 10328
f 10314 10313 10326
f 10311 10324 10325
f 10309 10322 10323
f 10308 10307 10320
f 10316 10329 10330
f 10314 10327 10328
f 10313 10312 10325
f 10311 10310 10323
f 10321 10334 10335
f 10320 10319 10332
f 10330 10343 10344
f 10329 10328 10341
f 10326 10339 10340
f 10325 10324 10337
f 10323 10322 10335
f 10320 10333 10334
f 10330 10329 10342
f 10328 10327 10340
f 10325 10338 10339
f 10323 10336 10337
f 10335 10334 10348
f 10332 10346 10347
f 10344 10343 10357
f 10342 10341 10355
f 10339 10353 10354
f 10337 10351 10352
f 10336 10335 10349
f 10333 10347 10348
f 10343 10342 10356
f 10341 10340 10354
f 10338 10352 10353
f 10337 10336 10350
f 10349 10348 10361
f 10347 10346 10359
f 10357 10370 10371
f 10356 10355 10368
f 10353 10366 10367
f 10351 10364 10365
f 10349 10362 10363
f 10347 10360 10361
f 10356 10369 10370
f 10355 10354 10367
f 10353 10352 10365
f 10351 10350 10363
f 10362 10361 10374
f 10360 10359 10372
f 10371 10370 10383
f 10368 10381 10382
f 10366 10379 10380
f 10365 10364 10377
f 10362 10375 10376
f 10360 10373 10374
f 10370 10369 10382
f 10368 10367 10380
f 10366 10365 10378
f 10363 10376 10377
f 10374 10387 10388
f 10372 10385 10386
f 10383 10396 10397
f 10382 10381 10394
f 10380 10379 10392
f 10377 10390 10391
f 10376 10375 10388
f 10374 10373 10386
f 10382 10395 10396
f 10380 10393 10394
f 10378 10391 10392
f 10377 10376 10389
f 10387 10400 10401
f 10385 10398 10399
f 10397 10396 10409
f 10394 10407 10408
f 10393 10392 10405
f 10390 10403 10404
f 10389 10388 10401
f 10387 10386 10399
f 10396 10395 10408
f 10393 10406 10407
f 10391 10404 10405
f 10390 10389 10402
f 10400 10413 10414
f 10399 10398 10411
f 10409 10422 10423
f 10407 10420 10421
f 10406 10405 10418
f 10403 10416 10417
f 10401 10414 10415
f 10400 10399 10412
f 10408 10421 10422
f 10406 10419 10420
f 10405 10404 10417
f 10403 10402 10415
f 10414 10413 10426
f 10411 10424 10425
f 10423 10422 10435
f 10420 10433 10434
f 10418 10431 10432
f 10416 10429 10430
f 10414 10427 10428
f 10412 10425 10426
f 10421 10434 10435
f 10419 10432 10433
f 10418 10417 10430
f 10416 10415 10428
f 10427 10426 10439
f 10425 10424 10437
f 10435 10448 10449
f 10433 10446 10447
f 10431 10444 10445
f 10430 10429 10442
f 10428 10427 10440
f 10425 10438 10439
f 10435 10434 10447
f 10433 10432 10445
f 10430 10443 10444
f 10428 10441 10442
f 10440 10439 10452
f 10437 10450 10451
f 10449 10448 10461
f 10447 10446 10459
f 10444 10457 10458
f 10443 10442 10455
f 10441 10440 10453
f 10438 10451 10452
f 10448 10447 10460
f 10446 10445 10458
f 10443 10456 10457
f 10441 10454 10455
f 10453 10452 10465
f 10451 10450 10463
f 10461 10474 10475
f 10460 10459 10472
f 10457 10470 10471
f 10456 10455 10468
f 10453 10466 10467
f 10451 10464 10465
f 10460 10473 10474
f 10459 10458 10471
f 10457 10456 10469
f 10454 10467 10468
f 10466 10465 10061
f 10464 10463 10059
f 10474 10070 10071
f 10472 10068 10069
f 10470 10066 10067
f 10469 10468 10064
f 10466 10062 10063
f 10464 10060 10061
f 10473 10069 10070
f 10472 10471 10067
f 10470 10469 10065
f 10467 10063 10064
f 9933 10059 10463
f 10463 10450 10054
f 10450 10437 10049
f 10437 10424 10045
f 10045 10424 10411
f 10041 10411 10398
f 10037 10398 10385
f 10385 10372 10029
f 10029 10372 10359
f 10359 10346 10021
f 10346 10332 10017
f 10332 10319 10013
f 10013 10319 10306
f 10009 10306 10293
f 10005 10293 10280
f 10280 10267 9997
f 9997 10267 10254
f 10254 10241 9989
f 10241 10228 9985
f 10228 10215 9981
f 9981 10215 10202
f 9977 10202 10189
f 9973 10189 10176
f 10176 10163 9965
f 9965 10163 10150
f 10150 10137 9957
f 10137 10124 9953
f 10124 10111 9949
f 9949 10111 10098
f 9945 10098 10085
f 9941 10085 10072
f 10072 10059 9933
f 2845 2856 2893
f 2856 8978 2893
f 8978 1741 1790
f 1741 1731 1790
f 8978 1790 8954
f 8978 8954 2893

