# https://github.com/mikedh/trimesh
v 0.04465763 -0.49052477 2.27560163
v 0.04879353 -0.48943484 2.27502775
v 0.04982309 -0.49044955 2.27460504
v 0.04510692 -0.49142098 2.27501655
v 0.05735167 -0.49693221 2.28314424
v 0.05693639 -0.49809068 2.27793336
v 0.05659714 -0.50031447 2.27644920
v 0.05656576 -0.50166607 2.27906609
v 0.01574418 -0.48778033 2.35153103
v 0.00241508 -0.48891562 2.35837102
v 0.00337664 -0.47906011 2.36144447
v 0.01663461 -0.47574115 2.35683513
v 0.03656935 -0.44618821 2.35263109
v 0.03095317 -0.45563459 2.35214496
v 0.03122884 -0.44756210 2.36365271
v 0.03970547 -0.43845963 2.35582495
v 0.01684752 -0.49656850 2.17079926
v 0.02421734 -0.49860215 2.17611432
v 0.02358520 -0.49131596 2.17629242
v -0.07715291 -0.48329681 2.28314972
v -0.08116727 -0.48171675 2.28293228
v -0.08225741 -0.48281407 2.28239894
v -0.07761282 -0.48436618 2.28227162
v -0.08939839 -0.48836333 2.29111338
v -0.08976076 -0.48949373 2.28606248
v -0.08994547 -0.49170595 2.28471303
v -0.08935374 -0.49303335 2.28701496
v 0.01670519 -0.48924643 2.17242908
v 0.07421619 -0.52324116 2.28076220
v 0.07444671 -0.52143443 2.28321624
v 0.07476413 -0.51920664 2.28234673
v 0.07436163 -0.52084768 2.28021908
v 0.07212244 -0.50573015 2.28871322
v 0.07102793 -0.51303005 2.28656793
v 0.07194109 -0.51591694 2.28578758
v 0.07241777 -0.51352692 2.28617501
v 0.07342863 -0.49491096 2.29141688
v 0.07229452 -0.49519444 2.29077601
v 0.07326696 -0.50027418 2.29000950
v 0.07437187 -0.50040650 2.29071879
v 0.05960281 -0.46649557 2.28170991
v 0.06224699 -0.46931636 2.28209591
v 0.06287581 -0.46794897 2.28436947
v 0.05830986 -0.46583438 2.28402805
v 0.05528244 -0.46704453 2.28452492
v 0.05963721 -0.46878141 2.28795576
v 0.05896914 -0.47176802 2.28729081
v 0.05554541 -0.46993887 2.28492308
v 0.06818675 -0.52427208 2.26321101
v 0.06878269 -0.52120578 2.26437593
v 0.06721398 -0.51904893 2.26266146
v 0.06646766 -0.52204669 2.26116681
v 0.05732536 -0.49915284 2.28866553
v 0.05652424 -0.49236691 2.29053998
v 0.06236313 -0.49835634 2.29051113
v 0.06257309 -0.50109315 2.28929043
v 0.06732425 -0.51872933 2.27519655
v 0.06829390 -0.52136016 2.27768421
v 0.06867720 -0.51995957 2.27974153
v 0.06760680 -0.51726151 2.27830458
v 0.07048395 -0.52507091 2.28098536
v 0.07098904 -0.52302802 2.28371143
v 0.05740176 -0.47272289 2.27624702
v 0.05615364 -0.47526044 2.27374053
v 0.05642911 -0.47730660 2.27396727
v 0.05703248 -0.47716892 2.27572751
v 0.05605191 -0.49484849 2.28007746
v 0.05756051 -0.49770081 2.27637339
v 0.07024583 -0.48306131 2.29241371
v 0.06998393 -0.48428702 2.29054165
v 0.07181055 -0.48954713 2.29136014
v 0.07212481 -0.48893571 2.29314017
v 0.06660126 -0.48543972 2.28786230
v 0.06871183 -0.48947453 2.28954077
v 0.06977664 -0.49091965 2.29067349
v 0.06891008 -0.48800379 2.28998995
v 0.06993085 -0.52148938 2.27293587
v 0.06778716 -0.52096522 2.26777625
v 0.06873440 -0.52059901 2.26771021
v 0.07086957 -0.52113104 2.27299905
v 0.06299196 -0.51155460 2.28273463
v 0.06160318 -0.51494288 2.27855468
v 0.06063275 -0.51428878 2.27880168
v 0.06228912 -0.51143110 2.28257298
v 0.07050072 -0.52192032 2.28058004
v 0.07101972 -0.52008915 2.28280497
v 0.06935740 -0.51825047 2.28218102
v 0.05760235 -0.51018071 2.26685476
v 0.05810652 -0.51172805 2.26710343
v 0.05858472 -0.51052654 2.26839113
v 0.05853107 -0.50883377 2.26841378
v 0.06257067 -0.46854991 2.28804302
v 0.05588059 -0.48133522 2.29002404
v 0.05760931 -0.48272884 2.29088020
v 0.06007389 -0.48794019 2.29121971
v 0.05860021 -0.48901331 2.29106116
v 0.05518137 -0.46644557 2.27978468
v 0.05815619 -0.46686023 2.27920103
v 0.05904027 -0.46644068 2.28062224
v 0.05607367 -0.46601641 2.28163409
v 0.06015351 -0.51510644 2.26542878
v 0.06276000 -0.51578438 2.26779747
v 0.06088124 -0.51441681 2.26778269
v 0.05915981 -0.51373446 2.26587486
v 0.07000922 -0.51046610 2.28616905
v 0.06832865 -0.51551747 2.28117990
v 0.07106946 -0.49964619 2.28606606
v 0.07097309 -0.50121063 2.28855896
v 0.07076585 -0.49690628 2.28934741
v -0.03824474 -0.48542345 2.35584140
v -0.02288183 -0.48759896 2.36027837
v -0.02177838 -0.47763902 2.36364245
v -0.03580788 -0.47352356 2.36079311
v 0.07071522 -0.49546522 2.28692484
v 0.06938499 -0.50671089 2.28202319
v 0.06971048 -0.50841582 2.28496599
v 0.07222408 -0.51772213 2.28166127
v 0.07302868 -0.51242673 2.28519154
v 0.07173348 -0.51858294 2.28217435
v 0.05885601 -0.51655912 2.27473474
v 0.05854132 -0.52122819 2.27655697
v 0.05812598 -0.51646292 2.28105116
v 0.05933768 -0.51510155 2.27723050
v 0.05603332 -0.48110980 2.27166843
v 0.05726036 -0.48363864 2.27170515
v 0.05630318 -0.48230815 2.27411938
v 0.05631573 -0.48000842 2.27539682
v 0.06083064 -0.48558652 2.29096413
v 0.05846747 -0.48140788 2.29074955
v 0.05898040 -0.48064655 2.29033184
v 0.06149377 -0.48334748 2.29050159
v 0.06495742 -0.51806891 2.26904440
v 0.06553483 -0.51399696 2.27243423
v 0.06396474 -0.51308668 2.27114725
v 0.06265896 -0.48252672 2.28024626
v 0.06326543 -0.48456639 2.28116560
v 0.06467419 -0.48287797 2.28420568
v 0.06413506 -0.48036933 2.28382373
v 0.06680892 -0.47429121 2.29083538
v 0.06438189 -0.47429329 2.29187131
v 0.06217332 -0.47101480 2.29014945
v 0.06468509 -0.47087175 2.28967834
v 0.05665851 -0.47877395 2.27535462
v 0.05646263 -0.47864079 2.27340841
v 0.06503988 -0.51281583 2.28422332
v 0.06383719 -0.51710474 2.27931857
v 0.06748226 -0.51462030 2.27720213
v 0.06781411 -0.51311576 2.27963424
v 0.05819986 -0.49472499 2.27052999
v 0.05573178 -0.49562848 2.27141356
v 0.05575441 -0.49490851 2.27186298
v 0.05888718 -0.49327230 2.27123690
v 0.05860369 -0.49400896 2.26932478
v 0.05921863 -0.49257541 2.27006173
v 0.05884390 -0.49180853 2.26914573
v 0.05842431 -0.49250352 2.26855326
v 0.05485353 -0.49603128 2.27174163
v 0.05517891 -0.49565363 2.27164984
v 0.05546932 -0.49629253 2.27157784
v 0.05917492 -0.50513422 2.28040862
v 0.06044465 -0.49925292 2.28607512
v 0.05841164 -0.49843121 2.28537130
v 0.05739536 -0.50339055 2.28010774
v 0.07135956 -0.50302470 2.28918219
v 0.06338002 -0.51657951 2.25897694
v 0.06152373 -0.51838958 2.25799584
v 0.06398389 -0.52377975 2.26004386
v 0.05755764 -0.48619550 2.28290486
v 0.06018203 -0.48588622 2.27984762
v 0.05819749 -0.48491263 2.27808547
v 0.05713077 -0.48506302 2.28154635
v 0.05545007 -0.48718703 2.27442241
v 0.05377789 -0.48382956 2.27550602
v 0.05766461 -0.48525441 2.27385402
v 0.05762463 -0.49919641 2.26599288
v 0.05657339 -0.49703765 2.27027202
v 0.05777319 -0.49544924 2.26975799
v 0.05808776 -0.49516535 2.26836300
v 0.07338316 -0.49493265 2.29296374
v 0.07435770 -0.50073826 2.29237032
v 0.07268775 -0.50125480 2.29394460
v 0.07178791 -0.49512655 2.29464579
v 0.05560957 -0.46878678 2.27658105
v 0.05280352 -0.46773517 2.28097486
v 0.05494949 -0.47087932 2.27483344
v 0.07275649 -0.52628255 2.27261949
v 0.06912732 -0.52822042 2.27203178
v 0.06976443 -0.52762735 2.27522850
v 0.07350834 -0.52571189 2.27560067
v 0.05506191 -0.50464731 2.27298760
v 0.05546346 -0.50254679 2.27364922
v 0.05554370 -0.50312841 2.27172494
v 0.05504471 -0.50502521 2.27091026
v 0.03760835 -0.49356043 2.32752299
v 0.04805392 -0.48489267 2.31159997
v 0.04988401 -0.50115067 2.31163645
v 0.04305318 -0.50752711 2.32607484
v 0.06749624 -0.47657305 2.28865671
v 0.06655499 -0.47348368 2.28756762
v 0.05823873 -0.50544453 2.26092768
v 0.05725465 -0.50640881 2.25841498
v 0.05774276 -0.51203752 2.25684214
v 0.05875274 -0.50927746 2.25852346
v 0.07230631 -0.51643813 2.28872466
v 0.07512584 -0.51525378 2.28763652
v 0.05949299 -0.51465225 2.26372242
v 0.06272428 -0.51937664 2.26483774
v 0.06102968 -0.51661336 2.26529789
v 0.05923171 -0.51432228 2.26430941
v 0.05992383 -0.50599748 2.26666355
v 0.06045651 -0.50699556 2.26561069
v 0.05856283 -0.50785434 2.26538730
v 0.05773560 -0.50662971 2.26636386
v 0.05638784 -0.50998509 2.25503349
v 0.05733583 -0.51605082 2.25530267
v 0.05342789 -0.48071349 2.28906655
v 0.05992224 -0.50588846 2.26354957
v 0.06054053 -0.50802451 2.26181555
v 0.06118610 -0.50835055 2.26443481
v -0.05133590 -0.44225872 2.35876846
v -0.04804849 -0.45214534 2.35795546
v -0.04453139 -0.44426990 2.36909175
v -0.05302088 -0.43436289 2.36231518
v 0.05526841 -0.47487426 2.27160883
v 0.05587317 -0.47748077 2.27236938
v 0.05860970 -0.51339352 2.26464057
v 0.05803413 -0.51223135 2.26526737
v 0.05710850 -0.50835258 2.26690745
v 0.05794134 -0.50734949 2.26914930
v 0.06516123 -0.50557387 2.27847552
v 0.06788504 -0.49907100 2.28410625
v 0.05267899 -0.49495888 2.29895544
v 0.05034579 -0.47484183 2.29347157
v 0.05735748 -0.50821900 2.26543069
v 0.05723826 -0.50867009 2.26545572
v 0.05660747 -0.50798547 2.26633191
v 0.05663783 -0.50728679 2.26631498
v 0.06541929 -0.47089118 2.28639054
v 0.06300194 -0.50995708 2.27321434
v 0.06026968 -0.50713497 2.27259183
v 0.06043513 -0.50868690 2.27055812
v 0.07397004 -0.50480717 2.28822708
v 0.07414655 -0.51233077 2.28507137
v 0.07555719 -0.51352572 2.28614759
v 0.07523485 -0.50541043 2.28934574
v 0.05365894 -0.46724761 2.28257680
v 0.05559450 -0.50231194 2.27478480
v 0.05691442 -0.50054723 2.27489758
v 0.05570108 -0.50633174 2.27037597
v 0.05572790 -0.50679922 2.26789784
v 0.05579869 -0.47989321 2.27037477
v 0.06935708 -0.52395892 2.27611136
v 0.06989802 -0.52314198 2.27832413
v 0.06791941 -0.52202749 2.27569127
v 0.06748225 -0.52225447 2.27362347
v 0.06656311 -0.52217102 2.27012730
v 0.06652411 -0.52320731 2.26896906
v 0.06840362 -0.52438080 2.27352309
v 0.05895452 -0.50711560 2.27077246
v 0.05943140 -0.50844991 2.26930571
v 0.06215767 -0.48083442 2.27980494
v 0.06337168 -0.47616726 2.28335738
v 0.06984195 -0.49266255 2.28918433
v 0.06936789 -0.49183881 2.28641033
v 0.06923045 -0.50667691 2.29156423
v 0.06792125 -0.51507318 2.28775477
v 0.06636900 -0.51378000 2.28601789
v 0.06801815 -0.50614667 2.29022074
v 0.06173953 -0.50640982 2.28650904
v 0.05813416 -0.50677150 2.28574395
v 0.05784883 -0.49315345 2.26757789
v 0.05660367 -0.49546033 2.26383352
v 0.05533648 -0.50571108 2.27078056
v 0.05548851 -0.50622863 2.26837349
v 0.06477301 -0.48931050 2.29171991
v 0.06124764 -0.47913253 2.28907824
v 0.06495160 -0.48656881 2.29116511
v 0.05716418 -0.47736883 2.28795552
v 0.05683601 -0.47543281 2.28645635
v 0.05942181 -0.47628075 2.28770161
v 0.06667514 -0.48662621 2.28618431
v 0.06835957 -0.48914266 2.28786159
v 0.05447698 -0.49603736 2.27231264
v 0.05273722 -0.49523681 2.27400994
v 0.05352056 -0.49554020 2.27210903
v 0.06831942 -0.50578266 2.27992034
v 0.07016784 -0.49911553 2.28440499
v 0.05994176 -0.50913775 2.26470780
v 0.05901806 -0.50046325 2.27043223
v 0.05958174 -0.50265074 2.26695204
v 0.06289202 -0.51203310 2.26200676
v 0.06121287 -0.51092613 2.26352739
v 0.06083887 -0.50997865 2.26422882
v 0.06194328 -0.50999725 2.26318383
v 0.04787962 -0.48743248 2.27686644
v 0.05124555 -0.48547804 2.27627444
v 0.05262455 -0.48821926 2.27451491
v 0.06551251 -0.52200997 2.26767492
v 0.06611010 -0.52086782 2.26971102
v 0.06502908 -0.51864660 2.28053808
v 0.05891133 -0.51254714 2.26783609
v 0.05948268 -0.51164508 2.26940751
v 0.05928548 -0.52593505 2.26700163
v 0.05891949 -0.52253747 2.26508546
v 0.05895733 -0.52210820 2.26385474
v 0.05916646 -0.52570319 2.26188326
v 0.05603244 -0.47163498 2.28499937
v 0.05882604 -0.47335494 2.28719306
v 0.05859683 -0.47455162 2.28694415
v 0.05648443 -0.47342104 2.28526831
v 0.05762329 -0.48420572 2.27775764
v 0.05687476 -0.48438364 2.28079271
v 0.07098930 -0.49519491 2.29088545
v 0.07030673 -0.49392235 2.29044271
v 0.07105801 -0.49851221 2.29021001
v 0.07182230 -0.50013053 2.29030323
v 0.05608803 -0.50657988 2.27462292
v 0.05545537 -0.50541151 2.27496767
v 0.06014383 -0.51813555 2.26961112
v 0.06206364 -0.52084744 2.26962948
v 0.06072229 -0.52144730 2.26515055
v 0.05913698 -0.51967311 2.26568937
v 0.06615926 -0.52048242 2.28214049
v 0.05966007 -0.51017869 2.26986122
v 0.06028792 -0.51094580 2.27074742
v 0.05917136 -0.51025903 2.26918101
v 0.05721160 -0.50589615 2.26714563
v 0.05941409 -0.50517738 2.26788211
v 0.06212754 -0.51300991 2.26330471
v 0.06574254 -0.51785767 2.26446557
v 0.06473982 -0.51799154 2.26470613
v 0.06146402 -0.51381648 2.26327395
v 0.05757929 -0.51048291 2.26539016
v 0.00303984 -0.50082469 2.35899162
v 0.00371701 -0.51328981 2.35905647
v -0.06039684 -0.49140632 2.17474222
v -0.06743468 -0.49254251 2.18090916
v -0.06567400 -0.48543155 2.18090129
v -0.05881649 -0.48421323 2.17612076
v 0.05950670 -0.51816249 2.25792670
v 0.06021344 -0.52168453 2.26055169
v 0.06117133 -0.52277410 2.26043534
v 0.05997975 -0.51943958 2.25835538
v 0.06743938 -0.52088809 2.27380013
v 0.07131520 -0.52039170 2.28009534
v 0.05809022 -0.49835873 2.27413630
v 0.05486280 -0.49547923 2.27554083
v 0.04478188 -0.49324775 2.27563047
v 0.04503502 -0.49431068 2.27499318
v 0.04561336 -0.49457645 2.27619958
v 0.04537262 -0.49353051 2.27706695
v 0.04858522 -0.49009717 2.27947593
v 0.05142477 -0.48872954 2.27870011
v 0.05072837 -0.48631322 2.27843499
v 0.04801492 -0.48787129 2.27991438
v 0.04453494 -0.49074948 2.27757788
v 0.04465486 -0.49198699 2.27649212
v 0.04536515 -0.49221694 2.27816343
v 0.04538268 -0.49084830 2.27957249
v 0.06481355 -0.52081406 2.26586056
v 0.06676519 -0.52171481 2.26732039
v 0.07284114 -0.51919341 2.27950144
v 0.07330544 -0.51764905 2.28149867
v 0.07052312 -0.52238858 2.27557015
v 0.07085266 -0.52159202 2.27777147
v 0.05746978 -0.48590273 2.27023578
v 0.05852940 -0.48700637 2.27168012
v 0.05809383 -0.48553324 2.27243090
v 0.07374854 -0.52202380 2.27792907
v 0.07382874 -0.52458572 2.27823114
v 0.05816120 -0.46979874 2.27729607
v 0.05714529 -0.46817148 2.27745056
v 0.03611688 -0.39885473 2.30686808
v 0.04470719 -0.40997839 2.31337428
v 0.04488225 -0.40171045 2.31969190
v 0.03641064 -0.39149618 2.31355023
v 0.06220505 -0.51358557 2.25916147
v 0.06058704 -0.51560545 2.25774622
v 0.04468522 -0.48901713 2.27727890
v 0.04460302 -0.48901224 2.27888441
v 0.04749411 -0.48730338 2.27859473
v 0.05008325 -0.49184507 2.27392745
v 0.04585793 -0.49253631 2.27444506
v 0.04876014 -0.49138939 2.27869248
v 0.04915601 -0.49516547 2.27503657
v 0.04986950 -0.49543786 2.27345371
v 0.05381465 -0.48221314 2.27827311
v 0.05546434 -0.48287821 2.28026009
v 0.05691015 -0.48140413 2.27734995
v 0.04553434 -0.48905551 2.28039193
v 0.05576850 -0.50646555 2.27220726
v 0.05184038 -0.49206936 2.27771139
v 0.05466262 -0.49112403 2.28021693
v 0.05463486 -0.48880190 2.28065515
v 0.05171911 -0.49033755 2.27865076
v 0.06521830 -0.48327988 2.28596830
v 0.06533852 -0.48476779 2.28493619
v 0.05767814 -0.48797786 2.28397608
v 0.06126220 -0.48727340 2.28221607
v 0.05741564 -0.50134563 2.27322578
v 0.05851006 -0.50341511 2.27017856
v 0.05502614 -0.49623579 2.27232242
v 0.05218049 -0.49363554 2.27602983
v 0.05481241 -0.49287236 2.27882028
v 0.05021224 -0.49312556 2.27347469
v 0.05395916 -0.49303758 2.27265906
v 0.05364518 -0.49409300 2.27230000
v 0.05011979 -0.49411768 2.27320123
v 0.06203640 -0.51250851 2.27032518
v 0.05959873 -0.51276517 2.25766802
v 0.06124377 -0.51075041 2.26000810
v 0.05994935 -0.53566122 2.27533197
v 0.05910436 -0.53080559 2.28401542
v 0.05919945 -0.52519524 2.27209997
v 0.04878019 -0.49283665 2.27753115
v 0.04556749 -0.49506879 2.27434134
v 0.04659101 -0.49412483 2.27386975
v 0.07081759 -0.49044210 2.29067278
v 0.05774792 -0.48096460 2.27731442
v 0.05617708 -0.50454164 2.26882935
v 0.06931692 -0.50122494 2.29306364
v 0.06877236 -0.49545676 2.29381895
v 0.05542314 -0.50577927 2.26857424
v 0.05602398 -0.50649846 2.26745963
v 0.05633657 -0.48358190 2.28070831
v 0.05720411 -0.48294526 2.27736950
v 0.05619830 -0.50675863 2.26702571
v 0.05827860 -0.48715597 2.27316236
v 0.06721566 -0.51538289 2.27524209
v 0.06271430 -0.47656643 2.29098821
v 0.06085601 -0.47385287 2.28929234
v 0.04625843 -0.49346280 2.27397370
v 0.05003440 -0.48612523 2.27768946
v 0.04900101 -0.49416536 2.27630806
v 0.05676243 -0.49089563 2.27313972
v 0.05591659 -0.48902297 2.27340031
v 0.05891765 -0.48895091 2.27254391
v 0.06265798 -0.48859614 2.28353143
v 0.05853101 -0.49043500 2.28551483
v 0.05938968 -0.49238420 2.28704309
v 0.06445809 -0.49020451 2.28464031
v 0.06779399 -0.48990101 2.29410291
v 0.06642400 -0.48434818 2.29347754
v 0.06886838 -0.48289865 2.29419494
v 0.07062934 -0.48885351 2.29491401
v 0.05909808 -0.55296886 2.27508259
v 0.06052923 -0.53728473 2.26653934
v 0.05972035 -0.55319703 2.26179647
v 0.06473774 -0.52499831 2.27357531
v 0.06518076 -0.52379286 2.27630353
v 0.07028110 -0.52662885 2.27823949
v 0.05835354 -0.52127206 2.25809741
v 0.05899703 -0.52119017 2.26248360
v 0.05940768 -0.52094972 2.26040888
v 0.07279667 -0.50712174 2.29246426
v 0.05778502 -0.50228941 2.26321578
v 0.05963054 -0.50411260 2.26509166
v 0.06374981 -0.49073589 2.29201055
v 0.06526877 -0.48773742 2.28358555
v 0.06734690 -0.48932588 2.28500867
v 0.07032956 -0.52260470 2.26679301
v 0.06730133 -0.51954401 2.26564789
v 0.00124676 -0.37496138 2.29287195
v 0.00183703 -0.37123883 2.29998398
v -0.00922715 -0.43544394 2.18404889
v -0.00797052 -0.43610168 2.18545890
v -0.00917837 -0.43822652 2.18539810
v -0.00981486 -0.43783343 2.18479681
v -0.00827748 -0.42809308 2.18986559
v -0.00905406 -0.43002248 2.19013357
v -0.00806257 -0.43033022 2.19108963
v -0.00708947 -0.42865014 2.19064236
v -0.01220351 -0.43776625 2.18589067
v -0.01349247 -0.43408906 2.18493462
v -0.01199647 -0.43429005 2.18312311
v -0.01115189 -0.43793356 2.18490458
v 0.06992034 -0.52577603 2.26598120
v -0.00502030 -0.42831933 2.19002604
v -0.00608971 -0.43043709 2.19031048
v -0.00549197 -0.42997074 2.18833899
v -0.00373144 -0.42830569 2.18791795
v -0.01206715 -0.42451394 2.18251324
v -0.01121268 -0.42635769 2.18128371
v -0.01220321 -0.42672569 2.18388605
v -0.01194657 -0.42515302 2.18515038
v -0.00950225 -0.42720741 2.18149900
v -0.00764183 -0.42609322 2.18002748
v -0.00592374 -0.42697310 2.18150187
v -0.00813949 -0.42794603 2.18285179
v -0.01292640 -0.43119097 2.18732691
v -0.01140631 -0.42887855 2.18698478
v -0.01350373 -0.42949247 2.18396211
v -0.00537762 -0.43293846 2.18884325
v -0.00661387 -0.43267131 2.19071770
v -0.00781492 -0.43620807 2.18925238
v -0.00661235 -0.43652093 2.18799806
v 0.03831008 -0.41213071 2.29612899
v 0.04525831 -0.42201757 2.30615735
v 0.01600358 -0.45998210 2.19600010
v 0.01554932 -0.45686018 2.19620037
v 0.01152368 -0.45733404 2.19513750
v 0.01223374 -0.46012515 2.19495201
v 0.05943881 -0.49058831 2.27067161
v 0.05882506 -0.49070942 2.26924968
v 0.06562336 -0.52238965 2.27924156
v 0.06960198 -0.52257407 2.27294421
v 0.06441911 -0.52544439 2.27071619
v 0.06288350 -0.52501655 2.26512218
v 0.06170109 -0.52301323 2.26535130
v 0.06298070 -0.52297735 2.27009797
v 0.07272311 -0.52312982 2.27297688
v 0.05904796 -0.47983778 2.27780461
v 0.06547897 -0.51021564 2.27494502
v 0.06206300 -0.52407444 2.26261592
v 0.06533186 -0.52599156 2.26232934
v 0.07290716 -0.50485885 2.28824329
v 0.07315071 -0.52287865 2.27550840
v 0.07161409 -0.52092922 2.27526236
v 0.06403986 -0.51448357 2.26130319
v 0.06017520 -0.49610126 2.28755641
v 0.06679364 -0.49547064 2.28529811
v 0.06622221 -0.49222612 2.28536272
v -0.10977478 -0.51209629 2.29084373
v -0.10952430 -0.51028609 2.29315233
v -0.10969777 -0.50801134 2.29224539
v -0.10978085 -0.50965023 2.29013634
v -0.10460275 -0.49518067 2.29809666
v -0.10513157 -0.50262904 2.29587746
v -0.10632534 -0.50514609 2.29542708
v -0.10660142 -0.50291049 2.29562044
v 0.05959230 -0.49392211 2.28761029
v 0.05535048 -0.50415587 2.27501059
v 0.05549129 -0.47935843 2.26796436
v 0.06528851 -0.47811627 2.28590894
v -0.10365567 -0.48442489 2.30055833
v -0.10273713 -0.48479623 2.29979968
v -0.10463047 -0.48965359 2.29927373
v -0.10557451 -0.48971200 2.30007792
v 0.06623672 -0.48019361 2.28740144
v 0.01875799 -0.50007492 2.35107327
v 0.02177402 -0.51291716 2.35138011
v 0.07488867 -0.50638115 2.29108357
v 0.06478950 -0.52098083 2.26699233
v 0.06103514 -0.48031831 2.27901816
v 0.06101013 -0.47506505 2.28100872
v 0.05946669 -0.47431409 2.27917409
v 0.05997657 -0.51116657 2.27021122
v 0.06294997 -0.49182123 2.29161692
v 0.06283018 -0.49441904 2.29144573
v 0.04588613 -0.49498570 2.27547693
v 0.06550346 -0.48543274 2.29206872
v 0.06210652 -0.47786599 2.28997421
v 0.04881437 -0.43232411 2.31592083
v 0.04653993 -0.44210398 2.32761621
v -0.08786558 -0.45789778 2.28990412
v -0.09090891 -0.46034420 2.29048967
v -0.09090967 -0.45900816 2.29280925
v -0.08619692 -0.45742667 2.29193544
v 0.04784833 -0.43155658 2.33282018
v 0.04887510 -0.42113733 2.32241559
v 0.05577923 -0.49214625 2.26168156
v 0.05693411 -0.48704040 2.26751804
v 0.05627948 -0.48514086 2.26654410
v 0.01491593 -0.38530105 2.29084682
v 0.01308324 -0.37743783 2.30090189
v 0.05558884 -0.47794312 2.26428986
v 0.05546581 -0.47202235 2.25509024
v 0.05533492 -0.48598766 2.24699759
v 0.05546414 -0.48632884 2.25869799
v 0.03965683 -0.49483132 2.19983387
v 0.04152922 -0.49765956 2.20315385
v 0.04294207 -0.48935115 2.20843458
v 0.04055831 -0.48839462 2.20468760
v -0.00456997 -0.53525043 2.15797853
v -0.01485396 -0.53419268 2.15621614
v -0.01504616 -0.54400969 2.15702033
v -0.00450033 -0.54510057 2.15912414
v 0.02311766 -0.52239287 2.35038042
v 0.02360530 -0.53383946 2.34819078
v 0.00480088 -0.53389609 2.35780597
v 0.00416426 -0.52273905 2.35885954
v -0.00565752 -0.57212591 2.16953969
v -0.01655422 -0.57149470 2.16672182
v -0.01677807 -0.58104706 2.17327929
v -0.08329376 -0.45904255 2.29211235
v -0.08678373 -0.46038073 2.29631329
v -0.08662024 -0.46337533 2.29553795
v -0.08389333 -0.46195132 2.29238367
v -0.00575920 -0.58108401 2.17615986
v 0.03473653 -0.46355939 2.20440984
v 0.03760639 -0.45810205 2.20741892
v 0.03347065 -0.45569730 2.20469427
v 0.03142346 -0.46149409 2.20226431
v 0.06110990 -0.46990478 2.28057098
v 0.05991348 -0.46990490 2.27919602
v -0.10569583 -0.51378608 2.27235365
v -0.10577835 -0.51065958 2.27358174
v -0.10420640 -0.50894701 2.27200842
v -0.10405097 -0.51195323 2.27037621
v -0.08919956 -0.49039531 2.29649687
v -0.08730271 -0.48386008 2.29795909
v -0.09374701 -0.48902971 2.29884648
v -0.09427167 -0.49165595 2.29758286
v -0.01677056 -0.59066761 2.18186760
v -0.00561386 -0.59034514 2.18455958
v -0.00637450 -0.46110308 2.18623781
v -0.10331324 -0.50858152 2.28437352
v -0.10404818 -0.51097715 2.28707433
v -0.10427408 -0.50954831 2.28907442
v -0.10322165 -0.50688249 2.28747702
v -0.10622022 -0.51430321 2.29063129
v -0.10617411 -0.51225317 2.29331827
v -0.08717850 -0.46401614 2.28390741
v -0.08655591 -0.46660811 2.28143287
v -0.08727027 -0.46855450 2.28169346
v -0.08756876 -0.46839845 2.28338766
v -0.08817311 -0.48650700 2.28822708
v -0.09064377 -0.48909271 2.28487039
v -0.09889734 -0.47317874 2.30074668
v -0.09902522 -0.47434068 2.29909587
v -0.10140683 -0.47936082 2.30028462
v -0.10134345 -0.47877985 2.30188203
v -0.00602481 -0.46418041 2.18782663
v -0.00215440 -0.46224111 2.19079804
v -0.00247085 -0.45935690 2.18956089
v -0.01574021 -0.50323856 2.15984941
v -0.01541398 -0.51158273 2.15827823
v -0.00631898 -0.51308322 2.15936637
v -0.00708384 -0.50444007 2.16036940
v 0.00229334 -0.46099389 2.19301534
v 0.00153264 -0.45836937 2.19251347
v -0.01567226 -0.55342638 2.15891171
v -0.00494903 -0.55456245 2.16151476
v -0.00691376 -0.62118411 2.22565413
v -0.09643500 -0.47571677 2.29609275
v -0.09885016 -0.47950155 2.29806852
v -0.09983443 -0.48085064 2.29940414
v -0.09870178 -0.47803652 2.29850793
v -0.00655383 -0.61671948 2.21808481
v -0.01794343 -0.61864650 2.21770000
v -0.10616990 -0.51085985 2.28217292
v -0.10449894 -0.51056993 2.27685452
v -0.10540742 -0.51003993 2.27688241
v -0.10704629 -0.51029778 2.28234649
v -0.01667418 -0.62488973 2.22893476
v 0.05353944 -0.52063560 2.30925846
v 0.05660426 -0.51248538 2.29600406
v 0.05752582 -0.52375686 2.29086637
v 0.05562666 -0.53698146 2.30233717
v 0.02600523 -0.39513320 2.29312634
v 0.02461430 -0.38708150 2.30349422
v -0.09663521 -0.50181133 2.29115558
v -0.09596860 -0.50550312 2.28701329
v -0.09504839 -0.50473678 2.28685713
v -0.09596346 -0.50181627 2.29094267
v -0.10621706 -0.51130462 2.29012537
v -0.10625707 -0.50940692 2.29241586
v -0.10447823 -0.50776190 2.29158759
v -0.09313788 -0.50116342 2.27474022
v -0.09380275 -0.50228286 2.27513075
v -0.09421488 -0.50120348 2.27624011
v -0.09368509 -0.49971712 2.27628064
v -0.09032926 -0.45967865 2.29621506
v -0.08459666 -0.47332460 2.29728580
v -0.08646396 -0.47438204 2.29830909
v -0.08961052 -0.47913277 2.29888296
v -0.08830434 -0.48042035 2.29866719
v 0.03099940 -0.51008880 2.18278813
v 0.03283205 -0.51716375 2.18388939
v 0.03658607 -0.51278222 2.19051147
v 0.03470589 -0.50633931 2.18858862
v -0.01585172 -0.49014360 2.16322112
v -0.00849214 -0.49083585 2.16323853
v -0.00990007 -0.48491001 2.16601825
v -0.01600301 -0.48422086 2.16595292
v -0.08372483 -0.45838737 2.28749442
v -0.08685938 -0.45845044 2.28731465
v -0.08747652 -0.45794332 2.28877854
v -0.08427805 -0.45786935 2.28945589
v 0.04056781 -0.48171085 2.20827699
v 0.04351810 -0.48069072 2.21196938
v 0.04301551 -0.47119427 2.21218014
v 0.03969730 -0.47368491 2.20872307
v 0.03717978 -0.46635723 2.20625997
v -0.09660804 -0.50532854 2.27380991
v -0.09902199 -0.50604582 2.27644920
v -0.09692884 -0.50489378 2.27621102
v -0.09534445 -0.50411326 2.27413917
v 0.04027931 -0.46150243 2.20940709
v -0.10386758 -0.50016063 2.29525614
v -0.10323205 -0.50517070 2.29034662
v -0.00543744 -0.52364492 2.15786552
v -0.01523313 -0.52222919 2.15640020
v 0.03948360 -0.50601041 2.19742727
v 0.03766332 -0.50096458 2.19456100
v -0.00954365 -0.46231759 2.18238950
v -0.00880608 -0.46544898 2.18488789
v -0.01186000 -0.46776474 2.18026996
v -0.10287867 -0.48928386 2.29508972
v -0.10276827 -0.49088109 2.29760027
v -0.10186054 -0.48665756 2.29832935
v -0.10200167 -0.48515570 2.29582644
v -0.01540725 -0.46446490 2.17530274
v -0.01582251 -0.46851814 2.17448735
v -0.01271015 -0.47038901 2.17776823
v 0.01075642 -0.50873876 2.16597414
v 0.01184534 -0.51699114 2.16540384
v 0.01956913 -0.51891172 2.17077851
v 0.01840054 -0.51098263 2.17075872
v -0.00533020 -0.56330955 2.16480684
v -0.10325541 -0.49650526 2.29096532
v -0.10342579 -0.49819690 2.29396653
v -0.01617189 -0.56235957 2.16199565
v -0.01615029 -0.47708595 2.17069387
v -0.01194469 -0.47812295 2.17192531
v -0.01260020 -0.47548831 2.17468119
v -0.10722279 -0.50686812 2.29132223
v -0.10709324 -0.50172842 2.29465008
v -0.10680866 -0.50782895 2.29183483
v -0.09404476 -0.50721371 2.28278303
v -0.09400211 -0.51179373 2.28451562
v -0.09307179 -0.50699264 2.28979397
v -0.09406753 -0.50573558 2.28539252
v -0.01594365 -0.47431052 2.17257476
v 0.00663721 -0.45769936 2.19400215
v 0.00736923 -0.46029449 2.19400239
v 0.05294421 -0.47071964 2.28418493
v 0.05427416 -0.46991384 2.28422999
v 0.05478560 -0.50641412 2.24993944
v 0.05485844 -0.49595869 2.25379014
v 0.05423878 -0.49816918 2.24070382
v 0.05285256 -0.51063752 2.23628688
v 0.05428824 -0.52283990 2.23333549
v 0.05592382 -0.53385448 2.23351359
v 0.05754809 -0.52335989 2.24775124
v 0.05609357 -0.51546609 2.24741697
v 0.04283162 -0.44001848 2.34257984
v 0.03980747 -0.45015252 2.33954191
v -0.01522532 -0.46044606 2.17442131
v -0.01518608 -0.45671976 2.17358017
v 0.00190486 -0.57559621 2.34540653
v -0.08794242 -0.47226131 2.28004551
v -0.08925524 -0.47463483 2.28012824
v -0.08819330 -0.47345769 2.28254962
v -0.08746515 -0.47119772 2.28310132
v 0.00237696 -0.56289208 2.34965372
v 0.02295386 -0.56407595 2.34033585
v 0.02145879 -0.57580125 2.33429790
v 0.05125678 -0.50965774 2.31102896
v -0.09011699 -0.47670937 2.29868460
v -0.08712257 -0.47304273 2.29819369
v -0.08758187 -0.47224432 2.29775190
v -0.09050737 -0.47450435 2.29825068
v 0.05490911 -0.50330919 2.29811716
v -0.00691998 -0.43241966 2.18530655
v -0.01028365 -0.43862522 2.18735623
v -0.00981760 -0.43584442 2.18953896
v -0.01044681 -0.43798244 2.18797827
v -0.00666183 -0.42886680 2.18497443
v -0.00422785 -0.42775607 2.18396640
v -0.00890007 -0.43240261 2.19131923
v -0.00981991 -0.43223631 2.19077563
v -0.01063102 -0.43590343 2.18918371
v -0.00918995 -0.43872094 2.18650651
v -0.01466870 -0.42170227 2.18156624
v -0.01426069 -0.42163944 2.17824411
v -0.01058194 -0.42351401 2.17831635
v -0.01191202 -0.42318577 2.18094730
v -0.01238766 -0.43727028 2.18669176
v -0.01316541 -0.43481636 2.18709660
v -0.01223105 -0.42938399 2.18159771
v -0.01060872 -0.43478429 2.18323302
v -0.01045393 -0.43791497 2.18468261
v -0.01053344 -0.43045920 2.18191147
v -0.01077701 -0.42652994 2.18738747
v -0.00883342 -0.43146718 2.18326688
v -0.10146039 -0.50808799 2.27796745
v -0.10118481 -0.50394583 2.28129268
v -0.09946295 -0.50325489 2.27985859
v -0.09334586 -0.47320646 2.28822160
v -0.09409409 -0.47516859 2.28928566
v -0.09454792 -0.47340351 2.29218364
v -0.09377293 -0.47099084 2.29172492
v 0.06384514 -0.48622376 2.28237963
v 0.04634576 -0.43279856 2.29047132
v 0.04921614 -0.45010066 2.28918409
v 0.04869599 -0.45271826 2.29461980
v -0.09454482 -0.46507365 2.29871917
v -0.09201096 -0.46542388 2.29941988
v -0.08958566 -0.46240187 2.29771352
v -0.09219794 -0.46190476 2.29749823
v -0.08758608 -0.46999109 2.28295445
v -0.08757254 -0.46982509 2.28123999
v -0.09865423 -0.50287938 2.29288602
v -0.09845341 -0.50729501 2.28770828
v 0.04731105 -0.43699551 2.29947519
v 0.06247097 -0.51140487 2.27167153
v 0.04462156 -0.52835286 2.20261335
v 0.04596201 -0.54375851 2.20473385
v 0.05269229 -0.53959119 2.22003984
v -0.10269202 -0.50445700 2.28638935
v -0.10268585 -0.50283605 2.28872752
v 0.05198809 -0.52705300 2.22084379
v 0.04478206 -0.55610347 2.20737076
v 0.05198687 -0.55260980 2.22117329
v 0.05706911 -0.54698694 2.23517680
v 0.06012117 -0.53579414 2.25749326
v 0.02303895 -0.47437060 2.19315314
v 0.02348239 -0.47410899 2.19304991
v 0.02178123 -0.47313929 2.19220042
v -0.09143044 -0.48592740 2.27901101
v -0.08900254 -0.48713464 2.27972031
v -0.08888565 -0.48642141 2.28016520
v -0.09186959 -0.48439920 2.27977610
v 0.02177162 -0.47335917 2.19222474
v 0.02255259 -0.47470242 2.19362879
v 0.02122905 -0.47365355 2.19290853
v -0.09189627 -0.48513532 2.27782226
v -0.09227532 -0.48362708 2.27861786
v -0.09190641 -0.48287547 2.27763104
v -0.09162771 -0.48361897 2.27701044
v 0.02341690 -0.47560501 2.19419646
v 0.02398096 -0.47523606 2.19389749
v 0.02426843 -0.47497827 2.19394183
v 0.00557154 -0.47220528 2.19099021
v 0.00626547 -0.47290498 2.19130492
v 0.00871012 -0.47207785 2.19136691
v 0.00802690 -0.47144556 2.19054723
v 0.00535996 -0.47177076 2.19083691
v 0.00800780 -0.47100478 2.19041228
v -0.08816546 -0.48766553 2.28002787
v -0.08843725 -0.48724413 2.27992702
v -0.08880351 -0.48782599 2.27988863
v -0.09232002 -0.49597752 2.28852797
v -0.09306836 -0.48995554 2.29392505
v -0.09097911 -0.48940963 2.29313993
v -0.09013414 -0.49469304 2.28809094
v 0.00927913 -0.47730696 2.19507813
v 0.00879771 -0.47759175 2.19506860
v -0.10342762 -0.49259508 2.29838943
v 0.01020789 -0.47700679 2.19498205
v 0.00392096 -0.47497189 2.19188619
v 0.00389280 -0.47571146 2.19119477
v -0.10078198 -0.50641137 2.26789832
v -0.09926049 -0.50835121 2.26667738
v -0.10210367 -0.51337564 2.26898837
v 0.00871515 -0.47813159 2.19439340
v 0.00875475 -0.47782493 2.19482994
v 0.00399827 -0.47446203 2.19211364
v -0.08851338 -0.47755158 2.29070568
v -0.09146595 -0.47687370 2.28774524
v -0.08979969 -0.47602528 2.28642797
v -0.08813684 -0.47645879 2.28934312
v -0.08769985 -0.47851455 2.28279781
v -0.08548724 -0.47534657 2.28360629
v -0.08976329 -0.47623646 2.28237629
v -0.09203135 -0.49042237 2.27442050
v -0.09037671 -0.48844647 2.27874231
v -0.09117531 -0.48670053 2.27820039
v -0.09158215 -0.48635471 2.27681017
v -0.10346234 -0.48446798 2.30196166
v -0.10533906 -0.49010372 2.30157590
v -0.10356509 -0.49075615 2.30271173
v -0.10176501 -0.48485327 2.30324626
v 0.00246966 -0.47408754 2.19233632
v 0.00179914 -0.47453296 2.19239616
v -0.08485699 -0.46048546 2.28433251
v -0.08108379 -0.46007079 2.28841662
v -0.08450198 -0.46249950 2.28227758
v -0.10954266 -0.51538503 2.28230619
v -0.10625013 -0.51781917 2.28133631
v -0.10648394 -0.51710999 2.28456283
v -0.10992508 -0.51477301 2.28533483
v -0.08854714 -0.49605507 2.28102875
v -0.08925672 -0.49403286 2.28174138
v -0.08966105 -0.49458069 2.27976751
v -0.08886590 -0.49639833 2.27893043
v 0.00173934 -0.47555399 2.19141436
v 0.01342319 -0.47039914 2.19054675
v 0.01369839 -0.46968704 2.19091010
v 0.00888494 -0.46955484 2.19079995
v 0.00836383 -0.47036600 2.19047284
v 0.01317572 -0.47090226 2.19045067
v 0.01665894 -0.47166741 2.19101810
v 0.01680312 -0.47113812 2.19117498
v 0.01700158 -0.47048563 2.19159937
v -0.06427945 -0.48761523 2.33468843
v -0.07369084 -0.47779310 2.31937766
v -0.07918186 -0.49329048 2.31926274
v -0.07121161 -0.50059098 2.33310723
v -0.09575208 -0.46709603 2.29687977
v -0.09465620 -0.46415424 2.29569769
v -0.09386652 -0.49645507 2.26911211
v -0.09331280 -0.49720573 2.26699138
v -0.09455503 -0.50265324 2.26545715
v -0.09512709 -0.49983746 2.26723289
v 0.00580176 -0.47036588 2.19057155
v 0.00552044 -0.47128606 2.19056797
v 0.01720527 -0.46992087 2.19189596
v 0.01400162 -0.46915662 2.19139433
v -0.10604575 -0.50571048 2.29824877
v -0.10885967 -0.50419152 2.29749608
v 0.00915469 -0.46897936 2.19121361
v 0.00568427 -0.46987236 2.19091845
v 0.00281076 -0.47102022 2.19112682
v 0.00394550 -0.47136462 2.19090223
v 0.01443922 -0.46859992 2.19192791
v 0.01440847 -0.46786296 2.19260693
v 0.00948191 -0.46757346 2.19219327
v 0.00945281 -0.46836603 2.19165397
v -0.09610479 -0.50500047 2.27211881
v -0.09985615 -0.50965977 2.27372217
v -0.09764513 -0.50709295 2.27386117
v -0.09575859 -0.50468695 2.27259111
v -0.09478892 -0.49681771 2.27487159
v -0.09553376 -0.49774849 2.27385545
v -0.09386373 -0.49874127 2.27347207
v -0.09276456 -0.49766380 2.27431989
v 0.01747853 -0.46935439 2.19257784
v 0.01746328 -0.46864450 2.19327593
v -0.09303901 -0.50080967 2.26359153
v -0.09473649 -0.50648475 2.26387954
v 0.02539261 -0.47595072 2.19535947
v 0.02583263 -0.47685057 2.19592166
v 0.02586966 -0.47631180 2.19610238
v -0.08309516 -0.47280777 2.29710746
v 0.02569648 -0.47570091 2.19594193
v 0.02881125 -0.47536427 2.19960546
v 0.02953221 -0.47708344 2.19982100
v 0.03122399 -0.47714627 2.20121861
v -0.09524263 -0.49672437 2.27188063
v -0.09617712 -0.49867821 2.27020645
v -0.09656862 -0.49894285 2.27285624
v -0.08582291 -0.46624011 2.27929187
v -0.08688598 -0.46871448 2.28009796
v -0.09492490 -0.50383908 2.27289915
v -0.09405417 -0.50281298 2.27346778
v -0.09238168 -0.49942076 2.27473807
v -0.09270861 -0.49836469 2.27710271
v 0.03028055 -0.47518736 2.20093846
v -0.09881003 -0.49552184 2.28675818
v -0.10000993 -0.48904657 2.29283237
v 0.03885897 -0.46962070 2.20783091
v 0.03251139 -0.47298825 2.20269537
v 0.03377103 -0.47530138 2.20353365
v 0.02495850 -0.47531199 2.19478488
v 0.02432125 -0.47456896 2.19417500
v 0.02481979 -0.47565711 2.19459653
v 0.02522161 -0.47642809 2.19525623
v 0.02531711 -0.47494626 2.19550347
v 0.02449783 -0.47404659 2.19468975
v 0.02341380 -0.47379589 2.19328022
v 0.02375653 -0.47310638 2.19374251
v 0.02199230 -0.47209918 2.19290471
v 0.02181010 -0.47277522 2.19243550
v 0.01968312 -0.47195899 2.19187593
v -0.08316851 -0.48672748 2.30645013
v -0.07877105 -0.46752346 2.30223536
v 0.01993861 -0.47251648 2.19168663
v 0.01987953 -0.47130048 2.19235706
v 0.02217985 -0.47164208 2.19344044
v 0.02007021 -0.47076309 2.19281912
v 0.02386621 -0.47268033 2.19440269
v 0.02467323 -0.47374368 2.19533324
v 0.02551727 -0.47476745 2.19615602
v 0.02604852 -0.47557300 2.19659352
v 0.02630221 -0.47642773 2.19671512
v 0.02589885 -0.47457647 2.19695640
v 0.02668947 -0.47435099 2.19805431
v 0.02542282 -0.47311115 2.19718456
v 0.02490916 -0.47345084 2.19607306
v 0.02660804 -0.47556269 2.19743109
v 0.02744540 -0.47551298 2.19855165
v -0.09275459 -0.49921978 2.27337575
v -0.09273613 -0.49968815 2.27337170
v -0.09187183 -0.49909914 2.27415967
v -0.09178142 -0.49842954 2.27415800
v 0.02388761 -0.47242391 2.19522429
v 0.02399623 -0.47196639 2.19605517
v 0.02245622 -0.47069335 2.19486809
v 0.02243625 -0.47116196 2.19407511
v -0.09325995 -0.46173251 2.29456162
v -0.09792979 -0.50013119 2.28144836
v -0.09435501 -0.49747849 2.28084540
v -0.09559701 -0.49912393 2.27848506
v 0.02025741 -0.47027701 2.19333172
v 0.02055562 -0.46965498 2.19411707
v -0.10616045 -0.49406534 2.29776525
v -0.10802709 -0.50152695 2.29464674
v -0.10942501 -0.50255990 2.29581547
v -0.10729333 -0.49453998 2.29901433
v 0.01307868 -0.47111797 2.19056797
v 0.01276857 -0.47169673 2.19144821
v 0.01636455 -0.47205150 2.19189215
v 0.01666995 -0.47188830 2.19112301
v 0.01994091 -0.47264695 2.19170761
v -0.08190970 -0.45946699 2.29005980
v -0.08925605 -0.49380869 2.28295946
v -0.09042040 -0.49190933 2.28326392
v 0.01937276 -0.47274262 2.19243383
v 0.01626043 -0.47253728 2.19281769
v 0.01453886 -0.47646976 2.19520330
v 0.01604327 -0.47673094 2.19542336
v 0.01897607 -0.47316068 2.19327402
v -0.09013434 -0.49762207 2.27813673
v -0.09065373 -0.49806082 2.27559137
v 0.01303148 -0.47235250 2.19237041
v 0.01316275 -0.47640878 2.19493508
v 0.00966912 -0.47289026 2.19203472
v -0.08720219 -0.47121018 2.27816081
v 0.01133611 -0.47664964 2.19490933
v 0.00702437 -0.47336394 2.19178104
v 0.01371068 -0.48173618 2.18436146
v 0.01375680 -0.48173070 2.18398142
v 0.01852238 -0.48182678 2.18442416
v 0.01812595 -0.48180264 2.18499255
v 0.03581474 -0.53295577 2.33661294
v 0.03566162 -0.54872549 2.33371806
v 0.02380149 -0.54869139 2.34521604
v 0.02117261 -0.48041314 2.18687463
v 0.02113739 -0.48140919 2.18676925
v 0.02371522 -0.48110557 2.18848681
v 0.02360326 -0.48032737 2.18881416
v 0.02126484 -0.47936451 2.18697524
v -0.10562665 -0.51333106 2.28537035
v -0.10595617 -0.51253724 2.28783345
v -0.10399215 -0.51158679 2.28475928
v -0.10378305 -0.51184154 2.28270936
v -0.10312767 -0.51181531 2.27917337
v -0.10333558 -0.51287711 2.27795506
v -0.10498186 -0.51380420 2.28272963
v -0.09319910 -0.49795377 2.27908540
v -0.09465817 -0.49907386 2.27722764
v 0.02334374 -0.47932351 2.18910670
v 0.01844729 -0.47939295 2.18500662
v -0.09265816 -0.47161466 2.28764439
v -0.09261884 -0.46705711 2.29128838
v -0.10043613 -0.48259348 2.29792786
v -0.10038771 -0.48173255 2.29499149
v -0.10130768 -0.49638146 2.30032182
v -0.10189901 -0.50481880 2.29636431
v -0.10048619 -0.50365621 2.29441237
v -0.10025468 -0.49599946 2.29886198
v 0.01834245 -0.48059392 2.18492103
v 0.01815399 -0.48154473 2.18504691
v 0.02289364 -0.48016137 2.19342661
v 0.02201131 -0.48058534 2.19238186
v -0.09457742 -0.49685228 2.29460669
v -0.09129204 -0.49766141 2.29363799
v -0.09123854 -0.48432207 2.27598929
v -0.09085965 -0.48678654 2.27222395
v -0.08954591 -0.49706686 2.27846956
v -0.09021984 -0.49757904 2.27604866
v -0.09444705 -0.47991085 2.29975033
v -0.08986464 -0.47043800 2.29663134
v -0.09438091 -0.47714782 2.29912114
v -0.08561486 -0.46923482 2.29517913
v -0.08519387 -0.46737361 2.29360938
v -0.08781680 -0.46786189 2.29506063
v 0.02248619 -0.47979218 2.19114566
v 0.02369883 -0.47979659 2.19264221
v 0.02351623 -0.47992873 2.19424319
v 0.02444554 -0.47966027 2.19377232
v 0.01832172 -0.48024714 2.19592690
v 0.01795365 -0.48038805 2.19549298
v 0.01746536 -0.48051214 2.19495559
v -0.09681029 -0.47695297 2.29436517
v -0.09873255 -0.47917527 2.29628539
v 0.01852862 -0.48008144 2.19625115
v -0.08773501 -0.48777193 2.28066683
v -0.08594735 -0.48724478 2.28223562
v -0.08675718 -0.48733085 2.28032422
v -0.10193761 -0.49570227 2.28870535
v -0.10213012 -0.48885274 2.29338312
v -0.09548748 -0.49985838 2.27298427
v 0.01862483 -0.47988743 2.19649220
v -0.09318907 -0.49145740 2.27900553
v -0.09431164 -0.49354357 2.27548671
v -0.09916791 -0.50205034 2.27082968
v -0.09724294 -0.50113642 2.27214074
v -0.09657144 -0.50052023 2.27260542
v -0.09775539 -0.50038755 2.27173519
v -0.07982910 -0.47984892 2.28461766
v -0.08300120 -0.47747666 2.28424835
v -0.08484821 -0.48002660 2.28269386
v 0.01863438 -0.47964835 2.19663548
v 0.01840998 -0.47936606 2.19666982
v 0.04318056 -0.45541859 2.21590567
v 0.04197857 -0.46575201 2.21100950
v -0.10253881 -0.51199138 2.27683687
v -0.10278133 -0.51076972 2.27891517
v -0.09971324 -0.50852418 2.28911138
v 0.04535894 -0.46038991 2.21754003
v 0.02447875 -0.47600096 2.19458294
v -0.09473033 -0.50294638 2.27589440
v -0.09521223 -0.50214517 2.27732658
v 0.02491768 -0.47679329 2.19516873
v -0.09655423 -0.51601899 2.27516389
v -0.09607923 -0.51268804 2.27321792
v -0.09620661 -0.51223123 2.27201438
v -0.09698380 -0.51567757 2.27015948
v 0.02386861 -0.47638321 2.19474030
v -0.08458019 -0.46356589 2.29247808
v -0.08670693 -0.46507680 2.29453373
v -0.08682676 -0.46626699 2.29421282
v -0.08516908 -0.46527576 2.29282904
v -0.08897325 -0.47538501 2.28601098
v -0.08791028 -0.47579759 2.28856587
v 0.02429130 -0.47713351 2.19518661
v -0.10151686 -0.48495793 2.29977655
v -0.10077865 -0.48377949 2.29923701
v -0.10230103 -0.48823398 2.29926729
v -0.10325564 -0.48968422 2.29940462
v 0.02538003 -0.47770512 2.19561386
v 0.02579322 -0.47752380 2.19583154
v 0.02192513 -0.47500455 2.19425106
v 0.01746013 -0.47766817 2.19610143
v 0.01787797 -0.47815776 2.19631624
v -0.08940979 -0.49777961 2.28268766
v -0.08872373 -0.49674696 2.28300428
v -0.09603053 -0.50864923 2.27771091
v -0.09845540 -0.51121914 2.27807546
v -0.09775065 -0.51188052 2.27347827
v -0.09586991 -0.50989473 2.27383327
v -0.10122751 -0.51022172 2.29090571
v 0.02260311 -0.47602546 2.19466352
v 0.02068695 -0.47401541 2.19367146
v 0.01678586 -0.47719002 2.19572186
v 0.01808294 -0.47857344 2.19647384
v 0.01839034 -0.47896338 2.19667912
v -0.09514663 -0.50070608 2.27774692
v -0.09584648 -0.50133491 2.27862978
v 0.02288563 -0.47671497 2.19504595
v -0.09474398 -0.50087041 2.27704477
v 0.02331156 -0.47745705 2.19545031
v 0.02461490 -0.47796547 2.19537497
v -0.09203918 -0.49704194 2.27503490
v -0.09405673 -0.49607790 2.27602649
v -0.09857927 -0.50305903 2.27206326
v -0.10255007 -0.50779641 2.27362347
v -0.10151415 -0.50806439 2.27374864
v -0.09802028 -0.50395811 2.27191639
v 0.02391544 -0.47880065 2.19555354
v 0.02394667 -0.47924769 2.19529963
v 0.02491034 -0.47852427 2.19516897
v -0.09324765 -0.50144559 2.27340722
v 0.02492136 -0.47900206 2.19494557
v 0.02362716 -0.47824860 2.19561887
v -0.02620224 -0.49939173 2.36121607
v -0.02990494 -0.51181448 2.36052299
v 0.02380589 -0.47963566 2.19486165
v 0.02474719 -0.47934735 2.19447255
v 0.02609057 -0.47717845 2.19621801
v 0.02599748 -0.47801614 2.19599509
v 0.02656966 -0.47919858 2.19581342
v 0.02656717 -0.47745794 2.19666600
v -0.09712513 -0.50834823 2.26638222
v -0.09791610 -0.51171386 2.26900387
v -0.09908960 -0.51270032 2.26906705
v -0.09773511 -0.50954747 2.26684046
v -0.10359269 -0.51075542 2.28308034
v 0.02727875 -0.47782993 2.19729280
v 0.02698477 -0.47658062 2.19759011
v 0.02730291 -0.47997546 2.19581723
v 0.02879001 -0.48078609 2.19624615
v -0.10684481 -0.50969470 2.28971004
v -0.09146058 -0.48965263 2.28273034
v -0.08760165 -0.48726159 2.28370738
v 0.02844090 -0.47837359 2.19813204
v 0.02799010 -0.47689712 2.19855642
v 0.02559757 -0.47839499 2.19571328
v -0.07745840 -0.48621392 2.28292179
v -0.07791848 -0.48721564 2.28230453
v -0.07836916 -0.48747468 2.28366423
v -0.07788008 -0.48648763 2.28455472
v 0.02586092 -0.47906101 2.19540572
v 0.02665889 -0.48015386 2.19412422
v -0.08039791 -0.48248827 2.28741622
v -0.08314165 -0.48083085 2.28676629
v -0.08234153 -0.47846186 2.28636670
v -0.07966799 -0.48032850 2.28770304
v 0.02732626 -0.48093438 2.19382000
v 0.02627633 -0.47959816 2.19434118
v 0.02565587 -0.47953367 2.19285154
v 0.02587068 -0.48019350 2.19248724
v -0.07675827 -0.48375881 2.28499413
v -0.07706887 -0.48499179 2.28384447
v -0.07752223 -0.48512566 2.28573942
v -0.07728313 -0.48383951 2.28709912
v 0.02623634 -0.48081684 2.19218922
v 0.02505388 -0.48016655 2.19067454
v -0.10198829 -0.51092458 2.27489853
v -0.10369213 -0.51163280 2.27660489
v 0.02541115 -0.48089564 2.19026661
v 0.02472208 -0.47940242 2.19113159
v 0.02571192 -0.47939688 2.19447207
v -0.10821572 -0.50818384 2.28924823
v -0.10818931 -0.50664830 2.29123902
v -0.10658573 -0.51166070 2.28495026
v -0.10676428 -0.51091063 2.28738117
v 0.02512901 -0.47943497 2.19326806
v 0.02426023 -0.47935307 2.19177747
v 0.02307737 -0.47884607 2.18989086
v -0.08983635 -0.47685879 2.27869725
v -0.09111299 -0.47786492 2.28036976
v -0.09035189 -0.47640455 2.28102160
v -0.10961982 -0.51092291 2.28773332
v -0.10979997 -0.51349306 2.28832054
v -0.08754270 -0.46118253 2.28531075
v -0.08630465 -0.45971417 2.28535342
v -0.05280951 -0.39411741 2.31308341
v -0.06145289 -0.40452147 2.32091784
v -0.05954076 -0.39654368 2.32749009
v -0.05119640 -0.38708508 2.31999612
v -0.09920035 -0.50357807 2.26796770
v -0.09799692 -0.50572634 2.26631999
v 0.02111379 -0.47868872 2.18773484
v 0.02014606 -0.47970951 2.18912005
v 0.01831967 -0.47875917 2.18576717
v -0.07678758 -0.48179317 2.28472972
v -0.07672787 -0.48179626 2.28652501
v -0.07924911 -0.47983813 2.28636599
v -0.08275481 -0.48415744 2.28175473
v -0.07857727 -0.48536742 2.28188920
v 0.01757046 -0.47941792 2.18778324
v 0.01436679 -0.48165107 2.18253708
v 0.01949273 -0.48197436 2.18288016
v 0.01676171 -0.48043478 2.18887711
v 0.01461173 -0.48046380 2.19318295
v 0.01312878 -0.48013914 2.19309258
v 0.01358325 -0.47966099 2.18863034
v -0.08070454 -0.48395884 2.28641462
v 0.00441989 -0.47611105 2.19036150
v 0.00515370 -0.47666979 2.18953633
v -0.08205508 -0.48770219 2.28288603
v -0.08299365 -0.48772794 2.28134680
v -0.08483993 -0.47369647 2.28578758
v -0.08637023 -0.47428155 2.28796887
v -0.08802592 -0.47256058 2.28517914
v -0.07716487 -0.48205006 2.28784895
v -0.08963481 -0.49764681 2.28032279
v 0.00923978 -0.47863340 2.19369602
v 0.00890974 -0.47834468 2.19406247
v 0.00295915 -0.47573078 2.18994737
v 0.00420849 -0.47621655 2.18889666
v -0.08390783 -0.48429525 2.28560376
v -0.08647977 -0.48274088 2.28859949
v -0.08604310 -0.48049384 2.28886127
v -0.08351512 -0.48255843 2.28647208
v -0.09496583 -0.47373605 2.29395556
v -0.09538987 -0.47524947 2.29299545
v -0.08867678 -0.47920448 2.29213285
v -0.09245063 -0.47825336 2.29025960
v -0.09125793 -0.49261570 2.28161001
v -0.09297636 -0.49439931 2.27850556
v -0.08824149 -0.48791289 2.28069091
v -0.08468833 -0.48579192 2.28405929
v -0.08682820 -0.48475409 2.28692389
v -0.08307287 -0.48539871 2.28132463
v -0.08686383 -0.48483354 2.28085494
v -0.08671273 -0.48592895 2.28052545
v -0.08310777 -0.48639733 2.28109121
v -0.09782309 -0.50268161 2.27850366
v -0.09648986 -0.50316787 2.26650190
v -0.09760028 -0.50097191 2.26895809
v -0.09749996 -0.52547884 2.28364921
v -0.09481342 -0.52122080 2.29234791
v -0.09571655 -0.51536465 2.28010583
v -0.08101283 -0.48544383 2.28530741
v -0.07862991 -0.48786384 2.28168464
v -0.07954487 -0.48684120 2.28142428
v -0.10068289 -0.48026896 2.29945993
v -0.08881791 -0.47207934 2.28503537
v -0.09079671 -0.49583554 2.27667165
v -0.10041947 -0.49107116 2.30156183
v -0.09886865 -0.48554236 2.30222249
v -0.09008753 -0.49716020 2.27624536
v -0.09088775 -0.49780923 2.27520728
v -0.08732474 -0.47496521 2.28845382
v -0.08865687 -0.47413474 2.28573132
v -0.09115958 -0.49800563 2.27480102
v -0.09075777 -0.47809225 2.28184986
v -0.10276490 -0.50516903 2.28442526
v 0.00807996 -0.47824264 2.18842673
v 0.01041618 -0.47933137 2.19308829
v -0.09075201 -0.46779150 2.29838681
v -0.08856572 -0.46533686 2.29675078
v 0.00976500 -0.47899234 2.19332480
v -0.07912370 -0.48621666 2.28144479
v 0.00664310 -0.47752988 2.18905020
v -0.08171088 -0.47831392 2.28563118
v -0.08163816 -0.48670685 2.28412199
v 0.00738727 -0.47766268 2.18668842
v 0.00532410 -0.47678661 2.18809509
v 0.01382238 -0.47897631 2.18686056
v -0.08937716 -0.48231095 2.28149199
v -0.08869094 -0.48031247 2.28198647
v -0.09139132 -0.48002368 2.28104353
v -0.00004191 -0.60610187 2.32412529
v 0.00132832 -0.59341204 2.33491707
v -0.09359008 -0.47946626 2.29149127
v -0.08947797 -0.48183715 2.29322910
v -0.09076633 -0.48360151 2.29462004
v -0.09544487 -0.48087728 2.29263854
v -0.09712789 -0.48020995 2.30227757
v -0.09517986 -0.47489172 2.30127764
v -0.09716710 -0.47339201 2.30207300
v -0.09972960 -0.47890079 2.30318975
v 0.01967852 -0.59206092 2.32462955
v 0.01812004 -0.60312545 2.31537724
v -0.09833106 -0.54274714 2.28360868
v -0.09900667 -0.52700484 2.27520227
v -0.10049146 -0.54296982 2.27056980
v -0.10112022 -0.51494801 2.28222537
v -0.10112117 -0.51370001 2.28496981
v -0.10636913 -0.51602566 2.28790927
v -0.09627849 -0.51133835 2.26640916
v -0.09636422 -0.51122952 2.27068210
v -0.09702243 -0.51103246 2.26872563
v -0.10473755 -0.49640787 2.30157089
v 0.01975738 -0.48054749 2.19063854
v 0.01638287 -0.48047614 2.19421196
v 0.02751691 -0.60128820 2.30729795
v 0.02551406 -0.60804939 2.30050564
v 0.01729105 -0.61184824 2.30523705
v 0.02625494 -0.47019100 2.34853625
v 0.01771240 -0.46446908 2.36260009
v -0.09290016 -0.49341559 2.27151346
v -0.09440555 -0.49501550 2.27330637
v 0.00084995 -0.47495532 2.18929601
v -0.09356570 -0.48142987 2.30006099
v 0.00244975 -0.47599459 2.18815923
v -0.09587896 -0.47822392 2.29165411
v -0.09812530 -0.47953880 2.29335499
v -0.10720959 -0.51189601 2.27614880
v -0.10416273 -0.50940478 2.27495170
v -0.00018853 -0.47399294 2.19023323
v -0.00078752 -0.47371143 2.19022417
v 0.00015680 -0.47492504 2.18926811
v 0.00147999 -0.47607881 2.18817806
v 0.00424223 -0.47688091 2.18708396
v 0.00351810 -0.47690701 2.18668008
v 0.00674733 -0.47783840 2.18483663
v 0.00688484 -0.47742116 2.18543530
v 0.01402246 -0.47857332 2.18485045
v 0.01396903 -0.47915006 2.18411994
v 0.00624451 -0.47875321 2.18503356
v 0.00293797 -0.47754097 2.18695855
v 0.00568932 -0.47973555 2.18525696
v 0.00274722 -0.47849333 2.18678403
v 0.01377868 -0.48132300 2.18426442
v 0.01395952 -0.48028785 2.18404770
v 0.00256571 -0.47207314 2.19114137
v 0.00037353 -0.47223413 2.19125652
v 0.00302372 -0.47248119 2.19110465
v 0.00064575 -0.47269893 2.19130802
v 0.00414247 -0.47339475 2.19168949
v 0.00001577 -0.47312891 2.19108367
v -0.00078648 -0.47269857 2.19112039
v -0.01862585 -0.37372273 2.29409742
v -0.01772011 -0.36997175 2.30115104
v 0.00496011 -0.47384822 2.19187236
v -0.00053274 -0.47508168 2.18956232
v -0.00163493 -0.47348928 2.19033837
v -0.00173587 -0.47577560 2.19000602
v -0.00236663 -0.47373569 2.19061303
v 0.00029150 -0.47765267 2.18838906
v 0.00074604 -0.47657633 2.18864274
v -0.00172265 -0.47246677 2.19127178
v -0.00116116 -0.47200006 2.19147801
v -0.00233004 -0.47231686 2.19131398
v -0.00176462 -0.47171569 2.19161272
v 0.00551158 -0.46919930 2.19126725
v 0.00542838 -0.46852815 2.19183087
v 0.00213845 -0.47042471 2.19140530
v 0.00162409 -0.46994251 2.19177771
v 0.01422900 -0.46701008 2.19331837
v 0.01731801 -0.46784157 2.19408870
v 0.01394172 -0.46598983 2.19407439
v -0.02516215 -0.43415564 2.18490243
v -0.02660583 -0.43467319 2.18634987
v -0.02543790 -0.43691790 2.18624353
v -0.02478949 -0.43658680 2.18559480
v 0.01715130 -0.46675497 2.19487381
v 0.00889525 -0.46573204 2.19337821
v 0.00931747 -0.46666884 2.19277334
v 0.02515715 -0.38212407 2.30988383
v 0.02762350 -0.47381884 2.19892120
v 0.02876980 -0.47321105 2.20009756
v 0.02705183 -0.47145456 2.19898772
v 0.02617675 -0.47252899 2.19804335
v 0.02428048 -0.47126955 2.19698644
v -0.02495997 -0.42683792 2.19068789
v -0.02430839 -0.42882597 2.19079208
v -0.02524315 -0.42903042 2.19184041
v -0.02602030 -0.42725450 2.19155550
v 0.02501386 -0.46998292 2.19785309
v 0.02265856 -0.46867508 2.19673324
v 0.02247810 -0.46988642 2.19577956
v 0.02052410 -0.46890855 2.19500041
v 0.02032739 -0.46758169 2.19587517
v 0.03029495 -0.47879636 2.19949889
v 0.03142293 -0.48175120 2.19793630
v 0.03210667 -0.47915733 2.20090008
v 0.03374709 -0.48265755 2.19972920
v -0.00341065 -0.47631031 2.18943048
v -0.02235523 -0.43685037 2.18639541
v -0.02075526 -0.43336916 2.18531156
v -0.02241097 -0.43333751 2.18367076
v -0.02352693 -0.43685383 2.18551946
v -0.00364026 -0.47413480 2.19070840
v -0.00527231 -0.47613955 2.18785453
v -0.00537748 -0.47379446 2.18983173
v -0.00421629 -0.47818971 2.18518472
v -0.00217486 -0.47849005 2.18720007
v -0.00318530 -0.47217441 2.19141960
v -0.00245262 -0.47136092 2.19174600
v -0.00445938 -0.47185445 2.19117045
v -0.00335494 -0.47064257 2.19180322
v 0.00490410 -0.46774495 2.19224262
v 0.00444475 -0.46686339 2.19270587
v 0.00110672 -0.46931469 2.19201446
v 0.00026109 -0.46844584 2.19226980
v 0.03531012 -0.52084005 2.33765650
v 0.03510659 -0.56383133 2.32825780
v 0.02644973 -0.48707223 2.18187284
v 0.02457485 -0.48423070 2.18314815
v 0.02093166 -0.48381603 2.18080521
v 0.02242013 -0.48675257 2.17838073
v 0.02890694 -0.49172187 2.18136239
v 0.03152467 -0.49036193 2.18530416
v 0.02917323 -0.48680329 2.18520522
v 0.02708598 -0.48423111 2.18552041
v 0.03191912 -0.48363960 2.19537425
v 0.02968507 -0.48261768 2.19408178
v 0.02962738 -0.48334467 2.19174767
v 0.03142681 -0.48481500 2.19211960
v 0.03434538 -0.48478025 2.19697332
v 0.03409753 -0.48668087 2.19322729
v 0.03049031 -0.48565251 2.18873024
v 0.02841763 -0.48382354 2.18849134
v 0.03306738 -0.48821133 2.18925190
v 0.00348688 -0.48139894 2.18086386
v 0.00431727 -0.48090190 2.18314433
v 0.00121258 -0.47985816 2.18533754
v -0.00016408 -0.48010349 2.18421221
v 0.00211441 -0.48189509 2.17861032
v -0.00245647 -0.48001403 2.18234205
v 0.01594735 -0.48536241 2.17617679
v 0.01534795 -0.48339891 2.17937756
v 0.00540497 -0.48028189 2.18529820
v 0.00335541 -0.47935295 2.18615770
v 0.00521669 -0.48045969 2.18517327
v 0.00273914 -0.47935951 2.18644428
v 0.03274701 -0.61059439 2.27877378
v 0.03490013 -0.60987461 2.26488304
v 0.01844827 -0.62322772 2.26601076
v 0.01780944 -0.62202084 2.28071785
v 0.02117959 -0.48169941 2.18653178
v 0.02173729 -0.48184812 2.18587065
v 0.02443232 -0.48167348 2.18759847
v 0.02387407 -0.48137152 2.18812990
v 0.02572471 -0.48129404 2.18986344
v 0.02642299 -0.48169971 2.18943882
v 0.02740634 -0.48173469 2.19151235
v 0.02670952 -0.48130441 2.19163036
v 0.02748013 -0.48133719 2.19299698
v 0.02808572 -0.48162103 2.19339061
v 0.00299686 -0.47983754 2.18546748
v 0.00514748 -0.48045909 2.18455911
v 0.03052416 -0.59138060 2.31444311
v 0.02128135 -0.52801669 2.17172813
v 0.02848886 -0.52863824 2.17885780
v 0.02670861 -0.51999378 2.17723370
v 0.02283795 -0.48225141 2.18453360
v 0.02562913 -0.48230064 2.18667340
v 0.02743147 -0.48243982 2.18904591
v 0.02825482 -0.48241985 2.19131947
v 0.02873680 -0.48225850 2.19290733
v 0.05588630 -0.48260105 2.26801085
v 0.05644910 -0.48351282 2.26960969
v 0.06368996 -0.50577116 2.28660440
v 0.06127910 -0.51119006 2.28256512
v 0.05970181 -0.51358736 2.27967405
v 0.06001597 -0.51446760 2.26327276
v 0.06319399 -0.51884234 2.26440120
v 0.06912734 -0.48611200 2.28978443
v 0.06591996 -0.48250735 2.28747106
v -0.10732104 -0.51517832 2.27524519
v 0.06893340 -0.48712921 2.28981829
v 0.07078692 -0.52124608 2.27539539
v 0.07114062 -0.52050304 2.27749491
v 0.07217149 -0.52017999 2.27730203
v 0.02927792 -0.49720979 2.33961415
v 0.03426230 -0.51123798 2.33951139
v 0.07177372 -0.51935840 2.27968717
v 0.05829291 -0.48890722 2.26939917
v 0.06503252 -0.50540924 2.28717828
v 0.06686728 -0.50576901 2.28910732
v 0.06820430 -0.50115162 2.29185581
v 0.06736694 -0.50122112 2.29075575
v 0.06793857 -0.49574083 2.29258680
v 0.06730051 -0.49623513 2.29161739
v 0.07034513 -0.49079049 2.29067230
v 0.07152721 -0.49528521 2.29083705
v 0.06448203 -0.51991928 2.26525307
v 0.06403027 -0.51845098 2.26447082
v 0.06539141 -0.51993144 2.26548886
v 0.05916021 -0.48853815 2.27120996
v 0.05837424 -0.51257598 2.26426077
v 0.05823601 -0.50991738 2.26452589
v 0.05787324 -0.51048529 2.26478410
v 0.05502785 -0.49441302 2.27200437
v 0.05496595 -0.49531949 2.27177000
v 0.05652807 -0.49304825 2.27262521
v 0.05917392 -0.49122727 2.27197385
v 0.05281372 -0.48449826 2.27570677
v 0.05239131 -0.48436224 2.27801943
v 0.05298183 -0.48325294 2.27792311
v 0.06685799 -0.52739394 2.26554465
v 0.05848406 -0.50889432 2.26473188
v 0.05973120 -0.50998926 2.26413941
v 0.05988593 -0.51127207 2.26342034
v 0.06630384 -0.51968384 2.26586747
v 0.06009879 -0.51228940 2.26318479
v 0.05925978 -0.51221716 2.26336670
v 0.06076321 -0.51422608 2.26318550
v 0.05868204 -0.51236355 2.26372528
v 0.05838714 -0.49518877 2.28664732
v 0.05738664 -0.49374378 2.28485751
v 0.05551870 -0.50148433 2.25755548
v 0.05662812 -0.50063682 2.26102185
v 0.06496626 -0.48093331 2.28585243
v 0.05848992 -0.51747358 2.27251983
v 0.05840280 -0.52055252 2.27248788
v 0.07241681 -0.50024372 2.29006863
v 0.06604796 -0.48992491 2.28437662
v 0.06381552 -0.48838127 2.28313160
v 0.06802775 -0.49194187 2.28531027
v 0.06877021 -0.49527389 2.28550935
v 0.05537721 -0.50563872 2.27265239
v 0.06603847 -0.51248109 2.27438307
v 0.06698070 -0.51104116 2.27654910
v 0.06441835 -0.51175880 2.27304029
v 0.05863867 -0.52301800 2.26828718
v 0.05850093 -0.52182329 2.26633048
v 0.05916345 -0.51773286 2.27015352
v 0.05834594 -0.51994538 2.26683855
v 0.05440549 -0.48776132 2.27416468
v 0.05519767 -0.48403066 2.28065395
v 0.05424723 -0.48624200 2.27999663
v 0.05627288 -0.48458940 2.28139400
v 0.05576652 -0.48621511 2.28169870
v 0.05603184 -0.48832643 2.28246760
v 0.05638893 -0.49068666 2.28280520
v 0.05629352 -0.49292105 2.28209782
v 0.05409873 -0.49151188 2.27321553
v 0.05869048 -0.51622736 2.25746489
v 0.05374812 -0.48978877 2.27395201
v 0.05545254 -0.49308813 2.27251172
v 0.05572682 -0.49134457 2.27307677
v 0.05553096 -0.48942775 2.27364159
v 0.06114737 -0.48293549 2.27914071
v 0.06179667 -0.48547745 2.28030562
v 0.05925292 -0.48311937 2.27774215
v 0.06240300 -0.48691744 2.28187609
v 0.05801654 -0.48298645 2.27732611
v 0.05881540 -0.51797760 2.27083278
v 0.05830972 -0.52083683 2.26862693
v 0.05581137 -0.48467320 2.26461005
v 0.04652811 -0.46756721 2.21885777
v 0.04731603 -0.47859824 2.21859074
v 0.01289060 -0.41037118 2.22923136
v 0.01236660 -0.40742725 2.23046231
v 0.03998935 -0.45061350 2.21378636
v 0.03559691 -0.44547349 2.21055889
v 0.01145143 -0.40913129 2.21620727
v 0.01074543 -0.40824759 2.21654820
v 0.00975344 -0.40859920 2.21619964
v 0.01050366 -0.40926808 2.21618414
v 0.00829267 -0.40986681 2.21755934
v 0.00914712 -0.41033286 2.21804237
v 0.00930681 -0.40989804 2.21724701
v 0.00855958 -0.40940416 2.21680689
v 0.01321458 -0.42279488 2.20579028
v 0.01630531 -0.42749584 2.20504451
v 0.01974597 -0.42423707 2.20839405
v 0.01665138 -0.42000657 2.20867896
v 0.01088876 -0.41311836 2.22490525
v 0.01042583 -0.41426343 2.22369194
v 0.00943023 -0.41211110 2.22032189
v 0.00983328 -0.41174334 2.22106361
v 0.01125896 -0.41086340 2.22610307
v 0.00987787 -0.41085887 2.22212172
v 0.01260670 -0.41382885 2.22725987
v 0.01169998 -0.41579956 2.22574592
v 0.02093599 -0.40586048 2.22224045
v 0.01702057 -0.40662336 2.21987796
v 0.01768509 -0.40937334 2.21769571
v 0.02159510 -0.40985334 2.21909404
v 0.00871481 -0.43341398 2.20070386
v 0.01278240 -0.43037540 2.20272088
v 0.01004415 -0.42588854 2.20374799
v 0.00577537 -0.42943364 2.20172262
v 0.00132924 -0.43313742 2.19896317
v 0.00422741 -0.43651515 2.19866848
v -0.00092629 -0.43816572 2.19174170
v -0.00028442 -0.43434548 2.19239473
v -0.00069367 -0.43184340 2.18968129
v -0.00046024 -0.43440622 2.18981647
v -0.00206484 -0.42897701 2.19315434
v -0.00006159 -0.43305719 2.19484138
v -0.00554876 -0.42747092 2.19351506
v -0.02808823 -0.42669088 2.19122314
v -0.02726448 -0.42891586 2.19132018
v -0.02800351 -0.42837602 2.18945074
v -0.02946631 -0.42655140 2.18931746
v -0.00596143 -0.42754751 2.19224072
v -0.00192342 -0.42918205 2.19494605
v -0.02150765 -0.42371702 2.18290687
v -0.02271149 -0.42547113 2.18180633
v -0.02148962 -0.42596531 2.18422127
v -0.02153120 -0.42434156 2.18551540
v -0.00171178 -0.42936254 2.19731951
v -0.00517040 -0.42743582 2.19502902
v -0.00653240 -0.42787445 2.19090509
v -0.00385838 -0.42791164 2.19072580
v -0.02442712 -0.42611188 2.18219495
v -0.02625361 -0.42477649 2.18092084
v -0.02773846 -0.42545855 2.18267012
v -0.02563741 -0.42661250 2.18375158
v -0.02098589 -0.43042475 2.18758535
v -0.02225020 -0.42794025 2.18739796
v -0.02056894 -0.42886770 2.18412495
v -0.02840818 -0.43129802 2.18997121
v -0.02699867 -0.43118095 2.19168925
v -0.02615361 -0.43481910 2.19018555
v -0.02744779 -0.43498611 2.18909121
v -0.00255921 -0.42901134 2.18835568
v -0.01240973 -0.42361313 2.18335938
v -0.01143079 -0.42386580 2.18083334
v -0.00948213 -0.45897108 2.18062425
v -0.00638000 -0.45765460 2.18512630
v -0.00937067 -0.45558554 2.18004727
v -0.00642603 -0.45455635 2.18429136
v -0.00327366 -0.42889076 2.18397713
v -0.00235800 -0.43163449 2.18463874
v -0.00570740 -0.42785662 2.18014526
v -0.00507269 -0.43063396 2.17924833
v -0.01596535 -0.47157836 2.17371464
v -0.01417956 -0.42257351 2.18892241
v -0.01387996 -0.42218161 2.18978953
v -0.01457543 -0.42250943 2.18673992
v -0.00145928 -0.62284541 2.30198336
v -0.00212457 -0.62996030 2.28578615
v -0.00435995 -0.63188779 2.25801206
v -0.00726386 -0.62955916 2.24467659
v -0.00932013 -0.40832818 2.19848180
v -0.01007976 -0.41042161 2.19723940
v -0.00130553 -0.41337979 2.21521568
v -0.00705760 -0.41252887 2.21374035
v -0.00716964 -0.40864885 2.21091986
v -0.00186500 -0.40949178 2.21191812
v 0.00216749 -0.41054225 2.21372199
v 0.00282687 -0.41423512 2.21686625
v -0.00131186 -0.41574132 2.21657372
v -0.00704555 -0.41499889 2.21542907
v -0.00233775 -0.40652317 2.20859170
v -0.00765581 -0.40541995 2.20676231
v -0.00805759 -0.40553367 2.20346355
v -0.00250603 -0.40678108 2.20589733
v 0.00163929 -0.42617238 2.20072722
v -0.00255646 -0.42528361 2.19834566
v -0.00651767 -0.42341810 2.19516182
v -0.00953267 -0.42173445 2.19285607
v -0.01031184 -0.42324948 2.19141650
v -0.00788210 -0.42518693 2.19300008
v -0.01059494 -0.42375976 2.19055295
v -0.00821450 -0.42553508 2.19195127
v -0.00830595 -0.42593729 2.19090819
v -0.00795780 -0.42707384 2.18992829
v -0.00977918 -0.42614323 2.18900228
v -0.00946452 -0.42742068 2.18875623
v -0.01068428 -0.42438859 2.18977475
v -0.01443789 -0.44404781 2.17196918
v -0.01483735 -0.44858301 2.17251897
v -0.00565243 -0.41309142 2.19788885
v -0.01049482 -0.41250163 2.19660139
v -0.01151686 -0.41610157 2.19491720
v -0.00717089 -0.41713881 2.19607043
v -0.00270601 -0.41795295 2.19853902
v -0.00057115 -0.41323042 2.20076275
v -0.01348924 -0.42170286 2.19058728
v -0.00514461 -0.41115600 2.19898891
v -0.00428995 -0.40919590 2.20042062
v 0.00045236 -0.41124243 2.20216608
v 0.00096976 -0.40955043 2.20377398
v 0.00452997 -0.41285610 2.20474792
v 0.00275568 -0.41801065 2.20188546
v 0.00891269 -0.41813278 2.20539808
v 0.00906212 -0.41216302 2.20923877
v 0.01724747 -0.41182458 2.21514583
v 0.01249099 -0.40903950 2.21647668
v 0.01269975 -0.41006243 2.21511412
v 0.01222430 -0.41079438 2.21364355
v 0.01620148 -0.41403919 2.21231389
v 0.02093577 -0.41347432 2.21565413
v 0.01923588 -0.41690451 2.21207118
v 0.01381035 -0.41608173 2.20923758
v 0.01124948 -0.41148442 2.21186399
v 0.01150506 -0.40969962 2.21527886
v 0.01054123 -0.40952814 2.21567416
v 0.01116918 -0.41004741 2.21412468
v 0.01023824 -0.40962863 2.21479225
v 0.01047536 -0.41020983 2.21279764
v 0.00969882 -0.40959835 2.21379066
v 0.00861506 -0.40957958 2.21224904
v 0.00904459 -0.41051656 2.21078634
v 0.00843273 -0.41034400 2.21695495
v 0.00742154 -0.40992159 2.21595883
v 0.00749157 -0.40932930 2.21480584
v 0.00846738 -0.40973264 2.21592617
v 0.00908687 -0.41048169 2.21767259
v 0.00901480 -0.40991712 2.21659803
v 0.00886179 -0.41222847 2.21930170
v 0.00789095 -0.41205329 2.21847892
v -0.05808105 -0.40701699 2.30236411
v -0.06450112 -0.41629136 2.31359863
v 0.00960171 -0.41065621 2.21837807
v 0.00964403 -0.41017830 2.21748900
v 0.00963613 -0.40953374 2.21626210
v 0.00948953 -0.40959489 2.21567416
v 0.00896257 -0.40948427 2.21485686
v 0.00800192 -0.40924710 2.21368814
v 0.00122157 -0.40840703 2.20583606
v 0.00488026 -0.40960515 2.20766878
v 0.00478579 -0.40883976 2.20974779
v 0.00135850 -0.40756989 2.20865822
v 0.00456371 -0.40846992 2.21172476
v 0.00327316 -0.41638023 2.21834874
v 0.00125087 -0.40754235 2.21074653
v 0.00685464 -0.41466504 2.21967649
v 0.00778898 -0.41681993 2.22125530
v 0.00597791 -0.41159391 2.21662521
v 0.00974676 -0.41474491 2.22228169
v 0.00886865 -0.41463292 2.22157764
v 0.01061983 -0.41676641 2.22393274
v 0.00945743 -0.41673803 2.22278357
v 0.00463602 -0.40882081 2.21365809
v 0.00497543 -0.41094542 2.20624852
v -0.00347929 -0.40779436 2.20285654
v -0.00877730 -0.40688890 2.20071816
v -0.05195988 -0.45553786 2.19948435
v -0.05111093 -0.45252562 2.19961429
v -0.04703625 -0.45354438 2.19826770
v -0.04809642 -0.45620167 2.19815612
v -0.01320517 -0.43405461 2.17006540
v -0.01379949 -0.43943673 2.17113900
v 0.00901879 -0.40890288 2.21618724
v 0.00317128 -0.36911392 2.30613947
v -0.09224140 -0.48158896 2.27921581
v -0.09175219 -0.48177499 2.27771640
v -0.10094883 -0.51222956 2.28812981
v 0.01222295 -0.40783387 2.21713924
v 0.01090644 -0.40870309 2.22730756
v 0.00929060 -0.40969455 2.22245336
v 0.01855876 -0.40141737 2.22443676
v 0.01433618 -0.39620399 2.22515488
v 0.01179487 -0.39879465 2.22156715
v 0.01532002 -0.40317541 2.22134614
v 0.00841813 -0.40287530 2.21669054
v 0.01088971 -0.40576112 2.21718335
v -0.10594465 -0.51200926 2.28222704
v 0.00949686 -0.40653706 2.21610880
v 0.00710086 -0.40431803 2.21517777
v 0.00604548 -0.40546310 2.21407032
v 0.00840759 -0.40736920 2.21559286
v 0.00380920 -0.40760767 2.21440291
v -0.00062178 -0.40615791 2.21213293
v -0.00045911 -0.40555358 2.21818352
v 0.00425935 -0.40683228 2.22000575
v 0.00822137 -0.40862203 2.22175550
v 0.00732001 -0.40934283 2.21686625
v -0.10116048 -0.51538908 2.27937961
v -0.10057448 -0.51483750 2.27387714
v -0.09889430 -0.51339722 2.27387977
v -0.09964438 -0.51323652 2.27871108
v 0.00439123 -0.40722257 2.21368289
v 0.00752496 -0.40877301 2.21607447
v -0.00011951 -0.40567690 2.21112514
v 0.01387594 -0.37425584 2.30735159
v 0.00783249 -0.40814102 2.21551824
v 0.00490426 -0.40669465 2.21358871
v 0.00076649 -0.40469456 2.21095991
v 0.00191967 -0.40290701 2.21145010
v 0.00299710 -0.40104222 2.21256638
v 0.00403521 -0.39910501 2.21481085
v 0.00608726 -0.39420485 2.22058368
v 0.00809477 -0.39046323 2.22435713
v 0.00011281 -0.39081883 2.21964455
v 0.00154621 -0.38643420 2.22247887
v -0.00124299 -0.39589608 2.21299863
v -0.00219038 -0.39800644 2.20990539
v -0.00286677 -0.40051007 2.20869446
v -0.00367276 -0.40277541 2.20842457
v -0.01284264 -0.42048925 2.19189858
v -0.01098235 -0.42527807 2.18794036
v -0.01212017 -0.42419130 2.18590569
v -0.00940334 -0.42483914 2.17924118
v -0.01474237 -0.42210990 2.18436074
v -0.00709532 -0.42669046 2.17871380
v -0.00865263 -0.42534167 2.17779827
v -0.00815736 -0.42645901 2.17608976
v -0.00707502 -0.42781609 2.17687774
v -0.01003163 -0.42407709 2.17710042
v -0.00897277 -0.42565268 2.17531347
v -0.01395532 -0.42207348 2.17639351
v -0.01340660 -0.42413664 2.17268801
v -0.01301347 -0.42954594 2.17000079
v -0.01322245 -0.42595005 2.17111635
v -0.00788231 -0.42775965 2.17479920
v -0.00672658 -0.43051356 2.17538428
v -0.10894075 -0.51216531 2.28254008
v -0.00684014 -0.43448281 2.17593956
v -0.00476785 -0.43442100 2.18023109
v -0.01728056 -0.60973907 2.20417833
v -0.00449752 -0.40411836 2.20876837
v -0.00534532 -0.40501404 2.21040440
v -0.08989175 -0.47081566 2.28537869
v -0.10022362 -0.50024784 2.28357649
v 0.00015683 -0.40018594 2.22873831
v 0.00000854 -0.40270513 2.22471666
v -0.00475891 -0.40147585 2.22389030
v -0.09989250 -0.51392341 2.27126956
v -0.10350230 -0.51552927 2.27141047
v -0.00460170 -0.39902556 2.22772551
v -0.00941356 -0.40430921 2.20986962
v -0.10525401 -0.49415165 2.29757667
v -0.10927348 -0.51189184 2.28529882
v -0.10751966 -0.51006150 2.28465152
v -0.10089099 -0.50428921 2.27031279
v -0.09241015 -0.48689473 2.29522872
v -0.09909602 -0.48546958 2.29366493
v -0.09739050 -0.48262155 2.29344654
v -0.09172114 -0.48487711 2.29524541
v -0.08841414 -0.49557561 2.28317785
v -0.00922740 -0.40374351 2.21641088
v -0.00526401 -0.40443742 2.21681952
v -0.00922410 -0.40324742 2.20783973
v -0.00866537 -0.40156299 2.20730352
v -0.00791463 -0.39905161 2.20732522
v -0.00871242 -0.40068167 2.22354841
v -0.00838146 -0.39811468 2.22752738
v -0.08685307 -0.47069168 2.27573276
v 0.00939662 -0.40668428 2.22727227
v -0.09416102 -0.46878105 2.29397511
v -0.09518687 -0.47071850 2.29555321
v -0.04289076 -0.49689639 2.35530376
v -0.04846601 -0.50874925 2.35511994
v -0.10691382 -0.49549365 2.30062175
v 0.01035082 -0.40453923 2.23081875
v 0.00497173 -0.40402967 2.22608972
v 0.00558842 -0.40189469 2.22974515
v -0.00513271 -0.38426638 2.22065401
v -0.00614390 -0.38896561 2.21863604
v -0.00748728 -0.39617699 2.20880127
v -0.00665309 -0.39375973 2.21234345
v -0.00305366 -0.63248384 2.27173042
v 0.03941566 -0.54612398 2.19514275
v 0.03779381 -0.53598762 2.19201183
v -0.10178047 -0.51099050 2.27606106
v 0.03050720 -0.53895211 2.18278313
v 0.03219936 -0.54750216 2.18588901
v 0.03923409 -0.55694890 2.19861317
v 0.03237414 -0.55719864 2.18917012
v 0.01295137 -0.61324418 2.22466087
v 0.01332909 -0.60547435 2.21248770
v -0.00605385 -0.60889161 2.20606542
v 0.00838773 -0.62135792 2.23669529
v 0.02105526 -0.61867929 2.24845076
v 0.02254920 -0.61030352 2.23046899
v 0.02226990 -0.60233462 2.21729422
v -0.09172235 -0.47113127 2.28668308
v -0.09067738 -0.46597099 2.28876567
v -0.08923855 -0.46538377 2.28698421
v -0.09560205 -0.50160527 2.27812409
v 0.01945470 -0.45209146 2.37321067
v 0.03368590 -0.57581007 2.32272196
v 0.02075842 -0.59450817 2.20582628
v 0.01255752 -0.59692073 2.20144105
v 0.01226087 -0.58804369 2.19188666
v 0.01958254 -0.58667898 2.19668913
v -0.00550305 -0.59953618 2.19470787
v -0.01676461 -0.60005927 2.19209433
v 0.00401590 -0.54726052 2.35509849
v -0.01513569 -0.45298743 2.17301488
v 0.03539875 -0.47668648 2.33206511
v 0.04687621 -0.46684086 2.31718850
v 0.04924884 -0.41278481 2.32882762
v 0.05614070 -0.47829068 2.28848934
v 0.05579387 -0.47922504 2.28889918
v 0.04922126 -0.44471216 2.30900979
v 0.04975114 -0.45724100 2.30240965
v 0.02616440 -0.48223019 2.34222555
v 0.06442071 -0.49421495 2.29159713
v 0.06444490 -0.49819118 2.29058719
v 0.06576980 -0.49327654 2.29168034
v 0.06590319 -0.49759781 2.29088235
v 0.06569115 -0.50164747 2.28929782
v 0.06647735 -0.49135745 2.29176497
v 0.05884423 -0.52044404 2.26412129
v 0.06007377 -0.52152669 2.26258540
v -0.09291191 -0.48269171 2.29976153
v -0.09312839 -0.48528087 2.29967904
v 0.05573754 -0.47479731 2.28568816
v 0.05556005 -0.47619301 2.28684449
v -0.07877368 -0.48782945 2.28292942
v 0.05508165 -0.47540474 2.28627920
v 0.05485925 -0.47433531 2.28543711
v 0.05535891 -0.47323638 2.28464746
v 0.05465024 -0.47326732 2.28455877
v 0.05911332 -0.53107285 2.25002146
v 0.05314388 -0.47530842 2.28733540
v 0.05512912 -0.47848666 2.28871512
v 0.05517351 -0.47717845 2.28779173
v 0.05450955 -0.47577381 2.28702521
v 0.05385786 -0.47394943 2.28527999
v 0.05378857 -0.47234589 2.28423643
v 0.05486703 -0.47165978 2.28444409
v -0.09462465 -0.47600102 2.29995108
v -0.09046615 -0.46908456 2.29749537
v -0.06770119 -0.42601597 2.32373905
v -0.06563158 -0.43625265 2.33590722
v -0.06453435 -0.42573678 2.34161901
v -0.06533527 -0.41527420 2.33061600
v -0.08954874 -0.48344016 2.26976633
v -0.08962298 -0.47828281 2.27570939
v -0.08860985 -0.47633624 2.27447224
v 0.06691767 -0.49059194 2.29268050
v 0.06021057 -0.47532648 2.28849244
v -0.03326489 -0.38258469 2.29391360
v -0.02910244 -0.37494206 2.30367970
v 0.06061072 -0.51689160 2.27387238
v 0.06091077 -0.51606846 2.27601171
v 0.06307261 -0.51831877 2.27665997
v 0.06263094 -0.51949680 2.27422690
v 0.04537119 -0.51658535 2.32588291
v 0.04555764 -0.52855039 2.32439089
v 0.00617475 -0.45751393 2.37495828
v 0.00430789 -0.46877050 2.36710691
v 0.05617473 -0.55132115 2.29342866
v 0.06030874 -0.51754999 2.27170062
v 0.06236983 -0.52026236 2.27201152
v 0.06439599 -0.50212067 2.28887558
v 0.05935558 -0.51700926 2.27201128
v 0.05971672 -0.51631188 2.27413011
v 0.06335159 -0.52254283 2.27257633
v 0.06376813 -0.52153909 2.27514791
v 0.06421453 -0.52035427 2.27777243
v 0.06000736 -0.51539516 2.27633333
v -0.08671859 -0.46930373 2.27211261
v -0.08684604 -0.46309102 2.26289129
v -0.08986276 -0.47685349 2.25475073
v -0.08847684 -0.47745240 2.26671576
v 0.05878716 -0.52267396 2.27069759
v 0.05721633 -0.56651592 2.25717664
v 0.05647191 -0.56791222 2.27261877
v 0.05153597 -0.58261728 2.25222969
v 0.05090984 -0.58545077 2.26790690
v 0.04725843 -0.58750498 2.28515291
v 0.05285162 -0.56881571 2.29041100
v 0.05851739 -0.52096403 2.26523495
v 0.06093531 -0.52269661 2.26259542
v 0.03861242 -0.56613994 2.20265818
v 0.04433758 -0.56528354 2.21158838
v 0.03166243 -0.56569517 2.19292283
v 0.03046275 -0.57333302 2.19663119
v 0.03675830 -0.57455695 2.20612121
v 0.04500159 -0.57468033 2.21997356
v 0.05911475 -0.55161870 2.24856424
v 0.05579912 -0.56454384 2.24232340
v 0.05264563 -0.56148589 2.22850513
v -0.07968895 -0.48706353 2.20664406
v -0.08154251 -0.48971742 2.21025038
v -0.08117405 -0.48136961 2.21517873
v -0.07897258 -0.48069197 2.21124363
v 0.04951907 -0.57945025 2.23660541
v 0.03965024 -0.58573806 2.22123575
v 0.04373966 -0.58977056 2.23538733
v 0.03210826 -0.59492099 2.22070265
v 0.03477602 -0.60077345 2.23405075
v 0.03517939 -0.60694790 2.24905682
v 0.04572206 -0.59412515 2.25019026
v 0.03434691 -0.58236527 2.20908451
v 0.02828549 -0.58002245 2.19924974
v 0.02889994 -0.58952820 2.20914245
v 0.02567404 -0.58563483 2.20143104
v 0.05075359 -0.55936396 2.22178316
v 0.05022590 -0.46725196 2.28715110
v 0.05148867 -0.46460873 2.28266716
v -0.04517617 -0.53215444 2.15938616
v -0.03437948 -0.53218830 2.15653253
v -0.03559026 -0.54266036 2.15788984
v -0.04635348 -0.54232180 2.16107202
v 0.05539763 -0.47094655 2.27035689
v -0.05035019 -0.51777697 2.35329008
v -0.05224796 -0.52918434 2.35105181
v -0.03252397 -0.53110373 2.35804558
v -0.03114280 -0.52052951 2.35923052
v 0.05116162 -0.47577918 2.22776055
v 0.05005629 -0.48816812 2.22325969
v 0.05400517 -0.48654640 2.23603320
v 0.05419054 -0.47252530 2.24222374
v -0.04802640 -0.56942785 2.17139053
v -0.03743337 -0.57033122 2.16737890
v -0.03778929 -0.57969868 2.17410684
v -0.04839171 -0.57834136 2.17802334
v -0.07030864 -0.45680332 2.20988297
v -0.07193173 -0.45110220 2.21314859
v -0.06820473 -0.44911230 2.20989776
v -0.06691161 -0.45518017 2.20741057
v 0.04771087 -0.50091928 2.21789551
v 0.05192920 -0.49958622 2.22984886
v 0.05071143 -0.51306283 2.22480750
v 0.04619369 -0.51409423 2.21105814
v 0.03973003 -0.58943784 2.30178952
v 0.04416818 -0.57390857 2.30860496
v -0.09002695 -0.46109021 2.28890800
v -0.08909550 -0.46114892 2.28736305
v 0.04594318 -0.56192601 2.31310463
v 0.02547990 -0.51254940 2.17661142
v -0.03797865 -0.58927834 2.18281245
v -0.04874155 -0.58760333 2.18661070
v -0.00099112 -0.61632895 2.31208634
v 0.02286886 -0.53860426 2.17415643
v 0.02983652 -0.60845506 2.29220176
v -0.00882273 -0.46966022 2.36845207
v 0.01736885 -0.61711562 2.29617167
v 0.04500875 -0.59711897 2.26552320
v 0.04209934 -0.59868622 2.27992272
v 0.03550913 -0.59972560 2.29672432
v 0.04634677 -0.54689169 2.31943679
v 0.02061298 -0.57977831 2.19162965
v 0.03676675 -0.48634171 2.19920516
v 0.03614746 -0.48289764 2.20236421
v 0.03647662 -0.48990238 2.19501734
v 0.03461301 -0.47801769 2.20367551
v -0.00281231 -0.45639801 2.18881464
v -0.00314864 -0.45351255 2.18802547
v -0.00343259 -0.45026207 2.18775129
v 0.00020874 -0.45247161 2.19139433
v -0.00020278 -0.44883943 2.19134665
v -0.00665934 -0.44754601 2.18291092
v -0.00645291 -0.45116973 2.18371201
v -0.00379111 -0.44694519 2.18724561
v -0.00409256 -0.44316959 2.18728709
v -0.00650114 -0.44367516 2.18249178
v 0.00062059 -0.43394977 2.19697976
v 0.00143586 -0.43917942 2.19609094
v -0.00138325 -0.44181120 2.19208550
v 0.00378191 -0.44723630 2.19389558
v 0.00281318 -0.44345301 2.19463730
v -0.00064071 -0.44554675 2.19135714
v 0.00468828 -0.45129520 2.19375944
v -0.00296051 -0.43891263 2.18691111
v -0.00193574 -0.43456459 2.18576789
v -0.00569189 -0.43906778 2.18143296
v -0.00758680 -0.43911052 2.17743683
v -0.00847502 -0.44387448 2.17838907
v 0.00082085 -0.45544279 2.19185162
v 0.00574933 -0.45445120 2.19385076
v 0.00657444 -0.44078785 2.19691539
v 0.01153794 -0.43817127 2.19860578
v 0.00847634 -0.44566083 2.19573545
v 0.01308016 -0.44357067 2.19712186
v 0.00946163 -0.44993764 2.19525552
v 0.01421392 -0.44818115 2.19665504
v 0.01592035 -0.43529862 2.20063353
v 0.01965609 -0.43242353 2.20351601
v 0.02310256 -0.42900515 2.20749354
v 0.02222338 -0.43804711 2.20219541
v 0.02608657 -0.43438482 2.20652914
v 0.02379968 -0.44380105 2.20123076
v 0.02824515 -0.44067383 2.20542264
v -0.03065066 -0.45937824 2.18760252
v -0.03114611 -0.46245217 2.18931484
v -0.03468964 -0.46025836 2.19225502
v -0.03401513 -0.45723259 2.19126487
v -0.03031954 -0.50215888 2.16067672
v -0.03190279 -0.51019740 2.15885997
v -0.04085513 -0.51024580 2.16048002
v -0.03873086 -0.50216794 2.16175175
v 0.01800814 -0.44097131 2.19920969
v 0.01924440 -0.44609892 2.19868612
v 0.01517202 -0.45265108 2.19639134
v 0.01055807 -0.45381218 2.19509029
v 0.02386872 -0.45590186 2.19911814
v 0.02421132 -0.44996315 2.20017147
v 0.01972852 -0.45139432 2.19815159
v 0.01983244 -0.45641518 2.19760799
v 0.02937426 -0.44794428 2.20389175
v 0.02847106 -0.45551598 2.20137119
v 0.02738975 -0.46068311 2.20008087
v 0.01338178 -0.46393609 2.19454384
v 0.00841540 -0.46382904 2.19375944
v 0.01676604 -0.46441627 2.19536352
v 0.02322929 -0.46023941 2.19844294
v 0.01981135 -0.46005714 2.19710445
v 0.03085219 -0.47080219 2.20150781
v 0.02855645 -0.46874321 2.20012999
v 0.02282822 -0.46593100 2.19743896
v 0.02015486 -0.46503401 2.19633460
v 0.02594418 -0.46720630 2.19870973
v 0.00364625 -0.46486777 2.19309759
v -0.00104265 -0.46629483 2.19211864
v 0.04615179 -0.45393920 2.32211614
v -0.00892851 -0.44795489 2.17867255
v -0.00919333 -0.45185304 2.17939258
v -0.00525227 -0.47889823 2.18029356
v -0.00693476 -0.47683334 2.18274093
v -0.01286935 -0.47295785 2.17618752
v -0.00137793 -0.48109156 2.17581367
v -0.00441724 -0.46811527 2.19085979
v -0.03909284 -0.45847309 2.19493341
v -0.03787399 -0.45592415 2.19437099
v -0.00623403 -0.47016996 2.18936443
v -0.00751291 -0.47222191 2.18745518
v -0.00785959 -0.47461295 2.18522215
v -0.03627208 -0.55198753 2.15977955
v -0.04711271 -0.55182397 2.16352105
v -0.04799850 -0.61881781 2.22799730
v -0.04849104 -0.61415160 2.22055483
v -0.03763153 -0.61765671 2.21885085
v -0.03850967 -0.62373590 2.23023033
v 0.00832247 -0.49384063 2.16658592
v 0.00570560 -0.48680013 2.16851830
v 0.03533060 -0.52533484 2.18747401
v 0.03954487 -0.51982462 2.19483113
v 0.02924116 -0.49814409 2.18132973
v 0.03291682 -0.49600762 2.18592000
v 0.03534945 -0.49310607 2.19071722
v 0.04242556 -0.51076305 2.20294380
v 0.04430413 -0.50002003 2.20940399
v 0.04638572 -0.48936093 2.21491289
v -0.08543309 -0.51231897 2.31660366
v -0.08903690 -0.50359046 2.30362678
v -0.09218768 -0.51454890 2.29893875
v -0.08973998 -0.52751338 2.31011748
v 0.02404048 -0.55642056 2.17989159
v -0.04473053 -0.39131892 2.29779148
v -0.04091445 -0.38345277 2.30799198
v -0.00733285 -0.46003836 2.37487078
v 0.02324085 -0.56479657 2.18337345
v 0.02366798 -0.54769695 2.17704415
v 0.01254025 -0.58004987 2.18511271
v 0.01331575 -0.57208991 2.17957950
v 0.02214317 -0.57251108 2.18735123
v 0.01429765 -0.56396270 2.17544460
v 0.01505284 -0.55587173 2.17234421
v 0.01518616 -0.54693615 2.16933823
v 0.01463823 -0.53743374 2.16685104
v 0.01323994 -0.52652669 2.16520739
v 0.03582146 -0.46340078 2.33727813
v -0.00993734 -0.43865603 2.18611979
v -0.01065940 -0.43836212 2.18547416
v -0.07511035 -0.50315088 2.18834782
v -0.07737887 -0.50997853 2.18974066
v -0.08018094 -0.50507677 2.19681644
v -0.07749550 -0.49905443 2.19459486
v -0.01098054 -0.43855977 2.18687153
v -0.01169678 -0.43825370 2.18626165
v -0.01185570 -0.43727177 2.18732667
v -0.01023251 -0.42955840 2.18881798
v -0.01187631 -0.43178612 2.18910670
v -0.01232871 -0.43538451 2.18819356
v 0.05444461 -0.46607423 2.27553988
v -0.02765220 -0.48942816 2.16369343
v -0.03524477 -0.48924780 2.16442299
v -0.03281273 -0.48353148 2.16696167
v -0.02638856 -0.48348010 2.16630936
v -0.07785176 -0.47406483 2.21451187
v -0.08045325 -0.47266799 2.21847486
v -0.07873221 -0.46329242 2.21850967
v -0.07608722 -0.46617126 2.21470618
v -0.07292202 -0.45925355 2.21197557
v -0.07486673 -0.45410508 2.21553254
v -0.04321124 -0.52038503 2.15893817
v -0.03331814 -0.52043378 2.15662289
v -0.08141866 -0.49824494 2.20401502
v -0.07907422 -0.49349642 2.20090628
v -0.02809557 -0.46097457 2.18341613
v -0.02881163 -0.46404350 2.18609071
v -0.02659645 -0.46673536 2.18112087
v -0.02321927 -0.46389949 2.17573285
v -0.02327012 -0.46802992 2.17491412
v -0.02625972 -0.46951938 2.17858124
v -0.05677931 -0.50397813 2.16906619
v -0.05928222 -0.51187420 2.16852188
v -0.06688544 -0.51281297 2.17479444
v -0.06451213 -0.50512296 2.17471075
v -0.04763410 -0.56057382 2.16679645
v -0.03691647 -0.56108260 2.16294384
v -0.02458873 -0.47667658 2.17091823
v -0.02905848 -0.47722137 2.17243457
v -0.02769201 -0.47473335 2.17513585
v -0.02416353 -0.47391582 2.17283440
v -0.04254027 -0.45456707 2.19645119
v -0.04375245 -0.45702755 2.19643807
v -0.08068261 -0.46328199 2.29231286
v -0.08261693 -0.46214414 2.29172921
v -0.09149989 -0.49729586 2.25846863
v -0.08939287 -0.48713064 2.26241422
v -0.09067836 -0.48905164 2.24911690
v -0.09217732 -0.50155163 2.24449825
v -0.09539293 -0.51310217 2.24189329
v -0.09820326 -0.52378273 2.24221897
v -0.09691367 -0.51346719 2.25602055
v -0.09438545 -0.50597990 2.25573254
v -0.05741443 -0.43478966 2.35092592
v -0.05764452 -0.44552684 2.34680510
v -0.02308564 -0.45993829 2.17481637
v -0.02291919 -0.45617223 2.17405725
v -0.03886931 -0.57326543 2.34763145
v -0.03704315 -0.56043971 2.35218811
v -0.05779460 -0.55886590 2.34438896
v -0.05877357 -0.57106841 2.33911991
v -0.08196823 -0.50139189 2.31877184
v -0.08612508 -0.49486417 2.30559921
v -0.02721644 -0.43092155 2.18630052
v -0.02419661 -0.43748426 2.18806577
v -0.02413166 -0.43468791 2.19025278
v -0.02400672 -0.43690962 2.18862104
v -0.02703109 -0.42736477 2.18603015
v -0.02920310 -0.42609131 2.18533039
v -0.02463840 -0.43118256 2.19201016
v -0.02377561 -0.43112504 2.19134521
v -0.02336611 -0.43483680 2.18980360
v -0.02537013 -0.43743211 2.18735409
v -0.01850631 -0.42136556 2.18167853
v -0.01918666 -0.42125726 2.17841125
v -0.02318282 -0.42260355 2.17889714
v -0.02159080 -0.42241341 2.18136120
v -0.02205455 -0.43639088 2.18719673
v -0.02091023 -0.43404275 2.18746948
v -0.02203122 -0.42858386 2.18197322
v -0.02379999 -0.43366915 2.18394613
v -0.02418187 -0.43674141 2.18540883
v -0.02386169 -0.42941147 2.18247223
v -0.02253174 -0.42552775 2.18810034
v -0.02544055 -0.43019664 2.18404889
v -0.09449564 -0.47684234 2.29033995
v -0.06932925 -0.42663962 2.29806614
v -0.07480907 -0.44301593 2.29732418
v -0.07399434 -0.44567806 2.30298090
v -0.06944004 -0.43067777 2.30725598
v -0.09799438 -0.50152600 2.27984571
v -0.08898026 -0.51979423 2.20985341
v -0.09187236 -0.53480422 2.21262240
v -0.09655876 -0.52972329 2.22867465
v -0.09433647 -0.51737368 2.22927451
v -0.09243072 -0.54711401 2.21503592
v -0.09743746 -0.54280317 2.22972155
v -0.09999007 -0.53674424 2.24410748
v -0.09942398 -0.52564752 2.26646018
v -0.06113816 -0.46907103 2.19745517
v -0.06129744 -0.46876144 2.19754720
v -0.05976046 -0.46794510 2.19648695
v -0.05979424 -0.46819001 2.19650674
v -0.06065889 -0.46950126 2.19791174
v -0.05924698 -0.46856749 2.19715905
v -0.06158485 -0.47025788 2.19854259
v -0.06210125 -0.46982008 2.19828534
v -0.06230842 -0.46954834 2.19840455
v -0.04374979 -0.46904969 2.19340777
v -0.04448143 -0.46963972 2.19385839
v -0.04714928 -0.46854281 2.19409966
v -0.04645137 -0.46801460 2.19317675
v -0.04345883 -0.46861792 2.19318485
v -0.04633661 -0.46753120 2.19299793
v -0.04788790 -0.47388899 2.19771743
v -0.04739150 -0.47423506 2.19768333
v -0.04852698 -0.47338271 2.19795489
v -0.04213661 -0.47213948 2.19430208
v -0.04228091 -0.47288489 2.19363189
v -0.04702241 -0.47469985 2.19739199
v -0.04697170 -0.47439086 2.19781351
v -0.04258708 -0.47168970 2.19412947
v -0.04093663 -0.47152132 2.19416428
v -0.03985864 -0.47197104 2.19456005
v -0.04002897 -0.47302049 2.19362497
v -0.05146238 -0.46626693 2.19378853
v -0.05156523 -0.46552992 2.19420123
v -0.04688042 -0.46598291 2.19352841
v -0.04656066 -0.46683717 2.19311380
v -0.05131635 -0.46679211 2.19367099
v -0.05466978 -0.46710205 2.19463801
v -0.05469039 -0.46657252 2.19480562
v -0.05477650 -0.46595693 2.19527817
v -0.04356403 -0.46710598 2.19313455
v -0.04354114 -0.46805334 2.19297457
v -0.05471670 -0.46542203 2.19575834
v -0.05173246 -0.46501970 2.19475460
v -0.04698155 -0.46537417 2.19399524
v -0.04348293 -0.46665496 2.19333124
v -0.04078619 -0.46836519 2.19323015
v -0.04193405 -0.46844316 2.19313931
v -0.05164442 -0.46437591 2.19544983
v -0.05141221 -0.46365213 2.19612741
v -0.04656000 -0.46388990 2.19523001
v -0.04683453 -0.46469223 2.19464040
v -0.05468061 -0.46485615 2.19644427
v -0.05448825 -0.46413839 2.19711185
v -0.06337636 -0.47029257 2.19990134
v -0.06385604 -0.47112954 2.20051432
v -0.06379509 -0.47057223 2.20068455
v -0.06349329 -0.46996033 2.20045829
v -0.06587973 -0.46923620 2.20461583
v -0.06675710 -0.47085738 2.20492721
v -0.06835031 -0.47070253 2.20648170
v -0.06721821 -0.46888471 2.20610094
v -0.07477100 -0.46230882 2.21378088
v -0.06931447 -0.46633792 2.20796347
v -0.07071759 -0.46847880 2.20892763
v -0.06292464 -0.46972674 2.19928741
v -0.06225065 -0.46911705 2.19865966
v -0.06287416 -0.47010440 2.19909382
v -0.06329571 -0.47081125 2.19979501
v -0.06300046 -0.46927917 2.19996977
v -0.06227625 -0.46855474 2.19919538
v -0.06130616 -0.46841919 2.19778132
v -0.06131260 -0.46768486 2.19826961
v -0.05969472 -0.46684247 2.19720697
v -0.05968163 -0.46753442 2.19672275
v -0.05760168 -0.46697426 2.19578362
v -0.05795735 -0.46751249 2.19564629
v -0.05762014 -0.46628952 2.19626904
v -0.05975824 -0.46635491 2.19774890
v -0.05766172 -0.46573305 2.19673872
v -0.06133677 -0.46730042 2.19894719
v -0.06232183 -0.46820831 2.19984627
v -0.06308952 -0.46906823 2.20064306
v -0.06372295 -0.46977293 2.20113087
v -0.06415838 -0.47061753 2.20133352
v -0.06332982 -0.46883458 2.20148277
v -0.06388687 -0.46846122 2.20259380
v -0.06266592 -0.46743000 2.20163321
v -0.06243801 -0.46788096 2.20058656
v -0.06412105 -0.46974409 2.20208645
v -0.06484733 -0.46957749 2.20330977
v -0.06141488 -0.46703023 2.19965315
v -0.06138019 -0.46654934 2.20047522
v -0.05960787 -0.46551192 2.19925761
v -0.05973101 -0.46599007 2.19848776
v -0.05752648 -0.46529281 2.19737053
v -0.05757355 -0.46472776 2.19818091
v -0.05128811 -0.46701062 2.19376707
v -0.05102576 -0.46769160 2.19461679
v -0.05443621 -0.46757364 2.19548750
v -0.05474479 -0.46732265 2.19474530
v -0.05800045 -0.46769357 2.19567156
v -0.05741742 -0.46787393 2.19637537
v -0.05434765 -0.46815205 2.19644189
v -0.05278057 -0.47238135 2.19883156
v -0.05404274 -0.47237265 2.19914222
v -0.05701152 -0.46836221 2.19719601
v -0.05123105 -0.46830630 2.19562125
v -0.05123982 -0.47244310 2.19845605
v -0.04793584 -0.46922183 2.19503975
v -0.04968831 -0.47276771 2.19813943
v -0.04525264 -0.47006202 2.19444680
v -0.05346807 -0.47735953 2.18784428
v -0.05352319 -0.47737527 2.18750048
v -0.05802631 -0.47683215 2.18855548
v -0.05761299 -0.47686505 2.18904686
v -0.06623676 -0.52648735 2.34181762
v -0.06855601 -0.54201829 2.33856130
v -0.05562687 -0.54322147 2.34872413
v -0.06035868 -0.47513425 2.19119811
v -0.06037671 -0.47614217 2.19109988
v -0.06270087 -0.47554517 2.19303703
v -0.06252047 -0.47480786 2.19338894
v -0.06034335 -0.47407752 2.19132733
v -0.06212513 -0.47390163 2.19384742
v -0.05776230 -0.47444999 2.18906665
v -0.05777847 -0.47564662 2.18896842
v -0.05764459 -0.47660547 2.18906832
v -0.06145017 -0.47489429 2.19803929
v -0.06078095 -0.47548592 2.19686341
v -0.06129749 -0.47455025 2.19571900
v -0.06223319 -0.47444052 2.19733286
v -0.06197807 -0.47455239 2.19895864
v -0.06284745 -0.47418547 2.19852734
v -0.05674021 -0.47551352 2.20005250
v -0.05643669 -0.47571248 2.19957566
v -0.05597423 -0.47596216 2.19897103
v -0.05688255 -0.47532082 2.20039511
v -0.05691958 -0.47511309 2.20063400
v -0.05687458 -0.47486836 2.20075488
v -0.05679609 -0.47459567 2.20076585
v -0.07619613 -0.44771010 2.22226787
v -0.07703853 -0.45805770 2.21729541
v -0.07891066 -0.45232582 2.22418594
v -0.06261463 -0.47049993 2.19904637
v -0.06308719 -0.47122335 2.19968629
v -0.06207323 -0.47096133 2.19917679
v -0.06254002 -0.47165304 2.19968939
v -0.06358784 -0.47205186 2.20022821
v -0.06393418 -0.47181642 2.20043516
v -0.06004307 -0.46986336 2.19850206
v -0.05578373 -0.47308135 2.19988751
v -0.05625904 -0.47349250 2.20010924
v -0.06081545 -0.47078735 2.19896269
v -0.05871693 -0.46899164 2.19790626
v -0.05505809 -0.47265702 2.19955349
v -0.05651456 -0.47387362 2.20032048
v -0.05667521 -0.47428793 2.20059180
v -0.06116498 -0.47142518 2.19941664
v -0.06162426 -0.47211337 2.19987965
v -0.06294373 -0.47243309 2.19992089
v -0.06208039 -0.47336912 2.20025182
v -0.06219082 -0.47380638 2.20002747
v -0.06303586 -0.47294438 2.19993687
v -0.06313636 -0.47341007 2.19973445
v -0.06187042 -0.47283953 2.20027137
v -0.06216253 -0.47421253 2.19959569
v -0.06305730 -0.47378969 2.19926739
v -0.06411279 -0.47140920 2.20082927
v -0.06414384 -0.47224879 2.20065141
v -0.06460868 -0.47332639 2.20068932
v -0.06448356 -0.47166842 2.20135212
v -0.06508708 -0.47194183 2.20204067
v -0.06464142 -0.47074586 2.20232391
v -0.06555792 -0.47392404 2.20076156
v -0.06695255 -0.47458112 2.20128727
v -0.06624897 -0.47225994 2.20309329
v -0.06553513 -0.47086304 2.20344901
v -0.06387006 -0.47268921 2.20033169
v -0.06398351 -0.47332215 2.20025039
v -0.06512655 -0.47421539 2.19901323
v -0.06598381 -0.47491705 2.19867301
v -0.06449699 -0.47379816 2.19918966
v -0.06400666 -0.47385859 2.19767213
v -0.06451768 -0.47438252 2.19733691
v -0.06512345 -0.47493082 2.19693995
v -0.06369654 -0.47448516 2.19548845
v -0.06415849 -0.47512645 2.19499207
v -0.06330250 -0.47386110 2.19592333
v -0.06393242 -0.47370470 2.19929171
v -0.06351551 -0.47384721 2.19804454
v -0.06278632 -0.47391117 2.19649100
v -0.06181428 -0.47356248 2.19451046
v -0.06000274 -0.47357690 2.19225144
v -0.05937696 -0.47461534 2.19377708
v -0.05746141 -0.47396779 2.18994713
v -0.05664147 -0.47477448 2.19189787
v -0.05423032 -0.47723120 2.18617630
v -0.05919454 -0.47683883 2.18711090
v -0.05641577 -0.47573948 2.19330406
v -0.05375517 -0.47611392 2.19725275
v -0.05212292 -0.47600454 2.19667602
v -0.05311620 -0.47544420 2.19219851
v -0.04298385 -0.47317779 2.19285750
v -0.04389465 -0.47361994 2.19212317
v -0.04771600 -0.47511268 2.19675946
v -0.04729761 -0.47487891 2.19708443
v -0.04147231 -0.47301376 2.19228840
v -0.04293367 -0.47324669 2.19138026
v -0.04730799 -0.47473991 2.19124961
v -0.04923851 -0.47556549 2.19618869
v -0.04834159 -0.47537702 2.19645262
v -0.04557322 -0.47427773 2.19181323
v -0.04671737 -0.47423661 2.18942499
v -0.04437052 -0.47373188 2.19061518
v -0.05328475 -0.47480476 2.19037533
v -0.04217858 -0.60371983 2.32657599
v -0.04098194 -0.59103143 2.33715248
v -0.05955042 -0.58711326 2.32901812
v -0.06021626 -0.59814954 2.31968284
v -0.05881422 -0.47566509 2.19493198
v -0.05504231 -0.47610891 2.19804478
v -0.07010376 -0.59488189 2.31242990
v -0.07002492 -0.60180199 2.30558228
v -0.06161804 -0.60679829 2.30940628
v -0.04585423 -0.46712273 2.35419822
v -0.03466551 -0.46198231 2.36662173
v -0.03929783 -0.47244728 2.19143224
v -0.04118095 -0.47323126 2.19046831
v -0.03801463 -0.47163552 2.19225597
v -0.03731590 -0.47139633 2.19220448
v -0.03852961 -0.47247744 2.19137025
v -0.04017727 -0.47341216 2.19041228
v -0.04337238 -0.47381151 2.18950462
v -0.04262044 -0.47393215 2.18904138
v -0.04616843 -0.47442472 2.18747854
v -0.04628792 -0.47401631 2.18810701
v -0.05359105 -0.47434759 2.18837500
v -0.05367586 -0.47482407 2.18754625
v -0.04569769 -0.47539634 2.18770218
v -0.04201297 -0.47461867 2.18929100
v -0.04517637 -0.47639763 2.18785477
v -0.04187928 -0.47553146 2.18908501
v -0.05350723 -0.47692275 2.18772697
v -0.05369066 -0.47592616 2.18750000
v -0.04065084 -0.46938634 2.19323874
v -0.03862821 -0.46989143 2.19289017
v -0.04123028 -0.46978664 2.19320560
v -0.03899453 -0.47033262 2.19294429
v -0.04253585 -0.47059691 2.19382644
v -0.03809699 -0.47073734 2.19306016
v -0.03745835 -0.47047424 2.19275570
v -0.04354746 -0.47094345 2.19396806
v -0.03776495 -0.47269404 2.19159532
v -0.03637142 -0.47126007 2.19225264
v -0.03654584 -0.47351795 2.19195533
v -0.03559291 -0.47158730 2.19246936
v -0.03901916 -0.47504020 2.19052601
v -0.03941742 -0.47399199 2.19084191
v -0.03646733 -0.47035587 2.19281149
v -0.03701830 -0.46985686 2.19301057
v -0.03572396 -0.47025776 2.19289207
v -0.03630332 -0.46963191 2.19313478
v -0.04314255 -0.46602470 2.19372463
v -0.04275664 -0.46544170 2.19423175
v -0.04007088 -0.46784210 2.19327855
v -0.03937352 -0.46745050 2.19365811
v -0.05098138 -0.46276003 2.19678974
v -0.05413827 -0.46334106 2.19787860
v -0.05051280 -0.46184659 2.19750309
v -0.05386062 -0.46215600 2.19862032
v -0.04580934 -0.46229243 2.19610858
v -0.04620979 -0.46306515 2.19584799
v -0.03983462 -0.37864971 2.31435728
v -0.06457055 -0.46783221 2.20381069
v -0.06556008 -0.46712148 2.20512033
v -0.06382536 -0.46558523 2.20382380
v -0.06306556 -0.46678782 2.20279527
v -0.06145829 -0.46581525 2.20149779
v -0.06166530 -0.46436757 2.20244646
v -0.05926179 -0.46334493 2.20103931
v -0.05943279 -0.46468741 2.20013690
v -0.05735241 -0.46395397 2.19903326
v -0.05692359 -0.46254134 2.19991302
v -0.06773653 -0.47247934 2.20470428
v -0.06931362 -0.47534716 2.20324230
v -0.06951184 -0.47256988 2.20625138
v -0.07159113 -0.47595632 2.20523715
v -0.03493976 -0.47423726 2.19119120
v -0.03439330 -0.47211975 2.19242787
v -0.03319498 -0.47432017 2.18947721
v -0.03303805 -0.47206938 2.19102263
v -0.03490950 -0.47622514 2.18699241
v -0.03670706 -0.47623253 2.18912601
v -0.03488978 -0.47022074 2.19285440
v -0.03551185 -0.46936154 2.19323397
v -0.03363829 -0.47005332 2.19246960
v -0.03449111 -0.46872753 2.19320631
v -0.04223259 -0.46475273 2.19469714
v -0.04179413 -0.46400768 2.19502020
v -0.03869836 -0.46687043 2.19390631
v -0.03762521 -0.46604478 2.19436979
v -0.06399218 -0.51464343 2.34373116
v -0.07062528 -0.55710447 2.33357763
v -0.06714468 -0.48108929 2.18694901
v -0.06454257 -0.47844875 2.18791866
v -0.06117029 -0.47844803 2.18517542
v -0.06356318 -0.48104477 2.18284988
v -0.07042514 -0.48537189 2.18667436
v -0.07250533 -0.48361516 2.19122887
v -0.06962009 -0.48045325 2.19099855
v -0.06703246 -0.47809273 2.19100666
v -0.07028460 -0.47722340 2.20082498
v -0.06836070 -0.47641289 2.19921660
v -0.06856865 -0.47717595 2.19694209
v -0.07059457 -0.47826540 2.19794798
v -0.07265890 -0.47807145 2.20265031
v -0.07333466 -0.47973216 2.19930315
v -0.07036930 -0.47916377 2.19460201
v -0.06808464 -0.47754115 2.19414401
v -0.07326774 -0.48130143 2.19537306
v -0.04348904 -0.47834235 2.18320537
v -0.04404813 -0.47772378 2.18562126
v -0.04058891 -0.47705150 2.18749571
v -0.03925046 -0.47751778 2.18630028
v -0.04241967 -0.47896147 2.18074155
v -0.03724283 -0.47776806 2.18423915
v -0.05704015 -0.48047113 2.17991900
v -0.05572615 -0.47874242 2.18312120
v -0.04490183 -0.47694719 2.18783951
v -0.04266641 -0.47627294 2.18849015
v -0.04471956 -0.47715706 2.18772507
v -0.04199322 -0.47636819 2.18873191
v -0.07980707 -0.60312104 2.28485799
v -0.08266416 -0.60233116 2.27091837
v -0.06832259 -0.61807382 2.27040172
v -0.06626996 -0.61687469 2.28526950
v -0.06042768 -0.47643518 2.19090128
v -0.06101473 -0.47651947 2.19034171
v -0.06347077 -0.47601914 2.19227338
v -0.06287427 -0.47581345 2.19273257
v -0.06453905 -0.47549695 2.19464540
v -0.06524309 -0.47578454 2.19430280
v -0.06623214 -0.47571838 2.19643378
v -0.06561403 -0.47537029 2.19645739
v -0.06618178 -0.47531652 2.19789910
v -0.06678274 -0.47553015 2.19834638
v -0.04238255 -0.47679555 2.18777847
v -0.04467572 -0.47716981 2.18709564
v -0.07113047 -0.58481634 2.31997561
v -0.06927752 -0.52215755 2.17599940
v -0.07555167 -0.52173853 2.18424559
v -0.07320335 -0.51307356 2.18205786
v -0.06230671 -0.47672516 2.18911529
v -0.06477500 -0.47650969 2.19149780
v -0.06633290 -0.47642672 2.19403481
v -0.06714558 -0.47633922 2.19633365
v -0.06747506 -0.47612691 2.19794464
v -0.08775862 -0.47387511 2.27586055
v -0.08845019 -0.47469991 2.27750564
v -0.09626777 -0.49608696 2.29494977
v -0.09499758 -0.50169790 2.29087663
v -0.09406677 -0.50407350 2.28761530
v -0.09664886 -0.50478142 2.27175140
v -0.10032298 -0.50910759 2.27332163
v -0.09860659 -0.47614169 2.29820848
v -0.09532947 -0.47289020 2.29552460
v -0.09861495 -0.47714084 2.29827785
v -0.10676883 -0.51045692 2.28471398
v -0.10696340 -0.50976217 2.28704453
v -0.10792856 -0.50927055 2.28691864
v -0.05444311 -0.49252373 2.34578514
v -0.06097985 -0.50519788 2.34507632
v -0.10721669 -0.50856400 2.28925967
v -0.09101701 -0.48000044 2.27777505
v -0.09748555 -0.49556750 2.29560256
v -0.09914375 -0.49575043 2.29765344
v -0.09956465 -0.49112666 2.30037045
v -0.09893712 -0.49124682 2.29925704
v -0.09832708 -0.48585618 2.30087972
v -0.09792032 -0.48639452 2.29998136
v -0.10035749 -0.48063922 2.29942489
v -0.10211968 -0.48492736 2.29972100
v -0.10159194 -0.51005673 2.27428508
v -0.10086634 -0.50860596 2.27345228
v -0.10232210 -0.50999165 2.27462316
v -0.09165645 -0.47954351 2.27968764
v -0.09464764 -0.50308442 2.27243924
v -0.09399851 -0.50078869 2.27260232
v -0.09370630 -0.50138342 2.27281785
v -0.08813687 -0.48605233 2.28030419
v -0.08818991 -0.48694533 2.28004766
v -0.08939293 -0.48447764 2.28095889
v -0.09192675 -0.48233968 2.28054190
v -0.08455975 -0.47624218 2.28376794
v -0.08380397 -0.47623134 2.28605819
v -0.08425415 -0.47495431 2.28594446
v -0.10454783 -0.51710641 2.27452207
v -0.09405428 -0.49976641 2.27283931
v -0.09551396 -0.50068939 2.27241111
v -0.09604665 -0.50164264 2.27184606
v -0.10318035 -0.50965106 2.27507615
v -0.09647489 -0.50260919 2.27165914
v -0.09557541 -0.50265872 2.27173233
v -0.09739202 -0.50445056 2.27173066
v -0.09499355 -0.50285816 2.27196741
v -0.09072562 -0.48626786 2.29431462
v -0.08925256 -0.48511249 2.29263568
v -0.09056547 -0.49267626 2.26622033
v -0.09183501 -0.49193764 2.26933694
v -0.09437457 -0.47143197 2.29379487
v -0.09413743 -0.50819218 2.28050733
v -0.09455454 -0.51139021 2.28024650
v -0.10390990 -0.48971272 2.29917169
v -0.09697586 -0.48033297 2.29254484
v -0.09474190 -0.47903967 2.29112720
v -0.09915828 -0.48202366 2.29364657
v -0.10097453 -0.48506308 2.29412603
v -0.08908045 -0.49694622 2.28063726
v -0.10120073 -0.50246334 2.28332615
v -0.10175129 -0.50097692 2.28544736
v -0.09959604 -0.50184613 2.28169513
v -0.09565431 -0.51316631 2.27638793
v -0.09553327 -0.51205242 2.27436614
v -0.09509542 -0.50828898 2.27809072
v -0.09509073 -0.51021850 2.27484822
v -0.08674100 -0.47927785 2.28249574
v -0.08620059 -0.47560054 2.28838754
v -0.08582794 -0.47797400 2.28837156
v -0.08726040 -0.47611773 2.28919458
v -0.08720581 -0.47771877 2.29003763
v -0.08739388 -0.47979224 2.29066420
v -0.08785145 -0.48211932 2.29099059
v -0.08806950 -0.48460865 2.29012084
v -0.08678060 -0.48329943 2.28139353
v -0.09614410 -0.50653446 2.26584172
v -0.08616753 -0.48164290 2.28209615
v -0.08835910 -0.48467535 2.28080106
v -0.08839094 -0.48290259 2.28134823
v -0.08794986 -0.48101389 2.28189325
v -0.09213025 -0.47380811 2.28696465
v -0.09294389 -0.47625428 2.28829646
v -0.09056031 -0.47409558 2.28588724
v -0.09336156 -0.47772199 2.28983378
v -0.08929425 -0.47408831 2.28551126
v -0.09476361 -0.50854880 2.27863598
v -0.09500632 -0.51112092 2.27659488
v -0.08811617 -0.47593904 2.27250934
v -0.08134383 -0.45920813 2.22551084
v -0.08360699 -0.47012913 2.22539568
v -0.03919826 -0.40704912 2.23205781
v -0.03824326 -0.40413070 2.23332381
v -0.07286686 -0.44331157 2.21972179
v -0.06843977 -0.43884158 2.21595836
v -0.03890049 -0.40582544 2.21898484
v -0.03804324 -0.40508914 2.21933079
v -0.03714316 -0.40553987 2.21886659
v -0.03795295 -0.40613610 2.21888828
v -0.03557590 -0.40701032 2.22014546
v -0.03635276 -0.40737927 2.22068048
v -0.03661093 -0.40693015 2.21988249
v -0.03594266 -0.40648186 2.21940994
v -0.04386331 -0.41915381 2.20882106
v -0.04758861 -0.42337859 2.20847321
v -0.05050452 -0.41981703 2.21196771
v -0.04678108 -0.41603357 2.21193337
v -0.03796575 -0.40994710 2.22760844
v -0.03807266 -0.41113770 2.22618461
v -0.03710813 -0.40906084 2.22279716
v -0.03743704 -0.40864825 2.22357464
v -0.03740418 -0.40767020 2.22900772
v -0.03689603 -0.40781695 2.22475433
v -0.03962693 -0.41047871 2.23004794
v -0.03928696 -0.41253394 2.22837615
v -0.04797276 -0.40138304 2.22583938
v -0.04457571 -0.40263236 2.22305250
v -0.04582191 -0.40532643 2.22093606
v -0.04949332 -0.40528190 2.22284794
v -0.04107032 -0.43017566 2.20334864
v -0.04462624 -0.42665434 2.20577455
v -0.04124146 -0.42260033 2.20648170
v -0.03764659 -0.42661607 2.20406461
v -0.03396387 -0.43083566 2.20085883
v -0.03709774 -0.43382353 2.20087934
v -0.03316609 -0.43602943 2.19336915
v -0.03326624 -0.43215430 2.19407010
v -0.03277161 -0.42970634 2.19142056
v -0.03330797 -0.43223172 2.19150257
v -0.03079250 -0.42696625 2.19466329
v -0.03303078 -0.43086064 2.19652295
v -0.02707356 -0.42594779 2.19458771
v -0.02689319 -0.42604434 2.19329476
v -0.03079802 -0.42722142 2.19645095
v -0.03084261 -0.42741632 2.19875860
v -0.02729774 -0.42588681 2.19613194
v -0.02642534 -0.42641735 2.19193387
v -0.02907550 -0.42616844 2.19205999
v -0.03070081 -0.42711294 2.18988013
v -0.02093487 -0.42289615 2.18369150
v -0.02219451 -0.42300642 2.18133354
v -0.02798016 -0.45767134 2.18161011
v -0.03045493 -0.45599103 2.18641019
v -0.02784991 -0.45430338 2.18097782
v -0.03019531 -0.45292175 2.18553305
v -0.03024668 -0.42710590 2.18547106
v -0.03161200 -0.42973721 2.18617749
v -0.02819378 -0.42631304 2.18135262
v -0.02948833 -0.42905104 2.18041897
v -0.02368004 -0.47120774 2.17400479
v -0.01846120 -0.42221826 2.18920898
v -0.01864997 -0.42182326 2.19008923
v -0.01818563 -0.42221123 2.18696785
v -0.04502419 -0.62042260 2.30467772
v -0.04695011 -0.62713015 2.28842378
v -0.04855558 -0.62990046 2.26022577
v -0.04673703 -0.62743807 2.24693084
v -0.02058085 -0.40762901 2.19904709
v -0.02045981 -0.40991092 2.19764018
v -0.02730281 -0.41169232 2.21619272
v -0.02153348 -0.41159981 2.21468043
v -0.02131664 -0.40776533 2.21140504
v -0.02674857 -0.40789777 2.21283650
v -0.03061161 -0.40847206 2.21515226
v -0.03119817 -0.41208649 2.21891308
v -0.02727126 -0.41406524 2.21816945
v -0.02161904 -0.41403508 2.21642876
v -0.02602054 -0.40499276 2.20956016
v -0.02062470 -0.40456444 2.20744729
v -0.02079036 -0.40467870 2.20408750
v -0.02621310 -0.40523350 2.20684695
v -0.03337026 -0.42389011 2.20252132
v -0.02949449 -0.42350423 2.19970703
v -0.02575989 -0.42209333 2.19617534
v -0.02261202 -0.42079651 2.19367886
v -0.02215352 -0.42240357 2.19214010
v -0.02459732 -0.42400968 2.19389272
v -0.02200322 -0.42293757 2.19125724
v -0.02441845 -0.42437923 2.19284868
v -0.02444943 -0.42477798 2.19183660
v -0.02496744 -0.42581612 2.19087458
v -0.02324495 -0.42506069 2.18980145
v -0.02366912 -0.42630243 2.18960667
v -0.02206856 -0.42352670 2.19047499
v -0.02247487 -0.44354957 2.17227650
v -0.02245807 -0.44809711 2.17284966
v -0.02519763 -0.41188109 2.19886947
v -0.02035577 -0.41194093 2.19703507
v -0.01989700 -0.41559947 2.19529343
v -0.02414550 -0.41605330 2.19685507
v -0.02842909 -0.41630161 2.19969249
v -0.02983415 -0.41137254 2.20243883
v -0.01890483 -0.42131466 2.19094563
v -0.02519136 -0.40992105 2.19989729
v -0.02542085 -0.40786171 2.20145535
v -0.03037915 -0.40928322 2.20351839
v -0.03061656 -0.40753537 2.20502567
v -0.03425967 -0.41042858 2.20700955
v -0.03361557 -0.41570634 2.20364356
v -0.03923085 -0.41507912 2.20815611
v -0.03803973 -0.40915930 2.21142268
v -0.04597631 -0.40778029 2.21834636
v -0.04048475 -0.40561718 2.21921325
v -0.04072697 -0.40660250 2.21795797
v -0.04052690 -0.40739858 2.21634650
v -0.04536810 -0.41009688 2.21538234
v -0.04966830 -0.40896499 2.21933794
v -0.04879471 -0.41258836 2.21555638
v -0.04355292 -0.41248608 2.21201396
v -0.04002623 -0.40816832 2.21429324
v -0.03909723 -0.40637374 2.21800756
v -0.03805634 -0.40635514 2.21833968
v -0.03892024 -0.40676343 2.21677446
v -0.03784007 -0.40648371 2.21736622
v -0.03840411 -0.40702879 2.21531034
v -0.03740590 -0.40652257 2.21624780
v -0.03648330 -0.40665388 2.21453238
v -0.03724507 -0.40755111 2.21308374
v -0.03576507 -0.40746963 2.21935725
v -0.03483633 -0.40718919 2.21819448
v -0.03498768 -0.40656459 2.21701980
v -0.03587483 -0.40684688 2.21829653
v -0.03632861 -0.40751934 2.22022963
v -0.03636529 -0.40698177 2.21908092
v -0.03667572 -0.40927613 2.22166729
v -0.03552489 -0.40927231 2.22078633
v -0.03690234 -0.40762633 2.22102427
v -0.03691143 -0.40714967 2.22013903
v -0.03705839 -0.40651500 2.21885681
v -0.03695566 -0.40657532 2.21819735
v -0.03649652 -0.40652406 2.21725965
v -0.03564916 -0.40638882 2.21593189
v -0.03044367 -0.40637016 2.20711327
v -0.03396973 -0.40718418 2.20937967
v -0.03353902 -0.40638834 2.21142864
v -0.03009597 -0.40556371 2.20993471
v -0.03302592 -0.40607935 2.21340036
v -0.03170808 -0.41414148 2.22060776
v -0.02970369 -0.40557808 2.21202850
v -0.03490473 -0.41202587 2.22172761
v -0.03589959 -0.41403794 2.22343111
v -0.03355184 -0.40907550 2.21865630
v -0.03764777 -0.41169864 2.22467613
v -0.03667900 -0.41171032 2.22391009
v -0.03857048 -0.41362095 2.22642326
v -0.03755859 -0.41375965 2.22515154
v -0.03250561 -0.40645778 2.21546841
v -0.03443408 -0.40846944 2.20793080
v -0.02603120 -0.40634370 2.20362997
v -0.02064505 -0.40612811 2.20129275
v -0.02280252 -0.43345696 2.17042518
v -0.02257035 -0.43889511 2.17147970
v -0.03645944 -0.40593082 2.21879816
v -0.01788113 -0.36775118 2.30728436
v -0.03965339 -0.40446717 2.21997523
v -0.03655975 -0.40559751 2.23021245
v -0.03597617 -0.40679640 2.22502327
v -0.04463290 -0.39729989 2.22784209
v -0.03968078 -0.39258063 2.22804284
v -0.03792349 -0.39547145 2.22423029
v -0.04193185 -0.39944041 2.22439122
v -0.03577686 -0.39988142 2.21895218
v -0.03802947 -0.40255678 2.21992898
v -0.03675050 -0.40350813 2.21876550
v -0.03454239 -0.40154785 2.21741152
v -0.03378090 -0.40280890 2.21622777
v -0.03579017 -0.40447253 2.21814227
v -0.03225650 -0.40523076 2.21632195
v -0.02776768 -0.40439355 2.21359277
v -0.02646954 -0.40385228 2.21969223
v -0.03144639 -0.40450591 2.22186613
v -0.03494262 -0.40591455 2.22419548
v -0.03470605 -0.40656495 2.21936774
v -0.03289476 -0.40474677 2.21567297
v -0.03499536 -0.40599060 2.21859193
v -0.02824913 -0.40381366 2.21257472
v -0.02860161 -0.37187153 2.31011152
v -0.03532698 -0.40530032 2.21805692
v -0.03336124 -0.40413022 2.21562314
v -0.02893025 -0.40267158 2.21246338
v -0.02984999 -0.40070701 2.21304011
v -0.03076031 -0.39864850 2.21418452
v -0.03128040 -0.39656460 2.21648359
v -0.03236725 -0.39151615 2.22284055
v -0.03315841 -0.38757050 2.22670579
v -0.02622496 -0.38894951 2.22115755
v -0.02692556 -0.38445103 2.22414303
v -0.02554290 -0.39406878 2.21426797
v -0.02559847 -0.39635158 2.21106100
v -0.02518309 -0.39887619 2.20982432
v -0.02462156 -0.40129089 2.20950818
v -0.01929437 -0.42001098 2.19230008
v -0.02207851 -0.42434800 2.18861985
v -0.02102841 -0.42345017 2.18647957
v -0.02446691 -0.42374939 2.17996788
v -0.01818017 -0.42179984 2.18446636
v -0.02697598 -0.42532581 2.17967224
v -0.02537077 -0.42419440 2.17857051
v -0.02615654 -0.42526650 2.17689824
v -0.02731197 -0.42651582 2.17779756
v -0.02388150 -0.42312378 2.17772603
v -0.02529917 -0.42458546 2.17602849
v -0.01969089 -0.42166007 2.17660284
v -0.02089764 -0.42364556 2.17298484
v -0.02234538 -0.42896426 2.17038846
v -0.02142278 -0.42542398 2.17154980
v -0.02672887 -0.42657942 2.17562294
v -0.02819284 -0.42916077 2.17633080
v -0.02855349 -0.43309081 2.17690444
v -0.03019070 -0.43275130 2.18149590
v -0.03830259 -0.60853338 2.20526266
v -0.02394101 -0.40279484 2.20977020
v -0.02296794 -0.40384763 2.21136522
v -0.02561153 -0.39840841 2.23020959
v -0.02582520 -0.40102470 2.22607517
v -0.02101170 -0.40038019 2.22478747
v -0.02087969 -0.39786714 2.22858810
v -0.01897991 -0.40374112 2.21043468
v -0.01847766 -0.40318602 2.21683860
v -0.02184426 -0.40335977 2.21772814
v -0.01930424 -0.40261787 2.20839572
v -0.01976014 -0.40084219 2.20790124
v -0.02016117 -0.39818186 2.20796680
v -0.01756934 -0.40009558 2.22397780
v -0.01730555 -0.39753157 2.22808862
v -0.03497164 -0.40385991 2.22993827
v -0.03555829 -0.40158296 2.23342037
v -0.03088103 -0.40179902 2.22793269
v -0.03075304 -0.39954185 2.23177052
v -0.02065310 -0.38314116 2.22167659
v -0.01989233 -0.38791835 2.21955633
v -0.02024774 -0.39523852 2.20946097
v -0.02022321 -0.39278537 2.21282077
v -0.04802131 -0.62980568 2.27428007
v -0.08712999 -0.53794169 2.20227838
v -0.08487298 -0.52794158 2.19856167
v -0.07856920 -0.53182447 2.18860340
v -0.08100225 -0.54018509 2.19211149
v -0.08772045 -0.54866827 2.20578957
v -0.08186067 -0.54979885 2.19556165
v -0.06599051 -0.60841572 2.22879815
v -0.06666389 -0.60052335 2.21677732
v -0.04908562 -0.60610259 2.20846272
v -0.06138735 -0.61729062 2.24021745
v -0.07228117 -0.61308777 2.25314951
v -0.07460964 -0.60445344 2.23545361
v -0.07461214 -0.59633386 2.22238803
v -0.03228565 -0.44979727 2.37790608
v -0.07130426 -0.56894910 2.32848549
v -0.07337619 -0.58875418 2.21070743
v -0.06604595 -0.59211457 2.20543671
v -0.06574434 -0.58343112 2.19583035
v -0.07228809 -0.58118403 2.20141506
v -0.04877817 -0.59684992 2.19686675
v -0.03795248 -0.59870398 2.19319820
v -0.03479677 -0.54464471 2.35641170
v -0.02263903 -0.45250040 2.17341852
v -0.05827351 -0.47208911 2.33909154
v -0.07092812 -0.46018183 2.32552338
v -0.06351015 -0.40746415 2.33718085
v -0.08464997 -0.47028130 2.29569173
v -0.08442721 -0.47123504 2.29607606
v -0.07049740 -0.43823284 2.31694889
v -0.07440472 -0.45033693 2.31057858
v -0.04861324 -0.47889656 2.34800720
v -0.09478538 -0.48479640 2.29992533
v -0.09574595 -0.48858798 2.29899573
v -0.09597063 -0.48371160 2.29999995
v -0.09710346 -0.48781937 2.29928470
v -0.09749041 -0.49184608 2.29773021
v -0.09646060 -0.48170179 2.30000734
v -0.09585727 -0.51062942 2.27222848
v -0.09750710 -0.51151299 2.27091646
v -0.08440354 -0.46674585 2.29297519
v -0.08406772 -0.46830177 2.29396319
v -0.08371133 -0.46744609 2.29360867
v -0.08345775 -0.46644157 2.29267669
v -0.08404497 -0.46527660 2.29215217
v -0.08326568 -0.46541882 2.29206085
v -0.09874368 -0.52106512 2.25845337
v -0.08156219 -0.46772790 2.29499483
v -0.08359317 -0.47065967 2.29591060
v -0.08352192 -0.46939248 2.29491258
v -0.08309521 -0.46793592 2.29430485
v -0.08188265 -0.46627945 2.29340720
v -0.08178109 -0.46469992 2.29232883
v -0.08336344 -0.46377563 2.29194641
v -0.09659715 -0.48092508 2.30082893
v -0.08840249 -0.46680409 2.29581738
v -0.09586333 -0.50739497 2.28212237
v -0.09576105 -0.50657588 2.28433251
v -0.09836987 -0.50866055 2.28492761
v -0.09822042 -0.50989974 2.28266907
v -0.07408759 -0.50941002 2.33249545
v -0.07662719 -0.52121341 2.33079386
v -0.01974867 -0.45624650 2.37737060
v -0.02142107 -0.46782798 2.36881018
v -0.09309948 -0.54163349 2.30142665
v -0.09587719 -0.50807428 2.27991009
v -0.09831733 -0.51064813 2.28043151
v -0.09632388 -0.49245411 2.29726028
v -0.09493123 -0.50756657 2.28009987
v -0.09495109 -0.50682956 2.28224635
v -0.09955992 -0.51283467 2.28119969
v -0.09952123 -0.51182890 2.28378177
v -0.09946772 -0.51042569 2.28622198
v -0.09481075 -0.50594795 2.28453827
v -0.09552996 -0.51282203 2.27876019
v -0.10023817 -0.55647302 2.26583409
v -0.09809023 -0.55800688 2.28092933
v -0.09711652 -0.57308328 2.26046443
v -0.09536644 -0.57608700 2.27600670
v -0.09011024 -0.57866549 2.29257679
v -0.09254597 -0.55949903 2.29818940
v -0.09555518 -0.51117826 2.27329373
v -0.09860335 -0.51262403 2.27104878
v -0.08775498 -0.55805457 2.20992994
v -0.09232893 -0.55655634 2.21886230
v -0.08206211 -0.55831516 2.19904518
v -0.08129763 -0.56623662 2.20298195
v -0.08663839 -0.56671321 2.21327591
v -0.09315117 -0.56591833 2.22729135
v -0.10089856 -0.54138100 2.25736213
v -0.10015326 -0.55449831 2.25088072
v -0.09837080 -0.55164230 2.23710132
v -0.09639224 -0.57005727 2.24457288
v -0.08903085 -0.57747853 2.22832537
v -0.09213139 -0.58120978 2.24274826
v -0.08315335 -0.58774877 2.22693539
v -0.08480037 -0.59324121 2.24056077
v -0.08432420 -0.59925687 2.25543380
v -0.09275217 -0.58518374 2.25762391
v -0.08484710 -0.57477653 2.21595836
v -0.07970859 -0.57327127 2.20541215
v -0.08038579 -0.58262181 2.21550512
v -0.07756814 -0.57920468 2.20735240
v -0.09664570 -0.54993916 2.22964168
v -0.07683463 -0.46006626 2.29533744
v -0.07888985 -0.45715505 2.29055166
v -0.08533674 -0.46244001 2.27803755
v -0.08571524 -0.46729881 2.23477674
v -0.08711817 -0.47953463 2.23066211
v -0.08952596 -0.47726512 2.24397588
v -0.08725505 -0.46349388 2.24998426
v -0.08707823 -0.49253809 2.22533298
v -0.08968482 -0.49078548 2.23803115
v -0.09144422 -0.50414664 2.23273468
v -0.08793026 -0.50566053 2.21841049
v -0.08125526 -0.58174372 2.30830550
v -0.08256231 -0.56580842 2.31539106
v -0.08212394 -0.55362427 2.32007360
v -0.07112236 -0.50584149 2.18128872
v -0.04386659 -0.61403668 2.31461310
v -0.07182253 -0.53254354 2.17924023
v -0.07551194 -0.60167968 2.29810119
v -0.06335522 -0.61206305 2.30071759
v -0.09106827 -0.58823729 2.27282453
v -0.08717603 -0.59006584 2.28710651
v -0.07907727 -0.59217143 2.30303073
v -0.07974819 -0.53873456 2.32603288
v -0.07297193 -0.57408905 2.19658613
v -0.07515892 -0.47929382 2.20529675
v -0.07385388 -0.47589904 2.20832253
v -0.07617854 -0.48254335 2.20138574
v -0.07184246 -0.47108406 2.20925331
v -0.03359469 -0.45428646 2.19040561
v -0.03295511 -0.45149028 2.18959594
v -0.03237449 -0.44832975 2.18922853
v -0.03589617 -0.45012045 2.19320679
v -0.03502074 -0.44655383 2.19314909
v -0.02929336 -0.44608021 2.18406534
v -0.02983335 -0.44963390 2.18490911
v -0.03155901 -0.44512093 2.18868232
v -0.03087956 -0.44138724 2.18869781
v -0.02910668 -0.44215965 2.18365455
v -0.03355081 -0.43169624 2.19877219
v -0.03497467 -0.43683183 2.19797683
v -0.03305418 -0.43971002 2.19368005
v -0.03848350 -0.44452578 2.19615364
v -0.03703089 -0.44089335 2.19676757
v -0.03407774 -0.44334674 2.19316316
v -0.03988807 -0.44844377 2.19610786
v -0.03156723 -0.43699652 2.18845487
v -0.03238329 -0.43257058 2.18731260
v -0.02951289 -0.43747020 2.18267012
v -0.02804786 -0.43774819 2.17844892
v -0.02763366 -0.44259310 2.17930841
v -0.03676915 -0.45297265 2.19375610
v -0.04130039 -0.45140237 2.19626474
v -0.04028547 -0.43777853 2.19936681
v -0.04472268 -0.43448174 2.20148540
v -0.04285881 -0.44236898 2.19841647
v -0.04706457 -0.43970478 2.20029664
v -0.04433104 -0.44649959 2.19805813
v -0.04875484 -0.44413900 2.19992113
v -0.04860907 -0.43107551 2.20400071
v -0.05175566 -0.42778885 2.20736694
v -0.05454537 -0.42403859 2.21177149
v -0.05519652 -0.43310332 2.20620441
v -0.05828369 -0.42898542 2.21112418
v -0.05756484 -0.43861175 2.20536304
v -0.06135938 -0.43490225 2.21017170
v -0.05159833 -0.43655241 2.20278239
v -0.05357102 -0.44146383 2.20233750
v -0.05008550 -0.44843221 2.19984102
v -0.04575950 -0.45016038 2.19812799
v -0.05924762 -0.45052993 2.20332146
v -0.05880960 -0.44466209 2.20435452
v -0.05456654 -0.44660532 2.20195246
v -0.05526929 -0.45153433 2.20140624
v -0.06339129 -0.44200563 2.20863724
v -0.06365407 -0.44964492 2.20603561
v -0.06301292 -0.45490456 2.20480561
v -0.04969423 -0.45985687 2.19781137
v -0.04528603 -0.46042240 2.19626045
v -0.05316606 -0.45980358 2.19899917
v -0.05910879 -0.45488274 2.20260715
v -0.05570535 -0.45514810 2.20096111
v -0.06737453 -0.46445024 2.20668817
v -0.06504827 -0.46272624 2.20506263
v -0.05930486 -0.46054482 2.20167375
v -0.05646736 -0.46002990 2.20030141
v -0.06227096 -0.46149433 2.20332360
v -0.04089412 -0.46219081 2.19518518
v -0.03610029 -0.46401912 2.19399691
v -0.06804904 -0.44780564 2.33037257
v -0.02754220 -0.44676816 2.17959094
v -0.02769873 -0.45063126 2.18029761
v -0.03450966 -0.47698957 2.18186665
v -0.03222724 -0.47524166 2.18421936
v -0.02679160 -0.47229028 2.17671824
v -0.03932576 -0.47865689 2.17746377
v -0.03323796 -0.46629161 2.19212508
v -0.03138572 -0.46843380 2.19084978
v -0.03058435 -0.47066021 2.18885303
v -0.03078697 -0.47313559 2.18662691
v -0.05200452 -0.48982799 2.16947389
v -0.04806346 -0.48332399 2.17093968
v -0.08110576 -0.51767898 2.19384766
v -0.08414352 -0.51150632 2.20146394
v -0.07193064 -0.49157012 2.18667650
v -0.07470861 -0.48908341 2.19166374
v -0.07611696 -0.48591459 2.19672108
v -0.08455435 -0.50256979 2.21001172
v -0.08412611 -0.49180698 2.21671534
v -0.08408452 -0.48100203 2.22205734
v -0.07430460 -0.55015457 2.18532872
v -0.07433870 -0.55848455 2.18855643
v -0.07355806 -0.54155803 2.18215203
v -0.06566127 -0.57536995 2.18912745
v -0.06570862 -0.56710994 2.18375206
v -0.07384485 -0.56648254 2.19241762
v -0.06618624 -0.55908573 2.17970061
v -0.06628189 -0.55091512 2.17659831
v -0.06547555 -0.54204249 2.17334318
v -0.06423163 -0.53271520 2.17063117
v -0.06183131 -0.52146566 2.16838694
v -0.05580904 -0.45889497 2.34413385
v -0.02469436 -0.43743795 2.18686795
v -0.02401863 -0.43722731 2.18614364
v -0.02357553 -0.43748337 2.18749452
v -0.02289574 -0.43726194 2.18681097
v -0.02257095 -0.43635285 2.18781900
v -0.02326532 -0.42849618 2.18933034
v -0.02187872 -0.43089223 2.18944025
v -0.02176720 -0.43453825 2.18862224
v -0.08320967 -0.45802373 2.28325295
v -0.06224849 -0.41839802 2.34741569
v -0.05760267 -0.42676365 2.35464168
v 0.04880309 -0.42361158 2.33940458
v 0.04472884 -0.43230057 2.34624434
v 0.01457465 -0.37007368 2.31288123
v 0.02577794 -0.37673646 2.31488752
v 0.02792678 -0.37199837 2.32103610
v 0.01652141 -0.36567253 2.31910539
v 0.05285659 -0.41063565 2.35607839
v 0.05029168 -0.41444802 2.34396100
v 0.04725020 -0.42563963 2.35522699
v 0.05143586 -0.42104447 2.36836529
v 0.04128972 -0.43399715 2.36707950
v 0.04582021 -0.42814326 2.38001180
v 0.03676916 -0.43250751 2.38976979
v 0.03281046 -0.43992877 2.37669230
v 0.02213808 -0.44218129 2.38451910
v 0.02675327 -0.43357891 2.39677119
v 0.03659958 -0.38486099 2.31858587
v 0.04496158 -0.39454168 2.32515216
v 0.04519783 -0.38672793 2.33077550
v 0.03684442 -0.37950599 2.32394409
v 0.04957002 -0.40521991 2.33316803
v 0.05161032 -0.39883816 2.34183192
v 0.01253087 -0.43583477 2.39874172
v 0.00855493 -0.44652736 2.38501859
v 0.02111305 -0.35515869 2.32994390
v 0.00782888 -0.35235792 2.32958126
v 0.00663277 -0.35776377 2.32523203
v 0.01902553 -0.36063159 2.32543373
v 0.05432260 -0.36466622 2.34713364
v 0.06927250 -0.37667286 2.36004329
v 0.07534553 -0.36676359 2.35785055
v 0.05957831 -0.35447723 2.34632778
v 0.06896090 -0.33135772 2.33441520
v 0.09480129 -0.34300381 2.34715295
v 0.09074917 -0.31875384 2.33242130
v 0.06965743 -0.31198478 2.32804155
v 0.08773695 -0.29797840 2.32221794
v 0.06879117 -0.29291898 2.32007122
v 0.08005336 -0.24174541 2.30017185
v 0.06240213 -0.23996550 2.29853439
v 0.06453240 -0.25728792 2.30490708
v 0.08251766 -0.25977826 2.30649829
v 0.09236527 -0.14636040 2.29927492
v 0.07911597 -0.14875466 2.29340744
v 0.08606707 -0.16411167 2.28859210
v 0.09793498 -0.16302508 2.29239511
v 0.15302715 -0.27155513 2.32446265
v 0.15587254 -0.29204965 2.32789350
v 0.16782555 -0.28086597 2.32986021
v 0.16331008 -0.26073790 2.32959771
v 0.11389754 -0.38538796 2.38597941
v 0.10677561 -0.36689490 2.36642504
v 0.09450185 -0.37312478 2.37154245
v 0.10070459 -0.39030766 2.38882947
v 0.14430863 -0.18213493 2.33475828
v 0.13837180 -0.16904831 2.32982445
v 0.13428628 -0.17663652 2.31953478
v 0.13926837 -0.18932128 2.32288432
v 0.11712949 -0.06327492 2.34905672
v 0.10088345 -0.05967402 2.33316565
v 0.10166943 -0.08178091 2.33022237
v 0.11740071 -0.08532089 2.34490967
v 0.15704983 -0.12044877 2.40772796
v 0.16027589 -0.12391859 2.43419433
v 0.15727073 -0.10542202 2.43741226
v 0.15489404 -0.10044265 2.41060758
v 0.11118469 -0.24374855 2.30598855
v 0.09637088 -0.24317026 2.30266643
v 0.09935291 -0.26131588 2.30894756
v 0.11437646 -0.26215035 2.31183290
v 0.33305830 -0.25685042 2.34308624
v 0.33055496 -0.23957443 2.34431672
v 0.30720115 -0.24892890 2.34633541
v 0.30978122 -0.26614541 2.34514070
v 0.14723746 0.00258830 2.42061114
v 0.14838809 -0.00477722 2.44537878
v 0.15090327 0.01395401 2.44691873
v 0.14861484 0.02134183 2.42131448
v 0.19950722 -0.34557235 2.34501863
v 0.20431857 -0.36586076 2.36290407
v 0.21657191 -0.35798883 2.36175036
v 0.21234687 -0.33692569 2.34548521
v 0.14506356 -0.23875767 2.32075310
v 0.14926644 -0.25463712 2.32200742
v 0.15823257 -0.24577141 2.32968211
v 0.15327738 -0.23250026 2.32962275
v 0.16906007 -0.15765917 2.43174767
v 0.16627710 -0.15532142 2.40964627
v 0.17016377 -0.17334497 2.41128540
v 0.17333689 -0.17535084 2.43115425
v 0.16179170 -0.13764113 2.40833068
v 0.16442968 -0.14025110 2.43273139
v 0.13537253 -0.24228120 2.31477308
v 0.12410903 -0.24350727 2.31002545
v 0.12734656 -0.26216412 2.31444287
v 0.13840859 -0.26075864 2.31779647
v 0.08686597 -0.13151795 2.30703831
v 0.07073200 -0.13480473 2.29979920
v 0.14016093 0.02914485 2.39708972
v 0.12678438 0.03674889 2.37636328
v 0.12739608 0.01731539 2.37581873
v 0.13991331 0.01010263 2.39675355
v 0.08411145 -0.10017073 2.31751752
v 0.08417572 -0.11717272 2.31373191
v 0.09949903 -0.11803257 2.32253289
v 0.10053760 -0.10138178 2.32804608
v 0.10954778 0.04342526 2.35905147
v 0.09071402 0.04906854 2.34334612
v 0.09153214 0.02862453 2.34303808
v 0.11062483 0.02380440 2.35829163
v 0.08512416 -0.27848846 2.31383061
v 0.06682143 -0.27498657 2.31203914
v 0.11480777 -0.14893234 2.31219530
v 0.10440858 -0.14688730 2.30553317
v 0.10890380 -0.16338617 2.29803395
v 0.11787035 -0.16462708 2.30500412
v 0.17030716 -0.24746627 2.34112811
v 0.18038470 -0.26538819 2.33921599
v 0.17907248 -0.24461120 2.35994673
v 0.17163774 -0.23560929 2.35907078
v 0.15171981 0.03105608 2.44727468
v 0.14985237 0.03889424 2.42087245
v 0.10884764 0.06229520 2.35929298
v 0.09005135 0.06855869 2.34384561
v 0.19633248 -0.23023403 2.41201544
v 0.20434381 -0.23630744 2.41077685
v 0.20823462 -0.23569757 2.42317414
v 0.20134880 -0.23048848 2.42548752
v 0.04622017 -0.16465348 2.28734231
v 0.06123120 -0.17323285 2.28441429
v 0.06730226 -0.15758312 2.28789973
v 0.05539908 -0.14549810 2.29313922
v 0.11213730 -0.13443381 2.32190681
v 0.11278488 -0.12119710 2.33157086
v 0.10041914 -0.13204569 2.31433749
v 0.03075242 -0.15556967 2.29353499
v 0.04161273 -0.12968016 2.30046773
v 0.04756875 -0.27112591 2.31079459
v 0.04569501 -0.25453228 2.30432630
v 0.04886384 -0.28791589 2.31730080
v 0.02916044 -0.28331423 2.31519842
v 0.02872709 -0.30039316 2.32045507
v 0.04850394 -0.30527979 2.32349348
v 0.02695032 -0.31683165 2.32389331
v 0.04671820 -0.32245851 2.32755041
v 0.03788878 -0.35401607 2.33885598
v 0.04122945 -0.34530342 2.33782339
v 0.16390468 -0.23556370 2.34183121
v 0.15875952 -0.22435254 2.34220076
v 0.12648314 0.05544898 2.37642503
v 0.12985836 -0.32996434 2.49096608
v 0.12641807 -0.31401056 2.49985504
v 0.14495634 -0.31485116 2.48944759
v 0.14828990 -0.33152044 2.48107433
v 0.12507850 -0.38639355 2.38423347
v 0.12124638 -0.36855477 2.36362076
v 0.18509790 -0.24634624 2.47179317
v 0.19474672 -0.24863338 2.46375751
v 0.19502406 -0.25699121 2.46569753
v 0.18433993 -0.25542182 2.47380352
v 0.21463810 -0.24900192 2.44410038
v 0.21293889 -0.24315381 2.43977761
v 0.23122711 -0.24413657 2.43761873
v 0.23209585 -0.25095230 2.44281483
v 0.14431971 0.00674874 2.47158885
v 0.14280011 -0.01154602 2.46925998
v 0.13961470 -0.15114671 2.49755311
v -0.00138494 -0.43041497 2.41056252
v -0.00365584 -0.43982530 2.39658427
v 0.15067387 -0.13906306 2.47925067
v 0.15756486 -0.15691203 2.47462940
v 0.14852726 -0.16898936 2.49138260
v 0.02506734 -0.30902845 2.50330615
v 0.02511838 -0.29445344 2.50895381
v 0.04412634 -0.29853010 2.51179504
v 0.04438290 -0.31335199 2.50601673
v 0.08826642 -0.33872926 2.49747682
v 0.08955893 -0.35377216 2.48866796
v 0.06557537 -0.34645832 2.49344444
v 0.06527847 -0.33300126 2.50083613
v 0.10873315 -0.32771420 2.49964166
v 0.10566360 -0.31130791 2.50754404
v 0.17339510 -0.18068397 2.44956255
v 0.16825932 -0.16432154 2.45202398
v 0.18409176 -0.20928162 2.43088746
v 0.18496439 -0.21276402 2.44611287
v 0.18214688 -0.20495182 2.44732523
v 0.18135352 -0.20123225 2.43107867
v 0.09151374 -0.39634109 2.39096022
v 0.08876302 -0.40596914 2.40824080
v 0.10051520 -0.40130633 2.40837193
v 0.05636650 -0.39371789 2.45402098
v 0.05687304 -0.38733315 2.46112323
v 0.07080377 -0.39188766 2.45509601
v 0.06589296 -0.39706171 2.44844627
v 0.04890717 -0.22834176 2.53065324
v 0.02773381 -0.22740966 2.52965093
v 0.02873794 -0.20488209 2.53123212
v 0.05107097 -0.20387501 2.53255415
v 0.19429429 -0.23501587 2.45718765
v 0.18685392 -0.23066860 2.46353650
v 0.18807097 -0.22399557 2.45583820
v 0.19398887 -0.22823250 2.45090008
v 0.18022777 -0.21076226 2.46044827
v 0.18385792 -0.21841276 2.45847607
v 0.18137117 -0.22556490 2.46790028
v 0.17667644 -0.21846730 2.47137380
v 0.15720175 -0.18457848 2.48458815
v 0.16442893 -0.17393470 2.46937704
v 0.17131273 -0.18883812 2.46540284
v 0.16590972 -0.19831282 2.47953081
v 0.02518047 -0.12626886 2.53332520
v 0.04492315 -0.12272084 2.53641248
v 0.04697942 -0.15020895 2.53600264
v 0.02644769 -0.15295315 2.53433418
v 0.21602051 -0.24695420 2.38379812
v 0.21523570 -0.25350171 2.36905932
v 0.22841904 -0.25066721 2.37007189
v 0.23209533 -0.24342650 2.38475227
v 0.25580969 -0.28121221 2.45218706
v 0.24432628 -0.27924138 2.45411801
v 0.24427380 -0.27182144 2.45308709
v 0.25564140 -0.27460551 2.45211196
v 0.25420535 -0.23105514 2.39818287
v 0.24880813 -0.23762387 2.38496447
v 0.26840374 -0.23013824 2.38431692
v 0.27342093 -0.22331357 2.39804173
v 0.13955341 -0.39086044 2.41178966
v 0.13690951 -0.38726234 2.38312006
v 0.12853131 -0.39453590 2.40946198
v 0.26007390 -0.22689414 2.42213392
v 0.26160163 -0.23148173 2.43217397
v 0.24494080 -0.23565727 2.43114710
v 0.24349849 -0.23299968 2.42116976
v 0.31444553 -0.28293496 2.35289550
v 0.33750597 -0.27377301 2.35075760
v 0.29813632 -0.21421725 2.40956926
v 0.30191144 -0.21647280 2.42165065
v 0.28017035 -0.22151268 2.42211366
v 0.27748600 -0.21997106 2.41059351
v 0.13190293 -0.13245833 2.50134897
v 0.14492032 -0.12100047 2.48341727
v 0.11816199 -0.00206721 2.51151705
v 0.13286242 0.00165111 2.49397326
v 0.12899230 -0.01859820 2.49168658
v 0.11442798 -0.02374935 2.50896287
v 0.14561281 0.02522483 2.47356915
v 0.12134744 0.01911205 2.51291633
v 0.13566285 0.02133879 2.49533796
v 0.06720349 -0.41338086 2.39688659
v 0.05585679 -0.41845256 2.41062403
v 0.06720426 -0.41287148 2.41920495
v 0.07795039 -0.41029263 2.40713859
v 0.16477595 0.13769954 2.47569299
v 0.16285312 0.16268167 2.47991657
v 0.16733885 0.15989974 2.45012593
v 0.16764691 0.13839513 2.44543052
v 0.03974501 -0.40697765 2.43824267
v 0.05434692 -0.41191709 2.42763948
v 0.04334312 -0.41801059 2.41985655
v 0.03099746 -0.41504967 2.42769480
v 0.16555773 0.11593962 2.44396114
v 0.16333845 0.11224413 2.47297335
v 0.08089829 -0.40088069 2.38835311
v 0.06947756 -0.40341592 2.37942219
v 0.07545865 -0.38884985 2.37248421
v 0.06571506 -0.39084661 2.36505342
v 0.05856000 -0.37965769 2.35149455
v 0.16650587 0.16047233 2.41839695
v 0.16316327 0.14233336 2.41742873
v 0.05236819 -0.42293489 2.39419413
v 0.04115257 -0.42559195 2.40378475
v 0.02708526 -0.42470545 2.41238499
v 0.01178488 -0.42648590 2.41460943
v 0.14850165 0.04341924 2.47255588
v 0.15176627 0.04821819 2.44648004
v 0.12371041 0.27461910 2.53923988
v 0.09679691 0.28440100 2.54832268
v 0.09999006 0.29773346 2.53343678
v 0.13262804 0.28683239 2.52504158
v 0.02522222 0.28306839 2.55254269
v 0.02475234 0.29807439 2.53101873
v 0.06298533 0.30205497 2.53504586
v 0.06323346 0.28789043 2.55230999
v 0.06124021 0.14905444 2.58425140
v 0.06192188 0.12519470 2.57686925
v 0.03233606 0.12491646 2.57915020
v 0.03111809 0.14919412 2.58572102
v 0.12440337 0.03913733 2.51396513
v 0.13834536 0.04033530 2.49578261
v 0.14730024 0.05472142 2.42069244
v 0.20622799 0.26143941 2.43198347
v 0.21858558 0.29195496 2.42661953
v 0.22025405 0.28973004 2.38718224
v 0.20671102 0.25799298 2.39160371
v 0.18020274 0.31430984 2.48779488
v 0.17159224 0.28770274 2.49482059
v 0.14094011 0.30471545 2.51079130
v 0.14968887 0.32761392 2.50250268
v 0.07074517 0.07417414 2.32959867
v 0.08837718 0.08644772 2.34562325
v 0.06875097 0.09248406 2.33240962
v 0.00999384 0.08319849 2.30965233
v 0.03166836 0.08164486 2.31208611
v 0.02798131 0.09974477 2.31585288
v 0.00720620 0.10129032 2.31341505
v 0.01100938 0.20807558 2.32518172
v -0.00341127 0.20873907 2.32549262
v -0.00151935 0.18565255 2.32548404
v 0.01501330 0.18335333 2.32743073
v 0.15229590 0.14644814 2.39068866
v 0.13323182 0.15214407 2.36978579
v 0.13017693 0.13793966 2.37200069
v 0.14858477 0.13099888 2.39199591
v 0.02613801 0.30990198 2.50697351
v 0.06360430 0.31464934 2.51508570
v 0.20874085 0.29158732 2.34974980
v 0.19317359 0.26029801 2.35415792
v 0.18668742 0.30020669 2.32321501
v 0.15584108 0.31057560 2.31180739
v 0.14277454 0.28148350 2.31715679
v 0.17137630 0.26914147 2.32817745
v 0.03040485 0.27950814 2.33965898
v 0.01934509 0.30004504 2.36145449
v 0.00740284 0.29532978 2.35655379
v 0.01714871 0.27076229 2.33406878
v 0.02563168 0.26519677 2.56764555
v 0.05996342 0.27040696 2.56720185
v 0.05808539 0.24941090 2.57861924
v 0.02575683 0.24547741 2.57828474
v 0.10441749 0.01775599 2.52552652
v 0.10749909 0.03928095 2.52749729
v 0.08667070 0.01733461 2.53355455
v 0.10349180 -0.00502056 2.52258587
v 0.08403452 -0.00725472 2.53067279
v 0.09525345 -0.15865993 2.52427244
v 0.11510330 -0.14508355 2.51486492
v 0.12371533 -0.16392541 2.51210165
v 0.10476075 -0.17954320 2.52206326
v 0.06411174 -0.30327404 2.51402187
v 0.06471338 -0.31840092 2.50786066
v 0.10984667 0.33582592 2.50602412
v 0.06335494 0.33375534 2.49695969
v 0.09459534 0.36660194 2.48897743
v 0.13023385 0.36156917 2.49674249
v 0.21486303 0.33044451 2.45404124
v 0.20469511 0.29988709 2.46108150
v 0.19181627 0.34216994 2.47856736
v 0.23010680 0.32285997 2.41939855
v 0.23338781 0.32004407 2.38046980
v 0.19972257 0.33176982 2.31801987
v 0.16881910 0.34129006 2.30778217
v 0.07311752 0.34622890 2.35267878
v 0.09561473 0.33572328 2.33279014
v 0.10887960 0.36088657 2.33257985
v 0.08624266 0.36988330 2.35505438
v 0.05169285 0.20555392 2.33090925
v 0.08342265 0.18052018 2.34298182
v 0.09032748 0.19873819 2.33942103
v 0.06638126 0.22407874 2.33126044
v 0.01607557 0.06407288 2.30725408
v 0.03406921 0.06144813 2.30910754
v 0.05082193 0.07845819 2.31826758
v 0.05239490 0.05818558 2.31577110
v 0.07172591 0.05413467 2.32806039
v 0.03721276 -0.03108513 2.30040479
v 0.05966604 -0.03231496 2.30857229
v 0.05609575 -0.00903249 2.31060410
v 0.03457008 -0.00747052 2.30215430
v 0.04003847 -0.05593038 2.29949498
v 0.06313390 -0.05661297 2.30681968
v 0.04173692 -0.10465008 2.30361605
v 0.06502711 -0.11986035 2.30594254
v 0.06436580 -0.10159630 2.30912566
v 0.02833635 -0.26692557 2.30990362
v 0.02704032 -0.25060612 2.30490303
v 0.15529500 0.16191387 2.38903856
v 0.04130169 0.34450632 2.46705866
v 0.03866432 0.35231429 2.43517280
v 0.05772967 0.37732106 2.43777442
v 0.06763412 0.37280947 2.46704793
v 0.16095260 0.12424815 2.41629791
v 0.14088017 0.04754797 2.39663839
v 0.13777865 0.06316891 2.39714146
v 0.14575498 -0.09704596 2.38397670
v 0.14615023 -0.12113380 2.37658787
v 0.07554579 -0.17866129 2.28479147
v 0.07670268 -0.16664439 2.28638196
v 0.19420879 0.27066556 2.46843672
v 0.21825883 0.39422697 2.31055331
v 0.18734330 0.40496129 2.30259752
v 0.17846417 0.37338555 2.30482864
v 0.20966236 0.36353642 2.31400347
v 0.08837712 0.40217233 2.38142014
v 0.10127813 0.39638996 2.35736990
v 0.11719421 0.42412144 2.35771275
v 0.10797843 0.42926961 2.38285756
v 0.12670939 0.45638907 2.38115740
v 0.13372566 0.45298249 2.35551095
v 0.14797017 0.48240149 2.35567021
v 0.14345199 0.48334432 2.38036060
v 0.22245613 0.32458261 2.34443665
v 0.25200307 0.38266915 2.36575103
v 0.24180238 0.38661283 2.33359957
v 0.23270090 0.35614175 2.33882403
v 0.24331819 0.35196394 2.37295127
v 0.16492619 0.35330480 2.49158525
v 0.07150443 0.37630910 2.37900329
v 0.05696231 0.35400581 2.37516928
v 0.10896771 0.43288141 2.43231750
v 0.12160963 0.43024576 2.45586801
v 0.09559865 0.40356547 2.46196795
v 0.08323728 0.40613067 2.43523955
v 0.21998772 0.39341682 2.45643663
v 0.23843291 0.38504392 2.43212795
v 0.22762564 0.35771650 2.44202638
v 0.20692712 0.36782366 2.46627593
v 0.24938102 0.38207936 2.40012288
v 0.24094242 0.35221320 2.40909624
v 0.26803815 0.44208795 2.35068178
v 0.25544429 0.44734263 2.32249069
v 0.24926718 0.41718960 2.32787418
v 0.26040334 0.41257691 2.35836148
v 0.26739699 0.43949330 2.38369608
v 0.25838059 0.41098642 2.39203429
v 0.24925996 0.41236287 2.42313075
v 0.26002353 0.43941480 2.41313601
v 0.24396791 0.44368660 2.43467546
v 0.23246746 0.41833872 2.44571543
v 0.21134694 0.42782509 2.46111178
v 0.22458389 0.45126551 2.44987631
v 0.18802263 0.43769366 2.46687317
v 0.16438580 0.44614255 2.46275830
v 0.18289021 0.46810716 2.45257068
v 0.20380189 0.45985818 2.45592999
v 0.15115356 0.48088145 2.42524934
v 0.16435294 0.47564369 2.44254875
v 0.14457457 0.45340538 2.44961834
v 0.13178772 0.45754856 2.42861795
v 0.22016206 0.56775296 2.42181730
v 0.23453641 0.55831736 2.42591405
v 0.21732920 0.53796780 2.42814708
v 0.20158920 0.54714704 2.42175651
v 0.24928410 0.55010521 2.42991924
v 0.26493040 0.54262424 2.42848945
v 0.24944247 0.52246922 2.43043661
v 0.23324758 0.53000873 2.43066454
v 0.28007722 0.51393032 2.40628982
v 0.26530933 0.51675880 2.42261052
v 0.28079557 0.53742093 2.41995573
v 0.29498142 0.53598857 2.40346622
v 0.30741096 0.53616107 2.38291550
v 0.29539514 0.51252121 2.38696361
v 0.30758166 0.54287928 2.35935426
v 0.29947466 0.51698363 2.36257672
v 0.28951889 0.52652138 2.33445930
v 0.29832801 0.55289203 2.33298063
v 0.20357792 0.58665311 2.37545776
v 0.20190704 0.58260763 2.39594126
v 0.18565811 0.55946809 2.38964295
v 0.19013363 0.56166971 2.36949730
v 0.21400456 0.55864316 2.32763386
v 0.22971021 0.55277586 2.30328512
v 0.24020384 0.58052582 2.31411648
v 0.22705303 0.58528560 2.33854675
v 0.27694368 0.46642309 2.37560439
v 0.27518728 0.47075850 2.34389114
v 0.25489888 0.46836787 2.42354631
v 0.27054867 0.46505862 2.40292716
v 0.16840568 0.50336045 2.42282081
v 0.18216333 0.49701554 2.43687177
v 0.16201003 0.51047480 2.35824633
v 0.15784769 0.50986099 2.38165736
v 0.23817967 0.48539168 2.30086017
v 0.26083675 0.47761077 2.31728292
v 0.26896828 0.50598508 2.31145096
v 0.24651743 0.51460290 2.29576254
v 0.28791374 0.49213874 2.36837268
v 0.28218451 0.48921835 2.39417768
v 0.26660025 0.49166936 2.41361284
v 0.25119382 0.49577612 2.42923474
v 0.23423336 0.50209653 2.43644857
v 0.21717408 0.50952101 2.43599844
v 0.19966979 0.51762772 2.43228722
v 0.18477571 0.52543116 2.42189693
v 0.17194991 0.53509343 2.38504219
v 0.17675632 0.53662288 2.36339688
v 0.25438571 0.54370034 2.29461551
v 0.27846852 0.53352624 2.30758333
v 0.28790498 0.56005299 2.31102467
v 0.26272100 0.57077742 2.30287504
v 0.27173668 0.59479737 2.31611490
v 0.25217628 0.60190636 2.32710314
v 0.26582533 0.57095009 2.43283963
v 0.28173321 0.56401068 2.42985487
v 0.29677117 0.55956316 2.42072773
v 0.31955701 0.55998564 2.38431168
v 0.31722325 0.56972861 2.35777354
v 0.30667198 0.58043206 2.33508468
v 0.29268482 0.58463210 2.31863070
v 0.23889606 0.62620044 2.40808964
v 0.22067182 0.60346133 2.40049100
v 0.22113219 0.60845655 2.38259840
v 0.23928186 0.63121009 2.39001536
v 0.25437340 0.61255664 2.43351316
v 0.26674747 0.60301524 2.44232821
v 0.25201070 0.57965058 2.42890048
v 0.23859094 0.58858359 2.42181587
v 0.28275314 0.59395200 2.44407368
v 0.29963779 0.58679056 2.43868780
v 0.31527901 0.58150762 2.42828155
v 0.31043637 0.55756634 2.40552330
v 0.32812843 0.58033872 2.41111946
v 0.33337671 0.58601940 2.38679910
v 0.32934362 0.59756130 2.35644412
v 0.32658672 0.64062577 2.34461641
v 0.31133875 0.61268049 2.33749247
v 0.34455347 0.62524319 2.36095572
v 0.34406307 0.74468112 2.37357402
v 0.36535788 0.73290223 2.37042689
v 0.37648124 0.76685399 2.38218236
v 0.35794860 0.77783412 2.38478947
v 0.25380737 0.65703928 2.39874816
v 0.25254488 0.65391332 2.41898704
v 0.26774526 0.64017606 2.44753528
v 0.28202680 0.62952757 2.45565152
v 0.36775529 0.63989657 2.39798856
v 0.35084337 0.61221361 2.39029288
v 0.34643093 0.60551697 2.41730618
v 0.36361915 0.63356990 2.42564297
v 0.29208726 0.75161380 2.42408466
v 0.29187939 0.74832797 2.44463062
v 0.27638024 0.71683836 2.43798304
v 0.27656770 0.72038805 2.41608024
v 0.28072077 0.67093819 2.45893884
v 0.29423454 0.70250803 2.46750236
v 0.31023991 0.69146574 2.47585726
v 0.29599345 0.65975398 2.46753740
v 0.39279550 0.70694518 2.41360593
v 0.38168830 0.67149663 2.40612459
v 0.37875700 0.66555887 2.43335509
v 0.39074865 0.70207310 2.43907833
v 0.36013117 0.65286660 2.36922717
v 0.37275469 0.68357450 2.37804031
v 0.35394153 0.69980514 2.36079144
v 0.33990419 0.66946375 2.35171938
v 0.33007160 0.71209246 2.36319852
v 0.31545460 0.68165231 2.35485721
v -0.01585379 0.29031691 2.35102797
v -0.01417122 0.30412573 2.37153006
v -0.01287382 0.30801865 2.38903093
v 0.33558986 0.81284553 2.45136929
v 0.31359160 0.77966666 2.44803834
v 0.31383830 0.78407389 2.42974377
v 0.33615363 0.81817263 2.43581653
v 0.32728320 0.72457421 2.47947598
v 0.31049806 0.73441190 2.47265601
v 0.33041847 0.76760066 2.47258425
v 0.34501266 0.75962543 2.47887874
v 0.41327459 0.78531444 2.42704582
v 0.40303159 0.74515945 2.42075920
v 0.40144321 0.74148667 2.44385624
v 0.41129994 0.78188151 2.44859338
v 0.38936824 0.80345970 2.39458346
v 0.39489904 0.75388354 2.39542651
v 0.40603629 0.79267085 2.40600729
v 0.40151206 0.84044784 2.40350580
v 0.38709551 0.84889686 2.40487957
v 0.37242991 0.81327981 2.39642859
v 0.35637629 0.85067475 2.44074798
v 0.35478872 0.84669858 2.45534492
v 0.37540820 0.83096206 2.48089767
v 0.36118224 0.79532564 2.47867680
v 0.34867674 0.80277056 2.47265649
v 0.36450443 0.83813006 2.47457623
v 0.39277807 0.78552186 2.47424650
v 0.37687290 0.78939885 2.48002839
v 0.39017856 0.82529485 2.48196554
v 0.40478730 0.82210141 2.47600794
v 0.41948515 0.81943899 2.45326495
v 0.40385371 0.78246701 2.46516609
v 0.41350752 0.82020712 2.46692586
v 0.42206568 0.82192159 2.43290615
v 0.41626957 0.82998574 2.41375136
v 0.01609020 0.32078585 2.44701242
v 0.02220219 0.32646102 2.41570330
v 0.02831949 0.33563423 2.42636228
v 0.02559369 0.32532933 2.45759106
v 0.12183045 0.38889581 2.33184433
v 0.13496824 0.41948396 2.33127403
v 0.15961537 0.47993237 2.33070493
v 0.14803576 0.45016664 2.32989860
v 0.17315601 0.50883448 2.33440328
v 0.18789199 0.53632820 2.34060287
v 0.20066512 0.56272131 2.34979725
v 0.21334966 0.58800024 2.35816956
v 0.22910503 0.61045325 2.36455727
v 0.24721889 0.63390517 2.37054157
v 0.27453202 0.68749666 2.38715839
v 0.26494727 0.68816644 2.40754986
v 0.26280552 0.65848666 2.37934351
v 0.30271304 0.75220346 2.40224314
v 0.28675115 0.71950394 2.39447117
v 0.32281786 0.78636134 2.41093612
v 0.34401363 0.82079452 2.42009902
v 0.36408347 0.85285020 2.42631054
v 0.10062401 0.27331868 2.32488918
v 0.07631880 0.29203859 2.33314371
v 0.06802742 0.27616519 2.33296323
v 0.08948705 0.25452411 2.32856512
v 0.01324445 0.30788797 2.37876391
v 0.00866396 0.31108403 2.39472866
v 0.00059601 0.30793640 2.39089370
v 0.00362721 0.30470753 2.37506771
v 0.28184789 0.49859852 2.33841515
v 0.23794472 0.47385001 2.43821144
v 0.21900025 0.48126930 2.44528127
v 0.19988033 0.48918319 2.44313836
v -0.01132085 0.30742061 2.40647197
v 0.18979636 0.50391442 2.31178069
v 0.21181366 0.49539745 2.29876351
v 0.22077534 0.52444851 2.29910707
v 0.20012528 0.53315073 2.31607914
v 0.30164027 0.65668446 2.34820747
v 0.29362839 0.68612504 2.37015867
v 0.27995560 0.65926909 2.36098933
v 0.29074544 0.63323039 2.33819485
v 0.31828338 0.61053121 2.44991994
v 0.33440179 0.60535270 2.43763685
v 0.33522895 0.63839519 2.46169305
v 0.29975337 0.61895519 2.45590997
v 0.31513128 0.64785808 2.46833825
v 0.16939306 0.44533378 2.30956388
v 0.19560596 0.43582499 2.30149293
v 0.20367736 0.46581393 2.30065751
v 0.17882881 0.47457761 2.31044292
v 0.12788901 -0.03824443 2.48897219
v 0.11386622 -0.04502100 2.50565577
v 0.13359445 -0.14785737 2.33704853
v 0.13811745 -0.13614875 2.35350370
v 0.12534061 -0.12690365 2.34265399
v 0.12332495 -0.13923991 2.32995129
v 0.14195995 -0.15905571 2.34317088
v 0.14698809 -0.14848763 2.36064601
v 0.14841726 -0.17250180 2.34873414
v 0.00535748 -0.37782103 2.46557713
v 0.00459181 -0.38971305 2.45638561
v 0.15362781 -0.16283447 2.36601281
v 0.17283709 -0.22768515 2.37749124
v 0.17736275 -0.23369563 2.37960076
v 0.04161477 -0.08070403 2.30048203
v 0.01703538 -0.07956088 2.29833913
v 0.01758628 -0.10248160 2.30100751
v 0.04815119 0.09705544 2.32202840
v 0.02809535 0.20703930 2.32882190
v 0.03311587 0.17919821 2.33140779
v 0.05475460 0.17226160 2.33776212
v -0.00405933 0.27682552 2.33812642
v 0.06821775 -0.14446008 2.53300738
v 0.06544501 -0.11705476 2.53440475
v 0.04440269 -0.32707059 2.49959230
v 0.02488014 -0.32274759 2.49735284
v 0.04339705 -0.35230994 2.48642755
v 0.04213704 -0.36373925 2.47953892
v 0.02359674 -0.35938692 2.47899055
v -0.00991403 -0.02961469 2.29845715
v -0.01065366 -0.00702679 2.29953575
v 0.02425459 -0.34795898 2.48543334
v 0.02168859 -0.40673625 2.43963623
v -0.00794335 -0.10000724 2.30296612
v -0.00844091 -0.07745409 2.30062151
v 0.01644964 -0.41590631 2.42811155
v 0.01453026 0.31481516 2.39820385
v 0.00759538 0.31422675 2.42238951
v 0.00440276 0.31131285 2.41316175
v 0.06416021 0.32481903 2.34903002
v 0.04826167 0.33523840 2.36963987
v 0.04239556 0.32087779 2.36530590
v 0.05701799 0.30861813 2.34651756
v 0.19188726 0.22750828 2.39558959
v 0.19383065 0.23055536 2.43590188
v 0.10376852 0.31367171 2.51851702
v 0.34780967 -0.20659983 2.41696787
v 0.35262489 -0.21549672 2.42593837
v 0.32882932 -0.22008836 2.42963839
v 0.32430923 -0.21177328 2.41988206
v 0.07253920 -0.22907573 2.53009152
v 0.08075126 -0.20047861 2.52869487
v 0.08545152 -0.38230443 2.37435555
v 0.15999949 -0.38484710 2.37752557
v 0.15532094 -0.37037730 2.35379076
v 0.14523831 -0.37151456 2.35788035
v 0.14852454 -0.38643801 2.38092709
v -0.01043721 0.30592069 2.42342257
v 0.16340831 -0.34644967 2.46367884
v 0.16353750 -0.36195099 2.44864678
v 0.15126550 -0.36282253 2.45674849
v 0.15015791 -0.34654021 2.47140050
v 0.02904702 0.17386419 2.58979940
v 0.05916610 0.17415237 2.58923054
v 0.04280242 -0.03887528 2.53625059
v 0.06281976 -0.03578687 2.53456616
v 0.06224349 -0.06220937 2.53481460
v -0.00628016 0.30910248 2.47613358
v -0.00512795 0.30474168 2.48832226
v 0.04283601 -0.06591904 2.53613973
v 0.10482381 -0.21418548 2.52394223
v 0.11997467 -0.19589949 2.51668096
v 0.02530760 -0.19998264 2.29240179
v 0.04233683 -0.20395970 2.28919125
v 0.04322825 -0.18536282 2.28645110
v 0.02642112 -0.17987275 2.29049063
v 0.30426586 -0.25747776 2.44402599
v 0.28169698 -0.25306076 2.44645905
v 0.28297821 -0.23843366 2.44089222
v 0.30615613 -0.23645002 2.44004869
v 0.18107492 0.23915315 2.47653341
v 0.16117065 0.26653206 2.50688696
v 0.14575857 -0.07189882 2.46756268
v 0.13426609 -0.08052909 2.48984814
v 0.12972757 -0.05890512 2.48981929
v 0.14167106 -0.05086994 2.46815753
v 0.15759030 -0.13030463 2.45811105
v 0.15312906 -0.11191577 2.46205378
v 0.16289072 -0.14719748 2.45497799
v 0.20370676 -0.23388648 2.43625665
v 0.21084873 -0.23796958 2.43311667
v 0.20524804 -0.23975182 2.44331813
v 0.08553542 0.31163236 2.33271027
v 0.04814211 0.25190857 2.32953358
v 0.03505820 0.24052784 2.32692099
v -0.00161864 0.30856127 2.40781498
v 0.05732792 -0.39451385 2.35453701
v 0.05110245 -0.38390970 2.34170556
v 0.24110113 -0.23436189 2.40976787
v 0.25807074 -0.22703248 2.41043520
v 0.18738011 -0.22084904 2.41380215
v 0.19172269 -0.22036660 2.42919254
v 0.18692482 -0.21505481 2.43057513
v 0.18271981 -0.21524107 2.41353011
v 0.19374891 -0.22323632 2.44151926
v 0.18848126 -0.21838820 2.44483089
v 0.13037761 -0.28171664 2.32000375
v 0.13366650 -0.30121791 2.32696700
v 0.14480886 -0.29860318 2.32777095
v 0.14188938 -0.27881116 2.32203865
v 0.11730044 -0.28165168 2.31833935
v 0.10212252 -0.28058428 2.31619120
v 0.10513874 -0.30094683 2.32451558
v 0.12052751 -0.30203086 2.32602787
v 0.06547421 -0.34552264 2.34017873
v 0.08323757 -0.35797822 2.35365009
v 0.04467785 -0.33595109 2.33228874
v 0.02598088 -0.32995456 2.32739925
v 0.02367728 -0.39497936 2.45220995
v 0.02249648 -0.38219047 2.46342897
v 0.04269917 -0.38670760 2.46199274
v 0.04465613 -0.39700627 2.45092416
v 0.04580642 -0.37135416 2.33961582
v 0.03443921 -0.36155826 2.33469343
v 0.02243936 -0.34794390 2.33255792
v 0.31974396 -0.29403549 2.36622810
v 0.34179264 -0.28454214 2.36319280
v 0.05886992 -0.41626203 2.38155556
v 0.05974525 -0.40583861 2.36830091
v 0.32457215 -0.30044729 2.38244653
v 0.34730399 -0.28975421 2.37944221
v 0.13416985 -0.37023699 2.36133814
v 0.14158648 -0.34808230 2.34339046
v 0.12998608 -0.34639144 2.34577370
v 0.04047045 -0.37575853 2.33129644
v 0.03102705 -0.36696053 2.32815409
v 0.18144268 0.20149875 2.42952585
v 0.17733268 0.20079830 2.39429498
v 0.14009687 -0.00935608 2.39571929
v 0.14643656 -0.01661336 2.41938138
v 0.01394054 -0.03003007 2.29751325
v 0.01204315 -0.00638717 2.29873562
v 0.00498597 -0.36192328 2.31851602
v 0.03300870 0.03933218 2.30650926
v 0.01022316 0.04240111 2.30507874
v 0.01079216 0.01726341 2.30171180
v 0.03296193 0.01588854 2.30447435
v -0.00005666 0.07600835 2.30918884
v 0.00175158 0.06535190 2.30885935
v -0.00480361 0.22840753 2.32439590
v 0.00718669 0.22835168 2.32355976
v 0.23679250 -0.29888362 2.34560513
v 0.23891602 -0.31970459 2.35007787
v 0.25508565 -0.31111073 2.35277295
v 0.25180793 -0.29188639 2.34704447
v 0.05287410 0.03577003 2.31417036
v 0.07250505 0.03252703 2.32754683
v 0.16889571 -0.21933299 2.37715840
v 0.16633634 -0.22600853 2.35885119
v 0.01711270 -0.12581038 2.30214214
v 0.05982812 -0.19014472 2.28487492
v 0.05983548 -0.20678145 2.28794718
v 0.07629550 -0.20922720 2.28900433
v 0.07565845 -0.19380975 2.28564358
v -0.00298197 0.30892193 2.41804647
v 0.24407221 -0.31042546 2.45063305
v 0.25633192 -0.31027561 2.44608068
v 0.25460541 -0.32012057 2.44154811
v 0.24273892 -0.32154602 2.44615507
v 0.03666742 0.33949894 2.39475989
v 0.04616150 0.35630369 2.40128064
v 0.02493097 0.31630135 2.48394299
v 0.00799510 0.31401393 2.46960139
v 0.13642076 0.35211217 2.31387401
v 0.12354606 0.32280254 2.31637096
v 0.14796951 0.38335812 2.31229043
v 0.15923961 0.41464084 2.31034851
v 0.24210237 0.60873169 2.34712791
v 0.26378137 0.63248765 2.35009146
v 0.30805147 0.71667194 2.37897348
v -0.00450054 0.30202559 2.50544095
v 0.32341701 0.74910438 2.38773561
v 0.34019500 0.78337228 2.39740252
v 0.35785782 0.81890273 2.40721107
v 0.37477487 0.85285252 2.41397595
v 0.35200849 -0.28799963 2.39648414
v 0.32896781 -0.30036235 2.40080190
v 0.33248344 -0.29042649 2.41724110
v 0.35635149 -0.28011304 2.41159511
v 0.29406422 -0.21679544 2.39677572
v 0.28994262 -0.22328550 2.38290763
v 0.31113914 -0.21541071 2.38084054
v 0.31479451 -0.21024847 2.39488125
v 0.33701089 -0.20244646 2.39283681
v 0.34211552 -0.20190501 2.40573716
v 0.31923380 -0.20870137 2.40804434
v 0.35569593 -0.22883403 2.43177009
v 0.35776597 -0.24314100 2.43331695
v 0.33303314 -0.25018364 2.43847013
v 0.33152688 -0.23272145 2.43621707
v 0.35808337 -0.26930940 2.42338586
v 0.33472404 -0.27738637 2.42898583
v 0.33451888 -0.26394928 2.43602276
v 0.35853654 -0.25631326 2.43060565
v 0.32947442 -0.22494829 2.35258389
v 0.33031198 -0.21417201 2.36457705
v 0.30801246 -0.22355449 2.36706734
v 0.30663130 -0.23449439 2.35465574
v 0.24352799 -0.33961856 2.36241460
v 0.25984651 -0.32811594 2.36490965
v 0.18837747 -0.25450939 2.36486387
v 0.19009098 -0.26672667 2.34821439
v 0.20218687 -0.26749074 2.35209203
v 0.19595210 -0.25468057 2.36872339
v 0.29192203 -0.29229689 2.35400748
v 0.27220285 -0.30205184 2.35388184
v 0.27733856 -0.31562597 2.36676216
v 0.29763317 -0.30384701 2.36714840
v 0.28433979 -0.24363607 2.35693979
v -0.00659912 0.30879375 2.46284914
v 0.28630885 -0.23282522 2.36922622
v 0.26455221 -0.23989207 2.37031651
v 0.26314887 -0.25074732 2.35779858
v 0.30494127 -0.22468114 2.43193078
v 0.28215775 -0.22825670 2.43227768
v 0.23369175 -0.27956301 2.34697318
v 0.24856339 -0.27257329 2.34862971
v 0.16125977 -0.21532899 2.35899401
v 0.17699340 -0.20068234 2.41266608
v 0.17967264 -0.20912403 2.41287756
v 0.12322418 -0.15276515 2.31848860
v 0.12509935 -0.16630489 2.31184340
v 0.16043080 -0.15691948 2.38690662
v 0.16457669 -0.17427629 2.39038014
v 0.13110903 -0.15901566 2.32446790
v 0.13012156 -0.16760677 2.31765795
v 0.08449244 -0.08041745 2.31763172
v 0.02390568 -0.33941567 2.33144951
v 0.26812166 -0.28374100 2.34732127
v 0.26440731 -0.26543224 2.34939098
v 0.24668019 -0.25043875 2.44521379
v 0.24571835 -0.24212390 2.43915009
v 0.26287222 -0.24015671 2.44047713
v -0.00407228 0.29070717 2.52308488
v -0.00441541 0.27540362 2.54315925
v 0.26325622 -0.25116068 2.44644809
v 0.14031532 -0.23491865 2.50767279
v 0.12352997 -0.22524536 2.51655006
v 0.13528012 -0.20979679 2.50873303
v 0.14918952 -0.22132927 2.50044918
v 0.25511023 -0.33431554 2.42853427
v 0.25870267 -0.33843839 2.41725731
v 0.24350207 -0.34716129 2.41902351
v 0.24210794 -0.34027112 2.43149161
v 0.26164085 -0.34086680 2.40190744
v 0.26286307 -0.33854872 2.38302064
v 0.24603711 -0.35115165 2.38245010
v 0.24503143 -0.35205305 2.40294051
v 0.16276874 0.18699941 2.48496032
v 0.16975670 0.18093953 2.45434737
v 0.12434424 0.07212234 2.37730575
v 0.10726019 0.07978845 2.36053753
v 0.08100462 0.15858614 2.34516382
v 0.04061236 0.28675658 2.34261155
v 0.02753493 0.30484959 2.36224771
v 0.06091754 0.37876141 2.40773177
v 0.17201914 0.18088347 2.42224860
v 0.08323829 0.40525895 2.40748119
v 0.10552189 0.43197453 2.40738988
v 0.14399429 0.42341214 2.47195005
v 0.17032601 0.41458309 2.47762656
v 0.15141125 0.38957202 2.48725867
v 0.12061435 0.39752626 2.48092318
v 0.19695342 0.40390605 2.47196412
v 0.18137497 0.37921631 2.48182011
v 0.23139836 0.45483470 2.30524015
v 0.33045736 0.68036246 2.47711563
v 0.36488408 0.70787960 2.47332454
v 0.35030606 0.67088193 2.47008801
v 0.34636602 0.71545655 2.48005867
v 0.36724919 0.66555125 2.45512962
v 0.35168946 0.63323933 2.44759059
v 0.38379228 0.71752810 2.38577271
v 0.36222059 0.75196952 2.47932410
v 0.37923843 0.74664110 2.47320628
v 0.39289892 0.74220610 2.46094275
v 0.38075626 0.70256174 2.45868874
v 0.03140442 0.32743502 2.38793015
v 0.17752810 0.23206601 2.35817981
v 0.16249873 0.20715460 2.36114669
v 0.10149390 0.21573412 2.33484697
v 0.07864286 0.23872367 2.33029079
v 0.09284412 0.00793052 2.34223557
v 0.11167261 0.00369230 2.35732341
v 0.11555310 -0.04025185 2.35276771
v 0.13112238 -0.04549766 2.37047553
v 0.12946516 -0.02333665 2.37299395
v 0.11353679 -0.01744193 2.35544157
v 0.15001547 -0.05746102 2.41585159
v 0.15106420 -0.06440061 2.44219947
v 0.14791740 -0.04348159 2.44340372
v 0.14740244 -0.03660595 2.41784739
v 0.14654708 -0.02391410 2.44417024
v 0.14008529 -0.03075647 2.46801305
v 0.08221628 -0.08264363 2.52883863
v 0.09980475 -0.07530278 2.51933217
v 0.10297062 -0.10011095 2.51945448
v 0.08497716 -0.10910165 2.52834058
v 0.02085177 0.23145476 2.32556725
v 0.02084981 0.31268674 2.38028312
v 0.11249052 0.29576910 2.31979513
v 0.12895554 0.25522861 2.32276773
v 0.15600607 0.24135801 2.33378601
v 0.23724921 -0.23781908 2.39773512
v 0.17620140 -0.24282765 2.47924113
v 0.17459418 -0.25332189 2.48187280
v 0.28019115 -0.32836807 2.40285778
v 0.28141016 -0.32521510 2.38455987
v 0.24513765 -0.25633270 2.35678101
v 0.22508682 -0.32807177 2.34709930
v 0.22253804 -0.30528009 2.34241796
v 0.20895877 -0.31122565 2.33843303
v 0.10904204 0.16424125 2.35518193
v 0.13840891 0.16869992 2.36684036
v 0.11569385 0.18033612 2.35237908
v 0.00397194 0.31269148 2.45484400
v 0.05818724 0.26325476 2.33177233
v 0.12564553 0.45841968 2.40516019
v 0.14336558 0.48379248 2.40392137
v 0.15958694 0.50777107 2.40393806
v 0.17525972 0.53123212 2.40497160
v 0.19001849 0.55460405 2.40817952
v 0.20759869 0.57613546 2.41176963
v 0.22798671 0.59680462 2.41314864
v 0.24461018 0.62034947 2.42180562
v 0.26420155 0.68486679 2.42911363
v 0.26973325 0.67901385 2.44556403
v 0.25749663 0.64811414 2.43458652
v 0.28277278 0.71096992 2.45458508
v 0.29880470 0.74214858 2.46086740
v 0.31994361 0.77407998 2.46236062
v 0.35790128 0.84222335 2.46698689
v 0.34053668 0.80753720 2.46419311
v -0.00066148 0.30939364 2.42958593
v 0.00109112 0.31105322 2.44167614
v 0.11580679 -0.34361881 2.34809709
v 0.17708018 -0.22030687 2.39563775
v 0.18180138 -0.22542912 2.39715576
v 0.22975087 -0.26163930 2.35526800
v 0.31230915 -0.28425550 2.43389463
v 0.31048599 -0.29969364 2.42346501
v 0.24446182 -0.24578261 2.37048268
v 0.19346291 -0.24572265 2.38398910
v 0.18720551 -0.24310595 2.38071561
v 0.53517956 -0.22146177 2.32839847
v 0.53862935 -0.22502536 2.34167361
v 0.55643773 -0.21637028 2.33231878
v 0.55257088 -0.21212780 2.32047939
v 0.53066164 -0.21251583 2.31859374
v 0.54806983 -0.20337588 2.31210089
v 0.52242291 -0.15232724 2.33677530
v 0.51993322 -0.16182888 2.32558632
v 0.54046077 -0.15678704 2.32187176
v 0.54317486 -0.14820564 2.33310795
v 0.56140959 -0.18389195 2.30180335
v 0.55918497 -0.17215800 2.30360651
v 0.54070467 -0.17938256 2.30851889
v 0.54385018 -0.19203281 2.30778551
v 0.53063411 -0.15196037 2.36620307
v 0.53412127 -0.16089547 2.37716508
v 0.51352406 -0.16262746 2.38262653
v 0.50994045 -0.15408826 2.37018275
v 0.43977764 -0.18004990 2.34848070
v 0.44204688 -0.16901624 2.35831809
v 0.42505515 -0.17486864 2.35850477
v 0.42318428 -0.18708670 2.34980321
v 0.49878442 -0.23956633 2.34395528
v 0.50080615 -0.24064791 2.35940862
v 0.51997668 -0.23326612 2.35069799
v 0.51710439 -0.23062533 2.33618760
v 0.48358527 -0.20372599 2.32284665
v 0.48000270 -0.18884283 2.32694077
v 0.46027154 -0.19768786 2.33281159
v 0.46384528 -0.21308953 2.32960105
v 0.48053885 -0.24847734 2.35261035
v 0.48168939 -0.24666476 2.36794639
v 0.52175272 -0.18709826 2.31269860
v 0.51953101 -0.17407167 2.31763744
v 0.49963033 -0.18113065 2.32177567
v 0.50279611 -0.19535434 2.31721807
v 0.57069141 -0.14832598 2.35373688
v 0.57392216 -0.15716183 2.36201572
v 0.55430955 -0.15917832 2.37018919
v 0.55101854 -0.15008581 2.36063838
v 0.55890536 -0.16166031 2.30945969
v 0.56027257 -0.15212983 2.31769466
v 0.53953665 -0.16761386 2.31387615
v 0.57915848 -0.20259959 2.34786725
v 0.57705808 -0.20736140 2.33566904
v 0.55899155 -0.21511769 2.34607267
v 0.56057972 -0.20906472 2.35918832
v 0.47990865 -0.16371870 2.34298682
v 0.47860777 -0.17522150 2.33349514
v 0.49917966 -0.16794050 2.32911325
v 0.50108439 -0.15780628 2.33996630
v 0.49396187 -0.23134148 2.33152390
v 0.51252890 -0.22180176 2.32490373
v 0.54146320 -0.21487868 2.36992860
v 0.54027939 -0.22250891 2.35622001
v 0.52100098 -0.22866243 2.36547899
v 0.52177322 -0.21968567 2.37994313
v 0.50070804 -0.20946664 2.39756751
v 0.49810660 -0.19312924 2.39911246
v 0.51863670 -0.19114262 2.39173269
v 0.52085465 -0.20674801 2.38884664
v 0.45929512 -0.17168105 2.34608960
v 0.46231663 -0.16232014 2.35795856
v 0.48893788 -0.15668589 2.37293649
v 0.49266559 -0.16448778 2.38701606
v 0.47145844 -0.16636288 2.38967466
v 0.46725890 -0.15995044 2.37413907
v 0.43518439 -0.24541694 2.34507442
v 0.44086289 -0.25658023 2.35477090
v 0.45557955 -0.25105345 2.34768271
v 0.44950083 -0.23871344 2.33839273
v 0.46085390 -0.25618178 2.36186266
v 0.44354579 -0.26128721 2.37057424
v 0.41747004 -0.26039356 2.39533448
v 0.41734204 -0.24938768 2.40545940
v 0.42809513 -0.24581671 2.40160823
v 0.43004417 -0.25762135 2.39083028
v 0.46122959 -0.21104151 2.41464734
v 0.45678744 -0.19372106 2.41213059
v 0.47744507 -0.19381821 2.40594578
v 0.48100895 -0.21076643 2.40663195
v 0.43587151 -0.17759752 2.40566850
v 0.43368787 -0.16808623 2.39084673
v 0.45120457 -0.16760641 2.39073420
v 0.45382035 -0.17868757 2.40388274
v 0.38154823 -0.18978840 2.40293193
v 0.37732905 -0.18739915 2.39003181
v 0.39093453 -0.18100828 2.38854861
v 0.39589545 -0.18358427 2.40215278
v 0.37058008 -0.19842386 2.36195779
v 0.37009716 -0.20983064 2.35115123
v 0.38394922 -0.20404238 2.35076284
v 0.38412496 -0.19275218 2.36059308
v 0.38514099 -0.26594359 2.35858488
v 0.38884228 -0.27311718 2.37392163
v 0.40116686 -0.26959985 2.37038279
v 0.39705414 -0.26022720 2.35607815
v 0.44443917 -0.21117914 2.42016220
v 0.43684852 -0.19252431 2.41759467
v 0.39677542 -0.18655157 2.35974860
v 0.39602485 -0.19862950 2.35051560
v 0.40907750 -0.19226331 2.35026860
v 0.41002393 -0.18022478 2.35914683
v 0.00745220 -0.32048523 2.49609041
v 0.00703091 -0.33315653 2.49039364
v 0.39996940 -0.22785699 2.34666538
v 0.40380660 -0.24106944 2.34761524
v 0.41564631 -0.23614085 2.34630704
v 0.41248602 -0.22096509 2.34651875
v 0.40823027 -0.25592971 2.35338140
v 0.41292682 -0.26541394 2.36566901
v 0.42561781 -0.26116800 2.36090803
v 0.42041355 -0.25038493 2.35013819
v 0.42553335 -0.22438049 2.41894579
v 0.42496443 -0.21147519 2.42366123
v -0.01341614 0.08733547 2.31164908
v -0.01307853 0.07631657 2.31100178
v 0.43371740 -0.21178651 2.42287803
v 0.43438190 -0.22457302 2.41743064
v 0.42173013 -0.17782861 2.40410829
v 0.41851959 -0.17015147 2.38980865
v -0.00153911 0.07783237 2.56144452
v -0.00147514 0.05829048 2.55147815
v 0.42594326 -0.21441746 2.34535670
v 0.42489821 -0.19985658 2.34537339
v 0.40986320 -0.20638388 2.34686446
v 0.42952085 -0.26445895 2.37672424
v 0.38626072 -0.19639313 2.41325545
v 0.39043063 -0.20507038 2.42165327
v 0.37450570 -0.20993531 2.42329931
v 0.37040830 -0.20124310 2.41468883
v 0.36572489 -0.19616103 2.40368795
v 0.36096090 -0.19479036 2.39100742
v 0.35304949 -0.20544684 2.36263895
v 0.35201579 -0.21665651 2.35121870
v 0.35334387 -0.23157543 2.34392405
v 0.35589260 -0.24863929 2.34293151
v 0.37516338 -0.24175066 2.34498286
v 0.37201923 -0.22463566 2.34513402
v 0.36943683 -0.28048527 2.37667608
v 0.36444750 -0.27525258 2.36075234
v 0.37434465 -0.27802974 2.39229774
v 0.39194864 -0.27184796 2.38837743
v 0.39989921 -0.17723256 2.37293482
v -0.01514782 0.16270578 2.32345295
v -0.01569945 0.18707320 2.32520056
v 0.38709548 -0.18405432 2.37378764
v 0.54088122 -0.20311809 2.37974501
v 0.53879052 -0.18860441 2.38341904
v 0.55866933 -0.18526733 2.37392616
v 0.56056184 -0.19853991 2.36911893
v 0.57623720 -0.16882497 2.36515617
v 0.55678940 -0.17170238 2.37457156
v 0.52590185 -0.20066106 2.31300068
v 0.50761038 -0.20974237 2.31832600
v 0.56478125 -0.19469965 2.30480075
v 0.42984128 -0.22902775 2.34262514
v 0.44481876 -0.22183341 2.33726501
v 0.41699424 -0.23798442 2.41437364
v 0.40681434 -0.25292277 2.40892792
v 0.40763211 -0.24123639 2.41781259
v 0.46266115 -0.22746360 2.40613151
v 0.46144331 -0.24032205 2.39011383
v 0.44178018 -0.24038929 2.39914441
v 0.44580621 -0.22696179 2.41302514
v 0.41627529 -0.21176404 2.42344856
v 0.41696176 -0.22535288 2.42041707
v 0.40720940 -0.22797847 2.42264867
v 0.40589011 -0.21410018 2.42423177
v 0.39238396 -0.24722904 2.34835792
v 0.37981400 -0.25488859 2.34912300
v 0.39507389 -0.25644726 2.41252089
v 0.39402869 -0.26494187 2.40118408
v 0.37879691 -0.27028745 2.40617132
v 0.37984189 -0.26106679 2.41763043
v 0.40603548 -0.26240367 2.39789295
v 0.39548427 -0.24539983 2.42106318
v 0.38004604 -0.24986243 2.42529607
v 0.35969001 -0.26411104 2.34887648
v 0.39312223 -0.21793014 2.42615485
v 0.39511365 -0.23174685 2.42555523
v 0.37906522 -0.23669195 2.42895889
v 0.37713841 -0.22259611 2.42855692
v 0.53670102 -0.17404461 2.38270402
v 0.51618999 -0.17615426 2.38955259
v 0.42936864 -0.16636056 2.37355328
v 0.44673049 -0.16261142 2.37408161
v 0.41385239 -0.17132497 2.37300539
v 0.52629876 -0.14872545 2.35129166
v 0.54691154 -0.14600176 2.34722710
v 0.48389468 -0.15621287 2.35653496
v 0.50540173 -0.15191460 2.35437274
v 0.50166786 -0.22360015 2.38904142
v 0.41256398 -0.18836159 2.41261053
v 0.40921730 -0.17936164 2.40223742
v 0.42345303 -0.18775487 2.41526794
v 0.35554090 -0.19844532 2.37650919
v 0.37351859 -0.19045168 2.37526226
v 0.43090621 -0.20046538 2.42310572
v 0.33316287 -0.20676571 2.37862611
v 0.44363257 -0.25518495 2.38538313
v 0.41624859 -0.26660281 2.38106561
v 0.40428922 -0.26888514 2.38483071
v 0.57362425 -0.20809066 2.32288766
v 0.48862800 -0.21847808 2.32407475
v 0.44140881 -0.20676368 2.33981919
v 0.43967536 -0.19263446 2.34283876
v 0.41459668 -0.19865453 2.42099214
v 0.40353960 -0.20142102 2.42051649
v 0.40016997 -0.19204468 2.41216826
v 0.38826272 -0.23571199 2.34629154
v 0.38547856 -0.21896976 2.34581256
v 0.56682134 -0.14393127 2.34182906
v 0.39725712 -0.21301252 2.34634972
v 0.46236724 -0.25197649 2.37671685
v 0.02441779 -0.33574444 2.49144483
v 0.15449674 -0.13998580 2.38284230
v 0.11516413 -0.10555351 2.34050703
v 0.12983598 -0.11137456 2.35573554
v 0.17071694 -0.20386243 2.39430332
v 0.17369653 -0.21367848 2.39481878
v 0.19043618 -0.23414528 2.39686036
v 0.19770762 -0.23886067 2.39773035
v 0.15826596 -0.17846006 2.37098289
v 0.00003589 0.05360493 2.30877709
v 0.04814510 0.04088882 2.54311943
v 0.02425620 0.04013190 2.54339671
v 0.02653191 0.06053078 2.55126715
v 0.05213986 0.06136417 2.54958797
v 0.02941312 0.08098346 2.56102443
v 0.15526123 0.11420029 2.50124454
v 0.15068667 0.09247708 2.49913073
v 0.13815160 0.09519750 2.52274561
v 0.14212826 0.11883011 2.52625608
v 0.15275840 0.07566628 2.47250390
v 0.14466815 0.07409275 2.49757767
v 0.15824467 0.09246817 2.47206497
v 0.16030563 0.09677929 2.44393349
v 0.15475507 0.07948530 2.44511127
v 0.15618113 0.10480794 2.41774201
v 0.15080403 0.08638799 2.41888547
v 0.14561665 0.11359310 2.39454556
v 0.12821616 0.12183353 2.37481403
v 0.10676913 0.14715564 2.35904241
v 0.08252304 0.13964245 2.34709454
v 0.10591154 0.13046783 2.35901308
v 0.03730138 0.15451476 2.33035779
v 0.05911373 0.14826375 2.33793879
v 0.00056657 0.16143274 2.32376194
v 0.01821643 0.15875462 2.32580161
v 0.10916425 -0.32222271 2.33521795
v 0.10838145 -0.39640158 2.43174243
v 0.11669034 -0.39723986 2.40786958
v 0.09310644 -0.40299106 2.42861462
v 0.13304742 -0.34596151 2.48108697
v 0.13513514 -0.36282253 2.46675253
v 0.11401262 -0.35888147 2.47990561
v 0.11182234 -0.34312308 2.49113369
v 0.08218087 -0.39775443 2.44444513
v 0.07410334 -0.40011019 2.44260287
v 0.09428736 -0.39066517 2.45029449
v 0.06012211 -0.37861526 2.46987319
v 0.07777891 -0.38380051 2.46319842
v 0.16258758 -0.38559860 2.40533662
v 0.16314578 -0.37588370 2.43092656
v 0.17297371 -0.37351596 2.42467952
v 0.17425020 -0.38408846 2.40031552
v 0.16244291 -0.33072883 2.47391987
v 0.16052657 -0.31503522 2.48119259
v 0.17261939 -0.31614435 2.47451925
v 0.17347555 -0.33147168 2.46786833
v 0.20557365 -0.37357336 2.38698626
v 0.20388500 -0.37055272 2.40963984
v 0.21636137 -0.36706936 2.40650988
v 0.21806763 -0.36804545 2.38449025
v 0.17323695 -0.34760845 2.45680165
v 0.09474795 -0.23546654 2.52695227
v 0.13224335 -0.24914736 2.51259279
v 0.11456286 -0.24267823 2.52055717
v 0.17267305 -0.26440895 2.48323989
v 0.16146503 -0.26151556 2.49172068
v 0.16444944 -0.24909520 2.49017310
v 0.19323568 -0.26778370 2.46837163
v 0.18338870 -0.26644945 2.47543359
v 0.20653997 -0.28686821 2.34031248
v 0.19392067 -0.28946984 2.33543849
v 0.19567256 -0.31764138 2.33609414
v 0.20495340 -0.25824487 2.45424676
v 0.21470036 -0.26067084 2.45032883
v 0.21425030 -0.26664394 2.45270944
v 0.20361067 -0.26424652 2.45702362
v 0.15066393 -0.38774914 2.40945077
v 0.20325857 -0.36055583 2.42744946
v 0.20322390 -0.34938413 2.44136381
v 0.21599494 -0.34831989 2.43840170
v 0.21602568 -0.35836065 2.42494440
v 0.20452151 -0.33644044 2.45252967
v 0.20464927 -0.32212412 2.45962739
v 0.21705201 -0.32358557 2.45504045
v 0.21687028 -0.33668059 2.44824529
v 0.21532789 -0.27363992 2.45589972
v 0.20202368 -0.27175099 2.45956755
v 0.22944039 -0.34933984 2.36151481
v 0.18186510 -0.37913042 2.36812925
v 0.17513044 -0.36143988 2.34741735
v 0.16502932 -0.36730182 2.34958577
v 0.17125939 -0.38277209 2.37274241
v 0.22346334 -0.23868889 2.41017628
v 0.21879908 -0.24200273 2.39754939
v 0.22690310 -0.23670697 2.42135262
v 0.20563588 -0.24611825 2.44849920
v 0.22962727 -0.23804361 2.43065715
v 0.21591371 -0.26556545 2.35412264
v 0.21983731 -0.28374666 2.34475970
v 0.17019266 -0.33450800 2.33695650
v 0.16016993 -0.34167850 2.33856153
v 0.23141181 -0.36060220 2.38310575
v 0.23016928 -0.36066425 2.40454555
v 0.23190120 -0.26288760 2.44990015
v 0.24522747 -0.26561743 2.45124745
v 0.23114263 -0.26876050 2.45248365
v 0.19420123 -0.24174714 2.46136999
v 0.20559984 -0.25241959 2.45115304
v 0.18443497 -0.38184941 2.39538932
v 0.22920354 -0.35422516 2.42186260
v 0.22893642 -0.34438479 2.43599343
v 0.19343704 -0.33432370 2.45716310
v 0.19189574 -0.34820402 2.44626307
v 0.18223639 -0.34717059 2.45169950
v 0.18355663 -0.33309841 2.46198225
v 0.23001368 -0.32337487 2.45151782
v 0.23088539 -0.30934614 2.45570230
v 0.19347347 -0.32018656 2.46398354
v 0.18326679 -0.31853580 2.46858001
v 0.23104210 -0.27620113 2.45455265
v 0.15085836 -0.34677035 2.34087873
v 0.14767677 -0.32155156 2.33427286
v 0.13740267 -0.32362229 2.33503103
v 0.16847275 -0.30725998 2.33129120
v 0.15733528 -0.31545568 2.33255529
v 0.18147863 -0.29667950 2.33194327
v 0.12528726 -0.32258964 2.33549953
v 0.42442903 -0.19860601 2.42273188
v 0.25797665 -0.26853955 2.45124388
v 0.24677677 -0.25870097 2.44926524
v 0.26104772 -0.26109195 2.44961047
v 0.31096953 -0.27115166 2.43991661
v 0.42587566 -0.23532581 2.41144371
v 0.43344706 -0.23356128 2.40952635
v 0.48196486 -0.22617322 2.39767313
v 0.50125712 -0.23425579 2.37436652
v 0.48161629 -0.23843455 2.38217926
v 0.47523013 -0.24190402 2.33870268
v 0.46936539 -0.22890067 2.33045959
v 0.45846003 -0.18382329 2.33833647
v 0.47439167 -0.17867160 2.40039706
v 0.60167491 -0.18770427 2.29332566
v 0.60660505 -0.19304645 2.30282974
v 0.62250769 -0.18576926 2.29313254
v 0.61753136 -0.17920828 2.28472042
v 0.62947994 -0.16236967 2.27357364
v 0.61418593 -0.16951078 2.28117800
v 0.63224626 -0.17279840 2.27568412
v 0.62896305 -0.15261036 2.27608132
v 0.61306876 -0.15993810 2.28283095
v 0.63008916 -0.14475513 2.28194499
v 0.63235658 -0.13827485 2.28929877
v 0.61483264 -0.14375466 2.29469419
v 0.61321563 -0.15117681 2.28770876
v 0.61794013 -0.13869834 2.30315614
v 0.62161434 -0.13624823 2.31257033
v 0.60195750 -0.13906062 2.31843042
v 0.59867817 -0.14321291 2.30832648
v 0.64753062 -0.14005226 2.32157326
v 0.64944434 -0.14762986 2.32511139
v 0.63157791 -0.15024006 2.33441281
v 0.62899923 -0.14190382 2.33031249
v 0.61570436 -0.17384380 2.34150624
v 0.61444342 -0.16305721 2.34464049
v 0.63328189 -0.16021490 2.33443117
v 0.63404304 -0.17042589 2.33183932
v 0.65128189 -0.16793925 2.32412863
v 0.64949268 -0.17539930 2.31683421
v 0.63350058 -0.17842191 2.32539225
v 0.56924218 -0.20355201 2.31196976
v 0.58569777 -0.19576269 2.30272675
v 0.58142883 -0.18657362 2.29658413
v 0.57699543 -0.16502446 2.29859614
v 0.57831490 -0.17559296 2.29563570
v 0.59551460 -0.16748977 2.28907037
v 0.59505701 -0.15779865 2.29300213
v 0.56293875 -0.14521843 2.32901430
v 0.57943052 -0.14778656 2.31333137
v 0.58259141 -0.14222014 2.32397199
v 0.59624070 -0.14970440 2.29961944
v 0.57751423 -0.15581697 2.30483270
v 0.60573286 -0.13922644 2.32925057
v 0.62546694 -0.13726658 2.32230639
v 0.61111403 -0.19292676 2.31426859
v 0.61441237 -0.18940926 2.32536864
v 0.63098770 -0.18347299 2.31516957
v 0.62729454 -0.18664706 2.30415130
v 0.58639693 -0.14185357 2.33556342
v 0.59719467 -0.19596219 2.33631063
v 0.59446138 -0.20005673 2.32482958
v 0.61607468 -0.18310338 2.33509254
v 0.59811670 -0.18809563 2.34594679
v 0.64223248 -0.18197131 2.29515910
v 0.63738430 -0.18023878 2.28400445
v 0.59035665 -0.20053303 2.31281734
v 0.60956013 -0.14397371 2.33866739
v 0.61253315 -0.15267217 2.34412289
v 0.59327221 -0.15502501 2.35314274
v 0.59013855 -0.14624286 2.34627533
v 0.57799846 -0.18144697 2.36340499
v 0.59538811 -0.16604865 2.35486650
v 0.59703976 -0.17755753 2.35223389
v 0.65083450 -0.15742224 2.32586169
v 0.57959658 -0.19318271 2.35756946
v 0.70191443 -0.14007729 2.24163294
v 0.70932269 -0.14473712 2.23658586
v 0.70767003 -0.14484251 2.24580216
v 0.69827455 -0.14204925 2.25017309
v 0.67785758 -0.11875874 2.23947287
v 0.68755978 -0.11824059 2.22763872
v 0.69631767 -0.11949134 2.23327112
v 0.68822974 -0.12151110 2.24528909
v 0.70508438 -0.13792086 2.23369384
v 0.71044654 -0.14524913 2.22926402
v 0.71576768 -0.15243357 2.22462845
v 0.70798695 -0.14596498 2.22635746
v 0.71318495 -0.15894133 2.22239614
v 0.70722061 -0.16827083 2.22693157
v 0.72004277 -0.17375648 2.22434020
v 0.72015190 -0.16502583 2.21981120
v 0.71226984 -0.17751968 2.25402069
v 0.71539950 -0.17568958 2.26547146
v 0.73018599 -0.17786241 2.25879359
v 0.72643059 -0.17869002 2.24709821
v 0.73189390 -0.16771954 2.27860427
v 0.73184311 -0.17268467 2.26796985
v 0.71684241 -0.17177552 2.27436519
v 0.71740216 -0.16718620 2.28333783
v 0.69751674 -0.14225531 2.25946641
v 0.70735019 -0.14420629 2.25501657
v 0.70898330 -0.14272940 2.26125741
v 0.69923586 -0.14029402 2.26638508
v 0.70506036 -0.15239406 2.22441196
v 0.70865124 -0.13931197 2.22059250
v 0.70627666 -0.14254683 2.21855187
v 0.69857574 -0.15412283 2.22383213
v 0.66909552 -0.12754112 2.28601885
v 0.68027747 -0.12639415 2.28270984
v 0.68489641 -0.12428856 2.28888679
v 0.67261106 -0.12520355 2.29382920
v 0.65826571 -0.12906432 2.26743984
v 0.64884126 -0.14002353 2.26209998
v 0.65321076 -0.13613421 2.25298071
v 0.66238600 -0.12407666 2.25864267
v 0.66039586 -0.13059986 2.24290013
v 0.67012727 -0.12623215 2.23292136
v 0.66958004 -0.12034667 2.24930453
v 0.68183559 -0.12481153 2.22191095
v 0.68650359 -0.12490159 2.30300641
v 0.67646974 -0.12726671 2.30503654
v 0.76082200 -0.14459682 2.21327281
v 0.75927776 -0.14694715 2.20769930
v 0.76267129 -0.14423668 2.20688343
v 0.76422030 -0.14196992 2.21239543
v 0.67975909 -0.15251279 2.31433821
v 0.67958051 -0.14253891 2.31463265
v 0.68702251 -0.14325011 2.31325030
v 0.68646032 -0.15338248 2.31121826
v 0.69667721 -0.14452171 2.31166697
v 0.69518608 -0.15517253 2.30765510
v 0.76393723 -0.15581989 2.20298076
v 0.76770657 -0.15944159 2.20486522
v 0.77193922 -0.15420914 2.20256853
v 0.76771230 -0.15124255 2.20128798
v 0.71646357 -0.14678919 2.24058557
v 0.71677142 -0.14777088 2.23117757
v 0.72340745 -0.15092659 2.22541857
v 0.72930235 -0.15362537 2.22106147
v 0.73322707 -0.15097201 2.22578597
v 0.72641182 -0.14890629 2.23418641
v 0.71930456 -0.14600426 2.25222278
v 0.72971076 -0.14714909 2.24704671
v 0.72916907 -0.14573896 2.25558519
v 0.71946037 -0.14399803 2.26065922
v 0.73385274 -0.13752067 2.27432561
v 0.72583896 -0.13514775 2.27728271
v 0.72281086 -0.13830304 2.27240992
v 0.73199636 -0.14079970 2.26803112
v 0.75596380 -0.14786673 2.25564003
v 0.74839669 -0.14550567 2.25977087
v 0.74698496 -0.14771408 2.25464082
v 0.75399846 -0.14934480 2.25116849
v 0.67286497 -0.15329653 2.31748343
v 0.67242765 -0.14324737 2.31675768
v 0.74302590 -0.14580721 2.29957628
v 0.74373305 -0.15612978 2.29436779
v 0.73232228 -0.15578175 2.29648352
v 0.73103958 -0.14655626 2.30223989
v 0.68532872 -0.16244179 2.30522633
v 0.67877549 -0.16227818 2.30934858
v 0.77184200 -0.16114211 2.20906210
v 0.77585214 -0.15563786 2.20702553
v 0.66631252 -0.14117223 2.23170590
v 0.67993504 -0.13531560 2.21926165
v 0.65728706 -0.14686209 2.24408507
v 0.64802885 -0.15369862 2.26005244
v 0.65253299 -0.15062529 2.25339937
v 0.73303461 -0.14904290 2.23646259
v 0.71426916 -0.14585668 2.24979520
v 0.70996886 -0.14093685 2.26613593
v 0.71255910 -0.12797970 2.28567600
v 0.72001189 -0.12978303 2.28462195
v 0.72141963 -0.12779981 2.29224157
v 0.71403760 -0.12619746 2.29608822
v 0.73871672 -0.13270509 2.29319954
v 0.74104971 -0.13711369 2.29890203
v 0.73098868 -0.13652253 2.30169034
v 0.73076290 -0.13106382 2.29570007
v 0.70339894 -0.14427978 2.21417356
v 0.69214725 -0.15251082 2.22053170
v 0.67847311 -0.13339192 2.31164742
v 0.68708205 -0.13295245 2.31092215
v 0.67059505 -0.13563919 2.31291103
v 0.67546606 -0.12710941 2.27220488
v 0.68818831 -0.13495994 2.27039766
v 0.68983126 -0.13307780 2.27509069
v 0.67736113 -0.12759501 2.27821469
v 0.69087631 -0.13413286 2.25453138
v 0.68108732 -0.12336677 2.25539017
v 0.69641721 -0.13143849 2.24559164
v 0.66443384 -0.12861151 2.27858591
v 0.65552574 -0.13235480 2.28106999
v 0.66029191 -0.13099062 2.28956771
v 0.66431582 -0.12943542 2.29848814
v 0.66843748 -0.13105017 2.30711889
v 0.64619106 -0.13485748 2.28451252
v 0.65083569 -0.13287139 2.29280829
v 0.65534610 -0.13210237 2.30187511
v 0.65914649 -0.13365149 2.30987096
v 0.67153263 -0.16386920 2.31368899
v 0.66340822 -0.16584498 2.31858444
v 0.66384906 -0.15470308 2.32102799
v 0.65144390 -0.13571274 2.27216411
v 0.64331114 -0.13986945 2.27649450
v 0.64080077 -0.14730865 2.26900506
v 0.64131278 -0.15835810 2.26655197
v 0.70798516 -0.12418759 2.21999335
v 0.70540601 -0.12517905 2.22710609
v 0.70014626 -0.11949253 2.22366929
v 0.70345950 -0.12034833 2.21537638
v 0.72782922 -0.15923822 2.21766257
v 0.72120434 -0.15715301 2.22083974
v 0.72856456 -0.16687793 2.21725225
v 0.69586456 -0.12458074 2.28944254
v 0.69705439 -0.12476462 2.30147076
v 0.73768878 -0.15063328 2.22997642
v 0.74486005 -0.16306305 2.21089077
v 0.74867344 -0.16849381 2.21299434
v 0.76119232 -0.16361332 2.20794392
v 0.75748789 -0.15919811 2.20573664
v 0.74807519 -0.15002346 2.22476482
v 0.75286913 -0.15357029 2.22819948
v 0.74699163 -0.15395617 2.23093677
v 0.74227893 -0.15145588 2.22718620
v 0.75613332 -0.14374250 2.26251578
v 0.74929023 -0.14192259 2.26629758
v 0.73425698 -0.18014431 2.22967124
v 0.72163349 -0.18001449 2.23497939
v 0.74060059 -0.17526698 2.23950267
v 0.74065077 -0.14307433 2.26372313
v 0.73032713 -0.14340883 2.26242924
v 0.73920679 -0.14520866 2.25841069
v 0.74236345 -0.15107113 2.23911524
v 0.73682672 -0.14855868 2.24330425
v 0.73717910 -0.14967215 2.23739076
v 0.74105734 -0.15145898 2.23359632
v 0.71891135 -0.14641327 2.30580497
v 0.71941239 -0.13358986 2.30497408
v 0.76076716 -0.15114397 2.20396519
v 0.76437491 -0.14752686 2.20304751
v 0.66303784 -0.14472884 2.31910014
v 0.66168875 -0.13770062 2.31534266
v 0.72053879 -0.14143121 2.26685071
v 0.70838910 -0.17694259 2.24087667
v 0.71114409 -0.13836694 2.27112603
v 0.76007169 -0.14849705 2.27167416
v 0.76108891 -0.15537888 2.27097559
v 0.75337428 -0.15766096 2.27597928
v 0.75422460 -0.14894634 2.27737689
v 0.76439971 -0.14568943 2.21782756
v 0.76883560 -0.14929318 2.22028112
v 0.76303613 -0.15191895 2.22290158
v 0.75902843 -0.14795965 2.22003722
v 0.74258685 -0.15189898 2.21544814
v 0.74476826 -0.14945471 2.22020960
v 0.73811597 -0.15129352 2.22333097
v 0.73511142 -0.15369260 2.21884680
v 0.73460215 -0.15889603 2.21571207
v 0.74274266 -0.15730965 2.21222925
v 0.75579822 -0.16803813 2.22495222
v 0.75653070 -0.16076291 2.22827220
v 0.76707071 -0.15762496 2.22305512
v 0.76780152 -0.16318285 2.21851921
v 0.70389766 -0.16745448 2.28843594
v 0.70526725 -0.16219783 2.29673839
v 0.71866548 -0.16176784 2.29217744
v 0.73265153 -0.16165006 2.28798652
v 0.74540341 -0.15968502 2.28325057
v 0.74502796 -0.16795671 2.27390432
v 0.71900475 -0.15582532 2.29936743
v 0.75056952 -0.16837484 2.23780584
v 0.74977666 -0.16253692 2.23557448
v 0.74766707 -0.17026097 2.23108625
v 0.71345431 -0.13443899 2.27760553
v 0.75476497 -0.15394264 2.20669174
v 0.66221672 -0.17217672 2.26685095
v 0.66826785 -0.17597520 2.27902937
v 0.67703068 -0.17563653 2.27494311
v 0.66863006 -0.17079699 2.26066232
v 0.75581425 -0.14685816 2.21534276
v 0.75388503 -0.14877534 2.21016169
v 0.76033068 -0.14263141 2.27065015
v 0.75522399 -0.13974816 2.27457523
v 0.75154728 -0.13959897 2.27187729
v 0.75778079 -0.14191216 2.26747537
v 0.70619911 -0.15629077 2.30352187
v 0.75186759 -0.15261400 2.29170823
v 0.75199515 -0.14127654 2.29492378
v 0.68298548 -0.16892612 2.29645705
v 0.69385558 -0.16257560 2.30119419
v 0.69207388 -0.16818011 2.29296541
v 0.74679112 -0.17028439 2.26007605
v 0.70323592 -0.17164707 2.28037524
v 0.69085950 -0.17194259 2.28512573
v 0.68028396 -0.17304987 2.28796768
v 0.67254299 -0.17423874 2.29093933
v 0.67582995 -0.16975451 2.29997778
v 0.77422971 -0.15879393 2.21549273
v 0.76511884 -0.16547155 2.21242189
v 0.66808414 -0.17131364 2.30436182
v 0.66034341 -0.17349422 2.31018949
v 0.66469973 -0.17565978 2.29479837
v 0.65670228 -0.17711127 2.30013371
v 0.68925518 -0.17486417 2.27630162
v 0.68604690 -0.17555094 2.26591253
v 0.70174330 -0.17479199 2.27180552
v 0.69925749 -0.17633164 2.26075053
v 0.74401492 -0.17861521 2.25166368
v 0.77339536 -0.14528024 2.21861410
v 0.77993494 -0.13981020 2.21624207
v 0.78303802 -0.14295805 2.21380305
v 0.77707881 -0.14923567 2.21708202
v 0.77266949 -0.15376192 2.21977973
v 0.77823704 -0.15271240 2.21306610
v 0.69486493 -0.17459458 2.24630404
v 0.74768114 -0.15345663 2.23575330
v 0.67844492 -0.16970718 2.24880815
v 0.69444799 -0.16842586 2.23108578
v 0.68344313 -0.16325456 2.23064733
v 0.66001481 -0.16120803 2.24902463
v 0.66719908 -0.15688533 2.23593163
v 0.65126497 -0.16506767 2.26356888
v 0.65597939 -0.16320628 2.25801516
v 0.64374268 -0.16836172 2.26909161
v 0.67789280 -0.14973474 2.22279954
v 0.76747787 -0.13861382 2.20634151
v 0.76954794 -0.13722456 2.21197677
v 0.64827478 -0.17626286 2.27675557
v 0.65594095 -0.17337382 2.27135134
v 0.70203209 -0.12807930 2.23597789
v 0.70165384 -0.13541591 2.27499151
v 0.70342046 -0.13146722 2.27991986
v 0.70494699 -0.12632811 2.28737545
v 0.70655614 -0.12528932 2.29928946
v 0.65288639 -0.17941529 2.28849983
v 0.63645059 -0.13494074 2.29766583
v 0.64073050 -0.13420898 2.30679822
v 0.64603275 -0.17924821 2.30653906
v 0.76905286 -0.14150971 2.20184565
v 0.75863624 -0.15334231 2.25189352
v 0.75933546 -0.15398747 2.25372529
v 0.69377273 -0.11959004 2.21857691
v 0.69887507 -0.12175679 2.21087146
v 0.68984663 -0.12590379 2.21383667
v 0.68905383 -0.13486302 2.21116304
v 0.69787818 -0.13479203 2.20603681
v 0.69779426 -0.12695909 2.20780206
v 0.69179261 -0.13079286 2.27859426
v 0.69427651 -0.12811667 2.28290653
v 0.70823437 -0.13347739 2.30857015
v 0.70742708 -0.14590168 2.30926943
v 0.73617029 -0.16575265 2.21484280
v 0.73107022 -0.17416918 2.22106266
v 0.73933786 -0.17141092 2.21776009
v 0.75212127 -0.17111415 2.21880555
v 0.75040638 -0.16102302 2.23192644
v 0.74986929 -0.15803903 2.23385143
v 0.67676258 -0.12536860 2.26429367
v 0.68804842 -0.13549328 2.26303530
v 0.70695585 -0.13469189 2.22802496
v 0.70959568 -0.13208497 2.22273493
v 0.73732018 -0.14712840 2.25120950
v 0.75715429 -0.16646957 2.25090861
v 0.75353241 -0.17213106 2.24514341
v 0.74439198 -0.14961278 2.24730086
v 0.77744883 -0.14643055 2.20006895
v 0.77268231 -0.14392269 2.19958282
v 0.74275237 -0.17516834 2.22437429
v 0.74193031 -0.13978738 2.27036548
v 0.75584215 -0.16345567 2.25852537
v 0.75955588 -0.15983510 2.25199366
v 0.74710816 -0.13595510 2.29516578
v 0.66093260 -0.17713243 2.28300333
v 0.77402198 -0.13755572 2.21601415
v 0.76831836 -0.14239830 2.21712041
v 0.78356552 -0.14565337 2.20987105
v 0.78121835 -0.14758885 2.20455837
v 0.69751447 -0.13311797 2.31025290
v 0.70050973 -0.13804471 2.27095222
v 0.64454770 -0.13579565 2.31515813
v 0.69975829 -0.14202696 2.20893693
v 0.68994915 -0.14422864 2.21479821
v 0.74976856 -0.15128744 2.24422073
v 0.75268108 -0.15290236 2.28349495
v 0.76197159 -0.16224945 2.26557636
v 0.76144737 -0.16242087 2.25794339
v 0.75392687 -0.16491979 2.26965332
v 0.76181406 -0.15814090 2.25402498
v 0.78772593 -0.13943928 2.20784760
v 0.78532749 -0.14121544 2.20272803
v 0.78114855 -0.14039052 2.19861555
v 0.77592713 -0.13876611 2.19874239
v 0.77234739 -0.13693887 2.20142126
v 0.78683758 -0.13675129 2.21180058
v 0.78352869 -0.13453680 2.21437359
v 0.77740139 -0.13351673 2.21478319
v 0.78921080 -0.13096768 2.21072745
v 0.79097670 -0.13210970 2.20596313
v 0.78711641 -0.12987858 2.19767880
v 0.78772444 -0.12591356 2.19681907
v 0.78420657 -0.12666929 2.19581008
v 0.78423470 -0.13290453 2.19695044
v 0.78551394 -0.12129992 2.19584179
v 0.78919452 -0.12120658 2.19634652
v 0.78940678 -0.13096774 2.20016932
v 0.79115051 -0.12614858 2.19960356
v 0.79370576 -0.12072563 2.20292807
v 0.79274774 -0.12108564 2.19899440
v 0.79213423 -0.12551892 2.20356703
v 0.79102474 -0.12962651 2.20332837
v 0.78845710 -0.13496530 2.20088506
v 0.79358524 -0.11686522 2.19851613
v 0.79147202 -0.11451322 2.19980478
v 0.78782111 -0.11693102 2.19676137
v 0.79044503 -0.11795735 2.19630122
v 0.77841449 -0.13346636 2.19804907
v 0.78050143 -0.12664914 2.19730759
v 0.78247404 -0.12073934 2.19773316
v 0.78511459 -0.11628628 2.19890165
v 0.78068107 -0.11978132 2.20065570
v 0.77808362 -0.12529308 2.20028663
v 0.78336269 -0.11633998 2.20179248
v 0.78050107 -0.11879951 2.20393443
v 0.77744341 -0.12358928 2.20431519
v 0.77362758 -0.13127947 2.20536804
v 0.77474922 -0.13288599 2.20112967
v 0.78265136 -0.11665797 2.20388436
v 0.78911179 -0.11401159 2.20190001
v 0.79233414 -0.12569046 2.20687437
v 0.79333353 -0.12013417 2.20596194
v 0.79065394 -0.12487435 2.20969057
v 0.79178303 -0.11944133 2.20814276
v 0.79477113 -0.11733854 2.20202160
v 0.79362994 -0.11593372 2.20406413
v 0.77061653 -0.13490170 2.20597577
v 0.77297300 -0.13375801 2.21153402
v 0.77585977 -0.12983745 2.21071267
v 0.77930957 -0.12243271 2.20926261
v 0.78051168 -0.12926090 2.21355319
v 0.78621119 -0.12939280 2.21298981
v 0.78794074 -0.12376064 2.21140647
v 0.78385401 -0.12276208 2.21185660
v 0.78552538 -0.11825448 2.20970035
v 0.78870791 -0.11870152 2.20963573
v 0.78236926 -0.11804646 2.20737982
v 0.78847784 -0.11561543 2.20734596
v 0.79128611 -0.11547631 2.20596552
v 0.78629678 -0.11617029 2.20783091
v 0.78449410 -0.11598903 2.20579982
v 0.78645164 -0.11484009 2.20419526
v 0.77363324 -0.13979220 2.23344922
v 0.77245551 -0.14207089 2.22886443
v 0.77542251 -0.13613981 2.22704554
v 0.77656651 -0.13376766 2.23200345
v 0.77751321 -0.14933610 2.22381783
v 0.78258127 -0.15319467 2.22480249
v 0.78536302 -0.14557546 2.22225928
v 0.78007382 -0.14191574 2.22172642
v 0.78701663 -0.15415096 2.23055601
v 0.78953469 -0.14651018 2.22795820
v 0.75846767 -0.15893096 2.23222041
v 0.76110691 -0.16423893 2.23388743
v 0.77568704 -0.15912867 2.22789907
v 0.77135307 -0.15464765 2.22648954
v 0.76019323 -0.14800572 2.24633360
v 0.76430953 -0.15024358 2.24888515
v 0.77401310 -0.14537811 2.22570419
v 0.77671903 -0.13866746 2.22378564
v 0.77629173 -0.13914502 2.23764586
v 0.78055578 -0.14050770 2.24029636
v 0.77521276 -0.14598221 2.24308872
v 0.77125889 -0.14386773 2.24045086
v 0.75490391 -0.15061963 2.23480392
v 0.75709313 -0.14868522 2.24080944
v 0.75615686 -0.15455532 2.23237324
v 0.76786631 -0.16269052 2.24568176
v 0.76783782 -0.15627337 2.24871206
v 0.77949673 -0.15026784 2.24336410
v 0.78161556 -0.15587807 2.24004078
v 0.76837277 -0.15043950 2.22799683
v 0.76832175 -0.14428127 2.23579526
v 0.76694119 -0.14653540 2.23081803
v 0.78774530 -0.14893687 2.23685384
v 0.77943569 -0.16026223 2.23390126
v 0.78397638 -0.13391197 2.23845434
v 0.78844076 -0.12579310 2.23510766
v 0.79201198 -0.12863415 2.23330927
v 0.78795743 -0.13671279 2.23720264
v 0.78454047 -0.14354819 2.23981977
v 0.79044855 -0.14144230 2.23393345
v 0.77952415 -0.12684822 2.22474194
v 0.78089982 -0.12490213 2.22998071
v 0.78071833 -0.12898642 2.22098231
v 0.76496774 -0.16691869 2.23945665
v 0.78890371 -0.13473284 2.21915054
v 0.78387719 -0.13164288 2.21906114
v 0.78391665 -0.12421483 2.23406219
v 0.77945030 -0.13286352 2.23626089
v 0.79391509 -0.13215649 2.22982907
v 0.79279578 -0.13560212 2.22409296
v 0.79613799 -0.12497675 2.22681904
v 0.79560810 -0.12742990 2.22155094
v 0.79163057 -0.12737209 2.21702576
v 0.78626668 -0.12562102 2.21750927
v 0.78303164 -0.12394363 2.21995234
v 0.79457504 -0.12200361 2.23010230
v 0.79134953 -0.12005198 2.23226285
v 0.78652334 -0.11939609 2.23211384
v 0.79511386 -0.11438096 2.22805238
v 0.79752475 -0.11570460 2.22419548
v 0.79399204 -0.11081755 2.21450138
v 0.79435080 -0.10546279 2.21307349
v 0.79097188 -0.10598922 2.21279693
v 0.79113668 -0.11228859 2.21338892
v 0.79452294 -0.11483657 2.21565175
v 0.79266238 -0.11864918 2.21495652
v 0.79644513 -0.11468756 2.21842527
v 0.79700226 -0.10981947 2.21733665
v 0.79813123 -0.10292697 2.21986437
v 0.79786903 -0.10383499 2.21576023
v 0.79695785 -0.10874385 2.22111893
v 0.79674852 -0.11311340 2.22147083
v 0.79221123 -0.10033071 2.21319389
v 0.79478782 -0.10119092 2.21251631
v 0.79691136 -0.11958480 2.21921611
v 0.78724897 -0.12018871 2.21594143
v 0.78728420 -0.11268181 2.21447206
v 0.78780073 -0.10560197 2.21426034
v 0.78939122 -0.09989452 2.21521449
v 0.78541631 -0.10491186 2.21675348
v 0.78415954 -0.11177015 2.21726179
v 0.78754038 -0.10031283 2.21768093
v 0.78474134 -0.10379779 2.22011590
v 0.78269833 -0.11017108 2.22131658
v 0.78244233 -0.11846846 2.22295880
v 0.78369451 -0.11979383 2.21876955
v 0.78668571 -0.10085756 2.21968985
v 0.79532439 -0.09679073 2.21554923
v 0.79233438 -0.09678364 2.21762514
v 0.79822123 -0.09858960 2.21418118
v 0.79599053 -0.10845476 2.22360563
v 0.79638022 -0.10222167 2.22200108
v 0.79485363 -0.10747862 2.22617173
v 0.79504788 -0.10131216 2.22394633
v 0.79872209 -0.09871757 2.21828175
v 0.79697561 -0.09756321 2.21966004
v 0.78202850 -0.12223136 2.22380757
v 0.78330517 -0.12046528 2.22862959
v 0.78357613 -0.11666870 2.22777629
v 0.78438723 -0.10841596 2.22594142
v 0.78704429 -0.11526388 2.23086119
v 0.79152435 -0.11424166 2.23044658
v 0.79219359 -0.10723782 2.22810245
v 0.78820288 -0.10745126 2.22853732
v 0.78942072 -0.10189974 2.22593975
v 0.79273802 -0.10137707 2.22535396
v 0.78614050 -0.10258788 2.22382879
v 0.79222763 -0.09803814 2.22268414
v 0.79469514 -0.09725273 2.22122478
v 0.78995407 -0.09930521 2.22369027
v 0.78805476 -0.09959686 2.22169256
v 0.78995186 -0.09785068 2.21970987
v 0.77709275 -0.13805407 2.25103807
v 0.77691597 -0.14146680 2.24670076
v 0.77816576 -0.13728684 2.24440742
v 0.77797121 -0.13366669 2.24908686
v 0.78179997 -0.14897466 2.24358463
v 0.78474993 -0.15212631 2.24554515
v 0.78727919 -0.14462179 2.24263477
v 0.78424078 -0.14285493 2.24096417
v 0.78829378 -0.15192401 2.25119948
v 0.79032344 -0.14367062 2.24677658
v 0.76697296 -0.15579379 2.25192285
v 0.76860487 -0.16012257 2.25477290
v 0.77930003 -0.15686113 2.24921536
v 0.77698052 -0.15292162 2.24657631
v 0.77883154 -0.14510310 2.24427891
v 0.78102261 -0.14015502 2.24172139
v 0.77892095 -0.13606465 2.25512958
v 0.78166485 -0.13649607 2.25756907
v 0.77717739 -0.14016134 2.26081276
v 0.77469379 -0.13929838 2.25809884
v 0.76287550 -0.14341748 2.25908470
v 0.76283306 -0.14660239 2.25457358
v 0.76463640 -0.15096200 2.25231242
v 0.77103120 -0.15388596 2.26650882
v 0.76911771 -0.14740336 2.26758933
v 0.78062975 -0.14426076 2.26218057
v 0.78284985 -0.15108091 2.26057410
v 0.77458757 -0.14826000 2.24722290
v 0.77266699 -0.14009529 2.25339222
v 0.77255517 -0.14387667 2.24927545
v 0.78851444 -0.14615142 2.25628090
v 0.78138560 -0.15646476 2.25530219
v 0.78366119 -0.13213879 2.25572300
v 0.78786081 -0.12457764 2.25017834
v 0.79146075 -0.12703568 2.24892354
v 0.78815913 -0.13499916 2.25509167
v 0.78558439 -0.14004916 2.25843143
v 0.79058176 -0.13969386 2.25199604
v 0.78063250 -0.12970185 2.24059772
v 0.78077918 -0.12668002 2.24515629
v 0.78362066 -0.13227719 2.23782969
v 0.77050805 -0.15978557 2.26101899
v 0.76668543 -0.14226657 2.26662683
v 0.79069901 -0.13520288 2.23742485
v 0.78696555 -0.13412327 2.23664188
v 0.78339547 -0.12468904 2.24916267
v 0.78014040 -0.13188136 2.25343132
v 0.79390901 -0.13082939 2.24590158
v 0.79355782 -0.13458806 2.24139428
v 0.79567653 -0.12420982 2.24160862
v 0.79562968 -0.12781388 2.23693252
v 0.79274148 -0.12900400 2.23302865
v 0.78853768 -0.12850302 2.23298407
v 0.78512681 -0.12742454 2.23470020
v 0.79226762 -0.12102377 2.24458313
v 0.78894746 -0.11983734 2.24564552
v 0.78504819 -0.12089753 2.24539995
v 0.79208887 -0.11629510 2.24228215
v 0.79519320 -0.11822784 2.23820806
v 0.79270929 -0.11580223 2.22761488
v 0.79280025 -0.11153197 2.22478056
v 0.79065007 -0.11227161 2.22414827
v 0.79108369 -0.11712521 2.22666383
v 0.79375589 -0.11921662 2.22967362
v 0.79311085 -0.12236577 2.22997618
v 0.79540056 -0.11861163 2.23231936
v 0.79541373 -0.11428481 2.23014116
v 0.79456818 -0.10843539 2.23150468
v 0.79546207 -0.10976058 2.22743273
v 0.79443824 -0.11288261 2.23422241
v 0.79524666 -0.11669391 2.23533630
v 0.79124385 -0.10793746 2.22274446
v 0.79313374 -0.10833949 2.22333670
v 0.79568410 -0.12206382 2.23397040
v 0.78897369 -0.12369817 2.23003006
v 0.78806746 -0.11790466 2.22700262
v 0.78770369 -0.11249852 2.22452354
v 0.78807575 -0.10782993 2.22393465
v 0.78513390 -0.11228025 2.22660828
v 0.78499025 -0.11760056 2.22893858
v 0.78568935 -0.10815197 2.22612548
v 0.78360331 -0.11142832 2.22918463
v 0.78275102 -0.11645037 2.23175836
v 0.78312403 -0.12218183 2.23526716
v 0.78548914 -0.12335587 2.23211646
v 0.78463739 -0.10861844 2.22821116
v 0.79308414 -0.10440946 2.22517204
v 0.78966552 -0.10395020 2.22673011
v 0.79530793 -0.10611880 2.22518897
v 0.79358709 -0.11217499 2.23690677
v 0.79338521 -0.10742670 2.23374939
v 0.79109269 -0.11138707 2.23905754
v 0.79117686 -0.10679919 2.23532462
v 0.79512107 -0.10549998 2.22897649
v 0.79379672 -0.10433823 2.22997832
v 0.78288513 -0.12567770 2.23805332
v 0.78274637 -0.12326735 2.24218869
v 0.78290725 -0.12013638 2.23924470
v 0.78250337 -0.11405557 2.23558855
v 0.78491741 -0.11781824 2.24264407
v 0.78802943 -0.11621606 2.24307251
v 0.78812891 -0.11144543 2.23983431
v 0.78458661 -0.11229247 2.23887372
v 0.78535289 -0.10795307 2.23544025
v 0.78823006 -0.10693651 2.23604250
v 0.78341335 -0.10954452 2.23247099
v 0.78810799 -0.10481423 2.23228550
v 0.79092878 -0.10407120 2.23130441
v 0.78603780 -0.10600215 2.23276186
v 0.78506339 -0.10683197 2.23020172
v 0.78678930 -0.10527533 2.22850299
v 0.76445979 -0.14216697 2.26351094
v 0.76819700 -0.12998241 2.27332973
v 0.76848090 -0.13324672 2.27027750
v 0.77024460 -0.13026959 2.26828337
v 0.76962274 -0.12729275 2.27154589
v 0.77316731 -0.14064956 2.26936197
v 0.77629000 -0.14209807 2.27221894
v 0.77885455 -0.13688147 2.26923227
v 0.77578759 -0.13596964 2.26651859
v 0.77825904 -0.13966089 2.27722502
v 0.78035337 -0.13474190 2.27382517
v 0.75894994 -0.14663547 2.27650857
v 0.75985509 -0.14971209 2.28062820
v 0.77102900 -0.14554220 2.27573514
v 0.76830816 -0.14355922 2.27250910
v 0.75751442 -0.13035375 2.28321695
v 0.75912446 -0.13120431 2.28708506
v 0.75222087 -0.13312447 2.29041672
v 0.74947733 -0.13229477 2.28788996
v 0.77016032 -0.13734901 2.26890039
v 0.77266759 -0.13329542 2.26658559
v 0.76905924 -0.12763715 2.27667165
v 0.77121538 -0.12677830 2.27981663
v 0.76846427 -0.12900752 2.28246927
v 0.76615405 -0.12916553 2.27891874
v 0.75675970 -0.13525969 2.27701664
v 0.75712389 -0.13195962 2.27926445
v 0.74916238 -0.13255656 2.28297663
v 0.75127703 -0.13564527 2.27867603
v 0.75826973 -0.13994062 2.27591729
v 0.76137358 -0.14021856 2.29075384
v 0.76054287 -0.13451880 2.28970575
v 0.77094907 -0.13196105 2.28477883
v 0.77311468 -0.13742435 2.28436041
v 0.76685232 -0.13938469 2.27172089
v 0.76483423 -0.13166684 2.27564669
v 0.76563364 -0.13496298 2.27272749
v 0.77718610 -0.13394618 2.28056669
v 0.77276474 -0.14372391 2.28110886
v 0.77280056 -0.12359720 2.27791786
v 0.77597362 -0.11872077 2.27406716
v 0.77930850 -0.11993098 2.27457142
v 0.77647394 -0.12549484 2.27913642
v 0.77466244 -0.12893766 2.28138399
v 0.77949113 -0.12952256 2.27762222
v 0.77308291 -0.12529027 2.26442266
v 0.77215952 -0.12255514 2.26811385
v 0.77563703 -0.12776905 2.26273727
v 0.76060528 -0.14832717 2.28707576
v 0.78206480 -0.13017708 2.26440263
v 0.77887112 -0.12951773 2.26237440
v 0.77328092 -0.12002325 2.27147508
v 0.77051920 -0.12479526 2.27488661
v 0.78240669 -0.12333822 2.27279925
v 0.78340566 -0.12806201 2.26890850
v 0.78440195 -0.11838377 2.26867819
v 0.78602082 -0.12346160 2.26488972
v 0.78390193 -0.12583160 2.26086354
v 0.78043491 -0.12600106 2.25948882
v 0.77721125 -0.12471187 2.26021338
v 0.78073817 -0.11530894 2.27077794
v 0.77743644 -0.11510050 2.27040553
v 0.77514458 -0.11714453 2.26839018
v 0.78179866 -0.11197293 2.26664448
v 0.78546435 -0.11430287 2.26412868
v 0.78583968 -0.11680532 2.25402927
v 0.78648132 -0.11435854 2.25115752
v 0.78478616 -0.11470944 2.25026107
v 0.78437370 -0.11812896 2.25323081
v 0.78600681 -0.11895877 2.25697303
v 0.78481996 -0.12135428 2.25766182
v 0.78683740 -0.11750692 2.25958014
v 0.78771067 -0.11493927 2.25636959
v 0.78763461 -0.10873067 2.25589299
v 0.78883785 -0.11216861 2.25326061
v 0.78711605 -0.11146164 2.25914669
v 0.78669685 -0.11432099 2.26118731
v 0.78590947 -0.11132562 2.24822426
v 0.78749931 -0.11207366 2.24921560
v 0.78641653 -0.11951661 2.26187801
v 0.78138322 -0.12242424 2.25703764
v 0.78203994 -0.11840767 2.25294423
v 0.78267777 -0.11407143 2.24951696
v 0.78357416 -0.11002904 2.24823785
v 0.78042513 -0.11341393 2.25071764
v 0.77949959 -0.11786264 2.25402308
v 0.78145736 -0.10977876 2.24967194
v 0.77884394 -0.11252010 2.25259066
v 0.77731037 -0.11651087 2.25600958
v 0.77582771 -0.12024266 2.26004839
v 0.77829695 -0.12189513 2.25797486
v 0.78008395 -0.11002535 2.25110054
v 0.78718513 -0.10773218 2.24958277
v 0.78442240 -0.10696805 2.24982023
v 0.78931320 -0.10949290 2.25067592
v 0.78555912 -0.10976356 2.26085615
v 0.78615969 -0.10680050 2.25684309
v 0.78285235 -0.10882747 2.26217556
v 0.78374314 -0.10603046 2.25720549
v 0.78843135 -0.10744989 2.25328588
v 0.78688985 -0.10593373 2.25297046
v 0.77459598 -0.12253708 2.26214385
v 0.77399069 -0.11983365 2.26528788
v 0.77484018 -0.11742461 2.26288390
v 0.77624327 -0.11397380 2.25859690
v 0.77591068 -0.11438239 2.26554394
v 0.77835810 -0.11223435 2.26694036
v 0.77988881 -0.10903174 2.26213479
v 0.77718067 -0.11076689 2.26093578
v 0.77899969 -0.10805535 2.25625944
v 0.78117645 -0.10651994 2.25704765
v 0.77811313 -0.11047858 2.25452304
v 0.78207791 -0.10617715 2.25307965
v 0.78431153 -0.10547119 2.25286460
v 0.78044146 -0.10722381 2.25344896
v 0.78023106 -0.10843420 2.25206399
v 0.78210002 -0.10735768 2.25073481
v 0.75442713 -0.13594741 2.29193902
v 0.71601433 -0.13998109 2.21248913
v 0.71370590 -0.14153141 2.20795178
v 0.71329260 -0.12262368 2.21406436
v 0.71609676 -0.12937546 2.21626186
v 0.70966792 -0.11941034 2.20895886
v 0.70668072 -0.12616342 2.20048118
v 0.70738202 -0.12158734 2.20399046
v 0.71677440 -0.13551188 2.21515989
v 0.71076572 -0.14016348 2.20322967
v 0.70747417 -0.13342798 2.19971132
v 0.71913868 -0.13648480 2.19551539
v 0.71632308 -0.12947488 2.19330716
v 0.71477836 -0.12149101 2.19559908
v 0.71477944 -0.11826932 2.20067859
v 0.71564889 -0.11742204 2.20639968
v 0.72106385 -0.14021051 2.20197797
v 0.72237307 -0.13917255 2.20717788
v 0.72216672 -0.13459194 2.21108055
v 0.72948766 -0.13755155 2.19605303
v 0.73165625 -0.13187498 2.19000888
v 0.73312509 -0.11718035 2.18939710
v 0.73739636 -0.11622083 2.18771958
v 0.73722118 -0.11413479 2.19186759
v 0.73193139 -0.11478406 2.19330049
v 0.73048574 -0.11904341 2.19028258
v 0.72671187 -0.11762768 2.19342470
v 0.73493057 -0.12252480 2.18599224
v 0.73167068 -0.12378448 2.18817544
v 0.73378420 -0.12810320 2.18743134
v 0.73729640 -0.12835050 2.18599796
v 0.73917592 -0.12089211 2.18388081
v 0.74318969 -0.11974001 2.18422794
v 0.74119031 -0.11621284 2.18658543
v 0.74203354 -0.11544895 2.18956494
v 0.72806138 -0.12525624 2.18929648
v 0.72301388 -0.11536193 2.19977999
v 0.73081136 -0.11367375 2.19839835
v 0.00645483 -0.35623699 2.47880936
v 0.00611054 -0.36688775 2.47261524
v 0.73764980 -0.11393666 2.19644403
v 0.74283463 -0.11646163 2.19376516
v 0.73836285 -0.11627388 2.20079446
v 0.73131955 -0.11517787 2.20384407
v 0.74265271 -0.11883515 2.19762969
v 0.73916709 -0.12037230 2.20317078
v 0.73266810 -0.12007821 2.20719481
v 0.72300756 -0.12080997 2.21040416
v 0.72194439 -0.11626160 2.20617199
v 0.74223018 -0.12104666 2.20020723
v 0.74584419 -0.11979663 2.18700409
v 0.74592870 -0.12133241 2.19148588
v 0.73797876 -0.13185126 2.18917584
v 0.74254102 -0.12976599 2.18760252
v 0.74106419 -0.12676424 2.18442488
v 0.73761159 -0.13463056 2.19373679
v 0.74315763 -0.13136983 2.19193888
v 0.74383909 -0.12424231 2.18379331
v 0.74556637 -0.12579989 2.18645906
v 0.71795189 -0.12104976 2.21139717
v 0.72069579 -0.12773818 2.21285796
v 0.72548926 -0.12794912 2.21077728
v 0.73426175 -0.12658602 2.20661473
v 0.72811455 -0.13468367 2.20781922
v 0.72906590 -0.13854468 2.20206046
v 0.73739558 -0.13509083 2.19874692
v 0.73602277 -0.13234031 2.20367551
v 0.74151021 -0.12931210 2.19998884
v 0.74275792 -0.13117838 2.19641042
v 0.74034262 -0.12511170 2.20220780
v 0.74505651 -0.12714678 2.19511485
v 0.74601531 -0.12689131 2.19098234
v 0.74361020 -0.12686944 2.19781113
v 0.74321806 -0.12396085 2.19869113
v 0.74484766 -0.12282544 2.19565439
v 0.74447930 -0.13302636 2.29065943
v 0.74389571 -0.13320833 2.28443980
v 0.73743725 -0.13269007 2.28687215
v 0.72975951 -0.13002312 2.28938437
v 0.72376251 -0.12927586 2.29784822
v 0.72809792 -0.13202852 2.28283501
v 0.73623514 -0.13453770 2.28048205
v 0.74489707 -0.13616359 2.27697635
v 0.71975368 -0.13292408 2.27958298
v 0.01064426 -0.29654795 2.31965828
v 0.01053028 -0.27910012 2.31433535
v 0.28476614 -0.25765771 2.34849811
v 0.28726646 -0.27504963 2.34674215
v 0.30207214 -0.31252176 2.38453150
v 0.30287212 -0.31420231 2.40718126
v 0.05369971 0.01361990 2.31295896
v 0.11531077 -0.06717789 2.50672364
v 0.11936820 -0.09029669 2.50724006
v 0.04299586 -0.09483242 2.53652859
v 0.06300342 -0.08934301 2.53503871
v 0.14109156 -0.02983403 2.39397216
v 0.14318517 -0.05142921 2.39150047
v 0.09540106 -0.01343024 2.34017563
v 0.09850623 -0.03627503 2.33686519
v 0.12831162 -0.00208294 2.37478113
v 0.08031886 -0.03228182 2.53013492
v 0.09796095 -0.02815795 2.52183986
v 0.09646885 -0.05133468 2.51987696
v 0.07953723 -0.05688357 2.52936125
v 0.02379768 -0.09869802 2.53313565
v 0.02305142 -0.07047725 2.53258133
v 0.15300962 -0.07927108 2.41329360
v 0.15417032 -0.08549178 2.43999124
v 0.13911158 -0.10177553 2.48772740
v 0.12493847 -0.11214256 2.50548434
v 0.10785263 -0.12355059 2.51780128
v 0.08864538 -0.13472635 2.52648854
v 0.08345391 -0.05750901 2.31860256
v 0.06447770 -0.08019304 2.30747223
v 0.14513154 -0.07380813 2.38799858
v 0.01590389 -0.05456209 2.29720664
v 0.07292887 -0.17142731 2.53141570
v 0.04920778 -0.17705047 2.53491306
v 0.14944769 -0.09296358 2.46524429
v 0.02576790 -0.23419148 2.30000138
v 0.04423236 -0.23775601 2.29841089
v 0.04299301 -0.22102928 2.29327846
v 0.02504952 -0.21705943 2.29597139
v 0.06065850 -0.22332466 2.29279518
v 0.07773948 -0.22505540 2.29419470
v 0.09359313 -0.22625172 2.29694700
v 0.13115571 -0.22526473 2.31166053
v 0.12026215 -0.22634518 2.30595613
v 0.14867805 -0.21940762 2.32825327
v 0.14077666 -0.22326958 2.31881356
v 0.15418901 -0.21169227 2.34140372
v 0.15708180 -0.20242864 2.35776114
v 0.16472715 -0.20793974 2.37710786
v 0.16148359 -0.19321084 2.37487745
v 0.15313785 -0.18743509 2.35398841
v 0.14939202 -0.19716090 2.33881187
v 0.14407453 -0.20435882 2.32587433
v 0.01260938 -0.15031624 2.29940939
v 0.00976033 -0.17469865 2.29689765
v 0.00994378 -0.31353450 2.32424664
v 0.49525589 -0.17775393 2.39547110
v 0.59784806 -0.17830193 2.28842020
v 0.02293685 -0.36981970 2.47235608
v 0.04136085 -0.37369514 2.47275209
v 0.10513766 -0.38324195 2.45723486
v 0.12109034 -0.39115274 2.43556857
v 0.08433406 -0.37606603 2.47084403
v 0.06283761 -0.36910647 2.47809029
v 0.13249354 -0.09076387 2.36213088
v 0.04434731 -0.33972198 2.49379396
v 0.06501134 -0.35803312 2.48650312
v 0.08815968 -0.36604041 2.48019004
v 0.11223461 -0.37326026 2.46676135
v 0.13513125 -0.38131660 2.44484258
v 0.15164299 -0.37822789 2.43689728
v 0.17249481 -0.36032081 2.44392061
v 0.19144812 -0.36146379 2.43249369
v 0.19301736 -0.37270612 2.41370440
v 0.18282993 -0.37256157 2.41957617
v 0.18143076 -0.36029363 2.43746328
v 0.27353299 -0.32915825 2.41862297
v 0.29379734 -0.30428326 2.43145609
v 0.28699285 -0.31754911 2.42306733
v 0.29468101 -0.28946412 2.43910289
v 0.29324940 -0.27934700 2.44324923
v 0.28693148 -0.27054328 2.44622731
v 0.27480650 -0.26450604 2.44846654
v 0.23238771 -0.25685090 2.44719481
v 0.21539092 -0.25509942 2.44735479
v 0.18592653 -0.23825723 2.46852088
v 0.17866376 -0.23372096 2.47467804
v 0.15838356 -0.20881027 2.49083519
v 0.14731218 -0.19596303 2.49783897
v 0.00286088 -0.40501493 2.44271708
v 0.13539886 -0.18076330 2.50575256
v 0.00856918 -0.20554769 2.52979326
v 0.00881174 -0.22718966 2.52783203
v 0.00620952 -0.12934929 2.52771091
v 0.00740710 -0.15495694 2.53110147
v 0.11634010 0.07678857 2.53567195
v 0.11089046 0.05820498 2.53058100
v 0.09264353 0.05952752 2.54135633
v 0.00050046 0.03965455 2.54281878
v 0.00146920 0.01412204 2.53552198
v 0.00365572 -0.04511523 2.52826858
v 0.00453215 -0.07328081 2.52674866
v 0.09852502 0.07936507 2.54746032
v 0.04500739 0.01541805 2.53943110
v 0.00854247 -0.26320124 2.52059317
v 0.00827861 -0.27669728 2.51359344
v 0.00790408 -0.29166609 2.50809455
v 0.02356322 0.01475683 2.53843045
v 0.14885138 0.05937842 2.47272134
v 0.15088019 0.06369177 2.44574618
v 0.12707222 0.05695274 2.51541519
v 0.14025456 0.05730647 2.49615049
v 0.14675409 0.07014796 2.41964507
v 0.08641040 0.10375175 2.34689426
v 0.06625223 0.10999885 2.33457041
v 0.02505017 0.11737198 2.31882548
v 0.00494015 0.11874995 2.31597805
v 0.13753124 0.07858819 2.39652085
v 0.04552054 0.11451608 2.32491636
v 0.12345402 0.08777416 2.37739635
v 0.10572647 0.09621033 2.36108136
v 0.06643877 0.01620471 2.53815246
v 0.06954345 0.04031256 2.54136634
v -0.00533722 -0.35623407 2.32723045
v -0.00499729 -0.35073268 2.33179283
v 0.08979755 0.03988823 2.53647280
v 0.06640144 -0.25151962 2.52849841
v 0.04605173 -0.24964470 2.52750564
v 0.08768819 -0.25499398 2.52659798
v 0.10491519 -0.27751791 2.51928663
v 0.10791199 -0.25981033 2.52148509
v 0.12671530 -0.26513612 2.51342058
v -0.00590792 -0.36021984 2.32070684
v -0.00634856 -0.29499936 2.32065964
v -0.00692033 -0.27714610 2.31515145
v 0.12432201 -0.28150356 2.51107049
v -0.00740639 -0.17210591 2.30115032
v -0.00749439 -0.14782435 2.30309558
v -0.00586811 -0.31179476 2.32562709
v -0.00760377 -0.12296712 2.30418420
v 0.15775116 -0.28652751 2.48969579
v 0.15877511 -0.27374393 2.49170613
v 0.17122555 -0.27600700 2.48303890
v 0.17069025 -0.28796881 2.48211741
v 0.19198862 -0.27891690 2.46949840
v 0.18218608 -0.27744126 2.47643137
v 0.20208670 -0.28083622 2.46209431
v 0.21653992 -0.28299099 2.45863652
v 0.21692294 -0.30933726 2.45959640
v 0.20393415 -0.30737442 2.46338463
v 0.15842099 -0.30011714 2.48657990
v 0.14254004 -0.29948604 2.49619031
v 0.04385051 -0.28300720 2.51719880
v 0.02538887 -0.27934355 2.51434827
v 0.16763861 -0.18964916 2.39296365
v 0.17355587 -0.18809503 2.41262484
v 0.17737453 -0.18957454 2.43140030
v 0.17762870 -0.19434178 2.44772840
v 0.17647150 -0.20087379 2.46265340
v 0.17198910 -0.20937443 2.47505021
v 0.17253365 -0.22754914 2.48012614
v 0.16611557 -0.21934479 2.48517132
v -0.00479825 0.25815299 2.55970716
v 0.16812733 -0.23763651 2.48630333
v 0.15976062 -0.23037291 2.49303365
v 0.14805451 -0.25599843 2.50208950
v 0.15375321 -0.24254906 2.49869084
v 0.14396042 -0.27006781 2.50277710
v 0.14200211 -0.28465742 2.50076270
v 0.12407221 -0.29786152 2.50682020
v 0.10443232 -0.29466099 2.51447725
v 0.08623306 -0.32374495 2.50549054
v 0.08481461 -0.30787808 2.51288939
v 0.08385639 -0.29125613 2.51924443
v 0.08397181 -0.27378023 2.52399683
v 0.07897395 -0.40683854 2.42877722
v 0.06107112 -0.40378892 2.44040489
v 0.26852813 -0.27197671 2.45002055
v 0.27560759 -0.27710253 2.44839931
v -0.00334025 0.19967636 2.58690023
v -0.00290359 0.17453614 2.58898044
v 0.26620615 -0.28087032 2.45008755
v 0.26384193 -0.27646035 2.45079207
v 0.27932990 -0.28451246 2.44623375
v 0.28093141 -0.29459971 2.44310188
v 0.26891524 -0.29815501 2.44644737
v 0.26781985 -0.28709507 2.44894147
v 0.27987519 -0.30718642 2.43761349
v 0.26828882 -0.30898905 2.44241238
v 0.27506799 -0.31870347 2.43190074
v 0.26674086 -0.32756913 2.42841125
v 0.26216972 -0.32573652 2.43394780
v 0.26541072 -0.31903166 2.43783069
v 0.22968726 -0.33463371 2.44471264
v 0.24202086 -0.33237600 2.44004178
v 0.25365558 -0.32888609 2.43625522
v 0.23152606 -0.28525990 2.45650768
v 0.24514879 -0.28829968 2.45438623
v 0.25688279 -0.28929669 2.45172834
v 0.25747019 -0.29975164 2.44992065
v 0.24524839 -0.29884475 2.45351863
v -0.00397370 0.22079688 2.58052373
v 0.23147450 -0.29662246 2.45699692
v 0.06363916 -0.27100629 2.52494049
v 0.04423103 -0.26709914 2.52352738
v -0.01645512 0.23059854 2.32448316
v -0.01643269 0.24754378 2.32557988
v 0.19155899 -0.29106402 2.46921849
v -0.01760661 0.26283798 2.33145785
v -0.01738619 0.27721426 2.33961010
v 0.18202902 -0.28976578 2.47558737
v 0.20237155 -0.29298663 2.46371841
v 0.21673846 -0.29526126 2.46017385
v 0.19266719 -0.30503213 2.46805763
v 0.18241858 -0.30316377 2.47333741
v 0.17121208 -0.30157703 2.47922468
v 0.06358863 -0.28738135 2.51975369
v 0.02589664 -0.26395875 2.52170730
v -0.00194284 0.12428921 2.58058405
v -0.00164563 0.10075858 2.57172418
v -0.01481155 0.14002210 2.31996059
v -0.00672352 -0.36346203 2.31351590
v -0.00561470 -0.44933099 2.38497639
v -0.00486442 -0.34277499 2.33460093
v -0.00502183 -0.33324462 2.33368421
v -0.00929088 0.30736208 2.43703437
v -0.00536540 -0.32231802 2.32947779
v -0.00822921 0.30884638 2.44907498
v 0.00527947 -0.10198879 2.52731490
v 0.18206230 -0.32656527 2.33588982
v 0.18684348 -0.35398340 2.34589028
v 0.19261073 -0.37288803 2.36507559
v 0.19452037 -0.37822235 2.39035225
v 0.40441018 -0.17466646 2.38872027
v 0.02275633 -0.04228395 2.53347564
v 0.02292298 -0.01393616 2.53469157
v 0.04276970 -0.01267946 2.53643847
v 0.02763239 -0.17952758 2.53348684
v 0.02673946 -0.24746221 2.52679610
v 0.10265502 -0.19530165 2.29210830
v 0.08984384 -0.19503897 2.28817296
v 0.09135988 -0.21037680 2.29182386
v 0.10488160 -0.21072072 2.29594088
v 0.12382407 -0.19523269 2.30481029
v 0.11406715 -0.19538987 2.29801393
v 0.11688960 -0.21055210 2.30165267
v 0.12732977 -0.20980787 2.30821991
v 0.13222139 -0.19347501 2.31298709
v 0.13640638 -0.20799923 2.31601024
v 0.11162222 -0.17987394 2.29590487
v 0.10076792 -0.17955166 2.29006529
v 0.08854753 -0.17944616 2.28658509
v 0.12821360 -0.17956930 2.31077051
v 0.12060429 -0.18014431 2.30294991
v 0.00365158 -0.36583179 2.31215239
v 0.00891359 -0.33658224 2.33143592
v 0.00837848 -0.34550905 2.33207464
v 0.00844480 -0.19479436 2.29725289
v 0.00843306 -0.22908378 2.30308795
v 0.00892895 -0.24465925 2.30750751
v 0.00985394 -0.26176584 2.31057501
v 0.00977006 -0.32586724 2.32821774
v 0.00831987 -0.21206915 2.29995561
v 0.16063227 0.23555300 2.50633073
v 0.14709403 0.25704348 2.52359629
v 0.14788511 0.23481500 2.52584028
v 0.13620420 0.25007424 2.53840041
v 0.15426251 0.16776207 2.50678372
v 0.15313822 0.19267866 2.51225734
v 0.15598923 0.14126500 2.50320077
v 0.11739381 0.26183155 2.55121851
v 0.09196435 0.26855800 2.56131816
v 0.08826657 0.24926454 2.57242370
v 0.14308634 0.14532995 2.52861404
v 0.14264445 0.17221653 2.53124189
v 0.15199012 0.21518663 2.51852512
v 0.14119941 0.21915361 2.53635001
v 0.14025916 0.23329723 2.53673983
v 0.11271434 0.24611998 2.56051540
v 0.13017762 0.24019197 2.54747033
v 0.03209212 0.10260609 2.57037044
v 0.06086386 0.10320356 2.56809282
v 0.05707331 0.08183241 2.55913568
v 0.12228085 0.09797734 2.54114485
v 0.13237973 0.07530370 2.51798654
v 0.12813886 0.22403944 2.55225706
v 0.11026195 0.22623023 2.56715059
v 0.08605217 0.22681192 2.57950783
v 0.08718816 0.14919335 2.57736230
v 0.08592945 0.17442182 2.58158398
v 0.10864094 0.17607579 2.56932735
v 0.10921732 0.14938274 2.56546998
v 0.12605135 0.12191609 2.54593873
v 0.12752962 0.14840126 2.54939413
v 0.08672242 0.12458995 2.57078528
v 0.10780159 0.12350807 2.56038904
v 0.10402840 0.10006186 2.55425382
v 0.12764265 0.17577094 2.55234098
v 0.05665093 0.20004427 2.59039283
v 0.08529004 0.20056087 2.58300757
v 0.02703914 0.19868165 2.58981180
v 0.08394390 0.10183698 2.56277800
v 0.07921800 0.08068901 2.55459976
v 0.07378052 0.06076935 2.54626155
v 0.06365636 -0.00971389 2.53479481
v 0.22492717 0.42483062 2.30742455
v 0.01831913 0.31962213 2.40478253
v 0.01082428 0.31749254 2.43306136
v 0.16476919 0.17962134 2.39260244
v 0.17559113 0.20645565 2.46410871
v 0.16378118 0.21099022 2.49335766
v 0.04969316 0.29611230 2.34444451
v 0.03574848 0.31101930 2.36267424
v 0.14948581 0.18512854 2.36276388
v 0.11514996 0.23339382 2.32883692
v 0.02566456 0.31843141 2.38286948
v 0.14195965 0.19779441 2.53401089
v 0.12753391 0.20202801 2.55302072
v 0.10903179 0.20260036 2.56991696
v 0.05687654 0.22557399 2.58633494
v 0.02589501 0.22274023 2.58606315
v 0.01095651 0.25108168 2.32694077
v 0.00422520 0.24129337 2.32504344
v -0.00517621 0.24494565 2.32542133
v -0.00277153 0.26009375 2.32962990
v 0.08439910 0.12138364 2.34840798
v 0.06265713 0.12818450 2.33690524
v 0.02160158 0.13667747 2.32274342
v 0.00286210 0.13889971 2.32005310
v 0.14109552 0.09545067 2.39604640
v 0.04159157 0.13329822 2.32817507
v 0.12591517 0.10476926 2.37688756
v 0.10573015 0.11348629 2.36092925
v 0.37432444 0.87968814 2.44284558
v 0.38561124 0.90798390 2.44201970
v 0.38682294 0.90459669 2.45685267
v 0.37245482 0.87667811 2.45778751
v 0.38795242 0.86357272 2.48379564
v 0.37781119 0.87030303 2.47690725
v 0.40069962 0.85789245 2.48485422
v 0.41124716 0.88888901 2.48729777
v 0.42116982 0.88618386 2.47946811
v 0.41350955 0.85479969 2.47834301
v 0.42141676 0.85328120 2.46851206
v 0.43424666 0.88450330 2.44014955
v 0.42808712 0.85466272 2.43685389
v 0.42631957 0.85242844 2.45672727
v 0.43448445 0.88320655 2.45918441
v 0.42342472 0.86303961 2.41817331
v 0.42985025 0.89154226 2.42125010
v 0.41088730 0.87322056 2.40858722
v 0.37952974 0.88218641 2.42775512
v 0.38899234 0.91006744 2.42490125
v 0.39893585 0.89384872 2.48659563
v 0.39012909 0.89958125 2.47866368
v 0.37296951 0.87450379 2.46760654
v 0.38815579 0.90215296 2.46744323
v 0.39567190 0.93458867 2.45545721
v 0.38852221 0.93838620 2.43849683
v 0.40912870 0.92415649 2.49016714
v 0.40399697 0.92794037 2.47789598
v 0.42815614 0.91740179 2.48032975
v 0.42025685 0.91930079 2.49174404
v 0.44678611 0.91160619 2.46104765
v 0.42906666 0.88422483 2.47026038
v 0.43870401 0.91396827 2.47133350
v 0.44566292 0.91211873 2.44238305
v 0.43959478 0.91759002 2.41935134
v 0.39381725 0.93664438 2.41978979
v 0.40045631 0.93189824 2.46731496
v 0.46329767 0.99733156 2.25496268
v 0.46758246 0.99564606 2.25590014
v 0.47055244 0.99946350 2.25514078
v 0.46427798 1.00270438 2.25374627
v 0.41890991 1.00972939 2.24277592
v 0.42666665 1.00502181 2.24065924
v 0.43210143 1.01295567 2.24231839
v 0.42135575 1.01954079 2.24465728
v 0.45696667 1.00929904 2.24767804
v 0.45219815 1.01096416 2.24719620
v 0.44972479 1.00766730 2.24348474
v 0.45755279 1.00473404 2.24423718
v 0.49475396 0.99282604 2.29139686
v 0.49101609 0.99445391 2.28990030
v 0.48908290 0.99018157 2.28746414
v 0.49450105 0.98868829 2.29010010
v 0.48373383 0.99952859 2.27254725
v 0.48033205 1.00151706 2.27104831
v 0.47836047 0.99729794 2.26814675
v 0.48425058 0.99542904 2.27077532
v 0.42775530 1.00040293 2.26568699
v 0.42774776 1.00119066 2.25060749
v 0.41624066 1.00830793 2.25316548
v 0.41292673 1.00445747 2.26849961
v 0.41298157 1.01944065 2.25692987
v 0.42265308 1.02209616 2.25935769
v 0.42121992 1.02304411 2.27459788
v 0.41081035 1.01747835 2.27377367
v 0.43515369 1.01790738 2.25699711
v 0.43470496 1.01788330 2.27088070
v 0.43840230 1.00713587 2.26640916
v 0.44011259 1.00640512 2.25138068
v 0.45686653 0.99999005 2.26559973
v 0.46090859 1.00083172 2.25297999
v 0.45280382 0.99737406 2.25171709
v 0.44917566 0.99456966 2.26478863
v 0.44495422 1.00062048 2.25059414
v 0.43873963 0.99897480 2.26320672
v 0.43941763 1.00934899 2.26403904
v 0.44212770 1.00917506 2.25032687
v 0.44931269 1.01233232 2.25417089
v 0.44593799 1.01275623 2.26766396
v 0.45450902 1.00851631 2.26821780
v 0.45798382 1.00906730 2.25533843
v 0.46086290 0.99662668 2.26099896
v 0.45653695 0.99354410 2.27071095
v 0.46591270 0.98871434 2.27306700
v 0.46783519 0.99334472 2.26202631
v 0.46341258 1.00630939 2.27308559
v 0.45688224 1.00373185 2.27037454
v 0.45941174 1.00512457 2.26057649
v 0.46550286 1.00703943 2.26233721
v 0.47270620 1.00404477 2.26318288
v 0.47171265 1.00206304 2.27451468
v 0.47287524 0.99371034 2.27322030
v 0.47434396 0.99681973 2.26215720
v 0.48210001 0.98846823 2.27665782
v 0.48095199 0.98324317 2.28676248
v 0.48703328 0.98876327 2.28770685
v 0.48726630 0.99292231 2.27789211
v 0.47376785 0.98670608 2.28298402
v 0.47623128 0.99007893 2.27477765
v 0.47837645 1.00005865 2.28450298
v 0.47317338 0.99386108 2.28099680
v 0.47347987 0.99642402 2.27392459
v 0.47841719 1.00223887 2.27629828
v 0.48562497 0.99966747 2.27823162
v 0.48586726 0.99726582 2.28810692
v 0.49729228 0.98656803 2.29674888
v 0.49377972 0.98162764 2.29528093
v 0.49349570 0.97880083 2.30424309
v 0.49711496 0.98524106 2.30685258
v 0.48712036 0.98057640 2.29939795
v 0.48776704 0.98317194 2.29300261
v 0.48981380 0.99442953 2.30098534
v 0.48683667 0.98732400 2.29786086
v 0.48611647 0.98942566 2.29279423
v 0.48956063 0.99551868 2.29472971
v 0.49627829 0.99327588 2.29700780
v 0.49551016 0.99187487 2.30531383
v 0.41183358 1.00112760 2.28390121
v 0.43102944 0.99858749 2.28043437
v 0.42503607 1.02073109 2.24954081
v 0.41117302 1.01568007 2.28940821
v 0.43204004 1.01818073 2.24834728
v 0.43844879 1.01584876 2.28404331
v 0.42209095 1.02137566 2.29004359
v 0.43701386 1.00772119 2.27330542
v 0.45366395 1.00037432 2.24486947
v 0.45470902 1.00165606 2.27567983
v 0.45751503 1.00836134 2.28538728
v 0.44900289 1.00219488 2.24429607
v 0.44919068 0.99196374 2.28236794
v 0.46652079 0.98669046 2.29160476
v 0.46739382 1.00576806 2.25649238
v 0.47109026 1.00395083 2.25694489
v 0.47471240 1.00186777 2.29246521
v 0.47257790 0.99273026 2.28297234
v 0.48197502 0.99156266 2.27105570
v 0.48717371 0.98678851 2.29759312
v 0.48806557 0.99627286 2.30410004
v 0.47834438 0.99239272 2.27003646
v 0.48164937 0.97989869 2.30353260
v 0.49201292 0.98549294 2.29092765
v 0.49674195 0.99277300 2.31597900
v 0.49871755 0.98431641 2.31890869
v 0.48884547 0.98581141 2.28914595
v 0.49277937 0.97677934 2.31498075
v 0.38780242 0.88292426 2.41531873
v 0.39693192 0.90901798 2.41272807
v 0.39863202 0.88016737 2.40897560
v 0.41873559 0.90002424 2.40993023
v 0.40782654 0.90556848 2.40771937
v 0.40352958 0.93321276 2.40539670
v 0.42781019 0.92458957 2.40584993
v 0.41577891 0.92786944 2.40068531
v 0.45750290 0.93271792 2.46473408
v 0.45753312 0.93367058 2.44591069
v 0.44518834 0.93655235 2.47460818
v 0.42866021 0.94199622 2.49713922
v 0.43618217 0.93961638 2.48546481
v 0.40851879 0.95112944 2.39418674
v 0.40121245 0.95629042 2.41378021
v 0.42118543 0.94434619 2.38644886
v 0.43693179 0.94005346 2.39453101
v 0.40628543 0.99731672 2.30203819
v 0.40827087 0.99532610 2.32381701
v 0.41857767 0.98108864 2.32001305
v 0.42327538 0.98925221 2.30005813
v 0.43711981 0.97582132 2.32329988
v 0.44336873 0.98563033 2.30320239
v 0.45494634 0.97428656 2.33082533
v 0.46072692 0.98147058 2.31089616
v 0.47177833 0.97325814 2.33967924
v 0.47708884 0.97714812 2.32063389
v 0.48754358 0.97507346 2.34857416
v 0.49163234 0.97561222 2.32944059
v 0.49899453 0.98241723 2.35297704
v 0.50148028 0.98287702 2.33339524
v 0.40806985 1.01522958 2.30718660
v 0.40964627 1.01207006 2.32916212
v 0.42178524 1.02305651 2.30977106
v 0.42419174 1.02157891 2.33112264
v 0.43960553 1.01755989 2.31015968
v 0.43991894 1.01713037 2.33245230
v 0.49831361 0.99518383 2.35135579
v 0.49933535 0.99486256 2.33150077
v 0.45725811 1.01023090 2.31410217
v 0.45614719 1.00977349 2.33642101
v 0.47430566 1.00529599 2.32010221
v 0.47306395 1.00554609 2.34189177
v 0.48815596 1.00069857 2.32644296
v 0.48753124 1.00166821 2.34739709
v 0.41395515 0.97494072 2.34444427
v 0.43055317 0.96428788 2.34496355
v 0.00089996 -0.41959316 2.42615867
v 0.00683353 -0.34518969 2.48456573
v 0.44879228 0.96385431 2.35348463
v 0.46616241 0.96653247 2.36354327
v 0.48180792 0.97339737 2.37276721
v 0.49481744 0.98112941 2.37670970
v 0.46368381 0.95493257 2.39358234
v 0.47775048 0.97261256 2.40059566
v 0.48897478 0.98317075 2.40129995
v 0.47496068 0.97224915 2.42834306
v 0.48402116 0.98442596 2.42694116
v -0.00483029 0.23975244 2.57159066
v 0.00772502 -0.30637598 2.50240421
v 0.46925795 0.97506303 2.47235298
v -0.00228944 0.14872503 2.58659935
v -0.00716145 -0.25903112 2.31241083
v -0.00748615 -0.24220020 2.30911684
v -0.00738780 -0.22708106 2.30483484
v -0.00730586 -0.21022725 2.30246091
v -0.01253771 0.06428006 2.31301761
v -0.01201710 0.05147785 2.31377625
v 0.00259618 -0.01597244 2.53011966
v -0.01395391 0.10196725 2.31342530
v -0.01193256 0.03701833 2.30735469
v 0.00812442 -0.18097603 2.53088689
v -0.00727226 -0.19286835 2.30083942
v -0.01438297 0.11958140 2.31613970
v 0.00897645 -0.24690038 2.52507615
v -0.01125666 0.01573002 2.30224228
v -0.01600414 0.21007544 2.32503867
v -0.00902036 -0.05320644 2.29890442
v -0.02851507 -0.36756164 2.31575775
v -0.03959879 -0.37320054 2.31951976
v -0.04004500 -0.36863041 2.32582355
v -0.02879310 -0.36325163 2.32217526
v -0.06197076 -0.40594870 2.36488581
v -0.06232899 -0.40919477 2.35234761
v -0.05859574 -0.42092103 2.36301374
v -0.05899533 -0.41690129 2.37697339
v -0.05159495 -0.43035066 2.37382150
v -0.05247693 -0.42524058 2.38758969
v -0.04192651 -0.43031591 2.39601135
v -0.04210785 -0.43733096 2.38257790
v -0.03066799 -0.44034350 2.38968205
v -0.03122436 -0.43204743 2.40138793
v -0.05031478 -0.38030809 2.32511759
v -0.05842013 -0.38918340 2.33308625
v -0.05680012 -0.38192964 2.33865929
v -0.04901045 -0.37528980 2.33031631
v -0.06266771 -0.39984763 2.34161186
v -0.06260297 -0.39403224 2.35060287
v -0.01773292 -0.43516648 2.40135694
v -0.01822635 -0.44543582 2.38846874
v -0.03072424 -0.35353541 2.33368540
v -0.01787643 -0.35166454 2.33126020
v -0.01751400 -0.35688382 2.32694912
v -0.02978146 -0.35863554 2.32876372
v -0.06098311 -0.36251217 2.35688782
v -0.07433692 -0.37456751 2.37198639
v -0.08044364 -0.36519420 2.37126875
v -0.06635782 -0.35316813 2.35688305
v -0.07861479 -0.33143079 2.34646654
v -0.10174647 -0.34382784 2.36388922
v -0.10076890 -0.31954443 2.34805083
v -0.08054753 -0.31212276 2.33960819
v -0.09958631 -0.29839396 2.33684444
v -0.08089022 -0.29311919 2.33139038
v -0.09495410 -0.24219239 2.31240630
v -0.07757021 -0.24016386 2.30829239
v -0.07902778 -0.25724930 2.31536937
v -0.09691814 -0.25992113 2.31958485
v -0.10645156 -0.14929992 2.31178451
v -0.09385484 -0.15127379 2.30457449
v -0.10148727 -0.16650003 2.30078030
v -0.11286506 -0.16568404 2.30615067
v -0.16461609 -0.27408540 2.34905338
v -0.16630425 -0.29426640 2.35387254
v -0.17791773 -0.28310990 2.35742044
v -0.17372462 -0.26269388 2.35559750
v -0.11389186 -0.38599032 2.40714908
v -0.10984054 -0.36787057 2.38618994
v -0.09736298 -0.37211227 2.38873172
v -0.10123360 -0.38943303 2.40647912
v -0.15386266 -0.18458372 2.35469913
v -0.14857806 -0.17219841 2.34863043
v -0.14611067 -0.17899472 2.33839273
v -0.15085378 -0.19096082 2.34267426
v -0.12821512 -0.07078779 2.36290121
v -0.11361536 -0.06621695 2.34575534
v -0.11339784 -0.08779901 2.34334564
v -0.12764049 -0.09218180 2.35945058
v -0.15736285 -0.12740159 2.42707729
v -0.15688302 -0.13081276 2.45373154
v -0.15524869 -0.11395609 2.45580983
v -0.15663835 -0.10896540 2.42903304
v -0.12546104 -0.24453133 2.32295990
v -0.11102371 -0.24383050 2.31739521
v -0.11333339 -0.26211578 2.32428980
v -0.12809037 -0.26326227 2.32944250
v -0.33883709 -0.25584316 2.40565896
v -0.33622599 -0.23832387 2.40629363
v -0.31302202 -0.24729162 2.40319633
v -0.31561950 -0.26488310 2.40245485
v -0.15636134 -0.00786415 2.43495774
v -0.15476628 -0.01525998 2.45948243
v -0.15906499 0.00348318 2.46108460
v -0.15988822 0.01079267 2.43554068
v -0.20503050 -0.34644645 2.37985444
v -0.20631431 -0.36646563 2.39845181
v -0.21911192 -0.35822177 2.39965653
v -0.21825178 -0.33714783 2.38302803
v -0.15735352 -0.23974597 2.34271860
v -0.16122808 -0.25627500 2.34530950
v -0.16850428 -0.24702370 2.35423374
v -0.16402432 -0.23316377 2.35248041
v -0.16420253 -0.16199189 2.45355797
v -0.16507633 -0.15967655 2.43134093
v -0.16824131 -0.17653406 2.43437958
v -0.16801308 -0.17855513 2.45438123
v -0.16184385 -0.14321136 2.42896295
v -0.16083553 -0.14594126 2.45343971
v -0.14879513 -0.24328578 2.33533192
v -0.13805504 -0.24444932 2.32893467
v -0.14094928 -0.26354730 2.33440542
v -0.15139633 -0.26242483 2.33938718
v -0.10023618 -0.13466454 2.31837940
v -0.08487488 -0.13735944 2.30952263
v -0.15380119 0.01896745 2.41064239
v -0.14289303 0.02751067 2.38883424
v -0.14182241 0.00803423 2.38849235
v -0.15150814 0.00001061 2.41046572
v -0.09706381 -0.10444194 2.32898307
v -0.09686161 -0.12089133 2.32483864
v -0.11137555 -0.12226206 2.33517718
v -0.11218487 -0.10660303 2.34124565
v -0.12805077 0.03532472 2.36986518
v -0.11133031 0.04247740 2.35272193
v -0.11073787 0.02162251 2.35250640
v -0.12760636 0.01550218 2.36946988
v -0.09825838 -0.27866536 2.32778883
v -0.08020459 -0.27498621 2.32302308
v -0.12709571 -0.15262347 2.32734513
v -0.11765467 -0.15015578 2.31938839
v -0.12316571 -0.16635573 2.31324887
v -0.13128456 -0.16775811 2.32146287
v -0.17831524 -0.24867862 2.36788583
v -0.18805917 -0.26674151 2.36827493
v -0.18281986 -0.24485773 2.38747311
v -0.17639486 -0.23612964 2.38513565
v -0.16037032 0.02029654 2.46192026
v -0.16069736 0.02781892 2.43551540
v -0.12884580 0.05449709 2.36994100
v -0.11239205 0.06208265 2.35306311
v -0.19098942 -0.22946644 2.44220376
v -0.19921671 -0.23485315 2.44288874
v -0.20087238 -0.23399311 2.45611048
v -0.19392613 -0.22940123 2.45658469
v -0.06182378 -0.16590625 2.29433298
v -0.07707573 -0.17469519 2.29352999
v -0.08280351 -0.15945059 2.29772043
v -0.07041167 -0.14730597 2.30116057
v -0.12419643 -0.13827282 2.33623767
v -0.12379126 -0.12573373 2.34587121
v -0.11325653 -0.13561678 2.32727146
v -0.04555850 -0.15669870 2.29849982
v -0.05630707 -0.13134962 2.30650496
v -0.06142762 -0.27067739 2.31869292
v -0.06053524 -0.25423855 2.31179428
v -0.06162724 -0.28754783 2.32571483
v -0.04245827 -0.28286874 2.32038665
v -0.04101254 -0.30013108 2.32549000
v -0.06023697 -0.30510730 2.33169150
v -0.03859356 -0.31699795 2.32885695
v -0.05763187 -0.32255554 2.33587837
v -0.04563048 -0.35229123 2.34575915
v -0.04941624 -0.34425741 2.34534621
v -0.17225197 -0.23619980 2.36683679
v -0.16746955 -0.22481698 2.36546683
v -0.14418615 0.04633024 2.38883352
v -0.11215237 -0.32908106 2.51140857
v -0.10753128 -0.31320125 2.51922607
v -0.12705331 -0.31392086 2.51195788
v -0.13127336 -0.32958812 2.50498891
v -0.12507598 -0.38737476 2.40776706
v -0.12450919 -0.37029523 2.38601279
v -0.17047656 -0.24525446 2.49961376
v -0.18103072 -0.24697518 2.49388671
v -0.18052416 -0.25549382 2.49614120
v -0.16901088 -0.25410300 2.50173926
v -0.20310362 -0.24704760 2.47862339
v -0.20276985 -0.24044275 2.47387648
v -0.22025505 -0.24225968 2.47591996
v -0.21969207 -0.24932158 2.48149538
v -0.14963938 -0.00325176 2.48538351
v -0.14478879 -0.02220654 2.48312187
v -0.12617676 -0.15667391 2.51431346
v -0.14033999 -0.14552242 2.49712491
v -0.14653710 -0.16205066 2.49413419
v -0.13419743 -0.17368853 2.51007295
v -0.00895332 -0.30921012 2.50584102
v -0.00836573 -0.29474080 2.51143432
v -0.02686794 -0.29903835 2.51701999
v -0.02765759 -0.31369323 2.51111436
v -0.07072810 -0.33842403 2.51090336
v -0.07325685 -0.35313106 2.50289488
v -0.04875923 -0.34675497 2.50291872
v -0.04780456 -0.33305192 2.50954914
v -0.09035537 -0.32678074 2.51632190
v -0.08642414 -0.31105882 2.52388024
v -0.16471192 -0.18352765 2.47293186
v -0.15994436 -0.16848737 2.47336626
v -0.17634752 -0.21025223 2.45733833
v -0.17512894 -0.21381164 2.47299933
v -0.17211911 -0.20646447 2.47289443
v -0.17397416 -0.20268387 2.45673037
v -0.09278757 -0.39585990 2.40693521
v -0.08773202 -0.40587717 2.42316914
v -0.09922040 -0.40148520 2.42555189
v -0.04768724 -0.39373231 2.46261978
v -0.04690807 -0.38772243 2.47015357
v -0.06179730 -0.39215767 2.46629381
v -0.05829021 -0.39699996 2.45885420
v -0.03026956 -0.22927153 2.53651810
v -0.00989289 -0.22744226 2.53259897
v -0.01106085 -0.20497787 2.53471494
v -0.03297037 -0.20540541 2.53844643
v -0.18227684 -0.23340088 2.48680568
v -0.17415735 -0.23038161 2.49122810
v -0.17678383 -0.22411770 2.48346734
v -0.18304415 -0.22719836 2.48013210
v -0.16827385 -0.21231997 2.48580194
v -0.17233738 -0.21919841 2.48482275
v -0.16808404 -0.22599888 2.49396634
v -0.16266330 -0.21984994 2.49619436
v -0.14270914 -0.18894094 2.50489092
v -0.15273342 -0.17791677 2.49030828
v -0.15868048 -0.19209754 2.48841333
v -0.15013869 -0.20203710 2.50079107
v -0.01252071 -0.12751973 2.53519630
v -0.03232303 -0.12516141 2.54032516
v -0.03213701 -0.15231818 2.54039359
v -0.01166169 -0.15412521 2.53629589
v -0.21549733 -0.24551332 2.41913819
v -0.21744119 -0.25283808 2.40474439
v -0.23036028 -0.24923438 2.40877962
v -0.23126832 -0.24198067 2.42413139
v -0.24038370 -0.28017920 2.49614239
v -0.22902204 -0.27815020 2.49538636
v -0.22922981 -0.27059203 2.49428606
v -0.24036543 -0.27341896 2.49575043
v -0.25048947 -0.22984374 2.44238186
v -0.24792030 -0.23577094 2.42823815
v -0.26728860 -0.22872162 2.43180776
v -0.26906249 -0.22207475 2.44618487
v -0.13437255 -0.39122158 2.43621564
v -0.13675784 -0.38863909 2.40779376
v -0.12410856 -0.39459068 2.43274975
v -0.25138274 -0.22550184 2.46670508
v -0.25048587 -0.23001575 2.47713470
v -0.23481092 -0.23392224 2.47239399
v -0.23570088 -0.23124397 2.46219063
v -0.31837565 -0.28208482 2.41107416
v -0.34148446 -0.27307755 2.41410470
v -0.29053950 -0.21337020 2.46265864
v -0.29167861 -0.21591818 2.47531343
v -0.27053261 -0.22016060 2.47123933
v -0.27089280 -0.21812397 2.45965147
v -0.11996114 -0.13859075 2.51705265
v -0.13573427 -0.12812954 2.50048423
v -0.12014151 -0.01012963 2.52230167
v -0.13661449 -0.00742993 2.50616813
v -0.13063559 -0.02767766 2.50375080
v -0.11430261 -0.03179616 2.51964283
v -0.15288518 0.01538223 2.48684955
v -0.12558313 0.01073515 2.52331734
v -0.14183493 0.01205647 2.50693822
v -0.06940275 -0.41253543 2.40843439
v -0.05616606 -0.41809922 2.41991234
v -0.06465271 -0.41228664 2.43003559
v -0.07699992 -0.40946484 2.41997862
v -0.17862917 0.12944189 2.49235868
v -0.17700063 0.15549713 2.49794388
v -0.18456097 0.15303314 2.46881294
v -0.18395072 0.13019985 2.46242571
v -0.03381145 -0.40655971 2.44387245
v -0.05011490 -0.41162479 2.43603730
v -0.04148987 -0.41738617 2.42712188
v -0.02735283 -0.41430551 2.43232894
v -0.18107815 0.10714284 2.46023393
v -0.17652629 0.10332316 2.48917460
v -0.08254624 -0.39963371 2.40208054
v -0.07225621 -0.40067774 2.39057803
v -0.07906422 -0.38675028 2.38539195
v -0.07107390 -0.38789403 2.37611461
v -0.06550861 -0.37642735 2.36162591
v -0.18730466 0.15470773 2.43939137
v -0.18429269 0.13487810 2.43537760
v -0.05495816 -0.42116743 2.40261054
v -0.04276020 -0.42416978 2.41036248
v -0.02768300 -0.42414045 2.41695237
v -0.01289814 -0.42639822 2.41658092
v -0.15660387 0.03363040 2.48697424
v -0.16194956 0.03790545 2.46143079
v -0.13397868 0.27207646 2.55564737
v -0.10662380 0.28225708 2.56125712
v -0.10910953 0.29682574 2.54741240
v -0.14245041 0.28524143 2.54353786
v -0.03419613 0.28195268 2.55541039
v -0.03372079 0.29775107 2.53455448
v -0.07253561 0.30098534 2.54380202
v -0.07266796 0.28673369 2.56089354
v -0.06592934 0.14572123 2.59057212
v -0.06590227 0.12200654 2.58282232
v -0.03636000 0.12349236 2.58229351
v -0.03574535 0.14752162 2.58899140
v -0.13248038 0.03133151 2.52411580
v -0.14862451 0.03188753 2.50711179
v -0.16045919 0.04448152 2.43505025
v -0.22357777 0.25984740 2.46330023
v -0.23511894 0.29123157 2.45994473
v -0.24174970 0.28987631 2.42113090
v -0.22862607 0.25734615 2.42286611
v -0.19161212 0.31287175 2.51455617
v -0.18189740 0.28626826 2.52156830
v -0.14994217 0.30302364 2.53393817
v -0.15963200 0.32610750 2.52507329
v -0.09452269 0.06899524 2.33685994
v -0.11171290 0.08034357 2.35469389
v -0.09387249 0.08766732 2.33951688
v -0.03653066 0.08191195 2.31152749
v -0.05785432 0.07898968 2.31570029
v -0.05515350 0.09755147 2.31931973
v -0.03487683 0.10035354 2.31484652
v -0.04279703 0.20647159 2.32914782
v -0.02814418 0.20813364 2.32685280
v -0.02961116 0.18493655 2.32694721
v -0.04578754 0.18189132 2.33081317
v -0.17463686 0.14034232 2.40950727
v -0.15794875 0.14715615 2.38769937
v -0.15401302 0.13153380 2.38805485
v -0.17020303 0.12353981 2.40861988
v -0.03599185 0.30935323 2.51138639
v -0.07311887 0.31385994 2.52498674
v -0.23490588 0.29296741 2.38269615
v -0.21970269 0.26037338 2.38469982
v -0.21599166 0.30153450 2.35243559
v -0.18687497 0.31159437 2.33725142
v -0.17369632 0.28270161 2.34017634
v -0.20146066 0.27002162 2.35610127
v -0.06379563 0.27820671 2.34587908
v -0.04916326 0.29913631 2.36602736
v -0.03779943 0.29495630 2.35995078
v -0.05167875 0.26985550 2.33858180
v -0.03478063 0.26333943 2.57084131
v -0.06881654 0.26854008 2.57517767
v -0.06665813 0.24555174 2.58601284
v -0.03431296 0.24353501 2.58170676
v -0.10849236 0.01111853 2.53401375
v -0.11311037 0.03263357 2.53642488
v -0.08824828 0.01153889 2.54098225
v -0.10225931 -0.01241052 2.53268600
v -0.08219410 -0.01317346 2.53891826
v -0.07969761 -0.16220021 2.53614831
v -0.10106309 -0.14980745 2.52893829
v -0.10831115 -0.16867280 2.52757096
v -0.08759359 -0.18340665 2.53567672
v -0.04579218 -0.30390519 2.52180743
v -0.04676151 -0.31893933 2.51594901
v -0.11832274 0.33480963 2.52478600
v -0.07395841 0.33193025 2.50794387
v -0.10486257 0.36524808 2.50506639
v -0.13934238 0.36027825 2.51804113
v -0.22744761 0.33017185 2.48714733
v -0.21724607 0.29904303 2.49226642
v -0.20212568 0.34113368 2.50796819
v -0.24611166 0.32305244 2.45448518
v -0.25406075 0.32117283 2.41668010
v -0.22807638 0.33344334 2.34938765
v -0.19841033 0.34244031 2.33551049
v -0.10083820 0.34574181 2.36458683
v -0.12403473 0.33601660 2.34859252
v -0.13477920 0.36200589 2.35071898
v -0.11125344 0.36973035 2.36932969
v -0.08485208 0.20276800 2.34010673
v -0.11373148 0.17732701 2.35531235
v -0.12198359 0.19659811 2.35360360
v -0.09961416 0.22201979 2.34220982
v -0.04147549 0.06224614 2.30973673
v -0.05886767 0.05868641 2.31338167
v -0.07622875 0.07480845 2.32387447
v -0.07623944 0.05407658 2.32173991
v -0.09395664 0.04866460 2.33574462
v -0.05627887 -0.03417176 2.30529499
v -0.07761351 -0.03672123 2.31602836
v -0.07540796 -0.01362890 2.31721497
v -0.05501762 -0.01043814 2.30657363
v -0.05776227 -0.05879545 2.30505228
v -0.07956365 -0.06073439 2.31531143
v -0.05697651 -0.10686827 2.30972028
v -0.07887033 -0.12259096 2.31506801
v -0.07847161 -0.10482550 2.31812239
v -0.04257441 -0.26634508 2.31492043
v -0.04205539 -0.25026256 2.30947900
v -0.17953853 0.15678602 2.41122055
v -0.05647649 0.34324318 2.47391200
v -0.05705543 0.35136557 2.44235611
v -0.07539679 0.37601203 2.44864321
v -0.08175600 0.37136000 2.47908592
v -0.17990690 0.11485550 2.43271446
v -0.15588446 0.03725082 2.41036057
v -0.15315688 0.05314144 2.41072059
v -0.15070070 -0.10492289 2.40171361
v -0.15063918 -0.12722158 2.39491820
v -0.09154841 -0.18020666 2.29584455
v -0.09243738 -0.16849595 2.29743838
v -0.20711847 0.26893720 2.49845982
v -0.24571812 0.39552200 2.34573150
v -0.21588749 0.40616727 2.33408499
v -0.20793855 0.37461352 2.33448601
v -0.23794997 0.36508256 2.34753513
v -0.11066109 0.40156913 2.39649534
v -0.12494744 0.39619303 2.37477160
v -0.14038575 0.42373306 2.37912178
v -0.12848139 0.42875427 2.40290403
v -0.14624262 0.45606953 2.40457201
v -0.15555573 0.45332736 2.38035893
v -0.16891830 0.48283154 2.38333511
v -0.16127159 0.48358589 2.40718555
v -0.24846566 0.32579845 2.37875295
v -0.27320576 0.38410717 2.40496755
v -0.26672164 0.38826793 2.37159753
v -0.25838017 0.35779470 2.37505531
v -0.26450723 0.35354847 2.41057181
v -0.17338943 0.35207665 2.51799774
v -0.09330697 0.37553555 2.39181471
v -0.08194999 0.35373229 2.38545680
v -0.12514038 0.43142378 2.45221663
v -0.13510551 0.42880505 2.47727728
v -0.10897632 0.40212488 2.47928119
v -0.09997365 0.40479398 2.45091176
v -0.23048511 0.39378101 2.49161863
v -0.25130591 0.38609004 2.46943283
v -0.24033794 0.35817206 2.47739029
v -0.21741052 0.36741984 2.49917722
v -0.26600367 0.38333672 2.43894100
v -0.25732261 0.35330981 2.44602299
v -0.28867000 0.44350582 2.39362168
v -0.27948248 0.44872850 2.36410451
v -0.27381748 0.41863757 2.36770487
v -0.28136992 0.41398889 2.39935112
v -0.28394938 0.44114387 2.42623639
v -0.27497041 0.41243261 2.43256712
v -0.26236054 0.41353762 2.46238637
v -0.27329028 0.44094956 2.45461297
v -0.25524440 0.44515651 2.47417212
v -0.24351200 0.41937995 2.48292017
v -0.22056745 0.42860854 2.49599099
v -0.23442258 0.45259553 2.48719215
v -0.19653201 0.43773448 2.49867058
v -0.17424209 0.44629884 2.49007726
v -0.19272582 0.46860790 2.48383403
v -0.21278632 0.46070963 2.49035072
v -0.16440913 0.48114604 2.45220518
v -0.17568545 0.47608566 2.47111297
v -0.15637903 0.45321810 2.47414136
v -0.14599563 0.45686680 2.45195508
v -0.23398736 0.57258344 2.45491409
v -0.24814087 0.56332552 2.46088052
v -0.22971995 0.54164845 2.46228909
v -0.21493571 0.55047441 2.45376301
v -0.26193514 0.55502594 2.46781492
v -0.27749652 0.54775012 2.46936226
v -0.26103753 0.52675068 2.46940207
v -0.24558115 0.53382099 2.46717143
v -0.29316485 0.51731336 2.45072079
v -0.27703524 0.52074039 2.46463871
v -0.29316390 0.54206878 2.46400237
v -0.30846918 0.53952813 2.44911671
v -0.32394239 0.53797674 2.43094802
v -0.31078225 0.51464504 2.43392825
v -0.32615578 0.54319686 2.40682197
v -0.31660685 0.51749623 2.41043615
v -0.30935261 0.52581930 2.38107777
v -0.31956637 0.55113643 2.37914586
v -0.22207940 0.58957756 2.40756488
v -0.21779379 0.58605307 2.42705727
v -0.20166303 0.56259716 2.42121887
v -0.20773794 0.56446844 2.40193939
v -0.23661415 0.55829585 2.36452603
v -0.25460067 0.55091012 2.34105277
v -0.26433086 0.57868552 2.35067034
v -0.24919555 0.58495909 2.37400246
v -0.29346865 0.46794987 2.42031169
v -0.29546520 0.47190213 2.38858533
v -0.26684916 0.47053379 2.46515679
v -0.28423822 0.46703511 2.44651508
v -0.18115871 0.50453949 2.45248795
v -0.19353840 0.49819225 2.46809578
v -0.18197633 0.51154685 2.38825178
v -0.17503247 0.51102507 2.41061378
v -0.26519912 0.48560184 2.34073353
v -0.28518009 0.47796535 2.35991311
v -0.29338545 0.50576317 2.35563159
v -0.27366078 0.51368237 2.33731389
v -0.30469006 0.49319422 2.41524124
v -0.29672688 0.49138135 2.43970394
v -0.27921885 0.49437606 2.45681286
v -0.26236564 0.49862790 2.46993732
v -0.24509352 0.50505775 2.47403574
v -0.22830576 0.51184762 2.47147179
v -0.21150361 0.51977897 2.46544075
v -0.19790280 0.52730453 2.45254207
v -0.18841830 0.53730661 2.41551185
v -0.19528860 0.53853738 2.39536977
v -0.28041503 0.54113138 2.33584595
v -0.30225626 0.53145206 2.35252666
v -0.31157362 0.55674964 2.35549593
v -0.28806210 0.56754160 2.34332681
v -0.29648888 0.59120184 2.35463715
v -0.27614141 0.59972632 2.36276150
v -0.27904743 0.57814270 2.47063351
v -0.29464516 0.57055497 2.47067904
v -0.31010562 0.56502140 2.46434736
v -0.33658522 0.56189144 2.43079782
v -0.33710492 0.56929642 2.40343738
v -0.32974800 0.57776862 2.37885690
v -0.31732088 0.58107328 2.36069632
v -0.25686985 0.63196176 2.43701172
v -0.23823527 0.60810584 2.43135500
v -0.24084148 0.61154187 2.41326118
v -0.25931948 0.63501281 2.41881180
v -0.26935965 0.62085575 2.46450949
v -0.28073880 0.61227787 2.47572803
v -0.26583415 0.58637339 2.46395111
v -0.25427988 0.59467286 2.45513153
v -0.29643857 0.60282302 2.48045254
v -0.31289348 0.59505701 2.47794485
v -0.32927710 0.58836502 2.47029924
v -0.32557562 0.56151998 2.45085049
v -0.34377652 0.58488214 2.45535874
v -0.35151905 0.58793324 2.43142605
v -0.35113877 0.59614712 2.39935303
v -0.35153472 0.63689673 2.38101459
v -0.33575988 0.60918146 2.37694144
v -0.36717343 0.62328988 2.40119791
v -0.36997038 0.74235618 2.39476395
v -0.39151260 0.72957814 2.39616823
v -0.40275776 0.76453477 2.40380764
v -0.38404846 0.77627414 2.40261626
v -0.27413237 0.66166568 2.42467976
v -0.27110150 0.66067737 2.44452214
v -0.28227144 0.65020055 2.47558165
v -0.29570788 0.64040923 2.48648715
v -0.38686436 0.64169425 2.43787289
v -0.36974555 0.61373103 2.43277192
v -0.36256650 0.61061418 2.45964646
v -0.37990659 0.63918787 2.46521282
v -0.31386244 0.75717604 2.43842554
v -0.31126645 0.75668865 2.45904136
v -0.29513812 0.72518337 2.45587969
v -0.29773381 0.72603750 2.43385911
v -0.29557437 0.68211091 2.48317146
v -0.30938095 0.71432775 2.48844767
v -0.32428148 0.70405811 2.49965763
v -0.30912524 0.67186731 2.49468184
v -0.41286099 0.70940137 2.44590354
v -0.40113771 0.67361873 2.44266343
v -0.39547396 0.67144936 2.46942878
v -0.40843529 0.70796853 2.47089219
v -0.38283956 0.65083826 2.40691495
v -0.39588416 0.68186718 2.41241717
v -0.38001448 0.69605321 2.39056754
v -0.36539257 0.66546500 2.38462448
v -0.35605210 0.70907283 2.38807845
v -0.34094614 0.67853445 2.38299775
v -0.35658225 0.82050341 2.46057653
v -0.33365941 0.78778440 2.45978761
v -0.33600128 0.78946131 2.44147587
v -0.35897171 0.82348984 2.44479132
v -0.34200260 0.73696876 2.49992228
v -0.32623735 0.74646336 2.49012399
v -0.34740698 0.77863348 2.48714471
v -0.36101413 0.77121288 2.49585271
v -0.43539804 0.78827995 2.44922447
v -0.42404592 0.74809539 2.44754624
v -0.42017615 0.74758029 2.47043705
v -0.43095273 0.78793055 2.47033262
v -0.41587102 0.80210978 2.41191816
v -0.41887099 0.75315607 2.42083669
v -0.43083587 0.79267389 2.42679954
v -0.42866710 0.83941239 2.41653633
v -0.41419655 0.84828454 2.41480136
v -0.39898783 0.81237572 2.41022944
v -0.37999964 0.85525358 2.44718266
v -0.37678158 0.85335159 2.46174955
v -0.39383996 0.84117687 2.49046111
v -0.37851256 0.80617845 2.49232292
v -0.36689618 0.81304914 2.48387909
v -0.38380498 0.84766996 2.48208141
v -0.41009212 0.79511529 2.49276876
v -0.39382935 0.80003709 2.49547005
v -0.40825200 0.83520961 2.49332118
v -0.42333329 0.83102190 2.48995900
v -0.44023293 0.82513952 2.46919131
v -0.42248771 0.79066622 2.48442435
v -0.43277720 0.82782173 2.48212528
v -0.44482726 0.82491404 2.44989777
v -0.44169146 0.83030677 2.42944121
v -0.03316817 0.31947240 2.45073128
v -0.04343726 0.32553214 2.42012811
v -0.04773420 0.33479708 2.43136644
v -0.04106008 0.32452360 2.46311641
v -0.14765674 0.38968128 2.35278440
v -0.16090514 0.42023945 2.35549593
v -0.18429931 0.48062730 2.36029744
v -0.17346275 0.45067817 2.35701418
v -0.19561622 0.50925088 2.36658239
v -0.20830467 0.53712422 2.37508464
v -0.22036068 0.56409162 2.38444185
v -0.23378958 0.58934826 2.39148283
v -0.25103736 0.61181760 2.39658928
v -0.26919788 0.63546968 2.40019703
v -0.29713973 0.68982607 2.41047025
v -0.28566641 0.69320470 2.42923713
v -0.28504813 0.66055495 2.40613365
v -0.32648987 0.75453043 2.41818213
v -0.31004381 0.72172856 2.41380763
v -0.34686998 0.78891355 2.42383575
v -0.36843538 0.82374328 2.42985225
v -0.38885897 0.85542798 2.43293166
v -0.13325585 0.27337024 2.34040475
v -0.10761835 0.29170921 2.34567261
v -0.10011570 0.27562356 2.34385419
v -0.12282050 0.25375512 2.34259272
v -0.04011757 0.30683619 2.38229513
v -0.03336254 0.30963984 2.39745903
v -0.02548630 0.30780402 2.39355636
v -0.03051667 0.30398813 2.37758470
v -0.30213395 0.49887109 2.38434124
v -0.24822472 0.47587925 2.47779346
v -0.22919369 0.48309547 2.48113418
v -0.21059716 0.49042672 2.47670388
v -0.21551798 0.50401443 2.34605312
v -0.23899482 0.49528056 2.33581233
v -0.24674809 0.52330971 2.33702493
v -0.22474088 0.53304738 2.35181856
v -0.32707191 0.65343392 2.37945247
v -0.31797215 0.68552065 2.39580011
v -0.30417883 0.65834343 2.38967252
v -0.31591904 0.62981677 2.37258434
v -0.33155155 0.62028003 2.48736334
v -0.34855515 0.61341041 2.47786999
v -0.34807959 0.64926505 2.49638581
v -0.31303239 0.62994832 2.48993587
v -0.32832378 0.65983319 2.49933434
v -0.19693048 0.44584411 2.33982491
v -0.22368622 0.43657339 2.33472896
v -0.23121347 0.46630704 2.33562446
v -0.20531014 0.47499985 2.34282708
v -0.12591553 -0.04781497 2.50158405
v -0.11135833 -0.05344433 2.51639819
v -0.14326623 -0.15203875 2.35440898
v -0.14605857 -0.14102685 2.37110853
v -0.13572533 -0.13156474 2.35827684
v -0.13419859 -0.14334667 2.34563184
v -0.15047322 -0.16304606 2.36189747
v -0.15333146 -0.15311658 2.37981915
v -0.15593763 -0.17588919 2.36864901
v -0.15869337 -0.16683114 2.38644147
v -0.17399625 -0.22819853 2.40335011
v -0.17782761 -0.23451573 2.40646529
v -0.05814722 -0.08341181 2.30650544
v -0.03390171 -0.08103430 2.30132198
v -0.03341743 -0.10370898 2.30406976
v -0.07468835 0.09365520 2.32741785
v -0.06086937 0.20549360 2.33313131
v -0.06455016 0.17718145 2.33577657
v -0.08550040 0.16988152 2.34435368
v -0.02884566 0.27629244 2.34015250
v -0.05394679 -0.14771760 2.54015923
v -0.05331649 -0.12067175 2.54074836
v -0.02821719 -0.32735622 2.50474596
v -0.00951184 -0.32291925 2.49995780
v -0.02826119 -0.35314834 2.49235249
v -0.02815520 -0.36434722 2.48554754
v -0.01019511 -0.35940540 2.48167825
v -0.01009401 -0.34791803 2.48809600
v -0.01624394 -0.40608776 2.44267416
v -0.01414407 -0.41657484 2.43032241
v -0.03862115 0.31355277 2.40183496
v -0.02812186 0.31281456 2.42463970
v -0.02594571 0.31025982 2.41514206
v -0.09253056 0.32464015 2.36016417
v -0.07441190 0.33476698 2.37831712
v -0.06964242 0.32006040 2.37298346
v -0.08716772 0.30794418 2.35713434
v -0.21480422 0.22661358 2.42196512
v -0.21251534 0.22827744 2.46190715
v -0.11301292 0.31305188 2.53438497
v -0.33750463 -0.20476913 2.48029733
v -0.34012359 -0.21368313 2.49032331
v -0.31637210 -0.21869600 2.48874307
v -0.31419301 -0.21038485 2.47840977
v -0.05352986 -0.23107326 2.53970647
v -0.06273180 -0.20296162 2.53951979
v -0.08837066 -0.38089168 2.38939595
v -0.16002056 -0.38641500 2.40573406
v -0.15959512 -0.37310988 2.38124466
v -0.14889057 -0.37403685 2.38366842
v -0.14815307 -0.38811535 2.40743494
v -0.14908770 -0.34565610 2.49026728
v -0.15129839 -0.36097932 2.47656655
v -0.13840003 -0.36230254 2.48145938
v -0.13516389 -0.34571993 2.49536943
v -0.03453556 0.17233101 2.59259772
v -0.06480737 0.17080763 2.59584475
v -0.03734125 -0.04308218 2.53967333
v -0.05735995 -0.04016459 2.54071116
v -0.05426759 -0.06660551 2.54086661
v -0.03448939 -0.07035387 2.53992319
v -0.08589019 -0.21696848 2.53871131
v -0.10208204 -0.19937778 2.53291941
v -0.04065100 -0.20012152 2.29649854
v -0.05835649 -0.20429146 2.29543948
v -0.05879397 -0.18620104 2.29304457
v -0.04189972 -0.18033534 2.29487133
v -0.28890711 -0.25646073 2.49851274
v -0.26629561 -0.25196379 2.49571776
v -0.26925382 -0.23713613 2.49031782
v -0.29190898 -0.23546278 2.49449158
v -0.19437519 0.23702794 2.50326657
v -0.17179072 0.26427934 2.53049397
v -0.14306344 -0.08160931 2.48254919
v -0.12860732 -0.08942211 2.50339675
v -0.12641583 -0.06801057 2.50223899
v -0.14113997 -0.06076705 2.48198199
v -0.15045968 -0.13701940 2.47709560
v -0.14787723 -0.12004697 2.47924900
v -0.15539081 -0.15279341 2.47530293
v -0.19454937 -0.23221487 2.46784806
v -0.20172046 -0.23549688 2.46662283
v -0.19482362 -0.23769766 2.47543287
v -0.11502214 0.31194338 2.34658337
v -0.08195112 0.25056773 2.33745933
v -0.06917761 0.23922676 2.33384752
v -0.02069011 0.30785361 2.40915966
v -0.06509324 -0.39055204 2.36402440
v -0.06022767 -0.37966657 2.35031915
v -0.23549165 -0.23252857 2.45063281
v -0.25164232 -0.22573978 2.45514870
v -0.18206848 -0.22094512 2.44184923
v -0.18410465 -0.21998531 2.45758152
v -0.17947175 -0.21547425 2.45786142
v -0.17783032 -0.21606207 2.44064736
v -0.18414904 -0.22251570 2.47035265
v -0.17871660 -0.21865004 2.47227263
v -0.14288293 -0.28368860 2.34121966
v -0.14440963 -0.30350143 2.34935713
v -0.15541106 -0.30066586 2.35183072
v -0.15395302 -0.28116071 2.34497714
v -0.13006909 -0.28321552 2.33710194
v -0.11511535 -0.28150821 2.33255410
v -0.11674241 -0.30177349 2.34227872
v -0.13178560 -0.30356681 2.34631681
v -0.07341095 -0.34490645 2.35163879
v -0.08885942 -0.35719848 2.36856389
v -0.05406011 -0.33536369 2.34045315
v -0.03632537 -0.32950091 2.33244681
v -0.01642926 -0.39527011 2.45530128
v -0.01220645 -0.38184440 2.46622038
v -0.03136900 -0.38591701 2.46776247
v -0.03597965 -0.39682537 2.45726252
v -0.05412051 -0.36825663 2.34772277
v -0.04315947 -0.35915405 2.34069061
v -0.03168528 -0.34666556 2.33665276
v -0.32077646 -0.29299724 2.42528677
v -0.34299785 -0.28367335 2.42745733
v -0.06315660 -0.41369891 2.39106917
v -0.06558223 -0.40233159 2.37805223
v -0.32215628 -0.29894608 2.44283748
v -0.34484100 -0.28861237 2.44444180
v -0.13759126 -0.37260169 2.38523173
v -0.14817823 -0.35074520 2.36830616
v -0.13652162 -0.34862226 2.36888814
v -0.05086842 -0.37188870 2.33815312
v -0.04147651 -0.36386907 2.33329701
v -0.20082931 0.19854712 2.45478463
v -0.19979715 0.20022267 2.41916561
v -0.14980529 -0.01939869 2.40996051
v -0.15355930 -0.02700078 2.43395901
v -0.03344677 -0.03159332 2.29971766
v -0.03311194 -0.00767699 2.30079556
v -0.01741221 -0.36081576 2.32009745
v -0.05659446 0.03641593 2.31083536
v -0.03441101 0.04130572 2.30711961
v -0.03362042 0.01601547 2.30370855
v -0.05517832 0.01300234 2.30861211
v -0.02610911 0.07533777 2.31012702
v -0.02722397 0.06459948 2.31001806
v -0.02812913 0.22841874 2.32537270
v -0.04042568 0.22730777 2.32741904
v -0.24338378 -0.29800463 2.38754606
v -0.24452014 -0.31881481 2.39273763
v -0.26021460 -0.31025058 2.39839411
v -0.25822574 -0.29083431 2.39197683
v -0.07525643 0.03175196 2.32017589
v -0.09346326 0.02688181 2.33540273
v -0.17110017 -0.21993375 2.40178490
v -0.17187464 -0.22631341 2.38333654
v -0.03221433 -0.12686175 2.30509710
v -0.07588588 -0.19117200 2.29362702
v -0.07573768 -0.20751238 2.29674888
v -0.09209224 -0.21016788 2.30033159
v -0.09148920 -0.19510114 2.29673386
v -0.01933898 0.30820674 2.41901946
v -0.22909276 -0.30972832 2.49252462
v -0.24164368 -0.30954689 2.49080348
v -0.24072117 -0.31945598 2.48594904
v -0.22842421 -0.32089430 2.48779058
v -0.05967155 0.33894467 2.40194297
v -0.06769313 0.35578495 2.41055393
v -0.03654194 0.31607008 2.48823929
v -0.02111837 0.31343940 2.47139430
v -0.16595708 0.35309947 2.33702016
v -0.15408148 0.32351947 2.33701730
v -0.17664947 0.38393533 2.33827376
v -0.18730859 0.41511959 2.33870530
v -0.26488435 0.60786706 2.38096595
v -0.28793359 0.63104934 2.38161850
v -0.33264869 0.71623653 2.40095544
v -0.34839898 0.74894005 2.40627098
v -0.36524343 0.78394353 2.41267419
v -0.38317138 0.81961375 2.41885424
v -0.40071046 0.85352403 2.42169642
v -0.34594429 -0.28664339 2.46208167
v -0.32250345 -0.29865932 2.46182132
v -0.32274115 -0.28848934 2.47839475
v -0.34684029 -0.27860594 2.47784925
v -0.28965932 -0.21514833 2.44947982
v -0.28867775 -0.22144967 2.43503380
v -0.30974969 -0.21376389 2.43745923
v -0.31030926 -0.20883328 2.45183659
v -0.33229524 -0.20103598 2.45432281
v -0.33455625 -0.20054334 2.46806192
v -0.31188595 -0.20737398 2.46575689
v -0.34185347 -0.22651857 2.49758172
v -0.34351143 -0.24073195 2.49965954
v -0.31855619 -0.24826652 2.49903035
v -0.31751984 -0.23091084 2.49607015
v -0.34624472 -0.26691139 2.49023819
v -0.32233492 -0.27501196 2.49083304
v -0.32061583 -0.26152134 2.49756074
v -0.34495780 -0.25377357 2.49735570
v -0.33353296 -0.22351074 2.41417742
v -0.33200470 -0.21249759 2.42607379
v -0.30970672 -0.22219497 2.42338848
v -0.31104714 -0.23271042 2.41137218
v -0.24610603 -0.33882952 2.40633917
v -0.26197457 -0.32725847 2.41148686
v -0.19092880 -0.25449514 2.39402890
v -0.19578589 -0.26719528 2.37865496
v -0.20748037 -0.26730376 2.38511562
v -0.19821182 -0.25436741 2.39994049
v -0.29612598 -0.29112577 2.40732121
v -0.27677369 -0.30100310 2.40300488
v -0.27910334 -0.31454629 2.41701722
v -0.29875579 -0.30280381 2.42181301
v -0.28865573 -0.24151862 2.40870953
v -0.28808302 -0.23064917 2.42113948
v -0.26673022 -0.23758006 2.41746044
v -0.26787826 -0.24877483 2.40486574
v -0.29278898 -0.22298980 2.48612809
v -0.27019557 -0.22670114 2.48178816
v -0.24033950 -0.27804029 2.38800406
v -0.25500980 -0.27102268 2.39259648
v -0.16758280 -0.21584052 2.38209963
v -0.17339276 -0.20192254 2.43806911
v -0.17546217 -0.21021181 2.43925953
v -0.13509530 -0.15623409 2.33501244
v -0.13761480 -0.16937917 2.32912087
v -0.16258116 -0.16139293 2.40798640
v -0.16603079 -0.17772341 2.41266418
v -0.14214016 -0.16241711 2.34204602
v -0.14195625 -0.17054772 2.33558893
v -0.09777349 -0.08519959 2.32911754
v -0.03351278 -0.33896756 2.33611083
v -0.27427602 -0.28278053 2.39572787
v -0.27036968 -0.26406962 2.39674449
v -0.23315388 -0.24922377 2.48684978
v -0.23359339 -0.24066502 2.48050380
v -0.24980149 -0.23903006 2.48567605
v -0.24881075 -0.25035292 2.49171257
v -0.12108568 -0.23712587 2.52711463
v -0.10438257 -0.22792971 2.53356600
v -0.11666258 -0.21322167 2.52685881
v -0.13014500 -0.22475809 2.52037406
v -0.24389832 -0.33370900 2.47300434
v -0.24932766 -0.33770639 2.46325445
v -0.23430152 -0.34649569 2.46180415
v -0.23069389 -0.33956426 2.47319078
v -0.25594360 -0.33968073 2.44869637
v -0.26127818 -0.33738238 2.43040681
v -0.24454354 -0.35016477 2.42615652
v -0.23917368 -0.35124993 2.44627810
v -0.17759924 0.18126336 2.50563431
v -0.18735965 0.17681041 2.47624302
v -0.14203219 0.06297356 2.38979316
v -0.12774141 0.07212991 2.37159967
v -0.10937365 0.15583760 2.35609889
v -0.07267413 0.28619441 2.34973764
v -0.05702469 0.30409309 2.36806250
v -0.08152172 0.37802565 2.41815710
v -0.19204681 0.17573157 2.44664073
v -0.10242596 0.40440226 2.42260385
v -0.12414469 0.43117326 2.42607379
v -0.15384758 0.42267519 2.49631763
v -0.17930236 0.41414678 2.50584936
v -0.15989383 0.38828695 2.51225305
v -0.13060327 0.39593911 2.50191069
v -0.20596659 0.40397471 2.50399280
v -0.18965432 0.37853551 2.51130080
v -0.25810218 0.45617503 2.34378529
v -0.34330210 0.69295949 2.50452495
v -0.37941870 0.71897370 2.50055194
v -0.36349195 0.68215561 2.50123024
v -0.36053422 0.72765023 2.50366426
v -0.38155448 0.67487830 2.48896623
v -0.36564231 0.64220613 2.48502278
v -0.40755796 0.71623337 2.41605210
v -0.37775105 0.76343125 2.49950123
v -0.39515465 0.75693846 2.49622297
v -0.41003805 0.75071263 2.48636889
v -0.39644077 0.71143359 2.48879743
v -0.05591405 0.32689154 2.39482117
v -0.20390514 0.23127443 2.38532758
v -0.18754621 0.20569918 2.38556075
v -0.13362408 0.21449825 2.35087824
v -0.11178519 0.23735222 2.34258151
v -0.11007795 0.00064608 2.35203028
v -0.12676312 -0.00477800 2.36896396
v -0.12744892 -0.04826701 2.36595654
v -0.14068224 -0.05431974 2.38517880
v -0.14027056 -0.03255105 2.38703489
v -0.12689480 -0.02589262 2.36795855
v -0.15392408 -0.06745583 2.43216586
v -0.15172103 -0.07439142 2.45835471
v -0.15030363 -0.05377114 2.45834279
v -0.15266171 -0.04691839 2.43304443
v -0.15071836 -0.03422463 2.45836020
v -0.14167987 -0.04076445 2.48134518
v -0.07377215 -0.08839190 2.53701687
v -0.09193098 -0.08233029 2.52932143
v -0.09321351 -0.10661983 2.53008294
v -0.07387974 -0.11426568 2.53704858
v -0.05470202 0.23032120 2.32984734
v -0.04763084 0.31154010 2.38521624
v -0.14372186 0.29645437 2.33828926
v -0.16025357 0.25578845 2.34357786
v -0.18565252 0.24100429 2.35906720
v -0.23382899 -0.23656851 2.43793130
v -0.16069919 -0.24249047 2.50508022
v -0.15822156 -0.25253159 2.50789070
v -0.27394754 -0.32717156 2.45327425
v -0.27896839 -0.32413316 2.43537998
v -0.24989460 -0.25487411 2.39986229
v -0.23094726 -0.32752973 2.38718009
v -0.22975512 -0.30494434 2.38149285
v -0.21661201 -0.31159830 2.37498212
v -0.13676499 0.16019517 2.36990285
v -0.16480769 0.16488054 2.38627911
v -0.14498219 0.17777961 2.36801744
v -0.01831731 0.31236807 2.45668435
v -0.09122086 0.26198193 2.34164572
v -0.14258760 0.45799446 2.42784381
v -0.15932706 0.48391008 2.42996526
v -0.17458157 0.50891948 2.43254066
v -0.18962324 0.53334463 2.43529844
v -0.20469217 0.55767947 2.43914557
v -0.22267222 0.58012825 2.44333053
v -0.24291700 0.60180002 2.44497347
v -0.26083156 0.62730879 2.45164537
v -0.28251094 0.69271827 2.45097375
v -0.28606260 0.68881255 2.46834660
v -0.27373397 0.65688711 2.46100640
v -0.29958194 0.72137511 2.47379541
v -0.31596959 0.75292057 2.47608805
v -0.33824542 0.78404725 2.47507644
v -0.37826625 0.85073996 2.47283244
v -0.35977471 0.81694239 2.47347474
v -0.01755200 0.30824611 2.43124676
v -0.01796893 0.31022692 2.44323397
v -0.12207049 -0.34510559 2.36894226
v -0.17522034 -0.22123933 2.42224145
v -0.17899576 -0.22590786 2.42482281
v -0.23481753 -0.26046544 2.39473963
v -0.29932702 -0.28221405 2.49105144
v -0.29959044 -0.29777372 2.48037553
v -0.24680816 -0.24345446 2.41320348
v -0.19322868 -0.24464363 2.41420484
v -0.18736699 -0.24284834 2.40961266
v -0.54065639 -0.22344834 2.42884731
v -0.54123950 -0.22609818 2.44292140
v -0.56054986 -0.21801353 2.43706393
v -0.55915064 -0.21458834 2.42419958
v -0.53804833 -0.21479690 2.41775632
v -0.55629557 -0.20602936 2.41439080
v -0.52667379 -0.15323758 2.43120575
v -0.52630806 -0.16331303 2.42002892
v -0.54691589 -0.15843809 2.41999078
v -0.54752320 -0.14931887 2.43123388
v -0.57139498 -0.18673652 2.40599108
v -0.56879425 -0.17503715 2.40664291
v -0.54974908 -0.18188685 2.40797520
v -0.55305111 -0.19450283 2.40857649
v -0.52928483 -0.15132719 2.46174502
v -0.53055412 -0.15979421 2.47363949
v -0.50941426 -0.16114938 2.47519898
v -0.50848621 -0.15317160 2.46173644
v -0.44353223 -0.18027943 2.42895293
v -0.44436592 -0.16874874 2.43874478
v -0.42765659 -0.17492044 2.43627048
v -0.42735225 -0.18737173 2.42767644
v -0.50208771 -0.24013132 2.43730140
v -0.50098228 -0.24048871 2.45302844
v -0.52121633 -0.23365581 2.44814301
v -0.52151716 -0.23204732 2.43313313
v -0.49090385 -0.20532197 2.41243887
v -0.48658332 -0.19003463 2.41490340
v -0.46613061 -0.19847858 2.41740751
v -0.46959886 -0.21390057 2.41550946
v -0.48130774 -0.24816358 2.44216156
v -0.48023903 -0.24597776 2.45756793
v -0.53043270 -0.18932331 2.40878582
v -0.52740121 -0.17561615 2.41254044
v -0.50706667 -0.18236977 2.41300178
v -0.51098096 -0.19694537 2.41001010
v -0.57077408 -0.14841664 2.45703363
v -0.57232511 -0.15688086 2.46638823
v -0.55156660 -0.15851676 2.47062278
v -0.55023646 -0.14987880 2.46008778
v -0.56734532 -0.16404516 2.41151595
v -0.56718695 -0.15409887 2.41958475
v -0.54761779 -0.16967547 2.41233420
v -0.57954484 -0.20297563 2.45660019
v -0.58005714 -0.20865208 2.44436693
v -0.56032205 -0.21583182 2.45122147
v -0.55911875 -0.20885569 2.46421719
v -0.48397753 -0.16388953 2.42997432
v -0.48431417 -0.17586094 2.42079854
v -0.50525236 -0.16896468 2.41994214
v -0.50519252 -0.15810466 2.43059111
v -0.49966288 -0.23266464 2.42396855
v -0.51945823 -0.22377950 2.42065716
v -0.53838313 -0.21412516 2.47095013
v -0.53986323 -0.22246265 2.45757031
v -0.51927483 -0.22806418 2.46273685
v -0.51725525 -0.21826750 2.47689795
v -0.49347329 -0.20682377 2.48940802
v -0.49093458 -0.19040436 2.48964167
v -0.51223081 -0.18896383 2.48658895
v -0.51479805 -0.20468402 2.48494959
v -0.46330824 -0.17163831 2.42965817
v -0.46422896 -0.16171527 2.44160438
v -0.48728952 -0.15569717 2.46080518
v -0.48819354 -0.16264296 2.47568059
v -0.46717888 -0.16445971 2.47456646
v -0.46596277 -0.15868801 2.45832443
v -0.43866876 -0.24453884 2.42470431
v -0.44240597 -0.25558090 2.43559694
v -0.45843410 -0.25033569 2.43201852
v -0.45486763 -0.23829722 2.42142105
v -0.46106794 -0.25506377 2.44724298
v -0.44164985 -0.25997949 2.45229220
v -0.41132164 -0.25837195 2.47266555
v -0.40929726 -0.24795359 2.48263001
v -0.42102069 -0.24477690 2.48004985
v -0.42479068 -0.25599533 2.46964264
v -0.45187926 -0.20808500 2.49835300
v -0.44844875 -0.19090933 2.49472618
v -0.46957150 -0.19093776 2.49248075
v -0.47239262 -0.20794421 2.49425912
v -0.42927352 -0.17579114 2.48451734
v -0.42998341 -0.16688442 2.46940565
v -0.44722971 -0.16574097 2.47219419
v -0.44722095 -0.17629409 2.48579335
v -0.37347254 -0.18823934 2.47353625
v -0.37209138 -0.18603784 2.45984054
v -0.38678432 -0.17951465 2.46074605
v -0.38855523 -0.18204021 2.47520208
v -0.37156332 -0.19797921 2.43128443
v -0.37323558 -0.20917565 2.42158890
v -0.38768941 -0.20413810 2.42321134
v -0.38558552 -0.19218236 2.43259525
v -0.38667810 -0.26577061 2.43155122
v -0.38689980 -0.27160603 2.44770384
v -0.39994663 -0.26873279 2.44617462
v -0.39933732 -0.26088005 2.43089962
v -0.43433353 -0.20848316 2.50062609
v -0.42773506 -0.19013542 2.49656987
v -0.39896592 -0.18667370 2.43352914
v -0.40026435 -0.19878036 2.42462635
v -0.41302478 -0.19299316 2.42600155
v -0.41266674 -0.18083376 2.43464041
v -0.40422577 -0.22860444 2.42193604
v -0.40792274 -0.24183482 2.42305565
v -0.41911849 -0.23743904 2.42347360
v -0.41720417 -0.22232926 2.42283034
v -0.41081345 -0.25707090 2.42996335
v -0.41202721 -0.26537305 2.44320226
v -0.42549208 -0.26160681 2.44014931
v -0.42279550 -0.25158209 2.42816758
v -0.41517487 -0.22272086 2.49717617
v -0.41429701 -0.20968288 2.50173545
v -0.42337841 -0.20979482 2.50196362
v -0.42452103 -0.22311938 2.49657202
v -0.41515270 -0.17658204 2.48111892
v -0.41489223 -0.16962188 2.46613121
v -0.43066803 -0.21484023 2.42301226
v -0.42889205 -0.20081872 2.42356181
v -0.41514525 -0.20724601 2.42261076
v -0.42610154 -0.26347089 2.45625615
v -0.37603748 -0.19456971 2.48486233
v -0.37841848 -0.20296258 2.49435210
v -0.36206889 -0.20810086 2.49282217
v -0.35987189 -0.19951266 2.48321557
v -0.35740757 -0.19389558 2.47174096
v -0.35569504 -0.19300747 2.45750189
v -0.35456771 -0.20427924 2.42909074
v -0.35593233 -0.21499497 2.41804600
v -0.35852087 -0.23049200 2.41096401
v -0.36133248 -0.24782330 2.41039944
v -0.37975505 -0.24139923 2.41619682
v -0.37621093 -0.22436517 2.41615367
v -0.36725041 -0.27842557 2.44659209
v -0.36564904 -0.27419937 2.42973661
v -0.36865252 -0.27574223 2.46292377
v -0.38679516 -0.26951540 2.46252751
v -0.39933166 -0.17745125 2.44666982
v -0.38564026 -0.18352395 2.44558406
v -0.53622955 -0.20163852 2.47999907
v -0.53352749 -0.18688148 2.48238540
v -0.55482894 -0.18401819 2.47696877
v -0.55760264 -0.19771564 2.47354770
v -0.57392544 -0.16834986 2.47076440
v -0.55303472 -0.17064196 2.47617078
v -0.53445625 -0.20294988 2.41062093
v -0.51544780 -0.21138239 2.41270661
v -0.57423455 -0.19764543 2.41035151
v -0.43354833 -0.22998303 2.42195368
v -0.44984844 -0.22248942 2.41905832
v -0.40722018 -0.23649883 2.49190259
v -0.39762449 -0.25065899 2.48531270
v -0.39659923 -0.23929632 2.49432564
v -0.45433736 -0.22533637 2.49092150
v -0.45593211 -0.23854572 2.47504926
v -0.43481141 -0.23891580 2.48034072
v -0.43664995 -0.22471499 2.49438691
v -0.40508974 -0.21009636 2.50065088
v -0.40613407 -0.22381359 2.49783874
v -0.39538118 -0.22622597 2.49874926
v -0.39385369 -0.21211290 2.49984407
v -0.39649695 -0.24774653 2.42243123
v -0.38333672 -0.25456977 2.42126679
v -0.38499820 -0.25400126 2.48698139
v -0.38630480 -0.26252687 2.47536182
v -0.36998650 -0.26809078 2.47725916
v -0.36864746 -0.25894123 2.48914099
v -0.39901254 -0.26016521 2.47405887
v -0.38378638 -0.24309576 2.49565458
v -0.36711454 -0.24797839 2.49686790
v -0.36369199 -0.26331216 2.41717458
v -0.38011655 -0.21578807 2.49941826
v -0.38226098 -0.22987068 2.49953508
v -0.36539978 -0.23486358 2.49994326
v -0.36352751 -0.22070795 2.49882102
v -0.53179199 -0.17266732 2.48033929
v -0.51048976 -0.17426836 2.48312235
v -0.42906898 -0.16614795 2.45145464
v -0.44618624 -0.16184670 2.45458031
v -0.41375500 -0.17157364 2.44853759
v -0.52792794 -0.14860916 2.44606829
v -0.54878217 -0.14625555 2.44571900
v -0.48545921 -0.15586883 2.44369268
v -0.50682169 -0.15182775 2.44530416
v -0.49565727 -0.22172350 2.48164558
v -0.40363017 -0.18695688 2.48886919
v -0.40254351 -0.17849302 2.47739673
v -0.41475293 -0.18624175 2.49264336
v -0.35358071 -0.19753075 2.44241166
v -0.37150624 -0.18992138 2.44436359
v -0.42063221 -0.19853073 2.50147152
v -0.33129993 -0.20567423 2.43996382
v -0.43899196 -0.25312585 2.46674967
v -0.41262990 -0.26522404 2.45872307
v -0.39983022 -0.26705128 2.46107960
v -0.57924521 -0.21010917 2.43090963
v -0.49566007 -0.22005230 2.41534805
v -0.44621012 -0.20740598 2.42077160
v -0.44412526 -0.19332927 2.42350698
v -0.40415967 -0.19693375 2.49780631
v -0.39236519 -0.19900805 2.49568272
v -0.39076012 -0.19014937 2.48630834
v -0.39269328 -0.23563433 2.42002845
v -0.39000195 -0.21900314 2.41919994
v -0.56922698 -0.14460289 2.44421768
v -0.40235758 -0.21337962 2.42095661
v -0.45881355 -0.25002903 2.46172285
v -0.01001752 -0.33595020 2.49385905
v -0.15793388 -0.14506429 2.40264583
v -0.12534097 -0.11109555 2.35474443
v -0.13824248 -0.11742717 2.37152004
v -0.17029513 -0.20443320 2.41837335
v -0.17268288 -0.21408629 2.41992879
v -0.18795559 -0.23374099 2.42584801
v -0.19531853 -0.23744935 2.42846060
v -0.16243775 -0.18169171 2.39228845
v -0.02519444 0.05222356 2.30979824
v -0.05043410 0.03825906 2.54714084
v -0.02478671 0.03978345 2.54616237
v -0.02939554 0.05921346 2.55333376
v -0.05501388 0.05846155 2.55370331
v -0.03237269 0.07941514 2.56337571
v -0.16641866 0.10597992 2.51651907
v -0.16114001 0.08424753 2.51306105
v -0.14656240 0.08755603 2.53560162
v -0.15126289 0.11115271 2.54026294
v -0.16527899 0.06647804 2.48664165
v -0.15464130 0.06537727 2.51063490
v -0.17108193 0.08392486 2.48684072
v -0.17535535 0.08801943 2.45893431
v -0.16946127 0.07039428 2.45927191
v -0.17373145 0.09590378 2.43247294
v -0.16769534 0.07747358 2.43293881
v -0.16563660 0.10534754 2.40868473
v -0.15093195 0.11491010 2.38860869
v -0.13311857 0.14190507 2.37185335
v -0.10873275 0.13476458 2.35712123
v -0.13027443 0.12451693 2.37156343
v -0.06630873 0.15237343 2.33566761
v -0.08689660 0.14486364 2.34485173
v -0.03081287 0.16057315 2.32502365
v -0.04799881 0.15729541 2.32928872
v -0.11855638 -0.32290858 2.35398626
v -0.10082263 -0.39687228 2.44989300
v -0.11309978 -0.39744693 2.42878819
v -0.08798975 -0.40271807 2.44270372
v -0.11663993 -0.34521168 2.50225616
v -0.12090364 -0.36279684 2.48795795
v -0.09810256 -0.35843045 2.49784970
v -0.09438133 -0.34287310 2.50765300
v -0.07513353 -0.39765316 2.45672607
v -0.06732155 -0.39997220 2.45308113
v -0.08439889 -0.39091313 2.46551991
v -0.04703373 -0.37889200 2.47869182
v -0.06675190 -0.38463163 2.47546148
v -0.15746777 -0.38634837 2.43399167
v -0.15421323 -0.37590075 2.45875955
v -0.16439120 -0.37360203 2.45415211
v -0.16975175 -0.38500834 2.43063641
v -0.14687939 -0.32991427 2.50009060
v -0.14396079 -0.31437528 2.50670409
v -0.15672871 -0.31539309 2.50246024
v -0.15850560 -0.33073878 2.49617171
v -0.20296222 -0.37424183 2.42219901
v -0.19692394 -0.37014544 2.44442558
v -0.20990126 -0.36656171 2.44353628
v -0.21595229 -0.36825997 2.42230511
v -0.15974911 -0.34643418 2.48563361
v -0.07536781 -0.23752242 2.54047823
v -0.11263217 -0.25068802 2.53118038
v -0.09505747 -0.24474949 2.53664207
v -0.15584259 -0.26323521 2.50923300
v -0.14378953 -0.26129460 2.51529980
v -0.14732024 -0.24914700 2.51361084
v -0.17828958 -0.26639295 2.49824357
v -0.16745842 -0.26491624 2.50342870
v -0.21377340 -0.28750992 2.37444758
v -0.20202516 -0.29089642 2.36752748
v -0.20325698 -0.31908762 2.37003994
v -0.19220091 -0.25670654 2.48691869
v -0.20193692 -0.25918490 2.48500085
v -0.20082280 -0.26538730 2.48753047
v -0.19009827 -0.26294953 2.48947024
v -0.14520341 -0.38832545 2.43613100
v -0.19305660 -0.35927773 2.46236753
v -0.19049147 -0.34788656 2.47563267
v -0.20361814 -0.34726048 2.47475743
v -0.20632002 -0.35771418 2.46134019
v -0.19007520 -0.33453476 2.48693180
v -0.18919000 -0.32021934 2.49402571
v -0.20196484 -0.32174408 2.49192214
v -0.20265217 -0.33508670 2.48517299
v -0.20136881 -0.27261955 2.49007750
v -0.18771209 -0.27062476 2.49222040
v -0.23210117 -0.34905005 2.40247250
v -0.18291663 -0.38029087 2.40008450
v -0.18042977 -0.36351383 2.37814379
v -0.16996111 -0.36956811 2.37904930
v -0.17188583 -0.38430774 2.40265417
v -0.21837623 -0.23713881 2.44678879
v -0.21601984 -0.24041975 2.43344712
v -0.21969113 -0.23551226 2.45898771
v -0.19487803 -0.24439263 2.48063350
v -0.22038572 -0.23683792 2.46848607
v -0.22087125 -0.26509643 2.39029169
v -0.22646905 -0.28351343 2.38254476
v -0.17757666 -0.33668119 2.36658812
v -0.16733475 -0.34406191 2.36669827
v -0.22968312 -0.36049557 2.42381191
v -0.22409762 -0.36011350 2.44464874
v -0.21809429 -0.26151115 2.48842859
v -0.23028347 -0.26429147 2.49289107
v -0.21681581 -0.26746005 2.49072409
v -0.18179093 -0.24000412 2.49097061
v -0.19368753 -0.25102574 2.48386407
v -0.18072200 -0.38250333 2.42692399
v -0.21920578 -0.35346276 2.46140146
v -0.21666390 -0.34378171 2.47481418
v -0.17880820 -0.33308870 2.48968315
v -0.17906179 -0.34706497 2.47861362
v -0.16914061 -0.34637558 2.48237157
v -0.16848476 -0.33179653 2.49281955
v -0.21487789 -0.32282072 2.49061584
v -0.21560192 -0.30886817 2.49427533
v -0.17794137 -0.31862205 2.49562025
v -0.16744243 -0.31705785 2.49843121
v -0.21630870 -0.27500916 2.49324751
v -0.15797414 -0.34919953 2.36767149
v -0.15645717 -0.32388747 2.35961556
v -0.14612065 -0.32581323 2.35884404
v -0.17746776 -0.30922353 2.35965443
v -0.16606763 -0.31798643 2.35951591
v -0.19030620 -0.29816353 2.36234927
v -0.13403796 -0.32458150 2.35713959
v -0.41398877 -0.19712859 2.50034499
v -0.24263974 -0.26737380 2.49567056
v -0.23232205 -0.25775146 2.49090314
v -0.24599956 -0.25999141 2.49438834
v -0.29662672 -0.27003837 2.49596953
v -0.41688439 -0.23429573 2.48971748
v -0.42479882 -0.23206478 2.48877788
v -0.47493976 -0.22400373 2.48645449
v -0.49797192 -0.23301113 2.46764398
v -0.47726727 -0.23684740 2.47118950
v -0.47939825 -0.24213958 2.42738700
v -0.47511908 -0.22932810 2.41795850
v -0.46383467 -0.18411678 2.42219043
v -0.46786359 -0.17611748 2.48597956
v -0.61302024 -0.19185066 2.40667295
v -0.61601949 -0.19624978 2.41750026
v -0.63432270 -0.18999171 2.41112590
v -0.63080591 -0.18448430 2.40142035
v -0.64428449 -0.16920996 2.39174461
v -0.62772596 -0.17527103 2.39645290
v -0.64760727 -0.17902887 2.39519548
v -0.64243972 -0.15913516 2.39308810
v -0.62579453 -0.16531694 2.39683342
v -0.64196926 -0.15043390 2.39822769
v -0.64251494 -0.14321989 2.40511441
v -0.62483293 -0.14815456 2.40738273
v -0.62472922 -0.15596628 2.40080452
v -0.62621373 -0.14230758 2.41578126
v -0.62803638 -0.13880616 2.42557406
v -0.60791796 -0.14123034 2.42760563
v -0.60662115 -0.14617604 2.41726327
v -0.65218669 -0.14037216 2.43933654
v -0.65403152 -0.14741409 2.44402027
v -0.63446724 -0.15043962 2.45033407
v -0.63235795 -0.14249301 2.44495416
v -0.61759025 -0.17379415 2.45635939
v -0.61564851 -0.16305810 2.45825243
v -0.63651556 -0.16020375 2.45177579
v -0.63800967 -0.17042941 2.45013523
v -0.65744746 -0.16740358 2.44558573
v -0.65744752 -0.17545861 2.43893814
v -0.63880169 -0.17887199 2.44434667
v -0.57720065 -0.20607787 2.41889286
v -0.59515715 -0.19891262 2.41288376
v -0.59215736 -0.19012523 2.40540361
v -0.58730334 -0.16826415 2.40490055
v -0.58928263 -0.17916381 2.40306830
v -0.60749084 -0.17183208 2.39976263
v -0.60608965 -0.16173923 2.40271950
v -0.56784749 -0.14651650 2.43079066
v -0.58691126 -0.15009660 2.41872382
v -0.58800370 -0.14395845 2.42937493
v -0.60593063 -0.15322936 2.40887308
v -0.58669281 -0.15847111 2.41056228
v -0.60966098 -0.14047503 2.43918896
v -0.63006967 -0.13854796 2.43597388
v -0.61824751 -0.19526148 2.42970109
v -0.61933547 -0.19084847 2.44125152
v -0.63840610 -0.18490481 2.43432331
v -0.63696861 -0.18933457 2.42299390
v -0.58952820 -0.14279079 2.44170523
v -0.59992355 -0.19697899 2.44866633
v -0.59937441 -0.20182663 2.43687987
v -0.61920172 -0.18378866 2.45081258
v -0.59908694 -0.18839502 2.45801592
v -0.65466505 -0.18491626 2.41710830
v -0.65171671 -0.18500054 2.40521932
v -0.59778988 -0.20319313 2.42424822
v -0.61162788 -0.14442974 2.44950581
v -0.61364615 -0.15274155 2.45622659
v -0.59298718 -0.15495759 2.46143007
v -0.59123743 -0.14654136 2.45338631
v -0.57588011 -0.18060374 2.47040987
v -0.59475595 -0.16577166 2.46457100
v -0.59685355 -0.17716229 2.46330762
v -0.65594059 -0.15690494 2.44623351
v -0.57853431 -0.19301194 2.46592569
v -0.71497518 -0.13840246 2.36463594
v -0.72342372 -0.14185441 2.36072707
v -0.72120011 -0.14094043 2.36960292
v -0.71116281 -0.13992685 2.37306237
v -0.68779838 -0.12363523 2.35734439
v -0.69815081 -0.12232423 2.34614515
v -0.70665771 -0.12093711 2.35284662
v -0.69795686 -0.12327093 2.36452556
v -0.71829933 -0.13688821 2.35659552
v -0.72545421 -0.14316863 2.35368085
v -0.73274994 -0.14923602 2.35039568
v -0.72393900 -0.14470595 2.35083103
v -0.73210180 -0.15617335 2.34894109
v -0.72806942 -0.16581315 2.35423160
v -0.74206012 -0.16821349 2.35307813
v -0.74055082 -0.16056287 2.34738326
v -0.73270679 -0.16966593 2.38236856
v -0.73432475 -0.16564012 2.39357996
v -0.74984223 -0.16478294 2.38817739
v -0.74739289 -0.16803831 2.37656188
v -0.74748510 -0.15231365 2.40661073
v -0.74956584 -0.15845323 2.39672565
v -0.73401159 -0.16050500 2.40193081
v -0.73263484 -0.15495175 2.41029239
v -0.70970833 -0.13915008 2.38214254
v -0.72007537 -0.13909352 2.37852430
v -0.72075701 -0.13645560 2.38449955
v -0.71031636 -0.13595170 2.38871622
v -0.72270423 -0.15172338 2.34950781
v -0.72389907 -0.13898391 2.34413338
v -0.72249770 -0.14272380 2.34233618
v -0.71683747 -0.15473115 2.34886622
v -0.67676651 -0.12872148 2.40492892
v -0.68747997 -0.12535805 2.40201640
v -0.69070816 -0.12145305 2.40795302
v -0.67879206 -0.12475216 2.41244698
v -0.66906583 -0.13449788 2.38581657
v -0.66248113 -0.14740038 2.38120818
v -0.66705787 -0.14391011 2.37184334
v -0.67288947 -0.12976623 2.37657523
v -0.67370981 -0.13855195 2.36163664
v -0.68251497 -0.13362324 2.35159326
v -0.67963839 -0.12583482 2.36720061
v -0.69458610 -0.13069999 2.34116960
v -0.69083869 -0.12018961 2.42207885
v -0.68164819 -0.12494171 2.42400551
v -0.77543914 -0.13124835 2.33936286
v -0.77490598 -0.13450909 2.33429384
v -0.77824074 -0.13109404 2.33355641
v -0.77897751 -0.12806207 2.33870363
v -0.68853533 -0.14738411 2.43709326
v -0.68646562 -0.13777488 2.43587422
v -0.69428998 -0.13656962 2.43483329
v -0.69606137 -0.14668798 2.43437672
v -0.70426035 -0.13524169 2.43393779
v -0.70553964 -0.14643627 2.43146777
v -0.78149444 -0.14236903 2.33137870
v -0.78575909 -0.14454973 2.33400965
v -0.78915507 -0.13943899 2.33126330
v -0.78458840 -0.13746899 2.32940459
v -0.73064303 -0.14133245 2.36511922
v -0.73196560 -0.14368457 2.35617614
v -0.73980260 -0.14578664 2.35121107
v -0.74650717 -0.14759684 2.34720254
v -0.74914354 -0.14337313 2.35161543
v -0.74147320 -0.14175773 2.35954380
v -0.73233175 -0.13821822 2.37660885
v -0.74318993 -0.13753819 2.37214303
v -0.74157566 -0.13501847 2.38040853
v -0.73125207 -0.13512909 2.38467002
v -0.74223703 -0.12329090 2.39814019
v -0.73368585 -0.12257230 2.40023661
v -0.73201656 -0.12707245 2.39569259
v -0.74196941 -0.12784576 2.39228916
v -0.76761591 -0.13012379 2.38242960
v -0.75970715 -0.12950057 2.38555717
v -0.75937831 -0.13253987 2.38063478
v -0.76671773 -0.13278389 2.37779760
v -0.68088216 -0.14970732 2.44000006
v -0.67877561 -0.14014733 2.43776989
v -0.75076258 -0.12563175 2.42479849
v -0.75474370 -0.13591170 2.42132545
v -0.74327517 -0.13833231 2.42266035
v -0.73902595 -0.12936175 2.42667842
v -0.69751096 -0.15635842 2.42962933
v -0.68994826 -0.15764904 2.43344808
v -0.78972769 -0.14453226 2.33869123
v -0.79283673 -0.13926685 2.33618855
v -0.68221301 -0.14889318 2.35242939
v -0.69505012 -0.14165258 2.34000969
v -0.67409164 -0.15456426 2.36486745
v -0.66420394 -0.16128570 2.38100481
v -0.66922480 -0.15810204 2.37432027
v -0.74775302 -0.14011556 2.36210608
v -0.72760808 -0.13968217 2.37395310
v -0.72083896 -0.13376087 2.38905191
v -0.71843189 -0.11810172 2.40660882
v -0.72609985 -0.11799592 2.40631104
v -0.72627455 -0.11478102 2.41369796
v -0.71852481 -0.11465287 2.41665697
v -0.74381346 -0.11490428 2.41627359
v -0.74660999 -0.11796844 2.42272949
v -0.73667490 -0.11970341 2.42476559
v -0.73570764 -0.11507660 2.41810894
v -0.72026414 -0.14566880 2.33778095
v -0.71047986 -0.15507078 2.34481525
v -0.68401694 -0.12952161 2.43147540
v -0.69243437 -0.12682259 2.43096089
v -0.67619020 -0.13362718 2.43261528
v -0.68442905 -0.12851459 2.39133573
v -0.69825363 -0.13309824 2.39131784
v -0.69888133 -0.13032949 2.39588690
v -0.68557119 -0.12766486 2.39759636
v -0.70215511 -0.13342577 2.37588549
v -0.69065595 -0.12524164 2.37438512
v -0.70789206 -0.13099569 2.36712575
v -0.67344892 -0.13159311 2.39732504
v -0.66510481 -0.13644832 2.39961529
v -0.66825300 -0.13334084 2.40826035
v -0.67084420 -0.13028449 2.41716957
v -0.67397434 -0.13039756 2.42618275
v -0.65617383 -0.13960814 2.40238500
v -0.65913171 -0.13600862 2.41080952
v -0.66210872 -0.13371605 2.42033124
v -0.66493452 -0.13397330 2.42893052
v -0.68170685 -0.16068596 2.43763208
v -0.67169893 -0.16420311 2.44187188
v -0.67048734 -0.15279710 2.44310665
v -0.66306603 -0.14164424 2.39098191
v -0.65523845 -0.14588398 2.39478564
v -0.65481699 -0.15440452 2.38784409
v -0.65704238 -0.16559905 2.38688469
v -0.72069442 -0.12469083 2.34143925
v -0.71736789 -0.12546176 2.34842062
v -0.71136832 -0.12135816 2.34367895
v -0.71592319 -0.12225032 2.33588886
v -0.74678856 -0.15369004 2.34443593
v -0.73959786 -0.15289974 2.34751558
v -0.74945748 -0.16067219 2.34522080
v -0.70122659 -0.11885220 2.40902495
v -0.70116812 -0.11743122 2.42096519
v -0.75289929 -0.14136684 2.35586357
v -0.76449925 -0.15347230 2.33891749
v -0.76940310 -0.15695715 2.34212899
v -0.78046507 -0.14948726 2.33732629
v -0.77603757 -0.14672840 2.33413577
v -0.76285815 -0.13873744 2.35074353
v -0.76815885 -0.14014506 2.35488486
v -0.76241487 -0.14195430 2.35745955
v -0.75742304 -0.14137423 2.35311437
v -0.76585096 -0.12521869 2.38872170
v -0.75888890 -0.12501985 2.39162111
v -0.75701886 -0.17021978 2.35983610
v -0.74403989 -0.17234784 2.36451197
v -0.76090950 -0.16222262 2.36930323
v -0.75133640 -0.12853867 2.38878226
v -0.74153453 -0.13155049 2.38695407
v -0.75096679 -0.13168424 2.38370490
v -0.75712663 -0.13928372 2.36553502
v -0.75081885 -0.13767147 2.36905670
v -0.75184137 -0.13951004 2.36333942
v -0.75615299 -0.14072722 2.35987854
v -0.72701663 -0.13189542 2.42985606
v -0.72456199 -0.11941206 2.42692852
v -0.77744383 -0.13863713 2.33141851
v -0.78062755 -0.13441175 2.33033252
v -0.66874254 -0.14344490 2.43995643
v -0.66716540 -0.13721311 2.43514490
v -0.73112655 -0.13150227 2.39045215
v -0.72987342 -0.17184049 2.36911106
v -0.72089314 -0.13028330 2.39363194
v -0.77003086 -0.12724781 2.39852381
v -0.77307844 -0.13358551 2.39877558
v -0.76611990 -0.13761926 2.40368748
v -0.76418608 -0.12860721 2.40387821
v -0.77868789 -0.13071460 2.34423971
v -0.78351063 -0.13260341 2.34757686
v -0.77814728 -0.13618016 2.35008478
v -0.77353412 -0.13417149 2.34634161
v -0.75879937 -0.14338058 2.34142971
v -0.75984794 -0.13980317 2.34595799
v -0.75370079 -0.14292729 2.34894800
v -0.75192618 -0.14648390 2.34460568
v -0.75306731 -0.15203905 2.34219813
v -0.76079822 -0.14872158 2.33912635
v -0.77521956 -0.15291071 2.35411382
v -0.77364731 -0.14558339 2.35626268
v -0.78334695 -0.14037085 2.35140729
v -0.78569585 -0.14591712 2.34799051
v -0.71904695 -0.15802562 2.41460991
v -0.71832812 -0.15168387 2.42223501
v -0.73183221 -0.14833516 2.41842413
v -0.74590057 -0.14497405 2.41507196
v -0.75827396 -0.14037353 2.41082907
v -0.76098579 -0.15003818 2.40282845
v -0.72999114 -0.14174819 2.42472720
v -0.76875705 -0.15367603 2.36705947
v -0.76677191 -0.14868879 2.36384702
v -0.76722229 -0.15697896 2.36005521
v -0.72159147 -0.12496138 2.39962149
v -0.77212280 -0.14270830 2.33398628
v -0.68111473 -0.17529660 2.39163113
v -0.68625361 -0.17641944 2.40463567
v -0.69567847 -0.17429984 2.40085530
v -0.68799102 -0.17312706 2.38557482
v -0.77058572 -0.13477230 2.34137106
v -0.76966572 -0.13769734 2.33645391
v -0.76869476 -0.12168324 2.39689517
v -0.76269811 -0.11998743 2.39995933
v -0.75965393 -0.12120569 2.39686918
v -0.76648867 -0.12229353 2.39340353
v -0.71715999 -0.14508408 2.42817807
v -0.76188874 -0.13065708 2.41857910
v -0.75852811 -0.11916471 2.42028975
v -0.69760400 -0.16404372 2.42169285
v -0.70665789 -0.15451795 2.42604184
v -0.70707059 -0.16125935 2.41853690
v -0.76428163 -0.15333468 2.38933086
v -0.72014850 -0.16303098 2.40705442
v -0.70758229 -0.16593552 2.41111350
v -0.69692719 -0.16943967 2.41357946
v -0.68853813 -0.17234409 2.41644001
v -0.68969971 -0.16653860 2.42505932
v -0.79101688 -0.14109349 2.34468269
v -0.78427660 -0.14967912 2.34220552
v -0.68078560 -0.16946769 2.42915630
v -0.67101711 -0.17279607 2.43431044
v -0.67959571 -0.17530978 2.42004466
v -0.66955966 -0.17784160 2.42440701
v -0.70755965 -0.17027110 2.40269923
v -0.70558792 -0.17306983 2.39236546
v -0.72024280 -0.16756153 2.39890432
v -0.71921945 -0.17097020 2.38807511
v -0.76415187 -0.16316682 2.38212776
v -0.78792042 -0.12852395 2.34588742
v -0.79408723 -0.12248033 2.34304500
v -0.79765421 -0.12512428 2.34134483
v -0.79233950 -0.13156009 2.34507012
v -0.78822690 -0.13618374 2.34798360
v -0.79424536 -0.13584876 2.34183216
v -0.71576750 -0.17235708 2.37340045
v -0.76296675 -0.14045691 2.36274004
v -0.69858664 -0.17112619 2.37424469
v -0.71534610 -0.16838074 2.35768366
v -0.70349604 -0.16621792 2.35579824
v -0.67899454 -0.16709888 2.37194037
v -0.68609476 -0.16289216 2.35907078
v -0.66884524 -0.17149740 2.38648295
v -0.67438322 -0.16916877 2.38096380
v -0.66056138 -0.17471331 2.39103889
v -0.69594008 -0.15542322 2.34580350
v -0.78244442 -0.12471658 2.33234835
v -0.78381515 -0.12216580 2.33781052
v -0.66478926 -0.18092346 2.39998865
v -0.67395246 -0.17747384 2.39586973
v -0.71352053 -0.12791979 2.35740972
v -0.71066558 -0.12943465 2.39663339
v -0.71099871 -0.12455839 2.40099835
v -0.71061689 -0.11838216 2.40761161
v -0.71075886 -0.11549950 2.41931653
v -0.66786766 -0.18191761 2.41248512
v -0.64482433 -0.13868284 2.41347980
v -0.64734852 -0.13638562 2.42301631
v -0.65626830 -0.18057269 2.42872930
v -0.78470504 -0.12776548 2.32848811
v -0.77184922 -0.13510376 2.37950063
v -0.77253973 -0.13522762 2.38141847
v -0.70561278 -0.12343198 2.33777857
v -0.71216303 -0.12518096 2.33107090
v -0.70322949 -0.13077456 2.33343863
v -0.70468783 -0.13976932 2.33249593
v -0.71394992 -0.13842833 2.32807541
v -0.71206611 -0.13069528 2.32835197
v -0.69979095 -0.12710756 2.39908600
v -0.70106930 -0.12330848 2.40300441
v -0.71335113 -0.12184709 2.42981315
v -0.71534818 -0.13405341 2.43245769
v -0.75648701 -0.15819490 2.34256291
v -0.75330466 -0.16647673 2.34994698
v -0.76075137 -0.16197634 2.34651923
v -0.77294981 -0.15763688 2.34838033
v -0.76749802 -0.14742523 2.35957861
v -0.76606548 -0.14454544 2.36153936
v -0.68625468 -0.12729025 2.38332224
v -0.69894326 -0.13446641 2.38415313
v -0.72047251 -0.13410068 2.35075712
v -0.72332942 -0.13175225 2.34539175
v -0.75024712 -0.13499242 2.37671399
v -0.77363038 -0.14848495 2.38010502
v -0.77195412 -0.15568912 2.37510896
v -0.75804585 -0.13616115 2.37351489
v -0.79362255 -0.13134754 2.32812309
v -0.78870541 -0.12978047 2.32688713
v -0.76446432 -0.16365886 2.35373306
v -0.75096118 -0.12413841 2.39498854
v -0.77147514 -0.14474875 2.38717294
v -0.77416867 -0.14132273 2.38055468
v -0.75220346 -0.11562288 2.41930270
v -0.67788744 -0.17864567 2.40827990
v -0.78785270 -0.12110525 2.34217691
v -0.78257263 -0.12690061 2.34362936
v -0.79865712 -0.12834096 2.33801937
v -0.79706949 -0.13121635 2.33292770
v -0.70267397 -0.12427539 2.43080950
v -0.71060252 -0.13284540 2.39294672
v -0.64985859 -0.13663989 2.43217468
v -0.71682835 -0.14482081 2.33187914
v -0.70696658 -0.14833993 2.33737040
v -0.76379287 -0.13669264 2.37082458
v -0.76339573 -0.13168204 2.41055489
v -0.77641046 -0.14050263 2.39424324
v -0.77661932 -0.14173162 2.38647223
v -0.76928270 -0.14524102 2.39835453
v -0.77605438 -0.13813388 2.38212609
v -0.80200368 -0.12211162 2.33483934
v -0.80033416 -0.12478238 2.33033395
v -0.79623622 -0.12494832 2.32572651
v -0.79136634 -0.12407190 2.32550311
v -0.78742766 -0.12253100 2.32760334
v -0.80091166 -0.11914468 2.33824515
v -0.79736751 -0.11696172 2.34003258
v -0.79112089 -0.11651289 2.34035039
v -0.80259186 -0.11380005 2.33529615
v -0.80442053 -0.11553591 2.33099747
v -0.80097550 -0.11496711 2.32234979
v -0.80149430 -0.11125642 2.32064581
v -0.79799640 -0.11231935 2.31970429
v -0.79823762 -0.11809969 2.32217169
v -0.79911119 -0.10705733 2.31866884
v -0.80278194 -0.10676813 2.31927967
v -0.80317569 -0.11547124 2.32512712
v -0.80477434 -0.11087871 2.32362580
v -0.80693406 -0.10497844 2.32583404
v -0.80610532 -0.10604537 2.32206130
v -0.80555141 -0.10953939 2.32741499
v -0.80455381 -0.11357653 2.32799339
v -0.80229563 -0.11907142 2.32658982
v -0.80681795 -0.10201776 2.32070017
v -0.80458802 -0.09953964 2.32134390
v -0.80118161 -0.10256696 2.31876016
v -0.80383074 -0.10357463 2.31864238
v -0.79252177 -0.11871362 2.32320213
v -0.79427379 -0.11217207 2.32110143
v -0.79597872 -0.10628384 2.32033491
v -0.79850775 -0.10168022 2.32058597
v -0.79411441 -0.10497916 2.32287073
v -0.79157692 -0.11051935 2.32367373
v -0.79669005 -0.10129690 2.32332611
v -0.79385197 -0.10351121 2.32581854
v -0.79075956 -0.10828400 2.32719183
v -0.78749734 -0.11578077 2.32994390
v -0.78884715 -0.11791879 2.32604933
v -0.79592746 -0.10130674 2.32536507
v -0.80195826 -0.09874612 2.32325244
v -0.80542833 -0.10917521 2.33071661
v -0.80632442 -0.10390610 2.32868433
v -0.80380189 -0.10802382 2.33312249
v -0.80460614 -0.10288996 2.33067536
v -0.80804831 -0.10188144 2.32421827
v -0.80683625 -0.10015303 2.32582927
v -0.78525150 -0.12025821 2.33164120
v -0.78710169 -0.11787361 2.33701086
v -0.78925782 -0.11346084 2.33481956
v -0.79240882 -0.10633254 2.33181477
v -0.79357272 -0.11224324 2.33769083
v -0.79915565 -0.11214209 2.33733654
v -0.80097532 -0.10670853 2.33445954
v -0.79666752 -0.10598570 2.33469439
v -0.79860657 -0.10177654 2.33151269
v -0.80176753 -0.10209852 2.33171535
v -0.79553801 -0.10208029 2.32904625
v -0.80163854 -0.09942168 2.32874584
v -0.80448073 -0.09939116 2.32746077
v -0.79942793 -0.10000247 2.32924271
v -0.79769671 -0.10025859 2.32713509
v -0.79968816 -0.09929508 2.32540894
v -0.78623432 -0.12143153 2.35943270
v -0.78611642 -0.12460756 2.35502839
v -0.78894728 -0.11895901 2.35226202
v -0.78893083 -0.11564952 2.35692406
v -0.79281312 -0.13154161 2.35153198
v -0.79830348 -0.13427085 2.35393500
v -0.80068642 -0.12716854 2.35019946
v -0.79502898 -0.12469631 2.34842634
v -0.80192286 -0.13341689 2.36042929
v -0.80425829 -0.12636161 2.35651445
v -0.77491093 -0.14395535 2.36067414
v -0.77838856 -0.14820826 2.36350012
v -0.79230458 -0.14086533 2.35776401
v -0.78743058 -0.13762939 2.35501909
v -0.77273339 -0.13056248 2.37306190
v -0.77683198 -0.13128924 2.37627697
v -0.78857321 -0.12801433 2.35249496
v -0.79103988 -0.12174672 2.34958267
v -0.78831977 -0.11973149 2.36382866
v -0.79229194 -0.11985862 2.36715603
v -0.78749967 -0.12555373 2.37046337
v -0.78362733 -0.12487775 2.36703753
v -0.76946115 -0.13617319 2.36164045
v -0.77046573 -0.13279605 2.36740160
v -0.77181423 -0.14014792 2.36000633
v -0.78339803 -0.14326024 2.37544155
v -0.78155065 -0.13647878 2.37745476
v -0.79240352 -0.12887090 2.37175560
v -0.79597151 -0.13444543 2.36977792
v -0.78361201 -0.13397884 2.35556078
v -0.78131407 -0.12676346 2.36227584
v -0.78113621 -0.13003260 2.35767365
v -0.80099803 -0.12733549 2.36591005
v -0.79552382 -0.14021480 2.36429739
v -0.79516947 -0.11353338 2.36415648
v -0.79888374 -0.10542852 2.35992289
v -0.80298787 -0.10801929 2.35894823
v -0.79968137 -0.11580604 2.36376309
v -0.79683810 -0.12227356 2.36757755
v -0.80349737 -0.12041390 2.36172199
v -0.79198509 -0.10933810 2.34876561
v -0.79227263 -0.10644305 2.35374975
v -0.79404384 -0.11192423 2.34559870
v -0.78222114 -0.14915967 2.36977267
v -0.80316001 -0.11661303 2.34574509
v -0.79778701 -0.11434942 2.34453511
v -0.79442078 -0.10484815 2.35806775
v -0.79087991 -0.11374581 2.36129618
v -0.80595779 -0.11164987 2.35640550
v -0.80630821 -0.11600971 2.35124373
v -0.80728608 -0.10441035 2.35207796
v -0.80797166 -0.10810989 2.34754848
v -0.80480093 -0.10888255 2.34254336
v -0.79952937 -0.10799301 2.34212780
v -0.79583305 -0.10652447 2.34386420
v -0.80481517 -0.10148203 2.35472846
v -0.80122721 -0.09980971 2.35628152
v -0.79675025 -0.09987044 2.35553455
v -0.80438668 -0.09393126 2.35133719
v -0.80731642 -0.09551889 2.34804702
v -0.80519152 -0.09298044 2.33730388
v -0.80525839 -0.08807170 2.33484721
v -0.80210990 -0.08905095 2.33425713
v -0.80270708 -0.09497982 2.33617210
v -0.80586803 -0.09651649 2.33932304
v -0.80453414 -0.10045141 2.33920455
v -0.80730408 -0.09557176 2.34210205
v -0.80760282 -0.09105682 2.34013629
v -0.80779940 -0.08391666 2.34130573
v -0.80817777 -0.08560210 2.33753228
v -0.80695766 -0.08920038 2.34351063
v -0.80707341 -0.09341240 2.34468317
v -0.80279523 -0.08338463 2.33362818
v -0.80543804 -0.08404332 2.33351564
v -0.80806589 -0.09991288 2.34388065
v -0.79956937 -0.10233456 2.33974504
v -0.79901683 -0.09554636 2.33688879
v -0.79888797 -0.08877629 2.33520508
v -0.79978389 -0.08288437 2.33512354
v -0.79625064 -0.08783007 2.33715320
v -0.79561806 -0.09447557 2.33892798
v -0.79770046 -0.08296162 2.33727646
v -0.79493254 -0.08617675 2.33997989
v -0.79343480 -0.09233791 2.34224725
v -0.79382348 -0.10024559 2.34555936
v -0.79580152 -0.10200000 2.34194326
v -0.79657620 -0.08320707 2.33918619
v -0.80503172 -0.07913136 2.33546996
v -0.80193824 -0.07909018 2.33710670
v -0.80815470 -0.08081049 2.33494616
v -0.80560774 -0.08859485 2.34570074
v -0.80573708 -0.08303159 2.34302568
v -0.80403787 -0.08739585 2.34793663
v -0.80403519 -0.08188999 2.34463072
v -0.80822390 -0.08015776 2.33899450
v -0.80623490 -0.07896519 2.33986187
v -0.79409266 -0.10442120 2.34728098
v -0.79441506 -0.10177499 2.35192394
v -0.79401606 -0.09762514 2.35003304
v -0.79402822 -0.08961827 2.34657812
v -0.79657626 -0.09534776 2.35321259
v -0.80078501 -0.09368825 2.35309601
v -0.80106503 -0.08718836 2.34942150
v -0.79713482 -0.08779925 2.34935188
v -0.79817092 -0.08282024 2.34585643
v -0.80142432 -0.08202970 2.34570551
v -0.79543185 -0.08416378 2.34346056
v -0.80090600 -0.07923311 2.34224296
v -0.80352861 -0.07849252 2.34097290
v -0.79866391 -0.08054948 2.34315157
v -0.79728657 -0.08143157 2.34101295
v -0.79925948 -0.07994503 2.33898044
v -0.78554767 -0.11408788 2.37646317
v -0.78686970 -0.11796951 2.37273836
v -0.78854865 -0.11403328 2.36971116
v -0.78680730 -0.10999691 2.37352753
v -0.79372597 -0.12426120 2.37159586
v -0.79684275 -0.12629998 2.37433195
v -0.79872805 -0.11941439 2.37058473
v -0.79575533 -0.11859238 2.36828423
v -0.79914254 -0.12436551 2.37993479
v -0.80083734 -0.11730838 2.37478113
v -0.78022343 -0.13435400 2.37996268
v -0.78283638 -0.13764024 2.38343501
v -0.79216152 -0.13183188 2.37796903
v -0.78919542 -0.12900615 2.37448192
v -0.78997320 -0.12125593 2.37124228
v -0.79211938 -0.11661655 2.36807537
v -0.78651977 -0.11145771 2.38028860
v -0.78910214 -0.11105084 2.38291740
v -0.78450477 -0.11529130 2.38681555
v -0.78224415 -0.11562800 2.38392401
v -0.77210873 -0.12314641 2.38535810
v -0.77350289 -0.12687945 2.38135576
v -0.77663803 -0.13061106 2.37961960
v -0.78200167 -0.12962604 2.39441991
v -0.77816474 -0.12386358 2.39445519
v -0.78872365 -0.11801064 2.38889766
v -0.79281533 -0.12412488 2.38872695
v -0.78577191 -0.12532592 2.37419057
v -0.78112918 -0.11750042 2.37929773
v -0.78254741 -0.12159836 2.37562633
v -0.79766506 -0.11834848 2.38405895
v -0.79350191 -0.13021970 2.38418365
v -0.79076177 -0.10658413 2.38015699
v -0.79459149 -0.09912038 2.37360215
v -0.79882735 -0.10082567 2.37358236
v -0.79553765 -0.10839832 2.38083076
v -0.79331696 -0.11316824 2.38483620
v -0.79952711 -0.11276436 2.37917328
v -0.79066557 -0.10673058 2.36450839
v -0.78936440 -0.10309106 2.36823845
v -0.79425281 -0.10907733 2.36290574
v -0.78392702 -0.13603437 2.38977885
v -0.77455539 -0.11986530 2.39276576
v -0.80134100 -0.11059284 2.36426592
v -0.79789621 -0.11041415 2.36269140
v -0.79082268 -0.10011208 2.37196922
v -0.78776258 -0.10727167 2.37754917
v -0.80236977 -0.10445344 2.37186670
v -0.80347693 -0.10892475 2.36826396
v -0.80367619 -0.09864116 2.36684752
v -0.80500108 -0.10286808 2.36315012
v -0.80297393 -0.10499537 2.35931587
v -0.79905367 -0.10537690 2.35837197
v -0.79540634 -0.10463905 2.35911655
v -0.79943705 -0.09560573 2.36835623
v -0.79535544 -0.09494984 2.36859894
v -0.79224998 -0.09670800 2.36774540
v -0.79836899 -0.09131956 2.36494327
v -0.80235386 -0.09335703 2.36218596
v -0.80217946 -0.09346282 2.35085821
v -0.80255550 -0.08991951 2.34726810
v -0.80076516 -0.09106672 2.34631300
v -0.80104756 -0.09514511 2.34990311
v -0.80302316 -0.09610617 2.35382152
v -0.80265629 -0.09911764 2.35470223
v -0.80381775 -0.09471190 2.35659003
v -0.80383176 -0.09107810 2.35347366
v -0.80233043 -0.08539629 2.35351562
v -0.80411136 -0.08738571 2.34993672
v -0.80190521 -0.08903056 2.35696173
v -0.80285144 -0.09228027 2.35897923
v -0.80125785 -0.08715087 2.34425497
v -0.80289823 -0.08713937 2.34533787
v -0.80418819 -0.09765887 2.35908747
v -0.79901212 -0.10114139 2.35427475
v -0.79822004 -0.09636116 2.34984016
v -0.79791439 -0.09170657 2.34614229
v -0.79797202 -0.08731753 2.34473538
v -0.79490238 -0.09152907 2.34764504
v -0.79485297 -0.09622341 2.35107780
v -0.79513139 -0.08756870 2.34643888
v -0.79276246 -0.09046650 2.34972239
v -0.79201490 -0.09495747 2.35318875
v -0.79245579 -0.09980059 2.35818720
v -0.79530406 -0.10108858 2.35565186
v -0.79366237 -0.08778179 2.34832287
v -0.80173165 -0.08309150 2.34612274
v -0.79827386 -0.08295339 2.34694052
v -0.80411041 -0.08441925 2.34704590
v -0.80045182 -0.08796614 2.35919714
v -0.80043441 -0.08412951 2.35515666
v -0.79762322 -0.08723181 2.36052418
v -0.79798776 -0.08353591 2.35604858
v -0.80299968 -0.08314276 2.35056090
v -0.80135262 -0.08208680 2.35100389
v -0.79252571 -0.10276949 2.36140728
v -0.79109997 -0.09981054 2.36480832
v -0.79075092 -0.09729660 2.36139202
v -0.79043478 -0.09209096 2.35620761
v -0.79145557 -0.09416395 2.36437798
v -0.79445690 -0.09167051 2.36493826
v -0.79456717 -0.08754838 2.36052179
v -0.79157561 -0.08921504 2.35929489
v -0.79283977 -0.08561283 2.35530591
v -0.79527920 -0.08406657 2.35622835
v -0.79164523 -0.08800918 2.35237432
v -0.79567409 -0.08270586 2.35205126
v -0.79841173 -0.08176982 2.35154366
v -0.79374355 -0.08409584 2.35237312
v -0.79342717 -0.08557177 2.34990501
v -0.79536086 -0.08412278 2.34829283
v -0.77280289 -0.12090504 2.38964415
v -0.77303052 -0.10578036 2.39732003
v -0.77419621 -0.10900247 2.39474535
v -0.77611345 -0.10564208 2.39234161
v -0.77463329 -0.10274976 2.39501858
v -0.78023559 -0.11481452 2.39491940
v -0.78320599 -0.11514771 2.39812446
v -0.78525025 -0.10986030 2.39475727
v -0.78251785 -0.10994738 2.39175391
v -0.78408009 -0.11200249 2.40293479
v -0.78565294 -0.10707265 2.39907074
v -0.76792604 -0.12416553 2.40276003
v -0.76941407 -0.12630379 2.40747070
v -0.77867728 -0.11981630 2.40202546
v -0.77592534 -0.11898822 2.39821291
v -0.76165408 -0.10770386 2.40728235
v -0.76328927 -0.10772324 2.41136503
v -0.75686705 -0.11154407 2.41491318
v -0.75375324 -0.11219710 2.41172409
v -0.77681029 -0.11247039 2.39389038
v -0.77912354 -0.10812044 2.39123297
v -0.77305609 -0.10303259 2.40039301
v -0.77457398 -0.10146707 2.40361691
v -0.77174121 -0.10386020 2.40652323
v -0.76995385 -0.10488832 2.40270305
v -0.76245636 -0.11408752 2.40170765
v -0.76199311 -0.10992265 2.40341830
v -0.75389534 -0.11329645 2.40680408
v -0.75726753 -0.11653942 2.40308213
v -0.76544040 -0.11819530 2.40131617
v -0.76782447 -0.11551642 2.41640425
v -0.76531118 -0.11027277 2.41452670
v -0.77469778 -0.10584843 2.40946746
v -0.77813095 -0.11068690 2.40998721
v -0.77352804 -0.11545676 2.39676833
v -0.76962143 -0.10801500 2.39953709
v -0.77125674 -0.11137736 2.39708161
v -0.78153366 -0.10670120 2.40567756
v -0.77956825 -0.11717772 2.40740418
v -0.77604318 -0.09808189 2.40107918
v -0.77910078 -0.09268939 2.39673376
v -0.78225869 -0.09320414 2.39774895
v -0.77957791 -0.09893602 2.40289450
v -0.77790993 -0.10247886 2.40583897
v -0.78342146 -0.10213673 2.40217972
v -0.77891284 -0.10032064 2.38804221
v -0.77696532 -0.09757859 2.39107442
v -0.78188854 -0.10240209 2.38697076
v -0.76940447 -0.12394762 2.41384649
v -0.78807622 -0.10323244 2.38964653
v -0.78523958 -0.10347706 2.38720322
v -0.77715671 -0.09466845 2.39416647
v -0.77466744 -0.09997940 2.39803982
v -0.78575748 -0.09591025 2.39689755
v -0.78826290 -0.10045600 2.39382124
v -0.78770596 -0.09145093 2.39277458
v -0.79075748 -0.09617633 2.38981295
v -0.78992194 -0.09943676 2.38624406
v -0.78682679 -0.10032046 2.38427901
v -0.78344506 -0.09959847 2.38436937
v -0.78389752 -0.08892161 2.39351487
v -0.78078288 -0.08940858 2.39263535
v -0.77913696 -0.09177876 2.39073753
v -0.78529042 -0.08651328 2.38943839
v -0.78960091 -0.08848548 2.38822436
v -0.79283315 -0.09211385 2.37893510
v -0.79381913 -0.09004533 2.37583709
v -0.79247421 -0.09081227 2.37463236
v -0.79178816 -0.09371531 2.37795663
v -0.79246360 -0.09372872 2.38217950
v -0.79145879 -0.09614384 2.38293695
v -0.79230422 -0.09188426 2.38465953
v -0.79369122 -0.08973879 2.38134289
v -0.79313266 -0.08387601 2.37982225
v -0.79528159 -0.08737457 2.37823009
v -0.79210657 -0.08616489 2.38333321
v -0.79148358 -0.08872992 2.38566637
v -0.79363853 -0.08775997 2.37242222
v -0.79497218 -0.08805203 2.37388182
v -0.79158109 -0.09351861 2.38705826
v -0.78849584 -0.09788024 2.38180923
v -0.78965074 -0.09446371 2.37721491
v -0.79057324 -0.09071350 2.37338996
v -0.79128879 -0.08693558 2.37169266
v -0.78805602 -0.09028137 2.37394047
v -0.78686267 -0.09425408 2.37771773
v -0.78887367 -0.08679044 2.37255216
v -0.78592771 -0.08936888 2.37529469
v -0.78404540 -0.09300405 2.37896276
v -0.78206187 -0.09625143 2.38325977
v -0.78524917 -0.09778416 2.38205409
v -0.78723818 -0.08699083 2.37366199
v -0.79413265 -0.08388937 2.37343383
v -0.79135561 -0.08358288 2.37289429
v -0.79605061 -0.08505946 2.37527657
v -0.79002070 -0.08459526 2.38437605
v -0.79128635 -0.08209276 2.38008428
v -0.78702325 -0.08394867 2.38485050
v -0.78880745 -0.08167195 2.37972736
v -0.79436195 -0.08285242 2.37725782
v -0.79281884 -0.08165312 2.37632370
v -0.78036422 -0.09782445 2.38556862
v -0.77883071 -0.09480685 2.38808775
v -0.78007990 -0.09319603 2.38538790
v -0.78209978 -0.09033543 2.38078737
v -0.78029519 -0.08985585 2.38747501
v -0.78201526 -0.08731687 2.38893986
v -0.78431970 -0.08453190 2.38408256
v -0.78221828 -0.08680069 2.38260460
v -0.78475827 -0.08450782 2.37803960
v -0.78644538 -0.08255720 2.37901497
v -0.78455031 -0.08723253 2.37663054
v -0.78821105 -0.08269429 2.37536526
v -0.79031116 -0.08167768 2.37557364
v -0.78667474 -0.08388877 2.37550378
v -0.78696185 -0.08530021 2.37433243
v -0.78894979 -0.08420372 2.37331128
v -0.75970888 -0.11327511 2.41702843
v -0.73193181 -0.13891309 2.33651209
v -0.73026341 -0.14128572 2.33210135
v -0.72611856 -0.12248230 2.33588600
v -0.72972602 -0.12835270 2.33888602
v -0.72231990 -0.12064451 2.33009791
v -0.72116578 -0.12864745 2.32236290
v -0.72089231 -0.12382120 2.32535148
v -0.73172832 -0.13427263 2.33878064
v -0.72753364 -0.14094710 2.32701302
v -0.72329623 -0.13557082 2.32260585
v -0.73524940 -0.13581109 2.32008290
v -0.73129523 -0.13036847 2.31643200
v -0.72817731 -0.12242401 2.31770706
v -0.72747701 -0.11918277 2.32221222
v -0.72773641 -0.11777532 2.32774711
v -0.73750794 -0.13848889 2.32668924
v -0.73827523 -0.13714671 2.33154798
v -0.73695987 -0.13260579 2.33481622
v -0.74501765 -0.13403714 2.32108569
v -0.74622697 -0.12880075 2.31452870
v -0.74487603 -0.11415219 2.31164670
v -0.74881041 -0.11251670 2.30996799
v -0.74814373 -0.10995144 2.31362319
v -0.74311095 -0.11152601 2.31517768
v -0.74258786 -0.11640602 2.31264997
v -0.73845434 -0.11545384 2.31562185
v -0.74771702 -0.11950129 2.30908275
v -0.74473101 -0.12116361 2.31132269
v -0.74764329 -0.12499720 2.31140280
v -0.75111359 -0.12467384 2.30997252
v -0.75149673 -0.11732322 2.30689430
v -0.75520188 -0.11520100 2.30705571
v -0.75249982 -0.11184633 2.30880713
v -0.75323611 -0.11046612 2.31180644
v -0.74154687 -0.12319273 2.31283903
v -0.73434049 -0.11347634 2.32169175
v -0.74162030 -0.11013687 2.32003450
v -0.74851185 -0.10910153 2.31811118
v -0.75405931 -0.11090851 2.31607008
v -0.74955863 -0.11083823 2.32293630
v -0.74220574 -0.11105132 2.32568932
v -0.75435513 -0.11277330 2.32026362
v -0.75097835 -0.11451048 2.32556629
v -0.74446464 -0.11533332 2.32954168
v -0.73520786 -0.11788625 2.33278561
v -0.73331296 -0.11414939 2.32782483
v -0.75413620 -0.11481512 2.32269502
v -0.75790483 -0.11419064 2.31000996
v -0.75821292 -0.11518556 2.31459403
v -0.75240350 -0.12758708 2.31356120
v -0.75659412 -0.12489694 2.31168079
v -0.75451213 -0.12260413 2.30818558
v -0.75246912 -0.12990177 2.31840706
v -0.75736976 -0.12584311 2.31618023
v -0.75682592 -0.11959833 2.30719137
v -0.75884837 -0.12039983 2.31017900
v -0.73038000 -0.12028152 2.33331776
v -0.73412853 -0.12626874 2.33561730
v -0.73905176 -0.12441355 2.33418703
v -0.74716508 -0.12137592 2.33016038
v -0.74282503 -0.13043404 2.33220315
v -0.74467707 -0.13469106 2.32710791
v -0.75219810 -0.12980640 2.32351899
v -0.75016350 -0.12681812 2.32801127
v -0.75508970 -0.12309033 2.32402062
v -0.75676131 -0.12518358 2.32071447
v -0.75309598 -0.11897683 2.32569098
v -0.75830293 -0.12080777 2.31894207
v -0.75931668 -0.12084103 2.31476831
v -0.75674742 -0.12050301 2.32156563
v -0.75578493 -0.11762238 2.32204199
v -0.75722224 -0.11646295 2.31883240
v -0.74941146 -0.11401761 2.41417599
v -0.74940866 -0.11518127 2.40789413
v -0.74321085 -0.11606723 2.40994859
v -0.73511982 -0.11502999 2.41163254
v -0.72836697 -0.11490762 2.41956306
v -0.73465037 -0.11829478 2.40539598
v -0.74312985 -0.11902738 2.40386915
v -0.75193566 -0.11881614 2.40099645
v -0.72708535 -0.12165689 2.40180564
v -0.02317662 -0.29641920 2.32242465
v -0.02412291 -0.27884775 2.31710052
v -0.29039070 -0.25616622 2.40053797
v -0.29316092 -0.27382588 2.39915514
v -0.29937911 -0.31141859 2.43996596
v -0.29523206 -0.31338739 2.46235800
v -0.07480047 0.00876790 2.31888247
v -0.10973191 -0.07509971 2.51775503
v -0.11131509 -0.09776652 2.51956892
v -0.03266133 -0.09715116 2.54028392
v -0.05325804 -0.09312570 2.54098225
v -0.14919177 -0.03990400 2.40911269
v -0.14989777 -0.06096488 2.40745401
v -0.11078508 -0.02083707 2.35090065
v -0.11252867 -0.04342049 2.34852123
v -0.14057600 -0.01213282 2.38824987
v -0.07633671 -0.03690153 2.53802061
v -0.09552891 -0.03452742 2.53135943
v -0.09138019 -0.05772817 2.52935958
v -0.07295657 -0.06166416 2.53725863
v -0.01244523 -0.09964132 2.53508019
v -0.01307498 -0.07106131 2.53448701
v -0.15575045 -0.08871603 2.43085861
v -0.15373495 -0.09498137 2.45750260
v -0.13183260 -0.10976785 2.50302887
v -0.11503479 -0.11913389 2.51927543
v -0.09595563 -0.12933081 2.52971530
v -0.07538614 -0.13912618 2.53635097
v -0.09793627 -0.06312788 2.32957983
v -0.07951444 -0.08391660 2.31631470
v -0.15084796 -0.08273715 2.40489125
v -0.03403345 -0.05624783 2.29990506
v -0.05662526 -0.17424804 2.54001665
v -0.03261295 -0.17874920 2.54028106
v -0.14541590 -0.10179234 2.48196793
v -0.04092916 -0.23448825 2.30441546
v -0.05949090 -0.23787326 2.30558538
v -0.05863799 -0.22139204 2.30002975
v -0.04013199 -0.21746057 2.30015516
v -0.07626199 -0.22382516 2.30204630
v -0.09309637 -0.22567564 2.30593634
v -0.10861558 -0.22692722 2.31116056
v -0.14474811 -0.22630775 2.33092999
v -0.13449572 -0.22722411 2.32380748
v -0.15959132 -0.22006369 2.34987426
v -0.15330660 -0.22406644 2.33945942
v -0.16310214 -0.21228296 2.36351776
v -0.16365059 -0.20363587 2.37976241
v -0.16778421 -0.20918190 2.40041518
v -0.16514476 -0.19541776 2.39718819
v -0.15977317 -0.18999910 2.37508559
v -0.15862717 -0.19841951 2.35998034
v -0.15536465 -0.20533049 2.34648108
v -0.02748880 -0.15090460 2.30212426
v -0.02433936 -0.17500538 2.29912734
v -0.02161141 -0.31298602 2.32695508
v -0.48901477 -0.17555207 2.48500514
v -0.61001885 -0.18276912 2.40040207
v -0.01056177 -0.36993980 2.47474098
v -0.02865123 -0.37390763 2.47828245
v -0.09363957 -0.38374710 2.47386909
v -0.11201680 -0.39064956 2.45653629
v -0.07057081 -0.37659681 2.48459268
v -0.04846640 -0.36973155 2.48765302
v -0.14024633 -0.09805143 2.37831402
v -0.02855806 -0.34012145 2.49907994
v -0.04921762 -0.35916841 2.49558973
v -0.07373447 -0.36654669 2.49369097
v -0.09913877 -0.37381417 2.48418069
v -0.12469353 -0.38133657 2.46686769
v -0.14173020 -0.37834954 2.46204376
v -0.16142303 -0.36014158 2.47240067
v -0.18110515 -0.36039090 2.46471715
v -0.18549104 -0.37201172 2.44718623
v -0.17503172 -0.37269145 2.45039511
v -0.17066498 -0.35984832 2.46816063
v -0.26382363 -0.32828170 2.46773005
v -0.28134644 -0.30377144 2.48434687
v -0.27645892 -0.31688279 2.47457886
v -0.28099585 -0.28880656 2.49208450
v -0.27843097 -0.27815497 2.49592805
v -0.27141994 -0.26886117 2.49770617
v -0.25945252 -0.26338959 2.49659204
v -0.21887389 -0.25539076 2.48616099
v -0.20288096 -0.25356942 2.48256969
v -0.17235427 -0.23742253 2.49618077
v -0.16415446 -0.23368073 2.50043273
v -0.14027631 -0.21397030 2.51206112
v -0.12986690 -0.20177102 2.51699233
v -0.11905194 -0.18549979 2.52310944
v -0.12272113 0.07040039 2.54526496
v -0.11740707 0.05121264 2.53954911
v -0.09791799 0.05440083 2.54788184
v -0.10384465 0.07409495 2.55543184
v -0.04341217 0.01388434 2.54423571
v -0.02088656 0.01465917 2.54104161
v -0.15919879 0.05002981 2.48616838
v -0.16383132 0.05382663 2.46032810
v -0.13476060 0.04900190 2.52583051
v -0.14848430 0.04868105 2.50859976
v -0.16157942 0.06025368 2.43428826
v -0.10984355 0.09800640 2.35584712
v -0.09194126 0.10543540 2.34173274
v -0.05309757 0.11551759 2.32229781
v -0.03355073 0.11818525 2.31771302
v -0.15460669 0.06902280 2.41028142
v -0.07264946 0.11159104 2.33012104
v -0.14299418 0.07919258 2.38996696
v -0.12721249 0.08908182 2.37213564
v -0.06744201 0.01232275 2.54387665
v -0.07167894 0.03616238 2.54738712
v -0.09275860 0.03438237 2.54411745
v -0.04756415 -0.25254893 2.53683782
v -0.02719001 -0.25017637 2.53300762
v -0.06844285 -0.25657457 2.53910899
v -0.08515689 -0.27794236 2.53515410
v -0.08821046 -0.26114517 2.53715706
v -0.10680709 -0.26585186 2.53205442
v -0.10413308 -0.28149658 2.52980995
v -0.13983737 -0.28553957 2.51372027
v -0.14060259 -0.27301276 2.51551700
v -0.15406619 -0.27465039 2.50930810
v -0.15374941 -0.28688014 2.50870228
v -0.17647812 -0.27758145 2.49958348
v -0.16586271 -0.27597827 2.50473475
v -0.18743059 -0.27987695 2.49429727
v -0.20177452 -0.28208053 2.49384594
v -0.20147999 -0.30854630 2.49549532
v -0.18832670 -0.30638593 2.49648476
v -0.14100641 -0.29933345 2.51120329
v -0.12371632 -0.29849041 2.51767874
v -0.02638473 -0.28312916 2.52262235
v -0.00833587 -0.27928913 2.51673961
v -0.16809013 -0.19167936 2.41624331
v -0.17068091 -0.18999946 2.43644977
v -0.17095986 -0.19165522 2.45577121
v -0.16837335 -0.19686502 2.47248936
v -0.16364421 -0.20338273 2.48659325
v -0.15698551 -0.21192610 2.49847293
v -0.15693809 -0.22838295 2.50418997
v -0.14937934 -0.22159362 2.50797105
v -0.15158305 -0.23811197 2.51017976
v -0.14205508 -0.23227799 2.51502252
v -0.12938906 -0.25693285 2.52317786
v -0.13562952 -0.24401057 2.52015495
v -0.12465677 -0.27015388 2.52379751
v -0.12276170 -0.28404266 2.52187324
v -0.10457492 -0.29729724 2.52562308
v -0.08463541 -0.29484612 2.53047228
v -0.06760594 -0.32349318 2.51794600
v -0.06554334 -0.30806684 2.52466393
v -0.06465675 -0.29162860 2.53090262
v -0.06485814 -0.27484137 2.53552699
v -0.07389920 -0.40601885 2.44015217
v -0.05443565 -0.40336359 2.44882321
v -0.25279549 -0.27084810 2.49694300
v -0.26011145 -0.27598262 2.49692822
v -0.25056103 -0.27987313 2.49673271
v -0.24817403 -0.27527940 2.49690390
v -0.26404375 -0.28346980 2.49616885
v -0.26619568 -0.29412466 2.49340987
v -0.25389171 -0.29721254 2.49411702
v -0.25223047 -0.28641564 2.49641132
v -0.26626840 -0.30678248 2.48770571
v -0.25386155 -0.30862916 2.48983097
v -0.26254246 -0.31812161 2.48109770
v -0.25498828 -0.32702541 2.47590303
v -0.24952166 -0.32523727 2.48031187
v -0.25191072 -0.31860602 2.48474860
v -0.21567506 -0.33403301 2.48391294
v -0.22851938 -0.33185786 2.48194027
v -0.24063459 -0.32841820 2.48055553
v -0.21633807 -0.28436303 2.49523711
v -0.22956914 -0.28732419 2.49620819
v -0.24129140 -0.28814298 2.49668503
v -0.24201514 -0.29895359 2.49509621
v -0.22984706 -0.29802454 2.49553609
v -0.21623190 -0.29577065 2.49588299
v -0.04508162 -0.27160382 2.53271818
v -0.02602295 -0.26748031 2.52867794
v -0.17585430 -0.29002291 2.49960303
v -0.16569987 -0.28858733 2.50414658
v -0.18732873 -0.29198706 2.49628401
v -0.20162825 -0.29444247 2.49574828
v -0.17706405 -0.30395699 2.49919510
v -0.16638796 -0.30228025 2.50244808
v -0.15468025 -0.30066413 2.50626421
v -0.04520964 -0.28796834 2.52740693
v -0.00825645 -0.26431561 2.52415514
v -0.18936546 -0.32814336 2.36722374
v -0.19200371 -0.35530019 2.37825203
v -0.19414246 -0.37379658 2.39861703
v -0.19152445 -0.37883055 2.42390108
v -0.40076432 -0.17391980 2.46287346
v -0.01478174 -0.04356807 2.53510642
v -0.01754937 -0.01508099 2.53685856
v -0.03885293 -0.01391679 2.54102445
v -0.01118613 -0.18036413 2.53598642
v -0.00850651 -0.24769175 2.52925777
v -0.11766092 -0.19687217 2.30729532
v -0.10538229 -0.19647068 2.30141664
v -0.10673919 -0.21136922 2.30555081
v -0.11969946 -0.21184647 2.31157780
v -0.13758469 -0.19685030 2.32272601
v -0.12841104 -0.19702113 2.31476283
v -0.13124850 -0.21161026 2.31886649
v -0.14109290 -0.21091586 2.32680845
v -0.14511271 -0.19513398 2.33197641
v -0.14927194 -0.20908237 2.33576608
v -0.12603700 -0.18235743 2.31205225
v -0.11586081 -0.18185353 2.30470657
v -0.10409293 -0.18144536 2.29944038
v -0.14098281 -0.18201566 2.32909083
v -0.13423263 -0.18262327 2.32041574
v -0.01773745 -0.36324131 2.31230068
v -0.01895090 -0.33542103 2.33353806
v -0.01822580 -0.34384072 2.33352470
v -0.02319678 -0.19483548 2.29945517
v -0.02306883 -0.22981620 2.30484128
v -0.02359620 -0.24477017 2.30924249
v -0.02405281 -0.26139361 2.31300068
v -0.02015641 -0.32520878 2.33092999
v -0.02301727 -0.21223050 2.30187845
v -0.17276867 0.23269704 2.52853060
v -0.15718968 0.25514415 2.54452276
v -0.15967755 0.23010552 2.54501367
v -0.14674075 0.24599564 2.55632496
v -0.16667007 0.16067526 2.52360630
v -0.16635247 0.18632433 2.52885318
v -0.16770129 0.13289508 2.52006149
v -0.12751687 0.25810966 2.56662297
v -0.10183372 0.26540783 2.57333326
v -0.09706151 0.24536505 2.58306003
v -0.15307976 0.13781995 2.54350209
v -0.15327536 0.16557482 2.54679036
v -0.16505308 0.21017468 2.53652143
v -0.15293203 0.21360141 2.55270743
v -0.15179251 0.22810861 2.55406547
v -0.12219547 0.24164680 2.57474661
v -0.14074355 0.23526287 2.56327224
v -0.03538571 0.10110426 2.57332206
v -0.06429408 0.10003233 2.57341719
v -0.06009286 0.07872081 2.56380415
v -0.12891120 0.09106496 2.55226111
v -0.13959260 0.06696320 2.53069115
v -0.13842711 0.21845007 2.56650567
v -0.11915459 0.22105119 2.57960320
v -0.09403759 0.22222000 2.58930254
v -0.09258774 0.14410362 2.58655906
v -0.09189959 0.16950396 2.59118176
v -0.11564426 0.16969755 2.58122587
v -0.11608161 0.14340523 2.57679272
v -0.13346533 0.11501658 2.55791688
v -0.13593961 0.14165857 2.56261444
v -0.09121518 0.12000045 2.57906103
v -0.11378293 0.11767653 2.57051110
v -0.10935163 0.09431919 2.56344891
v -0.13667032 0.16936558 2.56623268
v -0.06325815 0.19674560 2.59693599
v -0.09242195 0.19594911 2.59255004
v -0.03367639 0.19630980 2.59288216
v -0.08807913 0.09728888 2.57006168
v -0.08314290 0.07657385 2.56114864
v -0.07594730 0.05651852 2.55275822
v -0.06075805 -0.01370794 2.54130363
v -0.25194994 0.42602324 2.34474730
v -0.04211413 0.31855652 2.40894270
v -0.03046588 0.31646422 2.43602467
v -0.18858193 0.17656249 2.41424108
v -0.19168527 0.20389864 2.48773694
v -0.17814358 0.20642495 2.51499724
v -0.08094539 0.29541290 2.35316896
v -0.06535265 0.31037903 2.37052560
v -0.17555353 0.18351972 2.38636184
v -0.14656913 0.23321268 2.34718490
v -0.05265098 0.31761152 2.38849235
v -0.15312187 0.19171643 2.54970908
v -0.13716662 0.19597226 2.56727505
v -0.11725455 0.19686237 2.58229566
v -0.06411888 0.22208294 2.59352684
v -0.03344123 0.22049531 2.58911896
v -0.04523825 0.25065857 2.33031893
v -0.03831382 0.24082237 2.32742977
v -0.02882618 0.24468124 2.32692814
v -0.03130032 0.25999680 2.33169866
v -0.10862022 0.11602059 2.35674882
v -0.08894165 0.12390831 2.34339476
v -0.05050411 0.13514382 2.32609534
v -0.03212903 0.13814199 2.32157135
v -0.15988569 0.08684742 2.40934443
v -0.06960402 0.13054499 2.33347940
v -0.14679615 0.09727144 2.38935399
v -0.12813598 0.10725117 2.37193894
v -0.39853895 0.88355994 2.44612551
v -0.41105363 0.91103369 2.44215894
v -0.41048658 0.90928018 2.45746255
v -0.39497602 0.88258457 2.46080399
v -0.40696281 0.87312293 2.48954892
v -0.39798111 0.87859786 2.48091626
v -0.42011893 0.86711103 2.49250817
v -0.43096203 0.89678860 2.49226356
v -0.44180912 0.89291197 2.48562670
v -0.43303639 0.86288810 2.48819780
v -0.44187498 0.86013192 2.47955108
v -0.45920175 0.88718164 2.44881392
v -0.45225880 0.85770172 2.44909787
v -0.44833356 0.85807055 2.46813822
v -0.45752990 0.88788748 2.46728349
v -0.44965309 0.86361945 2.42901707
v -0.45727390 0.89173293 2.42892957
v -0.43835568 0.87219781 2.41729546
v -0.40549967 0.88420439 2.43131232
v -0.41627961 0.91112179 2.42552495
v -0.41868249 0.90193105 2.48998690
v -0.41123834 0.90684068 2.47948146
v -0.39436051 0.88173854 2.47109175
v -0.41066319 0.90801108 2.46827245
v -0.42032999 0.93855834 2.45254564
v -0.41517138 0.94092202 2.43549752
v -0.42889732 0.93137431 2.49054337
v -0.42559987 0.93402207 2.47678733
v -0.44976488 0.92299980 2.48282075
v -0.44025946 0.92629355 2.49372005
v -0.47057357 0.91560954 2.46703672
v -0.45082343 0.88996327 2.47735763
v -0.46100652 0.91898030 2.47557926
v -0.47173822 0.91418517 2.44881487
v -0.46867612 0.91736197 2.42483711
v -0.42292395 0.93757486 2.41732931
v -0.42374343 0.93651879 2.46505952
v -0.51154286 0.99270648 2.26009154
v -0.51602453 0.99144280 2.26113534
v -0.51873380 0.99553353 2.26039433
v -0.51163334 0.99819076 2.25878477
v -0.46606651 1.00114250 2.24657631
v -0.47455075 0.99709445 2.24477911
v -0.47907573 1.00553870 2.24648166
v -0.46784621 1.01116252 2.24845505
v -0.50424516 1.00400448 2.25261974
v -0.49938613 1.00520658 2.25203490
v -0.49714845 1.00164533 2.24835324
v -0.50522542 0.99943703 2.24928761
v -0.54255658 0.99085873 2.29707336
v -0.53912944 0.99212015 2.29551411
v -0.53717363 0.98770696 2.29307914
v -0.54241240 0.98670059 2.29587483
v -0.53175688 0.99666232 2.27804470
v -0.52802569 0.99828023 2.27648807
v -0.52651745 0.99399072 2.27357316
v -0.53200436 0.99271590 2.27615547
v -0.47572744 0.99249691 2.26943207
v -0.47562611 0.99328828 2.25460863
v -0.46333712 0.99960107 2.25674534
v -0.46041143 0.99561590 2.27155972
v -0.45939690 1.01053572 2.26010418
v -0.46862105 1.01402235 2.26298714
v -0.46692058 1.01510620 2.27774620
v -0.45671934 1.00888813 2.27624369
v -0.48114306 1.01064038 2.26119280
v -0.48093420 1.01062489 2.27475095
v -0.48542994 1.00012028 2.27053714
v -0.48741740 0.99963093 2.25568414
v -0.50495446 0.99447924 2.27049112
v -0.50904751 0.99578995 2.25802994
v -0.50113750 0.99163717 2.25665450
v -0.49778041 0.98830020 2.26943946
v -0.49308074 0.99409163 2.25520730
v -0.48703969 0.99196905 2.26750684
v -0.48656586 1.00236130 2.26842093
v -0.48931551 1.00247538 2.25501037
v -0.49626738 1.00637567 2.25890923
v -0.49282250 1.00640178 2.27207017
v -0.50174010 1.00292563 2.27295470
v -0.50516069 1.00386524 2.26031089
v -0.50913501 0.99165529 2.26604581
v -0.50489748 0.98796815 2.27554417
v -0.51466012 0.98410881 2.27823687
v -0.51600945 0.98917472 2.26723957
v -0.51059663 1.00156200 2.27815104
v -0.50424051 0.99836546 2.27530551
v -0.50695461 0.99995911 2.26561451
v -0.51274461 1.00247395 2.26755810
v -0.52052045 1.00019932 2.26855850
v -0.51938820 0.99805105 2.27979517
v -0.52143425 0.98985666 2.27843356
v -0.52263701 0.99317968 2.26755762
v -0.53105956 0.98530918 2.28214502
v -0.53007710 0.97986281 2.29233098
v -0.53573102 0.98600304 2.29338336
v -0.53556985 0.99034512 2.28344703
v -0.52247602 0.98262107 2.28823447
v -0.52456450 0.98640698 2.28009582
v -0.52635676 0.99649936 2.28987622
v -0.52187121 0.98979431 2.28628278
v -0.52197629 0.99252880 2.27930522
v -0.52606529 0.99879265 2.28174329
v -0.53320128 0.99695742 2.28375196
v -0.53415203 0.99432456 2.29376316
v -0.54615444 0.98461330 2.30297923
v -0.54287058 0.97946590 2.30140734
v -0.54263264 0.97636902 2.31052780
v -0.54566491 0.98300135 2.31349516
v -0.53617090 0.97775531 2.30521512
v -0.53698373 0.98051804 2.29872203
v -0.53765756 0.99194646 2.30681515
v -0.53540438 0.98452985 2.30360365
v -0.53482753 0.98661911 2.29842544
v -0.53767562 0.99307507 2.30044746
v -0.54441828 0.99138278 2.30283046
v -0.54355919 0.98977226 2.31155777
v -0.45902589 0.99269885 2.28630900
v -0.47903863 0.99116933 2.28417897
v -0.47113210 1.01271009 2.25342798
v -0.45719057 1.00762367 2.29102874
v -0.47804412 1.01067126 2.25256729
v -0.48448560 1.00916159 2.28789306
v -0.46742159 1.01396394 2.29254341
v -0.48418012 1.00061440 2.27742028
v -0.50199318 0.99467397 2.24982309
v -0.50232220 0.99601156 2.28043413
v -0.50426936 1.00318408 2.29012227
v -0.49706039 0.99610621 2.24913025
v -0.49726406 0.98562533 2.28679800
v -0.51529694 0.98160118 2.29660869
v -0.51490343 1.00148249 2.26160145
v -0.51876062 1.00007749 2.26212454
v -0.52220827 0.99805886 2.29779029
v -0.52102876 0.98860919 2.28817558
v -0.53050029 0.98850453 2.27648997
v -0.53569895 0.98399347 2.30334783
v -0.53578079 0.99355197 2.31000400
v -0.52625841 0.98915648 2.27544737
v -0.53071207 0.97636336 2.30936193
v -0.54035950 0.98337644 2.29679751
v -0.54429454 0.99058938 2.32282519
v -0.54653293 0.98172003 2.32659769
v -0.53749913 0.98339766 2.29485273
v -0.54152679 0.97389925 2.32187700
v -0.41519707 0.88295686 2.42018008
v -0.42586523 0.90878451 2.41432118
v -0.42685533 0.87934232 2.41514993
v -0.44793728 0.89900976 2.41547990
v -0.43794987 0.90454835 2.41075230
v -0.43474135 0.93306005 2.40438128
v -0.45914787 0.92330652 2.40904164
v -0.44743788 0.92767465 2.40155053
v -0.48081470 0.93734294 2.46967268
v -0.48426211 0.93591160 2.45142174
v -0.46690840 0.94225061 2.47732615
v -0.44739002 0.94923502 2.49735308
v -0.45675570 0.94588989 2.48686385
v -0.44156823 0.95052677 2.39243150
v -0.43150246 0.95728773 2.41019535
v -0.45592237 0.94311488 2.38789845
v -0.47037372 0.93891639 2.39788771
v -0.45299780 0.98947948 2.30289054
v -0.45215884 0.98948890 2.32388449
v -0.46369007 0.97458905 2.32196379
v -0.47121289 0.98166543 2.30278277
v -0.48368785 0.97002286 2.32693315
v -0.49055204 0.97932518 2.30749345
v -0.50105411 0.96931809 2.33600497
v -0.50792217 0.97624606 2.31612158
v -0.51663756 0.96917468 2.34663486
v -0.52485895 0.97309893 2.32716322
v -0.53076643 0.97178507 2.35759711
v -0.53801554 0.97251421 2.33777881
v -0.54043204 0.97979039 2.36341262
v -0.54673129 0.98008245 2.34304976
v -0.45217818 1.00807440 2.30791974
v -0.45266736 1.00679207 2.32898355
v -0.46661094 1.01663005 2.31126308
v -0.46694618 1.01668286 2.33228779
v -0.48416209 1.01173747 2.31353903
v -0.48354673 1.01257992 2.33520317
v -0.54087842 0.99271584 2.36082411
v -0.54470211 0.99234575 2.33973432
v -0.50251865 1.00544024 2.31867456
v -0.50053942 1.00593293 2.34075570
v -0.51979953 1.00161684 2.32562423
v -0.51711309 1.00225651 2.34783959
v -0.53392869 0.99781311 2.33312726
v -0.53091496 0.99890757 2.35505152
v -0.45665410 0.97070140 2.34474945
v -0.47389573 0.95994401 2.34781861
v -0.49066466 0.95996833 2.35821128
v -0.50616682 0.96337408 2.37029433
v -0.52005655 0.97122699 2.38125515
v -0.53183407 0.97952902 2.38669705
v -0.49792892 0.95356691 2.39999056
v -0.51093960 0.97207010 2.40805817
v -0.52188873 0.98302305 2.41015077
v -0.50355858 0.97349137 2.43465447
v -0.51241934 0.98581058 2.43443894
v -0.49093980 0.97938800 2.47664261
v -0.50140238 0.99272323 2.47864318
v -0.50603515 0.98779964 2.45870066
v -0.49646014 0.97586888 2.45822668
v -0.49373695 0.95539868 2.43040156
v -0.48863220 0.95709854 2.45480776
v -0.48136640 0.95948046 2.47194576
v -0.49420139 0.99676615 2.49193454
v -0.48506242 0.98236763 2.49011946
v -0.47621199 0.98482692 2.50220275
v -0.48342487 1.00060391 2.50128770
v -0.45992988 0.99170637 2.50742888
v -0.46703407 1.00798869 2.50489450
v -0.44672289 0.99880105 2.49579883
v -0.45217764 1.01463056 2.49450946
v -0.46596467 0.96485806 2.49442482
v -0.47337824 0.96317351 2.48302221
v -0.45412913 0.96934223 2.50200629
v -0.44173497 0.97557032 2.49288416
v -0.44000316 0.97687948 2.47436237
v -0.44371873 0.99987382 2.47504187
v -0.44614568 1.01638234 2.47514129
v -0.45162281 0.98953819 2.34891891
v -0.45517868 1.00302672 2.35337663
v -0.48087913 0.94836992 2.37927175
v -0.46376419 0.95083284 2.36891842
v -0.44723874 0.96583533 2.37454438
v -0.44699371 0.98970878 2.37604690
v -0.45551443 1.00311053 2.38023472
v -0.45338994 1.00563443 2.40462947
v -0.44360727 0.99426174 2.40237403
v -0.46681976 1.01117301 2.35701227
v -0.46622744 1.00767446 2.38334250
v -0.46340823 1.01008844 2.40731215
v -0.44979930 1.00960791 2.42635465
v -0.44125965 0.99749833 2.42489409
v -0.44809976 1.01218867 2.44408584
v -0.44279152 0.99783236 2.44396996
v -0.44349629 0.99851424 2.45902300
v -0.44636968 1.01465535 2.45883393
v -0.43658465 0.97841763 2.44626141
v -0.43812540 0.97744989 2.45987701
v -0.43473139 0.97926807 2.42657924
v -0.43735951 0.97532952 2.40283966
v -0.53368860 0.99251413 2.38495278
v -0.52521247 0.99349785 2.40894794
v -0.51462752 0.99561065 2.43237233
v -0.50794780 0.99999762 2.45600486
v -0.50117379 1.00520241 2.47446823
v -0.49419737 1.00879574 2.48577523
v -0.47094548 1.01688099 2.49589539
v -0.48488858 1.01222205 2.49423313
v -0.45981359 1.02126360 2.48884249
v -0.45634562 1.02353621 2.47309017
v -0.45576611 1.02360809 2.45936680
v -0.45919782 1.01620889 2.42860317
v -0.45648235 1.02132201 2.44531631
v -0.42309460 0.96251494 2.43081117
v -0.42647603 0.96060383 2.44918418
v -0.43039569 0.95835710 2.46202874
v -0.43606007 0.95440155 2.49064374
v -0.43407768 0.95611805 2.47424984
v -0.48130375 1.01076937 2.36086893
v -0.49731755 1.00571167 2.36664438
v -0.51249051 1.00210392 2.37348270
v -0.52519119 0.99875325 2.37965369
v -0.51799822 0.99976140 2.40458226
v -0.50682139 1.00327134 2.39948249
v -0.49326566 1.00730944 2.39335704
v -0.47845551 1.00875163 2.38731813
v -0.50917453 1.00263643 2.42801046
v -0.49972430 1.00655770 2.42311525
v -0.48659021 1.01098919 2.41796994
v -0.47462130 1.01229739 2.41143489
v -0.46961847 1.01858997 2.43294835
v -0.48001453 1.01649821 2.43967581
v -0.49236092 1.01162148 2.44446588
v -0.50073791 1.00738502 2.45018387
v -0.49428549 1.01117969 2.46741223
v -0.48572698 1.01492190 2.46107078
v -0.47524464 1.01933789 2.45582485
v -0.46631563 1.02189481 2.44986391
v -0.48854715 1.01375103 2.47740769
v -0.47354189 1.01923752 2.48732090
v -0.48220140 1.01620817 2.48441458
v -0.46618348 1.02243900 2.48348737
v -0.46434271 1.02344203 2.47262287
v -0.46480593 1.02324629 2.46159530
v -0.47257209 1.02038741 2.46560383
v -0.47103527 1.02092004 2.47345805
v -0.48194280 1.01649845 2.47037148
v -0.47802955 1.01785409 2.47746730
v -0.47033769 1.02097571 2.47973323
v -0.47422788 1.01925635 2.48159027
v -0.47967190 0.93927550 2.42090440
v -0.30594981 0.60984969 2.36563706
v -0.29049885 0.61291075 2.37054753
v -0.31998312 0.60088438 2.36588597
v -0.15640472 0.19682261 2.36453748
v -0.09331499 0.00468946 2.33488226
v -0.09644230 -0.03967524 2.33154058
v -0.09426104 -0.01705903 2.33347297
v -0.17084478 0.21730402 2.36152554
v -0.14107171 -0.07646900 2.38232756
v -0.12241423 -0.22750175 2.31700349
v 0.48005390 0.98856699 2.47279906
v 0.48169532 0.98486483 2.45219779
v 0.47179630 0.97282404 2.45315218
v -0.02376122 -0.43669111 2.18860269
v -0.08225518 -0.44509184 2.26524973
v -0.08077633 -0.44205618 2.27557325
v -0.07619353 -0.42909384 2.27503753
v -0.07822649 -0.43252754 2.26363778
v -0.07039326 -0.41641617 2.27349567
v -0.07418828 -0.42207944 2.26282787
v -0.06407046 -0.40508717 2.27018142
v -0.06902815 -0.41181475 2.26088905
v -0.05846010 -0.39631808 2.26409483
v -0.06353386 -0.40366459 2.25642967
v -0.04394317 -0.38230801 2.24688363
v -0.04198701 -0.37950540 2.25290489
v -0.03571923 -0.37373489 2.24775434
v -0.03652265 -0.37527025 2.24190569
v -0.02801495 -0.36896050 2.24280119
v -0.02909911 -0.37039948 2.23733711
v -0.02052949 -0.36681217 2.23996401
v -0.02095231 -0.36787498 2.23438406
v -0.01085985 -0.36646569 2.23807597
v -0.01119458 -0.36756992 2.23237610
v -0.01202078 -0.37417865 2.22437501
v -0.02106556 -0.37408066 2.22574472
v -0.02124765 -0.37043941 2.22952724
v -0.01156691 -0.37013769 2.22814107
v -0.02828670 -0.37627697 2.22891188
v -0.02913512 -0.37273371 2.23289275
v -0.03512415 -0.38068235 2.23230958
v -0.03637441 -0.37763590 2.23687148
v -0.04330963 -0.38740599 2.23591900
v -0.04429554 -0.38470185 2.24149966
v -0.04964320 -0.39406967 2.23682618
v -0.05193338 -0.39363068 2.24248600
v -0.01943084 -0.36694717 2.24692893
v -0.01095024 -0.36628485 2.24442315
v -0.02675649 -0.36895597 2.24988484
v -0.03353537 -0.37263989 2.25413871
v -0.03890490 -0.37737447 2.25897145
v -0.05178458 -0.38872355 2.25749230
v -0.04525051 -0.38367963 2.26512718
v -0.05284387 -0.39179623 2.27033710
v -0.05895222 -0.40101850 2.27716255
v -0.06677347 -0.41343713 2.28183818
v -0.07389128 -0.42785305 2.28453994
v -0.07856409 -0.44215590 2.28465605
v -0.08320110 -0.45165098 2.27635098
v -0.02784909 -0.38010514 2.22644091
v -0.02090359 -0.37830353 2.22338748
v -0.03402439 -0.38373792 2.22954130
v -0.04144442 -0.38988608 2.23175001
v -0.04714034 -0.39542466 2.23182511
v -0.05317600 -0.40580553 2.22584534
v -0.05138456 -0.40069002 2.22962999
v -0.05243744 -0.41556448 2.21647501
v -0.05329975 -0.41078275 2.22123098
v -0.06062882 -0.42395985 2.21749592
v -0.06160196 -0.41770744 2.22505856
v -0.05760983 -0.41362321 2.22352242
v -0.05656332 -0.41932893 2.21721983
v -0.06461317 -0.43023717 2.21721315
v -0.06587685 -0.42347348 2.22624969
v -0.01840162 -0.36734378 2.25308871
v -0.01091466 -0.36706430 2.25181222
v -0.02474129 -0.36920309 2.25595450
v -0.03039751 -0.37239838 2.26057291
v -0.03476020 -0.37621653 2.26608872
v -0.03951903 -0.38093758 2.27233291
v -0.04494089 -0.38745022 2.27855706
v -0.05234294 -0.39612699 2.28492069
v -0.06202325 -0.40935373 2.29061866
v -0.07104006 -0.42698759 2.29271102
v -0.07621515 -0.44175023 2.29268813
v -0.03006843 -0.37855232 2.28113937
v -0.02651503 -0.37600100 2.27502608
v -0.02346740 -0.37368000 2.26993561
v -0.02037162 -0.37152505 2.26563120
v -0.01615766 -0.37146771 2.26653767
v -0.01059086 -0.37174648 2.26679707
v -0.01498590 -0.37385780 2.27482557
v -0.00986275 -0.37387747 2.27439785
v -0.01662865 -0.37393630 2.28060508
v -0.00907258 -0.37376142 2.28041792
v -0.01847754 -0.37311065 2.28565454
v -0.00892014 -0.37581718 2.28973269
v -0.05485316 -0.40078759 2.23429132
v -0.05810413 -0.40236783 2.23887229
v -0.06090084 -0.41053140 2.23267865
v -0.06533315 -0.41560537 2.23554039
v -0.06228564 -0.40618795 2.24364662
v -0.05722458 -0.40726638 2.22953701
v -0.06787846 -0.41293532 2.24825573
v -0.07016101 -0.42242801 2.23826289
v -0.07024494 -0.43045199 2.22706413
v -0.07399401 -0.42950869 2.23989129
v -0.07260615 -0.42117602 2.25132370
v -0.07401006 -0.43639708 2.22900534
v -0.07714231 -0.44202793 2.23075771
v -0.07687712 -0.43583417 2.24109125
v -0.07603104 -0.42888790 2.25209618
v -0.05538620 -0.39462483 2.24983573
v -0.07905526 -0.43689179 2.25341225
v -0.08001853 -0.44789028 2.23239517
v -0.07969617 -0.44273657 2.24268842
v -0.08284976 -0.45546424 2.23431540
v -0.08294909 -0.45156360 2.24631238
v -0.08266170 -0.44773996 2.25650764
v -0.08538602 -0.45667982 2.26855397
v -0.01263696 -0.37836611 2.22187233
v 0.46467751 0.95430297 2.42478085
v 0.46292761 0.95438743 2.45008874
v 0.45877868 0.95492738 2.46824718
v 0.47557813 0.99162292 2.48733377
v 0.46566045 0.97687179 2.48663092
v 0.45895189 0.97824752 2.50001192
v 0.46627596 0.99456173 2.49888444
v 0.44361615 0.98471785 2.50806069
v 0.45061189 1.00182748 2.50520253
v 0.42887756 0.99234635 2.49910307
v 0.43456867 1.00878465 2.49743390
v 0.44708395 0.95845199 2.49290347
v 0.45269048 0.95768154 2.48052955
v 0.43658686 0.96218473 2.50244927
v 0.42305195 0.96885300 2.49554014
v 0.41880202 0.97088641 2.47768688
v 0.42270058 0.99439865 2.47924232
v 0.42557660 1.01137233 2.47924900
v 0.41067195 0.99317181 2.34983897
v 0.41421944 1.00605011 2.35490537
v 0.44356713 0.95074046 2.37507939
v 0.42485952 0.95360881 2.36701179
v 0.41027549 0.96785194 2.37581348
v 0.40976337 0.99128431 2.37842417
v 0.41815662 1.00403357 2.38269615
v 0.42041865 1.00473785 2.40788555
v 0.41048384 0.99361998 2.40662479
v 0.42575702 1.01384592 2.35708380
v 0.42889941 1.00820017 2.38430262
v 0.43056551 1.00895131 2.40914488
v 0.42103559 1.00721884 2.43029642
v 0.41271567 0.99515527 2.42953658
v 0.42223629 1.00878716 2.44836235
v 0.41683728 0.99444383 2.44848013
v 0.42001203 0.99406517 2.46346426
v 0.42312691 1.01027071 2.46341729
v 0.41107735 0.97486466 2.45060182
v 0.41467202 0.97267371 2.46388793
v 0.40698075 0.97675169 2.43134856
v 0.40522504 0.97466505 2.40703559
v 0.49585032 0.99392974 2.37537718
v 0.49172038 0.99356544 2.39995384
v 0.48587921 0.99421495 2.42473388
v 0.48309255 0.99723518 2.44937181
v 0.47957051 1.00135565 2.46903586
v 0.47459966 1.00427198 2.48163033
v 0.45346251 1.01156187 2.49608326
v 0.46675229 1.00709116 2.49187684
v 0.44135424 1.01603842 2.49101782
v 0.43512711 1.01920700 2.47620964
v 0.43262985 1.01980150 2.46255946
v 0.43104133 1.01386428 2.43119049
v 0.43134484 1.01813102 2.44848347
v 0.39560524 0.95980483 2.43595147
v 0.40156555 0.95641273 2.45360899
v 0.40704873 0.95331454 2.46537089
v 0.41674712 0.94696617 2.49224544
v 0.41236034 0.95008898 2.47648287
v 0.44011033 1.01319516 2.35893679
v 0.45630908 1.00797832 2.36260509
v 0.47248453 1.00417471 2.36738801
v 0.48627132 1.00044143 2.37182450
v 0.48387992 0.99997187 2.39717817
v 0.47178409 1.00375879 2.39400625
v 0.45688865 1.00790524 2.39024782
v 0.44143355 1.00927019 2.38645411
v 0.47979817 1.00132060 2.42163467
v 0.46956271 1.00553083 2.41849089
v 0.45582241 1.00996661 2.41578054
v 0.44232368 1.01119590 2.41148448
v 0.44197133 1.01637650 2.43382668
v 0.45347086 1.01425242 2.43849993
v 0.46615827 1.00932515 2.44097900
v 0.47545955 1.00480700 2.44510961
v 0.47157860 1.00775599 2.46353841
v 0.46246240 1.01173306 2.45868301
v 0.45115325 1.01629257 2.45565605
v 0.44166699 1.01887512 2.45119548
v 0.46779326 1.00972533 2.47438979
v 0.45489225 1.01444244 2.48709631
v 0.46286541 1.01168013 2.48259163
v 0.44713148 1.01767015 2.48465657
v 0.44354707 1.01928616 2.47420740
v 0.44214347 1.01962364 2.46319485
v 0.45045903 1.01677501 2.46567392
v 0.45025030 1.01688385 2.47374201
v 0.46014997 1.01281595 2.46879721
v -0.07798416 -0.46359026 2.29895496
v -0.03663021 -0.41891217 2.20519853
v -0.03166422 -0.41988075 2.20154905
v 0.45780131 1.01368082 2.47641897
v 0.45064402 1.01656103 2.48011494
v -0.02690693 -0.41922414 2.19788814
v -0.02331263 -0.41845948 2.19527388
v -0.01957215 -0.41775620 2.19384074
v 0.45472243 1.01481175 2.48124838
v 0.44939914 0.93908894 2.41636157
v 0.28079948 0.61335301 2.32905078
v 0.26623213 0.61537850 2.33575392
v -0.00818817 -0.36884761 2.29957700
v -0.02109584 -0.48336518 2.16614652
v -0.00875197 -0.37232757 2.29320550
v -0.01301500 -0.39755303 2.22771311
v -0.02740853 -0.59955513 2.19092584
v -0.01310323 -0.38298941 2.21981907
v -0.01339281 -0.40039259 2.22328186
v -0.01823057 -0.43890572 2.16952419
v -0.01298621 -0.38801599 2.21854210
v -0.01367724 -0.39507693 2.20892739
v -0.01429139 -0.40076125 2.20726562
v -0.02453805 -0.52047324 2.15592074
v -0.01409039 -0.39796102 2.20732307
v -0.01606984 -0.41994727 2.19208002
v -0.01798359 -0.43357641 2.16861129
v -0.01437287 -0.40280157 2.20776987
v -0.01030099 -0.48822176 2.36033034
v -0.01351051 -0.39295274 2.21213961
v -0.01391984 -0.40364563 2.21610880
v -0.01429972 -0.40380216 2.20966721
v -0.01419681 -0.41429055 2.21565437
v -0.01596476 -0.41772974 2.19402742
v -0.01933249 -0.46090019 2.17266154
v -0.01403939 -0.53200161 2.36055923
v -0.01925520 -0.45712906 2.17201138
v -0.02583028 -0.55222523 2.15821815
v -0.02453710 -0.53260124 2.15536499
v -0.01859151 -0.44400012 2.17029762
v -0.02026159 -0.59300077 2.33980918
v -0.02121797 -0.60739696 2.32926059
v -0.02317921 -0.50239134 2.16010928
v -0.02670555 -0.63194883 2.24795651
v -0.01769117 -0.42888969 2.16848159
v -0.01632388 -0.42153084 2.18464088
v -0.02728413 -0.58028567 2.17221045
v -0.01655326 -0.56165326 2.35299444
v -0.02587796 -0.63458049 2.27519059
v -0.01438527 -0.40454531 2.20327711
v -0.02742041 -0.59015536 2.18067789
v -0.01421457 -0.40458977 2.20669866
v -0.01672997 -0.42115504 2.17631316
v -0.01533879 -0.54690111 2.35767388
v -0.01833722 -0.57403266 2.34835505
v -0.01536039 -0.41197866 2.19712758
v -0.01574340 -0.41554725 2.19565630
v -0.02616975 -0.63483787 2.26157951
v -0.02165322 -0.48942512 2.16357923
v -0.01523253 -0.40955305 2.19749832
v -0.01981335 -0.47084475 2.17272425
v -0.01489788 -0.40727216 2.19850802
v -0.00747298 -0.36679661 2.30674243
v -0.02341742 -0.62431896 2.30565691
v -0.01464741 -0.40569019 2.20077991
v -0.01419403 -0.40814292 2.21057653
v -0.01883201 -0.44879889 2.17097044
v -0.01416174 -0.41152722 2.21379328
v -0.02384125 -0.51019037 2.15819573
v -0.01621135 -0.42152882 2.18952131
v -0.01626216 -0.42185932 2.18860149
v -0.01964051 -0.46781194 2.17322087
v -0.02495427 -0.54282010 2.15658784
v -0.02000218 -0.47340322 2.17165518
v -0.01612223 -0.42113715 2.19049835
v -0.02236839 -0.61773837 2.31630135
v -0.02766481 -0.62590480 2.23000693
v -0.02787106 -0.61937201 2.21808076
v -0.01944349 -0.46444249 2.17331123
v -0.01907669 -0.45336080 2.17151666
v -0.00916927 -0.48039764 2.36310673
v -0.01704507 -0.42288423 2.17217660
v -0.01732886 -0.42507404 2.16989970
v -0.02695186 -0.57046163 2.16574049
v -0.01354130 -0.52151704 2.36142802
v -0.02777296 -0.60952389 2.20329189
v -0.02650379 -0.56125259 2.16100645
v -0.01186951 -0.50047219 2.36137199
v -0.01284379 -0.51212525 2.36188078
v -0.01657986 -0.42082739 2.17846441
v -0.02024871 -0.47635806 2.17009449
v -0.01644312 -0.42104864 2.18188739
v -0.02481670 -0.63174975 2.28916740
v -0.01629641 -0.42187786 2.18692875
v 0.29511362 0.60467547 2.32650423
v 0.12723064 0.19663966 2.34436870
v 0.07327285 0.01009834 2.32700324
v 0.08013599 -0.03405786 2.32180715
v 0.07612489 -0.01138663 2.32485223
v 0.14082183 0.21734768 2.33875847
v 0.13243276 -0.06826937 2.36662269
v 0.10753175 -0.22691435 2.30105138
v -0.01065882 -0.43776476 2.18799210
v 0.05291231 -0.45342904 2.25786257
v 0.05304505 -0.45007217 2.26804256
v 0.04996144 -0.43672216 2.26800132
v 0.05017471 -0.44050717 2.25679636
v 0.04559320 -0.42352998 2.26704216
v 0.04733207 -0.42971200 2.25641823
v 0.03993412 -0.41158265 2.26401663
v 0.04314366 -0.41897285 2.25485182
v -0.02122008 -0.42193025 2.17860508
v -0.02008118 -0.42186749 2.18148732
v 0.03500682 -0.40211487 2.25831890
v 0.03869942 -0.41005462 2.25058961
v -0.03458106 -0.47117865 2.19265819
v -0.02475148 -0.42542362 2.19113708
v -0.02510662 -0.44322133 2.17531133
v -0.03333717 -0.47104704 2.19176126
v 0.02094325 -0.38653129 2.24301887
v 0.02010490 -0.38321632 2.24901175
v 0.01345904 -0.37676990 2.24472761
v 0.01408330 -0.37855893 2.23881507
v -0.02664685 -0.42627221 2.19232082
v 0.00671076 -0.37124854 2.24069095
v 0.00708471 -0.37273884 2.23508811
v -0.00174118 -0.36800122 2.23890924
v -0.00187561 -0.36908507 2.23324108
v -0.02512054 -0.45188564 2.17642188
v -0.02737369 -0.46549797 2.18337369
v -0.00305888 -0.37537616 2.22466207
v -0.00244237 -0.37169987 2.22839665
v -0.02503373 -0.44746566 2.17567492
v -0.03176551 -0.42830044 2.19088173
v -0.03003275 -0.42659360 2.19320607
v -0.02420837 -0.42600125 2.17349339
v -0.02535348 -0.42912090 2.17295861
v 0.00469513 -0.37855309 2.22693753
v -0.02471642 -0.42391056 2.17670441
v -0.02187200 -0.42239660 2.17706418
v 0.00630023 -0.37511849 2.23068786
v -0.03624780 -0.47082436 2.19252062
v -0.04688869 -0.47455549 2.19767427
v -0.02332082 -0.42423528 2.17449450
v -0.02020036 -0.42228562 2.17493200
v -0.03952864 -0.47260857 2.19427919
v -0.03554090 -0.47092992 2.19267893
v -0.02884815 -0.42768669 2.18068576
v -0.02607213 -0.46255124 2.17986774
v 0.01098091 -0.38386494 2.22968292
v 0.01299353 -0.38095826 2.23395038
v 0.01883140 -0.39158762 2.23257160
v 0.02063195 -0.38906080 2.23753762
v -0.03096413 -0.42841858 2.18561268
v 0.02451529 -0.39891851 2.23257160
v 0.02698461 -0.39880729 2.23784184
v -0.00258668 -0.36802822 2.24594545
v -0.03710135 -0.47092515 2.19265032
v -0.03770366 -0.47118449 2.19274187
v -0.02548328 -0.43837273 2.17468596
v 0.00470629 -0.37091821 2.24804139
v 0.01148890 -0.37531161 2.25135064
v 0.01723674 -0.38068438 2.25541568
v 0.02860606 -0.39367110 2.25260496
v -0.04209616 -0.47256398 2.19408822
v -0.01957530 -0.42285573 2.18673730
v -0.02721782 -0.42593992 2.17867327
v -0.02587007 -0.42476314 2.17753053
v -0.02012033 -0.42329687 2.18876362
v 0.02321722 -0.38763249 2.26066470
v 0.03040554 -0.39667881 2.26500511
v -0.03085961 -0.46956003 2.18979788
v 0.03623893 -0.40669990 2.27119899
v -0.02561174 -0.45899302 2.17781925
v -0.02536744 -0.45535815 2.17664838
v 0.04307815 -0.41988873 2.27529287
v 0.04865090 -0.43502569 2.27731252
v -0.01960528 -0.42232978 2.18404889
v 0.05131294 -0.44982827 2.27708745
v 0.05446121 -0.45988858 2.26858926
v 0.00328918 -0.38230240 2.22457695
v -0.00395975 -0.37949610 2.22231078
v 0.00925473 -0.38675612 2.22699308
v -0.02584713 -0.43335795 2.17332935
v 0.01637774 -0.39378279 2.22866750
v 0.02156391 -0.39990187 2.22815061
v 0.02536183 -0.41083789 2.22157550
v -0.02254748 -0.42445385 2.18993902
v 0.02458559 -0.40556049 2.22547054
v 0.02256083 -0.42032170 2.21255827
v 0.02428452 -0.41574717 2.21728706
v 0.02951718 -0.42963505 2.21268678
v 0.03158816 -0.42372954 2.22015476
v 0.02816793 -0.41915345 2.21885657
v -0.01683150 -0.42178786 2.17424822
v -0.02249231 -0.42310679 2.17577243
v 0.02612148 -0.42454374 2.21283698
v 0.03259277 -0.43636024 2.21210408
v 0.03532891 -0.42991656 2.22098351
v -0.00315437 -0.36823672 2.25229692
v -0.05009921 -0.47949874 2.18073416
v -0.04983673 -0.47838962 2.18383574
v 0.00327538 -0.37088978 2.25435829
v 0.00884467 -0.37468791 2.25811815
v 0.01311621 -0.37903976 2.26313925
v 0.01782921 -0.38434398 2.26875234
v 0.02405220 -0.39137250 2.27408910
v 0.03203046 -0.40090060 2.27954173
v -0.04359768 -0.48062885 2.17403793
v -0.02541326 -0.47984481 2.16883445
v -0.03076799 -0.48012227 2.16984105
v 0.03999906 -0.41518450 2.28417349
v -0.04962916 -0.47563016 2.18750358
v -0.04978744 -0.47462797 2.18964982
v -0.04937650 -0.47735131 2.18640876
v -0.04988669 -0.47412145 2.18817186
v -0.04989525 -0.47456515 2.18744183
v 0.04728561 -0.43362600 2.28537512
v -0.04905110 -0.47728562 2.18759871
v 0.05035857 -0.44898623 2.28488111
v -0.04913821 -0.47715449 2.18780947
v 0.01110899 -0.38120377 2.27879190
v -0.04845044 -0.48072135 2.17712474
v 0.00635007 -0.37802482 2.27322245
v 0.00286823 -0.37533307 2.26835322
v -0.04929236 -0.47664034 2.18774652
v -0.04994129 -0.47515798 2.19140530
v 0.00004281 -0.37281734 2.26440287
v -0.05055228 -0.47582710 2.19628835
v -0.00438683 -0.37221134 2.26589799
v -0.02061216 -0.47976470 2.16822457
v -0.04331468 -0.48926222 2.16612482
v -0.07316335 -0.49696743 2.18756008
v -0.00456891 -0.37451625 2.27445960
v -0.07568407 -0.49337739 2.19293594
v -0.00157723 -0.37495571 2.27996469
v -0.06580740 -0.45938921 2.20615387
v -0.06848539 -0.46142125 2.20799637
v -0.03997687 -0.48341191 2.16827393
v 0.00071743 -0.37453461 2.28473616
v 0.02827208 -0.40611100 2.22962093
v 0.03129064 -0.40810269 2.23396921
v 0.03248794 -0.41655660 2.22762775
v 0.03653959 -0.42210215 2.23013473
v -0.05028268 -0.51088321 2.16390824
v -0.05790032 -0.57663310 2.18339252
v -0.04795617 -0.50284904 2.16451979
v -0.06169596 -0.49770844 2.17457056
v 0.03572896 -0.41234857 2.23818588
v -0.05796684 -0.56807506 2.17729378
v 0.02923670 -0.41283786 2.22468948
v 0.04077750 -0.41967970 2.24239922
v 0.04063330 -0.42941397 2.23256946
v 0.03882839 -0.43735379 2.22142696
v 0.04375130 -0.43701160 2.23365402
v -0.06891067 -0.49898076 2.18117428
v 0.04458580 -0.42860073 2.24524903
v -0.07349605 -0.46917731 2.21143365
v -0.02883648 -0.49533772 2.16207337
v -0.07540353 -0.47524840 2.21086264
v 0.04210853 -0.44384372 2.22290683
v -0.03689945 -0.49517143 2.16286659
v -0.05440056 -0.61834133 2.23345971
v 0.04500582 -0.44993776 2.22416019
v 0.04596263 -0.44371390 2.23456383
v 0.04710198 -0.43663579 2.24570298
v 0.03096192 -0.40012616 2.24475908
v -0.03391677 -0.47775185 2.17462301
v 0.04908568 -0.44498044 2.24659204
v -0.05612125 -0.45793748 2.20065761
v -0.05911363 -0.45803839 2.20214987
v 0.04715009 -0.45609254 2.22558236
v -0.05801297 -0.61129057 2.22426438
v -0.07235095 -0.46608210 2.21084785
v -0.05553281 -0.53243256 2.16385722
v -0.02929113 -0.47363597 2.17997265
v -0.03095749 -0.47585917 2.17834234
v -0.05663221 -0.54221666 2.16622829
v 0.04781141 -0.45098060 2.23578143
v 0.04942429 -0.46385276 2.22732854
v 0.05094077 -0.46016431 2.23894739
v -0.05736951 -0.55132675 2.16897988
v 0.05184353 -0.45636427 2.24910951
v 0.05512962 -0.46529740 2.26077652
v -0.05798892 -0.58542371 2.19132328
v -0.04000165 -0.46049535 2.19533110
v 0.05004811 -0.47089142 2.29051399
v 0.00550776 -0.42163646 2.20316124
v 0.00023521 -0.42196590 2.19999528
v -0.07734419 -0.48912096 2.19841480
v -0.07766689 -0.48440981 2.20344496
v -0.05866164 -0.60339093 2.21247816
v -0.04893859 -0.45821309 2.19803739
v -0.07672597 -0.47993267 2.20767856
v -0.04290493 -0.62567043 2.23872328
v -0.00468666 -0.42069691 2.19687414
v -0.07084781 -0.46344751 2.20956016
v -0.00841902 -0.41951418 2.19446254
v -0.01227315 -0.41830277 2.19338322
v -0.05433163 -0.49661875 2.16928411
v -0.05264461 -0.45788431 2.19931483
v -0.02829631 -0.47128201 2.18253183
v -0.03529300 -0.46241683 2.19359970
v -0.03227061 -0.46466756 2.19113660
v -0.05778054 -0.55968177 2.17252398
v -0.02992952 -0.46660465 2.18862176
v -0.02833815 -0.46882552 2.18509173
v -0.04458368 -0.45891035 2.19640446
v -0.05312994 -0.52080786 2.16270852
v -0.05814510 -0.59456551 2.20110655
v -0.06237334 -0.45862854 2.20410538
v -0.02711221 -0.62945068 2.23975945
v -0.02228594 -0.49549073 2.16183829
v -0.02893235 -0.46761036 2.18674397
v -0.03688609 -0.48038304 2.17152381
v -0.04588635 -0.49556577 2.16512299
v -0.01313451 -0.39088666 2.21565247
v -0.04150116 -0.40992945 2.21309018
v -0.04265917 -0.40845895 2.21580195
v -0.04170892 -0.40372497 2.22107935
v -0.03431899 -0.41290295 2.20543408
v -0.03849154 -0.41147172 2.20986819
v -0.03157762 -0.39434534 2.21959949
v -0.04302312 -0.40708226 2.21804500
v -0.02553589 -0.39183050 2.21768093
v -0.04278421 -0.40548277 2.21982574
v -0.01999101 -0.39075214 2.21615553
v -0.01561093 -0.41376418 2.19642067
v -0.02479568 -0.41401654 2.19779849
v -0.02007535 -0.41381937 2.19616055
v -0.02951267 -0.41378188 2.20107841
v -0.03979615 -0.40116632 2.22171998
v -0.03643924 -0.39801884 2.22168684
v -0.01241746 -0.42256093 2.17825913
v -0.01328890 -0.42243576 2.18124580
v -0.00346145 -0.47314614 2.19108772
v -0.00814153 -0.42666268 2.19021964
v -0.01149683 -0.44408393 2.17473149
v -0.00493682 -0.47279859 2.19056249
v -0.00629131 -0.42774552 2.19127870
v -0.01224998 -0.45270658 2.17576599
v -0.01077598 -0.46667814 2.18238974
v -0.01192858 -0.44831645 2.17507696
v -0.00157366 -0.43035191 2.18925786
v -0.00287080 -0.42847937 2.19175434
v -0.01053686 -0.42687607 2.17285466
v -0.00989497 -0.43008673 2.17236829
v -0.00940493 -0.42493296 2.17602968
v -0.01195577 -0.42308831 2.17666483
v -0.00188129 -0.47296631 2.19079185
v 0.00863880 -0.47796285 2.19468808
v -0.01104926 -0.42503417 2.17396927
v -0.01368946 -0.42274797 2.17468596
v 0.00137641 -0.47513402 2.19211721
v -0.00244443 -0.47305083 2.19088364
v -0.00537568 -0.42927575 2.17949200
v -0.01211772 -0.46356893 2.17911458
v -0.00290387 -0.43032092 2.18412113
v -0.00097059 -0.47321475 2.19070935
v -0.00037122 -0.47352517 2.19075632
v -0.01060870 -0.43931019 2.17403865
v 0.00381937 -0.47537220 2.19165635
v -0.01335455 -0.42339611 2.18632436
v -0.00704252 -0.42729253 2.17773342
v -0.00833922 -0.42594850 2.17673612
v -0.01275116 -0.42395914 2.18828893
v -0.00700728 -0.47119129 2.18835139
v -0.01232259 -0.45989239 2.17710114
v -0.01236811 -0.45622337 2.17595792
v -0.01358393 -0.42287308 2.18384933
v -0.00995904 -0.43437588 2.17274952
v -0.01037693 -0.42541683 2.18921161
v -0.01153263 -0.42384535 2.17532778
v 0.00949768 -0.48337764 2.17768717
v 0.00969555 -0.48220432 2.18070006
v 0.00195810 -0.48349440 2.17210388
v -0.01610365 -0.48034835 2.16858268
v -0.01105808 -0.48122036 2.16916490
v 0.01002268 -0.47945952 2.18446207
v 0.01031869 -0.47840220 2.18659306
v 0.00959271 -0.48117298 2.18334246
v 0.01034976 -0.47794026 2.18511462
v 0.01031887 -0.47840542 2.18438077
v 0.00936674 -0.48107958 2.18459249
v 0.00943188 -0.48093158 2.18479943
v 0.00718266 -0.48434460 2.17453909
v 0.00961264 -0.48044240 2.18470478
v 0.01055678 -0.47900796 2.18830538
v 0.01166246 -0.47973055 2.19304132
v -0.00038327 -0.49196154 2.16414165
v 0.02979300 -0.50369966 2.18217993
v 0.03344550 -0.50040209 2.18714547
v 0.02985282 -0.46549726 2.20107174
v 0.03229969 -0.46789718 2.20266628
v -0.00267266 -0.48567605 2.16662264
v 0.00300217 -0.51483774 2.16164494
v 0.00429982 -0.58057058 2.18032765
v 0.00201427 -0.50633335 2.16226172
v 0.01714974 -0.50296807 2.17060399
v 0.00482783 -0.57207656 2.17416716
v 0.02450281 -0.50536144 2.17637587
v 0.03656371 -0.47635180 2.20571041
v -0.01600518 -0.49606633 2.16148424
v 0.03780039 -0.48250765 2.20478392
v -0.00784535 -0.49702930 2.16152215
v 0.00005210 -0.62155926 2.23042917
v -0.00708198 -0.47928977 2.17360449
v 0.01993824 -0.46290374 2.19673276
v 0.02292997 -0.46339256 2.19793749
v 0.00383272 -0.61514437 2.22082067
v 0.03581250 -0.47305667 2.20522189
v 0.00569921 -0.53637719 2.16129613
v -0.01024097 -0.47468507 2.17915273
v -0.00905111 -0.47713846 2.17733526
v 0.00604247 -0.54602277 2.16320229
v 0.00574590 -0.55513144 2.16594887
v 0.00430813 -0.58931398 2.18817544
v 0.00296964 -0.46311462 2.19331789
v 0.03631157 -0.49640715 2.19227409
v 0.03778737 -0.49193072 2.19689393
v 0.00424550 -0.60734260 2.20897818
v 0.01283207 -0.46222985 2.19477558
v 0.03833348 -0.48723656 2.20136809
v -0.01169818 -0.62739575 2.23689389
v 0.03444770 -0.47026265 2.20412064
v 0.00954403 -0.50104070 2.16611290
v 0.01644951 -0.46242768 2.19575715
v -0.01055681 -0.47245783 2.18142748
v -0.00168704 -0.46450698 2.19196129
v -0.00516920 -0.46641910 2.18976307
v 0.00527721 -0.56373632 2.16948223
v -0.00768770 -0.46813822 2.18727517
v -0.00993785 -0.47008020 2.18394256
v 0.00793932 -0.46225202 2.19390345
v 0.00434004 -0.52511418 2.16064858
v 0.00430320 -0.59835243 2.19799304
v 0.02653292 -0.46430886 2.19935656
v -0.00901990 -0.46898222 2.18551326
v -0.00490089 -0.48225790 2.17023230
v 0.00116094 -0.49857295 2.16289449
v 0.01227055 -0.41334581 2.21056628
v 0.01390189 -0.41209388 2.21301126
v 0.01389613 -0.40730035 2.21825862
v 0.00410812 -0.41529161 2.20320249
v 0.00885499 -0.41445810 2.20721292
v 0.00489729 -0.39686549 2.21742463
v 0.01451517 -0.41072834 2.21514463
v -0.00033191 -0.39368618 2.21634340
v 0.01459616 -0.40912783 2.21692204
v -0.00618157 -0.39171433 2.21567273
v -0.00639783 -0.41516161 2.19690275
v -0.01104534 -0.41433835 2.19576693
v -0.00145207 -0.41557693 2.19969416
v 0.01273703 -0.40461290 2.21894789
v 0.00984108 -0.40113324 2.21893024
v 0.01220616 -0.48109114 2.19844460
v -0.05072843 -0.47720701 2.20183897
v 0.01039430 -0.47412574 2.18701530
v 0.00884557 -0.47428870 2.18749475
v 0.00742821 -0.47460961 2.18821931
v 0.00625019 -0.47505796 2.18912363
v 0.01041117 -0.47440088 2.18685174
v 0.00887646 -0.47482944 2.18717289
v 0.00747327 -0.47539365 2.18775153
v 0.00630878 -0.47604740 2.18853474
v 0.01048799 -0.47466958 2.18669033
v 0.00902982 -0.47535467 2.18685842
v 0.00769553 -0.47615683 2.18729448
v 0.00658793 -0.47700834 2.18795824
v 0.01062439 -0.47491968 2.18653965
v 0.00929806 -0.47584617 2.18656135
v 0.00808487 -0.47686934 2.18686342
v 0.00707911 -0.47790730 2.18741488
v 0.01081584 -0.47514260 2.18640423
v 0.00967240 -0.47628307 2.18629503
v 0.00862741 -0.47750473 2.18647671
v 0.00776232 -0.47870845 2.18692589
v 0.01105183 -0.47533047 2.18628860
v 0.01013575 -0.47665030 2.18606925
v 0.00930124 -0.47803819 2.18614817
v 0.00861314 -0.47938073 2.18651199
v 0.01132554 -0.47547460 2.18619800
v 0.01067316 -0.47693324 2.18589139
v 0.01008121 -0.47844839 2.18588972
v 0.00959654 -0.47989821 2.18618608
v 0.01162670 -0.47557038 2.18613529
v 0.01126241 -0.47712123 2.18576860
v 0.01093716 -0.47872066 2.18571210
v 0.01067495 -0.48024118 2.18596268
v 0.01194235 -0.47561324 2.18610406
v 0.01188175 -0.47720557 2.18570685
v 0.01183628 -0.47884357 2.18562222
v 0.01180879 -0.48039693 2.18584800
v 0.01226054 -0.47560251 2.18610358
v 0.01250732 -0.47718477 2.18570733
v 0.01274400 -0.47881305 2.18562293
v 0.01295319 -0.48035789 2.18584967
v 0.01257100 -0.47553778 2.18613601
v 0.01311362 -0.47705865 2.18577003
v 0.01362491 -0.47863013 2.18571496
v 0.01406334 -0.48012781 2.18596554
v 0.01285910 -0.47542310 2.18619823
v 0.01367955 -0.47683227 2.18589330
v 0.01444595 -0.47830224 2.18589401
v 0.01509859 -0.47971386 2.18619156
v 0.01311453 -0.47526044 2.18629074
v 0.01418115 -0.47651458 2.18607259
v 0.01517496 -0.47784096 2.18615413
v 0.01601895 -0.47913313 2.18651986
v 0.01332922 -0.47505891 2.18640661
v 0.01460110 -0.47611833 2.18630123
v 0.01578420 -0.47726536 2.18648553
v 0.01678687 -0.47840583 2.18693757
v 0.01349271 -0.47482401 2.18654346
v 0.01492212 -0.47565764 2.18656898
v 0.01625064 -0.47659647 2.18687439
v 0.01737549 -0.47756225 2.18742800
v 0.01360056 -0.47456527 2.18669510
v 0.01513310 -0.47515130 2.18686628
v 0.01655656 -0.47586083 2.18730617
v 0.01775973 -0.47663486 2.18797231
v 0.01364616 -0.47429395 2.18685675
v 0.01522376 -0.47461724 2.18718171
v 0.01668897 -0.47508568 2.18776441
v 0.01792882 -0.47565722 2.18854952
v 0.01363076 -0.47401845 2.18702126
v 0.01519272 -0.47407651 2.18750548
v 0.01664327 -0.47430187 2.18823314
v 0.01786986 -0.47466946 2.18913937
v 0.01355252 -0.47374964 2.18718219
v 0.01503953 -0.47355199 2.18782067
v 0.01642082 -0.47353911 2.18869090
v 0.01759032 -0.47370791 2.18971729
v 0.01341676 -0.47349918 2.18733358
v 0.01477165 -0.47306073 2.18811798
v 0.01603134 -0.47282612 2.18912220
v 0.01709829 -0.47281009 2.19026136
v 0.01322540 -0.47327715 2.18746948
v 0.01439815 -0.47262406 2.18838429
v 0.01549015 -0.47219121 2.18951011
v 0.01641565 -0.47200799 2.19075060
v 0.01298932 -0.47308981 2.18758607
v 0.01393475 -0.47225672 2.18861198
v 0.01481614 -0.47165835 2.18983936
v 0.01556524 -0.47133660 2.19116592
v 0.01271553 -0.47294527 2.18767619
v 0.01339722 -0.47197372 2.18879008
v 0.01403605 -0.47124827 2.19009757
v 0.01458183 -0.47081900 2.19149184
v 0.01241431 -0.47284937 2.18773890
v 0.01280833 -0.47178590 2.18891239
v 0.01318056 -0.47097588 2.19027567
v 0.01350367 -0.47047645 2.19171596
v 0.01209908 -0.47280616 2.18777037
v 0.01218883 -0.47170103 2.18897414
v 0.01228153 -0.47085249 2.19036531
v 0.01236998 -0.47031993 2.19182944
v 0.01178082 -0.47281677 2.18777013
v 0.01156330 -0.47172225 2.18897390
v 0.01137403 -0.47088242 2.19036484
v 0.01122557 -0.47035909 2.19182754
v 0.01147050 -0.47288108 2.18773699
v 0.01095725 -0.47184777 2.18890929
v 0.01049277 -0.47106504 2.19027185
v 0.01011549 -0.47058856 2.19171143
v 0.01118257 -0.47299528 2.18767381
v 0.01039117 -0.47207332 2.18878531
v 0.00967185 -0.47139275 2.19009209
v 0.00908010 -0.47100222 2.19148445
v 0.01092682 -0.47315788 2.18758202
v 0.00988925 -0.47239053 2.18860579
v 0.00894261 -0.47185338 2.18983173
v 0.00815992 -0.47158235 2.19115639
v 0.01071209 -0.47335970 2.18746614
v 0.00946923 -0.47278708 2.18837786
v 0.00833365 -0.47242916 2.18950009
v 0.00739175 -0.47230905 2.19073796
v 0.01201584 -0.47412705 2.18680143
v 0.01054876 -0.47359574 2.18732882
v 0.00914794 -0.47324765 2.18810964
v 0.00786687 -0.47309768 2.18911076
v 0.00680336 -0.47315270 2.19024730
v 0.01044150 -0.47385406 2.18717623
v 0.00893731 -0.47375536 2.18781137
v 0.00756103 -0.47383475 2.18867755
v 0.00641888 -0.47408086 2.18970156
v 0.00509890 -0.47543526 2.18990755
v 0.00332164 -0.47608477 2.19122744
v 0.00182492 -0.47697610 2.19291282
v 0.00073627 -0.47802448 2.19480491
v 0.00009838 -0.47919136 2.19683242
v -0.00006717 -0.48042977 2.19891572
v 0.00024848 -0.48169351 2.20097399
v 0.00103082 -0.48293293 2.20292974
v 0.00225222 -0.48410106 2.20470834
v 0.00386445 -0.48515284 2.20623970
v 0.00580489 -0.48604763 2.20746684
v 0.00800168 -0.48675150 2.20834136
v 0.01036728 -0.48723674 2.20882964
v 0.00516754 -0.47662395 2.18919969
v 0.00340857 -0.47758126 2.19033623
v 0.00192704 -0.47873616 2.19186425
v 0.00084991 -0.47998011 2.19364071
v 0.00021821 -0.48126721 2.19559622
v 0.00005632 -0.48254675 2.19765472
v 0.00036858 -0.48376906 2.19973803
v 0.00114430 -0.48488820 2.20176506
v 0.00235430 -0.48586154 2.20366025
v 0.00395146 -0.48664939 2.20534897
v 0.00587407 -0.48722404 2.20676637
v 0.00804733 -0.48756158 2.20785904
v 0.01039096 -0.48764932 2.20858335
v 0.00550445 -0.47778058 2.18850613
v 0.00383146 -0.47903895 2.18946195
v 0.00242535 -0.48044968 2.19083691
v 0.00140366 -0.48188436 2.19249988
v 0.00080578 -0.48328888 2.19438362
v 0.00065421 -0.48460782 2.19641829
v 0.00095511 -0.48579067 2.19852543
v 0.00169770 -0.48679173 2.20062375
v 0.00285221 -0.48757446 2.20263243
v 0.00437429 -0.48810673 2.20447445
v 0.00620584 -0.48836815 2.20608044
v 0.00827711 -0.48835027 2.20738626
v 0.01050798 -0.48805141 2.20834255
v 0.00609347 -0.47886074 2.18785286
v 0.00457502 -0.48039973 2.18863988
v 0.00329974 -0.48204958 2.18986988
v 0.00237524 -0.48366261 2.19142437
v 0.00183673 -0.48517585 2.19324279
v 0.00170557 -0.48653185 2.19525528
v 0.00198684 -0.48767757 2.19738460
v 0.00266891 -0.48857033 2.19954824
v 0.00372591 -0.48917460 2.20166540
v 0.00511672 -0.48946726 2.20365143
v 0.00678950 -0.48943770 2.20543361
v 0.00867926 -0.48908579 2.20694113
v 0.01071241 -0.48842669 2.20811510
v 0.00691557 -0.47982383 2.18726563
v 0.00561002 -0.48161209 2.18790078
v 0.00451636 -0.48347539 2.18900013
v 0.00372719 -0.48524678 2.19045782
v 0.00327249 -0.48685741 2.19221663
v 0.00316941 -0.48824644 2.19420862
v 0.00342220 -0.48935914 2.19635820
v 0.00402067 -0.49015397 2.19858193
v 0.00494216 -0.49060017 2.20079494
v 0.00615201 -0.49067950 2.20291162
v 0.00760261 -0.49039018 2.20485210
v 0.00923869 -0.48974264 2.20654011
v 0.01099841 -0.48876107 2.20791149
v 0.00793721 -0.48063129 2.18676686
v 0.00689641 -0.48262990 2.18727183
v 0.00602893 -0.48467183 2.18826103
v 0.00540799 -0.48657632 2.18963647
v 0.00505664 -0.48826957 2.19134426
v 0.00498823 -0.48968595 2.19331932
v 0.00520652 -0.49077111 2.19548607
v 0.00570113 -0.49148333 2.19776011
v 0.00645469 -0.49179602 2.20005584
v 0.00743771 -0.49169713 2.20228291
v 0.00861316 -0.49118936 2.20435858
v 0.00993588 -0.49029279 2.20619988
v 0.01135260 -0.48904181 2.20773745
v 0.00911940 -0.48125303 2.18637633
v 0.00838561 -0.48341334 2.18677878
v 0.00777944 -0.48559308 2.18768072
v 0.00735315 -0.48760027 2.18899202
v 0.00712093 -0.48935616 2.19065976
v 0.00709383 -0.49079382 2.19262171
v 0.00726975 -0.49185777 2.19480133
v 0.00764589 -0.49250698 2.19711542
v 0.00820473 -0.49271715 2.19947577
v 0.00892657 -0.49248016 2.20179009
v 0.00978324 -0.49180502 2.20397067
v 0.01074099 -0.49071705 2.20593309
v 0.01176332 -0.48925763 2.20760179
v 0.01041612 -0.48166573 2.18610716
v 0.01002018 -0.48393250 2.18643999
v 0.00970087 -0.48620433 2.18728185
v 0.00948808 -0.48827934 2.18854856
v 0.00938771 -0.49007648 2.19018936
v 0.00940405 -0.49152720 2.19214249
v 0.00953673 -0.49257803 2.19433069
v 0.00978060 -0.49318564 2.19667244
v 0.01012603 -0.49332798 2.19907665
v 0.01056069 -0.49299896 2.20145059
v 0.01106609 -0.49221253 2.20370436
v 0.01162470 -0.49099845 2.20574927
v 0.01221448 -0.48940092 2.20750833
v 0.01177886 -0.48185217 2.18597031
v 0.01173606 -0.48416775 2.18626761
v 0.01171899 -0.48648119 2.18707967
v 0.01172958 -0.48858631 2.18832421
v 0.01176703 -0.49040192 2.18995142
v 0.01183012 -0.49186003 2.19190001
v 0.01191660 -0.49290365 2.19409299
v 0.01202201 -0.49349284 2.19644737
v 0.01214352 -0.49360466 2.19887447
v 0.01227601 -0.49323410 2.20127869
v 0.01241449 -0.49239767 2.20356894
v 0.01255339 -0.49112546 2.20565629
v 0.01268757 -0.48946595 2.20746088
v 0.01315438 -0.48180628 2.18597174
v 0.01346759 -0.48411000 2.18626928
v 0.01375641 -0.48641288 2.18708205
v 0.01399238 -0.48851061 2.18832684
v 0.01416946 -0.49032223 2.18995380
v 0.01427980 -0.49177825 2.19190192
v 0.01431858 -0.49282336 2.19409537
v 0.01428466 -0.49341726 2.19644976
v 0.01418036 -0.49353647 2.19887686
v 0.01400776 -0.49317646 2.20128083
v 0.01377558 -0.49235177 2.20357037
v 0.01349118 -0.49109423 2.20565724
v 0.01316574 -0.48945022 2.20746160
v 0.01448970 -0.48152906 2.18611145
v 0.01515057 -0.48376167 2.18644524
v 0.01573446 -0.48600233 2.18728876
v 0.01619051 -0.48805475 2.18855643
v 0.01650329 -0.48983872 2.19019723
v 0.01665922 -0.49128544 2.19215035
v 0.01665208 -0.49233985 2.19433856
v 0.01648250 -0.49296129 2.19667983
v 0.01615817 -0.49312627 2.19908357
v 0.01569026 -0.49282765 2.20145631
v 0.01509659 -0.49207801 2.20370865
v 0.01440138 -0.49090487 2.20575285
v 0.01362977 -0.48935366 2.20750999
v 0.01573370 -0.48103243 2.18638301
v 0.01671802 -0.48313487 2.18678808
v 0.01757724 -0.48526597 2.18769169
v 0.01823824 -0.48723650 2.18900418
v 0.01867596 -0.48896950 2.19067335
v 0.01887453 -0.49039936 2.19263482
v 0.01882430 -0.49147058 2.19481468
v 0.01852987 -0.49214244 2.19712806
v 0.01800053 -0.49238992 2.19948673
v 0.01725749 -0.49220139 2.20179892
v 0.01632833 -0.49158621 2.20397806
v 0.01524888 -0.49056643 2.20593810
v 0.01406239 -0.48918104 2.20760417
v 0.01683887 -0.48033369 2.18677783
v 0.01810964 -0.48225486 2.18728495
v 0.01921372 -0.48423159 2.18827581
v 0.02005707 -0.48608685 2.18965340
v 0.02060697 -0.48774934 2.19136238
v 0.02084291 -0.48915464 2.19333744
v 0.02075566 -0.49025035 2.19550371
v 0.02034832 -0.49099326 2.19777656
v 0.01963712 -0.49135530 2.20007086
v 0.01864908 -0.49132156 2.20229602
v 0.01742153 -0.49089497 2.20436835
v 0.01600282 -0.49009037 2.20620704
v 0.01444548 -0.48893774 2.20774150
v 0.01776280 -0.47946101 2.18727899
v 0.01927389 -0.48115540 2.18791628
v 0.02058208 -0.48293841 2.18901896
v 0.02157725 -0.48465037 2.19047832
v 0.02222101 -0.48622364 2.19223857
v 0.02248861 -0.48759997 2.19423056
v 0.02237000 -0.48872495 2.19637990
v 0.02186821 -0.48955679 2.19860220
v 0.02100460 -0.49006248 2.20081329
v 0.01981257 -0.49022198 2.20292759
v 0.01833566 -0.49003118 2.20486450
v 0.01663223 -0.48949456 2.20654917
v 0.01476692 -0.48863512 2.20791554
v 0.01846860 -0.47844720 2.18786812
v 0.02016383 -0.47987866 2.18865848
v 0.02162859 -0.48143685 2.18989110
v 0.02274055 -0.48298132 2.19144797
v 0.02345570 -0.48445314 2.19326758
v 0.02374764 -0.48579359 2.19528079
v 0.02360467 -0.48695493 2.19740891
v 0.02303139 -0.48788798 2.19957209
v 0.02205155 -0.48856115 2.20168638
v 0.02070228 -0.48894536 2.20366955
v 0.01903493 -0.48902738 2.20544815
v 0.01711340 -0.48880398 2.20695114
v 0.01501217 -0.48828238 2.20812035
v 0.01893217 -0.47733176 2.18852234
v 0.02074736 -0.47847188 2.18948221
v 0.02231489 -0.47978413 2.19086027
v 0.02350293 -0.48114431 2.19252372
v 0.02426402 -0.48250359 2.19441104
v 0.02457051 -0.48380667 2.19644618
v 0.02441258 -0.48500502 2.19855261
v 0.02379330 -0.48605210 2.20064926
v 0.02273636 -0.48690879 2.20265532
v 0.02128436 -0.48753941 2.20449471
v 0.01949207 -0.48792374 2.20609522
v 0.01742934 -0.48804355 2.20739675
v 0.01517298 -0.48789501 2.20834780
v 0.01913445 -0.47615516 2.18921566
v 0.02100133 -0.47699118 2.19035578
v 0.02261351 -0.47804236 2.19188809
v 0.02383322 -0.47921056 2.19366717
v 0.02461398 -0.48045146 2.19562340
v 0.02492867 -0.48171425 2.19768381
v 0.02476191 -0.48295307 2.19976592
v 0.02412296 -0.48411953 2.20179152
v 0.02303421 -0.48516893 2.20368409
v 0.02153689 -0.48606050 2.20536900
v 0.01969115 -0.48676115 2.20678234
v 0.01756598 -0.48724270 2.20787024
v 0.01524306 -0.48748672 2.20858908
v 0.01906468 -0.47496808 2.18992400
v 0.02091429 -0.47549534 2.19124699
v 0.02251036 -0.47628325 2.19293666
v 0.02371939 -0.47725624 2.19483089
v 0.02449394 -0.47837549 2.19686031
v 0.02480476 -0.47959840 2.19894385
v 0.02464208 -0.48087752 2.20100212
v 0.02400934 -0.48216403 2.20295596
v 0.02293114 -0.48340905 2.20473242
v 0.02144975 -0.48456407 2.20625997
v 0.01962200 -0.48558486 2.20748305
v 0.01751915 -0.48643267 2.20835280
v 0.01521880 -0.48707414 2.20883489
v 0.01872662 -0.47381270 2.19061899
v 0.02048884 -0.47403944 2.19212317
v 0.02201085 -0.47457111 2.19396472
v 0.02316511 -0.47535330 2.19597292
v 0.02390684 -0.47635484 2.19807243
v 0.02420728 -0.47753775 2.20017982
v 0.02405512 -0.47885633 2.20221424
v 0.02345590 -0.48026073 2.20409775
v 0.02243370 -0.48169595 2.20575976
v 0.02102667 -0.48310697 2.20713425
v 0.01928993 -0.48444086 2.20816898
v 0.01728931 -0.48564416 2.20882535
v 0.01510180 -0.48667192 2.20907617
v 0.01813695 -0.47273350 2.19127274
v 0.01974517 -0.47267973 2.19294620
v 0.02113621 -0.47297215 2.19493246
v 0.02219392 -0.47357553 2.19704866
v 0.02287520 -0.47446835 2.19921350
v 0.02315559 -0.47561389 2.20134306
v 0.02302358 -0.47696978 2.20335484
v 0.02248490 -0.47848314 2.20517254
v 0.02155930 -0.48009628 2.20672703
v 0.02028403 -0.48174644 2.20795703
v 0.01870621 -0.48337114 2.20881581
v 0.01688717 -0.48490816 2.20927048
v 0.01489738 -0.48629618 2.20930338
v 0.01731517 -0.47177112 2.19186044
v 0.01870931 -0.47146809 2.19368696
v 0.01991959 -0.47154719 2.19580317
v 0.02084115 -0.47199219 2.19801521
v 0.02143937 -0.47278750 2.20023990
v 0.02169218 -0.47389960 2.20238924
v 0.02158799 -0.47528887 2.20438147
v 0.02113266 -0.47689915 2.20613956
v 0.02034303 -0.47867072 2.20759678
v 0.01924922 -0.48053414 2.20869637
v 0.01789355 -0.48241842 2.20939732
v 0.01632780 -0.48425138 2.20967150
v 0.01461129 -0.48596233 2.20950699
v 0.01629386 -0.47096372 2.19235945
v 0.01742310 -0.47045064 2.19431567
v 0.01840677 -0.47035146 2.19654298
v 0.01916053 -0.47066295 2.19883752
v 0.01965480 -0.47137576 2.20111275
v 0.01987321 -0.47246075 2.20327902
v 0.01980354 -0.47387695 2.20525408
v 0.01945237 -0.47557020 2.20696092
v 0.01883029 -0.47747481 2.20833611
v 0.01796318 -0.47951710 2.20932579
v 0.01688256 -0.48161948 2.20989108
v 0.01563088 -0.48370123 2.21001148
v 0.01425717 -0.48568153 2.20968056
v 0.01281216 -0.48748517 2.20891380
v 0.01511201 -0.47034276 2.19275117
v 0.01593455 -0.46966803 2.19480896
v 0.01665602 -0.46943009 2.19712281
v 0.01721467 -0.46963936 2.19948268
v 0.01759108 -0.47028887 2.20179772
v 0.01776783 -0.47135293 2.20397711
v 0.01773965 -0.47279030 2.20593882
v 0.01750672 -0.47454619 2.20760608
v 0.01708048 -0.47655368 2.20891666
v 0.01647479 -0.47873378 2.20981908
v 0.01571268 -0.48100412 2.21027923
v 0.01482591 -0.48327780 2.21027827
v 0.01384629 -0.48546541 2.20981669
v 0.01381530 -0.46992952 2.19302034
v 0.01429992 -0.46914899 2.19514823
v 0.01473526 -0.46881926 2.19752216
v 0.01508024 -0.46896088 2.19992614
v 0.01532457 -0.46956873 2.20226860
v 0.01545725 -0.47061932 2.20445704
v 0.01547347 -0.47206974 2.20640969
v 0.01537224 -0.47386742 2.20805001
v 0.01515958 -0.47594273 2.20931602
v 0.01484001 -0.47821474 2.21015787
v 0.01442986 -0.48059642 2.21054554
v 0.01394154 -0.48299575 2.21046257
v 0.01339535 -0.48532248 2.20991063
v 0.01245292 -0.46974230 2.19315696
v 0.01258479 -0.46891320 2.19531989
v 0.01271745 -0.46854270 2.19772458
v 0.01283923 -0.46865344 2.20015073
v 0.01294476 -0.46924305 2.20250654
v 0.01303091 -0.47028542 2.20470095
v 0.01309363 -0.47174454 2.20664763
v 0.01313143 -0.47356033 2.20827413
v 0.01314166 -0.47566593 2.20951819
v 0.01312479 -0.47797930 2.21033025
v 0.01308145 -0.48041153 2.21068096
v 0.01301292 -0.48286927 2.21055508
v 0.01292201 -0.48525739 2.20995784
v 0.01107742 -0.46978867 2.19315529
v 0.01085342 -0.46897125 2.19531822
v 0.01068034 -0.46861058 2.19772220
v 0.01057659 -0.46872908 2.20014858
v 0.01054276 -0.46932268 2.20250416
v 0.01058135 -0.47036803 2.20469713
v 0.01069150 -0.47182417 2.20664501
v 0.01086893 -0.47363591 2.20827174
v 0.01110516 -0.47573423 2.20951557
v 0.01139311 -0.47803760 2.21032834
v 0.01172025 -0.48045743 2.21067858
v 0.01207519 -0.48289979 2.21055460
v 0.01244405 -0.48527312 2.20995736
v 0.00974251 -0.47006553 2.19301486
v 0.00917006 -0.46931970 2.19514227
v 0.00870262 -0.46902084 2.19751477
v 0.00837862 -0.46918499 2.19991803
v 0.00820920 -0.46980631 2.20226002
v 0.00820361 -0.47086120 2.20444870
v 0.00835822 -0.47230780 2.20640087
v 0.00867114 -0.47409230 2.20804167
v 0.00912704 -0.47614461 2.20930839
v 0.00971086 -0.47838593 2.21015215
v 0.01039979 -0.48073137 2.21054125
v 0.01116538 -0.48308933 2.21045876
v 0.01197987 -0.48536968 2.20990896
v 0.00849805 -0.47056103 2.19274282
v 0.00760323 -0.46994543 2.19479871
v 0.00685974 -0.46975684 2.19711113
v 0.00633058 -0.47000360 2.19946957
v 0.00603607 -0.47067559 2.20178366
v 0.00598642 -0.47174674 2.20396352
v 0.00618574 -0.47317743 2.20592475
v 0.00662348 -0.47491056 2.20759344
v 0.00728489 -0.47688115 2.20890570
v 0.00814395 -0.47901225 2.20980906
v 0.00916787 -0.48122323 2.21027112
v 0.01031770 -0.48342752 2.21027327
v 0.01154741 -0.48554194 2.20981455
v 0.00739261 -0.47125942 2.19234776
v 0.00621122 -0.47082472 2.19430184
v 0.00522262 -0.47079051 2.19652724
v 0.00451206 -0.47115242 2.19882059
v 0.00410559 -0.47189593 2.20109415
v 0.00401845 -0.47299165 2.20326018
v 0.00425494 -0.47439754 2.20523572
v 0.00480504 -0.47606003 2.20694399
v 0.00564822 -0.47791529 2.20832157
v 0.00675233 -0.47989184 2.20931220
v 0.00807429 -0.48191416 2.20988107
v 0.00956343 -0.48390394 2.21000433
v 0.01116404 -0.48578531 2.20967650
v 0.00646883 -0.47213197 2.19184637
v 0.00504750 -0.47192353 2.19366980
v 0.00385515 -0.47208327 2.19578385
v 0.00299193 -0.47258878 2.19799447
v 0.00249131 -0.47342092 2.20021772
v 0.00237276 -0.47454578 2.20236731
v 0.00264105 -0.47592247 2.20435905
v 0.00328523 -0.47749603 2.20611906
v 0.00428080 -0.47920805 2.20757866
v 0.00558901 -0.48099136 2.20868063
v 0.00716019 -0.48277771 2.20938516
v 0.00893446 -0.48449951 2.20966244
v 0.01084260 -0.48608804 2.20950294
v 0.00576291 -0.47314584 2.19125700
v 0.00415747 -0.47320032 2.19292736
v 0.00280845 -0.47358477 2.19491100
v 0.00182852 -0.47425687 2.19702482
v 0.00125661 -0.47519082 2.19918895
v 0.00111409 -0.47635174 2.20131755
v 0.00140617 -0.47769237 2.20333028
v 0.00212212 -0.47916436 2.20514917
v 0.00323430 -0.48070931 2.20670557
v 0.00469929 -0.48226798 2.20793867
v 0.00646147 -0.48378146 2.20880127
v 0.00845296 -0.48519033 2.20926118
v 0.01059764 -0.48644042 2.20929813
v 0.00529980 -0.47426116 2.19060230
v 0.00357472 -0.47460622 2.19210243
v 0.00212281 -0.47523671 2.19394159
v 0.00106667 -0.47609222 2.19594765
v 0.00044835 -0.47713977 2.19804525
v 0.00029077 -0.47833812 2.20015192
v 0.00059797 -0.47964180 2.20218682
v 0.00136086 -0.48100036 2.20407224
v 0.00254907 -0.48236191 2.20573640
v 0.00411720 -0.48367369 2.20711374
v 0.00600429 -0.48488492 2.20815420
v 0.00813700 -0.48595047 2.20881462
v 0.01043673 -0.48682797 2.20907092
v -0.05247108 -0.46973717 2.19061542
v -0.05404925 -0.46986639 2.19107342
v -0.05551138 -0.47016495 2.19177699
v -0.05674512 -0.47060400 2.19266129
v -0.05246826 -0.47000670 2.19044375
v -0.05404346 -0.47039640 2.19073796
v -0.05550195 -0.47093433 2.19128990
v -0.05673144 -0.47157425 2.19204712
v -0.05240199 -0.47027206 2.19027686
v -0.05391360 -0.47091532 2.19041085
v -0.05531405 -0.47168779 2.19081450
v -0.05649548 -0.47252405 2.19144821
v -0.05227674 -0.47052097 2.19011974
v -0.05366681 -0.47140378 2.19010329
v -0.05495564 -0.47239757 2.19036865
v -0.05604334 -0.47341901 2.19088650
v -0.05209463 -0.47074461 2.18998098
v -0.05331160 -0.47184354 2.18983030
v -0.05444035 -0.47303563 2.18997097
v -0.05539395 -0.47422493 2.19038439
v -0.05186604 -0.47093606 2.18986273
v -0.05286222 -0.47221708 2.18959904
v -0.05378758 -0.47357839 2.18963623
v -0.05456955 -0.47490883 2.18996215
v -0.05159725 -0.47108507 2.18977237
v -0.05233468 -0.47251093 2.18942118
v -0.05302209 -0.47400403 2.18937731
v -0.05360439 -0.47544611 2.18963575
v -0.05129853 -0.47118837 2.18971109
v -0.05175117 -0.47271252 2.18930173
v -0.05217384 -0.47429693 2.18920326
v -0.05253562 -0.47581494 2.18941689
v -0.05098340 -0.47124016 2.18968201
v -0.05113166 -0.47281474 2.18924522
v -0.05127514 -0.47444546 2.18912172
v -0.05140249 -0.47600251 2.18931293
v -0.05066264 -0.47123975 2.18968630
v -0.05050187 -0.47281390 2.18925381
v -0.05036069 -0.47444415 2.18913460
v -0.05024929 -0.47600043 2.18933058
v -0.05034762 -0.47118640 2.18972492
v -0.04988576 -0.47270894 2.18932891
v -0.04946599 -0.47429252 2.18924356
v -0.04912177 -0.47580934 2.18946671
v -0.05005266 -0.47108269 2.18979549
v -0.04930612 -0.47250527 2.18946648
v -0.04862493 -0.47399706 2.18944287
v -0.04806126 -0.47543657 2.18971825
v -0.04978805 -0.47093177 2.18989468
v -0.04878706 -0.47221035 2.18966055
v -0.04787014 -0.47356850 2.18972445
v -0.04710846 -0.47489631 2.19007301
v -0.04956260 -0.47074074 2.19001818
v -0.04834567 -0.47183591 2.18990397
v -0.04723005 -0.47302377 2.19007850
v -0.04630198 -0.47420937 2.19052005
v -0.04938727 -0.47051620 2.19016242
v -0.04800110 -0.47139442 2.19018841
v -0.04672994 -0.47238386 2.19049096
v -0.04567117 -0.47340202 2.19104004
v -0.04926824 -0.47026587 2.19032288
v -0.04776550 -0.47090530 2.19050097
v -0.04638816 -0.47167307 2.19094610
v -0.04524112 -0.47250664 2.19161367
v -0.04920786 -0.47000134 2.19049168
v -0.04764907 -0.47038531 2.19083285
v -0.04621901 -0.47091877 2.19142723
v -0.04502613 -0.47155476 2.19221950
v -0.04921182 -0.46973181 2.19066286
v -0.04765564 -0.46985590 2.19116879
v -0.04622820 -0.47014982 2.19191432
v -0.04504095 -0.47058463 2.19283152
v -0.04927937 -0.46946824 2.19082785
v -0.04778675 -0.46933770 2.19149256
v -0.04641778 -0.46939623 2.19238663
v -0.04527695 -0.46963561 2.19343042
v -0.04940461 -0.46921957 2.19098353
v -0.04803393 -0.46884930 2.19179940
v -0.04677676 -0.46868706 2.19283175
v -0.04572954 -0.46874100 2.19399190
v -0.04958676 -0.46899581 2.19112301
v -0.04838969 -0.46841025 2.19207358
v -0.04729213 -0.46804941 2.19322968
v -0.04637944 -0.46793604 2.19449401
v -0.04981545 -0.46880484 2.19124103
v -0.04883887 -0.46803701 2.19230461
v -0.04794532 -0.46750736 2.19356513
v -0.04720388 -0.46725345 2.19491696
v -0.05008423 -0.46865630 2.19133258
v -0.04936694 -0.46774423 2.19248366
v -0.04871072 -0.46708250 2.19382477
v -0.04816914 -0.46671700 2.19524455
v -0.05038287 -0.46855378 2.19139433
v -0.04995016 -0.46754289 2.19260454
v -0.04955901 -0.46678966 2.19399929
v -0.04923784 -0.46634877 2.19546366
v -0.05069807 -0.46850193 2.19142294
v -0.05056949 -0.46744096 2.19266033
v -0.05045765 -0.46664208 2.19408107
v -0.05037094 -0.46616113 2.19556761
v -0.05101856 -0.46850228 2.19141793
v -0.05119966 -0.46744215 2.19265151
v -0.05137224 -0.46664393 2.19406796
v -0.05152437 -0.46616447 2.19555068
v -0.05133363 -0.46855581 2.19138002
v -0.05181526 -0.46754706 2.19257689
v -0.05226676 -0.46679628 2.19395947
v -0.05265171 -0.46635568 2.19541430
v -0.05162871 -0.46865964 2.19131017
v -0.05239504 -0.46775067 2.19243956
v -0.05310796 -0.46709168 2.19376087
v -0.05371232 -0.46672899 2.19516349
v -0.05189326 -0.46881056 2.19121075
v -0.05291435 -0.46804667 2.19224548
v -0.05386291 -0.46752024 2.19347906
v -0.05466492 -0.46726823 2.19480801
v -0.05211856 -0.46900129 2.19108701
v -0.05335515 -0.46842074 2.19200182
v -0.05450266 -0.46806383 2.19312429
v -0.05547135 -0.46795630 2.19436121
v -0.05083839 -0.46978539 2.19041634
v -0.05229395 -0.46922612 2.19094181
v -0.05369968 -0.46886212 2.19171715
v -0.05500291 -0.46870464 2.19271159
v -0.05610286 -0.46876276 2.19384027
v -0.05241467 -0.46947575 2.19078112
v -0.05393520 -0.46935010 2.19140315
v -0.05534443 -0.46941566 2.19225621
v -0.05653207 -0.46965879 2.19326639
v -0.05794847 -0.47097445 2.19342279
v -0.05980611 -0.47161031 2.19471431
v -0.06140473 -0.47250903 2.19637036
v -0.06260737 -0.47358477 2.19823718
v -0.06336684 -0.47479618 2.20024300
v -0.06365598 -0.47609591 2.20231009
v -0.06346338 -0.47743541 2.20435715
v -0.06279787 -0.47876191 2.20630741
v -0.06168246 -0.48002481 2.20808625
v -0.06015989 -0.48117542 2.20962429
v -0.05829150 -0.48217034 2.21086359
v -0.05614668 -0.48297006 2.21175623
v -0.05380788 -0.48354417 2.21226621
v -0.05793267 -0.47214115 2.19268537
v -0.05978737 -0.47307825 2.19378471
v -0.06138242 -0.47423577 2.19527745
v -0.06258310 -0.47550213 2.19702196
v -0.06334206 -0.47683233 2.19895339
v -0.06363027 -0.47817218 2.20099401
v -0.06343934 -0.47947103 2.20306683
v -0.06277420 -0.48067880 2.20509219
v -0.06166055 -0.48175073 2.20699215
v -0.06014193 -0.48264265 2.20869446
v -0.05827663 -0.48332357 2.21013260
v -0.05613701 -0.48376453 2.21125245
v -0.05380264 -0.48394895 2.21200967
v -0.05764729 -0.47328335 2.19196510
v -0.05942873 -0.47451854 2.19287729
v -0.06096004 -0.47592807 2.19421005
v -0.06211377 -0.47738326 2.19583750
v -0.06284487 -0.47882867 2.19769454
v -0.06312443 -0.48020649 2.19971085
v -0.06294256 -0.48146749 2.20180750
v -0.06230571 -0.48255897 2.20390630
v -0.06123947 -0.48344272 2.20592523
v -0.05978428 -0.48408180 2.20778632
v -0.05799573 -0.48445338 2.20942020
v -0.05594239 -0.48454303 2.21076155
v -0.05370377 -0.48434579 2.21175909
v -0.05710478 -0.47435844 2.19129062
v -0.05874417 -0.47587299 2.19202757
v -0.06015490 -0.47752130 2.19321203
v -0.06121869 -0.47915411 2.19472742
v -0.06189475 -0.48070705 2.19651628
v -0.06215594 -0.48212266 2.19850874
v -0.06199276 -0.48334521 2.20062971
v -0.06141108 -0.48432922 2.20279598
v -0.06043409 -0.48503548 2.20492625
v -0.05910001 -0.48543632 2.20693684
v -0.05745811 -0.48551834 2.20875216
v -0.05557260 -0.48527563 2.21030164
v -0.05351539 -0.48471999 2.21152472
v -0.05632268 -0.47532570 2.19068789
v -0.05775870 -0.47709167 2.19126868
v -0.05899671 -0.47895408 2.19231892
v -0.05993192 -0.48074573 2.19373608
v -0.06052811 -0.48239756 2.19546318
v -0.06076254 -0.48384553 2.19743490
v -0.06062640 -0.48503572 2.19957638
v -0.06012478 -0.48592108 2.20180368
v -0.05927674 -0.48646820 2.20403314
v -0.05811517 -0.48665476 2.20617771
v -0.05668430 -0.48647547 2.20815587
v -0.05503976 -0.48593569 2.20989060
v -0.05324299 -0.48505545 2.21131539
v -0.05533252 -0.47614789 2.19018030
v -0.05651182 -0.47812700 2.19062948
v -0.05753059 -0.48017108 2.19156694
v -0.05830255 -0.48209846 2.19290018
v -0.05879807 -0.48383325 2.19457603
v -0.05899931 -0.48531008 2.19653034
v -0.05889617 -0.48647165 2.19868898
v -0.05849559 -0.48727316 2.20096827
v -0.05781073 -0.48768544 2.20328140
v -0.05686880 -0.48768985 2.20553780
v -0.05570495 -0.48728883 2.20765305
v -0.05436454 -0.48649597 2.20954418
v -0.05290003 -0.48534143 2.21113873
v -0.05417225 -0.47679210 2.18978786
v -0.05505008 -0.47893953 2.19013429
v -0.05581234 -0.48112625 2.19098473
v -0.05639300 -0.48315978 2.19225311
v -0.05677212 -0.48496044 2.19388866
v -0.05693354 -0.48645902 2.19582987
v -0.05687081 -0.48759842 2.19800138
v -0.05658645 -0.48833483 2.20032072
v -0.05609277 -0.48864031 2.20269847
v -0.05540755 -0.48850209 2.20504236
v -0.05455638 -0.48792648 2.20726371
v -0.05357414 -0.48693490 2.20927620
v -0.05249653 -0.48556542 2.21100235
v -0.05288666 -0.47723556 2.18952417
v -0.05342967 -0.47949731 2.18980193
v -0.05390774 -0.48178303 2.19059396
v -0.05427678 -0.48388928 2.19181871
v -0.05452532 -0.48573470 2.19342780
v -0.05464271 -0.48724818 2.19536018
v -0.05462387 -0.48837274 2.19754076
v -0.05447036 -0.48906463 2.19988608
v -0.05418881 -0.48929667 2.20230794
v -0.05378732 -0.48906028 2.20471025
v -0.05328467 -0.48836493 2.20700264
v -0.05269783 -0.48723769 2.20909619
v -0.05204968 -0.48571980 2.21091080
v -0.05152447 -0.47746003 2.18939972
v -0.05171515 -0.47977990 2.18964577
v -0.05189047 -0.48211551 2.19040990
v -0.05203617 -0.48425883 2.19161439
v -0.05214638 -0.48612612 2.19321108
v -0.05221653 -0.48764789 2.19513965
v -0.05224537 -0.48876476 2.19732428
v -0.05222983 -0.48943388 2.19968200
v -0.05217158 -0.48962951 2.20212364
v -0.05207276 -0.48934281 2.20455384
v -0.05193690 -0.48858768 2.20687962
v -0.05176925 -0.48739076 2.20901132
v -0.05157647 -0.48579770 2.21086717
v -0.05013863 -0.47745740 2.18942070
v -0.04996995 -0.47977638 2.18967175
v -0.04983793 -0.48211122 2.19044018
v -0.04975638 -0.48425424 2.19164753
v -0.04972621 -0.48612201 2.19324613
v -0.04974919 -0.48764265 2.19517541
v -0.04982507 -0.48876023 2.19735885
v -0.04995012 -0.48942924 2.19971538
v -0.05011972 -0.48962498 2.20215392
v -0.05032798 -0.48933905 2.20457911
v -0.05056547 -0.48858440 2.20690012
v -0.05082476 -0.48738897 2.20902538
v -0.05109499 -0.48579651 2.21087456
v -0.04878289 -0.47722685 2.18958426
v -0.04826108 -0.47948647 2.18987799
v -0.04782907 -0.48177016 2.19068313
v -0.04752411 -0.48387527 2.19191766
v -0.04735634 -0.48571992 2.19353223
v -0.04733378 -0.48723364 2.19546676
v -0.04745482 -0.48835838 2.19764543
v -0.04771806 -0.48905033 2.19998503
v -0.04811073 -0.48928386 2.20239663
v -0.04861939 -0.48904997 2.20478559
v -0.04922396 -0.48835695 2.20706224
v -0.04990050 -0.48723161 2.20913720
v -0.05062336 -0.48571646 2.21093154
v -0.04750792 -0.47677851 2.18988490
v -0.04665508 -0.47892183 2.19025707
v -0.04594100 -0.48110569 2.19112945
v -0.04542638 -0.48313689 2.19241333
v -0.04513002 -0.48493630 2.19405866
v -0.04506310 -0.48643482 2.19600320
v -0.04522935 -0.48757452 2.19817209
v -0.04562071 -0.48831213 2.20048070
v -0.04622343 -0.48861963 2.20284271
v -0.04701370 -0.48848510 2.20516467
v -0.04796218 -0.48791295 2.20736027
v -0.04903217 -0.48692554 2.20934248
v -0.05018048 -0.48556101 2.21103573
v -0.04636357 -0.47612923 2.19031167
v -0.04521387 -0.47810328 2.19079518
v -0.04424665 -0.48014390 2.19176149
v -0.04354348 -0.48206770 2.19311595
v -0.04313139 -0.48380059 2.19480491
v -0.04302545 -0.48527706 2.19676423
v -0.04323044 -0.48643887 2.19891834
v -0.04373815 -0.48724288 2.20118403
v -0.04452892 -0.48765779 2.20347500
v -0.04557347 -0.48766637 2.20570254
v -0.04683015 -0.48727036 2.20778251
v -0.04825127 -0.48648322 2.20963335
v -0.04978350 -0.48533499 2.21118450
v -0.04539352 -0.47530305 2.19084811
v -0.04399215 -0.47706372 2.19146991
v -0.04281069 -0.47892070 2.19255567
v -0.04194763 -0.48070848 2.19399858
v -0.04143660 -0.48235798 2.19574213
v -0.04129782 -0.48380578 2.19771981
v -0.04153634 -0.48499620 2.19985557
v -0.04214255 -0.48588395 2.20206642
v -0.04309331 -0.48643446 2.20427012
v -0.04435155 -0.48662657 2.20637822
v -0.04587045 -0.48645288 2.20831347
v -0.04759089 -0.48591954 2.20999932
v -0.04944620 -0.48504817 2.21137071
v -0.04463676 -0.47433281 2.19147396
v -0.04303746 -0.47584116 2.19225717
v -0.04168778 -0.47748363 2.19348168
v -0.04069963 -0.47911119 2.19502783
v -0.04011240 -0.48066330 2.19683409
v -0.03994748 -0.48207784 2.19883323
v -0.04021142 -0.48330152 2.20094752
v -0.04089515 -0.48428649 2.20309615
v -0.04197115 -0.48499715 2.20519614
v -0.04339783 -0.48540431 2.20716619
v -0.04512060 -0.48549199 2.20893288
v -0.04707444 -0.48525882 2.21042585
v -0.04918337 -0.48471105 2.21158814
v -0.04411868 -0.47325504 2.19216347
v -0.04238604 -0.47448301 2.19312668
v -0.04092146 -0.47588730 2.19450331
v -0.03984760 -0.47733736 2.19616270
v -0.03920860 -0.47877967 2.19804025
v -0.03902706 -0.48015743 2.20006299
v -0.03930858 -0.48141789 2.20215368
v -0.04004370 -0.48251301 2.20423126
v -0.04120506 -0.48340118 2.20621824
v -0.04274696 -0.48404634 2.20803618
v -0.04460991 -0.48442590 2.20961547
v -0.04672131 -0.48452407 2.21089578
v -0.04900356 -0.48433638 2.21182775
v -0.04386232 -0.47211158 2.19289184
v -0.04206355 -0.47304302 2.19404411
v -0.04054147 -0.47419357 2.19558239
v -0.03942631 -0.47545582 2.19736099
v -0.03876134 -0.47678220 2.19931293
v -0.03856954 -0.47812045 2.20136070
v -0.03886146 -0.47942066 2.20342588
v -0.03962233 -0.48063159 2.20543003
v -0.04082567 -0.48170751 2.20729685
v -0.04242411 -0.48260653 2.20895290
v -0.04435540 -0.48329437 2.21033621
v -0.04654807 -0.48374438 2.21139240
v -0.04891478 -0.48393941 2.21208119
v -0.04387684 -0.47094655 2.19363093
v -0.04208199 -0.47157627 2.19497466
v -0.04056365 -0.47246784 2.19667673
v -0.03945013 -0.47353840 2.19857645
v -0.03878600 -0.47474670 2.20060277
v -0.03859625 -0.47604537 2.20267582
v -0.03888567 -0.47738528 2.20471597
v -0.03964584 -0.47871441 2.20664501
v -0.04084680 -0.47998214 2.20839047
v -0.04244224 -0.48113912 2.20988250
v -0.04437034 -0.48214072 2.21106744
v -0.04655638 -0.48294997 2.21189594
v -0.04891937 -0.48353386 2.21233773
v -0.04416199 -0.46980470 2.19435167
v -0.04244024 -0.47013640 2.19588304
v -0.04098541 -0.47077620 2.19774437
v -0.03991923 -0.47165883 2.19976258
v -0.03928307 -0.47275078 2.20186186
v -0.03910245 -0.47401118 2.20395899
v -0.03938266 -0.47538900 2.20597506
v -0.04011419 -0.47683430 2.20783091
v -0.04126811 -0.47828996 2.20945740
v -0.04280004 -0.47969985 2.21079063
v -0.04465136 -0.48101085 2.21177983
v -0.04675096 -0.48217154 2.21238756
v -0.04901836 -0.48313707 2.21258831
v -0.04470472 -0.46872944 2.19502640
v -0.04312480 -0.46878213 2.19673324
v -0.04179065 -0.46918333 2.19874358
v -0.04081429 -0.46988904 2.20087266
v -0.04023321 -0.47087288 2.20304012
v -0.04007060 -0.47209513 2.20516086
v -0.04033284 -0.47351134 2.20715261
v -0.04100892 -0.47506440 2.20894122
v -0.04207309 -0.47669709 2.21045685
v -0.04348418 -0.47834551 2.21164036
v -0.04518868 -0.47994626 2.21244812
v -0.04712143 -0.48143870 2.21284699
v -0.04920673 -0.48276329 2.21282268
v -0.04548669 -0.46776277 2.19562936
v -0.04410987 -0.46756458 2.19749236
v -0.04294784 -0.46775067 2.19963670
v -0.04210085 -0.46829748 2.20186543
v -0.04159960 -0.46918309 2.20409346
v -0.04146380 -0.47037303 2.20623446
v -0.04169877 -0.47182137 2.20820642
v -0.04229532 -0.47347319 2.20993304
v -0.04323049 -0.47526479 2.21134996
v -0.04446885 -0.47712731 2.21239948
v -0.04596243 -0.47898936 2.21304464
v -0.04765360 -0.48077881 2.21325779
v -0.04947910 -0.48242772 2.21303129
v -0.04647682 -0.46694100 2.19613743
v -0.04535671 -0.46652961 2.19813228
v -0.04441456 -0.46653414 2.20038891
v -0.04372989 -0.46694553 2.20270133
v -0.04332879 -0.46774709 2.20498157
v -0.04322620 -0.46890837 2.20713949
v -0.04342817 -0.47038579 2.20909405
v -0.04392411 -0.47212052 2.21076918
v -0.04469648 -0.47404784 2.21210217
v -0.04571540 -0.47609216 2.21303940
v -0.04694199 -0.47817624 2.21354651
v -0.04832922 -0.48021829 2.21360421
v -0.04982213 -0.48214161 2.21320868
v -0.05136593 -0.48387164 2.21237683
v -0.04763731 -0.46629769 2.19653082
v -0.04681762 -0.46571803 2.19862866
v -0.04613272 -0.46557927 2.20097208
v -0.04563915 -0.46588373 2.20334911
v -0.04535472 -0.46661973 2.20566916
v -0.04529352 -0.46775943 2.20784116
v -0.04545374 -0.46925831 2.20978165
v -0.04583321 -0.47105908 2.21141720
v -0.04641414 -0.47309262 2.21268439
v -0.04717645 -0.47527969 2.21353483
v -0.04809055 -0.47753817 2.21393681
v -0.04911968 -0.47977948 2.21387243
v -0.05022542 -0.48191786 2.21334505
v -0.04892245 -0.46585447 2.19679523
v -0.04843840 -0.46515989 2.19896078
v -0.04803652 -0.46492273 2.20136333
v -0.04775511 -0.46515405 2.20378423
v -0.04760144 -0.46584570 2.20613050
v -0.04758256 -0.46697021 2.20831084
v -0.04769989 -0.46848381 2.21024299
v -0.04794903 -0.47032893 2.21185160
v -0.04831852 -0.47243589 2.21307564
v -0.04879611 -0.47472191 2.21386766
v -0.04936187 -0.47709954 2.21419716
v -0.04999547 -0.47947669 2.21405268
v -0.05067247 -0.48176354 2.21343684
v -0.05028449 -0.46562970 2.19691944
v -0.05015280 -0.46487689 2.19911718
v -0.05005360 -0.46459025 2.20154738
v -0.04999560 -0.46478450 2.20398855
v -0.04997985 -0.46545422 2.20634747
v -0.05000761 -0.46656954 2.20853305
v -0.05007859 -0.46809232 2.21045971
v -0.05018935 -0.46995991 2.21205592
v -0.05033513 -0.47210330 2.21325994
v -0.05051062 -0.47443891 2.21402407
v -0.05070972 -0.47687721 2.21432066
v -0.05092406 -0.47932434 2.21413684
v -0.05114556 -0.48168564 2.21347976
v -0.05167033 -0.46563262 2.19689894
v -0.05189756 -0.46488130 2.19909143
v -0.05210619 -0.46459448 2.20151711
v -0.05227514 -0.46478951 2.20395494
v -0.05240024 -0.46545839 2.20631218
v -0.05247608 -0.46657598 2.20849609
v -0.05249903 -0.46809649 2.21042466
v -0.05246846 -0.46996450 2.21202302
v -0.05238726 -0.47210777 2.21322989
v -0.05225546 -0.47444284 2.21399808
v -0.05208122 -0.47688031 2.21430039
v -0.05186854 -0.47932571 2.21412349
v -0.05162715 -0.48168719 2.21347308
v -0.05302649 -0.46586347 2.19673514
v -0.05360667 -0.46517062 2.19888544
v -0.05411484 -0.46493536 2.20127392
v -0.05450694 -0.46516812 2.20368481
v -0.05477050 -0.46586031 2.20602536
v -0.05489217 -0.46698511 2.20820403
v -0.05486883 -0.46849883 2.21013832
v -0.05470048 -0.47034347 2.21175241
v -0.05439607 -0.47244871 2.21298671
v -0.05396450 -0.47473222 2.21379232
v -0.05342270 -0.47710764 2.21413827
v -0.05279317 -0.47948349 2.21401119
v -0.05209855 -0.48176664 2.21341586
v -0.05430087 -0.46631074 2.19643354
v -0.05521224 -0.46573460 2.19850564
v -0.05600325 -0.46559989 2.20082760
v -0.05660582 -0.46590626 2.20318842
v -0.05699657 -0.46664453 2.20549846
v -0.05716293 -0.46778417 2.20766687
v -0.05709480 -0.46928263 2.20961142
v -0.05679881 -0.47108203 2.21125627
v -0.05628329 -0.47311330 2.21254015
v -0.05556999 -0.47529709 2.21341276
v -0.05468431 -0.47755122 2.21383977
v -0.05366134 -0.47978872 2.21380615
v -0.05254167 -0.48192251 2.21331120
v -0.05544518 -0.46696013 2.19600654
v -0.05665342 -0.46655250 2.19796729
v -0.05769812 -0.46656108 2.20019460
v -0.05848891 -0.46697527 2.20248508
v -0.05899580 -0.46778011 2.20475173
v -0.05920056 -0.46894181 2.20690560
v -0.05909403 -0.47041845 2.20886469
v -0.05868142 -0.47215098 2.21055365
v -0.05797800 -0.47407514 2.21190763
v -0.05701084 -0.47611547 2.21287417
v -0.05581663 -0.47819400 2.21341729
v -0.05444215 -0.48023111 2.21351528
v -0.05293852 -0.48214859 2.21316266
v -0.05641551 -0.46778560 2.19546962
v -0.05787582 -0.46759224 2.19729090
v -0.05913426 -0.46778393 2.19939947
v -0.06008540 -0.46833366 2.20160222
v -0.06069063 -0.46922213 2.20381403
v -0.06092805 -0.47041255 2.20595002
v -0.06078852 -0.47186089 2.20792723
v -0.06027740 -0.47351015 2.20967031
v -0.05941368 -0.47529840 2.21111298
v -0.05823226 -0.47715557 2.21219897
v -0.05677615 -0.47901142 2.21288633
v -0.05510257 -0.48079467 2.21314907
v -0.05327595 -0.48243493 2.21297669
v -0.05717287 -0.46875501 2.19484353
v -0.05883085 -0.46881366 2.19650245
v -0.06025733 -0.46922022 2.19847298
v -0.06133307 -0.46993053 2.20057225
v -0.06201530 -0.47091633 2.20272207
v -0.06227825 -0.47214067 2.20483637
v -0.06211299 -0.47355533 2.20683527
v -0.06152476 -0.47510684 2.20864105
v -0.06053659 -0.47673547 2.21018720
v -0.05918594 -0.47837794 2.21141124
v -0.05752603 -0.47997248 2.21226692
v -0.05561903 -0.48145592 2.21272302
v -0.05353880 -0.48277235 2.21275926
v -0.05769119 -0.46983182 2.19415259
v -0.05948371 -0.47017062 2.19563127
v -0.06102489 -0.47081542 2.19745016
v -0.06218565 -0.47170329 2.19943595
v -0.06291948 -0.47279894 2.20151591
v -0.06319898 -0.47406036 2.20360684
v -0.06301636 -0.47543848 2.20562959
v -0.06237603 -0.47688049 2.20750570
v -0.06130207 -0.47833157 2.20916533
v -0.05983701 -0.47973573 2.21054149
v -0.05803699 -0.48103845 2.21158457
v -0.05597217 -0.48219049 2.21225286
v -0.05371869 -0.48314714 2.21251917
f 4 2 1
f 8 6 5
f 13 15 14
f 17 19 18
f 32 30 29
f 36 34 33
f 37 39 38
f 21 23 20
f 25 27 24
f 41 43 42
f 48 46 45
f 52 50 49
f 53 55 54
f 60 58 57
f 29 62 61
f 66 64 63
f 67 6 68
f 72 70 69
f 76 74 73
f 77 79 78
f 81 83 82
f 59 86 85
f 88 90 89
f 96 94 93
f 100 98 97
f 101 103 102
f 106 34 87
f 108 115 107
f 117 36 118
f 124 126 125
f 131 129 128
f 132 134 133
f 142 140 139
f 148 60 147
f 144 127 124
f 149 151 150
f 156 154 153
f 159 158 157
f 116 164 105
f 171 169 168
f 174 173 172
f 179 181 180
f 186 188 187
f 194 196 195
f 199 139 198
f 206 208 207
f 213 211 210
f 202 214 201
f 96 216 54
f 92 43 44
f 97 246 100
f 250 229 228
f 252 58 253
f 258 256 255
f 260 229 259
f 110 112 113
f 114 263 109
f 265 267 266
f 56 270 269
f 274 249 250
f 185 63 64
f 280 278 276
f 285 283 157
f 288 211 212
f 141 92 46
f 289 175 176
f 148 105 106
f 312 170 171
f 238 42 43
f 318 160 317
f 310 308 307
f 241 325 324
f 160 240 317
f 47 307 308
f 108 315 164
f 345 86 119
f 348 350 349
f 356 358 357
f 355 353 352
f 363 32 362
f 149 150 176
f 364 253 365
f 366 368 367
f 183 371 63
f 163 161 160
f 209 101 208
f 378 165 166
f 379 381 380
f 383 3 4
f 284 386 385
f 387 389 388
f 391 229 249
f 73 397 396
f 405 407 406
f 203 411 410
f 414 413 412
f 1 357 4
f 277 131 275
f 254 57 58
f 358 415 351
f 417 386 408
f 401 192 420
f 419 127 143
f 421 182 422
f 103 302 409
f 428 368 174
f 380 359 356
f 62 266 323
f 140 431 430
f 357 351 348
f 356 379 380
f 415 403 434
f 437 436 435
f 438 440 439
f 188 450 449
f 452 454 453
f 265 181 421
f 224 64 225
f 237 213 427
f 275 128 458
f 281 460 459
f 50 79 461
f 73 282 281
f 468 466 465
f 390 352 359
f 482 484 483
f 489 487 486
f 493 495 494
f 472 470 469
f 502 500 499
f 220 222 223
f 512 143 66
f 518 511 80
f 513 230 286
f 205 31 244
f 189 451 188
f 163 532 8
f 533 225 251
f 446 447 412
f 335 540 334
f 544 546 545
f 329 291 292
f 199 262 238
f 385 416 550
f 532 191 247
f 363 118 243
f 236 237 250
f 578 580 579
f 573 571 570
f 561 562 272
f 241 259 240
f 590 592 591
f 545 595 594
f 503 155 504
f 606 624 623
f 478 480 479
f 646 648 647
f 590 689 684
f 564 651 650
f 728 184 727
f 714 716 715
f 692 575 693
f 541 581 578
f 346 248 400
f 161 230 160
f 128 94 95
f 698 704 703
f 574 576 575
f 290 401 328
f 630 725 726
f 733 735 734
f 755 496 493
f 759 481 760
f 757 762 761
f 764 466 467
f 768 9260 9261
f 759 488 489
f 492 475 771
f 474 769 473
f 773 465 772
f 771 486 483
f 484 775 491
f 774 489 486
f 495 764 756
f 495 761 494
f 137 784 136
f 325 797 547
f 165 51 52
f 369 29 370
f 730 568 569
f 90 301 89
f 243 516 242
f 800 806 805
f 817 808 816
f 816 823 822
f 306 447 807
f 815 809 808
f 829 828 825
f 726 501 502
f 274 424 423
f 879 881 880
f 884 879 885
f 219 217 211
f 906 904 897
f 455 205 542
f 898 830 829
f 903 880 881
f 906 897 898
f 377 519 165
f 923 948 946
f 946 951 950
f 8963 739 8961
f 900 886 880
f 225 65 144
f 182 442 422
f 809 947 824
f 954 962 961
f 927 965 966
f 885 880 886
f 925 966 967
f 343 341 340
f 965 971 968
f 968 970 969
f 972 969 973
f 963 981 978
f 336 338 339
f 992 827 828
f 810 996 959
f 1007 1002 1008
f 1012 827 1009
f 1011 1007 1008
f 294 292 291
f 907 920 919
f 1017 1019 1018
f 1020 1022 1021
f 1035 1020 1044
f 1061 1047 1046
f 1063 1046 1062
f 1044 1021 1045
f 1102 1097 1109
f 1116 1118 1117
f 1016 1014 1013
f 881 904 903
f 816 1127 817
f 1094 949 1097
f 514 167 515
f 146 81 82
f 1133 1130 1129
f 1102 1126 822
f 822 1116 816
f 1145 1148 1136
f 1076 1151 1069
f 1148 1086 1087
f 1109 1114 1136
f 1154 1156 1155
f 1153 967 1156
f 8815 463 9166
f 1144 1152 1151
f 1156 1163 1162
f 1164 1169 1165
f 1145 1176 1147
f 1114 1154 1171
f 1183 1164 1177
f 1184 1177 1185
f 1069 1062 1064
f 1023 1194 1022
f 1162 1170 1169
f 1195 1185 1191
f 1183 1176 1155
f 1201 1152 1196
f 1061 1201 1202
f 9277 843 9288
f 1203 1195 1034
f 1202 1184 1195
f 1218 1203 1217
f 1060 1202 1203
f 1225 1217 1219
f 671 694 670
f 1219 1024 1035
f 1217 1034 1024
f 1226 1015 1227
f 1243 1234 1233
f 1231 1229 1228
f 847 1233 843
f 843 1244 878
f 1233 1245 1244
f 1923 233 216
f 2100 499 500
f 9366 2135 9352
f 61 323 505
f 210 217 457
f 1299 1309 1300
f 9315 1231 9314
f 1066 1321 1322
f 1322 1228 1229
f 1060 1321 1047
f 1325 1323 1310
f 1244 1332 1330
f 1290 1242 1288
f 1337 1339 1338
f 1330 1340 1339
f 1341 1245 1294
f 1342 1332 1341
f 1343 1341 1344
f 1344 1294 1293
f 9309 1345 1346
f 1347 1342 1343
f 9308 1295 1345
f 1349 1348 1347
f 9313 1347 9305
f 9305 1343 9309
f 906 829 1353
f 905 1353 1354
f 865 1355 1357
f 1355 829 825
f 1357 825 826
f 1356 1353 1355
f 9286 1338 9285
f 866 1356 865
f 1358 1354 1356
f 9280 1337 9286
f 838 1012 841
f 1363 1338 1339
f 1368 1339 1340
f 1348 1340 1342
f 1371 9276 9281
f 524 526 523
f 528 530 527
f 1372 1369 1371
f 535 537 538
f 1367 1348 1350
f 1370 1359 1369
f 1369 9285 9276
f 1373 903 904
f 555 557 558
f 1374 910 1373
f 1373 905 1375
f 1374 1375 1376
f 1375 1354 1370
f 1378 908 1377
f 376 651 1387
f 1388 973 969
f 586 588 585
f 1390 1388 1391
f 1391 969 970
f 597 599 596
f 600 602 603
f 1392 970 979
f 608 610 607
f 612 523 611
f 614 616 613
f 617 25 24
f 620 622 619
f 1397 1391 1392
f 1398 1392 1399
f 1400 920 1378
f 1402 1165 1169
f 636 638 635
f 930 1402 929
f 641 643 644
f 929 1169 1170
f 1404 1403 1402
f 1411 1365 1406
f 1412 1415 1414
f 652 654 655
f 609 657 658
f 659 661 662
f 558 586 585
f 665 667 664
f 1413 1406 1412
f 1418 9262 9265
f 1417 1371 1416
f 1416 9281 9262
f 1419 1416 1418
f 1386 1374 1420
f 677 679 676
f 1385 1420 1421
f 1420 1376 1422
f 685 687 688
f 1421 1422 1423
f 528 691 658
f 1422 1372 1417
f 1018 747 1425
f 699 701 702
f 1424 579 1017
f 9115 1767 9112
f 700 711 712
f 1093 9206 1571
f 717 530 719
f 721 723 720
f 704 8987 8998
f 19 1426 1430
f 1429 1427 1426
f 1658 8986 8988
f 1439 1434 1438
f 1437 1435 1434
f 1426 1433 1432
f 1442 1432 1440
f 742 744 745
f 1432 1441 1440
f 751 753 750
f 1438 1403 1405
f 1446 1444 1443
f 1447 1446 1443
f 9312 1443 9300
f 1415 1445 1446
f 1414 1446 1448
f 2173 469 470
f 777 779 686
f 780 782 783
f 1676 1806 1675
f 9311 1349 9313
f 789 791 788
f 745 793 742
f 652 795 653
f 1455 1457 1456
f 1454 1350 1452
f 610 802 801
f 9283 698 703
f 1352 1045 1351
f 1015 1459 1460
f 811 813 814
f 2118 9269 2117
f 819 821 818
f 1466 1194 1190
f 1467 1465 1466
f 1182 1468 1467
f 832 833 831
f 835 837 834
f 1467 1190 1182
f 1469 1444 1445
f 840 712 690
f 1453 1469 1454
f 599 845 846
f 1226 9301 9307
f 851 853 850
f 855 856 854
f 858 860 857
f 861 863 864
f 1014 9307 9310
f 867 868 869
f 870 872 873
f 874 876 877
f 1310 1471 1309
f 1476 1427 1475
f 1461 1475 1460
f 887 889 890
f 788 892 891
f 894 896 893
f 1460 1227 1015
f 901 524 612
f 1465 1477 1464
f 1865 8944 1864
f 911 913 914
f 916 918 915
f 1850 8951 1851
f 921 895 894
f 1479 1436 1478
f 926 667 601
f 1481 563 1480
f 269 84 1482
f 931 933 916
f 934 614 869
f 936 688 937
f 938 662 939
f 1484 122 123
f 941 835 834
f 320 509 510
f 1849 8949 1850
f 84 1484 83
f 1487 1488 539
f 1757 8946 8953
f 365 1491 364
f 461 80 511
f 117 362 1496
f 1494 541 1495
f 926 957 958
f 1477 1433 1476
f 1709 1585 1700
f 119 1496 345
f 271 504 156
f 511 189 186
f 345 1492 365
f 255 344 254
f 57 299 132
f 1501 268 1500
f 267 1499 145
f 974 976 977
f 1678 1693 1676
f 9298 1807 9292
f 557 663 558
f 983 984 985
f 1443 9301 9300
f 421 268 265
f 989 991 988
f 1490 418 1504
f 279 309 310
f 997 676 679
f 998 999 875
f 1504 38 1505
f 1506 1507 1486
f 360 1508 1506
f 1506 207 360
f 939 1006 938
f 270 1483 269
f 66 546 512
f 1010 793 935
f 367 437 1509
f 244 363 243
f 1670 8978 1669
f 209 1510 226
f 235 1512 1511
f 1511 234 235
f 388 426 425
f 427 250 237
f 161 521 231
f 100 45 44
f 1025 608 1027
f 1029 1031 1028
f 939 1033 1032
f 41 594 99
f 1036 783 1037
f 702 1038 1039
f 1040 1042 1043
f 362 369 1493
f 187 477 186
f 70 539 198
f 1511 1521 234
f 1049 603 1048
f 613 869 614
f 860 1051 857
f 1005 1053 1006
f 753 1056 1054
f 1057 1059 1055
f 293 1522 292
f 288 1521 1522
f 292 1523 329
f 331 1508 1524
f 306 453 305
f 100 41 99
f 462 78 79
f 330 1524 462
f 635 1068 636
f 1485 1526 1528
f 206 1528 1510
f 1070 1072 831
f 942 1073 1074
f 916 1075 917
f 440 1530 439
f 157 1514 285
f 1529 5 1530
f 371 546 63
f 790 663 791
f 1077 857 1078
f 1403 1435 1165
f 1080 1082 1079
f 531 1529 440
f 21 1084 1085
f 272 1531 561
f 137 396 397
f 690 802 691
f 335 9011 581
f 1090 1029 1091
f 1092 794 1042
f 1533 137 138
f 661 1095 1096
f 69 445 72
f 1099 1101 1098
f 38 1536 1505
f 1104 1106 1103
f 852 1108 853
f 1377 909 1386
f 291 411 294
f 316 516 33
f 539 1533 534
f 1505 316 313
f 1110 1112 1113
f 1539 460 264
f 522 1537 1539
f 834 1120 1119
f 1122 1124 1121
f 612 1041 901
f 935 615 614
f 276 130 131
f 1686 8966 1685
f 193 1541 273
f 231 1540 287
f 556 982 557
f 365 85 345
f 190 318 1541
f 1810 9018 8972
f 9376 8956 9243
f 1132 985 1131
f 208 102 132
f 1134 662 661
f 1491 80 77
f 429 1542 147
f 1137 915 918
f 172 428 174
f 1139 1141 1142
f 549 54 55
f 1517 1518 296
f 976 1146 938
f 834 984 941
f 1543 286 115
f 1544 239 513
f 133 1544 1542
f 506 257 258
f 420 328 401
f 1158 1160 1157
f 587 1103 588
f 1513 1514 151
f 607 1027 608
f 304 1545 303
f 364 77 506
f 69 198 139
f 1006 976 938
f 700 1112 701
f 9329 8969 9239
f 1166 657 656
f 1167 858 1077
f 1300 8968 1299
f 1172 1174 1175
f 218 200 217
f 1179 1181 1178
f 372 97 98
f 89 227 88
f 1186 1188 1189
f 172 1517 1549
f 1482 81 1498
f 1090 1193 1030
f 394 353 1551
f 526 1198 1197
f 811 858 812
f 1199 1026 1025
f 606 697 696
f 1204 1206 743
f 1207 523 526
f 1209 867 613
f 914 685 936
f 1478 1441 1477
f 1029 1161 1091
f 1211 1213 1214
f 9310 1451 9311
f 844 1216 845
f 423 273 274
f 1220 1222 1083
f 22 1224 23
f 882 897 881
f 1519 173 387
f 1189 1232 1178
f 349 550 416
f 1071 1236 1072
f 1237 1239 745
f 1221 1189 1240
f 1510 1512 333
f 939 1241 1005
f 1556 5 67
f 1553 394 1551
f 404 67 347
f 1247 1249 1246
f 142 238 92
f 1251 635 1250
f 850 1253 851
f 1254 1077 1255
f 57 133 429
f 443 552 551
f 1187 1175 1188
f 1256 831 833
f 432 382 383
f 741 747 746
f 434 351 415
f 349 383 348
f 251 1481 1480
f 395 352 353
f 1518 1550 1551
f 1558 378 340
f 109 314 315
f 285 1513 407
f 395 393 392
f 202 410 1558
f 417 405 432
f 1246 1258 1247
f 3 297 2
f 1259 1261 1262
f 403 347 284
f 955 953 952
f 462 51 330
f 1096 687 1263
f 429 60 57
f 896 1265 932
f 1267 1268 1266
f 423 327 420
f 37 180 40
f 20 1187 1186
f 1256 1071 1070
f 155 156 504
f 1188 1269 1232
f 1236 1271 1262
f 1272 535 621
f 565 463 464
f 1273 745 1239
f 876 1255 1274
f 316 164 315
f 437 503 1509
f 194 1495 197
f 1275 864 863
f 624 631 630
f 1277 1137 1278
f 569 567 566
f 1481 125 366
f 324 547 326
f 1279 1107 1280
f 1525 329 1523
f 1281 1137 918
f 171 1553 1552
f 1488 396 1533
f 1557 1562 1559
f 1282 1206 1205
f 1053 1278 1281
f 778 607 1283
f 713 9010 9013
f 251 144 124
f 4 348 383
f 709 707 706
f 728 45 246
f 261 1563 544
f 789 1287 790
f 74 263 282
f 403 385 434
f 1178 1240 1189
f 1223 1289 1224
f 158 150 151
f 1220 1186 1221
f 296 354 433
f 784 1538 1566
f 1181 1291 1222
f 1269 1257 1246
f 1566 438 399
f 136 1566 1564
f 1563 169 1565
f 107 109 108
f 1297 1298 1296
f 1464 1476 1461
f 1520 507 508
f 1301 1303 1304
f 1306 1308 1305
f 175 1532 272
f 1532 200 201
f 1311 1312 1313
f 872 1315 1316
f 1317 1318 1319
f 9288 878 9280
f 1305 864 1276
f 1040 863 1320
f 1564 399 169
f 592 1575 591
f 591 1088 689
f 1581 1583 1582
f 1196 1147 1176
f 710 583 713
f 285 408 386
f 953 961 963
f 1594 1589 1593
f 1585 1587 1586
f 1592 1590 1589
f 9337 944 9351
f 1600 1598 1597
f 1604 1602 1601
f 1399 979 980
f 1589 1596 1595
f 1610 1608 1607
f 298 361 360
f 551 276 277
f 1627 9266 9271
f 859 818 860
f 1078 1328 1329
f 1555 1530 1556
f 572 680 681
f 772 776 774
f 977 918 917
f 404 392 393
f 1054 750 753
f 1644 1643 1642
f 932 1082 933
f 1067 1334 1068
f 1540 264 114
f 597 643 1336
f 471 762 470
f 1642 9283 9294
f 1644 9294 9295
f 923 950 927
f 96 548 95
f 520 522 521
f 445 443 442
f 849 848 842
f 480 755 493
f 1646 481 1639
f 311 1567 170
f 464 8941 8939
f 8941 1361 8939
f 234 236 235
f 190 192 191
f 153 152 149
f 231 286 230
f 1552 1551 1550
f 760 1648 488
f 9284 1649 9282
f 828 826 825
f 52 166 165
f 1663 1661 1660
f 287 115 286
f 668 670 669
f 634 640 639
f 553 559 554
f 118 33 516
f 492 491 490
f 8996 1651 8997
f 582 584 583
f 384 392 415
f 1381 1383 1380
f 1562 435 436
f 952 951 947
f 8973 583 584
f 1660 1667 1666
f 1394 1396 1393
f 1660 1664 1663
f 1671 1669 1668
f 1624 1673 1672
f 1407 1409 1410
f 1677 1675 1674
f 1613 1677 1625
f 1679 1676 1677
f 1626 9263 9266
f 534 198 539
f 176 150 159
f 803 734 800
f 400 191 192
f 65 143 144
f 8970 1656 8984
f 402 157 283
f 629 627 626
f 461 49 50
f 758 495 756
f 796 786 785
f 406 1513 1560
f 342 166 167
f 1694 1658 1695
f 1692 1694 1696
f 9001 1652 8996
f 9373 1703 9375
f 326 302 90
f 9368 1702 1706
f 9371 1698 1701
f 1699 9379 9370
f 1557 1560 1561
f 1127 1117 1128
f 400 289 346
f 1706 1707 1708
f 1707 1599 1600
f 1709 1708 1588
f 1714 1711 1713
f 9371 1709 1700
f 1704 1577 1703
f 1716 1713 1715
f 1559 1549 297
f 1722 1720 1719
f 1335 596 1489
f 410 377 378
f 973 1163 972
f 168 399 398
f 1571 1089 1093
f 1572 682 1571
f 749 647 754
f 1730 1723 1729
f 1594 1729 1592
f 1729 1591 1592
f 1731 1730 1583
f 1384 1377 1379
f 1732 1712 1714
f 1724 1731 1732
f 1712 1731 1580
f 1722 1732 1733
f 1721 1733 1734
f 1734 1716 1717
f 1735 1736 1697
f 1733 1714 1716
f 1663 1741 1668
f 1742 1740 1743
f 1738 1737 1735
f 1665 1666 1740
f 1665 1744 1664
f 1725 1746 1745
f 1591 1745 1590
f 1590 1747 1596
f 1745 1748 1747
f 1659 8982 8986
f 5650 8989 5617
f 1185 1182 1190
f 1664 1749 1741
f 1741 1739 1738
f 1746 1743 1748
f 1726 1742 1746
f 1153 924 925
f 1115 1153 1154
f 1654 9019 1655
f 1896 8993 1686
f 1720 1744 1726
f 1721 1749 1720
f 1750 1701 1698
f 1697 1750 1696
f 1151 1063 1062
f 1751 1670 1671
f 1695 1752 1751
f 961 986 981
f 1770 1768 1767
f 1766 1593 1765
f 1731 1579 1580
f 1579 1774 1578
f 9380 1771 9381
f 1764 9380 9369
f 1777 1775 1774
f 9214 1699 1700
f 1004 1128 1003
f 1774 1771 1772
f 987 1399 980
f 1578 1772 1764
f 1783 1781 1778
f 1597 1770 1767
f 639 9347 9336
f 9380 1769 1770
f 1793 1789 1788
f 9381 1798 1769
f 8952 9225 1806
f 1802 9376 9374
f 1788 1794 1793
f 1793 1795 1776
f 9225 1675 1806
f 1584 1783 1789
f 1771 9372 9381
f 1801 1798 1800
f 1768 1798 1799
f 1775 1797 1771
f 508 515 1520
f 1796 1802 1797
f 1800 9372 9374
f 1794 1804 1795
f 8976 1752 8991
f 485 1807 775
f 9261 1640 768
f 9289 1810 1653
f 485 1640 1808
f 1690 9222 9224
f 487 1648 1811
f 9291 1816 9274
f 9290 1648 9282
f 9291 1811 9290
f 1812 487 1811
f 1641 767 768
f 465 755 776
f 767 9275 9260
f 9274 9278 9299
f 1809 1815 767
f 9289 1651 9292
f 675 8985 8940
f 1814 1822 1821
f 1821 9273 9272
f 1824 1649 1825
f 1827 1850 1805
f 1668 1662 1663
f 1779 1848 1828
f 1790 1805 1794
f 1833 1853 1852
f 8965 693 575
f 1614 1616 1617
f 1852 8942 8945
f 1620 1622 1623
f 1855 1574 1861
f 1847 8945 8957
f 1766 1855 1782
f 1629 1631 1628
f 1633 1634 1632
f 1635 1637 1638
f 1848 1852 1847
f 1855 1863 1862
f 1803 1867 1802
f 1862 1831 1832
f 1782 1862 1781
f 9374 1865 1800
f 1873 1870 1869
f 1874 799 804
f 2045 9349 2044
f 1219 1295 1225
f 1615 1396 1395
f 9336 1877 1876
f 645 9238 9003
f 1345 1035 1346
f 634 9336 9332
f 15 1327 14
f 9362 1878 1893
f 1894 605 1893
f 8950 627 693
f 9004 645 9003
f 340 454 1558
f 1897 195 1898
f 1889 1877 1890
f 1901 129 1900
f 196 754 232
f 1705 9373 9368
f 340 166 343
f 1570 563 561
f 1904 194 1897
f 1781 1832 1780
f 1905 55 1906
f 1000 995 996
f 986 920 987
f 1191 1190 1194
f 2094 2075 2093
f 1920 1919 1915
f 453 1912 1911
f 1915 1918 1916
f 9334 2106 9353
f 1655 8975 1868
f 1916 1926 1925
f 704 9005 703
f 278 1925 1900
f 9009 1818 1820
f 1097 1115 1114
f 1927 727 1923
f 9030 9106 9210
f 1920 307 1929
f 1929 48 728
f 503 1497 1509
f 1902 787 796
f 1816 9272 9278
f 1925 1923 1924
f 1535 1568 1534
f 254 258 255
f 1509 366 367
f 119 35 36
f 219 293 294
f 141 47 431
f 542 244 245
f 1940 430 431
f 1779 1827 1790
f 1701 9367 9371
f 1661 8959 1667
f 270 754 647
f 197 749 196
f 1727 1212 1211
f 53 232 754
f 1465 1479 1478
f 1284 9306 1293
f 1951 412 413
f 168 1554 1553
f 1486 206 207
f 506 78 361
f 994 1007 993
f 951 963 964
f 1013 9313 1351
f 9278 1820 1818
f 1498 1954 1482
f 299 543 132
f 1754 1756 1753
f 1681 1683 1682
f 1696 1695 1697
f 13 738 737
f 473 475 474
f 482 768 1640
f 204 30 205
f 1761 820 819
f 611 1125 612
f 1501 1908 1909
f 1074 711 699
f 1960 82 83
f 120 1960 123
f 35 87 34
f 1773 1025 1031
f 1965 1569 1535
f 494 471 479
f 1966 1969 1968
f 446 1971 1967
f 174 125 126
f 1580 1578 1577
f 1785 1787 1784
f 1972 304 305
f 1254 875 999
f 1973 342 514
f 321 1973 509
f 1910 275 1907
f 509 514 508
f 1486 1527 1485
f 1974 804 1975
f 1977 1974 1978
f 1980 1966 1981
f 379 2 295
f 1718 1710 1701
f 884 992 883
f 1680 1678 1679
f 902 525 524
f 344 256 299
f 135 137 136
f 236 228 333
f 448 1967 1966
f 589 604 584
f 910 908 907
f 1981 1968 1987
f 1982 1987 1979
f 1988 1987 1989
f 1990 1989 1991
f 1991 1993 1992
f 322 320 319
f 992 830 883
f 1144 1086 1143
f 1995 1978 1994
f 1133 1118 1126
f 1997 1994 1996
f 870 1335 1489
f 805 1982 1998
f 727 2000 1999
f 1996 1988 1990
f 1994 1979 1988
f 1829 792 1273
f 1830 941 983
f 798 800 799
f 729 731 730
f 2011 2023 2022
f 1834 846 1159
f 402 284 347
f 2022 2024 2025
f 1838 989 988
f 810 952 809
f 1823 1840 644
f 1430 1432 1431
f 1215 1841 1079
f 149 176 177
f 1316 873 872
f 2112 1384 2106
f 1842 1844 1845
f 1159 845 1160
f 837 1846 1120
f 1971 2030 2027
f 517 370 189
f 858 833 812
f 1471 2027 1888
f 8995 626 627
f 2174 770 490
f 935 1854 1010
f 1613 1611 1618
f 1231 1225 1295
f 1856 891 892
f 1300 748 741
f 1150 1858 1859
f 1643 696 1642
f 1215 1264 1216
f 1320 902 901
f 1956 1944 1960
f 2031 669 1474
f 2034 1310 1299
f 1879 1656 1657
f 40 242 39
f 1992 2039 1456
f 888 957 889
f 1882 1996 1990
f 1078 1255 1077
f 1871 1192 1090
f 294 218 219
f 1323 2026 1471
f 123 83 1484
f 1324 2041 1323
f 384 359 352
f 1324 2038 2036
f 1883 1885 1829
f 287 114 107
f 1096 1134 661
f 915 931 916
f 806 1981 1982
f 8977 584 604
f 1425 2042 1018
f 1018 1948 1017
f 9006 740 8963
f 1948 649 646
f 1881 1990 1991
f 1900 130 278
f 992 994 993
f 923 925 924
f 9330 2047 9328
f 1643 625 606
f 2050 2051 2049
f 2045 1404 2047
f 9328 945 9337
f 1139 1079 1841
f 1037 892 982
f 2055 2057 2056
f 1198 718 717
f 1619 1612 1611
f 2058 1606 2059
f 2059 1607 2058
f 2058 1624 1605
f 71 179 37
f 405 1557 382
f 976 1006 977
f 322 1972 1911
f 2061 2063 2062
f 2066 2067 1825
f 2052 2064 2051
f 1609 2066 1647
f 1515 152 1516
f 1009 993 1007
f 1644 9267 2118
f 279 1916 278
f 1285 9314 1284
f 1647 1825 1649
f 2056 2067 2065
f 319 1953 1952
f 667 1913 1914
f 2070 625 2048
f 2052 2055 2063
f 2038 1655 1458
f 1606 2073 2072
f 1235 1270 1236
f 2072 2075 2074
f 2059 2072 2062
f 2074 2077 2076
f 1601 2078 2073
f 2049 1643 1645
f 1000 1001 994
f 1089 684 689
f 1931 1306 1930
f 1462 1021 1022
f 1932 1934 1935
f 875 1846 998
f 1936 1937 1938
f 44 46 92
f 1534 1956 120
f 1541 317 391
f 2081 2084 2083
f 146 1959 300
f 1360 1942 1361
f 985 1032 1033
f 1995 1892 2043
f 2079 2082 2081
f 2095 2076 2077
f 2081 2078 2079
f 2055 2054 2053
f 501 2095 500
f 2097 2099 2098
f 2098 2094 2083
f 2140 9345 9318
f 2141 9346 9345
f 2051 2048 2049
f 592 2101 1576
f 2071 2076 2096
f 2102 2098 2101
f 593 2102 592
f 1019 746 747
f 1950 12 1327
f 725 2096 501
f 1385 2104 1379
f 1379 2106 1384
f 2107 2100 2097
f 9360 502 9348
f 9348 499 9353
f 940 2109 944
f 928 1170 973
f 9320 684 9351
f 1962 1964 1961
f 9330 573 9349
f 2039 1968 1969
f 1389 2110 2109
f 1398 2113 1397
f 9209 9205 9195
f 9363 2107 2103
f 949 924 1115
f 260 324 326
f 1390 2113 2110
f 2070 2064 2071
f 9319 2103 593
f 2105 1421 2114
f 2114 1423 2115
f 9344 2115 9355
f 9360 2114 9344
f 554 1902 553
f 972 967 966
f 1765 1573 1574
f 1984 1986 1983
f 2053 2069 2057
f 9017 724 714
f 1625 1674 1673
f 9333 2119 2122
f 9355 2123 9356
f 56 1906 55
f 626 9331 629
f 2001 2003 2004
f 9364 2127 9359
f 2006 2008 2009
f 2127 1412 2128
f 2014 2016 2017
f 2018 2020 2021
f 1495 1947 197
f 1379 1386 1385
f 9266 1680 1618
f 2029 1884 2028
f 9354 2120 9339
f 629 9366 9324
f 682 943 1089
f 724 2121 716
f 1757 9273 9297
f 765 9296 9261
f 9303 715 9304
f 706 9322 9324
f 981 987 980
f 1457 1656 1880
f 2017 2032 2033
f 1458 1868 1457
f 1776 1792 1793
f 1959 1946 1958
f 9115 9177 9113
f 9365 2122 9302
f 1093 689 1088
f 966 968 972
f 9304 9333 9365
f 2172 2170 2171
f 670 2137 669
f 9213 1903 233
f 1429 28 1449
f 964 978 971
f 9293 1413 2127
f 1473 669 2137
f 9286 1359 1358
f 2138 1870 2137
f 1872 2137 1870
f 715 9340 9333
f 1881 1992 1880
f 9295 739 740
f 1837 8957 8958
f 253 59 85
f 1808 9292 1807
f 1647 9270 1609
f 9317 671 668
f 2112 9335 2111
f 1405 2044 1438
f 9281 1364 1366
f 273 391 249
f 576 8964 8999
f 9327 668 2031
f 1430 2140 2139
f 2136 9312 28
f 1430 18 19
f 9345 570 695
f 1442 2046 2141
f 1431 2141 2140
f 9321 9302 2136
f 9260 1817 766
f 9318 695 671
f 2142 798 2138
f 571 2142 694
f 9271 1618 1611
f 2143 2025 2142
f 694 2138 670
f 681 2144 572
f 2144 2022 2143
f 328 457 290
f 1572 2011 2144
f 630 9355 624
f 2085 2087 2088
f 2090 2092 2089
f 572 2143 571
f 1875 2153 2149
f 1873 2149 2154
f 2103 2097 2102
f 2157 2155 2156
f 2128 1414 2120
f 9326 589 582
f 9324 628 629
f 2149 2158 2159
f 2159 9357 9342
f 698 9354 705
f 9275 9279 1817
f 2158 9326 9357
f 1438 2046 1439
f 2035 2160 2161
f 2161 9341 9338
f 9323 605 589
f 9325 18 9327
f 370 61 451
f 649 413 648
f 2153 2156 2158
f 1428 1449 1450
f 1490 73 1488
f 9342 710 633
f 2155 9343 9323
f 1456 1880 1992
f 2125 2087 2124
f 2160 9342 9341
f 300 505 323
f 1064 1046 1065
f 2043 1891 2155
f 2129 2004 2003
f 2131 2133 2134
f 9300 1450 1449
f 1998 804 805
f 9331 9316 9366
f 474 490 770
f 1164 1182 1177
f 707 9361 9322
f 708 2162 707
f 2162 9338 9361
f 548 1905 458
f 1145 1114 1171
f 705 1650 704
f 2043 1977 1995
f 737 554 559
f 1034 1191 1023
f 458 1907 275
f 195 232 233
f 2040 1969 1970
f 2145 2147 2148
f 2054 2049 1645
f 9284 1639 9270
f 9 11 10
f 252 506 258
f 472 479 471
f 1865 9243 8947
f 900 910 907
f 1941 2151 1942
f 1921 1927 1919
f 2163 1898 2116
f 271 153 178
f 1904 12 9
f 282 264 460
f 1872 2154 2035
f 1326 1897 2163
f 628 693 627
f 1724 1719 1723
f 1549 436 172
f 1582 1730 1729
f 1921 1929 1928
f 9007 10 11
f 2152 1950 1949
f 475 774 771
f 769 2171 473
f 2171 476 473
f 476 772 475
f 1791 464 1760
f 2166 2168 2169
f 595 372 98
f 483 1641 482
f 762 2173 470
f 771 484 492
f 486 1809 483
f 297 1517 296
f 763 2174 762
f 776 759 489
f 184 2176 2000
f 412 303 414
f 2005 185 224
f 9263 1682 9298
f 2164 756 764
f 1472 2161 2162
f 950 964 965
f 2177 2179 2180
f 227 1510 333
f 764 467 2164
f 2182 2184 2181
f 2186 2018 2185
f 1985 2181 1986
f 214 729 1531
f 1545 1546 1569
f 865 842 866
f 849 1357 1362
f 452 1558 454
f 559 3188 737
f 16 737 3188
f 560 498 374
f 3193 3195 3194
f 3200 3198 3199
f 3211 3213 3212
f 3215 3217 3216
f 2187 2002 2001
f 3233 3235 3234
f 3223 3222 3224
f 3229 3231 3230
f 3245 3247 3246
f 2169 2189 2190
f 2192 2085 2191
f 2193 2195 2196
f 2198 2200 2197
f 1998 1979 1975
f 9116 9120 9123
f 3253 3255 3254
f 2116 1903 1902
f 1859 2009 1150
f 9356 2126 9358
f 1135 1087 1130
f 2201 2015 2014
f 1149 110 1858
f 3261 3263 3262
f 3269 3271 3270
f 3265 3267 3266
f 3229 3284 3283
f 3289 3291 3290
f 3299 3301 3300
f 3307 3264 3308
f 3293 3295 3294
f 3297 3224 3298
f 3319 3291 3320
f 3322 3318 3315
f 3314 3312 3311
f 3285 3287 3286
f 3332 3218 3215
f 3329 3330 3328
f 3324 3227 3298
f 3298 3326 3324
f 2203 2205 2206
f 579 1895 1019
f 1755 2208 1756
f 3337 3339 3338
f 9343 1893 605
f 1211 2150 1727
f 868 2210 2209
f 3347 3349 3348
f 944 930 940
f 2130 2202 2201
f 233 1898 195
f 665 750 666
f 1167 999 618
f 2211 2213 2214
f 2215 2217 2218
f 9319 590 9320
f 2220 220 2219
f 823 948 1094
f 3375 3377 3376
f 3393 3391 3390
f 3353 3357 3356
f 3363 3365 3364
f 3402 3404 3403
f 266 455 265
f 9334 2107 9335
f 2221 8963 8961
f 2223 2225 2226
f 2207 2124 2208
f 3293 3336 3286
f 673 9321 9316
f 817 996 815
f 2227 2146 2145
f 1947 646 749
f 9352 17 9325
f 2229 1638 1381
f 1679 1618 1680
f 1637 2232 2230
f 2233 1617 1616
f 2231 2236 2237
f 3406 3408 3407
f 1381 2238 1382
f 9038 2242 9039
f 3414 3341 3415
f 1630 2233 1631
f 1681 472 469
f 1408 2243 2244
f 3423 3425 3424
f 3433 3263 3307
f 3434 3430 3435
f 3440 3442 3441
f 3444 3446 3445
f 3436 3450 3439
f 3442 3456 3455
f 1637 2238 1638
f 3445 3437 3438
f 3448 3440 3449
f 1409 1634 2245
f 1380 2247 2246
f 1628 2245 1621
f 3463 3465 3464
f 3308 3462 3307
f 2249 1622 1633
f 1632 1408 2244
f 2248 1631 2250
f 3478 3480 3479
f 3509 3511 3510
f 2235 1637 1636
f 3505 3507 3506
f 3457 3199 3198
f 631 2071 725
f 515 52 49
f 782 2251 1251
f 2253 2255 2252
f 397 459 784
f 1456 2040 1455
f 2040 2036 1455
f 3434 3518 3517
f 1401 2111 1398
f 2041 1970 2026
f 3367 3338 3368
f 1535 414 1965
f 1586 2080 2079
f 2256 1132 1886
f 3528 3530 3529
f 3519 3520 3517
f 3537 3506 3538
f 3543 3545 3544
f 1700 9370 9371
f 3486 3550 3549
f 3455 3497 3563
f 3558 3559 3323
f 3456 3500 3497
f 3572 3252 3249
f 3308 3285 3569
f 3316 3574 3573
f 3575 3479 3533
f 3576 3578 3577
f 3580 3582 3581
f 3584 3586 3585
f 3505 3588 3503
f 3589 3591 3590
f 3600 3602 3601
f 3542 3595 3594
f 3604 3592 3589
f 3611 3613 3612
f 3622 3624 3623
f 3618 3620 3619
f 3626 3628 3627
f 3644 3646 3645
f 3634 3636 3635
f 3638 3641 3640
f 9267 1686 9269
f 1263 1886 1096
f 3613 3654 3614
f 598 844 599
f 2257 2259 2260
f 2258 2262 2259
f 2259 2263 2216
f 2260 2216 2215
f 1967 1970 1969
f 2212 1963 2213
f 922 2218 2217
f 1312 1101 2264
f 1307 1286 789
f 1548 1546 1972
f 2266 2268 2265
f 2265 2270 2269
f 2272 2269 2271
f 2273 2265 2272
f 2275 2277 2274
f 2278 2277 2279
f 2284 9069 9091
f 2287 2286 2281
f 2288 2283 2287
f 2290 9091 9072
f 2291 2293 2294
f 2295 2294 2279
f 2296 2291 2295
f 2297 2292 2291
f 2294 2299 2300
f 2279 2300 2278
f 2298 2302 2292
f 2292 2303 2293
f 2293 2304 2299
f 2304 2306 2299
f 2306 2300 2299
f 2308 2310 2307
f 2302 2310 2303
f 2301 2307 2302
f 2312 2307 2311
f 2313 2315 2316
f 2318 2320 2317
f 9200 2322 2323
f 2324 2273 2326
f 2313 2326 2327
f 2328 2313 2316
f 2329 2324 2328
f 2331 2333 2330
f 2330 2267 2266
f 2325 2266 2273
f 2329 2330 2325
f 2333 2335 2267
f 2336 2333 2332
f 2338 2332 2337
f 2331 2337 2332
f 2329 2339 2331
f 2328 2340 2329
f 2316 2341 2328
f 2342 2315 2343
f 2344 2346 2347
f 2341 2347 2340
f 2342 2344 2341
f 2348 2345 2344
f 2350 2352 2353
f 2339 2353 2337
f 2340 2350 2339
f 2347 2351 2350
f 2337 2354 2338
f 2353 2355 2354
f 2356 2276 2357
f 2356 2358 2359
f 2356 2296 2295
f 2279 2356 2295
f 2360 2270 2268
f 2267 2360 2268
f 2362 2364 2365
f 2362 2361 2358
f 2366 2358 2357
f 2366 2363 2362
f 2357 2368 2366
f 2366 2369 2367
f 2276 2370 2368
f 2368 2282 2369
f 2372 2374 2371
f 2375 2377 2007
f 2378 2380 2381
f 2382 2381 2383
f 2384 2378 2382
f 2385 2379 2378
f 2388 2390 2387
f 2387 2392 2391
f 2393 2387 2391
f 2394 2388 2387
f 2186 2402 2400
f 2403 2327 2326
f 2272 2326 2273
f 2271 2403 2272
f 2405 2404 2403
f 2404 2408 2327
f 2409 2411 2412
f 2409 2271 2269
f 2413 2269 2270
f 2413 2410 2409
f 2417 2416 2418
f 2417 2406 2405
f 2412 2405 2271
f 2411 2417 2412
f 2406 2407 2404
f 9013 632 713
f 2420 2397 2421
f 2420 2423 2422
f 2424 2422 2419
f 2424 2398 2420
f 2425 2392 2426
f 2421 2426 2423
f 2397 2425 2421
f 2396 2391 2425
f 2427 2315 2314
f 2427 2408 2428
f 2430 2428 2429
f 2343 2427 2430
f 2432 2430 2431
f 2431 2429 2433
f 2435 2433 2434
f 2436 2431 2435
f 2428 2407 2437
f 2422 2407 2419
f 2438 2422 2423
f 2429 2437 2438
f 2440 2433 2439
f 2441 2433 2429
f 2442 2439 2441
f 2443 2440 2439
f 2445 2444 2443
f 2447 2443 2442
f 2383 2445 2447
f 2381 2446 2445
f 2448 2423 2426
f 2449 2426 2392
f 2441 2449 2442
f 2441 2438 2448
f 2449 2390 2450
f 2450 2389 2451
f 2447 2451 2383
f 2442 2450 2447
f 2451 2453 2452
f 2452 2455 2454
f 2382 2454 2384
f 2383 2452 2382
f 2456 2373 2372
f 2459 2461 2458
f 2463 2465 2462
f 2462 2285 2284
f 2466 2284 2290
f 2467 2462 2466
f 2461 9155 9153
f 2468 2470 2471
f 2472 2471 2473
f 2474 9153 9140
f 2475 2477 2478
f 2458 2453 2479
f 2479 2389 2388
f 2395 2479 2388
f 2480 2458 2479
f 2481 2483 2478
f 2484 2485 221
f 2471 2464 2463
f 2473 2463 2467
f 2487 2466 2486
f 2486 2290 2488
f 2490 2488 2489
f 2491 2486 2490
f 2492 2467 2487
f 2493 2487 2491
f 2494 2492 2493
f 2495 2473 2492
f 9142 2474 9140
f 9143 2496 9142
f 2498 2493 2499
f 2500 2499 2501
f 9152 2498 2500
f 9139 2494 2498
f 2306 2278 2300
f 2305 2504 2306
f 2504 2507 2506
f 2506 2288 2508
f 2274 2508 2275
f 2278 2506 2274
f 9085 2489 2488
f 9072 2488 2290
f 2507 2289 2288
f 2505 2509 2507
f 2508 2287 2511
f 2511 2281 2280
f 2370 2280 2282
f 2275 2511 2370
f 2512 2489 2513
f 2514 2513 2515
f 2517 2514 2516
f 2517 2490 2512
f 2499 2491 2517
f 2499 2516 2501
f 2510 2519 2518
f 2518 2521 2520
f 9068 2520 9073
f 9084 2518 9068
f 2522 2303 2310
f 2523 2310 2309
f 2305 2522 2524
f 2524 2523 2525
f 2519 2525 2521
f 2505 2524 2519
f 2308 2527 2526
f 2526 2529 2528
f 2531 2528 2530
f 2309 2526 2531
f 1214 2151 1211
f 2419 2418 2424
f 2533 2349 2317
f 2534 2317 2320
f 2535 2533 2534
f 2536 2345 2533
f 2537 2346 2536
f 2538 2536 2535
f 2539 2537 2538
f 2540 2351 2537
f 2312 2541 2527
f 2527 2542 2529
f 2543 2434 2544
f 2545 2544 2546
f 2319 2543 2545
f 2318 2435 2543
f 2514 2548 2547
f 2547 2550 2549
f 2552 2549 2551
f 2552 2514 2547
f 2520 2554 2553
f 2553 2556 2555
f 9042 2555 9045
f 9073 2553 9042
f 2523 2531 2557
f 2557 2530 2558
f 2525 2557 2559
f 2559 2558 2560
f 2554 2560 2556
f 2521 2559 2554
f 2561 2007 2006
f 2376 2225 2377
f 2564 2566 2563
f 2563 338 2567
f 2569 2567 2568
f 2570 2563 2569
f 2572 2574 2571
f 2571 2576 2575
f 2544 2575 2546
f 2544 2572 2571
f 2578 2569 2577
f 2579 2569 2568
f 2574 2579 2576
f 2573 2577 2574
f 2581 2583 2580
f 2584 2583 2585
f 9149 2580 2584
f 9128 2580 9127
f 2582 2552 2583
f 2583 2551 2585
f 2500 2589 2588
f 2590 2589 2591
f 9145 2588 2590
f 9147 2500 2588
f 2501 2591 2589
f 2592 2594 2595
f 2386 2503 2502
f 2596 2386 2374
f 2596 2373 2597
f 2599 2597 2598
f 2599 2379 2596
f 2600 2380 2599
f 2600 2598 2601
f 2603 2601 2602
f 2603 2446 2600
f 2604 2602 2605
f 2440 2605 2434
f 2444 2604 2440
f 2606 2581 2607
f 2606 2590 2591
f 2591 2582 2606
f 9128 2456 9141
f 9141 2372 9145
f 2478 2608 2481
f 2609 2611 2199
f 2564 2613 2612
f 2612 2598 2597
f 2457 2597 2373
f 2565 2612 2457
f 2614 2570 2578
f 2615 2578 2573
f 2602 2614 2615
f 2601 2613 2614
f 2572 2605 2616
f 2616 2602 2615
f 2573 2616 2615
f 1459 1045 1021
f 1265 1079 1082
f 1612 1609 1611
f 2067 2069 2068
f 1135 1136 1148
f 1938 2618 2617
f 95 458 128
f 2058 1608 1612
f 1454 1445 1367
f 655 1048 2619
f 722 2621 723
f 3665 3634 3666
f 1131 1033 1134
f 562 366 1497
f 1723 1725 1591
f 1786 1122 1787
f 267 323 266
f 1325 1654 2038
f 1468 1435 1479
f 658 529 528
f 8 247 7
f 382 1559 3
f 3631 3680 3630
f 788 1307 789
f 940 929 928
f 911 2623 912
f 2621 655 654
f 2624 2625 2626
f 998 27 26
f 635 2626 2625
f 2627 644 1840
f 2628 1840 2629
f 1200 2627 2628
f 1199 641 2627
f 1520 49 477
f 1452 1349 1451
f 2630 1859 1858
f 644 1335 1823
f 3683 3699 3698
f 1197 717 2632
f 2632 719 1166
f 2628 1166 1200
f 2629 2632 2628
f 1762 1050 821
f 1823 873 1839
f 2634 794 652
f 1028 1027 1161
f 1042 2635 1043
f 93 1901 1924
f 2036 1458 1455
f 1527 1525 1526
f 877 1274 1277
f 134 797 1544
f 1328 931 1329
f 607 1091 1161
f 1043 2637 2636
f 2636 2639 2638
f 1275 2638 1276
f 1275 1043 2636
f 1272 2626 2640
f 2640 638 637
f 1110 2640 637
f 536 2640 2641
f 1472 1474 1473
f 2042 1951 649
f 3668 3633 3669
f 1058 1105 1059
f 2642 2643 2644
f 1192 2644 1193
f 912 2642 1192
f 9350 8970 9238
f 1049 2620 2621
f 616 1885 613
f 1331 666 750
f 990 1198 525
f 1911 321 322
f 1298 1205 2645
f 76 1504 75
f 1502 421 422
f 610 658 691
f 1146 659 938
f 2646 914 936
f 1280 1238 1279
f 975 2647 2648
f 2647 975 974
f 1453 1452 1451
f 1514 158 151
f 835 1843 1842
f 1271 1173 1289
f 2649 813 2650
f 1893 1826 1894
f 1050 1937 1051
f 2651 814 813
f 1006 1281 977
f 2653 2654 2655
f 1001 1003 1002
f 585 679 558
f 2624 621 620
f 555 2028 556
f 1207 1197 2629
f 1626 478 472
f 3729 3731 3730
f 3746 3748 3747
f 3770 3750 3753
f 426 419 1567
f 1030 1773 1031
f 9350 634 9332
f 534 138 262
f 1125 1042 1041
f 333 88 227
f 569 561 730
f 3691 3693 3692
f 1489 871 870
f 1857 620 891
f 1673 9222 9215
f 622 864 1308
f 2647 974 2657
f 619 891 620
f 261 545 262
f 393 1556 404
f 2658 2647 2657
f 1075 2657 917
f 1081 2658 1075
f 1080 2659 2658
f 2644 1141 2660
f 2660 1140 1336
f 642 1336 643
f 1193 2660 642
f 679 555 558
f 3762 3764 3763
f 1503 1500 1502
f 1318 1101 1100
f 2661 1139 1142
f 2661 2663 2662
f 2662 2659 2661
f 2662 2622 2664
f 2664 911 2646
f 2648 2646 1146
f 2648 2662 2664
f 3586 3779 3777
f 2083 2093 2081
f 1442 1437 1439
f 3732 3733 3731
f 519 330 51
f 1885 1209 613
f 799 805 804
f 1946 1952 1953
f 1302 1253 1252
f 3741 3757 3756
f 3660 3662 3661
f 566 224 533
f 1389 928 1388
f 683 681 680
f 836 1842 2665
f 2665 1845 1303
f 2666 1303 1302
f 24 2665 2666
f 831 2650 832
f 1845 1304 1303
f 2010 2012 2011
f 1051 2667 2668
f 1522 1511 1523
f 531 441 522
f 782 1251 1250
f 1250 2625 2669
f 2669 1857 1856
f 783 1856 1037
f 782 2669 783
f 720 2671 721
f 1055 1930 1056
f 1333 1251 2251
f 619 1308 1307
f 652 2619 2634
f 521 1539 1540
f 1838 537 2672
f 2672 536 2641
f 1113 2641 1110
f 1113 1838 2672
f 1016 1351 1045
f 9349 570 9346
f 226 104 101
f 9008 9279 1818
f 1036 1884 1883
f 2674 1304 2673
f 2673 1844 2675
f 1334 2675 1039
f 1333 2673 1334
f 2676 1039 2675
f 1843 2675 1844
f 942 2676 1843
f 1074 702 2676
f 811 859 858
f 752 1055 753
f 1200 656 1026
f 1120 874 2677
f 2677 877 1052
f 1241 1052 1005
f 1119 2677 1241
f 1560 151 1515
f 1208 611 523
f 215 736 214
f 1460 1462 1461
f 3717 3719 3718
f 1208 1839 873
f 854 1282 1297
f 3682 3696 3681
f 72 182 179
f 544 1565 512
f 217 456 457
f 3673 3781 3780
f 2047 930 945
f 1204 1937 2633
f 913 686 685
f 3705 3707 3706
f 840 1113 1112
f 1531 730 561
f 2678 1283 801
f 601 1914 602
f 1537 459 460
f 1819 8953 8971
f 991 862 538
f 2679 1073 1830
f 3776 3581 3582
f 2680 983 2256
f 779 2256 1263
f 778 2680 779
f 2678 1830 2680
f 180 245 40
f 1886 1131 1134
f 3766 3767 3749
f 1138 1274 1255
f 3777 3585 3586
f 1841 1140 1139
f 75 314 74
f 193 420 192
f 2681 1099 1098
f 3658 3587 3659
f 170 1565 169
f 349 417 432
f 1121 2684 2683
f 547 409 302
f 123 121 120
f 2643 1142 1141
f 1542 513 1543
f 899 907 919
f 1210 676 867
f 791 982 892
f 24 837 836
f 893 932 931
f 1860 863 862
f 535 862 861
f 3640 3683 3638
f 832 813 812
f 2650 813 832
f 1569 1547 1568
f 181 542 180
f 660 937 688
f 2013 568 2012
f 3781 3644 3782
f 887 2631 2630
f 1524 361 78
f 520 162 1529
f 2653 854 2685
f 1238 2655 2686
f 718 527 530
f 1492 518 1491
f 792 615 793
f 599 1835 596
f 290 456 175
f 312 1552 425
f 1248 1179 1249
f 153 177 178
f 1240 1222 1221
f 1257 1235 1071
f 1291 1083 1222
f 1052 1277 1053
f 743 2618 1204
f 444 430 443
f 23 1172 1187
f 2687 1180 1179
f 102 409 134
f 1283 610 801
f 373 650 651
f 1180 1084 1291
f 855 2655 1237
f 1173 1917 1174
f 2689 853 2688
f 2688 1108 1279
f 2686 1279 1238
f 2687 2688 2686
f 2691 1252 2690
f 2690 850 2689
f 1248 2689 2687
f 1248 2691 2690
f 2692 24 2666
f 2691 2666 1302
f 1247 2692 2691
f 1258 617 2692
f 394 1555 393
f 2693 1259 1223
f 1072 1262 1261
f 1257 1168 1258
f 398 1555 1554
f 871 1314 872
f 1178 1249 1179
f 1224 1173 1172
f 1010 2618 742
f 1175 1292 1269
f 2654 2686 2655
f 2694 1216 1264
f 71 1487 70
f 701 1111 1038
f 1072 2649 2650
f 1085 22 21
f 895 1264 896
f 1601 1605 1604
f 1259 1271 1289
f 21 1220 1083
f 988 538 537
f 3533 3535 3532
f 598 1336 1140
f 820 1762 821
f 1050 818 821
f 1298 1761 2652
f 1168 618 617
f 3629 3670 3628
f 858 1256 833
f 39 516 1536
f 2652 819 814
f 313 315 314
f 2026 1971 2027
f 2656 596 1835
f 814 818 811
f 2696 813 2649
f 1260 2649 1261
f 2693 2696 1260
f 2697 2651 2696
f 381 390 380
f 9270 1611 1609
f 1475 1428 1227
f 1292 1917 1235
f 1551 354 1518
f 1526 1523 1511
f 1593 1595 1573
f 1232 1246 1249
f 2695 1223 22
f 2698 1296 2697
f 2698 2693 2695
f 2685 2695 1085
f 2685 1297 2698
f 562 271 272
f 2652 1296 1298
f 1365 1364 1363
f 1958 1953 1957
f 585 2210 997
f 1561 1515 435
f 975 1146 976
f 347 68 346
f 1038 636 1068
f 2700 780 2699
f 2699 1036 1883
f 2701 1883 1829
f 851 2699 2701
f 2674 2251 2702
f 2702 781 2700
f 1253 2700 851
f 1301 2702 1253
f 1519 388 1550
f 1273 1280 2703
f 2703 1107 852
f 2701 852 851
f 1829 2703 2701
f 91 326 90
f 1784 2656 1785
f 2683 2705 2704
f 604 8943 8977
f 1669 8992 1662
f 2062 2060 2059
f 621 861 622
f 2023 732 2024
f 686 1263 687
f 857 2668 1328
f 883 882 879
f 3648 3650 3649
f 637 1111 1110
f 2668 893 1328
f 3692 3711 3691
f 2667 894 2668
f 1039 1068 1334
f 313 1504 1505
f 1911 305 453
f 1936 1964 2212
f 2707 2401 2183
f 2708 2183 2182
f 738 2116 554
f 3785 3709 3786
f 2349 2432 2436
f 2711 2020 2019
f 2400 2019 2186
f 2714 2716 2713
f 2717 2719 2720
f 2721 2723 2724
f 2726 2728 2725
f 2725 2730 2729
f 2731 2729 2709
f 2732 2725 2731
f 2734 2736 2733
f 2738 2740 2737
f 2737 2741 2742
f 2744 2746 2743
f 2745 2748 2747
f 2749 2747 2751
f 2753 2751 2752
f 2250 2246 2248
f 3417 3419 3418
f 2754 1614 2755
f 9050 2755 9061
f 9060 2747 9061
f 1617 2755 1614
f 2242 1620 2757
f 3429 3431 3430
f 2191 2760 2759
f 2761 2760 2762
f 9100 2761 9101
f 9075 2759 9100
f 3209 3354 3355
f 1395 2236 2235
f 1395 1636 1615
f 3741 3790 3740
f 1616 2229 2233
f 3410 3412 3411
f 1617 2763 2756
f 2756 9080 9060
f 2765 2234 1630
f 2766 9080 9074
f 3202 3458 3459
f 1516 435 1515
f 2768 8996 8997
f 1495 578 1424
f 2135 28 17
f 8970 2773 2774
f 1690 9378 9377
f 2778 2780 2777
f 2777 2781 2782
f 2784 2777 2783
f 8999 575 576
f 1494 9 540
f 8973 2015 9010
f 451 505 450
f 2786 2788 2785
f 2779 2785 2780
f 2789 2741 2740
f 2790 2752 2789
f 2792 2794 2791
f 2793 2796 2794
f 2796 2750 2749
f 2794 2749 2753
f 2798 1396 2754
f 9043 2754 9050
f 2798 2800 1393
f 9043 2799 2798
f 2797 2795 2801
f 2791 2753 2790
f 216 232 54
f 9256 2807 9255
f 9257 2804 9255
f 2769 9001 8996
f 183 184 97
f 2811 2775 2776
f 2804 2776 2805
f 2809 2811 2804
f 2812 2813 2814
f 9257 2816 9247
f 9248 2815 9247
f 9250 2820 2821
f 9245 2819 9250
f 2824 2735 2819
f 2823 2824 2819
f 2825 2826 2724
f 9245 2827 9244
f 9248 2826 9244
f 2713 2829 2828
f 2828 2831 2830
f 2822 2828 2830
f 2821 2713 2828
f 2832 2822 2830
f 2833 2830 2831
f 2834 2832 2833
f 2835 2827 2832
f 2837 2839 2836
f 2836 2841 2840
f 2842 2840 2727
f 2843 2836 2842
f 2840 2845 2844
f 2718 2845 2719
f 2730 2844 2718
f 2727 2844 2728
f 2846 2719 2845
f 2846 2841 2847
f 2829 2847 2831
f 2829 2716 2846
f 2847 2839 2848
f 2848 2838 2849
f 2833 2849 2834
f 2831 2848 2833
f 2850 2851 2852
f 2853 2852 2854
f 2783 2782 2855
f 2785 2853 2856
f 2780 2856 2781
f 2857 2855 2782
f 2859 2782 2781
f 2861 2842 2860
f 2860 2727 2726
f 2862 2726 2732
f 2863 2860 2862
f 2861 2858 2857
f 2843 2857 2859
f 2856 2854 2864
f 2781 2864 2859
f 2837 2859 2864
f 2838 2864 2854
f 2852 2834 2849
f 2854 2849 2838
f 2865 2818 2835
f 2851 2835 2834
f 2813 2815 2865
f 2814 2865 2851
f 2866 2814 2850
f 2788 2850 2853
f 2866 2787 2867
f 2812 2867 2775
f 1892 1890 1891
f 2720 2846 2870
f 298 256 257
f 2872 2713 2820
f 9246 2735 2734
f 2729 2874 2873
f 2846 2715 2870
f 2876 2878 2875
f 2733 2878 2734
f 9258 2879 2880
f 9258 2872 9246
f 2882 2884 2881
f 2881 2715 2714
f 2880 2714 2872
f 2879 2881 2880
f 2885 2887 2888
f 2888 2890 2885
f 2885 2892 2891
f 2893 2885 2891
f 1942 2532 2894
f 2895 2720 2870
f 2884 2870 2715
f 2883 2895 2884
f 2896 2892 2895
f 2889 2717 2890
f 2890 2720 2892
f 2897 2891 2896
f 2898 2896 2883
f 2899 2883 2882
f 2900 2882 2879
f 9249 2879 9259
f 2876 2901 2877
f 2901 2904 2903
f 1785 1835 1834
f 2905 2899 2900
f 2907 2897 2898
f 9249 2903 9251
f 632 577 633
f 8976 2867 2787
f 434 550 350
f 2768 9092 9095
f 2910 1623 2249
f 2241 2758 2242
f 9092 2913 9104
f 1623 2757 1620
f 9039 2757 9104
f 2229 1380 2250
f 2765 1629 2914
f 2915 1629 2912
f 9094 2914 2915
f 9093 2765 2914
f 2919 9094 9065
f 2918 2912 2241
f 9066 2241 9038
f 9070 9065 9122
f 8985 2180 8940
f 8965 2188 8950
f 3694 3627 3693
f 9157 714 9303
f 2925 2917 2924
f 2924 2916 2919
f 9062 2919 9070
f 9063 2924 9062
f 2926 2766 2925
f 9110 2925 9063
f 1715 1705 1710
f 785 498 796
f 1387 565 1791
f 374 1899 560
f 9017 2206 9000
f 2929 2886 2893
f 2932 2934 2931
f 1905 1908 1907
f 2930 2936 2937
f 2938 2930 2929
f 1493 517 518
f 1603 1586 1602
f 2939 2929 2908
f 2940 2908 2907
f 9117 1600 9113
f 2886 2937 2887
f 2906 2898 2899
f 2908 2893 2897
f 2942 2933 2941
f 2941 2937 2936
f 8945 2936 8957
f 8942 2941 8945
f 2943 2710 2873
f 2943 2874 2889
f 2945 2889 2888
f 2946 2943 2945
f 2932 2888 2887
f 2931 2945 2932
f 727 1929 728
f 2903 2947 2948
f 545 42 262
f 1480 533 251
f 2907 2949 2940
f 2906 2950 2949
f 1558 215 202
f 9251 2948 9253
f 2054 1644 2118
f 9157 2203 9017
f 1828 1849 1827
f 2953 2955 2952
f 2952 2957 2956
f 2956 2258 2952
f 2953 2258 2257
f 2454 2474 2496
f 9199 2959 9218
f 9199 2131 9189
f 2961 2963 2958
f 2958 2964 2959
f 222 2485 2965
f 2477 2966 2608
f 2631 2006 1859
f 2384 2496 2497
f 2967 2959 2964
f 2968 2970 2969
f 9211 2971 9236
f 9236 2960 9218
f 2972 2033 2032
f 2007 2973 2008
f 9004 2134 2133
f 1836 1832 1831
f 8950 2090 8995
f 955 959 956
f 672 674 673
f 633 713 632
f 2024 733 803
f 2025 803 798
f 425 1550 388
f 2975 888 887
f 1319 1157 2694
f 1212 2977 1213
f 889 2228 2227
f 1978 1975 1979
f 1138 1329 915
f 751 2979 2978
f 1619 1625 1624
f 2252 1728 1727
f 1157 845 1216
f 2706 1938 2617
f 2980 2254 2981
f 2982 887 2630
f 802 711 2679
f 678 2029 2028
f 527 690 528
f 1839 2629 1840
f 2983 602 1914
f 2983 1913 1331
f 2985 1331 1054
f 2986 2983 2985
f 2987 2635 2634
f 2985 2639 2986
f 2990 1318 2989
f 2991 2993 2994
f 2995 2994 2996
f 1106 2991 2995
f 1058 2992 2991
f 1415 1365 1367
f 1317 2217 2997
f 1932 2255 2980
f 926 2999 664
f 3001 2992 3000
f 3000 1057 2978
f 2999 2978 2979
f 2998 3000 2999
f 3002 2209 3003
f 3002 2996 2994
f 2993 3002 2994
f 3001 2998 3002
f 1103 2995 3004
f 3004 2996 3003
f 2209 3004 3003
f 588 3004 2210
f 295 433 381
f 2638 2988 3005
f 3005 1056 1930
f 1305 1930 1306
f 1276 3005 1305
f 1987 1993 1989
f 2633 1761 2645
f 1423 1417 1419
f 9005 739 703
f 2671 2704 2705
f 1473 2035 1472
f 922 2694 895
f 1401 1378 1384
f 556 1884 1037
f 842 9277 9288
f 1854 2617 1010
f 933 1081 1075
f 1440 1436 1437
f 529 719 530
f 1031 1027 1028
f 777 912 1871
f 2645 1204 2633
f 441 1538 1537
f 3771 3773 3772
f 790 587 586
f 2065 1610 1607
f 1860 990 902
f 60 87 59
f 1424 1948 1947
f 332 1507 331
f 261 138 135
f 187 449 507
f 1719 1726 1725
f 1931 1059 3006
f 3006 1105 1104
f 1287 1104 587
f 1286 3006 1287
f 3007 3009 3010
f 3009 653 795
f 618 26 25
f 2029 1210 1209
f 957 600 2228
f 1049 2228 600
f 2631 3011 2561
f 890 2227 3011
f 3011 2145 3012
f 2561 3012 2375
f 1026 609 608
f 2706 1961 1964
f 3013 2485 3014
f 2148 1267 3015
f 3015 1266 1311
f 2997 1101 1317
f 642 1773 1193
f 186 461 511
f 1041 1320 901
f 1121 3017 1122
f 2984 2987 3018
f 3018 2634 2619
f 1048 3018 2619
f 603 2984 3018
f 2679 801 802
f 2062 2074 2061
f 2061 2076 2064
f 414 1545 1965
f 3016 2683 3019
f 3019 2704 2670
f 3020 2670 720
f 3007 3019 3020
f 1871 1091 777
f 3021 1122 3017
f 3022 3017 3010
f 1314 3022 1315
f 1784 3021 1314
f 1316 1763 611
f 3023 3010 3009
f 3023 795 1092
f 1763 1092 1125
f 1315 3023 1763
f 3016 3010 3017
f 752 2978 1057
f 2986 2637 2987
f 3024 653 3008
f 3020 3008 3007
f 720 3024 3020
f 723 654 3024
f 2681 1268 3025
f 2671 1268 721
f 2705 3025 2671
f 1313 3027 1311
f 3026 3029 3027
f 3027 3030 3031
f 1311 3031 3015
f 2012 731 2023
f 917 974 977
f 3742 3744 3743
f 743 856 744
f 1888 2030 1425
f 2682 2684 3032
f 3032 1124 2989
f 1100 2989 1318
f 1099 3032 1100
f 1123 2989 1124
f 3033 1159 1158
f 2990 1158 1319
f 1123 3033 2990
f 1786 1834 3033
f 1054 2988 2985
f 2979 664 2999
f 2623 2663 2643
f 1095 688 687
f 3034 2261 2956
f 3036 2956 2957
f 3037 3034 3036
f 3038 3035 3034
f 3040 3026 1313
f 2263 3041 3040
f 3042 3043 3041
f 3041 3028 3026
f 3044 3043 3039
f 3046 3045 3044
f 3047 3049 3045
f 3043 3049 3028
f 3038 3051 3050
f 3050 3053 3052
f 3052 3044 3050
f 3039 3050 3044
f 3054 3039 3042
f 3042 2262 3054
f 2261 3054 2262
f 2216 2997 2217
f 2212 2667 1936
f 3056 2209 3055
f 934 1961 1854
f 2013 9209 567
f 3058 3060 3061
f 3059 3063 3060
f 3060 2213 1963
f 3061 1963 1962
f 3063 2214 2213
f 3062 3064 3063
f 3065 2260 3064
f 3064 2215 2214
f 3066 3031 3030
f 2608 3067 3066
f 2966 3068 3067
f 3031 3068 3015
f 2455 2461 2474
f 2476 2226 2477
f 8995 2089 8969
f 8970 9221 9238
f 433 355 381
f 2115 1419 2123
f 8953 2922 8971
f 9221 2131 2134
f 3069 2167 2166
f 2971 2928 2960
f 2961 2773 2962
f 3070 2478 2483
f 2610 3071 2954
f 2502 2374 2386
f 3072 2595 3073
f 2964 3052 2967
f 3048 3074 3049
f 2593 3075 3074
f 3075 3029 3074
f 3074 3028 3049
f 3072 3075 2592
f 3076 2482 2481
f 2481 3066 3076
f 3076 3030 3075
f 2967 3053 2970
f 2482 3073 2483
f 479 493 494
f 706 9325 709
f 9005 2221 8961
f 2013 9206 9207
f 8977 2016 8973
f 9006 2222 2974
f 1171 1155 1176
f 3782 3689 3783
f 2586 2565 2587
f 2982 113 2484
f 2562 3077 3068
f 2376 3012 3077
f 3012 2148 3077
f 3077 3015 3068
f 2963 3046 2964
f 3051 2970 3053
f 1683 491 775
f 9302 1447 9312
f 1986 9186 9220
f 3079 2546 2575
f 3081 2575 2576
f 1983 9220 9217
f 3082 2319 2545
f 3080 2545 2546
f 9186 3082 3080
f 9184 2323 3082
f 1309 1888 748
f 3073 2772 2771
f 2760 3084 2762
f 2760 2088 3083
f 3085 3086 3087
f 3089 3090 3088
f 3089 3084 3085
f 3092 3090 3091
f 3093 2744 2743
f 2751 2748 3093
f 3093 2752 2751
f 2742 3093 3094
f 3094 2743 3095
f 3096 3098 3087
f 3099 3087 3086
f 3097 3095 3098
f 3100 2746 3101
f 3101 3102 3100
f 2764 2927 3101
f 2745 3101 2746
f 3102 3091 3100
f 3100 3095 2743
f 2869 9044 9086
f 3102 3104 3092
f 9110 2869 9086
f 2927 3103 3102
f 3098 3091 3090
f 3087 3090 3085
f 2088 3105 3083
f 3083 3086 3084
f 2483 2771 3070
f 2401 2185 2321
f 3099 3105 3106
f 2125 3106 3105
f 3108 2742 3107
f 3107 3094 3097
f 3110 3107 3109
f 3109 3097 3096
f 3111 3096 3099
f 3112 3109 3111
f 3113 2737 3108
f 3115 2722 3114
f 3117 3114 3116
f 3119 3116 3118
f 3118 3120 3121
f 3116 3113 3120
f 3122 3111 3123
f 3122 1755 1754
f 3124 3126 3127
f 3125 3121 3126
f 3128 3118 3125
f 3129 3125 3124
f 2020 3128 3129
f 9305 1346 1352
f 1065 1047 1066
f 1814 9282 1649
f 2021 3129 3130
f 3111 3106 3123
f 3123 2207 1755
f 2377 2224 2973
f 3014 113 112
f 1756 9234 9219
f 3131 2530 2528
f 3133 2528 2529
f 1753 9219 9227
f 3134 3127 3135
f 2327 2314 2313
f 2436 2317 2349
f 2018 9163 9164
f 2534 3137 2535
f 2320 3136 2534
f 2185 9164 9223
f 3138 2542 2539
f 3134 9196 9197
f 9237 3134 9197
f 3140 2539 2538
f 2535 3140 2538
f 9163 3130 9237
f 2558 3132 3141
f 9234 3141 3132
f 2560 3141 3142
f 9212 3142 3141
f 958 2976 2981
f 1933 2980 3143
f 3714 3729 3713
f 2399 2418 2416
f 2348 2343 2432
f 2322 2319 2323
f 2718 2874 2730
f 2709 2873 2710
f 2894 1361 1942
f 3788 3720 3717
f 346 176 347
f 1876 1882 1881
f 2802 9059 9044
f 3104 3088 3092
f 2974 9101 9055
f 3089 2761 2762
f 3088 3145 3089
f 2803 9055 9059
f 9322 692 628
f 2123 1418 2126
f 1365 1368 1367
f 3346 3344 3343
f 1581 1782 1783
f 9013 2129 8964
f 8999 2002 8965
f 3146 2551 3147
f 9203 3147 9202
f 9194 3146 9203
f 3149 2585 3146
f 3196 3197 3195
f 9056 2191 9075
f 3142 2556 2560
f 9229 3150 3142
f 9098 2550 9045
f 3150 2555 2556
f 9230 3151 3150
f 9240 3152 9098
f 3153 2551 2549
f 3152 2549 2550
f 9233 3153 3152
f 9228 3147 3153
f 3148 2206 2205
f 2183 2321 2184
f 2132 2928 2133
f 3299 3321 3319
f 9136 2204 2203
f 9171 2197 9173
f 2594 2773 2951
f 2595 2951 2772
f 1870 799 1869
f 3257 3259 3258
f 9165 2178 9158
f 9158 9188 9242
f 336 9226 9174
f 339 3154 336
f 9241 3149 9194
f 9135 2584 3149
f 2963 3048 3047
f 9174 337 336
f 339 2566 2586
f 3156 2168 2167
f 2610 2167 2611
f 2954 3156 2610
f 3157 2953 2257
f 9159 2169 9161
f 2567 3159 2568
f 337 2567 338
f 9182 2166 9159
f 9216 1983 9217
f 2579 3081 2576
f 2568 3160 2579
f 9161 2190 9216
f 3065 3162 3161
f 3161 1984 2189
f 3157 2189 2168
f 2257 3161 3157
f 734 1922 806
f 3059 2708 3163
f 3163 2182 1985
f 3162 1985 1984
f 3062 3163 3162
f 3203 3205 3204
f 3806 3808 3807
f 2122 1448 1447
f 9269 1685 9264
f 139 444 69
f 1570 566 533
f 2957 3165 3036
f 2955 3164 2957
f 1912 341 1973
f 3130 3124 3134
f 1548 319 1547
f 1949 1327 1887
f 2969 3078 3167
f 3167 3169 3168
f 9176 2017 9172
f 9172 2033 9211
f 3168 3165 3170
f 3170 3164 3171
f 9231 3171 9208
f 9176 3170 9231
f 3171 3166 3172
f 3172 3071 3173
f 9204 3173 9201
f 9208 3172 9204
f 3169 3036 3165
f 2593 2962 2594
f 3173 2609 3174
f 3174 2199 2198
f 9235 2198 9171
f 9201 3174 9235
f 2190 1984 1983
f 2196 2767 3148
f 3326 3328 3327
f 2119 1414 1448
f 1464 1466 1465
f 2199 3069 2200
f 2457 2587 2565
f 2226 2562 2966
f 481 1627 1639
f 333 235 236
f 3078 3037 3169
f 3040 2997 2263
f 3351 3262 3263
f 2219 1933 2220
f 2385 2497 2503
f 221 3175 2484
f 2220 3143 3175
f 3175 2976 2975
f 2484 2975 2982
f 2954 3166 2955
f 2630 110 2982
f 1547 1952 1955
f 2091 2188 2187
f 9185 2178 2177
f 1918 1927 1926
f 9007 111 8955
f 3398 3400 3399
f 955 960 954
f 2037 112 9007
f 3143 2981 2976
f 2218 2214 2215
f 672 9239 8985
f 2152 3014 2037
f 1147 1143 1145
f 2248 1409 2245
f 1615 1635 1616
f 1410 2246 2247
f 3486 3487 3310
f 3468 3502 3501
f 3451 3452 3450
f 3177 1383 1382
f 2238 3176 1382
f 3176 2230 3178
f 1410 3179 1407
f 3179 2243 1407
f 1633 2800 2249
f 3816 3817 3814
f 1621 2758 2912
f 3642 3662 3675
f 3422 3260 3257
f 1622 2245 1634
f 2236 3181 3182
f 3793 3795 3794
f 3493 3495 3494
f 2237 3182 3183
f 3513 3515 3514
f 2250 2233 2229
f 3654 3667 3802
f 2912 1628 1621
f 3819 3821 3820
f 3432 3823 3431
f 135 1564 1563
f 1567 512 1565
f 1085 2653 2685
f 3184 868 3056
f 869 3057 934
f 3389 3387 3386
f 1266 1098 1312
f 1267 722 721
f 937 2646 936
f 2146 722 2147
f 2211 921 2667
f 1957 507 449
f 1313 2264 3040
f 1496 1493 1492
f 2681 2705 2682
f 2887 2933 2932
f 1687 1659 1694
f 145 1498 81
f 1317 1319 2694
f 3831 3830 3834
f 37 418 71
f 1935 3185 2977
f 104 301 103
f 2101 2083 2084
f 543 360 207
f 1934 3186 3185
f 234 212 237
f 9297 1822 1824
f 3825 3827 3826
f 1976 1874 1974
f 223 2219 220
f 9107 9057 9064
f 468 773 2165
f 3673 3659 3672
f 1935 1728 1932
f 3490 3840 3549
f 3362 3848 3847
f 3862 3864 3863
f 3465 3484 3868
f 3893 3525 3874
f 3352 3430 3431
f 3869 3871 3870
f 3529 3567 3564
f 3420 3922 3921
f 3304 3236 3303
f 3929 3931 3930
f 3324 3327 3561
f 3219 3939 3331
f 3220 3937 3219
f 3450 3376 3439
f 3942 3833 3941
f 3215 3454 3945
f 3946 3215 3945
f 3422 3948 3421
f 3950 3198 3196
f 3205 3957 3920
f 3261 3961 3288
f 3852 3964 3963
f 3214 3946 3958
f 3965 3214 3192
f 3797 3799 3798
f 3988 3990 3989
f 3777 3806 3822
f 3855 3447 3444
f 3737 3800 3736
f 3949 3952 3948
f 3651 3783 4000
f 4001 3787 3812
f 4019 4021 4020
f 4027 4029 4028
f 3258 4030 4027
f 4033 4035 4034
f 3424 4047 4046
f 3242 4058 4057
f 3970 3547 3971
f 3829 4057 3825
f 3333 3947 4060
f 4063 4065 4064
f 4073 4075 4074
f 3568 3443 3448
f 3981 3335 4050
f 3540 3862 3539
f 4078 4031 4032
f 3565 4088 3993
f 3442 4089 4082
f 4092 4094 4093
f 4093 4097 4096
f 3619 3623 3624
f 3660 3821 3807
f 3809 3649 3808
f 3610 3655 3613
f 3656 3623 3657
f 3621 3804 3620
f 3503 3481 3504
f 3436 3438 3437
f 3356 3427 3353
f 3628 3669 3633
f 3734 4002 3733
f 3276 3370 3369
f 3763 4107 3762
f 4006 3754 3755
f 3747 3752 3746
f 3863 4110 3992
f 3994 4003 3501
f 3653 3664 3652
f 3296 4115 3295
f 4117 4119 4118
f 3249 3251 3250
f 4127 4129 4128
f 3478 3903 3867
f 3410 3921 3922
f 3977 4038 3976
f 3216 3453 3454
f 3967 3548 3966
f 4140 4032 4039
f 3509 4149 3916
f 4151 3659 3587
f 4153 3656 3671
f 4153 3646 3672
f 4156 3645 4155
f 4139 4078 4140
f 3743 4163 4162
f 3861 3987 4166
f 3468 4067 3467
f 3306 3980 3835
f 4172 4010 4024
f 4169 3836 3835
f 4187 4189 4188
f 4213 4215 4214
f 4220 4222 4221
f 4225 4211 4204
f 4230 4232 4231
f 4240 4242 4241
f 3606 3608 3607
f 4250 4252 4251
f 4258 4260 4259
f 4077 4079 4078
f 4276 4278 4277
f 4308 4263 4309
f 4017 3872 3869
f 3196 3951 3950
f 4316 4270 4271
f 3870 4307 3869
f 4324 4326 4325
f 4333 4247 4244
f 4338 4340 4339
f 4348 4350 4349
f 4283 4289 4286
f 4356 4358 4357
f 4359 4020 4358
f 4362 4196 4197
f 4320 4279 4276
f 4370 4296 4371
f 4377 4303 4249
f 4231 4201 4178
f 4203 4331 4381
f 4037 4039 4038
f 4371 4386 4370
f 4387 4347 4314
f 3309 3294 3310
f 4099 3724 3818
f 4355 3257 4313
f 3630 3693 3627
f 4277 4302 4390
f 4350 4319 4349
f 4353 4351 4348
f 3637 3639 3638
f 4394 3827 3320
f 3311 4399 4398
f 3755 4005 4006
f 4363 4259 4260
f 3454 3919 3920
f 3446 3459 3458
f 4298 4404 4406
f 3749 3769 3766
f 3791 3756 3792
f 3643 3684 3640
f 3845 3399 3400
f 4313 3258 4312
f 4411 4408 4412
f 3843 4423 3842
f 4214 4329 4328
f 4431 4433 4432
f 3918 3798 3799
f 3927 3388 3389
f 4453 3874 3873
f 4138 4457 4456
f 3346 4459 3345
f 4100 4108 4107
f 3974 3976 3975
f 3665 3652 3664
f 3773 3993 3992
f 3945 3920 3957
f 4144 4462 4461
f 4464 4466 4465
f 3268 4479 3267
f 4484 4136 4485
f 3348 4487 3347
f 3313 3912 3913
f 3803 3617 3802
f 4086 3510 4087
f 4034 3305 4033
f 3403 4171 4489
f 4481 4492 4491
f 4177 4179 4178
f 4398 3923 3311
f 4451 4494 4450
f 4501 4076 4502
f 4509 4506 4503
f 3304 4462 4517
f 4485 3312 4484
f 3419 3349 4064
f 4356 4385 4305
f 4026 4358 4020
f 4354 4357 4358
f 3599 4091 4090
f 4341 4254 4274
f 4251 4524 4335
f 3482 3484 3483
f 3843 3544 4085
f 4295 4274 4294
f 4381 4206 4203
f 4204 4531 4225
f 4533 4535 4534
f 4542 4544 4543
f 4546 4548 4547
f 4573 4547 4548
f 4575 4577 4576
f 4221 4580 4220
f 4587 4589 4588
f 4328 4589 4214
f 4187 4563 4332
f 4595 4593 4591
f 4597 4604 4596
f 4609 4611 4610
f 4620 4622 4621
f 4612 4614 4613
f 4636 4600 4637
f 4649 4650 4648
f 4652 4654 4653
f 4662 4664 4663
f 4666 4668 4667
f 4637 4685 4684
f 4627 4700 4626
f 4684 4636 4637
f 4663 4661 4662
f 4699 4697 4696
f 4647 4703 4702
f 4709 4603 4710
f 4724 4726 4725
f 4742 4744 4743
f 3311 3924 3314
f 4698 4758 4679
f 4749 4609 4610
f 4342 4344 4343
f 4797 4799 4798
f 4490 3974 4143
f 4019 4306 3870
f 4512 4514 4513
f 3991 4508 4507
f 4692 4694 4693
f 4680 4818 4810
f 4821 4824 4823
f 4367 4243 4240
f 4833 4831 4830
f 4837 4757 4754
f 4332 4562 4561
f 4683 4819 4682
f 4845 4850 4849
f 4751 4752 4669
f 4854 4695 4692
f 4858 4718 4857
f 4822 4859 4824
f 4674 4647 4675
f 4771 4773 4772
f 4726 4537 4540
f 4714 4719 4715
f 4633 4688 4687
f 4616 4618 4617
f 4686 4842 4841
f 4869 4708 4629
f 3502 3528 3529
f 4777 4737 4745
f 4734 4779 4873
f 4883 4663 4664
f 4375 4274 4275
f 4290 4335 4524
f 4799 4826 4825
f 4816 4812 4810
f 4778 4732 4659
f 4158 4160 4159
f 4195 4197 4196
f 3860 4166 4167
f 3758 3763 3764
f 3694 4157 4156
f 4249 4391 4377
f 3467 3469 3468
f 4209 4211 4210
f 4142 4144 4143
f 3615 3617 3616
f 3479 3536 3535
f 4883 4672 4886
f 4802 4642 4643
f 3698 3638 3683
f 4105 3726 3730
f 4848 4896 4895
f 4878 4744 4837
f 4610 4748 4749
f 4036 4489 4035
f 4355 4314 4347
f 4171 4049 4048
f 3875 3216 3217
f 4868 4863 4864
f 4623 4691 4622
f 3629 4155 4154
f 4654 4898 4683
f 4012 4014 4013
f 4902 4866 4867
f 4768 4908 4906
f 4370 4385 4384
f 4888 4914 4913
f 3546 3917 3916
f 4932 4931 4919
f 3625 4151 4150
f 3804 3670 3657
f 3816 4103 4101
f 4911 4887 4912
f 4928 4927 4929
f 4925 4927 4921
f 3655 3666 3654
f 4932 4910 4911
f 4937 4912 4913
f 4939 4942 4941
f 4228 4530 4381
f 4946 4942 4947
f 4938 4923 4937
f 4942 4937 4947
f 4951 4930 4928
f 4955 4928 4954
f 4748 4615 4749
f 4914 4847 4956
f 4824 4584 4856
f 4940 4941 4943
f 4916 4960 4917
f 4909 4891 4862
f 4971 4968 4949
f 4966 4948 4944
f 4962 4953 4965
f 4940 4924 4939
f 4831 4917 4895
f 4935 4925 4924
f 4275 4261 4258
f 4679 4791 4678
f 4016 4373 4376
f 4668 4766 4795
f 4539 4727 4845
f 4929 4936 4933
f 4607 4882 4881
f 4775 4801 4802
f 4801 4742 4774
f 4732 4611 4733
f 4985 4983 4982
f 4534 4562 4533
f 4847 4645 4848
f 4788 4619 4616
f 4787 4678 4791
f 4657 4605 4597
f 4994 4878 4837
f 5006 5008 5007
f 5001 4973 4988
f 4814 4619 4785
f 5014 4974 5012
f 5003 4972 4973
f 5019 5007 5018
f 5024 5017 5025
f 5036 5035 5032
f 4990 4975 4972
f 5045 5034 5044
f 5048 5034 5035
f 5025 5014 5026
f 5046 5043 5031
f 5051 5055 5054
f 5044 5060 5059
f 5011 5021 5020
f 5013 5068 5012
f 5028 5072 5029
f 5077 5064 5065
f 5065 5079 5077
f 5083 5080 5060
f 5063 5080 5065
f 5054 5071 5078
f 4602 4711 4851
f 5058 5083 5053
f 4982 4792 4793
f 5041 5045 5061
f 3909 3278 3250
f 3471 3473 3472
f 5002 4994 4995
f 5060 5067 5059
f 4892 4862 4891
f 4891 4884 4892
f 4996 5003 5001
f 4997 5005 5000
f 4813 4614 4829
f 4618 4827 4613
f 5089 5093 5092
f 3303 3305 3304
f 5100 5102 5101
f 5107 5109 5108
f 5110 5092 5114
f 4610 4734 4874
f 5112 5100 5084
f 5088 5090 5089
f 5119 5117 5116
f 5092 5096 5089
f 3826 3829 3825
f 5108 5102 5126
f 5100 5087 5084
f 5118 5133 5138
f 3783 3690 3784
f 4444 4446 4445
f 5151 5150 5152
f 4790 4617 4813
f 4332 4190 4187
f 3266 4451 4448
f 3211 3332 3946
f 4741 4760 4652
f 4775 4777 4776
f 4764 4691 4766
f 4489 4048 4490
f 4466 4511 4497
f 4518 3930 4514
f 4786 4791 4807
f 4980 4984 4977
f 5144 5150 5143
f 5159 5148 5158
f 5121 5120 5114
f 5169 5162 5165
f 5016 4979 5017
f 5123 5179 5122
f 5181 5140 5183
f 5175 5184 5141
f 4575 4586 4534
f 4984 4976 4977
f 4596 4598 4597
f 5182 5183 5186
f 4785 4787 4786
f 5137 5122 5179
f 5167 5180 5181
f 4835 4898 4897
f 4687 4726 4633
f 4176 4170 4398
f 4760 4655 4652
f 4681 4649 4646
f 5121 5132 5131
f 5171 5178 5170
f 5174 5191 5176
f 5169 5194 5164
f 4909 5095 4907
f 5105 5112 5113
f 4767 5126 4803
f 5201 5205 5204
f 5219 5217 5216
f 5229 5200 5209
f 5234 5236 5235
f 4069 4071 4070
f 4724 4717 4713
f 5108 4768 5107
f 5103 5126 5102
f 5227 5211 5226
f 5015 4884 4885
f 4997 4892 4884
f 5197 5215 5214
f 5241 5247 5246
f 5013 5019 5018
f 5205 5232 5204
f 4969 4971 4970
f 5239 5249 5248
f 4808 5225 4809
f 5216 5199 5196
f 5253 5242 5254
f 5235 5255 5256
f 5135 5157 5134
f 5264 5267 5266
f 5245 5215 5242
f 5260 5269 5267
f 5264 5274 5265
f 5154 5173 5142
f 5287 5278 5288
f 5256 5300 5257
f 5173 5176 5175
f 4631 4629 4628
f 4781 4783 4782
f 5309 5311 5310
f 5155 5144 5145
f 4826 4827 4825
f 5291 5308 5293
f 5310 5281 5286
f 5311 5308 5288
f 4036 4176 4175
f 4641 4704 4702
f 5220 4804 5223
f 4770 5207 4905
f 5188 5175 5176
f 5180 5129 5140
f 4626 5314 5313
f 4731 5315 5317
f 5222 5210 5221
f 4728 5316 5315
f 5230 5216 5196
f 5297 5240 5241
f 5204 5208 5201
f 5318 4864 5319
f 5273 5287 5289
f 5221 5219 5230
f 4700 5321 5314
f 5313 5328 5329
f 5157 5154 5142
f 5275 5263 5265
f 5324 5318 5325
f 5323 5331 5328
f 5343 5345 5344
f 5306 5286 5282
f 5278 5311 5288
f 4882 5320 5316
f 5109 5114 5120
f 5123 5130 5129
f 5299 5284 5298
f 5240 5199 5241
f 5229 5197 5214
f 5305 5292 5293
f 5233 5225 5243
f 5192 5194 5193
f 5104 4670 4746
f 5146 5160 5145
f 5337 5347 5338
f 5347 5341 5332
f 5353 5335 5352
f 5349 5354 5352
f 5355 5357 5354
f 5358 5360 5359
f 5355 5348 5360
f 5342 5365 5364
f 5345 5362 5344
f 5332 5367 5331
f 5372 5315 5316
f 5370 5366 5369
f 5361 5354 5357
f 5364 5368 5367
f 5369 5362 5370
f 5316 5330 5372
f 5373 5371 5372
f 5341 5364 5332
f 5374 5359 5373
f 5329 5375 5330
f 5377 5379 5378
f 5377 5331 5367
f 5380 5367 5368
f 5363 5370 5362
f 5357 5374 5381
f 5381 5361 5357
f 4814 4825 4827
f 4825 4816 4799
f 4806 4747 4805
f 5119 5131 5118
f 4696 4893 5387
f 4696 5390 4699
f 5213 5388 5387
f 5393 5388 5394
f 5380 5384 5379
f 5213 4893 5212
f 4813 4908 4790
f 5390 4693 4694
f 5294 5287 5295
f 5184 5186 5183
f 5285 5253 5254
f 4769 4790 4908
f 5327 5359 5360
f 4598 4690 4656
f 4608 4733 4611
f 4627 4609 4839
f 4596 4851 4711
f 4900 4706 4707
f 4668 5395 4667
f 4863 4639 4601
f 5392 4666 4667
f 4872 4651 4807
f 4807 4758 4872
f 5348 5325 5326
f 5176 5190 5188
f 5046 5022 5023
f 4853 4869 4870
f 5346 5363 5362
f 4709 4620 4599
f 4672 4904 4886
f 4680 4651 4649
f 4841 4688 4686
f 4823 4818 4821
f 4729 4602 4851
f 4881 4851 4604
f 5360 5326 5327
f 4852 4707 4869
f 4890 4669 4666
f 5392 5389 5393
f 5189 5186 5187
f 4881 4605 4607
f 5343 5369 5366
f 4607 4625 4882
f 5056 5052 5057
f 4850 4798 4894
f 3260 5398 3259
f 4855 4899 4871
f 5339 5366 5342
f 4789 4808 4677
f 5400 3948 3952
f 3872 4046 3871
f 4018 3424 3872
f 4025 4172 4024
f 4011 4024 4010
f 4065 3900 3901
f 3413 4013 3412
f 5056 5069 5070
f 5055 5070 5071
f 4062 5399 4061
f 5269 5294 5268
f 4685 4903 4846
f 5254 5240 5296
f 4606 4658 4733
f 4729 4882 4728
f 4030 4043 4029
f 4664 4753 4883
f 3575 3904 3903
f 3413 3922 3426
f 4949 4955 4934
f 4947 4913 4914
f 4849 4894 4856
f 4143 3975 4142
f 4912 4932 4911
f 3774 3995 3994
f 3956 3342 4168
f 4871 4758 4759
f 4270 4272 4271
f 4039 5400 4140
f 3555 5402 3554
f 5403 3906 3907
f 3908 3823 3907
f 4124 5408 5407
f 3901 4046 4047
f 4120 5410 5409
f 4124 4125 4123
f 5420 5404 5421
f 5424 5425 3557
f 3400 5428 3845
f 5432 5435 3226
f 4941 4945 4944
f 4935 4949 4934
f 3895 3897 3896
f 5426 4121 5418
f 5430 3906 5420
f 4045 5398 4062
f 5395 5392 4667
f 4846 4701 4840
f 4880 4710 4879
f 4624 4608 4609
f 4656 4662 4661
f 5305 5309 5304
f 5220 5222 5221
f 4230 4327 4324
f 5030 5028 5027
f 5213 5211 5210
f 5440 3269 5441
f 4396 3980 5444
f 5447 3244 3241
f 3328 5451 5396
f 4208 4248 4207
f 4599 4621 4598
f 4528 4391 4208
f 4529 4199 4207
f 4526 4339 4528
f 4256 5452 4532
f 4532 4241 4242
f 3834 5446 3831
f 5443 5444 4050
f 4530 4334 4206
f 4754 4904 4837
f 4229 4381 4331
f 4205 4383 4531
f 4892 4987 4861
f 4039 3976 4038
f 4738 4796 4741
f 4833 4897 4832
f 4232 4200 4201
f 4194 4241 4193
f 4889 4750 4748
f 4194 4365 4368
f 4531 4195 4238
f 5043 5062 5031
f 4182 4561 4180
f 5446 3241 3831
f 5237 5248 5236
f 4206 4382 4205
f 5210 5218 5219
f 3426 3417 3425
f 4216 4192 4215
f 4219 4184 4185
f 4180 4380 4179
f 4327 4591 4326
f 4223 4231 4222
f 4215 4360 4329
f 4186 4218 4185
f 4190 4209 4189
f 4223 4595 4327
f 4326 4328 4329
f 4366 4568 4186
f 4570 4549 4569
f 4579 4548 4570
f 4563 4533 4562
f 4583 4220 4580
f 4586 4561 4562
f 4239 4363 4243
f 4572 4567 4564
f 4536 4585 4535
f 4538 4566 4541
f 4536 5453 4538
f 3573 3983 3316
f 5427 3552 3556
f 4553 4588 4552
f 4593 4555 4592
f 4368 4183 4227
f 4361 4235 4236
f 4233 4527 4232
f 4233 4324 4237
f 4212 4330 4331
f 4237 4325 4236
f 4193 5452 4361
f 4983 4885 4792
f 5002 4986 4993
f 5074 5076 5075
f 4698 5391 4759
f 5391 5390 4694
f 4871 4650 4872
f 4546 4543 4544
f 4553 4901 4574
f 4552 4555 4556
f 5223 4805 5394
f 5386 5383 5363
f 5317 5371 5327
f 3240 4429 3377
f 5384 5381 5379
f 3938 3218 3937
f 3942 5455 5454
f 5361 5386 5356
f 4542 4541 4545
f 3910 5420 3428
f 3939 4060 3940
f 3851 5351 5454
f 3838 3556 3837
f 4547 4857 4546
f 5442 4050 3335
f 3385 5428 5429
f 4257 4235 4256
f 5312 4893 4809
f 4212 4204 4211
f 3854 5461 4392
f 4226 4210 4211
f 4202 4178 4201
f 3316 3897 3315
f 5464 4432 4433
f 5465 3883 4432
f 4472 4449 4450
f 4501 4450 4494
f 4074 4080 4077
f 5473 5401 4173
f 4173 5475 5473
f 3432 3520 5413
f 3462 5504 3461
f 4075 4494 4080
f 5482 3387 3392
f 5468 5470 5469
f 3427 5422 3523
f 4498 4487 3386
f 5403 5414 4128
f 3382 5522 3873
f 3492 5511 3491
f 3429 3517 3520
f 3873 5524 4453
f 5480 3350 3347
f 3477 5505 3462
f 4507 5544 4475
f 4396 5551 4051
f 3374 5553 3373
f 3373 5554 3390
f 5479 4063 3350
f 3390 5555 3393
f 5531 5566 5565
f 3368 5567 3367
f 5556 5560 5559
f 3393 5557 5556
f 4433 5463 5464
f 5464 5458 5456
f 4435 4439 3380
f 4055 3277 3274
f 3273 3911 3370
f 3395 3358 3394
f 5486 4071 5484
f 5526 4453 5524
f 5525 5569 5566
f 5568 3527 5567
f 3527 3847 3366
f 3365 3849 5462
f 5462 3850 5459
f 4435 5571 4430
f 3378 3943 3944
f 5573 5577 5574
f 4438 3943 3379
f 5477 5579 5476
f 5582 5580 5579
f 5583 5581 5584
f 5586 5588 5587
f 4074 5586 4073
f 5583 5474 5473
f 4507 5590 3991
f 5573 4522 4520
f 3989 5596 3988
f 5594 3407 5593
f 4436 5572 5571
f 5591 3991 5590
f 4507 4476 5589
f 3990 5587 5588
f 5578 3406 5577
f 5595 5584 5581
f 5484 3358 5486
f 4441 5467 3882
f 5472 4077 4139
f 5522 5570 5524
f 5486 3353 3524
f 5481 3386 3387
f 3475 5492 3518
f 5476 3899 5477
f 5540 5606 5603
f 5542 5603 5607
f 5608 5542 5607
f 5608 5545 5544
f 5607 5609 5545
f 5599 5548 5612
f 5598 5543 5608
f 5595 5593 5596
f 5588 3989 3990
f 5626 3266 5627
f 5627 4448 5628
f 5469 4469 5468
f 4515 5625 4491
f 4503 4474 4509
f 4481 5627 4480
f 4500 5469 5470
f 3414 5466 5465
f 5594 5581 5582
f 3376 4430 5571
f 3444 3941 3855
f 5572 3444 3445
f 4273 4287 4272
f 4345 4357 4344
f 4386 4305 4385
f 4517 4463 5625
f 4352 4319 4379
f 4352 4251 4336
f 4268 4390 4388
f 4264 4320 4323
f 4346 4282 4283
f 4337 4343 4344
f 4289 4245 4288
f 4303 4287 4288
f 4343 4291 4342
f 4284 4244 4289
f 4375 4291 4294
f 4379 4271 4272
f 4337 4348 4336
f 4524 4295 4290
f 4364 4197 4279
f 4285 4390 4302
f 5206 5208 5207
f 4297 4371 4296
f 4346 4286 4273
f 4285 4333 4284
f 3571 4395 5460
f 5341 5339 5342
f 5346 5334 5335
f 5269 5273 5289
f 4510 5609 5610
f 4509 5545 5609
f 4445 5611 5546
f 5566 5568 3368
f 5349 5338 5348
f 5489 3401 3398
f 5565 3368 3338
f 5496 5417 5630
f 5523 3383 5634
f 5325 5347 5324
f 5523 5599 5522
f 5429 3401 5633
f 3887 5631 5630
f 5634 5600 5523
f 5276 5279 5277
f 5298 5257 5300
f 5087 5085 5084
f 3361 5612 5548
f 5041 5066 5040
f 5487 3383 3384
f 5101 5130 5100
f 5299 5300 5303
f 5333 5335 5334
f 5302 5304 5303
f 5234 5216 5217
f 5301 5255 5258
f 4868 5322 4867
f 5281 5277 5279
f 5323 5322 5324
f 5298 5296 5297
f 4885 4750 4792
f 5231 5196 5197
f 4625 5313 5320
f 5111 5085 5098
f 5600 5549 5548
f 5531 5563 5527
f 5165 5182 5189
f 5283 5285 5284
f 4269 4277 4268
f 5610 5603 5606
f 5127 5091 5128
f 4907 5125 4906
f 5277 5272 5262
f 5596 5592 5598
f 5212 5226 5211
f 5273 5262 5272
f 5302 5258 5292
f 5635 5645 5640
f 4250 4379 4378
f 4485 3405 3402
f 4354 4023 4351
f 4265 4304 4386
f 4388 4282 4387
f 4345 4384 4385
f 4362 4297 4259
f 4836 4612 4828
f 4360 4236 4325
f 4369 4237 4234
f 5647 3986 3573
f 5650 3192 3189
f 5337 5336 5333
f 4467 4477 4466
f 4253 4340 4252
f 4429 5457 4428
f 3997 3915 3540
f 5535 3839 3982
f 5538 4460 4456
f 3439 5571 3438
f 5570 5526 5524
f 3438 5572 3445
f 4440 3879 3876
f 3440 4407 3449
f 3886 5695 5694
f 5534 5396 5451
f 5685 3471 5684
f 4278 4301 4302
f 5628 4449 5469
f 3579 3538 3578
f 4480 5628 4500
f 4402 5517 5518
f 4279 4198 4278
f 3603 3532 3602
f 3580 4088 4090
f 4095 3531 4094
f 5248 5251 5250
f 3778 3999 3776
f 4617 4613 4614
f 4375 4372 4519
f 3411 4136 3410
f 5094 5111 5097
f 3602 3535 3605
f 4023 4350 4351
f 4349 4336 4348
f 3605 3536 3592
f 4469 4471 4470
f 4094 3593 4097
f 4248 4245 4246
f 3519 5518 5517
f 5254 5284 5285
f 4852 4795 4766
f 4265 5629 4264
f 5632 5503 5631
f 3604 3612 3601
f 5549 5502 3360
f 3653 3607 3661
f 4780 4873 4779
f 4988 4979 4976
f 4491 5626 4481
f 4837 4995 4994
f 4615 4765 4749
f 5468 4470 4504
f 3514 3467 3513
f 5491 4409 5679
f 4093 3619 4092
f 4364 5629 4297
f 3488 5509 3487
f 5606 5611 5610
f 4210 4189 4209
f 4600 4602 4601
f 5242 5198 5240
f 5073 5075 5072
f 5651 3940 4060
f 3996 3775 3998
f 5200 5202 5201
f 5525 5527 5526
f 3364 4434 3363
f 3775 3542 3581
f 3941 5485 3855
f 3731 4105 3730
f 4997 4999 4998
f 4508 5608 5544
f 4101 3818 3816
f 3728 4103 3727
f 4591 4592 4328
f 4539 4538 4537
f 4550 4552 4551
f 4541 4567 4545
f 4389 4570 4568
f 4582 4580 4576
f 4976 4978 4977
f 4705 4707 4706
f 4797 4843 4844
f 3713 3730 3726
f 4675 4702 4704
f 4977 4981 4980
f 4810 4817 4816
f 4786 4812 4785
f 4715 4628 4714
f 4978 5021 4981
f 5010 5006 4991
f 3722 4162 4161
f 4558 4560 4559
f 4568 4569 4218
f 4584 4535 4585
f 4641 4715 4716
f 5026 5012 5068
f 4776 4745 4742
f 4714 4712 4713
f 4982 5001 4985
f 4576 4560 4582
f 4564 4566 4565
f 5069 5018 5029
f 5057 5048 5047
f 4810 4811 4680
f 3710 3786 3709
f 4991 4999 5010
f 5011 5010 5004
f 5008 5022 5027
f 5066 5063 5040
f 5047 5024 5025
f 5050 5051 5053
f 5023 5016 5024
f 5045 5059 5061
f 5047 5026 5057
f 3711 3724 3721
f 5048 5037 5047
f 5042 5063 5062
f 5058 5051 5054
f 5036 5046 5037
f 3715 3700 3714
f 5235 5257 5246
f 3732 3704 3702
f 5030 5062 5064
f 5020 5023 5022
f 5263 5261 5260
f 5049 5044 5034
f 5236 5250 5255
f 5031 5027 5022
f 5043 5039 5042
f 5320 5329 5330
f 5049 5052 5051
f 5326 5317 5327
f 3264 3288 3285
f 5264 5263 5260
f 4998 4992 4987
f 5009 5020 5008
f 5036 5039 5038
f 5032 5034 5033
f 4355 3949 3422
f 4269 4374 4323
f 4253 4378 4303
f 4525 4252 4340
f 3960 4111 3866
f 4372 4258 4296
f 5681 5673 5675
f 4378 4272 4287
f 4270 4346 4273
f 3244 5644 5643
f 4899 4648 4650
f 3734 3702 3810
f 4138 3343 4137
f 4192 4361 4360
f 3813 3812 3810
f 3817 3696 3814
f 5668 5682 5674
f 5690 5687 5684
f 5499 5700 5517
f 3999 3820 3577
f 3745 4102 4106
f 5684 3472 5690
f 5702 3860 5703
f 5712 5693 5670
f 3249 4393 3572
f 5695 5715 5694
f 5694 5716 5696
f 5719 5601 5602
f 4918 4950 4952
f 4774 4743 4773
f 3844 5605 3735
f 5505 4411 5504
f 3583 3585 3582
f 3710 4157 4160
f 5513 4417 5508
f 5704 4146 5709
f 4141 4062 4049
f 5669 5688 4410
f 3898 5653 5450
f 5718 3972 5719
f 5684 5686 5685
f 3917 5717 3512
f 3463 5662 5660
f 5492 5680 5491
f 4931 4950 4919
f 5665 3441 5663
f 3788 3740 3790
f 3501 3529 3994
f 3569 3477 3308
f 5516 5727 5515
f 3564 3566 3565
f 3892 5406 3889
f 3962 5407 3961
f 4126 4123 4125
f 4116 3287 5411
f 3892 5630 5417
f 3824 5413 5414
f 4408 5680 4412
f 3969 3978 5402
f 4408 3449 4407
f 4414 3449 4413
f 3962 3262 4125
f 4425 5616 4321
f 4418 5727 4419
f 5716 5575 5696
f 5719 5717 5718
f 5698 5692 5697
f 3880 4166 3987
f 5652 5520 5619
f 5621 4167 4166
f 5679 4410 5688
f 3210 3355 5618
f 5622 5451 5657
f 5416 5497 5624
f 5729 5731 5730
f 5733 3761 3758
f 5735 5737 5736
f 5750 5751 5734
f 5744 5740 5741
f 5744 3753 5746
f 5753 5730 5731
f 5757 5736 5737
f 5731 5765 5753
f 5774 5776 5775
f 5790 5792 5791
f 5796 5787 5797
f 5817 5819 5818
f 5828 5830 5829
f 3725 3751 3747
f 4874 4873 4875
f 4700 4903 4902
f 4740 4876 4739
f 3199 3201 3200
f 4100 4099 4101
f 3749 4108 3748
f 3695 3712 3692
f 3378 3380 3379
f 5504 4412 5507
f 4405 5518 5699
f 5838 5835 5836
f 4705 4712 4708
f 5832 5828 5833
f 5697 5678 5698
f 3791 4005 3790
f 5848 5794 5850
f 3714 3701 3704
f 3995 4042 3890
f 3329 3224 3222
f 4005 3705 4004
f 4551 4763 4550
f 5855 5808 5856
f 5851 5792 5852
f 5803 5858 5847
f 5844 5840 5845
f 5762 5743 5740
f 5808 5806 5807
f 4012 3426 3423
f 5558 3467 4067
f 4550 4720 4901
f 4950 4953 4952
f 3885 5694 5696
f 5705 4081 4082
f 5508 4415 5505
f 3745 3760 3744
f 5507 5680 5506
f 3592 3588 3591
f 3895 5658 5653
f 5613 5501 5549
f 3834 4393 4055
f 5527 4455 5526
f 5775 5809 5774
f 5766 5813 5810
f 5858 5812 5859
f 5855 5811 5858
f 5863 5819 5862
f 5826 5863 5829
f 5862 5833 5828
f 5870 5837 5845
f 5782 5831 5832
f 5868 5836 5873
f 5778 5843 5844
f 5866 5845 5840
f 5785 5867 5784
f 5790 5789 5793
f 5796 5794 5795
f 5821 5819 5820
f 5657 5620 5622
f 5793 5852 5792
f 5855 5801 5798
f 5853 5786 5796
f 5804 5802 5803
f 5827 5864 5822
f 5767 5821 5813
f 5854 5776 5777
f 5860 5818 5861
f 5782 5825 5785
f 5781 5844 5834
f 5810 5815 5816
f 5867 5830 5784
f 5809 5798 5799
f 5828 5863 5862
f 5865 5838 5868
f 5801 5802 5800
f 4086 3795 4149
f 5779 5842 5843
f 5827 5829 5830
f 5839 5869 5835
f 5814 5855 5856
f 5711 3859 5702
f 4958 4917 4960
f 5861 5821 5768
f 5863 5812 5820
f 5865 5823 5824
f 5873 5837 5871
f 5872 5842 5780
f 4089 3563 5704
f 3812 3785 3811
f 5770 5787 5788
f 5789 5847 5846
f 5793 5846 5849
f 4145 4146 3498
f 5848 5790 5791
f 3953 4009 3952
f 5748 5874 5747
f 4624 4626 4625
f 4665 4752 4664
f 4775 4779 4778
f 4746 4671 4747
f 4637 4601 4639
f 4828 4613 4827
f 4704 4762 4675
f 4843 4727 4687
f 4543 4725 4542
f 4731 4863 4730
f 4723 4558 4722
f 4842 4840 4838
f 4717 4857 4718
f 4865 4867 4866
f 5841 5866 5840
f 4725 4540 4542
f 4798 4816 4817
f 4632 4634 4633
f 4720 4715 4719
f 4642 4644 4643
f 3754 5874 5876
f 4860 4644 4847
f 4674 4722 4721
f 4808 4676 4677
f 4721 4822 4821
f 5876 5877 5746
f 4836 4840 4839
f 4658 4660 4659
f 4826 4800 4838
f 4877 4743 4744
f 4948 4971 4943
f 4875 4876 4889
f 4954 4934 4955
f 5773 5788 5790
f 5825 5833 5824
f 5834 5836 5835
f 5834 5845 5837
f 3359 3361 3360
f 5732 3756 3757
f 3394 3396 3395
f 3766 5741 5742
f 5774 5799 5777
f 5805 5857 5802
f 5813 5820 5812
f 3969 3964 3968
f 5667 5674 5666
f 5729 3792 3756
f 3770 5741 3769
f 4741 4739 4738
f 4689 4660 4661
f 5772 5787 5771
f 5735 3758 3764
f 5850 5773 5848
f 5617 3965 5650
f 5799 5854 5777
f 5875 5764 5879
f 5840 5842 5841
f 5861 5769 5860
f 5807 5853 5851
f 5869 5834 5835
f 3765 5739 5738
f 5882 5761 5759
f 5881 5887 5889
f 5895 5898 5897
f 5907 5906 5908
f 5909 5908 5910
f 4234 4526 4369
f 3912 3389 3914
f 5934 8730 8729
f 8730 5930 5931
f 4920 4922 4921
f 8845 8853 8851
f 4141 3404 4174
f 3733 3706 3731
f 8849 8848 8850
f 4234 4236 4235
f 8863 5919 8862
f 3733 4004 3705
f 5908 8859 8867
f 8865 8871 8870
f 8859 8863 8864
f 5927 5925 5928
f 5911 5904 5912
f 8878 8866 8879
f 5635 5637 5636
f 5745 5746 5877
f 3552 3554 3553
f 8857 8890 8875
f 5924 8860 5923
f 3553 3556 3552
f 5919 8861 8862
f 8869 8870 8891
f 8873 8878 8876
f 8856 8875 8874
f 8862 5889 5887
f 8846 8844 8843
f 8864 8866 8865
f 8729 8883 8884
f 8848 8887 8886
f 8878 5888 8893
f 8896 8855 8897
f 8853 8896 5885
f 8841 5882 5883
f 3489 3491 3490
f 8867 8864 8868
f 5910 8867 8898
f 5914 8898 8899
f 5916 8899 8900
f 5889 8860 5890
f 8876 8893 8894
f 5918 8900 8901
f 4424 5726 4423
f 8904 8900 8899
f 8909 8904 8905
f 8908 8903 8904
f 8869 8905 8868
f 3632 3667 3635
f 3687 3689 3688
f 3636 3681 3631
f 3664 3639 3665
f 4304 4306 4305
f 8909 8891 8910
f 3681 3695 3680
f 3758 3760 3759
f 3684 3700 3683
f 3721 3723 3722
f 3941 3943 3942
f 3738 3740 3739
f 3687 3709 3690
f 3238 3938 3220
f 4249 4288 4245
f 4499 3344 4464
f 4240 4368 4367
f 3453 3951 3919
f 4401 3547 3967
f 3950 3451 3436
f 3702 3701 3703
f 3725 3727 3726
f 3194 3208 3193
f 4034 4461 4462
f 3914 3913 3912
f 3483 3533 3482
f 3191 3957 3206
f 4292 3970 4293
f 3909 3428 3356
f 3959 3866 3867
f 4017 4309 4016
f 4316 4008 3953
f 4448 4450 4449
f 4414 4417 4416
f 3435 3351 3433
f 4413 4415 4414
f 3899 3901 3900
f 3780 3648 3809
f 3474 3886 3885
f 3958 3192 3214
f 3221 3935 4427
f 3905 3907 3906
f 3913 4486 3313
f 4420 4421 4085
f 3881 3883 3882
f 4004 3790 4005
f 4271 4318 4316
f 4259 4296 4258
f 3501 4066 3468
f 5897 5900 5899
f 5901 5904 5903
f 8854 8856 8855
f 3789 3786 3720
f 3651 3781 3782
f 5924 5901 5925
f 8870 8873 8872
f 8876 8874 8873
f 5912 5918 5911
f 3805 3799 3737
f 3369 3395 3396
f 3923 3925 3924
f 3916 3512 3509
f 3641 3801 3642
f 4276 4323 4320
f 4181 4331 4330
f 4428 3377 4429
f 3495 4321 4322
f 4436 3380 3381
f 4430 4437 4435
f 3945 3958 3946
f 4065 4047 3418
f 4495 3408 4496
f 8913 8915 8914
f 8911 8917 8916
f 8889 8923 8890
f 8919 8931 8921
f 8884 8918 8885
f 8922 8931 8925
f 5852 5909 5851
f 5866 5915 5917
f 8926 8914 8915
f 8914 8883 8913
f 8886 8921 8888
f 5846 5894 5891
f 5873 5900 5868
f 8893 5764 5754
f 8894 5754 5753
f 5890 5927 8936
f 5885 5755 5758
f 5871 5902 5873
f 5763 5883 5762
f 5880 8936 5763
f 4175 4398 4399
f 4274 4255 4275
f 8883 5931 8882
f 8868 8898 8867
f 3289 3247 3292
f 3858 5485 5921
f 8850 8886 8888
f 4116 5409 4115
f 3889 4127 5415
f 3678 8938 8937
f 8857 8888 8889
f 3979 3294 3295
f 4126 3431 3823
f 3651 3679 3650
f 3460 5921 3354
f 4084 3310 3487
f 8905 8899 8898
f 3561 5397 5656
f 3213 5528 5519
f 4191 4193 4192
f 5449 5532 5533
f 4142 4031 4479
f 4060 5652 5651
f 4480 4482 4481
f 5519 3212 3213
f 5657 3330 3940
f 4473 4475 4474
f 3514 5668 5667
f 5663 5669 5665
f 8881 5926 8880
f 5734 5749 5750
f 4788 4677 4678
f 3997 3538 3506
f 3551 3310 3294
f 3577 3998 3999
f 4893 4676 4809
f 4753 4671 4672
f 8729 8885 8843
f 3813 9021 8937
f 8938 3813 8937
f 8882 5929 8881
f 4098 3820 3821
f 3399 5416 3398
f 5494 5503 4403
f 5880 5878 5881
f 4986 4861 4987
f 4999 5004 5010
f 4985 4988 4976
f 5816 5766 5810
f 4372 4384 4519
f 5688 5692 5679
f 8903 8901 8900
f 8879 5887 5888
f 8902 8880 8901
f 5919 5895 5920
f 4519 4342 4291
f 8847 8854 8853
f 5925 5903 5926
f 4021 4523 4025
f 5678 5676 4406
f 4424 4085 4421
f 5701 3577 3820
f 5928 5926 5929
f 5000 4980 5004
f 9022 3545 4113
f 9024 5409 5410
f 4008 4010 4009
f 3931 4516 4513
f 3822 3807 3821
f 8851 8844 8845
f 5728 5509 5721
f 9025 4115 5409
f 5209 5201 5208
f 4820 4653 4682
f 3988 5598 4508
f 3370 3357 3395
f 5639 5641 5640
f 5592 4477 5543
f 3378 5572 3381
f 5625 3265 5626
f 5594 5577 3406
f 3302 5645 3301
f 3274 3278 3273
f 5207 5233 5243
f 5071 5072 5075
f 4815 4785 4812
f 4796 4643 4760
f 3243 5643 5648
f 5301 5303 5300
f 5431 5655 5654
f 5251 5244 5252
f 3353 3523 3524
f 4174 3405 3411
f 3546 4113 3545
f 4002 3788 4004
f 4196 4238 4195
f 3232 5647 3231
f 4373 4266 4310
f 4867 5321 4902
f 5648 4058 3243
f 4455 3893 4453
f 5593 4511 5592
f 5275 5252 5253
f 5252 5274 5251
f 4092 3624 3597
f 3723 3743 3722
f 4780 4802 4796
f 4059 3560 5425
f 4317 4347 4270
f 5188 5192 5187
f 5570 5612 5569
f 3385 5633 3384
f 3526 5569 5612
f 3576 3608 3590
f 3581 3594 3580
f 5239 5238 5232
f 5081 5083 5082
f 4369 4528 4527
f 4325 4329 4360
f 3569 3286 3336
f 9022 4112 5709
f 3661 3801 3653
f 5074 5030 5064
f 5064 5063 5065
f 3563 3498 4146
f 3961 4119 5411
f 4854 4870 4735
f 5018 5028 5029
f 5007 5027 5028
f 5040 5039 5041
f 3240 3875 3239
f 5070 5029 5072
f 3504 3866 4111
f 3537 3591 3588
f 5033 5039 5032
f 4710 4635 4879
f 5017 4989 5014
f 5024 5046 5023
f 4991 5019 4990
f 4587 4574 4573
f 4996 4793 4878
f 5066 5059 5067
f 5221 5231 5220
f 5068 5057 5026
f 3675 3643 3642
f 3663 3675 3662
f 4722 4559 4822
f 3579 3590 3591
f 3686 3677 3678
f 4422 3499 4419
f 5142 5138 5133
f 5078 5075 5076
f 3609 3590 3608
f 3288 5411 3287
f 5424 5410 3246
f 5152 5156 5172
f 3960 5709 4112
f 4946 4957 4958
f 3867 5705 3959
f 9026 4113 5710
f 5192 5189 5187
f 5161 5194 5171
f 3637 3682 3636
f 4392 3847 3848
f 3796 4149 3795
f 4104 3727 4103
f 3594 3993 4088
f 3796 4134 5710
f 3687 4156 4157
f 3760 4164 4165
f 4464 3345 4467
f 3485 3868 3484
f 3846 5423 4130
f 3409 4496 3408
f 3767 3765 3762
f 3711 4159 4160
f 3797 4087 3510
f 4072 5562 5560
f 4502 5590 5589
f 5408 9027 4118
f 5683 5714 5682
f 5702 4110 5711
f 5623 4148 4167
f 5428 3525 3522
f 3668 3802 3667
f 4000 8938 3679
f 4221 4179 4380
f 4267 4388 4315
f 3721 4161 4159
f 3903 5706 5705
f 3583 4090 4091
f 3894 3524 3525
f 4635 4636 4634
f 4173 4009 4010
f 4890 5393 5394
f 5290 5293 5292
f 5339 5337 5333
f 5458 4438 4439
f 3251 5430 3910
f 3252 5419 3251
f 3428 5421 3427
f 3571 5418 3252
f 4583 4554 4593
f 4239 4224 4238
f 3322 5450 5449
f 5309 5306 5304
f 4109 3748 4108
f 5707 3794 3795
f 5139 5183 5140
f 5271 5290 5259
f 5280 5282 5279
f 5110 5125 5115
f 5319 4731 5317
f 5334 5339 5333
f 5423 3523 5422
f 5376 5378 5375
f 4721 4646 4674
f 3719 4159 4161
f 4853 4692 4795
f 5373 5330 5375
f 4428 5456 4437
f 5376 5328 5331
f 3337 4434 4431
f 4692 5395 4795
f 5475 4523 5476
f 5478 4068 4522
f 5421 4129 5422
f 5374 5375 5378
f 5283 5306 5282
f 5246 5234 5235
f 5154 5150 5153
f 4458 5561 4457
f 5163 5158 5168
f 5381 5378 5379
f 3397 5484 5483
f 4457 5563 5537
f 5147 5150 5149
f 4474 5544 5545
f 5325 5319 5326
f 5223 5388 5222
f 5517 3521 3519
f 4499 3347 4487
f 5404 4128 4129
f 3476 5506 3475
f 4084 5515 4083
f 3900 5477 3899
f 5536 5547 5546
f 5491 5493 5492
f 5474 4139 5401
f 4063 4522 4068
f 4459 5541 5540
f 5548 3360 3361
f 5444 5550 4396
f 3888 5415 5412
f 5546 3339 4445
f 5536 5538 5537
f 3570 5508 3477
f 4471 5589 4476
f 4280 3359 5933
f 5499 4403 5503
f 5189 5169 5165
f 5543 4478 5542
f 4051 5552 3374
f 3461 5507 3476
f 4629 4870 4869
f 5106 4909 4862
f 5286 5279 5282
f 5462 3364 3365
f 3491 5514 3840
f 5224 5231 5229
f 4478 5540 5542
f 4099 3742 3723
f 4803 4805 4804
f 4130 5422 4129
f 4470 4476 4473
f 4924 4921 4922
f 4920 4927 4926
f 4993 4987 4992
f 4887 4913 4912
f 3894 4070 4071
f 5472 5585 5586
f 3508 4134 3507
f 3603 4096 4097
f 3772 3992 4110
f 5712 5671 5672
f 3739 4162 4163
f 5683 3515 5715
f 5480 4495 5479
f 5698 5493 5498
f 3578 3996 3998
f 3645 4154 4155
f 5660 3466 3463
f 4135 5710 4134
f 5587 4073 5586
f 5687 5693 5686
f 3584 4091 4150
f 5585 5584 5588
f 4128 5415 4127
f 4257 4338 4526
f 4222 4178 4179
f 4366 4191 4216
f 5098 5091 5088
f 5761 5737 5760
f 5760 5738 5739
f 8852 5934 8844
f 8874 8855 8856
f 8895 8855 8877
f 5884 8842 8852
f 4557 4582 4560
f 8890 8917 8892
f 8918 8930 8920
f 8924 8915 8916
f 4182 4330 4190
f 3864 5711 4110
f 3574 3230 3231
f 3342 3415 3341
f 3488 3549 3840
f 4317 3953 3949
f 3672 4152 4153
f 5708 3865 5707
f 9021 3685 3686
f 3621 3616 3617
f 5728 4419 5727
f 4311 4028 4310
f 4131 3543 3841
f 4426 3842 4423
f 4518 4168 4427
f 5457 5464 5456
f 5425 3558 3837
f 5458 4437 5456
f 3416 5465 5457
f 5638 5437 5637
f 3985 5636 5637
f 5646 5636 5647
f 9023 3554 5402
f 5722 5514 5726
f 3256 3934 3255
f 4164 5734 5751
f 8885 8920 8887
f 3282 3929 3281
f 3292 3320 3291
f 3232 3300 3301
f 3303 3271 3334
f 3562 5432 3325
f 3392 3388 3391
f 3854 5350 3851
f 5463 5459 5458
f 5935 3885 5576
f 3879 3954 3878
f 3928 3391 3388
f 4137 4458 4138
f 5454 3850 3851
f 3548 3549 3550
f 4443 5470 4442
f 4452 4506 4447
f 4468 3415 3879
f 4443 3876 4483
f 3234 4515 4516
f 5434 3896 5433
f 5448 5441 5644
f 5447 5443 5442
f 4442 5471 5467
f 5550 3275 5551
f 5578 4520 3409
f 3464 5666 3463
f 4701 4839 4840
f 3259 4041 4030
f 4015 3423 4018
f 3558 3982 3839
f 4856 4823 4824
f 4741 4653 4740
f 3759 4106 3763
f 3560 3290 3559
f 9024 3557 3553
f 5438 3280 5439
f 3321 3290 3291
f 5557 4072 5560
f 5553 3396 5554
f 4045 4174 4044
f 4539 4849 4585
f 3536 3503 3588
f 5478 5574 5477
f 3800 3510 3511
f 4755 4886 4754
f 5561 5527 5563
f 5752 5732 5751
f 5752 5756 5765
f 3518 5493 5521
f 3767 4107 4108
f 3534 4097 3593
f 4395 3826 3827
f 3926 3371 3925
f 4446 5610 5611
f 4050 3980 3981
f 8887 8843 8885
f 5649 5640 5645
f 4643 4761 4760
f 3709 3784 3690
f 4778 4660 4777
f 5649 4054 5648
f 5646 3301 5645
f 3250 3910 3909
f 5884 5757 5761
f 5655 5936 5937
f 4224 4226 4225
f 4043 3412 4013
f 4286 4288 4287
f 4267 4310 4266
f 4493 4080 4494
f 3325 3226 3227
f 3925 3372 3928
f 4312 4314 4313
f 3996 3540 3541
f 8908 8912 8907
f 4023 4025 4024
f 3995 3891 3994
f 5482 5559 4137
f 4486 3921 4484
f 4300 4302 4301
f 5438 5644 5441
f 3233 3282 3270
f 3225 3227 3226
f 5446 5445 5443
f 5554 3397 5555
f 4834 4830 4772
f 4064 3350 4063
f 3596 3598 3597
f 5639 5648 5643
f 5434 5654 5658
f 4895 4830 4831
f 3674 3676 3675
f 3551 3978 3550
f 3835 3305 3306
f 3813 3702 3703
f 3691 4160 4157
f 4109 4101 4103
f 4565 4188 4564
f 3490 3547 3489
f 3672 3647 3673
f 8906 8912 8913
f 3810 3811 3734
f 4051 4397 4396
f 3566 4090 4088
f 5580 5476 5579
f 4456 5537 5538
f 5539 5546 5611
f 8844 8729 8843
f 8872 8874 8875
f 4383 4198 4195
f 4931 4927 4930
f 5529 5397 5396
f 5314 5323 5328
f 5347 5323 5324
f 4711 4599 4596
f 5387 5389 4696
f 5259 5292 5258
f 5195 4803 5126
f 5195 4746 4806
f 4639 4866 4685
f 4821 4681 4721
f 3421 5399 3260
f 4730 4601 4602
f 4807 4811 4786
f 4040 3421 3948
f 4844 4800 4797
f 3936 3929 3930
f 4894 4817 4823
f 5365 5383 5368
f 4657 4661 4658
f 5224 4770 4804
f 5368 5382 5380
f 5336 5352 5335
f 5353 5386 5363
f 4070 4454 4069
f 5396 3327 3328
f 5225 5312 4809
f 5384 5386 5385
f 5391 4695 4759
f 4735 4870 4630
f 4407 4409 4408
f 4623 4880 4706
f 5356 5352 5354
f 4578 4859 4577
f 3239 3217 3938
f 3937 3333 3939
f 4578 4534 4535
f 5467 4505 4452
f 4836 4826 4838
f 4422 5721 4421
f 3392 5556 5482
f 5564 5565 5547
f 3807 3663 3660
f 5922 4392 4281
f 3680 3692 3693
f 3630 3632 3631
f 4416 5725 4418
f 4033 3836 4176
f 3238 4168 3342
f 3466 3483 3484
f 3678 3650 3679
f 3677 3649 3650
f 3340 4431 3884
f 3562 5656 5655
f 5658 5938 5939
f 3642 3640 3641
f 3306 3334 3981
f 3256 3280 3281
f 8910 8892 8917
f 5868 5898 5859
f 8924 8922 8925
f 8935 8925 8931
f 8882 8913 8883
f 8925 8926 8924
f 8840 8936 5927
f 5852 5905 5907
f 5136 5124 5137
f 4243 4260 4242
f 5238 5228 5232
f 5642 5643 5644
f 3924 3928 3927
f 5412 5700 3888
f 3750 3751 3707
f 3746 3770 3769
f 3859 3861 3860
f 3972 3493 3494
f 5923 8861 5920
f 4945 4958 4959
f 3296 3286 3287
f 3824 3907 3823
f 3671 4154 4153
f 4137 5481 5482
f 3614 3802 3617
f 3283 3559 3290
f 4936 4934 4933
f 5511 5726 5514
f 4170 3926 3923
f 3572 3830 3826
f 3459 3858 3460
f 3496 4425 3495
f 3457 3436 3437
f 3984 3986 3985
f 3914 3386 4487
f 5512 5723 5511
f 4500 4483 4480
f 4501 4471 4472
f 4503 4505 4504
f 4143 4461 4490
f 3331 3222 3219
f 4016 4018 4017
f 3998 3776 3999
f 4114 5710 4113
f 4405 4406 4404
f 5602 5720 5719
f 4767 4804 4770
f 4929 4954 4928
f 4410 5665 5669
f 3888 5632 3887
f 4048 3977 3974
f 3947 3212 5652
f 5676 3472 3473
f 5782 5784 5783
f 4315 4311 4267
f 5699 5521 5493
f 5864 5825 5822
f 5826 5822 5823
f 5775 5805 5806
f 3236 3270 3271
f 5823 5859 5826
f 4957 4895 4917
f 8868 8865 8869
f 4281 3848 4280
f 4940 4971 4949
f 4013 4029 4043
f 3685 3701 3684
f 4339 4377 4391
f 8891 8872 8892
f 3753 3755 3754
f 4427 3220 3221
f 3809 3779 3780
f 3568 4418 3500
f 3880 3918 3805
f 3543 3842 3841
f 4646 4648 4647
f 4656 4597 4598
f 4781 4820 4784
f 4972 4974 4973
f 5101 5109 5120
f 5095 5115 5125
f 5090 5132 5093
f 5131 5134 5133
f 5134 5127 5135
f 5117 5140 5129
f 3539 3863 3595
f 4006 3792 4007
f 5128 5099 5124
f 5097 5089 5096
f 5274 5271 5259
f 4571 4569 4549
f 4225 4238 4224
f 5156 5170 5172
f 4538 4540 4537
f 4622 4665 4662
f 4981 5004 4980
f 5012 4975 5013
f 5148 5149 5157
f 5157 5133 5134
f 5161 5145 5160
f 4261 4242 4260
f 5294 5291 5268
f 4255 4532 4261
f 5274 5250 5251
f 4246 4207 4248
f 3314 3927 3912
f 4670 4672 4671
f 4995 4673 4986
f 4638 4603 4600
f 4341 4525 4340
f 5163 5165 5162
f 4834 4784 4819
f 4784 4682 4819
f 4844 4687 4688
f 5280 5275 5285
f 4217 4564 4188
f 4554 4556 4555
f 4551 4556 4594
f 4549 4544 4571
f 5141 5173 5175
f 4653 4683 4682
f 4973 4989 4988
f 4984 5015 4983
f 5177 5170 5178
f 5166 5181 5182
f 5141 5139 5138
f 5178 5151 5177
f 5244 5203 5245
f 5252 5245 5253
f 4479 4079 4493
f 4402 4404 4403
f 3500 4419 3499
f 5856 5909 5913
f 4488 3348 3349
f 8851 5885 5886
f 3607 5701 4098
f 3508 3503 3504
f 5847 5896 5894
f 4374 4309 4263
f 3380 4438 3379
f 9025 3553 3554
f 5718 4131 3973
f 3300 3283 3321
f 5551 3276 5552
f 5552 3369 5553
f 5555 5483 5557
f 5859 5896 5858
f 4133 3794 3915
f 3606 3652 3610
f 4900 4766 4691
f 4616 4789 4788
f 3738 4164 3757
f 4774 4642 4801
f 4399 3402 4175
f 5853 5795 5851
f 3936 4427 3935
f 3418 4064 4065
f 5510 3840 5514
f 3270 3279 3269
f 3274 4056 4055
f 4359 4305 4306
f 4135 3504 4111
f 3610 3609 3606
f 3837 3557 5425
f 5940 4401 5941
f 5853 5803 5847
f 5725 5515 5727
f 3246 4117 3245
f 5713 5672 5681
f 4918 4916 4915
f 4148 3771 5703
f 5106 5113 5111
f 4147 5709 4146
f 5152 5177 5151
f 9026 4111 4112
f 5104 5103 5112
f 3531 3485 3593
f 3713 3715 3714
f 3699 3815 3697
f 4467 4459 4478
f 4703 4736 4640
f 5405 3846 5406
f 3555 3963 3964
f 4120 5411 4119
f 4217 4185 4218
f 3279 5441 3269
f 4944 4959 4966
f 4353 4344 4357
f 3815 3716 4104
f 3374 4052 4051
f 4491 4516 4515
f 5865 5833 5866
f 5819 5856 5862
f 5807 5856 5808
f 3933 3281 3929
f 3208 3920 3919
f 8907 8902 8903
f 5288 5295 5287
f 3728 3747 3748
f 3309 4083 3336
f 5119 5101 5120
f 3811 3789 4002
f 3595 3992 3993
f 4106 4100 4107
f 5696 5576 3885
f 3708 3750 3707
f 3744 4165 4163
f 5905 5892 5906
f 3403 4175 3402
f 4133 3506 3507
f 4147 3544 3545
f 3561 3325 3324
f 3237 3239 3238
f 4877 4793 4794
f 3241 3243 3242
f 3597 3625 3596
f 3279 3281 3280
f 3371 3373 3372
f 3599 3567 3598
f 3975 4032 4031
f 3277 3250 3278
f 3774 3565 3773
f 3658 3780 3779
f 4961 4963 4960
f 3600 3616 4096
f 4228 4202 4199
f 4011 4318 4350
f 4307 4262 4308
f 4838 4841 4842
f 4782 4773 4743
f 4914 4946 4947
f 4839 4765 4836
f 4771 4645 4642
f 4962 4964 4963
f 4966 4963 4964
f 3601 3615 3600
f 5878 5879 5881
f 5890 5881 5889
f 3720 4158 3719
f 4755 4689 4663
f 3740 3718 3739
f 5695 5686 5714
f 5740 5742 5741
f 5733 5736 5749
f 5755 5750 5749
f 5745 5762 5740
f 5798 5800 5799
f 4706 4879 4705
f 5651 5619 5620
f 5850 5797 5772
f 5804 5806 5805
f 4087 5707 4086
f 5915 5914 5916
f 5703 4167 4148
f 5893 5896 5895
f 5892 5919 8858
f 5706 5664 4081
f 5786 5788 5787
f 3973 3841 3493
f 4831 4915 4916
f 5906 8858 8859
f 4965 4969 4964
f 4684 4846 4842
f 3589 3611 3604
f 3596 4150 4091
f 5877 5763 5745
f 4121 4123 4122
f 3469 3868 3502
f 3204 3208 3207
f 3716 3726 3727
f 5460 5426 3571
f 3465 3470 3464
f 5738 3764 3765
f 4887 4655 4888
f 4203 4205 4204
f 3959 4082 4089
f 5758 5886 5885
f 5781 5872 5780
f 4675 4723 4674
f 3757 5751 5732
f 3334 3272 3335
f 8880 5903 5911
f 5615 3473 5614
f 5759 5760 5743
f 8845 8848 8847
f 5778 5780 5779
f 8857 8849 8850
f 4132 3798 3859
f 5839 5841 5842
f 560 3187 559
f 5747 4007 3792
f 5928 8840 5927
f 5766 5768 5767
f 4848 4956 4847
f 4953 4967 4965
f 4832 4910 4915
f 5879 5888 5887
f 3598 3530 4095
f 5747 5730 5748
f 5754 5748 5730
f 5810 5812 5811
f 5758 5749 5736
f 4315 4387 4314
f 5917 5916 5918
f 5913 5910 5914
f 5930 8841 8840
f 4951 4968 4953
f 3209 3201 3202
f 4059 3246 3247
f 8731 8842 8841
f 3776 3585 3778
f 5770 5772 5771
f 5891 5893 5892
f 9028 5641 5439
f 5814 5816 5815
f 5662 5673 5661
f 3522 3524 3523
f 5630 5942 5496
f 5791 5795 5794
f 5746 3754 5876
f 5928 5931 5930
f 5743 5739 5742
f 5876 5875 5878
f 3678 9021 3686
f 4200 4207 4199
f 4114 3916 4149
f 3601 3605 3604
f 3818 3712 3817
f 3315 3317 3316
f 5899 5902 5901
f 8840 5883 8936
f 5562 5559 5560
f 4416 3448 4414
f 3189 3191 3190
f 4751 4747 4671
f 4181 4180 4177
f 3832 5454 5351
f 3362 3526 3361
f 5678 5699 5698
f 3497 3499 3498
f 448 807 447
f 647 122 270
f 5690 5677 5697
f 4183 4185 4184
f 1833 1780 1832
f 5920 5897 5923
f 510 508 507
f 4401 5944 5941
f 5656 5530 5936
f 3970 5940 4293
f 5653 5939 5946
f 5450 5946 5532
f 3384 5945 5487
f 4403 4299 5494
f 5944 3968 5949
f 3963 5951 3852
f 5614 3474 5935
f 5427 3857 5951
f 3210 1887 3201
f 1887 3200 3201
f 15 3197 3200
f 16 3195 3197
f 3195 3187 3194
f 3194 1899 3207
f 3207 375 3204
f 387 126 127
f 3189 1760 5650
f 9029 757 758
f 763 2172 2175
f 9035 9032 9033
f 9033 9031 9030
f 9046 9048 9047
f 8751 9054 8752
f 9078 9077 9079
f 9083 9051 9053
f 9088 9047 9048
f 9099 9040 9097
f 9102 9036 9099
f 9105 9032 9103
f 9105 9106 9031
f 1801 9108 9107
f 9103 9034 9102
f 9096 9047 9089
f 1767 9111 9112
f 1597 9113 1600
f 1708 9117 9116
f 9123 9119 9118
f 9118 9125 9124
f 1588 9116 1587
f 2080 9118 2082
f 2082 9124 2084
f 9126 9087 9083
f 9129 9088 9087
f 5512 5943 5947
f 5634 5488 5948
f 5724 5947 5616
f 9134 9097 9133
f 9144 9102 9138
f 9133 9096 9132
f 786 9144 785
f 9146 9103 9144
f 785 9138 497
f 497 9134 650
f 650 9133 564
f 9148 9133 9132
f 8756 9057 8753
f 9154 9130 9129
f 9151 9131 9130
f 9097 9090 9096
f 1799 9111 1768
f 5949 3964 3853
f 9160 8809 8811
f 8813 9160 8811
f 9166 564 9148
f 9067 9054 9052
f 9162 9148 9150
f 9087 9048 9051
f 9081 9079 9082
f 9049 9051 9048
f 9082 9167 9081
f 9079 9049 9046
f 9169 9175 9170
f 9167 9112 9081
f 9168 9177 9167
f 9120 9113 9177
f 9120 9169 9119
f 9119 9170 9125
f 9179 9125 9170
f 9180 9124 9125
f 9178 9170 9175
f 1576 2084 9124
f 9179 9183 9181
f 3203 1387 3190
f 3190 1791 3189
f 5618 1949 3210
f 317 259 391
f 2000 9105 9146
f 9053 9052 9054
f 9041 9036 9037
f 9029 756 2170
f 9037 9034 9035
f 9130 9089 9088
f 3204 376 3203
f 1801 9109 1799
f 9181 9180 9179
f 1575 9190 1088
f 9187 1576 9180
f 1776 1796 1775
f 1293 1290 1284
f 1326 1327 12
f 1294 1234 1290
f 878 1330 1337
f 5633 5490 5945
f 5933 3360 5502
f 5613 5948 5500
f 5604 3844 5720
f 3972 5950 5601
f 3494 4322 5950
f 4406 5615 4298
f 3492 4292 5943
f 5631 5495 5942
f 497 374 498
f 122 413 121
f 5624 3398 5416
f 9151 9156 9160
f 9058 8752 9054
f 9160 9150 9151
f 8815 9162 8813
f 9156 8794 8809
f 439 399 438
f 1512 1526 1511
f 1668 1738 1671
f 839 1362 838
f 1362 826 1012
f 3425 3418 4047
f 4905 5243 4808
f 4621 4662 4690
f 5582 5574 5577
f 4754 4756 4755
f 3902 4021 4022
f 9295 1896 9267
f 2053 2118 2117
f 9340 2120 2119
f 696 9268 9283
f 4922 4939 4924
f 4365 4186 4183
f 5105 4862 4670
f 5228 5226 5225
f 4781 4877 4794
f 5218 5238 5217
f 4990 4992 4991
f 4335 4336 4251
f 4993 4972 5002
f 4794 4792 4750
f 5886 8852 8851
f 5405 5417 5416
f 4669 4764 4668
f 4676 4698 4679
f 1826 639 640
f 9192 9181 9183
f 5232 5233 5204
f 5418 4122 5419
f 956 886 960
f 5720 3512 5717
f 4728 4730 4729
f 8879 8863 8862
f 1980 1922 807
f 4969 4966 4964
f 33 105 164
f 9028 3254 5437
f 3837 3839 3838
f 4382 4301 4383
f 3908 4122 4123
f 4290 4294 4291
f 4400 4055 4056
f 3219 3221 3220
f 8894 8877 8876
f 4640 4735 4630
f 4389 4216 4213
f 3267 4493 4451
f 3268 4463 4144
f 5097 5098 5088
f 5094 5096 5095
f 5654 5937 5938
f 4089 3960 3959
f 5159 5162 5160
f 5202 5249 5205
f 5412 5414 5413
f 5715 3516 5716
f 5723 4423 5726
f 4263 4323 4374
f 3994 3564 3774
f 1343 9308 9309
f 3470 5667 3464
f 5659 5671 5706
f 3319 4053 3299
f 9359 2128 9354
f 1766 1582 1594
f 14 2163 738
f 595 99 594
f 5703 3772 5702
f 5206 5229 5209
f 3437 3458 3457
f 5516 3487 5509
f 5122 5087 5123
f 3223 3934 3935
f 3979 5402 3978
f 3828 3320 3827
f 5663 4081 5664
f 4035 4490 4461
f 4426 5724 4425
f 3881 4447 4444
f 5407 4118 4119
f 5691 5689 5687
f 5661 5672 5671
f 5911 8901 8880
f 3902 3871 4046
f 5541 5539 5606
f 4069 5561 5562
f 3248 3292 3247
f 1346 1044 1352
f 748 1425 747
f 3297 3255 3934
f 5445 4056 5550
f 5783 5830 5831
f 4310 4376 4373
f 5857 5800 5802
f 3882 4452 3881
f 3193 3919 3951
f 3190 3206 3203
f 4266 4268 4267
f 4488 3420 4486
f 3331 3940 3330
f 4282 4284 4283
f 4606 4607 4605
f 4628 4708 4712
f 4659 4733 4658
f 4615 4829 4614
f 4718 4713 4717
f 5722 4421 5721
f 3307 3461 3433
f 4686 4634 4636
f 3966 3550 3978
f 4738 4875 4873
f 3416 3237 3341
f 4527 4208 4200
f 5093 5114 5092
f 5124 5086 5122
f 5117 5138 5139
f 4631 4640 4630
f 5166 5168 5167
f 5185 5187 5186
f 5194 5191 5171
f 3245 4118 9027
f 5214 5203 5200
f 3230 3318 3284
f 5237 5217 5238
f 5250 5258 5255
f 5113 5084 5085
f 5270 5269 5268
f 4906 5107 4768
f 5271 5267 5270
f 5276 5262 5263
f 5153 5174 5173
f 5290 5268 5291
f 5306 5303 5304
f 5147 5146 5143
f 4585 4856 4584
f 3226 5436 3225
f 4473 4504 4470
f 5765 8897 8895
f 4529 4247 4530
f 8923 8916 8917
f 5713 5682 5714
f 3315 3898 3322
f 5564 5537 5563
f 4468 4441 5466
f 3738 4163 4165
f 4577 4559 4560
f 5567 3366 3363
f 3587 4150 4151
f 5471 4504 4505
f 5860 5816 5817
f 3516 5558 5932
f 5436 5637 5437
f 5050 5083 5060
f 5547 3338 3339
f 9023 3295 4115
f 5708 4132 5711
f 4104 3814 3815
f 3718 4161 4162
f 5498 5679 5692
f 3884 4432 3883
f 3955 3877 3878
f 4049 4061 3977
f 8892 8875 8890
f 4572 4218 4569
f 4440 4442 4441
f 4497 3407 3408
f 4632 4633 4724
f 8906 8881 8902
f 5664 5670 5663
f 3751 3706 3707
f 3511 3736 3800
f 5129 5116 5117
f 5086 5098 5085
f 5135 5128 5136
f 5143 5145 5144
f 5168 5136 5137
f 5297 5246 5257
f 5164 5160 5162
f 5155 5171 5170
f 5137 5167 5168
f 5293 5307 5305
f 5513 4083 5515
f 4053 3825 4057
f 3228 3298 3227
f 3631 3635 3636
f 5689 5670 5693
f 5759 5883 5882
f 3793 3507 4134
f 4906 4891 4907
f 4719 4901 4720
f 3597 4095 4092
f 3352 4125 3262
f 9064 9058 9067
f 9076 9067 9077
f 9083 8794 9126
f 9131 9096 9089
f 9138 9099 9134
f 9154 9126 9156
f 9077 9052 9049
f 9053 8766 9083
f 9191 9187 9181
f 9082 9046 9193
f 9193 9168 9082
f 1284 1288 1285
f 9150 9132 9131
f 3841 3496 3493
f 3570 3336 4083
f 4027 4312 3258
f 4889 4781 4794
f 4041 4044 4043
f 4885 4813 4829
f 5419 3905 5430
f 4367 4227 4224
f 1778 1780 1779
f 1792 1584 1789
f 4308 3869 4307
f 4594 4762 4551
f 4767 4769 4768
f 5461 3366 3847
f 4763 4716 4720
f 4919 4915 4910
f 4300 4334 4333
f 5196 5198 5197
f 5158 5135 5136
f 5431 5433 5432
f 4545 4571 4544
f 4557 4594 4556
f 695 571 694
f 4156 3626 3694
f 4861 4670 4862
f 5681 5674 5682
f 5473 5580 5583
f 3622 4152 4151
f 5647 3574 3231
f 3674 3808 3649
f 4420 3498 3499
f 5675 5666 5674
f 3253 5439 3280
f 5870 5917 5912
f 8887 8919 8886
f 5862 5913 5915
f 3534 3485 3482
f 3313 4484 3312
f 9090 9046 9047
f 4871 4695 4855
f 3778 3822 3819
f 4889 4874 4875
f 4000 3784 4001
f 4897 4911 4910
f 3856 3838 3839
f 4772 4896 4771
f 4015 4376 4014
f 3433 3476 3435
f 4053 3302 3299
f 3367 3363 4434
f 3242 3831 3241
f 3441 4082 4081
f 4735 4855 4854
f 4756 4737 4689
f 3382 3384 3383
f 3698 3697 3682
f 4676 4678 4677
f 4948 4941 4944
f 4890 4805 4747
f 4757 4745 4737
f 4581 4380 4586
f 5716 5932 5597
f 4923 4926 4932
f 5077 5081 5076
f 5078 5058 5054
f 4009 5400 3952
f 5081 5078 5076
f 3930 4513 4514
f 4014 4028 4029
f 4025 4020 4021
f 3618 4096 3616
f 4581 4576 4580
f 4219 4188 4189
f 5440 3335 3272
f 5449 3323 3322
f 4229 4177 4202
f 4590 4214 4589
f 4227 4184 4226
f 4574 4858 4547
f 4565 5453 4563
f 4592 4588 4589
f 4590 4573 4579
f 3517 5521 3519
f 3845 3522 5423
f 4444 3884 3881
f 3982 5533 5535
f 4465 4497 4495
f 4520 4521 4496
f 4076 5591 5590
f 3635 3666 3634
f 3343 4498 5481
f 4022 3870 3871
f 3661 4098 3660
f 5691 5697 5692
f 3768 5742 5739
f 4514 3956 4518
f 3697 3814 3696
f 4394 5460 4395
f 4054 4057 4058
f 3284 3323 3559
f 4052 4169 4397
f 4447 4510 4446
f 4456 3346 4138
f 4483 3877 4482
f 4482 4512 4492
f 4492 4513 4516
f 5642 5439 5641
f 5448 5442 5440
f 5466 3882 3883
f 3340 4445 3339
f 8908 8910 8911
f 4397 3835 3980
f 5413 3521 5412
f 3234 3932 3233
f 5753 8895 8894
f 8896 5756 5755
f 8921 8889 8888
f 8915 8911 8916
f 3933 3935 3934
f 3620 3657 3623
f 3966 3968 3967
f 4905 4769 4770
f 3225 5437 3254
f 5433 3984 5435
f 5714 5693 5713
f 5435 3985 5436
f 3954 3955 3878
f 4713 4632 4724
f 4879 4632 4705
f 3983 3896 3897
f 9027 3248 3245
f 5871 5912 5904
f 5849 5891 5905
f 4702 4640 4641
f 4213 4579 4389
f 3644 3688 3689
f 9193 9040 9041
f 8920 8935 8919
f 5406 4130 4127
f 4140 5401 4139
f 5659 3904 5660
f 4772 4783 4834
f 4244 4246 4245
f 4061 4037 4038
f 3669 3803 3668
f 3459 3209 3202
f 4072 5484 4071
f 4835 4834 4819
f 5660 5661 5659
f 4262 4264 4263
f 3633 3627 3628
f 3685 3676 3686
f 4517 3235 3304
f 4145 4085 3544
f 5455 5459 3850
f 5638 5640 5641
f 3228 3254 3255
f 4044 3411 3412
f 3614 3612 3613
f 3273 3275 3274
f 4952 4961 4918
f 4959 4960 4963
f 4888 4761 4860
f 4254 4256 4255
f 4199 4201 4200
f 4499 4465 5480
f 5479 4496 4521
f 5952 5954 5955
f 5956 5958 5959
f 5959 5960 5961
f 5962 5964 5965
f 5966 5968 5969
f 5967 5971 5968
f 5963 5961 5960
f 5972 5964 5973
f 5974 5976 5977
f 5978 5980 5981
f 5982 5984 5985
f 5986 5985 5984
f 5988 5990 5991
f 5992 5994 5995
f 5996 5998 5999
f 6000 6002 6003
f 6004 6006 6007
f 6008 6010 6011
f 6012 6014 6015
f 6016 6018 6019
f 6020 6022 6023
f 6024 6026 6027
f 6028 6030 6031
f 6032 6034 6035
f 6036 6038 6039
f 6040 6013 6012
f 6042 6044 6045
f 5992 6047 5993
f 6048 6050 6051
f 6052 6054 6055
f 6056 6058 6059
f 6060 5987 5986
f 6062 6064 6065
f 6066 6068 6069
f 6070 6027 6026
f 6072 6057 6056
f 6075 6077 6074
f 6078 6080 6081
f 6082 6054 6084
f 6085 6081 6086
f 6087 5990 6088
f 6061 6089 5987
f 6089 6091 6092
f 6092 6093 6094
f 6095 5981 6096
f 6062 6084 6063
f 6097 6035 6034
f 6056 6099 6072
f 6100 6102 6103
f 6001 6104 6105
f 6107 6109 6106
f 6110 6112 6113
f 6114 6025 6115
f 6116 6118 6119
f 6120 6122 6123
f 6124 6126 6127
f 6128 6101 6100
f 6039 6131 6036
f 6132 6134 6135
f 6136 6138 6003
f 6139 6141 6142
f 6143 6145 6146
f 6148 6150 6147
f 6152 6154 6151
f 6155 6157 6158
f 6159 6161 6162
f 6163 6165 6166
f 6167 6169 6170
f 6171 6173 6174
f 6175 6104 6177
f 6178 6180 6181
f 6023 6183 6020
f 6184 6186 6187
f 6117 6188 6189
f 6190 6192 6193
f 6194 6026 6114
f 6195 6191 6190
f 6197 6199 6200
f 6201 6203 6204
f 6205 6207 6208
f 6209 6201 6204
f 6197 6211 6212
f 6212 6213 6214
f 5979 6214 6213
f 6203 6217 6204
f 6206 6198 6207
f 6218 5962 6219
f 5965 6219 5962
f 5972 3354 6221
f 6070 6222 6223
f 6224 6226 6227
f 6228 6230 6231
f 6232 6234 6235
f 6196 6236 6237
f 6071 6223 6238
f 6239 6241 6242
f 6243 6245 6246
f 6247 6248 6249
f 6250 6252 6253
f 6254 6256 6257
f 6258 6260 6261
f 6229 6263 6230
f 6264 6242 6241
f 6266 6268 6269
f 6270 6272 6273
f 6274 6276 6277
f 6195 6279 6236
f 6280 6281 6282
f 6283 6285 6286
f 6123 6287 6288
f 6289 6291 6292
f 6293 6243 6295
f 6240 6297 6241
f 6298 6267 6266
f 6300 6302 6303
f 6304 6306 6307
f 6251 6308 6309
f 6247 6311 6312
f 6313 6315 6316
f 6314 6317 6318
f 6319 6320 6321
f 6322 6088 6323
f 6216 6258 6217
f 6325 6327 6328
f 6217 6261 6329
f 6330 6238 6331
f 6071 6048 6027
f 6015 6333 6012
f 6079 6335 6080
f 6336 6240 6239
f 6294 6296 6240
f 6337 6339 6340
f 6341 6343 6344
f 6345 6347 6348
f 6266 6349 6298
f 6350 6352 6353
f 6295 6246 6354
f 6303 6356 6300
f 6357 6359 6360
f 6361 6363 6364
f 6365 6353 6366
f 6367 6369 6370
f 6371 6370 6372
f 6372 6374 6371
f 6375 6373 6376
f 6376 6378 6375
f 6379 6381 6382
f 6383 6385 6386
f 6387 6389 6390
f 6391 6393 6394
f 6395 6397 6398
f 6398 6400 6395
f 6399 6402 6400
f 6403 6401 6404
f 6405 6407 6408
f 6409 6411 6412
f 6367 6413 6414
f 6374 6415 6416
f 6417 6384 6383
f 6419 6348 6347
f 6421 6423 6424
f 6425 6400 6402
f 6426 6395 6400
f 6393 6428 6429
f 6429 6394 6393
f 6390 6431 6432
f 6433 6408 6407
f 6435 6437 6438
f 6439 6411 6438
f 6392 6441 6442
f 6397 6442 6443
f 6401 6444 6445
f 6446 6437 6404
f 6448 6450 6451
f 6452 6454 6455
f 6442 6456 6457
f 6443 6457 6458
f 6444 6460 6461
f 6445 6461 6462
f 6463 6462 6465
f 6446 6462 6464
f 6466 6468 6469
f 6448 6470 6471
f 6453 6472 6473
f 6474 6476 6477
f 6478 6480 6481
f 6482 6484 6485
f 6486 6488 6489
f 6490 6492 6493
f 6493 6494 6495
f 6496 6498 6499
f 6500 6502 6503
f 6504 6506 6507
f 6508 6509 6510
f 6511 6513 6508
f 6499 6515 6496
f 6516 6518 6519
f 6520 6522 6523
f 6524 6525 6526
f 6507 6527 6504
f 6504 6528 6510
f 6528 6508 6510
f 6529 6531 6532
f 6342 6534 6343
f 6535 6346 6536
f 6347 6537 6419
f 6434 6539 6408
f 6539 6405 6408
f 6541 6451 6450
f 6543 6470 6545
f 6546 6481 6547
f 6499 6548 6549
f 6549 6514 6499
f 6551 6553 6554
f 6555 6557 6558
f 6403 6423 6559
f 6426 6413 6416
f 6415 6428 6427
f 6430 6561 6562
f 6434 6420 6419
f 6563 6565 6566
f 6404 6445 6446
f 6459 6399 6398
f 6455 6388 6387
f 6405 6449 6406
f 6540 6450 6405
f 6567 6568 6569
f 6570 6463 6567
f 6475 6490 6465
f 6458 6571 6572
f 6573 6574 6575
f 6576 6578 6579
f 6193 6580 6581
f 6582 6584 6585
f 6583 6586 6587
f 6588 6587 6586
f 6590 6068 6591
f 6592 6594 6319
f 6251 6595 6252
f 6304 6597 6598
f 6272 6599 6273
f 3737 6558 6557
f 6600 6160 6601
f 6123 6603 6120
f 6604 6606 6607
f 6608 6208 6609
f 5972 6220 5965
f 6610 6612 6556
f 6613 6615 6616
f 6242 6618 6239
f 6226 6245 6227
f 6620 6622 6623
f 6624 6146 6625
f 6626 6211 6136
f 6627 6629 6630
f 6631 6633 6634
f 6235 6636 6232
f 6637 6639 6640
f 6641 6286 6642
f 6643 6645 6646
f 6647 6649 6650
f 6244 6294 6336
f 6336 6652 6244
f 6194 6237 6222
f 6196 6114 6191
f 6115 6191 6114
f 6653 6655 6656
f 6657 6189 6658
f 6117 6659 6118
f 6130 6156 6131
f 6133 6151 6134
f 6661 6662 6660
f 6663 6616 6552
f 6664 6273 6665
f 6418 6432 6431
f 6290 6328 6291
f 6666 6556 6612
f 6557 3805 3737
f 5971 6668 5968
f 6181 6670 6178
f 6671 6673 6674
f 6676 6672 6675
f 6675 6149 6676
f 6067 5999 5998
f 6677 6679 6680
f 6681 6683 6684
f 6087 6090 6089
f 5983 6685 6686
f 5982 6687 6685
f 6094 6688 6687
f 6211 6137 6136
f 6689 6691 6692
f 6690 3833 3832
f 6001 6686 6002
f 5978 6215 5979
f 6694 5978 6095
f 5974 6095 6695
f 6183 6696 6697
f 6698 5961 6218
f 5959 6699 5956
f 6697 6700 6701
f 6702 6703 6704
f 5968 6705 5969
f 6706 5955 5954
f 6707 6617 6708
f 6024 6709 6710
f 6402 6559 6425
f 3852 6712 3853
f 3856 6593 3857
f 5977 6694 5974
f 6713 5977 5976
f 6714 6716 6717
f 6718 6308 6250
f 6720 6254 6721
f 6722 6724 6725
f 6312 6726 6727
f 6069 6728 6729
f 6319 6730 6086
f 6731 6644 6732
f 6732 6734 6731
f 6046 6320 6047
f 3880 6666 6735
f 6736 6738 6739
f 6531 6741 6326
f 6300 6614 6613
f 6742 6325 6290
f 6743 3891 3890
f 6744 6301 6745
f 6746 6534 6533
f 6536 6579 6535
f 6535 6563 6537
f 6566 6537 6563
f 6538 6409 6539
f 6412 6539 6409
f 6412 6541 6540
f 6748 6542 6541
f 6749 6545 6542
f 6568 6547 6543
f 6751 6548 6546
f 6753 6550 6549
f 6755 6757 6758
f 6759 6761 6762
f 6763 6765 6762
f 6764 6623 6765
f 6766 6768 6769
f 6770 6772 6773
f 6774 6776 6777
f 6021 6777 6022
f 6723 6779 6724
f 6780 6782 6783
f 6784 6786 6787
f 6788 6790 6791
f 6185 6793 6186
f 6794 6725 6795
f 6729 6098 6097
f 6135 6798 6132
f 6799 6065 6800
f 6037 6802 6038
f 6005 6588 6586
f 6005 6804 6006
f 6052 6010 6805
f 6586 6803 6005
f 6092 5987 6089
f 6094 5985 6092
f 6096 6695 6095
f 6082 6799 6585
f 6657 6041 6659
f 6013 6658 6014
f 6795 6807 6808
f 6809 6811 6812
f 6813 6815 6816
f 6817 6819 6820
f 6821 6823 6824
f 6329 6204 6217
f 6202 6826 6203
f 6072 6827 6828
f 6598 6305 6304
f 6301 6613 6663
f 6830 6271 6270
f 6822 6778 6823
f 6326 6832 6327
f 6203 6833 6216
f 6027 6051 6024
f 6360 6835 6357
f 6836 6838 6839
f 6837 6841 6838
f 6362 6366 6363
f 6380 6384 6381
f 6421 6578 6842
f 6566 6410 6409
f 6394 6388 6391
f 6414 6368 6367
f 6371 6416 6413
f 6561 6378 6382
f 6382 6562 6561
f 6381 6418 6562
f 6389 6430 6431
f 6391 6454 6441
f 6441 6453 6456
f 6456 6473 6574
f 6495 6750 6568
f 6843 6485 6484
f 6844 6843 6846
f 6573 6847 6848
f 6849 6487 6486
f 6513 6752 6469
f 6517 6850 6503
f 6521 6851 6850
f 6844 6852 6853
f 6505 6510 6509
f 6753 6512 6754
f 6516 6521 6517
f 6614 6854 6615
f 6742 4003 3891
f 6708 6855 6856
f 6307 6857 6858
f 6307 6665 6304
f 6414 6425 6559
f 6416 6427 6426
f 6562 6431 6430
f 6419 6538 6434
f 6358 6839 6359
f 6059 6859 6860
f 6861 6863 6864
f 6865 6867 6868
f 6115 6869 6870
f 6871 6873 6874
f 6721 6596 6875
f 6876 6556 6555
f 6877 6552 6551
f 6551 6268 6877
f 6879 6265 6269
f 6239 6651 6336
f 6230 6619 6226
f 6171 6669 6880
f 6106 6882 6881
f 6883 6822 6821
f 6759 6187 6174
f 6725 6785 6807
f 6885 6808 6791
f 6886 6888 6031
f 6701 6756 6755
f 6884 6779 6822
f 6715 6309 6308
f 6889 6890 6891
f 6743 4042 6892
f 6270 6893 6830
f 6386 6895 6383
f 6895 6420 6896
f 6897 6417 6896
f 6897 6407 6898
f 6390 6899 6387
f 6900 6406 6449
f 6455 6901 6452
f 6902 6904 6471
f 6482 6905 6483
f 6501 6907 6502
f 6496 6908 6909
f 6532 6326 6325
f 6532 6743 6529
f 6612 6735 6666
f 6611 6910 6612
f 6626 5979 6213
f 6704 6105 6702
f 6913 6591 6914
f 6915 6795 6885
f 6229 4067 4066
f 6263 6289 6619
f 6745 6663 6877
f 6916 6757 6917
f 6885 6165 6915
f 6920 6783 6919
f 6921 6923 6924
f 6925 6924 6926
f 6927 6929 6930
f 6931 6933 6934
f 6935 6937 6938
f 6939 6941 6942
f 6943 6945 6946
f 6947 6949 6950
f 6944 6951 6952
f 6953 6955 6956
f 6957 6959 6960
f 6961 6929 6963
f 6964 6966 6967
f 6968 6970 6971
f 6969 6955 6970
f 6972 6946 6973
f 6974 6976 6977
f 6978 6980 6981
f 6940 6982 6983
f 6984 6986 6987
f 6988 6990 6991
f 6992 6989 6993
f 6994 6996 6997
f 6998 7000 7001
f 7002 7004 7005
f 7006 7008 7009
f 7010 7012 7013
f 7014 7016 7017
f 7018 6999 6998
f 7020 7022 7023
f 7024 7026 7027
f 7028 7030 7031
f 7032 7034 7035
f 7003 7036 7037
f 7038 7040 7027
f 6993 7030 7041
f 7042 7044 7045
f 7046 7007 7006
f 7011 7048 7049
f 7050 7052 7053
f 7054 7014 7055
f 7015 7056 7057
f 6621 7045 7044
f 7049 6775 6774
f 7051 6021 6020
f 7055 6701 7054
f 7054 6755 7056
f 6764 7047 7046
f 7020 7059 7013
f 7060 7062 7063
f 6958 7065 6959
f 6925 7067 6973
f 7068 6934 6926
f 7069 6991 7070
f 7071 7072 7073
f 7074 7076 7077
f 7078 7080 7081
f 7014 7082 7083
f 7084 7086 7087
f 7025 7031 7026
f 7085 7072 7088
f 7089 7087 7090
f 7055 7083 7091
f 7090 6770 6773
f 7092 7094 7095
f 7091 6697 7055
f 6770 7086 6758
f 7095 6767 6766
f 7096 6980 7097
f 7098 6940 7099
f 7058 7023 7100
f 7101 6930 7102
f 6974 7063 6967
f 7103 6971 7104
f 7105 6981 6977
f 7106 7036 7108
f 7109 7010 7110
f 7111 7018 7034
f 7098 7037 7100
f 7048 7112 6775
f 7113 7041 6997
f 6994 7115 7088
f 6965 6923 6966
f 6975 6945 6976
f 7061 7065 7062
f 6954 6933 6963
f 6763 7109 7047
f 7046 6620 6764
f 6947 7067 6956
f 6758 7056 6755
f 7118 7039 7038
f 7038 7070 7118
f 7106 7121 7122
f 7123 7053 7052
f 7123 7083 7082
f 7045 7006 7042
f 7107 7122 7009
f 7091 7052 7051
f 7091 6020 6183
f 6936 7097 6937
f 7125 6960 7102
f 6774 7050 7049
f 7119 6942 7039
f 7019 7005 6999
f 7011 7124 7012
f 7021 7040 7022
f 7114 7016 7115
f 7053 7049 7050
f 7086 7057 7056
f 6993 7127 6992
f 7075 7113 7076
f 4281 6603 7128
f 6012 7129 6040
f 7130 6584 7131
f 6797 7133 6798
f 6074 7135 6075
f 6789 6173 6790
f 6760 6776 6761
f 7136 6801 6589
f 6914 6674 6913
f 7007 7059 7008
f 7099 7003 7098
f 6984 7104 6938
f 7110 7047 7109
f 6333 6587 7129
f 5956 6667 5971
f 5957 5971 5970
f 7137 6308 6719
f 4292 6718 6250
f 6693 6668 6215
f 6215 6667 6214
f 6214 6699 6212
f 6698 6212 6699
f 6219 6198 6218
f 6207 6220 6208
f 6220 6609 6208
f 6262 4066 4003
f 7138 7140 7141
f 4298 7140 4299
f 7143 7145 7146
f 7147 7144 7149
f 7149 7151 7147
f 7150 7153 7151
f 6329 7154 7152
f 6261 7155 7154
f 7156 7157 7158
f 6598 7159 7160
f 6257 7161 7162
f 6256 4321 7161
f 6693 6706 6705
f 5954 6705 6706
f 5953 5969 5954
f 7163 5983 6912
f 7164 6138 7166
f 7167 7169 7170
f 6141 7172 6142
f 7166 7173 7164
f 6141 7174 7175
f 7176 7178 7179
f 7180 7182 7183
f 7184 7186 7187
f 6631 7183 7188
f 6218 6197 6698
f 6625 7189 6624
f 6814 7190 7191
f 6882 7193 7194
f 7195 6109 6108
f 6888 7198 7199
f 7200 7202 7203
f 7176 6630 7204
f 6029 7187 6030
f 7205 7207 7208
f 7209 7211 7212
f 7203 7213 7214
f 6886 6778 6723
f 6031 7215 6886
f 7216 7218 7219
f 7220 6880 6669
f 6076 7220 7222
f 6074 6672 6671
f 6147 6662 7223
f 7223 6111 6110
f 6810 6113 6112
f 6920 6914 6591
f 6077 6675 6672
f 6660 6076 6661
f 7222 6669 6181
f 7224 6181 6180
f 6660 6150 6675
f 7225 6794 6915
f 6783 7225 6164
f 6781 6068 6067
f 7217 7228 7218
f 6031 7199 6028
f 6887 6723 6722
f 6164 6915 6165
f 6780 6591 6068
f 7134 6671 6914
f 7229 6824 6823
f 7187 7230 7229
f 7226 6722 6794
f 7231 6169 7233
f 7201 7233 7202
f 6107 7235 7200
f 7215 6823 6778
f 6030 7229 7215
f 7236 7219 7179
f 7237 6820 6819
f 7237 7207 7238
f 7239 7241 7242
f 6739 7244 6736
f 7245 7242 7246
f 7233 6168 7247
f 7247 7202 7233
f 7195 7203 7214
f 7248 7250 6703
f 7227 7252 7228
f 7253 5998 7251
f 6067 7198 6781
f 6781 7197 6782
f 5984 6683 5986
f 7254 6678 6684
f 6679 7252 5997
f 6887 7197 6888
f 6782 7226 7225
f 7135 6163 7221
f 7221 6075 7135
f 6661 7222 7224
f 7224 6111 6661
f 6180 6112 7224
f 6179 6810 6180
f 6811 6793 6649
f 6650 6622 6769
f 6766 7044 7095
f 7095 7043 7092
f 7092 7121 7081
f 7078 7255 7033
f 7256 7257 7258
f 6768 7259 6647
f 6773 7094 7090
f 7090 7093 7089
f 7089 7080 7073
f 7071 7032 7260
f 7077 6998 7074
f 6995 7260 6996
f 7077 7261 7035
f 7035 7018 7077
f 7108 7111 7255
f 6978 7262 7001
f 7105 7264 7262
f 7263 6952 7264
f 6990 6951 7265
f 6972 7266 7265
f 7117 6950 7266
f 6948 7267 6949
f 6969 6982 7267
f 7103 6987 6983
f 7005 6986 7268
f 6999 7268 7000
f 7269 7271 7272
f 7274 7275 7273
f 7274 7276 7277
f 7278 7280 7281
f 7282 7284 7285
f 7286 7288 7289
f 7290 7292 7293
f 7294 7296 7293
f 7068 7298 7299
f 7300 7302 7303
f 7304 7305 7306
f 7307 7305 7308
f 7309 7283 7310
f 7311 7313 7314
f 7125 7306 7315
f 7285 7280 7282
f 7277 7303 7302
f 6965 7316 7317
f 7318 7316 7319
f 7320 7271 7314
f 7312 7296 7313
f 7270 7298 7322
f 7311 7322 7317
f 6961 7300 7308
f 7323 7325 7326
f 7327 7328 7329
f 7064 7325 7328
f 7287 7292 7288
f 6931 7299 7301
f 7331 7329 7319
f 7332 7334 7335
f 7336 7338 7339
f 7340 7333 7332
f 7342 7343 7344
f 7345 7347 7344
f 7348 7350 7351
f 7352 7354 7355
f 7356 7358 7359
f 7360 7362 7363
f 7365 7367 7364
f 7368 7370 7371
f 7372 7336 7374
f 7373 7337 7336
f 7367 7376 7377
f 7378 7380 7381
f 7382 7384 7385
f 7386 7385 7384
f 7388 7390 7391
f 7392 7333 7393
f 7394 7396 7397
f 7398 7400 7401
f 7402 7404 7405
f 7406 7408 7409
f 7410 7383 7382
f 7412 7414 7415
f 7385 7417 7382
f 7389 7419 7390
f 7373 7421 7375
f 7420 7372 7422
f 7369 7424 7370
f 7399 7397 7425
f 7393 7341 7342
f 7398 7357 7426
f 7358 7401 7427
f 7428 7430 7431
f 7433 7435 7432
f 7363 7436 7437
f 7383 7439 7384
f 7411 7438 7383
f 7441 7443 7444
f 7445 7339 7447
f 7374 7339 7446
f 7444 7364 7448
f 7448 7450 7449
f 7364 7451 7450
f 7451 7377 7452
f 7449 7454 7453
f 7455 7450 7451
f 7456 7451 7452
f 7410 7458 7459
f 7460 7462 7369
f 7423 7462 7463
f 7464 7466 7467
f 7468 7347 7470
f 7376 7471 7472
f 7425 7396 7473
f 7475 7477 7474
f 7478 7480 7481
f 7482 7407 7406
f 7484 7351 7486
f 7487 7488 7489
f 7490 7492 7493
f 7412 7434 7433
f 7494 7434 7415
f 7496 7391 7497
f 7440 7498 7499
f 7401 7488 7500
f 7485 7345 7501
f 7500 7427 7401
f 7395 7469 7468
f 7503 7505 7506
f 7507 7509 7510
f 7511 7513 7514
f 7511 7515 7516
f 7517 7519 7520
f 7521 7523 7355
f 7352 7525 7526
f 7415 7527 7494
f 7528 7530 7486
f 7404 7502 7500
f 7477 7496 7532
f 7512 7481 7513
f 7405 7500 7488
f 7533 7535 7536
f 7378 7510 7537
f 7532 7379 7538
f 7539 7541 7542
f 7524 7355 7523
f 7351 7501 7348
f 7414 7523 7527
f 7522 7527 7523
f 7544 7412 7545
f 7546 7547 7548
f 7526 7353 7352
f 7550 7355 7354
f 7521 7551 7548
f 7552 7548 7551
f 7546 7553 7554
f 7522 7548 7547
f 7418 7520 7555
f 7416 7554 7417
f 7457 7558 7458
f 7557 7560 7558
f 7535 7561 7562
f 7562 7563 7564
f 7564 7349 7348
f 7351 7565 7486
f 7567 7569 7566
f 7570 7520 7519
f 7419 7555 7571
f 7572 7348 7501
f 7389 7556 7418
f 7573 7493 7480
f 7552 7534 7553
f 7562 7536 7535
f 7572 7576 7574
f 7422 7578 7420
f 7423 7580 7424
f 7579 7463 7581
f 7578 7576 7582
f 7583 7381 7380
f 7586 7581 7585
f 7533 7579 7586
f 7447 7338 7587
f 7588 7531 7589
f 7590 7431 7591
f 7321 7592 7585
f 7275 7463 7273
f 7461 7276 7462
f 7279 7461 7453
f 7453 7593 7279
f 7594 7454 7455
f 7330 7498 7459
f 7459 7294 7330
f 7558 7595 7295
f 7560 7320 7595
f 7275 7585 7581
f 7462 7273 7463
f 7596 7380 7497
f 7597 7406 7409
f 7467 7599 7600
f 7601 7603 7604
f 7605 7444 7443
f 7365 7606 7366
f 7607 7494 7608
f 7513 7473 7396
f 7396 7514 7513
f 7514 7468 7515
f 7470 7515 7468
f 7610 7609 7470
f 7612 7476 7475
f 7613 7529 7614
f 7442 7615 7616
f 7343 7617 7618
f 7574 7577 7536
f 7619 7399 7491
f 7518 7509 7519
f 7491 7425 7492
f 7549 7621 7565
f 7491 7622 7619
f 7377 7440 7452
f 7379 7497 7380
f 7453 7460 7449
f 7411 7459 7498
f 7623 7391 7390
f 7625 7610 7484
f 7487 7483 7626
f 7619 7408 7489
f 7627 7620 7549
f 7538 7378 7537
f 7389 7477 7476
f 7629 7412 7433
f 7489 7407 7487
f 7628 7598 7597
f 7413 7524 7414
f 7592 7559 7630
f 7584 7632 7381
f 7569 7633 7571
f 7570 7566 7569
f 7631 7566 7632
f 7508 7519 7509
f 7614 7480 7613
f 7346 7470 7347
f 7572 7562 7564
f 7571 7634 7419
f 7346 7484 7610
f 7607 7431 7495
f 7585 7630 7586
f 7624 7497 7391
f 7635 7384 7439
f 7636 7502 7588
f 7323 7310 7289
f 7420 7582 7421
f 7637 7455 7456
f 7287 7499 7498
f 7458 7295 7294
f 7439 7472 7635
f 7599 7604 7600
f 7359 7427 7636
f 7436 7639 7437
f 7490 7640 7622
f 7481 7493 7473
f 7641 7505 7525
f 7642 7627 7644
f 7492 7473 7493
f 7517 7625 7530
f 7625 7486 7530
f 7634 7390 7419
f 7474 7532 7516
f 7448 7441 7444
f 7368 7449 7460
f 7615 7368 7371
f 7638 7602 7639
f 7575 7501 7345
f 7571 7570 7569
f 7400 7489 7488
f 7508 7632 7566
f 7503 7540 7539
f 6957 7315 7326
f 7376 7438 7377
f 7507 7381 7632
f 7499 7452 7440
f 7286 7456 7499
f 7504 7644 7505
f 7368 7460 7369
f 7645 7627 7643
f 7647 7633 7646
f 7647 7623 7634
f 7649 7623 7648
f 7650 7624 7649
f 7646 7568 7651
f 7651 7567 7652
f 7653 7567 7631
f 7651 7655 7646
f 7656 7658 7659
f 7660 7657 7661
f 7663 7656 7662
f 7664 7663 7666
f 7667 7663 7662
f 7667 7668 7655
f 7663 7661 7657
f 7670 7672 7669
f 7661 7671 7660
f 7659 7662 7656
f 7648 7668 7659
f 7648 7673 7649
f 7659 7674 7673
f 7658 7675 7674
f 7668 7646 7655
f 7660 7676 7675
f 7675 7678 7674
f 7677 7676 7679
f 7677 7681 7678
f 7682 7678 7681
f 7677 7684 7680
f 7673 7678 7683
f 7683 7649 7673
f 7685 7671 7670
f 7667 7686 7666
f 7666 7687 7664
f 7654 7686 7655
f 7689 7686 7688
f 7664 7691 7690
f 7650 7583 7596
f 7693 7631 7584
f 7584 7692 7693
f 7693 7682 7694
f 7694 7681 7695
f 7694 7653 7693
f 7650 7682 7692
f 7696 7652 7653
f 7654 7652 7697
f 7688 7697 7698
f 7699 7697 7696
f 7700 7698 7699
f 7695 7696 7694
f 7699 7702 7700
f 7689 7698 7701
f 7689 7703 7704
f 7705 7707 7703
f 7701 7705 7703
f 7704 7707 7685
f 7685 7691 7704
f 7687 7704 7691
f 7680 7695 7681
f 7684 7702 7680
f 7702 7705 7700
f 7684 7707 7706
f 7676 7707 7679
f 7665 7672 7661
f 7670 7690 7691
f 7665 7690 7669
f 7611 7474 7609
f 7510 7479 7478
f 7511 7537 7512
f 7516 7538 7511
f 7517 7613 7518
f 7537 7478 7512
f 7611 7612 7475
f 7613 7479 7518
f 7556 7517 7520
f 7516 7609 7474
f 7708 7710 7711
f 7712 7714 7715
f 7713 7717 7714
f 7719 7721 7718
f 7722 7597 7409
f 7724 7715 7725
f 7726 7728 7729
f 7731 7573 7730
f 7730 7614 7732
f 7733 7735 7736
f 7721 7724 7737
f 7731 7409 7640
f 7708 7729 7738
f 7737 7709 7739
f 7716 7736 7740
f 7742 7744 7745
f 7740 7735 7746
f 7717 7740 7747
f 7716 7720 7741
f 7748 7711 7710
f 7750 7710 7725
f 7720 7751 7741
f 7734 7728 7735
f 7709 7725 7710
f 7752 7715 7714
f 7739 7708 7738
f 7720 7712 7721
f 7749 7755 7711
f 7745 7756 7747
f 7746 7742 7745
f 7743 7755 7754
f 7727 7735 7728
f 7747 7757 7717
f 7753 7725 7715
f 7751 7620 7733
f 7757 7714 7717
f 7718 7737 7732
f 7747 7746 7745
f 7727 7755 7742
f 7726 7711 7755
f 7759 7756 7758
f 7759 7752 7757
f 7760 7753 7752
f 7761 7750 7753
f 7758 7744 7763
f 7763 7743 7764
f 7754 7764 7743
f 7763 7767 7758
f 7768 7770 7771
f 7772 7771 7773
f 7775 7772 7774
f 7776 7775 7778
f 7779 7775 7774
f 7775 7769 7768
f 7770 7781 7780
f 7782 7772 7773
f 7760 7782 7773
f 7760 7783 7761
f 7773 7784 7783
f 7770 7784 7771
f 7779 7782 7767
f 7782 7758 7767
f 7785 7780 7786
f 7785 7788 7784
f 7787 7786 7789
f 7787 7791 7788
f 7792 7788 7791
f 7787 7794 7790
f 7793 7784 7788
f 7762 7783 7793
f 7796 7780 7795
f 7795 7781 7797
f 7779 7798 7778
f 7799 7778 7798
f 7766 7798 7767
f 7800 7799 7798
f 7802 7799 7803
f 7795 7802 7803
f 7762 7748 7750
f 7805 7754 7749
f 7749 7804 7805
f 7805 7792 7806
f 7806 7791 7807
f 7806 7765 7805
f 7793 7804 7762
f 7808 7764 7765
f 7766 7764 7809
f 7766 7810 7800
f 7811 7809 7808
f 7812 7810 7811
f 7807 7808 7806
f 7811 7814 7812
f 7813 7800 7810
f 7801 7815 7816
f 7817 7819 7815
f 7813 7817 7815
f 7816 7819 7796
f 7796 7803 7816
f 7799 7816 7803
f 7790 7807 7791
f 7794 7814 7790
f 7814 7817 7812
f 7794 7819 7818
f 7786 7819 7789
f 7777 7781 7769
f 7777 7802 7797
f 7528 7718 7529
f 7729 7723 7722
f 7738 7730 7739
f 7732 7739 7730
f 7733 7628 7734
f 7722 7738 7729
f 7621 7719 7528
f 7628 7723 7734
f 7733 7741 7751
f 7732 7529 7718
f 7486 7621 7528
f 7549 7350 7353
f 7353 7349 7354
f 7354 7563 7550
f 7821 7823 7820
f 7824 7826 7827
f 7825 7829 7826
f 7830 7832 7833
f 7834 7827 7835
f 7836 7838 7839
f 7840 7406 7841
f 7841 7598 7842
f 7843 7845 7846
f 7833 7834 7847
f 7848 7836 7839
f 7847 7821 7849
f 7828 7846 7850
f 7853 7855 7852
f 7850 7845 7856
f 7829 7850 7857
f 7828 7832 7851
f 7858 7823 7822
f 7860 7822 7835
f 7831 7851 7832
f 7844 7838 7845
f 7834 7822 7821
f 7863 7827 7826
f 7849 7820 7848
f 7825 7833 7832
f 7859 7866 7823
f 7855 7867 7857
f 7837 7855 7856
f 7865 7852 7866
f 7837 7845 7838
f 7857 7868 7829
f 7864 7835 7827
f 7843 7642 7504
f 7868 7826 7829
f 7830 7847 7842
f 7857 7856 7855
f 7837 7866 7852
f 7836 7823 7866
f 7870 7867 7869
f 7870 7863 7868
f 7871 7864 7863
f 7872 7860 7864
f 7869 7854 7874
f 7874 7853 7875
f 7876 7853 7865
f 7874 7878 7869
f 7879 7881 7882
f 7883 7882 7884
f 7886 7883 7885
f 7887 7886 7889
f 7890 7886 7885
f 7886 7880 7879
f 7891 7880 7892
f 7884 7885 7883
f 7871 7893 7884
f 7871 7894 7872
f 7884 7895 7894
f 7882 7896 7895
f 7890 7893 7878
f 7893 7869 7878
f 7881 7897 7896
f 7898 7895 7896
f 7900 7896 7897
f 7901 7899 7898
f 7904 7902 7903
f 7898 7905 7901
f 7894 7899 7904
f 7904 7872 7894
f 7907 7891 7906
f 7906 7892 7908
f 7890 7909 7889
f 7910 7889 7909
f 7877 7909 7878
f 7912 7909 7911
f 7887 7914 7913
f 7906 7913 7914
f 7873 7858 7860
f 7916 7865 7859
f 7859 7915 7916
f 7916 7903 7917
f 7917 7902 7918
f 7917 7876 7916
f 7873 7903 7915
f 7919 7875 7876
f 7877 7875 7920
f 7911 7920 7921
f 7922 7920 7919
f 7923 7921 7922
f 7918 7919 7917
f 7922 7925 7923
f 7924 7911 7921
f 7912 7926 7927
f 7928 7930 7926
f 7924 7928 7926
f 7927 7930 7907
f 7907 7914 7927
f 7910 7927 7914
f 7901 7918 7902
f 7905 7925 7901
f 7925 7928 7923
f 7905 7930 7929
f 7897 7930 7900
f 7888 7892 7880
f 7888 7913 7908
f 7645 7831 7830
f 7839 7862 7931
f 7841 7848 7840
f 7842 7849 7841
f 7504 7844 7843
f 7839 7840 7848
f 7643 7861 7831
f 7503 7862 7844
f 7846 7861 7843
f 7842 7645 7830
f 7932 7934 7935
f 7936 7938 7939
f 7937 7941 7938
f 7942 7944 7945
f 7947 7949 7946
f 7950 7939 7951
f 7953 7955 7952
f 7956 7958 7959
f 7956 7540 7960
f 7962 7964 7961
f 7936 7965 7945
f 7946 7958 7957
f 7966 7952 7955
f 7965 7933 7967
f 7968 7969 7964
f 7970 7972 7973
f 7974 7964 7963
f 7941 7968 7975
f 7940 7944 7969
f 7976 7935 7934
f 7978 7934 7951
f 7943 7969 7944
f 7947 7963 7962
f 7933 7951 7934
f 7980 7939 7938
f 7967 7932 7966
f 7937 7945 7944
f 7977 7983 7935
f 7973 7984 7975
f 7953 7973 7974
f 7982 7970 7983
f 7974 7954 7953
f 7975 7985 7941
f 7981 7951 7939
f 7961 7544 7545
f 7985 7938 7941
f 7942 7965 7960
f 7975 7974 7973
f 7952 7970 7953
f 7952 7935 7983
f 7987 7984 7986
f 7987 7980 7985
f 7988 7981 7980
f 7989 7978 7981
f 7986 7972 7991
f 7991 7971 7992
f 7993 7971 7982
f 7986 7994 7995
f 7997 7999 7996
f 8000 7999 8001
f 8003 8000 8002
f 8005 8006 8004
f 8007 8003 8002
f 7996 8005 7997
f 7998 8009 8008
f 8010 8000 8001
f 7988 8010 8001
f 7988 8011 7989
f 8011 7999 8012
f 7998 8012 7999
f 8007 8010 7995
f 8010 7986 7995
f 8013 8008 8014
f 8015 8012 8013
f 8017 8013 8014
f 8018 8016 8015
f 8021 8019 8020
f 8015 8022 8018
f 8011 8016 8021
f 8021 7989 8011
f 8023 8014 8008
f 8023 8009 8025
f 8007 8026 8006
f 8026 8004 8006
f 8028 7995 7994
f 8029 8026 8028
f 8030 8027 8031
f 8023 8030 8031
f 7990 7976 7978
f 8033 7982 7977
f 7976 8033 7977
f 8034 8032 8020
f 8035 8020 8019
f 8034 7993 8033
f 7990 8020 8032
f 8036 7992 7993
f 7991 8037 7994
f 7994 8038 8028
f 8039 8037 8036
f 8040 8038 8039
f 8035 8036 8034
f 8039 8042 8040
f 8041 8028 8038
f 8029 8043 8044
f 8045 8047 8043
f 8041 8045 8043
f 8044 8047 8024
f 8024 8031 8044
f 8027 8044 8031
f 8042 8019 8018
f 8022 8042 8018
f 8042 8045 8040
f 8017 8046 8022
f 8014 8047 8017
f 8005 8009 7997
f 8005 8030 8025
f 7506 7943 7942
f 7954 7946 7955
f 7967 7957 7956
f 7960 7967 7956
f 7948 7962 8048
f 7955 7957 7966
f 7641 7979 7943
f 7969 7961 7964
f 7960 7506 7942
f 7362 8050 7436
f 8052 7464 8051
f 8051 7467 8053
f 8054 7600 7604
f 8056 7618 8052
f 7436 8057 7638
f 8049 7361 8056
f 8057 7603 7638
f 8055 7467 7600
f 8058 7604 7603
f 8059 8058 8057
f 8060 8054 8058
f 8061 8055 8054
f 8062 8053 8055
f 8059 8050 8064
f 8064 8049 8065
f 8056 8065 8049
f 8059 8067 8068
f 8069 8071 8072
f 8073 8072 8074
f 8075 8073 8076
f 8077 8075 8076
f 8075 8070 8069
f 8079 8081 8070
f 8082 8070 8081
f 8083 8073 8074
f 8061 8083 8074
f 8061 8084 8062
f 8074 8085 8084
f 8072 8086 8085
f 8077 8083 8068
f 8083 8059 8068
f 8071 8087 8086
f 8088 8085 8086
f 8090 8086 8087
f 8091 8089 8088
f 8094 8092 8093
f 8088 8095 8091
f 8084 8089 8094
f 8094 8062 8084
f 8097 8082 8096
f 8096 8081 8080
f 8077 8098 8078
f 8099 8078 8098
f 8101 8068 8067
f 8102 8098 8101
f 8100 8104 8103
f 8096 8103 8104
f 8075 8100 8079
f 8079 8103 8080
f 8105 8053 8063
f 8066 8052 8106
f 8051 8106 8052
f 8107 8105 8093
f 8108 8093 8092
f 8107 8066 8106
f 8063 8093 8105
f 8109 8065 8066
f 8064 8110 8067
f 8067 8111 8101
f 8112 8110 8109
f 8113 8111 8112
f 8108 8109 8107
f 8112 8115 8113
f 8114 8101 8111
f 8102 8116 8117
f 8118 8120 8116
f 8114 8118 8116
f 8117 8120 8097
f 8097 8104 8117
f 8099 8117 8104
f 8091 8108 8092
f 8095 8115 8091
f 8115 8118 8113
f 8095 8120 8119
f 8087 8120 8090
f 7550 7561 7551
f 7552 7561 7535
f 7931 7539 7542
f 7640 7408 7622
f 7549 7644 7627
f 7525 7544 7641
f 7931 7482 7840
f 7483 7542 7541
f 7626 7405 7487
f 7629 7432 8121
f 7629 7949 7948
f 8122 7949 8121
f 8123 8121 7432
f 8124 7432 7435
f 7434 8125 7435
f 8125 8124 7435
f 8124 7429 8126
f 8123 8126 8127
f 8122 8127 8128
f 7541 7959 8128
f 7404 8129 7531
f 8125 7431 7430
f 7526 7505 7644
f 7626 7541 8128
f 7959 8122 8128
f 7961 8048 7962
f 7629 8048 7545
f 8127 7626 8128
f 7402 8126 7403
f 8129 8126 7429
f 7428 8129 7429
f 7589 7428 7590
f 7471 7366 7606
f 7334 7426 7357
f 7335 7357 7356
f 7616 7446 7445
f 7392 7398 7426
f 7393 7397 7392
f 7342 7394 7393
f 7344 7469 7342
f 7343 7361 7360
f 7360 7344 7343
f 7363 7345 7360
f 7437 7575 7363
f 7582 7437 7639
f 7421 7639 7602
f 7375 7602 7601
f 7599 7375 7601
f 7465 7618 7617
f 7332 7587 7340
f 7447 7335 7445
f 7445 7356 7616
f 7359 7616 7356
f 7636 7442 7359
f 7588 7443 7636
f 7589 7605 7588
f 7590 7606 7589
f 7471 7591 7472
f 7446 7371 7374
f 7371 7372 7374
f 7422 7370 7424
f 7577 7424 7580
f 7536 7580 7533
f 7591 7635 7472
f 7607 7386 7635
f 7543 7494 7527
f 7547 7543 7522
f 7608 7387 7386
f 7387 7416 7385
f 7457 7382 7417
f 7557 7417 7554
f 7559 7554 7553
f 7630 7553 7534
f 7534 7586 7630
f 7466 7337 7599
f 7465 7338 7466
f 7617 7587 7465
f 7341 7617 7343
f 8130 6090 8131
f 6023 8132 8133
f 6182 8133 6784
f 6623 6792 6185
f 6787 6182 6784
f 8134 6696 6787
f 6917 6756 8135
f 6762 7112 6763
f 6762 6184 6759
f 6765 6185 6184
f 6650 6768 6647
f 6772 6916 7259
f 6777 6789 6788
f 6022 6788 8132
f 6756 8134 8135
f 6758 6771 6770
f 6761 6775 7112
f 6769 6621 6766
f 6772 6767 6773
f 6174 6760 6759
f 6187 6178 6670
f 6811 6648 6812
f 6786 6724 6779
f 6791 6918 6885
f 6186 6179 6178
f 6808 8133 8132
f 6884 8135 8134
f 6174 6670 6171
f 6807 6784 8133
f 6791 8132 6788
f 6786 8134 6787
f 6790 6172 6918
f 6649 6792 6650
f 6316 8136 6717
f 8137 6654 8138
f 8139 6601 6160
f 6656 6580 6870
f 6868 8142 6865
f 6316 6711 6313
f 6864 8144 6861
f 6864 8145 6860
f 6868 6869 6710
f 6656 6866 6653
f 8146 8148 8149
f 8139 8151 6640
f 8152 6866 6865
f 8154 8138 6654
f 6874 8156 8157
f 8158 8159 6805
f 8160 6865 8142
f 8161 6313 6711
f 6161 8162 8163
f 8164 6654 6653
f 8153 6653 6866
f 8165 8167 8168
f 8166 8169 8167
f 5989 8170 8169
f 5988 8171 8170
f 8172 6043 6042
f 8174 6032 6035
f 8174 6098 8176
f 8176 6796 8177
f 8177 8178 8179
f 7132 6728 7133
f 6589 8180 7136
f 8180 6004 8181
f 8181 6007 8182
f 6334 6731 6734
f 6079 6645 6731
f 6078 6646 6645
f 6085 8184 6646
f 6091 8185 6093
f 6086 8183 6085
f 6950 7118 7070
f 6952 6992 7127
f 6983 6968 7103
f 6987 7004 7099
f 7001 6979 6978
f 7001 7074 6998
f 7262 7075 7074
f 7264 7127 7075
f 7265 6943 6972
f 7265 6991 6990
f 7266 7070 6991
f 6949 7119 7118
f 7267 6939 7119
f 6983 7099 6940
f 7268 6985 8186
f 7000 8186 6979
f 6938 6985 6984
f 6946 6922 6921
f 6956 6948 6947
f 6971 6928 6927
f 6970 6954 6928
f 6973 6921 6925
f 6977 7263 7105
f 6981 7061 7060
f 6973 7117 6972
f 7097 6979 8186
f 7104 6927 7101
f 6977 7060 6974
f 6976 6944 7263
f 6956 7066 6953
f 6937 8186 6985
f 6938 7101 6935
f 6924 7116 7297
f 6926 7297 7068
f 6930 6962 7304
f 6934 6953 7066
f 6960 6936 6935
f 6963 6928 6954
f 6967 6975 6974
f 7063 7327 7331
f 6959 7096 6936
f 6926 7066 6925
f 7102 7304 7125
f 6967 7331 6964
f 6966 6922 6975
f 7062 7064 7327
f 6963 6932 6961
f 7102 6935 7101
f 7299 7269 8187
f 7301 6932 6931
f 7306 7285 7284
f 7308 6962 6961
f 7315 7284 7309
f 7317 7312 7311
f 7319 6964 7331
f 7322 7297 7116
f 7317 7116 6965
f 7308 7303 7307
f 7326 6958 6957
f 7329 7291 7290
f 7328 7324 7291
f 7301 8187 7302
f 7319 7290 7318
f 7326 7309 7323
f 7272 7321 7275
f 7272 8187 7269
f 7274 7302 8187
f 7281 7307 7303
f 7283 7593 7594
f 7289 7324 7323
f 7293 7330 7294
f 7293 7318 7290
f 7310 7594 7637
f 7314 7595 7320
f 7282 7279 7593
f 7278 7277 7276
f 7314 7270 7311
f 7313 7295 7595
f 7288 7291 7324
f 7289 7637 7286
f 6003 6626 6136
f 6003 7165 6000
f 6690 8189 6691
f 6686 5981 5980
f 6685 6096 5981
f 6687 6806 6096
f 6002 5980 6626
f 6606 5351 5350
f 7164 8190 8191
f 8192 7174 8193
f 6015 8153 8152
f 6189 8155 8154
f 8157 6284 6283
f 6332 8152 8160
f 6593 6317 8161
f 6658 8154 8164
f 6014 8164 8153
f 6332 7131 6333
f 6805 6321 6052
f 6146 8162 6625
f 6607 8195 6604
f 8196 6125 8197
f 8198 7168 8199
f 8199 6633 8200
f 7177 8201 7178
f 8202 8204 8205
f 7208 7185 7205
f 7237 7186 7208
f 6819 7230 7237
f 6818 6824 6819
f 8206 6821 6818
f 8207 8135 8208
f 6917 8209 6916
f 8209 7259 6916
f 8210 6647 7259
f 6812 8212 7258
f 6809 7258 7257
f 6809 8213 6113
f 6113 8214 6110
f 7235 6110 8214
f 7223 7234 6147
f 6147 8215 6148
f 6148 8216 6153
f 8218 6158 8217
f 8219 6116 6119
f 6284 6116 6285
f 6188 8156 8155
f 8155 6873 8138
f 8138 6872 8137
f 8137 8148 6581
f 6193 6281 6190
f 6190 6278 6195
f 8220 8222 8223
f 8224 7139 7138
f 6223 8226 8227
f 6237 8228 8229
f 6238 8227 8230
f 6249 8231 8232
f 6253 8233 8234
f 6236 8221 8228
f 6331 8230 8235
f 6252 8236 8233
f 6222 8229 8226
f 6828 8237 8238
f 6280 8240 8241
f 8208 6883 8206
f 6648 8211 8212
f 6143 8242 8243
f 6624 8244 8242
f 8245 8247 8248
f 8249 8251 8252
f 7195 8254 7196
f 7214 8253 7195
f 8256 7214 7213
f 7243 8257 7244
f 7210 8257 7211
f 8259 6102 8260
f 8261 6121 8262
f 8178 8263 8179
f 7132 8264 8263
f 6797 8265 8264
f 6135 8266 8265
f 6134 8267 8266
f 6151 8268 8267
f 6154 8270 8268
f 8269 8272 8270
f 7194 8273 8274
f 7193 8275 8273
f 8249 8260 8276
f 8248 8278 8245
f 6129 8279 8280
f 7169 8197 6125
f 8198 8192 8197
f 7171 7175 7173
f 6589 7129 6587
f 6801 6040 7129
f 6037 6041 6040
f 6036 6659 6041
f 6131 6118 6659
f 6156 6119 6118
f 8218 6119 6155
f 8219 6815 6642
f 7191 6641 6814
f 8246 7189 7191
f 8245 8281 8282
f 8280 6288 6287
f 6125 7170 7169
f 6288 6602 6123
f 6126 6604 8195
f 8196 6605 6604
f 7174 6691 8189
f 6691 6139 6692
f 7171 8283 7172
f 7172 8284 6142
f 6139 8284 6692
f 8285 8287 8288
f 8211 8289 8286
f 8290 8292 8289
f 8293 8291 8290
f 8293 8208 8295
f 8296 8298 8295
f 6818 8296 8206
f 8285 7258 8212
f 7243 7212 7211
f 7243 8300 8299
f 8301 6739 6738
f 8302 7213 7247
f 8303 7247 6168
f 8304 6168 6167
f 6738 8297 8301
f 8288 6167 6170
f 8304 8291 8305
f 8305 8294 6737
f 6737 8306 8305
f 6736 8307 8306
f 8243 8308 8309
f 8242 8282 8308
f 8247 7191 7190
f 7196 8251 7192
f 8253 8311 8254
f 8255 8310 8253
f 8313 8255 8256
f 7244 8313 8307
f 8313 8258 8312
f 8312 8314 8310
f 8315 8310 8314
f 8311 8316 8252
f 8282 8317 8308
f 8308 8261 8309
f 8309 8262 8318
f 8248 8275 8276
f 8282 8246 8245
f 8307 8256 8302
f 8306 8302 8303
f 8305 8303 8304
f 8298 6737 8294
f 8287 8304 6167
f 7253 7199 7198
f 8319 6028 7199
f 8320 6029 6028
f 8321 7184 6029
f 8322 7185 7184
f 8203 7205 7185
f 8202 7206 7205
f 7239 7210 7209
f 7251 8319 7253
f 7227 8320 8319
f 7217 8321 8320
f 7216 8322 8321
f 7236 8203 8322
f 6175 8200 7204
f 7165 8191 6177
f 6137 7166 6138
f 6200 8283 6137
f 6199 8284 8283
f 8284 6205 6692
f 6205 6689 6692
f 6689 5485 3833
f 7009 8323 7107
f 7013 7021 7020
f 7017 7029 7028
f 7013 7110 7010
f 7073 7084 7089
f 7081 7093 7092
f 7082 7028 7025
f 7088 6995 6994
f 7088 7057 7085
f 7122 7043 7042
f 7124 7024 7126
f 7082 7024 7123
f 7009 7042 7006
f 7012 7126 7021
f 7115 7015 7057
f 7008 7058 8323
f 7081 7120 7078
f 7073 7079 7071
f 6997 7076 7113
f 7023 6942 6941
f 7027 7069 7038
f 7031 6989 6988
f 7079 7033 7032
f 7037 7107 8323
f 7027 7126 7024
f 7041 7029 7114
f 7026 6988 7069
f 7100 6941 7098
f 7108 7002 7019
f 7100 8323 7058
f 6997 7114 6994
f 7022 7039 6942
f 7111 7033 7255
f 7035 7260 7032
f 7261 6996 7260
f 7108 7120 7106
f 7245 8258 7210
f 7246 8314 7245
f 7181 8316 7182
f 8277 6129 8278
f 8278 8280 8281
f 6287 8281 8280
f 6122 8317 6287
f 5487 6144 5488
f 5489 6162 5490
f 6637 8325 8326
f 8326 8225 8224
f 5494 8225 5495
f 6160 8150 8139
f 5496 8151 5497
f 8163 6162 6161
f 6146 8327 8163
f 8243 6144 6143
f 8328 8309 8318
f 8318 5501 5500
f 8262 5502 5501
f 8329 8331 8332
f 8333 8335 8336
f 8338 6007 8337
f 8329 8339 8340
f 8341 6734 8330
f 6006 8337 6007
f 8342 6804 6800
f 6065 8339 8343
f 5995 8341 8340
f 6918 6166 6165
f 7221 6166 6880
f 6172 6880 6166
f 8344 5955 6713
f 5519 5975 5520
f 6806 8346 6695
f 6646 8347 6643
f 8165 8349 6323
f 6322 8131 6090
f 8345 6688 8351
f 6695 5975 5974
f 5976 5528 6713
f 5529 8131 5530
f 6643 8352 8168
f 8183 5532 8184
f 5534 8130 5529
f 6730 5533 8183
f 8351 6093 8185
f 5535 6594 3856
f 8353 6652 6651
f 8354 8355 8356
f 8357 6825 6202
f 8359 6202 6201
f 6224 8356 8360
f 6275 8362 6276
f 6201 7143 8359
f 7146 8359 7143
f 8357 8363 8364
f 8355 8366 8367
f 8361 8368 8362
f 8356 8367 8369
f 8370 8372 7142
f 8220 7145 8374
f 6275 6228 6231
f 5558 6228 6274
f 8375 8367 8366
f 8362 8376 8377
f 8378 8380 8381
f 8363 8382 8383
f 8384 8381 8385
f 8382 8386 8385
f 8383 8364 8363
f 6226 6231 6230
f 6231 8361 6275
f 6636 8389 8379
f 6635 8388 6636
f 8390 5576 5575
f 8379 6232 6636
f 8378 6233 6232
f 8384 8371 6233
f 8372 8393 7141
f 7138 8239 8224
f 8224 8394 8326
f 8146 8394 6282
f 6638 8326 8394
f 6340 6299 6298
f 6747 6577 6576
f 6344 6346 6345
f 6342 6355 6303
f 6353 6349 6297
f 6337 6369 8395
f 6360 6328 6327
f 6358 6386 6385
f 6364 6293 6295
f 6362 6376 6373
f 6366 6297 6296
f 6350 6372 6370
f 6533 6303 6302
f 6534 6346 6343
f 6744 6533 6302
f 6536 6747 6576
f 6357 6894 6386
f 6341 6832 6355
f 6839 6292 6291
f 6837 6380 6379
f 6838 6354 6292
f 6361 6377 6376
f 6363 6296 6293
f 6365 6373 6372
f 6359 6291 6328
f 6836 6385 6380
f 6481 6902 6544
f 6484 6501 6500
f 6477 6487 6474
f 6849 6492 6491
f 6494 6467 6466
f 6547 6544 6543
f 6750 6546 6547
f 6494 6751 6750
f 6843 6500 6846
f 6845 6575 6843
f 6489 6847 6853
f 6474 6491 6490
f 6483 6906 6501
f 6493 6465 6490
f 6471 6544 6902
f 6472 6485 6473
f 6476 6461 6460
f 6470 6542 6545
f 6570 6569 6749
f 6495 6463 6493
f 6475 6462 6461
f 6572 6477 6476
f 6574 6457 6456
f 6569 6543 6545
f 6575 6473 6485
f 6471 6901 6448
f 6469 6508 6513
f 6498 6479 6478
f 6503 6518 6517
f 6489 6505 6486
f 6467 6509 6468
f 6546 6498 6478
f 6549 6752 6753
f 6752 6466 6469
f 6503 6846 6500
f 6850 6844 6846
f 6507 6852 6525
f 6486 6509 6849
f 6502 6909 6518
f 6858 6664 6307
f 8396 6611 6610
f 6833 6324 6216
f 8399 6825 8400
f 6831 8401 8402
f 6707 6826 8399
f 8398 6890 6324
f 6858 8404 6554
f 8405 6610 6876
f 6830 6553 8401
f 8397 6911 6611
f 8400 8358 8365
f 8358 8364 8406
f 8406 8387 8407
f 8389 8380 8379
f 8389 8409 8377
f 8388 8410 8409
f 5575 8410 8390
f 6665 8411 6875
f 8412 6720 6721
f 8413 5601 6720
f 8411 8413 8412
f 6262 6290 6263
f 5602 8414 5604
f 6599 3735 5605
f 7141 7142 8372
f 8393 8241 8240
f 8227 7147 7151
f 8229 8374 7148
f 8230 7151 7153
f 8232 8415 8416
f 8234 8417 8418
f 8221 8374 8228
f 8235 7153 8419
f 8233 8420 8417
f 8226 7148 7147
f 8238 8421 8422
f 7141 8240 7138
f 6581 6655 8137
f 6640 8140 8139
f 6710 8141 6868
f 6717 6712 6316
f 6860 8143 6864
f 6870 6867 6656
f 6717 6726 6714
f 6870 6192 6115
f 6860 6050 6059
f 6710 6025 6024
f 6639 6871 8140
f 6640 8324 6637
f 6581 8147 6193
f 5615 6234 8370
f 7144 8374 7145
f 7144 6210 7149
f 7150 6210 6209
f 7152 6209 6329
f 7152 8419 7153
f 7154 8421 8419
f 7158 8415 8422
f 7160 8420 8416
f 7162 8418 8417
f 7161 5616 8418
f 8370 6233 8371
f 8373 7146 7145
f 8392 8386 8223
f 8391 8372 8371
f 5617 6713 5528
f 5973 3355 5972
f 8345 5619 8346
f 3880 6910 5621
f 8351 5620 8345
f 8346 5520 5975
f 5621 6911 5623
f 5622 8185 5534
f 8150 5497 8151
f 8423 8425 8426
f 8427 6519 8428
f 8429 8431 8432
f 6523 8433 6526
f 8434 8436 8437
f 8438 8434 8439
f 8438 6511 6528
f 8441 8424 8423
f 8427 8430 8429
f 8444 8445 8446
f 8447 8424 8448
f 8449 8444 8450
f 8451 8430 8452
f 8453 8454 8455
f 8456 8437 8453
f 8439 8456 8457
f 8448 8442 8458
f 8452 8443 8449
f 8425 8459 8446
f 8460 8462 8463
f 8464 8466 8467
f 8468 8470 8471
f 8472 8474 8475
f 8476 8478 8479
f 8480 8482 8483
f 8484 8486 8487
f 8485 8489 8486
f 8490 8481 8480
f 8492 8494 8495
f 8495 8496 8497
f 8498 8500 8501
f 8502 8500 8503
f 8504 8506 8507
f 8508 8510 8511
f 8513 8511 8512
f 8507 8514 8515
f 8516 8518 8519
f 8520 8516 8521
f 8522 8524 8525
f 8526 8522 8525
f 8528 8530 8531
f 8532 8529 8533
f 8534 8536 8537
f 8538 8534 8537
f 8464 8481 8465
f 8483 8541 8480
f 8542 8484 8467
f 8487 8540 8483
f 8488 8542 8544
f 8545 8486 8489
f 8481 8466 8465
f 8547 8489 8490
f 8548 8493 8471
f 8549 8502 8492
f 8551 8494 8548
f 8497 8552 8495
f 8469 8499 8470
f 8547 8497 8498
f 8469 8503 8500
f 8501 8550 8545
f 8460 8507 8461
f 8552 8506 8505
f 8554 8510 8463
f 8549 8505 8509
f 8554 8512 8511
f 8513 8550 8508
f 8461 8515 8462
f 8557 8513 8514
f 8558 8519 8479
f 8559 8527 8518
f 8521 8558 8561
f 8553 8517 8520
f 8477 8524 8478
f 8520 8557 8553
f 8476 8525 8477
f 8527 8556 8522
f 8563 8528 8475
f 8564 8531 8565
f 8533 8563 8566
f 8562 8530 8532
f 8473 8536 8474
f 8559 8532 8535
f 8472 8537 8473
f 8560 8539 8564
f 8463 8555 8554
f 8544 8467 8466
f 8470 8548 8471
f 8475 8566 8563
f 8479 8561 8558
f 8484 8483 8482
f 8490 8488 8491
f 8503 8492 8502
f 8498 8496 8499
f 8504 8509 8505
f 8515 8513 8512
f 8519 8527 8526
f 8521 8523 8520
f 8528 8539 8538
f 8533 8535 8532
f 8467 8482 8464
f 8487 8546 8543
f 8544 8491 8488
f 8480 8547 8490
f 8493 8468 8471
f 8495 8549 8492
f 8551 8499 8496
f 8501 8547 8498
f 8460 8510 8504
f 8508 8549 8509
f 8555 8515 8512
f 8506 8557 8514
f 8519 8476 8479
f 8517 8559 8518
f 8561 8524 8521
f 8522 8557 8523
f 8475 8538 8472
f 8567 8531 8530
f 8566 8536 8533
f 8560 8535 8534
f 8442 8568 8569
f 6512 8568 6754
f 8570 8571 8572
f 8426 6514 8423
f 8428 8443 8427
f 6522 8432 6523
f 8437 8433 8454
f 6524 8435 6527
f 6528 8435 8438
f 8423 6550 8441
f 8429 6516 8427
f 6515 8445 6908
f 8441 6754 8568
f 8570 8569 8568
f 8440 6512 6511
f 8569 8458 8442
f 8574 8572 8571
f 8572 8573 8569
f 8453 8577 8456
f 8576 8455 8578
f 8452 8580 8451
f 8573 8582 8458
f 8575 8581 8573
f 8584 8575 8574
f 8571 8457 8574
f 8439 8440 8438
f 8585 8587 8588
f 8587 8590 8588
f 8589 8592 8590
f 8591 8594 8592
f 8593 8596 8594
f 8595 8598 8596
f 8599 8586 8585
f 8601 8600 8599
f 8603 8602 8601
f 8605 8598 8597
f 8607 8604 8603
f 8609 8608 8607
f 8611 8610 8609
f 8606 8612 8611
f 8613 8589 8587
f 8614 8591 8589
f 8615 8593 8591
f 8616 8595 8593
f 8617 8597 8595
f 8619 8617 8616
f 8620 8618 8617
f 8620 8623 8621
f 8624 8626 8627
f 8626 8622 8627
f 8620 8628 8622
f 8622 8629 8627
f 8627 8630 8624
f 8632 8634 8631
f 8636 8633 8635
f 8637 8636 8635
f 8639 8632 8640
f 8633 8641 8635
f 8635 8642 8637
f 8642 8644 8637
f 8645 8637 8644
f 8586 8613 8587
f 8600 8646 8586
f 8616 8648 8619
f 8615 8649 8648
f 8613 8649 8614
f 8651 8613 8646
f 8647 8651 8646
f 8652 8654 8651
f 8602 8647 8600
f 8655 8652 8647
f 8656 8653 8652
f 8653 8659 8654
f 8658 8661 8659
f 8644 8663 8645
f 8664 8662 8665
f 8661 8666 8659
f 8666 8654 8659
f 8667 8651 8654
f 8668 8597 8618
f 8669 8618 8621
f 8670 8621 8623
f 8671 8623 8626
f 8671 8625 8672
f 8625 8673 8672
f 8636 8675 8634
f 8638 8674 8636
f 8645 8676 8638
f 8645 8678 8677
f 8679 8660 8658
f 8657 8658 8653
f 8583 8648 8649
f 8650 8583 8649
f 8667 8581 8650
f 8666 8582 8667
f 8664 8681 8666
f 8682 8665 8683
f 8684 8643 8642
f 8684 8641 8579
f 8639 8579 8641
f 8580 8640 8578
f 8629 8576 8630
f 8604 8655 8602
f 8608 8686 8604
f 8610 8687 8608
f 8612 8688 8610
f 8605 8689 8612
f 8690 8668 8669
f 8691 8689 8690
f 8692 8688 8691
f 8693 8687 8692
f 8656 8686 8693
f 8694 8669 8670
f 8695 8690 8694
f 8696 8691 8695
f 8697 8692 8696
f 8657 8693 8697
f 8697 8679 8657
f 8696 8698 8697
f 8696 8700 8699
f 8694 8700 8695
f 8670 8701 8694
f 8702 8671 8672
f 8701 8703 8700
f 8703 8699 8700
f 8699 8705 8698
f 8698 8680 8679
f 8672 8706 8702
f 8675 8707 8708
f 8674 8709 8707
f 8709 8677 8710
f 8677 8711 8710
f 8712 8710 8711
f 8702 8714 8703
f 8713 8714 8715
f 8707 8716 8717
f 8717 8713 8715
f 8710 8716 8709
f 8708 8717 8715
f 8546 8599 8543
f 8546 8603 8601
f 8550 8603 8545
f 8556 8607 8550
f 8560 8609 8556
f 8564 8611 8560
f 8565 8606 8564
f 8565 8596 8598
f 8567 8594 8596
f 8562 8592 8594
f 8553 8590 8592
f 8590 8541 8588
f 8540 8588 8541
f 8543 8585 8540
f 8684 8450 8685
f 8579 8449 8684
f 8682 8448 8681
f 8447 8683 8459
f 8681 8458 8582
f 8628 8619 8718
f 8584 8619 8648
f 8628 8577 8629
f 8457 8577 8718
f 8574 8718 8584
f 7134 6919 7135
f 6164 6919 6783
f 5485 6609 5921
f 3832 8188 6690
f 5921 6221 3354
f 5922 7128 6607
f 6439 8720 6440
f 8720 6570 6749
f 6570 8721 6464
f 6439 8721 8719
f 6727 6057 6312
f 6312 6073 6247
f 6828 6073 6072
f 6877 6267 6745
f 6745 6299 6744
f 6891 6305 6889
f 6338 6746 6339
f 6438 6410 6435
f 6412 6440 6748
f 6564 6424 6565
f 6842 6577 8395
f 6889 6829 7156
f 6579 6564 6563
f 6435 6565 6424
f 8722 6306 6891
f 8723 6058 6727
f 6269 6878 6879
f 7160 6829 6598
f 8724 8143 8725
f 8238 6248 6828
f 6339 6744 6299
f 8395 6338 6337
f 6879 8404 8726
f 8422 8231 8238
f 8725 6859 8723
f 8416 7157 7160
f 6059 6049 6056
f 6330 6049 6048
f 7156 6259 6889
f 6269 6264 6266
f 6297 6264 6241
f 6340 6351 6337
f 6368 8395 6369
f 6422 6559 6423
f 6436 6404 6437
f 6447 6438 6437
f 6424 6436 6435
f 6331 6099 6330
f 6422 6842 6368
f 8722 6856 8726
f 8141 6862 8142
f 6265 6617 6242
f 6324 6259 6258
f 7158 6260 7156
f 6709 6863 8141
f 8235 6827 6331
f 6298 6352 6340
f 6370 6351 6350
f 6891 8403 8722
f 8419 8237 8235
f 6051 8145 6709
f 8422 7155 7158
f 8721 6446 6464
f 6748 8720 6749
f 8727 6011 8194
f 8158 8144 8724
f 6009 6861 8144
f 6008 6862 6861
f 8142 8727 8160
f 6554 6893 6858
f 6833 6708 8398
f 6708 8403 8398
f 5623 6892 4042
f 8406 8365 8358
f 8407 8366 8406
f 8377 8408 8389
f 8397 6530 6529
f 6651 8400 8353
f 8402 6616 6615
f 6618 8399 6651
f 6554 6878 6551
f 8396 6854 6530
f 8401 6552 6616
f 6892 6529 6743
f 8353 8365 8355
f 8377 6276 8362
f 8409 6277 6276
f 8410 5932 6277
f 8726 6857 8722
f 8726 6855 6879
f 7234 6106 8215
f 8279 6127 6288
f 8354 6227 6652
f 6246 6619 6289
f 8239 6282 8394
f 8162 6286 6625
f 6292 6246 6289
f 6382 6377 6379
f 6392 6396 6393
f 6396 6427 6428
f 6398 6443 6459
f 6459 6458 6460
f 6525 6523 6526
f 6558 6271 6555
f 6429 6560 6561
f 6460 6572 6476
f 6272 3736 3735
f 7128 6602 8195
f 6227 6244 6652
f 7180 6634 6103
f 6642 6285 8219
f 6356 6740 6614
f 6816 8218 8217
f 6820 8301 6817
f 6355 6741 6356
f 6344 6834 6341
f 6364 6840 6361
f 6375 6560 6415
f 6848 6488 6477
f 6853 6506 6489
f 6530 6740 6531
f 8140 6874 6601
f 6555 6831 6876
f 8215 6881 8216
f 6348 6894 6345
f 6383 6896 6417
f 6433 6896 6420
f 6432 6898 6390
f 6406 6898 6407
f 6900 6387 6899
f 6900 6448 6901
f 6472 6903 6482
f 6480 6903 6902
f 6497 6906 6479
f 6908 6518 6909
f 4280 6120 6603
f 6100 7170 6128
f 6632 7188 8201
f 7235 7201 7200
f 7206 7212 7207
f 8213 7232 7231
f 8214 7231 7201
f 6108 7200 7203
f 7238 8300 6820
f 7207 8299 7238
f 8205 7240 8202
f 6170 7232 7256
f 6638 8149 6639
f 6601 8157 6600
f 6600 6283 8162
f 8392 8222 8393
f 6278 8241 6279
f 6816 8274 6813
f 6642 6814 6641
f 6128 6124 8279
f 8195 6127 6126
f 8212 8286 8285
f 8292 8286 8289
f 8290 8210 8209
f 8207 8290 8209
f 8294 8295 8298
f 8206 8295 8208
f 6817 8297 8296
f 8288 7256 8285
f 7209 7240 7239
f 6225 8360 8361
f 8369 8360 8356
f 8375 8368 8369
f 8381 8387 8383
f 8385 8383 8382
f 8385 8391 8384
f 8147 6282 6281
f 6345 6835 6344
f 6327 6834 6360
f 6295 6841 6364
f 6379 6840 6837
f 6853 6845 6844
f 6479 6905 6480
f 6848 6571 6573
f 6452 6904 6472
f 6525 6851 6520
f 6496 6907 6497
f 8402 6876 6831
f 8408 8387 8380
f 6279 8222 8221
f 6872 8149 8148
f 8223 8373 8220
f 6526 8436 6524
f 8446 8426 8425
f 8455 8431 8451
f 8446 8450 8444
f 8454 8432 8431
f 6908 8428 6519
f 8578 8451 8580
f 8632 8625 8624
f 8640 8624 8630
f 8660 8662 8661
f 8662 8643 8665
f 8675 8631 8634
f 8680 8663 8660
f 8683 8643 8685
f 8578 8630 8576
f 8673 8708 8706
f 8678 8705 8711
f 8711 8704 8712
f 8706 8715 8714
f 8703 8712 8704
f 8459 8685 8450
f 8407 8376 8375
f 6615 8405 8402
f 5993 6335 5994
f 6060 6018 5991
f 5993 6081 6080
f 6105 6176 6702
f 6177 6000 7165
f 6309 6310 6251
f 8725 6314 8724
f 8724 6318 8158
f 6321 6053 6052
f 6249 6310 6247
f 6596 6257 6597
f 8188 6605 8189
f 5986 6682 6060
f 6714 6311 6309
f 6047 6086 6081
f 6875 6304 6665
f 6001 6912 5983
f 7162 6597 6257
f 7254 6912 6704
f 6684 7163 7254
f 8723 6315 8725
f 6592 6318 6317
f 8332 8171 8728
f 6607 5350 5922
f 8191 8198 8199
f 8197 8193 8196
f 8159 6319 6321
f 8232 6595 6249
f 8192 7173 7175
f 8189 8193 7174
f 6177 8199 6175
f 6733 8330 6734
f 8340 8330 8329
f 8341 6335 6334
f 8412 6875 8411
f 8414 6273 6599
f 8416 8236 8232
f 6727 8136 8723
f 8417 7159 7162
f 6277 5558 6274
f 5935 6635 6235
f 5991 6061 6060
f 6019 6682 6681
f 5999 6033 5996
f 6045 6677 6680
f 6055 6083 7130
f 5995 6063 5992
f 6084 6053 6046
f 6088 5989 8166
f 6063 6046 5992
f 6066 6034 5999
f 6103 7181 7180
f 6673 6133 6132
f 6149 6153 6152
f 6323 8166 8165
f 6585 6083 6082
f 6630 6702 6176
f 6634 7168 7167
f 6676 6152 6133
f 6703 6628 7248
f 6796 6728 8178
f 6069 6097 6066
f 6132 6674 6673
f 6803 6800 6804
f 6011 6055 7130
f 6799 6582 6585
f 7194 6881 6882
f 7131 6583 6333
f 6798 6913 6674
f 7179 8204 7236
f 7183 7246 7242
f 7188 7242 7241
f 6109 7192 6882
f 7204 6176 6175
f 7219 6628 6627
f 7218 7248 6628
f 7179 6627 7176
f 7250 6704 6703
f 7228 7249 7248
f 6678 7249 6679
f 5997 7251 5998
f 8168 6644 6643
f 8167 6732 6644
f 8169 6733 6732
f 8170 8331 6733
f 8336 8173 8172
f 8182 8175 8174
f 8182 8176 8181
f 8181 8177 8180
f 8180 8179 7136
f 7133 6590 6913
f 7130 8194 6011
f 8200 6632 7177
f 7178 8205 8204
f 8269 6153 8216
f 8254 8252 8251
f 8260 6101 8277
f 8179 6802 7136
f 8263 6038 6802
f 8264 6039 6038
f 8265 6130 6039
f 8266 6157 6130
f 8267 6158 6157
f 8268 8217 6158
f 8270 6816 8217
f 6813 8273 7190
f 8273 8247 7190
f 8276 8277 8248
f 7192 8250 7193
f 8252 8259 8249
f 8276 8250 8249
f 7204 7177 7176
f 7182 8315 7246
f 8343 8334 8333
f 8333 8342 8343
f 8343 6800 6065
f 8340 6064 5995
f 6323 8350 6322
f 8168 8348 8165
f 8349 5936 8350
f 8352 5938 8348
f 6103 7167 6100
f 8271 8216 6881
f 8201 7241 8205
f 8274 8271 7194
f 5991 6017 5988
f 8728 6017 6016
f 5997 6680 6679
f 5996 6045 6680
f 6033 6042 6045
f 6042 8175 8172
f 8172 8338 8336
f 8336 8337 8333
f 6684 6677 6681
f 6681 6044 6019
f 6019 6043 6016
f 6016 8173 8728
f 8728 8335 8332
f 8332 8334 8329
f 8194 8160 8727
f 6805 6009 8158
f 5940 7137 6719
f 8324 5942 8325
f 8325 5495 8225
f 6253 4292 6250
f 7137 5944 6715
f 8348 5937 8349
f 8350 5530 8131
f 5624 6159 5489
f 6718 5940 6719
f 8327 5490 6162
f 8347 5939 8352
f 5933 6121 6120
f 8184 5946 8347
f 7142 5615 8370
f 6145 5945 8327
f 8234 5943 6253
f 8328 5488 6144
f 8318 5948 8328
f 7139 4299 7140
f 8418 5947 8234
f 5604 6599 5605
f 5949 6712 6716
f 5944 6716 6715
f 6720 5950 6255
f 6255 4322 6256
f 5614 6235 6234
f 6711 5951 8161
f 8161 3857 6593
f 5973 2965 3013
f 2965 5963 222
f 222 5960 223
f 223 5958 3186
f 5958 3185 3186
f 5957 2977 3185
f 5970 1213 2977
f 5967 1214 1213
f 2532 5966 5953
f 2894 5953 5952
f 2871 5952 8344
f 5510 5721 5509
f 5822 5824 5823
f 3511 3844 3735
f 3887 3889 3888
f 3876 3878 3877
f 3356 3911 3909
f 3372 3390 3391
f 3849 3851 3850
f 3481 3867 3866
f 3873 3385 3382
f 3875 3450 3452
f 3915 3865 3862
f 3657 3671 3656
f 5618 3013 2152
f 1997 1889 1892
f 1237 744 855
f 1535 120 121
f 1531 201 214
f 1119 1032 984
f 946 824 947
f 163 5 162
f 9041 9175 9193
f 1155 1162 1164
f 427 327 424
f 553 796 498
f 8732 2231 2237
f 8732 2230 2232
f 2237 3180 8732
f 8734 8736 8733
f 8735 8738 8736
f 8737 8740 8738
f 8739 8742 8740
f 8743 8745 8746
f 8746 8747 8748
f 8749 8748 8747
f 8751 8750 8749
f 8754 8756 8753
f 8757 8755 8754
f 8759 8758 8757
f 8761 8760 8759
f 8763 8762 8761
f 8766 8749 8765
f 8765 8747 8767
f 8767 8745 8768
f 8768 8744 8769
f 8744 8771 8769
f 8770 8772 8771
f 8741 8773 8772
f 8739 8774 8773
f 8737 8775 8774
f 8735 8776 8775
f 8776 8777 3184
f 2904 8779 2947
f 8780 2904 2902
f 8781 2902 2876
f 2875 8781 2876
f 8783 2733 2736
f 2825 8786 2824
f 8788 8790 8787
f 8792 8787 8791
f 2724 8785 2825
f 8787 3115 3117
f 8791 3117 3119
f 8794 8765 8793
f 8793 8767 8795
f 8795 8768 8796
f 8796 8769 8797
f 8797 8771 8798
f 8771 8799 8798
f 8772 8800 8799
f 8773 8801 8800
f 8774 8802 8801
f 8775 8803 8802
f 8776 3056 8803
f 8802 2253 2252
f 8801 2252 1727
f 8800 1727 2150
f 8799 2150 1941
f 8804 8799 1941
f 8805 8798 8804
f 8806 8797 8805
f 8807 8796 8806
f 8793 8807 8808
f 8794 8808 8809
f 8810 8809 8808
f 8808 8806 8810
f 8810 8805 8812
f 8813 8810 8812
f 8812 8804 8814
f 8815 8812 8814
f 8814 1941 1360
f 8755 8752 8756
f 8758 8750 8755
f 8760 8748 8758
f 8762 8746 8760
f 8816 8764 8763
f 8818 8820 8817
f 8816 8782 8784
f 8821 8817 8816
f 8789 8783 8786
f 8818 8789 8788
f 8819 8788 8792
f 8822 8819 8823
f 8823 8792 8824
f 8824 8791 2712
f 2712 3119 3128
f 8826 8823 8825
f 8825 8824 8827
f 8827 2712 2711
f 8828 2711 2400
f 8829 8827 8828
f 8830 8825 8829
f 8743 8764 8831
f 8817 8831 8764
f 8770 8743 8831
f 8741 8831 8742
f 8820 8742 8831
f 8740 8822 8826
f 8738 8826 8830
f 8736 8830 8832
f 8833 2400 2402
f 8834 8828 8833
f 8832 8829 8834
f 8835 2402 2707
f 3058 2707 2708
f 3061 8835 3058
f 8836 8833 8835
f 8733 8832 8837
f 8837 8834 8836
f 8777 8733 8838
f 8838 8837 1962
f 8837 3061 1962
f 1961 8838 1962
f 3057 8777 8838
f 8779 8753 8839
f 8778 8754 8779
f 8780 8757 8778
f 8781 8759 8780
f 8782 8761 8781
f 8821 8784 8783
f 8785 8789 8786
f 2723 8790 8785
f 2875 8784 8782
f 2736 8786 8783
f 2947 8839 8944
f 8815 1360 8941
f 1900 1924 1901
f 1736 1718 1750
f 1955 1943 1956
f 1671 1735 1751
f 1696 1698 1692
f 1800 1864 1801
f 2063 2056 2060
f 1737 1717 1736
f 1751 1697 1695
f 943 9351 684
f 9108 8753 9057
f 1577 1764 1703
f 9369 1599 9375
f 1945 82 1944
f 68 7 248
f 147 1543 148
f 1109 1133 1102
f 1503 1907 1908
f 1499 1909 1498
f 452 735 215
f 1824 9287 9297
f 1825 2068 1824
f 1463 1022 1194
f 841 1009 1011
f 1568 1955 1534
f 1926 1927 1923
f 1910 1502 1939
f 1939 422 442
f 309 1940 308
f 1804 1866 1803
f 269 1954 56
f 2065 2060 2056
f 9264 1758 9287
f 280 552 1940
f 1875 1869 1874
f 1739 1734 1737
f 5923 5899 5924
f 1778 1790 1788
f 310 1915 279
f 1909 1906 1954
f 1789 1778 1788
f 978 980 979
f 1584 1731 1583
f 425 311 312
f 148 115 116
f 2044 9346 2046
f 277 1939 551
f 1943 1945 1944
f 1461 1463 1464
f 2253 3056 3055
f 2981 8927 958
f 2209 8927 3055
f 2254 3055 8927
f 2998 958 8927
f 2826 2721 2724
f 8928 2721 2817
f 2816 8928 2817
f 2334 2296 2335
f 2298 2334 2336
f 2301 2336 2338
f 2311 2338 2354
f 2312 2354 2355
f 2359 2361 2360
f 2335 2359 2360
f 2414 2365 2364
f 2413 2361 2365
f 2355 2540 2541
f 2541 2539 2542
f 2722 2739 2738
f 3114 2738 3113
f 3110 3121 3120
f 3108 3120 3113
f 3122 3127 3126
f 3112 3126 3121
f 3127 1753 3135
f 3139 2529 2542
f 9196 3133 3139
f 8928 2740 2739
f 8929 2789 8928
f 228 91 88
f 245 243 242
f 248 247 191
f 2 296 295
f 145 300 267
f 327 210 328
f 329 331 330
f 250 228 236
f 239 240 230
f 373 375 374
f 178 176 175
f 1218 1228 1321
f 9314 1295 9306
f 808 824 823
f 9310 1013 1014
f 9265 1411 1413
f 2154 2159 2160
f 9297 1758 1757
f 306 1922 452
f 2157 1976 1977
f 708 2031 1474
f 1450 1227 1428
f 1672 1605 1624
f 1813 1821 1816
f 1717 1715 1718
f 176 402 347
f 1710 9368 9367
f 1712 1577 1711
f 1705 1711 1704
f 3435 3475 3434
f 971 979 970
f 822 1094 1102
f 2909 2793 2792
f 2810 2795 2793
f 2799 2249 2800
f 9114 2910 2799
f 2769 2801 2795
f 3177 3178 3179
f 3178 3180 3179
f 3181 1393 2800
f 3181 1632 3182
f 3182 2244 3183
f 3183 2243 3180
f 8932 2790 8929
f 2808 8929 2816
f 2239 9016 2240
f 1149 9015 9014
f 1150 9011 9015
f 2202 9010 2015
f 2921 9009 2923
f 9012 2133 2928
f 1777 1759 1792
f 1201 1183 1184
f 9005 2195 2194
f 8997 2770 2768
f 9379 1687 1692
f 1516 154 503
f 8993 2974 2803
f 8994 2779 2778
f 2771 9019 8990
f 3070 8990 9002
f 8991 2775 2867
f 1376 1370 1372
f 2767 9000 2206
f 2195 8987 2767
f 2775 8986 2776
f 8344 8989 2871
f 9256 8983 2806
f 2776 8982 2805
f 2240 8979 2920
f 2920 9121 9071
f 8992 2786 2779
f 1805 1851 1804
f 8978 2787 2786
f 2951 8984 8975
f 2772 8975 9019
f 2973 8974 8980
f 2224 8981 8974
f 1957 320 510
f 306 304 303
f 2770 8972 2913
f 2913 9018 2239
f 2923 8971 2922
f 308 431 47
f 207 132 543
f 1879 1881 1880
f 9185 8969 2089
f 2475 9002 8968
f 2476 8968 8967
f 2223 8967 8981
f 8966 2803 2802
f 2037 11 1950
f 1959 450 505
f 2003 8964 2129
f 9 334 540
f 2009 8962 9011
f 2008 8980 8962
f 9329 673 9331
f 8959 2778 2784
f 2935 8957 2936
f 111 9014 8955
f 3238 3341 3237
f 8954 2935 2938
f 683 9337 943
f 8952 2810 2909
f 736 732 729
f 1795 1803 1796
f 8949 2938 2939
f 8951 2939 2940
f 2950 8948 2949
f 2940 8948 8951
f 9253 8956 2950
f 2868 8946 2869
f 2869 8966 2802
f 1024 1023 1020
f 8944 2948 2947
f 551 442 443
f 2972 9012 2928
f 2032 8943 2972
f 216 1924 1923
f 3532 3482 3533
f 203 201 200
f 3539 3541 3540
f 1828 1847 1837
f 1958 449 450
f 272 178 175
f 2871 8939 1361
f 9071 9008 2921
f 2801 9095 9114
f 2005 9106 2176
f 960 899 962
f 9109 9064 9076
f 9232 9098 3151
f 3151 9045 2555
f 2193 9075 2194
f 9059 3145 3144
f 9055 2761 3145
f 9044 3144 3104
f 2926 9086 3103
f 9086 3104 3103
f 9207 9198 9205
f 566 9210 2005
f 8839 1864 8944
f 1602 2079 2078
f 2868 9063 2922
f 2922 9062 2923
f 2923 9070 2921
f 9122 2918 9066
f 9071 9066 2920
f 2921 9122 9071
f 2920 9038 2240
f 9065 2915 2918
f 2917 9074 9093
f 2916 9093 9094
f 2239 9104 2913
f 2911 9104 2757
f 9095 2911 2910
f 2797 9114 9043
f 2797 9050 2750
f 9074 2763 2765
f 9060 2764 2745
f 2194 9100 2221
f 2221 9101 2222
f 2756 9061 2755
f 2750 9061 2747
f 9121 1817 9279
f 9215 1691 1699
f 2515 9042 2548
f 2548 9045 2550
f 2513 9084 9068
f 2513 9073 2515
f 2509 9072 2289
f 2510 9085 2509
f 2289 9091 2283
f 2283 9069 2286
f 2240 9039 2239
f 9111 9076 9078
f 716 9339 9340
f 727 9213 1923
f 2165 2170 2164
f 9112 9078 9081
f 9195 9030 9209
f 2175 769 770
f 2100 2095 2099
f 9210 9209 9030
f 640 9012 1826
f 1653 8997 1651
f 1895 8974 746
f 746 8981 741
f 1653 8972 9020
f 9214 1604 1672
f 2093 2073 2078
f 959 995 884
f 962 919 986
f 1400 1398 1399
f 1000 1127 1004
f 956 884 885
f 1662 8994 1661
f 2034 8990 1654
f 9378 8983 9254
f 8979 766 1817
f 9016 765 766
f 334 9015 335
f 1868 8984 1656
f 1684 1652 1678
f 1682 775 1807
f 1585 9214 1700
f 9215 1672 1673
f 2173 490 491
f 1658 8991 1752
f 9000 1650 724
f 1571 2010 1572
f 1587 9123 2080
f 2099 2077 2094
f 787 1999 786
f 2000 786 1999
f 3155 9149 9135
f 9165 9135 9241
f 2180 9137 9136
f 8940 9136 9157
f 1684 9292 1651
f 1760 8939 8989
f 2607 9145 2590
f 2581 9141 2607
f 2371 9152 9147
f 2371 9145 2372
f 2587 9127 2586
f 2586 9149 339
f 2497 9139 2503
f 2502 9139 9152
f 2494 9142 2495
f 9142 2472 2495
f 9140 2468 2472
f 9153 2469 2468
f 726 9344 630
f 581 8962 580
f 10 9014 334
f 1837 8954 1849
f 741 8967 1300
f 1299 9002 2034
f 1851 8948 1866
f 8971 1820 1819
f 580 8980 1895
f 1758 8966 8946
f 1693 8952 1806
f 8948 1867 1866
f 1894 9012 8943
f 2126 9265 9293
f 9358 9293 9364
f 2113 9319 2110
f 2179 9241 9137
f 624 9356 623
f 2192 9240 9232
f 2177 9239 9185
f 1364 9285 1338
f 9310 1470 1453
f 3135 9227 9196
f 2069 9287 2068
f 1351 9305 1352
f 2108 9353 499
f 2089 9188 9185
f 9280 1358 866
f 2001 9235 2187
f 2187 9171 2091
f 2130 9204 2004
f 2004 9201 2001
f 2014 9231 2201
f 2201 9208 2130
f 3167 9211 2969
f 3168 9172 3167
f 3159 9216 3160
f 3160 9217 3081
f 9182 3158 337
f 3158 9161 3159
f 2200 9182 9174
f 9137 9194 2204
f 9174 2197 2200
f 9242 2092 9173
f 9226 9173 2197
f 3154 9242 9226
f 3155 9158 3154
f 2091 9173 2092
f 2196 9202 9228
f 2193 9228 9233
f 9056 9233 9240
f 2086 9232 9230
f 2087 9230 9229
f 2204 9203 2205
f 2205 9202 3148
f 9361 574 692
f 2124 9229 9212
f 2208 9212 9234
f 9163 3140 3137
f 9237 3138 3140
f 9197 3139 3138
f 9223 3136 2322
f 9164 3137 3136
f 9227 3131 3133
f 9219 3132 3131
f 1813 9290 1814
f 1293 9308 1344
f 2184 9200 9184
f 2181 9184 9186
f 9217 3079 3081
f 9220 3080 3079
f 709 9327 2031
f 2774 9189 9221
f 9238 2134 9003
f 9261 766 765
f 2968 9218 2959
f 2969 9236 2968
f 2958 9189 2961
f 2132 9218 2960
f 2321 9223 9200
f 9312 1449 28
f 9357 582 710
f 9338 577 574
f 9299 1818 9279
f 705 9339 2121
f 9268 9359 698
f 2111 9363 2113
f 9262 1366 1411
f 1812 9274 1815
f 675 9304 674
f 8940 9303 675
f 2110 9320 2109
f 2104 9353 2106
f 2109 9351 944
f 9294 703 739
f 1680 9298 1684
f 1639 9271 9270
f 623 9358 697
f 2139 9318 9317
f 1808 9296 9289
f 9272 1819 1820
f 9324 9352 706
f 1646 9282 1648
f 9341 633 577
f 2139 9327 18
f 2156 9323 9326
f 674 9365 9321
f 2117 9264 2069
f 1815 9299 9275
f 9307 1444 1470
f 697 9364 9268
f 866 9288 9280
f 9316 2136 2135
f 9037 9178 9041
f 9035 9183 9037
f 9205 9190 9191
f 9192 9033 9195
f 1088 9198 1093
f 9191 9195 9205
f 2791 8933 2792
f 8932 2807 8933
f 2792 8934 2909
f 8933 2806 8934
f 8952 8934 8960
f 8960 2806 8983
f 2948 9243 9253
f 2105 9348 2104
f 8982 9256 2805
f 680 9328 683
f 1891 9362 9343
f 2905 9253 2950
f 2900 9251 2905
f 2901 9259 2877
f 2734 9258 9246
f 2877 9258 2878
f 2820 9246 2872
f 2818 9244 2827
f 2823 9244 2826
f 2822 9250 2821
f 2819 9252 9250
f 2817 9247 2816
f 2809 9247 2815
f 2808 9255 2807
f 2805 9255 2804
f 1702 9375 1599
f 9374 1797 1802
f 9367 1706 1709
f 9370 1692 1698
f 1657 9332 1879
f 1890 9347 9362
f 9224 1674 1675
f 1689 9224 9225
f 9378 8982 1688
f 8960 1689 9225
f 9369 1703 1764
f 1598 9380 1770
f 9332 1876 1879
f 1691 9377 9379
f 9377 1688 1687
f 1117 1118 9382
f 1066 1322 9382
f 1243 847 9382
f 9277 848 9382
f 1128 1117 9382
f 1129 1130 9382
f 841 1011 9382
f 1230 9315 9382
f 1242 1243 9382
f 1322 1229 9382
f 1064 1065 9382
f 1003 1128 9382
f 1229 1230 9382
f 9315 1285 9382
f 1285 1288 9382
f 848 839 9382
f 847 9277 9382
f 1118 1129 9382
f 1065 1066 9382
f 1087 1086 9382
f 1008 1002 9382
f 1011 1008 9382
f 1002 1003 9382
f 1076 1069 9382
f 838 841 9382
f 839 838 9382
f 1288 1242 9382
f 1130 1087 9382
f 1086 1076 9382
f 1069 1064 9382
f 2410 2414 9383
f 2411 2410 9383
f 9069 2285 9383
f 2394 2393 9383
f 2393 2396 9383
f 2281 2286 9383
f 2282 2280 9383
f 2398 2399 9383
f 2465 2464 9383
f 2396 2397 9383
f 2470 2469 9383
f 2399 2416 9383
f 2480 2395 9383
f 2459 2480 9383
f 2369 2282 9383
f 2460 2459 9383
f 2415 2411 9383
f 2416 2415 9383
f 2364 2363 9383
f 2286 9069 9383
f 2464 2470 9383
f 2469 9155 9383
f 2285 2465 9383
f 2414 2364 9383
f 2395 2394 9383
f 2363 2367 9383
f 2397 2398 9383
f 2280 2281 9383
f 9155 2460 9383
f 2367 2369 9383
f 9386 9389 9390
f 9386 9391 9387
f 9384 9389 9385
f 9390 9395 9391
f 9389 9392 9393
f 9389 9394 9390
f 9394 9399 9395
f 9393 9396 9397
f 9394 9397 9398
f 9399 9402 9403
f 9396 9401 9397
f 9397 9402 9398
f 9402 9407 9403
f 9401 9404 9405
f 9402 9405 9406
f 9407 9410 9411
f 9405 9408 9409
f 9405 9410 9406
f 9411 9414 9415
f 9409 9412 9413
f 9410 9413 9414
f 9414 9419 9415
f 9412 9417 9413
f 9413 9418 9414
f 9418 9423 9419
f 9417 9420 9421
f 9418 9421 9422
f 9422 9427 9423
f 9420 9425 9421
f 9421 9426 9422
f 9426 9431 9427
f 9425 9428 9429
f 9426 9429 9430
f 9431 9434 9435
f 9428 9433 9429
f 9429 9434 9430
f 9434 9439 9435
f 9433 9436 9437
f 9434 9437 9438
f 9439 9442 9443
f 9436 9441 9437
f 9437 9442 9438
f 9443 9446 9447
f 9441 9444 9445
f 9442 9445 9446
f 9447 9450 9451
f 9444 9449 9445
f 9445 9450 9446
f 9450 9455 9451
f 9449 9452 9453
f 9450 9453 9454
f 9454 9459 9455
f 9452 9457 9453
f 9453 9458 9454
f 9458 9463 9459
f 9457 9460 9461
f 9458 9461 9462
f 9463 9466 9467
f 9460 9465 9461
f 9461 9466 9462
f 9466 9471 9467
f 9465 9468 9469
f 9466 9469 9470
f 9471 9474 9475
f 9468 9473 9469
f 9469 9474 9470
f 9475 9478 9479
f 9473 9476 9477
f 9474 9477 9478
f 9479 9482 9483
f 9476 9481 9477
f 9477 9482 9478
f 9483 9486 9487
f 9481 9484 9485
f 9482 9485 9486
f 9486 9491 9487
f 9484 9489 9485
f 9485 9490 9486
f 9490 9495 9491
f 9489 9492 9493
f 9490 9493 9494
f 9495 9498 9499
f 9492 9497 9493
f 9493 9498 9494
f 9498 9503 9499
f 9497 9500 9501
f 9498 9501 9502
f 9503 9507 9508
f 9500 9506 9501
f 9501 9507 9502
f 9508 9511 9512
f 9505 9510 9506
f 9507 9510 9511
f 9384 9504 9388
f 9388 9504 9392
f 9392 9504 9396
f 9396 9504 9400
f 9400 9504 9404
f 9404 9504 9408
f 9408 9504 9412
f 9412 9504 9416
f 9416 9504 9420
f 9420 9504 9424
f 9424 9504 9428
f 9428 9504 9432
f 9432 9504 9436
f 9436 9504 9440
f 9440 9504 9444
f 9444 9504 9448
f 9448 9504 9452
f 9452 9504 9456
f 9456 9504 9460
f 9460 9504 9464
f 9464 9504 9468
f 9468 9504 9472
f 9472 9504 9476
f 9476 9504 9480
f 9480 9504 9484
f 9484 9504 9488
f 9488 9504 9492
f 9492 9504 9496
f 9496 9504 9500
f 9500 9504 9505
f 9505 9504 9509
f 9512 9386 9387
f 9510 9384 9385
f 9510 9386 9511
f 9509 9504 9384
f 9521 9533 9534
f 9518 9532 9519
f 9517 9529 9530
f 9515 9527 9528
f 9523 9537 9524
f 9521 9535 9522
f 9519 9533 9520
f 9518 9530 9531
f 9515 9529 9516
f 9513 9527 9514
f 9524 9538 9525
f 9523 9535 9536
f 9528 9542 9529
f 9526 9540 9527
f 9538 9550 9551
f 9535 9549 9536
f 9534 9546 9547
f 9531 9545 9532
f 9530 9542 9543
f 9528 9540 9541
f 9537 9549 9550
f 9534 9548 9535
f 9532 9546 9533
f 9531 9543 9544
f 9541 9555 9542
f 9540 9552 9553
f 9550 9564 9551
f 9548 9562 9549
f 9547 9559 9560
f 9544 9558 9545
f 9542 9556 9543
f 9541 9553 9554
f 9549 9563 9550
f 9547 9561 9548
f 9546 9558 9559
f 9544 9556 9557
f 9555 9567 9568
f 9552 9566 9553
f 9564 9576 9577
f 9562 9574 9575
f 9559 9573 9560
f 9557 9571 9558
f 9555 9569 9556
f 9553 9567 9554
f 9562 9576 9563
f 9561 9573 9574
f 9559 9571 9572
f 9557 9569 9570
f 9567 9581 9568
f 9566 9578 9579
f 9576 9590 9577
f 9575 9587 9588
f 9572 9586 9573
f 9571 9583 9584
f 9569 9581 9582
f 9566 9580 9567
f 9576 9588 9589
f 9574 9586 9587
f 9571 9585 9572
f 9569 9583 9570
f 9581 9593 9594
f 9578 9592 9579
f 9590 9602 9603
f 9588 9600 9601
f 9585 9599 9586
f 9583 9597 9584
f 9582 9594 9595
f 9579 9593 9580
f 9589 9601 9602
f 9587 9599 9600
f 9584 9598 9585
f 9583 9595 9596
f 9594 9606 9607
f 9592 9604 9605
f 9602 9616 9603
f 9601 9613 9614
f 9598 9612 9599
f 9596 9610 9597
f 9594 9608 9595
f 9592 9606 9593
f 9601 9615 9602
f 9600 9612 9613
f 9598 9610 9611
f 9596 9608 9609
f 9607 9619 9620
f 9605 9617 9618
f 9615 9629 9616
f 9613 9627 9614
f 9611 9625 9612
f 9610 9622 9623
f 9607 9621 9608
f 9605 9619 9606
f 9615 9627 9628
f 9613 9625 9626
f 9611 9623 9624
f 9608 9622 9609
f 9619 9633 9620
f 9617 9631 9618
f 9628 9642 9629
f 9627 9639 9640
f 9625 9637 9638
f 9622 9636 9623
f 9621 9633 9634
f 9619 9631 9632
f 9627 9641 9628
f 9625 9639 9626
f 9623 9637 9624
f 9622 9634 9635
f 9632 9646 9633
f 9630 9644 9631
f 9642 9654 9655
f 9639 9653 9640
f 9638 9650 9651
f 9635 9649 9636
f 9634 9646 9647
f 9632 9644 9645
f 9641 9653 9654
f 9638 9652 9639
f 9636 9650 9637
f 9635 9647 9648
f 9645 9659 9646
f 9644 9656 9657
f 9654 9668 9655
f 9652 9666 9653
f 9651 9663 9664
f 9648 9662 9649
f 9646 9660 9647
f 9645 9657 9658
f 9653 9667 9654
f 9651 9665 9652
f 9650 9662 9663
f 9648 9660 9661
f 9659 9671 9672
f 9656 9670 9657
f 9668 9680 9681
f 9665 9679 9666
f 9663 9677 9664
f 9661 9675 9662
f 9659 9673 9660
f 9657 9671 9658
f 9666 9680 9667
f 9665 9677 9678
f 9663 9675 9676
f 9661 9673 9674
f 9671 9685 9672
f 9670 9682 9683
f 9680 9694 9681
f 9678 9692 9679
f 9677 9689 9690
f 9675 9687 9688
f 9673 9685 9686
f 9670 9684 9671
f 9680 9692 9693
f 9678 9690 9691
f 9675 9689 9676
f 9673 9687 9674
f 9685 9697 9698
f 9682 9696 9683
f 9694 9706 9707
f 9692 9704 9705
f 9689 9703 9690
f 9687 9701 9688
f 9686 9698 9699
f 9683 9697 9684
f 9693 9705 9706
f 9691 9703 9704
f 9688 9702 9689
f 9687 9699 9700
f 9698 9710 9711
f 9696 9708 9709
f 9706 9720 9707
f 9705 9717 9718
f 9702 9716 9703
f 9700 9714 9701
f 9698 9712 9699
f 9696 9710 9697
f 9705 9719 9706
f 9704 9716 9717
f 9702 9714 9715
f 9700 9712 9713
f 9711 9723 9724
f 9709 9721 9722
f 9719 9733 9720
f 9717 9731 9718
f 9715 9729 9716
f 9714 9726 9727
f 9711 9725 9712
f 9709 9723 9710
f 9718 9732 9719
f 9717 9729 9730
f 9715 9727 9728
f 9712 9726 9713
f 9723 9737 9724
f 9721 9735 9722
f 9733 9745 9746
f 9731 9743 9744
f 9729 9741 9742
f 9726 9740 9727
f 9725 9737 9738
f 9723 9735 9736
f 9732 9744 9745
f 9729 9743 9730
f 9727 9741 9728
f 9726 9738 9739
f 9736 9750 9737
f 9734 9748 9735
f 9746 9758 9759
f 9743 9757 9744
f 9742 9754 9755
f 9739 9753 9740
f 9738 9750 9751
f 9736 9748 9749
f 9745 9757 9758
f 9742 9756 9743
f 9740 9754 9741
f 9739 9751 9752
f 9749 9763 9750
f 9748 9760 9761
f 9758 9772 9759
f 9756 9770 9757
f 9755 9767 9768
f 9752 9766 9753
f 9750 9764 9751
f 9749 9761 9762
f 9757 9771 9758
f 9756 9768 9769
f 9754 9766 9767
f 9752 9764 9765
f 9762 9776 9763
f 9760 9774 9761
f 9772 9784 9785
f 9770 9782 9783
f 9768 9780 9781
f 9765 9779 9766
f 9763 9777 9764
f 9762 9774 9775
f 9770 9784 9771
f 9768 9782 9769
f 9767 9779 9780
f 9764 9778 9765
f 9775 9789 9776
f 9774 9786 9787
f 9784 9798 9785
f 9782 9796 9783
f 9781 9793 9794
f 9779 9791 9792
f 9777 9789 9790
f 9774 9788 9775
f 9784 9796 9797
f 9782 9794 9795
f 9779 9793 9780
f 9777 9791 9778
f 9789 9802 9803
f 9786 9801 9787
f 9798 9811 9812
f 9796 9809 9810
f 9793 9808 9794
f 9792 9805 9806
f 9790 9803 9804
f 9787 9802 9788
f 9797 9810 9811
f 9795 9808 9809
f 9792 9807 9793
f 9790 9805 9791
f 9803 9815 9816
f 9801 9813 9814
f 9811 9825 9812
f 9810 9822 9823
f 9807 9821 9808
f 9806 9818 9819
f 9803 9817 9804
f 9801 9815 9802
f 9810 9824 9811
f 9809 9821 9822
f 9807 9819 9820
f 9804 9818 9805
f 9816 9828 9829
f 9814 9826 9827
f 9825 9837 9838
f 9822 9836 9823
f 9820 9834 9821
f 9819 9831 9832
f 9816 9830 9817
f 9814 9828 9815
f 9824 9836 9837
f 9822 9834 9835
f 9820 9832 9833
f 9817 9831 9818
f 9828 9842 9829
f 9826 9840 9827
f 9837 9851 9838
f 9836 9848 9849
f 9834 9846 9847
f 9831 9845 9832
f 9830 9842 9843
f 9828 9840 9841
f 9836 9850 9837
f 9834 9848 9835
f 9832 9846 9833
f 9831 9843 9844
f 9841 9855 9842
f 9839 9853 9840
f 9851 9863 9864
f 9848 9862 9849
f 9847 9859 9860
f 9845 9857 9858
f 9843 9855 9856
f 9841 9853 9854
f 9850 9862 9863
f 9847 9861 9848
f 9845 9859 9846
f 9843 9857 9844
f 9854 9868 9855
f 9853 9865 9866
f 9863 9877 9864
f 9861 9875 9862
f 9860 9872 9873
f 9858 9870 9871
f 9855 9869 9856
f 9854 9866 9867
f 9862 9876 9863
f 9860 9874 9861
f 9859 9871 9872
f 9856 9870 9857
f 9868 9880 9881
f 9865 9879 9866
f 9877 9889 9890
f 9875 9887 9888
f 9873 9885 9886
f 9870 9884 9871
f 9868 9882 9869
f 9867 9879 9880
f 9875 9889 9876
f 9873 9887 9874
f 9872 9884 9885
f 9870 9882 9883
f 9880 9894 9881
f 9878 9892 9879
f 9889 9903 9890
f 9887 9901 9888
f 9886 9898 9899
f 9884 9896 9897
f 9882 9894 9895
f 9879 9893 9880
f 9889 9901 9902
f 9887 9899 9900
f 9884 9898 9885
f 9882 9896 9883
f 9894 9906 9907
f 9891 9905 9892
f 9903 9915 9916
f 9901 9913 9914
f 9898 9912 9899
f 9896 9910 9897
f 9895 9907 9908
f 9892 9906 9893
f 9902 9914 9915
f 9899 9913 9900
f 9897 9911 9898
f 9896 9908 9909
f 9907 9919 9920
f 9905 9917 9918
f 9915 9929 9916
f 9914 9926 9927
f 9911 9925 9912
f 9909 9923 9910
f 9907 9921 9908
f 9905 9919 9906
f 9914 9928 9915
f 9913 9925 9926
f 9911 9923 9924
f 9909 9921 9922
f 9799 9525 9538
f 9799 9538 9551
f 9799 9551 9564
f 9799 9564 9577
f 9799 9577 9590
f 9799 9590 9603
f 9799 9603 9616
f 9799 9616 9629
f 9799 9629 9642
f 9799 9642 9655
f 9799 9655 9668
f 9799 9668 9681
f 9799 9681 9694
f 9799 9694 9707
f 9799 9707 9720
f 9799 9720 9733
f 9799 9733 9746
f 9799 9746 9759
f 9799 9759 9772
f 9799 9772 9785
f 9799 9785 9798
f 9799 9798 9812
f 9799 9812 9825
f 9799 9825 9838
f 9799 9838 9851
f 9799 9851 9864
f 9799 9864 9877
f 9799 9877 9890
f 9799 9890 9903
f 9799 9903 9916
f 9799 9916 9929
f 9920 9515 9516
f 9918 9513 9514
f 9929 9524 9525
f 9926 9523 9927
f 9924 9521 9925
f 9923 9518 9519
f 9920 9517 9921
f 9918 9515 9919
f 9799 9929 9525
f 9928 9523 9524
f 9926 9521 9522
f 9924 9519 9520
f 9921 9518 9922
f 9387 9917 9512
f 9917 9508 9512
f 9904 9503 9508
f 9891 9499 9503
f 9499 9865 9495
f 9495 9852 9491
f 9491 9839 9487
f 9839 9483 9487
f 9483 9813 9479
f 9813 9475 9479
f 9800 9471 9475
f 9786 9467 9471
f 9467 9760 9463
f 9463 9747 9459
f 9459 9734 9455
f 9734 9451 9455
f 9451 9708 9447
f 9708 9443 9447
f 9695 9439 9443
f 9682 9435 9439
f 9435 9656 9431
f 9431 9643 9427
f 9427 9630 9423
f 9630 9419 9423
f 9419 9604 9415
f 9604 9411 9415
f 9591 9407 9411
f 9578 9403 9407
f 9403 9552 9399
f 9399 9539 9395
f 9395 9526 9391
f 9526 9387 9391
f 9932 9935 9936
f 9932 9937 9933
f 9931 9934 9935
f 9936 9941 9937
f 9934 9939 9935
f 9935 9940 9936
f 9940 9945 9941
f 9939 9942 9943
f 9940 9943 9944
f 9945 9948 9949
f 9942 9947 9943
f 9943 9948 9944
f 9948 9953 9949
f 9947 9950 9951
f 9948 9951 9952
f 9953 9956 9957
f 9950 9955 9951
f 9951 9956 9952
f 9957 9960 9961
f 9955 9958 9959
f 9956 9959 9960
f 9961 9964 9965
f 9958 9963 9959
f 9959 9964 9960
f 9965 9968 9969
f 9963 9966 9967
f 9964 9967 9968
f 9968 9973 9969
f 9966 9971 9967
f 9967 9972 9968
f 9972 9977 9973
f 9970 9975 9971
f 9972 9975 9976
f 9977 9980 9981
f 9974 9979 9975
f 9975 9980 9976
f 9980 9985 9981
f 9979 9982 9983
f 9980 9983 9984
f 9985 9988 9989
f 9982 9987 9983
f 9983 9988 9984
f 9989 9992 9993
f 9986 9991 9987
f 9988 9991 9992
f 9993 9996 9997
f 9991 9994 9995
f 9991 9996 9992
f 9996 10001 9997
f 9994 9999 9995
f 9996 9999 10000
f 10000 10005 10001
f 9999 10002 10003
f 9999 10004 10000
f 10004 10009 10005
f 10003 10006 10007
f 10004 10007 10008
f 10009 10012 10013
f 10006 10011 10007
f 10007 10012 10008
f 10012 10017 10013
f 10011 10014 10015
f 10012 10015 10016
f 10017 10020 10021
f 10014 10019 10015
f 10015 10020 10016
f 10021 10024 10025
f 10019 10022 10023
f 10020 10023 10024
f 10024 10029 10025
f 10022 10027 10023
f 10023 10028 10024
f 10028 10033 10029
f 10027 10030 10031
f 10028 10031 10032
f 10032 10037 10033
f 10030 10035 10031
f 10031 10036 10032
f 10036 10041 10037
f 10035 10038 10039
f 10036 10039 10040
f 10041 10044 10045
f 10038 10043 10039
f 10039 10044 10040
f 10044 10049 10045
f 10043 10046 10047
f 10044 10047 10048
f 10049 10053 10054
f 10046 10052 10047
f 10047 10053 10048
f 10054 10057 10058
f 10052 10055 10056
f 10053 10056 10057
f 9930 10050 9934
f 9934 10050 9938
f 9938 10050 9942
f 9942 10050 9946
f 9946 10050 9950
f 9950 10050 9954
f 9954 10050 9958
f 9958 10050 9962
f 9962 10050 9966
f 9966 10050 9970
f 9970 10050 9974
f 9974 10050 9978
f 9978 10050 9982
f 9982 10050 9986
f 9986 10050 9990
f 9990 10050 9994
f 9994 10050 9998
f 9998 10050 10002
f 10002 10050 10006
f 10006 10050 10010
f 10010 10050 10014
f 10014 10050 10018
f 10018 10050 10022
f 10022 10050 10026
f 10026 10050 10030
f 10030 10050 10034
f 10034 10050 10038
f 10038 10050 10042
f 10042 10050 10046
f 10046 10050 10051
f 10051 10050 10055
f 10058 9932 9933
f 10055 9931 10056
f 10056 9932 10057
f 10055 10050 9930
f 10067 10079 10080
f 10064 10078 10065
f 10063 10075 10076
f 10061 10073 10074
f 10070 10082 10083
f 10067 10081 10068
f 10065 10079 10066
f 10064 10076 10077
f 10061 10075 10062
f 10059 10073 10060
f 10071 10083 10084
f 10069 10081 10082
f 10074 10088 10075
f 10072 10086 10073
f 10084 10096 10097
f 10081 10095 10082
f 10080 10092 10093
f 10078 10090 10091
f 10076 10088 10089
f 10074 10086 10087
f 10083 10095 10096
f 10080 10094 10081
f 10078 10092 10079
f 10076 10090 10077
f 10087 10101 10088
f 10086 10098 10099
f 10096 10110 10097
f 10094 10108 10095
f 10093 10105 10106
f 10091 10103 10104
f 10088 10102 10089
f 10087 10099 10100
f 10095 10109 10096
f 10094 10106 10107
f 10092 10104 10105
f 10089 10103 10090
f 10100 10114 10101
f 10098 10112 10099
f 10110 10122 10123
f 10108 10120 10121
f 10105 10119 10106
f 10103 10117 10104
f 10101 10115 10102
f 10100 10112 10113
f 10108 10122 10109
f 10106 10120 10107
f 10105 10117 10118
f 10103 10115 10116
f 10113 10127 10114
f 10112 10124 10125
f 10122 10136 10123
f 10120 10134 10121
f 10119 10131 10132
f 10117 10129 10130
f 10115 10127 10128
f 10113 10125 10126
f 10122 10134 10135
f 10119 10133 10120
f 10117 10131 10118
f 10115 10129 10116
f 10127 10139 10140
f 10124 10138 10125
f 10136 10148 10149
f 10134 10146 10147
f 10131 10145 10132
f 10130 10142 10143
f 10128 10140 10141
f 10125 10139 10126
f 10135 10147 10148
f 10133 10145 10146
f 10130 10144 10131
f 10128 10142 10129
f 10140 10152 10153
f 10138 10150 10151
f 10148 10162 10149
f 10147 10159 10160
f 10144 10158 10145
f 10143 10155 10156
f 10140 10154 10141
f 10138 10152 10139
f 10147 10161 10148
f 10146 10158 10159
f 10144 10156 10157
f 10141 10155 10142
f 10153 10165 10166
f 10151 10163 10164
f 10162 10174 10175
f 10159 10173 10160
f 10157 10171 10158
f 10156 10168 10169
f 10153 10167 10154
f 10151 10165 10152
f 10161 10173 10174
f 10159 10171 10172
f 10157 10169 10170
f 10154 10168 10155
f 10165 10179 10166
f 10163 10177 10164
f 10175 10187 10188
f 10173 10185 10186
f 10171 10183 10184
f 10168 10182 10169
f 10167 10179 10180
f 10165 10177 10178
f 10173 10187 10174
f 10171 10185 10172
f 10169 10183 10170
f 10168 10180 10181
f 10178 10192 10179
f 10176 10190 10177
f 10188 10200 10201
f 10185 10199 10186
f 10184 10196 10197
f 10182 10194 10195
f 10180 10192 10193
f 10178 10190 10191
f 10187 10199 10200
f 10184 10198 10185
f 10182 10196 10183
f 10180 10194 10181
f 10191 10205 10192
f 10190 10202 10203
f 10200 10214 10201
f 10198 10212 10199
f 10197 10209 10210
f 10195 10207 10208
f 10192 10206 10193
f 10191 10203 10204
f 10199 10213 10200
f 10197 10211 10198
f 10196 10208 10209
f 10193 10207 10194
f 10205 10217 10218
f 10202 10216 10203
f 10214 10226 10227
f 10211 10225 10212
f 10210 10222 10223
f 10207 10221 10208
f 10205 10219 10206
f 10204 10216 10217
f 10212 10226 10213
f 10210 10224 10211
f 10209 10221 10222
f 10207 10219 10220
f 10217 10231 10218
f 10216 10228 10229
f 10226 10240 10227
f 10224 10238 10225
f 10223 10235 10236
f 10221 10233 10234
f 10219 10231 10232
f 10217 10229 10230
f 10226 10238 10239
f 10223 10237 10224
f 10221 10235 10222
f 10219 10233 10220
f 10231 10243 10244
f 10228 10242 10229
f 10240 10252 10253
f 10238 10250 10251
f 10235 10249 10236
f 10234 10246 10247
f 10232 10244 10245
f 10229 10243 10230
f 10239 10251 10252
f 10237 10249 10250
f 10234 10248 10235
f 10232 10246 10233
f 10244 10256 10257
f 10242 10254 10255
f 10252 10266 10253
f 10251 10263 10264
f 10248 10262 10249
f 10247 10259 10260
f 10244 10258 10245
f 10242 10256 10243
f 10251 10265 10252
f 10250 10262 10263
f 10248 10260 10261
f 10245 10259 10246
f 10257 10269 10270
f 10255 10267 10268
f 10266 10278 10279
f 10263 10277 10264
f 10261 10275 10262
f 10260 10272 10273
f 10257 10271 10258
f 10255 10269 10256
f 10265 10277 10278
f 10263 10275 10276
f 10261 10273 10274
f 10258 10272 10259
f 10269 10283 10270
f 10267 10281 10268
f 10278 10292 10279
f 10277 10289 10290
f 10275 10287 10288
f 10272 10286 10273
f 10271 10283 10284
f 10269 10281 10282
f 10277 10291 10278
f 10275 10289 10276
f 10273 10287 10274
f 10272 10284 10285
f 10282 10296 10283
f 10280 10294 10281
f 10292 10304 10305
f 10289 10303 10290
f 10288 10300 10301
f 10286 10298 10299
f 10284 10296 10297
f 10282 10294 10295
f 10291 10303 10304
f 10288 10302 10289
f 10286 10300 10287
f 10284 10298 10285
f 10295 10309 10296
f 10294 10306 10307
f 10304 10318 10305
f 10302 10316 10303
f 10301 10313 10314
f 10299 10311 10312
f 10296 10310 10297
f 10295 10307 10308
f 10303 10317 10304
f 10301 10315 10302
f 10300 10312 10313
f 10297 10311 10298
f 10309 10321 10322
f 10307 10319 10320
f 10318 10330 10331
f 10316 10328 10329
f 10314 10326 10327
f 10311 10325 10312
f 10309 10323 10310
f 10308 10320 10321
f 10316 10330 10317
f 10314 10328 10315
f 10313 10325 10326
f 10311 10323 10324
f 10321 10335 10322
f 10320 10332 10333
f 10330 10344 10331
f 10329 10341 10342
f 10326 10340 10327
f 10325 10337 10338
f 10323 10335 10336
f 10320 10334 10321
f 10330 10342 10343
f 10328 10340 10341
f 10325 10339 10326
f 10323 10337 10324
f 10335 10348 10349
f 10332 10347 10333
f 10344 10357 10358
f 10342 10355 10356
f 10339 10354 10340
f 10337 10352 10338
f 10336 10349 10350
f 10333 10348 10334
f 10343 10356 10357
f 10341 10354 10355
f 10338 10353 10339
f 10337 10350 10351
f 10349 10361 10362
f 10347 10359 10360
f 10357 10371 10358
f 10356 10368 10369
f 10353 10367 10354
f 10351 10365 10352
f 10349 10363 10350
f 10347 10361 10348
f 10356 10370 10357
f 10355 10367 10368
f 10353 10365 10366
f 10351 10363 10364
f 10362 10374 10375
f 10360 10372 10373
f 10371 10383 10384
f 10368 10382 10369
f 10366 10380 10367
f 10365 10377 10378
f 10362 10376 10363
f 10360 10374 10361
f 10370 10382 10383
f 10368 10380 10381
f 10366 10378 10379
f 10363 10377 10364
f 10374 10388 10375
f 10372 10386 10373
f 10383 10397 10384
f 10382 10394 10395
f 10380 10392 10393
f 10377 10391 10378
f 10376 10388 10389
f 10374 10386 10387
f 10382 10396 10383
f 10380 10394 10381
f 10378 10392 10379
f 10377 10389 10390
f 10387 10401 10388
f 10385 10399 10386
f 10397 10409 10410
f 10394 10408 10395
f 10393 10405 10406
f 10390 10404 10391
f 10389 10401 10402
f 10387 10399 10400
f 10396 10408 10409
f 10393 10407 10394
f 10391 10405 10392
f 10390 10402 10403
f 10400 10414 10401
f 10399 10411 10412
f 10409 10423 10410
f 10407 10421 10408
f 10406 10418 10419
f 10403 10417 10404
f 10401 10415 10402
f 10400 10412 10413
f 10408 10422 10409
f 10406 10420 10407
f 10405 10417 10418
f 10403 10415 10416
f 10414 10426 10427
f 10411 10425 10412
f 10423 10435 10436
f 10420 10434 10421
f 10418 10432 10419
f 10416 10430 10417
f 10414 10428 10415
f 10412 10426 10413
f 10421 10435 10422
f 10419 10433 10420
f 10418 10430 10431
f 10416 10428 10429
f 10427 10439 10440
f 10425 10437 10438
f 10435 10449 10436
f 10433 10447 10434
f 10431 10445 10432
f 10430 10442 10443
f 10428 10440 10441
f 10425 10439 10426
f 10435 10447 10448
f 10433 10445 10446
f 10430 10444 10431
f 10428 10442 10429
f 10440 10452 10453
f 10437 10451 10438
f 10449 10461 10462
f 10447 10459 10460
f 10444 10458 10445
f 10443 10455 10456
f 10441 10453 10454
f 10438 10452 10439
f 10448 10460 10461
f 10446 10458 10459
f 10443 10457 10444
f 10441 10455 10442
f 10453 10465 10466
f 10451 10463 10464
f 10461 10475 10462
f 10460 10472 10473
f 10457 10471 10458
f 10456 10468 10469
f 10453 10467 10454
f 10451 10465 10452
f 10460 10474 10461
f 10459 10471 10472
f 10457 10469 10470
f 10454 10468 10455
f 10345 10071 10084
f 10345 10084 10097
f 10345 10097 10110
f 10345 10110 10123
f 10345 10123 10136
f 10345 10136 10149
f 10345 10149 10162
f 10345 10162 10175
f 10345 10175 10188
f 10345 10188 10201
f 10345 10201 10214
f 10345 10214 10227
f 10345 10227 10240
f 10345 10240 10253
f 10345 10253 10266
f 10345 10266 10279
f 10345 10279 10292
f 10345 10292 10305
f 10345 10305 10318
f 10345 10318 10331
f 10345 10331 10344
f 10345 10344 10358
f 10345 10358 10371
f 10345 10371 10384
f 10345 10384 10397
f 10345 10397 10410
f 10345 10410 10423
f 10345 10423 10436
f 10345 10436 10449
f 10345 10449 10462
f 10345 10462 10475
f 10466 10061 10062
f 10464 10059 10060
f 10474 10071 10475
f 10472 10069 10473
f 10470 10067 10471
f 10469 10064 10065
f 10466 10063 10467
f 10464 10061 10465
f 10345 10475 10071
f 10473 10070 10474
f 10472 10067 10068
f 10470 10065 10066
f 10467 10064 10468
f 9933 10463 10058
f 10463 10054 10058
f 10450 10049 10054
f 10437 10045 10049
f 10045 10411 10041
f 10041 10398 10037
f 10037 10385 10033
f 10385 10029 10033
f 10029 10359 10025
f 10359 10021 10025
f 10346 10017 10021
f 10332 10013 10017
f 10013 10306 10009
f 10009 10293 10005
f 10005 10280 10001
f 10280 9997 10001
f 9997 10254 9993
f 10254 9989 9993
f 10241 9985 9989
f 10228 9981 9985
f 9981 10202 9977
f 9977 10189 9973
f 9973 10176 9969
f 10176 9965 9969
f 9965 10150 9961
f 10150 9957 9961
f 10137 9953 9957
f 10124 9949 9953
f 9949 10098 9945
f 9945 10085 9941
f 9941 10072 9937
f 10072 9933 9937
f 4 3 2
f 8 7 6
f 13 16 15
f 17 28 19
f 32 31 30
f 36 35 34
f 37 40 39
f 21 22 23
f 25 26 27
f 41 44 43
f 48 47 46
f 52 51 50
f 53 56 55
f 60 59 58
f 29 30 62
f 66 65 64
f 67 5 6
f 72 71 70
f 76 75 74
f 77 80 79
f 81 84 83
f 59 87 86
f 88 91 90
f 96 95 94
f 100 99 98
f 101 104 103
f 106 105 34
f 108 116 115
f 117 119 36
f 124 127 126
f 131 130 129
f 132 102 134
f 142 141 140
f 148 106 60
f 144 143 127
f 149 152 151
f 156 155 154
f 159 150 158
f 116 108 164
f 171 170 169
f 174 126 173
f 179 182 181
f 186 189 188
f 194 197 196
f 199 142 139
f 206 209 208
f 213 212 211
f 202 215 214
f 96 93 216
f 92 238 43
f 97 184 246
f 250 249 229
f 252 254 58
f 258 257 256
f 260 91 229
f 110 111 112
f 114 264 263
f 265 268 267
f 56 53 270
f 274 273 249
f 185 183 63
f 280 279 278
f 285 284 283
f 288 219 211
f 141 142 92
f 289 290 175
f 148 116 105
f 312 311 170
f 238 262 42
f 318 163 160
f 310 309 308
f 241 239 325
f 160 230 240
f 47 48 307
f 108 109 315
f 345 85 86
f 348 351 350
f 356 359 358
f 355 354 353
f 363 31 32
f 364 252 253
f 366 125 368
f 183 372 371
f 163 162 161
f 209 226 101
f 378 377 165
f 379 295 381
f 383 382 3
f 284 285 386
f 387 127 389
f 391 259 229
f 73 281 397
f 405 408 407
f 203 218 411
f 414 121 413
f 1 356 357
f 277 276 131
f 254 344 57
f 358 384 415
f 417 416 386
f 401 400 192
f 419 389 127
f 421 181 182
f 103 301 302
f 428 367 368
f 380 390 359
f 62 204 266
f 140 141 431
f 357 358 351
f 356 1 379
f 415 392 403
f 437 428 436
f 438 441 440
f 188 451 450
f 265 455 181
f 224 185 64
f 237 212 213
f 275 131 128
f 281 282 460
f 50 462 79
f 73 74 282
f 468 467 466
f 390 355 352
f 482 485 484
f 489 488 487
f 493 496 495
f 472 471 470
f 502 501 500
f 220 221 222
f 512 419 143
f 518 517 511
f 513 239 230
f 205 30 31
f 189 370 451
f 163 318 532
f 533 224 225
f 446 448 447
f 335 541 540
f 544 512 546
f 329 519 291
f 199 534 262
f 385 386 416
f 532 190 191
f 363 117 118
f 578 581 580
f 573 572 571
f 561 563 562
f 241 260 259
f 590 593 592
f 545 546 595
f 503 154 155
f 606 625 624
f 478 481 480
f 646 649 648
f 590 591 689
f 564 565 651
f 728 246 184
f 714 724 716
f 692 574 575
f 541 335 581
f 346 68 248
f 161 231 230
f 128 129 94
f 698 705 704
f 574 577 576
f 290 289 401
f 630 631 725
f 733 736 735
f 755 466 496
f 759 480 481
f 757 763 762
f 764 496 466
f 768 767 9260
f 759 760 488
f 492 474 475
f 474 770 769
f 773 468 465
f 771 774 486
f 484 485 775
f 774 776 489
f 495 496 764
f 495 757 761
f 137 397 784
f 325 239 797
f 165 519 51
f 369 32 29
f 730 731 568
f 90 302 301
f 243 118 516
f 800 734 806
f 817 815 808
f 816 808 823
f 306 303 447
f 815 810 809
f 829 830 828
f 726 725 501
f 274 427 424
f 879 882 881
f 884 883 879
f 219 218 217
f 906 905 904
f 455 204 205
f 898 882 830
f 903 900 880
f 377 291 519
f 923 949 948
f 946 947 951
f 8963 740 739
f 900 899 886
f 225 64 65
f 182 445 442
f 809 952 947
f 954 960 962
f 927 950 965
f 885 879 880
f 925 927 966
f 343 342 341
f 965 964 971
f 968 971 970
f 972 968 969
f 963 961 981
f 336 337 338
f 992 993 827
f 810 815 996
f 1007 1001 1002
f 1012 826 827
f 1011 1009 1007
f 294 293 292
f 907 908 920
f 1017 579 1019
f 1020 1023 1022
f 1035 1024 1020
f 1061 1060 1047
f 1063 1061 1046
f 1044 1020 1021
f 1102 1094 1097
f 1116 1126 1118
f 1016 1015 1014
f 881 897 904
f 816 1116 1127
f 1094 948 949
f 514 342 167
f 146 145 81
f 1133 1135 1130
f 1102 1133 1126
f 822 1126 1116
f 1145 1143 1148
f 1076 1144 1151
f 1148 1143 1086
f 1109 1097 1114
f 1154 1153 1156
f 1153 925 967
f 8815 8941 463
f 1144 1147 1152
f 1156 967 1163
f 1164 1162 1169
f 1145 1171 1176
f 1114 1115 1154
f 1183 1155 1164
f 1184 1183 1177
f 1069 1151 1062
f 1023 1191 1194
f 1162 1163 1170
f 1195 1184 1185
f 1183 1196 1176
f 1201 1063 1152
f 1061 1063 1201
f 9277 847 843
f 1203 1202 1195
f 1202 1201 1184
f 1218 1060 1203
f 1060 1061 1202
f 1225 1218 1217
f 671 695 694
f 1219 1217 1024
f 1217 1203 1034
f 1226 1014 1015
f 1243 1242 1234
f 1231 1230 1229
f 847 1243 1233
f 843 1233 1244
f 1233 1234 1245
f 1923 9213 233
f 2100 2108 499
f 9366 9316 2135
f 61 62 323
f 210 211 217
f 1299 1310 1309
f 9315 1230 1231
f 1066 1047 1321
f 1322 1321 1228
f 1060 1218 1321
f 1325 1324 1323
f 1244 1245 1332
f 1290 1234 1242
f 1337 1330 1339
f 1330 1332 1340
f 1341 1332 1245
f 1342 1340 1332
f 1343 1342 1341
f 1344 1341 1294
f 9309 9308 1345
f 1347 1348 1342
f 9308 9306 1295
f 1349 1350 1348
f 9313 1349 1347
f 9305 1347 1343
f 906 898 829
f 905 906 1353
f 865 1356 1355
f 1355 1353 829
f 1357 1355 825
f 1356 1354 1353
f 9286 1337 1338
f 866 1358 1356
f 1358 1359 1354
f 9280 878 1337
f 838 1362 1012
f 1363 1364 1338
f 1368 1363 1339
f 1348 1368 1340
f 1371 1369 9276
f 524 525 526
f 528 529 530
f 1372 1370 1369
f 535 536 537
f 1367 1368 1348
f 1370 1354 1359
f 1369 1359 9285
f 1373 910 903
f 555 556 557
f 1374 909 910
f 1373 904 905
f 1374 1373 1375
f 1375 905 1354
f 1378 920 908
f 376 373 651
f 1388 928 973
f 586 587 588
f 1390 1389 1388
f 1391 1388 969
f 597 598 599
f 600 601 602
f 1392 1391 970
f 608 609 610
f 612 524 523
f 614 615 616
f 617 618 25
f 620 621 622
f 1397 1390 1391
f 1398 1397 1392
f 1400 987 920
f 1402 1403 1165
f 636 637 638
f 930 1404 1402
f 641 642 643
f 929 1402 1169
f 1404 1405 1403
f 1411 1366 1365
f 1412 1406 1415
f 652 653 654
f 609 656 657
f 659 660 661
f 558 663 586
f 665 666 667
f 1413 1411 1406
f 1418 1416 9262
f 1417 1372 1371
f 1416 1371 9281
f 1419 1417 1416
f 1386 909 1374
f 677 678 679
f 1385 1386 1420
f 1420 1374 1376
f 685 686 687
f 1421 1420 1422
f 528 690 691
f 1422 1376 1372
f 1018 1019 747
f 699 700 701
f 1424 578 579
f 9115 1597 1767
f 700 699 711
f 1093 9198 9206
f 717 718 530
f 721 722 723
f 704 1650 8987
f 19 1429 1426
f 1429 1428 1427
f 1658 1659 8986
f 1439 1437 1434
f 1437 1436 1435
f 1426 1427 1433
f 1442 1431 1432
f 742 743 744
f 1432 1433 1441
f 751 752 753
f 1438 1434 1403
f 1446 1445 1444
f 1447 1448 1446
f 9312 1447 1443
f 1415 1367 1445
f 1414 1415 1446
f 2173 1683 469
f 777 778 779
f 780 781 782
f 1676 1693 1806
f 9311 1451 1349
f 789 790 791
f 745 792 793
f 652 794 795
f 1455 1458 1457
f 1454 1367 1350
f 610 691 802
f 9283 9268 698
f 1352 1044 1045
f 1015 1016 1459
f 811 812 813
f 2118 9267 9269
f 819 820 821
f 1466 1463 1194
f 1467 1468 1465
f 1182 1165 1468
f 832 812 833
f 835 836 837
f 1467 1466 1190
f 1469 1470 1444
f 840 700 712
f 1453 1470 1469
f 599 844 845
f 1226 1450 9301
f 851 852 853
f 855 744 856
f 858 859 860
f 861 862 863
f 1014 1226 9307
f 867 676 868
f 870 871 872
f 874 875 876
f 1310 1323 1471
f 1476 1433 1427
f 1461 1476 1475
f 887 888 889
f 788 791 892
f 894 895 896
f 1460 1475 1227
f 901 902 524
f 1465 1478 1477
f 1865 8947 8944
f 911 912 913
f 916 917 918
f 1850 8949 8951
f 921 922 895
f 1479 1435 1436
f 926 664 667
f 1481 562 563
f 269 1483 84
f 931 932 933
f 934 935 614
f 936 685 688
f 938 659 662
f 1484 270 122
f 941 942 835
f 320 321 509
f 1849 8954 8949
f 84 1483 1484
f 1487 1490 1488
f 1757 1758 8946
f 365 1492 1491
f 461 79 80
f 117 363 362
f 1494 540 541
f 926 601 957
f 1477 1441 1433
f 1709 1588 1585
f 119 117 1496
f 271 1497 504
f 511 517 189
f 345 1496 1492
f 57 344 299
f 1501 1499 268
f 267 268 1499
f 974 975 976
f 1678 1652 1693
f 9298 1682 1807
f 557 982 663
f 983 941 984
f 1443 1444 9301
f 421 1500 268
f 989 990 991
f 1490 1487 418
f 279 280 309
f 997 868 676
f 998 26 999
f 1504 418 38
f 1506 1508 1507
f 360 361 1508
f 1506 1486 207
f 939 1005 1006
f 270 1484 1483
f 66 63 546
f 1010 742 793
f 367 428 437
f 244 31 363
f 1670 8976 8978
f 209 206 1510
f 388 389 426
f 427 274 250
f 161 520 521
f 100 246 45
f 1025 1026 608
f 1029 1030 1031
f 939 662 1033
f 41 42 594
f 1036 780 783
f 702 701 1038
f 1040 1041 1042
f 362 32 369
f 187 1520 477
f 70 1487 539
f 1049 600 603
f 613 867 869
f 860 1050 1051
f 1005 1052 1053
f 753 1055 1056
f 1057 1058 1059
f 293 288 1522
f 288 212 1521
f 292 1522 1523
f 331 1507 1508
f 306 452 453
f 100 44 41
f 462 1524 78
f 330 331 1524
f 635 1067 1068
f 1485 1527 1526
f 206 1485 1528
f 1070 1071 1072
f 942 941 1073
f 916 933 1075
f 440 1529 1530
f 157 158 1514
f 1529 162 5
f 371 595 546
f 790 586 663
f 1077 858 857
f 1403 1434 1435
f 1080 1081 1082
f 531 520 1529
f 21 1083 1084
f 272 1532 1531
f 690 712 802
f 335 9015 9011
f 1090 1030 1029
f 1092 795 794
f 1533 396 137
f 661 660 1095
f 69 444 445
f 1099 1100 1101
f 38 39 1536
f 1104 1105 1106
f 852 1107 1108
f 1377 908 909
f 291 377 411
f 316 1536 516
f 539 1488 1533
f 1505 1536 316
f 1110 1111 1112
f 1539 1537 460
f 522 441 1537
f 834 837 1120
f 1122 1123 1124
f 612 1125 1041
f 935 793 615
f 276 278 130
f 1686 8993 8966
f 193 190 1541
f 231 521 1540
f 556 1037 982
f 365 253 85
f 190 532 318
f 1810 765 9018
f 9376 1867 8956
f 1132 983 985
f 208 101 102
f 1134 1033 662
f 1491 518 80
f 429 133 1542
f 1137 1138 915
f 172 436 428
f 1139 1140 1141
f 549 96 54
f 1517 1519 1518
f 834 1119 984
f 1543 513 286
f 1544 797 239
f 133 134 1544
f 506 361 257
f 420 327 328
f 1158 1159 1160
f 587 1104 1103
f 607 1161 1027
f 304 1546 1545
f 364 1491 77
f 69 70 198
f 700 840 1112
f 9329 626 8969
f 1166 719 657
f 1167 1168 858
f 1300 8967 8968
f 1172 1173 1174
f 218 203 200
f 1179 1180 1181
f 372 183 97
f 89 104 227
f 1186 1187 1188
f 172 173 1517
f 1482 84 81
f 1090 1192 1193
f 394 395 353
f 526 525 1198
f 1199 1200 1026
f 606 623 697
f 1204 1205 1206
f 1207 1208 523
f 1209 1210 867
f 914 913 685
f 1478 1436 1441
f 1029 1028 1161
f 1211 1212 1213
f 9310 1453 1451
f 844 1215 1216
f 423 193 273
f 1220 1221 1222
f 22 1223 1224
f 882 898 897
f 1519 1517 173
f 1189 1188 1232
f 349 350 550
f 1071 1235 1236
f 1237 1238 1239
f 1221 1186 1189
f 1510 1528 1512
f 939 1032 1241
f 1556 1530 5
f 1553 1554 394
f 404 1556 67
f 1247 1248 1249
f 142 199 238
f 1251 1067 635
f 850 1252 1253
f 1254 1167 1077
f 57 132 133
f 443 430 552
f 1187 1172 1175
f 1256 1070 831
f 432 405 382
f 741 748 747
f 434 350 351
f 349 432 383
f 251 124 1481
f 395 384 352
f 1518 1519 1550
f 1558 410 378
f 109 263 314
f 285 1514 1513
f 395 394 393
f 202 203 410
f 417 408 405
f 1246 1257 1258
f 3 1559 297
f 1259 1260 1261
f 403 404 347
f 955 954 953
f 462 50 51
f 1096 1095 687
f 429 147 60
f 896 1264 1265
f 1267 721 1268
f 423 424 327
f 37 179 180
f 20 23 1187
f 1256 1168 1071
f 1188 1175 1269
f 1236 1270 1271
f 1272 536 535
f 565 564 463
f 1273 792 745
f 876 1254 1255
f 316 33 164
f 437 1516 503
f 194 1494 1495
f 1275 1276 864
f 624 625 631
f 1277 1274 1137
f 569 568 567
f 1481 124 125
f 324 325 547
f 1279 1108 1107
f 1525 332 329
f 1281 1278 1137
f 171 168 1553
f 1488 73 396
f 1557 1561 1562
f 1282 856 1206
f 1053 1277 1278
f 778 777 607
f 713 583 9010
f 251 225 144
f 4 357 348
f 709 708 707
f 728 48 45
f 261 135 1563
f 789 1286 1287
f 74 314 263
f 403 284 385
f 1178 1181 1240
f 1223 1259 1289
f 1220 20 1186
f 296 1518 354
f 784 459 1538
f 1181 1180 1291
f 1269 1292 1257
f 1566 1538 438
f 136 784 1566
f 1563 1564 169
f 107 114 109
f 1297 1282 1298
f 1464 1477 1476
f 1520 187 507
f 1301 1302 1303
f 1306 1307 1308
f 175 456 1532
f 1532 456 200
f 1311 1266 1312
f 872 1314 1315
f 9288 843 878
f 1305 1308 864
f 1040 1275 863
f 1564 1566 399
f 592 1576 1575
f 591 1575 1088
f 1581 1584 1583
f 1196 1152 1147
f 710 582 583
f 285 407 408
f 953 954 961
f 1594 1592 1589
f 1585 1588 1587
f 1592 1591 1590
f 9337 945 944
f 1600 1599 1598
f 1604 1603 1602
f 1399 1392 979
f 1589 1590 1596
f 1610 1609 1608
f 298 257 361
f 551 552 276
f 1627 1626 9266
f 859 811 818
f 1078 857 1328
f 1555 439 1530
f 572 573 680
f 772 465 776
f 977 1281 918
f 404 403 392
f 1054 1331 750
f 1644 1645 1643
f 932 1265 1082
f 1067 1333 1334
f 1540 1539 264
f 597 1335 643
f 471 761 762
f 1642 696 9283
f 1644 1642 9294
f 923 946 950
f 96 549 548
f 520 531 522
f 445 444 443
f 849 839 848
f 480 759 755
f 1646 760 481
f 311 426 1567
f 464 463 8941
f 8941 1360 1361
f 234 237 236
f 190 193 192
f 153 154 152
f 231 287 286
f 1552 1553 1551
f 760 1646 1648
f 9284 1647 1649
f 828 827 826
f 52 167 166
f 1663 1662 1661
f 287 107 115
f 668 671 670
f 634 645 640
f 553 560 559
f 118 36 33
f 492 484 491
f 8996 1652 1651
f 582 589 584
f 384 395 392
f 1381 1382 1383
f 1562 1561 435
f 952 953 951
f 8973 9010 583
f 1660 1661 1667
f 1394 1395 1396
f 1660 1665 1664
f 1671 1670 1669
f 1624 1625 1673
f 1407 1408 1409
f 1677 1676 1675
f 1613 1679 1677
f 1679 1678 1676
f 1626 1681 9263
f 534 199 198
f 803 733 734
f 400 248 191
f 65 66 143
f 8970 1657 1656
f 402 159 157
f 629 628 627
f 461 477 49
f 758 757 495
f 796 787 786
f 406 407 1513
f 342 343 166
f 1694 1659 1658
f 1692 1687 1694
f 9001 1693 1652
f 9373 1704 1703
f 326 547 302
f 9368 9373 1702
f 9371 9370 1698
f 1699 1691 9379
f 1557 406 1560
f 1127 1116 1117
f 400 401 289
f 1706 1702 1707
f 1707 1702 1599
f 1709 1706 1708
f 1714 1712 1711
f 9371 9367 1709
f 1704 1711 1577
f 1716 1714 1713
f 1559 1562 1549
f 1722 1721 1720
f 1335 597 596
f 410 411 377
f 973 1170 1163
f 168 169 399
f 1571 682 1089
f 1572 681 682
f 749 646 647
f 1730 1724 1723
f 1594 1582 1729
f 1729 1723 1591
f 1384 1378 1377
f 1732 1731 1712
f 1724 1730 1731
f 1722 1724 1732
f 1721 1722 1733
f 1734 1733 1716
f 1735 1737 1736
f 1733 1732 1714
f 1663 1664 1741
f 1742 1665 1740
f 1738 1739 1737
f 1665 1660 1666
f 1665 1742 1744
f 1725 1726 1746
f 1591 1725 1745
f 1590 1745 1747
f 1745 1746 1748
f 1659 1688 8982
f 5650 1760 8989
f 1185 1177 1182
f 1664 1744 1749
f 1741 1749 1739
f 1746 1742 1743
f 1726 1744 1742
f 1115 924 1153
f 1654 8990 9019
f 1896 9006 8993
f 1720 1749 1744
f 1721 1739 1749
f 1750 1718 1701
f 1697 1736 1750
f 1151 1152 1063
f 1751 1752 1670
f 1695 1658 1752
f 961 962 986
f 1770 1769 1768
f 1766 1594 1593
f 1731 1759 1579
f 1579 1777 1774
f 9380 1772 1771
f 1764 1772 9380
f 1777 1776 1775
f 9214 9215 1699
f 1004 1127 1128
f 1774 1775 1771
f 987 1400 1399
f 1578 1774 1772
f 1783 1782 1781
f 1597 1598 1770
f 639 1878 9347
f 9380 9381 1769
f 1793 1792 1789
f 9381 9372 1798
f 8952 8960 9225
f 1802 1867 9376
f 1788 1790 1794
f 1793 1794 1795
f 9225 9224 1675
f 1584 1581 1783
f 1771 1797 9372
f 1801 1799 1798
f 1768 1769 1798
f 1775 1796 1797
f 508 514 515
f 1796 1803 1802
f 1800 1798 9372
f 1794 1805 1804
f 8976 1670 1752
f 485 1808 1807
f 9261 9296 1640
f 9289 9296 1810
f 485 482 1640
f 1690 1691 9222
f 487 488 1648
f 9291 1813 1816
f 9290 1811 1648
f 9291 1812 1811
f 1812 1809 487
f 1641 1809 767
f 465 466 755
f 767 1815 9275
f 9274 1816 9278
f 1809 1812 1815
f 9289 1653 1651
f 675 672 8985
f 1814 1649 1822
f 1821 1822 9273
f 1824 1822 1649
f 1827 1849 1850
f 1668 1669 1662
f 1779 1780 1848
f 1790 1827 1805
f 1833 1836 1853
f 8965 8950 693
f 1614 1615 1616
f 1852 1853 8942
f 1620 1621 1622
f 1855 1765 1574
f 1847 1852 8945
f 1766 1765 1855
f 1629 1630 1631
f 1633 1622 1634
f 1635 1636 1637
f 1848 1833 1852
f 1855 1861 1863
f 1803 1866 1867
f 1862 1863 1831
f 1782 1855 1862
f 9374 9376 1865
f 1873 1872 1870
f 1874 1869 799
f 2045 9330 9349
f 1219 1345 1295
f 1615 1614 1396
f 9336 9347 1877
f 645 9350 9238
f 1345 1219 1035
f 634 639 9336
f 15 1887 1327
f 9362 9347 1878
f 1894 604 605
f 8950 8995 627
f 9004 640 645
f 340 341 454
f 1897 194 195
f 1889 1882 1877
f 1901 94 129
f 196 749 754
f 1705 1704 9373
f 340 378 166
f 1570 1480 563
f 1904 1494 194
f 1781 1862 1832
f 1905 549 55
f 1000 994 995
f 986 919 920
f 1191 1185 1190
f 2094 2077 2075
f 1920 1921 1919
f 453 454 1912
f 1915 1919 1918
f 9334 2112 2106
f 1655 9019 8975
f 1916 1918 1926
f 704 8998 9005
f 278 1916 1925
f 9009 9008 1818
f 1097 949 1115
f 1927 1928 727
f 9030 9031 9106
f 1920 310 307
f 1929 307 48
f 503 504 1497
f 1902 1903 787
f 1816 1821 9272
f 1925 1926 1923
f 1535 1569 1568
f 254 252 258
f 1509 1497 366
f 119 86 35
f 219 288 293
f 141 46 47
f 542 205 244
f 1940 552 430
f 1779 1828 1827
f 1701 1710 9367
f 1661 8994 8959
f 270 53 754
f 197 1947 749
f 1727 1728 1212
f 53 54 232
f 1465 1468 1479
f 1284 9314 9306
f 1951 446 412
f 168 398 1554
f 1486 1485 206
f 506 77 78
f 994 1001 1007
f 951 953 963
f 1013 9311 9313
f 9278 9272 1820
f 1498 1909 1954
f 299 298 543
f 1754 1755 1756
f 1681 469 1683
f 1696 1694 1695
f 13 14 738
f 473 476 475
f 482 1641 768
f 204 62 30
f 1761 1762 820
f 611 1763 1125
f 1501 1503 1908
f 1074 1073 711
f 1960 1944 82
f 120 1956 1960
f 35 86 87
f 1773 1199 1025
f 1965 1545 1569
f 494 761 471
f 1966 1967 1969
f 446 1951 1971
f 174 368 125
f 1580 1579 1578
f 1785 1786 1787
f 1972 1546 304
f 1254 876 875
f 1973 341 342
f 321 1912 1973
f 1910 277 275
f 509 1973 514
f 1486 1507 1527
f 1974 1874 804
f 1977 1976 1974
f 1980 448 1966
f 379 1 2
f 1718 1715 1710
f 884 995 992
f 1680 1684 1678
f 902 990 525
f 344 255 256
f 135 138 137
f 448 446 1967
f 589 605 604
f 910 909 908
f 1981 1966 1968
f 1982 1981 1987
f 1988 1979 1987
f 1990 1988 1989
f 1991 1989 1993
f 322 321 320
f 992 828 830
f 1144 1076 1086
f 1995 1977 1978
f 1133 1129 1118
f 1997 1995 1994
f 870 1823 1335
f 805 806 1982
f 727 184 2000
f 1996 1994 1988
f 1994 1978 1979
f 1829 616 792
f 1830 1073 941
f 798 803 800
f 729 732 731
f 2011 2012 2023
f 1834 1835 846
f 402 283 284
f 2022 2023 2024
f 1838 718 989
f 810 955 952
f 1823 1839 1840
f 1430 1426 1432
f 1215 844 1841
f 1316 1208 873
f 2112 1401 1384
f 1842 1843 1844
f 1159 846 845
f 837 27 1846
f 1971 1951 2030
f 517 369 370
f 1471 2026 2027
f 8995 8969 626
f 2174 2175 770
f 935 934 1854
f 1613 1619 1611
f 1231 1228 1225
f 1856 1857 891
f 1300 1309 748
f 1150 1149 1858
f 1643 606 696
f 1215 1265 1264
f 1320 1860 902
f 1956 1943 1944
f 2031 668 669
f 2034 1325 1310
f 1879 1880 1656
f 40 245 242
f 1992 1993 2039
f 888 958 957
f 1882 1889 1996
f 1078 1138 1255
f 1871 912 1192
f 294 411 218
f 1323 2041 2026
f 123 1960 83
f 1324 2036 2041
f 384 358 359
f 1324 1325 2038
f 1883 1884 1885
f 287 1540 114
f 1096 1886 1134
f 915 1329 931
f 806 1980 1981
f 8977 8973 584
f 1425 2030 2042
f 1018 2042 1948
f 9006 1896 740
f 1948 2042 649
f 1881 1882 1990
f 1900 129 130
f 992 995 994
f 923 927 925
f 9330 2045 2047
f 1643 2048 625
f 2050 2052 2051
f 2045 1405 1404
f 9328 2047 945
f 1139 1080 1079
f 1037 1856 892
f 2055 2053 2057
f 1198 989 718
f 1619 2058 1612
f 2058 1605 1606
f 2059 2060 1607
f 2058 1619 1624
f 71 72 179
f 405 406 1557
f 322 1548 1972
f 2061 2052 2063
f 2066 2065 2067
f 2052 2061 2064
f 1609 1610 2066
f 1515 151 152
f 1009 827 993
f 1644 9295 9267
f 279 1915 1916
f 1285 9315 9314
f 1647 2066 1825
f 2056 2057 2067
f 319 320 1953
f 667 666 1913
f 2070 631 625
f 2052 2050 2055
f 2038 1654 1655
f 1606 1601 2073
f 1235 1917 1270
f 2072 2073 2075
f 2059 1606 2072
f 2074 2075 2077
f 1601 1602 2078
f 2049 2048 1643
f 1000 1004 1001
f 1089 943 684
f 1931 1286 1306
f 1462 1459 1021
f 1932 1933 1934
f 875 874 1846
f 1936 1051 1937
f 44 45 46
f 1534 1955 1956
f 1541 318 317
f 2081 2082 2084
f 146 1945 1959
f 1360 1941 1942
f 985 984 1032
f 1995 1997 1892
f 2079 2080 2082
f 2095 2096 2076
f 2081 2093 2078
f 2055 2050 2054
f 501 2096 2095
f 2097 2100 2099
f 2098 2099 2094
f 2140 2141 9345
f 2141 2046 9346
f 2051 2070 2048
f 592 2102 2101
f 2071 2064 2076
f 2102 2097 2098
f 593 2103 2102
f 1019 1895 746
f 1950 11 12
f 725 2071 2096
f 1385 2105 2104
f 1379 2104 2106
f 2107 2108 2100
f 9360 726 502
f 9348 502 499
f 940 1389 2109
f 928 929 1170
f 9320 590 684
f 1962 1963 1964
f 9330 680 573
f 2039 1993 1968
f 1389 1390 2110
f 1398 2111 2113
f 9209 9207 9205
f 9363 9335 2107
f 949 923 924
f 260 241 324
f 1390 1397 2113
f 2070 2051 2064
f 9319 9363 2103
f 2105 1385 1421
f 2114 1421 1423
f 9344 2114 2115
f 9360 2105 2114
f 554 2116 1902
f 972 1163 967
f 1765 1593 1573
f 1984 1985 1986
f 2053 2117 2069
f 9017 9000 724
f 1625 1677 1674
f 9333 9340 2119
f 9355 2115 2123
f 56 1954 1906
f 626 9329 9331
f 2001 2002 2003
f 9364 9293 2127
f 2006 2007 2008
f 2127 1413 1412
f 2014 2015 2016
f 2018 2019 2020
f 1495 1424 1947
f 1379 1377 1386
f 9266 9263 1680
f 2029 1885 1884
f 9354 2128 2120
f 629 9331 9366
f 682 683 943
f 724 1650 2121
f 1757 1819 9273
f 765 1810 9296
f 9303 714 715
f 706 707 9322
f 981 986 987
f 1457 1868 1656
f 2017 2016 2032
f 1458 1655 1868
f 1776 1777 1792
f 1959 1945 1946
f 9115 9167 9177
f 9365 9333 2122
f 1093 1089 689
f 966 965 968
f 9304 715 9333
f 2172 9029 2170
f 670 2138 2137
f 9213 787 1903
f 1429 19 28
f 964 963 978
f 9293 9265 1413
f 1473 1474 669
f 9286 9285 1359
f 2138 798 1870
f 1872 1473 2137
f 715 716 9340
f 1881 1991 1992
f 9295 9294 739
f 1837 1847 8957
f 253 58 59
f 1808 9289 9292
f 1647 9284 9270
f 9317 9318 671
f 2112 9334 9335
f 1405 2045 2044
f 9281 9276 1364
f 273 1541 391
f 576 632 8964
f 9327 9317 668
f 1430 1431 2140
f 2136 9302 9312
f 1430 2139 18
f 9345 9346 570
f 1442 1439 2046
f 1431 1442 2141
f 9321 9365 9302
f 9260 9275 1817
f 9318 9345 695
f 2142 2025 798
f 571 2143 2142
f 9271 9266 1618
f 2143 2022 2025
f 694 2142 2138
f 681 1572 2144
f 2144 2011 2022
f 328 210 457
f 1572 2010 2011
f 630 9344 9355
f 2085 2086 2087
f 2090 2091 2092
f 572 2144 2143
f 1875 1976 2153
f 1873 1875 2149
f 2103 2107 2097
f 2157 2043 2155
f 2128 1412 1414
f 9326 9323 589
f 9324 9322 628
f 2149 2153 2158
f 2159 2158 9357
f 698 9359 9354
f 9275 9299 9279
f 2158 2156 9326
f 1438 2044 2046
f 2035 2154 2160
f 2161 2160 9341
f 9323 9343 605
f 9325 17 18
f 370 29 61
f 649 1951 413
f 2153 2157 2156
f 1428 1429 1449
f 1490 76 73
f 9342 9357 710
f 2155 1891 9343
f 1456 1457 1880
f 2125 2088 2087
f 2160 2159 9342
f 300 1959 505
f 1064 1062 1046
f 2043 1892 1891
f 2129 2130 2004
f 2131 2132 2133
f 9300 9301 1450
f 1998 1975 804
f 9331 673 9316
f 474 492 490
f 1164 1165 1182
f 707 2162 9361
f 708 1472 2162
f 2162 2161 9338
f 548 549 1905
f 1145 1136 1114
f 705 2121 1650
f 2043 2157 1977
f 737 738 554
f 1034 1195 1191
f 458 1905 1907
f 195 196 232
f 2040 2039 1969
f 2145 2146 2147
f 2054 2050 2049
f 9284 1646 1639
f 9 12 11
f 252 364 506
f 472 478 479
f 1865 9376 9243
f 900 903 910
f 1941 2150 2151
f 1921 1928 1927
f 2163 1897 1898
f 271 156 153
f 1904 1326 12
f 282 263 264
f 1872 1873 2154
f 1326 1904 1897
f 628 692 693
f 1724 1722 1719
f 1549 1562 436
f 1582 1583 1730
f 1921 1920 1929
f 9007 8955 10
f 2152 2037 1950
f 475 772 774
f 769 2172 2171
f 2171 2165 476
f 476 773 772
f 1791 565 464
f 2166 2167 2168
f 595 371 372
f 483 1809 1641
f 762 2174 2173
f 771 483 484
f 486 487 1809
f 297 1549 1517
f 763 2175 2174
f 776 755 759
f 184 185 2176
f 412 447 303
f 2005 2176 185
f 9263 1681 1682
f 2164 2170 756
f 1472 2035 2161
f 950 951 964
f 2177 2178 2179
f 227 226 1510
f 2182 2183 2184
f 2186 2019 2018
f 1985 2182 2181
f 214 736 729
f 865 849 842
f 849 865 1357
f 559 3187 3188
f 16 13 737
f 560 553 498
f 3193 3196 3195
f 3200 3197 3198
f 3211 3214 3213
f 3215 3218 3217
f 2187 2188 2002
f 3233 3236 3235
f 3223 3221 3222
f 3229 3232 3231
f 3245 3248 3247
f 2169 2168 2189
f 2192 2086 2085
f 2193 2194 2195
f 2198 2199 2200
f 1998 1982 1979
f 9116 9117 9120
f 3253 3256 3255
f 2116 1898 1903
f 1859 2006 2009
f 9356 2123 2126
f 1135 1148 1087
f 2201 2202 2015
f 1149 111 110
f 3261 3264 3263
f 3269 3272 3271
f 3265 3268 3267
f 3229 3230 3284
f 3289 3292 3291
f 3299 3302 3301
f 3307 3263 3264
f 3293 3296 3295
f 3297 3223 3224
f 3319 3321 3291
f 3322 3323 3318
f 3314 3313 3312
f 3285 3288 3287
f 3332 3333 3218
f 3329 3331 3330
f 3324 3325 3227
f 3298 3224 3326
f 2203 2204 2205
f 579 580 1895
f 1755 2207 2208
f 3337 3340 3339
f 9343 9362 1893
f 1211 2151 2150
f 868 997 2210
f 3347 3350 3349
f 944 945 930
f 2130 2129 2202
f 233 1903 1898
f 665 751 750
f 1167 1254 999
f 2211 2212 2213
f 2215 2216 2217
f 9319 593 590
f 2220 221 220
f 823 824 948
f 3375 3240 3377
f 3393 3392 3391
f 3353 3358 3357
f 3363 3366 3365
f 3402 3405 3404
f 266 204 455
f 9334 2108 2107
f 2221 2222 8963
f 2223 2224 2225
f 2207 2125 2124
f 3293 3309 3336
f 673 674 9321
f 817 1000 996
f 2227 2228 2146
f 1947 1948 646
f 9352 2135 17
f 2229 1635 1638
f 1679 1613 1618
f 1637 2231 2232
f 2233 2234 1617
f 2231 2235 2236
f 3406 3409 3408
f 1381 1638 2238
f 9038 2241 2242
f 3414 3416 3341
f 1630 2234 2233
f 1681 1626 472
f 1408 1407 2243
f 3423 3426 3425
f 3433 3351 3263
f 3434 3429 3430
f 3440 3443 3442
f 3444 3447 3446
f 3436 3451 3450
f 3442 3443 3456
f 1637 2230 2238
f 3445 3446 3437
f 3448 3443 3440
f 1409 1408 1634
f 1380 1383 2247
f 1628 2248 2245
f 3463 3466 3465
f 3308 3477 3462
f 2249 1623 1622
f 1632 1634 1408
f 2248 1628 1631
f 3478 3481 3480
f 3509 3512 3511
f 2235 2231 1637
f 3505 3508 3507
f 3457 3458 3199
f 631 2070 2071
f 515 167 52
f 782 781 2251
f 2253 2254 2255
f 397 281 459
f 1456 2039 2040
f 2040 2041 2036
f 3434 3475 3518
f 1401 2112 2111
f 2041 2040 1970
f 3367 3337 3338
f 1535 121 414
f 1586 1587 2080
f 2256 983 1132
f 3528 3531 3530
f 3519 3521 3520
f 3537 3505 3506
f 3543 3546 3545
f 1700 1699 9370
f 3486 3551 3550
f 3455 3456 3497
f 3558 3560 3559
f 3456 3568 3500
f 3572 3571 3252
f 3308 3264 3285
f 3316 3317 3574
f 3575 3478 3479
f 3576 3579 3578
f 3580 3583 3582
f 3584 3587 3586
f 3505 3537 3588
f 3589 3592 3591
f 3600 3603 3602
f 3542 3539 3595
f 3604 3605 3592
f 3611 3610 3613
f 3622 3625 3624
f 3618 3621 3620
f 3626 3629 3628
f 3644 3647 3646
f 3634 3637 3636
f 3638 3639 3641
f 9267 1896 1686
f 1263 2256 1886
f 3613 3655 3654
f 598 1841 844
f 2257 2258 2259
f 2258 2261 2262
f 2259 2262 2263
f 2260 2259 2216
f 1967 1971 1970
f 2212 1964 1963
f 922 921 2218
f 1312 1098 1101
f 1307 1306 1286
f 1548 1569 1546
f 2266 2267 2268
f 2265 2268 2270
f 2272 2265 2269
f 2273 2266 2265
f 2275 2276 2277
f 2278 2274 2277
f 2284 2285 9069
f 2287 2283 2286
f 2288 2289 2283
f 2290 2284 9091
f 2291 2292 2293
f 2295 2291 2294
f 2296 2297 2291
f 2297 2298 2292
f 2294 2293 2299
f 2279 2294 2300
f 2298 2301 2302
f 2292 2302 2303
f 2293 2303 2304
f 2304 2305 2306
f 2308 2309 2310
f 2302 2307 2310
f 2301 2311 2307
f 2312 2308 2307
f 2313 2314 2315
f 2318 2319 2320
f 9200 9223 2322
f 2324 2325 2273
f 2313 2324 2326
f 2328 2324 2313
f 2329 2325 2324
f 2331 2332 2333
f 2330 2333 2267
f 2325 2330 2266
f 2329 2331 2330
f 2333 2334 2335
f 2336 2334 2333
f 2338 2336 2332
f 2331 2339 2337
f 2329 2340 2339
f 2328 2341 2340
f 2316 2342 2341
f 2342 2316 2315
f 2344 2345 2346
f 2341 2344 2347
f 2342 2348 2344
f 2348 2349 2345
f 2350 2351 2352
f 2339 2350 2353
f 2340 2347 2350
f 2347 2346 2351
f 2337 2353 2354
f 2353 2352 2355
f 2356 2277 2276
f 2356 2357 2358
f 2356 2359 2296
f 2279 2277 2356
f 2360 2361 2270
f 2267 2335 2360
f 2362 2363 2364
f 2362 2365 2361
f 2366 2362 2358
f 2366 2367 2363
f 2357 2276 2368
f 2366 2368 2369
f 2276 2275 2370
f 2368 2370 2282
f 2372 2373 2374
f 2375 2376 2377
f 2378 2379 2380
f 2382 2378 2381
f 2384 2385 2378
f 2385 2386 2379
f 2388 2389 2390
f 2387 2390 2392
f 2393 2394 2387
f 2394 2395 2388
f 2186 2401 2402
f 2403 2404 2327
f 2272 2403 2326
f 2271 2405 2403
f 2405 2406 2404
f 2404 2407 2408
f 2409 2410 2411
f 2409 2412 2271
f 2413 2409 2269
f 2413 2414 2410
f 2417 2415 2416
f 2417 2418 2406
f 2412 2417 2405
f 2411 2415 2417
f 2406 2419 2407
f 9013 8964 632
f 2420 2398 2397
f 2420 2421 2423
f 2424 2420 2422
f 2424 2399 2398
f 2425 2391 2392
f 2421 2425 2426
f 2397 2396 2425
f 2396 2393 2391
f 2427 2314 2408
f 2430 2427 2428
f 2343 2315 2427
f 2432 2343 2430
f 2431 2430 2429
f 2435 2431 2433
f 2436 2432 2431
f 2428 2408 2407
f 2422 2437 2407
f 2438 2437 2422
f 2429 2428 2437
f 2440 2434 2433
f 2441 2439 2433
f 2442 2443 2439
f 2443 2444 2440
f 2445 2446 2444
f 2447 2445 2443
f 2383 2381 2445
f 2381 2380 2446
f 2448 2438 2423
f 2449 2448 2426
f 2441 2448 2449
f 2441 2429 2438
f 2449 2392 2390
f 2450 2390 2389
f 2447 2450 2451
f 2442 2449 2450
f 2451 2389 2453
f 2452 2453 2455
f 2382 2452 2454
f 2383 2451 2452
f 2456 2457 2373
f 2459 2460 2461
f 2463 2464 2465
f 2462 2465 2285
f 2466 2462 2284
f 2467 2463 2462
f 2461 2460 9155
f 2468 2469 2470
f 2472 2468 2471
f 2474 2461 9153
f 2475 2476 2477
f 2458 2455 2453
f 2479 2453 2389
f 2395 2480 2479
f 2480 2459 2458
f 2481 2482 2483
f 2484 113 2485
f 2471 2470 2464
f 2473 2471 2463
f 2487 2467 2466
f 2486 2466 2290
f 2490 2486 2488
f 2491 2487 2486
f 2492 2473 2467
f 2493 2492 2487
f 2494 2495 2492
f 2495 2472 2473
f 9142 2496 2474
f 9143 2497 2496
f 2498 2494 2493
f 2500 2498 2499
f 9152 9139 2498
f 9139 9143 2494
f 2306 2504 2278
f 2305 2505 2504
f 2504 2505 2507
f 2506 2507 2288
f 2274 2506 2508
f 2278 2504 2506
f 9085 9084 2489
f 9072 9085 2488
f 2507 2509 2289
f 2505 2510 2509
f 2508 2288 2287
f 2511 2287 2281
f 2370 2511 2280
f 2275 2508 2511
f 2512 2490 2489
f 2514 2512 2513
f 2517 2512 2514
f 2517 2491 2490
f 2499 2493 2491
f 2499 2517 2516
f 2510 2505 2519
f 2518 2519 2521
f 9068 2518 2520
f 9084 2510 2518
f 2522 2304 2303
f 2523 2522 2310
f 2305 2304 2522
f 2524 2522 2523
f 2519 2524 2525
f 2505 2305 2524
f 2308 2312 2527
f 2526 2527 2529
f 2531 2526 2528
f 2309 2308 2526
f 1214 2532 2151
f 2419 2406 2418
f 2533 2345 2349
f 2534 2533 2317
f 2535 2536 2533
f 2536 2346 2345
f 2537 2351 2346
f 2538 2537 2536
f 2539 2540 2537
f 2540 2352 2351
f 2312 2355 2541
f 2527 2541 2542
f 2543 2435 2434
f 2545 2543 2544
f 2319 2318 2543
f 2318 2436 2435
f 2514 2515 2548
f 2547 2548 2550
f 2552 2547 2549
f 2552 2516 2514
f 2520 2521 2554
f 2553 2554 2556
f 9042 2553 2555
f 9073 2520 2553
f 2523 2309 2531
f 2557 2531 2530
f 2525 2523 2557
f 2559 2557 2558
f 2554 2559 2560
f 2521 2525 2559
f 2561 2375 2007
f 2376 2562 2225
f 2564 2565 2566
f 2563 2566 338
f 2569 2563 2567
f 2570 2564 2563
f 2572 2573 2574
f 2571 2574 2576
f 2544 2571 2575
f 2544 2434 2572
f 2578 2570 2569
f 2579 2577 2569
f 2574 2577 2579
f 2573 2578 2577
f 2581 2582 2583
f 2584 2580 2583
f 9149 9127 2580
f 9128 2581 2580
f 2582 2516 2552
f 2583 2552 2551
f 2500 2501 2589
f 2590 2588 2589
f 9145 9147 2588
f 9147 9152 2500
f 2501 2516 2591
f 2592 2593 2594
f 2386 2385 2503
f 2596 2379 2386
f 2596 2374 2373
f 2599 2596 2597
f 2599 2380 2379
f 2600 2446 2380
f 2600 2599 2598
f 2603 2600 2601
f 2603 2444 2446
f 2604 2603 2602
f 2440 2604 2605
f 2444 2603 2604
f 2606 2582 2581
f 2606 2607 2590
f 2591 2516 2582
f 9128 2587 2456
f 9141 2456 2372
f 2478 2477 2608
f 2609 2610 2611
f 2564 2570 2613
f 2612 2613 2598
f 2457 2612 2597
f 2565 2564 2612
f 2614 2613 2570
f 2615 2614 2578
f 2602 2601 2614
f 2601 2598 2613
f 2572 2434 2605
f 2616 2605 2602
f 2573 2572 2616
f 1459 1016 1045
f 1265 1215 1079
f 1612 1608 1609
f 2067 2057 2069
f 1135 1109 1136
f 1938 1937 2618
f 95 548 458
f 2058 1607 1608
f 1454 1469 1445
f 655 2620 1048
f 722 1049 2621
f 3665 3639 3634
f 1131 985 1033
f 562 1481 366
f 1723 1719 1725
f 1786 1123 1122
f 267 300 323
f 1325 2034 1654
f 1468 1165 1435
f 658 657 529
f 8 532 247
f 382 1557 1559
f 3631 3681 3680
f 788 619 1307
f 940 930 929
f 911 2622 2623
f 2621 2620 655
f 2624 1857 2625
f 998 1846 27
f 635 638 2626
f 2627 641 644
f 2628 2627 1840
f 1200 1199 2627
f 1199 1773 641
f 1520 515 49
f 1452 1350 1349
f 2630 2631 1859
f 644 643 1335
f 3683 3700 3699
f 1197 1198 717
f 2632 717 719
f 2628 2632 1166
f 2629 1197 2632
f 1762 2633 1050
f 1823 870 873
f 2634 2635 794
f 1042 794 2635
f 93 94 1901
f 2036 2038 1458
f 1527 332 1525
f 877 876 1274
f 134 409 797
f 1328 893 931
f 607 777 1091
f 1043 2635 2637
f 2636 2637 2639
f 1275 2636 2638
f 1275 1040 1043
f 1272 2624 2626
f 2640 2626 638
f 1110 2641 2640
f 536 1272 2640
f 1472 708 1474
f 2042 2030 1951
f 3668 3632 3633
f 1058 1106 1105
f 2642 2623 2643
f 1192 2642 2644
f 912 2623 2642
f 9350 1657 8970
f 1049 1048 2620
f 616 1829 1885
f 1331 1913 666
f 990 989 1198
f 1911 1912 321
f 1298 1282 1205
f 76 1490 1504
f 1502 1500 421
f 610 609 658
f 1146 937 659
f 2646 911 914
f 1280 1239 1238
f 1453 1454 1452
f 835 942 1843
f 1271 1270 1173
f 1893 1878 1826
f 1050 2633 1937
f 2651 2652 814
f 1006 1053 1281
f 2653 1084 2654
f 1001 1004 1003
f 585 997 679
f 2624 1272 621
f 555 678 2028
f 1207 526 1197
f 1626 1627 478
f 3729 3732 3731
f 3746 3749 3748
f 3770 3752 3750
f 426 389 419
f 1030 1193 1773
f 9350 645 634
f 534 1533 138
f 1125 1092 1042
f 333 228 88
f 569 1570 561
f 3691 3694 3693
f 1489 2656 871
f 1857 2624 620
f 1673 1674 9222
f 622 861 864
f 619 788 891
f 261 544 545
f 393 1555 1556
f 2658 2659 2647
f 1075 2658 2657
f 1081 1080 2658
f 1080 1139 2659
f 2644 2643 1141
f 2660 1141 1140
f 642 2660 1336
f 1193 2644 2660
f 679 678 555
f 3762 3765 3764
f 1503 1501 1500
f 1318 1317 1101
f 2661 2659 1139
f 2661 1142 2663
f 2662 2647 2659
f 2662 2663 2622
f 2664 2622 911
f 2648 2664 2646
f 2648 2647 2662
f 3586 3658 3779
f 2083 2094 2093
f 1442 1440 1437
f 3732 3734 3733
f 519 329 330
f 1885 2029 1209
f 799 800 805
f 1946 1943 1952
f 1302 1301 1253
f 3741 3738 3757
f 3660 3663 3662
f 566 2005 224
f 1389 940 928
f 683 682 681
f 836 835 1842
f 2665 1842 1845
f 2666 2665 1303
f 24 836 2665
f 831 1072 2650
f 1845 1844 1304
f 2010 2013 2012
f 1051 1936 2667
f 1522 1521 1511
f 531 440 441
f 1250 635 2625
f 2669 2625 1857
f 783 2669 1856
f 782 1250 2669
f 720 2670 2671
f 1055 1931 1930
f 1333 1067 1251
f 619 622 1308
f 652 655 2619
f 521 522 1539
f 1838 988 537
f 2672 537 536
f 1113 2672 2641
f 1113 527 1838
f 1016 1013 1351
f 9349 573 570
f 226 227 104
f 9008 9121 9279
f 1036 1037 1884
f 2674 1301 1304
f 2673 1304 1844
f 1334 2673 2675
f 1333 2674 2673
f 2676 702 1039
f 1843 2676 2675
f 942 1074 2676
f 1074 699 702
f 752 1057 1055
f 1200 1166 656
f 1120 1846 874
f 2677 874 877
f 1241 2677 1052
f 1119 1120 2677
f 1560 1513 151
f 1208 1316 611
f 215 735 736
f 1460 1459 1462
f 3717 3720 3719
f 1208 1207 1839
f 854 856 1282
f 3682 3697 3696
f 72 445 182
f 544 1563 1565
f 217 200 456
f 3673 3647 3781
f 2047 1404 930
f 1204 2618 1937
f 913 777 686
f 3705 3708 3707
f 840 527 1113
f 1531 729 730
f 2678 778 1283
f 601 667 1914
f 1537 1538 459
f 1819 1757 8953
f 991 1860 862
f 2679 711 1073
f 3776 3775 3581
f 2680 1830 983
f 779 2680 2256
f 778 2678 2680
f 2678 2679 1830
f 180 542 245
f 1886 1132 1131
f 3766 3768 3767
f 1138 1137 1274
f 3777 3778 3585
f 1841 598 1140
f 75 313 314
f 193 423 420
f 2681 2682 1099
f 3658 3586 3587
f 170 1567 1565
f 349 416 417
f 1121 1124 2684
f 547 797 409
f 123 122 121
f 2643 2663 1142
f 1542 1544 513
f 899 900 907
f 1210 677 676
f 791 663 982
f 24 27 837
f 893 896 932
f 1860 1320 863
f 535 538 862
f 3640 3684 3683
f 1569 1548 1547
f 181 455 542
f 660 659 937
f 2013 567 568
f 3781 3647 3644
f 887 890 2631
f 1524 1508 361
f 520 161 162
f 2653 855 854
f 1238 1237 2655
f 718 1838 527
f 1492 1493 518
f 792 616 615
f 599 846 1835
f 290 457 456
f 312 171 1552
f 1248 2687 1179
f 153 149 177
f 1240 1181 1222
f 1257 1292 1235
f 1291 1084 1083
f 1052 877 1277
f 743 742 2618
f 444 140 430
f 23 1224 1172
f 2687 2654 1180
f 102 103 409
f 1283 607 610
f 373 497 650
f 1180 2654 1084
f 855 2653 2655
f 1173 1270 1917
f 2689 850 853
f 2688 853 1108
f 2686 2688 1279
f 2687 2689 2688
f 2691 1302 1252
f 2690 1252 850
f 1248 2690 2689
f 1248 1247 2691
f 2692 617 24
f 2691 2692 2666
f 1247 1258 2692
f 1258 1168 617
f 394 1554 1555
f 2693 1260 1259
f 1072 1236 1262
f 1257 1071 1168
f 398 439 1555
f 871 1784 1314
f 1178 1232 1249
f 1224 1289 1173
f 1010 2617 2618
f 1175 1174 1292
f 2654 2687 2686
f 2694 1157 1216
f 71 418 1487
f 701 1112 1111
f 1072 1261 2649
f 1085 2695 22
f 895 2694 1264
f 1601 1606 1605
f 1259 1262 1271
f 21 20 1220
f 988 991 538
f 3533 3479 3535
f 598 597 1336
f 1050 860 818
f 1298 2645 1761
f 1168 1167 618
f 3629 3671 3670
f 858 1168 1256
f 39 242 516
f 2652 1761 819
f 313 316 315
f 2026 1970 1971
f 2656 1489 596
f 814 819 818
f 2696 2651 813
f 1260 2696 2649
f 2693 2697 2696
f 2697 1296 2651
f 381 355 390
f 9270 9271 1611
f 1475 1427 1428
f 1292 1174 1917
f 1551 353 354
f 1526 1525 1523
f 1593 1589 1595
f 1232 1269 1246
f 2695 2693 1223
f 2698 1297 1296
f 2698 2697 2693
f 2685 2698 2695
f 2685 854 1297
f 562 1497 271
f 2652 2651 1296
f 1365 1366 1364
f 1958 1946 1953
f 585 588 2210
f 1561 1560 1515
f 975 2648 1146
f 347 67 68
f 1038 1111 636
f 2700 781 780
f 2699 780 1036
f 2701 2699 1883
f 851 2700 2699
f 2674 1333 2251
f 2702 2251 781
f 1253 2702 2700
f 1301 2674 2702
f 1519 387 388
f 1273 1239 1280
f 2703 1280 1107
f 2701 2703 852
f 1829 1273 2703
f 91 260 326
f 1784 871 2656
f 2683 2684 2705
f 604 1894 8943
f 1669 8978 8992
f 2062 2063 2060
f 621 535 861
f 2023 731 732
f 686 779 1263
f 857 1051 2668
f 883 830 882
f 3648 3651 3650
f 637 636 1111
f 2668 894 893
f 3692 3712 3711
f 2667 921 894
f 1039 1038 1068
f 313 75 1504
f 1911 1972 305
f 1936 2706 1964
f 2707 2402 2401
f 2708 2707 2183
f 738 2163 2116
f 3785 3787 3709
f 2349 2348 2432
f 2711 2712 2020
f 2400 2711 2019
f 2714 2715 2716
f 2717 2718 2719
f 2721 2722 2723
f 2726 2727 2728
f 2725 2728 2730
f 2731 2725 2729
f 2732 2726 2725
f 2734 2735 2736
f 2738 2739 2740
f 2737 2740 2741
f 2744 2745 2746
f 2745 2744 2748
f 2749 2750 2747
f 2753 2749 2751
f 2250 1380 2246
f 3417 3420 3419
f 2754 1396 1614
f 9050 2754 2755
f 9060 2745 2747
f 1617 2756 2755
f 2242 2758 1620
f 3429 3432 3431
f 2191 2085 2760
f 2761 2759 2760
f 9100 2759 2761
f 9075 2191 2759
f 3209 3460 3354
f 1395 1394 2236
f 1395 2235 1636
f 3741 3791 3790
f 1616 1635 2229
f 3410 3413 3412
f 1617 2234 2763
f 2756 2763 9080
f 2765 2763 2234
f 2766 2764 9080
f 3202 3199 3458
f 1516 437 435
f 2768 2769 8996
f 1495 541 578
f 2135 2136 28
f 8970 8984 2773
f 1690 1689 9378
f 2778 2779 2780
f 2777 2780 2781
f 2784 2778 2777
f 8999 8965 575
f 1494 1904 9
f 8973 2016 2015
f 451 61 505
f 2786 2787 2788
f 2779 2786 2785
f 2789 2752 2741
f 2790 2753 2752
f 2792 2793 2794
f 2793 2795 2796
f 2796 2797 2750
f 2794 2796 2749
f 2798 1393 1396
f 9043 2798 2754
f 2798 2799 2800
f 9043 9114 2799
f 2797 2796 2795
f 2791 2794 2753
f 216 233 232
f 9256 2806 2807
f 9257 2809 2804
f 2769 2810 9001
f 183 185 184
f 2811 2812 2775
f 2804 2811 2776
f 2809 2813 2811
f 2812 2811 2813
f 9257 2808 2816
f 9248 2818 2815
f 9250 9252 2820
f 9245 2823 2819
f 2824 2736 2735
f 2823 2825 2824
f 2825 2823 2826
f 9245 2822 2827
f 9248 2817 2826
f 2713 2716 2829
f 2828 2829 2831
f 2822 2821 2828
f 2821 2820 2713
f 2832 2827 2822
f 2833 2832 2830
f 2834 2835 2832
f 2835 2818 2827
f 2837 2838 2839
f 2836 2839 2841
f 2842 2836 2840
f 2843 2837 2836
f 2840 2841 2845
f 2718 2844 2845
f 2730 2728 2844
f 2727 2840 2844
f 2846 2845 2841
f 2829 2846 2847
f 2847 2841 2839
f 2848 2839 2838
f 2833 2848 2849
f 2831 2847 2848
f 2850 2814 2851
f 2853 2850 2852
f 2783 2777 2782
f 2785 2788 2853
f 2780 2785 2856
f 2857 2858 2855
f 2859 2857 2782
f 2861 2843 2842
f 2860 2842 2727
f 2862 2860 2726
f 2863 2861 2860
f 2861 2863 2858
f 2843 2861 2857
f 2856 2853 2854
f 2781 2856 2864
f 2837 2843 2859
f 2838 2837 2864
f 2852 2851 2834
f 2854 2852 2849
f 2865 2815 2818
f 2851 2865 2835
f 2813 2809 2815
f 2814 2813 2865
f 2866 2812 2814
f 2788 2866 2850
f 2866 2788 2787
f 2812 2866 2867
f 1892 1889 1890
f 2720 2719 2846
f 298 299 256
f 2872 2714 2713
f 9246 9252 2735
f 2729 2730 2874
f 2846 2716 2715
f 2876 2877 2878
f 2733 2875 2878
f 9258 9259 2879
f 9258 2880 2872
f 2882 2883 2884
f 2881 2884 2715
f 2880 2881 2714
f 2879 2882 2881
f 2885 2886 2887
f 2888 2889 2890
f 2885 2890 2892
f 2893 2886 2885
f 1942 2151 2532
f 2895 2892 2720
f 2884 2895 2870
f 2883 2896 2895
f 2896 2891 2892
f 2889 2874 2717
f 2890 2717 2720
f 2897 2893 2891
f 2898 2897 2896
f 2899 2898 2883
f 2900 2899 2882
f 9249 2900 2879
f 2876 2902 2901
f 2901 2902 2904
f 1785 2656 1835
f 2905 2906 2899
f 2907 2908 2897
f 9249 2901 2903
f 632 576 577
f 8976 8991 2867
f 434 385 550
f 2768 2770 9092
f 2910 2911 1623
f 2241 2912 2758
f 9092 2770 2913
f 1623 2911 2757
f 9039 2242 2757
f 2229 1381 1380
f 2765 1630 1629
f 2915 2914 1629
f 9094 9093 2914
f 9093 9074 2765
f 2919 2916 9094
f 2918 2915 2912
f 9066 2918 2241
f 9070 2919 9065
f 8985 2177 2180
f 8965 2002 2188
f 3694 3626 3627
f 9157 9017 714
f 2925 2766 2917
f 2924 2917 2916
f 9062 2924 2919
f 9063 2925 2924
f 2926 2927 2766
f 9110 2926 2925
f 1715 1713 1705
f 785 497 498
f 1387 651 565
f 374 375 1899
f 9017 2203 2206
f 2929 2930 2886
f 2932 2933 2934
f 1905 1906 1908
f 2930 2935 2936
f 2938 2935 2930
f 1493 369 517
f 1603 1585 1586
f 2939 2938 2929
f 2940 2939 2908
f 9117 1707 1600
f 2886 2930 2937
f 2906 2907 2898
f 2908 2929 2893
f 2942 2934 2933
f 2941 2933 2937
f 8945 2941 2936
f 8942 2942 2941
f 2943 2944 2710
f 2943 2873 2874
f 2945 2943 2889
f 2946 2944 2943
f 2932 2945 2888
f 2931 2946 2945
f 727 1928 1929
f 2903 2904 2947
f 545 594 42
f 1480 1570 533
f 2907 2906 2949
f 2906 2905 2950
f 1558 452 215
f 9251 2903 2948
f 2054 1645 1644
f 9157 9136 2203
f 1828 1837 1849
f 2953 2954 2955
f 2952 2955 2957
f 2956 2261 2258
f 2953 2952 2258
f 2454 2455 2474
f 9199 2958 2959
f 9199 2132 2131
f 2961 2962 2963
f 2958 2963 2964
f 222 221 2485
f 2477 2226 2966
f 2631 2561 2006
f 2384 2454 2496
f 2967 2968 2959
f 2968 2967 2970
f 9211 2033 2971
f 9236 2971 2960
f 2972 2971 2033
f 2007 2377 2973
f 9004 9003 2134
f 1836 1833 1832
f 8950 2188 2090
f 955 810 959
f 672 675 674
f 633 710 713
f 2024 732 733
f 2025 2024 803
f 425 1552 1550
f 2975 2976 888
f 1319 1158 1157
f 1212 1935 2977
f 889 957 2228
f 1978 1974 1975
f 1138 1078 1329
f 751 665 2979
f 1619 1613 1625
f 2252 2255 1728
f 1157 1160 845
f 2706 1936 1938
f 2980 2255 2254
f 2982 2975 887
f 802 712 711
f 678 677 2029
f 527 840 690
f 1839 1207 2629
f 2983 2984 602
f 2983 1914 1913
f 2985 2983 1331
f 2986 2984 2983
f 2987 2637 2635
f 2985 2988 2639
f 2990 1319 1318
f 2991 2992 2993
f 2995 2991 2994
f 1106 1058 2991
f 1058 1057 2992
f 1415 1406 1365
f 1317 922 2217
f 1932 1728 2255
f 926 2998 2999
f 3001 2993 2992
f 3000 2992 1057
f 2999 3000 2978
f 2998 3001 3000
f 3002 2998 2209
f 3002 3003 2996
f 2993 3001 3002
f 1103 1106 2995
f 3004 2995 2996
f 2209 2210 3004
f 588 1103 3004
f 295 296 433
f 2638 2639 2988
f 3005 2988 1056
f 1305 3005 1930
f 1276 2638 3005
f 1987 1968 1993
f 2633 1762 1761
f 1423 1422 1417
f 9005 8961 739
f 2671 2670 2704
f 1473 1872 2035
f 922 1317 2694
f 1401 1400 1378
f 556 2028 1884
f 842 848 9277
f 1854 2706 2617
f 933 1082 1081
f 1440 1441 1436
f 529 657 719
f 1031 1025 1027
f 777 913 912
f 2645 1205 1204
f 441 438 1538
f 3771 3774 3773
f 790 1287 587
f 2065 2066 1610
f 1860 991 990
f 60 106 87
f 1424 1017 1948
f 332 1527 1507
f 261 262 138
f 187 188 449
f 1719 1720 1726
f 1931 1055 1059
f 3006 1059 1105
f 1287 3006 1104
f 1286 1931 3006
f 3007 3008 3009
f 3009 3008 653
f 618 999 26
f 2029 677 1210
f 957 601 600
f 1049 2146 2228
f 2631 890 3011
f 890 889 2227
f 3011 2227 2145
f 2561 3011 3012
f 1026 656 609
f 2706 1854 1961
f 3013 2965 2485
f 2148 2147 1267
f 3015 1267 1266
f 2997 2264 1101
f 642 641 1773
f 186 477 461
f 1041 1040 1320
f 1121 3016 3017
f 2984 2986 2987
f 3018 2987 2634
f 1048 603 3018
f 603 602 2984
f 2679 2678 801
f 2062 2072 2074
f 2061 2074 2076
f 414 303 1545
f 3016 1121 2683
f 3019 2683 2704
f 3020 3019 2670
f 3007 3016 3019
f 1871 1090 1091
f 3021 1787 1122
f 3022 3021 3017
f 1314 3021 3022
f 1784 1787 3021
f 1316 1315 1763
f 3023 3022 3010
f 3023 3009 795
f 1763 3023 1092
f 1315 3022 3023
f 3016 3007 3010
f 752 751 2978
f 2986 2639 2637
f 3024 654 653
f 3020 3024 3008
f 720 723 3024
f 723 2621 654
f 2681 1098 1268
f 2671 3025 1268
f 2705 2681 3025
f 1313 3026 3027
f 3026 3028 3029
f 3027 3029 3030
f 1311 3027 3031
f 2012 568 731
f 917 2657 974
f 3742 3745 3744
f 743 1206 856
f 1888 2027 2030
f 2682 2705 2684
f 3032 2684 1124
f 1100 3032 2989
f 1099 2682 3032
f 1123 2990 2989
f 3033 1834 1159
f 2990 3033 1158
f 1123 1786 3033
f 1786 1785 1834
f 1054 1056 2988
f 2979 665 664
f 2623 2622 2663
f 1095 660 688
f 3034 3035 2261
f 3036 3034 2956
f 3037 3038 3034
f 3038 3039 3035
f 3040 3041 3026
f 2263 3042 3041
f 3042 3039 3043
f 3041 3043 3028
f 3044 3045 3043
f 3046 3047 3045
f 3047 3048 3049
f 3043 3045 3049
f 3038 3037 3051
f 3050 3051 3053
f 3052 3046 3044
f 3039 3038 3050
f 3054 3035 3039
f 3042 2263 2262
f 2261 3035 3054
f 2216 2263 2997
f 2212 2211 2667
f 3056 868 2209
f 934 3057 1961
f 2013 9207 9209
f 3058 3059 3060
f 3059 3062 3063
f 3060 3063 2213
f 3061 3060 1963
f 3063 3064 2214
f 3062 3065 3064
f 3065 2257 2260
f 3064 2260 2215
f 3066 3067 3031
f 2608 2966 3067
f 2966 2562 3068
f 3031 3067 3068
f 2455 2458 2461
f 2476 2223 2226
f 8995 2090 2089
f 8970 2774 9221
f 433 354 355
f 2115 1423 1419
f 8953 2868 2922
f 9221 9189 2131
f 3069 2611 2167
f 2971 2972 2928
f 2961 2774 2773
f 3070 2475 2478
f 2610 2609 3071
f 2502 2371 2374
f 3072 2592 2595
f 2964 3046 3052
f 3048 2593 3074
f 2593 2592 3075
f 3075 3030 3029
f 3074 3029 3028
f 3072 3076 3075
f 3076 3072 2482
f 2481 2608 3066
f 3076 3066 3030
f 2967 3052 3053
f 2482 3072 3073
f 479 480 493
f 706 9352 9325
f 9005 2194 2221
f 2013 2010 9206
f 8977 2032 2016
f 9006 8963 2222
f 1171 1154 1155
f 3782 3644 3689
f 2586 2566 2565
f 2982 110 113
f 2562 2376 3077
f 2376 2375 3012
f 3012 2145 2148
f 3077 2148 3015
f 2963 3047 3046
f 3051 3078 2970
f 1683 2173 491
f 9302 2122 1447
f 1986 2181 9186
f 3079 3080 2546
f 3081 3079 2575
f 1983 1986 9220
f 3082 2323 2319
f 3080 3082 2545
f 9186 9184 3082
f 9184 9200 2323
f 1309 1471 1888
f 3073 2595 2772
f 2760 3083 3084
f 2760 2085 2088
f 3085 3084 3086
f 3089 3085 3090
f 3089 2762 3084
f 3092 3088 3090
f 3093 2748 2744
f 2751 2747 2748
f 3093 2741 2752
f 2742 2741 3093
f 3094 3093 2743
f 3096 3097 3098
f 3099 3096 3087
f 3097 3094 3095
f 3100 2743 2746
f 3101 2927 3102
f 2764 2766 2927
f 2745 2764 3101
f 3102 3092 3091
f 3100 3091 3095
f 2869 2802 9044
f 3102 3103 3104
f 9110 2868 2869
f 2927 2926 3103
f 3098 3095 3091
f 3087 3098 3090
f 2088 2125 3105
f 3083 3105 3086
f 2483 3073 2771
f 2401 2186 2185
f 3099 3086 3105
f 2125 2207 3106
f 3108 2737 2742
f 3107 2742 3094
f 3110 3108 3107
f 3109 3107 3097
f 3111 3109 3096
f 3112 3110 3109
f 3113 2738 2737
f 3115 2723 2722
f 3117 3115 3114
f 3119 3117 3116
f 3118 3116 3120
f 3116 3114 3113
f 3122 3112 3111
f 3122 3123 1755
f 3124 3125 3126
f 3125 3118 3121
f 3128 3119 3118
f 3129 3128 3125
f 2020 2712 3128
f 9305 9309 1346
f 1065 1046 1047
f 1814 9290 9282
f 2021 2020 3129
f 3111 3099 3106
f 3123 3106 2207
f 2377 2225 2224
f 3014 2485 113
f 1756 2208 9234
f 3131 3132 2530
f 3133 3131 2528
f 1753 1756 9219
f 3134 3124 3127
f 2327 2408 2314
f 2436 2318 2317
f 2018 2021 9163
f 2534 3136 3137
f 2320 2322 3136
f 2185 2018 9164
f 3138 3139 2542
f 3134 3135 9196
f 9237 3130 3134
f 3140 3138 2539
f 2535 3137 3140
f 9163 2021 3130
f 2558 2530 3132
f 9234 9212 3141
f 2560 2558 3141
f 9212 9229 3142
f 958 888 2976
f 1933 1932 2980
f 3714 3704 3729
f 2399 2424 2418
f 2348 2342 2343
f 2322 2320 2319
f 2718 2717 2874
f 2709 2729 2873
f 2894 2871 1361
f 3788 3789 3720
f 346 289 176
f 1876 1877 1882
f 2802 2803 9059
f 3104 3144 3088
f 2974 2222 9101
f 3089 3145 2761
f 3088 3144 3145
f 2803 2974 9055
f 9322 9361 692
f 2123 1419 1418
f 1365 1363 1368
f 3346 3345 3344
f 1581 1766 1782
f 9013 2202 2129
f 8999 2003 2002
f 3146 2585 2551
f 9203 3146 3147
f 9194 3149 3146
f 3149 2584 2585
f 3196 3198 3197
f 9056 2192 2191
f 3142 3150 2556
f 9229 9230 3150
f 9098 3152 2550
f 3150 3151 2555
f 9230 9232 3151
f 9240 9233 3152
f 3153 3147 2551
f 3152 3153 2549
f 9233 9228 3153
f 9228 9202 3147
f 3148 2767 2206
f 2183 2401 2321
f 2132 2960 2928
f 3299 3300 3321
f 9136 9137 2204
f 9171 2198 2197
f 2594 2962 2773
f 2595 2594 2951
f 1870 798 799
f 3257 3260 3259
f 9165 2179 2178
f 9158 2178 9188
f 336 3154 9226
f 339 3155 3154
f 9241 9135 3149
f 9135 9149 2584
f 2963 2962 3048
f 9174 9182 337
f 339 338 2566
f 3156 3157 2168
f 2610 3156 2167
f 2954 2953 3156
f 3157 3156 2953
f 9159 2166 2169
f 2567 3158 3159
f 337 3158 2567
f 9182 3069 2166
f 9216 2190 1983
f 2579 3160 3081
f 2568 3159 3160
f 9161 2169 2190
f 3065 3062 3162
f 3161 3162 1984
f 3157 3161 2189
f 2257 3065 3161
f 734 735 1922
f 3059 3058 2708
f 3163 2708 2182
f 3162 3163 1985
f 3062 3059 3163
f 3203 3206 3205
f 3806 3809 3808
f 2122 2119 1448
f 9269 1686 1685
f 139 140 444
f 1570 569 566
f 2957 3164 3165
f 2955 3166 3164
f 1912 454 341
f 3130 3129 3124
f 1548 322 319
f 1949 1950 1327
f 2969 2970 3078
f 3167 3078 3169
f 9176 2014 2017
f 9172 2017 2033
f 3168 3169 3165
f 3170 3165 3164
f 9231 3170 3171
f 9176 3168 3170
f 3171 3164 3166
f 3172 3166 3071
f 9204 3172 3173
f 9208 3171 3172
f 3169 3037 3036
f 2593 3048 2962
f 3173 3071 2609
f 3174 2609 2199
f 9235 3174 2198
f 9201 3173 3174
f 2190 2189 1984
f 2196 2195 2767
f 3326 3329 3328
f 2119 2120 1414
f 1464 1463 1466
f 2199 2611 3069
f 2457 2456 2587
f 2226 2225 2562
f 481 478 1627
f 333 1512 235
f 3078 3051 3037
f 3040 2264 2997
f 3351 3352 3262
f 2219 1934 1933
f 2385 2384 2497
f 221 2220 3175
f 2220 1933 3143
f 3175 3143 2976
f 2484 3175 2975
f 2954 3071 3166
f 2630 1858 110
f 1547 319 1952
f 2091 2090 2188
f 9185 9188 2178
f 1918 1919 1927
f 9007 112 111
f 3398 3401 3400
f 955 956 960
f 2037 3014 112
f 3143 2980 2981
f 2218 2211 2214
f 672 9329 9239
f 2152 3013 3014
f 1147 1144 1143
f 2248 2246 1409
f 1615 1636 1635
f 1410 1409 2246
f 3486 3488 3487
f 3468 3469 3502
f 3451 3453 3452
f 1382 3176 3177
f 3177 1410 2247
f 2247 1383 3177
f 3176 2238 2230
f 1410 3177 3179
f 3179 3180 2243
f 1633 3181 2800
f 3816 3818 3817
f 1621 1620 2758
f 3642 3801 3662
f 3422 3421 3260
f 1622 1621 2245
f 2236 1394 3181
f 3793 3796 3795
f 3493 3496 3495
f 2237 2236 3182
f 3513 3516 3515
f 2250 1631 2233
f 3654 3666 3667
f 2912 1629 1628
f 3819 3822 3821
f 3432 3824 3823
f 135 136 1564
f 1567 419 512
f 1085 1084 2653
f 3184 869 868
f 869 3184 3057
f 3389 3388 3387
f 1266 1268 1098
f 1267 2147 722
f 937 1146 2646
f 2146 1049 722
f 2211 2218 921
f 1957 510 507
f 1313 1312 2264
f 1496 362 1493
f 2887 2937 2933
f 1687 1688 1659
f 145 1499 1498
f 3831 3829 3830
f 37 38 418
f 1935 1934 3185
f 104 89 301
f 2101 2098 2083
f 543 298 360
f 1934 2219 3186
f 234 1521 212
f 9297 9273 1822
f 3825 3828 3827
f 1976 1875 1874
f 223 3186 2219
f 9107 9108 9057
f 2165 2164 467
f 467 468 2165
f 773 476 2165
f 3673 3658 3659
f 1935 1212 1728
f 3490 3491 3840
f 3362 3359 3848
f 3862 3865 3864
f 3465 3466 3484
f 3893 3894 3525
f 3352 3351 3430
f 3869 3872 3871
f 3529 3530 3567
f 3420 3417 3922
f 3304 3235 3236
f 3929 3932 3931
f 3324 3326 3327
f 3219 3937 3939
f 3220 3938 3937
f 3450 3375 3376
f 3942 3832 3833
f 3215 3216 3454
f 3946 3332 3215
f 3422 3949 3948
f 3950 3457 3198
f 3205 3206 3957
f 3261 3962 3961
f 3852 3853 3964
f 3214 3211 3946
f 3965 3213 3214
f 3797 3800 3799
f 3988 3991 3990
f 3777 3779 3806
f 3855 3858 3447
f 3737 3799 3800
f 3949 3953 3952
f 3651 3782 3783
f 4001 3784 3787
f 4019 4022 4021
f 4027 4030 4029
f 3258 3259 4030
f 4033 4036 4035
f 3424 3425 4047
f 3242 3243 4058
f 3970 3489 3547
f 3829 3242 4057
f 3333 3332 3947
f 4063 4068 4065
f 4073 4076 4075
f 3568 3456 3443
f 3981 3334 3335
f 3540 3915 3862
f 4078 4079 4031
f 3565 3566 4088
f 3442 3455 4089
f 4092 4095 4094
f 4093 4094 4097
f 3619 3620 3623
f 3660 4098 3821
f 3809 3648 3649
f 3610 3652 3655
f 3656 3622 3623
f 3621 3803 3804
f 3503 3480 3481
f 3436 3439 3438
f 3356 3428 3427
f 3628 3670 3669
f 3734 3811 4002
f 3276 3273 3370
f 3763 4106 4107
f 4006 4007 3754
f 3747 3751 3752
f 3863 3864 4110
f 3994 3891 4003
f 3653 3801 3664
f 3296 4116 4115
f 4117 4120 4119
f 3249 3252 3251
f 4127 4130 4129
f 3478 3575 3903
f 3410 4136 3921
f 3977 4061 4038
f 3216 3452 3453
f 3967 3547 3548
f 4140 4078 4032
f 3509 4086 4149
f 4151 4152 3659
f 4153 4152 3656
f 4153 4154 3646
f 4156 3688 3645
f 4139 4077 4078
f 3743 3744 4163
f 3861 3918 3987
f 3468 4066 4067
f 3306 3981 3980
f 4172 4173 4010
f 4169 4170 3836
f 4187 4190 4189
f 4213 4216 4215
f 4220 4223 4222
f 4225 4226 4211
f 4230 4233 4232
f 4240 4243 4242
f 3606 3609 3608
f 4250 4253 4252
f 4258 4261 4260
f 4077 4080 4079
f 4276 4279 4278
f 4308 4262 4263
f 4017 4018 3872
f 3196 3193 3951
f 4316 4317 4270
f 3870 4306 4307
f 4324 4327 4326
f 4333 4334 4247
f 4338 4341 4340
f 4348 4351 4350
f 4283 4284 4289
f 4356 4359 4358
f 4359 4019 4020
f 4362 4363 4196
f 4320 4364 4279
f 4370 4372 4296
f 4377 4253 4303
f 4231 4232 4201
f 4203 4212 4331
f 4037 4040 4039
f 4371 4265 4386
f 4387 4346 4347
f 3309 3293 3294
f 4099 3723 3724
f 4355 3422 3257
f 3630 3680 3693
f 4277 4278 4302
f 4350 4318 4319
f 4353 4354 4351
f 3637 3634 3639
f 4394 4395 3827
f 3311 3312 4399
f 3755 3708 4005
f 4363 4362 4259
f 3454 3453 3919
f 3446 3447 3459
f 4298 4299 4404
f 3749 3746 3769
f 3791 3741 3756
f 3643 3685 3684
f 3845 3846 3399
f 4313 3257 3258
f 4411 4413 4408
f 3843 4424 4423
f 4214 4215 4329
f 4431 4434 4433
f 3918 3861 3798
f 3927 3928 3388
f 4453 3893 3874
f 4138 4458 4457
f 3346 4460 4459
f 4100 4109 4108
f 3974 3977 3976
f 3665 3655 3652
f 3773 3565 3993
f 3945 3454 3920
f 4144 4463 4462
f 4464 4467 4466
f 3268 4142 4479
f 4484 3921 4136
f 3348 3914 4487
f 3313 3314 3912
f 3803 3621 3617
f 4086 3509 3510
f 4034 3304 3305
f 3403 3404 4171
f 4481 4482 4492
f 4177 4180 4179
f 4398 4170 3923
f 4451 4493 4494
f 4501 4075 4076
f 4509 4510 4506
f 3304 4034 4462
f 4485 4399 3312
f 3419 4488 3349
f 4356 4345 4385
f 4026 4354 4358
f 4354 4353 4357
f 3599 3596 4091
f 4341 4338 4254
f 4251 4252 4524
f 3482 3485 3484
f 3843 3543 3544
f 4295 4341 4274
f 4381 4530 4206
f 4204 4205 4531
f 4533 4536 4535
f 4542 4545 4544
f 4546 4549 4548
f 4573 4574 4547
f 4575 4578 4577
f 4221 4581 4580
f 4587 4590 4589
f 4328 4592 4589
f 4187 4565 4563
f 4595 4583 4593
f 4597 4605 4604
f 4609 4608 4611
f 4620 4623 4622
f 4612 4615 4614
f 4636 4638 4600
f 4649 4651 4650
f 4652 4655 4654
f 4662 4665 4664
f 4666 4669 4668
f 4637 4639 4685
f 4627 4701 4700
f 4684 4686 4636
f 4663 4689 4661
f 4699 4698 4697
f 4647 4648 4703
f 4709 4711 4603
f 4724 4633 4726
f 4742 4745 4744
f 3311 3923 3924
f 4698 4759 4758
f 4749 4765 4609
f 4342 4345 4344
f 4797 4800 4799
f 4490 4048 3974
f 4019 4359 4306
f 4512 3955 4514
f 3991 3988 4508
f 4692 4695 4694
f 4680 4681 4818
f 4821 4822 4824
f 4367 4239 4243
f 4833 4832 4831
f 4837 4744 4757
f 4332 4563 4562
f 4683 4835 4819
f 4845 4843 4850
f 4751 4753 4752
f 4854 4855 4695
f 4858 4719 4718
f 4822 4559 4859
f 4674 4646 4647
f 4771 4774 4773
f 4726 4727 4537
f 4714 4718 4719
f 4633 4634 4688
f 4616 4619 4618
f 4686 4684 4842
f 4869 4707 4708
f 3502 3868 3528
f 4777 4660 4737
f 4734 4732 4779
f 4883 4755 4663
f 4375 4294 4274
f 4290 4343 4335
f 4816 4815 4812
f 4778 4779 4732
f 4158 3710 4160
f 4195 4198 4197
f 3860 3861 4166
f 3758 3759 3763
f 3694 3691 4157
f 4249 4248 4391
f 3467 3470 3469
f 4209 4212 4211
f 4142 3268 4144
f 3615 3614 3617
f 3479 3480 3536
f 4883 4753 4672
f 4802 4801 4642
f 3698 3637 3638
f 4105 3725 3726
f 4848 4645 4896
f 4878 4877 4744
f 4610 4874 4748
f 4036 3403 4489
f 4355 4313 4314
f 4171 4141 4049
f 3875 3452 3216
f 4868 4865 4863
f 4623 4900 4691
f 3629 3626 4155
f 4654 4887 4898
f 4012 4015 4014
f 4902 4903 4866
f 4768 4769 4908
f 4370 4386 4385
f 4888 4860 4914
f 3546 3543 3917
f 4932 4926 4931
f 3625 3622 4151
f 3804 3669 3670
f 3816 4104 4103
f 4911 4898 4887
f 4928 4930 4927
f 4925 4929 4927
f 3655 3665 3666
f 4932 4919 4910
f 4937 4923 4912
f 4939 4938 4942
f 4228 4529 4530
f 4946 4945 4942
f 4938 4922 4923
f 4942 4938 4937
f 4951 4950 4930
f 4955 4951 4928
f 4748 4750 4615
f 4914 4860 4847
f 4824 4859 4584
f 4940 4939 4941
f 4916 4961 4960
f 4909 4907 4891
f 4971 4967 4968
f 4966 4970 4948
f 4962 4952 4953
f 4940 4935 4924
f 4831 4916 4917
f 4935 4936 4925
f 4275 4255 4261
f 4679 4758 4791
f 4016 4309 4373
f 4668 4764 4766
f 4539 4537 4727
f 4929 4925 4936
f 4775 4776 4801
f 4801 4776 4742
f 4732 4734 4611
f 4985 4984 4983
f 4534 4586 4562
f 4847 4644 4645
f 4788 4787 4619
f 4787 4788 4678
f 4657 4606 4605
f 4994 4996 4878
f 5006 5009 5008
f 5001 5003 4973
f 4814 4618 4619
f 5014 4989 4974
f 5003 5002 4972
f 5019 5006 5007
f 5024 5016 5017
f 5036 5037 5035
f 4990 5019 4975
f 5045 5033 5034
f 5048 5049 5034
f 5025 5017 5014
f 5046 5038 5043
f 5051 5052 5055
f 5044 5050 5060
f 5011 4981 5021
f 5013 5069 5068
f 5028 5073 5072
f 5077 5074 5064
f 5065 5080 5079
f 5083 5079 5080
f 5063 5067 5080
f 5054 5055 5071
f 4602 4603 4711
f 5058 5082 5083
f 4982 4983 4792
f 5041 5033 5045
f 3909 3911 3278
f 3471 3474 3473
f 5002 5003 4994
f 5060 5080 5067
f 4892 4861 4862
f 4891 4813 4884
f 4996 4994 5003
f 4997 5015 5005
f 4813 4617 4614
f 4618 4814 4827
f 5089 5090 5093
f 3303 3306 3305
f 5100 5103 5102
f 5107 5110 5109
f 5110 5115 5092
f 4610 4611 4734
f 5112 5103 5100
f 5088 5091 5090
f 5119 5118 5117
f 5092 5115 5096
f 3826 3830 3829
f 5108 5109 5102
f 5100 5130 5087
f 5118 5131 5133
f 3783 3689 3690
f 4444 4447 4446
f 5151 5153 5150
f 4790 4616 4617
f 4332 4182 4190
f 3266 3267 4451
f 3211 3947 3332
f 4741 4796 4760
f 4775 4778 4777
f 4764 4665 4691
f 4489 4171 4048
f 4466 4477 4511
f 4518 3936 3930
f 4786 4787 4791
f 4980 5005 4984
f 5144 5152 5150
f 5159 5146 5148
f 5121 5119 5120
f 5169 5164 5162
f 5016 4978 4979
f 5123 5180 5179
f 5181 5180 5140
f 5175 5185 5184
f 4575 4581 4586
f 4984 4985 4976
f 4596 4599 4598
f 5182 5181 5183
f 4785 4619 4787
f 5137 5124 5122
f 5167 5179 5180
f 4835 4683 4898
f 4687 4727 4726
f 4176 3836 4170
f 4760 4761 4655
f 4681 4680 4649
f 5121 5093 5132
f 5171 5191 5178
f 5174 5178 5191
f 5169 5193 5194
f 4909 5094 5095
f 5105 5104 5112
f 4767 5108 5126
f 5201 5202 5205
f 5219 5218 5217
f 5229 5214 5200
f 5234 5237 5236
f 4069 4072 4071
f 4724 4725 4717
f 5108 4767 4768
f 5103 5195 5126
f 5227 5218 5211
f 5015 4997 4884
f 4997 4998 4892
f 5197 5198 5215
f 5241 5199 5247
f 5013 4975 5019
f 5205 5239 5232
f 4969 4967 4971
f 5239 5205 5249
f 4808 5243 5225
f 5216 5247 5199
f 5253 5245 5242
f 5235 5236 5255
f 5135 5148 5157
f 5264 5260 5267
f 5245 5203 5215
f 5260 5261 5269
f 5264 5266 5274
f 5154 5153 5173
f 5287 5272 5278
f 5256 5301 5300
f 5173 5174 5176
f 4631 4630 4629
f 4781 4784 4783
f 5309 5307 5311
f 5155 5156 5144
f 4826 4828 4827
f 5291 5295 5308
f 5310 5311 5281
f 5311 5307 5308
f 4036 4033 4176
f 4641 4716 4704
f 5220 5224 4804
f 4770 5206 5207
f 5188 5185 5175
f 5180 5123 5129
f 4626 4700 5314
f 4731 4728 5315
f 5222 5213 5210
f 4728 4882 5316
f 5230 5219 5216
f 5297 5296 5240
f 5204 5233 5208
f 5318 4868 4864
f 5273 5272 5287
f 5221 5210 5219
f 4700 4902 5321
f 5313 5314 5328
f 5157 5149 5154
f 5275 5276 5263
f 5324 5322 5318
f 5323 5332 5331
f 5343 5334 5345
f 5306 5310 5286
f 5278 5281 5311
f 4882 4625 5320
f 5109 5110 5114
f 5123 5087 5130
f 5299 5283 5284
f 5240 5198 5199
f 5229 5231 5197
f 5305 5302 5292
f 5233 5228 5225
f 5192 5190 5194
f 5104 5105 4670
f 5146 5159 5160
f 5337 5340 5347
f 5347 5340 5341
f 5353 5346 5335
f 5349 5355 5354
f 5355 5358 5357
f 5358 5355 5360
f 5355 5349 5348
f 5342 5366 5365
f 5345 5346 5362
f 5332 5364 5367
f 5372 5371 5315
f 5370 5365 5366
f 5361 5356 5354
f 5364 5365 5368
f 5369 5344 5362
f 5316 5320 5330
f 5373 5359 5371
f 5341 5342 5364
f 5374 5358 5359
f 5329 5376 5375
f 5377 5380 5379
f 5377 5376 5331
f 5380 5377 5367
f 5363 5383 5370
f 5357 5358 5374
f 5381 5385 5361
f 4814 4815 4825
f 4825 4815 4816
f 4806 4746 4747
f 5119 5121 5131
f 4696 4697 4893
f 4696 5389 5390
f 5213 5222 5388
f 5393 5389 5388
f 5380 5382 5384
f 5213 5387 4893
f 4813 4891 4908
f 5390 5392 4693
f 5294 5289 5287
f 5184 5185 5186
f 5285 5275 5253
f 4769 4789 4790
f 5327 5371 5359
f 4598 4621 4690
f 4608 4606 4733
f 4627 4624 4609
f 4596 4604 4851
f 4900 4623 4706
f 4668 4795 5395
f 4863 4865 4639
f 5392 5393 4666
f 4872 4650 4651
f 4807 4791 4758
f 5348 5338 5325
f 5176 5191 5190
f 5046 5031 5022
f 4853 4852 4869
f 5346 5353 5363
f 4709 4880 4620
f 4672 4673 4904
f 4680 4811 4651
f 4841 4844 4688
f 4823 4817 4818
f 4729 4730 4602
f 4881 4729 4851
f 5360 5348 5326
f 4852 4900 4707
f 4890 4751 4669
f 5392 5390 5389
f 5189 5182 5186
f 4881 4604 4605
f 5343 5344 5369
f 4607 4624 4625
f 5056 5055 5052
f 4850 4797 4798
f 3260 5399 5398
f 4855 4736 4899
f 5339 5343 5366
f 4789 4905 4808
f 5400 4040 3948
f 3872 3424 4046
f 4018 3423 3424
f 4025 4523 4172
f 4011 4023 4024
f 4065 4068 3900
f 3413 4012 4013
f 5056 5068 5069
f 5055 5056 5070
f 4062 5398 5399
f 5269 5289 5294
f 4685 4866 4903
f 5254 5242 5240
f 4606 4657 4658
f 4729 4881 4882
f 4030 4041 4043
f 4664 4752 4753
f 3575 3483 3904
f 3413 3410 3922
f 4949 4968 4955
f 4947 4937 4913
f 4849 4850 4894
f 4143 3974 3975
f 4912 4923 4932
f 3774 3771 3995
f 3956 3954 3342
f 4871 4872 4758
f 4270 4273 4272
f 4039 4040 5400
f 3555 3969 5402
f 5403 5404 3906
f 3908 4126 3823
f 4124 4121 5408
f 3901 3902 4046
f 4120 4117 5410
f 4124 3962 4125
f 5420 3906 5404
f 5424 4059 5425
f 3400 5429 5428
f 5432 5433 5435
f 4941 4942 4945
f 4935 4940 4949
f 3895 3898 3897
f 5426 5408 4121
f 5430 3905 3906
f 4045 4041 5398
f 5395 4693 5392
f 4846 4903 4701
f 4880 4709 4710
f 4624 4607 4608
f 4656 4690 4662
f 5305 5307 5309
f 5220 5223 5222
f 4230 4223 4327
f 5030 5073 5028
f 5213 5212 5211
f 5440 3272 3269
f 4396 4397 3980
f 5447 5448 3244
f 3328 3330 5451
f 4208 4391 4248
f 4599 4620 4621
f 4528 4339 4391
f 4529 4228 4199
f 4526 4338 4339
f 4256 4235 5452
f 4532 5452 4241
f 3834 4400 5446
f 5443 5445 5444
f 4530 4247 4334
f 4754 4886 4904
f 4229 4228 4381
f 4205 4382 4383
f 4892 4998 4987
f 4039 4032 3976
f 4738 4780 4796
f 4833 4835 4897
f 4232 4527 4200
f 4194 4240 4241
f 4889 4794 4750
f 4194 4191 4365
f 4531 4383 4195
f 5043 5042 5062
f 4182 4332 4561
f 5446 5447 3241
f 5237 5239 5248
f 4206 4334 4382
f 5210 5211 5218
f 3426 3922 3417
f 4216 4191 4192
f 4219 4210 4184
f 4180 4561 4380
f 4327 4595 4591
f 4223 4230 4231
f 4215 4192 4360
f 4186 4568 4218
f 4190 4330 4209
f 4223 4220 4595
f 4326 4591 4328
f 4366 4389 4568
f 4570 4548 4549
f 4579 4573 4548
f 4563 5453 4533
f 4583 4595 4220
f 4586 4380 4561
f 4239 4196 4363
f 4572 4571 4567
f 4536 4539 4585
f 4538 5453 4566
f 4536 4533 5453
f 3573 3986 3983
f 5427 3963 3552
f 4553 4587 4588
f 4593 4554 4555
f 4368 4365 4183
f 4361 5452 4235
f 4233 4369 4527
f 4233 4230 4324
f 4212 4209 4330
f 4237 4324 4325
f 4193 4241 5452
f 4983 5015 4885
f 5002 4995 4986
f 5074 5077 5076
f 4698 4699 5391
f 5391 4699 5390
f 4871 4899 4650
f 4546 4857 4543
f 4553 4550 4901
f 4552 4588 4555
f 5223 4804 4805
f 5386 5382 5383
f 5317 5315 5371
f 3240 3237 4429
f 5384 5385 5381
f 3938 3217 3218
f 3942 3943 5455
f 5361 5385 5386
f 4542 4540 4541
f 3910 5430 5420
f 3939 3333 4060
f 3851 5350 5351
f 3838 5427 3556
f 4547 4858 4857
f 5442 5443 4050
f 3385 3874 5428
f 4257 4234 4235
f 5312 5212 4893
f 4212 4203 4204
f 3854 3849 5461
f 4226 4184 4210
f 4202 4177 4178
f 3316 3983 3897
f 5464 5465 4432
f 5465 5466 3883
f 4472 4469 4449
f 4501 4472 4450
f 4074 4075 4080
f 5473 5474 5401
f 4173 4172 5475
f 3432 3429 3520
f 3462 5505 5504
f 4075 4501 4494
f 5482 5481 3387
f 5468 5471 5470
f 3427 5421 5422
f 4498 4499 4487
f 5403 3824 5414
f 3382 5523 5522
f 3492 5512 5511
f 3429 3434 3517
f 3873 5522 5524
f 5480 5479 3350
f 3477 5508 5505
f 4507 4508 5544
f 4396 5550 5551
f 3374 5552 5553
f 3373 5553 5554
f 5479 4521 4063
f 3390 5554 5555
f 5531 5525 5566
f 3368 5568 5567
f 5556 5557 5560
f 3393 5555 5557
f 4433 3364 5463
f 5464 5463 5458
f 4435 4437 4439
f 4055 4393 3277
f 3273 3278 3911
f 3395 3357 3358
f 5486 3894 4071
f 5526 4455 4453
f 5525 5570 5569
f 5568 3526 3527
f 3527 3362 3847
f 3365 5461 3849
f 5462 3849 3850
f 4435 4436 5571
f 3378 3379 3943
f 5573 5578 5577
f 4438 5455 3943
f 5477 5574 5579
f 5582 5581 5580
f 5583 5580 5581
f 5586 5585 5588
f 4074 5472 5586
f 5583 5585 5474
f 4507 5589 5590
f 5573 5478 4522
f 3989 5595 5596
f 5594 3406 3407
f 4436 3381 5572
f 5591 3990 3991
f 4507 4475 4476
f 3990 5591 5587
f 5578 3409 3406
f 5595 3989 5584
f 5484 3394 3358
f 4441 4442 5467
f 5472 4074 4077
f 5522 5599 5570
f 5486 3358 3353
f 5481 4498 3386
f 3475 5506 5492
f 5476 4523 3899
f 5540 5541 5606
f 5542 5540 5603
f 5608 5543 5542
f 5608 5607 5545
f 5607 5603 5609
f 5599 5600 5548
f 5598 5592 5543
f 5595 5594 5593
f 5588 5584 3989
f 5626 3265 3266
f 5627 3266 4448
f 5469 4449 4469
f 4515 4517 5625
f 4503 4473 4474
f 4481 5626 5627
f 4500 5628 5469
f 3414 4468 5466
f 5594 5595 5581
f 3376 3377 4430
f 3444 3944 3941
f 5572 3944 3444
f 4273 4286 4287
f 4345 4356 4357
f 4386 4304 4305
f 4517 4462 4463
f 4352 4349 4319
f 4352 4250 4251
f 4268 4277 4390
f 4264 5629 4320
f 4346 4387 4282
f 4337 4335 4343
f 4289 4244 4245
f 4303 4378 4287
f 4343 4290 4291
f 4284 4333 4244
f 4375 4519 4291
f 4379 4319 4271
f 4337 4353 4348
f 4524 4525 4295
f 4364 4362 4197
f 4285 4282 4390
f 5206 5209 5208
f 4297 5629 4371
f 4346 4283 4286
f 4285 4300 4333
f 3571 3572 4395
f 5341 5340 5339
f 5346 5345 5334
f 5269 5261 5273
f 4510 4509 5609
f 4509 4474 5545
f 4445 4446 5611
f 5566 5569 5568
f 5349 5336 5338
f 5489 5490 3401
f 5565 5566 3368
f 5496 5497 5417
f 5523 3382 3383
f 5325 5338 5347
f 5523 5600 5599
f 5429 3400 3401
f 3887 5632 5631
f 5634 5613 5600
f 5276 5280 5279
f 5298 5297 5257
f 5087 5086 5085
f 3361 3526 5612
f 5041 5061 5066
f 5487 5488 3383
f 5101 5116 5130
f 5299 5298 5300
f 5333 5336 5335
f 5302 5305 5304
f 5234 5247 5216
f 5301 5256 5255
f 4868 5318 5322
f 5281 5278 5277
f 5323 5321 5322
f 5298 5284 5296
f 4885 4829 4750
f 5231 5230 5196
f 4625 4626 5313
f 5111 5113 5085
f 5600 5613 5549
f 5531 5564 5563
f 5165 5166 5182
f 5283 5280 5285
f 4269 4276 4277
f 5610 5609 5603
f 5127 5090 5091
f 4907 5095 5125
f 5277 5278 5272
f 5596 5593 5592
f 5212 5312 5226
f 5273 5261 5262
f 5302 5301 5258
f 5635 5646 5645
f 4250 4352 4379
f 4485 4136 3405
f 4354 4026 4023
f 4265 4262 4304
f 4388 4390 4282
f 4345 4342 4384
f 4362 4364 4297
f 4836 4765 4612
f 4360 4361 4236
f 4369 4233 4237
f 5647 5636 3986
f 5650 3965 3192
f 5337 5338 5336
f 4467 4478 4477
f 4253 4377 4340
f 4429 3416 5457
f 3997 4133 3915
f 5535 3856 3839
f 5538 5541 4460
f 3439 3376 5571
f 5570 5525 5526
f 3438 5571 5572
f 4440 4468 3879
f 3440 5665 4407
f 3886 5685 5695
f 5534 5529 5396
f 5685 3886 3471
f 4278 4198 4301
f 5628 4448 4449
f 3579 3537 3538
f 4480 5627 5628
f 4402 5499 5517
f 4279 4197 4198
f 3603 3534 3532
f 3580 3594 4088
f 4095 3530 3531
f 5248 5249 5251
f 3778 3819 3999
f 4617 4618 4613
f 4375 4275 4372
f 3411 3405 4136
f 5094 5106 5111
f 3602 3532 3535
f 4023 4011 4350
f 4349 4352 4336
f 3605 3535 3536
f 4469 4472 4471
f 4094 3531 3593
f 4248 4249 4245
f 3519 5521 5518
f 5254 5296 5284
f 4852 4853 4795
f 4265 4371 5629
f 5632 5499 5503
f 3604 3611 3612
f 5549 5501 5502
f 3653 3606 3607
f 4780 4738 4873
f 4988 4989 4979
f 4491 5625 5626
f 4837 4904 4995
f 4615 4612 4765
f 5468 4469 4470
f 3514 3470 3467
f 5491 5680 4409
f 4093 3618 3619
f 4364 4320 5629
f 3488 5510 5509
f 5606 5539 5611
f 4210 4219 4189
f 4600 4603 4602
f 5242 5215 5198
f 5073 5074 5075
f 5651 5657 3940
f 3996 3541 3775
f 5200 5203 5202
f 5525 5531 5527
f 3364 4433 4434
f 3775 3541 3542
f 3941 3833 5485
f 3731 3706 4105
f 4997 5000 4999
f 4508 5598 5608
f 4101 4099 3818
f 3728 4109 4103
f 4591 4593 4592
f 4539 4536 4538
f 4550 4553 4552
f 4541 4566 4567
f 4389 4579 4570
f 4582 4583 4580
f 4976 4979 4978
f 4705 4708 4707
f 4797 4850 4843
f 3713 3729 3730
f 4675 4647 4702
f 4977 4978 4981
f 4810 4818 4817
f 4786 4811 4812
f 4715 4631 4628
f 4978 5016 5021
f 5010 5009 5006
f 3722 3743 4162
f 4558 4557 4560
f 4568 4570 4569
f 4584 4578 4535
f 4641 4631 4715
f 5026 5014 5012
f 4776 4777 4745
f 4714 4628 4712
f 4982 4996 5001
f 4576 4577 4560
f 4564 4567 4566
f 5069 5013 5018
f 5057 5052 5048
f 4810 4812 4811
f 3710 4158 3786
f 4991 4992 4999
f 5011 5009 5010
f 5008 5020 5022
f 5066 5067 5063
f 5047 5037 5024
f 5050 5049 5051
f 5023 5021 5016
f 5045 5044 5059
f 5047 5025 5026
f 3711 3712 3724
f 5048 5035 5037
f 5042 5040 5063
f 5058 5053 5051
f 5036 5038 5046
f 3715 3699 3700
f 5235 5256 5257
f 3732 3729 3704
f 5030 5031 5062
f 5020 5021 5023
f 5263 5262 5261
f 5049 5050 5044
f 5236 5248 5250
f 5031 5030 5027
f 5043 5038 5039
f 5320 5313 5329
f 5049 5048 5052
f 5326 5319 5317
f 3264 3261 3288
f 5264 5265 5263
f 4998 4999 4992
f 5009 5011 5020
f 5036 5032 5039
f 5032 5035 5034
f 4355 4317 3949
f 4269 4266 4374
f 4253 4250 4378
f 4525 4524 4252
f 3960 4112 4111
f 4372 4275 4258
f 5681 5672 5673
f 4378 4379 4272
f 4270 4347 4346
f 3244 5448 5644
f 4899 4703 4648
f 3734 3732 3702
f 4138 3346 3343
f 4192 4193 4361
f 3813 4001 3812
f 3817 3695 3696
f 5668 5683 5682
f 5690 5691 5687
f 5499 5632 5700
f 3999 3819 3820
f 3745 3742 4102
f 5684 3471 3472
f 5702 3859 3860
f 5712 5713 5693
f 3249 3277 4393
f 5695 5683 5715
f 5694 5715 5716
f 5719 3972 5601
f 4918 4919 4950
f 4774 4742 4743
f 5505 4415 4411
f 3583 3584 3585
f 3710 3687 4157
f 5513 5725 4417
f 5704 3563 4146
f 4141 4045 4062
f 5669 5689 5688
f 3898 3895 5653
f 5718 3973 3972
f 5684 5687 5686
f 3917 4131 5717
f 3463 5666 5662
f 5492 5506 5680
f 4931 4930 4950
f 5665 3440 3441
f 3788 3717 3740
f 3501 3502 3529
f 3569 3570 3477
f 5516 5728 5727
f 3564 3567 3566
f 3892 5405 5406
f 3962 4124 5407
f 4126 3908 4123
f 4116 3296 3287
f 3892 3887 5630
f 3824 3432 5413
f 4408 4409 5680
f 3969 3966 3978
f 4408 4413 3449
f 4414 3448 3449
f 3962 3261 3262
f 4425 5724 5616
f 4418 5725 5727
f 5716 5597 5575
f 5719 5720 5717
f 5698 5498 5692
f 3880 5621 4166
f 5652 3212 5520
f 5621 5623 4167
f 5679 4409 4410
f 3210 3209 3355
f 5622 5534 5451
f 5416 5417 5497
f 5729 5732 5731
f 5733 5734 3761
f 5735 5738 5737
f 5750 5752 5751
f 5744 5745 5740
f 5744 3770 3753
f 5753 5754 5730
f 5757 5758 5736
f 5731 5752 5765
f 5774 5777 5776
f 5790 5793 5792
f 5796 5786 5787
f 5817 5814 5819
f 5828 5831 5830
f 3725 4105 3751
f 4874 4734 4873
f 4700 4701 4903
f 4740 4820 4876
f 3199 3202 3201
f 4100 4102 4099
f 3749 3767 4108
f 3695 3817 3712
f 3378 3381 3380
f 5504 4411 4412
f 4405 4402 5518
f 5838 5839 5835
f 4705 4632 4712
f 5832 5831 5828
f 5697 5677 5678
f 3791 4006 4005
f 5848 5791 5794
f 3714 3700 3701
f 3995 4148 4042
f 3329 3326 3224
f 4005 3708 3705
f 4551 4762 4763
f 5855 5798 5808
f 5851 5795 5792
f 5803 5801 5858
f 5844 5843 5840
f 5762 5759 5743
f 5808 5809 5806
f 4012 3413 3426
f 5558 3513 3467
f 4550 4763 4720
f 4950 4951 4953
f 3885 3886 5694
f 5705 5706 4081
f 5508 4417 4415
f 3745 3759 3760
f 5507 4412 5680
f 3592 3536 3588
f 3895 5434 5658
f 5613 5500 5501
f 3834 3830 4393
f 5527 4454 4455
f 5775 5806 5809
f 5766 5767 5813
f 5858 5811 5812
f 5855 5815 5811
f 5863 5820 5819
f 5826 5859 5863
f 5862 5866 5833
f 5870 5871 5837
f 5782 5783 5831
f 5868 5838 5836
f 5778 5779 5843
f 5866 5870 5845
f 5785 5864 5867
f 5790 5788 5789
f 5796 5797 5794
f 5821 5818 5819
f 5657 5651 5620
f 5793 5849 5852
f 5855 5858 5801
f 5853 5847 5786
f 5804 5805 5802
f 5827 5867 5864
f 5767 5768 5821
f 5854 5857 5776
f 5860 5817 5818
f 5782 5832 5825
f 5781 5778 5844
f 5810 5811 5815
f 5867 5827 5830
f 5809 5808 5798
f 5828 5829 5863
f 5865 5841 5838
f 5801 5803 5802
f 4086 5707 3795
f 5779 5780 5842
f 5827 5826 5829
f 5839 5872 5869
f 5814 5815 5855
f 5711 4132 3859
f 4958 4957 4917
f 5861 5818 5821
f 5863 5859 5812
f 5865 5868 5823
f 5873 5836 5837
f 5872 5839 5842
f 4089 3455 3563
f 3812 3787 3785
f 5770 5771 5787
f 5789 5786 5847
f 5793 5789 5846
f 4145 4147 4146
f 5848 5773 5790
f 3953 4008 4009
f 5748 5875 5874
f 4624 4627 4626
f 4665 4764 4752
f 4775 4780 4779
f 4746 4670 4671
f 4637 4600 4601
f 4828 4612 4613
f 4704 4763 4762
f 4843 4845 4727
f 4543 4717 4725
f 4731 4864 4863
f 4723 4594 4558
f 4842 4846 4840
f 4717 4543 4857
f 4865 4868 4867
f 5841 5865 5866
f 4725 4726 4540
f 4798 4799 4816
f 4632 4635 4634
f 4720 4716 4715
f 4642 4645 4644
f 3754 4007 5874
f 4860 4761 4644
f 4674 4723 4722
f 4808 4809 4676
f 4721 4722 4822
f 5876 5878 5877
f 4836 4838 4840
f 4658 4661 4660
f 4826 4799 4800
f 4877 4782 4743
f 4948 4970 4971
f 4875 4739 4876
f 4954 4933 4934
f 5773 5770 5788
f 5825 5832 5833
f 5834 5837 5836
f 5834 5844 5845
f 3359 3362 3361
f 5732 5729 3756
f 3394 3397 3396
f 3766 3769 5741
f 5774 5809 5799
f 5805 5776 5857
f 5813 5821 5820
f 3969 3555 3964
f 5667 5668 5674
f 5729 5747 3792
f 3770 5744 5741
f 4741 4740 4739
f 4689 4737 4660
f 5772 5797 5787
f 5735 5733 3758
f 5850 5772 5773
f 5617 5528 3965
f 5799 5800 5854
f 5875 5748 5764
f 5840 5843 5842
f 5861 5768 5769
f 5807 5804 5853
f 5869 5781 5834
f 3765 3768 5739
f 5882 5884 5761
f 5881 5879 5887
f 5895 5896 5898
f 5907 5905 5906
f 5909 5907 5908
f 4234 4257 4526
f 3912 3927 3389
f 5934 8731 8730
f 8730 8731 5930
f 4920 4923 4922
f 8845 8847 8853
f 4141 4171 3404
f 3733 3705 3706
f 8849 8847 8848
f 4234 4237 4236
f 8863 8858 5919
f 3733 4002 4004
f 5908 5906 8859
f 8865 8866 8871
f 8859 8858 8863
f 5927 5924 5925
f 5911 5903 5904
f 8878 8871 8866
f 5635 5638 5637
f 5745 5744 5746
f 3552 3555 3554
f 8857 8889 8890
f 5924 5927 8860
f 3553 3557 3556
f 5919 5920 8861
f 8869 8865 8870
f 8873 8871 8878
f 8856 8857 8875
f 8862 8861 5889
f 8846 8845 8844
f 8864 8863 8866
f 8729 8730 8883
f 8848 8846 8887
f 8878 8879 5888
f 8896 8854 8855
f 8853 8854 8896
f 8841 8842 5882
f 3489 3492 3491
f 8867 8859 8864
f 5910 5908 8867
f 5914 5910 8898
f 5916 5914 8899
f 5889 8861 8860
f 8876 8878 8893
f 5918 5916 8900
f 4424 5722 5726
f 8904 8903 8900
f 8909 8908 8904
f 8908 8907 8903
f 8869 8909 8905
f 3632 3668 3667
f 3687 3690 3689
f 3636 3682 3681
f 3664 3641 3639
f 4304 4307 4306
f 8909 8869 8891
f 3681 3696 3695
f 3758 3761 3760
f 3684 3701 3700
f 3721 3724 3723
f 3941 3944 3943
f 3738 3741 3740
f 3687 3710 3709
f 3238 3239 3938
f 4249 4303 4288
f 4499 4498 3344
f 4240 4194 4368
f 3453 3451 3951
f 4401 3971 3547
f 3950 3951 3451
f 3702 3704 3701
f 3725 3728 3727
f 3194 3207 3208
f 4034 4035 4461
f 3914 3348 3913
f 3483 3575 3533
f 3191 3958 3957
f 4292 3489 3970
f 3909 3910 3428
f 3959 3960 3866
f 4017 4308 4309
f 4316 4318 4008
f 4448 4451 4450
f 4414 4415 4417
f 3435 3430 3351
f 4413 4411 4415
f 3899 3902 3901
f 3780 3781 3648
f 3474 3471 3886
f 3958 3191 3192
f 3221 3223 3935
f 3905 3908 3907
f 3913 4488 4486
f 4420 4422 4421
f 3881 3884 3883
f 4004 3788 3790
f 4271 4319 4318
f 4259 4297 4296
f 3501 4003 4066
f 5897 5898 5900
f 5901 5902 5904
f 8854 8849 8856
f 3789 3785 3786
f 3651 3648 3781
f 5924 5899 5901
f 8870 8871 8873
f 8876 8877 8874
f 5912 5917 5918
f 3805 3918 3799
f 3369 3370 3395
f 3923 3926 3925
f 3916 3917 3512
f 3641 3664 3801
f 4276 4269 4323
f 4181 4229 4331
f 4428 4430 3377
f 3495 4425 4321
f 4436 4435 3380
f 4430 4428 4437
f 3945 3957 3958
f 4065 3901 4047
f 4495 4497 3408
f 8913 8912 8915
f 8911 8910 8917
f 8889 8922 8923
f 8919 8935 8931
f 8884 8914 8918
f 8922 8921 8931
f 5852 5907 5909
f 5866 5862 5915
f 8926 8918 8914
f 8914 8884 8883
f 8886 8919 8921
f 5846 5847 5894
f 5873 5902 5900
f 8893 5888 5764
f 8894 8893 5754
f 5890 8860 5927
f 5885 8896 5755
f 5871 5904 5902
f 5763 8936 5883
f 5880 5890 8936
f 4175 4176 4398
f 4274 4254 4255
f 8883 8730 5931
f 8868 8905 8898
f 3289 4059 3247
f 3858 3855 5485
f 8850 8848 8886
f 4116 4120 5409
f 3889 5406 4127
f 3678 3679 8938
f 8857 8850 8888
f 3979 3551 3294
f 4126 3352 3431
f 3651 4000 3679
f 3460 3858 5921
f 4084 3309 3310
f 8905 8904 8899
f 3561 3327 5397
f 3213 3965 5528
f 4191 4194 4193
f 5449 5450 5532
f 4142 3975 4031
f 4060 3947 5652
f 4480 4483 4482
f 5519 5520 3212
f 5657 5451 3330
f 4473 4476 4475
f 3514 3515 5668
f 5663 5670 5669
f 8881 5929 5926
f 5734 5733 5749
f 4788 4789 4677
f 3997 3996 3538
f 3551 3486 3310
f 3577 3578 3998
f 4893 4697 4676
f 4753 4751 4671
f 8729 8884 8885
f 3813 3703 9021
f 8938 4001 3813
f 8882 5931 5929
f 4098 5701 3820
f 3399 5405 5416
f 5494 5495 5503
f 5880 5877 5878
f 4986 4673 4861
f 4999 5000 5004
f 4985 5001 4988
f 5816 5769 5766
f 4372 4370 4384
f 5688 5691 5692
f 8903 8902 8901
f 8879 8862 5887
f 8902 8881 8880
f 5919 5893 5895
f 4519 4384 4342
f 8847 8849 8854
f 5925 5901 5903
f 4021 3899 4523
f 5678 5677 5676
f 4424 3843 4085
f 5701 3576 3577
f 5928 5925 5926
f 5000 5005 4980
f 9022 4147 3545
f 9024 9025 5409
f 4008 4011 4010
f 3931 3234 4516
f 3822 3806 3807
f 8851 8852 8844
f 5728 5516 5509
f 9025 9023 4115
f 5209 5200 5201
f 4820 4740 4653
f 3988 5596 5598
f 3370 3911 3357
f 5639 5642 5641
f 5592 4511 4477
f 3378 3944 5572
f 5625 4463 3265
f 5594 5582 5577
f 3302 5649 5645
f 3274 3277 3278
f 5207 5208 5233
f 5071 5070 5072
f 4815 4814 4785
f 4796 4802 4643
f 3243 3244 5643
f 5301 5302 5303
f 5431 3562 5655
f 5251 5249 5244
f 3353 3427 3523
f 4174 3404 3405
f 3546 4114 4113
f 4002 3789 3788
f 4196 4239 4238
f 3232 5646 5647
f 4373 4374 4266
f 4867 5322 5321
f 5648 4054 4058
f 4455 4070 3893
f 5593 3407 4511
f 5275 5265 5252
f 5252 5265 5274
f 4092 3619 3624
f 3723 3742 3743
f 4780 4775 4802
f 4059 3289 3560
f 4317 4355 4347
f 5188 5190 5192
f 5570 5599 5612
f 3385 5429 5633
f 3526 5568 5569
f 3576 5701 3608
f 3581 3542 3594
f 5239 5237 5238
f 5081 5079 5083
f 4369 4526 4528
f 4325 4326 4329
f 3569 3285 3286
f 9022 9026 4112
f 3661 3662 3801
f 5074 5073 5030
f 5064 5062 5063
f 3563 3497 3498
f 3961 5407 4119
f 4854 4853 4870
f 5018 5007 5028
f 5007 5008 5027
f 5040 5042 5039
f 3240 3375 3875
f 5070 5069 5029
f 3504 3481 3866
f 3537 3579 3591
f 5033 5041 5039
f 4710 4638 4635
f 5017 4979 4989
f 5024 5037 5046
f 4991 5006 5019
f 4587 4553 4574
f 4996 4982 4793
f 5066 5061 5059
f 5221 5230 5231
f 5068 5056 5057
f 3675 3676 3643
f 3663 3674 3675
f 4722 4558 4559
f 3579 3576 3590
f 3686 3676 3677
f 4422 4420 3499
f 5142 5141 5138
f 5078 5071 5075
f 3609 3589 3590
f 3288 3961 5411
f 5424 9024 5410
f 5152 5144 5156
f 3960 5704 5709
f 4946 4956 4957
f 3867 3903 5705
f 9026 9022 4113
f 5192 5193 5189
f 5161 5164 5194
f 3637 3698 3682
f 4392 5461 3847
f 3796 4114 4149
f 4104 3716 3727
f 3594 3595 3993
f 3796 3793 4134
f 3687 3688 4156
f 3760 3761 4164
f 4464 3344 3345
f 3485 3528 3868
f 3846 3845 5423
f 3409 4520 4496
f 3767 3768 3765
f 3711 3721 4159
f 3797 4132 4087
f 4072 4069 5562
f 4502 4076 5590
f 5408 5426 9027
f 5683 5695 5714
f 5702 3772 4110
f 5623 4042 4148
f 5428 3874 3525
f 3668 3803 3802
f 4000 4001 8938
f 4221 4222 4179
f 4267 4268 4388
f 3721 3722 4161
f 3903 5659 5706
f 3583 3580 4090
f 3894 5486 3524
f 4635 4638 4636
f 4173 5401 4009
f 4890 4666 5393
f 5290 5291 5293
f 5339 5340 5337
f 5458 5459 4438
f 3251 5419 5430
f 3252 5418 5419
f 3428 5420 5421
f 3571 5426 5418
f 4583 4582 4554
f 4239 4367 4224
f 3322 3898 5450
f 5309 5310 5306
f 4109 3728 3748
f 5707 3865 3794
f 5139 5184 5183
f 5271 5270 5290
f 5280 5283 5282
f 5110 5107 5125
f 5319 4864 4731
f 5334 5343 5339
f 5423 3522 3523
f 5376 5377 5378
f 4721 4681 4646
f 3719 4158 4159
f 4853 4854 4692
f 5373 5372 5330
f 4428 5457 5456
f 5376 5329 5328
f 3337 3367 4434
f 4692 4693 5395
f 5475 4172 4523
f 5478 3900 4068
f 5421 5404 4129
f 5374 5373 5375
f 5283 5299 5306
f 5246 5247 5234
f 5154 5149 5150
f 4458 5562 5561
f 5163 5159 5158
f 5381 5374 5378
f 3397 3394 5484
f 4457 5561 5563
f 5147 5143 5150
f 4474 4475 5544
f 5325 5318 5319
f 5223 5394 5388
f 5517 5700 3521
f 4499 5480 3347
f 5404 5403 4128
f 3476 5507 5506
f 4084 5516 5515
f 3900 5478 5477
f 5536 5564 5547
f 5491 5498 5493
f 5474 5472 4139
f 4063 4521 4522
f 4459 4460 5541
f 5548 5549 3360
f 5444 5445 5550
f 3888 3889 5415
f 5546 5547 3339
f 5536 5539 5538
f 3570 5513 5508
f 4471 4502 5589
f 4280 3848 3359
f 5499 4402 4403
f 5189 5193 5169
f 5543 4477 4478
f 4051 5551 5552
f 3461 5504 5507
f 4629 4630 4870
f 5106 5094 4909
f 5286 5281 5279
f 5462 5463 3364
f 3491 5511 5514
f 5224 5220 5231
f 4478 4459 5540
f 4099 4102 3742
f 4803 4806 4805
f 4130 5423 5422
f 4470 4471 4476
f 4924 4925 4921
f 4920 4921 4927
f 4993 4986 4987
f 4887 4888 4913
f 3894 3893 4070
f 5472 5474 5585
f 3508 4135 4134
f 3603 3600 4096
f 3772 3773 3992
f 5712 5664 5671
f 3739 3718 4162
f 5683 5668 3515
f 5480 4465 4495
f 5698 5699 5493
f 3578 3538 3996
f 3645 3646 4154
f 5660 3904 3466
f 4135 9026 5710
f 5587 5591 4073
f 5687 5689 5693
f 3584 3583 4091
f 5585 5583 5584
f 4128 5414 5415
f 4257 4254 4338
f 4222 4231 4178
f 4366 4365 4191
f 5098 5099 5091
f 5761 5757 5737
f 5760 5737 5738
f 8852 8842 5934
f 8874 8877 8855
f 8895 8897 8855
f 5884 5882 8842
f 4557 4554 4582
f 8890 8923 8917
f 8918 8926 8930
f 8924 8926 8915
f 4182 4181 4330
f 3864 5708 5711
f 3574 3317 3230
f 3342 3954 3415
f 3488 3486 3549
f 4317 4316 3953
f 3672 3659 4152
f 5708 3864 3865
f 9021 3703 3685
f 3621 3618 3616
f 5728 4422 4419
f 4311 4027 4028
f 4131 3917 3543
f 4426 3496 3842
f 4518 3956 4168
f 5457 5465 5464
f 5425 3560 3558
f 5458 4439 4437
f 3416 3414 5465
f 5638 9028 5437
f 3985 3986 5636
f 5646 5635 5636
f 9023 9025 3554
f 5722 5510 5514
f 3256 3933 3934
f 4164 3761 5734
f 8885 8918 8920
f 3282 3932 3929
f 3292 4394 3320
f 3232 3229 3300
f 3303 3236 3271
f 3562 5431 5432
f 3392 3387 3388
f 3854 5922 5350
f 5463 5462 5459
f 5935 3474 3885
f 3879 3415 3954
f 3928 3372 3391
f 4137 5559 4458
f 5454 5455 3850
f 3548 3490 3549
f 4443 4500 5470
f 4452 4505 4506
f 4468 3414 3415
f 4443 4440 3876
f 3234 3235 4515
f 5434 3895 3896
f 5448 5440 5441
f 5447 5446 5443
f 4442 5470 5471
f 5550 4056 3275
f 5578 5573 4520
f 3464 5667 5666
f 4701 4627 4839
f 3259 5398 4041
f 4015 4012 3423
f 3558 3323 3982
f 4856 4894 4823
f 4741 4652 4653
f 3759 3745 4106
f 3560 3289 3290
f 9024 5424 3557
f 5438 3279 3280
f 3321 3283 3290
f 5557 5483 4072
f 5553 3369 3396
f 4045 4141 4174
f 4539 4845 4849
f 3536 3480 3503
f 5478 5573 5574
f 3800 3797 3510
f 4755 4883 4886
f 5561 4454 5527
f 5752 5731 5732
f 5752 5750 5756
f 3518 5492 5493
f 3767 3762 4107
f 3534 3603 4097
f 4395 3572 3826
f 3926 4052 3371
f 4446 4510 5610
f 4050 5444 3980
f 8887 8846 8843
f 5649 5639 5640
f 4643 4644 4761
f 3709 3787 3784
f 4778 4659 4660
f 5649 3302 4054
f 5646 3232 3301
f 3250 3251 3910
f 5884 5886 5757
f 5655 5656 5936
f 4224 4227 4226
f 4043 4044 3412
f 4286 4289 4288
f 4267 4311 4310
f 4493 4079 4080
f 3325 5432 3226
f 3925 3371 3372
f 4312 4315 4314
f 3996 3997 3540
f 8908 8911 8912
f 4023 4026 4025
f 3995 3890 3891
f 5482 5556 5559
f 4486 3420 3921
f 4300 4285 4302
f 5438 5642 5644
f 3233 3932 3282
f 3225 3228 3227
f 5446 4400 5445
f 5554 3396 3397
f 4834 4833 4830
f 4064 3349 3350
f 3596 3599 3598
f 5639 5649 5648
f 5434 5431 5654
f 4895 4896 4830
f 3674 3677 3676
f 3551 3979 3978
f 3835 3836 3305
f 3813 3810 3702
f 3691 3711 4160
f 4109 4100 4101
f 4565 4187 4188
f 3490 3548 3547
f 3672 3646 3647
f 8906 8907 8912
f 3810 3812 3811
f 4051 4052 4397
f 3566 3599 4090
f 5580 5475 5476
f 4456 4457 5537
f 5539 5536 5546
f 8844 5934 8729
f 8872 8873 8874
f 4383 4301 4198
f 4931 4926 4927
f 5529 5530 5397
f 5314 5321 5323
f 5347 5332 5323
f 4711 4709 4599
f 5387 5388 5389
f 5259 5290 5292
f 5195 4806 4803
f 5195 5104 4746
f 4639 4865 4866
f 4821 4818 4681
f 3421 4037 5399
f 4730 4863 4601
f 4807 4651 4811
f 4040 4037 3421
f 4844 4841 4800
f 3936 3933 3929
f 4894 4798 4817
f 5365 5370 5383
f 4657 4656 4661
f 5224 5206 4770
f 5368 5383 5382
f 5336 5349 5352
f 5353 5356 5386
f 4070 4455 4454
f 5396 5397 3327
f 5225 5226 5312
f 5384 5382 5386
f 5391 4694 4695
f 4407 4410 4409
f 4623 4620 4880
f 5356 5353 5352
f 4578 4584 4859
f 3239 3875 3217
f 3937 3218 3333
f 4578 4575 4534
f 5467 5471 4505
f 4836 4828 4826
f 4422 5728 5721
f 3392 3393 5556
f 5564 5531 5565
f 3807 3808 3663
f 5922 3854 4392
f 3680 3695 3692
f 3630 3633 3632
f 4416 4417 5725
f 4033 3305 3836
f 3238 3220 4168
f 3466 3904 3483
f 3678 3677 3650
f 3677 3674 3649
f 3340 3337 4431
f 3562 3561 5656
f 5658 5654 5938
f 3642 3643 3640
f 3306 3303 3334
f 3256 3253 3280
f 8910 8891 8892
f 5868 5900 5898
f 8924 8923 8922
f 8935 8930 8925
f 8882 8906 8913
f 8925 8930 8926
f 5852 5849 5905
f 5136 5128 5124
f 4243 4363 4260
f 5238 5227 5228
f 5642 5639 5643
f 3924 3925 3928
f 5412 3521 5700
f 3750 3752 3751
f 3746 3752 3770
f 3859 3798 3861
f 3972 3973 3493
f 5923 8860 8861
f 4945 4946 4958
f 3296 3293 3286
f 3824 5403 3907
f 3671 3629 4154
f 4137 3343 5481
f 3614 3654 3802
f 3283 3284 3559
f 4936 4935 4934
f 5511 5723 5726
f 4170 4169 3926
f 3572 4393 3830
f 3459 3447 3858
f 3496 4426 4425
f 3457 3950 3436
f 3984 3983 3986
f 3914 3389 3386
f 5512 5724 5723
f 4500 4443 4483
f 4501 4502 4471
f 4503 4506 4505
f 4143 4144 4461
f 3331 3329 3222
f 4016 4015 4018
f 3998 3775 3776
f 4114 3796 5710
f 4405 5678 4406
f 5602 5604 5720
f 4767 4803 4804
f 4929 4933 4954
f 4410 4407 5665
f 3888 5700 5632
f 4048 4049 3977
f 3947 3211 3212
f 5676 5677 3472
f 5782 5785 5784
f 4315 4312 4311
f 5699 5518 5521
f 5864 5785 5825
f 5826 5827 5822
f 5775 5776 5805
f 3236 3233 3270
f 5823 5868 5859
f 4957 4848 4895
f 8868 8864 8865
f 4281 4392 3848
f 4940 4943 4971
f 4013 4014 4029
f 3685 3703 3701
f 4339 4340 4377
f 8891 8870 8872
f 3753 3750 3755
f 4427 4168 3220
f 3809 3806 3779
f 3568 4416 4418
f 3880 3987 3918
f 3543 3843 3842
f 4646 4649 4648
f 4656 4657 4597
f 4781 4876 4820
f 4972 4975 4974
f 5101 5102 5109
f 5095 5096 5115
f 5090 5127 5132
f 5131 5132 5134
f 5134 5132 5127
f 5117 5139 5140
f 3539 3862 3863
f 4006 3791 3792
f 5128 5091 5099
f 5097 5088 5089
f 5274 5266 5271
f 4571 4572 4569
f 4225 4531 4238
f 5156 5155 5170
f 4538 4541 4540
f 4622 4691 4665
f 4981 5011 5004
f 5012 4974 4975
f 5148 5147 5149
f 5157 5142 5133
f 5161 5155 5145
f 4261 4532 4242
f 5294 5295 5291
f 4255 4256 4532
f 5274 5259 5250
f 4246 4529 4207
f 3314 3924 3927
f 4670 4673 4672
f 4995 4904 4673
f 4638 4710 4603
f 4341 4295 4525
f 5163 5166 5165
f 4834 4783 4784
f 4784 4820 4682
f 4844 4843 4687
f 5280 5276 5275
f 4217 4572 4564
f 4554 4557 4556
f 4551 4552 4556
f 4549 4546 4544
f 5141 5142 5173
f 4653 4654 4683
f 4973 4974 4989
f 4984 5005 5015
f 5177 5172 5170
f 5166 5167 5181
f 5141 5184 5139
f 5178 5174 5151
f 5244 5202 5203
f 5252 5244 5245
f 4479 4031 4079
f 4402 4405 4404
f 3500 4418 4419
f 5856 5851 5909
f 4488 3913 3348
f 8851 8853 5885
f 3607 3608 5701
f 3508 3505 3503
f 5847 5858 5896
f 4374 4373 4309
f 3380 4439 4438
f 9025 9024 3553
f 5718 5717 4131
f 3300 3229 3283
f 5551 3275 3276
f 5552 3276 3369
f 5555 3397 5483
f 5859 5898 5896
f 4133 3793 3794
f 3606 3653 3652
f 4900 4852 4766
f 4616 4790 4789
f 3738 4165 4164
f 4774 4771 4642
f 4399 4485 3402
f 5853 5796 5795
f 3936 4518 4427
f 3418 3419 4064
f 5510 3488 3840
f 3270 3282 3279
f 3274 3275 4056
f 4359 4356 4305
f 4135 3508 3504
f 3610 3611 3609
f 3837 3556 3557
f 5940 3971 4401
f 5853 5804 5803
f 5725 5513 5515
f 3246 5410 4117
f 5713 5712 5672
f 4918 4961 4916
f 4148 3995 3771
f 5106 5105 5113
f 4147 9022 5709
f 5152 5172 5177
f 9026 4135 4111
f 5104 5195 5103
f 3531 3528 3485
f 3713 3716 3715
f 3699 3715 3815
f 4467 3345 4459
f 4703 4899 4736
f 5405 3399 3846
f 3555 3552 3963
f 4120 4116 5411
f 4217 4219 4185
f 3279 5438 5441
f 4944 4945 4959
f 4353 4337 4344
f 3815 3715 3716
f 3374 3371 4052
f 4491 4492 4516
f 5865 5824 5833
f 5819 5814 5856
f 5807 5851 5856
f 3933 3256 3281
f 3208 3205 3920
f 8907 8906 8902
f 5288 5308 5295
f 3728 3725 3747
f 3309 4084 4083
f 5119 5116 5101
f 3811 3785 3789
f 3595 3863 3992
f 4106 4102 4100
f 5696 5575 5576
f 3708 3755 3750
f 3744 3760 4165
f 5905 5891 5892
f 3403 4036 4175
f 4133 3997 3506
f 4147 4145 3544
f 3561 3562 3325
f 3237 3240 3239
f 4877 4878 4793
f 3241 3244 3243
f 3597 3624 3625
f 3279 3282 3281
f 3371 3374 3373
f 3599 3566 3567
f 3975 3976 4032
f 3277 3249 3250
f 3774 3564 3565
f 3658 3673 3780
f 4961 4962 4963
f 3600 3615 3616
f 4228 4229 4202
f 4011 4008 4318
f 4307 4304 4262
f 4838 4800 4841
f 4782 4783 4773
f 4914 4956 4946
f 4839 4609 4765
f 4771 4896 4645
f 4962 4965 4964
f 4966 4959 4963
f 3601 3612 3615
f 5878 5875 5879
f 5890 5880 5881
f 3720 3786 4158
f 4755 4756 4689
f 3740 3717 3718
f 5695 5685 5686
f 5740 5743 5742
f 5733 5735 5736
f 5755 5756 5750
f 5745 5763 5762
f 5798 5801 5800
f 4706 4880 4879
f 5651 5652 5619
f 5850 5794 5797
f 5804 5807 5806
f 4087 5708 5707
f 5915 5913 5914
f 5703 3860 4167
f 5893 5894 5896
f 5892 5893 5919
f 5706 5671 5664
f 5786 5789 5788
f 3973 4131 3841
f 4831 4832 4915
f 5906 5892 8858
f 4965 4967 4969
f 4684 4685 4846
f 3589 3609 3611
f 3596 3625 4150
f 5877 5880 5763
f 4121 4124 4123
f 3469 3465 3868
f 3204 3205 3208
f 3716 3713 3726
f 5460 9027 5426
f 3465 3469 3470
f 5738 5735 3764
f 4887 4654 4655
f 4203 4206 4205
f 3959 5705 4082
f 5758 5757 5886
f 5781 5869 5872
f 4675 4762 4723
f 3757 4164 5751
f 3334 3271 3272
f 8880 5926 5903
f 5615 5676 3473
f 5759 5761 5760
f 8845 8846 8848
f 5778 5781 5780
f 8857 8856 8849
f 4132 3797 3798
f 5839 5838 5841
f 560 1899 3187
f 5747 5874 4007
f 5928 5930 8840
f 5766 5769 5768
f 4848 4957 4956
f 4953 4968 4967
f 4832 4897 4910
f 5879 5764 5888
f 3598 3567 3530
f 5747 5729 5730
f 5754 5764 5748
f 5810 5813 5812
f 5758 5755 5749
f 4315 4388 4387
f 5917 5915 5916
f 5913 5909 5910
f 5930 8731 8841
f 4951 4955 4968
f 3209 3210 3201
f 4059 5424 3246
f 8731 5934 8842
f 3776 3582 3585
f 5770 5773 5772
f 5891 5894 5893
f 9028 5638 5641
f 5814 5817 5816
f 5662 5675 5673
f 3522 3525 3524
f 5630 5631 5942
f 5791 5792 5795
f 5746 3753 3754
f 5928 5929 5931
f 5743 5760 5739
f 5876 5874 5875
f 3678 8937 9021
f 4200 4208 4207
f 4114 3546 3916
f 3601 3602 3605
f 3818 3724 3712
f 3315 3318 3317
f 5899 5900 5902
f 8840 8841 5883
f 5562 4458 5559
f 4416 3568 3448
f 3189 3192 3191
f 4751 4890 4747
f 4181 4182 4180
f 3832 3942 5454
f 3362 3527 3526
f 5678 4405 5699
f 3497 3500 3499
f 448 1980 807
f 647 648 122
f 5690 3472 5677
f 4183 4186 4185
f 1833 1848 1780
f 5920 5895 5897
f 510 509 508
f 4401 3967 5944
f 5656 5397 5530
f 3970 3971 5940
f 5653 5658 5939
f 5450 5653 5946
f 3384 5633 5945
f 4403 4404 4299
f 5944 3967 3968
f 3963 5427 5951
f 5614 3473 3474
f 5427 3838 3857
f 3210 1949 1887
f 1887 15 3200
f 15 16 3197
f 16 3188 3195
f 3195 3188 3187
f 3194 3187 1899
f 3207 1899 375
f 387 173 126
f 3189 1791 1760
f 9029 763 757
f 763 9029 2172
f 9035 9034 9032
f 9033 9032 9031
f 9046 9049 9048
f 8751 9053 9054
f 9078 9076 9077
f 9083 9087 9051
f 9088 9089 9047
f 9099 9036 9040
f 9102 9034 9036
f 9105 9031 9032
f 9105 2176 9106
f 1801 1864 9108
f 9103 9032 9034
f 9096 9090 9047
f 1767 1768 9111
f 1597 9115 9113
f 1708 1707 9117
f 9123 9120 9119
f 9118 9119 9125
f 1588 1708 9116
f 2080 9123 9118
f 2082 9118 9124
f 9126 9129 9087
f 9129 9130 9088
f 5512 3492 5943
f 5634 3383 5488
f 5724 5512 5947
f 9134 9099 9097
f 9144 9103 9102
f 9133 9097 9096
f 786 9146 9144
f 9146 9105 9103
f 785 9144 9138
f 497 9138 9134
f 650 9134 9133
f 9148 564 9133
f 8756 9058 9057
f 9154 9151 9130
f 9151 9150 9131
f 9097 9040 9090
f 1799 9109 9111
f 5949 3968 3964
f 9160 9156 8809
f 8813 9162 9160
f 9166 463 564
f 9067 9058 9054
f 9162 9166 9148
f 9087 9088 9048
f 9081 9078 9079
f 9049 9052 9051
f 9082 9168 9167
f 9079 9077 9049
f 9169 9168 9175
f 9167 9115 9112
f 9168 9169 9177
f 9120 9117 9113
f 9120 9177 9169
f 9119 9169 9170
f 9179 9180 9125
f 9180 1576 9124
f 9178 9179 9170
f 1576 2101 2084
f 9179 9178 9183
f 3203 376 1387
f 3190 1387 1791
f 5618 2152 1949
f 317 240 259
f 2000 2176 9105
f 9053 9051 9052
f 9041 9040 9036
f 9029 758 756
f 9037 9036 9034
f 9130 9131 9089
f 3204 375 376
f 1801 9107 9109
f 9181 9187 9180
f 1575 9187 9190
f 9187 1575 1576
f 1776 1795 1796
f 1293 1294 1290
f 1326 14 1327
f 1294 1245 1234
f 878 1244 1330
f 5633 3401 5490
f 5933 3359 3360
f 5613 5634 5948
f 5604 5605 3844
f 3972 3494 5950
f 3494 3495 4322
f 4406 5676 5615
f 3492 3489 4292
f 5631 5503 5495
f 497 373 374
f 122 648 413
f 5624 5489 3398
f 9151 9154 9156
f 9058 8756 8752
f 9160 9162 9150
f 8815 9166 9162
f 9156 9126 8794
f 439 398 399
f 1512 1528 1526
f 1668 1741 1738
f 839 849 1362
f 1362 1357 826
f 3425 3417 3418
f 4905 5207 5243
f 4621 4622 4662
f 5582 5579 5574
f 4754 4757 4756
f 3902 3899 4021
f 9295 740 1896
f 2053 2054 2118
f 9340 9339 2120
f 696 697 9268
f 4922 4938 4939
f 4365 4366 4186
f 5105 5106 4862
f 5228 5227 5226
f 4781 4782 4877
f 5218 5227 5238
f 4990 4993 4992
f 4335 4337 4336
f 4993 4990 4972
f 4794 4793 4792
f 5886 5884 8852
f 5405 3892 5417
f 4669 4752 4764
f 4676 4697 4698
f 1826 1878 639
f 9192 9191 9181
f 5232 5228 5233
f 5418 4121 4122
f 956 885 886
f 5720 3844 3512
f 4728 4731 4730
f 8879 8866 8863
f 1980 806 1922
f 4969 4970 4966
f 33 34 105
f 9028 3253 3254
f 3837 3558 3839
f 4382 4300 4301
f 3908 3905 4122
f 4290 4295 4294
f 4400 3834 4055
f 3219 3222 3221
f 8894 8895 8877
f 4640 4736 4735
f 4389 4366 4216
f 3267 4479 4493
f 3268 3265 4463
f 5097 5111 5098
f 5094 5097 5096
f 5654 5655 5937
f 4089 5704 3960
f 5159 5163 5162
f 5202 5244 5249
f 5412 5415 5414
f 5715 3515 3516
f 5723 4426 4423
f 4263 4264 4323
f 3994 3529 3564
f 1343 1344 9308
f 3470 3514 5667
f 5659 5661 5671
f 3319 3828 4053
f 9359 2127 2128
f 1766 1581 1582
f 14 1326 2163
f 595 98 99
f 5703 3771 3772
f 5206 5224 5229
f 3437 3446 3458
f 5516 4084 3487
f 5122 5086 5087
f 3223 3297 3934
f 3979 9023 5402
f 3828 3319 3320
f 5663 3441 4081
f 4035 4489 4490
f 4426 5723 5724
f 3881 4452 4447
f 5407 5408 4118
f 5691 5688 5689
f 5661 5673 5672
f 5911 5918 8901
f 3902 4022 3871
f 5541 5538 5539
f 4069 4454 5561
f 3248 4394 3292
f 1346 1035 1044
f 748 1888 1425
f 3297 3228 3255
f 5445 4400 4056
f 5783 5784 5830
f 4310 4028 4376
f 5857 5854 5800
f 3882 5467 4452
f 3193 3208 3919
f 3190 3191 3206
f 4266 4269 4268
f 4488 3419 3420
f 3331 3939 3940
f 4282 4285 4284
f 4606 4608 4607
f 4628 4629 4708
f 4659 4732 4733
f 4615 4750 4829
f 4718 4714 4713
f 5722 4424 4421
f 3307 3462 3461
f 4686 4688 4634
f 3966 3548 3550
f 4738 4739 4875
f 3416 4429 3237
f 4527 4528 4208
f 5093 5121 5114
f 5124 5099 5086
f 5117 5118 5138
f 4631 4641 4640
f 5166 5163 5168
f 5185 5188 5187
f 5194 5190 5191
f 3245 4117 4118
f 5214 5215 5203
f 3230 3317 3318
f 5237 5234 5217
f 5250 5259 5258
f 5113 5112 5084
f 5270 5267 5269
f 4906 5125 5107
f 5271 5266 5267
f 5276 5277 5262
f 5153 5151 5174
f 5290 5270 5268
f 5306 5299 5303
f 5147 5148 5146
f 4585 4849 4856
f 3226 5435 5436
f 4473 4503 4504
f 5765 5756 8897
f 4529 4246 4247
f 8923 8924 8916
f 5713 5681 5682
f 3315 3897 3898
f 5564 5536 5537
f 4468 4440 4441
f 3738 3739 4163
f 4577 4859 4559
f 5567 3527 3366
f 3587 3584 4150
f 5471 5468 4504
f 5860 5769 5816
f 3516 3513 5558
f 5436 3985 5637
f 5050 5053 5083
f 5547 5565 3338
f 9023 3979 3295
f 5708 4087 4132
f 4104 3816 3814
f 3718 3719 4161
f 5498 5491 5679
f 3884 4431 4432
f 3955 4512 3877
f 4049 4062 4061
f 8892 8872 8875
f 4572 4217 4218
f 4440 4443 4442
f 4497 4511 3407
f 8906 8882 8881
f 5664 5712 5670
f 3751 4105 3706
f 3511 3735 3736
f 5129 5130 5116
f 5086 5099 5098
f 5135 5127 5128
f 5143 5146 5145
f 5168 5158 5136
f 5297 5241 5246
f 5164 5161 5160
f 5155 5161 5171
f 5137 5179 5167
f 5293 5308 5307
f 5513 3570 4083
f 4053 3828 3825
f 3228 3297 3298
f 3631 3632 3635
f 5689 5669 5670
f 5759 5762 5883
f 3793 4133 3507
f 4906 4908 4891
f 4719 4858 4901
f 3597 3598 4095
f 3352 4126 4125
f 9064 9057 9058
f 9076 9064 9067
f 9083 8766 8794
f 9131 9132 9096
f 9138 9102 9099
f 9154 9129 9126
f 9077 9067 9052
f 9053 8751 8766
f 9191 9190 9187
f 9082 9079 9046
f 9193 9175 9168
f 1284 1290 1288
f 9150 9148 9132
f 3841 3842 3496
f 3570 3569 3336
f 4027 4311 4312
f 4889 4876 4781
f 4041 4045 4044
f 4885 4884 4813
f 5419 4122 3905
f 4367 4368 4227
f 1778 1781 1780
f 1792 1759 1584
f 4308 4017 3869
f 4594 4723 4762
f 4767 4770 4769
f 5461 3365 3366
f 4763 4704 4716
f 4919 4918 4915
f 4300 4382 4334
f 5196 5199 5198
f 5158 5148 5135
f 5431 5434 5433
f 4545 4567 4571
f 4557 4558 4594
f 695 570 571
f 4156 4155 3626
f 4861 4673 4670
f 5681 5675 5674
f 5473 5475 5580
f 3622 3656 4152
f 5647 3573 3574
f 3674 3663 3808
f 4420 4145 3498
f 5675 5662 5666
f 3253 9028 5439
f 5870 5866 5917
f 8887 8920 8919
f 5862 5856 5913
f 3534 3593 3485
f 3313 4486 4484
f 9090 9193 9046
f 4871 4759 4695
f 3778 3777 3822
f 4889 4748 4874
f 4000 3783 3784
f 4897 4898 4911
f 3856 3857 3838
f 4772 4830 4896
f 4015 4016 4376
f 3433 3461 3476
f 4053 4054 3302
f 3367 5567 3363
f 3242 3829 3831
f 3441 3442 4082
f 4735 4736 4855
f 4756 4757 4737
f 3382 3385 3384
f 3698 3699 3697
f 4676 4679 4678
f 4948 4943 4941
f 4890 5394 4805
f 4757 4744 4745
f 4581 4221 4380
f 5716 3516 5932
f 4923 4920 4926
f 5077 5079 5081
f 5078 5082 5058
f 4009 5401 5400
f 5081 5082 5078
f 3930 3931 4513
f 4014 4376 4028
f 4025 4026 4020
f 3618 4093 4096
f 4581 4575 4576
f 4219 4217 4188
f 5440 5442 3335
f 5449 3982 3323
f 4229 4181 4177
f 4590 4213 4214
f 4227 4183 4184
f 4574 4901 4858
f 4565 4566 5453
f 4592 4555 4588
f 4590 4587 4573
f 3517 3518 5521
f 3845 5428 3522
f 4444 3340 3884
f 3982 5449 5533
f 4465 4466 4497
f 4520 4522 4521
f 4076 4073 5591
f 3635 3667 3666
f 3343 3344 4498
f 4022 4019 3870
f 3661 3607 4098
f 5691 5690 5697
f 3768 3766 5742
f 4514 3955 3956
f 3697 3815 3814
f 4394 3248 5460
f 4054 4053 4057
f 3284 3318 3323
f 4052 3926 4169
f 4447 4506 4510
f 4456 4460 3346
f 4483 3876 3877
f 4482 3877 4512
f 4492 4512 4513
f 5642 5438 5439
f 5448 5447 5442
f 5466 4441 3882
f 3340 4444 4445
f 8908 8909 8910
f 4397 4169 3835
f 5413 3520 3521
f 3234 3931 3932
f 5753 5765 8895
f 8896 8897 5756
f 8921 8922 8889
f 8915 8912 8911
f 3933 3936 3935
f 3620 3804 3657
f 3966 3969 3968
f 4905 4789 4769
f 3225 5436 5437
f 5433 3896 3984
f 5714 5686 5693
f 5435 3984 3985
f 3954 3956 3955
f 4713 4712 4632
f 4879 4635 4632
f 3983 3984 3896
f 9027 5460 3248
f 5871 5870 5912
f 5849 5846 5891
f 4702 4703 4640
f 4213 4590 4579
f 3644 3645 3688
f 9193 9090 9040
f 8920 8930 8935
f 5406 3846 4130
f 4140 5400 5401
f 5659 3903 3904
f 4772 4773 4783
f 4244 4247 4246
f 4061 5399 4037
f 3669 3804 3803
f 3459 3460 3209
f 4072 5483 5484
f 4835 4833 4834
f 5660 5662 5661
f 4262 4265 4264
f 3633 3630 3627
f 3685 3643 3676
f 4517 4515 3235
f 4145 4420 4085
f 5455 4438 5459
f 5638 5635 5640
f 3228 3225 3254
f 4044 4174 3411
f 3614 3615 3612
f 3273 3276 3275
f 4952 4962 4961
f 4959 4958 4960
f 4888 4655 4761
f 4254 4257 4256
f 4199 4202 4201
f 4499 4464 4465
f 5479 4495 4496
f 5952 5953 5954
f 5956 5957 5958
f 5959 5958 5960
f 5962 5963 5964
f 5966 5967 5968
f 5967 5970 5971
f 5963 5962 5961
f 5972 5965 5964
f 5974 5975 5976
f 5978 5979 5980
f 5982 5983 5984
f 5986 5987 5985
f 5988 5989 5990
f 5992 5993 5994
f 5996 5997 5998
f 6000 6001 6002
f 6004 6005 6006
f 6008 6009 6010
f 6012 6013 6014
f 6016 6017 6018
f 6020 6021 6022
f 6024 6025 6026
f 6028 6029 6030
f 6032 6033 6034
f 6036 6037 6038
f 6040 6041 6013
f 6042 6043 6044
f 5992 6046 6047
f 6048 6049 6050
f 6052 6053 6054
f 6056 6057 6058
f 6060 6061 5987
f 6062 6063 6064
f 6066 6067 6068
f 6070 6071 6027
f 6072 6073 6057
f 6075 6076 6077
f 6078 6079 6080
f 6082 6083 6054
f 6085 6078 6081
f 6087 6061 5990
f 6061 6087 6089
f 6089 6090 6091
f 6092 6091 6093
f 6095 5978 5981
f 6062 6082 6084
f 6097 6098 6035
f 6056 6049 6099
f 6100 6101 6102
f 6001 6000 6104
f 6107 6108 6109
f 6110 6111 6112
f 6114 6026 6025
f 6116 6117 6118
f 6120 6121 6122
f 6124 6125 6126
f 6128 6129 6101
f 6039 6130 6131
f 6132 6133 6134
f 6136 6137 6138
f 6139 6140 6141
f 6143 6144 6145
f 6148 6149 6150
f 6152 6153 6154
f 6155 6156 6157
f 6159 6160 6161
f 6163 6164 6165
f 6167 6168 6169
f 6171 6172 6173
f 6175 6176 6104
f 6178 6179 6180
f 6023 6182 6183
f 6184 6185 6186
f 6117 6116 6188
f 6190 6191 6192
f 6194 6070 6026
f 6195 6196 6191
f 6197 6198 6199
f 6201 6202 6203
f 6205 6206 6207
f 6209 6210 6201
f 6197 6200 6211
f 6212 6211 6213
f 5979 6215 6214
f 6203 6216 6217
f 6206 6199 6198
f 6218 5961 5962
f 5965 6220 6219
f 5972 3355 3354
f 6070 6194 6222
f 6224 6225 6226
f 6228 6229 6230
f 6232 6233 6234
f 6196 6195 6236
f 6071 6070 6223
f 6239 6240 6241
f 6243 6244 6245
f 6247 6073 6248
f 6250 6251 6252
f 6254 6255 6256
f 6258 6259 6260
f 6229 6262 6263
f 6264 6265 6242
f 6266 6267 6268
f 6270 6271 6272
f 6274 6275 6276
f 6195 6278 6279
f 6280 6278 6281
f 6283 6284 6285
f 6123 6122 6287
f 6289 6290 6291
f 6293 6294 6243
f 6240 6296 6297
f 6298 6299 6267
f 6300 6301 6302
f 6304 6305 6306
f 6251 6250 6308
f 6247 6310 6311
f 6313 6314 6315
f 6314 6313 6317
f 6319 6086 6320
f 6322 6087 6088
f 6216 6324 6258
f 6325 6326 6327
f 6217 6258 6261
f 6330 6071 6238
f 6071 6330 6048
f 6015 6332 6333
f 6079 6334 6335
f 6336 6294 6240
f 6294 6293 6296
f 6337 6338 6339
f 6341 6342 6343
f 6345 6346 6347
f 6266 6264 6349
f 6350 6351 6352
f 6295 6243 6246
f 6303 6355 6356
f 6357 6358 6359
f 6361 6362 6363
f 6365 6350 6353
f 6367 6368 6369
f 6371 6367 6370
f 6372 6373 6374
f 6375 6374 6373
f 6376 6377 6378
f 6379 6380 6381
f 6383 6384 6385
f 6387 6388 6389
f 6391 6392 6393
f 6395 6396 6397
f 6398 6399 6400
f 6399 6401 6402
f 6403 6402 6401
f 6405 6406 6407
f 6409 6410 6411
f 6367 6371 6413
f 6374 6375 6415
f 6417 6418 6384
f 6419 6420 6348
f 6421 6422 6423
f 6425 6426 6400
f 6426 6427 6395
f 6393 6396 6428
f 6429 6430 6394
f 6390 6389 6431
f 6433 6434 6408
f 6435 6436 6437
f 6439 6440 6411
f 6392 6391 6441
f 6397 6392 6442
f 6401 6399 6444
f 6446 6447 6437
f 6448 6449 6450
f 6452 6453 6454
f 6442 6441 6456
f 6443 6442 6457
f 6444 6459 6460
f 6445 6444 6461
f 6463 6464 6462
f 6446 6445 6462
f 6466 6467 6468
f 6448 6451 6470
f 6453 6452 6472
f 6474 6475 6476
f 6478 6479 6480
f 6482 6483 6484
f 6486 6487 6488
f 6490 6491 6492
f 6493 6492 6494
f 6496 6497 6498
f 6500 6501 6502
f 6504 6505 6506
f 6508 6468 6509
f 6511 6512 6513
f 6499 6514 6515
f 6516 6517 6518
f 6520 6521 6522
f 6524 6507 6525
f 6507 6524 6527
f 6504 6527 6528
f 6528 6511 6508
f 6529 6530 6531
f 6342 6533 6534
f 6535 6347 6346
f 6347 6535 6537
f 6434 6538 6539
f 6539 6540 6405
f 6541 6542 6451
f 6543 6544 6470
f 6546 6478 6481
f 6499 6498 6548
f 6549 6550 6514
f 6551 6552 6553
f 6555 6556 6557
f 6403 6436 6423
f 6426 6425 6413
f 6415 6560 6428
f 6430 6429 6561
f 6434 6433 6420
f 6563 6564 6565
f 6404 6401 6445
f 6459 6444 6399
f 6455 6454 6388
f 6405 6450 6449
f 6540 6541 6450
f 6567 6495 6568
f 6570 6464 6463
f 6475 6474 6490
f 6458 6457 6571
f 6573 6571 6574
f 6576 6577 6578
f 6193 6192 6580
f 6582 6583 6584
f 6583 6582 6586
f 6588 6589 6587
f 6590 6069 6068
f 6592 6593 6594
f 6251 6310 6595
f 6304 6596 6597
f 6272 3735 6599
f 3737 3736 6558
f 6600 6161 6160
f 6123 6602 6603
f 6604 6605 6606
f 6608 6205 6208
f 5972 6221 6220
f 6610 6611 6612
f 6613 6614 6615
f 6242 6617 6618
f 6226 6619 6245
f 6620 6621 6622
f 6624 6143 6146
f 6626 6213 6211
f 6627 6628 6629
f 6631 6632 6633
f 6235 6635 6636
f 6637 6638 6639
f 6641 6625 6286
f 6643 6644 6645
f 6647 6648 6649
f 6244 6243 6294
f 6336 6651 6652
f 6194 6196 6237
f 6196 6194 6114
f 6115 6192 6191
f 6653 6654 6655
f 6657 6117 6189
f 6117 6657 6659
f 6130 6157 6156
f 6133 6152 6151
f 6661 6111 6662
f 6663 6613 6616
f 6664 6270 6273
f 6418 6417 6432
f 6290 6325 6328
f 6666 6557 6556
f 6557 6666 3805
f 5971 6667 6668
f 6181 6669 6670
f 6671 6672 6673
f 6676 6673 6672
f 6675 6150 6149
f 6067 6066 5999
f 6677 6678 6679
f 6681 6682 6683
f 6087 6322 6090
f 5983 5982 6685
f 5982 6094 6687
f 6094 6093 6688
f 6211 6200 6137
f 6689 6690 6691
f 6690 6689 3833
f 6001 5983 6686
f 5978 6693 6215
f 6694 6693 5978
f 5974 6694 6095
f 6183 6182 6696
f 6698 5959 5961
f 5959 6698 6699
f 6697 6696 6700
f 6702 6629 6703
f 5968 6668 6705
f 6706 5977 5955
f 6707 6618 6617
f 6024 6051 6709
f 6402 6403 6559
f 3852 6711 6712
f 3856 6594 6593
f 5977 6706 6694
f 6713 5955 5977
f 6714 6715 6716
f 6718 6719 6308
f 6720 6255 6254
f 6722 6723 6724
f 6312 6311 6726
f 6069 6590 6728
f 6319 6594 6730
f 6731 6645 6644
f 6732 6733 6734
f 6046 6053 6320
f 3880 3805 6666
f 6736 6737 6738
f 6531 6740 6741
f 6300 6356 6614
f 6742 6532 6325
f 6743 6742 3891
f 6744 6302 6301
f 6746 6747 6534
f 6536 6576 6579
f 6535 6579 6563
f 6566 6538 6537
f 6538 6566 6409
f 6412 6540 6539
f 6412 6748 6541
f 6748 6749 6542
f 6749 6569 6545
f 6568 6750 6547
f 6751 6752 6548
f 6753 6754 6550
f 6755 6756 6757
f 6759 6760 6761
f 6763 6764 6765
f 6764 6620 6623
f 6766 6767 6768
f 6770 6771 6772
f 6774 6775 6776
f 6021 6774 6777
f 6723 6778 6779
f 6780 6781 6782
f 6784 6785 6786
f 6788 6789 6790
f 6185 6792 6793
f 6794 6722 6725
f 6729 6796 6098
f 6135 6797 6798
f 6799 6062 6065
f 6037 6801 6802
f 6005 6004 6588
f 6005 6803 6804
f 6052 6055 6010
f 6586 6582 6803
f 6092 5985 5987
f 6094 5982 5985
f 6096 6806 6695
f 6082 6062 6799
f 6657 6013 6041
f 6013 6657 6658
f 6795 6725 6807
f 6809 6810 6811
f 6813 6814 6815
f 6817 6818 6819
f 6821 6822 6823
f 6329 6209 6204
f 6202 6825 6826
f 6072 6099 6827
f 6598 6829 6305
f 6301 6300 6613
f 6830 6831 6271
f 6822 6779 6778
f 6326 6741 6832
f 6203 6826 6833
f 6027 6048 6051
f 6360 6834 6835
f 6836 6837 6838
f 6837 6840 6841
f 6362 6365 6366
f 6380 6385 6384
f 6421 6564 6578
f 6566 6565 6410
f 6394 6389 6388
f 6414 6422 6368
f 6371 6374 6416
f 6561 6560 6378
f 6382 6381 6562
f 6381 6384 6418
f 6389 6394 6430
f 6391 6388 6454
f 6441 6454 6453
f 6456 6453 6473
f 6495 6494 6750
f 6843 6575 6485
f 6844 6845 6843
f 6573 6845 6847
f 6849 6491 6487
f 6513 6753 6752
f 6517 6521 6850
f 6521 6520 6851
f 6844 6851 6852
f 6505 6504 6510
f 6753 6513 6512
f 6516 6522 6521
f 6614 6740 6854
f 6742 6262 4003
f 6708 6617 6855
f 6307 6306 6857
f 6307 6664 6665
f 6414 6413 6425
f 6416 6415 6427
f 6562 6418 6431
f 6419 6537 6538
f 6358 6836 6839
f 6059 6058 6859
f 6861 6862 6863
f 6865 6866 6867
f 6115 6025 6869
f 6871 6872 6873
f 6721 6254 6596
f 6876 6610 6556
f 6877 6663 6552
f 6551 6878 6268
f 6879 6855 6265
f 6239 6618 6651
f 6230 6263 6619
f 6171 6670 6669
f 6106 6109 6882
f 6883 6884 6822
f 6759 6184 6187
f 6725 6724 6785
f 6885 6795 6808
f 6886 6887 6888
f 6701 6700 6756
f 6884 6786 6779
f 6715 6714 6309
f 6889 6259 6890
f 6743 3890 4042
f 6270 6664 6893
f 6386 6894 6895
f 6895 6348 6420
f 6897 6432 6417
f 6897 6433 6407
f 6390 6898 6899
f 6900 6899 6406
f 6455 6900 6901
f 6902 6903 6904
f 6482 6903 6905
f 6501 6906 6907
f 6496 6515 6908
f 6532 6531 6326
f 6532 6742 6743
f 6612 6910 6735
f 6611 6911 6910
f 6626 5980 5979
f 6704 6912 6105
f 6913 6590 6591
f 6915 6794 6795
f 6229 6228 4067
f 6263 6290 6289
f 6745 6301 6663
f 6916 6771 6757
f 6885 6918 6165
f 6920 6780 6783
f 6921 6922 6923
f 6925 6921 6924
f 6927 6928 6929
f 6931 6932 6933
f 6935 6936 6937
f 6939 6940 6941
f 6943 6944 6945
f 6947 6948 6949
f 6944 6943 6951
f 6953 6954 6955
f 6957 6958 6959
f 6961 6962 6929
f 6964 6965 6966
f 6968 6969 6970
f 6969 6948 6955
f 6972 6943 6946
f 6974 6975 6976
f 6978 6979 6980
f 6940 6939 6982
f 6984 6985 6986
f 6988 6989 6990
f 6992 6990 6989
f 6994 6995 6996
f 6998 6999 7000
f 7002 7003 7004
f 7006 7007 7008
f 7010 7011 7012
f 7014 7015 7016
f 7018 7019 6999
f 7020 7021 7022
f 7024 7025 7026
f 7028 7029 7030
f 7032 7033 7034
f 7003 7002 7036
f 7038 7039 7040
f 6993 6989 7030
f 7042 7043 7044
f 7046 7047 7007
f 7011 7010 7048
f 7050 7051 7052
f 7054 7015 7014
f 7015 7054 7056
f 6621 6620 7045
f 7049 7048 6775
f 7051 7050 6021
f 7055 6697 6701
f 7054 6701 6755
f 6764 6763 7047
f 7020 7058 7059
f 7060 7061 7062
f 6958 7064 7065
f 6925 7066 7067
f 7068 6931 6934
f 7069 6988 6991
f 7071 6995 7072
f 7074 7075 7076
f 7078 7079 7080
f 7014 7017 7082
f 7084 7085 7086
f 7025 7028 7031
f 7085 7084 7072
f 7089 7084 7087
f 7055 7014 7083
f 7090 7087 6770
f 7092 7093 7094
f 7091 6183 6697
f 6770 7087 7086
f 7095 7094 6767
f 7096 7061 6980
f 7098 6941 6940
f 7058 7020 7023
f 7101 6927 6930
f 6974 7060 7063
f 7103 6968 6971
f 7105 6978 6981
f 7106 7107 7036
f 7109 7048 7010
f 7111 7019 7018
f 7098 7003 7037
f 7048 7109 7112
f 7113 6993 7041
f 6994 7114 7115
f 6965 7116 6923
f 6975 6922 6945
f 7061 7096 7065
f 6954 6953 6933
f 6763 7112 7109
f 7046 7045 6620
f 6947 7117 7067
f 6758 7086 7056
f 7118 7119 7039
f 7038 7069 7070
f 7106 7120 7121
f 7123 7124 7053
f 7123 7052 7083
f 7045 7046 7006
f 7107 7106 7122
f 7091 7083 7052
f 7091 7051 6020
f 6936 7096 7097
f 7125 6957 6960
f 6774 6021 7050
f 7119 6939 6942
f 7019 7002 7005
f 7011 7053 7124
f 7021 7126 7040
f 7114 7029 7016
f 7053 7011 7049
f 7086 7085 7057
f 6993 7113 7127
f 7075 7127 7113
f 4281 4280 6603
f 6012 6333 7129
f 7130 6083 6584
f 6797 7132 7133
f 6074 7134 7135
f 6789 6760 6173
f 6760 6789 6776
f 7136 6802 6801
f 6914 6671 6674
f 7007 7110 7059
f 7099 7004 7003
f 6984 7103 7104
f 7110 7007 7047
f 6333 6583 6587
f 5956 6699 6667
f 5957 5956 5971
f 7137 6715 6308
f 4292 4293 6718
f 6693 6705 6668
f 6215 6668 6667
f 6214 6667 6699
f 6698 6197 6212
f 6219 6207 6198
f 6207 6219 6220
f 6220 6221 6609
f 6262 6229 4066
f 7138 7139 7140
f 4298 7142 7140
f 7143 7144 7145
f 7147 7148 7144
f 7149 7150 7151
f 7150 7152 7153
f 6329 6261 7154
f 6261 6260 7155
f 7156 6829 7157
f 6598 6597 7159
f 6257 6256 7161
f 6256 4322 4321
f 6693 6694 6706
f 5954 5969 6705
f 5953 5966 5969
f 7163 5984 5983
f 7164 7165 6138
f 7167 7168 7169
f 6141 7171 7172
f 7166 7171 7173
f 6141 6140 7174
f 7176 7177 7178
f 7180 7181 7182
f 7184 7185 7186
f 6631 7180 7183
f 6218 6198 6197
f 6625 6641 7189
f 6814 6813 7190
f 6882 7192 7193
f 7195 7196 6109
f 6888 7197 7198
f 7200 7201 7202
f 7176 6627 6630
f 6029 7184 7187
f 7205 7206 7207
f 7209 7210 7211
f 7203 7202 7213
f 6886 7215 6778
f 6031 6030 7215
f 7216 7217 7218
f 7220 7221 6880
f 6076 6075 7220
f 6074 6077 6672
f 6147 6150 6662
f 7223 6662 6111
f 6810 6809 6113
f 6920 7134 6914
f 6077 6660 6675
f 6660 6077 6076
f 7222 7220 6669
f 7224 7222 6181
f 6660 6662 6150
f 7225 7226 6794
f 6783 6782 7225
f 6781 6780 6068
f 7217 7227 7228
f 6031 6888 7199
f 6887 6886 6723
f 6164 7225 6915
f 6780 6920 6591
f 7134 6074 6671
f 7229 7230 6824
f 7187 7186 7230
f 7226 6887 6722
f 7231 7232 6169
f 7201 7231 7233
f 6107 7234 7235
f 7215 7229 6823
f 6030 7187 7229
f 7236 7216 7219
f 7237 7238 6820
f 7237 7208 7207
f 7239 7240 7241
f 6739 7243 7244
f 7245 7239 7242
f 7233 6169 6168
f 7247 7213 7202
f 7195 6108 7203
f 7248 7249 7250
f 7227 7251 7252
f 7253 6067 5998
f 6067 7253 7198
f 6781 7198 7197
f 5984 7163 6683
f 7254 7250 6678
f 6679 7249 7252
f 6887 7226 7197
f 6782 7197 7226
f 7135 6919 6163
f 7221 7220 6075
f 6661 6076 7222
f 7224 6112 6111
f 6180 6810 6112
f 6179 6811 6810
f 6811 6179 6793
f 6650 6792 6622
f 6766 6621 7044
f 7095 7044 7043
f 7092 7043 7121
f 7078 7120 7255
f 7256 7232 7257
f 6768 6772 7259
f 6773 6767 7094
f 7090 7094 7093
f 7089 7093 7080
f 7071 7079 7032
f 7077 7018 6998
f 6995 7071 7260
f 7077 7076 7261
f 7035 7034 7018
f 7108 7019 7111
f 6978 7105 7262
f 7105 7263 7264
f 7263 6944 6952
f 6990 6992 6951
f 6972 7117 7266
f 7117 6947 6950
f 6948 6969 7267
f 6969 6968 6982
f 7103 6984 6987
f 7005 7004 6986
f 6999 7005 7268
f 7269 7270 7271
f 7274 7272 7275
f 7274 7273 7276
f 7278 7279 7280
f 7282 7283 7284
f 7286 7287 7288
f 7290 7291 7292
f 7294 7295 7296
f 7068 7297 7298
f 7300 7301 7302
f 7304 6962 7305
f 7307 7285 7305
f 7309 7284 7283
f 7311 7312 7313
f 7125 7304 7306
f 7285 7307 7280
f 7277 7281 7303
f 6965 6964 7316
f 7318 7312 7316
f 7320 7321 7271
f 7312 7318 7296
f 7270 7269 7298
f 7311 7270 7322
f 6961 6932 7300
f 7323 7324 7325
f 7327 7064 7328
f 7064 6958 7325
f 7287 7330 7292
f 6931 7068 7299
f 7331 7327 7329
f 7332 7333 7334
f 7336 7337 7338
f 7340 7341 7333
f 7342 7341 7343
f 7345 7346 7347
f 7348 7349 7350
f 7352 7353 7354
f 7356 7357 7358
f 7360 7361 7362
f 7365 7366 7367
f 7368 7369 7370
f 7372 7373 7336
f 7373 7375 7337
f 7367 7366 7376
f 7378 7379 7380
f 7382 7383 7384
f 7386 7387 7385
f 7388 7389 7390
f 7392 7334 7333
f 7394 7395 7396
f 7398 7399 7400
f 7402 7403 7404
f 7406 7407 7408
f 7410 7411 7383
f 7412 7413 7414
f 7385 7416 7417
f 7389 7418 7419
f 7373 7420 7421
f 7420 7373 7372
f 7369 7423 7424
f 7399 7398 7397
f 7393 7333 7341
f 7398 7358 7357
f 7358 7398 7401
f 7428 7429 7430
f 7433 7434 7435
f 7363 7362 7436
f 7383 7438 7439
f 7411 7440 7438
f 7441 7442 7443
f 7445 7446 7339
f 7374 7336 7339
f 7444 7365 7364
f 7448 7364 7450
f 7364 7367 7451
f 7451 7367 7377
f 7449 7450 7454
f 7455 7454 7450
f 7456 7455 7451
f 7410 7457 7458
f 7460 7461 7462
f 7423 7369 7462
f 7464 7465 7466
f 7468 7469 7347
f 7376 7366 7471
f 7425 7397 7396
f 7475 7476 7477
f 7478 7479 7480
f 7482 7483 7407
f 7484 7485 7351
f 7487 7405 7488
f 7490 7491 7492
f 7412 7415 7434
f 7494 7495 7434
f 7496 7388 7391
f 7440 7411 7498
f 7401 7400 7488
f 7485 7346 7345
f 7500 7502 7427
f 7395 7394 7469
f 7503 7504 7505
f 7507 7508 7509
f 7511 7512 7513
f 7511 7514 7515
f 7517 7518 7519
f 7521 7522 7523
f 7352 7524 7525
f 7415 7414 7527
f 7528 7529 7530
f 7404 7531 7502
f 7477 7388 7496
f 7512 7478 7481
f 7405 7404 7500
f 7533 7534 7535
f 7378 7507 7510
f 7532 7496 7379
f 7539 7540 7541
f 7524 7352 7355
f 7351 7485 7501
f 7414 7524 7523
f 7522 7543 7527
f 7544 7413 7412
f 7546 7416 7547
f 7526 7549 7353
f 7550 7521 7355
f 7521 7550 7551
f 7552 7546 7548
f 7546 7552 7553
f 7522 7521 7548
f 7418 7556 7520
f 7416 7546 7554
f 7457 7557 7558
f 7557 7559 7560
f 7562 7561 7563
f 7564 7563 7349
f 7351 7350 7565
f 7567 7568 7569
f 7570 7555 7520
f 7419 7418 7555
f 7572 7564 7348
f 7389 7476 7556
f 7573 7490 7493
f 7552 7535 7534
f 7562 7574 7536
f 7572 7575 7576
f 7422 7577 7578
f 7423 7579 7580
f 7579 7423 7463
f 7578 7574 7576
f 7583 7584 7381
f 7586 7579 7581
f 7533 7580 7579
f 7447 7339 7338
f 7588 7502 7531
f 7590 7428 7431
f 7321 7320 7592
f 7275 7581 7463
f 7461 7278 7276
f 7279 7278 7461
f 7453 7454 7593
f 7594 7593 7454
f 7330 7287 7498
f 7459 7458 7294
f 7558 7560 7595
f 7560 7592 7320
f 7275 7321 7585
f 7462 7276 7273
f 7596 7583 7380
f 7597 7598 7406
f 7467 7466 7599
f 7601 7602 7603
f 7605 7365 7444
f 7365 7605 7606
f 7607 7495 7494
f 7513 7481 7473
f 7396 7395 7514
f 7514 7395 7468
f 7470 7609 7515
f 7610 7611 7609
f 7612 7556 7476
f 7613 7530 7529
f 7442 7441 7615
f 7574 7578 7577
f 7619 7400 7399
f 7518 7479 7509
f 7491 7399 7425
f 7549 7620 7621
f 7491 7490 7622
f 7377 7438 7440
f 7379 7496 7497
f 7453 7461 7460
f 7411 7410 7459
f 7623 7624 7391
f 7625 7611 7610
f 7487 7407 7483
f 7619 7622 7408
f 7627 7628 7620
f 7538 7379 7378
f 7389 7388 7477
f 7629 7545 7412
f 7489 7408 7407
f 7628 7627 7598
f 7413 7525 7524
f 7592 7560 7559
f 7584 7631 7632
f 7569 7568 7633
f 7570 7508 7566
f 7631 7567 7566
f 7508 7570 7519
f 7614 7573 7480
f 7346 7610 7470
f 7572 7574 7562
f 7571 7633 7634
f 7346 7485 7484
f 7607 7591 7431
f 7585 7592 7630
f 7624 7596 7497
f 7635 7386 7384
f 7636 7427 7502
f 7323 7309 7310
f 7420 7578 7582
f 7637 7594 7455
f 7287 7286 7499
f 7458 7558 7295
f 7439 7376 7472
f 7599 7601 7604
f 7359 7358 7427
f 7436 7638 7639
f 7490 7573 7640
f 7481 7480 7493
f 7641 7506 7505
f 7642 7643 7627
f 7492 7425 7473
f 7517 7612 7625
f 7625 7484 7486
f 7634 7623 7390
f 7474 7477 7532
f 7448 7368 7441
f 7368 7448 7449
f 7615 7441 7368
f 7638 7603 7602
f 7575 7572 7501
f 7571 7555 7570
f 7400 7619 7489
f 7508 7507 7632
f 7503 7506 7540
f 6957 7125 7315
f 7376 7439 7438
f 7507 7378 7381
f 7499 7456 7452
f 7286 7637 7456
f 7504 7642 7644
f 7645 7598 7627
f 7647 7634 7633
f 7647 7648 7623
f 7649 7624 7623
f 7650 7596 7624
f 7646 7633 7568
f 7651 7568 7567
f 7653 7652 7567
f 7651 7654 7655
f 7656 7657 7658
f 7660 7658 7657
f 7663 7657 7656
f 7664 7665 7663
f 7667 7666 7663
f 7667 7662 7668
f 7663 7665 7661
f 7670 7671 7672
f 7661 7672 7671
f 7659 7668 7662
f 7648 7647 7668
f 7648 7659 7673
f 7659 7658 7674
f 7658 7660 7675
f 7668 7647 7646
f 7660 7671 7676
f 7675 7677 7678
f 7677 7675 7676
f 7677 7680 7681
f 7682 7683 7678
f 7677 7679 7684
f 7673 7674 7678
f 7683 7650 7649
f 7685 7676 7671
f 7667 7655 7686
f 7666 7686 7687
f 7654 7688 7686
f 7689 7687 7686
f 7664 7687 7691
f 7650 7692 7583
f 7693 7653 7631
f 7584 7583 7692
f 7693 7692 7682
f 7694 7682 7681
f 7694 7696 7653
f 7650 7683 7682
f 7696 7697 7652
f 7654 7651 7652
f 7688 7654 7697
f 7699 7698 7697
f 7700 7701 7698
f 7695 7699 7696
f 7699 7695 7702
f 7689 7688 7698
f 7689 7701 7703
f 7705 7706 7707
f 7701 7700 7705
f 7704 7703 7707
f 7685 7670 7691
f 7687 7689 7704
f 7680 7702 7695
f 7684 7706 7702
f 7702 7706 7705
f 7684 7679 7707
f 7676 7685 7707
f 7665 7669 7672
f 7670 7669 7690
f 7665 7664 7690
f 7611 7475 7474
f 7510 7509 7479
f 7511 7538 7537
f 7516 7532 7538
f 7517 7530 7613
f 7537 7510 7478
f 7611 7625 7612
f 7613 7480 7479
f 7556 7612 7517
f 7516 7515 7609
f 7708 7709 7710
f 7712 7713 7714
f 7713 7716 7717
f 7719 7720 7721
f 7722 7723 7597
f 7724 7712 7715
f 7726 7727 7728
f 7731 7640 7573
f 7730 7573 7614
f 7733 7734 7735
f 7721 7712 7724
f 7731 7722 7409
f 7708 7726 7729
f 7737 7724 7709
f 7716 7741 7736
f 7742 7743 7744
f 7740 7736 7735
f 7717 7716 7740
f 7716 7713 7720
f 7748 7749 7711
f 7750 7748 7710
f 7720 7719 7751
f 7734 7723 7728
f 7709 7724 7725
f 7752 7753 7715
f 7739 7709 7708
f 7720 7713 7712
f 7749 7754 7755
f 7745 7744 7756
f 7746 7727 7742
f 7743 7742 7755
f 7727 7746 7735
f 7747 7756 7757
f 7753 7750 7725
f 7751 7621 7620
f 7757 7752 7714
f 7718 7721 7737
f 7747 7740 7746
f 7727 7726 7755
f 7726 7708 7711
f 7759 7757 7756
f 7759 7760 7752
f 7760 7761 7753
f 7761 7762 7750
f 7758 7756 7744
f 7763 7744 7743
f 7754 7765 7764
f 7763 7766 7767
f 7768 7769 7770
f 7772 7768 7771
f 7775 7768 7772
f 7776 7777 7775
f 7779 7778 7775
f 7775 7777 7769
f 7770 7769 7781
f 7782 7774 7772
f 7760 7759 7782
f 7760 7773 7783
f 7773 7771 7784
f 7770 7785 7784
f 7779 7774 7782
f 7782 7759 7758
f 7785 7770 7780
f 7785 7787 7788
f 7787 7785 7786
f 7787 7790 7791
f 7792 7793 7788
f 7787 7789 7794
f 7793 7783 7784
f 7762 7761 7783
f 7796 7786 7780
f 7795 7780 7781
f 7779 7767 7798
f 7799 7776 7778
f 7766 7800 7798
f 7800 7801 7799
f 7802 7776 7799
f 7795 7797 7802
f 7762 7804 7748
f 7805 7765 7754
f 7749 7748 7804
f 7805 7804 7792
f 7806 7792 7791
f 7806 7808 7765
f 7793 7792 7804
f 7808 7809 7764
f 7766 7763 7764
f 7766 7809 7810
f 7811 7810 7809
f 7812 7813 7810
f 7807 7811 7808
f 7811 7807 7814
f 7813 7801 7800
f 7801 7813 7815
f 7817 7818 7819
f 7813 7812 7817
f 7816 7815 7819
f 7796 7795 7803
f 7799 7801 7816
f 7790 7814 7807
f 7794 7818 7814
f 7814 7818 7817
f 7794 7789 7819
f 7786 7796 7819
f 7777 7797 7781
f 7777 7776 7802
f 7528 7719 7718
f 7729 7728 7723
f 7738 7731 7730
f 7732 7737 7739
f 7733 7620 7628
f 7722 7731 7738
f 7621 7751 7719
f 7628 7597 7723
f 7733 7736 7741
f 7732 7614 7529
f 7486 7565 7621
f 7549 7565 7350
f 7353 7350 7349
f 7354 7349 7563
f 7821 7822 7823
f 7824 7825 7826
f 7825 7828 7829
f 7830 7831 7832
f 7834 7824 7827
f 7836 7837 7838
f 7840 7482 7406
f 7841 7406 7598
f 7843 7844 7845
f 7833 7824 7834
f 7848 7820 7836
f 7847 7834 7821
f 7828 7851 7846
f 7853 7854 7855
f 7850 7846 7845
f 7829 7828 7850
f 7828 7825 7832
f 7858 7859 7823
f 7860 7858 7822
f 7831 7861 7851
f 7844 7862 7838
f 7834 7835 7822
f 7863 7864 7827
f 7849 7821 7820
f 7825 7824 7833
f 7859 7865 7866
f 7855 7854 7867
f 7837 7852 7855
f 7865 7853 7852
f 7837 7856 7845
f 7857 7867 7868
f 7864 7860 7835
f 7843 7861 7642
f 7868 7863 7826
f 7830 7833 7847
f 7857 7850 7856
f 7837 7836 7866
f 7836 7820 7823
f 7870 7868 7867
f 7870 7871 7863
f 7871 7872 7864
f 7872 7873 7860
f 7869 7867 7854
f 7874 7854 7853
f 7876 7875 7853
f 7874 7877 7878
f 7879 7880 7881
f 7883 7879 7882
f 7886 7879 7883
f 7887 7888 7886
f 7890 7889 7886
f 7886 7888 7880
f 7891 7881 7880
f 7884 7893 7885
f 7871 7870 7893
f 7871 7884 7894
f 7884 7882 7895
f 7882 7881 7896
f 7890 7885 7893
f 7893 7870 7869
f 7881 7891 7897
f 7898 7899 7895
f 7900 7898 7896
f 7901 7902 7899
f 7904 7899 7902
f 7898 7900 7905
f 7894 7895 7899
f 7904 7873 7872
f 7907 7897 7891
f 7906 7891 7892
f 7890 7878 7909
f 7910 7887 7889
f 7877 7911 7909
f 7912 7910 7909
f 7887 7910 7914
f 7906 7908 7913
f 7873 7915 7858
f 7916 7876 7865
f 7859 7858 7915
f 7916 7915 7903
f 7917 7903 7902
f 7917 7919 7876
f 7873 7904 7903
f 7919 7920 7875
f 7877 7874 7875
f 7911 7877 7920
f 7922 7921 7920
f 7923 7924 7921
f 7918 7922 7919
f 7922 7918 7925
f 7924 7912 7911
f 7912 7924 7926
f 7928 7929 7930
f 7924 7923 7928
f 7927 7926 7930
f 7907 7906 7914
f 7910 7912 7927
f 7901 7925 7918
f 7905 7929 7925
f 7925 7929 7928
f 7905 7900 7930
f 7897 7907 7930
f 7888 7908 7892
f 7888 7887 7913
f 7645 7643 7831
f 7839 7838 7862
f 7841 7849 7848
f 7842 7847 7849
f 7504 7503 7844
f 7839 7931 7840
f 7643 7642 7861
f 7503 7539 7862
f 7846 7851 7861
f 7842 7598 7645
f 7932 7933 7934
f 7936 7937 7938
f 7937 7940 7941
f 7942 7943 7944
f 7947 7948 7949
f 7950 7936 7939
f 7953 7954 7955
f 7956 7957 7958
f 7956 7959 7540
f 7962 7963 7964
f 7936 7950 7965
f 7946 7949 7958
f 7966 7932 7952
f 7965 7950 7933
f 7968 7940 7969
f 7970 7971 7972
f 7974 7968 7964
f 7941 7940 7968
f 7940 7937 7944
f 7976 7977 7935
f 7978 7976 7934
f 7943 7979 7969
f 7947 7954 7963
f 7933 7950 7951
f 7980 7981 7939
f 7967 7933 7932
f 7937 7936 7945
f 7977 7982 7983
f 7973 7972 7984
f 7953 7970 7973
f 7982 7971 7970
f 7974 7963 7954
f 7975 7984 7985
f 7981 7978 7951
f 7961 7979 7544
f 7985 7980 7938
f 7942 7945 7965
f 7975 7968 7974
f 7952 7983 7970
f 7952 7932 7935
f 7987 7985 7984
f 7987 7988 7980
f 7988 7989 7981
f 7989 7990 7978
f 7986 7984 7972
f 7991 7972 7971
f 7993 7992 7971
f 7986 7991 7994
f 7997 7998 7999
f 8000 7996 7999
f 8003 7996 8000
f 8005 8003 8006
f 8007 8006 8003
f 7996 8003 8005
f 7998 7997 8009
f 8010 8002 8000
f 7988 7987 8010
f 7988 8001 8011
f 8011 8001 7999
f 7998 8013 8012
f 8007 8002 8010
f 8010 7987 7986
f 8013 7998 8008
f 8015 8016 8012
f 8017 8015 8013
f 8018 8019 8016
f 8021 8016 8019
f 8015 8017 8022
f 8011 8012 8016
f 8021 7990 7989
f 8023 8024 8014
f 8023 8008 8009
f 8007 7995 8026
f 8026 8027 8004
f 8028 8026 7995
f 8029 8027 8026
f 8030 8004 8027
f 8023 8025 8030
f 7990 8032 7976
f 8033 7993 7982
f 7976 8032 8033
f 8034 8033 8032
f 8035 8034 8020
f 8034 8036 7993
f 7990 8021 8020
f 8036 8037 7992
f 7991 7992 8037
f 7994 8037 8038
f 8039 8038 8037
f 8040 8041 8038
f 8035 8039 8036
f 8039 8035 8042
f 8041 8029 8028
f 8029 8041 8043
f 8045 8046 8047
f 8041 8040 8045
f 8044 8043 8047
f 8024 8023 8031
f 8027 8029 8044
f 8042 8035 8019
f 8022 8046 8042
f 8042 8046 8045
f 8017 8047 8046
f 8014 8024 8047
f 8005 8025 8009
f 8005 8004 8030
f 7506 7641 7943
f 7954 7947 7946
f 7967 7966 7957
f 7960 7965 7967
f 7948 7947 7962
f 7955 7946 7957
f 7641 7544 7979
f 7969 7979 7961
f 7960 7540 7506
f 7362 8049 8050
f 8052 7618 7464
f 8051 7464 7467
f 8054 8055 7600
f 8056 7361 7618
f 7436 8050 8057
f 8049 7362 7361
f 8057 8058 7603
f 8055 8053 7467
f 8058 8054 7604
f 8059 8060 8058
f 8060 8061 8054
f 8061 8062 8055
f 8062 8063 8053
f 8059 8057 8050
f 8064 8050 8049
f 8056 8066 8065
f 8059 8064 8067
f 8069 8070 8071
f 8073 8069 8072
f 8075 8069 8073
f 8077 8078 8075
f 8075 8079 8070
f 8079 8080 8081
f 8082 8071 8070
f 8083 8076 8073
f 8061 8060 8083
f 8061 8074 8084
f 8074 8072 8085
f 8072 8071 8086
f 8077 8076 8083
f 8083 8060 8059
f 8071 8082 8087
f 8088 8089 8085
f 8090 8088 8086
f 8091 8092 8089
f 8094 8089 8092
f 8088 8090 8095
f 8084 8085 8089
f 8094 8063 8062
f 8097 8087 8082
f 8096 8082 8081
f 8077 8068 8098
f 8099 8100 8078
f 8101 8098 8068
f 8102 8099 8098
f 8100 8099 8104
f 8096 8080 8103
f 8075 8078 8100
f 8079 8100 8103
f 8105 8051 8053
f 8066 8056 8052
f 8051 8105 8106
f 8107 8106 8105
f 8108 8107 8093
f 8107 8109 8066
f 8063 8094 8093
f 8109 8110 8065
f 8064 8065 8110
f 8067 8110 8111
f 8112 8111 8110
f 8113 8114 8111
f 8108 8112 8109
f 8112 8108 8115
f 8114 8102 8101
f 8102 8114 8116
f 8118 8119 8120
f 8114 8113 8118
f 8117 8116 8120
f 8097 8096 8104
f 8099 8102 8117
f 8091 8115 8108
f 8095 8119 8115
f 8115 8119 8118
f 8095 8090 8120
f 8087 8097 8120
f 7550 7563 7561
f 7552 7551 7561
f 7931 7862 7539
f 7640 7409 7408
f 7549 7526 7644
f 7525 7413 7544
f 7931 7542 7482
f 7483 7482 7542
f 7626 7402 7405
f 7629 7433 7432
f 7629 8121 7949
f 8122 7958 7949
f 8123 8122 8121
f 8124 8123 7432
f 7434 7495 8125
f 8125 7430 8124
f 8124 7430 7429
f 8123 8124 8126
f 8122 8123 8127
f 7541 7540 7959
f 7404 7403 8129
f 8125 7495 7431
f 7526 7525 7505
f 7626 7483 7541
f 7959 7958 8122
f 7961 7545 8048
f 7629 7948 8048
f 8127 7402 7626
f 7402 8127 8126
f 8129 7403 8126
f 7428 7531 8129
f 7589 7531 7428
f 7334 7392 7426
f 7335 7334 7357
f 7616 7615 7446
f 7392 7397 7398
f 7393 7394 7397
f 7342 7469 7394
f 7344 7347 7469
f 7343 7618 7361
f 7360 7345 7344
f 7363 7575 7345
f 7437 7576 7575
f 7582 7576 7437
f 7421 7582 7639
f 7375 7421 7602
f 7599 7337 7375
f 7465 7464 7618
f 7332 7447 7587
f 7447 7332 7335
f 7445 7335 7356
f 7359 7442 7616
f 7636 7443 7442
f 7588 7605 7443
f 7589 7606 7605
f 7590 7471 7606
f 7471 7590 7591
f 7446 7615 7371
f 7371 7370 7372
f 7422 7372 7370
f 7577 7422 7424
f 7536 7577 7580
f 7591 7607 7635
f 7607 7608 7386
f 7543 7608 7494
f 7547 7387 7543
f 7608 7543 7387
f 7387 7547 7416
f 7457 7410 7382
f 7557 7457 7417
f 7559 7557 7554
f 7630 7559 7553
f 7534 7533 7586
f 7466 7338 7337
f 7465 7587 7338
f 7617 7340 7587
f 7341 7340 7617
f 8130 6091 6090
f 6023 6022 8132
f 6182 6023 8133
f 6623 6622 6792
f 6787 6696 6182
f 8134 6700 6696
f 6917 6757 6756
f 6762 6761 7112
f 6762 6765 6184
f 6765 6623 6185
f 6650 6769 6768
f 6772 6771 6916
f 6777 6776 6789
f 6022 6777 6788
f 6756 6700 8134
f 6758 6757 6771
f 6761 6776 6775
f 6769 6622 6621
f 6772 6768 6767
f 6174 6173 6760
f 6187 6186 6178
f 6811 6649 6648
f 6786 6785 6724
f 6791 6790 6918
f 6186 6793 6179
f 6808 6807 8133
f 6884 6883 8135
f 6174 6187 6670
f 6807 6785 6784
f 6791 6808 8132
f 6786 6884 8134
f 6790 6173 6172
f 6649 6793 6792
f 6316 6315 8136
f 8137 6655 6654
f 8139 8140 6601
f 6656 6655 6580
f 6868 8141 8142
f 6316 6712 6711
f 6864 8143 8144
f 6864 6863 8145
f 6868 6867 6869
f 6656 6867 6866
f 8146 8147 8148
f 8139 8150 8151
f 8152 8153 6866
f 8154 8155 8138
f 6874 6873 8156
f 8158 6318 8159
f 8160 8152 6865
f 8161 6317 6313
f 6161 6600 8162
f 8164 8154 6654
f 8153 8164 6653
f 8165 8166 8167
f 8166 5989 8169
f 5989 5988 8170
f 5988 6017 8171
f 8172 8173 6043
f 8174 8175 6032
f 8174 6035 6098
f 8176 6098 6796
f 8177 6796 8178
f 7132 8178 6728
f 6589 6588 8180
f 8180 6588 6004
f 8181 6004 6007
f 6334 6079 6731
f 6079 6078 6645
f 6078 6085 6646
f 6085 8183 8184
f 6091 8130 8185
f 6086 6730 8183
f 6950 6949 7118
f 6952 6951 6992
f 6983 6982 6968
f 6987 6986 7004
f 7001 7000 6979
f 7001 7262 7074
f 7262 7264 7075
f 7264 6952 7127
f 7265 6951 6943
f 7265 7266 6991
f 7266 6950 7070
f 6949 7267 7119
f 7267 6982 6939
f 6983 6987 7099
f 7268 6986 6985
f 7000 7268 8186
f 6938 6937 6985
f 6946 6945 6922
f 6956 6955 6948
f 6971 6970 6928
f 6970 6955 6954
f 6973 6946 6921
f 6977 6976 7263
f 6981 6980 7061
f 6973 7067 7117
f 7097 6980 6979
f 7104 6971 6927
f 6977 6981 7060
f 6976 6945 6944
f 6956 7067 7066
f 6937 7097 8186
f 6938 7104 7101
f 6924 6923 7116
f 6926 6924 7297
f 6930 6929 6962
f 6934 6933 6953
f 6960 6959 6936
f 6963 6929 6928
f 6967 6966 6975
f 7063 7062 7327
f 6959 7065 7096
f 6926 6934 7066
f 7102 6930 7304
f 6967 7063 7331
f 6966 6923 6922
f 7062 7065 7064
f 6963 6933 6932
f 7102 6960 6935
f 7299 7298 7269
f 7301 7300 6932
f 7306 7305 7285
f 7308 7305 6962
f 7315 7306 7284
f 7317 7316 7312
f 7319 7316 6964
f 7322 7298 7297
f 7317 7322 7116
f 7308 7300 7303
f 7326 7325 6958
f 7329 7328 7291
f 7328 7325 7324
f 7301 7299 8187
f 7319 7329 7290
f 7326 7315 7309
f 7272 7271 7321
f 7272 7274 8187
f 7274 7277 7302
f 7281 7280 7307
f 7283 7282 7593
f 7289 7288 7324
f 7293 7292 7330
f 7293 7296 7318
f 7310 7283 7594
f 7314 7313 7595
f 7282 7280 7279
f 7278 7281 7277
f 7314 7271 7270
f 7313 7296 7295
f 7288 7292 7291
f 7289 7310 7637
f 6003 6002 6626
f 6003 6138 7165
f 6690 8188 8189
f 6686 6685 5981
f 6685 6687 6096
f 6687 6688 6806
f 6002 6686 5980
f 6606 8188 5351
f 7164 7173 8190
f 8192 7175 7174
f 6015 6014 8153
f 6189 6188 8155
f 8157 8156 6284
f 6332 6015 8152
f 6593 6592 6317
f 6658 6189 8154
f 6014 6658 8164
f 6332 8194 7131
f 6805 8159 6321
f 6146 8163 8162
f 6607 7128 8195
f 8196 6126 6125
f 8198 7169 7168
f 8199 7168 6633
f 7177 6632 8201
f 8202 8203 8204
f 7208 7186 7185
f 7237 7230 7186
f 6819 6824 7230
f 6818 6821 6824
f 8206 6883 6821
f 8207 6917 8135
f 6917 8207 8209
f 8209 8210 7259
f 8210 8211 6647
f 6812 6648 8212
f 6809 6812 7258
f 6809 7257 8213
f 6113 8213 8214
f 7235 7223 6110
f 7223 7235 7234
f 6147 7234 8215
f 6148 8215 8216
f 8218 6155 6158
f 8219 6285 6116
f 6284 6188 6116
f 6188 6284 8156
f 8155 8156 6873
f 8138 6873 6872
f 8137 6872 8148
f 6193 8147 6281
f 6190 6281 6278
f 8220 8221 8222
f 8224 8225 7139
f 6223 6222 8226
f 6237 6236 8228
f 6238 6223 8227
f 6249 6248 8231
f 6253 6252 8233
f 6236 6279 8221
f 6331 6238 8230
f 6252 6595 8236
f 6222 6237 8229
f 6828 6827 8237
f 6280 8239 8240
f 8208 8135 6883
f 6648 6647 8211
f 6143 6624 8242
f 6624 7189 8244
f 8245 8246 8247
f 8249 8250 8251
f 7195 8253 8254
f 7214 8255 8253
f 8256 8255 7214
f 7243 7211 8257
f 7210 8258 8257
f 8259 7181 6102
f 8261 6122 6121
f 8178 7132 8263
f 7132 6797 8264
f 6797 6135 8265
f 6135 6134 8266
f 6134 6151 8267
f 6151 6154 8268
f 6154 8269 8270
f 8269 8271 8272
f 7194 7193 8273
f 7193 8250 8275
f 8249 8259 8260
f 8248 8277 8278
f 6129 6128 8279
f 7169 8198 8197
f 8198 8190 8192
f 7171 6141 7175
f 6589 6801 7129
f 6801 6037 6040
f 6037 6036 6041
f 6036 6131 6659
f 6131 6156 6118
f 6156 6155 6119
f 8218 8219 6119
f 8219 8218 6815
f 7191 7189 6641
f 8246 8244 7189
f 8245 8278 8281
f 8280 8279 6288
f 6125 6124 7170
f 6288 6127 6602
f 6126 8196 6604
f 8196 8193 6605
f 7174 6140 6691
f 6691 6140 6139
f 7171 7166 8283
f 7172 8283 8284
f 6139 6142 8284
f 8285 8286 8287
f 8211 8210 8289
f 8290 8291 8292
f 8293 8294 8291
f 8293 8207 8208
f 8296 8297 8298
f 6818 6817 8296
f 8285 7256 7258
f 7243 8299 7212
f 7243 6739 8300
f 8301 8300 6739
f 8302 8256 7213
f 8303 8302 7247
f 8304 8303 6168
f 6738 8298 8297
f 8288 8287 6167
f 8304 8292 8291
f 8305 8291 8294
f 6737 6736 8306
f 6736 7244 8307
f 8243 8242 8308
f 8242 8244 8282
f 8247 8246 7191
f 7196 8254 8251
f 8253 8310 8311
f 8255 8312 8310
f 8313 8312 8255
f 7244 8257 8313
f 8313 8257 8258
f 8312 8258 8314
f 8315 8311 8310
f 8311 8315 8316
f 8282 8281 8317
f 8308 8317 8261
f 8309 8261 8262
f 8248 8247 8275
f 8282 8244 8246
f 8307 8313 8256
f 8306 8307 8302
f 8305 8306 8303
f 8298 6738 6737
f 8287 8292 8304
f 7253 8319 7199
f 8319 8320 6028
f 8320 8321 6029
f 8321 8322 7184
f 8322 8203 7185
f 8203 8202 7205
f 8202 7240 7206
f 7239 7245 7210
f 7251 7227 8319
f 7227 7217 8320
f 7217 7216 8321
f 7216 7236 8322
f 7236 8204 8203
f 6175 8199 8200
f 7165 7164 8191
f 6137 8283 7166
f 6200 6199 8283
f 6199 6206 8284
f 8284 6206 6205
f 6205 6608 6689
f 6689 6608 5485
f 7009 7008 8323
f 7013 7012 7021
f 7017 7016 7029
f 7013 7059 7110
f 7073 7072 7084
f 7081 7080 7093
f 7082 7017 7028
f 7088 7072 6995
f 7088 7115 7057
f 7122 7121 7043
f 7124 7123 7024
f 7082 7025 7024
f 7009 7122 7042
f 7012 7124 7126
f 7115 7016 7015
f 7008 7059 7058
f 7081 7121 7120
f 7073 7080 7079
f 6997 6996 7076
f 7023 7022 6942
f 7027 7026 7069
f 7031 7030 6989
f 7079 7078 7033
f 7037 7036 7107
f 7027 7040 7126
f 7041 7030 7029
f 7026 7031 6988
f 7100 7023 6941
f 7108 7036 7002
f 7100 7037 8323
f 6997 7041 7114
f 7022 7040 7039
f 7111 7034 7033
f 7035 7261 7260
f 7261 7076 6996
f 7108 7255 7120
f 7245 8314 8258
f 7246 8315 8314
f 7181 8259 8316
f 8277 6101 6129
f 8278 6129 8280
f 6287 8317 8281
f 6122 8261 8317
f 5487 6145 6144
f 5489 6159 6162
f 6637 8324 8325
f 8326 8325 8225
f 5494 7139 8225
f 6160 6159 8150
f 5496 8324 8151
f 8163 8327 6162
f 6146 6145 8327
f 8243 8328 6144
f 8328 8243 8309
f 8318 8262 5501
f 8262 6121 5502
f 8329 8330 8331
f 8333 8334 8335
f 8338 8182 6007
f 8329 8334 8339
f 8341 6334 6734
f 6006 8342 8337
f 8342 6006 6804
f 6065 6064 8339
f 5995 5994 8341
f 6918 6172 6166
f 7221 6163 6166
f 6172 6171 6880
f 8344 5952 5955
f 5519 5976 5975
f 6806 8345 8346
f 6646 8184 8347
f 8165 8348 8349
f 6322 8350 8131
f 8345 6806 6688
f 6695 8346 5975
f 5976 5519 5528
f 5529 8130 8131
f 6643 8347 8352
f 8183 5533 5532
f 5534 8185 8130
f 6730 5535 5533
f 8351 6688 6093
f 5535 6730 6594
f 8353 8354 6652
f 8354 8353 8355
f 8357 8358 6825
f 8359 8357 6202
f 6224 8354 8356
f 6275 8361 8362
f 6201 6210 7143
f 7146 8363 8359
f 8357 8359 8363
f 8355 8365 8366
f 8361 8360 8368
f 8356 8355 8367
f 8370 8371 8372
f 8220 8373 7145
f 6275 6274 6228
f 5558 4067 6228
f 8375 8369 8367
f 8362 8368 8376
f 8378 8379 8380
f 8363 7146 8382
f 8384 8378 8381
f 8382 8373 8386
f 8383 8387 8364
f 6226 6225 6231
f 6231 6225 8361
f 6636 8388 8389
f 6635 8390 8388
f 8390 6635 5576
f 8379 8378 6232
f 8378 8384 6233
f 8384 8391 8371
f 8372 8392 8393
f 7138 8240 8239
f 8224 8239 8394
f 8146 6638 8394
f 6638 6637 8326
f 6340 6339 6299
f 6747 6338 6577
f 6344 6343 6346
f 6342 6341 6355
f 6353 6352 6349
f 6337 6351 6369
f 6360 6359 6328
f 6358 6357 6386
f 6364 6363 6293
f 6362 6361 6376
f 6366 6353 6297
f 6350 6365 6372
f 6533 6342 6303
f 6534 6536 6346
f 6744 6746 6533
f 6536 6534 6747
f 6357 6835 6894
f 6341 6834 6832
f 6839 6838 6292
f 6837 6836 6380
f 6838 6841 6354
f 6361 6840 6377
f 6363 6366 6296
f 6365 6362 6373
f 6359 6839 6291
f 6836 6358 6385
f 6481 6480 6902
f 6484 6483 6501
f 6477 6488 6487
f 6849 6467 6492
f 6494 6492 6467
f 6547 6481 6544
f 6750 6751 6546
f 6494 6466 6751
f 6843 6484 6500
f 6845 6573 6575
f 6489 6488 6847
f 6474 6487 6491
f 6483 6905 6906
f 6493 6463 6465
f 6471 6470 6544
f 6472 6482 6485
f 6476 6475 6461
f 6470 6451 6542
f 6570 6567 6569
f 6495 6567 6463
f 6475 6465 6462
f 6572 6848 6477
f 6574 6571 6457
f 6569 6568 6543
f 6575 6574 6473
f 6471 6904 6901
f 6469 6468 6508
f 6498 6497 6479
f 6503 6502 6518
f 6489 6506 6505
f 6467 6849 6509
f 6546 6548 6498
f 6549 6548 6752
f 6752 6751 6466
f 6503 6850 6846
f 6850 6851 6844
f 6507 6506 6852
f 6486 6505 6509
f 6502 6907 6909
f 6858 6893 6664
f 8396 8397 6611
f 6833 8398 6324
f 8399 6826 6825
f 6831 6830 8401
f 6707 6833 6826
f 8398 8403 6890
f 6858 6857 8404
f 8405 8396 6610
f 6830 6893 6553
f 8397 6892 6911
f 8400 6825 8358
f 8358 8357 8364
f 8406 8364 8387
f 8389 8408 8380
f 8389 8388 8409
f 8388 8390 8410
f 5575 5597 8410
f 6665 6273 8411
f 8412 8413 6720
f 8413 5602 5601
f 8411 8414 8413
f 6262 6742 6290
f 5602 8413 8414
f 7141 7140 7142
f 8393 8222 8241
f 8227 8226 7147
f 8229 8228 8374
f 8230 8227 7151
f 8232 8231 8415
f 8234 8233 8417
f 8221 8220 8374
f 8235 8230 7153
f 8233 8236 8420
f 8226 8229 7148
f 8238 8237 8421
f 7141 8393 8240
f 6581 6580 6655
f 6640 6639 8140
f 6710 6709 8141
f 6717 6716 6712
f 6860 6859 8143
f 6870 6869 6867
f 6717 8136 6726
f 6870 6580 6192
f 6860 8145 6050
f 6710 6869 6025
f 6639 8149 6871
f 6640 8151 8324
f 6581 8148 8147
f 5615 5614 6234
f 7144 7148 8374
f 7144 7143 6210
f 7150 7149 6210
f 7152 7150 6209
f 7152 7154 8419
f 7154 7155 8421
f 7158 7157 8415
f 7160 7159 8420
f 7162 7161 8418
f 7161 4321 5616
f 8370 6234 6233
f 8373 8382 7146
f 8392 8391 8386
f 8391 8392 8372
f 5617 8344 6713
f 5973 5618 3355
f 8345 5620 5619
f 3880 6735 6910
f 8351 5622 5620
f 8346 5619 5520
f 5621 6910 6911
f 5622 8351 8185
f 8150 5624 5497
f 8423 8424 8425
f 8427 6516 6519
f 8429 8430 8431
f 6523 8432 8433
f 8434 8435 8436
f 8438 8435 8434
f 8438 8440 6511
f 8441 8442 8424
f 8427 8443 8430
f 8444 8428 8445
f 8447 8425 8424
f 8449 8443 8444
f 8451 8431 8430
f 8453 8437 8454
f 8456 8434 8437
f 8439 8434 8456
f 8448 8424 8442
f 8452 8430 8443
f 8425 8447 8459
f 8460 8461 8462
f 8464 8465 8466
f 8468 8469 8470
f 8472 8473 8474
f 8476 8477 8478
f 8480 8481 8482
f 8484 8485 8486
f 8485 8488 8489
f 8490 8491 8481
f 8492 8493 8494
f 8495 8494 8496
f 8498 8499 8500
f 8502 8501 8500
f 8504 8505 8506
f 8508 8509 8510
f 8513 8508 8511
f 8507 8506 8514
f 8516 8517 8518
f 8520 8517 8516
f 8522 8523 8524
f 8526 8527 8522
f 8528 8529 8530
f 8532 8530 8529
f 8534 8535 8536
f 8538 8539 8534
f 8464 8482 8481
f 8483 8540 8541
f 8542 8485 8484
f 8487 8543 8540
f 8488 8485 8542
f 8545 8546 8486
f 8481 8491 8466
f 8547 8545 8489
f 8548 8494 8493
f 8549 8550 8502
f 8551 8496 8494
f 8497 8541 8552
f 8469 8500 8499
f 8547 8541 8497
f 8469 8468 8503
f 8501 8502 8550
f 8460 8504 8507
f 8552 8553 8506
f 8554 8511 8510
f 8549 8552 8505
f 8554 8555 8512
f 8513 8556 8550
f 8461 8507 8515
f 8557 8556 8513
f 8558 8516 8519
f 8559 8560 8527
f 8521 8516 8558
f 8553 8562 8517
f 8477 8525 8524
f 8520 8523 8557
f 8476 8526 8525
f 8527 8560 8556
f 8563 8529 8528
f 8564 8539 8531
f 8533 8529 8563
f 8562 8567 8530
f 8473 8537 8536
f 8559 8562 8532
f 8472 8538 8537
f 8560 8534 8539
f 8463 8462 8555
f 8544 8542 8467
f 8470 8551 8548
f 8475 8474 8566
f 8479 8478 8561
f 8484 8487 8483
f 8490 8489 8488
f 8503 8493 8492
f 8498 8497 8496
f 8504 8510 8509
f 8515 8514 8513
f 8519 8518 8527
f 8521 8524 8523
f 8528 8531 8539
f 8533 8536 8535
f 8467 8484 8482
f 8487 8486 8546
f 8544 8466 8491
f 8480 8541 8547
f 8493 8503 8468
f 8495 8552 8549
f 8551 8470 8499
f 8501 8545 8547
f 8460 8463 8510
f 8508 8550 8549
f 8555 8462 8515
f 8506 8553 8557
f 8519 8526 8476
f 8517 8562 8559
f 8561 8478 8524
f 8522 8556 8557
f 8475 8528 8538
f 8567 8565 8531
f 8566 8474 8536
f 8560 8559 8535
f 8442 8441 8568
f 6512 8570 8568
f 8570 8440 8571
f 8426 6515 6514
f 8428 8444 8443
f 6522 8429 8432
f 8437 8436 8433
f 6524 8436 8435
f 6528 6527 8435
f 8423 6514 6550
f 8429 6522 6516
f 6515 8426 8445
f 8441 6550 6754
f 8570 8572 8569
f 8440 8570 6512
f 8569 8573 8458
f 8574 8575 8572
f 8572 8575 8573
f 8453 8576 8577
f 8576 8453 8455
f 8452 8579 8580
f 8573 8581 8582
f 8575 8583 8581
f 8584 8583 8575
f 8571 8439 8457
f 8439 8571 8440
f 8585 8586 8587
f 8587 8589 8590
f 8589 8591 8592
f 8591 8593 8594
f 8593 8595 8596
f 8595 8597 8598
f 8599 8600 8586
f 8601 8602 8600
f 8603 8604 8602
f 8605 8606 8598
f 8607 8608 8604
f 8609 8610 8608
f 8611 8612 8610
f 8606 8605 8612
f 8613 8614 8589
f 8614 8615 8591
f 8615 8616 8593
f 8616 8617 8595
f 8617 8618 8597
f 8619 8620 8617
f 8620 8621 8618
f 8620 8622 8623
f 8624 8625 8626
f 8626 8623 8622
f 8620 8619 8628
f 8622 8628 8629
f 8627 8629 8630
f 8632 8633 8634
f 8636 8634 8633
f 8637 8638 8636
f 8639 8633 8632
f 8633 8639 8641
f 8635 8641 8642
f 8642 8643 8644
f 8645 8638 8637
f 8586 8646 8613
f 8600 8647 8646
f 8616 8615 8648
f 8615 8614 8649
f 8613 8650 8649
f 8651 8650 8613
f 8647 8652 8651
f 8652 8653 8654
f 8602 8655 8647
f 8655 8656 8652
f 8656 8657 8653
f 8653 8658 8659
f 8658 8660 8661
f 8644 8662 8663
f 8664 8661 8662
f 8661 8664 8666
f 8666 8667 8654
f 8667 8650 8651
f 8668 8605 8597
f 8669 8668 8618
f 8670 8669 8621
f 8671 8670 8623
f 8671 8626 8625
f 8625 8631 8673
f 8636 8674 8675
f 8638 8676 8674
f 8645 8677 8676
f 8645 8663 8678
f 8679 8680 8660
f 8657 8679 8658
f 8583 8584 8648
f 8650 8581 8583
f 8667 8582 8581
f 8666 8681 8582
f 8664 8682 8681
f 8682 8664 8665
f 8684 8685 8643
f 8684 8642 8641
f 8639 8580 8579
f 8580 8639 8640
f 8629 8577 8576
f 8604 8686 8655
f 8608 8687 8686
f 8610 8688 8687
f 8612 8689 8688
f 8605 8668 8689
f 8690 8689 8668
f 8691 8688 8689
f 8692 8687 8688
f 8693 8686 8687
f 8656 8655 8686
f 8694 8690 8669
f 8695 8691 8690
f 8696 8692 8691
f 8697 8693 8692
f 8657 8656 8693
f 8697 8698 8679
f 8696 8699 8698
f 8696 8695 8700
f 8694 8701 8700
f 8670 8671 8701
f 8702 8701 8671
f 8701 8702 8703
f 8703 8704 8699
f 8699 8704 8705
f 8698 8705 8680
f 8672 8673 8706
f 8675 8674 8707
f 8674 8676 8709
f 8709 8676 8677
f 8677 8678 8711
f 8712 8713 8710
f 8702 8706 8714
f 8713 8712 8714
f 8707 8709 8716
f 8717 8716 8713
f 8710 8713 8716
f 8708 8707 8717
f 8546 8601 8599
f 8546 8545 8603
f 8550 8607 8603
f 8556 8609 8607
f 8560 8611 8609
f 8564 8606 8611
f 8565 8598 8606
f 8565 8567 8596
f 8567 8562 8594
f 8562 8553 8592
f 8553 8552 8590
f 8590 8552 8541
f 8540 8585 8588
f 8543 8599 8585
f 8684 8449 8450
f 8579 8452 8449
f 8682 8447 8448
f 8447 8682 8683
f 8681 8448 8458
f 8584 8718 8619
f 8628 8718 8577
f 8457 8456 8577
f 8574 8457 8718
f 7134 6920 6919
f 6164 6163 6919
f 5485 6608 6609
f 3832 5351 8188
f 5921 6609 6221
f 5922 4281 7128
f 6439 8719 8720
f 8720 8719 6570
f 6570 8719 8721
f 6439 6447 8721
f 6727 6058 6057
f 6312 6057 6073
f 6828 6248 6073
f 6877 6268 6267
f 6745 6267 6299
f 6891 6306 6305
f 6338 6747 6746
f 6438 6411 6410
f 6412 6411 6440
f 6564 6421 6424
f 6842 6578 6577
f 6889 6305 6829
f 6579 6578 6564
f 6435 6410 6565
f 8722 6857 6306
f 8723 6859 6058
f 6269 6268 6878
f 7160 7157 6829
f 8724 8144 8143
f 8238 8231 6248
f 6339 6746 6744
f 8395 6577 6338
f 6879 6878 8404
f 8422 8415 8231
f 8725 8143 6859
f 8416 8415 7157
f 6059 6050 6049
f 6330 6099 6049
f 7156 6260 6259
f 6269 6265 6264
f 6297 6349 6264
f 6340 6352 6351
f 6368 6842 8395
f 6422 6414 6559
f 6436 6403 6404
f 6447 6439 6438
f 6424 6423 6436
f 6331 6827 6099
f 6422 6421 6842
f 8722 8403 6856
f 8141 6863 6862
f 6265 6855 6617
f 6324 6890 6259
f 7158 7155 6260
f 6709 8145 6863
f 8235 8237 6827
f 6298 6349 6352
f 6370 6369 6351
f 6891 6890 8403
f 8419 8421 8237
f 6051 6050 8145
f 8422 8421 7155
f 8721 6447 6446
f 6748 6440 8720
f 8727 6008 6011
f 8158 6009 8144
f 6009 6008 6861
f 6008 8727 6862
f 8142 6862 8727
f 6554 6553 6893
f 6833 6707 6708
f 6708 6856 8403
f 5623 6911 6892
f 8406 8366 8365
f 8407 8375 8366
f 8377 8376 8408
f 8397 8396 6530
f 6651 8399 8400
f 8402 8401 6616
f 6618 6707 8399
f 6554 8404 6878
f 8396 8405 6854
f 8401 6553 6552
f 6892 8397 6529
f 8353 8400 8365
f 8377 8409 6276
f 8409 8410 6277
f 8410 5597 5932
f 8726 8404 6857
f 8726 6856 6855
f 7234 6107 6106
f 8279 6124 6127
f 8354 6224 6227
f 6246 6245 6619
f 8239 6280 6282
f 8162 6283 6286
f 6292 6354 6246
f 6382 6378 6377
f 6392 6397 6396
f 6396 6395 6427
f 6398 6397 6443
f 6459 6443 6458
f 6525 6520 6523
f 6558 6272 6271
f 6429 6428 6560
f 6460 6458 6572
f 6272 6558 3736
f 7128 6603 6602
f 6227 6245 6244
f 7180 6631 6634
f 6642 6286 6285
f 6356 6741 6740
f 6816 6815 8218
f 6820 8300 8301
f 6355 6832 6741
f 6344 6835 6834
f 6364 6841 6840
f 6375 6378 6560
f 6848 6847 6488
f 6853 6852 6506
f 6530 6854 6740
f 8140 6871 6874
f 6555 6271 6831
f 8215 6106 6881
f 6348 6895 6894
f 6383 6895 6896
f 6433 6897 6896
f 6432 6897 6898
f 6406 6899 6898
f 6900 6455 6387
f 6900 6449 6448
f 6472 6904 6903
f 6480 6905 6903
f 6497 6907 6906
f 6908 6519 6518
f 4280 5933 6120
f 6100 7167 7170
f 6632 6631 7188
f 7235 8214 7201
f 7206 7209 7212
f 8213 7257 7232
f 8214 8213 7231
f 6108 6107 7200
f 7238 8299 8300
f 7207 7212 8299
f 8205 7241 7240
f 6170 6169 7232
f 6638 8146 8149
f 6601 6874 8157
f 6600 8157 6283
f 8392 8223 8222
f 6278 6280 8241
f 6816 8272 8274
f 6642 6815 6814
f 6128 7170 6124
f 8195 6602 6127
f 8212 8211 8286
f 8292 8287 8286
f 8290 8289 8210
f 8207 8293 8290
f 8294 8293 8295
f 8206 8296 8295
f 6817 8301 8297
f 8288 6170 7256
f 7209 7206 7240
f 6225 6224 8360
f 8369 8368 8360
f 8375 8376 8368
f 8381 8380 8387
f 8385 8381 8383
f 8385 8386 8391
f 8147 8146 6282
f 6345 6894 6835
f 6327 6832 6834
f 6295 6354 6841
f 6379 6377 6840
f 6853 6847 6845
f 6479 6906 6905
f 6848 6572 6571
f 6452 6901 6904
f 6525 6852 6851
f 6496 6909 6907
f 8402 8405 6876
f 8408 8407 8387
f 6279 8241 8222
f 6872 6871 8149
f 8223 8386 8373
f 6526 8433 8436
f 8446 8445 8426
f 8455 8454 8431
f 8446 8459 8450
f 8454 8433 8432
f 6908 8445 8428
f 8578 8455 8451
f 8632 8631 8625
f 8640 8632 8624
f 8660 8663 8662
f 8662 8644 8643
f 8675 8673 8631
f 8680 8678 8663
f 8683 8665 8643
f 8578 8640 8630
f 8673 8675 8708
f 8678 8680 8705
f 8711 8705 8704
f 8706 8708 8715
f 8703 8714 8712
f 8459 8683 8685
f 8407 8408 8376
f 6615 6854 8405
f 5993 6080 6335
f 6060 6682 6018
f 5993 6047 6081
f 6105 6104 6176
f 6177 6104 6000
f 6309 6311 6310
f 8725 6315 6314
f 8724 6314 6318
f 6321 6320 6053
f 6249 6595 6310
f 6596 6254 6257
f 8188 6606 6605
f 5986 6683 6682
f 6714 6726 6311
f 6047 6320 6086
f 6875 6596 6304
f 6001 6105 6912
f 7162 7159 6597
f 7254 7163 6912
f 6684 6683 7163
f 8723 8136 6315
f 6592 8159 6318
f 8332 8331 8171
f 6607 6606 5350
f 8191 8190 8198
f 8197 8192 8193
f 8159 6592 6319
f 8232 8236 6595
f 8192 8190 7173
f 8189 6605 8193
f 6177 8191 8199
f 6733 8331 8330
f 8340 8341 8330
f 8341 5994 6335
f 8412 6721 6875
f 8414 8411 6273
f 8416 8420 8236
f 6727 6726 8136
f 8417 8420 7159
f 6277 5932 5558
f 5935 5576 6635
f 5991 5990 6061
f 6019 6018 6682
f 5999 6034 6033
f 6045 6044 6677
f 6055 6054 6083
f 5995 6064 6063
f 6084 6054 6053
f 6088 5990 5989
f 6063 6084 6046
f 6066 6097 6034
f 6103 6102 7181
f 6673 6676 6133
f 6149 6148 6153
f 6323 6088 8166
f 6585 6584 6083
f 6630 6629 6702
f 6634 6633 7168
f 6676 6149 6152
f 6703 6629 6628
f 6796 6729 6728
f 6069 6729 6097
f 6132 6798 6674
f 6803 6799 6800
f 6011 6010 6055
f 6799 6803 6582
f 7194 8271 6881
f 7131 6584 6583
f 6798 7133 6913
f 7179 7178 8204
f 7183 7182 7246
f 7188 7183 7242
f 6109 7196 7192
f 7204 6630 6176
f 7219 7218 6628
f 7218 7228 7248
f 7179 7219 6627
f 7250 7254 6704
f 7228 7252 7249
f 6678 7250 7249
f 5997 7252 7251
f 8168 8167 6644
f 8167 8169 6732
f 8169 8170 6733
f 8170 8171 8331
f 8336 8335 8173
f 8182 8338 8175
f 8182 8174 8176
f 8181 8176 8177
f 8180 8177 8179
f 7133 6728 6590
f 7130 7131 8194
f 8200 6633 6632
f 7178 8201 8205
f 8269 6154 6153
f 8254 8311 8252
f 8260 6102 6101
f 8179 8263 6802
f 8263 8264 6038
f 8264 8265 6039
f 8265 8266 6130
f 8266 8267 6157
f 8267 8268 6158
f 8268 8270 8217
f 8270 8272 6816
f 6813 8274 8273
f 8273 8275 8247
f 8276 8260 8277
f 7192 8251 8250
f 8252 8316 8259
f 8276 8275 8250
f 7204 8200 7177
f 7182 8316 8315
f 8343 8339 8334
f 8333 8337 8342
f 8343 8342 6800
f 8340 8339 6064
f 6323 8349 8350
f 8168 8352 8348
f 8349 5937 5936
f 8352 5939 5938
f 6103 6634 7167
f 8271 8269 8216
f 8201 7188 7241
f 8274 8272 8271
f 5991 6018 6017
f 8728 8171 6017
f 5997 5996 6680
f 5996 6033 6045
f 6033 6032 6042
f 6042 6032 8175
f 8172 8175 8338
f 8336 8338 8337
f 6684 6678 6677
f 6681 6677 6044
f 6019 6044 6043
f 6016 6043 8173
f 8728 8173 8335
f 8332 8335 8334
f 8194 6332 8160
f 6805 6010 6009
f 5940 5941 7137
f 8324 5496 5942
f 8325 5942 5495
f 6253 5943 4292
f 7137 5941 5944
f 8348 5938 5937
f 8350 5936 5530
f 5624 8150 6159
f 6718 4293 5940
f 8327 5945 5490
f 8347 5946 5939
f 5933 5502 6121
f 8184 5532 5946
f 7142 4298 5615
f 6145 5487 5945
f 8234 5947 5943
f 8328 5948 5488
f 8318 5500 5948
f 7139 5494 4299
f 8418 5616 5947
f 5604 8414 6599
f 5949 3853 6712
f 5944 5949 6716
f 6720 5601 5950
f 6255 5950 4322
f 5614 5935 6235
f 6711 3852 5951
f 8161 5951 3857
f 5973 5964 2965
f 2965 5964 5963
f 222 5963 5960
f 223 5960 5958
f 5958 5957 3185
f 5957 5970 2977
f 5970 5967 1213
f 5967 5966 1214
f 2532 1214 5966
f 2894 2532 5953
f 2871 2894 5952
f 5510 5722 5721
f 5822 5825 5824
f 3511 3512 3844
f 3887 3892 3889
f 3876 3879 3878
f 3356 3357 3911
f 3372 3373 3390
f 3849 3854 3851
f 3481 3478 3867
f 3873 3874 3385
f 3875 3375 3450
f 3915 3794 3865
f 3657 3670 3671
f 5618 5973 3013
f 1997 1996 1889
f 1237 745 744
f 1535 1534 120
f 1531 1532 201
f 1119 1241 1032
f 946 948 824
f 163 8 5
f 9041 9178 9175
f 1155 1156 1162
f 427 213 327
f 553 1902 796
f 8732 2232 2231
f 8732 3178 2230
f 2237 3183 3180
f 8734 8735 8736
f 8735 8737 8738
f 8737 8739 8740
f 8739 8741 8742
f 8743 8744 8745
f 8746 8745 8747
f 8749 8750 8748
f 8751 8752 8750
f 8754 8755 8756
f 8757 8758 8755
f 8759 8760 8758
f 8761 8762 8760
f 8763 8764 8762
f 8766 8751 8749
f 8765 8749 8747
f 8767 8747 8745
f 8768 8745 8744
f 8744 8770 8771
f 8770 8741 8772
f 8741 8739 8773
f 8739 8737 8774
f 8737 8735 8775
f 8735 8734 8776
f 8776 8734 8777
f 2904 8778 8779
f 8780 8778 2904
f 8781 8780 2902
f 2875 8782 8781
f 8783 8784 2733
f 2825 8785 8786
f 8788 8789 8790
f 8792 8788 8787
f 2724 2723 8785
f 8787 8790 3115
f 8791 8787 3117
f 8794 8766 8765
f 8793 8765 8767
f 8795 8767 8768
f 8796 8768 8769
f 8797 8769 8771
f 8771 8772 8799
f 8772 8773 8800
f 8773 8774 8801
f 8774 8775 8802
f 8775 8776 8803
f 8776 3184 3056
f 8802 8803 2253
f 8801 8802 2252
f 8800 8801 1727
f 8799 8800 2150
f 8804 8798 8799
f 8805 8797 8798
f 8806 8796 8797
f 8807 8795 8796
f 8793 8795 8807
f 8794 8793 8808
f 8810 8811 8809
f 8808 8807 8806
f 8810 8806 8805
f 8813 8811 8810
f 8812 8805 8804
f 8815 8813 8812
f 8814 8804 1941
f 8755 8750 8752
f 8758 8748 8750
f 8760 8746 8748
f 8762 8743 8746
f 8816 8817 8764
f 8818 8819 8820
f 8816 8763 8782
f 8821 8818 8817
f 8789 8821 8783
f 8818 8821 8789
f 8819 8818 8788
f 8822 8820 8819
f 8823 8819 8792
f 8824 8792 8791
f 2712 8791 3119
f 8826 8822 8823
f 8825 8823 8824
f 8827 8824 2712
f 8828 8827 2711
f 8829 8825 8827
f 8830 8826 8825
f 8743 8762 8764
f 8817 8820 8831
f 8770 8744 8743
f 8741 8770 8831
f 8820 8822 8742
f 8740 8742 8822
f 8738 8740 8826
f 8736 8738 8830
f 8833 8828 2400
f 8834 8829 8828
f 8832 8830 8829
f 8835 8833 2402
f 3058 8835 2707
f 3061 8836 8835
f 8836 8834 8833
f 8733 8736 8832
f 8837 8832 8834
f 8777 8734 8733
f 8838 8733 8837
f 8837 8836 3061
f 1961 3057 8838
f 3057 3184 8777
f 8779 8754 8753
f 8778 8757 8754
f 8780 8759 8757
f 8781 8761 8759
f 8782 8763 8761
f 8821 8816 8784
f 8785 8790 8789
f 2723 3115 8790
f 2875 2733 8784
f 2736 2824 8786
f 2947 8779 8839
f 8815 8814 1360
f 1900 1925 1924
f 1736 1717 1718
f 1955 1952 1943
f 1671 1738 1735
f 1696 1750 1698
f 1800 1865 1864
f 2063 2055 2056
f 1737 1734 1717
f 1751 1735 1697
f 943 9337 9351
f 9108 8839 8753
f 1577 1578 1764
f 9369 1598 1599
f 1945 146 82
f 68 6 7
f 147 1542 1543
f 1109 1135 1133
f 1503 1910 1907
f 1499 1501 1909
f 452 1922 735
f 1824 2068 9287
f 1825 2067 2068
f 1463 1462 1022
f 841 1012 1009
f 1568 1547 1955
f 1910 1503 1502
f 1939 1502 422
f 309 280 1940
f 1804 1851 1866
f 269 1482 1954
f 2065 1607 2060
f 9264 1685 1758
f 280 276 552
f 1875 1873 1869
f 1739 1721 1734
f 5923 5897 5899
f 1778 1779 1790
f 310 1920 1915
f 1909 1908 1906
f 1789 1783 1778
f 978 981 980
f 1584 1759 1731
f 425 426 311
f 148 1543 115
f 2044 9349 9346
f 277 1910 1939
f 1943 1946 1945
f 1461 1462 1463
f 2253 8803 3056
f 2981 2254 8927
f 2209 2998 8927
f 2254 2253 3055
f 2998 926 958
f 2826 2817 2721
f 8928 2739 2721
f 2816 8929 8928
f 2334 2297 2296
f 2298 2297 2334
f 2301 2298 2336
f 2311 2301 2338
f 2312 2311 2354
f 2359 2358 2361
f 2335 2296 2359
f 2414 2413 2365
f 2413 2270 2361
f 2355 2352 2540
f 2541 2540 2539
f 2722 2721 2739
f 3114 2722 2738
f 3110 3112 3121
f 3108 3110 3120
f 3122 1754 3127
f 3112 3122 3126
f 3127 1754 1753
f 3139 3133 2529
f 9196 9227 3133
f 8928 2789 2740
f 8929 2790 2789
f 228 229 91
f 245 244 243
f 248 7 247
f 2 297 296
f 145 146 300
f 327 213 210
f 329 332 331
f 239 241 240
f 373 376 375
f 178 177 176
f 1218 1225 1228
f 9314 1231 1295
f 808 809 824
f 9310 9311 1013
f 9265 9262 1411
f 2154 2149 2159
f 9297 9287 1758
f 306 807 1922
f 2157 2153 1976
f 708 709 2031
f 1450 1226 1227
f 1672 1604 1605
f 1813 1814 1821
f 1717 1716 1715
f 176 159 402
f 1710 1705 9368
f 1712 1580 1577
f 1705 1713 1711
f 3435 3476 3475
f 971 978 979
f 822 823 1094
f 2909 2810 2793
f 2810 2769 2795
f 2799 2910 2249
f 9114 9095 2910
f 2769 2768 2801
f 3177 3176 3178
f 3178 8732 3180
f 3181 1394 1393
f 3181 1633 1632
f 3182 1632 2244
f 3183 2244 2243
f 8932 2791 2790
f 2808 8932 8929
f 2239 9018 9016
f 1149 1150 9015
f 1150 2009 9011
f 2202 9013 9010
f 2921 9008 9009
f 9012 9004 2133
f 1777 1579 1759
f 1201 1196 1183
f 9005 8998 2195
f 8997 9020 2770
f 9379 9377 1687
f 1516 152 154
f 8993 9006 2974
f 8994 8992 2779
f 2771 2772 9019
f 3070 2771 8990
f 8991 8988 2775
f 1376 1375 1370
f 2767 8987 9000
f 2195 8998 8987
f 2775 8988 8986
f 8344 5617 8989
f 9256 9254 8983
f 2776 8986 8982
f 2240 9016 8979
f 2920 8979 9121
f 8992 8978 2786
f 1805 1850 1851
f 8978 8976 2787
f 2951 2773 8984
f 2772 2951 8975
f 2973 2224 8974
f 2224 2223 8981
f 1957 1953 320
f 306 305 304
f 2770 9020 8972
f 2913 8972 9018
f 2923 9009 8971
f 308 1940 431
f 207 208 132
f 1879 1876 1881
f 9185 9239 8969
f 2475 3070 9002
f 2476 2475 8968
f 2223 2476 8967
f 8966 8993 2803
f 2037 9007 11
f 1959 1958 450
f 2003 8999 8964
f 9 10 334
f 2009 2008 8962
f 2008 2973 8980
f 9329 672 673
f 8959 8994 2778
f 2935 8958 8957
f 111 1149 9014
f 3238 3342 3341
f 8954 8958 2935
f 683 9328 9337
f 8952 9001 2810
f 736 733 732
f 1795 1804 1803
f 8949 8954 2938
f 8951 8949 2939
f 2950 8956 8948
f 2940 2949 8948
f 9253 9243 8956
f 2868 8953 8946
f 2869 8946 8966
f 1024 1034 1023
f 8944 8947 2948
f 551 1939 442
f 2972 8943 9012
f 2032 8977 8943
f 216 93 1924
f 3532 3534 3482
f 203 202 201
f 3539 3542 3541
f 1828 1848 1847
f 1958 1957 449
f 272 271 178
f 2871 8989 8939
f 9071 9121 9008
f 2801 2768 9095
f 2005 9210 9106
f 960 886 899
f 9109 9107 9064
f 9232 9240 9098
f 3151 9098 9045
f 2193 9056 9075
f 9059 9055 3145
f 9055 9101 2761
f 9044 9059 3144
f 2926 9110 9086
f 9086 9044 3104
f 9207 9206 9198
f 566 567 9210
f 8839 9108 1864
f 1602 1586 2079
f 2868 9110 9063
f 2922 9063 9062
f 2923 9062 9070
f 9122 9065 2918
f 9071 9122 9066
f 2921 9070 9122
f 2920 9066 9038
f 9065 9094 2915
f 2917 2766 9074
f 2916 2917 9093
f 2239 9039 9104
f 2911 9092 9104
f 9095 9092 2911
f 2797 2801 9114
f 2797 9043 9050
f 9074 9080 2763
f 9060 9080 2764
f 2194 9075 9100
f 2221 9100 9101
f 2756 9060 9061
f 2750 9050 9061
f 9121 8979 1817
f 9215 9222 1691
f 2515 9073 9042
f 2548 9042 9045
f 2513 2489 9084
f 2513 9068 9073
f 2509 9085 9072
f 2510 9084 9085
f 2289 9072 9091
f 2283 9091 9069
f 2240 9038 9039
f 9111 9109 9076
f 716 2121 9339
f 727 1999 9213
f 2165 2171 2170
f 9112 9111 9078
f 9195 9033 9030
f 2175 2172 769
f 2100 500 2095
f 9210 567 9209
f 640 9004 9012
f 1653 9020 8997
f 1895 8980 8974
f 746 8974 8981
f 1653 1810 8972
f 9214 1603 1604
f 2093 2075 2073
f 959 996 995
f 962 899 919
f 1400 1401 1398
f 1000 817 1127
f 956 959 884
f 1662 8992 8994
f 2034 9002 8990
f 9378 1689 8983
f 8979 9016 766
f 9016 9018 765
f 334 9014 9015
f 1868 8975 8984
f 1684 1651 1652
f 1682 1683 775
f 1585 1603 9214
f 9215 9214 1672
f 2173 2174 490
f 1658 8988 8991
f 9000 8987 1650
f 1571 9206 2010
f 1587 9116 9123
f 2099 2095 2077
f 787 9213 1999
f 2000 9146 786
f 3155 339 9149
f 9165 3155 9135
f 2180 2179 9137
f 8940 2180 9136
f 1684 9298 9292
f 1760 464 8939
f 2607 9141 9145
f 2581 9128 9141
f 2371 2502 9152
f 2371 9147 9145
f 2587 9128 9127
f 2586 9127 9149
f 2497 9143 9139
f 2502 2503 9139
f 2494 9143 9142
f 9142 9140 2472
f 9140 9153 2468
f 9153 9155 2469
f 726 9360 9344
f 581 9011 8962
f 10 8955 9014
f 1837 8958 8954
f 741 8981 8967
f 1299 8968 9002
f 1851 8951 8948
f 8971 9009 1820
f 580 8962 8980
f 1758 1685 8966
f 1693 9001 8952
f 8948 8956 1867
f 1894 1826 9012
f 2126 1418 9265
f 9358 2126 9293
f 2113 9363 9319
f 2179 9165 9241
f 624 9355 9356
f 2192 9056 9240
f 2177 8985 9239
f 1364 9276 9285
f 9310 9307 1470
f 3135 1753 9227
f 2069 9264 9287
f 1351 9313 9305
f 2108 9334 9353
f 2089 2092 9188
f 9280 9286 1358
f 2001 9201 9235
f 2187 9235 9171
f 2130 9208 9204
f 2004 9204 9201
f 2014 9176 9231
f 2201 9231 9208
f 3167 9172 9211
f 3168 9176 9172
f 3159 9161 9216
f 3160 9216 9217
f 9182 9159 3158
f 3158 9159 9161
f 2200 3069 9182
f 9137 9241 9194
f 9174 9226 2197
f 9242 9188 2092
f 9226 9242 9173
f 3154 9158 9242
f 3155 9165 9158
f 2091 9171 9173
f 2196 3148 9202
f 2193 2196 9228
f 9056 2193 9233
f 2086 2192 9232
f 2087 2086 9230
f 2204 9194 9203
f 2205 9203 9202
f 9361 9338 574
f 2124 2087 9229
f 2208 2124 9212
f 9163 9237 3140
f 9237 9197 3138
f 9197 9196 3139
f 9223 9164 3136
f 9164 9163 3137
f 9227 9219 3131
f 9219 9234 3132
f 1813 9291 9290
f 1293 9306 9308
f 2184 2321 9200
f 2181 2184 9184
f 9217 9220 3079
f 9220 9186 3080
f 709 9325 9327
f 2774 2961 9189
f 9238 9221 2134
f 9261 9260 766
f 2968 9236 9218
f 2969 9211 9236
f 2958 9199 9189
f 2132 9199 9218
f 2321 2185 9223
f 9312 9300 1449
f 9357 9326 582
f 9338 9341 577
f 9299 9278 1818
f 705 9354 9339
f 9268 9364 9359
f 2111 9335 9363
f 9262 9281 1366
f 1812 9291 9274
f 675 9303 9304
f 8940 9157 9303
f 2110 9319 9320
f 2104 9348 9353
f 2109 9320 9351
f 9294 9283 703
f 1680 9263 9298
f 1639 1627 9271
f 623 9356 9358
f 2139 2140 9318
f 1808 1640 9296
f 9272 9273 1819
f 9324 9366 9352
f 1646 9284 9282
f 9341 9342 633
f 2139 9317 9327
f 2156 2155 9323
f 674 9304 9365
f 2117 9269 9264
f 1815 9274 9299
f 9307 9301 1444
f 697 9358 9364
f 866 842 9288
f 9316 9321 2136
f 9037 9183 9178
f 9035 9192 9183
f 9205 9198 9190
f 9192 9035 9033
f 1088 9190 9198
f 9191 9192 9195
f 2791 8932 8933
f 8932 2808 2807
f 2792 8933 8934
f 8933 2807 2806
f 8952 2909 8934
f 8960 8934 2806
f 2948 8947 9243
f 2105 9360 9348
f 8982 9254 9256
f 680 9330 9328
f 1891 1890 9362
f 2905 9251 9253
f 2900 9249 9251
f 2901 9249 9259
f 2734 2878 9258
f 2877 9259 9258
f 2820 9252 9246
f 2818 9248 9244
f 2823 9245 9244
f 2822 9245 9250
f 2819 2735 9252
f 2817 9248 9247
f 2809 9257 9247
f 2808 9257 9255
f 2805 9256 9255
f 1702 9373 9375
f 9374 9372 1797
f 9367 9368 1706
f 9370 9379 1692
f 1657 9350 9332
f 1890 1877 9347
f 9224 9222 1674
f 1689 1690 9224
f 9378 9254 8982
f 8960 8983 1689
f 9369 9375 1703
f 1598 9369 9380
f 9332 9336 1876
f 1691 1690 9377
f 9377 9378 1688
f 9386 9385 9389
f 9386 9390 9391
f 9384 9388 9389
f 9390 9394 9395
f 9389 9388 9392
f 9389 9393 9394
f 9394 9398 9399
f 9393 9392 9396
f 9394 9393 9397
f 9399 9398 9402
f 9396 9400 9401
f 9397 9401 9402
f 9402 9406 9407
f 9401 9400 9404
f 9402 9401 9405
f 9407 9406 9410
f 9405 9404 9408
f 9405 9409 9410
f 9411 9410 9414
f 9409 9408 9412
f 9410 9409 9413
f 9414 9418 9419
f 9412 9416 9417
f 9413 9417 9418
f 9418 9422 9423
f 9417 9416 9420
f 9418 9417 9421
f 9422 9426 9427
f 9420 9424 9425
f 9421 9425 9426
f 9426 9430 9431
f 9425 9424 9428
f 9426 9425 9429
f 9431 9430 9434
f 9428 9432 9433
f 9429 9433 9434
f 9434 9438 9439
f 9433 9432 9436
f 9434 9433 9437
f 9439 9438 9442
f 9436 9440 9441
f 9437 9441 9442
f 9443 9442 9446
f 9441 9440 9444
f 9442 9441 9445
f 9447 9446 9450
f 9444 9448 9449
f 9445 9449 9450
f 9450 9454 9455
f 9449 9448 9452
f 9450 9449 9453
f 9454 9458 9459
f 9452 9456 9457
f 9453 9457 9458
f 9458 9462 9463
f 9457 9456 9460
f 9458 9457 9461
f 9463 9462 9466
f 9460 9464 9465
f 9461 9465 9466
f 9466 9470 9471
f 9465 9464 9468
f 9466 9465 9469
f 9471 9470 9474
f 9468 9472 9473
f 9469 9473 9474
f 9475 9474 9478
f 9473 9472 9476
f 9474 9473 9477
f 9479 9478 9482
f 9476 9480 9481
f 9477 9481 9482
f 9483 9482 9486
f 9481 9480 9484
f 9482 9481 9485
f 9486 9490 9491
f 9484 9488 9489
f 9485 9489 9490
f 9490 9494 9495
f 9489 9488 9492
f 9490 9489 9493
f 9495 9494 9498
f 9492 9496 9497
f 9493 9497 9498
f 9498 9502 9503
f 9497 9496 9500
f 9498 9497 9501
f 9503 9502 9507
f 9500 9505 9506
f 9501 9506 9507
f 9508 9507 9511
f 9505 9509 9510
f 9507 9506 9510
f 9512 9511 9386
f 9510 9509 9384
f 9510 9385 9386
f 9521 9520 9533
f 9518 9531 9532
f 9517 9516 9529
f 9515 9514 9527
f 9523 9536 9537
f 9521 9534 9535
f 9519 9532 9533
f 9518 9517 9530
f 9515 9528 9529
f 9513 9526 9527
f 9524 9537 9538
f 9523 9522 9535
f 9528 9541 9542
f 9526 9539 9540
f 9538 9537 9550
f 9535 9548 9549
f 9534 9533 9546
f 9531 9544 9545
f 9530 9529 9542
f 9528 9527 9540
f 9537 9536 9549
f 9534 9547 9548
f 9532 9545 9546
f 9531 9530 9543
f 9541 9554 9555
f 9540 9539 9552
f 9550 9563 9564
f 9548 9561 9562
f 9547 9546 9559
f 9544 9557 9558
f 9542 9555 9556
f 9541 9540 9553
f 9549 9562 9563
f 9547 9560 9561
f 9546 9545 9558
f 9544 9543 9556
f 9555 9554 9567
f 9552 9565 9566
f 9564 9563 9576
f 9562 9561 9574
f 9559 9572 9573
f 9557 9570 9571
f 9555 9568 9569
f 9553 9566 9567
f 9562 9575 9576
f 9561 9560 9573
f 9559 9558 9571
f 9557 9556 9569
f 9567 9580 9581
f 9566 9565 9578
f 9576 9589 9590
f 9575 9574 9587
f 9572 9585 9586
f 9571 9570 9583
f 9569 9568 9581
f 9566 9579 9580
f 9576 9575 9588
f 9574 9573 9586
f 9571 9584 9585
f 9569 9582 9583
f 9581 9580 9593
f 9578 9591 9592
f 9590 9589 9602
f 9588 9587 9600
f 9585 9598 9599
f 9583 9596 9597
f 9582 9581 9594
f 9579 9592 9593
f 9589 9588 9601
f 9587 9586 9599
f 9584 9597 9598
f 9583 9582 9595
f 9594 9593 9606
f 9592 9591 9604
f 9602 9615 9616
f 9601 9600 9613
f 9598 9611 9612
f 9596 9609 9610
f 9594 9607 9608
f 9592 9605 9606
f 9601 9614 9615
f 9600 9599 9612
f 9598 9597 9610
f 9596 9595 9608
f 9607 9606 9619
f 9605 9604 9617
f 9615 9628 9629
f 9613 9626 9627
f 9611 9624 9625
f 9610 9609 9622
f 9607 9620 9621
f 9605 9618 9619
f 9615 9614 9627
f 9613 9612 9625
f 9611 9610 9623
f 9608 9621 9622
f 9619 9632 9633
f 9617 9630 9631
f 9628 9641 9642
f 9627 9626 9639
f 9625 9624 9637
f 9622 9635 9636
f 9621 9620 9633
f 9619 9618 9631
f 9627 9640 9641
f 9625 9638 9639
f 9623 9636 9637
f 9622 9621 9634
f 9632 9645 9646
f 9630 9643 9644
f 9642 9641 9654
f 9639 9652 9653
f 9638 9637 9650
f 9635 9648 9649
f 9634 9633 9646
f 9632 9631 9644
f 9641 9640 9653
f 9638 9651 9652
f 9636 9649 9650
f 9635 9634 9647
f 9645 9658 9659
f 9644 9643 9656
f 9654 9667 9668
f 9652 9665 9666
f 9651 9650 9663
f 9648 9661 9662
f 9646 9659 9660
f 9645 9644 9657
f 9653 9666 9667
f 9651 9664 9665
f 9650 9649 9662
f 9648 9647 9660
f 9659 9658 9671
f 9656 9669 9670
f 9668 9667 9680
f 9665 9678 9679
f 9663 9676 9677
f 9661 9674 9675
f 9659 9672 9673
f 9657 9670 9671
f 9666 9679 9680
f 9665 9664 9677
f 9663 9662 9675
f 9661 9660 9673
f 9671 9684 9685
f 9670 9669 9682
f 9680 9693 9694
f 9678 9691 9692
f 9677 9676 9689
f 9675 9674 9687
f 9673 9672 9685
f 9670 9683 9684
f 9680 9679 9692
f 9678 9677 9690
f 9675 9688 9689
f 9673 9686 9687
f 9685 9684 9697
f 9682 9695 9696
f 9694 9693 9706
f 9692 9691 9704
f 9689 9702 9703
f 9687 9700 9701
f 9686 9685 9698
f 9683 9696 9697
f 9693 9692 9705
f 9691 9690 9703
f 9688 9701 9702
f 9687 9686 9699
f 9698 9697 9710
f 9696 9695 9708
f 9706 9719 9720
f 9705 9704 9717
f 9702 9715 9716
f 9700 9713 9714
f 9698 9711 9712
f 9696 9709 9710
f 9705 9718 9719
f 9704 9703 9716
f 9702 9701 9714
f 9700 9699 9712
f 9711 9710 9723
f 9709 9708 9721
f 9719 9732 9733
f 9717 9730 9731
f 9715 9728 9729
f 9714 9713 9726
f 9711 9724 9725
f 9709 9722 9723
f 9718 9731 9732
f 9717 9716 9729
f 9715 9714 9727
f 9712 9725 9726
f 9723 9736 9737
f 9721 9734 9735
f 9733 9732 9745
f 9731 9730 9743
f 9729 9728 9741
f 9726 9739 9740
f 9725 9724 9737
f 9723 9722 9735
f 9732 9731 9744
f 9729 9742 9743
f 9727 9740 9741
f 9726 9725 9738
f 9736 9749 9750
f 9734 9747 9748
f 9746 9745 9758
f 9743 9756 9757
f 9742 9741 9754
f 9739 9752 9753
f 9738 9737 9750
f 9736 9735 9748
f 9745 9744 9757
f 9742 9755 9756
f 9740 9753 9754
f 9739 9738 9751
f 9749 9762 9763
f 9748 9747 9760
f 9758 9771 9772
f 9756 9769 9770
f 9755 9754 9767
f 9752 9765 9766
f 9750 9763 9764
f 9749 9748 9761
f 9757 9770 9771
f 9756 9755 9768
f 9754 9753 9766
f 9752 9751 9764
f 9762 9775 9776
f 9760 9773 9774
f 9772 9771 9784
f 9770 9769 9782
f 9768 9767 9780
f 9765 9778 9779
f 9763 9776 9777
f 9762 9761 9774
f 9770 9783 9784
f 9768 9781 9782
f 9767 9766 9779
f 9764 9777 9778
f 9775 9788 9789
f 9774 9773 9786
f 9784 9797 9798
f 9782 9795 9796
f 9781 9780 9793
f 9779 9778 9791
f 9777 9776 9789
f 9774 9787 9788
f 9784 9783 9796
f 9782 9781 9794
f 9779 9792 9793
f 9777 9790 9791
f 9789 9788 9802
f 9786 9800 9801
f 9798 9797 9811
f 9796 9795 9809
f 9793 9807 9808
f 9792 9791 9805
f 9790 9789 9803
f 9787 9801 9802
f 9797 9796 9810
f 9795 9794 9808
f 9792 9806 9807
f 9790 9804 9805
f 9803 9802 9815
f 9801 9800 9813
f 9811 9824 9825
f 9810 9809 9822
f 9807 9820 9821
f 9806 9805 9818
f 9803 9816 9817
f 9801 9814 9815
f 9810 9823 9824
f 9809 9808 9821
f 9807 9806 9819
f 9804 9817 9818
f 9816 9815 9828
f 9814 9813 9826
f 9825 9824 9837
f 9822 9835 9836
f 9820 9833 9834
f 9819 9818 9831
f 9816 9829 9830
f 9814 9827 9828
f 9824 9823 9836
f 9822 9821 9834
f 9820 9819 9832
f 9817 9830 9831
f 9828 9841 9842
f 9826 9839 9840
f 9837 9850 9851
f 9836 9835 9848
f 9834 9833 9846
f 9831 9844 9845
f 9830 9829 9842
f 9828 9827 9840
f 9836 9849 9850
f 9834 9847 9848
f 9832 9845 9846
f 9831 9830 9843
f 9841 9854 9855
f 9839 9852 9853
f 9851 9850 9863
f 9848 9861 9862
f 9847 9846 9859
f 9845 9844 9857
f 9843 9842 9855
f 9841 9840 9853
f 9850 9849 9862
f 9847 9860 9861
f 9845 9858 9859
f 9843 9856 9857
f 9854 9867 9868
f 9853 9852 9865
f 9863 9876 9877
f 9861 9874 9875
f 9860 9859 9872
f 9858 9857 9870
f 9855 9868 9869
f 9854 9853 9866
f 9862 9875 9876
f 9860 9873 9874
f 9859 9858 9871
f 9856 9869 9870
f 9868 9867 9880
f 9865 9878 9879
f 9877 9876 9889
f 9875 9874 9887
f 9873 9872 9885
f 9870 9883 9884
f 9868 9881 9882
f 9867 9866 9879
f 9875 9888 9889
f 9873 9886 9887
f 9872 9871 9884
f 9870 9869 9882
f 9880 9893 9894
f 9878 9891 9892
f 9889 9902 9903
f 9887 9900 9901
f 9886 9885 9898
f 9884 9883 9896
f 9882 9881 9894
f 9879 9892 9893
f 9889 9888 9901
f 9887 9886 9899
f 9884 9897 9898
f 9882 9895 9896
f 9894 9893 9906
f 9891 9904 9905
f 9903 9902 9915
f 9901 9900 9913
f 9898 9911 9912
f 9896 9909 9910
f 9895 9894 9907
f 9892 9905 9906
f 9902 9901 9914
f 9899 9912 9913
f 9897 9910 9911
f 9896 9895 9908
f 9907 9906 9919
f 9905 9904 9917
f 9915 9928 9929
f 9914 9913 9926
f 9911 9924 9925
f 9909 9922 9923
f 9907 9920 9921
f 9905 9918 9919
f 9914 9927 9928
f 9913 9912 9925
f 9911 9910 9923
f 9909 9908 9921
f 9920 9919 9515
f 9918 9917 9513
f 9929 9928 9524
f 9926 9522 9523
f 9924 9520 9521
f 9923 9922 9518
f 9920 9516 9517
f 9918 9514 9515
f 9928 9927 9523
f 9926 9925 9521
f 9924 9923 9519
f 9921 9517 9518
f 9387 9513 9917
f 9917 9904 9508
f 9904 9891 9503
f 9891 9878 9499
f 9499 9878 9865
f 9495 9865 9852
f 9491 9852 9839
f 9839 9826 9483
f 9483 9826 9813
f 9813 9800 9475
f 9800 9786 9471
f 9786 9773 9467
f 9467 9773 9760
f 9463 9760 9747
f 9459 9747 9734
f 9734 9721 9451
f 9451 9721 9708
f 9708 9695 9443
f 9695 9682 9439
f 9682 9669 9435
f 9435 9669 9656
f 9431 9656 9643
f 9427 9643 9630
f 9630 9617 9419
f 9419 9617 9604
f 9604 9591 9411
f 9591 9578 9407
f 9578 9565 9403
f 9403 9565 9552
f 9399 9552 9539
f 9395 9539 9526
f 9526 9513 9387
f 9932 9931 9935
f 9932 9936 9937
f 9931 9930 9934
f 9936 9940 9941
f 9934 9938 9939
f 9935 9939 9940
f 9940 9944 9945
f 9939 9938 9942
f 9940 9939 9943
f 9945 9944 9948
f 9942 9946 9947
f 9943 9947 9948
f 9948 9952 9953
f 9947 9946 9950
f 9948 9947 9951
f 9953 9952 9956
f 9950 9954 9955
f 9951 9955 9956
f 9957 9956 9960
f 9955 9954 9958
f 9956 9955 9959
f 9961 9960 9964
f 9958 9962 9963
f 9959 9963 9964
f 9965 9964 9968
f 9963 9962 9966
f 9964 9963 9967
f 9968 9972 9973
f 9966 9970 9971
f 9967 9971 9972
f 9972 9976 9977
f 9970 9974 9975
f 9972 9971 9975
f 9977 9976 9980
f 9974 9978 9979
f 9975 9979 9980
f 9980 9984 9985
f 9979 9978 9982
f 9980 9979 9983
f 9985 9984 9988
f 9982 9986 9987
f 9983 9987 9988
f 9989 9988 9992
f 9986 9990 9991
f 9988 9987 9991
f 9993 9992 9996
f 9991 9990 9994
f 9991 9995 9996
f 9996 10000 10001
f 9994 9998 9999
f 9996 9995 9999
f 10000 10004 10005
f 9999 9998 10002
f 9999 10003 10004
f 10004 10008 10009
f 10003 10002 10006
f 10004 10003 10007
f 10009 10008 10012
f 10006 10010 10011
f 10007 10011 10012
f 10012 10016 10017
f 10011 10010 10014
f 10012 10011 10015
f 10017 10016 10020
f 10014 10018 10019
f 10015 10019 10020
f 10021 10020 10024
f 10019 10018 10022
f 10020 10019 10023
f 10024 10028 10029
f 10022 10026 10027
f 10023 10027 10028
f 10028 10032 10033
f 10027 10026 10030
f 10028 10027 10031
f 10032 10036 10037
f 10030 10034 10035
f 10031 10035 10036
f 10036 10040 10041
f 10035 10034 10038
f 10036 10035 10039
f 10041 10040 10044
f 10038 10042 10043
f 10039 10043 10044
f 10044 10048 10049
f 10043 10042 10046
f 10044 10043 10047
f 10049 10048 10053
f 10046 10051 10052
f 10047 10052 10053
f 10054 10053 10057
f 10052 10051 10055
f 10053 10052 10056
f 10058 10057 9932
f 10055 9930 9931
f 10056 9931 9932
f 10067 10066 10079
f 10064 10077 10078
f 10063 10062 10075
f 10061 10060 10073
f 10070 10069 10082
f 10067 10080 10081
f 10065 10078 10079
f 10064 10063 10076
f 10061 10074 10075
f 10059 10072 10073
f 10071 10070 10083
f 10069 10068 10081
f 10074 10087 10088
f 10072 10085 10086
f 10084 10083 10096
f 10081 10094 10095
f 10080 10079 10092
f 10078 10077 10090
f 10076 10075 10088
f 10074 10073 10086
f 10083 10082 10095
f 10080 10093 10094
f 10078 10091 10092
f 10076 10089 10090
f 10087 10100 10101
f 10086 10085 10098
f 10096 10109 10110
f 10094 10107 10108
f 10093 10092 10105
f 10091 10090 10103
f 10088 10101 10102
f 10087 10086 10099
f 10095 10108 10109
f 10094 10093 10106
f 10092 10091 10104
f 10089 10102 10103
f 10100 10113 10114
f 10098 10111 10112
f 10110 10109 10122
f 10108 10107 10120
f 10105 10118 10119
f 10103 10116 10117
f 10101 10114 10115
f 10100 10099 10112
f 10108 10121 10122
f 10106 10119 10120
f 10105 10104 10117
f 10103 10102 10115
f 10113 10126 10127
f 10112 10111 10124
f 10122 10135 10136
f 10120 10133 10134
f 10119 10118 10131
f 10117 10116 10129
f 10115 10114 10127
f 10113 10112 10125
f 10122 10121 10134
f 10119 10132 10133
f 10117 10130 10131
f 10115 10128 10129
f 10127 10126 10139
f 10124 10137 10138
f 10136 10135 10148
f 10134 10133 10146
f 10131 10144 10145
f 10130 10129 10142
f 10128 10127 10140
f 10125 10138 10139
f 10135 10134 10147
f 10133 10132 10145
f 10130 10143 10144
f 10128 10141 10142
f 10140 10139 10152
f 10138 10137 10150
f 10148 10161 10162
f 10147 10146 10159
f 10144 10157 10158
f 10143 10142 10155
f 10140 10153 10154
f 10138 10151 10152
f 10147 10160 10161
f 10146 10145 10158
f 10144 10143 10156
f 10141 10154 10155
f 10153 10152 10165
f 10151 10150 10163
f 10162 10161 10174
f 10159 10172 10173
f 10157 10170 10171
f 10156 10155 10168
f 10153 10166 10167
f 10151 10164 10165
f 10161 10160 10173
f 10159 10158 10171
f 10157 10156 10169
f 10154 10167 10168
f 10165 10178 10179
f 10163 10176 10177
f 10175 10174 10187
f 10173 10172 10185
f 10171 10170 10183
f 10168 10181 10182
f 10167 10166 10179
f 10165 10164 10177
f 10173 10186 10187
f 10171 10184 10185
f 10169 10182 10183
f 10168 10167 10180
f 10178 10191 10192
f 10176 10189 10190
f 10188 10187 10200
f 10185 10198 10199
f 10184 10183 10196
f 10182 10181 10194
f 10180 10179 10192
f 10178 10177 10190
f 10187 10186 10199
f 10184 10197 10198
f 10182 10195 10196
f 10180 10193 10194
f 10191 10204 10205
f 10190 10189 10202
f 10200 10213 10214
f 10198 10211 10212
f 10197 10196 10209
f 10195 10194 10207
f 10192 10205 10206
f 10191 10190 10203
f 10199 10212 10213
f 10197 10210 10211
f 10196 10195 10208
f 10193 10206 10207
f 10205 10204 10217
f 10202 10215 10216
f 10214 10213 10226
f 10211 10224 10225
f 10210 10209 10222
f 10207 10220 10221
f 10205 10218 10219
f 10204 10203 10216
f 10212 10225 10226
f 10210 10223 10224
f 10209 10208 10221
f 10207 10206 10219
f 10217 10230 10231
f 10216 10215 10228
f 10226 10239 10240
f 10224 10237 10238
f 10223 10222 10235
f 10221 10220 10233
f 10219 10218 10231
f 10217 10216 10229
f 10226 10225 10238
f 10223 10236 10237
f 10221 10234 10235
f 10219 10232 10233
f 10231 10230 10243
f 10228 10241 10242
f 10240 10239 10252
f 10238 10237 10250
f 10235 10248 10249
f 10234 10233 10246
f 10232 10231 10244
f 10229 10242 10243
f 10239 10238 10251
f 10237 10236 10249
f 10234 10247 10248
f 10232 10245 10246
f 10244 10243 10256
f 10242 10241 10254
f 10252 10265 10266
f 10251 10250 10263
f 10248 10261 10262
f 10247 10246 10259
f 10244 10257 10258
f 10242 10255 10256
f 10251 10264 10265
f 10250 10249 10262
f 10248 10247 10260
f 10245 10258 10259
f 10257 10256 10269
f 10255 10254 10267
f 10266 10265 10278
f 10263 10276 10277
f 10261 10274 10275
f 10260 10259 10272
f 10257 10270 10271
f 10255 10268 10269
f 10265 10264 10277
f 10263 10262 10275
f 10261 10260 10273
f 10258 10271 10272
f 10269 10282 10283
f 10267 10280 10281
f 10278 10291 10292
f 10277 10276 10289
f 10275 10274 10287
f 10272 10285 10286
f 10271 10270 10283
f 10269 10268 10281
f 10277 10290 10291
f 10275 10288 10289
f 10273 10286 10287
f 10272 10271 10284
f 10282 10295 10296
f 10280 10293 10294
f 10292 10291 10304
f 10289 10302 10303
f 10288 10287 10300
f 10286 10285 10298
f 10284 10283 10296
f 10282 10281 10294
f 10291 10290 10303
f 10288 10301 10302
f 10286 10299 10300
f 10284 10297 10298
f 10295 10308 10309
f 10294 10293 10306
f 10304 10317 10318
f 10302 10315 10316
f 10301 10300 10313
f 10299 10298 10311
f 10296 10309 10310
f 10295 10294 10307
f 10303 10316 10317
f 10301 10314 10315
f 10300 10299 10312
f 10297 10310 10311
f 10309 10308 10321
f 10307 10306 10319
f 10318 10317 10330
f 10316 10315 10328
f 10314 10313 10326
f 10311 10324 10325
f 10309 10322 10323
f 10308 10307 10320
f 10316 10329 10330
f 10314 10327 10328
f 10313 10312 10325
f 10311 10310 10323
f 10321 10334 10335
f 10320 10319 10332
f 10330 10343 10344
f 10329 10328 10341
f 10326 10339 10340
f 10325 10324 10337
f 10323 10322 10335
f 10320 10333 10334
f 10330 10329 10342
f 10328 10327 10340
f 10325 10338 10339
f 10323 10336 10337
f 10335 10334 10348
f 10332 10346 10347
f 10344 10343 10357
f 10342 10341 10355
f 10339 10353 10354
f 10337 10351 10352
f 10336 10335 10349
f 10333 10347 10348
f 10343 10342 10356
f 10341 10340 10354
f 10338 10352 10353
f 10337 10336 10350
f 10349 10348 10361
f 10347 10346 10359
f 10357 10370 10371
f 10356 10355 10368
f 10353 10366 10367
f 10351 10364 10365
f 10349 10362 10363
f 10347 10360 10361
f 10356 10369 10370
f 10355 10354 10367
f 10353 10352 10365
f 10351 10350 10363
f 10362 10361 10374
f 10360 10359 10372
f 10371 10370 10383
f 10368 10381 10382
f 10366 10379 10380
f 10365 10364 10377
f 10362 10375 10376
f 10360 10373 10374
f 10370 10369 10382
f 10368 10367 10380
f 10366 10365 10378
f 10363 10376 10377
f 10374 10387 10388
f 10372 10385 10386
f 10383 10396 10397
f 10382 10381 10394
f 10380 10379 10392
f 10377 10390 10391
f 10376 10375 10388
f 10374 10373 10386
f 10382 10395 10396
f 10380 10393 10394
f 10378 10391 10392
f 10377 10376 10389
f 10387 10400 10401
f 10385 10398 10399
f 10397 10396 10409
f 10394 10407 10408
f 10393 10392 10405
f 10390 10403 10404
f 10389 10388 10401
f 10387 10386 10399
f 10396 10395 10408
f 10393 10406 10407
f 10391 10404 10405
f 10390 10389 10402
f 10400 10413 10414
f 10399 10398 10411
f 10409 10422 10423
f 10407 10420 10421
f 10406 10405 10418
f 10403 10416 10417
f 10401 10414 10415
f 10400 10399 10412
f 10408 10421 10422
f 10406 10419 10420
f 10405 10404 10417
f 10403 10402 10415
f 10414 10413 10426
f 10411 10424 10425
f 10423 10422 10435
f 10420 10433 10434
f 10418 10431 10432
f 10416 10429 10430
f 10414 10427 10428
f 10412 10425 10426
f 10421 10434 10435
f 10419 10432 10433
f 10418 10417 10430
f 10416 10415 10428
f 10427 10426 10439
f 10425 10424 10437
f 10435 10448 10449
f 10433 10446 10447
f 10431 10444 10445
f 10430 10429 10442
f 10428 10427 10440
f 10425 10438 10439
f 10435 10434 10447
f 10433 10432 10445
f 10430 10443 10444
f 10428 10441 10442
f 10440 10439 10452
f 10437 10450 10451
f 10449 10448 10461
f 10447 10446 10459
f 10444 10457 10458
f 10443 10442 10455
f 10441 10440 10453
f 10438 10451 10452
f 10448 10447 10460
f 10446 10445 10458
f 10443 10456 10457
f 10441 10454 10455
f 10453 10452 10465
f 10451 10450 10463
f 10461 10474 10475
f 10460 10459 10472
f 10457 10470 10471
f 10456 10455 10468
f 10453 10466 10467
f 10451 10464 10465
f 10460 10473 10474
f 10459 10458 10471
f 10457 10456 10469
f 10454 10467 10468
f 10466 10465 10061
f 10464 10463 10059
f 10474 10070 10071
f 10472 10068 10069
f 10470 10066 10067
f 10469 10468 10064
f 10466 10062 10063
f 10464 10060 10061
f 10473 10069 10070
f 10472 10471 10067
f 10470 10469 10065
f 10467 10063 10064
f 9933 10059 10463
f 10463 10450 10054
f 10450 10437 10049
f 10437 10424 10045
f 10045 10424 10411
f 10041 10411 10398
f 10037 10398 10385
f 10385 10372 10029
f 10029 10372 10359
f 10359 10346 10021
f 10346 10332 10017
f 10332 10319 10013
f 10013 10319 10306
f 10009 10306 10293
f 10005 10293 10280
f 10280 10267 9997
f 9997 10267 10254
f 10254 10241 9989
f 10241 10228 9985
f 10228 10215 9981
f 9981 10215 10202
f 9977 10202 10189
f 9973 10189 10176
f 10176 10163 9965
f 9965 10163 10150
f 10150 10137 9957
f 10137 10124 9953
f 10124 10111 9949
f 9949 10111 10098
f 9945 10098 10085
f 9941 10085 10072
f 10072 10059 9933

